Date,Ticker,Name,Remarks,Previous,Open,High,Low,Close,Change,Volume,Value,Frequency,IndexIndividual,Offer,OfferVolume,Bid,BidVolume,ListedShares,TradebleShares,WeightForIndex,ForeignSell,ForeignBuy,NonRegularVolume,NonRegularValue,NonRegularFrequency
2026-04-09,AIMS,Artha Mahiya Investama Tbk.,--UO2130000000A121---L--------,428.0,428.0,464.0,414.0,436.0,8.0,2997300,1314357600,1154,348.8,436,2800,432,2000,220000000,220000000,71786000,0,0,0,0,0
2026-04-08,AIMS,Artha Mahiya Investama Tbk.,--UO2130000000A121---L--------,406.0,406.0,430.0,402.0,428.0,22.0,2751900,1142227000,940,342.4,428,34400,426,26000,220000000,220000000,71786000,0,0,0,0,0
2026-04-07,AIMS,Artha Mahiya Investama Tbk.,--UO2130000000A121---L--------,406.0,418.0,426.0,394.0,406.0,0.0,1698700,694067800,502,324.8,406,800,404,8300,220000000,220000000,71786000,0,0,0,0,0
2026-04-06,AIMS,Artha Mahiya Investama Tbk.,--UO2130000000A121---L--------,428.0,428.0,432.0,390.0,406.0,-22.0,1675400,687391000,546,324.8,420,46500,406,197400,220000000,220000000,71786000,0,0,0,0,0
2026-04-02,AIMS,Artha Mahiya Investama Tbk.,--UO2130000000A121---L--------,456.0,458.0,480.0,422.0,428.0,-28.0,1760700,799468000,883,342.4,428,10800,426,14600,220000000,220000000,71786000,0,0,0,0,0
2026-04-01,AIMS,Artha Mahiya Investama Tbk.,--UO2130000000A121------------,464.0,464.0,486.0,456.0,456.0,-8.0,1614800,761466000,705,364.8,456,57200,454,14500,220000000,220000000,71786000,0,0,0,0,0
2026-03-31,AIMS,Artha Mahiya Investama Tbk.,--UO2130000000A121------------,492.0,494.0,515.0,446.0,464.0,-28.0,1832600,880430600,942,371.2,464,3000,462,1300,220000000,220000000,71786000,0,0,0,0,0
2026-03-30,AIMS,Artha Mahiya Investama Tbk.,--UO2130000000A121------------,452.0,460.0,545.0,456.0,492.0,40.0,5065100,2474457600,2474,393.6,494,5900,492,10000,220000000,220000000,71786000,2000,2000,0,0,0
2026-03-27,AIMS,Artha Mahiya Investama Tbk.,--UO2130000000A121------------,422.0,0.0,525.0,416.0,452.0,30.0,6275900,3080524700,2278,361.6,452,67700,450,6500,220000000,220000000,71786000,1400,5000,0,0,0
2026-03-26,AIMS,Artha Mahiya Investama Tbk.,--UO2130000000A121------------,422.0,422.0,424.0,408.0,422.0,0.0,1504500,627788400,650,337.6,420,13200,416,200,220000000,220000000,71786000,6600,0,0,0,0
2026-03-25,AIMS,Artha Mahiya Investama Tbk.,--UO2130000000A121------------,400.0,394.0,436.0,392.0,422.0,22.0,2531500,1050798400,1039,337.6,420,2500,412,200,220000000,220000000,71786000,43400,0,0,0,0
2026-03-17,AIMS,Artha Mahiya Investama Tbk.,--UO2130000000A121------------,392.0,394.0,418.0,386.0,400.0,8.0,1077800,433508800,508,320.0,404,300,400,200,220000000,220000000,71786000,4200,0,0,0,0
2026-03-16,AIMS,Artha Mahiya Investama Tbk.,--UO2130000000A121------------,414.0,408.0,408.0,376.0,392.0,-22.0,1756600,683227000,448,313.6,396,31700,390,12200,220000000,220000000,71786000,23500,0,0,0,0
2026-03-13,AIMS,Artha Mahiya Investama Tbk.,--UO2130000000A121------------,422.0,420.0,420.0,404.0,414.0,-8.0,644600,266422200,321,331.2,414,8000,410,2000,220000000,220000000,71786000,1400,0,0,0,0
2026-03-12,AIMS,Artha Mahiya Investama Tbk.,--UO2130000000A121------------,430.0,430.0,434.0,410.0,422.0,-8.0,580000,248709000,236,337.6,428,1000,420,500,220000000,220000000,71786000,2200,1900,0,0,0
2026-03-11,AIMS,Artha Mahiya Investama Tbk.,--UO2130000000A121------------,426.0,422.0,450.0,420.0,430.0,4.0,1963600,856193600,820,344.0,430,91200,424,12500,220000000,220000000,71786000,6000,40500,0,0,0
2026-03-10,AIMS,Artha Mahiya Investama Tbk.,--UO2130000000A121------------,418.0,418.0,432.0,418.0,426.0,8.0,348000,149270600,220,340.8,426,10000,424,23700,220000000,220000000,71786000,12800,1800,0,0,0
2026-03-09,AIMS,Artha Mahiya Investama Tbk.,--UO2130000000A121------------,450.0,450.0,450.0,410.0,418.0,-32.0,614000,259199600,339,334.4,424,100,418,5800,220000000,220000000,71786000,26000,14100,0,0,0
2026-03-06,AIMS,Artha Mahiya Investama Tbk.,--UO2130000000A121------------,460.0,492.0,492.0,432.0,450.0,-10.0,748000,335668000,362,360.0,458,5000,448,700,220000000,220000000,71786000,30600,6400,0,0,0
2026-03-05,AIMS,Artha Mahiya Investama Tbk.,--UO2130000000A121------------,422.0,420.0,490.0,402.0,460.0,38.0,2753200,1267976600,962,368.0,460,10700,458,1600,220000000,220000000,71786000,411500,171600,0,0,0
2026-03-04,AIMS,Artha Mahiya Investama Tbk.,--UO2130000000A121------------,460.0,462.0,478.0,420.0,422.0,-38.0,1195900,521907800,552,337.6,430,11800,422,1600,220000000,220000000,71786000,75100,11900,0,0,0
2026-03-03,AIMS,Artha Mahiya Investama Tbk.,--UO2130000000A121------------,422.0,422.0,490.0,422.0,460.0,38.0,3847800,1738092800,1393,368.0,460,20300,458,300,220000000,220000000,71786000,191300,266700,0,0,0
2026-03-02,AIMS,Artha Mahiya Investama Tbk.,--UO2130000000A121------------,446.0,408.0,446.0,390.0,422.0,-24.0,2420300,1039976400,669,337.6,422,23300,418,10800,220000000,220000000,71786000,359800,147800,0,0,0
2026-02-27,AIMS,Artha Mahiya Investama Tbk.,--UO2130000000A121------------,462.0,460.0,462.0,420.0,446.0,-16.0,1275000,559263000,350,356.8,446,9400,444,1700,220000000,220000000,71786000,36800,98600,0,0,0
2026-02-26,AIMS,Artha Mahiya Investama Tbk.,--UO2130000000A121------------,480.0,482.0,520.0,440.0,462.0,-18.0,3791000,1815250000,1875,369.6,462,2500,460,51000,220000000,220000000,71786000,21900,292200,0,0,0
2026-02-25,AIMS,Artha Mahiya Investama Tbk.,--UO2130000000A121------------,530.0,630.0,660.0,454.0,480.0,-50.0,19746200,10715838800,6569,384.0,480,115400,478,200,220000000,220000000,71786000,787800,741100,0,0,0
2026-02-24,AIMS,Artha Mahiya Investama Tbk.,--UO2130000000A121------------,424.0,424.0,530.0,424.0,530.0,106.0,4952300,2559808000,1303,424.0,0,0,530,3994600,220000000,220000000,71786000,83000,46900,0,0,0
2026-02-23,AIMS,Artha Mahiya Investama Tbk.,--UO2130000000A121------------,436.0,432.0,438.0,416.0,424.0,-12.0,1757700,750767400,708,339.2,426,11300,424,5300,220000000,220000000,71786000,25600,75500,0,0,0
2026-02-20,AIMS,Artha Mahiya Investama Tbk.,--UO2130000000A121------------,434.0,0.0,450.0,424.0,436.0,2.0,662900,287480400,318,348.8,434,1300,426,4500,220000000,220000000,71786000,53500,26600,0,0,0
2026-02-19,AIMS,Artha Mahiya Investama Tbk.,--UO2130000000A121------------,432.0,438.0,442.0,426.0,434.0,2.0,994900,432652000,472,347.2,436,71700,430,100,220000000,220000000,71786000,4900,14500,0,0,0
2026-02-18,AIMS,Artha Mahiya Investama Tbk.,--UO2130000000A121------------,434.0,434.0,448.0,420.0,432.0,-2.0,1089300,474300200,557,345.6,432,3000,430,300,220000000,220000000,71786000,30600,33000,0,0,0
2026-02-13,AIMS,Artha Mahiya Investama Tbk.,--UO2130000000A121------------,426.0,426.0,520.0,416.0,434.0,8.0,6381700,2930197400,2610,347.2,440,500,434,10900,220000000,220000000,71786000,140500,121600,0,0,0
2026-02-12,AIMS,Artha Mahiya Investama Tbk.,--UO2130000000A121------------,418.0,420.0,438.0,404.0,426.0,8.0,743400,310527000,455,340.8,426,20500,424,5900,220000000,220000000,71786000,20300,27800,0,0,0
2026-02-11,AIMS,Artha Mahiya Investama Tbk.,--UO2130000000A121------------,408.0,410.0,460.0,400.0,418.0,10.0,979600,407156000,616,334.4,418,4700,414,200,220000000,220000000,71786000,34100,89400,0,0,0
2026-02-10,AIMS,Artha Mahiya Investama Tbk.,--UO2130000000A121------------,384.0,384.0,438.0,384.0,408.0,24.0,2622700,1085419600,1145,326.4,408,11600,402,10100,220000000,220000000,71786000,6100,2600,0,0,0
2026-02-09,AIMS,Artha Mahiya Investama Tbk.,--UO2130000000A121------------,390.0,380.0,396.0,368.0,384.0,-6.0,360500,138159000,270,307.2,384,4700,382,6600,220000000,220000000,71786000,1500,800,0,0,0
2026-02-06,AIMS,Artha Mahiya Investama Tbk.,--UO2130000000A121------------,396.0,402.0,416.0,366.0,390.0,-6.0,309200,119275800,242,312.0,390,15400,388,100,220000000,220000000,71786000,4400,3400,0,0,0
2026-02-05,AIMS,Artha Mahiya Investama Tbk.,--UO2130000000A121------------,440.0,438.0,440.0,392.0,396.0,-44.0,999500,414333400,653,316.8,400,1500,394,15300,220000000,220000000,71786000,5100,15400,0,0,0
2026-02-04,AIMS,Artha Mahiya Investama Tbk.,--UO2130000000A121------------,438.0,434.0,480.0,386.0,440.0,2.0,1836500,812465000,1013,352.0,440,30600,428,77800,220000000,220000000,71786000,5700,191600,0,0,0
2026-02-03,AIMS,Artha Mahiya Investama Tbk.,--UO2130000000A121------------,374.0,368.0,466.0,338.0,438.0,64.0,2834600,1154663000,1458,350.4,438,26700,436,1500,220000000,220000000,71786000,2600,6300,0,0,0
2026-02-02,AIMS,Artha Mahiya Investama Tbk.,--UO2130000000A121------------,438.0,400.0,402.0,374.0,374.0,-64.0,3143600,1199516800,1007,299.2,376,500,374,10400,220000000,220000000,71786000,315800,0,0,0,0
2026-01-30,AIMS,Artha Mahiya Investama Tbk.,--UO2130000000A121------------,510.0,452.0,494.0,434.0,438.0,-72.0,29418900,13260122400,5189,350.4,440,5300,438,200800,220000000,220000000,71786000,649000,360900,0,0,0
2026-01-29,AIMS,Artha Mahiya Investama Tbk.,--UO2130000000A121------------,595.0,510.0,510.0,510.0,510.0,-85.0,1074900,548199000,211,408.0,510,5097500,0,0,220000000,220000000,71786000,354900,100,0,0,0
2026-01-28,AIMS,Artha Mahiya Investama Tbk.,--UO2130000000A121------------,700.0,595.0,595.0,595.0,595.0,-105.0,732000,435540000,251,476.0,595,5599200,0,0,220000000,220000000,71786000,51500,0,0,0,0
2026-01-27,AIMS,Artha Mahiya Investama Tbk.,--UO2130000000A121------------,820.0,820.0,820.0,700.0,700.0,-120.0,3844900,2738242500,1297,560.0,700,1459700,0,0,220000000,220000000,71786000,37600,23400,0,0,0
2026-01-26,AIMS,Artha Mahiya Investama Tbk.,--UO2130000000A121------------,815.0,950.0,1015.0,775.0,820.0,5.0,14543500,13533073000,6151,656.0,820,8200,815,13900,220000000,220000000,71786000,52300,556300,0,0,0
2026-01-23,AIMS,Artha Mahiya Investama Tbk.,--UO2130000000A121------------,815.0,0.0,0.0,0.0,815.0,0.0,0,0,0,652.0,0,0,0,0,220000000,220000000,71786000,0,0,0,0,0
2026-01-22,AIMS,Artha Mahiya Investama Tbk.,--UO2130000000A121------------,655.0,585.0,815.0,570.0,815.0,160.0,7245900,5345250500,1767,652.0,0,0,815,1764700,220000000,220000000,71786000,0,0,0,0,0
2026-01-21,AIMS,Artha Mahiya Investama Tbk.,--UO2130000000A121------------,525.0,630.0,655.0,560.0,655.0,130.0,8562000,5505400000,1966,524.0,0,0,655,377100,220000000,220000000,71786000,2000,46500,0,0,0
2026-01-20,AIMS,Artha Mahiya Investama Tbk.,--UO2130000000A121------------,420.0,420.0,525.0,416.0,525.0,105.0,6579000,3316644400,1655,420.0,0,0,525,1225600,220000000,220000000,71786000,200000,1000,0,0,0
2026-01-19,AIMS,Artha Mahiya Investama Tbk.,--UO2130000000A121------------,426.0,426.0,426.0,416.0,420.0,-6.0,773600,326367200,199,336.0,424,2300,420,12700,220000000,220000000,71786000,310000,403100,0,0,0
2026-01-15,AIMS,Artha Mahiya Investama Tbk.,--UO2130000000A121------------,410.0,410.0,426.0,400.0,426.0,16.0,1864900,768916600,612,340.8,426,76200,424,800,220000000,220000000,71786000,0,394900,0,0,0
2026-01-14,AIMS,Artha Mahiya Investama Tbk.,--UO2130000000A121------------,406.0,406.0,420.0,396.0,410.0,4.0,1596700,654131800,572,328.0,410,7900,408,300,220000000,220000000,71786000,0,72000,0,0,0
2026-01-13,AIMS,Artha Mahiya Investama Tbk.,--UO2130000000A121------------,398.0,398.0,408.0,394.0,406.0,8.0,1790200,721135000,889,324.8,406,8300,404,3000,220000000,220000000,71786000,0,46500,0,0,0
2026-01-12,AIMS,Artha Mahiya Investama Tbk.,--UO2130000000A121------------,412.0,414.0,414.0,392.0,398.0,-14.0,1178100,472823200,450,318.4,398,14500,396,15400,220000000,220000000,71786000,0,123000,0,0,0
2026-01-09,AIMS,Artha Mahiya Investama Tbk.,--UO2130000000A121------------,396.0,398.0,420.0,390.0,412.0,16.0,1121800,453217600,466,329.6,412,5400,404,500,220000000,220000000,71786000,0,110000,0,0,0
2026-01-08,AIMS,Artha Mahiya Investama Tbk.,--UO2130000000A121------------,392.0,394.0,450.0,386.0,396.0,4.0,2446200,1011703400,1121,316.8,404,1200,396,13600,220000000,220000000,71786000,0,0,0,0,0
2026-01-07,AIMS,Artha Mahiya Investama Tbk.,--UO2130000000A121------------,382.0,384.0,396.0,380.0,392.0,10.0,763400,297234800,311,313.6,392,3900,388,2600,220000000,220000000,71786000,0,0,0,0,0
2026-01-06,AIMS,Artha Mahiya Investama Tbk.,--UO2130000000A121------------,386.0,386.0,390.0,380.0,382.0,-4.0,628500,241837600,311,305.6,388,200,382,46700,220000000,220000000,71786000,0,0,0,0,0
2026-01-05,AIMS,Artha Mahiya Investama Tbk.,--UO2130000000A121------------,384.0,386.0,390.0,372.0,386.0,2.0,965400,372296200,449,308.8,388,1800,382,8300,220000000,220000000,71786000,0,0,0,0,0
2026-01-02,AIMS,Artha Mahiya Investama Tbk.,--UO2130000000A121------------,380.0,380.0,388.0,380.0,384.0,4.0,941200,361624800,538,307.2,384,33600,382,5100,220000000,220000000,71786000,0,0,0,0,0
2025-12-30,AIMS,Artha Mahiya Investama Tbk.,--UO2130000000A121------------,392.0,0.0,402.0,380.0,380.0,-12.0,1134700,442429400,392,304.0,380,56700,378,13900,220000000,220000000,71786000,0,0,100,39600,1
2025-12-29,AIMS,Artha Mahiya Investama Tbk.,--UO2130000000A121------------,390.0,382.0,396.0,382.0,392.0,2.0,1156000,452335200,557,313.6,390,8500,388,17100,220000000,220000000,71786000,0,0,0,0,0
2025-12-24,AIMS,Artha Mahiya Investama Tbk.,--UO2130000000A121------------,400.0,0.0,406.0,388.0,390.0,-10.0,535100,215010600,243,312.0,394,2300,390,3800,220000000,220000000,71786000,0,0,0,0,0
2025-12-23,AIMS,Artha Mahiya Investama Tbk.,--UO2130000000A121------------,384.0,384.0,408.0,380.0,400.0,16.0,2426900,951422000,818,320.0,400,4200,394,400,220000000,220000000,71786000,0,0,0,0,0
2025-12-22,AIMS,Artha Mahiya Investama Tbk.,--UO2130000000A121------------,388.0,386.0,398.0,380.0,384.0,-4.0,1368600,533589200,766,307.2,384,10600,380,98900,220000000,220000000,71786000,0,14300,0,0,0
2025-12-19,AIMS,Artha Mahiya Investama Tbk.,--UO2130000000A121------------,402.0,402.0,402.0,380.0,388.0,-14.0,2201800,849298600,314,310.4,394,9900,388,6300,220000000,220000000,71786000,0,289800,0,0,0
2025-12-18,AIMS,Artha Mahiya Investama Tbk.,--UO2130000000A121------------,398.0,398.0,406.0,392.0,402.0,4.0,533700,213338800,269,321.6,402,41300,400,100,220000000,220000000,71786000,0,0,0,0,0
2025-12-17,AIMS,Artha Mahiya Investama Tbk.,--UO2130000000A121------------,400.0,0.0,410.0,390.0,398.0,-2.0,130500,51899000,88,318.4,400,66400,398,11600,220000000,220000000,71786000,0,0,0,0,0
2025-12-16,AIMS,Artha Mahiya Investama Tbk.,--UO2130000000A121------------,398.0,398.0,410.0,390.0,400.0,2.0,735500,291914000,143,320.0,400,8500,392,15300,220000000,220000000,71786000,0,200000,0,0,0
2025-12-15,AIMS,Artha Mahiya Investama Tbk.,--UO2130000000A121------------,436.0,438.0,438.0,396.0,398.0,-38.0,1533300,621836800,408,318.4,400,240200,396,10900,220000000,220000000,71786000,0,0,0,0,0
2025-12-12,AIMS,Artha Mahiya Investama Tbk.,--UO2130000000A121------------,430.0,432.0,460.0,420.0,436.0,6.0,2216500,977573400,620,348.8,436,31800,434,3400,220000000,220000000,71786000,200000,0,0,0,0
2025-12-11,AIMS,Artha Mahiya Investama Tbk.,--UO2130000000A121------------,430.0,0.0,436.0,422.0,430.0,0.0,1843900,793346200,554,344.0,436,36100,430,16900,220000000,220000000,71786000,600000,0,0,0,0
2025-12-10,AIMS,Artha Mahiya Investama Tbk.,--UO2130000000A121------------,430.0,434.0,436.0,400.0,430.0,0.0,1248100,532307600,533,344.0,430,591400,422,1600,220000000,220000000,71786000,10900,0,0,0,0
2025-12-09,AIMS,Artha Mahiya Investama Tbk.,--UO2130000000A121------------,410.0,416.0,478.0,390.0,430.0,20.0,2286300,986292800,1135,344.0,430,53800,428,6900,220000000,220000000,71786000,0,0,0,0,0
2025-12-08,AIMS,Artha Mahiya Investama Tbk.,--UO2130000000A121------------,428.0,428.0,434.0,380.0,410.0,-18.0,1588800,638355400,399,328.0,410,473100,404,100,220000000,220000000,71786000,0,0,0,0,0
2025-12-05,AIMS,Artha Mahiya Investama Tbk.,--UO2130000000A121------------,438.0,438.0,444.0,426.0,428.0,-10.0,532000,233378200,207,342.4,428,107800,426,300,220000000,220000000,71786000,35000,0,0,0,0
2025-12-04,AIMS,Artha Mahiya Investama Tbk.,--UO2130000000A121------------,430.0,440.0,446.0,432.0,438.0,8.0,977200,430064000,422,350.4,438,14400,436,11000,220000000,220000000,71786000,500,0,0,0,0
2025-12-03,AIMS,Artha Mahiya Investama Tbk.,--UO2130000000A121------------,430.0,430.0,462.0,420.0,430.0,0.0,888900,391454200,506,344.0,438,1200,430,22100,220000000,220000000,71786000,0,0,0,0,0
2025-12-02,AIMS,Artha Mahiya Investama Tbk.,--UO2130000000A121------------,410.0,410.0,490.0,410.0,430.0,20.0,3534300,1563730000,1565,344.0,430,8000,424,1400,220000000,220000000,71786000,60000,0,0,0,0
2025-12-01,AIMS,Artha Mahiya Investama Tbk.,--UO2130000000A121------------,384.0,388.0,420.0,384.0,410.0,26.0,2396000,956633600,1023,328.0,410,105200,406,8300,220000000,220000000,71786000,0,0,0,0,0
2025-11-28,AIMS,Artha Mahiya Investama Tbk.,--UO2130000000A121------------,376.0,372.0,390.0,372.0,384.0,8.0,257300,98828000,141,307.2,388,800,384,6000,220000000,220000000,71786000,0,0,0,0,0
2025-11-27,AIMS,Artha Mahiya Investama Tbk.,--UO2130000000A121------------,380.0,380.0,380.0,370.0,376.0,-4.0,302000,113731600,161,300.8,376,2500,372,500,220000000,220000000,71786000,0,0,0,0,0
2025-11-26,AIMS,Artha Mahiya Investama Tbk.,--UO2130000000A121------------,376.0,376.0,382.0,370.0,380.0,4.0,944000,355354200,265,304.0,380,22900,378,128600,220000000,220000000,71786000,0,0,0,0,0
2025-11-25,AIMS,Artha Mahiya Investama Tbk.,--UO2130000000A121------------,376.0,376.0,378.0,360.0,376.0,0.0,391600,146016400,186,300.8,376,2400,370,64400,220000000,220000000,71786000,0,46300,0,0,0
2025-11-24,AIMS,Artha Mahiya Investama Tbk.,--UO2130000000A121------------,374.0,376.0,378.0,370.0,376.0,2.0,410700,153632400,193,300.8,376,3600,372,3500,220000000,220000000,71786000,0,0,0,0,0
2025-11-21,AIMS,Artha Mahiya Investama Tbk.,--UO2130000000A121------------,378.0,378.0,384.0,370.0,374.0,-4.0,310100,117428400,153,299.2,376,7900,372,2800,220000000,220000000,71786000,0,0,0,0,0
2025-11-20,AIMS,Artha Mahiya Investama Tbk.,--UO2130000000A121------------,380.0,380.0,382.0,374.0,378.0,-2.0,259300,98198800,144,302.4,382,69600,374,8400,220000000,220000000,71786000,0,0,0,0,0
2025-11-19,AIMS,Artha Mahiya Investama Tbk.,--UO2130000000A121------------,378.0,378.0,382.0,370.0,380.0,2.0,120000,45236000,101,304.0,380,14600,378,6300,220000000,220000000,71786000,0,0,0,0,0
2025-11-18,AIMS,Artha Mahiya Investama Tbk.,--UO2130000000A121------------,392.0,392.0,392.0,376.0,378.0,-14.0,332500,126464200,207,302.4,380,5400,378,2400,220000000,220000000,71786000,0,100000,0,0,0
2025-11-17,AIMS,Artha Mahiya Investama Tbk.,--UO2130000000A121------------,392.0,338.0,394.0,338.0,392.0,0.0,973200,364824000,376,313.6,392,230900,390,8500,220000000,220000000,71786000,0,100000,0,0,0
2025-11-14,AIMS,Artha Mahiya Investama Tbk.,--UO2130000000A121------------,386.0,400.0,400.0,376.0,392.0,6.0,1257000,493454200,515,313.6,392,11100,388,14200,220000000,220000000,71786000,0,0,0,0,0
2025-11-13,AIMS,Artha Mahiya Investama Tbk.,--UO2130000000A121------------,384.0,384.0,440.0,384.0,386.0,2.0,2375700,934372000,1075,308.8,392,5000,386,4600,220000000,220000000,71786000,0,139000,0,0,0
2025-11-12,AIMS,Artha Mahiya Investama Tbk.,--UO2130000000A121------------,390.0,0.0,392.0,378.0,384.0,-6.0,687700,266037800,405,307.2,388,26600,384,92400,220000000,220000000,71786000,6400,0,250000,102000000,1
2025-11-11,AIMS,Artha Mahiya Investama Tbk.,--UO2130000000A121------------,390.0,0.0,398.0,384.0,390.0,0.0,1628100,635076600,588,312.0,390,300,388,4400,220000000,220000000,71786000,0,0,0,0,0
2025-11-10,AIMS,Artha Mahiya Investama Tbk.,--UO2130000000A121------------,400.0,390.0,400.0,382.0,390.0,-10.0,430200,168402600,274,312.0,396,1900,390,16900,220000000,220000000,71786000,0,0,0,0,0
2025-11-07,AIMS,Artha Mahiya Investama Tbk.,--UO2130000000A121------------,404.0,406.0,416.0,378.0,400.0,-4.0,2071400,833308400,902,320.0,400,30600,398,2000,220000000,220000000,71786000,0,0,250000,102000000,1
2025-11-06,AIMS,Artha Mahiya Investama Tbk.,--UO2130000000A121------------,378.0,394.0,454.0,390.0,404.0,26.0,7851500,3310397200,3400,323.2,406,3000,404,310200,220000000,220000000,71786000,0,0,0,0,0
2025-11-05,AIMS,Artha Mahiya Investama Tbk.,--UO2130000000A121------------,390.0,382.0,394.0,376.0,378.0,-12.0,369700,143658200,206,302.4,392,17900,378,3800,220000000,220000000,71786000,0,0,0,0,0
2025-11-04,AIMS,Artha Mahiya Investama Tbk.,--UO2130000000A121------------,390.0,390.0,392.0,376.0,390.0,0.0,703400,273400800,281,312.0,390,72200,388,4300,220000000,220000000,71786000,0,100000,250000,102000000,1
2025-11-03,AIMS,Artha Mahiya Investama Tbk.,--UO2130000000A121------------,396.0,404.0,406.0,372.0,390.0,-6.0,1821600,723220600,504,312.0,390,422400,388,1900,220000000,220000000,71786000,0,0,0,0,0
2025-10-31,AIMS,Artha Mahiya Investama Tbk.,--UO2130000000A121------------,388.0,390.0,426.0,388.0,396.0,8.0,3105000,1246788000,1467,316.8,396,33800,394,31300,220000000,220000000,71786000,0,0,0,0,0
2025-10-30,AIMS,Artha Mahiya Investama Tbk.,--UO2130000000A121------------,392.0,410.0,412.0,382.0,388.0,-4.0,1099400,434749200,488,310.4,388,13800,382,500,220000000,220000000,71786000,0,0,0,0,0
2025-10-29,AIMS,Artha Mahiya Investama Tbk.,--UO2130000000A121------------,432.0,434.0,434.0,390.0,392.0,-40.0,1869600,767236000,923,313.6,392,27400,390,8900,220000000,220000000,71786000,0,100000,0,0,0
2025-10-28,AIMS,Artha Mahiya Investama Tbk.,--UO2130000000A121------------,466.0,466.0,466.0,424.0,432.0,-34.0,3402300,1495521600,1533,345.6,432,21300,430,1200,220000000,220000000,71786000,0,0,0,0,0
2025-10-27,AIMS,Artha Mahiya Investama Tbk.,--UO2130000000A121------------,460.0,510.0,575.0,442.0,466.0,6.0,9647000,5151221000,3626,372.8,466,16700,464,1000,220000000,220000000,71786000,100,0,0,0,0
2025-10-24,AIMS,Artha Mahiya Investama Tbk.,--U-4130000000A121-E---------X,442.0,0.0,480.0,450.0,460.0,18.0,153900,72508000,74,368.0,460,55400,450,100,220000000,220000000,71786000,0,0,0,0,0
2025-10-23,AIMS,Artha Mahiya Investama Tbk.,--U-4130000000A121-E---------X,402.0,0.0,442.0,442.0,442.0,40.0,512800,226657600,57,353.6,0,0,442,128900,220000000,220000000,71786000,0,0,0,0,0
2025-10-22,AIMS,Artha Mahiya Investama Tbk.,--U-4130000000A121-E---------X,396.0,0.0,434.0,402.0,402.0,6.0,158600,67476200,58,321.6,420,400,400,8600,220000000,220000000,71786000,0,0,0,0,0
2025-10-21,AIMS,Artha Mahiya Investama Tbk.,--U-4130000000A121-E---------X,360.0,0.0,396.0,362.0,396.0,36.0,52600,19877400,28,316.8,0,0,396,157700,220000000,220000000,71786000,0,0,0,0,0
2025-10-20,AIMS,Artha Mahiya Investama Tbk.,--U-4130000000A121-E---------X,400.0,0.0,360.0,360.0,360.0,-40.0,226100,81396000,60,288.0,362,41800,360,170900,220000000,220000000,71786000,0,129200,0,0,0
2025-10-17,AIMS,Artha Mahiya Investama Tbk.,--U-4130000000A121-E---------X,410.0,0.0,406.0,400.0,400.0,-10.0,44600,17878400,23,320.0,400,411100,376,4700,220000000,220000000,71786000,0,0,0,0,0
2025-10-16,AIMS,Artha Mahiya Investama Tbk.,--U-4130000000A121-E---------X,446.0,0.0,410.0,402.0,410.0,-36.0,982500,400469800,385,328.0,410,58800,402,2500,220000000,220000000,71786000,0,100000,0,0,0
2025-10-15,AIMS,Artha Mahiya Investama Tbk.,--U-4130000000A121-E---------X,494.0,0.0,490.0,446.0,446.0,-48.0,573500,264813200,50,356.8,446,129300,0,0,220000000,220000000,71786000,0,98000,0,0,0
2025-10-14,AIMS,Artha Mahiya Investama Tbk.,--U-4130000000A121-E---------X,482.0,0.0,498.0,494.0,494.0,12.0,138700,68819600,71,395.2,494,138800,490,200,220000000,220000000,71786000,0,0,0,0,0
2025-10-13,AIMS,Artha Mahiya Investama Tbk.,--U-4130000000A121-E---------X,440.0,0.0,482.0,482.0,482.0,42.0,534900,257821800,124,385.6,482,775900,480,100,220000000,220000000,71786000,0,0,0,0,0
2025-10-10,AIMS,Artha Mahiya Investama Tbk.,--U-4130000000A121-E---------X,406.0,0.0,440.0,408.0,440.0,34.0,1830200,798302600,169,352.0,442,8100,440,219100,220000000,220000000,71786000,0,0,0,0,0
2025-10-09,AIMS,Artha Mahiya Investama Tbk.,--U-4130000000A121-E---------X,398.0,0.0,416.0,406.0,406.0,8.0,212700,87209200,68,324.8,406,225700,404,1000,220000000,220000000,71786000,44400,0,0,0,0
2025-10-08,AIMS,Artha Mahiya Investama Tbk.,--U-4130000000A121-E---------X,402.0,0.0,400.0,366.0,398.0,-4.0,87400,33541000,32,318.4,398,18300,368,600,220000000,220000000,71786000,0,0,0,0,0
2025-10-07,AIMS,Artha Mahiya Investama Tbk.,--U-4130000000A121-E---------X,406.0,0.0,402.0,366.0,402.0,-4.0,41700,15696400,25,321.6,402,68800,382,200,220000000,220000000,71786000,0,0,0,0,0
2025-10-06,AIMS,Artha Mahiya Investama Tbk.,--U-4130000000A121-E---------X,406.0,0.0,406.0,406.0,406.0,0.0,82500,33495000,33,324.8,406,55700,392,6000,220000000,220000000,71786000,0,0,0,0,0
2025-10-03,AIMS,Artha Mahiya Investama Tbk.,--U-4130000000A121ME---------X,406.0,0.0,406.0,406.0,406.0,0.0,335400,136172400,58,324.8,406,173300,404,100,220000000,220000000,71786000,28100,0,0,0,0
2025-10-02,AIMS,Artha Mahiya Investama Tbk.,--U-4130000000A121ME---------X,394.0,0.0,406.0,402.0,406.0,12.0,584600,235870800,109,324.8,406,435100,404,16300,220000000,220000000,71786000,0,0,0,0,0
2025-10-01,AIMS,Artha Mahiya Investama Tbk.,--U-4130000000A121ME---------X,396.0,0.0,394.0,370.0,394.0,-2.0,740600,290728800,75,315.2,396,109100,394,162800,220000000,220000000,71786000,300000,100000,0,0,0
2025-09-30,AIMS,Artha Mahiya Investama Tbk.,--U-4130000000A121ME---------X,370.0,0.0,406.0,334.0,396.0,26.0,627200,236515000,91,316.8,396,1600,390,2500,220000000,220000000,62744000,0,0,0,0,0
2025-09-29,AIMS,Artha Mahiya Investama Tbk.,--U-4130000000A121ME---------X,338.0,0.0,370.0,338.0,370.0,32.0,234800,84597600,51,296.0,370,2300,320,500,220000000,220000000,62744000,0,0,0,0,0
2025-09-26,AIMS,Artha Mahiya Investama Tbk.,--U-4130000000A121ME---------X,318.0,0.0,348.0,338.0,338.0,20.0,14100,4823600,14,270.4,338,77300,318,4300,220000000,220000000,62744000,0,100,0,0,0
2025-09-25,AIMS,Artha Mahiya Investama Tbk.,--U-4130000000A121ME---------X,352.0,0.0,346.0,318.0,318.0,-34.0,91900,29504200,19,254.4,318,23100,0,0,220000000,220000000,62744000,100,0,0,0,0
2025-09-24,AIMS,Artha Mahiya Investama Tbk.,--U-4130000000A121ME---------X,354.0,0.0,352.0,352.0,352.0,-2.0,1400,492800,1,281.6,348,800,0,0,220000000,220000000,62744000,0,0,0,0,0
2025-09-23,AIMS,Artha Mahiya Investama Tbk.,--U-4130000000A121ME---------X,356.0,0.0,356.0,354.0,354.0,-2.0,37700,13378600,18,283.2,354,69500,340,800,220000000,220000000,62744000,0,0,0,0,0
2025-09-22,AIMS,Artha Mahiya Investama Tbk.,--U-4130000000A121ME---------X,340.0,0.0,360.0,340.0,356.0,16.0,29600,10388800,24,284.8,356,24600,340,1300,220000000,220000000,62744000,0,0,0,0,0
2025-09-19,AIMS,Artha Mahiya Investama Tbk.,--U-4130000000A121ME---------X,340.0,0.0,340.0,340.0,340.0,0.0,21400,7276000,9,272.0,340,324000,0,0,220000000,220000000,62744000,0,0,0,0,0
2025-09-18,AIMS,Artha Mahiya Investama Tbk.,--U-4130000000A121ME---------X,342.0,0.0,342.0,328.0,340.0,-2.0,24100,8118800,19,272.0,340,22900,328,20000,220000000,220000000,62744000,0,0,0,0,0
2025-09-17,AIMS,Artha Mahiya Investama Tbk.,--U-4130000000A121ME---------X,346.0,0.0,346.0,342.0,342.0,-4.0,33100,11405200,30,273.6,344,15600,330,5000,220000000,220000000,62744000,0,11000,0,0,0
2025-09-16,AIMS,Artha Mahiya Investama Tbk.,--U-4130000000A121ME---------X,330.0,0.0,348.0,300.0,346.0,16.0,36700,12406600,38,276.8,346,27900,302,100,220000000,220000000,62744000,0,0,0,0,0
2025-09-15,AIMS,Artha Mahiya Investama Tbk.,--U-4130000000A121ME---------X,300.0,0.0,330.0,324.0,330.0,30.0,490800,161518800,141,264.0,0,0,330,197500,220000000,220000000,62744000,2300,0,0,0,0
2025-09-12,AIMS,Artha Mahiya Investama Tbk.,--U-4130000000A121ME---------X,292.0,0.0,300.0,290.0,300.0,8.0,76200,22308000,43,240.0,300,400,290,200,220000000,220000000,62744000,0,0,0,0,0
2025-09-11,AIMS,Artha Mahiya Investama Tbk.,--U-4130000000A121ME---------X,310.0,0.0,292.0,292.0,292.0,-18.0,160800,46953600,70,233.6,292,900,290,7600,220000000,220000000,62744000,0,0,0,0,0
2025-09-10,AIMS,Artha Mahiya Investama Tbk.,--U-4130000000A121ME---------X,320.0,0.0,314.0,310.0,310.0,-10.0,17700,5503400,16,248.0,310,133600,298,4500,220000000,220000000,62744000,0,0,0,0,0
2025-09-09,AIMS,Artha Mahiya Investama Tbk.,--U-4130000000A121ME---------X,320.0,0.0,320.0,298.0,320.0,0.0,2700,834000,6,256.0,320,59900,302,2300,220000000,220000000,62744000,0,0,0,0,0
2025-09-08,AIMS,Artha Mahiya Investama Tbk.,--U-4130000000A121-E---------X,320.0,0.0,320.0,320.0,320.0,0.0,41000,13120000,19,256.0,320,33700,316,300,220000000,220000000,62744000,0,0,0,0,0
2025-09-04,AIMS,Artha Mahiya Investama Tbk.,--U-4130000000A121-E---------X,326.0,0.0,326.0,296.0,320.0,-6.0,41700,12537000,23,256.0,320,400,300,1000,220000000,220000000,62744000,0,0,0,0,0
2025-09-03,AIMS,Artha Mahiya Investama Tbk.,--U-4130000000A121-E---------X,320.0,0.0,326.0,324.0,326.0,6.0,10500,3422400,17,260.8,326,70700,320,600,220000000,220000000,62744000,0,0,0,0,0
2025-09-02,AIMS,Artha Mahiya Investama Tbk.,--U-4130000000A121-E---------X,292.0,0.0,320.0,292.0,320.0,28.0,45100,14303200,16,256.0,320,9000,292,46200,220000000,220000000,62744000,0,0,0,0,0
2025-09-01,AIMS,Artha Mahiya Investama Tbk.,--U-4130000000A121-E---------X,290.0,0.0,316.0,292.0,292.0,2.0,43500,12771600,28,233.6,314,85000,292,3800,220000000,220000000,62744000,0,0,0,0,0
2025-08-29,AIMS,Artha Mahiya Investama Tbk.,--U-4130000000A121-E---------X,322.0,0.0,318.0,290.0,290.0,-32.0,1926200,559527600,1353,232.0,316,500,0,0,220000000,220000000,62744000,0,0,0,0,0
2025-08-28,AIMS,Artha Mahiya Investama Tbk.,--U-4130000000A121-E---------X,324.0,0.0,324.0,322.0,322.0,-2.0,16600,5373000,10,257.6,322,15300,320,6900,220000000,220000000,62744000,0,0,0,0,0
2025-08-27,AIMS,Artha Mahiya Investama Tbk.,--U-4130000000A121-E---------X,324.0,0.0,324.0,320.0,324.0,0.0,40500,13114000,16,259.2,324,366600,320,7800,220000000,220000000,62744000,0,0,0,0,0
2025-08-26,AIMS,Artha Mahiya Investama Tbk.,--U-4130000000A121-E---------X,350.0,0.0,346.0,320.0,324.0,-26.0,16900,5446800,26,259.2,326,500,324,3000,220000000,220000000,62744000,100,0,0,0,0
2025-08-25,AIMS,Artha Mahiya Investama Tbk.,--U-4130000000A121-E---------X,350.0,0.0,352.0,350.0,350.0,0.0,1553800,545030200,37,280.0,348,135800,0,0,220000000,220000000,62744000,0,0,0,0,0
2025-08-22,AIMS,Artha Mahiya Investama Tbk.,--U-4130000000A121-E---------X,362.0,0.0,358.0,350.0,350.0,-12.0,46100,16269400,23,280.0,350,65200,0,0,220000000,220000000,62744000,0,0,0,0,0
2025-08-21,AIMS,Artha Mahiya Investama Tbk.,--U-4130000000A121-E---------X,334.0,0.0,366.0,362.0,362.0,28.0,67200,24586200,36,289.6,362,2000,354,1000,220000000,220000000,62744000,0,0,0,0,0
2025-08-20,AIMS,Artha Mahiya Investama Tbk.,--U-4130000000A121-E---------X,320.0,0.0,338.0,320.0,334.0,14.0,16000,5210400,11,267.2,334,6500,320,1500,220000000,220000000,62744000,0,0,0,0,0
2025-08-19,AIMS,Artha Mahiya Investama Tbk.,--U-4130000000A121-E---------X,320.0,0.0,320.0,320.0,320.0,0.0,1443900,462048000,26,256.0,320,2800,318,200,220000000,220000000,62744000,0,0,0,0,0
2025-08-15,AIMS,Artha Mahiya Investama Tbk.,--U-4130000000A121-E---------X,326.0,0.0,326.0,320.0,320.0,-6.0,21100,6848600,19,256.0,350,40000,320,1000,220000000,220000000,62744000,0,0,0,0,0
2025-08-14,AIMS,Artha Mahiya Investama Tbk.,--U-4130000000A121-E---------X,326.0,0.0,326.0,326.0,326.0,0.0,5800,1890800,11,260.8,326,64700,322,1000,220000000,220000000,62744000,0,0,0,0,0
2025-08-13,AIMS,Artha Mahiya Investama Tbk.,--U-4130000000A121-E---------X,326.0,0.0,326.0,326.0,326.0,0.0,134000,43684000,30,260.8,350,500,326,82300,220000000,220000000,62744000,0,0,0,0,0
2025-08-12,AIMS,Artha Mahiya Investama Tbk.,--U-4130000000A121-E---------X,326.0,0.0,326.0,326.0,326.0,0.0,1427200,465267200,29,260.8,326,62200,324,5000,220000000,220000000,62744000,0,0,3829000,1569890000,1
2025-08-11,AIMS,Artha Mahiya Investama Tbk.,--U-4130000000A121-E---------X,346.0,0.0,346.0,320.0,326.0,-20.0,24400,8001200,25,260.8,338,8100,326,96600,220000000,220000000,62744000,0,0,0,0,0
2025-08-08,AIMS,Artha Mahiya Investama Tbk.,--U-4130000000A121-E---------X,352.0,0.0,350.0,320.0,346.0,-6.0,112600,39389600,13,276.8,346,10300,324,15000,220000000,220000000,62744000,0,0,12302000,5043820000,2
2025-08-07,AIMS,Artha Mahiya Investama Tbk.,--U-4130000000A121-E---------X,354.0,0.0,352.0,320.0,352.0,-2.0,82500,26809600,41,281.6,352,132700,326,500,220000000,220000000,62744000,0,0,0,0,0
2025-08-06,AIMS,Artha Mahiya Investama Tbk.,--U-4130000000A121-E---------X,376.0,0.0,374.0,354.0,354.0,-22.0,1216700,454703800,18,283.2,374,4700,354,18200,220000000,220000000,62744000,0,0,4069000,1668290000,2
2025-08-05,AIMS,Artha Mahiya Investama Tbk.,--U-4130000000A121-E---------X,364.0,0.0,376.0,354.0,376.0,12.0,56300,20704600,36,300.8,376,800,374,10000,220000000,220000000,62744000,0,0,0,0,0
2025-08-04,AIMS,Artha Mahiya Investama Tbk.,--U-4130000000A121-E---------X,372.0,0.0,370.0,364.0,364.0,-8.0,147200,54086600,29,291.2,366,1400,364,15700,220000000,220000000,62744000,0,0,0,0,0
2025-08-01,AIMS,Artha Mahiya Investama Tbk.,--UO2130000000A121------------,370.0,370.0,378.0,364.0,372.0,2.0,1294100,483375000,530,297.6,372,48900,370,10000,220000000,220000000,62744000,0,0,0,0,0
2025-07-31,AIMS,Artha Mahiya Investama Tbk.,--UO2130000000A121------------,370.0,386.0,386.0,364.0,370.0,0.0,2369700,892481000,572,296.0,370,29500,364,100,220000000,220000000,62744000,0,0,0,0,0
2025-07-30,AIMS,Artha Mahiya Investama Tbk.,--UO2130000000A121------------,376.0,378.0,378.0,370.0,370.0,-6.0,57300,21367200,64,296.0,370,6300,368,11700,220000000,220000000,62744000,0,0,0,0,0
2025-07-29,AIMS,Artha Mahiya Investama Tbk.,--UO2130000000A121------------,378.0,378.0,378.0,374.0,376.0,-2.0,276000,103800600,198,300.8,376,6800,374,14600,220000000,220000000,62744000,0,0,0,0,0
2025-07-28,AIMS,Artha Mahiya Investama Tbk.,--UO2130000000A121------------,382.0,384.0,384.0,376.0,378.0,-4.0,89700,33926000,60,302.4,378,4200,376,4500,220000000,220000000,62744000,0,100,1577474,602595068,1
2025-07-25,AIMS,Artha Mahiya Investama Tbk.,--UO2130000000A121------------,384.0,384.0,388.0,374.0,382.0,-2.0,2179500,831564600,309,305.6,382,28200,378,1300,220000000,220000000,62744000,4000,0,0,0,0
2025-07-24,AIMS,Artha Mahiya Investama Tbk.,--UO2130000000A121------------,386.0,388.0,396.0,380.0,384.0,-2.0,2220400,867492200,1006,307.2,382,2000,380,51300,220000000,220000000,62744000,2500,64000,0,0,0
2025-07-23,AIMS,Artha Mahiya Investama Tbk.,--UO2130000000A121------------,384.0,384.0,390.0,380.0,386.0,2.0,1779000,685540800,807,308.8,386,9900,384,1200,220000000,220000000,62744000,0,0,0,0,0
2025-07-22,AIMS,Artha Mahiya Investama Tbk.,--UO2130000000A121------------,382.0,382.0,398.0,378.0,384.0,2.0,11080000,4319679800,5909,307.2,384,429500,382,4900,220000000,220000000,62744000,0,0,0,0,0
2025-07-21,AIMS,Artha Mahiya Investama Tbk.,--UO2130000000A121------------,390.0,390.0,390.0,376.0,382.0,-8.0,1886200,722306400,909,305.6,384,9100,382,997500,220000000,220000000,62744000,0,2500,0,0,0
2025-07-18,AIMS,Artha Mahiya Investama Tbk.,--UO2130000000A121------------,402.0,402.0,404.0,378.0,390.0,-12.0,1808300,705047600,851,312.0,390,16200,388,900,220000000,220000000,62744000,0,0,0,0,0
2025-07-17,AIMS,Artha Mahiya Investama Tbk.,--UO2130000000A121------------,390.0,390.0,410.0,390.0,402.0,12.0,5331300,2141597600,2389,321.6,400,100,394,3700,220000000,220000000,62744000,600,2400,0,0,0
2025-07-16,AIMS,Artha Mahiya Investama Tbk.,--UO2130000000A121------------,408.0,406.0,410.0,378.0,390.0,-18.0,1004500,404528200,408,312.0,390,53800,382,100,220000000,220000000,62744000,3200,600,0,0,0
2025-07-15,AIMS,Artha Mahiya Investama Tbk.,--UO2130000000A121------------,410.0,410.0,412.0,382.0,408.0,-2.0,2395700,967782000,773,326.4,408,17400,390,500,220000000,220000000,62744000,0,0,0,0,0
2025-07-14,AIMS,Artha Mahiya Investama Tbk.,--UO2130000000A121------------,392.0,392.0,410.0,374.0,410.0,18.0,5802500,2286597600,2751,328.0,410,61100,398,1200,220000000,220000000,62744000,0,3200,0,0,0
2025-07-11,AIMS,Artha Mahiya Investama Tbk.,--UO2130000000A121------------,372.0,462.0,464.0,376.0,392.0,20.0,11070800,4436956400,4385,313.6,392,20000,390,1300,220000000,220000000,62744000,0,0,0,0,0
2025-07-10,AIMS,Artha Mahiya Investama Tbk.,--UO2130000000A121------------,298.0,352.0,372.0,330.0,372.0,74.0,5163000,1879102400,1648,297.6,0,0,372,840200,220000000,220000000,62744000,41200,0,0,0,0
2025-07-09,AIMS,Artha Mahiya Investama Tbk.,--U-4130000000A121----S------X,296.0,0.0,298.0,274.0,298.0,2.0,39500,11472600,27,238.4,296,25800,284,1700,220000000,220000000,62744000,0,0,0,0,0
2025-07-08,AIMS,Artha Mahiya Investama Tbk.,--U-4130000000A121----S------X,298.0,0.0,298.0,296.0,296.0,-2.0,22800,6763000,9,236.8,296,69300,292,400,220000000,220000000,62744000,0,0,0,0,0
2025-07-07,AIMS,Artha Mahiya Investama Tbk.,--U-4130000000A121----S------X,314.0,0.0,302.0,298.0,298.0,-16.0,17700,5328200,8,238.4,298,7500,296,200,220000000,220000000,62744000,0,0,0,0,0
2025-07-04,AIMS,Artha Mahiya Investama Tbk.,--U-4130000000A121----S------X,316.0,0.0,316.0,314.0,314.0,-2.0,2000,629000,3,251.2,314,51500,312,100,220000000,220000000,62744000,0,0,0,0,0
2025-07-03,AIMS,Artha Mahiya Investama Tbk.,--U-4130000000A121----S------X,316.0,0.0,316.0,316.0,316.0,0.0,500,158000,2,252.8,312,4600,310,400,220000000,220000000,62744000,0,0,0,0,0
2025-07-02,AIMS,Artha Mahiya Investama Tbk.,--U-4130000000A121----S------X,320.0,0.0,318.0,316.0,316.0,-4.0,6302400,1991559200,13,252.8,316,73300,302,100,220000000,220000000,62744000,0,0,0,0,0
2025-07-01,AIMS,Artha Mahiya Investama Tbk.,--U-4130000000A121----S------X,320.0,0.0,320.0,320.0,320.0,0.0,200,64000,2,256.0,320,21200,314,1000,220000000,220000000,62744000,0,0,0,0,0
2025-06-30,AIMS,Artha Mahiya Investama Tbk.,--U-4130000000A121----S------X,316.0,0.0,320.0,320.0,320.0,4.0,20100,6432000,13,256.0,320,14400,316,1000,220000000,220000000,64966000,0,0,0,0,0
2025-06-26,AIMS,Artha Mahiya Investama Tbk.,--U-4130000000A121----S------X,328.0,0.0,316.0,316.0,316.0,-12.0,300,94800,1,252.8,316,400,0,0,220000000,220000000,64966000,0,0,0,0,0
2025-06-25,AIMS,Artha Mahiya Investama Tbk.,--U-4130000000A121----S------X,350.0,0.0,348.0,328.0,328.0,-22.0,7120800,2449846400,24,262.4,328,3100,0,0,220000000,220000000,64966000,0,10000,0,0,0
2025-06-24,AIMS,Artha Mahiya Investama Tbk.,--U-4130000000A121----S------X,328.0,0.0,350.0,350.0,350.0,22.0,200,70000,1,280.0,346,21700,328,200,220000000,220000000,64966000,0,0,0,0,0
2025-06-23,AIMS,Artha Mahiya Investama Tbk.,--U-4130000000A121----S------X,330.0,0.0,328.0,320.0,328.0,-2.0,3100,996000,6,262.4,328,444100,320,57500,220000000,220000000,64966000,0,2500,0,0,0
2025-06-20,AIMS,Artha Mahiya Investama Tbk.,--U-4130000000A121----S------X,330.0,0.0,0.0,0.0,330.0,0.0,0,0,0,264.0,330,22500,322,200,220000000,220000000,64966000,0,0,0,0,0
2025-06-19,AIMS,Artha Mahiya Investama Tbk.,--U-4130000000A121----S------X,330.0,0.0,330.0,298.0,330.0,0.0,6433300,2122915400,22,264.0,328,500,300,100,220000000,220000000,64966000,25000,0,0,0,0
2025-06-18,AIMS,Artha Mahiya Investama Tbk.,--U-4130000000A121----S------X,332.0,0.0,340.0,330.0,330.0,-2.0,600,203000,4,264.0,330,36500,326,300,220000000,220000000,64966000,0,0,0,0,0
2025-06-17,AIMS,Artha Mahiya Investama Tbk.,--U-4130000000A121----S------X,320.0,0.0,332.0,320.0,332.0,12.0,9200,3010000,14,265.6,332,60900,320,1000,220000000,220000000,64966000,0,0,0,0,0
2025-06-16,AIMS,Artha Mahiya Investama Tbk.,--U-4130000000A121----S------X,338.0,0.0,342.0,320.0,320.0,-18.0,20700,6653000,11,256.0,320,12800,310,200,220000000,220000000,64966000,0,0,0,0,0
2025-06-13,AIMS,Artha Mahiya Investama Tbk.,--U-4130000000A121----S------X,338.0,0.0,340.0,336.0,338.0,0.0,5980800,2033250400,25,270.4,338,570600,320,11100,220000000,220000000,64966000,0,0,0,0,0
2025-06-12,AIMS,Artha Mahiya Investama Tbk.,--U-4130000000A121----S------X,338.0,0.0,338.0,320.0,338.0,0.0,82700,27682600,21,270.4,338,159000,330,1000,220000000,220000000,64966000,0,0,0,0,0
2025-06-11,AIMS,Artha Mahiya Investama Tbk.,--U-4130000000A121----S------X,342.0,0.0,338.0,338.0,338.0,-4.0,22600,7638800,7,270.4,338,85900,328,16000,220000000,220000000,64966000,0,0,0,0,0
2025-06-10,AIMS,Artha Mahiya Investama Tbk.,--U-4130000000A121----S------X,342.0,0.0,342.0,340.0,342.0,0.0,26400,9026800,27,273.6,342,170600,340,100,220000000,220000000,64966000,0,0,0,0,0
2025-06-05,AIMS,Artha Mahiya Investama Tbk.,--U-4130000000A121----S------X,342.0,0.0,342.0,340.0,342.0,0.0,6093800,2072077400,34,273.6,342,78900,338,900,220000000,220000000,64966000,0,0,0,0,0
2025-06-04,AIMS,Artha Mahiya Investama Tbk.,--U-4130000000A121----S------X,342.0,0.0,342.0,342.0,342.0,0.0,48500,16587000,22,273.6,342,64400,338,1000,220000000,220000000,64966000,0,0,0,0,0
2025-06-03,AIMS,Artha Mahiya Investama Tbk.,--U-4130000000A121----S------X,346.0,0.0,342.0,342.0,342.0,-4.0,317600,108619200,38,273.6,342,14200,338,9000,220000000,220000000,64966000,0,0,0,0,0
2025-06-02,AIMS,Artha Mahiya Investama Tbk.,--U-4130000000A121----S------X,348.0,0.0,348.0,346.0,346.0,-2.0,50800,17672200,38,276.8,346,57300,340,4100,220000000,220000000,64966000,0,0,0,0,0
2025-05-28,AIMS,Artha Mahiya Investama Tbk.,--U-4130000000A121----S------X,352.0,0.0,352.0,348.0,348.0,-4.0,5845000,2045825400,49,278.4,346,25700,332,500,220000000,220000000,64966000,0,0,100,35000,1
2025-05-27,AIMS,Artha Mahiya Investama Tbk.,--U-4130000000A121----S------X,320.0,0.0,352.0,348.0,352.0,32.0,836700,294485600,147,281.6,352,122900,348,1200,220000000,220000000,64966000,0,0,0,0,0
2025-05-26,AIMS,Artha Mahiya Investama Tbk.,--U-4130000000A121----S------X,292.0,0.0,320.0,292.0,320.0,28.0,237500,74101600,56,256.0,0,0,320,309500,220000000,220000000,64966000,0,0,68493151,20000000092,5
2025-05-23,AIMS,Artha Mahiya Investama Tbk.,--U-4130000000A121----S------X,290.0,0.0,292.0,286.0,292.0,2.0,190700,55570400,46,233.6,292,33700,286,51900,220000000,220000000,64966000,0,0,0,0,0
2025-05-22,AIMS,Artha Mahiya Investama Tbk.,--U-4130000000A121----S------X,292.0,0.0,292.0,290.0,290.0,-2.0,6852500,2000925600,27,232.0,290,67400,280,6100,220000000,220000000,64966000,0,0,0,0,0
2025-05-21,AIMS,Artha Mahiya Investama Tbk.,--U-4130000000A121----S------X,282.0,0.0,292.0,292.0,292.0,10.0,196700,57436400,49,233.6,292,104900,290,200,220000000,220000000,64966000,0,0,0,0,0
2025-05-20,AIMS,Artha Mahiya Investama Tbk.,--U-4130000000A121----S------X,292.0,0.0,290.0,282.0,282.0,-10.0,70600,20136400,37,225.6,282,43800,280,50000,220000000,220000000,64966000,0,0,0,0,0
2025-05-19,AIMS,Artha Mahiya Investama Tbk.,--U-4130000000A121----S------X,292.0,0.0,292.0,292.0,292.0,0.0,95800,27973600,25,233.6,292,31800,290,5000,220000000,220000000,64966000,0,0,0,0,0
2025-05-16,AIMS,Artha Mahiya Investama Tbk.,--U-4130000000A121----S------X,292.0,0.0,292.0,292.0,292.0,0.0,6927100,2022713200,43,233.6,292,65700,290,30700,220000000,220000000,64966000,0,0,0,0,0
2025-05-15,AIMS,Artha Mahiya Investama Tbk.,--U-4130000000A121----S------X,292.0,0.0,292.0,288.0,292.0,0.0,5957100,1739443600,58,233.6,292,21700,288,100,220000000,220000000,64966000,0,0,0,0,0
2025-05-14,AIMS,Artha Mahiya Investama Tbk.,--UO2130000000A121---L--------,292.0,292.0,300.0,288.0,292.0,0.0,1026400,302432600,411,233.6,292,18100,290,10800,220000000,220000000,64966000,170800,25000,0,0,0
2025-05-09,AIMS,Artha Mahiya Investama Tbk.,--UO2130000000A121---L--------,296.0,296.0,296.0,290.0,292.0,-4.0,285000,83634800,147,233.6,292,32500,290,4400,220000000,220000000,64966000,600,0,0,0,0
2025-05-08,AIMS,Artha Mahiya Investama Tbk.,--UO2130000000A121---L--------,296.0,296.0,300.0,292.0,296.0,0.0,7532900,2216918800,517,236.8,296,11400,292,900,220000000,220000000,64966000,152300,0,0,0,0
2025-05-07,AIMS,Artha Mahiya Investama Tbk.,--UO2130000000A121---L--------,294.0,296.0,298.0,288.0,296.0,2.0,5941400,1746765200,178,236.8,296,27400,294,300,220000000,220000000,64966000,34600,13300,0,0,0
2025-05-06,AIMS,Artha Mahiya Investama Tbk.,--UO2130000000A121---L--------,302.0,0.0,302.0,290.0,294.0,-8.0,548000,163752600,192,235.2,296,64800,294,44600,220000000,220000000,64966000,50500,2700,0,0,0
2025-05-05,AIMS,Artha Mahiya Investama Tbk.,--UO2130000000A121---L--------,304.0,304.0,306.0,296.0,302.0,-2.0,496100,149256400,202,241.6,302,34400,296,21000,220000000,220000000,64966000,50600,0,0,0,0
2025-05-02,AIMS,Artha Mahiya Investama Tbk.,--UO2130000000A121------------,304.0,304.0,310.0,296.0,304.0,0.0,7301400,2191152200,336,243.2,304,68400,298,300,220000000,220000000,64966000,60500,0,0,0,0
2025-04-30,AIMS,Artha Mahiya Investama Tbk.,--UO2130000000A121------------,294.0,294.0,310.0,292.0,304.0,10.0,9618400,2854020600,1208,243.2,304,25900,302,2000,220000000,220000000,64966000,34100,212300,0,0,0
2025-04-29,AIMS,Artha Mahiya Investama Tbk.,--UO2130000000A121------------,290.0,0.0,300.0,282.0,294.0,4.0,1632500,479413200,675,235.2,294,56300,292,13900,220000000,220000000,64966000,23600,148900,0,0,0
2025-04-28,AIMS,Artha Mahiya Investama Tbk.,--UO2130000000A121------------,290.0,288.0,290.0,284.0,290.0,0.0,329000,94703000,97,232.0,290,10500,286,117400,220000000,220000000,64966000,6600,24200,0,0,0
2025-04-25,AIMS,Artha Mahiya Investama Tbk.,--UO2130000000A121------------,290.0,292.0,294.0,280.0,290.0,0.0,7294300,2072581000,162,232.0,290,119400,286,4700,220000000,220000000,64966000,44600,4700,0,0,0
2025-04-24,AIMS,Artha Mahiya Investama Tbk.,--UO2130000000A121------------,278.0,278.0,292.0,278.0,290.0,12.0,11030100,3124240600,892,232.0,290,74900,286,2500,220000000,220000000,64966000,406300,31300,0,0,0
2025-04-23,AIMS,Artha Mahiya Investama Tbk.,--UO2130000000A121------------,300.0,300.0,300.0,278.0,278.0,-22.0,727900,209151800,324,222.4,288,6200,278,8000,220000000,220000000,64966000,134900,12600,0,0,0
2025-04-22,AIMS,Artha Mahiya Investama Tbk.,--UO2130000000A121------------,310.0,310.0,312.0,296.0,300.0,-10.0,467900,141862200,187,240.0,300,11700,296,32100,220000000,220000000,64966000,54000,4400,0,0,0
2025-04-21,AIMS,Artha Mahiya Investama Tbk.,--UO2130000000A121------------,324.0,326.0,326.0,306.0,310.0,-14.0,9607400,3080806600,456,248.0,310,9200,308,400,220000000,220000000,64966000,102400,5900,0,0,0
2025-04-17,AIMS,Artha Mahiya Investama Tbk.,--UO2130000000A121------------,308.0,0.0,324.0,302.0,324.0,16.0,7104800,2204510400,256,259.2,324,44900,302,7300,220000000,220000000,64966000,186900,1700,0,0,0
2025-04-16,AIMS,Artha Mahiya Investama Tbk.,--UO2130000000A121------------,308.0,308.0,310.0,298.0,308.0,0.0,495200,151959800,304,246.4,308,19800,302,100,220000000,220000000,64966000,97000,100,0,0,0
2025-04-15,AIMS,Artha Mahiya Investama Tbk.,--UO2130000000A121---L--------,306.0,306.0,320.0,304.0,308.0,2.0,1227700,384412600,465,246.4,308,18700,306,400,220000000,220000000,64966000,95600,20700,0,0,0
2025-04-14,AIMS,Artha Mahiya Investama Tbk.,--UO2130000000A121---L--------,300.0,300.0,310.0,298.0,306.0,6.0,14708500,4442224800,1206,244.8,306,300,304,3100,220000000,220000000,64966000,53800,26400,0,0,0
2025-04-11,AIMS,Artha Mahiya Investama Tbk.,--UO2130000000A121---L--------,300.0,300.0,304.0,290.0,300.0,0.0,13772500,4122561600,614,240.0,302,900,296,100,220000000,220000000,64966000,19500,3200,9905000,2535680000,2
2025-04-10,AIMS,Artha Mahiya Investama Tbk.,--UO2130000000A121---L--------,300.0,0.0,306.0,290.0,300.0,0.0,126300,37546000,146,240.0,300,3000,298,1100,220000000,220000000,64966000,34300,5100,0,0,0
2025-04-09,AIMS,Artha Mahiya Investama Tbk.,--UO2130000000A121------------,308.0,304.0,308.0,290.0,300.0,-8.0,555000,167535200,335,240.0,300,45000,296,400,220000000,220000000,64966000,11400,61300,0,0,0
2025-04-08,AIMS,Artha Mahiya Investama Tbk.,--UO2130000000A121------------,362.0,320.0,342.0,308.0,308.0,-54.0,10871100,3431619800,877,246.4,308,15300,0,0,220000000,220000000,64966000,124900,12300,0,0,0
2025-03-27,AIMS,Artha Mahiya Investama Tbk.,--UO2130000000A121------------,356.0,0.0,374.0,348.0,362.0,6.0,15897100,5684199600,2295,289.6,362,130600,360,43300,220000000,220000000,50204000,90800,466500,0,0,0
2025-03-26,AIMS,Artha Mahiya Investama Tbk.,--UO2130000000A121------------,348.0,346.0,358.0,344.0,356.0,8.0,5712700,2007489600,1981,284.8,356,125800,354,3400,220000000,220000000,50204000,248700,460200,0,0,0
2025-03-25,AIMS,Artha Mahiya Investama Tbk.,--UO2130000000A121------------,346.0,346.0,352.0,340.0,348.0,2.0,3392200,1180188400,1296,278.4,348,156000,346,500,220000000,220000000,50204000,2900,303300,0,0,0
2025-03-24,AIMS,Artha Mahiya Investama Tbk.,--UO2130000000A121------------,344.0,0.0,350.0,320.0,346.0,2.0,11927600,4044945400,1807,276.8,346,63400,344,11500,220000000,220000000,50204000,51500,10600,0,0,0
2025-03-21,AIMS,Artha Mahiya Investama Tbk.,--UO2130000000A121------------,344.0,344.0,356.0,334.0,344.0,0.0,15685100,5392169600,2617,275.2,344,72300,342,10300,220000000,220000000,50204000,296600,394000,0,0,0
2025-03-20,AIMS,Artha Mahiya Investama Tbk.,--UO2130000000A121------------,340.0,340.0,348.0,330.0,344.0,4.0,6559200,2243250000,2865,275.2,344,113300,342,1900,220000000,220000000,50204000,83800,204800,0,0,0
2025-03-19,AIMS,Artha Mahiya Investama Tbk.,--UO2130000000A121------------,320.0,320.0,346.0,314.0,340.0,20.0,8094000,2681795800,3634,272.0,342,113900,340,184600,220000000,220000000,50204000,207600,185000,1963500,628320000,1
2025-03-18,AIMS,Artha Mahiya Investama Tbk.,--UO2130000000A121------------,380.0,380.0,382.0,286.0,320.0,-60.0,10864800,3644949600,2051,256.0,318,105400,316,2400,220000000,220000000,50204000,775500,80500,0,0,0
2025-03-17,AIMS,Artha Mahiya Investama Tbk.,--UO2130000000A121------------,358.0,358.0,404.0,358.0,380.0,22.0,21436400,8086457200,4712,304.0,380,67700,376,13900,220000000,220000000,50204000,168400,1210200,0,0,0
2025-03-14,AIMS,Artha Mahiya Investama Tbk.,--UO2130000000A121------------,346.0,346.0,370.0,344.0,358.0,12.0,9181500,3301141400,3503,286.4,358,113600,350,2000,220000000,220000000,50204000,57500,14400,11440000,3043040000,2
2025-03-13,AIMS,Artha Mahiya Investama Tbk.,--UO2130000000A121------------,354.0,352.0,358.0,332.0,346.0,-8.0,5495100,1939581000,1841,276.8,346,13400,338,700,220000000,220000000,50204000,23500,7200,0,0,0
2025-03-12,AIMS,Artha Mahiya Investama Tbk.,--UO2130000000A121------------,354.0,354.0,360.0,312.0,354.0,0.0,10562600,3715842000,1417,283.2,354,66200,352,300,220000000,220000000,50204000,26800,4700,0,0,0
2025-03-11,AIMS,Artha Mahiya Investama Tbk.,--UO2130000000A121------------,352.0,0.0,376.0,344.0,354.0,2.0,18268100,6474342600,4164,283.2,354,133000,352,42200,220000000,220000000,50204000,162100,5500,0,0,0
2025-03-10,AIMS,Artha Mahiya Investama Tbk.,--UO2130000000A121------------,358.0,358.0,360.0,330.0,352.0,-6.0,11389800,3999297000,3173,281.6,352,42800,342,100,220000000,220000000,50204000,114800,1200,0,0,0
2025-03-07,AIMS,Artha Mahiya Investama Tbk.,--UO2130000000A121------------,360.0,360.0,368.0,342.0,358.0,-2.0,5621200,2020561400,2490,286.4,358,77700,356,1400,220000000,220000000,50204000,89600,46000,0,0,0
2025-03-06,AIMS,Artha Mahiya Investama Tbk.,--UO2130000000A121------------,340.0,370.0,378.0,302.0,360.0,20.0,13542300,4696100800,4814,288.0,360,435500,358,10000,220000000,220000000,50204000,204200,57000,2850000,1026000000,1
2025-03-05,AIMS,Artha Mahiya Investama Tbk.,--UO2130000000A121------------,272.0,272.0,340.0,272.0,340.0,68.0,25372600,7603931800,4520,272.0,0,0,340,723100,220000000,220000000,50204000,204300,523700,3717000,1012034000,3
2025-03-04,AIMS,Artha Mahiya Investama Tbk.,--UO2130000000A121------------,272.0,272.0,288.0,264.0,272.0,0.0,16474400,4630439000,1500,217.6,272,10400,266,8300,220000000,220000000,50204000,84100,7600,0,0,0
2025-03-03,AIMS,Artha Mahiya Investama Tbk.,--UO2130000000A121------------,270.0,268.0,288.0,262.0,272.0,2.0,5633100,1557416000,2342,217.6,272,79700,270,11700,220000000,220000000,50204000,121200,18900,0,0,0
2025-02-28,AIMS,Artha Mahiya Investama Tbk.,--UO2130000000A121------------,308.0,308.0,310.0,250.0,270.0,-38.0,5327700,1477779200,2393,216.0,270,90300,260,12000,220000000,220000000,50204000,56000,263800,0,0,0
2025-02-27,AIMS,Artha Mahiya Investama Tbk.,--UO2130000000A121------------,326.0,326.0,350.0,306.0,308.0,-18.0,6621200,2152208600,2233,246.4,308,67900,306,128200,220000000,220000000,50204000,93800,8200,3500000,1120000000,1
2025-02-26,AIMS,Artha Mahiya Investama Tbk.,--UO2130000000A121------------,338.0,336.0,338.0,302.0,326.0,-12.0,16101900,5128646000,2193,260.8,326,58000,324,2500,220000000,220000000,50204000,45900,222000,0,0,0
2025-02-25,AIMS,Artha Mahiya Investama Tbk.,--UO2130000000A121------------,362.0,358.0,376.0,320.0,338.0,-24.0,5152400,1817505800,2179,270.4,338,57400,336,200,220000000,220000000,50204000,34800,37300,0,0,0
2025-02-24,AIMS,Artha Mahiya Investama Tbk.,--UO2130000000A121------------,372.0,372.0,380.0,360.0,362.0,-10.0,10747300,3934458200,2035,289.6,362,46000,360,7600,220000000,220000000,50204000,49900,700,0,0,0
2025-02-21,AIMS,Artha Mahiya Investama Tbk.,--UO2130000000A121------------,382.0,382.0,388.0,364.0,372.0,-10.0,7861600,2959861400,3146,297.6,372,16600,370,3100,220000000,220000000,50204000,60900,12700,0,0,0
2025-02-20,AIMS,Artha Mahiya Investama Tbk.,--UO2130000000A121------------,396.0,396.0,416.0,362.0,382.0,-14.0,13421600,5123722600,4268,305.6,382,75200,380,4200,220000000,220000000,50204000,169400,70000,0,0,0
2025-02-19,AIMS,Artha Mahiya Investama Tbk.,--UO2130000000A121------------,364.0,0.0,418.0,358.0,396.0,32.0,13792500,5348899600,4807,316.8,396,109900,390,500,220000000,220000000,50204000,144000,156900,0,0,0
2025-02-18,AIMS,Artha Mahiya Investama Tbk.,--UO2130000000A121------------,364.0,366.0,380.0,354.0,364.0,0.0,3422900,1258021000,1702,291.2,364,15100,360,24700,220000000,220000000,50204000,98100,93700,0,0,0
2025-02-17,AIMS,Artha Mahiya Investama Tbk.,--UO2130000000A121------------,396.0,396.0,420.0,352.0,364.0,-32.0,13716300,5194650800,5011,291.2,364,20000,362,16100,220000000,220000000,50204000,122100,141000,0,0,0
2025-02-14,AIMS,Artha Mahiya Investama Tbk.,--UO2130000000A121------------,424.0,420.0,430.0,388.0,396.0,-28.0,11925500,4969565600,4944,316.8,396,54700,394,58100,220000000,220000000,50204000,87200,182400,0,0,0
2025-02-13,AIMS,Artha Mahiya Investama Tbk.,--UO2130000000A121------------,418.0,418.0,428.0,374.0,424.0,6.0,12107100,4863871600,4876,339.2,424,137900,422,116100,220000000,220000000,50204000,117000,185300,0,0,0
2025-02-12,AIMS,Artha Mahiya Investama Tbk.,--UO2130000000A121------------,362.0,362.0,442.0,354.0,418.0,56.0,32137500,13038514400,12701,334.4,420,42500,418,192800,220000000,220000000,50204000,6700,117400,0,0,0
2025-02-11,AIMS,Artha Mahiya Investama Tbk.,--UO2130000000A121------------,390.0,388.0,388.0,350.0,362.0,-28.0,5353600,1974097000,2298,289.6,362,61700,360,38800,220000000,220000000,50204000,26300,0,0,0,0
2025-02-10,AIMS,Artha Mahiya Investama Tbk.,--UO2130000000A121------------,464.0,468.0,468.0,384.0,390.0,-74.0,7724000,3238928000,3581,312.0,390,96200,388,37500,220000000,220000000,50204000,54400,0,0,0,0
2025-02-07,AIMS,Artha Mahiya Investama Tbk.,--UO2130000000A121------------,466.0,470.0,498.0,360.0,464.0,-2.0,18286500,8377746600,7395,371.2,464,40200,462,1100,220000000,220000000,50204000,76800,3600,0,0,0
2025-02-06,AIMS,Artha Mahiya Investama Tbk.,--UO2130000000A121------------,374.0,450.0,466.0,414.0,466.0,92.0,15466900,7040103400,4901,372.8,0,0,466,1320900,220000000,220000000,50204000,0,160600,0,0,0
2025-02-05,AIMS,Artha Mahiya Investama Tbk.,--UO2130000000A121------------,300.0,300.0,374.0,292.0,374.0,74.0,7447900,2575349000,2044,299.2,0,0,374,922400,220000000,220000000,50204000,0,0,0,0,0
2025-02-04,AIMS,Artha Mahiya Investama Tbk.,--UO2130000000A121------------,304.0,296.0,312.0,294.0,300.0,-4.0,1949000,594662400,847,240.0,300,78800,298,3200,220000000,220000000,50204000,0,0,0,0,0
2025-02-03,AIMS,Artha Mahiya Investama Tbk.,--UO2130000000A121------------,308.0,308.0,308.0,284.0,304.0,-4.0,820800,241474800,410,243.2,302,28800,298,1400,220000000,220000000,50204000,0,0,0,0,0
2025-01-31,AIMS,Artha Mahiya Investama Tbk.,--UO2130000000A121------------,308.0,308.0,320.0,300.0,308.0,0.0,1431600,444156800,664,246.4,304,13000,300,700,220000000,220000000,50204000,0,0,0,0,0
2025-01-30,AIMS,Artha Mahiya Investama Tbk.,--UO2130000000A121------------,312.0,312.0,322.0,298.0,308.0,-4.0,2691800,840319400,1137,246.4,308,47600,304,1700,220000000,220000000,50204000,0,0,0,0,0
2025-01-24,AIMS,Artha Mahiya Investama Tbk.,--UO2130000000A121------------,308.0,308.0,314.0,296.0,312.0,4.0,1120800,347959400,505,249.6,312,51000,310,67300,220000000,220000000,50204000,0,0,0,0,0
2025-01-23,AIMS,Artha Mahiya Investama Tbk.,--UO2130000000A121------------,304.0,304.0,328.0,294.0,308.0,4.0,4758300,1508091000,2098,246.4,308,43000,306,1000,220000000,220000000,50204000,0,0,0,0,0
2025-01-22,AIMS,Artha Mahiya Investama Tbk.,--UO2130000000A121------------,306.0,308.0,308.0,292.0,304.0,-2.0,1250700,377132600,449,243.2,304,81200,302,2000,220000000,220000000,50204000,4800,0,0,0,0
2025-01-21,AIMS,Artha Mahiya Investama Tbk.,--UO2130000000A121------------,308.0,308.0,316.0,300.0,306.0,-2.0,1093200,340593000,521,244.8,306,4000,300,300,220000000,220000000,50204000,3000,0,0,0,0
2025-01-20,AIMS,Artha Mahiya Investama Tbk.,--UO2130000000A121------------,314.0,314.0,314.0,296.0,308.0,-6.0,951900,289728400,242,246.4,306,36800,300,4900,220000000,220000000,50204000,13900,0,0,0,0
2025-01-17,AIMS,Artha Mahiya Investama Tbk.,--UO2130000000A121------------,316.0,316.0,318.0,300.0,314.0,-2.0,1246500,389723600,519,251.2,310,83700,306,1100,220000000,220000000,50204000,14400,0,0,0,0
2025-01-16,AIMS,Artha Mahiya Investama Tbk.,--UO2130000000A121------------,324.0,324.0,348.0,298.0,316.0,-8.0,4159400,1370361000,1711,252.8,316,20400,308,1200,220000000,220000000,50204000,22800,0,0,0,0
2025-01-15,AIMS,Artha Mahiya Investama Tbk.,--UO2130000000A121------------,318.0,322.0,358.0,318.0,324.0,6.0,8704400,2930382800,3535,259.2,326,1500,324,111400,220000000,220000000,50204000,0,58900,0,0,0
2025-01-14,AIMS,Artha Mahiya Investama Tbk.,--UO2130000000A121------------,324.0,324.0,326.0,316.0,318.0,-6.0,719100,232013400,341,254.4,318,4600,316,1800,220000000,220000000,50204000,0,0,0,0,0
2025-01-13,AIMS,Artha Mahiya Investama Tbk.,--UO2130000000A121------------,332.0,332.0,332.0,314.0,324.0,-8.0,579800,186701400,132,259.2,324,8500,314,1300,220000000,220000000,50204000,0,0,0,0,0
2025-01-10,AIMS,Artha Mahiya Investama Tbk.,--UO2130000000A121------------,330.0,330.0,334.0,312.0,332.0,2.0,3454500,1130917800,1397,265.6,328,25000,326,500,220000000,220000000,50204000,0,0,0,0,0
2025-01-09,AIMS,Artha Mahiya Investama Tbk.,--UO2130000000A121------------,334.0,334.0,336.0,320.0,330.0,-4.0,840200,277541400,348,264.0,330,78900,328,121800,220000000,220000000,50204000,0,0,0,0,0
2025-01-08,AIMS,Artha Mahiya Investama Tbk.,--UO2130000000A121------------,330.0,330.0,338.0,324.0,334.0,4.0,4233100,1415819400,1521,267.2,334,61000,332,152000,220000000,220000000,50204000,0,0,0,0,0
2025-01-07,AIMS,Artha Mahiya Investama Tbk.,--UO2130000000A121------------,332.0,326.0,334.0,318.0,330.0,-2.0,3166000,1042994000,1341,264.0,330,48500,324,1000,220000000,220000000,50204000,0,0,0,0,0
2025-01-06,AIMS,Artha Mahiya Investama Tbk.,--UO2130000000A121------------,344.0,344.0,350.0,322.0,332.0,-12.0,2918800,985231600,1112,265.6,330,6000,326,1500,220000000,220000000,50204000,0,0,0,0,0
2025-01-03,AIMS,Artha Mahiya Investama Tbk.,--UO2130000000A121------------,344.0,344.0,348.0,328.0,344.0,0.0,5660500,1928788000,2293,275.2,344,100800,332,10100,220000000,220000000,50204000,0,0,0,0,0
2025-01-02,AIMS,Artha Mahiya Investama Tbk.,--UO2130000000A121------------,342.0,342.0,362.0,338.0,344.0,2.0,6727000,2331654600,2980,275.2,344,30100,340,2100,220000000,220000000,50204000,0,0,0,0,0
2024-12-30,AIMS,Artha Mahiya Investama Tbk.,--UO2130000000A121------------,350.0,350.0,350.0,334.0,342.0,-8.0,1514800,519206200,722,273.6,342,79300,336,500,220000000,220000000,50050000,0,0,198800,70375200,1
2024-12-27,AIMS,Artha Mahiya Investama Tbk.,--UO2130000000A121------------,352.0,354.0,364.0,346.0,350.0,-2.0,3112200,1110623000,1487,280.0,350,4800,348,1800,220000000,220000000,50050000,0,0,198800,69977600,1
2024-12-24,AIMS,Artha Mahiya Investama Tbk.,--UO2130000000A121------------,366.0,0.0,364.0,352.0,352.0,-14.0,1296400,464098200,529,281.6,352,48600,350,2400,220000000,220000000,50050000,0,0,0,0,0
2024-12-23,AIMS,Artha Mahiya Investama Tbk.,--UO2130000000A121------------,366.0,0.0,376.0,354.0,366.0,0.0,2120400,780999200,753,292.8,366,89700,352,3600,220000000,220000000,50050000,0,0,0,0,0
2024-12-20,AIMS,Artha Mahiya Investama Tbk.,--UO2130000000A121------------,370.0,370.0,370.0,350.0,366.0,-4.0,1069700,387234000,378,292.8,364,59700,358,2500,220000000,220000000,50050000,0,0,0,0,0
2024-12-19,AIMS,Artha Mahiya Investama Tbk.,--UO2130000000A121------------,382.0,382.0,384.0,348.0,370.0,-12.0,512400,191808200,298,296.0,370,49400,352,1300,220000000,220000000,50050000,0,0,0,0,0
2024-12-18,AIMS,Artha Mahiya Investama Tbk.,--UO2130000000A121------------,384.0,384.0,392.0,352.0,382.0,-2.0,1746400,673563600,746,305.6,382,3200,380,51500,220000000,220000000,50050000,4000,0,0,0,0
2024-12-17,AIMS,Artha Mahiya Investama Tbk.,--UO2130000000A121------------,416.0,0.0,424.0,380.0,384.0,-32.0,2684500,1086837000,1222,307.2,384,7000,382,600,220000000,220000000,50050000,0,4000,0,0,0
2024-12-16,AIMS,Artha Mahiya Investama Tbk.,--UO2130000000A121------------,430.0,0.0,430.0,410.0,416.0,-14.0,3398200,1412662400,1209,332.8,416,16200,412,300,220000000,220000000,50050000,0,0,0,0,0
2024-12-13,AIMS,Artha Mahiya Investama Tbk.,--UO2130000000A121------------,428.0,428.0,440.0,424.0,430.0,2.0,3732100,1611587000,1265,344.0,430,32100,424,200,220000000,220000000,50050000,0,0,0,0,0
2024-12-12,AIMS,Artha Mahiya Investama Tbk.,--UO2130000000A121------------,436.0,432.0,446.0,416.0,428.0,-8.0,5895600,2542017600,2336,342.4,428,56400,426,51300,220000000,220000000,50050000,0,0,0,0,0
2024-12-11,AIMS,Artha Mahiya Investama Tbk.,--UO2130000000A121------------,428.0,428.0,486.0,422.0,436.0,8.0,9960200,4517627200,3890,348.8,436,51600,434,62700,220000000,220000000,50050000,3700,0,0,0,0
2024-12-10,AIMS,Artha Mahiya Investama Tbk.,--UO2130000000A121------------,466.0,464.0,466.0,428.0,428.0,-38.0,3429800,1567587000,1008,342.4,428,30100,422,5000,220000000,220000000,50050000,0,2100,0,0,0
2024-12-09,AIMS,Artha Mahiya Investama Tbk.,--UO2130000000A121------------,476.0,0.0,476.0,454.0,466.0,-10.0,1573900,729810600,641,372.8,466,3800,454,2000,220000000,220000000,50050000,2300,500,0,0,0
2024-12-06,AIMS,Artha Mahiya Investama Tbk.,--U-2130000000A121------------,472.0,0.0,480.0,464.0,476.0,4.0,1310000,622085800,563,380.8,474,800,464,2500,220000000,220000000,50050000,0,3400,0,0,0
2024-12-05,AIMS,Artha Mahiya Investama Tbk.,--U-2130000000A121------------,476.0,0.0,476.0,460.0,472.0,-4.0,685700,322749000,314,377.6,472,17100,470,51300,220000000,220000000,50050000,12500,0,0,0,0
2024-12-04,AIMS,Artha Mahiya Investama Tbk.,--U-2130000000A121------------,462.0,0.0,480.0,442.0,476.0,14.0,2579900,1226745200,1175,380.8,476,74700,474,51200,220000000,220000000,50050000,1900,0,0,0,0
2024-12-03,AIMS,Artha Mahiya Investama Tbk.,--U-2130000000A121------------,436.0,0.0,484.0,434.0,462.0,26.0,9924100,4564867000,3769,369.6,462,58000,452,100,220000000,220000000,50050000,153300,42100,0,0,0
2024-12-02,AIMS,Artha Mahiya Investama Tbk.,--U-2130000000A121------------,442.0,0.0,456.0,434.0,436.0,-6.0,3395100,1519065200,1172,348.8,436,800,434,19400,220000000,220000000,50050000,9800,1000,0,0,0
2024-11-29,AIMS,Artha Mahiya Investama Tbk.,--U-2130000000A121------------,466.0,0.0,466.0,418.0,442.0,-24.0,2786700,1222204200,1157,353.6,442,73000,440,31200,220000000,220000000,50050000,57000,116100,0,0,0
2024-11-28,AIMS,Artha Mahiya Investama Tbk.,--U-2130000000A121------------,480.0,0.0,490.0,464.0,466.0,-14.0,3042100,1464126800,1195,372.8,466,22500,464,10200,220000000,220000000,50050000,31500,97600,0,0,0
2024-11-26,AIMS,Artha Mahiya Investama Tbk.,--U-2130000000A121------------,448.0,0.0,498.0,444.0,480.0,32.0,9917000,4613743400,3571,384.0,484,6800,480,68800,220000000,220000000,50050000,121500,130700,0,0,0
2024-11-25,AIMS,Artha Mahiya Investama Tbk.,--U-2130000000A121------------,444.0,0.0,456.0,442.0,448.0,4.0,4922300,2207778800,1835,358.4,448,24100,446,41200,220000000,220000000,50050000,17300,100,0,0,0
2024-11-22,AIMS,Artha Mahiya Investama Tbk.,--U-2130000000A121------------,442.0,0.0,446.0,428.0,444.0,2.0,4868100,2128859800,1691,355.2,444,53300,442,40600,220000000,220000000,50050000,35800,22500,0,0,0
2024-11-21,AIMS,Artha Mahiya Investama Tbk.,--U-2130000000A121------------,416.0,0.0,442.0,414.0,442.0,26.0,10173600,4363074600,3572,353.6,442,74900,438,52800,220000000,220000000,50050000,38100,68600,0,0,0
2024-11-20,AIMS,Artha Mahiya Investama Tbk.,--U-2130000000A121------------,416.0,0.0,426.0,412.0,416.0,0.0,3033900,1273655600,1311,332.8,416,5300,414,10000,220000000,220000000,50050000,12000,0,0,0,0
2024-11-19,AIMS,Artha Mahiya Investama Tbk.,--U-2130000000A121------------,422.0,0.0,428.0,416.0,416.0,-6.0,2589900,1093303000,980,332.8,418,11900,414,12700,220000000,220000000,50050000,25100,0,0,0,0
2024-11-18,AIMS,Artha Mahiya Investama Tbk.,--U-2130000000A121------------,426.0,0.0,430.0,414.0,422.0,-4.0,2158600,914793800,765,337.6,422,41400,416,1800,220000000,220000000,50050000,26200,43200,0,0,0
2024-11-15,AIMS,Artha Mahiya Investama Tbk.,--U-2130000000A121------------,426.0,0.0,428.0,416.0,426.0,0.0,745100,317460800,196,340.8,424,41000,420,500,220000000,220000000,50050000,200,2600,0,0,0
2024-11-14,AIMS,Artha Mahiya Investama Tbk.,--U-2130000000A121------------,424.0,0.0,432.0,410.0,426.0,2.0,1330800,568138600,464,340.8,426,53300,424,53900,220000000,220000000,50050000,17900,1700,0,0,0
2024-11-13,AIMS,Artha Mahiya Investama Tbk.,--U-2130000000A121------------,426.0,0.0,444.0,414.0,424.0,-2.0,4498400,1942033200,1734,339.2,424,10900,418,2500,220000000,220000000,50050000,1800,25700,0,0,0
2024-11-12,AIMS,Artha Mahiya Investama Tbk.,--U-2130000000A121------------,440.0,0.0,442.0,404.0,426.0,-14.0,1512400,655881800,671,340.8,424,27600,406,1300,220000000,220000000,50050000,900,900,0,0,0
2024-11-11,AIMS,Artha Mahiya Investama Tbk.,--U-2130000000A121------------,448.0,0.0,452.0,400.0,440.0,-8.0,1251600,548519000,388,352.0,440,11600,438,53000,220000000,220000000,50050000,1300,1100,0,0,0
2024-11-08,AIMS,Artha Mahiya Investama Tbk.,--U-2130000000A121------------,446.0,0.0,458.0,438.0,448.0,2.0,3203000,1443396800,1175,358.4,448,3600,444,4100,220000000,220000000,50050000,11300,2300,0,0,0
2024-11-07,AIMS,Artha Mahiya Investama Tbk.,--U-2130000000A121------------,454.0,0.0,454.0,444.0,446.0,-8.0,188400,84540800,75,356.8,446,9800,444,1000,220000000,220000000,50050000,4300,500,0,0,0
2024-11-06,AIMS,Artha Mahiya Investama Tbk.,--U-2130000000A121------------,462.0,0.0,472.0,446.0,454.0,-8.0,420400,190448800,118,363.2,452,100,446,14400,220000000,220000000,50050000,1100,12400,0,0,0
2024-11-05,AIMS,Artha Mahiya Investama Tbk.,--U-2130000000A121------------,466.0,0.0,464.0,446.0,462.0,-4.0,994300,450214800,355,369.6,460,25100,446,2000,220000000,220000000,50050000,2100,0,0,0,0
2024-11-04,AIMS,Artha Mahiya Investama Tbk.,--U-2130000000A121------------,478.0,0.0,478.0,450.0,466.0,-12.0,324600,149804800,170,372.8,466,10000,464,27000,220000000,220000000,50050000,2700,0,0,0,0
2024-11-01,AIMS,Artha Mahiya Investama Tbk.,--U-2130000000A121------------,486.0,0.0,486.0,474.0,478.0,-8.0,942200,452086600,271,382.4,478,1200,476,74900,220000000,220000000,50050000,4400,400,0,0,0
2024-10-31,AIMS,Artha Mahiya Investama Tbk.,--U-2130000000A121------------,482.0,0.0,496.0,474.0,486.0,4.0,3600300,1745195000,1137,388.8,486,8600,484,189400,220000000,220000000,50050000,3300,4100,0,0,0
2024-10-30,AIMS,Artha Mahiya Investama Tbk.,--U-2130000000A121------------,482.0,0.0,494.0,466.0,482.0,0.0,4478800,2174591600,1370,385.6,482,19700,478,50000,220000000,220000000,50050000,6600,5800,0,0,0
2024-10-29,AIMS,Artha Mahiya Investama Tbk.,--U-2130000000A121------------,460.0,0.0,486.0,454.0,482.0,22.0,6832600,3237954600,1887,385.6,482,85100,480,153100,220000000,220000000,50050000,5800,10500,0,0,0
2024-10-28,AIMS,Artha Mahiya Investama Tbk.,--U-2130000000A121------------,484.0,0.0,484.0,438.0,460.0,-24.0,1588100,739929600,519,368.0,460,64200,458,51500,220000000,220000000,50050000,6800,5800,0,0,0
2024-10-25,AIMS,Artha Mahiya Investama Tbk.,--U-2130000000A121------------,486.0,0.0,498.0,470.0,484.0,-2.0,3345200,1625467400,1128,387.2,484,80800,482,167600,220000000,220000000,50050000,5800,6800,0,0,0
2024-10-24,AIMS,Artha Mahiya Investama Tbk.,--U-2130000000A121------------,620.0,0.0,625.0,470.0,486.0,-134.0,8861700,4989624400,2435,388.8,486,34700,480,2000,220000000,220000000,50050000,3200,4700,0,0,0
2024-10-23,AIMS,Artha Mahiya Investama Tbk.,--U-2130000000A121------------,635.0,0.0,645.0,600.0,620.0,-15.0,6742400,4193380500,1988,496.0,620,74600,615,259100,220000000,220000000,50050000,2900,4300,0,0,0
2024-10-22,AIMS,Artha Mahiya Investama Tbk.,--U-2130000000A121------------,625.0,0.0,645.0,610.0,635.0,10.0,9305200,5889831000,2266,508.0,635,38400,630,352500,220000000,220000000,50050000,4700,2900,0,0,0
2024-10-21,AIMS,Artha Mahiya Investama Tbk.,--U-2130000000A121------------,625.0,0.0,655.0,610.0,625.0,0.0,9092800,5754149000,2140,500.0,630,260700,625,142600,220000000,220000000,50050000,2100,4100,0,0,0
2024-10-18,AIMS,Artha Mahiya Investama Tbk.,--U-2130000000A121------------,590.0,0.0,635.0,585.0,625.0,35.0,11507900,7084687500,2723,500.0,625,236200,620,368300,220000000,220000000,50050000,52000,9100,0,0,0
2024-10-17,AIMS,Artha Mahiya Investama Tbk.,--U-2130000000A121------------,525.0,0.0,590.0,505.0,590.0,65.0,16486700,8955135500,4057,472.0,595,153600,590,221700,220000000,220000000,50050000,2600,51100,0,0,0
2024-10-16,AIMS,Artha Mahiya Investama Tbk.,--U-2130000000A121------------,484.0,0.0,530.0,482.0,525.0,41.0,12096200,6103879500,2900,420.0,525,142100,520,330100,220000000,220000000,50050000,17800,2500,0,0,0
2024-10-15,AIMS,Artha Mahiya Investama Tbk.,--U-2130000000A121------------,472.0,0.0,488.0,470.0,484.0,12.0,9920900,4767903000,2183,387.2,484,84200,482,354500,220000000,220000000,50050000,35000,1000,0,0,0
2024-10-14,AIMS,Artha Mahiya Investama Tbk.,--U-2130000000A121------------,456.0,0.0,476.0,456.0,472.0,16.0,11739400,5501893600,3250,377.6,474,136600,472,126800,220000000,220000000,50050000,0,50800,0,0,0
2024-10-11,AIMS,Artha Mahiya Investama Tbk.,--U-2130000000A121------------,446.0,0.0,460.0,446.0,456.0,10.0,2879800,1308334000,744,364.8,456,138400,454,238700,220000000,220000000,50050000,0,2000,0,0,0
2024-10-10,AIMS,Artha Mahiya Investama Tbk.,--U-2130000000A121------------,438.0,0.0,458.0,436.0,446.0,8.0,9575900,4287282200,2764,356.8,446,19300,444,11300,220000000,220000000,50050000,0,0,0,0,0
2024-10-09,AIMS,Artha Mahiya Investama Tbk.,--U-2130000000A121------------,438.0,0.0,440.0,420.0,438.0,0.0,73300,31404400,47,350.4,438,4000,420,1100,220000000,220000000,50050000,0,0,0,0,0
2024-10-08,AIMS,Artha Mahiya Investama Tbk.,--U-2130000000A121------------,444.0,0.0,456.0,432.0,438.0,-6.0,39200,17234800,37,350.4,448,15300,438,3600,220000000,220000000,50050000,0,0,0,0,0
2024-10-07,AIMS,Artha Mahiya Investama Tbk.,--U-2130000000A121------------,446.0,0.0,448.0,430.0,444.0,-2.0,40100,17656400,44,355.2,444,63500,430,4900,220000000,220000000,50050000,0,0,0,0,0
2024-10-04,AIMS,Artha Mahiya Investama Tbk.,--U-2130000000A121------------,448.0,0.0,468.0,438.0,446.0,-2.0,34200,15656200,34,356.8,448,37700,438,300,220000000,220000000,50050000,0,0,0,0,0
2024-10-03,AIMS,Artha Mahiya Investama Tbk.,--U-2130000000A121------------,440.0,0.0,458.0,436.0,448.0,8.0,6500,2935800,23,358.4,456,29900,448,300,220000000,220000000,50050000,0,0,0,0,0
2024-10-02,AIMS,Artha Mahiya Investama Tbk.,--U-2130000000A121------------,454.0,0.0,476.0,436.0,440.0,-14.0,53800,23755200,43,352.0,448,2000,440,200,220000000,220000000,50050000,0,0,0,0,0
2024-10-01,AIMS,Artha Mahiya Investama Tbk.,--U-2130000000A121------------,458.0,0.0,458.0,444.0,454.0,-4.0,23900,10786400,29,363.2,454,500,410,700,220000000,220000000,50050000,0,0,0,0,0
2024-09-30,AIMS,Artha Mahiya Investama Tbk.,--U-2130000000A121------------,462.0,0.0,458.0,458.0,458.0,-4.0,300,137400,2,366.4,460,2100,402,3700,220000000,220000000,50050000,0,0,0,0,0
2024-09-27,AIMS,Artha Mahiya Investama Tbk.,--U-2130000000A121------------,464.0,0.0,464.0,448.0,462.0,-2.0,132000,60571800,72,369.6,462,3700,450,800,220000000,220000000,50050000,0,0,0,0,0
2024-09-26,AIMS,Artha Mahiya Investama Tbk.,--U-2130000000A121------------,460.0,0.0,472.0,446.0,464.0,4.0,121000,56050000,42,371.2,458,7800,446,100,220000000,220000000,50050000,0,0,0,0,0
2024-09-25,AIMS,Artha Mahiya Investama Tbk.,--U-2130000000A121------------,466.0,0.0,464.0,440.0,460.0,-6.0,392200,180645400,189,368.0,460,12200,450,1200,220000000,220000000,50050000,0,0,0,0,0
2024-09-24,AIMS,Artha Mahiya Investama Tbk.,--U-2130000000A121------------,478.0,0.0,484.0,360.0,466.0,-12.0,138200,62541000,148,372.8,466,8500,458,5700,220000000,220000000,50050000,0,0,0,0,0
2024-09-23,AIMS,Artha Mahiya Investama Tbk.,--U-2130000000A121------------,482.0,0.0,490.0,478.0,478.0,-4.0,24800,11927200,28,382.4,484,8700,478,3600,220000000,220000000,50050000,0,0,0,0,0
2024-09-20,AIMS,Artha Mahiya Investama Tbk.,--U-2130000000A121------------,488.0,0.0,484.0,482.0,482.0,-6.0,8700,4205600,16,385.6,484,32000,482,300,220000000,220000000,50050000,100,0,0,0,0
2024-09-19,AIMS,Artha Mahiya Investama Tbk.,--U-2130000000A121------------,490.0,0.0,490.0,478.0,488.0,-2.0,153700,74953200,77,390.4,488,21500,484,600,220000000,220000000,50050000,0,0,0,0,0
2024-09-18,AIMS,Artha Mahiya Investama Tbk.,--U-2130000000A121------------,488.0,0.0,490.0,486.0,490.0,2.0,185500,90479400,122,392.0,490,39200,486,4500,220000000,220000000,50050000,0,0,0,0,0
2024-09-17,AIMS,Artha Mahiya Investama Tbk.,--U-2130000000A121------------,488.0,0.0,498.0,484.0,488.0,0.0,432800,213001400,171,390.4,490,1900,488,1500,220000000,220000000,50050000,0,0,0,0,0
2024-09-13,AIMS,Artha Mahiya Investama Tbk.,--U-2130000000A121------------,492.0,0.0,496.0,484.0,488.0,-4.0,378700,186348600,119,390.4,488,900,486,200,220000000,220000000,50050000,0,0,0,0,0
2024-09-12,AIMS,Artha Mahiya Investama Tbk.,--U-2130000000A121------------,494.0,0.0,496.0,482.0,492.0,-2.0,1336700,651763400,386,393.6,492,5600,486,300,220000000,220000000,50050000,0,0,0,0,0
2024-09-11,AIMS,Artha Mahiya Investama Tbk.,--U-2130000000A121------------,498.0,0.0,510.0,490.0,494.0,-4.0,3593900,1793184700,1564,395.2,494,12200,490,1700,220000000,220000000,50050000,0,0,0,0,0
2024-09-10,AIMS,Artha Mahiya Investama Tbk.,--U-2130000000A121------------,510.0,0.0,510.0,494.0,498.0,-12.0,1703900,854791600,807,398.4,498,103000,496,20000,220000000,220000000,50050000,100,0,0,0,0
2024-09-09,AIMS,Artha Mahiya Investama Tbk.,--U-2130000000A121------------,500.0,0.0,515.0,496.0,510.0,10.0,2921100,1472684800,1635,408.0,510,12800,505,145000,220000000,220000000,50050000,0,0,0,0,0
2024-09-06,AIMS,Artha Mahiya Investama Tbk.,--U-2130000000A121------------,505.0,0.0,505.0,498.0,500.0,-5.0,865700,433863700,382,400.0,500,42200,498,144500,220000000,220000000,50050000,0,0,0,0,0
2024-09-05,AIMS,Artha Mahiya Investama Tbk.,--U-2130000000A121------------,500.0,0.0,505.0,498.0,505.0,5.0,1430200,715352400,523,404.0,505,51000,500,136300,220000000,220000000,50050000,0,0,0,0,0
2024-09-04,AIMS,Artha Mahiya Investama Tbk.,--U-2130000000A121------------,498.0,0.0,510.0,492.0,500.0,2.0,4503700,2262655800,1766,400.0,500,15200,498,9600,220000000,220000000,50050000,0,0,0,0,0
2024-09-03,AIMS,Artha Mahiya Investama Tbk.,--U-2130000000A121------------,510.0,0.0,515.0,498.0,498.0,-12.0,1807500,906962900,832,398.4,498,20800,496,11400,220000000,220000000,50050000,0,0,0,0,0
2024-09-02,AIMS,Artha Mahiya Investama Tbk.,--U-2130000000A121------------,494.0,0.0,520.0,472.0,510.0,16.0,5815600,2905415600,2257,408.0,510,56600,505,233700,220000000,220000000,50050000,0,0,0,0,0
2024-08-30,AIMS,Artha Mahiya Investama Tbk.,--U-2130000000A121------------,492.0,0.0,500.0,490.0,494.0,2.0,1041100,517549400,673,395.2,496,39200,490,1100,220000000,220000000,50050000,0,0,0,0,0
2024-08-29,AIMS,Artha Mahiya Investama Tbk.,--U-2130000000A121------------,496.0,0.0,496.0,484.0,492.0,-4.0,903500,441858200,477,393.6,492,10600,486,14100,220000000,220000000,50050000,0,0,0,0,0
2024-08-28,AIMS,Artha Mahiya Investama Tbk.,--U-2130000000A121------------,498.0,0.0,500.0,478.0,496.0,-2.0,904700,444584400,406,396.8,496,17900,488,5000,220000000,220000000,50050000,0,0,0,0,0
2024-08-27,AIMS,Artha Mahiya Investama Tbk.,--U-2130000000A121------------,492.0,0.0,500.0,470.0,498.0,6.0,1729700,842754000,775,398.4,498,12100,492,1100,220000000,220000000,50050000,100,0,0,0,0
2024-08-26,AIMS,Artha Mahiya Investama Tbk.,--U-2130000000A121------------,505.0,0.0,500.0,488.0,492.0,-13.0,1033400,512035400,324,393.6,492,8400,490,2300,220000000,220000000,50050000,100,0,0,0,0
2024-08-23,AIMS,Artha Mahiya Investama Tbk.,--U-2130000000A121------------,505.0,0.0,505.0,496.0,505.0,0.0,1730100,865334200,1136,404.0,505,94600,498,2100,220000000,220000000,50050000,100,0,0,0,0
2024-08-22,AIMS,Artha Mahiya Investama Tbk.,--U-2130000000A121------------,505.0,0.0,510.0,492.0,505.0,0.0,606100,305688900,461,404.0,505,70800,494,4100,220000000,220000000,50050000,100,0,0,0,0
2024-08-21,AIMS,Artha Mahiya Investama Tbk.,--U-2130000000A121------------,500.0,0.0,510.0,492.0,505.0,5.0,1008300,501998200,1023,404.0,505,13200,500,1300,220000000,220000000,50050000,100,0,0,0,0
2024-08-20,AIMS,Artha Mahiya Investama Tbk.,--U-2130000000A121------------,505.0,0.0,510.0,490.0,500.0,-5.0,1112200,554267700,1496,400.0,500,10100,490,7700,220000000,220000000,50050000,200,0,0,0,0
2024-08-19,AIMS,Artha Mahiya Investama Tbk.,--U-2130000000A121------------,500.0,0.0,515.0,486.0,505.0,5.0,1138800,573595300,1002,404.0,505,18900,500,13600,220000000,220000000,50050000,200,0,0,0,0
2024-08-16,AIMS,Artha Mahiya Investama Tbk.,--U-2130000000A121------------,500.0,0.0,520.0,488.0,500.0,0.0,1612800,812220700,1065,400.0,500,700,498,12500,220000000,220000000,50050000,300,0,0,0,0
2024-08-15,AIMS,Artha Mahiya Investama Tbk.,--U-2130000000A121------------,500.0,0.0,545.0,470.0,510.0,10.0,1211300,612399100,809,408.0,510,9900,505,1100,220000000,220000000,50050000,500,0,0,0,0
2024-08-14,AIMS,Artha Mahiya Investama Tbk.,--U-2130000000A121------------,500.0,0.0,545.0,470.0,510.0,10.0,1211300,612399100,809,408.0,510,9900,505,1100,220000000,220000000,50050000,500,0,0,0,0
2024-08-13,AIMS,Artha Mahiya Investama Tbk.,--U-2130000000A121------------,540.0,0.0,565.0,494.0,500.0,-40.0,2076900,1067898600,999,400.0,520,5400,500,1700,220000000,220000000,50050000,600,0,0,0,0
2024-08-12,AIMS,Artha Mahiya Investama Tbk.,--U-2130000000A121------------,560.0,0.0,560.0,492.0,540.0,-20.0,1359300,714744200,667,432.0,540,3200,535,9200,220000000,220000000,50050000,800,0,0,0,0
2024-08-09,AIMS,Artha Mahiya Investama Tbk.,--U-2130000000A121------------,585.0,0.0,610.0,545.0,560.0,-25.0,870600,493353000,1086,448.0,565,200,560,1100,220000000,220000000,50050000,1000,0,0,0,0
2024-08-08,AIMS,Artha Mahiya Investama Tbk.,--U-2130000000A121------------,570.0,0.0,610.0,530.0,585.0,15.0,1021600,577595500,500,468.0,585,5900,570,6000,220000000,220000000,50050000,1300,0,0,0,0
2024-08-07,AIMS,Artha Mahiya Investama Tbk.,--U-2130000000A121------------,565.0,0.0,660.0,565.0,570.0,5.0,617800,373883000,392,456.0,590,700,570,36400,220000000,220000000,50050000,1800,0,0,0,0
2024-08-06,AIMS,Artha Mahiya Investama Tbk.,--U-2130000000A121------------,615.0,0.0,635.0,500.0,565.0,-50.0,1059400,644149000,418,452.0,595,100,565,1000,220000000,220000000,50050000,2500,0,0,0,0
2024-08-05,AIMS,Artha Mahiya Investama Tbk.,--U-2130000000A121------------,605.0,0.0,740.0,600.0,615.0,10.0,2008000,1321040500,1278,492.0,615,7100,605,4300,220000000,220000000,50050000,52600,0,0,0,0
2024-08-02,AIMS,Artha Mahiya Investama Tbk.,--U-2130000000A121------------,675.0,0.0,750.0,510.0,605.0,-70.0,2186300,1294094500,1231,484.0,615,1000,605,11700,220000000,220000000,50050000,180600,4000,0,0,0
2024-08-01,AIMS,Artha Mahiya Investama Tbk.,--U-2130000000A121------------,540.0,0.0,675.0,580.0,675.0,135.0,1708200,1143603500,335,540.0,0,0,675,4019600,220000000,220000000,50050000,0,2000,0,0,0
2024-07-31,AIMS,Artha Mahiya Investama Tbk.,--U-4130000000A121----S------X,394.0,0.0,432.0,432.0,432.0,38.0,119100,51451200,36,345.6,0,0,432,46500,220000000,220000000,50050000,0,0,0,0,0
2024-07-30,AIMS,Artha Mahiya Investama Tbk.,--U-4130000000A121----S------X,394.0,0.0,432.0,432.0,432.0,38.0,119100,51451200,36,345.6,0,0,432,46500,220000000,220000000,50050000,0,0,0,0,0
2024-07-29,AIMS,Artha Mahiya Investama Tbk.,--U-4130000000A121----S------X,362.0,0.0,394.0,362.0,394.0,32.0,121900,46658600,24,315.2,394,7600,390,10000,220000000,220000000,50050000,0,0,0,0,0
2024-07-26,AIMS,Artha Mahiya Investama Tbk.,--U-4130000000A121----S------X,330.0,0.0,362.0,348.0,362.0,32.0,16500,5762600,13,289.6,0,0,362,6000,220000000,220000000,50050000,0,0,0,0,0
2024-07-25,AIMS,Artha Mahiya Investama Tbk.,--U-4130000000A121----S------X,314.0,0.0,330.0,320.0,330.0,16.0,62800,20623200,9,264.0,0,0,330,3700,220000000,220000000,50050000,0,0,0,0,0
2024-07-24,AIMS,Artha Mahiya Investama Tbk.,--U-4130000000A121----S------X,318.0,0.0,314.0,314.0,314.0,-4.0,6300,1978200,1,251.2,314,2100,288,100,220000000,220000000,50050000,0,0,0,0,0
2024-07-23,AIMS,Artha Mahiya Investama Tbk.,--U-4130000000A121----S------X,316.0,0.0,318.0,318.0,318.0,2.0,15700,4992600,3,254.4,316,1600,0,0,220000000,220000000,50050000,0,0,0,0,0
2024-07-22,AIMS,Artha Mahiya Investama Tbk.,--U-4130000000A121----S------X,316.0,0.0,316.0,316.0,316.0,0.0,400,126400,1,252.8,316,16400,314,6300,220000000,220000000,50050000,0,0,0,0,0
2024-07-19,AIMS,Artha Mahiya Investama Tbk.,--U-4130000000A121----S------X,316.0,0.0,0.0,0.0,316.0,0.0,0,0,0,252.8,0,0,314,6300,220000000,220000000,50050000,0,0,0,0,0
2024-07-18,AIMS,Artha Mahiya Investama Tbk.,--U-4130000000A121----S------X,316.0,0.0,316.0,316.0,316.0,0.0,37800,11944800,5,252.8,316,7200,314,6300,220000000,220000000,50050000,0,0,0,0,0
2024-07-17,AIMS,Artha Mahiya Investama Tbk.,--U-4130000000A121----S------X,314.0,0.0,344.0,316.0,316.0,2.0,34000,10746800,9,252.8,344,38500,316,4400,220000000,220000000,50050000,0,0,0,0,0
2024-07-16,AIMS,Artha Mahiya Investama Tbk.,--U-4130000000A121----S------X,314.0,0.0,316.0,314.0,314.0,0.0,193800,60916400,12,251.2,316,62100,314,31200,220000000,220000000,50050000,0,0,0,0,0
2024-07-12,AIMS,Artha Mahiya Investama Tbk.,--U-4130000000A121----S------X,310.0,0.0,310.0,310.0,310.0,0.0,400,124000,3,248.0,310,65200,0,0,220000000,220000000,50050000,0,0,0,0,0
2024-07-11,AIMS,Artha Mahiya Investama Tbk.,--U-4130000000A121----S------X,310.0,0.0,310.0,310.0,310.0,0.0,100,31000,1,248.0,310,23700,280,20100,220000000,220000000,50050000,0,0,0,0,0
2024-07-10,AIMS,Artha Mahiya Investama Tbk.,--U-4130000000A121----S------X,316.0,0.0,316.0,310.0,310.0,-6.0,15200,4754800,6,248.0,310,11700,286,100,220000000,220000000,50050000,0,0,0,0,0
2024-07-09,AIMS,Artha Mahiya Investama Tbk.,--U-4130000000A121----S------X,316.0,0.0,344.0,316.0,316.0,0.0,9600,3036400,7,252.8,316,5300,286,100,220000000,220000000,50050000,0,0,0,0,0
2024-07-08,AIMS,Artha Mahiya Investama Tbk.,--U-4130000000A121----S------X,316.0,0.0,316.0,316.0,316.0,0.0,200,63200,2,252.8,316,24500,286,200,220000000,220000000,50050000,0,0,0,0,0
2024-07-05,AIMS,Artha Mahiya Investama Tbk.,--U-4130000000A121----S------X,316.0,0.0,316.0,316.0,316.0,0.0,1300,410800,2,252.8,316,56100,0,0,220000000,220000000,50050000,0,0,0,0,0
2024-07-04,AIMS,Artha Mahiya Investama Tbk.,--U-4130000000A121----S------X,334.0,0.0,328.0,316.0,316.0,-18.0,84700,26844400,32,252.8,316,103400,302,10100,220000000,220000000,50050000,2400,0,0,0,0
2024-07-03,AIMS,Artha Mahiya Investama Tbk.,--U-4130000000A121----S------X,334.0,0.0,328.0,316.0,316.0,-18.0,84700,26844400,32,252.8,316,103400,302,10100,220000000,220000000,50050000,2400,0,0,0,0
2024-07-02,AIMS,Artha Mahiya Investama Tbk.,--U-4130000000A121----S------X,334.0,0.0,334.0,318.0,334.0,0.0,48100,15576200,10,267.2,334,57200,318,3200,220000000,220000000,50050000,3000,0,0,0,0
2024-07-01,AIMS,Artha Mahiya Investama Tbk.,--U-4130000000A121----S------X,336.0,0.0,336.0,334.0,334.0,-2.0,18200,6111800,7,267.2,332,14400,0,0,220000000,220000000,50050000,0,0,0,0,0
2024-06-28,AIMS,Artha Mahiya Investama Tbk.,--U-4130000000A121----S------X,310.0,0.0,330.0,280.0,330.0,20.0,36100,10835600,35,264.0,326,9100,282,12000,220000000,220000000,49852000,3500,0,0,0,0
2024-06-27,AIMS,Artha Mahiya Investama Tbk.,--U-4130000000A121----S------X,326.0,0.0,324.0,310.0,310.0,-16.0,20100,6246400,19,248.0,310,36000,0,0,220000000,220000000,49852000,3300,0,0,0,0
2024-06-26,AIMS,Artha Mahiya Investama Tbk.,--U-4130000000A121----S------X,324.0,0.0,326.0,314.0,326.0,2.0,78200,25420600,28,260.8,324,17000,314,5600,220000000,220000000,49852000,3200,0,0,0,0
2024-06-25,AIMS,Artha Mahiya Investama Tbk.,--U-4130000000A121----S------X,324.0,0.0,326.0,314.0,326.0,2.0,78200,25420600,28,260.8,324,17000,314,5600,220000000,220000000,49852000,3200,0,0,0,0
2024-06-24,AIMS,Artha Mahiya Investama Tbk.,--U-4130000000A121----S------X,336.0,0.0,340.0,324.0,324.0,-12.0,14000,4552800,33,259.2,324,19900,310,10000,220000000,220000000,49852000,3500,0,0,0,0
2024-06-21,AIMS,Artha Mahiya Investama Tbk.,--U-4130000000A121----S------X,330.0,0.0,336.0,324.0,336.0,6.0,20100,6646800,31,268.8,362,30000,336,200,220000000,220000000,49852000,4100,0,0,0,0
2024-06-20,AIMS,Artha Mahiya Investama Tbk.,--U-4130000000A121----S------X,324.0,0.0,336.0,324.0,330.0,6.0,41600,13685400,22,264.0,330,13800,324,12500,220000000,220000000,49852000,6800,0,0,0,0
2024-06-19,AIMS,Artha Mahiya Investama Tbk.,--U-4130000000A121----S------X,358.0,0.0,358.0,324.0,324.0,-34.0,28500,9775600,12,259.2,330,5000,0,0,220000000,220000000,49852000,4300,0,0,0,0
2024-06-14,AIMS,Artha Mahiya Investama Tbk.,--U-4130000000A121----S------X,362.0,0.0,390.0,358.0,358.0,-4.0,2400,862400,5,286.4,358,24000,326,100,220000000,220000000,49852000,300,0,0,0,0
2024-06-13,AIMS,Artha Mahiya Investama Tbk.,--U-4130000000A121----S------X,360.0,0.0,396.0,362.0,362.0,2.0,8200,3107800,8,289.6,380,400,360,5300,220000000,220000000,49852000,1400,0,0,0,0
2024-06-12,AIMS,Artha Mahiya Investama Tbk.,--U-4130000000A121----S------X,350.0,0.0,360.0,346.0,360.0,10.0,126100,45394600,12,288.0,360,31900,0,0,220000000,220000000,49852000,58900,0,0,0,0
2024-06-11,AIMS,Artha Mahiya Investama Tbk.,--U-4130000000A121----S------X,358.0,0.0,360.0,350.0,350.0,-8.0,61400,21558000,11,280.0,350,25400,0,0,220000000,220000000,49852000,4900,0,0,0,0
2024-06-10,AIMS,Artha Mahiya Investama Tbk.,--U-4130000000A121----S------X,368.0,0.0,376.0,358.0,358.0,-10.0,39000,14600000,7,286.4,376,21300,0,0,220000000,220000000,49852000,2400,0,0,0,0
2024-06-07,AIMS,Artha Mahiya Investama Tbk.,--U-4130000000A121----S------X,396.0,0.0,394.0,368.0,368.0,-28.0,45000,16950000,10,294.4,394,6800,0,0,220000000,220000000,49852000,1500,0,0,0,0
2024-06-06,AIMS,Artha Mahiya Investama Tbk.,--U-4130000000A121----S------X,398.0,0.0,396.0,396.0,396.0,-2.0,13100,5187600,3,316.8,396,30700,0,0,220000000,220000000,49852000,0,0,0,0,0
2024-06-05,AIMS,Artha Mahiya Investama Tbk.,--U-4130000000A121----S------X,398.0,0.0,398.0,398.0,398.0,0.0,4500,1791000,6,318.4,396,25000,372,100,220000000,220000000,49852000,0,0,0,0,0
2024-06-04,AIMS,Artha Mahiya Investama Tbk.,--U-4130000000A121----S------X,396.0,0.0,398.0,398.0,398.0,2.0,130500,51939000,5,318.4,396,11300,0,0,220000000,220000000,49852000,0,0,0,0,0
2024-06-03,AIMS,Artha Mahiya Investama Tbk.,--U-4130000000A121----S------X,398.0,0.0,398.0,396.0,396.0,-2.0,8800,3498400,7,316.8,396,33400,0,0,220000000,220000000,49852000,0,0,0,0,0
2024-05-31,AIMS,Artha Mahiya Investama Tbk.,--U-4130000000A121----S------X,382.0,0.0,398.0,350.0,398.0,16.0,103200,37086400,26,318.4,370,15000,350,28300,220000000,220000000,49852000,0,0,0,0,0
2024-05-30,AIMS,Artha Mahiya Investama Tbk.,--U-4130000000A121----S------X,414.0,0.0,414.0,382.0,382.0,-32.0,14400,5520800,7,305.6,414,6100,380,1000,220000000,220000000,49852000,13900,0,0,0,0
2024-05-29,AIMS,Artha Mahiya Investama Tbk.,--U-4130000000A121----S------X,414.0,0.0,416.0,414.0,414.0,0.0,12300,5098200,11,331.2,414,6000,380,1000,220000000,220000000,49852000,9200,0,0,0,0
2024-05-28,AIMS,Artha Mahiya Investama Tbk.,--U-4130000000A121----S------X,410.0,0.0,414.0,410.0,414.0,4.0,47300,19581000,9,331.2,414,15800,380,1000,220000000,220000000,49852000,0,0,0,0,0
2024-05-27,AIMS,Artha Mahiya Investama Tbk.,--U-4130000000A121----S------X,406.0,0.0,410.0,398.0,410.0,4.0,388900,159375600,14,328.0,414,10000,410,1000,220000000,220000000,49852000,0,0,0,0,0
2024-05-22,AIMS,Artha Mahiya Investama Tbk.,--U-4130000000A121----S------X,402.0,0.0,406.0,402.0,406.0,4.0,20000,8100000,7,324.8,404,13700,400,3000,220000000,220000000,49852000,0,0,0,0,0
2024-05-21,AIMS,Artha Mahiya Investama Tbk.,--U-4130000000A121----S------X,380.0,0.0,402.0,380.0,402.0,22.0,40000,15940400,16,321.6,404,10000,402,1000,220000000,220000000,49852000,0,0,0,0,0
2024-05-20,AIMS,Artha Mahiya Investama Tbk.,--U-4130000000A121----S------X,388.0,0.0,380.0,380.0,380.0,-8.0,42900,16302000,15,304.0,378,16800,360,400,220000000,220000000,49852000,0,0,0,0,0
2024-05-17,AIMS,Artha Mahiya Investama Tbk.,--U-4130000000A121----S------X,400.0,0.0,392.0,388.0,388.0,-12.0,75900,29563400,27,310.4,388,29600,370,10000,220000000,220000000,49852000,0,0,0,0,0
2024-05-16,AIMS,Artha Mahiya Investama Tbk.,--U-4130000000A121----S------X,422.0,0.0,422.0,400.0,400.0,-22.0,101600,40777400,56,320.0,400,46500,0,0,220000000,220000000,49852000,0,4300,0,0,0
2024-05-15,AIMS,Artha Mahiya Investama Tbk.,--U-4130000000A121----S------X,450.0,0.0,430.0,422.0,422.0,-28.0,57700,24480600,22,337.6,422,55500,406,10000,220000000,220000000,49852000,0,0,0,0,0
2024-05-14,AIMS,Artha Mahiya Investama Tbk.,--U-4130000000A121----S------X,500.0,0.0,450.0,450.0,450.0,-50.0,43000,19350000,15,360.0,450,12100,0,0,220000000,220000000,49852000,0,0,0,0,0
2024-05-13,AIMS,Artha Mahiya Investama Tbk.,--U-4130000000A121----S------X,525.0,0.0,525.0,500.0,500.0,-25.0,7600,3879000,13,400.0,500,54200,490,15000,220000000,220000000,49852000,0,0,0,0,0
2024-05-08,AIMS,Akbar Indo Makmur Stimec Tbk,--U-4130000000A121----S------X,535.0,0.0,535.0,525.0,525.0,-10.0,10900,5734500,6,420.0,525,400,0,0,220000000,220000000,49852000,0,0,0,0,0
2024-05-07,AIMS,Akbar Indo Makmur Stimec Tbk,--U-4130000000A121----S------X,500.0,0.0,540.0,500.0,535.0,35.0,599200,319716500,123,428.0,535,9800,505,100,220000000,220000000,49852000,0,0,0,0,0
2024-05-06,AIMS,Akbar Indo Makmur Stimec Tbk,--U-4130000000A121----S------X,545.0,0.0,535.0,500.0,500.0,-45.0,9100,4691000,15,400.0,500,26200,492,100,220000000,220000000,49852000,0,0,0,0,0
2024-05-03,AIMS,Akbar Indo Makmur Stimec Tbk,--U-4130000000A121----S------X,555.0,0.0,555.0,545.0,545.0,-10.0,25000,13716000,11,436.0,545,406400,510,2000,220000000,220000000,49852000,0,0,0,0,0
2024-05-02,AIMS,Akbar Indo Makmur Stimec Tbk,--U-4130000000A121----S------X,610.0,0.0,600.0,555.0,555.0,-55.0,97400,54297000,7,444.0,550,309600,0,0,220000000,220000000,49852000,0,0,0,0,0
2024-04-30,AIMS,Akbar Indo Makmur Stimec Tbk,--U-4130000000A121----S------X,620.0,0.0,615.0,610.0,610.0,-10.0,4003700,2442260000,62,488.0,605,340700,600,1000,220000000,220000000,49852000,0,0,0,0,0
2024-04-29,AIMS,Akbar Indo Makmur Stimec Tbk,--U-4130000000A121----S------X,610.0,0.0,620.0,555.0,620.0,10.0,4216300,2418926000,76,496.0,620,410800,600,700,220000000,220000000,49852000,0,0,0,0,0
2024-04-26,AIMS,Akbar Indo Makmur Stimec Tbk,--U-4130000000A121----S------X,600.0,0.0,610.0,540.0,610.0,10.0,4073900,2232886000,78,488.0,610,431100,560,1000,220000000,220000000,49852000,0,0,0,0,0
2024-04-25,AIMS,Akbar Indo Makmur Stimec Tbk,--U-4130000000A121----S------X,595.0,0.0,600.0,590.0,600.0,5.0,3284000,1953982000,68,480.0,620,300,600,14400,220000000,220000000,49852000,0,0,0,0,0
2024-04-24,AIMS,Akbar Indo Makmur Stimec Tbk,--U-4130000000A121----S------X,595.0,0.0,650.0,595.0,595.0,0.0,3307700,2045722500,66,476.0,590,1900,0,0,220000000,220000000,49852000,0,0,0,0,0
2024-04-23,AIMS,Akbar Indo Makmur Stimec Tbk,--U-4130000000A121----S------X,585.0,0.0,595.0,590.0,595.0,10.0,3020800,1789802500,54,476.0,595,63200,585,500,220000000,220000000,49852000,0,0,0,0,0
2024-04-22,AIMS,Akbar Indo Makmur Stimec Tbk,--U-4130000000A121----S------X,595.0,0.0,590.0,585.0,585.0,-10.0,4087700,2391528500,60,468.0,585,31700,580,2100,220000000,220000000,49852000,0,0,0,0,0
2024-04-19,AIMS,Akbar Indo Makmur Stimec Tbk,--U-4130000000A121----S------X,635.0,0.0,620.0,595.0,595.0,-40.0,4017400,2390535500,66,476.0,595,70800,590,38000,220000000,220000000,49852000,0,0,0,0,0
2024-04-18,AIMS,Akbar Indo Makmur Stimec Tbk,--U-4130000000A121----S------X,580.0,0.0,635.0,590.0,635.0,55.0,4137400,2466947000,78,508.0,635,26400,595,1000,220000000,220000000,49852000,0,0,0,0,0
2024-04-17,AIMS,Akbar Indo Makmur Stimec Tbk,--U-4130000000A121----S------X,530.0,0.0,580.0,565.0,580.0,50.0,3757600,2124865500,85,464.0,580,8600,540,100,220000000,220000000,49852000,0,0,0,0,0
2024-04-16,AIMS,Akbar Indo Makmur Stimec Tbk,--U-4130000000A121----S------X,490.0,0.0,530.0,490.0,530.0,40.0,134600,68658400,39,424.0,0,0,530,72600,220000000,220000000,49852000,0,0,0,0,0
2024-04-05,AIMS,Akbar Indo Makmur Stimec Tbk,--U-4130000000A121----S------X,448.0,0.0,490.0,450.0,490.0,42.0,283500,134895000,59,392.0,490,32100,480,10000,220000000,220000000,49852000,100000,36500,0,0,0
2024-04-04,AIMS,Akbar Indo Makmur Stimec Tbk,--U-4130000000A121----S------X,434.0,0.0,450.0,392.0,448.0,14.0,2128900,920732200,91,358.4,450,114000,448,129300,220000000,220000000,49852000,0,44600,0,0,0
2024-04-03,AIMS,Akbar Indo Makmur Stimec Tbk,--U-4130000000A121----S------X,480.0,0.0,480.0,434.0,434.0,-46.0,344400,152031200,48,347.2,468,200,434,82400,220000000,220000000,49852000,0,6500,0,0,0
2024-04-02,AIMS,Akbar Indo Makmur Stimec Tbk,--U-4130000000A121----S------X,482.0,0.0,482.0,480.0,480.0,-2.0,510300,245733200,74,384.0,482,207900,480,6400,220000000,220000000,49852000,0,37400,0,0,0
2024-04-01,AIMS,Akbar Indo Makmur Stimec Tbk,--U-4130000000A121----S------X,535.0,0.0,484.0,482.0,482.0,-53.0,927800,448142600,74,385.6,484,261400,482,100,220000000,220000000,49852000,0,0,0,0,0
2024-03-28,AIMS,Akbar Indo Makmur Stimec Tbk,--U-4130000000A121----S------X,590.0,0.0,535.0,535.0,535.0,-55.0,325900,174356500,38,428.0,535,686500,0,0,220000000,220000000,38786000,0,0,0,0,0
2024-03-27,AIMS,Akbar Indo Makmur Stimec Tbk,--U-4130000000A121----S------X,605.0,0.0,620.0,590.0,590.0,-15.0,105800,63640500,42,472.0,590,29900,575,8700,220000000,220000000,38786000,0,0,0,0,0
2024-03-26,AIMS,Akbar Indo Makmur Stimec Tbk,--U-4130000000A121----S------X,610.0,0.0,650.0,605.0,605.0,-5.0,275100,175314000,82,484.0,605,38800,600,3000,220000000,220000000,38786000,5900,0,75000,48375000,1
2024-03-22,AIMS,Akbar Indo Makmur Stimec Tbk,--U-4130000000A121----S------X,515.0,0.0,565.0,515.0,565.0,50.0,1829600,1023561500,938,452.0,0,0,565,2872700,220000000,220000000,38786000,6500,56000,0,0,0
2024-03-21,AIMS,Akbar Indo Makmur Stimec Tbk,--U-4130000000A121----S------X,515.0,0.0,530.0,464.0,515.0,0.0,1690200,820100700,761,412.0,515,76500,470,100,220000000,220000000,38786000,24900,49500,0,0,0
2024-03-20,AIMS,Akbar Indo Makmur Stimec Tbk,--U-4130000000A121----S------X,555.0,0.0,550.0,500.0,515.0,-40.0,2646000,1327595500,1879,412.0,515,125800,510,12000,220000000,220000000,38786000,105200,112200,0,0,0
2024-03-19,AIMS,Akbar Indo Makmur Stimec Tbk,--U-4130000000A121----S------X,605.0,0.0,605.0,545.0,555.0,-50.0,3113900,1720811500,4592,444.0,555,172500,550,10900,220000000,220000000,38786000,117700,32900,0,0,0
2024-03-18,AIMS,Akbar Indo Makmur Stimec Tbk,--U-4130000000A121----S------X,670.0,0.0,680.0,605.0,605.0,-65.0,5392500,3455758500,5366,484.0,605,43900,0,0,220000000,220000000,38786000,23000,26300,0,0,0
2024-03-15,AIMS,Akbar Indo Makmur Stimec Tbk,--U-4130000000A121----S------X,715.0,0.0,725.0,670.0,670.0,-45.0,5989700,4138089500,5266,536.0,670,42600,665,16900,220000000,220000000,38786000,22500,116000,0,0,0
2024-03-14,AIMS,Akbar Indo Makmur Stimec Tbk,--U-4130000000A121----S------X,705.0,0.0,725.0,665.0,715.0,10.0,6618800,4655033000,6089,572.0,715,90100,710,14500,220000000,220000000,38786000,69800,24000,0,0,0
2024-03-13,AIMS,Akbar Indo Makmur Stimec Tbk,--U-4130000000A121----S------X,710.0,0.0,755.0,640.0,705.0,-5.0,3533400,2486226000,3190,564.0,705,2100,700,6200,220000000,220000000,38786000,278800,83700,0,0,0
2024-03-08,AIMS,Akbar Indo Makmur Stimec Tbk,--U-4130000000A121----S------X,760.0,0.0,780.0,710.0,710.0,-50.0,3358700,2482522000,3167,568.0,730,6400,710,16600,220000000,220000000,38786000,60400,27000,0,0,0
2024-03-07,AIMS,Akbar Indo Makmur Stimec Tbk,--U-4130000000A121----S------X,760.0,0.0,780.0,720.0,760.0,0.0,3574700,2720425500,2818,608.0,760,28400,755,11900,220000000,220000000,38786000,112000,93000,0,0,0
2024-03-06,AIMS,Akbar Indo Makmur Stimec Tbk,--U-4130000000A121----S------X,775.0,0.0,780.0,700.0,760.0,-15.0,3955400,2911484000,2846,608.0,760,12000,755,22000,220000000,220000000,38786000,86600,68700,0,0,0
2024-03-05,AIMS,Akbar Indo Makmur Stimec Tbk,--U-4130000000A121----S------X,825.0,0.0,820.0,745.0,775.0,-50.0,4194700,3221806000,2265,620.0,775,15100,770,12300,220000000,220000000,38786000,342900,140800,0,0,0
2024-03-04,AIMS,Akbar Indo Makmur Stimec Tbk,--U-4130000000A121----S------X,830.0,0.0,845.0,810.0,825.0,-5.0,6210100,5172580500,5582,660.0,825,66400,820,17000,220000000,220000000,38786000,46900,156800,0,0,0
2024-03-01,AIMS,Akbar Indo Makmur Stimec Tbk,--U-4130000000A121----S------X,840.0,0.0,845.0,815.0,830.0,-10.0,5601300,4636636000,4966,664.0,830,31900,825,12200,220000000,220000000,38786000,254100,37800,0,0,0
2024-02-29,AIMS,Akbar Indo Makmur Stimec Tbk,--U-4130000000A121----S------X,830.0,0.0,895.0,805.0,840.0,10.0,9980300,8518602000,5765,672.0,840,37800,835,10000,220000000,220000000,38786000,459400,842900,0,0,0
2024-02-28,AIMS,Akbar Indo Makmur Stimec Tbk,--U-4130000000A121----S------X,820.0,0.0,835.0,790.0,820.0,0.0,4214700,3430812500,4055,656.0,820,38500,815,10000,220000000,220000000,38786000,125300,1200,0,0,0
2024-02-27,AIMS,Akbar Indo Makmur Stimec Tbk,--U-4130000000A121----S------X,820.0,0.0,835.0,790.0,820.0,0.0,4214700,3430812500,4055,656.0,820,38500,815,10000,220000000,220000000,38786000,125300,1200,0,0,0
2024-02-26,AIMS,Akbar Indo Makmur Stimec Tbk,--U-4130000000A121----S------X,830.0,0.0,860.0,795.0,820.0,-10.0,6240500,5114435000,4557,656.0,820,19200,815,8200,220000000,220000000,38786000,716700,172900,0,0,0
2024-02-23,AIMS,Akbar Indo Makmur Stimec Tbk,--U-4130000000A121----S------X,770.0,0.0,835.0,765.0,830.0,60.0,12958000,10365701500,8240,664.0,835,18800,830,1992800,220000000,220000000,38786000,19900,714100,0,0,0
2024-02-22,AIMS,Akbar Indo Makmur Stimec Tbk,--U-4130000000A121----S------X,770.0,0.0,785.0,745.0,770.0,0.0,4759900,3631799000,3825,616.0,770,25500,765,32300,220000000,220000000,38786000,137900,76000,0,0,0
2024-02-21,AIMS,Akbar Indo Makmur Stimec Tbk,--U-4130000000A121----S------X,775.0,0.0,785.0,730.0,770.0,-5.0,3595600,2714237500,2002,616.0,770,17600,760,18500,220000000,220000000,38786000,277000,11100,0,0,0
2024-02-20,AIMS,Akbar Indo Makmur Stimec Tbk,--U-4130000000A121----S------X,710.0,0.0,780.0,710.0,775.0,65.0,17311500,13313661500,12083,620.0,775,100400,770,5500,220000000,220000000,38786000,55500,472300,0,0,0
2024-02-19,AIMS,Akbar Indo Makmur Stimec Tbk,--U-4130000000A121----S------X,670.0,0.0,735.0,645.0,710.0,40.0,4414500,2962159500,2730,568.0,710,96000,705,19200,220000000,220000000,38786000,54300,75300,0,0,0
2024-02-16,AIMS,Akbar Indo Makmur Stimec Tbk,--U-4130000000A121----S------X,670.0,0.0,670.0,625.0,670.0,0.0,6596100,4326365000,4422,536.0,670,50000,665,5000,220000000,220000000,38786000,9100,43000,0,0,0
2024-02-15,AIMS,Akbar Indo Makmur Stimec Tbk,--U-4130000000A121----S------X,670.0,0.0,720.0,640.0,670.0,0.0,2525200,1655712000,1421,536.0,670,30000,665,2000,220000000,220000000,38786000,40800,12900,0,0,0
2024-02-13,AIMS,Akbar Indo Makmur Stimec Tbk,--U-4130000000A121----S------X,660.0,0.0,700.0,595.0,670.0,10.0,8148500,5077508000,2208,536.0,670,80300,660,11000,220000000,220000000,38786000,121400,62100,0,0,0
2024-02-12,AIMS,Akbar Indo Makmur Stimec Tbk,--U-4130000000A121----S------X,660.0,0.0,700.0,595.0,670.0,10.0,8148500,5077508000,2208,536.0,670,80300,660,11000,220000000,220000000,38786000,121400,62100,0,0,0
2024-02-07,AIMS,Akbar Indo Makmur Stimec Tbk,--U-4130000000A121----S------X,670.0,0.0,680.0,640.0,660.0,-10.0,2617200,1738847500,1848,528.0,660,8800,655,2500,220000000,220000000,38786000,35400,63000,0,0,0
2024-02-06,AIMS,Akbar Indo Makmur Stimec Tbk,--U-4130000000A121----S------X,660.0,0.0,720.0,640.0,670.0,10.0,4913500,3331838500,4162,536.0,670,11100,660,2500,220000000,220000000,38786000,9800,35100,0,0,0
2024-02-05,AIMS,Akbar Indo Makmur Stimec Tbk,--U-4130000000A121----S------X,660.0,0.0,680.0,595.0,660.0,0.0,6841400,4497179500,3373,528.0,660,400,650,10000,220000000,220000000,38786000,65600,35700,0,0,0
2024-02-02,AIMS,Akbar Indo Makmur Stimec Tbk,--U-4130000000A121----S------X,730.0,0.0,755.0,660.0,660.0,-70.0,3530200,2480543000,2375,528.0,660,735600,0,0,220000000,220000000,38786000,0,0,0,0,0
2024-02-01,AIMS,Akbar Indo Makmur Stimec Tbk,--U-4130000000A121----S------X,720.0,0.0,770.0,705.0,745.0,25.0,6098600,4480338500,4299,596.0,745,23300,740,2100,220000000,220000000,38786000,64200,0,0,0,0
2024-01-31,AIMS,Akbar Indo Makmur Stimec Tbk,--U-4130000000A121----S------X,720.0,0.0,770.0,705.0,745.0,25.0,6098600,4480338500,4299,596.0,745,23300,740,2100,220000000,220000000,38786000,64200,0,0,0,0
2024-01-30,AIMS,Akbar Indo Makmur Stimec Tbk,--U-4130000000A121----S------X,690.0,0.0,750.0,645.0,720.0,30.0,6675100,4617241500,5520,576.0,725,15600,720,928100,220000000,220000000,38786000,85700,5000,0,0,0
2024-01-29,AIMS,Akbar Indo Makmur Stimec Tbk,--U-4130000000A121----S------X,760.0,0.0,760.0,690.0,690.0,-70.0,3440400,2462499000,2151,552.0,690,20000,685,122000,220000000,220000000,38786000,0,30400,0,0,0
2024-01-26,AIMS,Akbar Indo Makmur Stimec Tbk,--U-4130000000A121----S------X,790.0,0.0,815.0,715.0,760.0,-30.0,5553200,4159349000,2530,608.0,760,59800,715,12100,220000000,220000000,38786000,60900,10000,0,0,0
2024-01-25,AIMS,Akbar Indo Makmur Stimec Tbk,--U-4130000000A121----S------X,860.0,0.0,910.0,790.0,790.0,-70.0,2710900,2203937500,1276,632.0,810,2700,790,77800,220000000,220000000,38786000,0,93900,0,0,0
2024-01-24,AIMS,Akbar Indo Makmur Stimec Tbk,--U-4130000000A121----S------X,885.0,0.0,890.0,800.0,860.0,-25.0,2456400,2117065000,1051,688.0,860,29000,855,10000,220000000,220000000,38786000,48200,71400,0,0,0
2024-01-23,AIMS,Akbar Indo Makmur Stimec Tbk,--U-4130000000A121----S------X,915.0,0.0,935.0,880.0,885.0,-30.0,4471200,4027435000,2115,708.0,885,199900,880,31400,220000000,220000000,38786000,34300,62300,0,0,0
2024-01-22,AIMS,Akbar Indo Makmur Stimec Tbk,--U-4130000000A121----S------X,900.0,0.0,990.0,875.0,915.0,15.0,8148600,7617110500,3397,732.0,915,305000,910,49600,220000000,220000000,38786000,159200,185000,0,0,0
2024-01-19,AIMS,Akbar Indo Makmur Stimec Tbk,--U-4130000000A121----S------X,855.0,0.0,940.0,855.0,900.0,45.0,6796500,6142221000,2451,720.0,905,11600,900,5417200,220000000,220000000,38786000,33700,14500,0,0,0
2024-01-18,AIMS,Akbar Indo Makmur Stimec Tbk,--U-4130000000A121----S------X,830.0,0.0,875.0,800.0,855.0,25.0,5560700,4604804500,2624,684.0,860,10000,830,2300,220000000,220000000,38786000,50000,54900,0,0,0
2024-01-17,AIMS,Akbar Indo Makmur Stimec Tbk,--U-4130000000A121----S------X,880.0,0.0,910.0,795.0,830.0,-50.0,3999700,3434543500,1904,664.0,830,12600,825,3000,220000000,220000000,38786000,25200,38800,0,0,0
2024-01-16,AIMS,Akbar Indo Makmur Stimec Tbk,--U-4130000000A121----S------X,900.0,0.0,950.0,810.0,880.0,-20.0,2198900,1933122500,1124,704.0,880,101000,840,1500,220000000,220000000,38786000,75700,24700,0,0,0
2024-01-15,AIMS,Akbar Indo Makmur Stimec Tbk,--U-4130000000A121----S------X,985.0,0.0,990.0,890.0,900.0,-85.0,3436100,3236314500,2390,720.0,900,27000,890,2200,220000000,220000000,38786000,500,31700,0,0,0
2024-01-12,AIMS,Akbar Indo Makmur Stimec Tbk,--U-4130000000A121----S------X,945.0,0.0,1035.0,855.0,985.0,40.0,5298800,5009136000,1495,788.0,985,74200,920,200,220000000,220000000,38786000,64100,152100,0,0,0
2024-01-11,AIMS,Akbar Indo Makmur Stimec Tbk,--U-4130000000A121----S------X,1050.0,0.0,1045.0,945.0,945.0,-105.0,3636800,3535007500,1672,756.0,945,954400,0,0,220000000,220000000,38786000,16700,20000,0,0,0
2024-01-10,AIMS,Akbar Indo Makmur Stimec Tbk,--U-4130000000A121----S------X,1165.0,0.0,1165.0,1050.0,1050.0,-115.0,3172000,3352947500,1301,840.0,1050,1812800,0,0,220000000,220000000,38786000,41800,57800,0,0,0
2024-01-09,AIMS,Akbar Indo Makmur Stimec Tbk,--U-4130000000A121----S------X,1255.0,0.0,1285.0,1130.0,1165.0,-90.0,4648000,5414269000,2071,932.0,1165,107000,1160,1500,220000000,220000000,38786000,121400,78900,0,0,0
2024-01-08,AIMS,Akbar Indo Makmur Stimec Tbk,--U-4130000000A121----S------X,1245.0,0.0,1365.0,1125.0,1255.0,10.0,10498300,12804878500,3902,1004.0,1255,34200,1250,700,220000000,220000000,38786000,172700,242900,12500,5000000,1
2024-01-05,AIMS,Akbar Indo Makmur Stimec Tbk,--U-4130000000A121----S------X,1135.0,0.0,1245.0,1235.0,1245.0,110.0,1259100,1567351000,280,996.0,0,0,1245,1660800,220000000,220000000,38786000,0,100000,16019000,18169975000,2
2024-01-04,AIMS,Akbar Indo Makmur Stimec Tbk,--U-4130000000A121----S------X,1035.0,0.0,1135.0,1100.0,1135.0,100.0,3576800,4059127000,510,908.0,0,0,1135,3429000,220000000,220000000,38786000,5200,200000,10000000,4300000000,1
2024-01-03,AIMS,Akbar Indo Makmur Stimec Tbk,--U-4130000000A121----S------X,945.0,0.0,1035.0,965.0,1035.0,90.0,4147900,4292238500,396,828.0,0,0,1035,3544600,220000000,220000000,38786000,1000,105200,0,0,0
2024-01-02,AIMS,Akbar Indo Makmur Stimec Tbk,--U-4130000000A121----S------X,860.0,0.0,945.0,880.0,945.0,85.0,6744500,6372574500,439,756.0,0,0,945,2021100,220000000,220000000,38786000,4800,4100,0,0,0
2023-12-29,AIMS,Akbar Indo Makmur Stimec Tbk,--U-4130000000A121----S------X,785.0,0.0,860.0,810.0,860.0,75.0,4679000,4002247000,1323,688.0,0,0,860,2711500,220000000,220000000,38786000,24600,26300,0,0,0
2023-12-28,AIMS,Akbar Indo Makmur Stimec Tbk,--U-4130000000A121----S------X,715.0,0.0,785.0,745.0,785.0,70.0,2462000,1926373000,783,628.0,785,7300,780,103600,220000000,220000000,38786000,0,0,0,0,0
2023-12-27,AIMS,Akbar Indo Makmur Stimec Tbk,--U-4130000000A121----S------X,700.0,0.0,715.0,630.0,715.0,15.0,1329100,871902000,427,572.0,720,8000,715,100000,220000000,220000000,38786000,0,0,1252300,882871500,1
2023-12-22,AIMS,Akbar Indo Makmur Stimec Tbk,--U-4130000000A121----S------X,705.0,0.0,745.0,635.0,700.0,-5.0,2942900,2036613000,695,560.0,700,35500,685,1400,220000000,220000000,38786000,0,0,1252300,882871500,1
2023-12-21,AIMS,Akbar Indo Makmur Stimec Tbk,--U-4130000000A121----S------X,705.0,0.0,0.0,0.0,705.0,0.0,0,0,0,564.0,0,0,0,0,220000000,220000000,38786000,0,0,1252300,882871500,1
2023-12-20,AIMS,Akbar Indo Makmur Stimec Tbk,--U-4130000000A121----S------X,705.0,0.0,0.0,0.0,705.0,0.0,0,0,0,564.0,0,0,0,0,220000000,220000000,38786000,0,0,0,0,0
2023-12-19,AIMS,Akbar Indo Makmur Stimec Tbk,--U-4130000000A121----S------X,705.0,0.0,0.0,0.0,705.0,0.0,0,0,0,564.0,0,0,0,0,220000000,220000000,38786000,0,0,430000,303150000,1
2023-12-18,AIMS,Akbar Indo Makmur Stimec Tbk,--U-4130000000A121----S------X,705.0,0.0,0.0,0.0,705.0,0.0,0,0,0,564.0,0,0,0,0,220000000,220000000,38786000,0,0,0,0,0
2023-12-15,AIMS,Akbar Indo Makmur Stimec Tbk,--U-4130000000A121----S------X,705.0,0.0,0.0,0.0,705.0,0.0,0,0,0,564.0,0,0,0,0,220000000,220000000,38786000,0,0,0,0,0
2023-12-14,AIMS,Akbar Indo Makmur Stimec Tbk,--U-4130000000A121----S------X,705.0,0.0,0.0,0.0,705.0,0.0,0,0,0,564.0,0,0,0,0,220000000,220000000,38786000,0,0,0,0,0
2023-12-13,AIMS,Akbar Indo Makmur Stimec Tbk,--U-4130000000A121----S------X,705.0,0.0,0.0,0.0,705.0,0.0,0,0,0,564.0,0,0,0,0,220000000,220000000,38786000,0,0,0,0,0
2023-12-12,AIMS,Akbar Indo Makmur Stimec Tbk,--U-4130000000A121----S------X,650.0,0.0,705.0,620.0,705.0,55.0,2124000,1440586500,855,564.0,705,25000,700,1600,220000000,220000000,38786000,0,0,0,0,0
2023-12-11,AIMS,Akbar Indo Makmur Stimec Tbk,--U-4130000000A121----S------X,650.0,0.0,0.0,0.0,650.0,0.0,0,0,0,520.0,0,0,0,0,220000000,220000000,38786000,0,0,0,0,0
2023-12-08,AIMS,Akbar Indo Makmur Stimec Tbk,--U-4130000000A121----S------X,605.0,0.0,665.0,545.0,650.0,45.0,5263500,3232630500,1579,520.0,655,1600,650,4700,220000000,220000000,38786000,0,0,0,0,0
2023-12-07,AIMS,Akbar Indo Makmur Stimec Tbk,--U-4130000000A121----S------X,550.0,0.0,605.0,585.0,605.0,55.0,270200,162561000,88,484.0,0,0,605,239300,220000000,220000000,38786000,0,0,0,0,0
2023-12-06,AIMS,Akbar Indo Makmur Stimec Tbk,--U-4130000000A121----S------X,540.0,0.0,590.0,486.0,550.0,10.0,1462000,816264500,241,440.0,590,24700,545,50000,220000000,220000000,38786000,0,12400,0,0,0
2023-12-05,AIMS,Akbar Indo Makmur Stimec Tbk,--U-4130000000A121----S------X,492.0,0.0,540.0,540.0,540.0,48.0,716500,386910000,82,432.0,540,16300,515,200,220000000,220000000,38786000,0,0,0,0,0
2023-12-04,AIMS,Akbar Indo Makmur Stimec Tbk,--U-4130000000A121----S------X,448.0,0.0,492.0,448.0,492.0,44.0,488200,239813800,84,393.6,0,0,492,1425600,220000000,220000000,38786000,0,0,0,0,0
2023-12-01,AIMS,Akbar Indo Makmur Stimec Tbk,--U-4130000000A121----S------X,424.0,0.0,466.0,430.0,448.0,24.0,1157200,535737600,183,358.4,462,3000,448,187100,220000000,220000000,38786000,0,0,0,0,0
2023-11-30,AIMS,Akbar Indo Makmur Stimec Tbk,--U-4130000000A121----S------X,386.0,0.0,424.0,388.0,424.0,38.0,1122200,474275200,289,339.2,0,0,424,275800,220000000,220000000,38786000,0,0,0,0,0
2023-11-29,AIMS,Akbar Indo Makmur Stimec Tbk,--U-4130000000A121----S------X,352.0,0.0,386.0,366.0,386.0,34.0,639500,246174200,144,308.8,0,0,386,306000,220000000,220000000,38786000,0,0,0,0,0
2023-11-28,AIMS,Akbar Indo Makmur Stimec Tbk,--U-4130000000A121----S------X,320.0,0.0,352.0,316.0,352.0,32.0,683800,240294200,139,281.6,0,0,352,792600,220000000,220000000,38786000,0,0,0,0,0
2023-11-27,AIMS,Akbar Indo Makmur Stimec Tbk,--U-4130000000A121----S------X,314.0,0.0,320.0,310.0,320.0,6.0,72000,22653200,26,256.0,332,300,320,15000,220000000,220000000,38786000,0,0,0,0,0
2023-11-24,AIMS,Akbar Indo Makmur Stimec Tbk,--U-4130000000A121----S------X,314.0,0.0,316.0,314.0,314.0,0.0,38500,12093000,18,251.2,316,27700,310,2300,220000000,220000000,38786000,0,0,0,0,0
2023-11-23,AIMS,Akbar Indo Makmur Stimec Tbk,--U-4130000000A121----S------X,324.0,0.0,324.0,310.0,314.0,-10.0,19500,6279000,21,251.2,314,200,310,2100,220000000,220000000,38786000,0,0,0,0,0
2023-11-22,AIMS,Akbar Indo Makmur Stimec Tbk,--U-4130000000A121----S------X,320.0,0.0,328.0,308.0,324.0,4.0,36400,11468000,33,259.2,322,200,310,200,220000000,220000000,38786000,0,0,0,0,0
2023-11-21,AIMS,Akbar Indo Makmur Stimec Tbk,--U-4130000000A121----S------X,318.0,0.0,332.0,312.0,320.0,2.0,8800,2775000,26,256.0,320,200,312,700,220000000,220000000,38786000,0,0,0,0,0
2023-11-20,AIMS,Akbar Indo Makmur Stimec Tbk,--U-4130000000A121----S------X,322.0,0.0,338.0,316.0,318.0,-4.0,11100,3569800,30,254.4,322,2700,316,17700,220000000,220000000,38786000,0,0,0,0,0
2023-11-17,AIMS,Akbar Indo Makmur Stimec Tbk,--U-4130000000A121----S------X,334.0,0.0,334.0,316.0,322.0,-12.0,857100,273376200,77,257.6,322,2000,314,30000,220000000,220000000,38786000,0,0,0,0,0
2023-11-16,AIMS,Akbar Indo Makmur Stimec Tbk,--U-4130000000A121----S------X,334.0,0.0,340.0,322.0,334.0,0.0,3618700,1200200600,1467,267.2,336,12400,334,800,220000000,220000000,38786000,0,0,0,0,0
2023-11-15,AIMS,Akbar Indo Makmur Stimec Tbk,--U-4130000000A121----S------X,336.0,0.0,340.0,306.0,334.0,-2.0,37200,11931800,36,267.2,334,12300,318,600,220000000,220000000,38786000,0,0,0,0,0
2023-11-14,AIMS,Akbar Indo Makmur Stimec Tbk,--U-4130000000A121----S------X,336.0,0.0,344.0,316.0,336.0,0.0,55900,18255400,76,268.8,336,7000,318,100,220000000,220000000,38786000,0,0,0,0,0
2023-11-13,AIMS,Akbar Indo Makmur Stimec Tbk,--U-4130000000A121----S------X,324.0,0.0,344.0,308.0,336.0,12.0,284900,94129400,58,268.8,336,1800,330,200,220000000,220000000,38786000,0,0,0,0,0
2023-11-10,AIMS,Akbar Indo Makmur Stimec Tbk,--U-4130000000A121----S------X,318.0,0.0,328.0,306.0,324.0,6.0,20400,6554400,44,259.2,324,2900,314,100,220000000,220000000,38786000,0,0,0,0,0
2023-11-09,AIMS,Akbar Indo Makmur Stimec Tbk,--U-4130000000A121----S------X,312.0,0.0,338.0,302.0,318.0,6.0,3063700,977995400,313,254.4,318,2200,316,100,220000000,220000000,38786000,0,0,0,0,0
2023-11-08,AIMS,Akbar Indo Makmur Stimec Tbk,--U-4130000000A121----S------X,334.0,0.0,346.0,302.0,312.0,-22.0,1843800,597158800,542,249.6,328,900,310,2000,220000000,220000000,38786000,0,0,0,0,0
2023-11-07,AIMS,Akbar Indo Makmur Stimec Tbk,--U-4130000000A121----S------X,332.0,0.0,348.0,304.0,334.0,2.0,72400,24233200,95,267.2,334,10900,322,1000,220000000,220000000,38786000,0,0,0,0,0
2023-11-06,AIMS,Akbar Indo Makmur Stimec Tbk,--U-4130000000A121----S------X,304.0,0.0,332.0,294.0,332.0,28.0,57600,17725400,85,265.6,332,32200,324,1000,220000000,220000000,38786000,0,0,0,0,0
2023-11-03,AIMS,Akbar Indo Makmur Stimec Tbk,--U-4130000000A121----S------X,300.0,0.0,314.0,292.0,304.0,4.0,36800,11111200,48,243.2,304,18500,302,1500,220000000,220000000,38786000,0,0,0,0,0
2023-11-02,AIMS,Akbar Indo Makmur Stimec Tbk,--U-4130000000A121----S------X,312.0,0.0,312.0,284.0,300.0,-12.0,133300,39357000,64,240.0,304,12700,300,5000,220000000,220000000,38786000,0,0,0,0,0
2023-11-01,AIMS,Akbar Indo Makmur Stimec Tbk,--U-4130000000A121----S------X,328.0,0.0,320.0,296.0,312.0,-16.0,241700,72232000,119,249.6,312,21000,296,1100,220000000,220000000,38786000,0,0,0,0,0
2023-10-31,AIMS,Akbar Indo Makmur Stimec Tbk,--U-4130000000A121----S------X,340.0,0.0,350.0,306.0,328.0,-12.0,318200,100157000,221,262.4,328,5800,306,5800,220000000,220000000,38786000,0,0,0,0,0
2023-10-30,AIMS,Akbar Indo Makmur Stimec Tbk,--U-4130000000A121----S------X,376.0,0.0,376.0,340.0,340.0,-36.0,310000,108487400,189,272.0,340,3100,0,0,220000000,220000000,38786000,0,0,0,0,0
2023-10-27,AIMS,Akbar Indo Makmur Stimec Tbk,--U-4130000000A121----S------X,362.0,0.0,392.0,360.0,376.0,14.0,10238400,3890831400,2689,300.8,376,108500,372,2000,220000000,220000000,38786000,30000,0,0,0,0
2023-10-26,AIMS,Akbar Indo Makmur Stimec Tbk,--U-4130000000A121----S------X,334.0,0.0,366.0,316.0,362.0,28.0,7609000,2614700000,1426,289.6,364,49900,362,12700,220000000,220000000,38786000,0,0,0,0,0
2023-10-25,AIMS,Akbar Indo Makmur Stimec Tbk,--U-4130000000A121----S------X,322.0,0.0,340.0,318.0,334.0,12.0,272600,88924200,220,267.2,334,2400,328,1400,220000000,220000000,38786000,0,0,0,0,0
2023-10-24,AIMS,Akbar Indo Makmur Stimec Tbk,--U-4130000000A121----S------X,300.0,0.0,330.0,320.0,322.0,22.0,913300,298036000,245,257.6,324,3100,322,3500,220000000,220000000,38786000,0,0,6764900,2029470000,2
2023-10-23,AIMS,Akbar Indo Makmur Stimec Tbk,--U-4130000000A121----S------X,292.0,0.0,320.0,292.0,300.0,8.0,1232600,390842600,206,240.0,316,27100,300,66500,220000000,220000000,38786000,0,30000,0,0,0
2023-10-20,AIMS,Akbar Indo Makmur Stimec Tbk,--U-4130000000A121----S------X,266.0,0.0,292.0,280.0,292.0,26.0,8472300,2437173600,122,233.6,0,0,292,844700,220000000,220000000,38786000,0,0,0,0,0
2023-10-19,AIMS,Akbar Indo Makmur Stimec Tbk,--U-4130000000A121----S------X,242.0,0.0,266.0,218.0,266.0,24.0,5034500,1297856000,173,212.8,0,0,266,379300,220000000,220000000,38786000,0,0,0,0,0
2023-10-18,AIMS,Akbar Indo Makmur Stimec Tbk,--U-4130000000A121----S------X,220.0,0.0,242.0,214.0,242.0,22.0,4571700,1100252600,559,193.6,0,0,242,35600,220000000,220000000,38786000,0,0,0,0,0
2023-10-17,AIMS,Akbar Indo Makmur Stimec Tbk,--U-4130000000A121----S------X,218.0,0.0,222.0,206.0,220.0,2.0,500,109000,5,176.0,222,3700,212,4100,220000000,220000000,38786000,0,0,0,0,0
2023-10-16,AIMS,Akbar Indo Makmur Stimec Tbk,--U-4130000000A121----S------X,216.0,0.0,236.0,202.0,218.0,2.0,71400,15483600,40,174.4,218,200,210,11900,220000000,220000000,38786000,0,0,0,0,0
2023-10-13,AIMS,Akbar Indo Makmur Stimec Tbk,--U-4130000000A121----S------X,210.0,0.0,220.0,210.0,216.0,6.0,9100,1932400,17,172.8,216,10600,210,600,220000000,220000000,38786000,0,0,0,0,0
2023-10-12,AIMS,Akbar Indo Makmur Stimec Tbk,--U-4130000000A121----S------X,218.0,0.0,230.0,210.0,210.0,-8.0,77300,16396000,30,168.0,220,1400,210,3800,220000000,220000000,38786000,0,0,0,0,0
2023-10-11,AIMS,Akbar Indo Makmur Stimec Tbk,--U-4130000000A121----S------X,232.0,0.0,232.0,210.0,218.0,-14.0,81400,17707200,48,174.4,218,11100,216,1478500,220000000,220000000,38786000,0,0,0,0,0
2023-10-10,AIMS,Akbar Indo Makmur Stimec Tbk,--U-4130000000A121----S------X,234.0,0.0,234.0,232.0,232.0,-2.0,6200,1450600,5,185.6,232,500,222,3200,220000000,220000000,38786000,0,0,0,0,0
2023-10-09,AIMS,Akbar Indo Makmur Stimec Tbk,--U-4130000000A121----S------X,230.0,0.0,242.0,222.0,234.0,4.0,8400,1947600,32,187.2,234,2200,224,200,220000000,220000000,38786000,0,0,0,0,0
2023-10-06,AIMS,Akbar Indo Makmur Stimec Tbk,--U-4130000000A121----S------X,234.0,0.0,248.0,230.0,230.0,-4.0,8000,1848200,11,184.0,246,300,230,1200,220000000,220000000,38786000,0,0,0,0,0
2023-10-05,AIMS,Akbar Indo Makmur Stimec Tbk,--U-4130000000A121----S------X,238.0,0.0,256.0,230.0,234.0,-4.0,93000,21789000,257,187.2,240,5100,234,37600,220000000,220000000,38786000,0,0,0,0,0
2023-10-04,AIMS,Akbar Indo Makmur Stimec Tbk,--U-4130000000A121----S------X,260.0,0.0,262.0,234.0,238.0,-22.0,50700,12439600,90,190.4,238,14100,236,9400,220000000,220000000,38786000,0,0,0,0,0
2023-10-03,AIMS,Akbar Indo Makmur Stimec Tbk,--U-4130000000A121----S------X,288.0,0.0,292.0,260.0,260.0,-28.0,197700,54100800,217,208.0,260,9800,0,0,220000000,220000000,38786000,0,0,0,0,0
2023-10-02,AIMS,Akbar Indo Makmur Stimec Tbk,--U-2130000000A121------------,278.0,0.0,288.0,264.0,288.0,10.0,37500,10582200,123,230.4,282,400,278,1165500,220000000,220000000,38786000,0,0,0,0,0
2023-09-29,AIMS,Akbar Indo Makmur Stimec Tbk,--U-2130000000A121---L--------,268.0,0.0,298.0,258.0,278.0,10.0,15700,4219400,51,222.4,278,2400,276,1000200,220000000,220000000,38786000,0,0,0,0,0
2023-09-27,AIMS,Akbar Indo Makmur Stimec Tbk,--U-2130000000A121---L--------,266.0,0.0,278.0,252.0,268.0,2.0,14500,3827000,124,214.4,268,12000,266,961600,220000000,220000000,38786000,0,0,0,0,0
2023-09-26,AIMS,Akbar Indo Makmur Stimec Tbk,--U-2130000000A121---L--------,268.0,0.0,266.0,254.0,266.0,-2.0,42200,10807200,25,212.8,266,1800,250,3000,220000000,220000000,38786000,0,0,0,0,0
2023-09-25,AIMS,Akbar Indo Makmur Stimec Tbk,--U-2130000000A121---L--------,268.0,0.0,272.0,260.0,268.0,0.0,49100,12817600,35,214.4,268,100,262,1100,220000000,220000000,38786000,0,0,0,0,0
2023-09-22,AIMS,Akbar Indo Makmur Stimec Tbk,--U-2130000000A121---L--------,266.0,0.0,288.0,262.0,268.0,2.0,248700,68159400,52,214.4,268,17100,262,2500,220000000,220000000,38786000,0,0,0,0,0
2023-09-21,AIMS,Akbar Indo Makmur Stimec Tbk,--U-2130000000A121---L--------,276.0,0.0,288.0,260.0,266.0,-10.0,190400,51066400,82,212.8,268,1000,266,41800,220000000,220000000,38786000,0,0,0,0,0
2023-09-20,AIMS,Akbar Indo Makmur Stimec Tbk,--U-2130000000A121---L--------,280.0,0.0,294.0,256.0,276.0,-4.0,108700,29988400,32,220.8,284,500,278,200,220000000,220000000,38786000,0,0,0,0,0
2023-09-19,AIMS,Akbar Indo Makmur Stimec Tbk,--U-2130000000A121---L--------,286.0,0.0,296.0,250.0,280.0,-6.0,218300,59819400,56,224.0,282,1300,274,500,220000000,220000000,38786000,0,0,0,0,0
2023-09-18,AIMS,Akbar Indo Makmur Stimec Tbk,--U-2130000000A121---L--------,290.0,0.0,330.0,282.0,286.0,-4.0,281900,86354400,186,228.8,288,100,286,400,220000000,220000000,38786000,0,0,0,0,0
2023-09-15,AIMS,Akbar Indo Makmur Stimec Tbk,--U-2130000000A121---L--------,302.0,0.0,298.0,282.0,290.0,-12.0,61600,17811400,35,232.0,296,7900,290,700,220000000,220000000,38786000,0,0,0,0,0
2023-09-14,AIMS,Akbar Indo Makmur Stimec Tbk,--U-2130000000A121---L--------,300.0,0.0,306.0,294.0,302.0,2.0,25400,7633200,28,241.6,302,1800,298,100,220000000,220000000,38786000,0,0,0,0,0
2023-09-13,AIMS,Akbar Indo Makmur Stimec Tbk,--U-2130000000A121---L--------,290.0,0.0,302.0,284.0,300.0,10.0,65400,19262200,78,240.0,300,3300,298,40000,220000000,220000000,38786000,0,0,0,0,0
2023-09-12,AIMS,Akbar Indo Makmur Stimec Tbk,--U-2130000000A121---L--------,288.0,0.0,314.0,282.0,290.0,2.0,61700,18035200,184,232.0,292,1400,290,300,220000000,220000000,38786000,0,0,0,0,0
2023-09-11,AIMS,Akbar Indo Makmur Stimec Tbk,--U-2130000000A121---L--------,294.0,0.0,302.0,278.0,288.0,-6.0,45200,13030600,57,230.4,290,7100,288,500,220000000,220000000,38786000,0,0,0,0,0
2023-09-08,AIMS,Akbar Indo Makmur Stimec Tbk,--U-2130000000A121---L--------,298.0,0.0,332.0,282.0,294.0,-4.0,128900,40540400,130,235.2,294,1000,286,2200,220000000,220000000,38786000,0,0,0,0,0
2023-09-07,AIMS,Akbar Indo Makmur Stimec Tbk,--U-2130000000A121---L--------,292.0,0.0,348.0,290.0,298.0,6.0,133200,43146000,200,238.4,302,14900,292,100,220000000,220000000,38786000,0,0,6336800,1850345600,1
2023-09-06,AIMS,Akbar Indo Makmur Stimec Tbk,--U-2130000000A121---L--------,292.0,0.0,296.0,280.0,292.0,0.0,15000,4331200,67,233.6,292,100,276,500,220000000,220000000,38786000,0,0,0,0,0
2023-09-05,AIMS,Akbar Indo Makmur Stimec Tbk,--U-2130000000A121---L--------,292.0,0.0,302.0,292.0,292.0,0.0,17200,5027000,18,233.6,292,7000,282,100,220000000,220000000,38786000,0,0,0,0,0
2023-09-04,AIMS,Akbar Indo Makmur Stimec Tbk,--U-2130000000A121---L--------,290.0,0.0,306.0,280.0,292.0,2.0,22000,6337800,29,233.6,292,4900,280,1200,220000000,220000000,38786000,0,0,0,0,0
2023-09-01,AIMS,Akbar Indo Makmur Stimec Tbk,--U-2130000000A121---L--------,286.0,0.0,298.0,280.0,290.0,4.0,16900,4822600,24,232.0,290,700,282,1800,220000000,220000000,38786000,0,0,0,0,0
2023-08-31,AIMS,Akbar Indo Makmur Stimec Tbk,--U-2130000000A121---L--------,310.0,0.0,304.0,286.0,286.0,-24.0,32000,9406400,43,228.8,298,1200,286,1100,220000000,220000000,38786000,0,0,0,0,0
2023-08-30,AIMS,Akbar Indo Makmur Stimec Tbk,--U-2130000000A121---L--------,324.0,0.0,322.0,310.0,310.0,-14.0,4700,1471000,15,248.0,320,100,310,6300,220000000,220000000,38786000,0,0,0,0,0
2023-08-29,AIMS,Akbar Indo Makmur Stimec Tbk,--U-2130000000A121---L--------,328.0,0.0,328.0,316.0,324.0,-4.0,7100,2293200,14,259.2,328,2100,322,300,220000000,220000000,38786000,0,0,0,0,0
2023-08-28,AIMS,Akbar Indo Makmur Stimec Tbk,--U-2130000000A121---L--------,320.0,0.0,332.0,320.0,328.0,8.0,1700,556400,7,262.4,330,800,328,400,220000000,220000000,38786000,0,0,0,0,0
2023-08-25,AIMS,Akbar Indo Makmur Stimec Tbk,--U-2130000000A121---L--------,336.0,0.0,336.0,320.0,320.0,-16.0,59700,19434200,87,256.0,332,1600,318,3200,220000000,220000000,38786000,0,0,0,0,0
2023-08-24,AIMS,Akbar Indo Makmur Stimec Tbk,--U-2130000000A121---L--------,330.0,0.0,348.0,312.0,336.0,6.0,21300,6972200,62,268.8,340,2200,326,3000,220000000,220000000,38786000,0,0,0,0,0
2023-08-23,AIMS,Akbar Indo Makmur Stimec Tbk,--U-2130000000A121---L--------,334.0,0.0,350.0,324.0,330.0,-4.0,26500,8965800,36,264.0,334,200,330,200,220000000,220000000,38786000,0,0,0,0,0
2023-08-22,AIMS,Akbar Indo Makmur Stimec Tbk,--U-2130000000A121---L--------,346.0,0.0,350.0,328.0,334.0,-12.0,14800,4950400,33,267.2,342,1000,334,100,220000000,220000000,38786000,0,0,0,0,0
2023-08-21,AIMS,Akbar Indo Makmur Stimec Tbk,--U-2130000000A121---L--------,328.0,0.0,360.0,316.0,346.0,18.0,70500,23824600,121,276.8,346,2700,328,1500,220000000,220000000,38786000,0,0,0,0,0
2023-08-18,AIMS,Akbar Indo Makmur Stimec Tbk,--U-2130000000A121---L--------,316.0,0.0,350.0,316.0,328.0,12.0,178400,60334200,112,262.4,328,1900,320,5000,220000000,220000000,38786000,0,0,0,0,0
2023-08-16,AIMS,Akbar Indo Makmur Stimec Tbk,--U-2130000000A121---L--------,336.0,0.0,336.0,316.0,316.0,-20.0,7900,2539200,21,252.8,320,400,316,3700,220000000,220000000,38786000,0,0,0,0,0
2023-08-15,AIMS,Akbar Indo Makmur Stimec Tbk,--U-2130000000A121---L--------,342.0,0.0,342.0,314.0,336.0,-6.0,11400,3870200,22,268.8,340,2300,322,200,220000000,220000000,38786000,0,0,0,0,0
2023-08-14,AIMS,Akbar Indo Makmur Stimec Tbk,--U-2130000000A121---L--------,336.0,0.0,342.0,300.0,342.0,6.0,94900,29883400,141,273.6,340,2300,310,1600,220000000,220000000,38786000,0,0,0,0,0
2023-08-11,AIMS,Akbar Indo Makmur Stimec Tbk,--U-2130000000A121---L--------,344.0,0.0,344.0,336.0,336.0,-8.0,9900,3366600,29,268.8,346,2700,336,5400,220000000,220000000,38786000,0,0,0,0,0
2023-08-10,AIMS,Akbar Indo Makmur Stimec Tbk,--U-2130000000A121---L--------,354.0,0.0,360.0,330.0,344.0,-10.0,30600,10462600,104,275.2,344,3500,334,2200,220000000,220000000,38786000,0,0,340800,126436800,1
2023-08-09,AIMS,Akbar Indo Makmur Stimec Tbk,--U-2130000000A121---L--------,356.0,0.0,356.0,304.0,354.0,-2.0,55500,18300000,153,283.2,356,8200,352,100,220000000,220000000,38786000,0,0,0,0,0
2023-08-08,AIMS,Akbar Indo Makmur Stimec Tbk,--U-2130000000A121---L--------,350.0,0.0,360.0,350.0,356.0,6.0,12000,4248400,20,284.8,356,16100,336,100,220000000,220000000,38786000,0,0,0,0,0
2023-08-07,AIMS,Akbar Indo Makmur Stimec Tbk,--U-2130000000A121---L--------,344.0,0.0,366.0,344.0,350.0,6.0,33600,11939800,34,280.0,350,1800,348,600,220000000,220000000,38786000,0,0,0,0,0
2023-08-04,AIMS,Akbar Indo Makmur Stimec Tbk,--U-2130000000A121---L--------,336.0,0.0,368.0,340.0,344.0,8.0,113800,40420200,132,275.2,354,600,344,250000,220000000,220000000,38786000,0,0,0,0,0
2023-08-03,AIMS,Akbar Indo Makmur Stimec Tbk,--U-2130000000A121---L--------,344.0,0.0,370.0,336.0,336.0,-8.0,362700,122179400,78,268.8,342,500,336,4000,220000000,220000000,38786000,0,0,0,0,0
2023-08-02,AIMS,Akbar Indo Makmur Stimec Tbk,--U-2130000000A121---L--------,366.0,0.0,360.0,342.0,344.0,-22.0,112100,38839200,69,275.2,346,3000,342,14700,220000000,220000000,38786000,0,0,0,0,0
2023-08-01,AIMS,Akbar Indo Makmur Stimec Tbk,--U-2130000000A121------------,370.0,0.0,372.0,320.0,366.0,-4.0,428300,150381200,256,292.8,366,335000,360,10500,220000000,220000000,38786000,0,0,0,0,0
2023-07-31,AIMS,Akbar Indo Makmur Stimec Tbk,--U-2130000000A121------------,428.0,0.0,420.0,370.0,370.0,-58.0,437500,168748000,228,296.0,370,322100,368,14400,220000000,220000000,38786000,0,0,0,0,0
2023-07-28,AIMS,Akbar Indo Makmur Stimec Tbk,--U-2130000000A121------------,428.0,0.0,0.0,0.0,428.0,0.0,0,0,0,342.4,0,0,0,0,220000000,220000000,38786000,0,0,0,0,0
2023-07-27,AIMS,Akbar Indo Makmur Stimec Tbk,--U-2130000000A121------------,400.0,0.0,470.0,390.0,428.0,28.0,701600,290785400,270,342.4,428,219300,424,12800,220000000,220000000,38786000,0,0,0,0,0
2023-07-26,AIMS,Akbar Indo Makmur Stimec Tbk,--U-2130000000A121------------,382.0,0.0,416.0,364.0,400.0,18.0,699000,275145800,257,320.0,400,29500,398,124900,220000000,220000000,38786000,0,0,0,0,0
2023-07-25,AIMS,Akbar Indo Makmur Stimec Tbk,--U-2130000000A121------------,386.0,0.0,394.0,382.0,382.0,-4.0,176200,67988400,110,305.6,382,4000,380,32900,220000000,220000000,38786000,0,0,0,0,0
2023-07-24,AIMS,Akbar Indo Makmur Stimec Tbk,--U-2130000000A121------------,378.0,0.0,418.0,376.0,386.0,8.0,1429700,571305000,605,308.8,390,2200,386,3400,220000000,220000000,38786000,0,0,0,0,0
2023-07-21,AIMS,Akbar Indo Makmur Stimec Tbk,--U-2130000000A121------------,362.0,0.0,396.0,358.0,378.0,16.0,1176200,442879200,769,302.4,380,1000,378,147000,220000000,220000000,38786000,0,0,0,0,0
2023-07-20,AIMS,Akbar Indo Makmur Stimec Tbk,--U-2130000000A121------------,358.0,0.0,366.0,338.0,362.0,4.0,1010800,358676800,390,289.6,364,13500,362,322300,220000000,220000000,38786000,0,0,0,0,0
2023-07-18,AIMS,Akbar Indo Makmur Stimec Tbk,--U-2130000000A121------------,332.0,0.0,358.0,326.0,358.0,26.0,1055300,363890600,378,286.4,358,352800,356,174700,220000000,220000000,38786000,0,0,0,0,0
2023-07-17,AIMS,Akbar Indo Makmur Stimec Tbk,--U-2130000000A121------------,350.0,0.0,358.0,320.0,332.0,-18.0,2094700,708376800,1127,265.6,332,8300,330,431300,220000000,220000000,38786000,0,0,0,0,0
2023-07-14,AIMS,Akbar Indo Makmur Stimec Tbk,--U-2130000000A121------------,290.0,0.0,354.0,280.0,350.0,60.0,4521300,1479147600,1899,280.0,352,1100,350,3318500,220000000,220000000,38786000,0,0,0,0,0
2023-07-13,AIMS,Akbar Indo Makmur Stimec Tbk,--U-2130000000A121------------,252.0,0.0,294.0,230.0,290.0,38.0,994100,271548400,619,232.0,292,70700,290,156100,220000000,220000000,38786000,0,0,0,0,0
2023-07-12,AIMS,Akbar Indo Makmur Stimec Tbk,--U-2130000000A121------------,290.0,0.0,330.0,250.0,252.0,-38.0,3427700,1022355000,1514,201.6,252,1200,250,26300,220000000,220000000,38786000,0,0,0,0,0
2023-07-11,AIMS,Akbar Indo Makmur Stimec Tbk,--U-2130000000A121------------,232.0,0.0,290.0,206.0,290.0,58.0,2089700,546379600,766,232.0,0,0,290,6179700,220000000,220000000,38786000,41900,41900,0,0,0
2023-07-10,AIMS,Akbar Indo Makmur Stimec Tbk,--U-2130000000A121------------,200.0,0.0,236.0,196.0,232.0,32.0,103200,22454100,72,185.6,232,67100,196,9800,220000000,220000000,38786000,0,0,0,0,0
2023-07-07,AIMS,Akbar Indo Makmur Stimec Tbk,--U-2130000000A121------------,200.0,0.0,204.0,199.0,200.0,0.0,10400,2089600,17,160.0,202,27500,200,3500,220000000,220000000,38786000,0,0,0,0,0
2023-07-06,AIMS,Akbar Indo Makmur Stimec Tbk,--U-2130000000A121------------,198.0,0.0,200.0,195.0,200.0,2.0,34400,6758500,23,160.0,204,3300,200,4800,220000000,220000000,38786000,0,0,0,0,0
2023-07-05,AIMS,Akbar Indo Makmur Stimec Tbk,--U-2130000000A121------------,202.0,0.0,206.0,195.0,198.0,-4.0,14900,2953500,29,158.4,204,600,198,900,220000000,220000000,38786000,0,0,0,0,0
2023-07-04,AIMS,Akbar Indo Makmur Stimec Tbk,--U-2130000000A121------------,204.0,0.0,204.0,194.0,202.0,-2.0,8100,1614800,23,161.6,204,6200,197,1100,220000000,220000000,38786000,0,0,0,0,0
2023-07-03,AIMS,Akbar Indo Makmur Stimec Tbk,--U-2130000000A121------------,210.0,0.0,212.0,179.0,204.0,-6.0,74200,14790900,65,163.2,204,1100,202,100,220000000,220000000,38786000,0,0,0,0,0
2023-06-27,AIMS,Akbar Indo Makmur Stimec Tbk,--U-2130000000A121------------,216.0,0.0,216.0,210.0,210.0,-6.0,16700,3510000,12,168.0,210,14400,208,700,220000000,220000000,38786000,0,0,0,0,0
2023-06-26,AIMS,Akbar Indo Makmur Stimec Tbk,--U-2130000000A121------------,216.0,0.0,216.0,210.0,216.0,0.0,2400,508400,9,172.8,214,1100,212,1200,220000000,220000000,38786000,0,0,0,0,0
2023-06-23,AIMS,Akbar Indo Makmur Stimec Tbk,--U-2130000000A121------------,218.0,0.0,220.0,210.0,216.0,-2.0,4000,853400,12,172.8,216,20300,212,13900,220000000,220000000,38786000,0,0,0,0,0
2023-06-22,AIMS,Akbar Indo Makmur Stimec Tbk,--U-2130000000A121------------,210.0,0.0,220.0,210.0,218.0,8.0,45000,9810600,47,174.4,220,45400,218,2100,220000000,220000000,38786000,0,0,0,0,0
2023-06-21,AIMS,Akbar Indo Makmur Stimec Tbk,--U-2130000000A121------------,212.0,0.0,222.0,208.0,210.0,-2.0,30800,6441800,22,168.0,220,1900,210,9300,220000000,220000000,38786000,0,0,0,0,0
2023-06-20,AIMS,Akbar Indo Makmur Stimec Tbk,--U-2130000000A121------------,224.0,0.0,222.0,208.0,212.0,-12.0,57500,12239400,64,169.6,214,4800,212,1900,220000000,220000000,38786000,0,0,0,0,0
2023-06-19,AIMS,Akbar Indo Makmur Stimec Tbk,--U-2130000000A121------------,226.0,0.0,226.0,224.0,224.0,-2.0,4400,985800,10,179.2,226,5400,216,1000,220000000,220000000,38786000,0,0,0,0,0
2023-06-16,AIMS,Akbar Indo Makmur Stimec Tbk,--U-2130000000A121------------,220.0,0.0,226.0,210.0,226.0,6.0,14700,3177000,19,180.8,224,600,218,2000,220000000,220000000,38786000,0,0,0,0,0
2023-06-15,AIMS,Akbar Indo Makmur Stimec Tbk,--U-2130000000A121------------,228.0,0.0,230.0,212.0,220.0,-8.0,25400,5734200,38,176.0,228,5500,220,7300,220000000,220000000,38786000,0,0,0,0,0
2023-06-14,AIMS,Akbar Indo Makmur Stimec Tbk,--U-2130000000A121------------,220.0,0.0,228.0,214.0,228.0,8.0,39700,8555200,32,182.4,226,3000,216,1900,220000000,220000000,38786000,0,0,0,0,0
2023-06-13,AIMS,Akbar Indo Makmur Stimec Tbk,--U-2130000000A121------------,214.0,0.0,228.0,214.0,220.0,6.0,23200,5064800,36,176.0,224,300,220,3100,220000000,220000000,38786000,0,0,0,0,0
2023-06-12,AIMS,Akbar Indo Makmur Stimec Tbk,--U-2130000000A121------------,226.0,0.0,224.0,206.0,214.0,-12.0,28400,6086400,56,171.2,218,5800,214,40400,220000000,220000000,38786000,0,0,0,0,0
2023-06-09,AIMS,Akbar Indo Makmur Stimec Tbk,--U-2130000000A121------------,228.0,0.0,228.0,210.0,226.0,-2.0,9400,2068000,36,180.8,226,2500,216,100,220000000,220000000,38786000,0,0,0,0,0
2023-06-08,AIMS,Akbar Indo Makmur Stimec Tbk,--U-2130000000A121------------,228.0,0.0,230.0,212.0,228.0,0.0,7600,1716000,19,182.4,228,6200,218,700,220000000,220000000,38786000,0,0,0,0,0
2023-06-07,AIMS,Akbar Indo Makmur Stimec Tbk,--U-2130000000A121------------,228.0,0.0,228.0,226.0,228.0,0.0,3200,727600,17,182.4,228,10300,214,1500,220000000,220000000,38786000,0,0,0,0,0
2023-06-06,AIMS,Akbar Indo Makmur Stimec Tbk,--U-2130000000A121------------,220.0,0.0,228.0,210.0,228.0,8.0,17200,3794200,40,182.4,224,500,220,100,220000000,220000000,38786000,0,0,0,0,0
2023-06-05,AIMS,Akbar Indo Makmur Stimec Tbk,--U-2130000000A121------------,222.0,0.0,222.0,204.0,220.0,-2.0,20100,4248400,49,176.0,220,500,208,2200,220000000,220000000,38786000,0,0,0,0,0
2023-05-31,AIMS,Akbar Indo Makmur Stimec Tbk,--U-2130000000A121------------,238.0,0.0,240.0,222.0,222.0,-16.0,77800,17720400,73,177.6,222,5600,0,0,220000000,220000000,38786000,0,0,0,0,0
2023-05-30,AIMS,Akbar Indo Makmur Stimec Tbk,--U-2130000000A121------------,240.0,0.0,242.0,238.0,238.0,-2.0,15500,3692000,15,190.4,240,20300,238,23000,220000000,220000000,38786000,0,0,0,0,0
2023-05-29,AIMS,Akbar Indo Makmur Stimec Tbk,--U-2130000000A121------------,240.0,0.0,250.0,240.0,240.0,0.0,26800,6462600,36,192.0,242,4000,238,31400,220000000,220000000,38786000,0,0,0,0,0
2023-05-26,AIMS,Akbar Indo Makmur Stimec Tbk,--U-2130000000A121------------,240.0,0.0,246.0,240.0,240.0,0.0,21800,5255600,14,192.0,242,1100,240,22100,220000000,220000000,38786000,0,0,0,0,0
2023-05-25,AIMS,Akbar Indo Makmur Stimec Tbk,--U-2130000000A121------------,252.0,0.0,258.0,236.0,240.0,-12.0,171500,41611600,178,192.0,244,500,240,38300,220000000,220000000,38786000,0,0,0,0,0
2023-05-24,AIMS,Akbar Indo Makmur Stimec Tbk,--U-2130000000A121------------,246.0,0.0,254.0,230.0,252.0,6.0,138900,33268000,58,201.6,252,37800,250,52200,220000000,220000000,38786000,0,0,0,0,0
2023-05-23,AIMS,Akbar Indo Makmur Stimec Tbk,--U-2130000000A121------------,262.0,0.0,258.0,244.0,246.0,-16.0,122500,30346600,99,196.8,250,4300,244,7200,220000000,220000000,38786000,0,0,0,0,0
2023-05-22,AIMS,Akbar Indo Makmur Stimec Tbk,--U-2130000000A121------------,280.0,0.0,280.0,262.0,262.0,-18.0,408100,107475400,151,209.6,262,22600,0,0,220000000,220000000,38786000,0,0,0,0,0
2023-05-19,AIMS,Akbar Indo Makmur Stimec Tbk,--U-2130000000A121------------,266.0,0.0,288.0,248.0,280.0,14.0,393100,105915400,259,224.0,280,315400,278,31100,220000000,220000000,38786000,0,0,0,0,0
2023-05-17,AIMS,Akbar Indo Makmur Stimec Tbk,--U-2130000000A121------------,242.0,0.0,278.0,238.0,266.0,24.0,43100,10607400,38,212.8,266,5600,264,676700,220000000,220000000,38786000,0,0,0,0,0
2023-05-16,AIMS,Akbar Indo Makmur Stimec Tbk,--U-2130000000A121------------,244.0,0.0,248.0,240.0,242.0,-2.0,10800,2617200,21,193.6,242,4900,240,5700,220000000,220000000,38786000,0,0,0,0,0
2023-05-15,AIMS,Akbar Indo Makmur Stimec Tbk,--U-2130000000A121------------,244.0,0.0,244.0,242.0,244.0,0.0,5000,1217600,17,195.2,244,6500,242,2500,220000000,220000000,38786000,0,0,0,0,0
2023-05-12,AIMS,Akbar Indo Makmur Stimec Tbk,--U-2130000000A121------------,242.0,0.0,246.0,242.0,244.0,2.0,17900,4335600,13,195.2,244,16200,242,2200,220000000,220000000,38786000,0,0,0,0,0
2023-05-11,AIMS,Akbar Indo Makmur Stimec Tbk,--U-2130000000A121------------,242.0,0.0,244.0,242.0,242.0,0.0,28300,6854600,16,193.6,244,11900,242,18400,220000000,220000000,38786000,0,0,0,0,0
2023-05-10,AIMS,Akbar Indo Makmur Stimec Tbk,--U-2130000000A121------------,244.0,0.0,246.0,240.0,242.0,-2.0,25500,6155200,23,193.6,244,100,242,52700,220000000,220000000,38786000,0,0,0,0,0
2023-05-09,AIMS,Akbar Indo Makmur Stimec Tbk,--U-2130000000A121------------,248.0,0.0,248.0,240.0,244.0,-4.0,176800,42709600,35,195.2,244,20600,240,6700,220000000,220000000,38786000,0,0,0,0,0
2023-05-08,AIMS,Akbar Indo Makmur Stimec Tbk,--U-2130000000A121---L--------,244.0,0.0,256.0,240.0,248.0,4.0,164800,39655000,26,198.4,246,1000,240,41800,220000000,220000000,38786000,0,0,0,0,0
2023-05-05,AIMS,Akbar Indo Makmur Stimec Tbk,--U-2130000000A121---L--------,258.0,0.0,272.0,242.0,244.0,-14.0,85000,21017400,57,195.2,250,100,242,12000,220000000,220000000,38786000,0,0,0,0,0
2023-05-04,AIMS,Akbar Indo Makmur Stimec Tbk,--U-2130000000A121---L--------,254.0,0.0,272.0,240.0,258.0,4.0,65100,16406600,48,206.4,252,2000,240,97500,220000000,220000000,38786000,0,0,0,0,0
2023-05-03,AIMS,Akbar Indo Makmur Stimec Tbk,--U-2130000000A121------------,270.0,0.0,268.0,254.0,254.0,-16.0,86800,22360600,48,203.2,258,1000,254,16000,220000000,220000000,38786000,0,0,0,0,0
2023-05-02,AIMS,Akbar Indo Makmur Stimec Tbk,--U-2130000000A121------------,272.0,0.0,270.0,270.0,270.0,-2.0,6700,1809000,8,216.0,270,4900,268,200,220000000,220000000,38786000,0,0,0,0,0
2023-04-28,AIMS,Akbar Indo Makmur Stimec Tbk,--U-2130000000A121------------,274.0,0.0,278.0,256.0,272.0,-2.0,61100,15981800,56,217.6,274,2700,258,800,220000000,220000000,38786000,0,0,0,0,0
2023-04-27,AIMS,Akbar Indo Makmur Stimec Tbk,--U-2130000000A121------------,276.0,0.0,284.0,266.0,274.0,-2.0,12200,3344800,21,219.2,276,4500,274,5100,220000000,220000000,38786000,0,0,0,0,0
2023-04-26,AIMS,Akbar Indo Makmur Stimec Tbk,--U-2130000000A121------------,276.0,0.0,276.0,260.0,276.0,0.0,35300,9469800,58,220.8,274,2000,266,1000,220000000,220000000,38786000,0,0,0,0,0
2023-04-18,AIMS,Akbar Indo Makmur Stimec Tbk,--U-2130000000A121------------,286.0,0.0,286.0,266.0,276.0,-10.0,90200,24325400,379,220.8,276,2300,268,3700,220000000,220000000,38786000,0,0,0,0,0
2023-04-17,AIMS,Akbar Indo Makmur Stimec Tbk,--U-2130000000A121------------,258.0,0.0,296.0,242.0,286.0,28.0,81000,21211600,92,228.8,286,48600,284,720000,220000000,220000000,38786000,0,0,0,0,0
2023-04-14,AIMS,Akbar Indo Makmur Stimec Tbk,--U-2130000000A121------------,266.0,0.0,266.0,252.0,258.0,-8.0,27200,7026400,39,206.4,260,6900,256,100,220000000,220000000,38786000,0,0,0,0,0
2023-04-13,AIMS,Akbar Indo Makmur Stimec Tbk,--U-2130000000A121------------,274.0,0.0,278.0,256.0,266.0,-8.0,13700,3744200,24,212.8,266,1400,264,700,220000000,220000000,38786000,0,0,0,0,0
2023-04-12,AIMS,Akbar Indo Makmur Stimec Tbk,--U-2130000000A121------------,268.0,0.0,276.0,250.0,274.0,6.0,18000,4764000,33,219.2,276,14800,268,15000,220000000,220000000,38786000,0,0,0,0,0
2023-04-11,AIMS,Akbar Indo Makmur Stimec Tbk,--U-2130000000A121------------,276.0,0.0,278.0,266.0,268.0,-8.0,201900,54213800,65,214.4,268,600,266,48600,220000000,220000000,38786000,0,0,0,0,0
2023-04-10,AIMS,Akbar Indo Makmur Stimec Tbk,--U-2130000000A121------------,276.0,0.0,280.0,270.0,276.0,0.0,57600,15649600,49,220.8,280,7000,276,100,220000000,220000000,38786000,0,0,0,0,0
2023-04-06,AIMS,Akbar Indo Makmur Stimec Tbk,--U-2130000000A121------------,276.0,0.0,280.0,266.0,276.0,0.0,43300,11811600,32,220.8,276,500,272,7700,220000000,220000000,38786000,400,0,0,0,0
2023-04-05,AIMS,Akbar Indo Makmur Stimec Tbk,--U-2130000000A121------------,272.0,0.0,278.0,264.0,276.0,4.0,72400,19566200,45,220.8,276,8700,270,17500,220000000,220000000,38786000,0,0,0,0,0
2023-04-04,AIMS,Akbar Indo Makmur Stimec Tbk,--U-2130000000A121------------,284.0,0.0,284.0,266.0,272.0,-12.0,131800,35876200,95,217.6,270,4900,268,3500,220000000,220000000,38786000,0,0,0,0,0
2023-04-03,AIMS,Akbar Indo Makmur Stimec Tbk,--U-2130000000A121------------,284.0,0.0,288.0,276.0,284.0,0.0,35400,9985400,40,227.2,284,9300,278,6500,220000000,220000000,38786000,0,0,0,0,0
2023-03-31,AIMS,Akbar Indo Makmur Stimec Tbk,--U-2130000000A121------------,286.0,0.0,286.0,280.0,284.0,-2.0,28200,8000000,30,227.2,286,4800,280,800,220000000,220000000,38786000,0,0,0,0,0
2023-03-30,AIMS,Akbar Indo Makmur Stimec Tbk,--U-2130000000A121------------,286.0,0.0,286.0,270.0,286.0,0.0,173900,48490400,131,228.8,286,12700,280,3500,220000000,220000000,38786000,0,0,0,0,0
2023-03-29,AIMS,Akbar Indo Makmur Stimec Tbk,--U-2130000000A121------------,300.0,0.0,310.0,286.0,286.0,-14.0,536600,155425400,161,228.8,290,2000,286,104900,220000000,220000000,38786000,0,0,0,0,0
2023-03-28,AIMS,Akbar Indo Makmur Stimec Tbk,--U-2130000000A121------------,298.0,0.0,330.0,292.0,300.0,2.0,149800,45516600,126,240.0,302,5600,298,5800,220000000,220000000,38786000,0,0,0,0,0
2023-03-27,AIMS,Akbar Indo Makmur Stimec Tbk,--U-2130000000A121------------,302.0,0.0,316.0,294.0,298.0,-4.0,129800,39261200,105,238.4,304,100,298,1500,220000000,220000000,38786000,0,0,0,0,0
2023-03-24,AIMS,Akbar Indo Makmur Stimec Tbk,--U-2130000000A121------------,306.0,0.0,338.0,294.0,302.0,-4.0,911700,289328800,286,241.6,316,18900,302,6700,220000000,220000000,38786000,0,0,0,0,0
2023-03-21,AIMS,Akbar Indo Makmur Stimec Tbk,--U-2130000000A121------------,308.0,0.0,318.0,300.0,306.0,-2.0,195800,59984400,78,244.8,306,272700,304,2200,220000000,220000000,38786000,0,0,0,0,0
2023-03-20,AIMS,Akbar Indo Makmur Stimec Tbk,--U-2130000000A121------------,328.0,0.0,340.0,306.0,308.0,-20.0,380700,121617000,160,246.4,320,2000,308,500,220000000,220000000,38786000,0,0,0,0,0
2023-03-17,AIMS,Akbar Indo Makmur Stimec Tbk,--U-2130000000A121------------,328.0,0.0,340.0,306.0,328.0,0.0,617500,193745400,245,262.4,328,32500,318,2600,220000000,220000000,38786000,0,0,0,0,0
2023-03-16,AIMS,Akbar Indo Makmur Stimec Tbk,--U-2130000000A121------------,352.0,0.0,352.0,328.0,328.0,-24.0,343300,114522400,253,262.4,328,266600,0,0,220000000,220000000,38786000,0,0,0,0,0
2023-03-15,AIMS,Akbar Indo Makmur Stimec Tbk,--U-2130000000A121------------,368.0,0.0,370.0,344.0,352.0,-16.0,1160900,411300000,454,281.6,352,8600,350,127500,220000000,220000000,38786000,0,0,0,0,0
2023-03-14,AIMS,Akbar Indo Makmur Stimec Tbk,--U-2130000000A121------------,382.0,0.0,382.0,368.0,368.0,-14.0,1293700,483443600,583,294.4,368,18900,366,1272500,220000000,220000000,38786000,0,0,0,0,0
2023-03-13,AIMS,Akbar Indo Makmur Stimec Tbk,--U-2130000000A121------------,346.0,0.0,398.0,346.0,382.0,36.0,3407700,1291332200,1426,305.6,382,29000,380,5000,220000000,220000000,38786000,0,0,0,0,0
2023-03-10,AIMS,Akbar Indo Makmur Stimec Tbk,--U-2130000000A121------------,304.0,0.0,346.0,300.0,346.0,42.0,1169900,383085800,567,276.8,348,600,346,576100,220000000,220000000,38786000,0,0,0,0,0
2023-03-09,AIMS,Akbar Indo Makmur Stimec Tbk,--U-2130000000A121------------,300.0,0.0,306.0,296.0,304.0,4.0,116400,34707600,34,243.2,304,12300,300,22200,220000000,220000000,38786000,0,0,0,0,0
2023-03-08,AIMS,Akbar Indo Makmur Stimec Tbk,--U-2130000000A121------------,308.0,0.0,322.0,298.0,300.0,-8.0,188600,58621600,718,240.0,300,4200,298,11300,220000000,220000000,38786000,0,0,0,0,0
2023-03-07,AIMS,Akbar Indo Makmur Stimec Tbk,--U-2130000000A121------------,300.0,0.0,316.0,292.0,308.0,8.0,146900,45108000,178,246.4,308,5200,302,2700,220000000,220000000,38786000,0,0,0,0,0
2023-03-06,AIMS,Akbar Indo Makmur Stimec Tbk,--U-2130000000A121------------,296.0,0.0,320.0,294.0,300.0,4.0,51400,15507200,98,240.0,300,12200,298,38800,220000000,220000000,38786000,0,0,0,0,0
2023-03-03,AIMS,Akbar Indo Makmur Stimec Tbk,--U-2130000000A121------------,288.0,0.0,302.0,288.0,296.0,8.0,138700,41076000,97,236.8,296,1600,294,39600,220000000,220000000,38786000,0,0,0,0,0
2023-03-02,AIMS,Akbar Indo Makmur Stimec Tbk,--U-2130000000A121------------,296.0,0.0,340.0,280.0,288.0,-8.0,2764200,904893000,13729,230.4,294,6000,288,19000,220000000,220000000,38786000,0,0,0,0,0
2023-03-01,AIMS,Akbar Indo Makmur Stimec Tbk,--U-2130000000A121------------,296.0,0.0,304.0,286.0,296.0,0.0,35100,10216400,47,236.8,296,13900,290,1000,220000000,220000000,38786000,0,0,0,0,0
2023-02-28,AIMS,Akbar Indo Makmur Stimec Tbk,--U-2130000000A121------------,302.0,0.0,334.0,282.0,296.0,-6.0,1326400,421806800,1294,236.8,296,3900,294,5900,220000000,220000000,38786000,0,0,0,0,0
2023-02-27,AIMS,Akbar Indo Makmur Stimec Tbk,--U-2130000000A121------------,304.0,0.0,306.0,286.0,302.0,-2.0,62300,18640800,44,241.6,302,9400,298,19700,220000000,220000000,38786000,1000,0,0,0,0
2023-02-24,AIMS,Akbar Indo Makmur Stimec Tbk,--U-2130000000A121------------,304.0,0.0,308.0,284.0,304.0,0.0,64000,19020000,49,243.2,304,2400,290,300,220000000,220000000,38786000,0,0,0,0,0
2023-02-23,AIMS,Akbar Indo Makmur Stimec Tbk,--U-2130000000A121------------,320.0,0.0,320.0,298.0,304.0,-16.0,147900,44686200,91,243.2,304,18400,302,500,220000000,220000000,38786000,0,0,0,0,0
2023-02-22,AIMS,Akbar Indo Makmur Stimec Tbk,--U-2130000000A121------------,316.0,0.0,322.0,306.0,320.0,4.0,33700,10613200,36,256.0,320,51100,308,1000,220000000,220000000,38786000,21400,0,0,0,0
2023-02-21,AIMS,Akbar Indo Makmur Stimec Tbk,--U-2130000000A121------------,326.0,0.0,330.0,304.0,316.0,-10.0,92300,29201000,72,252.8,316,100,314,100,220000000,220000000,38786000,0,100,0,0,0
2023-02-20,AIMS,Akbar Indo Makmur Stimec Tbk,--U-2130000000A121------------,326.0,0.0,326.0,304.0,326.0,0.0,315300,96799800,125,260.8,326,12600,324,4000,220000000,220000000,38786000,0,0,0,0,0
2023-02-17,AIMS,Akbar Indo Makmur Stimec Tbk,--U-2130000000A121------------,330.0,0.0,330.0,312.0,326.0,-4.0,97700,31137600,83,260.8,324,500,316,2100,220000000,220000000,38786000,0,0,0,0,0
2023-02-16,AIMS,Akbar Indo Makmur Stimec Tbk,--U-2130000000A121------------,344.0,0.0,344.0,330.0,330.0,-14.0,136000,45242000,103,264.0,330,400,328,17000,220000000,220000000,38786000,0,1000,0,0,0
2023-02-15,AIMS,Akbar Indo Makmur Stimec Tbk,--U-2130000000A121------------,348.0,0.0,344.0,336.0,344.0,-4.0,43400,14686000,42,275.2,344,8000,336,13900,220000000,220000000,38786000,0,0,0,0,0
2023-02-14,AIMS,Akbar Indo Makmur Stimec Tbk,--U-2130000000A121------------,350.0,0.0,352.0,326.0,348.0,-2.0,143300,48153600,84,278.4,348,20700,342,1000,220000000,220000000,38786000,0,0,0,0,0
2023-02-13,AIMS,Akbar Indo Makmur Stimec Tbk,--U-2130000000A121------------,366.0,0.0,366.0,348.0,350.0,-16.0,512500,180106600,249,280.0,354,1600,350,2700,220000000,220000000,38786000,0,0,0,0,0
2023-02-10,AIMS,Akbar Indo Makmur Stimec Tbk,--U-2130000000A121------------,370.0,0.0,376.0,356.0,366.0,-4.0,275000,101123600,144,292.8,366,9700,364,7900,220000000,220000000,38786000,0,0,0,0,0
2023-02-09,AIMS,Akbar Indo Makmur Stimec Tbk,--U-2130000000A121------------,374.0,0.0,378.0,368.0,370.0,-4.0,479300,179206800,374,296.0,376,3500,370,7800,220000000,220000000,38786000,0,0,0,0,0
2023-02-08,AIMS,Akbar Indo Makmur Stimec Tbk,--U-2130000000A121------------,332.0,0.0,374.0,326.0,374.0,42.0,1616300,574669000,777,299.2,376,7300,374,645900,220000000,220000000,38786000,0,0,0,0,0
2023-02-07,AIMS,Akbar Indo Makmur Stimec Tbk,--U-2130000000A121------------,330.0,0.0,340.0,322.0,332.0,2.0,1418300,469695600,621,265.6,332,19100,330,45700,220000000,220000000,38786000,0,0,0,0,0
2023-02-03,AIMS,Akbar Indo Makmur Stimec Tbk,--U-2130000000A121------------,284.0,0.0,330.0,274.0,320.0,36.0,5453500,1733860000,2333,256.0,322,15500,320,192300,220000000,220000000,38786000,0,10000,0,0,0
2023-02-02,AIMS,Akbar Indo Makmur Stimec Tbk,--U-2130000000A121------------,270.0,0.0,308.0,256.0,284.0,14.0,1185000,343070000,732,227.2,284,32600,276,100,220000000,220000000,38786000,0,0,0,0,0
2023-02-01,AIMS,Akbar Indo Makmur Stimec Tbk,--U-2130000000A121------------,282.0,0.0,286.0,264.0,270.0,-12.0,477900,128652400,256,216.0,274,200,268,1400,220000000,220000000,38786000,0,0,0,0,0
2023-01-31,AIMS,Akbar Indo Makmur Stimec Tbk,--U-2130000000A121------------,296.0,0.0,346.0,276.0,282.0,-14.0,1242100,368173400,494,225.6,282,16100,280,500,220000000,220000000,38786000,1600,1600,0,0,0
2023-01-30,AIMS,Akbar Indo Makmur Stimec Tbk,--U-2130000000A121------------,238.0,0.0,296.0,244.0,296.0,58.0,897900,255099600,483,236.8,0,0,296,313400,220000000,220000000,38786000,0,0,0,0,0
2023-01-27,AIMS,Akbar Indo Makmur Stimec Tbk,--U-2130000000A121------------,234.0,0.0,246.0,234.0,238.0,4.0,46300,11058600,56,190.4,238,7400,236,35000,220000000,220000000,38786000,0,0,0,0,0
2023-01-26,AIMS,Akbar Indo Makmur Stimec Tbk,--U-2130000000A121------------,232.0,0.0,240.0,232.0,234.0,2.0,87100,20310000,45,187.2,236,1000,234,7700,220000000,220000000,38786000,0,0,0,0,0
2023-01-25,AIMS,Akbar Indo Makmur Stimec Tbk,--U-2130000000A121------------,232.0,0.0,236.0,232.0,232.0,0.0,139000,32323800,59,185.6,236,8600,232,76800,220000000,220000000,38786000,0,0,0,0,0
2023-01-24,AIMS,Akbar Indo Makmur Stimec Tbk,--U-2130000000A121------------,230.0,0.0,238.0,228.0,232.0,2.0,53600,12425000,58,185.6,234,4800,232,79200,220000000,220000000,38786000,0,0,0,0,0
2023-01-20,AIMS,Akbar Indo Makmur Stimec Tbk,--U-2130000000A121------------,232.0,0.0,238.0,226.0,230.0,-2.0,138400,31903200,82,184.0,232,5700,230,68100,220000000,220000000,38786000,0,0,0,0,0
2023-01-19,AIMS,Akbar Indo Makmur Stimec Tbk,--U-2130000000A121------------,228.0,0.0,266.0,216.0,232.0,4.0,635000,151805200,441,185.6,234,1500,232,101400,220000000,220000000,38786000,0,0,0,0,0
2023-01-18,AIMS,Akbar Indo Makmur Stimec Tbk,--U-2130000000A121------------,244.0,0.0,266.0,228.0,228.0,-16.0,472600,109963800,504,182.4,230,4700,228,18300,220000000,220000000,38786000,0,0,0,0,0
2023-01-17,AIMS,Akbar Indo Makmur Stimec Tbk,--U-2130000000A121------------,262.0,0.0,324.0,244.0,244.0,-18.0,543800,134385200,177,195.2,244,353100,0,0,220000000,220000000,38786000,0,0,0,0,0
2023-01-16,AIMS,Akbar Indo Makmur Stimec Tbk,--U-2130000000A121------------,280.0,0.0,268.0,262.0,262.0,-18.0,291200,76295600,55,209.6,262,621300,0,0,220000000,220000000,38786000,0,0,0,0,0
2023-01-13,AIMS,Akbar Indo Makmur Stimec Tbk,--U-2130000000A121------------,300.0,0.0,286.0,280.0,280.0,-20.0,70200,19716000,54,224.0,280,328700,0,0,220000000,220000000,38786000,0,0,0,0,0
2023-01-12,AIMS,Akbar Indo Makmur Stimec Tbk,--U-2130000000A121------------,322.0,0.0,334.0,300.0,300.0,-22.0,115200,35235400,163,240.0,300,63500,0,0,220000000,220000000,38786000,0,0,0,0,0
2023-01-11,AIMS,Akbar Indo Makmur Stimec Tbk,--U-2130000000A121------------,346.0,0.0,410.0,322.0,322.0,-24.0,1276600,455661400,783,257.6,324,100,322,400,220000000,220000000,38786000,13500,0,0,0,0
2023-01-10,AIMS,Akbar Indo Makmur Stimec Tbk,--U-2130000000A121------------,304.0,0.0,370.0,304.0,346.0,42.0,1028500,363688000,853,276.8,346,146500,340,500,220000000,220000000,38786000,0,34900,0,0,0
2023-01-09,AIMS,Akbar Indo Makmur Stimec Tbk,--U-2130000000A121------------,274.0,0.0,312.0,256.0,304.0,30.0,941200,276927400,584,243.2,306,53900,304,36300,220000000,220000000,38786000,0,0,0,0,0
2023-01-06,AIMS,Akbar Indo Makmur Stimec Tbk,--U-2130000000A121------------,284.0,0.0,310.0,266.0,274.0,-10.0,563500,160675800,396,219.2,276,6300,274,2400,220000000,220000000,38786000,0,0,0,0,0
2023-01-05,AIMS,Akbar Indo Makmur Stimec Tbk,--U-2130000000A121------------,248.0,0.0,310.0,232.0,284.0,36.0,1121300,316619800,1052,227.2,284,5700,282,400,220000000,220000000,38786000,0,0,0,0,0
2023-01-04,AIMS,Akbar Indo Makmur Stimec Tbk,--U-2130000000A121------------,266.0,0.0,292.0,248.0,248.0,-18.0,688500,178938400,507,198.4,248,36200,0,0,220000000,220000000,38786000,0,0,0,0,0
2023-01-03,AIMS,Akbar Indo Makmur Stimec Tbk,--U-2130000000A121------------,214.0,0.0,266.0,218.0,266.0,52.0,705700,176011800,603,212.8,0,0,266,124600,220000000,220000000,38786000,0,0,0,0,0
2023-01-02,AIMS,Akbar Indo Makmur Stimec Tbk,--U-2130000000A121------------,206.0,0.0,216.0,206.0,214.0,8.0,3400,711800,10,171.2,214,1000,212,2000,220000000,220000000,38786000,0,0,0,0,0
2022-12-30,AIMS,Akbar Indo Makmur Stimec Tbk,--U-2130000000A121------------,212.0,0.0,214.0,206.0,206.0,-6.0,22800,4777200,20,164.8,206,1800,204,1600,220000000,220000000,38786000,0,0,0,0,0
2022-12-29,AIMS,Akbar Indo Makmur Stimec Tbk,--U-2130000000A121------------,210.0,0.0,214.0,210.0,212.0,2.0,23800,5091800,18,169.6,212,18400,210,5800,220000000,220000000,38786000,0,0,0,0,0
2022-12-28,AIMS,Akbar Indo Makmur Stimec Tbk,--U-2130000000A121------------,216.0,0.0,212.0,202.0,210.0,-6.0,4600,945600,16,168.0,214,900,210,800,220000000,220000000,38786000,0,0,0,0,0
2022-12-27,AIMS,Akbar Indo Makmur Stimec Tbk,--U-2130000000A121------------,216.0,0.0,218.0,212.0,216.0,0.0,17700,3821400,16,172.8,216,11200,212,100,220000000,220000000,38786000,0,0,0,0,0
2022-12-26,AIMS,Akbar Indo Makmur Stimec Tbk,--U-2130000000A121------------,210.0,0.0,218.0,210.0,216.0,6.0,16300,3489600,21,172.8,216,1800,210,8500,220000000,220000000,38786000,0,0,0,0,0
2022-12-23,AIMS,Akbar Indo Makmur Stimec Tbk,--U-2130000000A121------------,210.0,0.0,210.0,210.0,210.0,0.0,4900,1029000,3,168.0,210,10000,204,500,220000000,220000000,38786000,0,0,0,0,0
2022-12-22,AIMS,Akbar Indo Makmur Stimec Tbk,--U-2130000000A121------------,212.0,0.0,214.0,210.0,210.0,-2.0,6700,1419000,9,168.0,214,600,210,7500,220000000,220000000,38786000,0,0,0,0,0
2022-12-21,AIMS,Akbar Indo Makmur Stimec Tbk,--U-2130000000A121------------,212.0,0.0,214.0,208.0,212.0,0.0,1200,252600,9,169.6,214,1500,208,6000,220000000,220000000,38786000,0,0,0,0,0
2022-12-20,AIMS,Akbar Indo Makmur Stimec Tbk,--U-2130000000A121------------,212.0,0.0,216.0,212.0,212.0,0.0,6800,1447200,24,169.6,216,6300,210,2100,220000000,220000000,38786000,0,0,0,0,0
2022-12-19,AIMS,Akbar Indo Makmur Stimec Tbk,--U-2130000000A121------------,218.0,0.0,218.0,210.0,212.0,-6.0,5600,1187400,27,169.6,212,400,210,7500,220000000,220000000,38786000,0,0,0,0,0
2022-12-16,AIMS,Akbar Indo Makmur Stimec Tbk,--U-2130000000A121------------,212.0,0.0,220.0,212.0,218.0,6.0,2700,584600,13,174.4,218,9000,212,1600,220000000,220000000,38786000,0,0,0,0,0
2022-12-15,AIMS,Akbar Indo Makmur Stimec Tbk,--U-2130000000A121------------,218.0,0.0,218.0,212.0,212.0,-6.0,15400,3269600,20,169.6,218,13000,212,2500,220000000,220000000,38786000,0,0,0,0,0
2022-12-14,AIMS,Akbar Indo Makmur Stimec Tbk,--U-2130000000A121------------,220.0,0.0,226.0,218.0,218.0,-2.0,6400,1428600,20,174.4,224,20300,218,800,220000000,220000000,38786000,0,0,0,0,0
2022-12-13,AIMS,Akbar Indo Makmur Stimec Tbk,--U-2130000000A121------------,220.0,0.0,220.0,220.0,220.0,0.0,200,44000,2,176.0,220,27400,216,1400,220000000,220000000,38786000,0,0,0,0,0
2022-12-12,AIMS,Akbar Indo Makmur Stimec Tbk,--U-2130000000A121------------,222.0,0.0,222.0,220.0,220.0,-2.0,2800,618000,11,176.0,220,12800,218,500,220000000,220000000,38786000,0,0,0,0,0
2022-12-09,AIMS,Akbar Indo Makmur Stimec Tbk,--U-2130000000A121------------,218.0,0.0,224.0,218.0,222.0,4.0,32800,7280600,27,177.6,222,14400,218,900,220000000,220000000,38786000,0,0,0,0,0
2022-12-08,AIMS,Akbar Indo Makmur Stimec Tbk,--U-2130000000A121------------,220.0,0.0,218.0,206.0,218.0,-2.0,4300,917400,14,174.4,218,11500,210,800,220000000,220000000,38786000,0,0,0,0,0
2022-12-07,AIMS,Akbar Indo Makmur Stimec Tbk,--U-2130000000A121------------,214.0,0.0,226.0,212.0,220.0,6.0,5600,1221000,22,176.0,220,1500,216,500,220000000,220000000,38786000,0,0,0,0,0
2022-12-06,AIMS,Akbar Indo Makmur Stimec Tbk,--U-2130000000A121------------,226.0,0.0,226.0,212.0,214.0,-12.0,5200,1120000,12,171.2,224,100,214,500,220000000,220000000,38786000,0,0,0,0,0
2022-12-05,AIMS,Akbar Indo Makmur Stimec Tbk,--U-2130000000A121------------,216.0,0.0,226.0,220.0,226.0,10.0,10200,2289800,19,180.8,226,19700,220,4100,220000000,220000000,38786000,0,0,0,0,0
2022-12-02,AIMS,Akbar Indo Makmur Stimec Tbk,--U-2130000000A121------------,220.0,0.0,226.0,216.0,216.0,-4.0,1000,217400,7,172.8,224,600,216,7400,220000000,220000000,38786000,0,0,0,0,0
2022-12-01,AIMS,Akbar Indo Makmur Stimec Tbk,--U-2130000000A121------------,226.0,0.0,226.0,212.0,220.0,-6.0,25000,5410400,45,176.0,222,100,220,7100,220000000,220000000,38786000,0,0,0,0,0
2022-11-30,AIMS,Akbar Indo Makmur Stimec Tbk,--U-2130000000A121------------,224.0,0.0,230.0,216.0,226.0,2.0,43700,9811200,42,180.8,226,900,224,1200,220000000,220000000,38786000,0,0,0,0,0
2022-11-29,AIMS,Akbar Indo Makmur Stimec Tbk,--U-2130000000A121------------,224.0,0.0,226.0,224.0,224.0,0.0,2600,585400,5,179.2,224,1600,216,600,220000000,220000000,38786000,0,0,0,0,0
2022-11-28,AIMS,Akbar Indo Makmur Stimec Tbk,--U-2130000000A121------------,226.0,0.0,226.0,216.0,224.0,-2.0,2000,442200,15,179.2,224,1200,218,500,220000000,220000000,38786000,0,0,0,0,0
2022-11-25,AIMS,Akbar Indo Makmur Stimec Tbk,--U-2130000000A121------------,220.0,0.0,230.0,220.0,226.0,6.0,700,156600,7,180.8,226,12300,220,5500,220000000,220000000,38786000,0,0,0,0,0
2022-11-24,AIMS,Akbar Indo Makmur Stimec Tbk,--U-2130000000A121------------,228.0,0.0,228.0,220.0,220.0,-8.0,7500,1679200,17,176.0,226,8900,220,6000,220000000,220000000,38786000,0,0,0,0,0
2022-11-23,AIMS,Akbar Indo Makmur Stimec Tbk,--U-2130000000A121------------,226.0,0.0,228.0,216.0,228.0,2.0,14300,3243200,27,182.4,228,7400,222,3000,220000000,220000000,38786000,0,0,0,0,0
2022-11-22,AIMS,Akbar Indo Makmur Stimec Tbk,--U-2130000000A121------------,224.0,0.0,226.0,222.0,226.0,2.0,6100,1364200,14,180.8,226,3300,222,200,220000000,220000000,38786000,0,0,0,0,0
2022-11-21,AIMS,Akbar Indo Makmur Stimec Tbk,--U-2130000000A121------------,222.0,0.0,226.0,222.0,224.0,2.0,18500,4135000,16,179.2,226,1600,222,200,220000000,220000000,38786000,0,0,0,0,0
2022-11-18,AIMS,Akbar Indo Makmur Stimec Tbk,--U-2130000000A121------------,230.0,0.0,234.0,218.0,222.0,-8.0,25500,5683000,27,177.6,228,4000,222,5100,220000000,220000000,38786000,0,0,0,0,0
2022-11-17,AIMS,Akbar Indo Makmur Stimec Tbk,--U-2130000000A121------------,212.0,0.0,236.0,212.0,230.0,18.0,41400,9473600,59,184.0,230,6300,228,400,220000000,220000000,38786000,0,0,0,0,0
2022-11-16,AIMS,Akbar Indo Makmur Stimec Tbk,--U-2130000000A121------------,226.0,0.0,234.0,212.0,212.0,-14.0,22000,4793600,55,169.6,226,1400,212,39800,220000000,220000000,38786000,0,0,0,0,0
2022-11-15,AIMS,Akbar Indo Makmur Stimec Tbk,--U-2130000000A121------------,224.0,0.0,226.0,224.0,226.0,2.0,500,112400,5,180.8,226,600,220,800,220000000,220000000,38786000,0,0,0,0,0
2022-11-14,AIMS,Akbar Indo Makmur Stimec Tbk,--U-2130000000A121------------,218.0,0.0,236.0,204.0,224.0,6.0,8700,1948200,38,179.2,224,200,222,200,220000000,220000000,38786000,0,0,0,0,0
2022-11-11,AIMS,Akbar Indo Makmur Stimec Tbk,--U-2130000000A121------------,216.0,0.0,240.0,216.0,218.0,2.0,8900,1967600,31,174.4,220,2300,218,200,220000000,220000000,38786000,0,0,0,0,0
2022-11-10,AIMS,Akbar Indo Makmur Stimec Tbk,--U-2130000000A121------------,228.0,0.0,230.0,216.0,216.0,-12.0,6600,1442200,26,172.8,228,600,216,100,220000000,220000000,38786000,0,0,0,0,0
2022-11-09,AIMS,Akbar Indo Makmur Stimec Tbk,--U-2130000000A121------------,228.0,0.0,234.0,220.0,228.0,0.0,13600,3080200,23,182.4,228,1000,222,1000,220000000,220000000,38786000,0,0,0,0,0
2022-11-08,AIMS,Akbar Indo Makmur Stimec Tbk,--U-2130000000A121------------,228.0,0.0,228.0,218.0,228.0,0.0,10800,2445400,10,182.4,228,7700,220,1600,220000000,220000000,38786000,0,0,0,0,0
2022-11-07,AIMS,Akbar Indo Makmur Stimec Tbk,--U-2130000000A121------------,226.0,0.0,228.0,222.0,228.0,2.0,15400,3450400,18,182.4,228,17400,224,5500,220000000,220000000,38786000,0,0,0,0,0
2022-11-04,AIMS,Akbar Indo Makmur Stimec Tbk,--U-2130000000A121------------,220.0,0.0,228.0,216.0,226.0,6.0,4800,1071200,20,180.8,226,5300,218,400,220000000,220000000,38786000,0,0,0,0,0
2022-11-03,AIMS,Akbar Indo Makmur Stimec Tbk,--U-2130000000A121------------,218.0,0.0,220.0,216.0,220.0,2.0,5600,1229600,11,176.0,220,600,216,1500,220000000,220000000,38786000,0,0,0,0,0
2022-11-02,AIMS,Akbar Indo Makmur Stimec Tbk,--U-2130000000A121------------,214.0,0.0,220.0,214.0,218.0,4.0,5100,1117200,19,174.4,220,7200,218,400,220000000,220000000,38786000,0,0,0,0,0
2022-11-01,AIMS,Akbar Indo Makmur Stimec Tbk,--U-2130000000A121------------,226.0,0.0,224.0,214.0,214.0,-12.0,15900,3461600,30,171.2,216,500,214,8500,220000000,220000000,38786000,0,0,0,0,0
2022-10-31,AIMS,Akbar Indo Makmur Stimec Tbk,--U-2130000000A121------------,226.0,0.0,226.0,216.0,226.0,0.0,13900,3134800,12,180.8,226,5700,220,600,220000000,220000000,38786000,0,0,0,0,0
2022-10-28,AIMS,Akbar Indo Makmur Stimec Tbk,--U-2130000000A121------------,224.0,0.0,226.0,214.0,226.0,2.0,20600,4570000,15,180.8,226,10600,214,6200,220000000,220000000,38786000,0,0,0,0,0
2022-10-27,AIMS,Akbar Indo Makmur Stimec Tbk,--U-2130000000A121------------,224.0,0.0,224.0,220.0,224.0,0.0,15500,3436200,22,179.2,224,8000,220,1000,220000000,220000000,38786000,0,0,0,0,0
2022-10-26,AIMS,Akbar Indo Makmur Stimec Tbk,--U-2130000000A121------------,226.0,0.0,230.0,214.0,224.0,-2.0,10500,2338600,22,179.2,222,7900,220,500,220000000,220000000,38786000,0,0,0,0,0
2022-10-25,AIMS,Akbar Indo Makmur Stimec Tbk,--U-2130000000A121------------,220.0,0.0,226.0,220.0,226.0,6.0,6500,1445200,18,180.8,226,8600,214,4700,220000000,220000000,38786000,0,0,0,0,0
2022-10-24,AIMS,Akbar Indo Makmur Stimec Tbk,--U-2130000000A121------------,214.0,0.0,228.0,216.0,220.0,6.0,13200,2939000,31,176.0,224,100,220,2800,220000000,220000000,38786000,0,0,0,0,0
2022-10-21,AIMS,Akbar Indo Makmur Stimec Tbk,--U-2130000000A121------------,222.0,0.0,234.0,212.0,214.0,-8.0,37400,8074600,43,171.2,222,400,214,17400,220000000,220000000,38786000,0,0,0,0,0
2022-10-20,AIMS,Akbar Indo Makmur Stimec Tbk,--U-2130000000A121------------,232.0,0.0,232.0,216.0,222.0,-10.0,73600,16277800,98,177.6,224,6300,222,2700,220000000,220000000,38786000,0,0,0,0,0
2022-10-19,AIMS,Akbar Indo Makmur Stimec Tbk,--U-2130000000A121------------,236.0,0.0,236.0,228.0,232.0,-4.0,13300,3088600,23,185.6,236,2600,232,3300,220000000,220000000,38786000,0,0,0,0,0
2022-10-18,AIMS,Akbar Indo Makmur Stimec Tbk,--U-2130000000A121------------,240.0,0.0,238.0,232.0,236.0,-4.0,12800,3021600,22,188.8,236,9800,230,1000,220000000,220000000,38786000,0,0,0,0,0
2022-10-17,AIMS,Akbar Indo Makmur Stimec Tbk,--U-2130000000A121------------,240.0,0.0,240.0,240.0,240.0,0.0,9600,2304000,11,192.0,240,20400,236,3100,220000000,220000000,38786000,0,0,0,0,0
2022-10-14,AIMS,Akbar Indo Makmur Stimec Tbk,--U-2130000000A121------------,248.0,0.0,242.0,240.0,240.0,-8.0,1900,456200,6,192.0,246,1100,240,1100,220000000,220000000,38786000,0,0,0,0,0
2022-10-13,AIMS,Akbar Indo Makmur Stimec Tbk,--U-2130000000A121------------,242.0,0.0,248.0,244.0,248.0,6.0,21600,5313200,19,198.4,250,15500,244,200,220000000,220000000,38786000,0,0,0,0,0
2022-10-12,AIMS,Akbar Indo Makmur Stimec Tbk,--U-2130000000A121------------,246.0,0.0,246.0,240.0,242.0,-4.0,6100,1466000,8,193.6,246,6400,240,9200,220000000,220000000,38786000,0,0,0,0,0
2022-10-11,AIMS,Akbar Indo Makmur Stimec Tbk,--U-2130000000A121------------,246.0,0.0,246.0,242.0,246.0,0.0,2800,680000,5,196.8,246,5000,244,100,220000000,220000000,38786000,0,0,0,0,0
2022-10-10,AIMS,Akbar Indo Makmur Stimec Tbk,--U-2130000000A121------------,240.0,0.0,246.0,242.0,246.0,6.0,7600,1847800,15,196.8,246,6400,242,600,220000000,220000000,38786000,0,0,0,0,0
2022-10-07,AIMS,Akbar Indo Makmur Stimec Tbk,--U-2130000000A121------------,240.0,0.0,250.0,240.0,240.0,0.0,15200,3691200,22,192.0,244,3700,242,5000,220000000,220000000,38786000,0,0,0,0,0
2022-10-06,AIMS,Akbar Indo Makmur Stimec Tbk,--U-2130000000A121------------,246.0,0.0,248.0,238.0,240.0,-6.0,43300,10445200,38,192.0,248,9900,242,500,220000000,220000000,38786000,0,0,0,0,0
2022-10-05,AIMS,Akbar Indo Makmur Stimec Tbk,--U-2130000000A121------------,248.0,0.0,250.0,236.0,246.0,-2.0,2200,542800,10,196.8,248,1200,246,500,220000000,220000000,38786000,0,0,0,0,0
2022-10-04,AIMS,Akbar Indo Makmur Stimec Tbk,--U-2130000000A121------------,248.0,0.0,248.0,248.0,248.0,0.0,300,74400,3,198.4,248,31300,246,4000,220000000,220000000,38786000,0,0,0,0,0
2022-10-03,AIMS,Akbar Indo Makmur Stimec Tbk,--U-2130000000A121------------,242.0,0.0,250.0,242.0,248.0,6.0,9000,2230400,25,198.4,250,11300,248,700,220000000,220000000,38786000,0,0,0,0,0
2022-09-30,AIMS,Akbar Indo Makmur Stimec Tbk,--U-2130000000A121------------,250.0,0.0,250.0,234.0,242.0,-8.0,35100,8502800,27,193.6,248,200,242,4400,220000000,220000000,38786000,0,0,0,0,0
2022-09-29,AIMS,Akbar Indo Makmur Stimec Tbk,--U-2130000000A121------------,246.0,0.0,250.0,246.0,250.0,4.0,8600,2147000,22,200.0,250,3800,248,1400,220000000,220000000,38786000,0,0,0,0,0
2022-09-28,AIMS,Akbar Indo Makmur Stimec Tbk,--U-2130000000A121------------,250.0,0.0,250.0,240.0,246.0,-4.0,17500,4332000,24,196.8,250,2100,246,7500,220000000,220000000,38786000,0,0,0,0,0
2022-09-27,AIMS,Akbar Indo Makmur Stimec Tbk,--U-2130000000A121------------,244.0,0.0,250.0,244.0,250.0,6.0,9500,2335600,17,200.0,250,14700,246,1800,220000000,220000000,38786000,0,0,0,0,0
2022-09-26,AIMS,Akbar Indo Makmur Stimec Tbk,--U-2130000000A121------------,250.0,0.0,250.0,244.0,244.0,-6.0,600,148200,2,195.2,250,7100,244,2000,220000000,220000000,38786000,0,0,0,0,0
2022-09-23,AIMS,Akbar Indo Makmur Stimec Tbk,--U-2130000000A121------------,246.0,0.0,252.0,246.0,250.0,4.0,10100,2506800,18,200.0,250,1400,248,16100,220000000,220000000,38786000,0,0,0,0,0
2022-09-22,AIMS,Akbar Indo Makmur Stimec Tbk,--U-2130000000A121------------,248.0,0.0,246.0,244.0,246.0,-2.0,16600,4083200,13,196.8,246,400,244,8300,220000000,220000000,38786000,0,0,0,0,0
2022-09-21,AIMS,Akbar Indo Makmur Stimec Tbk,--U-2130000000A121------------,250.0,0.0,252.0,248.0,248.0,-2.0,2200,547600,4,198.4,248,1800,244,3100,220000000,220000000,38786000,0,0,0,0,0
2022-09-20,AIMS,Akbar Indo Makmur Stimec Tbk,--U-2130000000A121------------,244.0,0.0,250.0,246.0,250.0,6.0,10100,2493000,19,200.0,250,700,248,600,220000000,220000000,38786000,0,0,0,0,0
2022-09-19,AIMS,Akbar Indo Makmur Stimec Tbk,--U-2130000000A121------------,248.0,0.0,248.0,244.0,244.0,-4.0,5500,1345200,8,195.2,250,3100,244,24000,220000000,220000000,38786000,0,0,0,0,0
2022-09-16,AIMS,Akbar Indo Makmur Stimec Tbk,--U-2130000000A121------------,248.0,0.0,250.0,248.0,248.0,0.0,5500,1368400,16,198.4,250,1300,248,7200,220000000,220000000,38786000,0,0,0,0,0
2022-09-15,AIMS,Akbar Indo Makmur Stimec Tbk,--U-2130000000A121------------,248.0,0.0,248.0,242.0,248.0,0.0,36300,8872000,31,198.4,248,400,242,13900,220000000,220000000,38786000,0,0,0,0,0
2022-09-14,AIMS,Akbar Indo Makmur Stimec Tbk,--U-2130000000A121------------,250.0,0.0,248.0,246.0,248.0,-2.0,10700,2650800,17,198.4,250,20600,248,700,220000000,220000000,38786000,0,0,0,0,0
2022-09-13,AIMS,Akbar Indo Makmur Stimec Tbk,--U-2130000000A121------------,250.0,0.0,252.0,250.0,250.0,0.0,15900,3985000,17,200.0,250,56300,248,1000,220000000,220000000,38786000,0,0,0,0,0
2022-09-12,AIMS,Akbar Indo Makmur Stimec Tbk,--U-2130000000A121------------,250.0,0.0,254.0,250.0,250.0,0.0,35400,8909400,34,200.0,252,4400,250,1600,220000000,220000000,38786000,0,0,0,0,0
2022-09-09,AIMS,Akbar Indo Makmur Stimec Tbk,--U-2130000000A121------------,250.0,0.0,254.0,248.0,250.0,0.0,22200,5596000,30,200.0,250,12100,246,3400,220000000,220000000,38786000,0,0,0,0,0
2022-09-08,AIMS,Akbar Indo Makmur Stimec Tbk,--U-2130000000A121------------,248.0,0.0,252.0,242.0,250.0,2.0,21200,5313400,41,200.0,252,19600,250,9700,220000000,220000000,38786000,0,0,0,0,0
2022-09-07,AIMS,Akbar Indo Makmur Stimec Tbk,--U-2130000000A121------------,248.0,0.0,248.0,244.0,248.0,0.0,31700,7837400,30,198.4,250,600,248,200,220000000,220000000,38786000,0,0,0,0,0
2022-09-06,AIMS,Akbar Indo Makmur Stimec Tbk,--U-2130000000A121------------,250.0,0.0,252.0,244.0,248.0,-2.0,47400,11780800,62,198.4,250,700,248,800,220000000,220000000,38786000,0,0,0,0,0
2022-09-05,AIMS,Akbar Indo Makmur Stimec Tbk,--U-2130000000A121------------,246.0,0.0,252.0,248.0,250.0,4.0,59500,14845800,37,200.0,250,21300,248,7900,220000000,220000000,38786000,0,0,0,0,0
2022-09-02,AIMS,Akbar Indo Makmur Stimec Tbk,--U-2130000000A121------------,248.0,0.0,248.0,244.0,246.0,-2.0,43500,10732000,46,196.8,248,200,246,16900,220000000,220000000,38786000,0,0,0,0,0
2022-09-01,AIMS,Akbar Indo Makmur Stimec Tbk,--U-2130000000A121------------,248.0,0.0,250.0,244.0,248.0,0.0,31900,7838000,43,198.4,250,59700,248,10800,220000000,220000000,38786000,0,0,0,0,0
2022-08-31,AIMS,Akbar Indo Makmur Stimec Tbk,--U-2130000000A121------------,248.0,0.0,252.0,246.0,248.0,0.0,15700,3892600,17,198.4,252,53000,248,9800,220000000,220000000,38786000,0,0,0,0,0
2022-08-30,AIMS,Akbar Indo Makmur Stimec Tbk,--U-2130000000A121------------,250.0,0.0,252.0,248.0,248.0,-2.0,79500,19777800,31,198.4,252,2000,248,5600,220000000,220000000,38786000,0,0,0,0,0
2022-08-29,AIMS,Akbar Indo Makmur Stimec Tbk,--U-2130000000A121------------,254.0,0.0,254.0,250.0,250.0,-4.0,46400,11606800,19,200.0,250,46400,248,7700,220000000,220000000,38786000,0,0,0,0,0
2022-08-26,AIMS,Akbar Indo Makmur Stimec Tbk,--U-2130000000A121------------,250.0,0.0,258.0,250.0,254.0,4.0,28300,7218600,51,203.2,254,6100,250,1700,220000000,220000000,38786000,0,0,0,0,0
2022-08-25,AIMS,Akbar Indo Makmur Stimec Tbk,--U-2130000000A121------------,248.0,0.0,250.0,242.0,250.0,2.0,22700,5594600,22,200.0,250,3100,248,10100,220000000,220000000,38786000,0,0,0,0,0
2022-08-24,AIMS,Akbar Indo Makmur Stimec Tbk,--U-2130000000A121------------,252.0,0.0,252.0,244.0,248.0,-4.0,32900,8104200,40,198.4,250,1500,248,3100,220000000,220000000,38786000,0,0,0,0,0
2022-08-23,AIMS,Akbar Indo Makmur Stimec Tbk,--U-2130000000A121------------,252.0,0.0,252.0,250.0,252.0,0.0,4300,1079400,9,201.6,252,17300,250,400,220000000,220000000,38786000,0,0,0,0,0
2022-08-22,AIMS,Akbar Indo Makmur Stimec Tbk,--U-2130000000A121------------,250.0,0.0,252.0,248.0,252.0,2.0,37300,9306400,27,201.6,252,100,248,3300,220000000,220000000,38786000,0,0,0,0,0
2022-08-19,AIMS,Akbar Indo Makmur Stimec Tbk,--U-2130000000A121------------,252.0,0.0,260.0,250.0,250.0,-2.0,69500,17386400,29,200.0,250,23200,248,10600,220000000,220000000,38786000,0,0,0,0,0
2022-08-18,AIMS,Akbar Indo Makmur Stimec Tbk,--U-2130000000A121------------,254.0,0.0,252.0,248.0,252.0,-2.0,15900,3988000,48,201.6,254,3500,252,1100,220000000,220000000,38786000,0,0,0,0,0
2022-08-16,AIMS,Akbar Indo Makmur Stimec Tbk,--U-2130000000A121------------,262.0,0.0,262.0,252.0,254.0,-8.0,10200,2600800,18,203.2,256,700,254,800,220000000,220000000,38786000,0,0,0,0,0
2022-08-15,AIMS,Akbar Indo Makmur Stimec Tbk,--U-2130000000A121------------,280.0,0.0,280.0,262.0,262.0,-18.0,425900,111826400,314,209.6,262,122400,0,0,220000000,220000000,38786000,0,0,0,0,0
2022-08-12,AIMS,Akbar Indo Makmur Stimec Tbk,--U-2130000000A121------------,252.0,0.0,292.0,246.0,280.0,28.0,127500,33113600,75,224.0,280,43200,250,100,220000000,220000000,38786000,0,0,0,0,0
2022-08-11,AIMS,Akbar Indo Makmur Stimec Tbk,--U-2130000000A121------------,246.0,0.0,254.0,246.0,252.0,6.0,52700,13213600,29,201.6,252,200,248,500,220000000,220000000,38786000,0,0,0,0,0
2022-08-10,AIMS,Akbar Indo Makmur Stimec Tbk,--U-2130000000A121------------,242.0,0.0,256.0,242.0,246.0,4.0,122400,30168000,50,196.8,246,500,244,55500,220000000,220000000,38786000,0,0,0,0,0
2022-08-09,AIMS,Akbar Indo Makmur Stimec Tbk,--U-2130000000A121------------,250.0,0.0,248.0,242.0,242.0,-8.0,38000,9244200,58,193.6,246,1200,242,15500,220000000,220000000,38786000,0,0,0,0,0
2022-08-08,AIMS,Akbar Indo Makmur Stimec Tbk,--U-2130000000A121------------,248.0,0.0,250.0,248.0,250.0,2.0,24000,5953600,18,200.0,250,9400,248,1200,220000000,220000000,38786000,0,0,0,0,0
2022-08-05,AIMS,Akbar Indo Makmur Stimec Tbk,--U-2130000000A121------------,250.0,0.0,254.0,248.0,248.0,-2.0,13000,3230400,12,198.4,250,7900,248,43600,220000000,220000000,38786000,0,0,0,0,0
2022-08-04,AIMS,Akbar Indo Makmur Stimec Tbk,--U-2130000000A121------------,252.0,0.0,252.0,250.0,250.0,-2.0,16200,4055000,14,200.0,254,34400,250,7400,220000000,220000000,38786000,0,0,0,0,0
2022-08-03,AIMS,Akbar Indo Makmur Stimec Tbk,--U-2130000000A121------------,254.0,0.0,254.0,250.0,252.0,-2.0,10200,2567800,16,201.6,252,400,250,16700,220000000,220000000,38786000,0,0,0,0,0
2022-08-02,AIMS,Akbar Indo Makmur Stimec Tbk,--U-2130000000A121------------,252.0,0.0,254.0,248.0,254.0,2.0,23800,5934200,124,203.2,254,33100,252,200,220000000,220000000,38786000,0,0,0,0,0
2022-08-01,AIMS,Akbar Indo Makmur Stimec Tbk,--U-2130000000A121------------,250.0,0.0,254.0,246.0,252.0,2.0,99700,24917200,61,201.6,252,300,250,63700,220000000,220000000,38786000,0,0,0,0,0
2022-07-29,AIMS,Akbar Indo Makmur Stimec Tbk,--U-2130000000A121------------,252.0,0.0,252.0,248.0,250.0,-2.0,12800,3191800,14,200.0,250,17700,248,1700,220000000,220000000,38786000,0,0,0,0,0
2022-07-28,AIMS,Akbar Indo Makmur Stimec Tbk,--U-2130000000A121------------,250.0,0.0,252.0,246.0,252.0,2.0,9900,2471600,17,201.6,252,24100,250,2700,220000000,220000000,38786000,0,0,0,0,0
2022-07-27,AIMS,Akbar Indo Makmur Stimec Tbk,--U-2130000000A121------------,246.0,0.0,252.0,244.0,250.0,4.0,24300,6031600,49,200.0,250,6900,248,1500,220000000,220000000,38786000,0,0,0,0,0
2022-07-26,AIMS,Akbar Indo Makmur Stimec Tbk,--U-2130000000A121------------,250.0,0.0,262.0,244.0,246.0,-4.0,80900,20316200,83,196.8,254,400,246,11800,220000000,220000000,38786000,0,0,0,0,0
2022-07-25,AIMS,Akbar Indo Makmur Stimec Tbk,--U-2130000000A121------------,252.0,0.0,268.0,248.0,250.0,-2.0,138100,35550400,135,200.0,254,12000,250,31600,220000000,220000000,38786000,0,0,0,0,0
2022-07-22,AIMS,Akbar Indo Makmur Stimec Tbk,--U-2130000000A121------------,248.0,0.0,264.0,248.0,252.0,4.0,166400,43142800,113,201.6,254,26000,252,18100,220000000,220000000,38786000,0,0,0,0,0
2022-07-21,AIMS,Akbar Indo Makmur Stimec Tbk,--U-2130000000A121------------,250.0,0.0,254.0,246.0,248.0,-2.0,44800,11175000,49,198.4,248,1700,246,7600,220000000,220000000,38786000,0,0,0,0,0
2022-07-20,AIMS,Akbar Indo Makmur Stimec Tbk,--U-2130000000A121------------,256.0,0.0,256.0,244.0,250.0,-6.0,91400,22760200,63,200.0,250,300,248,11100,220000000,220000000,38786000,0,0,0,0,0
2022-07-19,AIMS,Akbar Indo Makmur Stimec Tbk,--U-2130000000A121------------,270.0,0.0,276.0,252.0,256.0,-14.0,175100,44603000,123,204.8,258,1000,256,800,220000000,220000000,38786000,0,0,0,0,0
2022-07-18,AIMS,Akbar Indo Makmur Stimec Tbk,--U-2130000000A121------------,290.0,0.0,288.0,270.0,270.0,-20.0,205000,55707800,153,216.0,270,12600,0,0,220000000,220000000,38786000,0,0,0,0,0
2022-07-15,AIMS,Akbar Indo Makmur Stimec Tbk,--U-2130000000A121------------,310.0,0.0,310.0,290.0,290.0,-20.0,303500,92140000,105,232.0,290,80000,0,0,220000000,220000000,38786000,0,0,0,0,0
2022-07-14,AIMS,Akbar Indo Makmur Stimec Tbk,--U-2130000000A121------------,250.0,0.0,310.0,234.0,310.0,60.0,417400,115918400,424,248.0,310,170300,308,191300,220000000,220000000,38786000,0,0,0,0,0
2022-07-13,AIMS,Akbar Indo Makmur Stimec Tbk,--U-2130000000A121------------,250.0,0.0,258.0,242.0,250.0,0.0,37300,9222000,52,200.0,250,2300,242,2400,220000000,220000000,38786000,0,0,0,0,0
2022-07-12,AIMS,Akbar Indo Makmur Stimec Tbk,--U-2130000000A121------------,240.0,0.0,256.0,238.0,250.0,10.0,38800,9492400,52,200.0,250,26600,242,100,220000000,220000000,38786000,0,0,0,0,0
2022-07-11,AIMS,Akbar Indo Makmur Stimec Tbk,--U-2130000000A121------------,254.0,0.0,254.0,240.0,240.0,-14.0,89500,21507200,21,192.0,252,1200,240,32300,220000000,220000000,38786000,0,0,0,0,0
2022-07-08,AIMS,Akbar Indo Makmur Stimec Tbk,--U-2130000000A121------------,256.0,0.0,258.0,254.0,254.0,-2.0,6400,1630400,19,203.2,254,200,242,1000,220000000,220000000,38786000,0,0,0,0,0
2022-07-07,AIMS,Akbar Indo Makmur Stimec Tbk,--U-2130000000A121------------,248.0,0.0,256.0,248.0,256.0,8.0,4000,993600,10,204.8,254,12200,234,1000,220000000,220000000,38786000,0,0,0,0,0
2022-07-06,AIMS,Akbar Indo Makmur Stimec Tbk,--U-2130000000A121------------,248.0,0.0,248.0,234.0,248.0,0.0,12800,3006400,19,198.4,248,2600,234,5200,220000000,220000000,38786000,0,0,0,0,0
2022-07-05,AIMS,Akbar Indo Makmur Stimec Tbk,--U-2130000000A121------------,250.0,0.0,254.0,248.0,248.0,-2.0,7600,1913400,12,198.4,248,8700,246,1800,220000000,220000000,38786000,0,0,0,0,0
2022-07-04,AIMS,Akbar Indo Makmur Stimec Tbk,--U-2130000000A121------------,256.0,0.0,256.0,240.0,250.0,-6.0,4400,1085200,20,200.0,250,16000,246,900,220000000,220000000,38786000,0,0,0,0,0
2022-07-01,AIMS,Akbar Indo Makmur Stimec Tbk,--U-2130000000A121------------,252.0,0.0,258.0,248.0,256.0,4.0,8500,2152400,19,204.8,256,27500,248,2300,220000000,220000000,38786000,0,0,0,0,0
2022-06-30,AIMS,Akbar Indo Makmur Stimec Tbk,--U-2130000000A121------------,252.0,0.0,254.0,248.0,252.0,0.0,5200,1314200,7,201.6,252,10600,242,1000,220000000,220000000,38786000,0,0,0,0,0
2022-06-29,AIMS,Akbar Indo Makmur Stimec Tbk,--U-2130000000A121------------,250.0,0.0,256.0,250.0,252.0,2.0,7700,1928600,24,201.6,252,13800,248,2400,220000000,220000000,38786000,0,0,0,0,0
2022-06-28,AIMS,Akbar Indo Makmur Stimec Tbk,--U-2130000000A121------------,250.0,0.0,258.0,250.0,250.0,0.0,10500,2660200,28,200.0,254,1100,250,2100,220000000,220000000,38786000,0,0,0,0,0
2022-06-27,AIMS,Akbar Indo Makmur Stimec Tbk,--U-2130000000A121------------,254.0,0.0,258.0,250.0,250.0,-4.0,21800,5463000,33,200.0,254,7000,250,17100,220000000,220000000,38786000,0,0,0,0,0
2022-06-24,AIMS,Akbar Indo Makmur Stimec Tbk,--U-2130000000A121------------,254.0,0.0,258.0,252.0,254.0,0.0,27400,7007600,20,203.2,256,10600,254,14000,220000000,220000000,38786000,0,0,0,0,0
2022-06-23,AIMS,Akbar Indo Makmur Stimec Tbk,--U-2130000000A121------------,254.0,0.0,258.0,246.0,254.0,0.0,19700,4888800,29,203.2,254,7400,250,1200,220000000,220000000,38786000,0,0,0,0,0
2022-06-22,AIMS,Akbar Indo Makmur Stimec Tbk,--U-2130000000A121------------,250.0,0.0,258.0,250.0,254.0,4.0,77100,19695000,90,203.2,252,2100,250,10200,220000000,220000000,38786000,0,0,0,0,0
2022-06-21,AIMS,Akbar Indo Makmur Stimec Tbk,--U-2130000000A121------------,250.0,0.0,258.0,246.0,250.0,0.0,9800,2451800,18,200.0,254,100,250,5300,220000000,220000000,38786000,0,0,0,0,0
2022-06-20,AIMS,Akbar Indo Makmur Stimec Tbk,--U-2130000000A121------------,246.0,0.0,260.0,246.0,250.0,4.0,13200,3346000,37,200.0,250,7300,246,18600,220000000,220000000,38786000,0,0,0,0,0
2022-06-17,AIMS,Akbar Indo Makmur Stimec Tbk,--U-2130000000A121------------,258.0,0.0,258.0,240.0,246.0,-12.0,7300,1801800,33,196.8,258,1300,246,1800,220000000,220000000,38786000,0,0,0,0,0
2022-06-16,AIMS,Akbar Indo Makmur Stimec Tbk,--U-2130000000A121------------,252.0,0.0,262.0,250.0,258.0,6.0,5700,1445000,23,206.4,258,1100,250,6100,220000000,220000000,38786000,0,0,0,0,0
2022-06-15,AIMS,Akbar Indo Makmur Stimec Tbk,--U-2130000000A121------------,254.0,0.0,258.0,246.0,252.0,-2.0,23200,5812000,32,201.6,252,600,246,1600,220000000,220000000,38786000,0,0,0,0,0
2022-06-14,AIMS,Akbar Indo Makmur Stimec Tbk,--U-2130000000A121------------,254.0,0.0,254.0,252.0,254.0,0.0,18700,4735600,10,203.2,254,3800,252,3100,220000000,220000000,38786000,0,0,0,0,0
2022-06-13,AIMS,Akbar Indo Makmur Stimec Tbk,--U-2130000000A121------------,254.0,0.0,254.0,242.0,254.0,0.0,11100,2759200,12,203.2,252,8000,248,600,220000000,220000000,38786000,0,0,0,0,0
2022-06-10,AIMS,Akbar Indo Makmur Stimec Tbk,--U-2130000000A121------------,258.0,0.0,262.0,252.0,254.0,-4.0,22400,5719800,34,203.2,258,4900,252,2200,220000000,220000000,38786000,0,0,0,0,0
2022-06-09,AIMS,Akbar Indo Makmur Stimec Tbk,--U-2130000000A121------------,254.0,0.0,260.0,252.0,258.0,4.0,22800,5848600,34,206.4,258,14200,256,9800,220000000,220000000,38786000,0,0,0,0,0
2022-06-08,AIMS,Akbar Indo Makmur Stimec Tbk,--U-2130000000A121------------,256.0,0.0,258.0,252.0,254.0,-2.0,62600,15886600,28,203.2,256,4400,254,37300,220000000,220000000,38786000,0,0,0,0,0
2022-06-07,AIMS,Akbar Indo Makmur Stimec Tbk,--U-2130000000A121------------,254.0,0.0,258.0,252.0,256.0,2.0,25800,6588000,32,204.8,256,9900,254,67200,220000000,220000000,38786000,0,0,0,0,0
2022-06-06,AIMS,Akbar Indo Makmur Stimec Tbk,--U-2130000000A121------------,256.0,0.0,262.0,254.0,254.0,-2.0,67200,17306800,59,203.2,254,3000,252,1500,220000000,220000000,38786000,0,0,0,0,0
2022-06-03,AIMS,Akbar Indo Makmur Stimec Tbk,--U-2130000000A121------------,256.0,0.0,268.0,240.0,256.0,0.0,78600,20295000,56,204.8,260,8100,256,3200,220000000,220000000,38786000,0,0,0,0,0
2022-06-02,AIMS,Akbar Indo Makmur Stimec Tbk,--U-2130000000A121------------,264.0,0.0,268.0,256.0,256.0,-8.0,113600,30082600,59,204.8,266,38500,256,10100,220000000,220000000,38786000,0,0,0,0,0
2022-05-31,AIMS,Akbar Indo Makmur Stimec Tbk,--U-2130000000A121------------,268.0,0.0,272.0,252.0,264.0,-4.0,126300,33888800,77,211.2,268,76800,264,700,220000000,220000000,38786000,0,0,0,0,0
2022-05-30,AIMS,Akbar Indo Makmur Stimec Tbk,--U-2130000000A121------------,250.0,0.0,272.0,246.0,268.0,18.0,177100,45921000,105,214.4,268,42200,254,100,220000000,220000000,38786000,0,0,0,0,0
2022-05-27,AIMS,Akbar Indo Makmur Stimec Tbk,--U-2130000000A121------------,242.0,0.0,260.0,226.0,250.0,8.0,55500,14071000,55,200.0,250,6100,234,4900,220000000,220000000,38786000,0,0,0,0,0
2022-05-25,AIMS,Akbar Indo Makmur Stimec Tbk,--U-2130000000A121------------,244.0,0.0,246.0,242.0,242.0,-2.0,10600,2586200,12,193.6,244,9500,242,400,220000000,220000000,38786000,0,0,0,0,0
2022-05-24,AIMS,Akbar Indo Makmur Stimec Tbk,--U-2130000000A121------------,232.0,0.0,246.0,240.0,244.0,12.0,26900,6567600,66,195.2,244,9900,240,900,220000000,220000000,38786000,0,0,0,0,0
2022-05-23,AIMS,Akbar Indo Makmur Stimec Tbk,--U-2130000000A121------------,244.0,0.0,244.0,230.0,232.0,-12.0,97000,22421400,32,185.6,236,4500,232,11300,220000000,220000000,38786000,0,0,0,0,0
2022-05-20,AIMS,Akbar Indo Makmur Stimec Tbk,--U-2130000000A121------------,242.0,0.0,250.0,242.0,244.0,2.0,25800,6383800,35,195.2,248,10000,244,8600,220000000,220000000,38786000,0,0,0,0,0
2022-05-19,AIMS,Akbar Indo Makmur Stimec Tbk,--U-2130000000A121------------,250.0,0.0,250.0,242.0,242.0,-8.0,13300,3254600,32,193.6,244,8400,242,1500,220000000,220000000,38786000,0,0,0,0,0
2022-05-18,AIMS,Akbar Indo Makmur Stimec Tbk,--U-2130000000A121------------,252.0,0.0,254.0,248.0,250.0,-2.0,7400,1855000,24,200.0,250,27800,248,1300,220000000,220000000,38786000,0,0,0,0,0
2022-05-17,AIMS,Akbar Indo Makmur Stimec Tbk,--U-2130000000A121------------,240.0,0.0,258.0,240.0,252.0,12.0,59400,14996000,88,201.6,252,8500,240,7100,220000000,220000000,38786000,0,0,0,0,0
2022-05-13,AIMS,Akbar Indo Makmur Stimec Tbk,--U-2130000000A121------------,246.0,0.0,250.0,232.0,240.0,-6.0,12700,3016400,34,192.0,250,11400,240,3700,220000000,220000000,38786000,0,0,0,0,0
2022-05-12,AIMS,Akbar Indo Makmur Stimec Tbk,--U-2130000000A121------------,252.0,0.0,260.0,246.0,246.0,-6.0,42700,10770200,37,196.8,246,1900,244,2000,220000000,220000000,38786000,0,0,0,0,0
2022-05-11,AIMS,Akbar Indo Makmur Stimec Tbk,--U-2130000000A121------------,258.0,0.0,258.0,250.0,252.0,-6.0,11800,2976800,35,201.6,254,2500,252,7400,220000000,220000000,38786000,0,0,0,0,0
2022-05-10,AIMS,Akbar Indo Makmur Stimec Tbk,--U-2130000000A121------------,258.0,0.0,270.0,240.0,258.0,0.0,12000,3030600,35,206.4,252,1700,250,200,220000000,220000000,38786000,0,0,0,0,0
2022-05-09,AIMS,Akbar Indo Makmur Stimec Tbk,--U-2130000000A121------------,266.0,0.0,268.0,258.0,258.0,-8.0,39300,10265000,33,206.4,258,20900,256,1000,220000000,220000000,38786000,0,0,0,0,0
2022-04-28,AIMS,Akbar Indo Makmur Stimec Tbk,--U-2130000000A121------------,256.0,0.0,272.0,254.0,266.0,10.0,61700,16177200,52,212.8,266,7000,258,500,220000000,220000000,38786000,0,0,0,0,0
2022-04-27,AIMS,Akbar Indo Makmur Stimec Tbk,--U-2130000000A121------------,258.0,0.0,258.0,256.0,256.0,-2.0,12800,3297800,20,204.8,256,17700,254,5900,220000000,220000000,38786000,0,0,0,0,0
2022-04-26,AIMS,Akbar Indo Makmur Stimec Tbk,--U-2130000000A121------------,264.0,0.0,264.0,258.0,258.0,-6.0,53300,13830800,43,206.4,258,27000,256,4300,220000000,220000000,38786000,0,0,0,0,0
2022-04-25,AIMS,Akbar Indo Makmur Stimec Tbk,--U-2130000000A121------------,266.0,0.0,270.0,262.0,264.0,-2.0,50000,13244400,41,211.2,266,10000,264,200,220000000,220000000,38786000,0,0,0,0,0
2022-04-22,AIMS,Akbar Indo Makmur Stimec Tbk,--U-2130000000A121------------,270.0,0.0,278.0,266.0,266.0,-4.0,59200,15947600,36,212.8,270,19800,266,4200,220000000,220000000,38786000,0,0,0,0,0
2022-04-21,AIMS,Akbar Indo Makmur Stimec Tbk,--U-2130000000A121------------,268.0,0.0,280.0,270.0,270.0,2.0,63900,17464200,49,216.0,274,17800,270,23500,220000000,220000000,38786000,0,0,0,0,0
2022-04-20,AIMS,Akbar Indo Makmur Stimec Tbk,--U-2130000000A121------------,276.0,0.0,276.0,268.0,268.0,-8.0,22200,6045800,24,214.4,270,500,268,9900,220000000,220000000,38786000,0,0,0,0,0
2022-04-19,AIMS,Akbar Indo Makmur Stimec Tbk,--U-2130000000A121------------,282.0,0.0,282.0,272.0,276.0,-6.0,45500,12470000,31,220.8,278,1000,272,6800,220000000,220000000,38786000,0,0,0,0,0
2022-04-18,AIMS,Akbar Indo Makmur Stimec Tbk,--U-2130000000A121------------,284.0,0.0,284.0,280.0,282.0,-2.0,21200,6010400,25,225.6,282,14600,280,2800,220000000,220000000,38786000,0,0,0,0,0
2022-04-14,AIMS,Akbar Indo Makmur Stimec Tbk,--U-2130000000A121------------,274.0,0.0,288.0,270.0,284.0,10.0,13200,3606600,38,227.2,284,2100,272,1500,220000000,220000000,38786000,0,0,0,0,0
2022-04-13,AIMS,Akbar Indo Makmur Stimec Tbk,--U-2130000000A121------------,280.0,0.0,280.0,274.0,274.0,-6.0,2500,695400,6,219.2,276,100,274,100,220000000,220000000,38786000,0,0,0,0,0
2022-04-12,AIMS,Akbar Indo Makmur Stimec Tbk,--U-2130000000A121------------,280.0,0.0,286.0,280.0,280.0,0.0,48700,13727600,52,224.0,282,5000,280,7500,220000000,220000000,38786000,0,0,0,0,0
2022-04-11,AIMS,Akbar Indo Makmur Stimec Tbk,--U-2130000000A121------------,278.0,0.0,280.0,272.0,280.0,2.0,66800,18284800,54,224.0,280,6600,274,2500,220000000,220000000,38786000,0,0,0,0,0
2022-04-08,AIMS,Akbar Indo Makmur Stimec Tbk,--U-2130000000A121------------,280.0,0.0,280.0,268.0,278.0,-2.0,26500,7329600,28,222.4,278,19200,274,13200,220000000,220000000,38786000,0,0,0,0,0
2022-04-07,AIMS,Akbar Indo Makmur Stimec Tbk,--U-2130000000A121------------,286.0,0.0,284.0,278.0,280.0,-6.0,39300,11095000,40,224.0,282,22200,280,600,220000000,220000000,38786000,0,0,0,0,0
2022-04-06,AIMS,Akbar Indo Makmur Stimec Tbk,--U-2130000000A121------------,288.0,0.0,296.0,286.0,286.0,-2.0,150500,43869000,92,228.8,288,43300,286,3300,220000000,220000000,38786000,0,0,0,0,0
2022-04-05,AIMS,Akbar Indo Makmur Stimec Tbk,--U-2130000000A121------------,268.0,0.0,288.0,270.0,288.0,20.0,170300,48168000,109,230.4,290,52900,288,34300,220000000,220000000,38786000,60700,0,0,0,0
2022-04-04,AIMS,Akbar Indo Makmur Stimec Tbk,--U-2130000000A121------------,272.0,0.0,274.0,268.0,268.0,-4.0,16000,4349800,39,214.4,274,4100,268,7400,220000000,220000000,38786000,0,0,0,0,0
2022-04-01,AIMS,Akbar Indo Makmur Stimec Tbk,--U-2130000000A121------------,280.0,0.0,280.0,270.0,272.0,-8.0,55500,15171400,68,217.6,274,60700,272,7400,220000000,220000000,38786000,9500,0,0,0,0
2022-03-31,AIMS,Akbar Indo Makmur Stimec Tbk,--U-2130000000A121------------,294.0,0.0,294.0,280.0,280.0,-14.0,83100,23506000,74,224.0,280,500,278,13800,220000000,220000000,111276000,200,0,0,0,0
2022-03-30,AIMS,Akbar Indo Makmur Stimec Tbk,--U-2130000000A121------------,310.0,0.0,322.0,290.0,294.0,-16.0,419300,129629400,223,235.2,290,3100,0,0,220000000,220000000,111276000,50400,120800,0,0,0
2022-03-29,AIMS,Akbar Indo Makmur Stimec Tbk,--U-2130000000A121------------,284.0,0.0,314.0,272.0,310.0,26.0,370600,110394200,137,248.0,312,8000,310,370700,220000000,220000000,111276000,0,0,0,0,0
2022-03-28,AIMS,Akbar Indo Makmur Stimec Tbk,--U-2130000000A121------------,276.0,0.0,286.0,270.0,284.0,8.0,59300,16511800,48,227.2,286,17500,282,6100,220000000,220000000,111276000,0,0,0,0,0
2022-03-25,AIMS,Akbar Indo Makmur Stimec Tbk,--U-2130000000A121------------,278.0,0.0,278.0,270.0,276.0,-2.0,29500,8086800,32,220.8,276,1600,274,1000,220000000,220000000,111276000,0,0,0,0,0
2022-03-24,AIMS,Akbar Indo Makmur Stimec Tbk,--U-2130000000A121------------,290.0,0.0,300.0,270.0,278.0,-12.0,120700,33968800,83,222.4,286,400,278,1200,220000000,220000000,111276000,0,0,0,0,0
2022-03-23,AIMS,Akbar Indo Makmur Stimec Tbk,--U-2130000000A121------------,282.0,0.0,290.0,282.0,290.0,8.0,33800,9696200,44,232.0,290,15000,288,5700,220000000,220000000,111276000,0,0,0,0,0
2022-03-22,AIMS,Akbar Indo Makmur Stimec Tbk,--U-2130000000A121------------,282.0,0.0,292.0,280.0,282.0,0.0,28400,8044400,51,225.6,290,14700,282,10900,220000000,220000000,111276000,0,0,0,0,0
2022-03-21,AIMS,Akbar Indo Makmur Stimec Tbk,--U-2130000000A121------------,298.0,0.0,298.0,280.0,282.0,-16.0,37800,10782800,46,225.6,290,4600,282,8000,220000000,220000000,111276000,0,0,0,0,0
2022-03-18,AIMS,Akbar Indo Makmur Stimec Tbk,--U-2130000000A121------------,318.0,0.0,302.0,298.0,298.0,-20.0,48500,14539600,45,238.4,300,24500,298,28400,220000000,220000000,111276000,0,0,0,0,0
2022-03-17,AIMS,Akbar Indo Makmur Stimec Tbk,--U-2130000000A121------------,314.0,0.0,320.0,312.0,318.0,4.0,18500,5889800,34,254.4,318,14400,312,2900,220000000,220000000,111276000,0,0,0,0,0
2022-03-16,AIMS,Akbar Indo Makmur Stimec Tbk,--U-2130000000A121------------,336.0,0.0,348.0,314.0,314.0,-22.0,558600,184379400,483,251.2,322,1700,314,7600,220000000,220000000,111276000,0,0,0,0,0
2022-03-15,AIMS,Akbar Indo Makmur Stimec Tbk,--U-2130000000A121------------,292.0,0.0,340.0,280.0,336.0,44.0,532900,170827200,189,268.8,338,600,336,846200,220000000,220000000,111276000,0,0,0,0,0
2022-03-14,AIMS,Akbar Indo Makmur Stimec Tbk,--U-2130000000A121------------,280.0,0.0,300.0,280.0,292.0,12.0,70400,20333600,94,233.6,292,400,286,4800,220000000,220000000,111276000,0,0,0,0,0
2022-03-11,AIMS,Akbar Indo Makmur Stimec Tbk,--U-2130000000A121------------,274.0,0.0,284.0,274.0,280.0,6.0,111200,30751000,93,224.0,280,2400,276,400,220000000,220000000,111276000,0,0,0,0,0
2022-03-10,AIMS,Akbar Indo Makmur Stimec Tbk,--U-2130000000A121------------,294.0,0.0,300.0,274.0,274.0,-20.0,2194200,648185200,907,219.2,290,200,274,21100,220000000,220000000,111276000,0,0,0,0,0
2022-03-09,AIMS,Akbar Indo Makmur Stimec Tbk,--U-2130000000A121------------,316.0,0.0,328.0,294.0,294.0,-22.0,885000,274520200,449,235.2,294,13300,0,0,220000000,220000000,111276000,0,0,0,0,0
2022-03-08,AIMS,Akbar Indo Makmur Stimec Tbk,--U-2130000000A121------------,306.0,0.0,316.0,304.0,316.0,10.0,1196400,372646600,559,252.8,316,6700,314,120900,220000000,220000000,111276000,0,0,0,0,0
2022-03-07,AIMS,Akbar Indo Makmur Stimec Tbk,--U-2130000000A121------------,320.0,0.0,320.0,298.0,306.0,-14.0,789200,242361200,379,244.8,306,12600,300,100,220000000,220000000,111276000,0,0,0,0,0
2022-03-04,AIMS,Akbar Indo Makmur Stimec Tbk,--U-2130000000A121------------,344.0,0.0,352.0,320.0,320.0,-24.0,3402400,1099229600,1380,256.0,320,48500,0,0,220000000,220000000,111276000,0,0,0,0,0
2022-03-02,AIMS,Akbar Indo Makmur Stimec Tbk,--U-2130000000A121------------,358.0,0.0,410.0,334.0,344.0,-14.0,3501700,1189630000,1230,275.2,344,50500,342,120000,220000000,220000000,111276000,0,0,0,0,0
2022-03-01,AIMS,Akbar Indo Makmur Stimec Tbk,--U-2130000000A121------------,356.0,0.0,358.0,350.0,358.0,2.0,3133700,1115617600,688,286.4,358,60300,356,1000,220000000,220000000,111276000,0,0,0,0,0
2022-02-25,AIMS,Akbar Indo Makmur Stimec Tbk,--U-2130000000A121------------,354.0,0.0,358.0,350.0,356.0,2.0,95800,33931000,52,284.8,356,100,350,8700,220000000,220000000,111276000,0,0,0,0,0
2022-02-24,AIMS,Akbar Indo Makmur Stimec Tbk,--U-2130000000A121------------,354.0,0.0,354.0,350.0,354.0,0.0,65700,23166000,41,283.2,354,15500,350,7700,220000000,220000000,111276000,0,0,0,0,0
2022-02-23,AIMS,Akbar Indo Makmur Stimec Tbk,--U-2130000000A121------------,350.0,0.0,354.0,348.0,354.0,4.0,2488700,874408800,593,283.2,354,13500,348,6700,220000000,220000000,111276000,0,0,0,0,0
2022-02-22,AIMS,Akbar Indo Makmur Stimec Tbk,--U-2130000000A121------------,348.0,0.0,364.0,344.0,350.0,2.0,79400,27978600,65,280.0,350,15900,344,2000,220000000,220000000,111276000,0,0,0,0,0
2022-02-21,AIMS,Akbar Indo Makmur Stimec Tbk,--U-2130000000A121------------,348.0,0.0,354.0,342.0,348.0,0.0,62100,21539200,58,278.4,348,10400,342,11000,220000000,220000000,111276000,0,0,0,0,0
2022-02-18,AIMS,Akbar Indo Makmur Stimec Tbk,--U-2130000000A121------------,352.0,0.0,350.0,342.0,348.0,-4.0,2357500,820230400,522,278.4,348,21100,346,3000,220000000,220000000,111276000,0,0,0,0,0
2022-02-17,AIMS,Akbar Indo Makmur Stimec Tbk,--U-2130000000A121------------,364.0,0.0,366.0,340.0,352.0,-12.0,1230300,426178000,396,281.6,352,76400,350,100000,220000000,220000000,111276000,0,0,0,0,0
2022-02-16,AIMS,Akbar Indo Makmur Stimec Tbk,--U-2130000000A121------------,364.0,0.0,364.0,340.0,364.0,0.0,920700,322350000,369,291.2,364,23400,362,150000,220000000,220000000,111276000,0,0,0,0,0
2022-02-15,AIMS,Akbar Indo Makmur Stimec Tbk,--U-2130000000A121------------,390.0,0.0,420.0,364.0,364.0,-26.0,5038900,1961635600,1485,291.2,364,5900,0,0,220000000,220000000,111276000,0,0,0,0,0
2022-02-14,AIMS,Akbar Indo Makmur Stimec Tbk,--U-2130000000A121------------,380.0,0.0,390.0,378.0,390.0,10.0,5329000,2025418200,1666,312.0,392,5400,390,10200,220000000,220000000,111276000,0,0,0,0,0
2022-02-11,AIMS,Akbar Indo Makmur Stimec Tbk,--U-2130000000A121------------,376.0,0.0,380.0,376.0,380.0,4.0,10900,4100600,8,304.0,380,5600,378,100,220000000,220000000,111276000,0,0,0,0,0
2022-02-10,AIMS,Akbar Indo Makmur Stimec Tbk,--U-2130000000A121------------,380.0,0.0,380.0,376.0,376.0,-4.0,36600,13809400,22,300.8,380,13500,374,11300,220000000,220000000,111276000,0,0,0,0,0
2022-02-09,AIMS,Akbar Indo Makmur Stimec Tbk,--U-2130000000A121------------,378.0,0.0,380.0,368.0,380.0,2.0,83300,31027400,34,304.0,378,500,370,1300,220000000,220000000,111276000,0,0,0,0,0
2022-02-08,AIMS,Akbar Indo Makmur Stimec Tbk,--U-2130000000A121------------,378.0,0.0,388.0,376.0,378.0,0.0,177200,67778200,33,302.4,378,1900,376,6400,220000000,220000000,111276000,0,0,0,0,0
2022-02-07,AIMS,Akbar Indo Makmur Stimec Tbk,--U-2130000000A121------------,378.0,0.0,388.0,376.0,378.0,0.0,35300,13451600,29,302.4,378,4600,376,6200,220000000,220000000,111276000,0,0,0,0,0
2022-02-04,AIMS,Akbar Indo Makmur Stimec Tbk,--U-2130000000A121------------,372.0,0.0,384.0,372.0,378.0,6.0,20900,7973800,25,302.4,376,600,372,11800,220000000,220000000,111276000,0,0,0,0,0
2022-02-03,AIMS,Akbar Indo Makmur Stimec Tbk,--U-2130000000A121------------,372.0,0.0,386.0,372.0,372.0,0.0,13500,5173200,20,297.6,372,13400,370,14000,220000000,220000000,111276000,0,0,0,0,0
2022-02-02,AIMS,Akbar Indo Makmur Stimec Tbk,--U-2130000000A121------------,370.0,0.0,374.0,370.0,372.0,2.0,11700,4338400,21,297.6,372,61100,370,2700,220000000,220000000,111276000,0,0,0,0,0
2022-01-31,AIMS,Akbar Indo Makmur Stimec Tbk,--U-2130000000A121------------,370.0,0.0,372.0,370.0,370.0,0.0,26900,9953600,14,296.0,370,63300,368,11100,220000000,220000000,111276000,0,0,0,0,0
2022-01-28,AIMS,Akbar Indo Makmur Stimec Tbk,--U-2130000000A121------------,370.0,0.0,372.0,368.0,370.0,0.0,16900,6254200,14,296.0,374,100,370,12600,220000000,220000000,111276000,0,0,0,0,0
2022-01-27,AIMS,Akbar Indo Makmur Stimec Tbk,--U-2130000000A121------------,358.0,0.0,378.0,358.0,370.0,12.0,15000,5489800,39,296.0,372,8800,370,1500,220000000,220000000,111276000,0,0,0,0,0
2022-01-26,AIMS,Akbar Indo Makmur Stimec Tbk,--U-2130000000A121------------,358.0,0.0,358.0,358.0,358.0,0.0,1100,393800,6,286.4,366,100,358,13000,220000000,220000000,111276000,0,0,0,0,0
2022-01-25,AIMS,Akbar Indo Makmur Stimec Tbk,--U-2130000000A121------------,362.0,0.0,368.0,358.0,358.0,-4.0,25100,9026600,30,286.4,366,200,358,5600,220000000,220000000,111276000,0,0,0,0,0
2022-01-24,AIMS,Akbar Indo Makmur Stimec Tbk,--U-2130000000A121------------,362.0,0.0,362.0,360.0,362.0,0.0,23100,8342600,17,289.6,370,700,362,300,220000000,220000000,111276000,0,0,0,0,0
2022-01-21,AIMS,Akbar Indo Makmur Stimec Tbk,--U-2130000000A121------------,360.0,0.0,376.0,362.0,362.0,2.0,9100,3370400,20,289.6,370,300,362,27700,220000000,220000000,111276000,0,0,0,0,0
2022-01-20,AIMS,Akbar Indo Makmur Stimec Tbk,--U-2130000000A121------------,372.0,0.0,372.0,354.0,360.0,-12.0,153900,55962800,72,288.0,368,10200,360,200,220000000,220000000,111276000,0,0,0,0,0
2022-01-19,AIMS,Akbar Indo Makmur Stimec Tbk,--U-2130000000A121------------,398.0,0.0,398.0,372.0,372.0,-26.0,407200,153818000,130,297.6,372,231100,0,0,220000000,220000000,111276000,0,0,0,0,0
2022-01-18,AIMS,Akbar Indo Makmur Stimec Tbk,--U-2130000000A121------------,404.0,0.0,412.0,376.0,398.0,-6.0,2266700,890445000,820,318.4,398,51900,396,52200,220000000,220000000,111276000,0,0,0,0,0
2022-01-17,AIMS,Akbar Indo Makmur Stimec Tbk,--U-2130000000A121------------,406.0,0.0,420.0,404.0,404.0,-2.0,2429300,997883400,545,323.2,404,4900,402,211600,220000000,220000000,111276000,0,0,0,0,0
2022-01-14,AIMS,Akbar Indo Makmur Stimec Tbk,--U-2130000000A121------------,400.0,0.0,406.0,396.0,406.0,6.0,836300,339294600,169,324.8,406,521200,398,103900,220000000,220000000,111276000,0,0,0,0,0
2022-01-13,AIMS,Akbar Indo Makmur Stimec Tbk,--U-2130000000A121------------,386.0,0.0,400.0,386.0,400.0,14.0,977400,387627600,247,320.0,400,25800,398,103100,220000000,220000000,111276000,0,0,0,0,0
2022-01-12,AIMS,Akbar Indo Makmur Stimec Tbk,--U-2130000000A121------------,414.0,0.0,420.0,386.0,386.0,-28.0,1021400,396021800,222,308.8,414,3400,0,0,220000000,220000000,111276000,0,0,0,0,0
2022-01-11,AIMS,Akbar Indo Makmur Stimec Tbk,--U-2130000000A121------------,406.0,0.0,442.0,378.0,414.0,8.0,4015300,1566189800,887,331.2,414,24600,406,119100,220000000,220000000,111276000,0,0,0,0,0
2022-01-10,AIMS,Akbar Indo Makmur Stimec Tbk,--U-2130000000A121------------,424.0,0.0,424.0,396.0,406.0,-18.0,1887700,756785000,349,324.8,406,1100,404,110600,220000000,220000000,111276000,0,0,0,0,0
2022-01-07,AIMS,Akbar Indo Makmur Stimec Tbk,--U-2130000000A121------------,448.0,0.0,470.0,418.0,424.0,-24.0,3841700,1665547800,687,339.2,424,24000,0,0,220000000,220000000,111276000,0,0,0,0,0
2022-01-06,AIMS,Akbar Indo Makmur Stimec Tbk,--U-2130000000A121------------,424.0,0.0,450.0,424.0,448.0,24.0,2088500,908208200,379,358.4,450,32600,448,142700,220000000,220000000,111276000,0,0,0,0,0
2022-01-05,AIMS,Akbar Indo Makmur Stimec Tbk,--U-2130000000A121------------,422.0,0.0,430.0,414.0,424.0,2.0,942700,400321400,208,339.2,424,66700,414,12500,220000000,220000000,111276000,0,10400,0,0,0
2022-01-04,AIMS,Akbar Indo Makmur Stimec Tbk,--U-2130000000A121------------,386.0,0.0,444.0,388.0,422.0,36.0,2572600,1088846000,474,337.6,428,1700,422,329700,220000000,220000000,111276000,0,0,0,0,0
2022-01-03,AIMS,Akbar Indo Makmur Stimec Tbk,--U-2130000000A121------------,402.0,0.0,404.0,386.0,386.0,-16.0,89300,34953000,58,308.8,398,3300,386,33500,220000000,220000000,111276000,0,0,0,0,0
2021-12-30,AIMS,Akbar Indo Makmur Stimec Tbk,--U-2130000000A121------------,392.0,0.0,402.0,384.0,402.0,10.0,1012500,406305800,219,321.6,402,37000,388,101100,220000000,220000000,165616000,0,0,0,0,0
2021-12-29,AIMS,Akbar Indo Makmur Stimec Tbk,--U-2130000000A121------------,394.0,0.0,398.0,392.0,392.0,-2.0,61300,24109200,29,313.6,392,8500,390,11100,220000000,220000000,165616000,0,0,0,0,0
2021-12-28,AIMS,Akbar Indo Makmur Stimec Tbk,--U-2130000000A121------------,396.0,0.0,422.0,394.0,394.0,-2.0,85800,34121600,63,315.2,398,28200,394,33700,220000000,220000000,165616000,0,0,0,0,0
2021-12-27,AIMS,Akbar Indo Makmur Stimec Tbk,--U-2130000000A121------------,406.0,0.0,406.0,392.0,396.0,-10.0,9200,3633800,25,316.8,396,8800,392,14000,220000000,220000000,165616000,0,0,0,0,0
2021-12-24,AIMS,Akbar Indo Makmur Stimec Tbk,--U-2130000000A121------------,390.0,0.0,418.0,388.0,406.0,16.0,202500,81605200,102,324.8,406,5500,388,6900,220000000,220000000,165616000,0,0,0,0,0
2021-12-23,AIMS,Akbar Indo Makmur Stimec Tbk,--U-2130000000A121------------,396.0,0.0,450.0,390.0,390.0,-6.0,1067100,420557000,300,312.0,390,300,388,121200,220000000,220000000,165616000,0,0,0,0,0
2021-12-22,AIMS,Akbar Indo Makmur Stimec Tbk,--U-2130000000A121------------,406.0,0.0,406.0,392.0,396.0,-10.0,623800,248109800,260,316.8,400,9700,392,7000,220000000,220000000,165616000,0,0,0,0,0
2021-12-21,AIMS,Akbar Indo Makmur Stimec Tbk,--U-2130000000A121------------,398.0,0.0,412.0,398.0,406.0,8.0,638700,261058600,109,324.8,406,12600,398,18800,220000000,220000000,165616000,0,0,0,0,0
2021-12-20,AIMS,Akbar Indo Makmur Stimec Tbk,--U-2130000000A121------------,400.0,0.0,414.0,396.0,398.0,-2.0,1326200,528839200,329,318.4,400,6400,396,112700,220000000,220000000,165616000,0,0,0,0,0
2021-12-17,AIMS,Akbar Indo Makmur Stimec Tbk,--U-2130000000A121------------,412.0,0.0,414.0,400.0,400.0,-12.0,1356400,546354000,281,320.0,406,20000,398,126300,220000000,220000000,165616000,0,0,0,0,0
2021-12-16,AIMS,Akbar Indo Makmur Stimec Tbk,--U-2130000000A121------------,424.0,0.0,424.0,396.0,412.0,-12.0,4093100,1649205600,708,329.6,412,21200,410,43100,220000000,220000000,165616000,0,0,0,0,0
2021-12-15,AIMS,Akbar Indo Makmur Stimec Tbk,--U-2130000000A121------------,454.0,0.0,458.0,424.0,424.0,-30.0,4716500,2035476400,1330,339.2,424,96700,0,0,220000000,220000000,165616000,0,0,0,0,0
2021-12-14,AIMS,Akbar Indo Makmur Stimec Tbk,--U-2130000000A121------------,436.0,0.0,460.0,436.0,454.0,18.0,1964500,882323400,452,363.2,456,2600,454,150000,220000000,220000000,165616000,0,0,0,0,0
2021-12-13,AIMS,Akbar Indo Makmur Stimec Tbk,--U-2130000000A121------------,436.0,0.0,444.0,436.0,436.0,0.0,1317100,577365200,333,348.8,436,600,434,111000,220000000,220000000,165616000,0,0,0,0,0
2021-12-10,AIMS,Akbar Indo Makmur Stimec Tbk,--U-2130000000A121------------,432.0,0.0,470.0,436.0,436.0,4.0,1406700,620201600,477,348.8,470,7800,434,111600,220000000,220000000,165616000,0,0,0,0,0
2021-12-09,AIMS,Akbar Indo Makmur Stimec Tbk,--U-2130000000A121------------,440.0,0.0,440.0,432.0,432.0,-8.0,940600,406777000,118,345.6,436,600,432,1000,220000000,220000000,165616000,0,0,0,0,0
2021-12-08,AIMS,Akbar Indo Makmur Stimec Tbk,--U-2130000000A121------------,454.0,0.0,454.0,440.0,440.0,-14.0,1430200,633594400,236,352.0,440,7000,438,57700,220000000,220000000,165616000,0,0,0,0,0
2021-12-07,AIMS,Akbar Indo Makmur Stimec Tbk,--U-2130000000A121------------,456.0,0.0,454.0,448.0,454.0,-2.0,689100,312716400,142,363.2,456,10300,448,10400,220000000,220000000,165616000,0,0,0,0,0
2021-12-06,AIMS,Akbar Indo Makmur Stimec Tbk,--U-2130000000A121------------,456.0,0.0,462.0,456.0,456.0,0.0,510200,234694200,153,364.8,458,1300,454,200,220000000,220000000,165616000,0,0,0,0,0
2021-12-03,AIMS,Akbar Indo Makmur Stimec Tbk,--U-2130000000A121------------,454.0,0.0,458.0,452.0,456.0,2.0,742900,338354600,116,364.8,456,8800,452,15100,220000000,220000000,165616000,0,0,0,0,0
2021-12-02,AIMS,Akbar Indo Makmur Stimec Tbk,--U-2130000000A121------------,452.0,0.0,460.0,452.0,454.0,2.0,1312100,598390600,416,363.2,454,10000,452,10900,220000000,220000000,165616000,0,0,0,0,0
2021-12-01,AIMS,Akbar Indo Makmur Stimec Tbk,--U-2130000000A121------------,486.0,0.0,480.0,452.0,452.0,-34.0,2545100,1153346600,548,361.6,452,100,0,0,220000000,220000000,165616000,0,0,0,0,0
2021-11-30,AIMS,Akbar Indo Makmur Stimec Tbk,--U-2130000000A121------------,488.0,0.0,488.0,480.0,486.0,-2.0,2389000,1157405800,231,388.8,486,7000,480,2100,220000000,220000000,165616000,0,0,0,0,0
2021-11-29,AIMS,Akbar Indo Makmur Stimec Tbk,--U-2130000000A121------------,488.0,0.0,510.0,488.0,488.0,0.0,1233300,614084300,310,390.4,494,10400,486,115000,220000000,220000000,165616000,0,0,0,0,0
2021-11-26,AIMS,Akbar Indo Makmur Stimec Tbk,--U-2130000000A121------------,498.0,0.0,525.0,488.0,488.0,-10.0,3211000,1621003600,1061,390.4,500,3400,488,232300,220000000,220000000,165616000,0,0,0,0,0
2021-11-25,AIMS,Akbar Indo Makmur Stimec Tbk,--U-2130000000A121------------,498.0,0.0,515.0,476.0,498.0,0.0,2711100,1361478700,288,398.4,505,300,498,230600,220000000,220000000,165616000,0,0,0,0,0
2021-11-24,AIMS,Akbar Indo Makmur Stimec Tbk,--U-2130000000A121------------,494.0,0.0,510.0,462.0,498.0,4.0,1675100,819411500,280,398.4,498,28600,496,11300,220000000,220000000,165616000,0,0,0,0,0
2021-11-23,AIMS,Akbar Indo Makmur Stimec Tbk,--U-2130000000A121------------,530.0,0.0,585.0,494.0,494.0,-36.0,9352200,4903204500,1226,395.2,494,93200,0,0,220000000,220000000,165616000,0,0,0,0,0
2021-11-22,AIMS,Akbar Indo Makmur Stimec Tbk,--U-2130000000A121------------,510.0,0.0,550.0,510.0,530.0,20.0,2677800,1423861000,371,424.0,535,1000,530,177500,220000000,220000000,165616000,0,0,0,0,0
2021-11-19,AIMS,Akbar Indo Makmur Stimec Tbk,--U-2130000000A121------------,510.0,0.0,570.0,500.0,510.0,0.0,2167300,1106454500,289,408.0,515,5200,510,249800,220000000,220000000,165616000,0,0,0,0,0
2021-11-18,AIMS,Akbar Indo Makmur Stimec Tbk,--U-2130000000A121------------,510.0,0.0,515.0,505.0,510.0,0.0,1631000,831583500,144,408.0,515,23800,510,100,220000000,220000000,165616000,0,0,0,0,0
2021-11-17,AIMS,Akbar Indo Makmur Stimec Tbk,--U-2130000000A121------------,505.0,0.0,520.0,500.0,510.0,5.0,1927800,981132500,183,408.0,515,12200,500,13100,220000000,220000000,165616000,0,0,0,0,0
2021-11-16,AIMS,Akbar Indo Makmur Stimec Tbk,--U-2130000000A121------------,500.0,0.0,510.0,498.0,505.0,5.0,1918200,967250600,235,404.0,510,12700,505,629900,220000000,220000000,165616000,0,0,0,0,0
2021-11-15,AIMS,Akbar Indo Makmur Stimec Tbk,--U-2130000000A121------------,500.0,0.0,525.0,498.0,500.0,0.0,3490500,1754862600,685,400.0,505,100,500,450000,220000000,220000000,165616000,0,0,0,0,0
2021-11-12,AIMS,Akbar Indo Makmur Stimec Tbk,--U-2130000000A121------------,470.0,0.0,500.0,470.0,500.0,30.0,1036600,497378400,342,400.0,510,2900,500,491200,220000000,220000000,165616000,0,0,0,0,0
2021-11-11,AIMS,Akbar Indo Makmur Stimec Tbk,--U-2130000000A121------------,454.0,0.0,470.0,450.0,470.0,16.0,426500,192975600,112,376.0,470,25800,450,13900,220000000,220000000,165616000,0,0,0,0,0
2021-11-10,AIMS,Akbar Indo Makmur Stimec Tbk,--U-2130000000A121------------,462.0,0.0,462.0,450.0,454.0,-8.0,37400,17000600,30,363.2,456,100,454,1500,220000000,220000000,165616000,0,0,0,0,0
2021-11-09,AIMS,Akbar Indo Makmur Stimec Tbk,--U-2130000000A121------------,460.0,0.0,470.0,450.0,462.0,2.0,49800,22713600,54,369.6,462,600,452,2900,220000000,220000000,165616000,0,0,0,0,0
2021-11-08,AIMS,Akbar Indo Makmur Stimec Tbk,--U-2130000000A121------------,450.0,0.0,480.0,450.0,460.0,10.0,26400,12104000,54,368.0,462,2500,460,400,220000000,220000000,165616000,0,0,0,0,0
2021-11-05,AIMS,Akbar Indo Makmur Stimec Tbk,--U-2130000000A121------------,466.0,0.0,480.0,448.0,450.0,-16.0,124800,56843800,54,360.0,478,10900,450,500,220000000,220000000,165616000,0,0,0,0,0
2021-11-04,AIMS,Akbar Indo Makmur Stimec Tbk,--U-2130000000A121------------,472.0,0.0,476.0,466.0,466.0,-6.0,110200,51754200,79,372.8,466,11800,464,14000,220000000,220000000,165616000,0,0,0,0,0
2021-11-03,AIMS,Akbar Indo Makmur Stimec Tbk,--U-2130000000A121------------,470.0,0.0,482.0,470.0,472.0,2.0,52300,24778800,59,377.6,474,400,472,1300,220000000,220000000,165616000,0,0,0,0,0
2021-11-02,AIMS,Akbar Indo Makmur Stimec Tbk,--U-2130000000A121------------,505.0,0.0,520.0,470.0,470.0,-35.0,4226600,1996076100,796,376.0,470,52100,0,0,220000000,220000000,165616000,0,0,0,0,0
2021-11-01,AIMS,Akbar Indo Makmur Stimec Tbk,--U-2130000000A121------------,500.0,0.0,525.0,505.0,505.0,5.0,2259200,1146979000,324,404.0,510,20500,500,114600,220000000,220000000,165616000,0,0,0,0,0
2021-10-29,AIMS,Akbar Indo Makmur Stimec Tbk,--U-2130000000A121------------,500.0,0.0,535.0,466.0,500.0,0.0,2017900,1015268100,404,400.0,500,600,498,14400,220000000,220000000,165616000,0,0,1334000,637652000,1
2021-10-28,AIMS,Akbar Indo Makmur Stimec Tbk,--U-2130000000A121------------,520.0,0.0,545.0,488.0,500.0,-20.0,1368900,702396000,260,400.0,500,500,498,13900,220000000,220000000,165616000,0,0,7670800,3666642400,3
2021-10-27,AIMS,Akbar Indo Makmur Stimec Tbk,--U-2130000000A121------------,505.0,0.0,525.0,500.0,520.0,15.0,1295300,664319000,191,416.0,520,23200,510,12800,220000000,220000000,165616000,0,0,0,0,0
2021-10-26,AIMS,Akbar Indo Makmur Stimec Tbk,--U-2130000000A121------------,515.0,0.0,520.0,494.0,505.0,-10.0,531900,268400000,269,404.0,505,6700,494,16200,220000000,220000000,165616000,0,0,5000000,2390000000,1
2021-10-25,AIMS,Akbar Indo Makmur Stimec Tbk,--U-2130000000A121------------,500.0,0.0,545.0,500.0,515.0,15.0,1265000,654188500,522,412.0,520,36000,515,151600,220000000,220000000,165616000,0,0,0,0,0
2021-10-22,AIMS,Akbar Indo Makmur Stimec Tbk,--U-2130000000A121------------,448.0,0.0,550.0,438.0,500.0,52.0,1556000,773016700,1128,400.0,500,13100,494,11400,220000000,220000000,165616000,0,0,0,0,0
2021-10-21,AIMS,Akbar Indo Makmur Stimec Tbk,--U-2130000000A121------------,422.0,0.0,450.0,422.0,448.0,26.0,414700,181403200,261,358.4,448,32900,446,1000,220000000,220000000,165616000,0,0,0,0,0
2021-10-19,AIMS,Akbar Indo Makmur Stimec Tbk,--U-2130000000A121------------,406.0,0.0,422.0,408.0,422.0,16.0,193200,80247400,137,337.6,422,88700,418,22700,220000000,220000000,165616000,0,0,0,0,0
2021-10-18,AIMS,Akbar Indo Makmur Stimec Tbk,--U-2130000000A121------------,406.0,0.0,418.0,404.0,406.0,0.0,130400,53360400,139,324.8,406,400,404,25200,220000000,220000000,165616000,0,0,0,0,0
2021-10-15,AIMS,Akbar Indo Makmur Stimec Tbk,--U-2130000000A121------------,378.0,0.0,428.0,378.0,406.0,28.0,851500,346080000,624,324.8,408,300,406,23900,220000000,220000000,165616000,0,0,0,0,0
2021-10-14,AIMS,Akbar Indo Makmur Stimec Tbk,--U-2130000000A121------------,364.0,0.0,398.0,364.0,378.0,14.0,642500,249278400,223,302.4,378,40200,376,800,220000000,220000000,165616000,0,0,0,0,0
2021-10-13,AIMS,Akbar Indo Makmur Stimec Tbk,--U-2130000000A121------------,364.0,0.0,374.0,356.0,364.0,0.0,436500,159809800,232,291.2,368,200,362,20100,220000000,220000000,165616000,0,0,0,0,0
2021-10-12,AIMS,Akbar Indo Makmur Stimec Tbk,--U-2130000000A121------------,342.0,0.0,398.0,338.0,364.0,22.0,2429600,883006400,1390,291.2,364,7300,360,3400,220000000,220000000,165616000,0,0,0,0,0
2021-10-08,AIMS,Akbar Indo Makmur Stimec Tbk,--U-2130000000A121------------,322.0,0.0,330.0,310.0,320.0,-2.0,59000,18840000,93,256.0,320,200,314,800,220000000,220000000,165616000,0,0,0,0,0
2021-10-07,AIMS,Akbar Indo Makmur Stimec Tbk,--U-2130000000A121------------,326.0,0.0,334.0,320.0,322.0,-4.0,98800,31981600,82,257.6,324,4100,322,12600,220000000,220000000,165616000,0,0,0,0,0
2021-10-06,AIMS,Akbar Indo Makmur Stimec Tbk,--U-2130000000A121------------,322.0,0.0,336.0,312.0,326.0,4.0,115500,37401000,135,260.8,326,6600,318,6100,220000000,220000000,165616000,0,0,0,0,0
2021-10-05,AIMS,Akbar Indo Makmur Stimec Tbk,--U-2130000000A121------------,328.0,0.0,346.0,310.0,322.0,-6.0,182800,60114200,189,257.6,322,4900,314,6100,220000000,220000000,165616000,0,0,0,0,0
2021-10-04,AIMS,Akbar Indo Makmur Stimec Tbk,--U-2130000000A121------------,322.0,0.0,338.0,322.0,328.0,6.0,152100,50538200,149,262.4,332,1500,328,200,220000000,220000000,165616000,0,0,0,0,0
2021-10-01,AIMS,Akbar Indo Makmur Stimec Tbk,--U-2130000000A121------------,318.0,0.0,350.0,318.0,322.0,4.0,289600,95735600,192,257.6,322,12400,320,2000,220000000,220000000,165616000,0,0,0,0,0
2021-09-30,AIMS,Akbar Indo Makmur Stimec Tbk,--U-2130000000A121------------,326.0,0.0,340.0,310.0,318.0,-8.0,210900,67233200,219,254.4,320,26300,318,5600,220000000,220000000,220000000,0,0,0,0,0
2021-09-29,AIMS,Akbar Indo Makmur Stimec Tbk,--U-2130000000A121------------,312.0,0.0,380.0,312.0,326.0,14.0,851000,298308600,616,260.8,328,1000,326,18000,220000000,220000000,220000000,0,0,0,0,0
2021-09-28,AIMS,Akbar Indo Makmur Stimec Tbk,--U-2130000000A121------------,318.0,0.0,318.0,300.0,312.0,-6.0,68000,21170800,108,249.6,316,3400,312,21700,220000000,220000000,220000000,0,0,0,0,0
2021-09-27,AIMS,Akbar Indo Makmur Stimec Tbk,--U-2130000000A121------------,336.0,0.0,336.0,314.0,318.0,-18.0,181200,57806800,134,254.4,324,2200,318,800,220000000,220000000,220000000,0,0,0,0,0
2021-09-24,AIMS,Akbar Indo Makmur Stimec Tbk,--U-2130000000A121------------,340.0,0.0,338.0,332.0,336.0,-4.0,19700,6568800,36,268.8,338,11400,332,100,220000000,220000000,220000000,0,0,0,0,0
2021-09-23,AIMS,Akbar Indo Makmur Stimec Tbk,--U-2130000000A121------------,342.0,0.0,350.0,338.0,340.0,-2.0,86500,29486600,63,272.0,340,15500,338,600,220000000,220000000,220000000,0,0,0,0,0
2021-09-22,AIMS,Akbar Indo Makmur Stimec Tbk,--U-2130000000A121------------,338.0,0.0,370.0,332.0,342.0,4.0,178800,62229800,119,273.6,344,300,340,200,220000000,220000000,220000000,0,0,0,0,0
2021-09-21,AIMS,Akbar Indo Makmur Stimec Tbk,--U-2130000000A121------------,332.0,0.0,342.0,320.0,338.0,6.0,30100,9994000,49,270.4,338,43100,326,6900,220000000,220000000,220000000,0,0,0,0,0
2021-09-20,AIMS,Akbar Indo Makmur Stimec Tbk,--U-2130000000A121------------,344.0,0.0,344.0,332.0,332.0,-12.0,38900,13098400,61,265.6,336,800,332,3700,220000000,220000000,220000000,0,0,0,0,0
2021-09-17,AIMS,Akbar Indo Makmur Stimec Tbk,--U-2130000000A121------------,346.0,0.0,348.0,338.0,344.0,-2.0,9600,3283800,35,275.2,346,57300,344,1000,220000000,220000000,220000000,0,0,0,0,0
2021-09-16,AIMS,Akbar Indo Makmur Stimec Tbk,--U-2130000000A121------------,348.0,0.0,350.0,334.0,346.0,-2.0,98300,33917200,77,276.8,348,54200,342,1900,220000000,220000000,220000000,0,0,0,0,0
2021-09-15,AIMS,Akbar Indo Makmur Stimec Tbk,--U-2130000000A121------------,342.0,0.0,350.0,342.0,348.0,6.0,44000,15163800,41,278.4,348,59400,344,2100,220000000,220000000,220000000,0,0,0,0,0
2021-09-14,AIMS,Akbar Indo Makmur Stimec Tbk,--U-2130000000A121------------,338.0,0.0,350.0,340.0,342.0,4.0,117500,40409800,115,273.6,342,8500,340,6100,220000000,220000000,220000000,0,0,0,0,0
2021-09-13,AIMS,Akbar Indo Makmur Stimec Tbk,--U-2130000000A121------------,334.0,0.0,344.0,330.0,338.0,4.0,54600,18407000,71,270.4,340,7500,338,1400,220000000,220000000,220000000,0,0,0,0,0
2021-09-10,AIMS,Akbar Indo Makmur Stimec Tbk,--U-2130000000A121------------,336.0,0.0,336.0,326.0,334.0,-2.0,30000,9930400,48,267.2,336,5600,328,100,220000000,220000000,220000000,0,0,0,0,0
2021-09-09,AIMS,Akbar Indo Makmur Stimec Tbk,--U-2130000000A121------------,336.0,0.0,338.0,326.0,336.0,0.0,16100,5387800,36,268.8,336,1500,334,3700,220000000,220000000,220000000,0,0,0,0,0
2021-09-08,AIMS,Akbar Indo Makmur Stimec Tbk,--U-2130000000A121------------,344.0,0.0,350.0,320.0,336.0,-8.0,163200,53839000,106,268.8,336,15500,330,5700,220000000,220000000,220000000,0,0,0,0,0
2021-09-07,AIMS,Akbar Indo Makmur Stimec Tbk,--U-2130000000A121------------,346.0,0.0,352.0,342.0,344.0,-2.0,62400,21629200,71,275.2,346,53500,344,2200,220000000,220000000,220000000,0,0,0,0,0
2021-09-06,AIMS,Akbar Indo Makmur Stimec Tbk,--U-2130000000A121------------,340.0,0.0,348.0,340.0,346.0,6.0,45900,15836200,75,276.8,348,12600,346,6100,220000000,220000000,220000000,0,0,0,0,0
2021-09-03,AIMS,Akbar Indo Makmur Stimec Tbk,--U-2130000000A121------------,344.0,0.0,352.0,328.0,340.0,-4.0,107400,36436800,123,272.0,340,4800,336,500,220000000,220000000,220000000,0,0,0,0,0
2021-09-02,AIMS,Akbar Indo Makmur Stimec Tbk,--U-2130000000A121------------,340.0,0.0,348.0,334.0,344.0,4.0,45600,15517200,68,275.2,344,29500,336,20000,220000000,220000000,220000000,0,0,0,0,0
2021-09-01,AIMS,Akbar Indo Makmur Stimec Tbk,--U-2130000000A121------------,348.0,0.0,348.0,338.0,340.0,-8.0,213600,72729400,105,272.0,344,1600,340,1000,220000000,220000000,220000000,0,0,0,0,0
2021-08-31,AIMS,Akbar Indo Makmur Stimec Tbk,--U-2130000000A121------------,348.0,0.0,352.0,326.0,348.0,0.0,157000,53572000,107,278.4,348,2100,336,10000,220000000,220000000,220000000,0,0,0,0,0
2021-08-30,AIMS,Akbar Indo Makmur Stimec Tbk,--U-2130000000A121------------,352.0,0.0,354.0,348.0,348.0,-4.0,72800,25471600,62,278.4,352,3700,346,1400,220000000,220000000,220000000,0,0,0,0,0
2021-08-27,AIMS,Akbar Indo Makmur Stimec Tbk,--U-2130000000A121------------,354.0,0.0,358.0,350.0,352.0,-2.0,121300,42914800,72,281.6,352,5900,350,2800,220000000,220000000,220000000,0,0,0,0,0
2021-08-26,AIMS,Akbar Indo Makmur Stimec Tbk,--U-2130000000A121------------,362.0,0.0,400.0,344.0,354.0,-8.0,1691200,633711000,793,283.2,354,21300,348,100,220000000,220000000,220000000,0,0,0,0,0
2021-08-25,AIMS,Akbar Indo Makmur Stimec Tbk,--U-2130000000A121------------,368.0,0.0,374.0,350.0,362.0,-6.0,150900,53892600,93,289.6,362,5600,352,2800,220000000,220000000,220000000,0,0,0,0,0
2021-08-24,AIMS,Akbar Indo Makmur Stimec Tbk,--U-2130000000A121------------,370.0,0.0,378.0,368.0,368.0,-2.0,79900,29811800,71,294.4,374,8600,368,3700,220000000,220000000,220000000,0,0,0,0,0
2021-08-23,AIMS,Akbar Indo Makmur Stimec Tbk,--U-2130000000A121------------,370.0,0.0,388.0,364.0,370.0,0.0,165300,61662600,151,296.0,372,700,370,1200,220000000,220000000,220000000,0,0,0,0,0
2021-08-20,AIMS,Akbar Indo Makmur Stimec Tbk,--U-2130000000A121------------,350.0,0.0,390.0,348.0,370.0,20.0,252900,93246600,304,296.0,374,300,370,191200,220000000,220000000,220000000,0,0,0,0,0
2021-08-19,AIMS,Akbar Indo Makmur Stimec Tbk,--U-2130000000A121------------,354.0,0.0,360.0,338.0,350.0,-4.0,57800,20382400,112,280.0,350,22000,346,200,220000000,220000000,220000000,0,0,0,0,0
2021-08-18,AIMS,Akbar Indo Makmur Stimec Tbk,--U-2130000000A121------------,356.0,0.0,362.0,340.0,354.0,-2.0,74100,25900600,86,283.2,356,500,354,109600,220000000,220000000,220000000,0,0,0,0,0
2021-08-16,AIMS,Akbar Indo Makmur Stimec Tbk,--U-2130000000A121------------,370.0,0.0,370.0,346.0,356.0,-14.0,90500,32446200,142,284.8,358,5500,356,18400,220000000,220000000,220000000,0,0,0,0,0
2021-08-13,AIMS,Akbar Indo Makmur Stimec Tbk,--U-2130000000A121------------,362.0,0.0,374.0,356.0,370.0,8.0,175100,63427800,163,296.0,370,5700,366,400,220000000,220000000,220000000,0,0,0,0,0
2021-08-12,AIMS,Akbar Indo Makmur Stimec Tbk,--U-2130000000A121------------,380.0,0.0,386.0,358.0,362.0,-18.0,676800,250353200,464,289.6,364,1100,360,14000,220000000,220000000,220000000,0,0,0,0,0
2021-08-10,AIMS,Akbar Indo Makmur Stimec Tbk,--U-2130000000A121------------,402.0,0.0,492.0,380.0,380.0,-22.0,10043300,4513489800,3307,304.0,382,20100,380,183200,220000000,220000000,220000000,0,0,0,0,0
2021-08-09,AIMS,Akbar Indo Makmur Stimec Tbk,--U-2130000000A121------------,400.0,0.0,416.0,384.0,402.0,2.0,99700,40080400,73,321.6,402,10500,398,200,220000000,220000000,220000000,0,0,0,0,0
2021-08-06,AIMS,Akbar Indo Makmur Stimec Tbk,--U-2130000000A121------------,416.0,0.0,418.0,398.0,400.0,-16.0,228200,93479800,123,320.0,400,33400,398,3600,220000000,220000000,220000000,0,0,0,0,0
2021-08-05,AIMS,Akbar Indo Makmur Stimec Tbk,--U-2130000000A121------------,420.0,0.0,420.0,394.0,416.0,-4.0,112300,46006400,184,332.8,416,2300,410,100,220000000,220000000,220000000,0,0,0,0,0
2021-08-04,AIMS,Akbar Indo Makmur Stimec Tbk,--U-2130000000A121------------,422.0,0.0,426.0,414.0,420.0,-2.0,90200,37711400,83,336.0,420,60700,408,25200,220000000,220000000,220000000,0,0,0,0,0
2021-08-03,AIMS,Akbar Indo Makmur Stimec Tbk,--U-2130000000A121------------,420.0,0.0,426.0,416.0,422.0,2.0,69300,28997600,85,337.6,422,3700,414,500,220000000,220000000,220000000,0,0,0,0,0
2021-08-02,AIMS,Akbar Indo Makmur Stimec Tbk,--U-2130000000A121------------,420.0,0.0,450.0,396.0,420.0,0.0,513300,220518000,436,336.0,420,7700,418,2000,220000000,220000000,220000000,0,0,0,0,0
2021-07-30,AIMS,Akbar Indo Makmur Stimec Tbk,--U-2130000000A121------------,424.0,0.0,428.0,416.0,420.0,-4.0,79800,33551000,109,336.0,420,7600,414,10000,220000000,220000000,220000000,0,0,0,0,0
2021-07-29,AIMS,Akbar Indo Makmur Stimec Tbk,--U-2130000000A121------------,426.0,0.0,432.0,420.0,424.0,-2.0,75900,32331800,103,339.2,428,5600,424,17900,220000000,220000000,220000000,0,0,0,0,0
2021-07-28,AIMS,Akbar Indo Makmur Stimec Tbk,--U-2130000000A121------------,424.0,0.0,434.0,420.0,426.0,2.0,78300,33617400,95,340.8,426,4400,424,1200,220000000,220000000,220000000,0,0,0,0,0
2021-07-27,AIMS,Akbar Indo Makmur Stimec Tbk,--U-2130000000A121------------,426.0,0.0,442.0,400.0,424.0,-2.0,337900,140152000,193,339.2,430,1600,424,1000,220000000,220000000,220000000,0,0,0,0,0
2021-07-26,AIMS,Akbar Indo Makmur Stimec Tbk,--U-2130000000A121------------,438.0,0.0,442.0,424.0,426.0,-12.0,138500,59450400,121,340.8,428,8100,426,4300,220000000,220000000,220000000,0,0,0,0,0
2021-07-23,AIMS,Akbar Indo Makmur Stimec Tbk,--U-2130000000A121------------,454.0,0.0,456.0,424.0,438.0,-16.0,438000,191300200,307,350.4,440,200,438,35600,220000000,220000000,220000000,0,0,0,0,0
2021-07-22,AIMS,Akbar Indo Makmur Stimec Tbk,--U-2130000000A121------------,430.0,0.0,454.0,408.0,454.0,24.0,1594000,700700200,619,363.2,454,142300,452,150400,220000000,220000000,220000000,0,0,0,0,0
2021-07-21,AIMS,Akbar Indo Makmur Stimec Tbk,--U-2130000000A121------------,414.0,0.0,440.0,386.0,430.0,16.0,3155600,1290339000,1357,344.0,432,20700,430,144900,220000000,220000000,220000000,0,0,0,0,0
2021-07-19,AIMS,Akbar Indo Makmur Stimec Tbk,--U-2130000000A121------------,444.0,0.0,480.0,414.0,414.0,-30.0,2660800,1152280000,1754,331.2,414,685300,0,0,220000000,220000000,220000000,0,0,0,0,0
2021-07-16,AIMS,Akbar Indo Makmur Stimec Tbk,--U-2130000000A121------------,476.0,0.0,444.0,444.0,444.0,-32.0,35500,15762000,54,355.2,444,1190600,0,0,220000000,220000000,220000000,0,0,0,0,0
2021-07-15,AIMS,Akbar Indo Makmur Stimec Tbk,--U-2130000000A121------------,510.0,0.0,476.0,476.0,476.0,-34.0,11500,5474000,33,380.8,476,1454700,0,0,220000000,220000000,220000000,0,0,0,0,0
2021-07-14,AIMS,Akbar Indo Makmur Stimec Tbk,--U-2130000000A121------------,545.0,0.0,510.0,510.0,510.0,-35.0,17100,8721000,21,408.0,510,1472700,0,0,220000000,220000000,220000000,0,0,0,0,0
2021-07-13,AIMS,Akbar Indo Makmur Stimec Tbk,--U-2130000000A121------------,585.0,0.0,600.0,545.0,545.0,-40.0,389800,225404500,336,436.0,545,1266400,0,0,220000000,220000000,220000000,0,0,0,0,0
2021-07-12,AIMS,Akbar Indo Makmur Stimec Tbk,--U-2130000000A121------------,470.0,0.0,585.0,472.0,585.0,115.0,6224400,3303534500,3282,468.0,0,0,585,2547300,220000000,220000000,220000000,0,0,0,0,0
2021-07-09,AIMS,Akbar Indo Makmur Stimec Tbk,--U-2130000000A121------------,376.0,0.0,470.0,376.0,470.0,94.0,935300,417558200,340,376.0,0,0,470,2579800,220000000,220000000,220000000,0,0,0,0,0
2021-07-08,AIMS,Akbar Indo Makmur Stimec Tbk,--U-2130000000A121------------,366.0,0.0,380.0,366.0,376.0,10.0,70800,26083200,52,300.8,374,100,370,2800,220000000,220000000,220000000,0,0,0,0,0
2021-07-07,AIMS,Akbar Indo Makmur Stimec Tbk,--U-2130000000A121------------,352.0,0.0,388.0,350.0,366.0,14.0,176800,64905200,147,292.8,370,11900,366,3000,220000000,220000000,220000000,0,0,0,0,0
2021-07-06,AIMS,Akbar Indo Makmur Stimec Tbk,--U-2130000000A121------------,352.0,0.0,360.0,340.0,352.0,0.0,76200,26940800,53,281.6,358,9800,350,200,220000000,220000000,220000000,0,0,0,0,0
2021-07-05,AIMS,Akbar Indo Makmur Stimec Tbk,--U-2130000000A121------------,356.0,0.0,362.0,344.0,352.0,-4.0,67800,23783600,40,281.6,356,1500,352,2000,220000000,220000000,220000000,0,0,0,0,0
2021-07-02,AIMS,Akbar Indo Makmur Stimec Tbk,--U-2130000000A121------------,356.0,0.0,380.0,344.0,356.0,0.0,158200,55869600,139,284.8,358,7000,356,1300,220000000,220000000,220000000,0,0,0,0,0
2021-07-01,AIMS,Akbar Indo Makmur Stimec Tbk,--U-2130000000A121------------,358.0,0.0,426.0,336.0,356.0,-2.0,1556100,588882400,732,284.8,370,5600,356,5600,220000000,220000000,220000000,0,0,0,0,0
2021-06-30,AIMS,Akbar Indo Makmur Stimec Tbk,--U-2130000000A121------------,342.0,0.0,360.0,324.0,358.0,16.0,168500,56556200,149,286.4,354,9000,330,200,220000000,220000000,220000000,0,0,0,0,0
2021-06-29,AIMS,Akbar Indo Makmur Stimec Tbk,--U-2130000000A121------------,366.0,0.0,366.0,342.0,342.0,-24.0,98100,33943800,95,273.6,342,13000,0,0,220000000,220000000,220000000,0,0,0,0,0
2021-06-28,AIMS,Akbar Indo Makmur Stimec Tbk,--U-2130000000A121------------,368.0,0.0,376.0,352.0,366.0,-2.0,31200,11386800,57,292.8,366,13800,352,27400,220000000,220000000,220000000,0,0,0,0,0
2021-06-25,AIMS,Akbar Indo Makmur Stimec Tbk,--U-2130000000A121------------,370.0,0.0,368.0,358.0,368.0,-2.0,89200,32376000,76,294.4,370,1800,368,74600,220000000,220000000,220000000,0,0,0,0,0
2021-06-24,AIMS,Akbar Indo Makmur Stimec Tbk,--U-2130000000A121------------,380.0,0.0,388.0,360.0,370.0,-10.0,134600,50095800,106,296.0,376,2300,370,20100,220000000,220000000,220000000,0,0,0,0,0
2021-06-23,AIMS,Akbar Indo Makmur Stimec Tbk,--U-2130000000A121------------,374.0,0.0,390.0,356.0,380.0,6.0,263400,97767200,195,304.0,380,25100,378,300,220000000,220000000,220000000,0,0,0,0,0
2021-06-22,AIMS,Akbar Indo Makmur Stimec Tbk,--U-2130000000A121------------,392.0,0.0,392.0,366.0,374.0,-18.0,174000,64910200,119,299.2,374,30700,372,800,220000000,220000000,220000000,0,0,0,0,0
2021-06-21,AIMS,Akbar Indo Makmur Stimec Tbk,--U-2130000000A121------------,420.0,0.0,436.0,392.0,392.0,-28.0,189700,75829800,117,313.6,392,93500,0,0,220000000,220000000,220000000,0,0,0,0,0
2021-06-18,AIMS,Akbar Indo Makmur Stimec Tbk,--U-2130000000A121------------,450.0,0.0,510.0,420.0,420.0,-30.0,2797700,1307313300,1692,336.0,420,66900,0,0,220000000,220000000,220000000,0,0,0,0,0
2021-06-17,AIMS,Akbar Indo Makmur Stimec Tbk,--U-2130000000A121------------,360.0,0.0,450.0,356.0,450.0,90.0,736700,307934600,508,360.0,0,0,450,1497500,220000000,220000000,220000000,0,0,0,0,0
2021-06-16,AIMS,Akbar Indo Makmur Stimec Tbk,--U-2130000000A121------------,352.0,0.0,360.0,350.0,360.0,8.0,20300,7200600,31,288.0,360,3400,358,100,220000000,220000000,220000000,0,0,0,0,0
2021-06-15,AIMS,Akbar Indo Makmur Stimec Tbk,--U-2130000000A121------------,372.0,0.0,360.0,352.0,352.0,-20.0,37100,13283400,59,281.6,352,900,350,1400,220000000,220000000,220000000,0,0,0,0,0
2021-06-14,AIMS,Akbar Indo Makmur Stimec Tbk,--U-2130000000A121------------,380.0,0.0,380.0,354.0,372.0,-8.0,165900,61053800,166,297.6,372,6800,356,39300,220000000,220000000,220000000,0,0,0,0,0
2021-06-11,AIMS,Akbar Indo Makmur Stimec Tbk,--U-2130000000A121------------,390.0,0.0,390.0,378.0,380.0,-10.0,120600,46148800,112,304.0,384,7700,380,2500,220000000,220000000,220000000,0,0,0,0,0
2021-06-10,AIMS,Akbar Indo Makmur Stimec Tbk,--U-2130000000A121------------,396.0,0.0,432.0,370.0,390.0,-6.0,529100,205140400,367,312.0,396,25000,390,12000,220000000,220000000,220000000,0,0,0,0,0
2021-06-09,AIMS,Akbar Indo Makmur Stimec Tbk,--U-2130000000A121------------,424.0,0.0,424.0,396.0,396.0,-28.0,175600,70391600,184,316.8,396,11900,0,0,220000000,220000000,220000000,0,0,0,0,0
2021-06-08,AIMS,Akbar Indo Makmur Stimec Tbk,--U-2130000000A121------------,434.0,0.0,434.0,404.0,424.0,-10.0,36200,14979400,43,339.2,424,11600,410,5300,220000000,220000000,220000000,0,0,0,0,0
2021-06-07,AIMS,Akbar Indo Makmur Stimec Tbk,--U-2130000000A121------------,432.0,0.0,442.0,430.0,434.0,2.0,74200,32242800,65,347.2,434,6900,428,1300,220000000,220000000,220000000,0,0,0,0,0
2021-06-04,AIMS,Akbar Indo Makmur Stimec Tbk,--U-2130000000A121------------,432.0,0.0,442.0,432.0,432.0,0.0,73600,31905600,51,345.6,432,2900,430,7700,220000000,220000000,220000000,0,0,0,0,0
2021-06-03,AIMS,Akbar Indo Makmur Stimec Tbk,--U-2130000000A121------------,430.0,0.0,450.0,428.0,432.0,2.0,141400,62241600,115,345.6,436,25000,432,5600,220000000,220000000,220000000,0,0,10000000,4300000000,1
2021-06-02,AIMS,Akbar Indo Makmur Stimec Tbk,--U-2130000000A121------------,446.0,0.0,446.0,426.0,430.0,-16.0,117500,50748800,160,344.0,434,7100,430,11400,220000000,220000000,220000000,0,0,0,0,0
2021-05-31,AIMS,Akbar Indo Makmur Stimec Tbk,--U-2130000000A121------------,468.0,0.0,468.0,436.0,446.0,-22.0,339100,151864000,224,356.8,446,11400,444,1200,220000000,220000000,220000000,0,0,0,0,0
2021-05-28,AIMS,Akbar Indo Makmur Stimec Tbk,--U-2130000000A121------------,482.0,0.0,492.0,466.0,468.0,-14.0,113800,53888800,91,374.4,476,400,468,33200,220000000,220000000,220000000,0,0,0,0,0
2021-05-27,AIMS,Akbar Indo Makmur Stimec Tbk,--U-2130000000A121------------,468.0,0.0,496.0,450.0,482.0,14.0,384800,181020600,211,385.6,482,101200,480,500,220000000,220000000,220000000,0,0,0,0,0
2021-05-25,AIMS,Akbar Indo Makmur Stimec Tbk,--U-2130000000A121------------,476.0,0.0,486.0,468.0,468.0,-8.0,183300,87388400,120,374.4,468,13200,466,1100,220000000,220000000,220000000,0,0,0,0,0
2021-05-24,AIMS,Akbar Indo Makmur Stimec Tbk,--U-2130000000A121------------,482.0,0.0,494.0,462.0,476.0,-6.0,145900,69436000,141,380.8,476,51200,472,100,220000000,220000000,220000000,0,0,0,0,0
2021-05-22,AIMS,Akbar Indo Makmur Stimec Tbk,--U-2130000000A121------------,482.0,0.0,0.0,0.0,482.0,0.0,0,0,0,385.6,0,0,0,0,220000000,220000000,220000000,0,0,0,0,0
2021-05-21,AIMS,Akbar Indo Makmur Stimec Tbk,--U-2130000000A121------------,492.0,0.0,510.0,460.0,482.0,-10.0,130500,63998300,180,385.6,488,2800,482,1000,220000000,220000000,220000000,0,0,0,0,0
2021-05-20,AIMS,Akbar Indo Makmur Stimec Tbk,--U-2130000000A121------------,494.0,0.0,505.0,492.0,492.0,-2.0,129200,64296900,144,393.6,498,5300,492,3800,220000000,220000000,220000000,0,0,0,0,0
2021-05-19,AIMS,Akbar Indo Makmur Stimec Tbk,--U-2130000000A121------------,490.0,0.0,510.0,472.0,494.0,4.0,264700,131037100,244,395.2,494,5600,492,5000,220000000,220000000,220000000,0,0,0,0,0
2021-05-18,AIMS,Akbar Indo Makmur Stimec Tbk,--U-2130000000A121------------,510.0,0.0,525.0,478.0,490.0,-20.0,403100,198584500,311,392.0,490,4600,486,1000,220000000,220000000,220000000,0,0,0,0,0
2021-05-17,AIMS,Akbar Indo Makmur Stimec Tbk,--U-2130000000A121------------,490.0,0.0,525.0,496.0,510.0,20.0,713200,363831500,440,408.0,515,67100,510,37300,220000000,220000000,220000000,0,0,0,0,0
2021-05-11,AIMS,Akbar Indo Makmur Stimec Tbk,--U-2130000000A121------------,478.0,0.0,550.0,478.0,490.0,12.0,1753400,902338500,965,392.0,494,1500,488,200,220000000,220000000,220000000,1000,1000,0,0,0
2021-05-10,AIMS,Akbar Indo Makmur Stimec Tbk,--U-2130000000A121------------,494.0,0.0,498.0,460.0,478.0,-16.0,694200,326883800,440,382.4,480,10700,478,15300,220000000,220000000,220000000,0,0,0,0,0
2021-05-07,AIMS,Akbar Indo Makmur Stimec Tbk,--U-2130000000A121------------,530.0,0.0,610.0,494.0,494.0,-36.0,4041500,2152134700,1911,395.2,494,423300,0,0,220000000,220000000,220000000,0,0,0,0,0
2021-05-06,AIMS,Akbar Indo Makmur Stimec Tbk,--U-2130000000A121------------,424.0,0.0,530.0,424.0,530.0,106.0,3447600,1748202500,1203,424.0,0,0,530,1702300,220000000,220000000,220000000,0,0,0,0,0
2021-05-05,AIMS,Akbar Indo Makmur Stimec Tbk,--U-2130000000A121------------,414.0,0.0,446.0,414.0,424.0,10.0,321300,135034600,263,339.2,424,10700,420,100,220000000,220000000,220000000,0,0,0,0,0
2021-05-04,AIMS,Akbar Indo Makmur Stimec Tbk,--U-2130000000A121------------,424.0,0.0,428.0,400.0,414.0,-10.0,295600,123157800,196,331.2,414,2000,412,13700,220000000,220000000,220000000,0,0,0,0,0
2021-05-03,AIMS,Akbar Indo Makmur Stimec Tbk,--U-2130000000A121------------,448.0,0.0,488.0,420.0,424.0,-24.0,1730600,788852600,780,339.2,428,68400,424,35100,220000000,220000000,220000000,0,0,0,0,0
2021-04-30,AIMS,Akbar Indo Makmur Stimec Tbk,--U-2130000000A121------------,404.0,0.0,490.0,404.0,448.0,44.0,2814100,1275628400,1500,358.4,450,7200,448,79400,220000000,220000000,220000000,40000,0,0,0,0
2021-04-29,AIMS,Akbar Indo Makmur Stimec Tbk,--U-2130000000A121------------,346.0,0.0,432.0,322.0,404.0,58.0,3471900,1425461200,1743,323.2,406,67300,404,43100,220000000,220000000,220000000,0,40000,0,0,0
2021-04-28,AIMS,Akbar Indo Makmur Stimec Tbk,--U-2130000000A121------------,372.0,0.0,372.0,346.0,346.0,-26.0,163000,56538400,120,276.8,346,974700,0,0,220000000,220000000,220000000,0,0,0,0,0
2021-04-27,AIMS,Akbar Indo Makmur Stimec Tbk,--U-2130000000A121------------,400.0,0.0,400.0,372.0,372.0,-28.0,126200,48658800,141,297.6,372,1152400,0,0,220000000,220000000,220000000,0,0,0,0,0
2021-04-26,AIMS,Akbar Indo Makmur Stimec Tbk,--U-2130000000A121------------,430.0,0.0,408.0,400.0,400.0,-30.0,228500,91403200,139,320.0,400,214200,0,0,220000000,220000000,220000000,0,0,0,0,0
2021-04-23,AIMS,Akbar Indo Makmur Stimec Tbk,--U-2130000000A121------------,456.0,0.0,570.0,426.0,430.0,-26.0,4139300,2085201900,1653,344.0,430,9100,428,7800,220000000,220000000,220000000,1000,1000,0,0,0
2021-04-22,AIMS,Akbar Indo Makmur Stimec Tbk,--U-2130000000A121------------,366.0,0.0,456.0,364.0,456.0,90.0,4206900,1821827000,807,364.8,0,0,456,32100,220000000,220000000,220000000,0,0,0,0,0
2021-04-21,AIMS,Akbar Indo Makmur Stimec Tbk,--U-2130000000A121------------,318.0,0.0,370.0,302.0,366.0,48.0,720000,244644800,309,292.8,366,55800,356,50200,220000000,220000000,220000000,0,0,0,0,0
2021-04-20,AIMS,Akbar Indo Makmur Stimec Tbk,--U-2130000000A121------------,290.0,0.0,338.0,292.0,318.0,28.0,462500,144209600,354,254.4,318,21200,302,23100,220000000,220000000,220000000,0,0,0,0,0
2021-04-19,AIMS,Akbar Indo Makmur Stimec Tbk,--U-2130000000A121------------,284.0,0.0,292.0,284.0,290.0,6.0,118100,34119800,132,232.0,292,10800,290,700,220000000,220000000,220000000,0,0,0,0,0
2021-04-16,AIMS,Akbar Indo Makmur Stimec Tbk,--U-2130000000A121------------,302.0,0.0,326.0,282.0,284.0,-18.0,499900,143217000,281,227.2,294,9000,284,200,220000000,220000000,220000000,0,0,0,0,0
2021-04-15,AIMS,Akbar Indo Makmur Stimec Tbk,--U-2130000000A121------------,320.0,0.0,330.0,302.0,302.0,-18.0,263900,85296000,151,241.6,308,1100,302,30100,220000000,220000000,220000000,0,0,0,0,0
2021-04-14,AIMS,Akbar Indo Makmur Stimec Tbk,--U-2130000000A121------------,340.0,0.0,340.0,318.0,320.0,-20.0,367900,117681200,289,256.0,330,16600,320,764900,220000000,220000000,220000000,0,0,0,0,0
2021-04-13,AIMS,Akbar Indo Makmur Stimec Tbk,--U-2130000000A121------------,340.0,0.0,418.0,340.0,340.0,0.0,8317200,3216524200,4518,272.0,346,100,340,9000,220000000,220000000,220000000,0,0,0,0,0
2021-04-12,AIMS,Akbar Indo Makmur Stimec Tbk,--U-2130000000A121------------,272.0,0.0,340.0,256.0,340.0,68.0,2325500,769888400,777,272.0,0,0,340,3275200,220000000,220000000,220000000,0,0,0,0,0
2021-04-09,AIMS,Akbar Indo Makmur Stimec Tbk,--U-2130000000A121------------,266.0,0.0,284.0,260.0,272.0,6.0,239700,66318000,106,217.6,272,18100,268,300,220000000,220000000,220000000,0,0,0,0,0
2021-04-08,AIMS,Akbar Indo Makmur Stimec Tbk,--U-2130000000A121------------,266.0,0.0,288.0,254.0,266.0,0.0,130200,35752000,152,212.8,270,6600,266,10600,220000000,220000000,220000000,0,0,0,0,0
2021-04-07,AIMS,Akbar Indo Makmur Stimec Tbk,--U-2130000000A121------------,280.0,0.0,300.0,262.0,266.0,-14.0,745700,203324400,323,212.8,266,6200,264,15200,220000000,220000000,220000000,0,0,0,0,0
2021-04-06,AIMS,Akbar Indo Makmur Stimec Tbk,--U-2130000000A121------------,300.0,0.0,300.0,280.0,280.0,-20.0,90200,26297400,70,224.0,280,314100,0,0,220000000,220000000,220000000,0,0,0,0,0
2021-04-05,AIMS,Akbar Indo Makmur Stimec Tbk,--U-2130000000A121------------,252.0,0.0,314.0,264.0,300.0,48.0,2255500,670801800,1451,240.0,300,9100,292,43600,220000000,220000000,220000000,0,0,0,0,0
2021-04-01,AIMS,Akbar Indo Makmur Stimec Tbk,--U-2130000000A121------------,202.0,0.0,252.0,188.0,252.0,50.0,273100,63896400,135,201.6,0,0,252,1109700,220000000,220000000,220000000,0,0,0,0,0
2021-03-31,AIMS,Akbar Indo Makmur Stimec Tbk,--U-2130000000A121------------,214.0,0.0,214.0,200.0,202.0,-12.0,57900,11628400,53,161.6,202,28700,0,0,220000000,220000000,220000000,0,0,0,0,0
2021-03-30,AIMS,Akbar Indo Makmur Stimec Tbk,--U-2130000000A121------------,228.0,0.0,228.0,214.0,214.0,-14.0,139700,30066000,90,171.2,214,28100,0,0,220000000,220000000,220000000,0,0,0,0,0
2021-03-29,AIMS,Akbar Indo Makmur Stimec Tbk,--U-2130000000A121------------,244.0,0.0,244.0,228.0,228.0,-16.0,161500,37150000,155,182.4,236,1700,228,13500,220000000,220000000,220000000,0,0,0,0,0
2021-03-26,AIMS,Akbar Indo Makmur Stimec Tbk,--U-2130000000A121------------,262.0,0.0,266.0,244.0,244.0,-18.0,156200,38662600,182,195.2,246,11000,0,0,220000000,220000000,220000000,0,0,0,0,0
2021-03-25,AIMS,Akbar Indo Makmur Stimec Tbk,--U-2130000000A121------------,280.0,0.0,322.0,262.0,262.0,-18.0,1003900,294877200,462,209.6,262,13200,0,0,220000000,220000000,220000000,0,0,0,0,0
2021-03-24,AIMS,Akbar Indo Makmur Stimec Tbk,--U-2130000000A121------------,300.0,0.0,364.0,280.0,280.0,-20.0,2306800,695246600,913,224.0,280,30800,0,0,220000000,220000000,220000000,0,0,0,0,0
2021-03-23,AIMS,Akbar Indo Makmur Stimec Tbk,--U-2130000000A121------------,294.0,0.0,366.0,300.0,300.0,6.0,4309100,1518536200,1484,240.0,300,175700,294,6500,220000000,220000000,220000000,5500,5500,0,0,0
2021-03-22,AIMS,Akbar Indo Makmur Stimec Tbk,--U-2130000000A121------------,236.0,0.0,294.0,220.0,294.0,58.0,4343300,1213837000,1559,235.2,0,0,294,712700,220000000,220000000,220000000,0,0,0,0,0
2021-03-19,AIMS,Akbar Indo Makmur Stimec Tbk,--U-2130000000A121------------,176.0,0.0,236.0,176.0,236.0,60.0,790200,180337200,445,188.8,0,0,236,507500,220000000,220000000,220000000,0,0,0,0,0
2021-03-18,AIMS,Akbar Indo Makmur Stimec Tbk,--U-2130000000A121------------,186.0,0.0,200.0,173.0,176.0,-10.0,273500,48737500,225,140.8,185,21900,176,25800,220000000,220000000,220000000,0,0,0,0,0
2021-03-17,AIMS,Akbar Indo Makmur Stimec Tbk,--U-2130000000A121------------,200.0,0.0,186.0,186.0,186.0,-14.0,131000,24366000,42,148.8,186,130400,0,0,220000000,220000000,220000000,100,0,0,0,0
2021-03-16,AIMS,Akbar Indo Makmur Stimec Tbk,--U-2130000000A121------------,214.0,0.0,202.0,200.0,200.0,-14.0,39200,7844600,31,160.0,200,309600,0,0,220000000,220000000,220000000,0,0,0,0,0
2021-03-15,AIMS,Akbar Indo Makmur Stimec Tbk,--U-2130000000A121------------,228.0,0.0,214.0,214.0,214.0,-14.0,21900,4686600,32,171.2,214,339500,0,0,220000000,220000000,220000000,0,0,0,0,0
2021-03-12,AIMS,Akbar Indo Makmur Stimec Tbk,--U-2130000000A121------------,244.0,0.0,228.0,228.0,228.0,-16.0,7100,1618800,12,182.4,228,345500,0,0,220000000,220000000,220000000,0,0,0,0,0
2021-03-10,AIMS,Akbar Indo Makmur Stimec Tbk,--U-2130000000A121------------,262.0,0.0,244.0,244.0,244.0,-18.0,8600,2098400,14,195.2,244,426300,0,0,220000000,220000000,220000000,0,0,0,0,0
2021-03-09,AIMS,Akbar Indo Makmur Stimec Tbk,--U-2130000000A121------------,280.0,0.0,262.0,262.0,262.0,-18.0,5800,1519600,10,209.6,262,616600,0,0,220000000,220000000,220000000,0,0,0,0,0
2021-03-08,AIMS,Akbar Indo Makmur Stimec Tbk,--U-2130000000A121------------,300.0,0.0,322.0,280.0,280.0,-20.0,164600,49601000,81,224.0,280,616000,0,0,220000000,220000000,220000000,0,0,0,0,0
2021-03-05,AIMS,Akbar Indo Makmur Stimec Tbk,--U-2130000000A121------------,300.0,0.0,0.0,0.0,300.0,0.0,0,0,0,240.0,0,0,0,0,220000000,220000000,220000000,0,0,0,0,0
2021-03-04,AIMS,Akbar Indo Makmur Stimec Tbk,--U-2130000000A121------------,240.0,0.0,300.0,250.0,300.0,60.0,1094800,324722800,445,240.0,0,0,300,222400,220000000,220000000,220000000,0,100,0,0,0
2021-03-03,AIMS,Akbar Indo Makmur Stimec Tbk,--U-2130000000A121------------,179.0,0.0,240.0,189.0,240.0,61.0,737400,169948800,169,192.0,0,0,240,667400,220000000,220000000,220000000,0,0,0,0,0
2021-03-02,AIMS,Akbar Indo Makmur Stimec Tbk,--U-2130000000A121------------,133.0,0.0,179.0,133.0,179.0,46.0,437500,74017000,196,143.2,0,0,179,69600,220000000,220000000,220000000,0,0,0,0,0
2021-03-01,AIMS,Akbar Indo Makmur Stimec Tbk,--U-2130000000A121------------,138.0,0.0,138.0,133.0,133.0,-5.0,3000,403000,9,106.4,138,1400,133,64100,220000000,220000000,220000000,0,0,0,0,0
2021-02-26,AIMS,Akbar Indo Makmur Stimec Tbk,--U-2130000000A121------------,138.0,0.0,138.0,138.0,138.0,0.0,20800,2870400,11,110.4,138,15800,133,23000,220000000,220000000,220000000,0,0,0,0,0
2021-02-25,AIMS,Akbar Indo Makmur Stimec Tbk,--U-2130000000A121------------,140.0,0.0,145.0,138.0,138.0,-2.0,64400,8955900,52,110.4,138,16700,135,4500,220000000,220000000,220000000,0,0,0,0,0
2021-02-24,AIMS,Akbar Indo Makmur Stimec Tbk,--U-2130000000A121------------,131.0,0.0,147.0,131.0,140.0,9.0,102000,14271400,45,112.0,144,1000,136,200,220000000,220000000,220000000,0,0,0,0,0
2021-02-23,AIMS,Akbar Indo Makmur Stimec Tbk,--U-2130000000A121------------,130.0,0.0,136.0,129.0,131.0,1.0,9900,1295600,23,104.8,135,100,131,21700,220000000,220000000,220000000,0,0,0,0,0
2021-02-22,AIMS,Akbar Indo Makmur Stimec Tbk,--U-2130000000A121------------,133.0,0.0,145.0,130.0,130.0,-3.0,7400,985800,34,104.0,136,1700,130,35500,220000000,220000000,220000000,0,0,0,0,0
2021-02-19,AIMS,Akbar Indo Makmur Stimec Tbk,--U-2130000000A121------------,137.0,0.0,140.0,132.0,133.0,-4.0,43700,5906400,18,106.4,140,7200,133,1700,220000000,220000000,220000000,0,0,0,0,0
2021-02-18,AIMS,Akbar Indo Makmur Stimec Tbk,--U-2130000000A121------------,141.0,0.0,142.0,136.0,137.0,-4.0,7900,1100600,28,109.6,146,100,137,2300,220000000,220000000,220000000,0,0,0,0,0
2021-02-17,AIMS,Akbar Indo Makmur Stimec Tbk,--U-2130000000A121------------,143.0,0.0,145.0,136.0,141.0,-2.0,31500,4489400,32,112.8,143,2900,141,3200,220000000,220000000,220000000,0,0,0,0,0
2021-02-16,AIMS,Akbar Indo Makmur Stimec Tbk,--U-2130000000A121------------,143.0,0.0,143.0,142.0,143.0,0.0,36700,5247200,37,114.4,144,5000,143,5100,220000000,220000000,220000000,0,0,0,0,0
2021-02-15,AIMS,Akbar Indo Makmur Stimec Tbk,--U-2130000000A121------------,142.0,0.0,152.0,140.0,143.0,1.0,36300,5221600,58,114.4,143,1000,140,37300,220000000,220000000,220000000,0,0,0,0,0
2021-02-11,AIMS,Akbar Indo Makmur Stimec Tbk,--U-2130000000A121------------,138.0,0.0,150.0,140.0,142.0,4.0,62000,9051700,62,113.6,147,6200,142,5900,220000000,220000000,220000000,0,0,0,0,0
2021-02-10,AIMS,Akbar Indo Makmur Stimec Tbk,--U-2130000000A121------------,141.0,0.0,177.0,132.0,138.0,-3.0,263300,39143400,202,110.4,143,1000,138,40700,220000000,220000000,220000000,0,0,0,0,0
2021-02-09,AIMS,Akbar Indo Makmur Stimec Tbk,--U-2130000000A121------------,151.0,0.0,152.0,141.0,141.0,-10.0,75900,10813400,69,112.8,141,75600,0,0,220000000,220000000,220000000,0,0,0,0,0
2021-02-08,AIMS,Akbar Indo Makmur Stimec Tbk,--U-2130000000A121------------,162.0,0.0,162.0,151.0,151.0,-11.0,165200,24962800,107,120.8,151,43700,0,0,220000000,220000000,220000000,0,0,0,0,0
2021-02-05,AIMS,Akbar Indo Makmur Stimec Tbk,--U-2130000000A121------------,174.0,0.0,230.0,162.0,162.0,-12.0,913200,176299600,501,129.6,162,27800,0,0,220000000,220000000,220000000,0,0,0,0,0
2021-02-04,AIMS,Akbar Indo Makmur Stimec Tbk,--U-2130000000A121------------,129.0,0.0,174.0,150.0,174.0,45.0,1062900,183247000,497,139.2,0,0,174,279000,220000000,220000000,220000000,0,0,0,0,0
2021-02-03,AIMS,Akbar Indo Makmur Stimec Tbk,--U-2130000000A121------------,130.0,0.0,160.0,129.0,129.0,-1.0,55900,7438700,52,103.2,129,17800,126,100,220000000,220000000,220000000,0,0,0,0,0
2021-02-02,AIMS,Akbar Indo Makmur Stimec Tbk,--U-2130000000A121------------,138.0,0.0,147.0,129.0,130.0,-8.0,41300,5368200,27,104.0,130,67700,129,1600,220000000,220000000,220000000,0,0,0,0,0
2021-02-01,AIMS,Akbar Indo Makmur Stimec Tbk,--U-2130000000A121------------,148.0,0.0,148.0,138.0,138.0,-10.0,47400,6552000,31,110.4,138,2200,0,0,220000000,220000000,220000000,0,0,0,0,0
2021-01-29,AIMS,Akbar Indo Makmur Stimec Tbk,--U-2130000000A121------------,149.0,0.0,180.0,139.0,148.0,-1.0,29500,4610100,59,118.4,148,7100,139,800,220000000,220000000,220000000,0,0,0,0,0
2021-01-28,AIMS,Akbar Indo Makmur Stimec Tbk,--U-2130000000A121------------,150.0,0.0,150.0,140.0,149.0,-1.0,2900,431400,15,119.2,149,9300,0,0,220000000,220000000,220000000,0,0,0,0,0
2021-01-27,AIMS,Akbar Indo Makmur Stimec Tbk,--U-2130000000A121------------,142.0,0.0,150.0,135.0,150.0,8.0,6300,858900,11,120.0,150,10900,135,900,220000000,220000000,220000000,0,0,0,0,0
2021-01-26,AIMS,Akbar Indo Makmur Stimec Tbk,--U-2130000000A121------------,141.0,0.0,180.0,134.0,142.0,1.0,27000,4256300,21,113.6,176,1600,143,5500,220000000,220000000,220000000,0,0,0,0,0
2021-01-25,AIMS,Akbar Indo Makmur Stimec Tbk,--U-2130000000A121------------,146.0,0.0,194.0,136.0,141.0,-5.0,10000,1688000,57,112.8,160,2100,141,2400,220000000,220000000,220000000,0,0,0,0,0
2021-01-22,AIMS,Akbar Indo Makmur Stimec Tbk,--U-213000000091--------------,156.0,0.0,149.0,146.0,146.0,-10.0,52800,7712300,17,116.8,149,100,146,7600,220000000,220000000,220000000,0,0,0,0,0
2021-01-21,AIMS,Akbar Indo Makmur Stimec Tbk,--U-213000000091--------------,167.0,0.0,167.0,156.0,156.0,-11.0,92200,14396400,24,124.8,166,100,156,48200,220000000,220000000,220000000,0,0,0,0,0
2021-01-20,AIMS,Akbar Indo Makmur Stimec Tbk,--U-213000000091--------------,179.0,0.0,179.0,167.0,167.0,-12.0,3600,603200,9,133.6,167,22300,0,0,220000000,220000000,220000000,0,0,0,0,0
2021-01-19,AIMS,Akbar Indo Makmur Stimec Tbk,--U-213000000091--------------,192.0,0.0,192.0,179.0,179.0,-13.0,78800,14813100,32,143.2,179,93100,0,0,220000000,220000000,220000000,0,0,0,0,0
2021-01-18,AIMS,Akbar Indo Makmur Stimec Tbk,--U-213000000091--------------,144.0,0.0,194.0,134.0,192.0,48.0,62500,10225200,46,153.6,192,23200,135,700,220000000,220000000,220000000,0,0,0,0,0
2021-01-15,AIMS,Akbar Indo Makmur Stimec Tbk,--U-213000000091--------------,147.0,0.0,146.0,144.0,144.0,-3.0,1100,159900,3,115.2,142,10000,0,0,220000000,220000000,220000000,0,0,0,0,0
2021-01-14,AIMS,Akbar Indo Makmur Stimec Tbk,--U-213000000091--------------,149.0,0.0,149.0,147.0,147.0,-2.0,300,44300,2,117.6,145,10000,0,0,220000000,220000000,220000000,0,0,0,0,0
2021-01-13,AIMS,Akbar Indo Makmur Stimec Tbk,--U-213000000091--------------,155.0,0.0,150.0,149.0,149.0,-6.0,1300,194800,6,119.2,148,25000,0,0,220000000,220000000,220000000,0,0,0,0,0
2021-01-12,AIMS,Akbar Indo Makmur Stimec Tbk,--U-213000000091--------------,136.0,0.0,169.0,128.0,155.0,19.0,20000,2777500,30,124.0,155,34700,132,100,220000000,220000000,220000000,0,0,0,0,0
2021-01-11,AIMS,Akbar Indo Makmur Stimec Tbk,--U-213000000091--------------,136.0,0.0,137.0,130.0,136.0,0.0,1300,175600,5,108.8,136,13900,130,21300,220000000,220000000,220000000,0,0,0,0,0
2021-01-08,AIMS,Akbar Indo Makmur Stimec Tbk,--U-213000000091--------------,137.0,0.0,136.0,132.0,136.0,-1.0,300,40000,2,108.8,136,1400,133,10000,220000000,220000000,220000000,0,0,0,0,0
2021-01-07,AIMS,Akbar Indo Makmur Stimec Tbk,--U-213000000091--------------,139.0,0.0,139.0,132.0,137.0,-2.0,9800,1295800,22,109.6,137,4900,132,5800,220000000,220000000,220000000,0,0,0,0,0
2021-01-06,AIMS,Akbar Indo Makmur Stimec Tbk,--U-213000000091--------------,139.0,0.0,159.0,139.0,139.0,0.0,4100,577700,16,111.2,139,1700,134,1000,220000000,220000000,220000000,0,0,0,0,0
2021-01-05,AIMS,Akbar Indo Makmur Stimec Tbk,--U-213000000091--------------,149.0,0.0,159.0,139.0,139.0,-10.0,30800,4342400,37,111.2,139,2400,0,0,220000000,220000000,220000000,0,0,0,0,0
2021-01-04,AIMS,Akbar Indo Makmur Stimec Tbk,--U-213000000091--------------,148.0,0.0,158.0,140.0,149.0,1.0,1100,164300,9,119.2,148,6300,140,1000,220000000,220000000,220000000,0,0,0,0,0
2020-12-30,AIMS,Akbar Indo Makmur Stimec Tbk,--U-213000000091--------------,148.0,0.0,148.0,138.0,148.0,0.0,12000,1662000,8,118.4,147,9100,0,0,220000000,220000000,220000000,0,0,0,0,0
2020-12-29,AIMS,Akbar Indo Makmur Stimec Tbk,--U-213000000091--------------,159.0,0.0,159.0,148.0,148.0,-11.0,19200,2884300,29,118.4,148,48600,0,0,220000000,220000000,220000000,0,0,0,0,0
2020-12-28,AIMS,Akbar Indo Makmur Stimec Tbk,--U-213000000091--------------,133.0,0.0,168.0,133.0,159.0,26.0,28700,4497300,25,127.2,144,50700,138,5000,220000000,220000000,220000000,0,0,14004800,1400480000,5
2020-12-23,AIMS,Akbar Indo Makmur Stimec Tbk,--U-213000000091--------------,132.0,0.0,143.0,132.0,133.0,1.0,48400,6805900,18,106.4,140,51900,133,4500,220000000,220000000,220000000,0,0,0,0,0
2020-12-22,AIMS,Akbar Indo Makmur Stimec Tbk,--U-213000000091--------------,128.0,0.0,132.0,130.0,132.0,4.0,23500,3059000,9,105.6,146,200,132,11800,220000000,220000000,220000000,0,0,0,0,0
2020-12-21,AIMS,Akbar Indo Makmur Stimec Tbk,--U-213000000091--------------,136.0,0.0,136.0,128.0,128.0,-8.0,14200,1926400,17,102.4,136,21300,128,17200,220000000,220000000,220000000,0,0,0,0,0
2020-12-18,AIMS,Akbar Indo Makmur Stimec Tbk,--U-213000000091--------------,144.0,0.0,143.0,134.0,136.0,-8.0,600,84200,5,108.8,143,600,138,7900,220000000,220000000,220000000,0,0,0,0,0
2020-12-17,AIMS,Akbar Indo Makmur Stimec Tbk,--U-213000000091--------------,142.0,0.0,145.0,134.0,144.0,2.0,11200,1584900,14,115.2,144,33500,143,2000,220000000,220000000,220000000,0,0,0,0,0
2020-12-16,AIMS,Akbar Indo Makmur Stimec Tbk,--U-213000000091--------------,144.0,0.0,142.0,136.0,142.0,-2.0,4700,666800,6,113.6,142,2700,136,8100,220000000,220000000,220000000,0,0,0,0,0
2020-12-15,AIMS,Akbar Indo Makmur Stimec Tbk,--U-213000000091--------------,133.0,0.0,144.0,124.0,144.0,11.0,6900,966300,12,115.2,145,1900,144,600,220000000,220000000,220000000,0,0,0,0,0
2020-12-14,AIMS,Akbar Indo Makmur Stimec Tbk,--U-213000000091--------------,139.0,0.0,139.0,130.0,133.0,-6.0,10100,1342200,10,106.4,148,1900,134,12100,220000000,220000000,220000000,0,0,0,0,0
2020-12-11,AIMS,Akbar Indo Makmur Stimec Tbk,--U-213000000091--------------,149.0,0.0,149.0,139.0,139.0,-10.0,6500,930900,9,111.2,144,86100,139,700,220000000,220000000,220000000,0,0,0,0,0
2020-12-10,AIMS,Akbar Indo Makmur Stimec Tbk,--U-213000000091--------------,136.0,0.0,150.0,137.0,149.0,13.0,22500,3100800,10,119.2,148,6100,137,21600,220000000,220000000,220000000,0,0,0,0,0
2020-12-08,AIMS,Akbar Indo Makmur Stimec Tbk,--U-213000000091--------------,143.0,0.0,143.0,134.0,136.0,-7.0,10800,1498800,12,108.8,144,87500,136,6000,220000000,220000000,220000000,0,0,0,0,0
2020-12-07,AIMS,Akbar Indo Makmur Stimec Tbk,--U-213000000091--------------,152.0,0.0,152.0,143.0,143.0,-9.0,7800,1118100,7,114.4,152,39400,143,303700,220000000,220000000,220000000,0,0,0,0,0
2020-12-04,AIMS,Akbar Indo Makmur Stimec Tbk,--U-213000000091--------------,155.0,0.0,155.0,145.0,152.0,-3.0,4000,600100,8,121.6,152,500,145,3500,220000000,220000000,220000000,0,0,0,0,0
2020-12-03,AIMS,Akbar Indo Makmur Stimec Tbk,--U-213000000091--------------,155.0,0.0,155.0,155.0,155.0,0.0,600,93000,3,124.0,155,40800,153,2500,220000000,220000000,220000000,0,0,0,0,0
2020-12-02,AIMS,Akbar Indo Makmur Stimec Tbk,--U-213000000091--------------,155.0,0.0,155.0,155.0,155.0,0.0,500,77500,3,124.0,155,2400,150,8000,220000000,220000000,220000000,0,0,0,0,0
2020-12-01,AIMS,Akbar Indo Makmur Stimec Tbk,--U-213000000091--------------,154.0,0.0,155.0,144.0,155.0,1.0,6800,1052800,7,124.0,155,2000,144,21400,220000000,220000000,220000000,0,0,0,0,0
2020-11-30,AIMS,Akbar Indo Makmur Stimec Tbk,--U-210000000091--------------,153.0,0.0,154.0,150.0,154.0,1.0,63700,9808700,28,123.2,155,8500,154,8000,220000000,220000000,220000000,0,0,0,0,0
2020-11-27,AIMS,Akbar Indo Makmur Stimec Tbk,--U-210000000091--------------,123.0,0.0,153.0,120.0,153.0,30.0,6900,890000,35,122.4,153,24400,125,3100,220000000,220000000,220000000,0,0,0,0,0
2020-11-26,AIMS,Akbar Indo Makmur Stimec Tbk,--U-210000000091--------------,131.0,0.0,129.0,122.0,123.0,-8.0,1800,228400,5,98.4,135,100,124,5900,220000000,220000000,220000000,0,0,0,0,0
2020-11-25,AIMS,Akbar Indo Makmur Stimec Tbk,--U-210000000091--------------,135.0,0.0,140.0,127.0,131.0,-4.0,33700,4708400,21,104.8,132,100,131,9800,220000000,220000000,220000000,0,0,0,0,0
2020-11-24,AIMS,Akbar Indo Makmur Stimec Tbk,--U-210000000091--------------,145.0,0.0,158.0,135.0,135.0,-10.0,13200,1912100,18,108.0,136,100,135,4200,220000000,220000000,220000000,0,0,0,0,0
2020-11-23,AIMS,Akbar Indo Makmur Stimec Tbk,--U-210000000091--------------,144.0,0.0,155.0,139.0,145.0,1.0,4300,621400,17,116.0,145,1000,139,1500,220000000,220000000,220000000,0,0,0,0,0
2020-11-20,AIMS,Akbar Indo Makmur Stimec Tbk,--U-210000000091--------------,144.0,0.0,154.0,144.0,144.0,0.0,4100,591400,4,115.2,158,20000,139,1000,220000000,220000000,220000000,0,0,0,0,0
2020-11-19,AIMS,Akbar Indo Makmur Stimec Tbk,--U-210000000091--------------,142.0,0.0,144.0,142.0,144.0,2.0,500,71600,4,115.2,144,4300,142,1300,220000000,220000000,220000000,0,0,0,0,0
2020-11-18,AIMS,Akbar Indo Makmur Stimec Tbk,--U-210000000091--------------,149.0,0.0,193.0,142.0,142.0,-7.0,48400,7068100,41,113.6,144,43200,142,1300,220000000,220000000,220000000,0,0,0,0,0
2020-11-17,AIMS,Akbar Indo Makmur Stimec Tbk,--U-210000000091--------------,130.0,0.0,150.0,130.0,149.0,19.0,4600,642200,8,119.2,149,2000,131,200,220000000,220000000,220000000,0,0,0,0,0
2020-11-16,AIMS,Akbar Indo Makmur Stimec Tbk,--U-210000000091--------------,130.0,0.0,130.0,130.0,130.0,0.0,700,91000,4,104.0,150,57000,130,7700,220000000,220000000,220000000,0,0,0,0,0
2020-11-13,AIMS,Akbar Indo Makmur Stimec Tbk,--U-210000000091--------------,136.0,0.0,130.0,128.0,130.0,-6.0,1400,181100,4,104.0,130,100,129,10200,220000000,220000000,220000000,0,0,0,0,0
2020-11-12,AIMS,Akbar Indo Makmur Stimec Tbk,--U-210000000091--------------,145.0,0.0,145.0,135.0,136.0,-9.0,1400,197500,7,108.8,136,700,135,19900,220000000,220000000,220000000,0,0,0,0,0
2020-11-11,AIMS,Akbar Indo Makmur Stimec Tbk,--U-210000000091--------------,155.0,0.0,155.0,145.0,145.0,-10.0,21400,3112900,8,116.0,145,2300,0,0,220000000,220000000,220000000,0,0,0,0,0
2020-11-10,AIMS,Akbar Indo Makmur Stimec Tbk,--U-210000000091--------------,120.0,0.0,156.0,120.0,155.0,35.0,8100,996100,14,124.0,155,3700,154,200,220000000,220000000,220000000,0,0,0,0,0
2020-11-09,AIMS,Akbar Indo Makmur Stimec Tbk,--U-210000000091--------------,118.0,0.0,159.0,113.0,120.0,2.0,29500,4360900,22,96.0,121,100,120,72800,220000000,220000000,220000000,0,0,0,0,0
2020-11-06,AIMS,Akbar Indo Makmur Stimec Tbk,--U-210000000091--------------,125.0,0.0,164.0,117.0,118.0,-7.0,12900,1851500,32,94.4,148,100,118,30300,220000000,220000000,220000000,0,0,0,0,0
2020-11-05,AIMS,Akbar Indo Makmur Stimec Tbk,--U-210000000091--------------,113.0,0.0,126.0,111.0,125.0,12.0,2400,282800,7,100.0,127,127600,125,6200,220000000,220000000,220000000,0,0,0,0,0
2020-11-04,AIMS,Akbar Indo Makmur Stimec Tbk,--U-210000000091--------------,119.0,0.0,113.0,113.0,113.0,-6.0,100,11300,1,90.4,130,3000,115,20000,220000000,220000000,220000000,0,0,0,0,0
2020-11-03,AIMS,Akbar Indo Makmur Stimec Tbk,--U-210000000091--------------,126.0,0.0,119.0,119.0,119.0,-7.0,200,23800,2,95.2,143,100,121,11000,220000000,220000000,220000000,0,0,0,0,0
2020-11-02,AIMS,Akbar Indo Makmur Stimec Tbk,--U-210000000091--------------,131.0,0.0,126.0,122.0,126.0,-5.0,600,74300,4,100.8,150,100,136,500,220000000,220000000,220000000,0,0,0,0,0
2020-10-27,AIMS,Akbar Indo Makmur Stimec Tbk,--U-210000000091--------------,113.0,0.0,131.0,115.0,131.0,18.0,200,24600,2,104.8,145,100,131,2300,220000000,220000000,220000000,0,0,0,0,0
2020-10-26,AIMS,Akbar Indo Makmur Stimec Tbk,--U-210000000091--------------,120.0,0.0,113.0,113.0,113.0,-7.0,400,45200,3,90.4,131,100,116,11100,220000000,220000000,220000000,0,0,0,0,0
2020-10-23,AIMS,Akbar Indo Makmur Stimec Tbk,--U-210000000091--------------,129.0,0.0,126.0,120.0,120.0,-9.0,200,24600,2,96.0,142,1100,126,100,220000000,220000000,220000000,0,0,0,0,0
2020-10-22,AIMS,Akbar Indo Makmur Stimec Tbk,--U-210000000091--------------,137.0,0.0,129.0,129.0,129.0,-8.0,100,12900,1,103.2,165,100,130,5200,220000000,220000000,220000000,0,0,0,0,0
2020-10-21,AIMS,Akbar Indo Makmur Stimec Tbk,--U-210000000091--------------,137.0,0.0,0.0,0.0,137.0,0.0,0,0,0,109.6,129,100,128,5500,220000000,220000000,220000000,0,0,0,0,0
2020-10-20,AIMS,Akbar Indo Makmur Stimec Tbk,--U-210000000091--------------,145.0,0.0,137.0,136.0,137.0,-8.0,500,68400,3,109.6,165,100,137,300,220000000,220000000,220000000,0,0,0,0,0
2020-10-19,AIMS,Akbar Indo Makmur Stimec Tbk,--U-210000000091--------------,146.0,0.0,145.0,136.0,145.0,-1.0,3500,477200,6,116.0,166,100,139,100,220000000,220000000,220000000,0,0,0,0,0
2020-10-16,AIMS,Akbar Indo Makmur Stimec Tbk,--U-210000000091--------------,155.0,0.0,155.0,145.0,146.0,-9.0,1800,271500,5,116.8,164,100,146,1300,220000000,220000000,220000000,0,0,0,0,0
2020-10-15,AIMS,Akbar Indo Makmur Stimec Tbk,--U-210000000091--------------,165.0,0.0,155.0,155.0,155.0,-10.0,800,124000,4,124.0,155,1300,0,0,220000000,220000000,220000000,0,0,0,0,0
2020-10-14,AIMS,Akbar Indo Makmur Stimec Tbk,--U-210000000091--------------,173.0,0.0,169.0,161.0,165.0,-8.0,1300,214400,10,132.0,165,3800,0,0,220000000,220000000,220000000,0,0,0,0,0
2020-10-13,AIMS,Akbar Indo Makmur Stimec Tbk,--U-210000000091--------------,176.0,0.0,176.0,165.0,173.0,-3.0,14800,2468800,24,138.4,165,11100,0,0,220000000,220000000,220000000,0,0,0,0,0
2020-10-12,AIMS,Akbar Indo Makmur Stimec Tbk,--U-210000000091--------------,142.0,0.0,190.0,134.0,176.0,34.0,23500,3589600,41,140.8,160,2100,134,9000,220000000,220000000,220000000,0,0,0,0,0
2020-10-09,AIMS,Akbar Indo Makmur Stimec Tbk,--U-210000000091--------------,152.0,0.0,142.0,142.0,142.0,-10.0,300,42600,2,113.6,152,200,142,4700,220000000,220000000,220000000,0,0,0,0,0
2020-10-08,AIMS,Akbar Indo Makmur Stimec Tbk,--U-210000000091--------------,152.0,0.0,152.0,152.0,152.0,0.0,100,15200,1,121.6,152,800,0,0,220000000,220000000,220000000,0,0,0,0,0
2020-10-07,AIMS,Akbar Indo Makmur Stimec Tbk,--U-210000000091--------------,145.0,0.0,152.0,135.0,152.0,7.0,300,42900,3,121.6,168,10000,142,1000,220000000,220000000,220000000,0,0,0,0,0
2020-10-06,AIMS,Akbar Indo Makmur Stimec Tbk,--U-210000000091--------------,155.0,0.0,155.0,145.0,145.0,-10.0,31400,4674900,12,116.0,155,32100,145,800,220000000,220000000,220000000,0,0,0,0,0
2020-10-05,AIMS,Akbar Indo Makmur Stimec Tbk,--U-210000000091--------------,154.0,0.0,163.0,154.0,155.0,1.0,4600,711600,6,124.0,155,20700,154,28100,220000000,220000000,220000000,0,0,0,0,0
2020-10-02,AIMS,Akbar Indo Makmur Stimec Tbk,--U-210000000091--------------,139.0,0.0,157.0,147.0,154.0,15.0,3300,510400,11,123.2,154,1600,140,1900,220000000,220000000,220000000,0,0,0,0,0
2020-10-01,AIMS,Akbar Indo Makmur Stimec Tbk,--U-210000000091--------------,149.0,0.0,149.0,139.0,139.0,-10.0,1500,211100,9,111.2,139,900,0,0,220000000,220000000,220000000,0,0,0,0,0
2020-09-30,AIMS,Akbar Indo Makmur Stimec Tbk,--U-210000000091--------------,160.0,0.0,160.0,149.0,149.0,-11.0,6200,971800,6,119.2,149,11300,0,0,220000000,220000000,220000000,0,0,0,0,0
2020-09-29,AIMS,Akbar Indo Makmur Stimec Tbk,--U-210000000091--------------,132.0,0.0,176.0,160.0,160.0,28.0,5500,913000,19,128.0,164,100,160,11900,220000000,220000000,220000000,0,0,0,0,0
2020-09-28,AIMS,Akbar Indo Makmur Stimec Tbk,--U-210000000091--------------,135.0,0.0,132.0,126.0,132.0,-3.0,4500,567600,8,105.6,130,5000,126,200,220000000,220000000,220000000,0,0,0,0,0
2020-09-25,AIMS,Akbar Indo Makmur Stimec Tbk,--U-210000000091--------------,145.0,0.0,135.0,135.0,135.0,-10.0,1100,148500,4,108.0,145,1400,0,0,220000000,220000000,220000000,0,0,0,0,0
2020-09-24,AIMS,Akbar Indo Makmur Stimec Tbk,--U-210000000091--------------,149.0,0.0,145.0,139.0,145.0,-4.0,200,28400,2,116.0,144,10000,139,200,220000000,220000000,220000000,0,0,0,0,0
2020-09-23,AIMS,Akbar Indo Makmur Stimec Tbk,--U-210000000091--------------,159.0,0.0,149.0,149.0,149.0,-10.0,100,14900,1,119.2,149,6700,0,0,220000000,220000000,220000000,0,0,0,0,0
2020-09-22,AIMS,Akbar Indo Makmur Stimec Tbk,--U-210000000091--------------,159.0,0.0,0.0,0.0,159.0,0.0,0,0,0,127.2,149,1400,0,0,220000000,220000000,220000000,0,0,0,0,0
2020-09-21,AIMS,Akbar Indo Makmur Stimec Tbk,--U-210000000091--------------,170.0,0.0,168.0,159.0,159.0,-11.0,42100,6897600,12,127.2,160,3900,0,0,220000000,220000000,220000000,0,0,0,0,0
2020-09-18,AIMS,Akbar Indo Makmur Stimec Tbk,--U-210000000091--------------,141.0,0.0,179.0,132.0,170.0,29.0,13600,2148400,15,136.0,170,16200,142,100,220000000,220000000,220000000,0,0,0,0,0
2020-09-17,AIMS,Akbar Indo Makmur Stimec Tbk,--U-210000000091--------------,151.0,0.0,141.0,141.0,141.0,-10.0,200,28200,2,112.8,141,1400,0,0,220000000,220000000,220000000,0,0,0,0,0
2020-09-16,AIMS,Akbar Indo Makmur Stimec Tbk,--U-210000000091--------------,151.0,0.0,0.0,0.0,151.0,0.0,0,0,0,120.8,141,100,0,0,220000000,220000000,220000000,0,0,0,0,0
2020-09-15,AIMS,Akbar Indo Makmur Stimec Tbk,--U-210000000091--------------,151.0,0.0,0.0,0.0,151.0,0.0,0,0,0,120.8,141,100,0,0,220000000,220000000,220000000,0,0,0,0,0
2020-09-14,AIMS,Akbar Indo Makmur Stimec Tbk,--U-210000000091--------------,150.0,0.0,200.0,148.0,151.0,1.0,27600,4848900,31,120.8,170,2000,151,700,220000000,220000000,220000000,0,0,0,0,0
2020-09-11,AIMS,Akbar Indo Makmur Stimec Tbk,--U-210000000091--------------,126.0,0.0,170.0,120.0,150.0,24.0,25100,3221100,20,120.0,147,10000,118,1200,220000000,220000000,220000000,0,0,0,0,0
2020-09-10,AIMS,Akbar Indo Makmur Stimec Tbk,--U-210000000091--------------,135.0,0.0,126.0,126.0,126.0,-9.0,2000,252000,8,100.8,126,2500,0,0,220000000,220000000,220000000,0,0,0,0,0
2020-09-09,AIMS,Akbar Indo Makmur Stimec Tbk,--U-210000000091--------------,145.0,0.0,145.0,135.0,135.0,-10.0,700,99500,3,108.0,145,5200,135,600,220000000,220000000,220000000,0,0,0,0,0
2020-09-08,AIMS,Akbar Indo Makmur Stimec Tbk,--U-210000000091--------------,155.0,0.0,145.0,145.0,145.0,-10.0,200,29000,2,116.0,152,1900,145,2400,220000000,220000000,220000000,0,0,0,0,0
2020-09-07,AIMS,Akbar Indo Makmur Stimec Tbk,--U-210000000091--------------,155.0,0.0,155.0,145.0,155.0,0.0,600,88100,3,124.0,155,77300,146,100,220000000,220000000,220000000,0,0,0,0,0
2020-09-04,AIMS,Akbar Indo Makmur Stimec Tbk,--U-210000000091--------------,156.0,0.0,156.0,155.0,155.0,-1.0,500,77900,2,124.0,155,4400,0,0,220000000,220000000,220000000,0,0,0,0,0
2020-09-03,AIMS,Akbar Indo Makmur Stimec Tbk,--U-210000000091--------------,156.0,0.0,0.0,0.0,156.0,0.0,0,0,0,124.8,152,5000,0,0,220000000,220000000,220000000,0,0,0,0,0
2020-09-02,AIMS,Akbar Indo Makmur Stimec Tbk,--U-210000000091--------------,155.0,0.0,157.0,146.0,156.0,1.0,4400,685500,6,124.8,160,100,145,100,220000000,220000000,220000000,0,0,0,0,0
2020-09-01,AIMS,Akbar Indo Makmur Stimec Tbk,--U-210000000091--------------,155.0,0.0,0.0,0.0,155.0,0.0,0,0,0,124.0,150,128900,145,100,220000000,220000000,220000000,0,0,0,0,0
2020-08-31,AIMS,Akbar Indo Makmur Stimec Tbk,--U-210000000091--------------,155.0,0.0,156.0,155.0,155.0,0.0,50200,7781100,14,124.0,155,56000,145,100,220000000,220000000,220000000,0,0,0,0,0
2020-08-28,AIMS,Akbar Indo Makmur Stimec Tbk,--U-210000000091--------------,157.0,0.0,156.0,155.0,155.0,-2.0,2000,310100,2,124.0,156,3500,155,23100,220000000,220000000,220000000,0,0,0,0,0
2020-08-27,AIMS,Akbar Indo Makmur Stimec Tbk,--U-210000000091--------------,168.0,0.0,168.0,157.0,157.0,-11.0,3200,534500,6,125.6,157,1900,0,0,220000000,220000000,220000000,0,0,0,0,0
2020-08-26,AIMS,Akbar Indo Makmur Stimec Tbk,--U-210000000091--------------,168.0,0.0,168.0,168.0,168.0,0.0,400,67200,3,134.4,167,900,157,100,220000000,220000000,220000000,0,0,0,0,0
2020-08-25,AIMS,Akbar Indo Makmur Stimec Tbk,--U-210000000091--------------,169.0,0.0,179.0,168.0,168.0,-1.0,13800,2343100,9,134.4,168,9300,158,100,220000000,220000000,220000000,0,0,0,0,0
2020-08-24,AIMS,Akbar Indo Makmur Stimec Tbk,--U-210000000091--------------,181.0,0.0,178.0,169.0,169.0,-12.0,11700,1988300,9,135.2,169,31900,0,0,220000000,220000000,220000000,0,0,0,0,0
2020-08-19,AIMS,Akbar Indo Makmur Stimec Tbk,--U-210000000091--------------,194.0,0.0,240.0,181.0,181.0,-13.0,28100,6160000,34,144.8,181,3800,0,0,220000000,220000000,220000000,0,0,0,0,0
2020-08-18,AIMS,Akbar Indo Makmur Stimec Tbk,--U-210000000091--------------,172.0,0.0,228.0,161.0,194.0,22.0,16500,2982000,19,155.2,194,10700,160,200,220000000,220000000,220000000,0,0,0,0,0
2020-08-14,AIMS,Akbar Indo Makmur Stimec Tbk,--U-210000000091--------------,180.0,0.0,242.0,169.0,172.0,-8.0,29100,6168000,39,137.6,172,2500,169,1200,220000000,220000000,220000000,0,0,0,0,0
2020-08-13,AIMS,Akbar Indo Makmur Stimec Tbk,--U-210000000091--------------,180.0,0.0,0.0,0.0,180.0,0.0,0,0,0,144.0,180,1300,0,0,220000000,220000000,220000000,0,0,0,0,0
2020-08-12,AIMS,Akbar Indo Makmur Stimec Tbk,--U-210000000091--------------,180.0,0.0,0.0,0.0,180.0,0.0,0,0,0,144.0,0,0,0,0,220000000,220000000,220000000,0,0,0,0,0
2020-08-11,AIMS,Akbar Indo Makmur Stimec Tbk,--U-210000000091--------------,180.0,0.0,0.0,0.0,180.0,0.0,0,0,0,144.0,0,0,0,0,220000000,220000000,220000000,0,0,0,0,0
2020-08-10,AIMS,Akbar Indo Makmur Stimec Tbk,--U-210000000091--------------,180.0,0.0,0.0,0.0,180.0,0.0,0,0,0,144.0,0,0,0,0,220000000,220000000,220000000,0,0,0,0,0
2020-08-07,AIMS,Akbar Indo Makmur Stimec Tbk,--U-210000000091--------------,180.0,0.0,0.0,0.0,180.0,0.0,0,0,0,144.0,0,0,0,0,220000000,220000000,220000000,0,0,0,0,0
2020-08-06,AIMS,Akbar Indo Makmur Stimec Tbk,--U-210000000091--------------,180.0,0.0,0.0,0.0,180.0,0.0,0,0,0,144.0,0,0,0,0,220000000,220000000,220000000,0,0,0,0,0
2020-08-05,AIMS,Akbar Indo Makmur Stimec Tbk,--U-210000000091--------------,180.0,0.0,0.0,0.0,180.0,0.0,0,0,0,144.0,0,0,0,0,220000000,220000000,220000000,0,0,0,0,0
2020-08-04,AIMS,Akbar Indo Makmur Stimec Tbk,--U-210000000091------S-------,180.0,0.0,0.0,0.0,180.0,0.0,0,0,0,144.0,0,0,0,0,220000000,220000000,220000000,0,0,0,0,0
2020-08-03,AIMS,Akbar Indo Makmur Stimec Tbk,--U-210000000091------S-------,180.0,0.0,0.0,0.0,180.0,0.0,0,0,0,144.0,0,0,0,0,220000000,220000000,220000000,0,0,0,0,0
2020-07-30,AIMS,Akbar Indo Makmur Stimec Tbk,--U-210000000091------S-------,180.0,0.0,0.0,0.0,180.0,0.0,0,0,0,144.0,0,0,0,0,220000000,220000000,220000000,0,0,0,0,0
2020-07-29,AIMS,Akbar Indo Makmur Stimec Tbk,--U-210000000091------S-------,180.0,0.0,0.0,0.0,180.0,0.0,0,0,0,144.0,0,0,0,0,220000000,220000000,220000000,0,0,0,0,0
2020-07-28,AIMS,Akbar Indo Makmur Stimec Tbk,--U-210000000091------S-------,180.0,0.0,0.0,0.0,180.0,0.0,0,0,0,144.0,0,0,0,0,220000000,220000000,220000000,0,0,0,0,0
2020-07-27,AIMS,Akbar Indo Makmur Stimec Tbk,--U-210000000091------S-------,180.0,0.0,0.0,0.0,180.0,0.0,0,0,0,144.0,0,0,0,0,220000000,220000000,220000000,0,0,0,0,0
2020-07-24,AIMS,Akbar Indo Makmur Stimec Tbk,--U-210000000091------S-------,180.0,0.0,0.0,0.0,180.0,0.0,0,0,0,144.0,0,0,0,0,220000000,220000000,220000000,0,0,0,0,0
2020-07-23,AIMS,Akbar Indo Makmur Stimec Tbk,--U-210000000091------S-------,180.0,0.0,0.0,0.0,180.0,0.0,0,0,0,144.0,0,0,0,0,220000000,220000000,220000000,0,0,0,0,0
2020-07-22,AIMS,Akbar Indo Makmur Stimec Tbk,--U-210000000091------S-------,180.0,0.0,0.0,0.0,180.0,0.0,0,0,0,144.0,0,0,0,0,220000000,220000000,220000000,0,0,0,0,0
2020-07-21,AIMS,Akbar Indo Makmur Stimec Tbk,--U-210000000091------S-------,180.0,0.0,0.0,0.0,180.0,0.0,0,0,0,144.0,0,0,0,0,220000000,220000000,220000000,0,0,0,0,0
2020-07-20,AIMS,Akbar Indo Makmur Stimec Tbk,--U-210000000091------S-------,180.0,0.0,0.0,0.0,180.0,0.0,0,0,0,144.0,0,0,0,0,220000000,220000000,220000000,0,0,0,0,0
2020-07-17,AIMS,Akbar Indo Makmur Stimec Tbk,--U-210000000091------S-------,180.0,0.0,0.0,0.0,180.0,0.0,0,0,0,144.0,0,0,0,0,220000000,220000000,220000000,0,0,0,0,0
2020-07-16,AIMS,Akbar Indo Makmur Stimec Tbk,--U-210000000091------S-------,180.0,0.0,0.0,0.0,180.0,0.0,0,0,0,144.0,0,0,0,0,220000000,220000000,220000000,0,0,0,0,0
2020-07-15,AIMS,Akbar Indo Makmur Stimec Tbk,--U-210000000091------S-------,180.0,0.0,0.0,0.0,180.0,0.0,0,0,0,144.0,0,0,0,0,220000000,220000000,220000000,0,0,0,0,0
2020-07-14,AIMS,Akbar Indo Makmur Stimec Tbk,--U-210000000091------S-------,180.0,0.0,0.0,0.0,180.0,0.0,0,0,0,144.0,0,0,0,0,220000000,220000000,220000000,0,0,0,0,0
2020-07-13,AIMS,Akbar Indo Makmur Stimec Tbk,--U-210000000091------S-------,180.0,0.0,0.0,0.0,180.0,0.0,0,0,0,144.0,0,0,0,0,220000000,220000000,220000000,0,0,0,0,0
2020-07-10,AIMS,Akbar Indo Makmur Stimec Tbk,--U-210000000091------S-------,180.0,0.0,0.0,0.0,180.0,0.0,0,0,0,144.0,0,0,0,0,220000000,220000000,220000000,0,0,0,0,0
2020-07-09,AIMS,Akbar Indo Makmur Stimec Tbk,--U-210000000091------S-------,180.0,0.0,0.0,0.0,180.0,0.0,0,0,0,144.0,0,0,0,0,220000000,220000000,220000000,0,0,0,0,0
2020-07-08,AIMS,Akbar Indo Makmur Stimec Tbk,--U-210000000091------S-------,180.0,0.0,0.0,0.0,180.0,0.0,0,0,0,144.0,0,0,0,0,220000000,220000000,220000000,0,0,0,0,0
2020-07-07,AIMS,Akbar Indo Makmur Stimec Tbk,--U-210000000091------S-------,180.0,0.0,0.0,0.0,180.0,0.0,0,0,0,144.0,0,0,0,0,220000000,220000000,220000000,0,0,0,0,0
2020-07-06,AIMS,Akbar Indo Makmur Stimec Tbk,--U-210000000091------S-------,180.0,0.0,0.0,0.0,180.0,0.0,0,0,0,144.0,0,0,0,0,220000000,220000000,220000000,0,0,0,0,0
2020-07-03,AIMS,Akbar Indo Makmur Stimec Tbk,--U9---2,180.0,0.0,0.0,0.0,180.0,0.0,0,0,0,144.0,0,0,0,0,220000000,220000000,220000000,0,0,0,0,0
2020-07-02,AIMS,Akbar Indo Makmur Stimec Tbk,--U9---2,180.0,0.0,0.0,0.0,180.0,0.0,0,0,0,144.0,0,0,0,0,220000000,220000000,220000000,0,0,0,0,0
2020-07-01,AIMS,Akbar Indo Makmur Stimec Tbk,--U9---2,180.0,0.0,0.0,0.0,180.0,0.0,0,0,0,144.0,0,0,0,0,220000000,220000000,220000000,0,0,0,0,0
2020-06-30,AIMS,Akbar Indo Makmur Stimec Tbk,--U9---2,180.0,0.0,0.0,0.0,180.0,0.0,0,0,0,144.0,0,0,0,0,220000000,220000000,220000000,0,0,0,0,0
2020-06-29,AIMS,Akbar Indo Makmur Stimec Tbk,--U9---2,180.0,0.0,0.0,0.0,180.0,0.0,0,0,0,144.0,0,0,0,0,220000000,220000000,220000000,0,0,0,0,0
2020-06-26,AIMS,Akbar Indo Makmur Stimec Tbk,--U9---2,180.0,0.0,0.0,0.0,180.0,0.0,0,0,0,144.0,0,0,0,0,220000000,220000000,220000000,0,0,0,0,0
2020-06-25,AIMS,Akbar Indo Makmur Stimec Tbk,--U9---2,180.0,0.0,0.0,0.0,180.0,0.0,0,0,0,144.0,0,0,0,0,220000000,220000000,220000000,0,0,0,0,0
2020-06-24,AIMS,Akbar Indo Makmur Stimec Tbk,--U9---2,180.0,0.0,0.0,0.0,180.0,0.0,0,0,0,144.0,0,0,0,0,220000000,220000000,220000000,0,0,0,0,0
2020-06-23,AIMS,Akbar Indo Makmur Stimec Tbk,--U9---2,180.0,0.0,0.0,0.0,180.0,0.0,0,0,0,144.0,0,0,0,0,220000000,220000000,220000000,0,0,0,0,0
2020-06-22,AIMS,Akbar Indo Makmur Stimec Tbk,--U9---2,180.0,0.0,0.0,0.0,180.0,0.0,0,0,0,144.0,0,0,0,0,220000000,220000000,220000000,0,0,0,0,0
2020-06-19,AIMS,Akbar Indo Makmur Stimec Tbk,--U9---2,180.0,0.0,0.0,0.0,180.0,0.0,0,0,0,144.0,0,0,0,0,220000000,220000000,220000000,0,0,0,0,0
2020-06-18,AIMS,Akbar Indo Makmur Stimec Tbk,--U9---2,180.0,0.0,0.0,0.0,180.0,0.0,0,0,0,144.0,0,0,0,0,220000000,220000000,220000000,0,0,0,0,0
2020-06-17,AIMS,Akbar Indo Makmur Stimec Tbk,--U9---2,180.0,0.0,0.0,0.0,180.0,0.0,0,0,0,144.0,0,0,0,0,220000000,220000000,220000000,0,0,0,0,0
2020-06-16,AIMS,Akbar Indo Makmur Stimec Tbk,--U9---2,180.0,0.0,0.0,0.0,180.0,0.0,0,0,0,144.0,0,0,0,0,220000000,220000000,220000000,0,0,0,0,0
2020-06-15,AIMS,Akbar Indo Makmur Stimec Tbk,--U9---2,180.0,0.0,0.0,0.0,180.0,0.0,0,0,0,144.0,0,0,0,0,220000000,220000000,220000000,0,0,0,0,0
2020-06-12,AIMS,Akbar Indo Makmur Stimec Tbk,--U9---2,180.0,0.0,0.0,0.0,180.0,0.0,0,0,0,144.0,0,0,0,0,220000000,220000000,220000000,0,0,0,0,0
2020-06-11,AIMS,Akbar Indo Makmur Stimec Tbk,--U9---2,180.0,0.0,0.0,0.0,180.0,0.0,0,0,0,144.0,0,0,0,0,220000000,220000000,220000000,0,0,0,0,0
2020-06-10,AIMS,Akbar Indo Makmur Stimec Tbk,--U9---2,180.0,0.0,0.0,0.0,180.0,0.0,0,0,0,144.0,0,0,0,0,220000000,220000000,220000000,0,0,0,0,0
2020-06-09,AIMS,Akbar Indo Makmur Stimec Tbk,--U9---2,180.0,0.0,0.0,0.0,180.0,0.0,0,0,0,144.0,0,0,0,0,220000000,220000000,220000000,0,0,0,0,0
2020-06-08,AIMS,Akbar Indo Makmur Stimec Tbk,--U9---2,180.0,0.0,0.0,0.0,180.0,0.0,0,0,0,144.0,0,0,0,0,220000000,220000000,220000000,0,0,0,0,0
2020-06-05,AIMS,Akbar Indo Makmur Stimec Tbk,--U9---2,180.0,0.0,0.0,0.0,180.0,0.0,0,0,0,144.0,0,0,0,0,220000000,220000000,220000000,0,0,0,0,0
2020-06-04,AIMS,Akbar Indo Makmur Stimec Tbk,--U9---2,180.0,0.0,0.0,0.0,180.0,0.0,0,0,0,144.0,0,0,0,0,220000000,220000000,220000000,0,0,0,0,0
2020-06-03,AIMS,Akbar Indo Makmur Stimec Tbk,--U9---2,180.0,0.0,0.0,0.0,180.0,0.0,0,0,0,144.0,0,0,0,0,220000000,220000000,220000000,0,0,0,0,0
2020-06-02,AIMS,Akbar Indo Makmur Stimec Tbk,--U9---2,180.0,0.0,0.0,0.0,180.0,0.0,0,0,0,144.0,0,0,0,0,220000000,220000000,220000000,0,0,0,0,0
2020-05-29,AIMS,Akbar Indo Makmur Stimec Tbk,--U9---2,180.0,0.0,0.0,0.0,180.0,0.0,0,0,0,144.0,0,0,0,0,220000000,220000000,220000000,0,0,0,0,0
2020-05-28,AIMS,Akbar Indo Makmur Stimec Tbk,--U9---2,180.0,0.0,0.0,0.0,180.0,0.0,0,0,0,144.0,0,0,0,0,220000000,220000000,220000000,0,0,0,0,0
2020-05-27,AIMS,Akbar Indo Makmur Stimec Tbk,--U9---2,180.0,0.0,0.0,0.0,180.0,0.0,0,0,0,144.0,0,0,0,0,220000000,220000000,220000000,0,0,0,0,0
2020-05-26,AIMS,Akbar Indo Makmur Stimec Tbk,--U9---2,180.0,0.0,0.0,0.0,180.0,0.0,0,0,0,144.0,0,0,0,0,220000000,220000000,220000000,0,0,0,0,0
2020-05-20,AIMS,Akbar Indo Makmur Stimec Tbk,--U9---2,180.0,0.0,0.0,0.0,180.0,0.0,0,0,0,144.0,0,0,0,0,220000000,220000000,220000000,0,0,0,0,0
2020-05-19,AIMS,Akbar Indo Makmur Stimec Tbk,--U9---2,180.0,0.0,0.0,0.0,180.0,0.0,0,0,0,144.0,0,0,0,0,220000000,220000000,220000000,0,0,0,0,0
2020-05-18,AIMS,Akbar Indo Makmur Stimec Tbk,--U9---2,180.0,0.0,0.0,0.0,180.0,0.0,0,0,0,144.0,0,0,0,0,220000000,220000000,220000000,0,0,0,0,0
2020-05-15,AIMS,Akbar Indo Makmur Stimec Tbk,--U9---2,180.0,0.0,0.0,0.0,180.0,0.0,0,0,0,144.0,0,0,0,0,220000000,220000000,220000000,0,0,0,0,0
2020-05-14,AIMS,Akbar Indo Makmur Stimec Tbk,--U9---2,180.0,0.0,0.0,0.0,180.0,0.0,0,0,0,144.0,0,0,0,0,220000000,220000000,220000000,0,0,0,0,0
2020-05-13,AIMS,Akbar Indo Makmur Stimec Tbk,--U9---2,180.0,0.0,0.0,0.0,180.0,0.0,0,0,0,144.0,0,0,0,0,220000000,220000000,220000000,0,0,0,0,0
2020-05-12,AIMS,Akbar Indo Makmur Stimec Tbk,--U9---2,180.0,0.0,0.0,0.0,180.0,0.0,0,0,0,144.0,0,0,0,0,220000000,220000000,220000000,0,0,0,0,0
2020-05-11,AIMS,Akbar Indo Makmur Stimec Tbk,--U9---2,180.0,0.0,0.0,0.0,180.0,0.0,0,0,0,144.0,0,0,0,0,220000000,220000000,220000000,0,0,0,0,0
2020-05-08,AIMS,Akbar Indo Makmur Stimec Tbk,--U9---2,180.0,0.0,0.0,0.0,180.0,0.0,0,0,0,144.0,0,0,0,0,220000000,220000000,220000000,0,0,0,0,0
2020-05-06,AIMS,Akbar Indo Makmur Stimec Tbk,--U9---2,180.0,0.0,0.0,0.0,180.0,0.0,0,0,0,144.0,0,0,0,0,220000000,220000000,220000000,0,0,0,0,0
2020-05-05,AIMS,Akbar Indo Makmur Stimec Tbk,--U9---2,180.0,0.0,0.0,0.0,180.0,0.0,0,0,0,144.0,0,0,0,0,220000000,220000000,220000000,0,0,0,0,0
2020-05-04,AIMS,Akbar Indo Makmur Stimec Tbk,--U9---2,180.0,0.0,0.0,0.0,180.0,0.0,0,0,0,144.0,0,0,0,0,220000000,220000000,220000000,0,0,0,0,0
2020-04-30,AIMS,Akbar Indo Makmur Stimec Tbk,--U9---2,180.0,0.0,0.0,0.0,180.0,0.0,0,0,0,144.0,0,0,0,0,220000000,220000000,220000000,0,0,0,0,0
2020-04-29,AIMS,Akbar Indo Makmur Stimec Tbk,--U9---2,180.0,0.0,0.0,0.0,180.0,0.0,0,0,0,144.0,0,0,0,0,220000000,220000000,220000000,0,0,0,0,0
2020-04-28,AIMS,Akbar Indo Makmur Stimec Tbk,--U9---2,180.0,0.0,0.0,0.0,180.0,0.0,0,0,0,144.0,0,0,0,0,220000000,220000000,220000000,0,0,0,0,0
2020-04-27,AIMS,Akbar Indo Makmur Stimec Tbk,--U9---2,180.0,0.0,0.0,0.0,180.0,0.0,0,0,0,144.0,0,0,0,0,220000000,220000000,220000000,0,0,0,0,0
2020-04-24,AIMS,Akbar Indo Makmur Stimec Tbk,--U9---2,180.0,0.0,0.0,0.0,180.0,0.0,0,0,0,144.0,0,0,0,0,220000000,220000000,220000000,0,0,0,0,0
2020-04-23,AIMS,Akbar Indo Makmur Stimec Tbk,--U9---2,180.0,0.0,0.0,0.0,180.0,0.0,0,0,0,144.0,0,0,0,0,220000000,220000000,220000000,0,0,0,0,0
2020-04-22,AIMS,Akbar Indo Makmur Stimec Tbk,--U9---2,180.0,0.0,0.0,0.0,180.0,0.0,0,0,0,144.0,0,0,0,0,220000000,220000000,220000000,0,0,0,0,0
2020-04-21,AIMS,Akbar Indo Makmur Stimec Tbk,--U9---2,180.0,0.0,0.0,0.0,180.0,0.0,0,0,0,144.0,0,0,0,0,220000000,220000000,220000000,0,0,0,0,0
2020-04-20,AIMS,Akbar Indo Makmur Stimec Tbk,--U9---2,180.0,0.0,0.0,0.0,180.0,0.0,0,0,0,144.0,0,0,0,0,220000000,220000000,220000000,0,0,0,0,0
2020-04-17,AIMS,Akbar Indo Makmur Stimec Tbk,--U9---2,180.0,0.0,0.0,0.0,180.0,0.0,0,0,0,144.0,0,0,0,0,220000000,220000000,220000000,0,0,0,0,0
2020-04-16,AIMS,Akbar Indo Makmur Stimec Tbk,--U9---2,180.0,0.0,0.0,0.0,180.0,0.0,0,0,0,144.0,0,0,0,0,220000000,220000000,220000000,0,0,0,0,0
2020-04-15,AIMS,Akbar Indo Makmur Stimec Tbk,--U9---2,180.0,0.0,0.0,0.0,180.0,0.0,0,0,0,144.0,0,0,0,0,220000000,220000000,220000000,0,0,0,0,0
2020-04-14,AIMS,Akbar Indo Makmur Stimec Tbk,--U9---2,180.0,0.0,0.0,0.0,180.0,0.0,0,0,0,144.0,0,0,0,0,220000000,220000000,220000000,0,0,0,0,0
2020-04-13,AIMS,Akbar Indo Makmur Stimec Tbk,--U9---2,180.0,0.0,0.0,0.0,180.0,0.0,0,0,0,144.0,0,0,0,0,220000000,220000000,220000000,0,0,0,0,0
2020-04-09,AIMS,Akbar Indo Makmur Stimec Tbk,--U9---2,180.0,0.0,0.0,0.0,180.0,0.0,0,0,0,144.0,0,0,0,0,220000000,220000000,220000000,0,0,0,0,0
2020-04-08,AIMS,Akbar Indo Makmur Stimec Tbk,--U9---2,180.0,0.0,0.0,0.0,180.0,0.0,0,0,0,144.0,0,0,0,0,220000000,220000000,220000000,0,0,0,0,0
2020-04-07,AIMS,Akbar Indo Makmur Stimec Tbk,--U9---2,180.0,0.0,0.0,0.0,180.0,0.0,0,0,0,144.0,0,0,0,0,220000000,220000000,220000000,0,0,0,0,0
2020-04-06,AIMS,Akbar Indo Makmur Stimec Tbk,--U9---2,180.0,0.0,0.0,0.0,180.0,0.0,0,0,0,144.0,0,0,0,0,220000000,220000000,220000000,0,0,0,0,0
2020-04-03,AIMS,Akbar Indo Makmur Stimec Tbk,--U9---2,180.0,0.0,0.0,0.0,180.0,0.0,0,0,0,144.0,0,0,0,0,220000000,220000000,220000000,0,0,0,0,0
2020-04-02,AIMS,Akbar Indo Makmur Stimec Tbk,--U9---2,180.0,0.0,0.0,0.0,180.0,0.0,0,0,0,144.0,0,0,0,0,220000000,220000000,220000000,0,0,0,0,0
2020-04-01,AIMS,Akbar Indo Makmur Stimec Tbk,--U9---2,180.0,0.0,0.0,0.0,180.0,0.0,0,0,0,144.0,0,0,0,0,220000000,220000000,220000000,0,0,0,0,0
2020-03-31,AIMS,Akbar Indo Makmur Stimec Tbk,--U9---2,180.0,0.0,0.0,0.0,180.0,0.0,0,0,0,144.0,0,0,0,0,220000000,220000000,220000000,0,0,0,0,0
2020-03-30,AIMS,Akbar Indo Makmur Stimec Tbk,--U9---2,180.0,0.0,0.0,0.0,180.0,0.0,0,0,0,144.0,0,0,0,0,220000000,220000000,220000000,0,0,0,0,0
2020-03-27,AIMS,Akbar Indo Makmur Stimec Tbk,--U9---2,180.0,0.0,0.0,0.0,180.0,0.0,0,0,0,144.0,0,0,0,0,220000000,220000000,220000000,0,0,0,0,0
2020-03-26,AIMS,Akbar Indo Makmur Stimec Tbk,--U9---2,180.0,0.0,0.0,0.0,180.0,0.0,0,0,0,144.0,0,0,0,0,220000000,220000000,220000000,0,0,0,0,0
2020-03-24,AIMS,Akbar Indo Makmur Stimec Tbk,--U9---2,180.0,0.0,0.0,0.0,180.0,0.0,0,0,0,144.0,0,0,0,0,220000000,220000000,220000000,0,0,0,0,0
2020-03-23,AIMS,Akbar Indo Makmur Stimec Tbk,--U9---2,180.0,0.0,0.0,0.0,180.0,0.0,0,0,0,144.0,0,0,0,0,220000000,220000000,220000000,0,0,0,0,0
2020-03-20,AIMS,Akbar Indo Makmur Stimec Tbk,--U9---2,180.0,0.0,0.0,0.0,180.0,0.0,0,0,0,144.0,0,0,0,0,220000000,220000000,220000000,0,0,0,0,0
2020-03-19,AIMS,Akbar Indo Makmur Stimec Tbk,--U9---2,180.0,0.0,0.0,0.0,180.0,0.0,0,0,0,144.0,0,0,0,0,220000000,220000000,220000000,0,0,0,0,0
2020-03-18,AIMS,Akbar Indo Makmur Stimec Tbk,--U9---2,180.0,0.0,0.0,0.0,180.0,0.0,0,0,0,144.0,0,0,0,0,220000000,220000000,220000000,0,0,0,0,0
2020-03-17,AIMS,Akbar Indo Makmur Stimec Tbk,--U9---2,180.0,0.0,0.0,0.0,180.0,0.0,0,0,0,144.0,0,0,0,0,220000000,220000000,220000000,0,0,0,0,0
2020-03-16,AIMS,Akbar Indo Makmur Stimec Tbk,--U9---2,180.0,0.0,0.0,0.0,180.0,0.0,0,0,0,144.0,0,0,0,0,220000000,220000000,220000000,0,0,0,0,0
2020-03-13,AIMS,Akbar Indo Makmur Stimec Tbk,--U9---2,180.0,0.0,0.0,0.0,180.0,0.0,0,0,0,144.0,0,0,0,0,220000000,220000000,220000000,0,0,0,0,0
2020-03-12,AIMS,Akbar Indo Makmur Stimec Tbk,--U9---2,180.0,0.0,0.0,0.0,180.0,0.0,0,0,0,144.0,0,0,0,0,220000000,220000000,220000000,0,0,0,0,0
2020-03-11,AIMS,Akbar Indo Makmur Stimec Tbk,--U9---2,180.0,0.0,0.0,0.0,180.0,0.0,0,0,0,144.0,0,0,0,0,220000000,220000000,220000000,0,0,0,0,0
2020-03-10,AIMS,Akbar Indo Makmur Stimec Tbk,--U9---2,180.0,0.0,0.0,0.0,180.0,0.0,0,0,0,144.0,0,0,0,0,220000000,220000000,220000000,0,0,0,0,0
2020-03-09,AIMS,Akbar Indo Makmur Stimec Tbk,--U9---2,180.0,0.0,0.0,0.0,180.0,0.0,0,0,0,144.0,0,0,0,0,220000000,220000000,220000000,0,0,0,0,0
2020-03-06,AIMS,Akbar Indo Makmur Stimec Tbk,--U9---2,180.0,0.0,0.0,0.0,180.0,0.0,0,0,0,144.0,0,0,0,0,220000000,220000000,220000000,0,0,0,0,0
2020-03-05,AIMS,Akbar Indo Makmur Stimec Tbk,--U9---2,180.0,0.0,0.0,0.0,180.0,0.0,0,0,0,144.0,0,0,0,0,220000000,220000000,220000000,0,0,0,0,0
2020-03-04,AIMS,Akbar Indo Makmur Stimec Tbk,--U9---2,180.0,0.0,0.0,0.0,180.0,0.0,0,0,0,144.0,0,0,0,0,220000000,220000000,220000000,0,0,0,0,0
2020-03-03,AIMS,Akbar Indo Makmur Stimec Tbk,--U9---2,180.0,0.0,0.0,0.0,180.0,0.0,0,0,0,144.0,0,0,0,0,220000000,220000000,220000000,0,0,0,0,0
2020-03-02,AIMS,Akbar Indo Makmur Stimec Tbk,--U9---2,180.0,0.0,0.0,0.0,180.0,0.0,0,0,0,144.0,0,0,0,0,220000000,220000000,220000000,0,0,0,0,0
2020-02-28,AIMS,Akbar Indo Makmur Stimec Tbk,--U9---2,180.0,0.0,0.0,0.0,180.0,0.0,0,0,0,144.0,0,0,0,0,220000000,220000000,220000000,0,0,0,0,0
2020-02-27,AIMS,Akbar Indo Makmur Stimec Tbk,--U9---2,180.0,0.0,0.0,0.0,180.0,0.0,0,0,0,144.0,0,0,0,0,220000000,220000000,220000000,0,0,0,0,0
2020-02-26,AIMS,Akbar Indo Makmur Stimec Tbk,--U9---2,180.0,0.0,0.0,0.0,180.0,0.0,0,0,0,144.0,0,0,0,0,220000000,220000000,220000000,0,0,0,0,0
2020-02-25,AIMS,Akbar Indo Makmur Stimec Tbk,--U9---2,180.0,0.0,0.0,0.0,180.0,0.0,0,0,0,144.0,0,0,0,0,220000000,220000000,220000000,0,0,0,0,0
2020-02-24,AIMS,Akbar Indo Makmur Stimec Tbk,--U9---2,180.0,0.0,0.0,0.0,180.0,0.0,0,0,0,144.0,0,0,0,0,220000000,220000000,220000000,0,0,0,0,0
2020-02-21,AIMS,Akbar Indo Makmur Stimec Tbk,--U9---2,180.0,0.0,0.0,0.0,180.0,0.0,0,0,0,144.0,0,0,0,0,220000000,220000000,220000000,0,0,0,0,0
2020-02-20,AIMS,Akbar Indo Makmur Stimec Tbk,--U9---2,180.0,0.0,0.0,0.0,180.0,0.0,0,0,0,144.0,0,0,0,0,220000000,220000000,220000000,0,0,0,0,0
2020-02-19,AIMS,Akbar Indo Makmur Stimec Tbk,--U9---2,180.0,0.0,0.0,0.0,180.0,0.0,0,0,0,144.0,0,0,0,0,220000000,220000000,220000000,0,0,0,0,0
2020-02-18,AIMS,Akbar Indo Makmur Stimec Tbk,--U9---2,180.0,0.0,0.0,0.0,180.0,0.0,0,0,0,144.0,0,0,0,0,220000000,220000000,220000000,0,0,0,0,0
2020-02-17,AIMS,Akbar Indo Makmur Stimec Tbk,--U9---2,180.0,0.0,0.0,0.0,180.0,0.0,0,0,0,144.0,0,0,0,0,220000000,220000000,220000000,0,0,0,0,0
2020-02-14,AIMS,Akbar Indo Makmur Stimec Tbk,--U9---2,180.0,0.0,0.0,0.0,180.0,0.0,0,0,0,144.0,0,0,0,0,220000000,220000000,220000000,0,0,0,0,0
2020-02-13,AIMS,Akbar Indo Makmur Stimec Tbk,--U9---2,180.0,0.0,0.0,0.0,180.0,0.0,0,0,0,144.0,0,0,0,0,220000000,220000000,220000000,0,0,0,0,0
2020-02-12,AIMS,Akbar Indo Makmur Stimec Tbk,--U9---2,180.0,0.0,0.0,0.0,180.0,0.0,0,0,0,144.0,0,0,0,0,220000000,220000000,220000000,0,0,0,0,0
2020-02-11,AIMS,Akbar Indo Makmur Stimec Tbk,--U9---2,180.0,0.0,0.0,0.0,180.0,0.0,0,0,0,144.0,0,0,0,0,220000000,220000000,220000000,0,0,0,0,0
2020-02-10,AIMS,Akbar Indo Makmur Stimec Tbk,--U9---2,180.0,0.0,0.0,0.0,180.0,0.0,0,0,0,144.0,0,0,0,0,220000000,220000000,220000000,0,0,0,0,0
2020-02-07,AIMS,Akbar Indo Makmur Stimec Tbk,--U9---2,180.0,0.0,0.0,0.0,180.0,0.0,0,0,0,144.0,0,0,0,0,220000000,220000000,220000000,0,0,0,0,0
2020-02-06,AIMS,Akbar Indo Makmur Stimec Tbk,--U9---2,180.0,0.0,0.0,0.0,180.0,0.0,0,0,0,144.0,0,0,0,0,220000000,220000000,220000000,0,0,0,0,0
2020-02-05,AIMS,Akbar Indo Makmur Stimec Tbk,--U9---2,180.0,0.0,0.0,0.0,180.0,0.0,0,0,0,144.0,0,0,0,0,220000000,220000000,220000000,0,0,0,0,0
2020-02-04,AIMS,Akbar Indo Makmur Stimec Tbk,--U9---2,180.0,0.0,0.0,0.0,180.0,0.0,0,0,0,144.0,0,0,0,0,220000000,220000000,220000000,0,0,0,0,0
2020-02-03,AIMS,Akbar Indo Makmur Stimec Tbk,--U9---2,180.0,0.0,0.0,0.0,180.0,0.0,0,0,0,144.0,0,0,0,0,220000000,220000000,220000000,0,0,0,0,0
2020-01-31,AIMS,Akbar Indo Makmur Stimec Tbk,--U9---2,180.0,0.0,0.0,0.0,180.0,0.0,0,0,0,144.0,0,0,0,0,220000000,220000000,220000000,0,0,0,0,0
2020-01-30,AIMS,Akbar Indo Makmur Stimec Tbk,--U9---2,180.0,0.0,0.0,0.0,180.0,0.0,0,0,0,144.0,0,0,0,0,220000000,220000000,220000000,0,0,0,0,0
2020-01-29,AIMS,Akbar Indo Makmur Stimec Tbk,--U9---2,180.0,0.0,0.0,0.0,180.0,0.0,0,0,0,144.0,0,0,0,0,220000000,220000000,220000000,0,0,0,0,0
2020-01-28,AIMS,Akbar Indo Makmur Stimec Tbk,--U9---2,180.0,0.0,0.0,0.0,180.0,0.0,0,0,0,144.0,0,0,0,0,220000000,220000000,220000000,0,0,0,0,0
2020-01-27,AIMS,Akbar Indo Makmur Stimec Tbk,--U9---2,180.0,0.0,0.0,0.0,180.0,0.0,0,0,0,144.0,0,0,0,0,220000000,220000000,220000000,0,0,0,0,0
2020-01-24,AIMS,Akbar Indo Makmur Stimec Tbk,--U9---2,180.0,0.0,0.0,0.0,180.0,0.0,0,0,0,144.0,0,0,0,0,220000000,220000000,220000000,0,0,0,0,0
2020-01-23,AIMS,Akbar Indo Makmur Stimec Tbk,--U9---2,180.0,0.0,0.0,0.0,180.0,0.0,0,0,0,144.0,0,0,0,0,220000000,220000000,220000000,0,0,0,0,0
2020-01-22,AIMS,Akbar Indo Makmur Stimec Tbk,--U9---2,180.0,0.0,0.0,0.0,180.0,0.0,0,0,0,144.0,0,0,0,0,220000000,220000000,220000000,0,0,0,0,0
2020-01-21,AIMS,Akbar Indo Makmur Stimec Tbk,--U9---2,180.0,0.0,0.0,0.0,180.0,0.0,0,0,0,144.0,0,0,0,0,220000000,220000000,220000000,0,0,0,0,0
2020-01-20,AIMS,Akbar Indo Makmur Stimec Tbk,--U9---2,180.0,0.0,0.0,0.0,180.0,0.0,0,0,0,144.0,0,0,0,0,220000000,220000000,220000000,0,0,0,0,0
2020-01-17,AIMS,Akbar Indo Makmur Stimec Tbk,--U9---2,180.0,0.0,0.0,0.0,180.0,0.0,0,0,0,144.0,0,0,0,0,220000000,220000000,220000000,0,0,0,0,0
2020-01-16,AIMS,Akbar Indo Makmur Stimec Tbk,--U9---2,180.0,0.0,0.0,0.0,180.0,0.0,0,0,0,144.0,0,0,0,0,220000000,220000000,220000000,0,0,0,0,0
2020-01-15,AIMS,Akbar Indo Makmur Stimec Tbk,--U9---2,180.0,0.0,0.0,0.0,180.0,0.0,0,0,0,144.0,0,0,0,0,220000000,220000000,220000000,0,0,0,0,0
2020-01-14,AIMS,Akbar Indo Makmur Stimec Tbk,--U9---2,180.0,0.0,0.0,0.0,180.0,0.0,0,0,0,144.0,0,0,0,0,220000000,220000000,220000000,0,0,0,0,0
2020-01-13,AIMS,Akbar Indo Makmur Stimec Tbk,--U9---2,180.0,0.0,0.0,0.0,180.0,0.0,0,0,0,144.0,0,0,0,0,220000000,220000000,220000000,0,0,0,0,0
2020-01-10,AIMS,Akbar Indo Makmur Stimec Tbk,--U9---2,180.0,0.0,0.0,0.0,180.0,0.0,0,0,0,144.0,0,0,0,0,220000000,220000000,220000000,0,0,0,0,0
2020-01-09,AIMS,Akbar Indo Makmur Stimec Tbk,--U9---2,180.0,0.0,0.0,0.0,180.0,0.0,0,0,0,144.0,0,0,0,0,220000000,220000000,220000000,0,0,0,0,0
2020-01-08,AIMS,Akbar Indo Makmur Stimec Tbk,--U9---2,180.0,0.0,0.0,0.0,180.0,0.0,0,0,0,144.0,0,0,0,0,220000000,220000000,220000000,0,0,0,0,0
2020-01-07,AIMS,Akbar Indo Makmur Stimec Tbk,--U9---2,180.0,0.0,0.0,0.0,180.0,0.0,0,0,0,144.0,0,0,0,0,220000000,220000000,220000000,0,0,0,0,0
2020-01-06,AIMS,Akbar Indo Makmur Stimec Tbk,--U9---2,180.0,0.0,0.0,0.0,180.0,0.0,0,0,0,144.0,0,0,0,0,220000000,220000000,220000000,0,0,0,0,0
2020-01-03,AIMS,Akbar Indo Makmur Stimec Tbk,--U9---2,180.0,0.0,0.0,0.0,180.0,0.0,0,0,0,144.0,0,0,0,0,220000000,220000000,220000000,0,0,0,0,0
2020-01-02,AIMS,Akbar Indo Makmur Stimec Tbk,--U9---2,180.0,0.0,0.0,0.0,180.0,0.0,0,0,0,144.0,0,0,0,0,220000000,220000000,220000000,0,0,0,0,0
