Date,Ticker,Name,Remarks,Previous,Open,High,Low,Close,Change,Volume,Value,Frequency,IndexIndividual,Offer,OfferVolume,Bid,BidVolume,ListedShares,TradebleShares,WeightForIndex,ForeignSell,ForeignBuy,NonRegularVolume,NonRegularValue,NonRegularFrequency
2026-05-21,AMAN,Makmur Berkah Amanda Tbk.,--MO2130000000H111------------,254.0,256.0,256.0,234.0,254.0,0.0,1693700,420713600,366,230.9,256,2500,254,12400,3873500000,3873500000,424922950,62900,56100,0,0,0
2026-05-20,AMAN,Makmur Berkah Amanda Tbk.,--MO2130000000H111------------,252.0,250.0,268.0,246.0,254.0,2.0,1226700,312332800,385,230.9,254,38400,252,9200,3873500000,3873500000,424922950,130500,110700,0,0,0
2026-05-19,AMAN,Makmur Berkah Amanda Tbk.,--MO2130000000H111------------,264.0,270.0,270.0,246.0,252.0,-12.0,1122200,286847400,361,229.1,252,29000,250,9800,3873500000,3873500000,424922950,205900,193400,0,0,0
2026-05-18,AMAN,Makmur Berkah Amanda Tbk.,--MO2130000000H111------------,278.0,278.0,278.0,244.0,264.0,-14.0,2584500,663230800,671,240.0,270,2800,264,6900,3873500000,3873500000,424922950,103400,168500,0,0,0
2026-05-13,AMAN,Makmur Berkah Amanda Tbk.,--MO2130000000H111------------,288.0,290.0,300.0,278.0,278.0,-10.0,2335200,676046600,733,252.7,284,7700,278,38600,3873500000,3873500000,424922950,473400,60300,0,0,0
2026-05-12,AMAN,Makmur Berkah Amanda Tbk.,--MO2130000000H111------------,288.0,292.0,298.0,282.0,288.0,0.0,4521000,1319443800,986,261.8,290,8000,284,15000,3873500000,3873500000,424922950,1144500,53000,0,0,0
2026-05-11,AMAN,Makmur Berkah Amanda Tbk.,--MO2130000000H111------------,278.0,276.0,292.0,272.0,288.0,10.0,4029900,1140758800,883,261.8,290,122400,288,97400,3873500000,3873500000,424922950,899500,90700,0,0,0
2026-05-08,AMAN,Makmur Berkah Amanda Tbk.,--MO2130000000H111------------,272.0,276.0,284.0,270.0,278.0,6.0,4306000,1197198400,655,252.7,278,17400,272,37800,3873500000,3873500000,424922950,656700,463200,0,0,0
2026-05-07,AMAN,Makmur Berkah Amanda Tbk.,--MO2130000000H111------------,266.0,278.0,278.0,266.0,272.0,6.0,1068300,290028200,282,247.3,272,48800,270,35400,3873500000,3873500000,424922950,123300,64800,0,0,0
2026-05-06,AMAN,Makmur Berkah Amanda Tbk.,--MO2130000000H111------------,270.0,272.0,274.0,264.0,266.0,-4.0,1449200,389167200,364,241.8,268,1800,266,49000,3873500000,3873500000,424922950,316200,115900,0,0,0
2026-05-05,AMAN,Makmur Berkah Amanda Tbk.,--MO2130000000H111------------,266.0,270.0,282.0,264.0,270.0,4.0,3372500,921669400,868,245.5,272,330800,270,16300,3873500000,3873500000,424922950,890800,261100,0,0,0
2026-05-04,AMAN,Makmur Berkah Amanda Tbk.,--MO2130000000H111------------,256.0,258.0,272.0,256.0,266.0,10.0,3475600,924631400,591,241.8,270,64700,266,83400,3873500000,3873500000,424922950,601500,136000,0,0,0
2026-04-30,AMAN,Makmur Berkah Amanda Tbk.,--MO2130000000H111------------,262.0,262.0,262.0,252.0,256.0,-6.0,1519800,390702600,307,232.7,258,19300,256,18200,3873500000,3873500000,424922950,266100,92500,0,0,0
2026-04-29,AMAN,Makmur Berkah Amanda Tbk.,--MO2130000000H111------------,262.0,268.0,268.0,248.0,262.0,0.0,1520900,389810800,556,238.2,262,13600,258,1200,3873500000,3873500000,424922950,275400,125100,0,0,0
2026-04-28,AMAN,Makmur Berkah Amanda Tbk.,--MO2130000000H111------------,250.0,248.0,292.0,242.0,262.0,12.0,6512400,1745472800,1444,238.2,264,10700,262,60600,3873500000,3873500000,424922950,1523500,436800,0,0,0
2026-04-27,AMAN,Makmur Berkah Amanda Tbk.,--MO2130000000H111------------,256.0,260.0,262.0,248.0,250.0,-6.0,891000,227879400,358,227.3,252,2000,250,100,3873500000,3873500000,424922950,285500,11300,0,0,0
2026-04-24,AMAN,Makmur Berkah Amanda Tbk.,--MO2130000000H111------------,260.0,260.0,260.0,240.0,256.0,-4.0,2509900,622577800,662,232.7,256,58700,250,6400,3873500000,3873500000,424922950,596200,229200,0,0,0
2026-04-23,AMAN,Makmur Berkah Amanda Tbk.,--MO2130000000H111------------,270.0,274.0,274.0,258.0,260.0,-10.0,1604200,425046400,576,236.4,262,40200,260,17600,3873500000,3873500000,424922950,469800,18000,0,0,0
2026-04-22,AMAN,Makmur Berkah Amanda Tbk.,--MO2130000000H111------------,268.0,270.0,278.0,264.0,270.0,2.0,1845000,495246600,593,245.5,270,127900,268,100,3873500000,3873500000,424922950,442200,68600,0,0,0
2026-04-21,AMAN,Makmur Berkah Amanda Tbk.,--MO2130000000H111------------,282.0,282.0,290.0,260.0,268.0,-14.0,4588600,1254138200,951,243.6,270,1100,268,34800,3873500000,3873500000,424922950,503600,169300,0,0,0
2026-04-20,AMAN,Makmur Berkah Amanda Tbk.,--MO2130000000H111------------,294.0,294.0,296.0,280.0,282.0,-12.0,1488500,426428200,500,256.4,288,4600,282,45500,3873500000,3873500000,424922950,206600,9600,0,0,0
2026-04-17,AMAN,Makmur Berkah Amanda Tbk.,--MO2130000000H111------------,302.0,300.0,300.0,288.0,294.0,-8.0,1457400,427831200,541,267.3,294,149100,292,1800,3873500000,3873500000,424922950,680600,13000,0,0,0
2026-04-16,AMAN,Makmur Berkah Amanda Tbk.,--MO2130000000H111------------,312.0,310.0,312.0,288.0,302.0,-10.0,2562100,766980600,903,274.5,302,151400,298,22200,3873500000,3873500000,424922950,658700,98300,0,0,0
2026-04-15,AMAN,Makmur Berkah Amanda Tbk.,--MO2130000000H111------------,308.0,312.0,318.0,302.0,312.0,4.0,1956100,604993600,540,283.6,312,49100,310,100,3873500000,3873500000,424922950,303400,15500,0,0,0
2026-04-14,AMAN,Makmur Berkah Amanda Tbk.,--MO2130000000H111------------,320.0,318.0,320.0,304.0,308.0,-12.0,2417500,754802200,873,280.0,312,21200,308,123000,3873500000,3873500000,424922950,594500,83200,0,0,0
2026-04-13,AMAN,Makmur Berkah Amanda Tbk.,--MO2130000000H111------------,324.0,324.0,330.0,314.0,320.0,-4.0,2213500,714198800,562,290.9,320,291100,318,77300,3873500000,3873500000,424922950,873800,12700,0,0,0
2026-04-10,AMAN,Makmur Berkah Amanda Tbk.,--MO2130000000H111------------,316.0,320.0,338.0,316.0,324.0,8.0,2377400,779568000,567,294.5,326,16000,324,47600,3873500000,3873500000,424922950,356400,140500,0,0,0
2026-04-09,AMAN,Makmur Berkah Amanda Tbk.,--MO2130000000H111------------,328.0,330.0,338.0,308.0,316.0,-12.0,1411200,455057200,426,287.3,320,5300,316,45300,3873500000,3873500000,424922950,55600,154100,0,0,0
2026-04-08,AMAN,Makmur Berkah Amanda Tbk.,--MO2130000000H111------------,312.0,310.0,332.0,302.0,328.0,16.0,3962100,1278697600,757,298.2,328,127500,326,100,3873500000,3873500000,424922950,298100,70600,0,0,0
2026-04-07,AMAN,Makmur Berkah Amanda Tbk.,--MO2130000000H111------------,318.0,324.0,326.0,312.0,312.0,-6.0,1346400,427784200,442,283.6,312,39900,310,239600,3873500000,3873500000,424922950,134200,12400,0,0,0
2026-04-06,AMAN,Makmur Berkah Amanda Tbk.,--MO2130000000H111------------,310.0,310.0,328.0,302.0,318.0,8.0,3672500,1165048400,877,289.1,318,14400,314,16300,3873500000,3873500000,424922950,540300,425100,0,0,0
2026-04-02,AMAN,Makmur Berkah Amanda Tbk.,--MO2130000000H111------------,306.0,308.0,314.0,298.0,310.0,4.0,2375200,730973800,446,281.8,312,36300,310,22700,3873500000,3873500000,424922950,155200,83900,0,0,0
2026-04-01,AMAN,Makmur Berkah Amanda Tbk.,--MO2130000000H111------------,298.0,306.0,310.0,296.0,306.0,8.0,988000,299401200,304,278.2,306,88600,302,1200,3873500000,3873500000,424922950,183700,28300,0,0,0
2026-03-31,AMAN,Makmur Berkah Amanda Tbk.,--MO2130000000H111------------,300.0,300.0,304.0,296.0,298.0,-2.0,495800,148531200,153,270.9,300,16000,298,3800,3873500000,3873500000,424922950,137600,1700,0,0,0
2026-03-30,AMAN,Makmur Berkah Amanda Tbk.,--MO2130000000H111------------,302.0,296.0,310.0,288.0,300.0,-2.0,1558200,468545600,286,272.7,302,41200,300,69900,3873500000,3873500000,424922950,160500,139800,0,0,0
2026-03-27,AMAN,Makmur Berkah Amanda Tbk.,--MO2130000000H111------------,298.0,0.0,304.0,296.0,302.0,4.0,899800,269451600,137,274.5,304,98900,302,1600,3873500000,3873500000,424922950,86300,6700,0,0,0
2026-03-26,AMAN,Makmur Berkah Amanda Tbk.,--MO2130000000H111------------,300.0,308.0,310.0,296.0,298.0,-2.0,715400,214275800,259,270.9,300,2700,298,10300,3873500000,3873500000,424922950,224700,38900,0,0,0
2026-03-25,AMAN,Makmur Berkah Amanda Tbk.,--MO2130000000H111------------,290.0,290.0,310.0,282.0,300.0,10.0,2060200,608014400,334,272.7,304,5000,300,19900,3873500000,3873500000,424922950,295700,1142300,0,0,0
2026-03-17,AMAN,Makmur Berkah Amanda Tbk.,--MO2130000000H111------------,290.0,288.0,312.0,288.0,290.0,0.0,954400,281974400,331,263.6,294,68500,290,64500,3873500000,3873500000,424922950,348900,31300,0,0,0
2026-03-16,AMAN,Makmur Berkah Amanda Tbk.,--MO2130000000H111------------,292.0,290.0,294.0,278.0,290.0,-2.0,2052000,587921600,415,263.6,294,41600,290,15500,3873500000,3873500000,424922950,108300,485700,0,0,0
2026-03-13,AMAN,Makmur Berkah Amanda Tbk.,--MO2130000000H111------------,312.0,312.0,318.0,286.0,292.0,-20.0,4419300,1360725000,672,265.5,294,96600,290,18900,3873500000,3873500000,424922950,452600,308400,0,0,0
2026-03-12,AMAN,Makmur Berkah Amanda Tbk.,--MO2130000000H111------------,310.0,316.0,324.0,296.0,312.0,2.0,4591200,1425677200,791,283.6,312,735200,310,41400,3873500000,3873500000,424922950,1216700,328800,0,0,0
2026-03-11,AMAN,Makmur Berkah Amanda Tbk.,--MO2130000000H111------------,302.0,306.0,324.0,302.0,310.0,8.0,5261300,1636771600,1230,281.8,310,48300,308,48400,3873500000,3873500000,424922950,1144000,370400,0,0,0
2026-03-10,AMAN,Makmur Berkah Amanda Tbk.,--MO2130000000H111------------,266.0,280.0,314.0,270.0,302.0,36.0,4305800,1272143400,1048,274.5,304,48500,302,32400,3873500000,3873500000,424922950,994400,387300,0,0,0
2026-03-09,AMAN,Makmur Berkah Amanda Tbk.,--MO2130000000H111------------,262.0,236.0,292.0,228.0,266.0,4.0,6604000,1717838800,1429,241.8,276,100000,266,2000,3873500000,3873500000,424922950,1304000,1251900,0,0,0
2026-03-06,AMAN,Makmur Berkah Amanda Tbk.,--MO2130000000H111------------,300.0,302.0,302.0,262.0,262.0,-38.0,2458100,704674600,640,238.2,272,11100,262,58000,3873500000,3873500000,424922950,482300,449500,0,0,0
2026-03-05,AMAN,Makmur Berkah Amanda Tbk.,--MO2130000000H111------------,298.0,308.0,312.0,298.0,300.0,2.0,1225100,371834400,376,272.7,302,400,300,12200,3873500000,3873500000,424922950,155500,149300,0,0,0
2026-03-04,AMAN,Makmur Berkah Amanda Tbk.,--MO2130000000H111------------,308.0,316.0,324.0,294.0,298.0,-10.0,5736800,1764505400,1059,270.9,298,6700,296,24700,3873500000,3873500000,424922950,810800,627700,0,0,0
2026-03-03,AMAN,Makmur Berkah Amanda Tbk.,--MO2130000000H111------------,298.0,302.0,316.0,292.0,308.0,10.0,2715900,823858000,632,280.0,308,29600,306,20800,3873500000,3873500000,424922950,824700,364800,0,0,0
2026-03-02,AMAN,Makmur Berkah Amanda Tbk.,--MO2130000000H111------------,318.0,290.0,334.0,284.0,298.0,-20.0,4534500,1406202200,941,270.9,298,2300,296,26000,3873500000,3873500000,424922950,828400,747100,0,0,0
2026-02-27,AMAN,Makmur Berkah Amanda Tbk.,--MO2130000000H111------------,318.0,310.0,350.0,284.0,318.0,0.0,5400900,1721334800,1235,289.1,318,38500,316,11300,3873500000,3873500000,424922950,1405800,812000,0,0,0
2026-02-26,AMAN,Makmur Berkah Amanda Tbk.,--MO2130000000H111------------,370.0,370.0,370.0,316.0,318.0,-52.0,9112900,3040009600,2187,289.1,320,5600,318,9800,3873500000,3873500000,424922950,1215400,977700,0,0,0
2026-02-25,AMAN,Makmur Berkah Amanda Tbk.,--MO2130000000H111------------,380.0,378.0,378.0,350.0,370.0,-10.0,6420100,2372842000,1660,336.4,372,6300,370,32200,3873500000,3873500000,424922950,1773000,623400,180000,68400000,1
2026-02-24,AMAN,Makmur Berkah Amanda Tbk.,--MO2130000000H111------------,346.0,346.0,382.0,342.0,380.0,34.0,17791900,6574948400,2670,345.5,380,1349500,378,72000,3873500000,3873500000,424922950,959500,2235000,0,0,0
2026-02-23,AMAN,Makmur Berkah Amanda Tbk.,--MO2130000000H111------------,332.0,334.0,352.0,322.0,346.0,14.0,11914400,4036333000,1899,314.5,346,163000,342,700,3873500000,3873500000,424922950,767100,2060600,0,0,0
2026-02-20,AMAN,Makmur Berkah Amanda Tbk.,--MO2130000000H111------------,318.0,318.0,374.0,312.0,332.0,14.0,19055500,6540328600,4047,301.8,334,21500,332,22800,3873500000,3873500000,424922950,2282600,2931700,0,0,0
2026-02-19,AMAN,Makmur Berkah Amanda Tbk.,--MO2130000000H111------------,302.0,302.0,320.0,300.0,318.0,16.0,5547500,1724625400,1134,289.1,318,161100,316,18500,3873500000,3873500000,424922950,753600,1239000,0,0,0
2026-02-18,AMAN,Makmur Berkah Amanda Tbk.,--MO2130000000H111------------,306.0,306.0,308.0,280.0,302.0,-4.0,4316100,1288146800,928,274.5,304,145600,302,51900,3873500000,3873500000,424922950,454900,1357300,0,0,0
2026-02-13,AMAN,Makmur Berkah Amanda Tbk.,--MO2130000000H111------------,310.0,312.0,320.0,300.0,306.0,-4.0,5697000,1761268600,1494,278.2,306,83700,304,135700,3873500000,3873500000,424922950,1406200,315300,0,0,0
2026-02-12,AMAN,Makmur Berkah Amanda Tbk.,--MO2130000000H111------------,298.0,302.0,314.0,288.0,310.0,12.0,9060600,2742492400,1717,281.8,312,74900,310,410900,3873500000,3873500000,424922950,567300,928900,0,0,0
2026-02-11,AMAN,Makmur Berkah Amanda Tbk.,--MO2130000000H111------------,274.0,278.0,318.0,278.0,298.0,24.0,15275600,4612066600,3957,270.9,300,48300,298,70700,3873500000,3873500000,424922950,1219200,2223400,0,0,0
2026-02-10,AMAN,Makmur Berkah Amanda Tbk.,--MO2130000000H111------------,246.0,246.0,282.0,238.0,274.0,28.0,13244400,3445421400,2592,249.1,276,9500,274,100900,3873500000,3873500000,424922950,1436100,2494600,0,0,0
2026-02-09,AMAN,Makmur Berkah Amanda Tbk.,--MO2130000000H111------------,214.0,216.0,250.0,216.0,246.0,32.0,9801100,2311013000,1541,223.6,246,1600,244,24900,3873500000,3873500000,424922950,943800,2047300,0,0,0
2026-02-06,AMAN,Makmur Berkah Amanda Tbk.,--MO2130000000H111------------,246.0,256.0,258.0,210.0,214.0,-32.0,9035400,2078516200,1837,194.5,218,500,214,344700,3873500000,3873500000,424922950,1325500,1220300,0,0,0
2026-02-05,AMAN,Makmur Berkah Amanda Tbk.,--MO2130000000H111------------,230.0,230.0,264.0,228.0,246.0,16.0,12469300,3099894800,2859,223.6,248,88700,246,23400,3873500000,3873500000,424922950,1017000,1369800,0,0,0
2026-02-04,AMAN,Makmur Berkah Amanda Tbk.,--MO2130000000H111------------,210.0,0.0,238.0,212.0,230.0,20.0,6601500,1503272800,1422,209.1,232,10100,230,17500,3873500000,3873500000,424922950,1031500,426000,0,0,0
2026-02-03,AMAN,Makmur Berkah Amanda Tbk.,--MO2130000000H111------------,198.0,199.0,212.0,196.0,210.0,12.0,3186700,656518400,561,190.9,212,105000,210,14900,3873500000,3873500000,424922950,116600,263200,0,0,0
2026-02-02,AMAN,Makmur Berkah Amanda Tbk.,--MO2130000000H111------------,228.0,228.0,236.0,198.0,198.0,-30.0,5283500,1100836600,828,180.0,199,82100,198,12100,3873500000,3873500000,424922950,814500,230200,0,0,0
2026-01-30,AMAN,Makmur Berkah Amanda Tbk.,--MO2130000000H111------------,218.0,224.0,238.0,218.0,228.0,10.0,6279100,1429728800,1053,207.3,230,100,228,242100,3873500000,3873500000,424922950,701900,286100,0,0,0
2026-01-29,AMAN,Makmur Berkah Amanda Tbk.,--MO2130000000H111------------,214.0,218.0,256.0,182.0,218.0,4.0,12319700,2549804400,2399,198.2,220,64800,218,85500,3873500000,3873500000,424922950,2238400,3263400,0,0,0
2026-01-28,AMAN,Makmur Berkah Amanda Tbk.,--MO2130000000H111------------,248.0,240.0,248.0,214.0,214.0,-34.0,6227800,1404949400,1429,194.5,216,5000,214,541700,3873500000,3873500000,424922950,301700,576000,0,0,0
2026-01-27,AMAN,Makmur Berkah Amanda Tbk.,--MO2130000000H111------------,272.0,254.0,258.0,232.0,248.0,-24.0,18564100,4454996200,3098,225.5,250,25200,246,1000,3873500000,3873500000,424922950,846100,2094400,0,0,0
2026-01-26,AMAN,Makmur Berkah Amanda Tbk.,--MO2130000000H111------------,320.0,322.0,326.0,272.0,272.0,-48.0,19030100,5544185000,3594,247.3,272,1884500,0,0,3873500000,3873500000,424922950,1666900,2047500,0,0,0
2026-01-23,AMAN,Makmur Berkah Amanda Tbk.,--MO2130000000H111------------,300.0,302.0,346.0,300.0,320.0,20.0,12531600,3992279000,3706,290.9,322,50000,320,45500,3873500000,3873500000,424922950,2129100,834000,0,0,0
2026-01-22,AMAN,Makmur Berkah Amanda Tbk.,--MO2130000000H111------------,290.0,292.0,304.0,280.0,300.0,10.0,11645000,3440631800,1402,272.7,302,121000,300,18200,3873500000,3873500000,424922950,142200,789700,0,0,0
2026-01-21,AMAN,Makmur Berkah Amanda Tbk.,--MO2130000000H111------------,278.0,290.0,294.0,278.0,290.0,12.0,9706800,2762917600,1390,263.6,292,6500,290,149200,3873500000,3873500000,424922950,90200,941900,0,0,0
2026-01-20,AMAN,Makmur Berkah Amanda Tbk.,--MO2130000000H111------------,270.0,270.0,290.0,268.0,278.0,8.0,7575700,2103427400,1447,252.7,278,51800,276,13300,3873500000,3873500000,424922950,565600,848900,0,0,0
2026-01-19,AMAN,Makmur Berkah Amanda Tbk.,--MO2130000000H111------------,246.0,248.0,286.0,238.0,270.0,24.0,11483100,3033029800,2511,245.5,270,132700,268,1400,3873500000,3873500000,424922950,557400,2090800,0,0,0
2026-01-15,AMAN,Makmur Berkah Amanda Tbk.,--MO2130000000H111------------,244.0,244.0,248.0,236.0,246.0,2.0,3071000,737387000,661,223.6,246,61400,244,36000,3873500000,3873500000,424922950,635100,62200,0,0,0
2026-01-14,AMAN,Makmur Berkah Amanda Tbk.,--MO2130000000H111------------,246.0,242.0,244.0,228.0,244.0,-2.0,3447800,814877400,1019,221.8,246,37300,244,21900,3873500000,3873500000,424922950,169700,298500,0,0,0
2026-01-13,AMAN,Makmur Berkah Amanda Tbk.,--MO2130000000H111------------,230.0,236.0,276.0,230.0,246.0,16.0,19189300,4886699200,3703,223.6,248,75400,246,85600,3873500000,3873500000,424922950,2166100,1540300,0,0,0
2026-01-12,AMAN,Makmur Berkah Amanda Tbk.,--MO2130000000H111------------,226.0,228.0,248.0,194.0,230.0,4.0,14125100,3240518900,2323,209.1,232,29500,230,47300,3873500000,3873500000,424922950,528100,1387100,0,0,0
2026-01-09,AMAN,Makmur Berkah Amanda Tbk.,--MO2130000000H111------------,228.0,226.0,238.0,226.0,226.0,-2.0,3175600,727858600,547,205.5,228,708500,226,237200,3873500000,3873500000,424922950,132600,329300,0,0,0
2026-01-08,AMAN,Makmur Berkah Amanda Tbk.,--MO2130000000H111------------,234.0,234.0,234.0,218.0,228.0,-6.0,3915800,886247800,833,207.3,230,88000,228,8600,3873500000,3873500000,424922950,251100,115700,0,0,0
2026-01-07,AMAN,Makmur Berkah Amanda Tbk.,--MO2130000000H111------------,220.0,222.0,238.0,220.0,234.0,14.0,7820800,1805611800,1261,212.7,234,516900,232,8000,3873500000,3873500000,424922950,193400,513200,10000000,1900000000,1
2026-01-06,AMAN,Makmur Berkah Amanda Tbk.,--MO2130000000H111------------,224.0,240.0,240.0,218.0,220.0,-4.0,8772700,1968902400,1281,200.0,220,144800,218,32600,3873500000,3873500000,424922950,1191200,801900,0,0,0
2026-01-05,AMAN,Makmur Berkah Amanda Tbk.,--MO2130000000H111------------,202.0,204.0,228.0,204.0,224.0,22.0,11398300,2461501000,1892,203.6,226,106200,224,191200,3873500000,3873500000,424922950,362300,1213200,0,0,0
2026-01-02,AMAN,Makmur Berkah Amanda Tbk.,--MO2130000000H111------------,202.0,202.0,206.0,198.0,202.0,0.0,3722600,751932200,635,183.6,204,265800,202,34500,3873500000,3873500000,424922950,32600,422200,0,0,0
2025-12-30,AMAN,Makmur Berkah Amanda Tbk.,--MO2130000000H111------------,204.0,204.0,210.0,198.0,202.0,-2.0,4002700,810556800,737,183.6,204,511000,202,124500,3873500000,3873500000,424922950,55200,221600,0,0,0
2025-12-29,AMAN,Makmur Berkah Amanda Tbk.,--MO2130000000H111------------,194.0,195.0,206.0,193.0,204.0,10.0,3441400,688535900,816,185.5,204,17600,202,1100,3873500000,3873500000,424922950,116100,416800,1947900,385684200,5
2025-12-24,AMAN,Makmur Berkah Amanda Tbk.,--MO2130000000H111------------,199.0,199.0,202.0,194.0,194.0,-5.0,2235400,440051500,516,176.4,195,79600,194,29000,3873500000,3873500000,424922950,165000,209400,8052100,1594315800,4
2025-12-23,AMAN,Makmur Berkah Amanda Tbk.,--MO2130000000H111------------,200.0,200.0,200.0,193.0,199.0,-1.0,2601500,511465000,837,180.9,199,67200,198,1800,3873500000,3873500000,424922950,56200,319600,0,0,0
2025-12-22,AMAN,Makmur Berkah Amanda Tbk.,--MO2130000000H111------------,206.0,206.0,210.0,195.0,200.0,-6.0,5153100,1044772400,1126,181.8,202,36100,200,9700,3873500000,3873500000,424922950,752100,433600,0,0,0
2025-12-19,AMAN,Makmur Berkah Amanda Tbk.,--MO2130000000H111------------,202.0,204.0,206.0,193.0,206.0,4.0,9496800,1875968100,1155,187.3,206,173400,202,22500,3873500000,3873500000,424922950,1196100,1810700,0,0,0
2025-12-18,AMAN,Makmur Berkah Amanda Tbk.,--MO2130000000H111------------,216.0,216.0,220.0,202.0,202.0,-14.0,13959500,2910848800,1983,183.6,202,28100,200,1094600,3873500000,3873500000,424922950,535900,1637000,0,0,0
2025-12-17,AMAN,Makmur Berkah Amanda Tbk.,--MO2130000000H111------------,218.0,204.0,224.0,200.0,216.0,-2.0,24275900,5145835800,4023,196.4,216,371000,214,500,3873500000,3873500000,424922950,1947100,3769400,0,0,0
2025-12-16,AMAN,Makmur Berkah Amanda Tbk.,--MO2130000000H111------------,191.0,194.0,256.0,191.0,218.0,27.0,100922400,23433913600,13003,198.2,218,1769300,216,97600,3873500000,3873500000,424922950,10437000,7507500,0,0,0
2025-12-15,AMAN,Makmur Berkah Amanda Tbk.,--MO2130000000H111------------,187.0,188.0,194.0,186.0,191.0,4.0,4563900,873309800,670,173.6,192,5100,191,231500,3873500000,3873500000,424922950,14100,1046000,0,0,0
2025-12-12,AMAN,Makmur Berkah Amanda Tbk.,--MO2130000000H111------------,187.0,186.0,189.0,182.0,187.0,0.0,2809100,522863800,629,170.0,188,100,187,397400,3873500000,3873500000,424922950,93600,133900,0,0,0
2025-12-11,AMAN,Makmur Berkah Amanda Tbk.,--MO2130000000H111------------,191.0,196.0,196.0,186.0,187.0,-4.0,5092300,963006600,672,170.0,188,42000,186,181300,3873500000,3873500000,424922950,108900,131500,0,0,0
2025-12-10,AMAN,Makmur Berkah Amanda Tbk.,--MO2130000000H111------------,184.0,187.0,204.0,184.0,191.0,7.0,9152400,1759550500,1695,173.6,191,657900,190,2000,3873500000,3873500000,424922950,153400,163400,0,0,0
2025-12-09,AMAN,Makmur Berkah Amanda Tbk.,--MO2130000000H111------------,183.0,188.0,188.0,181.0,184.0,1.0,3687000,676121000,419,167.3,184,434500,183,125200,3873500000,3873500000,424922950,7200,6600,0,0,0
2025-12-08,AMAN,Makmur Berkah Amanda Tbk.,--MO2130000000H111------------,180.0,182.0,190.0,180.0,183.0,3.0,4332400,796045600,770,166.4,185,400,183,619800,3873500000,3873500000,424922950,15000,15500,0,0,0
2025-12-05,AMAN,Makmur Berkah Amanda Tbk.,--MO2130000000H111------------,191.0,191.0,192.0,177.0,180.0,-11.0,7654000,1411789800,1161,163.6,180,21900,179,60100,3873500000,3873500000,424922950,333400,124200,0,0,0
2025-12-04,AMAN,Makmur Berkah Amanda Tbk.,--MO2130000000H111------------,182.0,182.0,195.0,182.0,191.0,9.0,9446500,1790565700,1684,173.6,191,633200,190,300,3873500000,3873500000,424922950,41900,37400,0,0,0
2025-12-03,AMAN,Makmur Berkah Amanda Tbk.,--MO2130000000H111------------,180.0,181.0,184.0,178.0,182.0,2.0,4610400,837010000,567,165.5,182,334900,181,22200,3873500000,3873500000,424922950,90700,14500,0,0,0
2025-12-02,AMAN,Makmur Berkah Amanda Tbk.,--MO2130000000H111------------,182.0,184.0,185.0,177.0,180.0,-2.0,3539300,636414100,596,163.6,180,99700,179,121000,3873500000,3873500000,424922950,469300,23400,0,0,0
2025-12-01,AMAN,Makmur Berkah Amanda Tbk.,--MO2130000000H111------------,181.0,181.0,187.0,176.0,182.0,1.0,5808100,1052930900,1074,165.5,183,364000,182,39700,3873500000,3873500000,424922950,200900,113200,0,0,0
2025-11-28,AMAN,Makmur Berkah Amanda Tbk.,--MO2130000000H111------------,177.0,177.0,188.0,177.0,181.0,4.0,9399300,1705799200,1490,164.5,181,286800,180,111300,3873500000,3873500000,424922950,144800,226300,0,0,0
2025-11-27,AMAN,Makmur Berkah Amanda Tbk.,--MO2130000000H111------------,174.0,174.0,179.0,173.0,177.0,3.0,6789200,1198055800,937,160.9,177,20200,176,18600,3873500000,3873500000,424922950,20900,319900,0,0,0
2025-11-26,AMAN,Makmur Berkah Amanda Tbk.,--MO2130000000H111------------,174.0,174.0,178.0,170.0,174.0,0.0,2491200,429338900,640,158.2,174,147900,172,12200,3873500000,3873500000,424922950,167300,51900,0,0,0
2025-11-25,AMAN,Makmur Berkah Amanda Tbk.,--MO2130000000H111------------,179.0,180.0,180.0,168.0,174.0,-5.0,8383900,1448240700,1070,158.2,174,48000,173,100,3873500000,3873500000,424922950,235600,226100,0,0,0
2025-11-24,AMAN,Makmur Berkah Amanda Tbk.,--MO2130000000H111------------,171.0,171.0,181.0,171.0,179.0,8.0,18621200,3295363300,2426,162.7,179,413200,178,4300,3873500000,3873500000,424922950,1463900,2431600,0,0,0
2025-11-21,AMAN,Makmur Berkah Amanda Tbk.,--MO2130000000H111------------,168.0,168.0,171.0,167.0,171.0,3.0,8056900,1360206400,481,155.5,172,184700,171,9100,3873500000,3873500000,424922950,414100,1190500,0,0,0
2025-11-20,AMAN,Makmur Berkah Amanda Tbk.,--MO2130000000H111------------,169.0,169.0,171.0,165.0,168.0,-1.0,5962000,1001387700,656,152.7,169,300,168,700600,3873500000,3873500000,424922950,66600,96300,0,0,0
2025-11-19,AMAN,Makmur Berkah Amanda Tbk.,--MO2130000000H111------------,175.0,183.0,184.0,167.0,169.0,-6.0,17917600,3110570900,2671,153.6,169,241900,168,248800,3873500000,3873500000,424922950,1867200,502800,0,0,0
2025-11-18,AMAN,Makmur Berkah Amanda Tbk.,--MO2130000000H111------------,158.0,158.0,180.0,158.0,175.0,17.0,45618900,7729638600,5587,159.1,176,3375700,175,1000,3873500000,3873500000,424922950,1480700,2763700,0,0,0
2025-11-17,AMAN,Makmur Berkah Amanda Tbk.,--MO2130000000H111------------,155.0,155.0,158.0,153.0,158.0,3.0,3457300,538111100,502,143.6,158,1357600,157,189900,3873500000,3873500000,424922950,0,570900,0,0,0
2025-11-14,AMAN,Makmur Berkah Amanda Tbk.,--MO2130000000H111------------,156.0,157.0,159.0,154.0,155.0,-1.0,3528800,548407900,324,140.9,155,10400,154,510400,3873500000,3873500000,424922950,1036400,9900,0,0,0
2025-11-13,AMAN,Makmur Berkah Amanda Tbk.,--MO2130000000H111------------,156.0,155.0,163.0,154.0,156.0,0.0,7697600,1215923000,664,141.8,157,9900,156,76200,3873500000,3873500000,424922950,549200,1100200,0,0,0
2025-11-12,AMAN,Makmur Berkah Amanda Tbk.,--MO2130000000H111------------,157.0,158.0,160.0,155.0,156.0,-1.0,4869600,763225700,696,141.8,156,123100,155,192700,3873500000,3873500000,424922950,29700,10100,0,0,0
2025-11-11,AMAN,Makmur Berkah Amanda Tbk.,--MO2130000000H111------------,152.0,152.0,158.0,151.0,157.0,5.0,4264200,661181000,616,142.7,157,135100,156,9000,3873500000,3873500000,424922950,2800,1073000,0,0,0
2025-11-10,AMAN,Makmur Berkah Amanda Tbk.,--MO2130000000H111------------,153.0,150.0,154.0,150.0,152.0,-1.0,1651500,251352100,330,138.2,152,61700,151,249700,3873500000,3873500000,424922950,3700,3700,0,0,0
2025-11-07,AMAN,Makmur Berkah Amanda Tbk.,--MO2130000000H111------------,153.0,153.0,154.0,150.0,153.0,0.0,1315300,199975200,300,139.1,153,107100,152,42900,3873500000,3873500000,424922950,6000,5200,0,0,0
2025-11-06,AMAN,Makmur Berkah Amanda Tbk.,--MO2130000000H111------------,147.0,148.0,158.0,145.0,153.0,6.0,10078300,1548912300,1265,139.1,153,294700,150,680900,3873500000,3873500000,424922950,888000,704200,0,0,0
2025-11-05,AMAN,Makmur Berkah Amanda Tbk.,--MO2130000000H111------------,153.0,153.0,154.0,145.0,147.0,-6.0,3623900,536817000,627,133.6,147,17100,146,31200,3873500000,3873500000,424922950,292400,846200,0,0,0
2025-11-04,AMAN,Makmur Berkah Amanda Tbk.,--MO2130000000H111------------,140.0,141.0,167.0,141.0,153.0,13.0,22130400,3414765100,3798,139.1,154,264100,153,100600,3873500000,3873500000,424922950,2021800,1063000,0,0,0
2025-11-03,AMAN,Makmur Berkah Amanda Tbk.,--MO2130000000H111------------,141.0,141.0,141.0,136.0,140.0,-1.0,1806400,249346700,519,127.3,141,155800,140,2700,3873500000,3873500000,424922950,14200,192400,0,0,0
2025-10-31,AMAN,Makmur Berkah Amanda Tbk.,--UO2130000000H111------------,143.0,143.0,143.0,138.0,141.0,-2.0,3176200,446283000,449,128.2,141,562500,140,16800,3873500000,3873500000,424922950,0,0,0,0,0
2025-10-30,AMAN,Makmur Berkah Amanda Tbk.,--UO2130000000H111------------,149.0,146.0,146.0,142.0,143.0,-6.0,2717800,391054700,493,130.0,143,89600,142,238300,3873500000,3873500000,424922950,0,0,0,0,0
2025-10-29,AMAN,Makmur Berkah Amanda Tbk.,--UO2130000000H111------------,153.0,154.0,156.0,149.0,149.0,-4.0,1734300,262258800,332,135.5,151,28100,149,85800,3873500000,3873500000,424922950,349600,0,0,0,0
2025-10-28,AMAN,Makmur Berkah Amanda Tbk.,--UO2130000000H111------------,147.0,147.0,155.0,145.0,153.0,6.0,2508900,377306700,562,139.1,153,10800,152,48300,3873500000,3873500000,424922950,105600,0,0,0,0
2025-10-27,AMAN,Makmur Berkah Amanda Tbk.,--UO2130000000H111------------,156.0,156.0,158.0,145.0,147.0,-9.0,3759000,563018200,695,133.6,148,11400,146,41600,3873500000,3873500000,424922950,0,371900,996700,141531400,1
2025-10-24,AMAN,Makmur Berkah Amanda Tbk.,--UO2130000000H111------------,167.0,165.0,165.0,156.0,156.0,-11.0,8275900,1328493400,1009,141.8,156,30700,155,288600,3873500000,3873500000,424922950,114100,885900,0,0,0
2025-10-23,AMAN,Makmur Berkah Amanda Tbk.,--UO2130000000H111------------,158.0,159.0,182.0,158.0,167.0,9.0,52947000,8978174200,5720,151.8,168,78000,167,120600,3873500000,3873500000,424922950,6928200,2334700,0,0,0
2025-10-22,AMAN,Makmur Berkah Amanda Tbk.,--UO2130000000H111------------,139.0,139.0,159.0,135.0,158.0,19.0,8370500,1236160300,806,143.6,159,30600,158,127100,3873500000,3873500000,424922950,384500,1330700,0,0,0
2025-10-21,AMAN,Makmur Berkah Amanda Tbk.,--UO2130000000H111------------,140.0,140.0,143.0,137.0,139.0,-1.0,601600,83359600,175,126.4,139,22100,138,38600,3873500000,3873500000,424922950,79100,76800,0,0,0
2025-10-20,AMAN,Makmur Berkah Amanda Tbk.,--UO2130000000H111------------,138.0,138.0,144.0,134.0,140.0,2.0,1280500,178500900,252,127.3,140,68500,139,31500,3873500000,3873500000,424922950,62100,145800,0,0,0
2025-10-17,AMAN,Makmur Berkah Amanda Tbk.,--UO2130000000H111------------,137.0,139.0,146.0,134.0,138.0,1.0,2302200,323860500,466,125.5,138,8000,137,6400,3873500000,3873500000,424922950,693300,286200,0,0,0
2025-10-16,AMAN,Makmur Berkah Amanda Tbk.,--UO2130000000H111------------,132.0,132.0,148.0,130.0,137.0,5.0,2591200,358664500,708,124.5,137,100,136,117400,3873500000,3873500000,424922950,184700,710100,0,0,0
2025-10-15,AMAN,Makmur Berkah Amanda Tbk.,--UO2130000000H111------------,138.0,137.0,142.0,131.0,132.0,-6.0,2763500,371423900,386,120.0,132,300,131,235600,3873500000,3873500000,424922950,67600,250000,0,0,0
2025-10-14,AMAN,Makmur Berkah Amanda Tbk.,--UO2130000000H111------------,144.0,144.0,144.0,133.0,138.0,-6.0,3725800,509574800,570,125.5,141,40000,137,8300,3873500000,3873500000,424922950,178100,824800,0,0,0
2025-10-13,AMAN,Makmur Berkah Amanda Tbk.,--UO2130000000H111------------,145.0,140.0,144.0,137.0,144.0,-1.0,1665900,234123000,343,130.9,144,41700,142,3500,3873500000,3873500000,424922950,113900,108800,0,0,0
2025-10-10,AMAN,Makmur Berkah Amanda Tbk.,--UO2130000000H111------------,144.0,147.0,147.0,142.0,145.0,1.0,1589100,227658700,252,131.8,146,500,143,3400,3873500000,3873500000,424922950,5000,102800,0,0,0
2025-10-09,AMAN,Makmur Berkah Amanda Tbk.,--UO2130000000H111------------,141.0,145.0,154.0,140.0,144.0,3.0,4217400,613853800,749,130.9,144,47300,143,100,3873500000,3873500000,424922950,201200,653500,0,0,0
2025-10-08,AMAN,Makmur Berkah Amanda Tbk.,--UO2130000000H111------------,150.0,150.0,150.0,135.0,141.0,-9.0,7425300,1040142400,826,128.2,142,800,141,6900,3873500000,3873500000,424922950,229500,727700,0,0,0
2025-10-07,AMAN,Makmur Berkah Amanda Tbk.,--UO2130000000H111------------,153.0,152.0,153.0,147.0,150.0,-3.0,2650400,396747400,393,136.4,151,46000,150,18800,3873500000,3873500000,424922950,214600,7300,0,0,0
2025-10-06,AMAN,Makmur Berkah Amanda Tbk.,--UO2130000000H111------------,153.0,153.0,155.0,150.0,153.0,0.0,1725100,261550200,392,139.1,154,72000,153,7300,3873500000,3873500000,424922950,92600,91600,0,0,0
2025-10-03,AMAN,Makmur Berkah Amanda Tbk.,--UO2130000000H111------------,153.0,153.0,155.0,151.0,153.0,0.0,1458800,222789100,305,139.1,153,99400,152,54200,3873500000,3873500000,424922950,55900,0,0,0,0
2025-10-02,AMAN,Makmur Berkah Amanda Tbk.,--UO2130000000H111------------,162.0,162.0,164.0,150.0,153.0,-9.0,6907000,1056207700,866,139.1,154,74900,153,203600,3873500000,3873500000,424922950,3684200,226000,94200,14130000,1
2025-10-01,AMAN,Makmur Berkah Amanda Tbk.,--UO2130000000H111------------,156.0,164.0,164.0,155.0,162.0,6.0,7997100,1295732200,823,147.3,162,216900,159,46600,3873500000,3873500000,424922950,777900,2712600,0,0,0
2025-09-30,AMAN,Makmur Berkah Amanda Tbk.,--UO2130000000H111------------,153.0,154.0,157.0,151.0,156.0,3.0,3800500,584415600,600,141.8,157,215300,156,441400,3873500000,3873500000,424922950,165900,128900,0,0,0
2025-09-29,AMAN,Makmur Berkah Amanda Tbk.,--UO2130000000H111------------,155.0,155.0,158.0,150.0,153.0,-2.0,3047200,469060400,665,139.1,154,2300,153,534300,3873500000,3873500000,424922950,136700,195900,0,0,0
2025-09-26,AMAN,Makmur Berkah Amanda Tbk.,--UO2130000000H111------------,150.0,150.0,157.0,147.0,155.0,5.0,4041200,617653800,814,140.9,156,1500,155,359900,3873500000,3873500000,424922950,197300,588000,0,0,0
2025-09-25,AMAN,Makmur Berkah Amanda Tbk.,--UO2130000000H111------------,160.0,160.0,165.0,147.0,150.0,-10.0,10950900,1698668100,1604,136.4,153,21000,150,82500,3873500000,3873500000,424922950,1148300,1320800,0,0,0
2025-09-24,AMAN,Makmur Berkah Amanda Tbk.,--UO2130000000H111------------,170.0,170.0,171.0,157.0,160.0,-10.0,14032700,2272460800,1861,145.5,160,205000,159,268700,3873500000,3873500000,424922950,1131200,1161800,0,0,0
2025-09-23,AMAN,Makmur Berkah Amanda Tbk.,--UO2130000000H111------------,179.0,180.0,180.0,166.0,170.0,-9.0,20721200,3523637800,2548,154.5,171,141000,170,400,3873500000,3873500000,424922950,1277000,2123500,0,0,0
2025-09-22,AMAN,Makmur Berkah Amanda Tbk.,--UO2130000000H111------------,170.0,199.0,210.0,164.0,179.0,9.0,117227000,22447462600,12974,162.7,180,21900,179,78000,3873500000,3873500000,424922950,9782700,7864400,0,0,0
2025-09-19,AMAN,Makmur Berkah Amanda Tbk.,--UO2130000000H111------------,126.0,140.0,170.0,133.0,170.0,44.0,57571900,9566659000,4259,154.5,0,0,170,6356500,3873500000,3873500000,424922950,5333800,4972900,0,0,0
2025-09-18,AMAN,Makmur Berkah Amanda Tbk.,--UO2130000000H111------------,123.0,124.0,134.0,124.0,126.0,3.0,7703600,991658100,998,114.5,127,3000,126,82700,3873500000,3873500000,424922950,234700,124700,0,0,0
2025-09-17,AMAN,Makmur Berkah Amanda Tbk.,--UO2130000000H111------------,121.0,122.0,126.0,120.0,123.0,2.0,3198600,391843000,262,111.8,124,184800,123,46200,3873500000,3873500000,424922950,345800,235100,0,0,0
2025-09-16,AMAN,Makmur Berkah Amanda Tbk.,--UO2130000000H111------------,121.0,125.0,125.0,119.0,121.0,0.0,3656800,441092800,339,110.0,121,178900,120,228800,3873500000,3873500000,424922950,0,8900,0,0,0
2025-09-15,AMAN,Makmur Berkah Amanda Tbk.,--UO2130000000H111------------,120.0,120.0,126.0,119.0,121.0,1.0,3326100,403401800,387,110.0,121,2900,120,448100,3873500000,3873500000,424922950,106700,605000,0,0,0
2025-09-12,AMAN,Makmur Berkah Amanda Tbk.,--UO2130000000H111------------,120.0,120.0,121.0,118.0,120.0,0.0,1088400,130014500,141,109.1,121,30000,120,18000,3873500000,3873500000,424922950,600,156500,0,0,0
2025-09-11,AMAN,Makmur Berkah Amanda Tbk.,--UO2130000000H111------------,120.0,120.0,123.0,117.0,120.0,0.0,2253200,268132900,257,109.1,121,60400,120,181600,3873500000,3873500000,424922950,65000,230600,0,0,0
2025-09-10,AMAN,Makmur Berkah Amanda Tbk.,--UO2130000000H111------------,117.0,118.0,123.0,118.0,120.0,3.0,2611500,314307000,271,109.1,120,87700,119,34500,3873500000,3873500000,424922950,184300,1400,0,0,0
2025-09-09,AMAN,Makmur Berkah Amanda Tbk.,--UO2130000000H111------------,121.0,121.0,124.0,117.0,117.0,-4.0,2249400,266260700,267,106.4,118,13800,117,1053700,3873500000,3873500000,424922950,2900,0,0,0,0
2025-09-08,AMAN,Makmur Berkah Amanda Tbk.,--UO2130000000H111------------,123.0,123.0,125.0,121.0,121.0,-2.0,1956300,238522900,238,110.0,121,2900,120,205400,3873500000,3873500000,424922950,0,99500,0,0,0
2025-09-04,AMAN,Makmur Berkah Amanda Tbk.,--UO2130000000H111------------,125.0,124.0,127.0,121.0,123.0,-2.0,2303700,285206600,296,111.8,124,49900,123,128600,3873500000,3873500000,424922950,314200,30000,0,0,0
2025-09-03,AMAN,Makmur Berkah Amanda Tbk.,--UO2130000000H111------------,119.0,120.0,134.0,120.0,125.0,6.0,5726100,725242300,817,113.6,127,740800,125,113000,3873500000,3873500000,424922950,704100,853600,0,0,0
2025-09-02,AMAN,Makmur Berkah Amanda Tbk.,--UO2130000000H111------------,117.0,118.0,121.0,117.0,119.0,2.0,1425900,169575900,246,108.2,120,182300,119,2600,3873500000,3873500000,424922950,3900,30000,0,0,0
2025-09-01,AMAN,Makmur Berkah Amanda Tbk.,--UO2130000000H111------------,119.0,112.0,122.0,112.0,117.0,-2.0,3980400,464083700,457,106.4,118,18300,117,314700,3873500000,3873500000,424922950,72600,1285900,0,0,0
2025-08-29,AMAN,Makmur Berkah Amanda Tbk.,--UO2130000000H111------------,123.0,123.0,124.0,114.0,119.0,-4.0,5989000,710580400,805,108.2,120,33900,119,75500,3873500000,3873500000,424922950,40000,275100,0,0,0
2025-08-28,AMAN,Makmur Berkah Amanda Tbk.,--UO2130000000H111------------,128.0,128.0,130.0,120.0,123.0,-5.0,11149500,1394987700,1222,111.8,125,22800,123,177100,3873500000,3873500000,424922950,1687200,375300,0,0,0
2025-08-27,AMAN,Makmur Berkah Amanda Tbk.,--UO2130000000H111------------,118.0,119.0,141.0,119.0,128.0,10.0,25206700,3222372500,2578,116.4,128,2425800,127,46000,3873500000,3873500000,424922950,2501500,2042300,0,0,0
2025-08-26,AMAN,Makmur Berkah Amanda Tbk.,--UO2130000000H111------------,120.0,120.0,122.0,118.0,118.0,-2.0,2962600,353245600,239,107.3,119,405200,117,397400,3873500000,3873500000,424922950,13900,0,0,0,0
2025-08-25,AMAN,Makmur Berkah Amanda Tbk.,--UO2130000000H111------------,120.0,124.0,124.0,118.0,120.0,0.0,4001700,480311400,336,109.1,120,82800,119,236400,3873500000,3873500000,424922950,94700,30300,0,0,0
2025-08-22,AMAN,Makmur Berkah Amanda Tbk.,--UO2130000000H111------------,122.0,125.0,125.0,119.0,120.0,-2.0,1637800,196704900,215,109.1,121,280600,120,79100,3873500000,3873500000,424922950,0,1700,0,0,0
2025-08-21,AMAN,Makmur Berkah Amanda Tbk.,--UO2130000000H111------------,119.0,120.0,123.0,119.0,122.0,3.0,5368400,645771500,357,110.9,122,97100,120,198100,3873500000,3873500000,424922950,2015200,897700,0,0,0
2025-08-20,AMAN,Makmur Berkah Amanda Tbk.,--UO2130000000H111------------,119.0,120.0,126.0,117.0,119.0,0.0,6072400,735315000,581,108.2,120,1200,119,325200,3873500000,3873500000,424922950,1905800,376700,918300,109277700,1
2025-08-19,AMAN,Makmur Berkah Amanda Tbk.,--UO2130000000H111------------,115.0,115.0,122.0,115.0,119.0,4.0,9797500,1171524500,795,108.2,120,43600,119,47900,3873500000,3873500000,424922950,744000,107600,0,0,0
2025-08-15,AMAN,Makmur Berkah Amanda Tbk.,--UO2130000000H111------------,113.0,114.0,119.0,114.0,115.0,2.0,5129400,594083800,432,104.5,115,197300,114,1240300,3873500000,3873500000,424922950,1066200,0,0,0,0
2025-08-14,AMAN,Makmur Berkah Amanda Tbk.,--UO2130000000H111------------,113.0,113.0,115.0,113.0,113.0,0.0,2928000,333061500,279,102.7,114,796400,113,242300,3873500000,3873500000,424922950,234300,3100,0,0,0
2025-08-13,AMAN,Makmur Berkah Amanda Tbk.,--UO2130000000H111------------,113.0,114.0,115.0,111.0,113.0,0.0,2990400,335728100,181,102.7,113,614600,112,359500,3873500000,3873500000,424922950,1466800,355200,0,0,0
2025-08-12,AMAN,Makmur Berkah Amanda Tbk.,--UO2130000000H111------------,113.0,114.0,116.0,113.0,113.0,0.0,1323400,150978400,165,102.7,114,56400,113,376300,3873500000,3873500000,424922950,257300,3500,0,0,0
2025-08-11,AMAN,Makmur Berkah Amanda Tbk.,--UO2130000000H111------------,113.0,114.0,114.0,111.0,113.0,0.0,1091300,122905400,182,102.7,114,408200,113,17400,3873500000,3873500000,424922950,6000,200,0,0,0
2025-08-08,AMAN,Makmur Berkah Amanda Tbk.,--UO2130000000H111------------,114.0,115.0,117.0,112.0,113.0,-1.0,2232500,252598700,215,102.7,113,7500,112,150300,3873500000,3873500000,424922950,2500,0,0,0,0
2025-08-07,AMAN,Makmur Berkah Amanda Tbk.,--UO2130000000H111------------,111.0,111.0,115.0,111.0,114.0,3.0,2102500,238385600,224,103.6,114,2700,113,139100,3873500000,3873500000,424922950,400,298800,0,0,0
2025-08-06,AMAN,Makmur Berkah Amanda Tbk.,--UO2130000000H111------------,113.0,113.0,114.0,111.0,111.0,-2.0,2007700,224701800,190,100.9,111,545600,110,419500,3873500000,3873500000,424922950,230000,1500,0,0,0
2025-08-05,AMAN,Makmur Berkah Amanda Tbk.,--UO2130000000H111------------,114.0,115.0,115.0,109.0,113.0,-1.0,5899600,654326400,450,102.7,113,4300,112,13400,3873500000,3873500000,424922950,179700,290800,0,0,0
2025-08-04,AMAN,Makmur Berkah Amanda Tbk.,--UO2130000000H111------------,115.0,115.0,116.0,113.0,114.0,-1.0,2385400,271359800,237,103.6,115,163300,114,3600,3873500000,3873500000,424922950,50000,254700,0,0,0
2025-08-01,AMAN,Makmur Berkah Amanda Tbk.,--UO2130000000H111------------,115.0,115.0,117.0,113.0,115.0,0.0,3088600,352663600,280,104.5,115,5100,114,231800,3873500000,3873500000,424922950,511700,963900,0,0,0
2025-07-31,AMAN,Makmur Berkah Amanda Tbk.,--UO2130000000H111------------,113.0,114.0,119.0,114.0,115.0,2.0,7179300,833232100,618,104.5,116,407500,115,660100,3873500000,3873500000,424922950,887800,839400,0,0,0
2025-07-30,AMAN,Makmur Berkah Amanda Tbk.,--UO2130000000H111------------,124.0,124.0,127.0,111.0,113.0,-11.0,16511400,1917556200,1193,102.7,115,7000,113,537700,3873500000,3873500000,424922950,670300,551700,0,0,0
2025-07-29,AMAN,Makmur Berkah Amanda Tbk.,--UO2130000000H111------------,125.0,128.0,128.0,122.0,124.0,-1.0,3521300,439362000,502,112.7,125,200,124,32000,3873500000,3873500000,424922950,303500,329200,0,0,0
2025-07-28,AMAN,Makmur Berkah Amanda Tbk.,--UO2130000000H111------------,120.0,120.0,131.0,116.0,125.0,5.0,12462000,1551959500,1064,113.6,126,201900,125,296600,3873500000,3873500000,424922950,1239200,797100,0,0,0
2025-07-25,AMAN,Makmur Berkah Amanda Tbk.,--UO2130000000H111------------,116.0,116.0,122.0,115.0,120.0,4.0,5563100,659895700,545,109.1,121,205200,120,166700,3873500000,3873500000,424922950,333100,281000,0,0,0
2025-07-24,AMAN,Makmur Berkah Amanda Tbk.,--UO2130000000H111------------,112.0,112.0,121.0,111.0,116.0,4.0,8609100,997320400,758,105.5,117,73600,116,125700,3873500000,3873500000,424922950,89500,733400,0,0,0
2025-07-23,AMAN,Makmur Berkah Amanda Tbk.,--UO2130000000H111------------,112.0,112.0,113.0,110.0,112.0,0.0,2675700,296866700,282,101.8,112,40800,111,1143600,3873500000,3873500000,424922950,187100,180500,0,0,0
2025-07-22,AMAN,Makmur Berkah Amanda Tbk.,--UO2130000000H111------------,111.0,111.0,115.0,110.0,112.0,1.0,5086200,571780200,409,101.8,113,192600,112,8200,3873500000,3873500000,424922950,652300,16100,0,0,0
2025-07-21,AMAN,Makmur Berkah Amanda Tbk.,--UO2130000000H111------------,106.0,106.0,113.0,106.0,111.0,5.0,6990000,768928100,663,100.9,111,284900,110,153500,3873500000,3873500000,424922950,108800,202500,0,0,0
2025-07-18,AMAN,Makmur Berkah Amanda Tbk.,--UO2130000000H111------------,103.0,105.0,107.0,103.0,106.0,3.0,2524600,265609800,229,96.4,106,10500,105,512900,3873500000,3873500000,424922950,0,7600,0,0,0
2025-07-17,AMAN,Makmur Berkah Amanda Tbk.,--UO2130000000H111------------,104.0,103.0,105.0,102.0,103.0,-1.0,934100,96090900,143,93.6,104,14100,103,119000,3873500000,3873500000,424922950,0,4300,0,0,0
2025-07-16,AMAN,Makmur Berkah Amanda Tbk.,--UO2130000000H111------------,105.0,107.0,107.0,101.0,104.0,-1.0,3039500,314013400,295,94.5,104,40000,103,200,3873500000,3873500000,424922950,18100,106700,0,0,0
2025-07-15,AMAN,Makmur Berkah Amanda Tbk.,--UO2130000000H111------------,106.0,107.0,107.0,104.0,105.0,-1.0,803300,84869800,148,95.5,105,36000,104,36500,3873500000,3873500000,424922950,91800,0,0,0,0
2025-07-14,AMAN,Makmur Berkah Amanda Tbk.,--UO2130000000H111------------,103.0,103.0,110.0,103.0,106.0,3.0,3549800,376269600,420,96.4,106,18600,105,159500,3873500000,3873500000,424922950,2600,124500,0,0,0
2025-07-11,AMAN,Makmur Berkah Amanda Tbk.,--UO2130000000H111------------,102.0,102.0,107.0,101.0,103.0,1.0,1847700,192080200,229,93.6,104,60500,102,71000,3873500000,3873500000,424922950,10000,0,0,0,0
2025-07-10,AMAN,Makmur Berkah Amanda Tbk.,--UO2130000000H111------------,99.0,100.0,103.0,100.0,102.0,3.0,527300,53296900,134,92.7,103,406900,102,117700,3873500000,3873500000,424922950,23000,284800,0,0,0
2025-07-09,AMAN,Makmur Berkah Amanda Tbk.,--UO2130000000H111------------,100.0,101.0,101.0,91.0,99.0,-1.0,1128700,110921600,190,90.0,100,41100,99,21800,3873500000,3873500000,424922950,0,0,0,0,0
2025-07-08,AMAN,Makmur Berkah Amanda Tbk.,--UO2130000000H111------------,100.0,102.0,102.0,100.0,100.0,0.0,561600,56221300,83,90.9,100,20300,99,87400,3873500000,3873500000,424922950,0,600,0,0,0
2025-07-07,AMAN,Makmur Berkah Amanda Tbk.,--UO2130000000H111------------,102.0,102.0,102.0,100.0,100.0,-2.0,771500,77648600,91,90.9,101,759200,100,15200,3873500000,3873500000,424922950,126100,0,0,0,0
2025-07-04,AMAN,Makmur Berkah Amanda Tbk.,--UO2130000000H111------------,101.0,101.0,102.0,101.0,102.0,1.0,419100,42347500,45,92.7,102,25400,101,260100,3873500000,3873500000,424922950,2400,0,0,0,0
2025-07-03,AMAN,Makmur Berkah Amanda Tbk.,--UO2130000000H111------------,100.0,100.0,101.0,100.0,101.0,1.0,226300,22661600,58,91.8,101,134800,100,29700,3873500000,3873500000,424922950,8200,0,0,0,0
2025-07-02,AMAN,Makmur Berkah Amanda Tbk.,--UO2130000000H111------------,101.0,102.0,102.0,99.0,100.0,-1.0,244800,24595400,71,90.9,100,3200,99,69800,3873500000,3873500000,424922950,10100,0,0,0,0
2025-07-01,AMAN,Makmur Berkah Amanda Tbk.,--UO2130000000H111------------,101.0,102.0,103.0,101.0,101.0,0.0,809200,81931800,59,91.8,102,101700,101,367100,3873500000,3873500000,424922950,500,58400,0,0,0
2025-06-30,AMAN,Makmur Berkah Amanda Tbk.,--UO2130000000H111------------,102.0,102.0,102.0,100.0,101.0,-1.0,558300,56431600,88,91.8,102,19000,101,507200,3873500000,3873500000,425310300,36300,0,0,0,0
2025-06-26,AMAN,Makmur Berkah Amanda Tbk.,--UO2130000000H111------------,100.0,100.0,104.0,96.0,102.0,2.0,1796200,181239300,182,92.7,102,107100,100,399400,3873500000,3873500000,425310300,386700,76200,0,0,0
2025-06-25,AMAN,Makmur Berkah Amanda Tbk.,--UO2130000000H111------------,101.0,101.0,102.0,95.0,100.0,-1.0,1481600,145460600,212,90.9,100,297500,99,100,3873500000,3873500000,425310300,749500,25900,0,0,0
2025-06-24,AMAN,Makmur Berkah Amanda Tbk.,--UO2130000000H111------------,100.0,100.0,103.0,99.0,101.0,1.0,808800,81025000,128,91.8,101,8400,99,25100,3873500000,3873500000,425310300,391200,195800,0,0,0
2025-06-23,AMAN,Makmur Berkah Amanda Tbk.,--UO2130000000H111------------,101.0,101.0,104.0,97.0,100.0,-1.0,904000,91452900,183,90.9,101,9200,100,970400,3873500000,3873500000,425310300,0,1000,0,0,0
2025-06-20,AMAN,Makmur Berkah Amanda Tbk.,--UO2130000000H111------------,102.0,104.0,104.0,99.0,101.0,-1.0,499800,50611700,107,91.8,102,35400,101,26500,3873500000,3873500000,425310300,0,4700,0,0,0
2025-06-19,AMAN,Makmur Berkah Amanda Tbk.,--UO2130000000H111------------,103.0,104.0,105.0,97.0,102.0,-1.0,2307000,231800900,323,92.7,102,90700,100,10700,3873500000,3873500000,425310300,52900,40500,0,0,0
2025-06-18,AMAN,Makmur Berkah Amanda Tbk.,--UO2130000000H111------------,104.0,104.0,105.0,99.0,103.0,-1.0,1129900,116082100,258,93.6,103,19700,102,79300,3873500000,3873500000,425310300,0,72400,0,0,0
2025-06-17,AMAN,Makmur Berkah Amanda Tbk.,--UO2130000000H111------------,106.0,106.0,106.0,103.0,104.0,-2.0,1055000,109661600,165,94.5,105,37500,104,10000,3873500000,3873500000,425310300,0,45900,0,0,0
2025-06-16,AMAN,Makmur Berkah Amanda Tbk.,--UO2130000000H111------------,105.0,105.0,106.0,100.0,106.0,1.0,2023000,206957300,271,96.4,106,102700,104,95400,3873500000,3873500000,425310300,76200,364300,0,0,0
2025-06-13,AMAN,Makmur Berkah Amanda Tbk.,--UO2130000000H111------------,107.0,0.0,107.0,104.0,105.0,-2.0,2384200,251328400,274,95.5,107,55500,105,100,3873500000,3873500000,425310300,129800,363800,0,0,0
2025-06-12,AMAN,Makmur Berkah Amanda Tbk.,--UO2130000000H111------------,110.0,109.0,112.0,106.0,107.0,-3.0,2654700,283334100,359,97.3,107,35600,106,153200,3873500000,3873500000,425310300,0,40200,0,0,0
2025-06-11,AMAN,Makmur Berkah Amanda Tbk.,--UO2130000000H111------------,111.0,111.0,112.0,106.0,110.0,-1.0,2637200,285429500,345,100.0,110,161000,109,500,3873500000,3873500000,425310300,50500,42000,0,0,0
2025-06-10,AMAN,Makmur Berkah Amanda Tbk.,--UO2130000000H111------------,113.0,115.0,115.0,110.0,111.0,-2.0,1703700,191675400,279,100.9,111,357300,110,320000,3873500000,3873500000,425310300,98100,15000,0,0,0
2025-06-05,AMAN,Makmur Berkah Amanda Tbk.,--UO2130000000H111------------,113.0,113.0,115.0,112.0,113.0,0.0,603900,68339400,145,102.7,114,104800,113,13100,3873500000,3873500000,425310300,0,10200,0,0,0
2025-06-04,AMAN,Makmur Berkah Amanda Tbk.,--UO2130000000H111------------,115.0,115.0,115.0,110.0,113.0,-2.0,1962000,220990200,299,102.7,114,44800,112,245700,3873500000,3873500000,425310300,30900,85100,0,0,0
2025-06-03,AMAN,Makmur Berkah Amanda Tbk.,--UO2130000000H111------------,111.0,111.0,121.0,108.0,115.0,4.0,3972700,455265100,429,104.5,115,122100,114,172000,3873500000,3873500000,425310300,475700,476400,0,0,0
2025-06-02,AMAN,Makmur Berkah Amanda Tbk.,--UO2130000000H111------------,111.0,111.0,111.0,106.0,111.0,0.0,1790600,193837500,242,100.9,111,117800,110,2500,3873500000,3873500000,425310300,3200,131200,0,0,0
2025-05-28,AMAN,Makmur Berkah Amanda Tbk.,--UO2130000000H111------------,110.0,0.0,112.0,109.0,111.0,1.0,1098600,121135100,128,100.9,111,47200,110,3800,3873500000,3873500000,425310300,5400,41700,0,0,0
2025-05-27,AMAN,Makmur Berkah Amanda Tbk.,--UO2130000000H111------------,111.0,111.0,115.0,110.0,110.0,-1.0,2009000,224207100,284,100.0,110,233000,109,450700,3873500000,3873500000,425310300,170300,139500,0,0,0
2025-05-26,AMAN,Makmur Berkah Amanda Tbk.,--UO2130000000H111------------,114.0,115.0,115.0,109.0,111.0,-3.0,3443800,382377200,314,100.9,111,34000,110,269800,3873500000,3873500000,425310300,39800,467900,0,0,0
2025-05-23,AMAN,Makmur Berkah Amanda Tbk.,--UO2130000000H111------------,114.0,115.0,115.0,113.0,114.0,0.0,1629700,184971400,177,103.6,114,180500,113,700,3873500000,3873500000,425310300,0,71700,0,0,0
2025-05-22,AMAN,Makmur Berkah Amanda Tbk.,--UO2130000000H111------------,118.0,117.0,117.0,113.0,114.0,-4.0,2143300,246511400,334,103.6,115,70900,114,212200,3873500000,3873500000,425310300,31000,73200,0,0,0
2025-05-21,AMAN,Makmur Berkah Amanda Tbk.,--UO2130000000H111------------,118.0,119.0,120.0,114.0,118.0,0.0,6722500,790524900,693,107.3,118,796500,117,20200,3873500000,3873500000,425310300,1054000,165400,0,0,0
2025-05-20,AMAN,Makmur Berkah Amanda Tbk.,--UO2130000000H111------------,112.0,112.0,119.0,110.0,118.0,6.0,13065000,1505804200,1050,107.3,119,587800,118,105400,3873500000,3873500000,425310300,676800,429200,0,0,0
2025-05-19,AMAN,Makmur Berkah Amanda Tbk.,--UO2130000000H111------------,112.0,112.0,113.0,108.0,112.0,0.0,5091700,557475000,534,101.8,112,98700,111,16200,3873500000,3873500000,425310300,336900,245900,0,0,0
2025-05-16,AMAN,Makmur Berkah Amanda Tbk.,--UO2130000000H111------------,119.0,121.0,126.0,110.0,112.0,-7.0,25120100,2973210900,1990,101.8,114,7400,112,3000,3873500000,3873500000,425310300,998100,857400,0,0,0
2025-05-15,AMAN,Makmur Berkah Amanda Tbk.,--UO2130000000H111------------,101.0,101.0,126.0,101.0,119.0,18.0,23815100,2770006300,3258,108.2,120,382700,119,102700,3873500000,3873500000,425310300,1450400,806400,0,0,0
2025-05-14,AMAN,Makmur Berkah Amanda Tbk.,--UO2130000000H111------------,99.0,99.0,101.0,98.0,101.0,2.0,2948300,292065000,295,91.8,101,35800,99,118600,3873500000,3873500000,425310300,98500,126000,0,0,0
2025-05-09,AMAN,Makmur Berkah Amanda Tbk.,--UO2130000000H111------------,100.0,100.0,101.0,98.0,99.0,-1.0,2067300,206100900,176,90.0,100,300,99,55200,3873500000,3873500000,425310300,95300,54300,0,0,0
2025-05-08,AMAN,Makmur Berkah Amanda Tbk.,--UO2130000000H111------------,102.0,102.0,103.0,99.0,100.0,-2.0,3685800,371124000,361,90.9,100,128200,99,56600,3873500000,3873500000,425310300,150300,20800,0,0,0
2025-05-07,AMAN,Makmur Berkah Amanda Tbk.,--UO2130000000H111------------,100.0,100.0,103.0,98.0,102.0,2.0,3856600,388318500,406,92.7,102,30000,101,4900,3873500000,3873500000,425310300,61200,325300,0,0,0
2025-05-06,AMAN,Makmur Berkah Amanda Tbk.,--UO2130000000H111------------,102.0,102.0,103.0,99.0,100.0,-2.0,6152600,621245300,522,90.9,101,118100,100,37300,3873500000,3873500000,425310300,267100,0,0,0,0
2025-05-05,AMAN,Makmur Berkah Amanda Tbk.,--UO2130000000H111------------,96.0,96.0,105.0,96.0,102.0,6.0,8419200,845997400,1062,92.7,103,118100,102,44700,3873500000,3873500000,425310300,455700,410000,0,0,0
2025-05-02,AMAN,Makmur Berkah Amanda Tbk.,--UO2130000000H111------------,91.0,91.0,96.0,91.0,96.0,5.0,6065800,566875700,520,87.3,96,401900,95,168300,3873500000,3873500000,425310300,100000,0,0,0,0
2025-04-30,AMAN,Makmur Berkah Amanda Tbk.,--UO2130000000H111------------,90.0,90.0,91.0,89.0,91.0,1.0,1563900,140793900,132,82.7,91,206000,90,500,3873500000,3873500000,425310300,0,100,0,0,0
2025-04-29,AMAN,Makmur Berkah Amanda Tbk.,--UO2130000000H111------------,90.0,90.0,90.0,89.0,90.0,0.0,1114200,100269900,98,81.8,90,185200,89,208700,3873500000,3873500000,425310300,0,200,0,0,0
2025-04-28,AMAN,Makmur Berkah Amanda Tbk.,--UO2130000000H111------------,89.0,89.0,90.0,88.0,90.0,1.0,1384600,123348500,136,81.8,90,18000,89,72000,3873500000,3873500000,425310300,0,0,0,0,0
2025-04-25,AMAN,Makmur Berkah Amanda Tbk.,--UO2130000000H111------------,90.0,90.0,90.0,89.0,89.0,-1.0,1145300,103064200,81,80.9,90,64000,89,273900,3873500000,3873500000,425310300,300,0,0,0,0
2025-04-24,AMAN,Makmur Berkah Amanda Tbk.,--UO2130000000H111------------,91.0,91.0,91.0,89.0,90.0,-1.0,1356100,123051900,116,81.8,90,691200,89,225500,3873500000,3873500000,425310300,0,100,0,0,0
2025-04-23,AMAN,Makmur Berkah Amanda Tbk.,--UO2130000000H111------------,88.0,88.0,91.0,88.0,91.0,3.0,2013600,178759400,171,82.7,91,40600,90,125000,3873500000,3873500000,425310300,200,90000,0,0,0
2025-04-22,AMAN,Makmur Berkah Amanda Tbk.,--UO2130000000H111------------,89.0,89.0,90.0,88.0,88.0,-1.0,3007500,266164100,147,80.0,90,135100,89,300,3873500000,3873500000,425310300,300,0,0,0,0
2025-04-21,AMAN,Makmur Berkah Amanda Tbk.,--UO2130000000H111------------,90.0,90.0,90.0,89.0,89.0,-1.0,1305900,117290000,112,80.9,89,85800,88,665900,3873500000,3873500000,425310300,0,300,0,0,0
2025-04-17,AMAN,Makmur Berkah Amanda Tbk.,--UO2130000000H111------------,92.0,92.0,92.0,90.0,90.0,-2.0,1537700,140763200,105,81.8,91,63200,90,65500,3873500000,3873500000,425310300,16700,0,0,0,0
2025-04-16,AMAN,Makmur Berkah Amanda Tbk.,--UO2130000000H111------------,92.0,92.0,92.0,91.0,92.0,0.0,1224400,112467900,50,83.6,92,118200,91,17500,3873500000,3873500000,425310300,0,0,0,0,0
2025-04-15,AMAN,Makmur Berkah Amanda Tbk.,--UO2130000000H111------------,92.0,92.0,93.0,91.0,92.0,0.0,1165200,107108100,55,83.6,92,71100,91,97900,3873500000,3873500000,425310300,0,800,0,0,0
2025-04-14,AMAN,Makmur Berkah Amanda Tbk.,--UO2130000000H111------------,91.0,91.0,92.0,91.0,92.0,1.0,1252200,114001100,85,83.6,92,83800,91,18600,3873500000,3873500000,425310300,0,300,0,0,0
2025-04-11,AMAN,Makmur Berkah Amanda Tbk.,--UO2130000000H111------------,90.0,90.0,93.0,90.0,91.0,1.0,1355300,122690400,91,82.7,92,180300,91,227800,3873500000,3873500000,425310300,0,300,0,0,0
2025-04-10,AMAN,Makmur Berkah Amanda Tbk.,--UO2130000000H111------------,89.0,89.0,91.0,89.0,90.0,1.0,1062100,94690100,77,81.8,91,223600,90,98600,3873500000,3873500000,425310300,3300,0,0,0,0
2025-04-09,AMAN,Makmur Berkah Amanda Tbk.,--UO2130000000H111------------,90.0,89.0,90.0,89.0,89.0,-1.0,1126600,100286500,63,80.9,90,113900,89,18700,3873500000,3873500000,425310300,101900,0,0,0,0
2025-04-08,AMAN,Makmur Berkah Amanda Tbk.,--UO2130000000H111------------,97.0,95.0,95.0,88.0,90.0,-7.0,2430800,224855200,223,81.8,90,88000,89,119600,3873500000,3873500000,425310300,23100,0,0,0,0
2025-03-27,AMAN,Makmur Berkah Amanda Tbk.,--UO2130000000H111------------,95.0,95.0,98.0,94.0,97.0,2.0,1694300,162101500,83,88.2,97,111900,96,5000,3873500000,3873500000,425310300,0,2600,0,0,0
2025-03-26,AMAN,Makmur Berkah Amanda Tbk.,--UO2130000000H111------------,93.0,93.0,95.0,93.0,95.0,2.0,1262800,117794900,87,86.4,95,117000,94,500,3873500000,3873500000,425310300,0,0,0,0,0
2025-03-25,AMAN,Makmur Berkah Amanda Tbk.,--UO2130000000H111------------,92.0,92.0,93.0,92.0,93.0,1.0,1177700,108626600,65,84.5,93,3400,92,233000,3873500000,3873500000,425310300,0,2000,0,0,0
2025-03-24,AMAN,Makmur Berkah Amanda Tbk.,--UO2130000000H111------------,96.0,96.0,97.0,92.0,92.0,-4.0,1644900,156528800,86,83.6,93,861300,92,1400,3873500000,3873500000,425310300,509700,2600,0,0,0
2025-03-21,AMAN,Makmur Berkah Amanda Tbk.,--UO2130000000H111------------,98.0,98.0,99.0,96.0,96.0,-2.0,1460800,142520700,97,87.3,96,36900,95,129100,3873500000,3873500000,425310300,12400,8500,0,0,0
2025-03-20,AMAN,Makmur Berkah Amanda Tbk.,--UO2130000000H111------------,97.0,97.0,98.0,97.0,98.0,1.0,1069900,103816700,44,89.1,98,110900,97,35700,3873500000,3873500000,425310300,0,3400,0,0,0
2025-03-19,AMAN,Makmur Berkah Amanda Tbk.,--UO2130000000H111------------,96.0,96.0,97.0,96.0,97.0,1.0,1094400,105081300,58,88.2,97,236100,96,450300,3873500000,3873500000,425310300,0,7200,0,0,0
2025-03-18,AMAN,Makmur Berkah Amanda Tbk.,--UO2130000000H111------------,98.0,98.0,98.0,93.0,96.0,-2.0,2017900,195316900,154,87.3,96,360400,95,200,3873500000,3873500000,425310300,82900,0,0,0,0
2025-03-17,AMAN,Makmur Berkah Amanda Tbk.,--UO2130000000H111------------,99.0,99.0,99.0,97.0,98.0,-1.0,1588100,156767600,75,89.1,98,50800,97,267800,3873500000,3873500000,425310300,0,0,0,0,0
2025-03-14,AMAN,Makmur Berkah Amanda Tbk.,--UO2130000000H111------------,100.0,100.0,100.0,99.0,99.0,-1.0,801800,80127800,37,90.0,100,295300,99,142100,3873500000,3873500000,425310300,0,100,0,0,0
2025-03-13,AMAN,Makmur Berkah Amanda Tbk.,--UO2130000000H111------------,99.0,99.0,100.0,98.0,100.0,1.0,859000,85044400,38,90.9,100,194400,99,93500,3873500000,3873500000,425310300,0,0,0,0,0
2025-03-12,AMAN,Makmur Berkah Amanda Tbk.,--UO2130000000H111------------,99.0,99.0,100.0,99.0,99.0,0.0,811600,80457600,44,90.0,100,360400,99,36200,3873500000,3873500000,425310300,100,0,0,0,0
2025-03-11,AMAN,Makmur Berkah Amanda Tbk.,--UO2130000000H111------------,99.0,99.0,100.0,98.0,99.0,0.0,845400,83792800,47,90.0,99,159000,98,154000,3873500000,3873500000,425310300,0,0,0,0,0
2025-03-10,AMAN,Makmur Berkah Amanda Tbk.,--UO2130000000H111------------,100.0,100.0,100.0,99.0,99.0,-1.0,780100,77988500,51,90.0,100,14400,99,179900,3873500000,3873500000,425310300,0,0,0,0,0
2025-03-07,AMAN,Makmur Berkah Amanda Tbk.,--UO2130000000H111------------,100.0,109.0,109.0,99.0,100.0,0.0,1337000,137768000,142,90.9,100,96100,99,122800,3873500000,3873500000,425310300,0,99000,0,0,0
2025-03-06,AMAN,Makmur Berkah Amanda Tbk.,--UO2130000000H111------------,100.0,100.0,101.0,95.0,100.0,0.0,1870100,185040300,139,90.9,100,712700,99,25400,3873500000,3873500000,425310300,58600,100,0,0,0
2025-03-05,AMAN,Makmur Berkah Amanda Tbk.,--UO2130000000H111------------,99.0,99.0,100.0,98.0,100.0,1.0,972500,96308500,50,90.9,100,306200,99,104000,3873500000,3873500000,425310300,0,0,0,0,0
2025-03-04,AMAN,Makmur Berkah Amanda Tbk.,--UO2130000000H111------------,97.0,97.0,100.0,97.0,99.0,2.0,868400,84791600,75,90.0,99,300,98,8600,3873500000,3873500000,425310300,0,0,0,0,0
2025-03-03,AMAN,Makmur Berkah Amanda Tbk.,--UO2130000000H111------------,96.0,96.0,97.0,95.0,97.0,1.0,825300,79304300,61,88.2,97,69500,96,76200,3873500000,3873500000,425310300,193900,300,0,0,0
2025-02-28,AMAN,Makmur Berkah Amanda Tbk.,--UO2130000000H111------------,100.0,100.0,100.0,96.0,96.0,-4.0,1197000,118051000,90,87.3,99,78300,95,128900,3873500000,3873500000,425310300,92000,2400,0,0,0
2025-02-27,AMAN,Makmur Berkah Amanda Tbk.,--UO2130000000H111------------,100.0,100.0,100.0,97.0,100.0,0.0,942100,93607100,60,90.9,100,223400,97,99600,3873500000,3873500000,425310300,0,800,0,0,0
2025-02-26,AMAN,Makmur Berkah Amanda Tbk.,--UO2130000000H111------------,99.0,99.0,100.0,98.0,100.0,1.0,2079600,205902100,54,90.9,100,277400,99,28800,3873500000,3873500000,425310300,0,2400,0,0,0
2025-02-25,AMAN,Makmur Berkah Amanda Tbk.,--UO2130000000H111------------,100.0,100.0,100.0,97.0,99.0,-1.0,1413600,140458100,79,90.0,99,150300,97,93900,3873500000,3873500000,425310300,94500,0,0,0,0
2025-02-24,AMAN,Makmur Berkah Amanda Tbk.,--UO2130000000H111------------,100.0,100.0,100.0,99.0,100.0,0.0,734900,73429500,49,90.9,100,453400,99,89400,3873500000,3873500000,425310300,0,2400,0,0,0
2025-02-21,AMAN,Makmur Berkah Amanda Tbk.,--UO2130000000H111------------,100.0,100.0,100.0,99.0,100.0,0.0,742500,74070100,57,90.9,100,296900,99,24900,3873500000,3873500000,425310300,0,9100,0,0,0
2025-02-20,AMAN,Makmur Berkah Amanda Tbk.,--UO2130000000H111------------,99.0,99.0,100.0,99.0,100.0,1.0,745400,73805300,33,90.9,100,716900,99,33700,3873500000,3873500000,425310300,61200,0,0,0,0
2025-02-19,AMAN,Makmur Berkah Amanda Tbk.,--UO2130000000H111------------,100.0,100.0,100.0,99.0,99.0,-1.0,903600,90087300,57,90.0,100,353500,99,61300,3873500000,3873500000,425310300,0,0,0,0,0
2025-02-18,AMAN,Makmur Berkah Amanda Tbk.,--UO2130000000H111------------,100.0,100.0,100.0,99.0,100.0,0.0,588300,58760800,57,90.9,100,184300,99,271200,3873500000,3873500000,425310300,0,0,0,0,0
2025-02-17,AMAN,Makmur Berkah Amanda Tbk.,--UO2130000000H111------------,100.0,98.0,100.0,97.0,100.0,0.0,1165700,115057800,86,90.9,100,541500,99,288200,3873500000,3873500000,425310300,0,195000,0,0,0
2025-02-14,AMAN,Makmur Berkah Amanda Tbk.,--UO2130000000H111------------,100.0,100.0,100.0,99.0,100.0,0.0,632600,63253800,45,90.9,100,159300,99,138800,3873500000,3873500000,425310300,100,0,0,0,0
2025-02-13,AMAN,Makmur Berkah Amanda Tbk.,--UO2130000000H111------------,98.0,98.0,100.0,98.0,100.0,2.0,997800,98161300,69,90.9,100,468500,99,24400,3873500000,3873500000,425310300,0,234500,0,0,0
2025-02-12,AMAN,Makmur Berkah Amanda Tbk.,--UO2130000000H111------------,99.0,99.0,99.0,98.0,98.0,-1.0,879900,86779600,53,89.1,99,66700,98,11200,3873500000,3873500000,425310300,100,187300,0,0,0
2025-02-11,AMAN,Makmur Berkah Amanda Tbk.,--UO2130000000H111------------,99.0,99.0,99.0,98.0,99.0,0.0,717300,70802800,63,90.0,99,107200,97,132000,3873500000,3873500000,425310300,0,40200,0,0,0
2025-02-10,AMAN,Makmur Berkah Amanda Tbk.,--UO2130000000H111------------,99.0,99.0,99.0,98.0,99.0,0.0,694500,68651600,59,90.0,99,34300,98,104500,3873500000,3873500000,425310300,0,0,0,0,0
2025-02-07,AMAN,Makmur Berkah Amanda Tbk.,--UO2130000000H111------------,100.0,100.0,100.0,99.0,99.0,-1.0,531800,53130200,21,90.0,100,481100,99,84800,3873500000,3873500000,425310300,400,0,0,0,0
2025-02-06,AMAN,Makmur Berkah Amanda Tbk.,--UO2130000000H111------------,101.0,101.0,101.0,98.0,100.0,-1.0,1260400,125992700,106,90.9,100,812200,98,173000,3873500000,3873500000,425310300,0,29800,0,0,0
2025-02-05,AMAN,Makmur Berkah Amanda Tbk.,--UO2130000000H111------------,101.0,101.0,101.0,100.0,101.0,0.0,613100,61786700,50,91.8,101,471300,100,65400,3873500000,3873500000,425310300,0,1600,0,0,0
2025-02-04,AMAN,Makmur Berkah Amanda Tbk.,--UO2130000000H111------------,101.0,101.0,101.0,100.0,101.0,0.0,697400,70368900,59,91.8,102,560200,100,60100,3873500000,3873500000,425310300,0,37300,0,0,0
2025-02-03,AMAN,Makmur Berkah Amanda Tbk.,--UO2130000000H111------------,101.0,101.0,101.0,100.0,101.0,0.0,544400,54952000,64,91.8,101,168500,100,119700,3873500000,3873500000,425310300,0,500,0,0,0
2025-01-31,AMAN,Makmur Berkah Amanda Tbk.,--UO2130000000H111------------,101.0,101.0,101.0,100.0,101.0,0.0,628000,63277400,44,91.8,101,133700,100,70600,3873500000,3873500000,425310300,0,4100,0,0,0
2025-01-30,AMAN,Makmur Berkah Amanda Tbk.,--UO2130000000H111------------,101.0,101.0,101.0,100.0,101.0,0.0,546000,55084500,46,91.8,101,191100,100,96900,3873500000,3873500000,425310300,2300,0,0,0,0
2025-01-24,AMAN,Makmur Berkah Amanda Tbk.,--UO2130000000H111------------,101.0,101.0,101.0,100.0,101.0,0.0,570000,57487200,45,91.8,101,125600,100,71400,3873500000,3873500000,425310300,2600,0,0,0,0
2025-01-23,AMAN,Makmur Berkah Amanda Tbk.,--UO2130000000H111------------,102.0,102.0,102.0,100.0,101.0,-1.0,972700,98683800,79,91.8,102,290400,101,5000,3873500000,3873500000,425310300,0,0,0,0,0
2025-01-22,AMAN,Makmur Berkah Amanda Tbk.,--UO2130000000H111------------,101.0,101.0,102.0,100.0,102.0,1.0,871800,88033900,58,92.7,102,397800,101,320200,3873500000,3873500000,425310300,500,0,0,0,0
2025-01-21,AMAN,Makmur Berkah Amanda Tbk.,--UO2130000000H111------------,101.0,101.0,101.0,100.0,101.0,0.0,650900,65608600,62,91.8,101,289500,100,143500,3873500000,3873500000,425310300,0,17100,0,0,0
2025-01-20,AMAN,Makmur Berkah Amanda Tbk.,--UO2130000000H111------------,100.0,100.0,101.0,99.0,101.0,1.0,788000,78752500,86,91.8,101,456600,99,170400,3873500000,3873500000,425310300,51000,300,0,0,0
2025-01-17,AMAN,Makmur Berkah Amanda Tbk.,--UO2130000000H111------------,99.0,99.0,100.0,99.0,100.0,1.0,1005800,99835700,99,90.9,100,499700,99,56400,3873500000,3873500000,425310300,59700,0,0,0,0
2025-01-16,AMAN,Makmur Berkah Amanda Tbk.,--UO2130000000H111------------,100.0,100.0,100.0,99.0,99.0,-1.0,818600,81675500,64,90.0,100,135600,99,101200,3873500000,3873500000,425310300,0,0,0,0,0
2025-01-15,AMAN,Makmur Berkah Amanda Tbk.,--UO2130000000H111------------,100.0,100.0,101.0,99.0,100.0,0.0,881700,88287900,105,90.9,100,243700,99,226000,3873500000,3873500000,425310300,7800,0,0,0,0
2025-01-14,AMAN,Makmur Berkah Amanda Tbk.,--UO2130000000H111------------,100.0,100.0,101.0,100.0,100.0,0.0,430000,43010700,68,90.9,100,21600,99,141800,3873500000,3873500000,425310300,100,0,0,0,0
2025-01-13,AMAN,Makmur Berkah Amanda Tbk.,--UO2130000000H111------------,100.0,100.0,101.0,98.0,100.0,0.0,1119000,111567400,138,90.9,101,145600,100,12200,3873500000,3873500000,425310300,22000,0,0,0,0
2025-01-10,AMAN,Makmur Berkah Amanda Tbk.,--UO2130000000H111------------,100.0,100.0,101.0,97.0,100.0,0.0,918100,91125000,100,90.9,100,69100,99,1400,3873500000,3873500000,425310300,55000,0,0,0,0
2025-01-09,AMAN,Makmur Berkah Amanda Tbk.,--UO2130000000H111------------,101.0,101.0,102.0,99.0,100.0,-1.0,875100,87937300,101,90.9,100,113900,99,115900,3873500000,3873500000,425310300,145300,0,0,0,0
2025-01-08,AMAN,Makmur Berkah Amanda Tbk.,--UO2130000000H111------------,102.0,102.0,102.0,100.0,101.0,-1.0,404800,41102400,63,91.8,102,255400,101,600,3873500000,3873500000,425310300,92100,0,0,0,0
2025-01-07,AMAN,Makmur Berkah Amanda Tbk.,--UO2130000000H111------------,102.0,102.0,102.0,100.0,102.0,0.0,657500,66649500,80,92.7,102,358400,101,5900,3873500000,3873500000,425310300,0,400,0,0,0
2025-01-06,AMAN,Makmur Berkah Amanda Tbk.,--UO2130000000H111------------,102.0,102.0,102.0,101.0,102.0,0.0,638100,64747000,69,92.7,102,153000,101,33300,3873500000,3873500000,425310300,400,0,0,0,0
2025-01-03,AMAN,Makmur Berkah Amanda Tbk.,--UO2130000000H111------------,102.0,102.0,102.0,101.0,102.0,0.0,329600,33556000,54,92.7,102,269500,101,597200,3873500000,3873500000,425310300,100,0,0,0,0
2025-01-02,AMAN,Makmur Berkah Amanda Tbk.,--UO2130000000H111------------,102.0,102.0,102.0,101.0,102.0,0.0,380000,38650800,52,92.7,102,343100,101,464000,3873500000,3873500000,425310300,0,1200,0,0,0
2024-12-30,AMAN,Makmur Berkah Amanda Tbk.,--UO2130000000H111------------,102.0,102.0,102.0,101.0,102.0,0.0,392800,40057500,37,92.7,102,62200,101,208400,3873500000,3873500000,454748900,0,0,0,0,0
2024-12-27,AMAN,Makmur Berkah Amanda Tbk.,--UO2130000000H111------------,102.0,102.0,102.0,101.0,102.0,0.0,327600,33320600,35,92.7,102,215700,101,13100,3873500000,3873500000,454748900,0,500,0,0,0
2024-12-24,AMAN,Makmur Berkah Amanda Tbk.,--UO2130000000H111------------,102.0,102.0,102.0,100.0,102.0,0.0,807100,81722500,101,92.7,103,304900,102,500,3873500000,3873500000,454748900,134700,0,1002800,92257600,1
2024-12-23,AMAN,Makmur Berkah Amanda Tbk.,--UO2130000000H111------------,102.0,102.0,103.0,100.0,102.0,0.0,1081600,109258700,128,92.7,103,298700,102,9600,3873500000,3873500000,454748900,200,0,0,0,0
2024-12-20,AMAN,Makmur Berkah Amanda Tbk.,--UO2130000000H111------------,105.0,105.0,105.0,102.0,102.0,-3.0,897900,93350200,65,92.7,104,45600,102,140900,3873500000,3873500000,454748900,184400,0,0,0,0
2024-12-19,AMAN,Makmur Berkah Amanda Tbk.,--UO2130000000H111------------,108.0,108.0,108.0,104.0,105.0,-3.0,815600,86243300,98,95.5,105,341800,104,36700,3873500000,3873500000,454748900,95600,0,0,0,0
2024-12-18,AMAN,Makmur Berkah Amanda Tbk.,--UO2130000000H111------------,108.0,108.0,108.0,105.0,108.0,0.0,744500,79680700,80,98.2,107,5000,106,9100,3873500000,3873500000,454748900,0,200,0,0,0
2024-12-17,AMAN,Makmur Berkah Amanda Tbk.,--UO2130000000H111------------,108.0,108.0,108.0,106.0,108.0,0.0,767400,82359500,82,98.2,108,224700,107,53300,3873500000,3873500000,454748900,0,500,0,0,0
2024-12-16,AMAN,Makmur Berkah Amanda Tbk.,--UO2130000000H111------------,111.0,111.0,112.0,105.0,108.0,-3.0,2779000,302647900,209,98.2,109,1200,108,55600,3873500000,3873500000,454748900,0,59100,0,0,0
2024-12-13,AMAN,Makmur Berkah Amanda Tbk.,--UO2130000000H111------------,113.0,113.0,113.0,109.0,111.0,-2.0,2229100,248831800,159,100.9,111,17400,110,18600,3873500000,3873500000,454748900,58600,0,0,0,0
2024-12-12,AMAN,Makmur Berkah Amanda Tbk.,--UO2130000000H111------------,113.0,113.0,113.0,111.0,113.0,0.0,1104000,124353100,110,102.7,113,354300,112,26800,3873500000,3873500000,454748900,100,0,0,0,0
2024-12-11,AMAN,Makmur Berkah Amanda Tbk.,--UO2130000000H111------------,113.0,113.0,113.0,110.0,113.0,0.0,1230700,138130800,112,102.7,113,227900,112,800,3873500000,3873500000,454748900,0,0,0,0,0
2024-12-10,AMAN,Makmur Berkah Amanda Tbk.,--UO2130000000H111------------,112.0,112.0,113.0,110.0,113.0,1.0,2919300,326364400,247,102.7,113,328700,112,62500,3873500000,3873500000,454748900,300,465500,0,0,0
2024-12-09,AMAN,Makmur Berkah Amanda Tbk.,--UO2130000000H111------------,109.0,109.0,112.0,109.0,112.0,3.0,2274000,250651600,149,101.8,112,13500,111,43500,3873500000,3873500000,454748900,100,74300,0,0,0
2024-12-06,AMAN,Makmur Berkah Amanda Tbk.,--U-2130000000H111------------,109.0,0.0,109.0,107.0,109.0,0.0,1188300,129011900,133,99.1,109,121800,108,300,3873500000,3873500000,454748900,0,0,0,0,0
2024-12-05,AMAN,Makmur Berkah Amanda Tbk.,--U-2130000000H111------------,108.0,0.0,109.0,108.0,109.0,1.0,656100,70913000,65,99.1,109,328900,108,212200,3873500000,3873500000,454748900,54000,700,0,0,0
2024-12-04,AMAN,Makmur Berkah Amanda Tbk.,--U-2130000000H111------------,109.0,0.0,110.0,108.0,108.0,-1.0,882400,96212300,75,98.2,109,3300,108,152000,3873500000,3873500000,454748900,105600,0,0,0,0
2024-12-03,AMAN,Makmur Berkah Amanda Tbk.,--U-2130000000H111------------,108.0,0.0,109.0,108.0,109.0,1.0,865300,93466000,85,99.1,109,361000,108,3000,3873500000,3873500000,454748900,0,1500,0,0,0
2024-12-02,AMAN,Makmur Berkah Amanda Tbk.,--U-2130000000H111------------,108.0,0.0,109.0,108.0,108.0,0.0,1568800,169457200,63,98.2,109,325200,108,125100,3873500000,3873500000,454748900,138200,1900,0,0,0
2024-11-29,AMAN,Makmur Berkah Amanda Tbk.,--U-2130000000H111------------,109.0,0.0,110.0,108.0,108.0,-1.0,1613000,176263700,144,98.2,109,10000,108,1033500,3873500000,3873500000,454748900,65000,3700,0,0,0
2024-11-28,AMAN,Makmur Berkah Amanda Tbk.,--U-2130000000H111------------,111.0,0.0,111.0,109.0,109.0,-2.0,1336100,147199700,106,99.1,111,17800,109,40200,3873500000,3873500000,454748900,20000,0,0,0,0
2024-11-26,AMAN,Makmur Berkah Amanda Tbk.,--U-2130000000H111------------,109.0,0.0,113.0,109.0,111.0,2.0,2661100,295804000,196,100.9,111,275600,110,38500,3873500000,3873500000,454748900,4100,193300,0,0,0
2024-11-25,AMAN,Makmur Berkah Amanda Tbk.,--U-2130000000H111------------,111.0,0.0,111.0,109.0,109.0,-2.0,2277400,250914400,257,99.1,110,100,109,202800,3873500000,3873500000,454748900,21000,0,0,0,0
2024-11-22,AMAN,Makmur Berkah Amanda Tbk.,--U-2130000000H111------------,109.0,0.0,111.0,108.0,111.0,2.0,1321700,144278600,121,100.9,111,617400,109,70300,3873500000,3873500000,454748900,39400,100000,0,0,0
2024-11-21,AMAN,Makmur Berkah Amanda Tbk.,--U-2130000000H111------------,108.0,0.0,109.0,108.0,109.0,1.0,796400,86069100,77,99.1,109,258400,108,147000,3873500000,3873500000,454748900,119900,0,0,0,0
2024-11-20,AMAN,Makmur Berkah Amanda Tbk.,--U-2130000000H111------------,110.0,0.0,110.0,108.0,108.0,-2.0,950800,103753800,122,98.2,110,202100,108,311100,3873500000,3873500000,454748900,0,63300,0,0,0
2024-11-19,AMAN,Makmur Berkah Amanda Tbk.,--U-2130000000H111------------,109.0,0.0,110.0,108.0,110.0,1.0,1225600,133478100,111,100.0,110,198500,109,144900,3873500000,3873500000,454748900,89700,96800,0,0,0
2024-11-18,AMAN,Makmur Berkah Amanda Tbk.,--U-2130000000H111------------,110.0,0.0,111.0,109.0,109.0,-1.0,1530500,167891900,167,99.1,109,16900,108,1873400,3873500000,3873500000,454748900,100,0,0,0,0
2024-11-15,AMAN,Makmur Berkah Amanda Tbk.,--U-2130000000H111------------,111.0,0.0,112.0,109.0,110.0,-1.0,2334100,257462600,150,100.0,111,49900,110,4400,3873500000,3873500000,454748900,0,0,0,0,0
2024-11-14,AMAN,Makmur Berkah Amanda Tbk.,--U-2130000000H111------------,112.0,0.0,113.0,110.0,111.0,-1.0,2161000,239864200,127,100.9,113,306200,111,180800,3873500000,3873500000,454748900,98700,0,0,0,0
2024-11-13,AMAN,Makmur Berkah Amanda Tbk.,--U-2130000000H111------------,112.0,0.0,112.0,110.0,112.0,0.0,1124200,124865500,89,101.8,112,213200,111,5000,3873500000,3873500000,454748900,0,7600,0,0,0
2024-11-12,AMAN,Makmur Berkah Amanda Tbk.,--U-2130000000H111------------,112.0,0.0,112.0,110.0,112.0,0.0,1250600,139110500,133,101.8,112,62000,111,8900,3873500000,3873500000,454748900,0,17900,0,0,0
2024-11-11,AMAN,Makmur Berkah Amanda Tbk.,--U-2130000000H111------------,112.0,0.0,112.0,111.0,112.0,0.0,2782600,309707900,144,101.8,112,1400,111,25700,3873500000,3873500000,454748900,0,20500,0,0,0
2024-11-08,AMAN,Makmur Berkah Amanda Tbk.,--U-2130000000H111------------,112.0,0.0,113.0,111.0,112.0,0.0,1596200,178272000,124,101.8,112,44500,111,507600,3873500000,3873500000,454748900,0,17900,0,0,0
2024-11-07,AMAN,Makmur Berkah Amanda Tbk.,--U-2130000000H111------------,112.0,0.0,114.0,112.0,112.0,0.0,2026000,227587900,141,101.8,112,279500,111,812800,3873500000,3873500000,454748900,102100,36100,0,0,0
2024-11-06,AMAN,Makmur Berkah Amanda Tbk.,--U-2130000000H111------------,113.0,0.0,114.0,112.0,112.0,-1.0,1139400,128558500,132,101.8,113,148600,112,389100,3873500000,3873500000,454748900,0,0,7206500,814334500,1
2024-11-05,AMAN,Makmur Berkah Amanda Tbk.,--U-2130000000H111------------,112.0,0.0,114.0,112.0,113.0,1.0,1029500,115803000,121,102.7,114,673600,113,173900,3873500000,3873500000,454748900,0,60000,0,0,0
2024-11-04,AMAN,Makmur Berkah Amanda Tbk.,--U-2130000000H111------------,112.0,0.0,113.0,112.0,112.0,0.0,5401500,609524200,122,101.8,113,330900,112,577800,3873500000,3873500000,454748900,0,4430400,0,0,0
2024-11-01,AMAN,Makmur Berkah Amanda Tbk.,--U-2130000000H111------------,113.0,0.0,114.0,111.0,112.0,-1.0,5761600,645869100,349,101.8,113,152400,112,111500,3873500000,3873500000,454748900,158500,2876500,0,0,0
2024-10-31,AMAN,Makmur Berkah Amanda Tbk.,--U-2130000000H111------------,112.0,0.0,116.0,111.0,113.0,1.0,5158100,588365100,418,102.7,114,300100,112,115600,3873500000,3873500000,454748900,166000,164900,0,0,0
2024-10-30,AMAN,Makmur Berkah Amanda Tbk.,--U-2130000000H111------------,112.0,0.0,113.0,111.0,112.0,0.0,1250000,139722700,111,101.8,112,55000,111,249600,3873500000,3873500000,454748900,114300,0,0,0,0
2024-10-29,AMAN,Makmur Berkah Amanda Tbk.,--U-2130000000H111------------,113.0,0.0,113.0,111.0,112.0,-1.0,1064200,119537300,95,101.8,113,259700,112,400,3873500000,3873500000,454748900,0,0,0,0,0
2024-10-28,AMAN,Makmur Berkah Amanda Tbk.,--U-2130000000H111------------,114.0,0.0,114.0,112.0,113.0,-1.0,1137900,128865000,131,102.7,114,875100,113,275900,3873500000,3873500000,454748900,3600,110000,0,0,0
2024-10-25,AMAN,Makmur Berkah Amanda Tbk.,--U-2130000000H111------------,113.0,0.0,114.0,112.0,114.0,1.0,2168900,245095000,183,103.6,114,339000,113,48300,3873500000,3873500000,454748900,0,60000,10900,1231700,1
2024-10-24,AMAN,Makmur Berkah Amanda Tbk.,--U-2130000000H111------------,114.0,0.0,114.0,112.0,113.0,-1.0,2898900,327961600,290,102.7,114,228100,113,29100,3873500000,3873500000,454748900,50000,0,0,0,0
2024-10-23,AMAN,Makmur Berkah Amanda Tbk.,--U-2130000000H111------------,112.0,0.0,114.0,112.0,114.0,2.0,4313600,487812900,286,103.6,114,1095200,113,34300,3873500000,3873500000,454748900,0,200000,0,0,0
2024-10-22,AMAN,Makmur Berkah Amanda Tbk.,--U-2130000000H111------------,111.0,0.0,113.0,111.0,112.0,1.0,1344100,150045700,185,101.8,113,395500,112,29600,3873500000,3873500000,454748900,0,75000,7020000,786240000,1
2024-10-21,AMAN,Makmur Berkah Amanda Tbk.,--U-2130000000H111------------,110.0,0.0,111.0,109.0,111.0,1.0,8529100,938546200,186,100.9,111,54200,110,507000,3873500000,3873500000,454748900,0,7099700,0,0,0
2024-10-18,AMAN,Makmur Berkah Amanda Tbk.,--U-2130000000H111------------,110.0,0.0,111.0,110.0,110.0,0.0,606100,66765800,61,100.0,111,555300,110,184200,3873500000,3873500000,454748900,0,0,0,0,0
2024-10-17,AMAN,Makmur Berkah Amanda Tbk.,--U-2130000000H111------------,110.0,0.0,111.0,109.0,110.0,0.0,2161900,237724300,199,100.0,110,128000,109,249000,3873500000,3873500000,454748900,127400,50000,0,0,0
2024-10-16,AMAN,Makmur Berkah Amanda Tbk.,--U-2130000000H111------------,111.0,0.0,111.0,109.0,110.0,-1.0,1808900,200423200,250,100.0,111,149000,110,78500,3873500000,3873500000,454748900,0,0,0,0,0
2024-10-15,AMAN,Makmur Berkah Amanda Tbk.,--U-2130000000H111------------,111.0,0.0,112.0,110.0,111.0,0.0,2101200,232460900,246,100.9,112,487000,111,16400,3873500000,3873500000,454748900,0,0,0,0,0
2024-10-14,AMAN,Makmur Berkah Amanda Tbk.,--U-2130000000H111------------,110.0,0.0,112.0,109.0,111.0,1.0,1553800,171870300,183,100.9,112,375900,111,43000,3873500000,3873500000,454748900,0,63600,0,0,0
2024-10-11,AMAN,Makmur Berkah Amanda Tbk.,--U-2130000000H111------------,109.0,0.0,111.0,109.0,110.0,1.0,1004300,109828300,132,100.0,111,355700,110,22700,3873500000,3873500000,454748900,0,113700,0,0,0
2024-10-10,AMAN,Makmur Berkah Amanda Tbk.,--U-2130000000H111------------,109.0,0.0,110.0,108.0,109.0,0.0,1546000,168387500,138,99.1,110,1600,109,43600,3873500000,3873500000,454748900,0,0,2430600,264935400,1
2024-10-09,AMAN,Makmur Berkah Amanda Tbk.,--U-2130000000H111------------,110.0,0.0,111.0,107.0,109.0,-1.0,4557600,498801500,270,99.1,110,2000,108,10500,3873500000,3873500000,454748900,32000,336700,0,0,0
2024-10-08,AMAN,Makmur Berkah Amanda Tbk.,--U-2130000000H111------------,112.0,0.0,113.0,110.0,110.0,-2.0,2059100,229124000,167,100.0,110,5600,109,148400,3873500000,3873500000,454748900,0,0,20197900,2241966900,3
2024-10-07,AMAN,Makmur Berkah Amanda Tbk.,--U-2130000000H111------------,113.0,0.0,113.0,112.0,112.0,-1.0,669600,75595700,81,101.8,113,667800,112,315300,3873500000,3873500000,454748900,0,0,0,0,0
2024-10-04,AMAN,Makmur Berkah Amanda Tbk.,--U-2130000000H111------------,111.0,0.0,113.0,111.0,113.0,2.0,1753100,194959100,123,102.7,113,557200,112,7100,3873500000,3873500000,454748900,0,0,12875400,1429169400,3
2024-10-03,AMAN,Makmur Berkah Amanda Tbk.,--U-2130000000H111------------,113.0,0.0,113.0,111.0,111.0,-2.0,1391100,155995000,120,100.9,112,394000,111,894100,3873500000,3873500000,454748900,0,0,0,0,0
2024-10-02,AMAN,Makmur Berkah Amanda Tbk.,--U-2130000000H111------------,115.0,0.0,115.0,113.0,113.0,-2.0,1630000,185523700,126,102.7,113,220400,112,696200,3873500000,3873500000,454748900,245000,192000,13219400,1507011600,3
2024-10-01,AMAN,Makmur Berkah Amanda Tbk.,--U-2130000000H111------------,115.0,0.0,115.0,113.0,115.0,0.0,1907800,218153900,203,104.5,115,1315100,114,165000,3873500000,3873500000,454748900,0,90000,0,0,0
2024-09-30,AMAN,Makmur Berkah Amanda Tbk.,--U-2130000000H111------------,112.0,0.0,115.0,111.0,115.0,3.0,3063100,346800200,204,104.5,115,410500,114,6000,3873500000,3873500000,454748900,0,784000,6673800,747465600,2
2024-09-27,AMAN,Makmur Berkah Amanda Tbk.,--U-2130000000H111------------,112.0,0.0,114.0,111.0,112.0,0.0,1526000,170204100,128,101.8,112,543300,111,99400,3873500000,3873500000,454748900,0,0,21320000,2451800000,1
2024-09-26,AMAN,Makmur Berkah Amanda Tbk.,--U-2130000000H111------------,114.0,0.0,114.0,112.0,112.0,-2.0,1002800,113222300,94,101.8,112,4000,111,328000,3873500000,3873500000,454748900,50100,0,12881100,1455564300,2
2024-09-25,AMAN,Makmur Berkah Amanda Tbk.,--U-2130000000H111------------,112.0,0.0,114.0,111.0,114.0,2.0,2495800,280028600,243,103.6,114,845100,112,129000,3873500000,3873500000,454748900,9100,0,0,0,0
2024-09-24,AMAN,Makmur Berkah Amanda Tbk.,--U-2130000000H111------------,113.0,0.0,113.0,110.0,112.0,-1.0,3055900,341144100,214,101.8,112,47500,111,451400,3873500000,3873500000,454748900,297500,71600,9406100,1053483200,2
2024-09-23,AMAN,Makmur Berkah Amanda Tbk.,--U-2130000000H111------------,114.0,0.0,115.0,111.0,113.0,-1.0,2552200,288354300,240,102.7,113,212000,112,173100,3873500000,3873500000,454748900,2200,129500,0,0,0
2024-09-20,AMAN,Makmur Berkah Amanda Tbk.,--U-2130000000H111------------,114.0,0.0,114.0,112.0,114.0,0.0,1288000,145793900,102,103.6,114,255900,113,164900,3873500000,3873500000,454748900,0,0,10419600,1187834400,2
2024-09-19,AMAN,Makmur Berkah Amanda Tbk.,--U-2130000000H111------------,113.0,0.0,114.0,112.0,114.0,1.0,1131200,127676900,139,103.6,114,229100,113,40600,3873500000,3873500000,454748900,0,171700,0,0,0
2024-09-18,AMAN,Makmur Berkah Amanda Tbk.,--U-2130000000H111------------,112.0,0.0,116.0,110.0,113.0,1.0,4540300,514387500,368,102.7,113,100500,112,101500,3873500000,3873500000,454748900,289200,88300,9940500,1113336000,5
2024-09-17,AMAN,Makmur Berkah Amanda Tbk.,--U-2130000000H111------------,114.0,0.0,114.0,111.0,112.0,-2.0,3509700,393219500,342,101.8,112,1900,111,189400,3873500000,3873500000,454748900,0,7900,0,0,0
2024-09-13,AMAN,Makmur Berkah Amanda Tbk.,--U-2130000000H111------------,115.0,0.0,115.0,113.0,114.0,-1.0,2417300,276511900,299,103.6,115,145800,114,27200,3873500000,3873500000,454748900,45600,60000,6291800,710973400,1
2024-09-12,AMAN,Makmur Berkah Amanda Tbk.,--U-2130000000H111------------,114.0,0.0,119.0,113.0,115.0,1.0,4031600,464687800,387,104.5,115,45900,114,450000,3873500000,3873500000,454748900,0,802800,0,0,0
2024-09-11,AMAN,Makmur Berkah Amanda Tbk.,--U-2130000000H111------------,120.0,0.0,120.0,114.0,114.0,-6.0,5165100,601403300,672,103.6,115,46200,114,150000,3873500000,3873500000,454748900,43500,191000,0,0,0
2024-09-10,AMAN,Makmur Berkah Amanda Tbk.,--U-2130000000H111------------,112.0,0.0,132.0,112.0,120.0,8.0,46789600,5756760400,5003,109.1,120,669100,119,25300,3873500000,3873500000,454748900,2353400,883500,5570000,623840000,2
2024-09-09,AMAN,Makmur Berkah Amanda Tbk.,--U-2130000000H111------------,112.0,0.0,113.0,111.0,112.0,0.0,1520300,170340600,120,101.8,112,53200,111,337700,3873500000,3873500000,454748900,0,0,0,0,0
2024-09-06,AMAN,Makmur Berkah Amanda Tbk.,--U-2130000000H111------------,112.0,0.0,112.0,111.0,112.0,0.0,764900,85602200,47,101.8,112,213800,111,244700,3873500000,3873500000,454748900,0,0,11004300,1221477300,2
2024-09-05,AMAN,Makmur Berkah Amanda Tbk.,--U-2130000000H111------------,112.0,0.0,112.0,111.0,112.0,0.0,760700,85158300,49,101.8,112,166900,111,294800,3873500000,3873500000,454748900,0,0,8859600,983415600,2
2024-09-04,AMAN,Makmur Berkah Amanda Tbk.,--U-2130000000H111------------,113.0,0.0,113.0,112.0,112.0,-1.0,966900,109035000,47,101.8,113,321600,112,114900,3873500000,3873500000,454748900,0,0,0,0,0
2024-09-03,AMAN,Makmur Berkah Amanda Tbk.,--U-2130000000H111------------,112.0,0.0,113.0,112.0,113.0,1.0,1517300,170206800,75,102.7,113,216700,112,15400,3873500000,3873500000,454748900,100000,0,0,0,0
2024-09-02,AMAN,Makmur Berkah Amanda Tbk.,--U-2130000000H111------------,111.0,0.0,112.0,108.0,112.0,1.0,1166600,129401700,122,101.8,113,388900,112,28000,3873500000,3873500000,454748900,0,0,0,0,0
2024-08-30,AMAN,Makmur Berkah Amanda Tbk.,--U-2130000000H111------------,113.0,0.0,112.0,111.0,111.0,-2.0,910500,101853100,55,100.9,112,137200,111,509000,3873500000,3873500000,454748900,0,0,0,0,0
2024-08-29,AMAN,Makmur Berkah Amanda Tbk.,--U-2130000000H111------------,113.0,0.0,114.0,111.0,113.0,0.0,1548200,173749000,92,102.7,113,48700,111,23000,3873500000,3873500000,454748900,0,17600,0,0,0
2024-08-28,AMAN,Makmur Berkah Amanda Tbk.,--U-2130000000H111------------,113.0,0.0,114.0,111.0,113.0,0.0,1799600,202520700,123,102.7,113,9100,112,38500,3873500000,3873500000,454748900,0,56000,0,0,0
2024-08-27,AMAN,Makmur Berkah Amanda Tbk.,--U-2130000000H111------------,112.0,0.0,113.0,112.0,113.0,1.0,1493600,168339500,209,102.7,113,536000,112,324700,3873500000,3873500000,454748900,0,0,0,0,0
2024-08-26,AMAN,Makmur Berkah Amanda Tbk.,--U-2130000000H111------------,113.0,0.0,113.0,111.0,112.0,-1.0,1142100,127814200,107,101.8,113,234900,112,83400,3873500000,3873500000,454748900,0,240300,0,0,0
2024-08-23,AMAN,Makmur Berkah Amanda Tbk.,--U-2130000000H111------------,111.0,0.0,114.0,111.0,113.0,2.0,1744600,195668400,123,102.7,113,121200,112,213900,3873500000,3873500000,454748900,100900,838300,0,0,0
2024-08-22,AMAN,Makmur Berkah Amanda Tbk.,--U-2130000000H111------------,111.0,0.0,111.0,109.0,111.0,0.0,1133700,125278500,79,100.9,111,276800,110,22400,3873500000,3873500000,454748900,81300,0,0,0,0
2024-08-21,AMAN,Makmur Berkah Amanda Tbk.,--U-2130000000H111------------,111.0,0.0,112.0,109.0,111.0,0.0,2013100,222526800,103,100.9,111,32700,110,1100,3873500000,3873500000,454748900,0,0,0,0,0
2024-08-20,AMAN,Makmur Berkah Amanda Tbk.,--U-2130000000H111------------,111.0,0.0,112.0,110.0,111.0,0.0,1551800,172240100,160,100.9,112,480200,111,39500,3873500000,3873500000,454748900,0,144600,0,0,0
2024-08-19,AMAN,Makmur Berkah Amanda Tbk.,--U-2130000000H111------------,111.0,0.0,111.0,110.0,111.0,0.0,525200,58230200,47,100.9,111,244500,110,286000,3873500000,3873500000,454748900,0,0,0,0,0
2024-08-16,AMAN,Makmur Berkah Amanda Tbk.,--U-2130000000H111------------,111.0,0.0,111.0,110.0,111.0,0.0,604000,67020500,72,100.9,111,114200,110,343200,3873500000,3873500000,454748900,0,0,0,0,0
2024-08-15,AMAN,Makmur Berkah Amanda Tbk.,--U-2130000000H111------------,110.0,0.0,110.0,109.0,110.0,0.0,450400,49539700,36,100.0,110,282100,109,554700,3873500000,3873500000,454748900,0,0,0,0,0
2024-08-14,AMAN,Makmur Berkah Amanda Tbk.,--U-2130000000H111------------,110.0,0.0,110.0,109.0,110.0,0.0,450400,49539700,36,100.0,110,282100,109,554700,3873500000,3873500000,454748900,0,0,0,0,0
2024-08-13,AMAN,Makmur Berkah Amanda Tbk.,--U-2130000000H111------------,109.0,0.0,110.0,109.0,110.0,1.0,711900,77610200,57,100.0,110,314700,109,174300,3873500000,3873500000,454748900,34500,0,0,0,0
2024-08-12,AMAN,Makmur Berkah Amanda Tbk.,--U-2130000000H111------------,110.0,0.0,110.0,109.0,109.0,-1.0,508400,55783300,49,99.1,110,239200,109,250000,3873500000,3873500000,454748900,0,0,0,0,0
2024-08-09,AMAN,Makmur Berkah Amanda Tbk.,--U-2130000000H111------------,110.0,0.0,110.0,109.0,110.0,0.0,630600,69349600,45,100.0,110,105300,109,431500,3873500000,3873500000,454748900,0,76900,0,0,0
2024-08-08,AMAN,Makmur Berkah Amanda Tbk.,--U-2130000000H111------------,109.0,0.0,110.0,109.0,110.0,1.0,429200,46788100,45,100.0,110,320900,109,479800,3873500000,3873500000,454748900,0,0,0,0,0
2024-08-07,AMAN,Makmur Berkah Amanda Tbk.,--U-2130000000H111------------,109.0,0.0,110.0,109.0,109.0,0.0,663200,72320200,51,99.1,110,298600,109,343300,3873500000,3873500000,454748900,0,0,0,0,0
2024-08-06,AMAN,Makmur Berkah Amanda Tbk.,--U-2130000000H111------------,109.0,0.0,110.0,109.0,109.0,0.0,600500,65568300,45,99.1,110,100000,109,231700,3873500000,3873500000,454748900,0,0,0,0,0
2024-08-05,AMAN,Makmur Berkah Amanda Tbk.,--U-2130000000H111------------,111.0,0.0,112.0,109.0,109.0,-2.0,1153500,127344500,111,99.1,110,7200,109,26100,3873500000,3873500000,454748900,90400,0,0,0,0
2024-08-02,AMAN,Makmur Berkah Amanda Tbk.,XDU-2130000000H111------------,111.0,0.0,111.0,110.0,111.0,0.0,1112000,123324900,125,100.9,111,257000,110,327700,3873500000,3873500000,454748900,0,0,0,0,0
2024-08-01,AMAN,Makmur Berkah Amanda Tbk.,XDU-2130000000H111------------,112.0,0.0,112.0,111.0,111.0,-1.0,661800,73838200,60,100.9,111,147100,110,394400,3873500000,3873500000,454748900,30300,0,0,0,0
2024-07-31,AMAN,Makmur Berkah Amanda Tbk.,XDU-2130000000H111------------,112.0,0.0,113.0,110.0,111.0,-1.0,1072000,119662500,81,100.9,112,250800,111,7000,3873500000,3873500000,454748900,115200,100000,0,0,0
2024-07-30,AMAN,Makmur Berkah Amanda Tbk.,XDU-2130000000H111------------,112.0,0.0,113.0,110.0,111.0,-1.0,1072000,119662500,81,100.9,112,250800,111,7000,3873500000,3873500000,454748900,115200,100000,0,0,0
2024-07-29,AMAN,Makmur Berkah Amanda Tbk.,XDU-2130000000H111------------,113.0,0.0,113.0,111.0,112.0,-1.0,2422900,271670800,219,101.8,112,105100,111,274300,3873500000,3873500000,454748900,0,0,0,0,0
2024-07-26,AMAN,Makmur Berkah Amanda Tbk.,XDU-2130000000H111------------,113.0,0.0,114.0,112.0,113.0,0.0,1012700,114082100,79,102.7,113,459800,112,46600,3873500000,3873500000,454748900,0,0,0,0,0
2024-07-25,AMAN,Makmur Berkah Amanda Tbk.,XDU-2130000000H111------------,111.0,0.0,113.0,111.0,113.0,2.0,2011500,225524200,160,102.7,114,484700,113,5000,3873500000,3873500000,454748900,0,173300,0,0,0
2024-07-24,AMAN,Makmur Berkah Amanda Tbk.,XDU-2130000000H111------------,113.0,0.0,113.0,111.0,111.0,-2.0,2460100,275845200,217,100.9,113,336800,111,333500,3873500000,3873500000,454748900,0,0,0,0,0
2024-07-23,AMAN,Makmur Berkah Amanda Tbk.,XDU-2130000000H111------------,113.0,0.0,113.0,111.0,113.0,0.0,1114700,125180100,65,102.7,113,280000,112,100,3873500000,3873500000,454748900,0,72000,0,0,0
2024-07-22,AMAN,Makmur Berkah Amanda Tbk.,XDU-2130000000H111------------,113.0,0.0,113.0,112.0,113.0,0.0,1674500,188622800,104,102.7,113,5400,112,233900,3873500000,3873500000,454748900,0,0,0,0,0
2024-07-19,AMAN,Makmur Berkah Amanda Tbk.,XDU-2130000000H111------------,113.0,0.0,113.0,112.0,113.0,0.0,2442100,275838100,191,102.7,113,116800,112,460000,3873500000,3873500000,454748900,0,93100,0,0,0
2024-07-18,AMAN,Makmur Berkah Amanda Tbk.,XDU-2130000000H111------------,112.0,0.0,117.0,110.0,113.0,1.0,6486700,734625000,476,102.7,113,195200,112,480000,3873500000,3873500000,454748900,372100,444700,0,0,0
2024-07-17,AMAN,Makmur Berkah Amanda Tbk.,XDU-2130000000H111------------,113.0,0.0,113.0,112.0,112.0,-1.0,1171800,131833900,106,101.8,112,111800,111,253700,3873500000,3873500000,454748900,17900,0,0,0,0
2024-07-16,AMAN,Makmur Berkah Amanda Tbk.,XDU-2130000000H111------------,112.0,0.0,113.0,112.0,113.0,1.0,2007300,225154600,161,102.7,113,239900,112,205500,3873500000,3873500000,454748900,46200,107900,0,0,0
2024-07-12,AMAN,Makmur Berkah Amanda Tbk.,XDU-2130000000H111------------,112.0,0.0,114.0,112.0,113.0,1.0,2814600,317532100,258,102.7,114,307800,113,154800,3873500000,3873500000,454748900,0,0,0,0,0
2024-07-11,AMAN,Makmur Berkah Amanda Tbk.,XDU-2130000000H111------------,113.0,0.0,114.0,111.0,112.0,-1.0,1406100,158183500,78,101.8,113,7000,112,400,3873500000,3873500000,454748900,134400,614900,0,0,0
2024-07-10,AMAN,Makmur Berkah Amanda Tbk.,XDU-2130000000H111------------,112.0,0.0,116.0,111.0,113.0,1.0,5745300,655203900,420,102.7,113,283000,112,358200,3873500000,3873500000,454748900,199000,0,0,0,0
2024-07-09,AMAN,Makmur Berkah Amanda Tbk.,XDU-2130000000H111------------,112.0,0.0,112.0,111.0,112.0,0.0,2015700,225004600,193,101.8,112,217900,111,136600,3873500000,3873500000,454748900,0,0,0,0,0
2024-07-08,AMAN,Makmur Berkah Amanda Tbk.,XDU-2130000000H111------------,115.0,0.0,115.0,112.0,112.0,-3.0,5681400,648563500,488,101.8,113,145300,112,265700,3873500000,3873500000,454748900,0,30500,0,0,0
2024-07-05,AMAN,Makmur Berkah Amanda Tbk.,--U-2130000000H111------------,111.0,0.0,116.0,111.0,115.0,4.0,6932400,789857400,498,104.5,116,163300,115,32600,3873500000,3873500000,454748900,0,415100,0,0,0
2024-07-04,AMAN,Makmur Berkah Amanda Tbk.,CDU-2130000000H111------------,111.0,0.0,112.0,111.0,112.0,1.0,1691400,188970100,251,101.8,112,356200,111,105900,3873500000,3873500000,454748900,0,0,0,0,0
2024-07-03,AMAN,Makmur Berkah Amanda Tbk.,CDU-2130000000H111------------,111.0,0.0,112.0,111.0,112.0,1.0,1691400,188970100,251,101.8,112,356200,111,105900,3873500000,3873500000,454748900,0,0,0,0,0
2024-07-02,AMAN,Makmur Berkah Amanda Tbk.,CDU-2130000000H111------------,114.0,0.0,115.0,111.0,111.0,-3.0,1989500,224377000,143,100.9,112,101900,111,256300,3873500000,3873500000,454748900,112400,0,0,0,0
2024-07-01,AMAN,Makmur Berkah Amanda Tbk.,CDU-2130000000H111------------,114.0,0.0,116.0,114.0,114.0,0.0,2736600,314293600,248,103.6,115,9400,114,50100,3873500000,3873500000,454748900,0,0,8500,1101600,5
2024-06-28,AMAN,Makmur Berkah Amanda Tbk.,--U-2130000000H111------------,122.0,0.0,122.0,118.0,119.0,-3.0,1761900,212112300,205,108.2,119,51800,118,252200,3873500000,3873500000,454748900,1000,0,0,0,0
2024-06-27,AMAN,Makmur Berkah Amanda Tbk.,--U-2130000000H111------------,120.0,0.0,124.0,119.0,122.0,2.0,8327900,1014069600,760,110.9,122,742900,121,45800,3873500000,3873500000,454748900,412900,25000,0,0,0
2024-06-26,AMAN,Makmur Berkah Amanda Tbk.,--U-2130000000H111------------,121.0,0.0,122.0,118.0,120.0,-1.0,5003700,598863000,404,109.1,120,205200,119,205700,3873500000,3873500000,454748900,16600,0,0,0,0
2024-06-25,AMAN,Makmur Berkah Amanda Tbk.,--U-2130000000H111------------,121.0,0.0,122.0,118.0,120.0,-1.0,5003700,598863000,404,109.1,120,205200,119,205700,3873500000,3873500000,454748900,16600,0,0,0,0
2024-06-24,AMAN,Makmur Berkah Amanda Tbk.,--U-2130000000H111------------,117.0,0.0,122.0,114.0,121.0,4.0,18303800,2191659900,1511,110.0,121,205000,120,319500,3873500000,3873500000,454748900,2611000,2432200,0,0,0
2024-06-21,AMAN,Makmur Berkah Amanda Tbk.,--U-2130000000H111------------,110.0,0.0,119.0,107.0,117.0,7.0,21376100,2443962500,1722,106.4,117,246800,116,643600,3873500000,3873500000,454748900,490500,826700,39100,4459400,9
2024-06-20,AMAN,Makmur Berkah Amanda Tbk.,--U-2130000000H111------------,107.0,0.0,118.0,103.0,110.0,3.0,22565700,2455058400,1440,100.0,110,117600,109,6400,3873500000,3873500000,454748900,2479400,2507000,0,0,0
2024-06-19,AMAN,Makmur Berkah Amanda Tbk.,--U-2130000000H111------------,85.0,0.0,114.0,76.0,107.0,22.0,9205900,980641700,562,97.3,107,1029500,106,20000,3873500000,3873500000,454748900,392400,0,0,0,0
2024-06-14,AMAN,Makmur Berkah Amanda Tbk.,--U-2130000000H111------------,87.0,0.0,88.0,83.0,85.0,-2.0,675100,56953600,150,77.3,85,49400,83,369700,3873500000,3873500000,454748900,35600,0,0,0,0
2024-06-13,AMAN,Makmur Berkah Amanda Tbk.,--U-2130000000H111------------,86.0,0.0,88.0,87.0,87.0,1.0,30400,2659300,26,79.1,87,24200,86,41400,3873500000,3873500000,454748900,0,0,0,0,0
2024-06-12,AMAN,Makmur Berkah Amanda Tbk.,--U-2130000000H111------------,89.0,0.0,90.0,85.0,86.0,-3.0,294100,25644800,66,78.2,87,500,86,55400,3873500000,3873500000,454748900,0,0,0,0,0
2024-06-11,AMAN,Makmur Berkah Amanda Tbk.,--U-2130000000H111------------,90.0,0.0,91.0,86.0,89.0,-1.0,701800,61295100,99,80.9,89,537300,87,11200,3873500000,3873500000,454748900,21500,175800,0,0,0
2024-06-10,AMAN,Makmur Berkah Amanda Tbk.,--U-2130000000H111------------,90.0,0.0,91.0,89.0,90.0,0.0,34400,3108000,32,81.8,91,95300,90,216000,3873500000,3873500000,454748900,0,0,0,0,0
2024-06-07,AMAN,Makmur Berkah Amanda Tbk.,--U-2130000000H111------------,90.0,0.0,90.0,89.0,90.0,0.0,408900,36526800,49,81.8,91,114700,90,10000,3873500000,3873500000,454748900,0,0,0,0,0
2024-06-06,AMAN,Makmur Berkah Amanda Tbk.,--U-2130000000H111------------,94.0,0.0,93.0,88.0,90.0,-4.0,1497700,134319800,189,81.8,90,52300,89,1800,3873500000,3873500000,454748900,167400,109600,0,0,0
2024-06-05,AMAN,Makmur Berkah Amanda Tbk.,--U-2130000000H111------------,94.0,0.0,94.0,85.0,94.0,0.0,1202200,107531000,219,85.5,94,199000,93,5200,3873500000,3873500000,454748900,23200,219000,0,0,0
2024-06-04,AMAN,Makmur Berkah Amanda Tbk.,--U-2130000000H111------------,94.0,0.0,95.0,93.0,94.0,0.0,309000,29068600,60,85.5,94,42100,93,77300,3873500000,3873500000,454748900,55300,0,0,0,0
2024-06-03,AMAN,Makmur Berkah Amanda Tbk.,--U-2130000000H111------------,96.0,0.0,96.0,94.0,94.0,-2.0,257200,24334500,75,85.5,95,783500,94,163700,3873500000,3873500000,454748900,0,0,0,0,0
2024-05-31,AMAN,Makmur Berkah Amanda Tbk.,--M-2130000000H111------------,97.0,0.0,98.0,96.0,96.0,-1.0,113900,10992700,54,87.3,97,6300,96,2300,3873500000,3873500000,454748900,0,0,0,0,0
2024-05-30,AMAN,Makmur Berkah Amanda Tbk.,--M-2130000000H111------------,96.0,0.0,99.0,94.0,97.0,1.0,465600,44789400,131,88.2,97,10600,96,12600,3873500000,3873500000,454748900,53800,0,0,0,0
2024-05-29,AMAN,Makmur Berkah Amanda Tbk.,--M-2130000000H111------------,96.0,0.0,98.0,95.0,96.0,0.0,530100,51018900,63,87.3,98,523900,96,47600,3873500000,3873500000,454748900,0,110400,0,0,0
2024-05-28,AMAN,Makmur Berkah Amanda Tbk.,--M-2130000000H111------------,96.0,0.0,97.0,95.0,96.0,0.0,196700,18877500,54,87.3,96,484100,95,89900,3873500000,3873500000,454748900,0,1000,0,0,0
2024-05-27,AMAN,Makmur Berkah Amanda Tbk.,--M-2130000000H111------------,96.0,0.0,98.0,95.0,96.0,0.0,110900,10708300,54,87.3,97,14000,96,51500,3873500000,3873500000,454748900,0,0,0,0,0
2024-05-22,AMAN,Makmur Berkah Amanda Tbk.,--M-2130000000H111------------,98.0,0.0,99.0,96.0,96.0,-2.0,170800,16565600,63,87.3,98,5700,96,47900,3873500000,3873500000,454748900,0,0,0,0,0
2024-05-21,AMAN,Makmur Berkah Amanda Tbk.,--M-2130000000H111------------,99.0,0.0,99.0,97.0,98.0,-1.0,157000,15374200,46,89.1,98,62600,97,23500,3873500000,3873500000,454748900,0,0,0,0,0
2024-05-20,AMAN,Makmur Berkah Amanda Tbk.,--M-2130000000H111------------,98.0,0.0,100.0,97.0,99.0,1.0,133600,13272000,62,90.0,99,7000,98,54600,3873500000,3873500000,454748900,0,0,0,0,0
2024-05-17,AMAN,Makmur Berkah Amanda Tbk.,--M-2130000000H111------------,100.0,0.0,102.0,97.0,98.0,-2.0,215500,21392900,103,89.1,99,4900,98,23600,3873500000,3873500000,454748900,0,5000,0,0,0
2024-05-16,AMAN,Makmur Berkah Amanda Tbk.,--M-2130000000H111------------,98.0,0.0,101.0,99.0,100.0,2.0,337300,33473200,72,90.9,101,14600,98,147200,3873500000,3873500000,454748900,0,117900,0,0,0
2024-05-15,AMAN,Makmur Berkah Amanda Tbk.,--M-2130000000H111------------,95.0,0.0,100.0,95.0,98.0,3.0,1936800,190223400,128,89.1,99,112500,98,19500,3873500000,3873500000,454748900,400200,1738300,0,0,0
2024-05-14,AMAN,Makmur Berkah Amanda Tbk.,--M-2130000000H111------------,97.0,0.0,98.0,95.0,95.0,-2.0,722000,69026000,105,86.4,96,40500,95,3000,3873500000,3873500000,454748900,238300,0,0,0,0
2024-05-13,AMAN,Makmur Berkah Amanda Tbk.,--M-2130000000H111------------,98.0,0.0,99.0,97.0,97.0,-1.0,193600,18853300,60,88.2,97,44000,96,90100,3873500000,3873500000,454748900,0,0,0,0,0
2024-05-08,AMAN,Makmur Berkah Amanda Tbk.,--M-2130000000H111------------,99.0,0.0,100.0,97.0,98.0,-1.0,352800,34779100,97,89.1,98,39000,97,89800,3873500000,3873500000,454748900,1900,0,0,0,0
2024-05-07,AMAN,Makmur Berkah Amanda Tbk.,--M-2130000000H111------------,98.0,0.0,103.0,99.0,99.0,1.0,607800,61034600,149,90.0,100,2000,99,29200,3873500000,3873500000,454748900,36000,111600,200,95000,1
2024-05-06,AMAN,Makmur Berkah Amanda Tbk.,--M-2130000000H111------------,94.0,0.0,99.0,91.0,98.0,4.0,1434800,136978100,170,89.1,99,548600,98,869300,3873500000,3873500000,454748900,51200,637700,0,0,0
2024-05-03,AMAN,Makmur Berkah Amanda Tbk.,--M-2130000000H111------------,97.0,0.0,98.0,94.0,94.0,-3.0,1263900,120471400,192,85.5,96,111200,93,3700,3873500000,3873500000,454748900,0,180000,0,0,0
2024-05-02,AMAN,Makmur Berkah Amanda Tbk.,--M-2130000000H111------------,99.0,0.0,100.0,97.0,97.0,-2.0,1271100,125166300,127,88.2,100,347500,97,12500,3873500000,3873500000,454748900,204100,0,0,0,0
2024-04-30,AMAN,Makmur Berkah Amanda Tbk.,--M-2130000000H111------------,98.0,0.0,100.0,98.0,99.0,1.0,532900,52594800,66,90.0,100,498800,99,200,3873500000,3873500000,454748900,193000,0,0,0,0
2024-04-29,AMAN,Makmur Berkah Amanda Tbk.,--M-2130000000H111------------,101.0,0.0,101.0,96.0,98.0,-3.0,2146600,212414800,152,89.1,98,66000,97,79000,3873500000,3873500000,454748900,119200,500000,0,0,0
2024-04-26,AMAN,Makmur Berkah Amanda Tbk.,--M-2130000000H111------------,103.0,0.0,102.0,100.0,101.0,-2.0,252000,25437300,80,91.8,101,13500,100,636600,3873500000,3873500000,454748900,0,0,0,0,0
2024-04-25,AMAN,Makmur Berkah Amanda Tbk.,--M-2130000000H111------------,103.0,0.0,104.0,100.0,103.0,0.0,720800,73898500,105,93.6,104,32700,103,233100,3873500000,3873500000,454748900,169800,0,0,0,0
2024-04-24,AMAN,Makmur Berkah Amanda Tbk.,--M-2130000000H111------------,103.0,0.0,105.0,103.0,103.0,0.0,254400,26349300,54,93.6,104,3300,103,225500,3873500000,3873500000,454748900,0,0,0,0,0
2024-04-23,AMAN,Makmur Berkah Amanda Tbk.,--M-2130000000H111------------,104.0,0.0,105.0,100.0,103.0,-1.0,532500,55149100,66,93.6,104,3000,103,290100,3873500000,3873500000,454748900,7300,0,0,0,0
2024-04-22,AMAN,Makmur Berkah Amanda Tbk.,--M-2130000000H111------------,106.0,0.0,108.0,103.0,104.0,-2.0,1115700,115624600,133,94.5,105,12100,103,135900,3873500000,3873500000,454748900,42800,0,0,0,0
2024-04-19,AMAN,Makmur Berkah Amanda Tbk.,--M-2130000000H111------------,105.0,0.0,108.0,105.0,106.0,1.0,341400,36363200,108,96.4,106,16800,105,323200,3873500000,3873500000,454748900,47700,0,0,0,0
2024-04-18,AMAN,Makmur Berkah Amanda Tbk.,--M-2130000000H111------------,104.0,0.0,107.0,104.0,105.0,1.0,599000,63207800,77,95.5,106,19700,105,13700,3873500000,3873500000,454748900,47800,0,0,0,0
2024-04-17,AMAN,Makmur Berkah Amanda Tbk.,--M-2130000000H111------------,105.0,0.0,107.0,103.0,104.0,-1.0,908600,95220200,140,94.5,105,234600,104,55900,3873500000,3873500000,454748900,96700,0,0,0,0
2024-04-16,AMAN,Makmur Berkah Amanda Tbk.,--M-2130000000H111------------,111.0,0.0,111.0,103.0,105.0,-6.0,4500800,477925100,284,95.5,107,18400,105,63700,3873500000,3873500000,454748900,471800,0,0,0,0
2024-04-05,AMAN,Makmur Berkah Amanda Tbk.,--M-2130000000H111------------,111.0,0.0,112.0,109.0,111.0,0.0,1262800,139044600,102,100.9,111,233600,110,61300,3873500000,3873500000,454748900,22700,0,1168600,129714600,1
2024-04-04,AMAN,Makmur Berkah Amanda Tbk.,--M-2130000000H111------------,110.0,0.0,112.0,110.0,111.0,1.0,364600,40284600,65,100.9,111,20700,110,308300,3873500000,3873500000,454748900,0,0,0,0,0
2024-04-03,AMAN,Makmur Berkah Amanda Tbk.,--M-2130000000H111------------,109.0,0.0,113.0,109.0,110.0,1.0,496100,54987800,93,100.0,111,67400,110,518900,3873500000,3873500000,454748900,30000,0,3200,406000,7
2024-04-02,AMAN,Makmur Berkah Amanda Tbk.,--M-2130000000H111------------,110.0,0.0,111.0,108.0,109.0,-1.0,1262600,137939300,145,99.1,111,28300,109,266300,3873500000,3873500000,454748900,78000,0,0,0,0
2024-04-01,AMAN,Makmur Berkah Amanda Tbk.,--M-2130000000H111------------,112.0,0.0,114.0,110.0,110.0,-2.0,1838700,204457400,142,100.0,111,100,110,210700,3873500000,3873500000,454748900,0,0,0,0,0
2024-03-28,AMAN,Makmur Berkah Amanda Tbk.,--M-2130000000H111------------,113.0,0.0,114.0,111.0,112.0,-1.0,1176300,132059200,115,101.8,113,75700,112,26000,3873500000,3873500000,454748900,53800,0,0,0,0
2024-03-27,AMAN,Makmur Berkah Amanda Tbk.,--M-2130000000H111------------,113.0,0.0,115.0,112.0,113.0,0.0,536100,60999700,69,102.7,114,1000,113,130600,3873500000,3873500000,454748900,2500,0,0,0,0
2024-03-26,AMAN,Makmur Berkah Amanda Tbk.,--M-2130000000H111------------,112.0,0.0,113.0,112.0,113.0,1.0,221300,24857900,43,102.7,113,160900,112,401200,3873500000,3873500000,454748900,0,0,0,0,0
2024-03-22,AMAN,Makmur Berkah Amanda Tbk.,--M-2130000000H111------------,114.0,0.0,115.0,113.0,114.0,0.0,366000,41684300,62,103.6,114,14900,113,167200,3873500000,3873500000,454748900,2200,0,0,0,0
2024-03-21,AMAN,Makmur Berkah Amanda Tbk.,--M-2130000000H111------------,114.0,0.0,115.0,113.0,114.0,0.0,398200,45179200,97,103.6,114,3300,113,198400,3873500000,3873500000,454748900,3200,0,0,0,0
2024-03-20,AMAN,Makmur Berkah Amanda Tbk.,--M-2130000000H111------------,115.0,0.0,116.0,113.0,114.0,-1.0,580600,66516200,84,103.6,114,19500,113,167300,3873500000,3873500000,454748900,4000,0,0,0,0
2024-03-19,AMAN,Makmur Berkah Amanda Tbk.,--M-2130000000H111------------,115.0,0.0,117.0,113.0,115.0,0.0,125600,14437900,84,104.5,116,4600,115,21900,3873500000,3873500000,454748900,9000,0,0,0,0
2024-03-18,AMAN,Makmur Berkah Amanda Tbk.,--M-2130000000H111------------,115.0,0.0,118.0,113.0,115.0,0.0,782300,89821900,161,104.5,114,100,113,121900,3873500000,3873500000,454748900,31700,0,0,0,0
2024-03-15,AMAN,Makmur Berkah Amanda Tbk.,--M-2130000000H111------------,114.0,0.0,118.0,112.0,115.0,1.0,917900,105642600,129,104.5,115,70700,114,36300,3873500000,3873500000,454748900,65100,342800,0,0,0
2024-03-14,AMAN,Makmur Berkah Amanda Tbk.,--M-2130000000H111------------,113.0,0.0,114.0,112.0,114.0,1.0,84800,9581300,41,103.6,114,17500,113,1000,3873500000,3873500000,454748900,0,0,0,0,0
2024-03-13,AMAN,Makmur Berkah Amanda Tbk.,--M-2130000000H111------------,113.0,0.0,114.0,112.0,113.0,0.0,242300,27307400,96,102.7,114,83000,112,64700,3873500000,3873500000,454748900,9300,0,2700,346200,6
2024-03-08,AMAN,Makmur Berkah Amanda Tbk.,--M-2130000000H111------------,115.0,0.0,115.0,112.0,113.0,-2.0,252600,28450800,72,102.7,114,10800,113,141200,3873500000,3873500000,454748900,13000,0,0,0,0
2024-03-07,AMAN,Makmur Berkah Amanda Tbk.,--M-2130000000H111------------,112.0,0.0,115.0,111.0,115.0,3.0,517100,58110100,73,104.5,115,2016300,112,12800,3873500000,3873500000,454748900,0,0,0,0,0
2024-03-06,AMAN,Makmur Berkah Amanda Tbk.,--M-2130000000H111------------,112.0,0.0,115.0,111.0,112.0,0.0,1497000,168343600,165,101.8,114,5000,112,5600,3873500000,3873500000,454748900,1900,100000,0,0,0
2024-03-05,AMAN,Makmur Berkah Amanda Tbk.,--M-2130000000H111------------,113.0,0.0,114.0,111.0,112.0,-1.0,716300,80124300,112,101.8,113,117800,112,89600,3873500000,3873500000,454748900,300,0,0,0,0
2024-03-04,AMAN,Makmur Berkah Amanda Tbk.,--M-2130000000H111------------,113.0,0.0,113.0,112.0,113.0,0.0,430300,48454900,76,102.7,113,59600,112,206000,3873500000,3873500000,454748900,0,0,0,0,0
2024-03-01,AMAN,Makmur Berkah Amanda Tbk.,--M-2130000000H111------------,112.0,0.0,113.0,111.0,113.0,1.0,170100,19046600,39,102.7,113,16000,112,1500,3873500000,3873500000,454748900,100,0,0,0,0
2024-02-29,AMAN,Makmur Berkah Amanda Tbk.,--M-2130000000H111------------,113.0,0.0,113.0,111.0,112.0,-1.0,563700,63105600,124,101.8,113,9800,112,1100,3873500000,3873500000,454748900,800,50000,0,0,0
2024-02-28,AMAN,Makmur Berkah Amanda Tbk.,--M-2130000000H111------------,113.0,0.0,115.0,112.0,113.0,0.0,440400,49978800,104,102.7,114,10700,113,116800,3873500000,3873500000,454748900,42700,0,0,0,0
2024-02-27,AMAN,Makmur Berkah Amanda Tbk.,--M-2130000000H111------------,113.0,0.0,115.0,112.0,113.0,0.0,440400,49978800,104,102.7,114,10700,113,116800,3873500000,3873500000,454748900,42700,0,0,0,0
2024-02-26,AMAN,Makmur Berkah Amanda Tbk.,--M-2130000000H111------------,114.0,0.0,117.0,112.0,113.0,-1.0,674900,76636600,129,102.7,114,98700,113,41800,3873500000,3873500000,454748900,94400,178200,0,0,0
2024-02-23,AMAN,Makmur Berkah Amanda Tbk.,--M-2130000000H111------------,113.0,0.0,117.0,112.0,114.0,1.0,395600,45372400,119,103.6,114,92900,113,114300,3873500000,3873500000,454748900,0,1000,5500,710400,6
2024-02-22,AMAN,Makmur Berkah Amanda Tbk.,--M-2130000000H111------------,114.0,0.0,114.0,112.0,113.0,-1.0,316600,35661800,110,102.7,114,103100,113,10000,3873500000,3873500000,454748900,16500,0,0,0,0
2024-02-21,AMAN,Makmur Berkah Amanda Tbk.,--M-2130000000H111------------,113.0,0.0,116.0,111.0,114.0,1.0,1496300,167929900,183,103.6,115,46900,114,400,3873500000,3873500000,454748900,49900,74100,0,0,0
2024-02-20,AMAN,Makmur Berkah Amanda Tbk.,--M-2130000000H111------------,114.0,0.0,114.0,112.0,113.0,-1.0,559700,63405000,98,102.7,114,25900,112,133800,3873500000,3873500000,454748900,11400,0,0,0,0
2024-02-19,AMAN,Makmur Berkah Amanda Tbk.,--M-2130000000H111------------,114.0,0.0,117.0,112.0,114.0,0.0,309300,35025900,133,103.6,114,100,113,129600,3873500000,3873500000,454748900,28300,0,0,0,0
2024-02-16,AMAN,Makmur Berkah Amanda Tbk.,--M-2130000000H111------------,114.0,0.0,116.0,113.0,114.0,0.0,397500,45108900,116,103.6,115,48900,114,98000,3873500000,3873500000,454748900,20300,20400,0,0,0
2024-02-15,AMAN,Makmur Berkah Amanda Tbk.,--M-2130000000H111------------,112.0,0.0,119.0,110.0,114.0,2.0,771700,87995500,170,103.6,114,900,113,112400,3873500000,3873500000,454748900,69500,0,0,0,0
2024-02-13,AMAN,Makmur Berkah Amanda Tbk.,--M-2130000000H111------------,115.0,0.0,115.0,112.0,113.0,-2.0,682500,77579500,116,102.7,114,138800,113,74500,3873500000,3873500000,454748900,47900,100000,0,0,0
2024-02-12,AMAN,Makmur Berkah Amanda Tbk.,--M-2130000000H111------------,115.0,0.0,115.0,112.0,113.0,-2.0,682500,77579500,116,102.7,114,138800,113,74500,3873500000,3873500000,454748900,47900,100000,0,0,0
2024-02-07,AMAN,Makmur Berkah Amanda Tbk.,--M-2130000000H111------------,115.0,0.0,115.0,108.0,115.0,0.0,402500,45936400,110,104.5,115,124500,114,19300,3873500000,3873500000,454748900,0,0,0,0,0
2024-02-06,AMAN,Makmur Berkah Amanda Tbk.,--M-2130000000H111------------,115.0,0.0,118.0,113.0,115.0,0.0,2589300,297953200,237,104.5,115,65700,114,30400,3873500000,3873500000,454748900,2088700,262500,0,0,0
2024-02-05,AMAN,Makmur Berkah Amanda Tbk.,--M-2130000000H111------------,117.0,0.0,117.0,115.0,115.0,-2.0,1333500,154149700,204,104.5,116,10500,115,317200,3873500000,3873500000,454748900,717000,0,0,0,0
2024-02-02,AMAN,Makmur Berkah Amanda Tbk.,--M-2130000000H111------------,117.0,0.0,118.0,114.0,117.0,0.0,2091300,241429600,257,106.4,117,28000,115,20000,3873500000,3873500000,454748900,1729900,355700,0,0,0
2024-02-01,AMAN,Makmur Berkah Amanda Tbk.,--M-2130000000H111------------,117.0,0.0,119.0,115.0,118.0,1.0,500400,58504100,89,107.3,118,200,117,77500,3873500000,3873500000,454748900,0,0,0,0,0
2024-01-31,AMAN,Makmur Berkah Amanda Tbk.,--M-2130000000H111------------,117.0,0.0,119.0,115.0,118.0,1.0,500400,58504100,89,107.3,118,200,117,77500,3873500000,3873500000,454748900,0,0,0,0,0
2024-01-30,AMAN,Makmur Berkah Amanda Tbk.,--M-2130000000H111------------,119.0,0.0,120.0,117.0,117.0,-2.0,744000,87812700,163,106.4,118,20000,117,604000,3873500000,3873500000,454748900,63500,0,0,0,0
2024-01-29,AMAN,Makmur Berkah Amanda Tbk.,--M-2130000000H111------------,117.0,0.0,121.0,117.0,119.0,2.0,671200,79965100,124,108.2,119,47600,118,197400,3873500000,3873500000,454748900,194600,0,0,0,0
2024-01-26,AMAN,Makmur Berkah Amanda Tbk.,--M-2130000000H111------------,120.0,0.0,120.0,114.0,117.0,-3.0,2087900,244695000,256,106.4,118,37200,117,12600,3873500000,3873500000,454748900,0,57600,0,0,0
2024-01-25,AMAN,Makmur Berkah Amanda Tbk.,--M-2130000000H111------------,120.0,0.0,121.0,118.0,120.0,0.0,508000,60844100,93,109.1,120,16800,119,28700,3873500000,3873500000,454748900,0,0,0,0,0
2024-01-24,AMAN,Makmur Berkah Amanda Tbk.,--M-2130000000H111------------,122.0,0.0,123.0,120.0,120.0,-2.0,679500,82394300,81,109.1,121,30100,120,126400,3873500000,3873500000,454748900,0,0,0,0,0
2024-01-23,AMAN,Makmur Berkah Amanda Tbk.,--M-2130000000H111------------,121.0,0.0,122.0,119.0,122.0,1.0,1307700,157639800,194,110.9,122,13100,119,367500,3873500000,3873500000,454748900,0,40000,0,0,0
2024-01-22,AMAN,Makmur Berkah Amanda Tbk.,--M-2130000000H111------------,121.0,0.0,124.0,120.0,121.0,0.0,640600,77690900,126,110.0,121,83400,120,445700,3873500000,3873500000,454748900,0,0,0,0,0
2024-01-19,AMAN,Makmur Berkah Amanda Tbk.,--M-2130000000H111------------,123.0,0.0,124.0,120.0,121.0,-2.0,1079000,130914100,162,110.0,122,1000,121,360400,3873500000,3873500000,454748900,0,67200,0,0,0
2024-01-18,AMAN,Makmur Berkah Amanda Tbk.,--M-2130000000H111------------,122.0,0.0,125.0,122.0,123.0,1.0,564600,69338600,146,111.8,124,95300,122,79400,3873500000,3873500000,454748900,0,0,0,0,0
2024-01-17,AMAN,Makmur Berkah Amanda Tbk.,--M-2130000000H111------------,124.0,0.0,126.0,122.0,122.0,-2.0,802900,99691800,177,110.9,123,6300,122,574600,3873500000,3873500000,454748900,0,110000,0,0,0
2024-01-16,AMAN,Makmur Berkah Amanda Tbk.,--M-2130000000H111------------,123.0,0.0,124.0,122.0,124.0,1.0,957500,117758000,87,112.7,124,148500,123,93900,3873500000,3873500000,454748900,82300,0,0,0,0
2024-01-15,AMAN,Makmur Berkah Amanda Tbk.,--M-2130000000H111------------,123.0,0.0,125.0,117.0,123.0,0.0,877600,108496000,128,111.8,124,34300,123,308600,3873500000,3873500000,454748900,0,500000,0,0,0
2024-01-12,AMAN,Makmur Berkah Amanda Tbk.,--M-2130000000H111------------,121.0,0.0,124.0,115.0,123.0,2.0,856600,104532000,176,111.8,123,118900,122,146400,3873500000,3873500000,454748900,0,0,0,0,0
2024-01-11,AMAN,Makmur Berkah Amanda Tbk.,--M-2130000000H111------------,124.0,0.0,124.0,117.0,121.0,-3.0,338600,41107800,165,110.0,123,53600,121,87200,3873500000,3873500000,454748900,0,0,0,0,0
2024-01-10,AMAN,Makmur Berkah Amanda Tbk.,--M-2130000000H111------------,122.0,0.0,124.0,115.0,124.0,2.0,632900,77259000,165,112.7,124,21100,122,400,3873500000,3873500000,454748900,0,0,0,0,0
2024-01-09,AMAN,Makmur Berkah Amanda Tbk.,--M-2130000000H111------------,125.0,0.0,126.0,118.0,122.0,-3.0,662800,81659900,179,110.9,123,49900,122,7000,3873500000,3873500000,454748900,0,0,0,0,0
2024-01-08,AMAN,Makmur Berkah Amanda Tbk.,--M-2130000000H111------------,126.0,0.0,128.0,119.0,125.0,-1.0,1887500,234022700,289,113.6,125,25100,124,2200,3873500000,3873500000,454748900,70100,185000,0,0,0
2024-01-05,AMAN,Makmur Berkah Amanda Tbk.,--M-2130000000H111------------,127.0,0.0,128.0,120.0,126.0,-1.0,1021900,129720100,145,114.5,127,238300,126,208000,3873500000,3873500000,454748900,0,0,0,0,0
2024-01-04,AMAN,Makmur Berkah Amanda Tbk.,--M-2130000000H111------------,126.0,0.0,128.0,119.0,127.0,1.0,1776500,224430500,201,115.5,127,41300,126,42000,3873500000,3873500000,454748900,0,112600,0,0,0
2024-01-03,AMAN,Makmur Berkah Amanda Tbk.,--M-2130000000H111------------,126.0,0.0,129.0,119.0,126.0,0.0,2537800,322773800,332,114.5,126,36000,125,106200,3873500000,3873500000,454748900,91000,1318000,0,0,0
2024-01-02,AMAN,Makmur Berkah Amanda Tbk.,--M-2130000000H111------------,120.0,0.0,127.0,113.0,126.0,6.0,2162700,269233300,495,114.5,127,58100,126,8100,3873500000,3873500000,454748900,65100,404900,0,0,0
2023-12-29,AMAN,Makmur Berkah Amanda Tbk.,--M-2130000000H111------------,120.0,0.0,123.0,113.0,120.0,0.0,669400,80957100,179,109.1,121,5100,120,150900,3873500000,3873500000,454748900,0,0,0,0,0
2023-12-28,AMAN,Makmur Berkah Amanda Tbk.,--M-2130000000H111------------,119.0,0.0,122.0,113.0,120.0,1.0,842900,99737800,172,109.1,120,700,119,157100,3873500000,3873500000,454748900,0,0,0,0,0
2023-12-27,AMAN,Makmur Berkah Amanda Tbk.,--M-2130000000H111------------,120.0,0.0,123.0,118.0,119.0,-1.0,974900,115786700,189,108.2,119,500,118,132800,3873500000,3873500000,454748900,0,101000,18200000,2093000000,6
2023-12-22,AMAN,Makmur Berkah Amanda Tbk.,--M-2130000000H111------------,116.0,0.0,122.0,116.0,120.0,4.0,1570400,186846000,308,109.1,121,60700,120,378100,3873500000,3873500000,454748900,0,609700,0,0,0
2023-12-21,AMAN,Makmur Berkah Amanda Tbk.,--M-2130000000H111------------,118.0,0.0,119.0,116.0,116.0,-2.0,1010800,118153900,259,105.5,118,142200,116,210700,3873500000,3873500000,454748900,0,0,0,0,0
2023-12-20,AMAN,Makmur Berkah Amanda Tbk.,--M-2130000000H111------------,119.0,0.0,121.0,118.0,118.0,-1.0,1035400,123120400,223,107.3,119,60800,118,321000,3873500000,3873500000,454748900,137600,0,0,0,0
2023-12-19,AMAN,Makmur Berkah Amanda Tbk.,--M-2130000000H111------------,117.0,0.0,119.0,114.0,119.0,2.0,1191900,138910500,342,108.2,119,19000,118,500,3873500000,3873500000,454748900,0,1000,0,0,0
2023-12-18,AMAN,Makmur Berkah Amanda Tbk.,--M-2130000000H111------------,118.0,0.0,120.0,116.0,117.0,-1.0,1474000,174265100,303,106.4,118,1800,117,168400,3873500000,3873500000,454748900,200000,67000,0,0,0
2023-12-15,AMAN,Makmur Berkah Amanda Tbk.,--M-2130000000H111------------,122.0,0.0,122.0,117.0,118.0,-4.0,2343000,279255300,488,107.3,120,9800,118,8900,3873500000,3873500000,454748900,0,81900,0,0,0
2023-12-14,AMAN,Makmur Berkah Amanda Tbk.,--M-2130000000H111------------,122.0,0.0,124.0,119.0,122.0,0.0,1357900,165033000,264,110.9,122,54400,121,46300,3873500000,3873500000,454748900,0,148300,0,0,0
2023-12-13,AMAN,Makmur Berkah Amanda Tbk.,--M-2130000000H111------------,122.0,0.0,123.0,121.0,122.0,0.0,1184900,144690900,205,110.9,123,94500,122,24600,3873500000,3873500000,454748900,0,0,0,0,0
2023-12-12,AMAN,Makmur Berkah Amanda Tbk.,--M-2130000000H111------------,122.0,0.0,124.0,122.0,122.0,0.0,1898300,231760800,194,110.9,123,176200,122,16500,3873500000,3873500000,454748900,253600,0,0,0,0
2023-12-11,AMAN,Makmur Berkah Amanda Tbk.,--M-2130000000H111------------,124.0,0.0,125.0,121.0,122.0,-2.0,3531700,433100100,460,110.9,123,8000,122,294900,3873500000,3873500000,454748900,211000,500000,0,0,0
2023-12-08,AMAN,Makmur Berkah Amanda Tbk.,--M-2130000000H111------------,126.0,0.0,129.0,124.0,124.0,-2.0,3928000,492863300,371,112.7,125,30400,124,1152600,3873500000,3873500000,454748900,100000,336300,0,0,0
2023-12-07,AMAN,Makmur Berkah Amanda Tbk.,--M-2130000000H111------------,129.0,0.0,131.0,126.0,126.0,-3.0,2846500,363289100,430,114.5,126,971600,125,194200,3873500000,3873500000,454748900,153000,300000,0,0,0
2023-12-06,AMAN,Makmur Berkah Amanda Tbk.,--M-2130000000H111------------,125.0,0.0,129.0,124.0,129.0,4.0,4808500,609979800,579,117.3,129,567200,128,11000,3873500000,3873500000,454748900,0,463700,0,0,0
2023-12-05,AMAN,Makmur Berkah Amanda Tbk.,--M-2130000000H111------------,124.0,0.0,125.0,123.0,125.0,1.0,4004900,497659500,247,113.6,125,300300,124,147100,3873500000,3873500000,454748900,0,0,0,0,0
2023-12-04,AMAN,Makmur Berkah Amanda Tbk.,--M-2130000000H111------------,124.0,0.0,126.0,123.0,124.0,0.0,2286100,284437900,326,112.7,124,180000,123,267300,3873500000,3873500000,454748900,0,0,0,0,0
2023-12-01,AMAN,Makmur Berkah Amanda Tbk.,--M-2130000000H111------------,125.0,0.0,128.0,124.0,124.0,-1.0,3212400,401435800,307,112.7,125,56000,124,79400,3873500000,3873500000,454748900,72900,200000,0,0,0
2023-11-30,AMAN,Makmur Berkah Amanda Tbk.,--U-2130000000H111------------,126.0,0.0,131.0,124.0,125.0,-1.0,4776900,610563100,661,113.6,126,5000,125,43600,3873500000,3873500000,454748900,68300,0,0,0,0
2023-11-29,AMAN,Makmur Berkah Amanda Tbk.,--U-2130000000H111------------,125.0,0.0,128.0,124.0,126.0,1.0,1352800,170701000,319,114.5,127,107600,126,221500,3873500000,3873500000,454748900,0,0,0,0,0
2023-11-28,AMAN,Makmur Berkah Amanda Tbk.,--U-2130000000H111------------,125.0,0.0,127.0,123.0,125.0,0.0,3391100,421977200,405,113.6,126,25900,125,25000,3873500000,3873500000,454748900,0,550000,0,0,0
2023-11-27,AMAN,Makmur Berkah Amanda Tbk.,--U-2130000000H111------------,126.0,0.0,128.0,125.0,125.0,-1.0,2930500,369099000,429,113.6,127,181200,125,167700,3873500000,3873500000,454748900,200000,122300,0,0,0
2023-11-24,AMAN,Makmur Berkah Amanda Tbk.,--U-2130000000H111------------,126.0,0.0,130.0,126.0,126.0,0.0,2869700,366060600,319,114.5,128,1600,126,359300,3873500000,3873500000,454748900,10000,71900,0,0,0
2023-11-23,AMAN,Makmur Berkah Amanda Tbk.,--U-2130000000H111------------,128.0,0.0,129.0,126.0,126.0,-2.0,1614400,204428200,383,114.5,128,91700,126,206400,3873500000,3873500000,454748900,0,100000,0,0,0
2023-11-22,AMAN,Makmur Berkah Amanda Tbk.,--U-2130000000H111------------,128.0,0.0,133.0,127.0,128.0,0.0,2945200,379534400,470,116.4,129,124200,128,1300,3873500000,3873500000,454748900,159900,130000,0,0,0
2023-11-21,AMAN,Makmur Berkah Amanda Tbk.,--U-2130000000H111------------,126.0,0.0,130.0,125.0,128.0,2.0,2378400,303954700,408,116.4,129,182600,128,387800,3873500000,3873500000,454748900,0,0,0,0,0
2023-11-20,AMAN,Makmur Berkah Amanda Tbk.,--U-2130000000H111------------,126.0,0.0,129.0,126.0,126.0,0.0,2608300,332746900,428,114.5,127,4900,126,506600,3873500000,3873500000,454748900,186900,0,0,0,0
2023-11-17,AMAN,Makmur Berkah Amanda Tbk.,--U-2130000000H111------------,130.0,0.0,132.0,125.0,126.0,-4.0,5213400,665003500,799,114.5,127,89300,126,128000,3873500000,3873500000,454748900,268100,264600,0,0,0
2023-11-16,AMAN,Makmur Berkah Amanda Tbk.,--U-2130000000H111------------,132.0,0.0,133.0,129.0,130.0,-2.0,3037100,397040200,513,118.2,131,111500,130,15000,3873500000,3873500000,454748900,88000,0,0,0,0
2023-11-15,AMAN,Makmur Berkah Amanda Tbk.,--U-2130000000H111------------,135.0,0.0,145.0,131.0,132.0,-3.0,8303900,1117586100,1127,120.0,132,75400,131,253900,3873500000,3873500000,454748900,1426500,395500,0,0,0
2023-11-14,AMAN,Makmur Berkah Amanda Tbk.,--U-2130000000H111------------,128.0,0.0,135.0,128.0,135.0,7.0,12347900,1636722300,1608,122.7,136,156300,135,390900,3873500000,3873500000,454748900,96600,394000,0,0,0
2023-11-13,AMAN,Makmur Berkah Amanda Tbk.,--U-2130000000H111------------,127.0,0.0,130.0,126.0,128.0,1.0,3393300,433069600,508,116.4,129,69300,128,98900,3873500000,3873500000,454748900,54600,17300,0,0,0
2023-11-10,AMAN,Makmur Berkah Amanda Tbk.,--U-2130000000H111------------,129.0,0.0,132.0,125.0,127.0,-2.0,8079100,1035217400,754,115.5,128,1300,127,49800,3873500000,3873500000,454748900,4900,1486900,0,0,0
2023-11-09,AMAN,Makmur Berkah Amanda Tbk.,--U-2130000000H111------------,133.0,0.0,135.0,127.0,129.0,-4.0,7225200,945019700,930,117.3,130,909600,129,19700,3873500000,3873500000,454748900,668500,535700,0,0,0
2023-11-08,AMAN,Makmur Berkah Amanda Tbk.,--U-2130000000H111------------,139.0,0.0,141.0,132.0,133.0,-6.0,10621700,1430988000,1427,120.9,134,16500,133,157500,3873500000,3873500000,454748900,586700,685400,0,0,0
2023-11-07,AMAN,Makmur Berkah Amanda Tbk.,--U-2130000000H111------------,127.0,0.0,146.0,125.0,139.0,12.0,38018100,5248904300,5054,126.4,139,4000,138,731300,3873500000,3873500000,454748900,2235400,1966200,0,0,0
2023-11-06,AMAN,Makmur Berkah Amanda Tbk.,--U-2130000000H111------------,135.0,0.0,137.0,127.0,127.0,-8.0,7465400,973139000,1262,115.5,128,1900,127,517400,3873500000,3873500000,454748900,631500,59900,13065700,1306570000,2
2023-11-03,AMAN,Makmur Berkah Amanda Tbk.,--U-2130000000H111------------,133.0,0.0,140.0,131.0,135.0,2.0,5664500,762188200,1160,122.7,136,83600,135,33700,3873500000,3873500000,454748900,164900,280600,0,0,0
2023-11-02,AMAN,Makmur Berkah Amanda Tbk.,--U-2130000000H111------------,149.0,0.0,153.0,119.0,133.0,-16.0,16573700,2213476600,2661,120.9,133,50100,132,139100,3873500000,3873500000,454748900,695800,1868200,0,0,0
2023-11-01,AMAN,Makmur Berkah Amanda Tbk.,--U-2130000000H111------------,154.0,0.0,159.0,149.0,149.0,-5.0,11927400,1824287400,1537,135.5,150,19000,149,90900,3873500000,3873500000,454748900,353700,917500,0,0,0
2023-10-31,AMAN,Makmur Berkah Amanda Tbk.,--U-2130000000H111------------,150.0,0.0,160.0,148.0,154.0,4.0,31192000,4783756800,3036,140.0,155,135400,154,125800,3873500000,3873500000,454748900,2246900,2458700,0,0,0
2023-10-30,AMAN,Makmur Berkah Amanda Tbk.,--U-2130000000H111------------,155.0,0.0,160.0,148.0,150.0,-5.0,17929700,2725461800,2352,136.4,150,50200,149,135700,3873500000,3873500000,454748900,578800,494000,0,0,0
2023-10-27,AMAN,Makmur Berkah Amanda Tbk.,--U-2130000000H111------------,173.0,0.0,175.0,148.0,155.0,-18.0,63528600,10063999400,8335,140.9,155,186000,154,230900,3873500000,3873500000,454748900,5780200,5559400,0,0,0
2023-10-26,AMAN,Makmur Berkah Amanda Tbk.,--U-2130000000H111------------,166.0,0.0,214.0,170.0,173.0,7.0,408557000,78991898400,42761,157.3,173,1876100,172,120700,3873500000,3873500000,454748900,37512500,34507900,0,0,0
2023-10-25,AMAN,Makmur Berkah Amanda Tbk.,--U-2130000000H111------------,123.0,0.0,166.0,123.0,166.0,43.0,234820900,36826865600,22151,150.9,0,0,166,4493900,3873500000,3873500000,454748900,10681700,8652600,0,0,0
2023-10-24,AMAN,Makmur Berkah Amanda Tbk.,--U-2130000000H111------------,122.0,0.0,126.0,122.0,123.0,1.0,1679300,207412300,252,111.8,124,200500,123,25000,3873500000,3873500000,454748900,99800,0,0,0,0
2023-10-23,AMAN,Makmur Berkah Amanda Tbk.,--U-2130000000H111------------,123.0,0.0,126.0,122.0,122.0,-1.0,3832900,476259900,582,110.9,123,46000,122,681000,3873500000,3873500000,454748900,0,0,0,0,0
2023-10-20,AMAN,Makmur Berkah Amanda Tbk.,--U-2130000000H111------------,121.0,0.0,128.0,120.0,123.0,2.0,4868000,600680600,564,111.8,124,284000,123,1319300,3873500000,3873500000,454748900,125000,519200,0,0,0
2023-10-19,AMAN,Makmur Berkah Amanda Tbk.,--U-2130000000H111------------,120.0,0.0,121.0,119.0,121.0,1.0,968400,116284800,89,110.0,121,459700,120,737000,3873500000,3873500000,454748900,0,29400,0,0,0
2023-10-18,AMAN,Makmur Berkah Amanda Tbk.,--U-2130000000H111------------,118.0,0.0,122.0,119.0,120.0,2.0,1347200,161828800,256,109.1,120,2600,119,294100,3873500000,3873500000,454748900,0,171600,0,0,0
2023-10-17,AMAN,Makmur Berkah Amanda Tbk.,--U-2130000000H111------------,118.0,0.0,120.0,118.0,118.0,0.0,1221700,145501400,162,107.3,119,26700,118,670900,3873500000,3873500000,454748900,200000,0,0,0,0
2023-10-16,AMAN,Makmur Berkah Amanda Tbk.,--U-2130000000H111------------,121.0,0.0,123.0,118.0,118.0,-3.0,2870300,342419200,377,107.3,120,162600,118,41400,3873500000,3873500000,454748900,510300,0,0,0,0
2023-10-13,AMAN,Makmur Berkah Amanda Tbk.,--U-2130000000H111------------,122.0,0.0,123.0,120.0,121.0,-1.0,714100,86233800,177,110.0,121,29300,120,151300,3873500000,3873500000,454748900,0,0,0,0,0
2023-10-12,AMAN,Makmur Berkah Amanda Tbk.,--U-2130000000H111------------,122.0,0.0,125.0,120.0,122.0,0.0,2072100,254728500,268,110.9,122,167000,121,117200,3873500000,3873500000,454748900,0,0,0,0,0
2023-10-11,AMAN,Makmur Berkah Amanda Tbk.,--U-2130000000H111------------,120.0,0.0,124.0,120.0,122.0,2.0,2427800,296151000,382,110.9,123,506000,122,28400,3873500000,3873500000,454748900,0,446500,0,0,0
2023-10-10,AMAN,Makmur Berkah Amanda Tbk.,--U-2130000000H111------------,119.0,0.0,121.0,118.0,120.0,1.0,1203300,143715800,180,109.1,120,9200,119,322100,3873500000,3873500000,454748900,0,186500,0,0,0
2023-10-09,AMAN,Makmur Berkah Amanda Tbk.,--U-2130000000H111------------,118.0,0.0,120.0,117.0,119.0,1.0,724800,85794100,182,108.2,120,612500,119,16200,3873500000,3873500000,454748900,0,0,0,0,0
2023-10-06,AMAN,Makmur Berkah Amanda Tbk.,--U-2130000000H111------------,119.0,0.0,120.0,117.0,118.0,-1.0,1531400,180113400,241,107.3,119,72700,118,71500,3873500000,3873500000,454748900,0,0,0,0,0
2023-10-05,AMAN,Makmur Berkah Amanda Tbk.,--U-2130000000H111------------,120.0,0.0,122.0,118.0,119.0,-1.0,1686500,200848600,305,108.2,119,561400,118,211200,3873500000,3873500000,454748900,0,78900,0,0,0
2023-10-04,AMAN,Makmur Berkah Amanda Tbk.,--U-2130000000H111------------,118.0,0.0,122.0,114.0,120.0,2.0,3591600,420503600,547,109.1,120,47700,118,166000,3873500000,3873500000,454748900,0,36700,0,0,0
2023-10-03,AMAN,Makmur Berkah Amanda Tbk.,--U-2130000000H111------------,125.0,0.0,127.0,117.0,118.0,-7.0,7291300,890143400,803,107.3,121,178200,118,300,3873500000,3873500000,454748900,507100,0,0,0,0
2023-10-02,AMAN,Makmur Berkah Amanda Tbk.,--U-2130000000H111------------,127.0,0.0,129.0,123.0,125.0,-2.0,3503300,439528200,587,113.6,125,10400,124,3500,3873500000,3873500000,454748900,231200,0,0,0,0
2023-09-29,AMAN,Makmur Berkah Amanda Tbk.,--U-2130000000H111------------,128.0,0.0,131.0,125.0,127.0,-1.0,5488200,705252600,828,115.5,128,533800,126,468200,3873500000,3873500000,455136250,542000,0,0,0,0
2023-09-27,AMAN,Makmur Berkah Amanda Tbk.,--U-2130000000H111------------,122.0,0.0,132.0,122.0,128.0,6.0,9135200,1151820600,1213,116.4,128,218700,127,110000,3873500000,3873500000,455136250,167000,167000,0,0,0
2023-09-26,AMAN,Makmur Berkah Amanda Tbk.,--U-2130000000H111------------,122.0,0.0,124.0,121.0,122.0,0.0,3388300,414691800,353,110.9,123,66000,122,78700,3873500000,3873500000,455136250,0,0,0,0,0
2023-09-25,AMAN,Makmur Berkah Amanda Tbk.,--U-2130000000H111------------,119.0,0.0,123.0,120.0,122.0,3.0,2849900,347641600,435,110.9,123,194300,122,21600,3873500000,3873500000,455136250,0,485000,0,0,0
2023-09-22,AMAN,Makmur Berkah Amanda Tbk.,--U-2130000000H111------------,119.0,0.0,120.0,119.0,119.0,0.0,1191800,142287800,160,108.2,119,89100,118,498600,3873500000,3873500000,455136250,82000,0,0,0,0
2023-09-21,AMAN,Makmur Berkah Amanda Tbk.,--U-2130000000H111------------,119.0,0.0,122.0,118.0,119.0,0.0,2224800,265785400,243,108.2,120,277500,119,66600,3873500000,3873500000,455136250,0,287600,0,0,0
2023-09-20,AMAN,Makmur Berkah Amanda Tbk.,--U-2130000000H111------------,117.0,0.0,121.0,114.0,119.0,2.0,793100,94536600,193,108.2,119,96100,118,194500,3873500000,3873500000,455136250,0,0,0,0,0
2023-09-19,AMAN,Makmur Berkah Amanda Tbk.,--U-2130000000H111------------,117.0,0.0,120.0,108.0,117.0,0.0,1183500,139341700,292,106.4,118,5000,117,371100,3873500000,3873500000,455136250,0,0,0,0,0
2023-09-18,AMAN,Makmur Berkah Amanda Tbk.,--U-2130000000H111------------,121.0,0.0,122.0,112.0,117.0,-4.0,3611600,428609000,552,106.4,118,119100,117,460000,3873500000,3873500000,455136250,459400,200000,0,0,0
2023-09-15,AMAN,Makmur Berkah Amanda Tbk.,--U-2130000000H111------------,121.0,0.0,123.0,120.0,121.0,0.0,2256300,272770900,255,110.0,122,346100,121,46500,3873500000,3873500000,455136250,235500,0,0,0,0
2023-09-14,AMAN,Makmur Berkah Amanda Tbk.,--U-2130000000H111------------,123.0,0.0,125.0,121.0,121.0,-2.0,1297400,158464900,286,110.0,122,32500,121,420100,3873500000,3873500000,455136250,0,0,5406200,437902200,1
2023-09-13,AMAN,Makmur Berkah Amanda Tbk.,--U-2130000000H111------------,122.0,0.0,125.0,122.0,123.0,1.0,2114100,261100700,333,111.8,124,78100,123,8900,3873500000,3873500000,455136250,0,1000,0,0,0
2023-09-12,AMAN,Makmur Berkah Amanda Tbk.,--U-2130000000H111------------,122.0,0.0,125.0,121.0,122.0,0.0,1826300,225014000,366,110.9,123,34900,122,260600,3873500000,3873500000,455136250,0,0,0,0,0
2023-09-11,AMAN,Makmur Berkah Amanda Tbk.,--U-2130000000H111------------,121.0,0.0,123.0,120.0,122.0,1.0,1293200,156383700,192,110.9,122,230900,121,139000,3873500000,3873500000,455136250,0,0,0,0,0
2023-09-08,AMAN,Makmur Berkah Amanda Tbk.,--U-2130000000H111------------,122.0,0.0,124.0,121.0,121.0,-1.0,1545000,187662000,335,110.0,122,28200,121,60200,3873500000,3873500000,455136250,0,0,0,0,0
2023-09-07,AMAN,Makmur Berkah Amanda Tbk.,--U-2130000000H111------------,122.0,0.0,125.0,121.0,122.0,0.0,1677800,205166300,279,110.9,122,47200,121,515700,3873500000,3873500000,455136250,0,0,0,0,0
2023-09-06,AMAN,Makmur Berkah Amanda Tbk.,--U-2130000000H111------------,123.0,0.0,124.0,121.0,122.0,-1.0,1953100,238459200,333,110.9,123,101600,122,69100,3873500000,3873500000,455136250,0,0,0,0,0
2023-09-05,AMAN,Makmur Berkah Amanda Tbk.,--U-2130000000H111------------,124.0,0.0,126.0,122.0,123.0,-1.0,2860000,351065100,388,111.8,123,183100,122,951500,3873500000,3873500000,455136250,500,0,0,0,0
2023-09-04,AMAN,Makmur Berkah Amanda Tbk.,--U-2130000000H111------------,126.0,0.0,128.0,124.0,124.0,-2.0,2449200,305824300,428,112.7,125,6500,124,36900,3873500000,3873500000,455136250,2400,0,0,0,0
2023-09-01,AMAN,Makmur Berkah Amanda Tbk.,--U-2130000000H111------------,125.0,0.0,130.0,126.0,126.0,1.0,9179600,1179243600,1137,114.5,126,5800,125,186900,3873500000,3873500000,455136250,63800,69900,0,0,0
2023-08-31,AMAN,Makmur Berkah Amanda Tbk.,--U-2130000000H111------------,121.0,0.0,127.0,121.0,125.0,4.0,4244300,528972600,619,113.6,125,50200,124,6600,3873500000,3873500000,455136250,2700,132200,0,0,0
2023-08-30,AMAN,Makmur Berkah Amanda Tbk.,--U-2130000000H111------------,123.0,0.0,124.0,121.0,121.0,-2.0,2915600,356380800,398,110.0,122,40400,121,603200,3873500000,3873500000,455136250,0,314100,0,0,0
2023-08-29,AMAN,Makmur Berkah Amanda Tbk.,--U-2130000000H111------------,123.0,0.0,125.0,121.0,123.0,0.0,2193700,269353900,368,111.8,124,17800,123,105700,3873500000,3873500000,455136250,0,271300,0,0,0
2023-08-28,AMAN,Makmur Berkah Amanda Tbk.,--U-2130000000H111------------,125.0,0.0,126.0,123.0,123.0,-2.0,1514900,187462000,435,111.8,124,91700,123,28600,3873500000,3873500000,455136250,0,0,0,0,0
2023-08-25,AMAN,Makmur Berkah Amanda Tbk.,--U-2130000000H111------------,125.0,0.0,127.0,122.0,125.0,0.0,1765500,219626600,374,113.6,126,189600,124,172700,3873500000,3873500000,455136250,162900,0,0,0,0
2023-08-24,AMAN,Makmur Berkah Amanda Tbk.,--U-2130000000H111------------,125.0,0.0,128.0,124.0,125.0,0.0,2135300,267636700,391,113.6,126,300800,125,168500,3873500000,3873500000,455136250,0,0,0,0,0
2023-08-23,AMAN,Makmur Berkah Amanda Tbk.,--U-2130000000H111------------,128.0,0.0,129.0,123.0,125.0,-3.0,5467600,689520800,719,113.6,126,30100,125,285500,3873500000,3873500000,455136250,348200,230000,0,0,0
2023-08-22,AMAN,Makmur Berkah Amanda Tbk.,--U-2130000000H111------------,128.0,0.0,131.0,127.0,128.0,0.0,5374100,688743200,531,116.4,129,59800,128,441000,3873500000,3873500000,455136250,142700,251800,0,0,0
2023-08-21,AMAN,Makmur Berkah Amanda Tbk.,--U-2130000000H111------------,130.0,0.0,131.0,128.0,128.0,-2.0,5556800,716596400,828,116.4,129,27600,128,82300,3873500000,3873500000,455136250,0,448700,0,0,0
2023-08-18,AMAN,Makmur Berkah Amanda Tbk.,--U-2130000000H111------------,130.0,0.0,133.0,128.0,130.0,0.0,5964100,779594800,727,118.2,131,149600,130,1200,3873500000,3873500000,455136250,4400,100000,0,0,0
2023-08-16,AMAN,Makmur Berkah Amanda Tbk.,--U-2130000000H111------------,129.0,0.0,137.0,129.0,130.0,1.0,31573800,4194714000,2281,118.2,131,63700,130,296500,3873500000,3873500000,455136250,4781400,2655800,0,0,0
2023-08-15,AMAN,Makmur Berkah Amanda Tbk.,--U-2130000000H111------------,129.0,0.0,137.0,127.0,129.0,0.0,17582500,2307797600,2277,117.3,129,1200,128,453400,3873500000,3873500000,455136250,1390300,1927400,0,0,0
2023-08-14,AMAN,Makmur Berkah Amanda Tbk.,--U-2130000000H111------------,128.0,0.0,133.0,128.0,129.0,1.0,5002600,649601300,712,117.3,130,657300,129,25200,3873500000,3873500000,455136250,313500,497300,0,0,0
2023-08-11,AMAN,Makmur Berkah Amanda Tbk.,--U-2130000000H111------------,129.0,0.0,131.0,127.0,128.0,-1.0,3320700,427557500,554,116.4,129,21100,127,830200,3873500000,3873500000,455136250,77600,122400,0,0,0
2023-08-10,AMAN,Makmur Berkah Amanda Tbk.,--U-2130000000H111------------,128.0,0.0,136.0,127.0,129.0,1.0,15536200,2046689800,1572,117.3,129,148900,128,836000,3873500000,3873500000,455136250,3665600,696000,0,0,0
2023-08-09,AMAN,Makmur Berkah Amanda Tbk.,--U-2130000000H111------------,128.0,0.0,133.0,127.0,128.0,0.0,7487500,973079100,902,116.4,129,3200,128,70100,3873500000,3873500000,455136250,362600,1108100,0,0,0
2023-08-08,AMAN,Makmur Berkah Amanda Tbk.,--U-2130000000H111------------,131.0,0.0,134.0,127.0,128.0,-3.0,10195000,1317274400,1196,116.4,129,183900,128,732600,3873500000,3873500000,455136250,1519100,615300,0,0,0
2023-08-07,AMAN,Makmur Berkah Amanda Tbk.,--U-2130000000H111------------,122.0,0.0,136.0,122.0,131.0,9.0,35953500,4699320900,4423,119.1,132,340800,131,565700,3873500000,3873500000,455136250,2803800,4312100,0,0,0
2023-08-04,AMAN,Makmur Berkah Amanda Tbk.,--U-2130000000H111------------,120.0,0.0,122.0,119.0,122.0,2.0,5376800,648237900,662,110.9,123,668700,122,21500,3873500000,3873500000,455136250,292300,1292800,0,0,0
2023-08-03,AMAN,Makmur Berkah Amanda Tbk.,--U-2130000000H111------------,118.0,0.0,121.0,118.0,120.0,2.0,4780000,571711300,636,109.1,121,738000,120,157900,3873500000,3873500000,455136250,514300,1048000,0,0,0
2023-08-02,AMAN,Makmur Berkah Amanda Tbk.,--U-2135000000H111------------,120.0,0.0,122.0,117.0,118.0,-2.0,8138900,967098500,1028,107.3,120,265800,118,118200,3873500000,3873500000,455136250,819100,412700,0,0,0
2023-08-01,AMAN,Makmur Berkah Amanda Tbk.,--U-2135000000H111------------,122.0,0.0,126.0,117.0,120.0,-2.0,20679200,2507365700,2143,109.1,120,800,119,476500,3873500000,3873500000,455136250,2110200,1568700,0,0,0
2023-07-31,AMAN,Makmur Berkah Amanda Tbk.,--U-2135000000H111------------,120.0,0.0,124.0,105.0,122.0,2.0,17478400,2050895300,2170,110.9,122,97700,121,2800,3873500000,3873500000,455136250,1582100,3061300,0,0,0
2023-07-28,AMAN,Makmur Berkah Amanda Tbk.,--U-2135000000H111------------,134.0,0.0,139.0,119.0,120.0,-14.0,74910000,9728582500,4357,109.1,120,235400,119,2266400,3873500000,3873500000,455136250,4190900,4024300,0,0,0
2023-07-27,AMAN,Makmur Berkah Amanda Tbk.,--U-2135000000H111------------,137.0,0.0,141.0,133.0,134.0,-3.0,10646700,1446881200,1819,121.8,135,37300,134,1606300,3873500000,3873500000,455136250,506900,1830200,0,0,0
2023-07-26,AMAN,Makmur Berkah Amanda Tbk.,--U-2135000000H111------------,160.0,0.0,158.0,136.0,137.0,-23.0,77330100,11053811800,6661,124.5,138,40000,137,49400,3873500000,3873500000,455136250,3885900,7484900,0,0,0
2023-07-25,AMAN,Makmur Berkah Amanda Tbk.,--U-2135000000H111------------,188.0,0.0,202.0,160.0,160.0,-28.0,164652500,28721461100,13520,145.5,160,1773100,0,0,3873500000,3873500000,455136250,21258000,7605400,0,0,0
2023-07-24,AMAN,Makmur Berkah Amanda Tbk.,--U-2135000000H111------------,143.0,0.0,189.0,141.0,188.0,45.0,71891800,12243242300,8754,170.9,188,358100,187,12400,3873500000,3873500000,455136250,4662700,9317600,0,0,0
2023-07-21,AMAN,Makmur Berkah Amanda Tbk.,--U-2135000000H111------------,140.0,0.0,148.0,139.0,143.0,3.0,7671500,1096078100,1186,130.0,143,229900,142,25300,3873500000,3873500000,455136250,440500,2288400,0,0,0
2023-07-20,AMAN,Makmur Berkah Amanda Tbk.,--U-2135000000H111------------,134.0,0.0,142.0,133.0,140.0,6.0,6895500,948429000,859,127.3,140,128300,139,62500,3873500000,3873500000,455136250,148900,1484300,0,0,0
2023-07-18,AMAN,Makmur Berkah Amanda Tbk.,--U-2135000000H111------------,141.0,0.0,144.0,132.0,134.0,-7.0,15215500,2096048100,2171,121.8,135,63300,134,23200,3873500000,3873500000,455136250,1863000,1667200,0,0,0
2023-07-17,AMAN,Makmur Berkah Amanda Tbk.,--U-2135000000H111------------,141.0,0.0,164.0,134.0,141.0,0.0,62577000,9481144000,5723,128.2,141,241800,140,278700,3873500000,3873500000,455136250,6003700,6508700,0,0,0
2023-07-14,AMAN,Makmur Berkah Amanda Tbk.,--U-2135000000H111------------,143.0,0.0,151.0,141.0,141.0,-2.0,18695000,2716731900,1437,128.2,143,29300,141,15300,3873500000,3873500000,455136250,3118600,3525200,0,0,0
2023-07-13,AMAN,Makmur Berkah Amanda Tbk.,--U-2135000000H111------------,145.0,0.0,148.0,136.0,143.0,-2.0,23044900,3264331600,2391,130.0,144,59800,143,142000,3873500000,3873500000,455136250,4593000,2834300,0,0,0
2023-07-12,AMAN,Makmur Berkah Amanda Tbk.,--U-2135000000H111------------,136.0,0.0,157.0,136.0,145.0,9.0,51617700,7631389300,4750,131.8,145,261000,144,6536000,3873500000,3873500000,455136250,4024300,7319200,0,0,0
2023-07-11,AMAN,Makmur Berkah Amanda Tbk.,--U-2135000000H111------------,129.0,0.0,138.0,128.0,136.0,7.0,11242700,1517544800,1123,123.6,137,84100,136,126200,3873500000,3873500000,455136250,15700,2657200,0,0,0
2023-07-10,AMAN,Makmur Berkah Amanda Tbk.,--U-2135000000H111------------,129.0,0.0,133.0,114.0,129.0,0.0,3321500,431339600,566,117.3,131,80500,129,10100,3873500000,3873500000,455136250,77800,531600,0,0,0
2023-07-07,AMAN,Makmur Berkah Amanda Tbk.,--U-2135000000H111------------,129.0,0.0,130.0,125.0,129.0,0.0,5104400,655120800,725,117.3,130,118300,129,41100,3873500000,3873500000,455136250,154500,26800,0,0,0
2023-07-06,AMAN,Makmur Berkah Amanda Tbk.,--U-2135000000H111------------,130.0,0.0,134.0,128.0,129.0,-1.0,19270400,2533696800,1073,117.3,130,44900,129,14800,3873500000,3873500000,455136250,1127500,52200,0,0,0
2023-07-05,AMAN,Makmur Berkah Amanda Tbk.,--U-2135000000H111------------,130.0,0.0,135.0,127.0,130.0,0.0,15696600,2066705000,909,118.2,131,1300,130,140800,3873500000,3873500000,455136250,512100,1258900,0,0,0
2023-07-04,AMAN,Makmur Berkah Amanda Tbk.,--U-2135000000H111------------,137.0,0.0,138.0,128.0,130.0,-7.0,17523600,2376048100,1404,118.2,130,2300,129,256200,3873500000,3873500000,455136250,1528200,2225300,0,0,0
2023-07-03,AMAN,Makmur Berkah Amanda Tbk.,--U-2135000000H111------------,135.0,0.0,144.0,132.0,137.0,2.0,22628700,3097314400,2484,124.5,137,441400,136,987300,3873500000,3873500000,455136250,2997000,2915800,0,0,0
2023-06-27,AMAN,Makmur Berkah Amanda Tbk.,--U-2135000000H111------------,129.0,0.0,135.0,126.0,135.0,6.0,12330600,1629494800,1277,122.7,136,447200,135,423200,3873500000,3873500000,455136250,1211800,3624100,0,0,0
2023-06-26,AMAN,Makmur Berkah Amanda Tbk.,--U-2135000000H111------------,128.0,0.0,134.0,120.0,129.0,1.0,6727000,873550800,1160,117.3,130,43100,129,780200,3873500000,3873500000,455136250,136800,1625400,0,0,0
2023-06-23,AMAN,Makmur Berkah Amanda Tbk.,--U-2135000000H111------------,129.0,0.0,131.0,124.0,128.0,-1.0,5184000,656803000,892,116.4,129,207900,127,226500,3873500000,3873500000,455136250,183600,107100,0,0,0
2023-06-22,AMAN,Makmur Berkah Amanda Tbk.,--U-2135000000H111------------,129.0,0.0,131.0,125.0,129.0,0.0,9476400,1226759000,884,117.3,129,7900,128,152100,3873500000,3873500000,455136250,0,2217300,0,0,0
2023-06-21,AMAN,Makmur Berkah Amanda Tbk.,--U-2135000000H111------------,131.0,0.0,140.0,127.0,129.0,-2.0,30190700,4061246800,2692,117.3,130,878300,129,154000,3873500000,3873500000,455136250,1898600,386500,0,0,0
2023-06-20,AMAN,Makmur Berkah Amanda Tbk.,--U-2135000000H111------------,136.0,0.0,140.0,122.0,131.0,-5.0,26874300,3581232400,2097,119.1,132,30200,131,2255600,3873500000,3873500000,455136250,2317700,590700,0,0,0
2023-06-19,AMAN,Makmur Berkah Amanda Tbk.,--U-2135000000H111------------,138.0,0.0,140.0,136.0,136.0,-2.0,15588500,2146776500,914,123.6,137,117000,136,1450500,3873500000,3873500000,455136250,198800,1302700,0,0,0
2023-06-16,AMAN,Makmur Berkah Amanda Tbk.,--U-2135000000H111------------,137.0,0.0,139.0,136.0,138.0,1.0,11287000,1548416200,729,125.5,138,121200,137,16100,3873500000,3873500000,455136250,2900,823700,0,0,0
2023-06-15,AMAN,Makmur Berkah Amanda Tbk.,--U-2135000000H111------------,140.0,0.0,141.0,136.0,137.0,-3.0,4795300,664319000,1010,124.5,138,31300,137,2800,3873500000,3873500000,455136250,17900,208800,0,0,0
2023-06-14,AMAN,Makmur Berkah Amanda Tbk.,--U-2135000000H111------------,146.0,0.0,156.0,136.0,140.0,-6.0,16777900,2375042100,2980,127.3,140,215700,139,49000,3873500000,3873500000,455136250,896700,848500,0,0,0
2023-06-13,AMAN,Makmur Berkah Amanda Tbk.,--U-2135000000H111------------,141.0,0.0,148.0,126.0,146.0,5.0,21564800,2974845700,4255,132.7,147,64500,146,306300,3873500000,3873500000,455136250,1625600,2015500,0,0,0
2023-06-12,AMAN,Makmur Berkah Amanda Tbk.,--U-2135000000H111------------,165.0,0.0,166.0,141.0,141.0,-24.0,63740400,9648849100,3638,128.2,141,1716300,0,0,3873500000,3873500000,455136250,1263000,2690100,0,0,0
2023-06-09,AMAN,Makmur Berkah Amanda Tbk.,--U-2135000000H111------------,193.0,0.0,194.0,165.0,165.0,-28.0,74055500,13217346000,5262,150.0,165,2139500,0,0,3873500000,3873500000,455136250,5201300,2730200,0,0,0
2023-06-08,AMAN,Makmur Berkah Amanda Tbk.,--U-2135000000H111------------,226.0,0.0,230.0,193.0,193.0,-33.0,94845700,19262584300,3811,175.5,193,1551600,0,0,3873500000,3873500000,455136250,3494400,3617000,0,0,0
2023-06-07,AMAN,Makmur Berkah Amanda Tbk.,--U-2135000000H111------------,220.0,0.0,230.0,214.0,226.0,6.0,17711700,3997697800,1871,205.5,228,125500,226,83100,3873500000,3873500000,455136250,46000,3810500,0,0,0
2023-06-06,AMAN,Makmur Berkah Amanda Tbk.,--U-2135000000H111------------,224.0,0.0,234.0,208.0,220.0,-4.0,21330100,4805693800,2161,200.0,220,189700,218,86400,3873500000,3873500000,455136250,2848600,1365700,0,0,0
2023-06-05,AMAN,Makmur Berkah Amanda Tbk.,--U-2135000000H111------------,192.0,0.0,230.0,174.0,224.0,32.0,42548500,9016029800,6029,203.6,226,160400,224,123300,3873500000,3873500000,455136250,1847300,2753000,0,0,0
2023-05-31,AMAN,Makmur Berkah Amanda Tbk.,--U-2135000000H111------------,200.0,0.0,200.0,186.0,192.0,-8.0,26810600,5208104700,2531,174.5,193,43600,192,25400,3873500000,3873500000,455136250,776100,575400,0,0,0
2023-05-30,AMAN,Makmur Berkah Amanda Tbk.,--U-2135000000H111------------,214.0,0.0,240.0,200.0,200.0,-14.0,73380500,16102282200,5882,181.8,200,2037700,0,0,3873500000,3873500000,455136250,3892200,3318100,0,0,0
2023-05-29,AMAN,Makmur Berkah Amanda Tbk.,--U-2135000000H111------------,202.0,0.0,218.0,197.0,214.0,12.0,12399800,2595568400,2185,194.5,216,332600,214,113200,3873500000,3873500000,455136250,1298500,1575400,0,0,0
2023-05-26,AMAN,Makmur Berkah Amanda Tbk.,--U-2135000000H111------------,210.0,0.0,210.0,196.0,202.0,-8.0,12794100,2587562300,2011,183.6,204,14900,202,31900,3873500000,3873500000,455136250,1585500,1088100,0,0,0
2023-05-25,AMAN,Makmur Berkah Amanda Tbk.,--U-2135000000H111------------,224.0,0.0,236.0,210.0,210.0,-14.0,47876200,10498543800,4275,190.9,210,541600,0,0,3873500000,3873500000,455136250,4060400,2177300,0,0,0
2023-05-24,AMAN,Makmur Berkah Amanda Tbk.,--U-2135000000H111------------,232.0,0.0,232.0,218.0,224.0,-8.0,13185300,2956472000,2206,203.6,226,137300,224,19800,3873500000,3873500000,455136250,2330300,404200,0,0,0
2023-05-23,AMAN,Makmur Berkah Amanda Tbk.,--U-2135000000H111------------,248.0,0.0,254.0,232.0,232.0,-16.0,19401700,4573962400,1933,210.9,232,2675500,0,0,3873500000,3873500000,455136250,76500,2454900,0,0,0
2023-05-22,AMAN,Makmur Berkah Amanda Tbk.,--U-2135000000H111------------,266.0,0.0,326.0,248.0,248.0,-18.0,88870800,25062752200,15159,225.5,248,446100,0,0,3873500000,3873500000,455136250,3206400,3997500,0,0,0
2023-05-19,AMAN,Makmur Berkah Amanda Tbk.,--U-2135000000H111------------,266.0,0.0,292.0,248.0,266.0,0.0,31172300,8347038200,4723,241.8,268,32200,266,300100,3873500000,3873500000,455136250,629100,1685500,0,0,0
2023-05-17,AMAN,Makmur Berkah Amanda Tbk.,--U-2135000000H111------------,284.0,0.0,292.0,266.0,266.0,-18.0,8099000,2226852400,1723,241.8,266,878500,0,0,3873500000,3873500000,455136250,184600,1239400,0,0,0
2023-05-16,AMAN,Makmur Berkah Amanda Tbk.,--U-2135000000H111------------,304.0,0.0,312.0,284.0,284.0,-20.0,50605300,14801826000,2720,258.2,284,612100,0,0,3873500000,3873500000,455136250,708000,469300,0,0,0
2023-05-15,AMAN,Makmur Berkah Amanda Tbk.,--U-2135000000H111------------,326.0,0.0,320.0,304.0,304.0,-22.0,26365400,8135133400,1731,276.4,304,1611900,0,0,3873500000,3873500000,455136250,279400,1350000,0,0,0
2023-05-12,AMAN,Makmur Berkah Amanda Tbk.,--U-2135000000H111------------,350.0,0.0,414.0,326.0,326.0,-24.0,35974900,13496791600,8599,296.4,326,1520200,0,0,3873500000,3873500000,455136250,2257300,1085100,0,0,0
2023-05-11,AMAN,Makmur Berkah Amanda Tbk.,--U-2135000000H111------------,280.0,0.0,350.0,266.0,350.0,70.0,38774700,12440863200,6033,318.2,0,0,350,9032400,3873500000,3873500000,455136250,1661800,225400,0,0,0
2023-05-10,AMAN,Makmur Berkah Amanda Tbk.,--U-2135000000H111------------,274.0,0.0,286.0,256.0,280.0,6.0,15145700,4136991800,2420,254.5,282,70100,280,23800,3873500000,3873500000,455136250,146400,1625800,0,0,0
2023-05-09,AMAN,Makmur Berkah Amanda Tbk.,--U-2135000000H111------------,294.0,0.0,310.0,274.0,274.0,-20.0,55353900,15841736800,2127,249.1,274,352800,0,0,3873500000,3873500000,455136250,431900,1961400,0,0,0
2023-05-08,AMAN,Makmur Berkah Amanda Tbk.,--U-2135000000H111------------,314.0,0.0,314.0,294.0,294.0,-20.0,27143100,8034074000,1245,267.3,294,888200,0,0,3873500000,3873500000,455136250,447200,216000,0,0,0
2023-05-05,AMAN,Makmur Berkah Amanda Tbk.,--U-2135000000H111------------,336.0,0.0,408.0,314.0,314.0,-22.0,38763400,13539376200,8874,285.5,314,618200,0,0,3873500000,3873500000,455136250,1698000,1581600,0,0,0
2023-05-04,AMAN,Makmur Berkah Amanda Tbk.,--U-2135000000H111------------,270.0,0.0,336.0,260.0,336.0,66.0,58230100,17290616600,6825,305.5,0,0,336,3444600,3873500000,3873500000,455136250,4132700,1439300,0,0,0
2023-05-03,AMAN,Makmur Berkah Amanda Tbk.,--U-2135000000H111------------,276.0,0.0,338.0,258.0,270.0,-6.0,58972700,17298441600,9833,245.5,272,45600,270,1358800,3873500000,3873500000,455136250,2935200,3395700,0,0,0
2023-05-02,AMAN,Makmur Berkah Amanda Tbk.,--U-2135000000H111------------,222.0,0.0,276.0,210.0,276.0,54.0,49862500,12407971800,2921,250.9,0,0,276,5033200,3873500000,3873500000,455136250,4360100,157800,0,0,0
2023-04-28,AMAN,Makmur Berkah Amanda Tbk.,--U-2135000000H111------------,236.0,0.0,244.0,220.0,222.0,-14.0,29673700,6838508600,1398,201.8,224,223000,222,42700,3873500000,3873500000,455136250,0,3396300,0,0,0
2023-04-27,AMAN,Makmur Berkah Amanda Tbk.,--U-2135000000H111------------,252.0,0.0,254.0,236.0,236.0,-16.0,52408800,12557827600,2045,214.5,236,269500,0,0,3873500000,3873500000,455136250,149600,927600,0,0,0
2023-04-26,AMAN,Makmur Berkah Amanda Tbk.,--U-2135000000H111------------,270.0,0.0,324.0,252.0,252.0,-18.0,43711000,12532544200,4354,229.1,252,1404200,0,0,3873500000,3873500000,455136250,874600,2039100,0,0,0
2023-04-18,AMAN,Makmur Berkah Amanda Tbk.,--U-2135000000H111------------,256.0,0.0,276.0,244.0,270.0,14.0,16890900,4479780200,1337,245.5,270,100000,268,1998300,3873500000,3873500000,455136250,763200,27300,0,0,0
2023-04-17,AMAN,Makmur Berkah Amanda Tbk.,--U-2135000000H111------------,246.0,0.0,262.0,232.0,256.0,10.0,32858000,8151490800,1194,232.7,256,59800,254,10000,3873500000,3873500000,455136250,253200,549000,0,0,0
2023-04-14,AMAN,Makmur Berkah Amanda Tbk.,--U-2135000000H111------------,246.0,0.0,284.0,230.0,246.0,0.0,57709300,14406039200,4057,223.6,246,60700,244,19300,3873500000,3873500000,455136250,841000,896500,0,0,0
2023-04-13,AMAN,Makmur Berkah Amanda Tbk.,--U-2135000000H111------------,264.0,0.0,266.0,246.0,246.0,-18.0,59391500,15249659000,1066,223.6,246,46300,0,0,3873500000,3873500000,455136250,91900,502000,0,0,0
2023-04-12,AMAN,Makmur Berkah Amanda Tbk.,--U-2135000000H111------------,274.0,0.0,284.0,256.0,264.0,-10.0,30716000,8251186400,1141,240.0,264,180700,258,8000,3873500000,3873500000,455136250,325000,421400,0,0,0
2023-04-11,AMAN,Makmur Berkah Amanda Tbk.,--U-2135000000H111------------,274.0,0.0,280.0,256.0,274.0,0.0,41613700,11098596800,886,249.1,274,155500,270,800,3873500000,3873500000,455136250,384700,822900,0,0,0
2023-04-10,AMAN,Makmur Berkah Amanda Tbk.,--U-2135000000H111------------,280.0,0.0,290.0,264.0,274.0,-6.0,8750000,2457162600,614,249.1,276,5000,272,6900,3873500000,3873500000,455136250,218200,100200,0,0,0
2023-04-06,AMAN,Makmur Berkah Amanda Tbk.,--U-2135000000H111------------,286.0,0.0,314.0,270.0,280.0,-6.0,39899400,11519285600,2388,254.5,282,1500,280,1702100,3873500000,3873500000,455136250,595300,587800,0,0,0
2023-04-05,AMAN,Makmur Berkah Amanda Tbk.,--U-2135000000H111------------,282.0,0.0,296.0,264.0,286.0,4.0,25652500,7136648200,2168,260.0,288,31600,286,2200,3873500000,3873500000,455136250,120200,125200,0,0,0
2023-04-04,AMAN,Makmur Berkah Amanda Tbk.,--U-2135000000H111------------,282.0,0.0,0.0,0.0,282.0,0.0,0,0,0,256.4,0,0,0,0,3873500000,3873500000,455136250,0,0,0,0,0
2023-04-03,AMAN,Makmur Berkah Amanda Tbk.,--U-2135000000H111------------,302.0,0.0,316.0,282.0,282.0,-20.0,34643900,10137833000,1871,256.4,282,289900,0,0,3873500000,3873500000,455136250,223200,919700,0,0,0
2023-03-31,AMAN,Makmur Berkah Amanda Tbk.,--U-2135000000H111------------,324.0,0.0,316.0,302.0,302.0,-22.0,553700,167403400,181,274.5,302,1140400,0,0,3873500000,3873500000,455136250,0,0,0,0,0
2023-03-30,AMAN,Makmur Berkah Amanda Tbk.,--U-2135000000H111------------,348.0,0.0,366.0,324.0,324.0,-24.0,26686800,8840028600,1528,294.5,324,896600,0,0,3873500000,3873500000,455136250,277300,449100,0,0,0
2023-03-29,AMAN,Makmur Berkah Amanda Tbk.,--U-2135000000H111------------,374.0,0.0,370.0,348.0,348.0,-26.0,4176100,1453286000,303,316.4,348,1468400,0,0,3873500000,3873500000,455136250,0,0,0,0,0
2023-03-28,AMAN,Makmur Berkah Amanda Tbk.,--U-2135000000H111------------,402.0,0.0,380.0,374.0,374.0,-28.0,6370100,2383128800,830,340.0,374,948000,0,0,3873500000,3873500000,455136250,0,78200,0,0,0
2023-03-27,AMAN,Makmur Berkah Amanda Tbk.,--U-2135000000H111------------,432.0,0.0,520.0,402.0,402.0,-30.0,20682700,9096039100,3656,365.5,402,505000,0,0,3873500000,3873500000,455136250,0,109100,0,0,0
2023-03-24,AMAN,Makmur Berkah Amanda Tbk.,--U-2135000000H111------------,464.0,0.0,470.0,432.0,432.0,-32.0,12124400,5486689400,942,392.7,432,168600,0,0,3873500000,3873500000,455136250,0,0,0,0,0
2023-03-21,AMAN,Makmur Berkah Amanda Tbk.,--U-2135000000H111------------,498.0,0.0,510.0,464.0,464.0,-34.0,2554000,1191247800,362,421.8,464,434800,0,0,3873500000,3873500000,455136250,0,28500,0,0,0
2023-03-20,AMAN,Makmur Berkah Amanda Tbk.,--U-2135000000H111------------,535.0,0.0,590.0,498.0,498.0,-37.0,6651200,3534133100,1575,452.7,498,345500,0,0,3873500000,3873500000,455136250,0,46200,0,0,0
2023-03-17,AMAN,Makmur Berkah Amanda Tbk.,--U-2135000000H111------------,575.0,0.0,565.0,535.0,535.0,-40.0,2555300,1367459500,426,486.4,535,432600,0,0,3873500000,3873500000,455136250,0,0,0,0,0
2023-03-16,AMAN,Makmur Berkah Amanda Tbk.,--U-2135000000H111------------,615.0,0.0,575.0,575.0,575.0,-40.0,2024900,1164317500,219,522.7,575,433400,0,0,3873500000,3873500000,455136250,0,0,0,0,0
2023-03-15,AMAN,Makmur Berkah Amanda Tbk.,--U-2135000000H111------------,660.0,0.0,615.0,615.0,615.0,-45.0,992000,610080000,177,559.1,615,430700,0,0,3873500000,3873500000,455136250,0,0,0,0,0
2023-03-14,AMAN,Makmur Berkah Amanda Tbk.,--U-2135000000H111------------,705.0,0.0,820.0,660.0,660.0,-45.0,5685400,4037379000,1845,600.0,660,335600,0,0,3873500000,3873500000,455136250,202200,0,0,0,0
2023-03-13,AMAN,Makmur Berkah Amanda Tbk.,--U-2135000000H111------------,565.0,0.0,705.0,530.0,705.0,140.0,16252100,9343670500,2060,640.9,0,0,705,104500,3873500000,3873500000,455136250,102200,0,0,0,0
2023-03-10,AMAN,Makmur Berkah Amanda Tbk.,--U-2135000000H111------------,605.0,0.0,605.0,565.0,565.0,-40.0,400300,226502500,183,513.6,565,544200,0,0,3873500000,3873500000,455136250,0,0,0,0,0
2023-03-09,AMAN,Makmur Berkah Amanda Tbk.,--U-2135000000H111------------,650.0,0.0,650.0,605.0,605.0,-45.0,3145000,1946196000,427,550.0,605,345000,0,0,3873500000,3873500000,455136250,0,0,0,0,0
2023-03-08,AMAN,Makmur Berkah Amanda Tbk.,--U-2135000000H111------------,635.0,0.0,670.0,595.0,650.0,15.0,17004800,10432747500,1293,590.9,650,55500,635,52300,3873500000,3873500000,455136250,7000,146500,0,0,0
2023-03-07,AMAN,Makmur Berkah Amanda Tbk.,--U-2135000000H111------------,680.0,0.0,740.0,635.0,635.0,-45.0,17124900,11233257000,1303,577.3,635,45800,0,0,3873500000,3873500000,455136250,0,64000,0,0,0
2023-03-06,AMAN,Makmur Berkah Amanda Tbk.,--U-2135000000H111------------,730.0,0.0,725.0,680.0,680.0,-50.0,5317500,3713854500,555,618.2,680,260700,0,0,3873500000,3873500000,455136250,9300,0,0,0,0
2023-03-03,AMAN,Makmur Berkah Amanda Tbk.,--U-2135000000H111------------,780.0,0.0,795.0,730.0,730.0,-50.0,3593900,2715558000,631,663.6,730,143600,0,0,3873500000,3873500000,455136250,0,20900,0,0,0
2023-03-02,AMAN,Makmur Berkah Amanda Tbk.,--U-2135000000H111------------,835.0,0.0,1000.0,780.0,780.0,-55.0,3069700,2600156000,1790,709.1,780,147400,0,0,3873500000,3873500000,455136250,50700,0,0,0,0
2023-03-01,AMAN,Makmur Berkah Amanda Tbk.,--U-2135000000H111------------,670.0,0.0,835.0,625.0,835.0,165.0,16745600,11276754500,1888,759.1,0,0,835,170600,3873500000,3873500000,455136250,0,0,0,0,0
2023-02-28,AMAN,Makmur Berkah Amanda Tbk.,--U-2135000000H111------------,660.0,0.0,680.0,615.0,670.0,10.0,2131000,1363093500,745,609.1,670,11400,665,83400,3873500000,3873500000,455136250,0,0,0,0,0
2023-02-27,AMAN,Makmur Berkah Amanda Tbk.,--U-2135000000H111------------,705.0,0.0,725.0,660.0,660.0,-45.0,16182000,11156313000,862,600.0,660,343900,0,0,3873500000,3873500000,455136250,9200,72300,0,0,0
2023-02-24,AMAN,Makmur Berkah Amanda Tbk.,--U-2135000000H111------------,755.0,0.0,780.0,705.0,705.0,-50.0,6799700,4932922500,824,640.9,705,205600,0,0,3873500000,3873500000,455136250,7000,44700,0,0,0
2023-02-23,AMAN,Makmur Berkah Amanda Tbk.,--U-2135000000H111------------,810.0,0.0,780.0,755.0,755.0,-55.0,330900,250468000,258,686.4,755,377900,0,0,3873500000,3873500000,455136250,0,0,0,0,0
2023-02-22,AMAN,Makmur Berkah Amanda Tbk.,--U-2135000000H111------------,870.0,0.0,1000.0,810.0,810.0,-60.0,4074100,3487767000,1503,736.4,810,262100,0,0,3873500000,3873500000,455136250,8000,12000,0,0,0
2023-02-21,AMAN,Makmur Berkah Amanda Tbk.,--U-2135000000H111------------,935.0,0.0,970.0,870.0,870.0,-65.0,236100,211058000,173,790.9,870,314000,0,0,3873500000,3873500000,455136250,0,0,0,0,0
2023-02-20,AMAN,Makmur Berkah Amanda Tbk.,--U-2135000000H111------------,750.0,0.0,935.0,700.0,935.0,185.0,14200000,11644047000,1980,850.0,935,57900,930,180000,3873500000,3873500000,455136250,10000,44500,0,0,0
2023-02-17,AMAN,Makmur Berkah Amanda Tbk.,--U-2135000000H111------------,805.0,0.0,750.0,750.0,750.0,-55.0,16100,12075000,36,681.8,750,541500,0,0,3873500000,3873500000,455136250,0,0,0,0,0
2023-02-16,AMAN,Makmur Berkah Amanda Tbk.,--U-2135000000H111------------,865.0,0.0,910.0,805.0,805.0,-60.0,79200,63798500,56,731.8,805,627500,0,0,3873500000,3873500000,455136250,0,0,0,0,0
2023-02-15,AMAN,Makmur Berkah Amanda Tbk.,--U-2135000000H111------------,930.0,0.0,945.0,865.0,865.0,-65.0,5902500,5155509500,377,786.4,865,631100,0,0,3873500000,3873500000,455136250,0,0,0,0,0
2023-02-14,AMAN,Makmur Berkah Amanda Tbk.,--U-2135000000H111------------,1000.0,0.0,1225.0,930.0,930.0,-70.0,9068400,9070686000,1780,845.5,930,57100,0,0,3873500000,3873500000,455136250,0,0,0,0,0
2023-02-13,AMAN,Makmur Berkah Amanda Tbk.,--U-2135000000H111------------,800.0,0.0,1000.0,800.0,1000.0,200.0,11236200,9972315500,1247,909.1,0,0,1000,52800,3873500000,3873500000,455136250,3600,0,0,0,0
2023-02-10,AMAN,Makmur Berkah Amanda Tbk.,--U-2135000000H111------------,825.0,0.0,915.0,770.0,800.0,-25.0,8211000,6987026000,1121,727.3,835,400,800,178300,3873500000,3873500000,455136250,45500,39700,0,0,0
2023-02-09,AMAN,Makmur Berkah Amanda Tbk.,--U-2135000000H111------------,710.0,0.0,860.0,705.0,825.0,115.0,6833400,5106095000,1064,750.0,825,38600,820,3000,3873500000,3873500000,455136250,21900,18000,0,0,0
2023-02-08,AMAN,Makmur Berkah Amanda Tbk.,--U-2135000000H111------------,710.0,0.0,710.0,710.0,710.0,0.0,98600,70006000,8,645.5,710,129800,705,102800,3873500000,3873500000,455136250,0,0,0,0,0
2023-02-07,AMAN,Makmur Berkah Amanda Tbk.,--U-2135000000H111------------,710.0,0.0,710.0,705.0,710.0,0.0,100300,71208000,14,645.5,710,130200,705,131600,3873500000,3873500000,455136250,0,0,0,0,0
2023-02-03,AMAN,Makmur Berkah Amanda Tbk.,--U-2135000000H111------------,705.0,0.0,710.0,705.0,710.0,5.0,100800,71069000,8,645.5,710,198000,705,118800,3873500000,3873500000,455136250,0,0,0,0,0
2023-02-02,AMAN,Makmur Berkah Amanda Tbk.,--U-2135000000H111------------,710.0,0.0,710.0,705.0,705.0,-5.0,102500,72755500,11,640.9,710,149200,705,108700,3873500000,3873500000,455136250,0,0,0,0,0
2023-02-01,AMAN,Makmur Berkah Amanda Tbk.,--U-2135000000H111------------,705.0,0.0,710.0,705.0,710.0,5.0,100800,71084500,6,645.5,710,195100,705,118000,3873500000,3873500000,455136250,0,0,0,0,0
2023-01-31,AMAN,Makmur Berkah Amanda Tbk.,--U-2135000000H111------------,710.0,0.0,710.0,705.0,705.0,-5.0,101700,72194500,9,640.9,710,152700,705,110100,3873500000,3873500000,455136250,0,0,0,0,0
2023-01-30,AMAN,Makmur Berkah Amanda Tbk.,--U-2135000000H111------------,710.0,0.0,710.0,710.0,710.0,0.0,99200,70432000,8,645.5,710,151400,705,112600,3873500000,3873500000,455136250,0,0,3212400,2136246000,1
2023-01-27,AMAN,Makmur Berkah Amanda Tbk.,--U-2135000000H111------------,705.0,0.0,710.0,705.0,710.0,5.0,99000,69795500,10,645.5,710,199600,705,109100,3873500000,3873500000,455136250,0,0,0,0,0
2023-01-26,AMAN,Makmur Berkah Amanda Tbk.,--U-2135000000H111------------,705.0,0.0,705.0,705.0,705.0,0.0,99200,69936000,12,640.9,710,199400,705,108800,3873500000,3873500000,455136250,0,0,0,0,0
2023-01-25,AMAN,Makmur Berkah Amanda Tbk.,--U-2135000000H111------------,710.0,0.0,710.0,705.0,705.0,-5.0,159500,113242000,18,640.9,710,60700,705,52000,3873500000,3873500000,455136250,0,0,0,0,0
2023-01-24,AMAN,Makmur Berkah Amanda Tbk.,--U-2135000000H111------------,710.0,0.0,710.0,710.0,710.0,0.0,199000,141290000,18,645.5,710,17100,705,112700,3873500000,3873500000,455136250,0,0,0,0,0
2023-01-20,AMAN,Makmur Berkah Amanda Tbk.,--U-2135000000H111------------,710.0,0.0,710.0,710.0,710.0,0.0,148900,105719000,15,645.5,710,66800,705,112600,3873500000,3873500000,455136250,0,0,0,0,0
2023-01-19,AMAN,Makmur Berkah Amanda Tbk.,--U-2135000000H111------------,710.0,0.0,710.0,710.0,710.0,0.0,99300,70503000,9,645.5,710,117000,705,112700,3873500000,3873500000,455136250,0,0,0,0,0
2023-01-18,AMAN,Makmur Berkah Amanda Tbk.,--U-2135000000H111------------,710.0,0.0,710.0,710.0,710.0,0.0,98900,70219000,9,645.5,710,120500,705,112900,3873500000,3873500000,455136250,0,0,0,0,0
2023-01-17,AMAN,Makmur Berkah Amanda Tbk.,--U-2135000000H111------------,710.0,0.0,710.0,710.0,710.0,0.0,163300,115943000,18,645.5,710,56100,705,101600,3873500000,3873500000,455136250,0,0,0,0,0
2023-01-16,AMAN,Makmur Berkah Amanda Tbk.,--U-2135000000H111------------,705.0,0.0,710.0,705.0,710.0,5.0,101100,71282500,11,645.5,710,220400,705,115800,3873500000,3873500000,455136250,0,0,0,0,0
2023-01-13,AMAN,Makmur Berkah Amanda Tbk.,--U-2135000000H111------------,710.0,0.0,710.0,705.0,705.0,-5.0,97500,69221500,11,640.9,710,138600,705,112000,3873500000,3873500000,455136250,0,0,0,0,0
2023-01-12,AMAN,Makmur Berkah Amanda Tbk.,--U-2135000000H111------------,710.0,0.0,710.0,710.0,710.0,0.0,96800,68728000,9,645.5,710,139400,705,112600,3873500000,3873500000,455136250,0,0,0,0,0
2023-01-11,AMAN,Makmur Berkah Amanda Tbk.,--U-2135000000H111------------,710.0,0.0,710.0,710.0,710.0,0.0,97000,68870000,8,645.5,710,138900,705,113000,3873500000,3873500000,455136250,0,0,0,0,0
2023-01-10,AMAN,Makmur Berkah Amanda Tbk.,--U-2135000000H111------------,710.0,0.0,710.0,710.0,710.0,0.0,97000,68870000,7,645.5,710,138800,705,113300,3873500000,3873500000,455136250,0,0,0,0,0
2023-01-09,AMAN,Makmur Berkah Amanda Tbk.,--U-2135000000H111------------,710.0,0.0,710.0,710.0,710.0,0.0,99600,70716000,12,645.5,710,91800,705,112700,3873500000,3873500000,455136250,0,0,3100000,2061500000,1
2023-01-06,AMAN,Makmur Berkah Amanda Tbk.,--U-2135000000H111------------,710.0,0.0,710.0,705.0,710.0,0.0,98100,69648000,12,645.5,710,142400,705,113800,3873500000,3873500000,455136250,0,0,0,0,0
2023-01-05,AMAN,Makmur Berkah Amanda Tbk.,--U-2135000000H111------------,710.0,0.0,710.0,710.0,710.0,0.0,96900,68799000,7,645.5,710,138800,705,112700,3873500000,3873500000,455136250,0,0,0,0,0
2023-01-04,AMAN,Makmur Berkah Amanda Tbk.,--U-2135000000H111------------,710.0,0.0,710.0,705.0,710.0,0.0,110500,78388000,14,645.5,710,177100,705,99200,3873500000,3873500000,455136250,0,0,0,0,0
2023-01-03,AMAN,Makmur Berkah Amanda Tbk.,--U-2135000000H111------------,710.0,0.0,710.0,705.0,710.0,0.0,209800,148458000,17,645.5,710,125700,705,12700,3873500000,3873500000,455136250,0,0,0,0,0
2023-01-02,AMAN,Makmur Berkah Amanda Tbk.,--U-2135000000H111------------,705.0,0.0,710.0,705.0,710.0,5.0,99600,70219000,11,645.5,710,198200,705,118600,3873500000,3873500000,455136250,0,0,0,0,0
2022-12-30,AMAN,Makmur Berkah Amanda Tbk.,--U-2135000000H111------------,705.0,0.0,705.0,705.0,705.0,0.0,99400,70077000,9,640.9,710,198900,705,118700,3873500000,3873500000,455136250,0,0,0,0,0
2022-12-29,AMAN,Makmur Berkah Amanda Tbk.,--U-2135000000H111------------,705.0,0.0,705.0,705.0,705.0,0.0,106800,75294000,13,640.9,710,198000,705,111200,3873500000,3873500000,455136250,0,0,0,0,0
2022-12-28,AMAN,Makmur Berkah Amanda Tbk.,--U-2135000000H111------------,705.0,0.0,705.0,705.0,705.0,0.0,147400,103917000,13,640.9,710,198000,705,70700,3873500000,3873500000,455136250,0,0,0,0,0
2022-12-27,AMAN,Makmur Berkah Amanda Tbk.,--U-2135000000H111------------,710.0,0.0,710.0,705.0,705.0,-5.0,93000,66013000,8,640.9,710,130600,705,109300,3873500000,3873500000,455136250,0,0,0,0,0
2022-12-26,AMAN,Makmur Berkah Amanda Tbk.,--U-2135000000H111------------,710.0,0.0,710.0,705.0,710.0,0.0,118000,83779500,14,645.5,710,104500,705,112700,3873500000,3873500000,455136250,0,0,0,0,0
2022-12-23,AMAN,Makmur Berkah Amanda Tbk.,--U-2135000000H111------------,705.0,0.0,710.0,710.0,710.0,5.0,100,71000,1,645.5,710,98900,705,218100,3873500000,3873500000,455136250,0,0,0,0,0
2022-12-22,AMAN,Makmur Berkah Amanda Tbk.,--U-2135000000H111------------,710.0,0.0,710.0,705.0,705.0,-5.0,103100,73169500,9,640.9,710,115900,705,106500,3873500000,3873500000,455136250,0,0,0,0,0
2022-12-21,AMAN,Makmur Berkah Amanda Tbk.,--U-2135000000H111------------,715.0,0.0,715.0,710.0,710.0,-5.0,133800,95482000,20,645.5,715,115100,710,75600,3873500000,3873500000,455136250,0,0,0,0,0
2022-12-20,AMAN,Makmur Berkah Amanda Tbk.,--U-2135000000H111------------,720.0,0.0,720.0,715.0,715.0,-5.0,106100,76357500,22,650.0,720,112500,715,106000,3873500000,3873500000,455136250,0,0,0,0,0
2022-12-19,AMAN,Makmur Berkah Amanda Tbk.,--U-2135000000H111------------,715.0,0.0,720.0,715.0,720.0,5.0,175600,125599000,19,654.5,720,194100,715,47300,3873500000,3873500000,455136250,5100,0,0,0,0
2022-12-16,AMAN,Makmur Berkah Amanda Tbk.,--U-2135000000H111------------,710.0,0.0,715.0,710.0,715.0,5.0,131300,93380500,11,650.0,715,175700,710,114500,3873500000,3873500000,455136250,0,0,0,0,0
2022-12-15,AMAN,Makmur Berkah Amanda Tbk.,--U-2135000000H111------------,710.0,0.0,710.0,710.0,710.0,0.0,111500,79165000,6,645.5,715,198900,710,100200,3873500000,3873500000,455136250,0,0,0,0,0
2022-12-14,AMAN,Makmur Berkah Amanda Tbk.,--U-2135000000H111------------,710.0,0.0,710.0,710.0,710.0,0.0,100300,71213000,9,645.5,715,202700,710,111500,3873500000,3873500000,455136250,0,0,0,0,0
2022-12-13,AMAN,Makmur Berkah Amanda Tbk.,--U-2135000000H111------------,705.0,0.0,710.0,705.0,710.0,5.0,101100,71276000,11,645.5,710,199100,705,110700,3873500000,3873500000,455136250,0,0,0,0,0
2022-12-12,AMAN,Makmur Berkah Amanda Tbk.,--U-2135000000H111------------,705.0,0.0,710.0,705.0,705.0,0.0,103300,72827000,9,640.9,710,199600,705,108500,3873500000,3873500000,455136250,0,0,0,0,0
2022-12-09,AMAN,Makmur Berkah Amanda Tbk.,--U-2135000000H111------------,705.0,0.0,705.0,705.0,705.0,0.0,99800,70359000,7,640.9,710,199700,705,112300,3873500000,3873500000,455136250,0,0,0,0,0
2022-12-08,AMAN,Makmur Berkah Amanda Tbk.,--U-2135000000H111------------,705.0,0.0,710.0,705.0,705.0,0.0,147700,104326500,21,640.9,710,160000,705,105100,3873500000,3873500000,455136250,0,0,0,0,0
2022-12-07,AMAN,Makmur Berkah Amanda Tbk.,--U-2135000000H111------------,705.0,0.0,705.0,705.0,705.0,0.0,106700,75223500,9,640.9,710,203300,705,112100,3873500000,3873500000,455136250,0,0,0,0,0
2022-12-06,AMAN,Makmur Berkah Amanda Tbk.,--U-2135000000H111------------,705.0,0.0,705.0,705.0,705.0,0.0,100000,70500000,7,640.9,710,199200,705,130400,3873500000,3873500000,455136250,0,0,0,0,0
2022-12-05,AMAN,Makmur Berkah Amanda Tbk.,--U-2135000000H111------------,705.0,0.0,705.0,705.0,705.0,0.0,100200,70641000,9,640.9,710,202700,705,118500,3873500000,3873500000,455136250,0,0,0,0,0
2022-12-02,AMAN,Makmur Berkah Amanda Tbk.,--U-2135000000H111------------,705.0,0.0,710.0,705.0,705.0,0.0,167200,118212500,19,640.9,710,146600,705,111800,3873500000,3873500000,455136250,0,0,0,0,0
2022-12-01,AMAN,Makmur Berkah Amanda Tbk.,--U-2135000000H111------------,700.0,0.0,705.0,700.0,705.0,5.0,112600,78883500,11,640.9,705,189000,700,112200,3873500000,3873500000,455136250,0,0,0,0,0
2022-11-30,AMAN,Makmur Berkah Amanda Tbk.,--U-2135000000H111------------,700.0,0.0,700.0,700.0,700.0,0.0,33200,23240000,8,636.4,705,199800,700,178500,3873500000,3873500000,455136250,0,0,0,0,0
2022-11-29,AMAN,Makmur Berkah Amanda Tbk.,--U-1135000000H111------------,700.0,0.0,705.0,700.0,700.0,0.0,110100,77070500,10,636.4,705,197900,700,102500,3873500000,3873500000,455136250,0,0,0,0,0
2022-11-28,AMAN,Makmur Berkah Amanda Tbk.,--U-1135000000H111------------,700.0,0.0,705.0,700.0,700.0,0.0,111300,77963500,15,636.4,705,197900,700,112100,3873500000,3873500000,455136250,0,0,0,0,0
2022-11-25,AMAN,Makmur Berkah Amanda Tbk.,--U-1135000000H111------------,700.0,0.0,700.0,700.0,700.0,0.0,99800,69860000,11,636.4,705,199300,700,111800,3873500000,3873500000,455136250,0,0,0,0,0
2022-11-24,AMAN,Makmur Berkah Amanda Tbk.,--U-1135000000H111------------,700.0,0.0,700.0,700.0,700.0,0.0,101400,70980000,13,636.4,705,201000,700,110300,3873500000,3873500000,455136250,0,0,0,0,0
2022-11-23,AMAN,Makmur Berkah Amanda Tbk.,--U-1135000000H111------------,700.0,0.0,700.0,700.0,700.0,0.0,106100,74270000,13,636.4,705,198100,700,105800,3873500000,3873500000,455136250,0,0,0,0,0
2022-11-22,AMAN,Makmur Berkah Amanda Tbk.,--U-1135000000H111------------,700.0,0.0,705.0,700.0,700.0,0.0,170000,119350000,18,636.4,705,133000,700,61700,3873500000,3873500000,455136250,0,0,0,0,0
2022-11-21,AMAN,Makmur Berkah Amanda Tbk.,--U-1135000000H111------------,700.0,0.0,705.0,700.0,700.0,0.0,153700,107617000,23,636.4,705,192600,700,17900,3873500000,3873500000,455136250,1300,0,0,0,0
2022-11-18,AMAN,Makmur Berkah Amanda Tbk.,--U-1135000000H111------------,700.0,0.0,705.0,700.0,700.0,0.0,109800,76861000,15,636.4,705,198900,700,102300,3873500000,3873500000,455136250,0,0,0,0,0
2022-11-17,AMAN,Makmur Berkah Amanda Tbk.,--U-1135000000H111------------,705.0,0.0,705.0,700.0,700.0,-5.0,118600,83494000,13,636.4,705,106800,700,91800,3873500000,3873500000,455136250,0,0,0,0,0
2022-11-16,AMAN,Makmur Berkah Amanda Tbk.,--U-1135000000H111------------,710.0,0.0,710.0,705.0,705.0,-5.0,125600,89123500,14,640.9,710,87300,705,102200,3873500000,3873500000,455136250,0,0,0,0,0
2022-11-15,AMAN,Makmur Berkah Amanda Tbk.,--U-1135000000H111------------,715.0,0.0,715.0,710.0,710.0,-5.0,95000,67924500,11,645.5,715,117500,710,132800,3873500000,3873500000,455136250,0,0,0,0,0
2022-11-14,AMAN,Makmur Berkah Amanda Tbk.,--U-1135000000H111------------,710.0,0.0,715.0,710.0,715.0,5.0,188000,133481000,17,650.0,715,197800,710,59300,3873500000,3873500000,455136250,1500,0,0,0,0
2022-11-11,AMAN,Makmur Berkah Amanda Tbk.,--U-1135000000H111------------,710.0,0.0,715.0,710.0,710.0,0.0,109600,77827000,11,645.5,715,197800,710,139900,3873500000,3873500000,455136250,0,0,0,0,0
2022-11-10,AMAN,Makmur Berkah Amanda Tbk.,--U-1135000000H111------------,710.0,0.0,715.0,710.0,710.0,0.0,126000,89474500,12,645.5,715,195100,710,103300,3873500000,3873500000,455136250,0,0,0,0,0
2022-11-09,AMAN,Makmur Berkah Amanda Tbk.,--U-1135000000H111------------,715.0,0.0,715.0,710.0,710.0,-5.0,106300,75967000,14,645.5,715,116400,710,106700,3873500000,3873500000,455136250,0,0,0,0,0
2022-11-08,AMAN,Makmur Berkah Amanda Tbk.,--U-1135000000H111------------,715.0,0.0,715.0,715.0,715.0,0.0,48900,34963500,8,650.0,715,47600,710,112900,3873500000,3873500000,455136250,0,0,0,0,0
2022-11-07,AMAN,Makmur Berkah Amanda Tbk.,--U-1135000000H111------------,715.0,0.0,715.0,710.0,715.0,0.0,123500,88278000,22,650.0,715,96400,710,118000,3873500000,3873500000,455136250,0,0,0,0,0
2022-11-04,AMAN,Makmur Berkah Amanda Tbk.,--U-1135000000H111------------,710.0,0.0,715.0,710.0,715.0,5.0,112800,80135000,15,650.0,715,188600,710,137400,3873500000,3873500000,455136250,0,0,0,0,0
2022-11-03,AMAN,Makmur Berkah Amanda Tbk.,--U-1135000000H111------------,710.0,0.0,710.0,710.0,710.0,0.0,160800,114168000,15,645.5,715,198000,710,78300,3873500000,3873500000,455136250,0,0,0,0,0
2022-11-02,AMAN,Makmur Berkah Amanda Tbk.,--U-1135000000H111------------,715.0,0.0,715.0,710.0,710.0,-5.0,173300,123824500,26,645.5,715,67700,710,104800,3873500000,3873500000,455136250,0,0,0,0,0
2022-11-01,AMAN,Makmur Berkah Amanda Tbk.,--U-1135000000H111------------,720.0,0.0,720.0,715.0,715.0,-5.0,120700,86834500,11,650.0,720,117900,715,131300,3873500000,3873500000,455136250,0,0,0,0,0
2022-10-31,AMAN,Makmur Berkah Amanda Tbk.,--U-1135000000H111------------,720.0,0.0,720.0,715.0,720.0,0.0,255300,183653500,42,654.5,720,1200,715,105800,3873500000,3873500000,455136250,0,0,0,0,0
2022-10-28,AMAN,Makmur Berkah Amanda Tbk.,--U-1135000000H111------------,730.0,0.0,730.0,720.0,720.0,-10.0,540000,391469000,90,654.5,720,63900,715,148600,3873500000,3873500000,455136250,0,0,0,0,0
2022-10-27,AMAN,Makmur Berkah Amanda Tbk.,--U-1135000000H111------------,730.0,0.0,730.0,725.0,730.0,0.0,374100,273050500,59,663.6,730,140000,725,104700,3873500000,3873500000,455136250,0,0,0,0,0
2022-10-26,AMAN,Makmur Berkah Amanda Tbk.,--U-1135000000H111------------,730.0,0.0,730.0,725.0,730.0,0.0,112500,82109000,14,663.6,730,117500,725,110600,3873500000,3873500000,455136250,0,0,0,0,0
2022-10-25,AMAN,Makmur Berkah Amanda Tbk.,--U-1135000000H111------------,725.0,0.0,730.0,725.0,730.0,5.0,165000,119804500,32,663.6,730,162600,725,126100,3873500000,3873500000,455136250,0,0,0,0,0
2022-10-24,AMAN,Makmur Berkah Amanda Tbk.,--U-1135000000H111------------,715.0,0.0,730.0,715.0,725.0,10.0,671900,484972500,112,659.1,730,171600,725,54700,3873500000,3873500000,455136250,9600,0,0,0,0
2022-10-21,AMAN,Makmur Berkah Amanda Tbk.,--U-1135000000H111------------,710.0,0.0,720.0,705.0,715.0,5.0,775300,551043500,104,650.0,720,203100,715,118400,3873500000,3873500000,455136250,0,0,0,0,0
2022-10-20,AMAN,Makmur Berkah Amanda Tbk.,--U-1135000000H111------------,675.0,0.0,710.0,675.0,710.0,35.0,2275700,1581706000,408,645.5,710,68800,705,117200,3873500000,3873500000,455136250,900,0,0,0,0
2022-10-19,AMAN,Makmur Berkah Amanda Tbk.,--U-1135000000H111------------,675.0,0.0,680.0,675.0,675.0,0.0,131400,88696000,16,613.6,680,209000,675,192800,3873500000,3873500000,455136250,0,0,0,0,0
2022-10-18,AMAN,Makmur Berkah Amanda Tbk.,--U-1135000000H111------------,675.0,0.0,680.0,675.0,675.0,0.0,236000,159487500,26,613.6,680,167100,675,128000,3873500000,3873500000,455136250,0,0,0,0,0
2022-10-17,AMAN,Makmur Berkah Amanda Tbk.,--U-1135000000H111------------,680.0,0.0,680.0,675.0,675.0,-5.0,146300,99458500,30,613.6,680,301500,675,108100,3873500000,3873500000,455136250,0,0,0,0,0
2022-10-14,AMAN,Makmur Berkah Amanda Tbk.,--U-1135000000H111------------,665.0,0.0,680.0,660.0,680.0,15.0,1037200,695091000,140,618.2,680,250000,675,257900,3873500000,3873500000,455136250,11100,0,0,0,0
2022-10-13,AMAN,Makmur Berkah Amanda Tbk.,--U-1135000000H111------------,670.0,0.0,670.0,665.0,665.0,-5.0,560800,373574000,78,604.5,670,254200,665,102500,3873500000,3873500000,455136250,0,0,0,0,0
2022-10-12,AMAN,Makmur Berkah Amanda Tbk.,--U-1135000000H111------------,660.0,0.0,685.0,660.0,670.0,10.0,3541200,2379190500,340,609.1,670,138000,665,328800,3873500000,3873500000,455136250,0,0,0,0,0
2022-10-11,AMAN,Makmur Berkah Amanda Tbk.,--U-1135000000H111------------,665.0,0.0,665.0,655.0,660.0,-5.0,1381500,912675000,177,600.0,665,204700,660,102600,3873500000,3873500000,455136250,2000,0,0,0,0
2022-10-10,AMAN,Makmur Berkah Amanda Tbk.,--U-1135000000H111------------,665.0,0.0,670.0,665.0,665.0,0.0,117100,77873000,19,604.5,670,197800,665,263200,3873500000,3873500000,455136250,0,0,0,0,0
2022-10-07,AMAN,Makmur Berkah Amanda Tbk.,--U-1135000000H111------------,665.0,0.0,670.0,665.0,665.0,0.0,169600,112810000,26,604.5,670,192900,665,203700,3873500000,3873500000,455136250,0,0,0,0,0
2022-10-06,AMAN,Makmur Berkah Amanda Tbk.,--U-1135000000H111------------,685.0,0.0,685.0,665.0,665.0,-20.0,1372500,915267500,77,604.5,685,189100,665,177200,3873500000,3873500000,455136250,0,25800,0,0,0
2022-10-05,AMAN,Makmur Berkah Amanda Tbk.,--U-1135000000H111------------,710.0,0.0,710.0,685.0,685.0,-25.0,1121100,781517500,177,622.7,695,140300,685,61600,3873500000,3873500000,455136250,0,0,0,0,0
2022-10-04,AMAN,Makmur Berkah Amanda Tbk.,--U-1135000000H111------------,695.0,0.0,710.0,690.0,710.0,15.0,1233600,861423000,265,645.5,710,211600,705,278700,3873500000,3873500000,455136250,0,0,0,0,0
2022-10-03,AMAN,Makmur Berkah Amanda Tbk.,--U-1135000000H111------------,695.0,0.0,695.0,690.0,695.0,0.0,343700,238240000,68,631.8,695,79600,690,44800,3873500000,3873500000,455136250,0,1200,0,0,0
2022-09-30,AMAN,Makmur Berkah Amanda Tbk.,--U-1135000000H111------------,680.0,0.0,695.0,670.0,695.0,15.0,2666100,1826419000,516,631.8,695,223500,690,200100,3873500000,3873500000,455136250,1800,0,0,0,0
2022-09-29,AMAN,Makmur Berkah Amanda Tbk.,--U-1135000000H111------------,670.0,0.0,680.0,655.0,680.0,10.0,2601800,1740921500,495,618.2,680,173600,675,172000,3873500000,3873500000,455136250,0,0,0,0,0
2022-09-28,AMAN,Makmur Berkah Amanda Tbk.,--U-1135000000H111------------,620.0,0.0,670.0,620.0,670.0,50.0,3748200,2435972000,637,609.1,675,326900,670,279100,3873500000,3873500000,455136250,2400,0,0,0,0
2022-09-27,AMAN,Makmur Berkah Amanda Tbk.,--U-1135000000H111------------,620.0,0.0,620.0,620.0,620.0,0.0,105700,65534000,9,563.6,625,199700,620,190800,3873500000,3873500000,455136250,0,0,0,0,0
2022-09-26,AMAN,Makmur Berkah Amanda Tbk.,--U-1135000000H111------------,620.0,0.0,625.0,620.0,620.0,0.0,100800,62994000,11,563.6,625,165200,620,111400,3873500000,3873500000,455136250,0,0,0,0,0
2022-09-23,AMAN,Makmur Berkah Amanda Tbk.,--U-1135000000H111------------,625.0,0.0,625.0,620.0,620.0,-5.0,128200,79982000,13,563.6,625,164600,620,84000,3873500000,3873500000,455136250,0,0,0,0,0
2022-09-22,AMAN,Makmur Berkah Amanda Tbk.,--U-1135000000H111------------,630.0,0.0,630.0,620.0,625.0,-5.0,268100,168498000,39,568.2,625,249000,620,104200,3873500000,3873500000,455136250,0,0,0,0,0
2022-09-21,AMAN,Makmur Berkah Amanda Tbk.,--U-1135000000H111------------,655.0,0.0,685.0,620.0,630.0,-25.0,1660000,1065212500,175,572.7,635,51600,630,139800,3873500000,3873500000,455136250,800,0,0,0,0
2022-09-20,AMAN,Makmur Berkah Amanda Tbk.,--U-1135000000H111------------,635.0,0.0,660.0,635.0,655.0,20.0,2191900,1423978000,450,595.5,660,203800,655,324600,3873500000,3873500000,455136250,0,0,0,0,0
2022-09-19,AMAN,Makmur Berkah Amanda Tbk.,--U-1135000000H111------------,635.0,0.0,635.0,635.0,635.0,0.0,153300,97345500,17,577.3,640,198700,635,95400,3873500000,3873500000,455136250,0,0,0,0,0
2022-09-16,AMAN,Makmur Berkah Amanda Tbk.,--U-1135000000H111------------,645.0,0.0,645.0,635.0,635.0,-10.0,502100,322004000,52,577.3,635,43600,630,126700,3873500000,3873500000,455136250,0,0,0,0,0
2022-09-15,AMAN,Makmur Berkah Amanda Tbk.,--U-1135000000H111------------,645.0,0.0,650.0,645.0,645.0,0.0,137800,88881500,22,586.4,650,197900,645,118800,3873500000,3873500000,455136250,0,0,0,0,0
2022-09-14,AMAN,Makmur Berkah Amanda Tbk.,--U-1135000000H111------------,645.0,0.0,645.0,645.0,645.0,0.0,124800,80496000,19,586.4,650,198100,645,226500,3873500000,3873500000,455136250,0,0,0,0,0
2022-09-13,AMAN,Makmur Berkah Amanda Tbk.,--U-1135000000H111------------,645.0,0.0,650.0,645.0,645.0,0.0,145200,93655500,23,586.4,650,198600,645,111100,3873500000,3873500000,455136250,0,0,0,0,0
2022-09-12,AMAN,Makmur Berkah Amanda Tbk.,--U-1135000000H111------------,645.0,0.0,645.0,645.0,645.0,0.0,127000,81915000,18,586.4,650,198100,645,126400,3873500000,3873500000,455136250,0,0,0,0,0
2022-09-09,AMAN,Makmur Berkah Amanda Tbk.,--U-1135000000H111------------,645.0,0.0,650.0,645.0,645.0,0.0,137700,88823500,24,586.4,650,196600,645,112400,3873500000,3873500000,455136250,0,0,0,0,0
2022-09-08,AMAN,Makmur Berkah Amanda Tbk.,--U-1135000000H111------------,650.0,0.0,650.0,645.0,645.0,-5.0,171500,111131000,20,586.4,650,240100,645,44000,3873500000,3873500000,455136250,0,0,0,0,0
2022-09-07,AMAN,Makmur Berkah Amanda Tbk.,--U-1135000000H111------------,655.0,0.0,655.0,640.0,650.0,-5.0,478600,310339000,49,590.9,650,58800,645,100,3873500000,3873500000,455136250,0,3000,0,0,0
2022-09-06,AMAN,Makmur Berkah Amanda Tbk.,--U-1135000000H111------------,645.0,0.0,660.0,645.0,655.0,10.0,2901200,1886426000,402,595.5,655,158900,650,237300,3873500000,3873500000,455136250,0,0,0,0,0
2022-09-05,AMAN,Makmur Berkah Amanda Tbk.,--U-1135000000H111------------,655.0,0.0,655.0,645.0,645.0,-10.0,325600,211700500,53,586.4,650,4000,645,23200,3873500000,3873500000,455136250,0,1200,0,0,0
2022-09-02,AMAN,Makmur Berkah Amanda Tbk.,XDU-1135000000H111------------,655.0,0.0,655.0,650.0,655.0,0.0,206800,134821500,32,595.5,655,193500,650,1100,3873500000,3873500000,455136250,0,6100,0,0,0
2022-09-01,AMAN,Makmur Berkah Amanda Tbk.,XDU-1135000000H111------------,645.0,0.0,655.0,645.0,655.0,10.0,1569900,1022385000,347,595.5,655,160100,650,197000,3873500000,3873500000,455136250,0,6000,0,0,0
2022-08-31,AMAN,Makmur Berkah Amanda Tbk.,XDU-1135000000H111------------,640.0,0.0,645.0,640.0,645.0,5.0,318000,204513000,63,586.4,650,236500,645,13300,3873500000,3873500000,455136250,0,0,0,0,0
2022-08-30,AMAN,Makmur Berkah Amanda Tbk.,XDU-1135000000H111------------,615.0,0.0,645.0,610.0,640.0,25.0,2882600,1824414500,629,581.8,645,162900,640,181500,3873500000,3873500000,455136250,0,400,0,0,0
2022-08-29,AMAN,Makmur Berkah Amanda Tbk.,XDU-1135000000H111------------,610.0,0.0,615.0,610.0,615.0,5.0,293500,179370500,49,559.1,615,136300,610,6700,3873500000,3873500000,455136250,0,2400,0,0,0
2022-08-26,AMAN,Makmur Berkah Amanda Tbk.,XDU-1135000000H111------------,605.0,0.0,610.0,605.0,610.0,5.0,152800,92469000,39,554.5,610,194300,605,86900,3873500000,3873500000,455136250,0,0,0,0,0
2022-08-25,AMAN,Makmur Berkah Amanda Tbk.,XDU-1135000000H111------------,585.0,0.0,605.0,585.0,605.0,20.0,1508900,902435000,303,550.0,605,159400,600,78400,3873500000,3873500000,455136250,0,0,0,0,0
2022-08-24,AMAN,Makmur Berkah Amanda Tbk.,XDU-1135000000H111------------,595.0,0.0,595.0,585.0,585.0,-10.0,1098200,646158000,225,531.8,590,147600,585,132900,3873500000,3873500000,455136250,0,7200,0,0,0
2022-08-23,AMAN,Makmur Berkah Amanda Tbk.,XDU-1135000000H111------------,560.0,0.0,595.0,560.0,595.0,35.0,2360400,1371131500,516,540.9,595,86000,590,53100,3873500000,3873500000,455136250,0,7700,0,0,0
2022-08-22,AMAN,Makmur Berkah Amanda Tbk.,XDU-1135000000H111------------,560.0,0.0,560.0,560.0,560.0,0.0,98700,55272000,16,509.1,565,198000,560,134800,3873500000,3873500000,455136250,100,0,0,0,0
2022-08-19,AMAN,Makmur Berkah Amanda Tbk.,XDU-1135000000H111------------,560.0,0.0,565.0,560.0,560.0,0.0,100400,56224500,15,509.1,565,198800,560,135800,3873500000,3873500000,455136250,0,0,5729500,3007987500,1
2022-08-18,AMAN,Makmur Berkah Amanda Tbk.,XDU-1135000000H111------------,560.0,0.0,565.0,560.0,560.0,0.0,181800,101904500,41,509.1,565,181900,560,81900,3873500000,3873500000,455136250,0,0,0,0,0
2022-08-16,AMAN,Makmur Berkah Amanda Tbk.,XDU-1135000000H111------------,550.0,0.0,560.0,540.0,560.0,10.0,1894700,1050422500,378,509.1,560,167100,555,357200,3873500000,3873500000,455136250,0,0,0,0,0
2022-08-15,AMAN,Makmur Berkah Amanda Tbk.,XDU-1135000000H111------------,505.0,0.0,550.0,505.0,550.0,45.0,2847000,1514768500,644,500.0,555,202200,550,82200,3873500000,3873500000,455136250,0,0,0,0,0
2022-08-12,AMAN,Makmur Berkah Amanda Tbk.,XDU-1135000000H111------------,510.0,0.0,510.0,505.0,505.0,-5.0,98600,50285500,19,459.1,510,113600,505,112500,3873500000,3873500000,455136250,0,0,0,0,0
2022-08-11,AMAN,Makmur Berkah Amanda Tbk.,XDU-1135000000H111------------,505.0,0.0,510.0,505.0,510.0,5.0,100000,50502000,19,463.6,510,198600,505,123800,3873500000,3873500000,455136250,0,0,0,0,0
2022-08-10,AMAN,Makmur Berkah Amanda Tbk.,XDU-1135000000H111------------,505.0,0.0,505.0,505.0,505.0,0.0,99600,50298000,12,459.1,510,145500,505,124100,3873500000,3873500000,455136250,0,0,0,0,0
2022-08-09,AMAN,Makmur Berkah Amanda Tbk.,XDU-1135000000H111------------,505.0,0.0,505.0,505.0,505.0,0.0,99600,50298000,10,459.1,510,199100,505,125700,3873500000,3873500000,455136250,0,0,0,0,0
2022-08-08,AMAN,Makmur Berkah Amanda Tbk.,XDU-1135000000H111------------,505.0,0.0,505.0,505.0,505.0,0.0,99600,50298000,11,459.1,510,198200,505,125800,3873500000,3873500000,455136250,0,0,0,0,0
2022-08-05,AMAN,Makmur Berkah Amanda Tbk.,XDU-1135000000H111------------,510.0,0.0,510.0,505.0,505.0,-5.0,95200,48539000,19,459.1,510,122300,505,142100,3873500000,3873500000,455136250,0,0,0,0,0
2022-08-04,AMAN,Makmur Berkah Amanda Tbk.,--U-1135000000H111------------,510.0,0.0,515.0,510.0,510.0,0.0,140300,71790500,18,463.6,510,123900,505,114600,3873500000,3873500000,455136250,0,0,0,0,0
2022-08-03,AMAN,Makmur Berkah Amanda Tbk.,--U-1135000000H111------------,510.0,0.0,510.0,510.0,510.0,0.0,92800,47328000,17,463.6,510,123300,505,114800,3873500000,3873500000,455136250,0,0,0,0,0
2022-08-02,AMAN,Makmur Berkah Amanda Tbk.,CDU-1135000000H111------------,505.0,0.0,510.0,505.0,510.0,5.0,99300,50149000,15,463.6,510,197600,505,125700,3873500000,3873500000,455136250,0,0,0,0,0
2022-08-01,AMAN,Makmur Berkah Amanda Tbk.,CDU-1135000000H111------------,505.0,0.0,505.0,505.0,505.0,0.0,98800,49894000,9,459.1,510,198000,505,123800,3873500000,3873500000,455136250,0,0,0,0,0
2022-07-29,AMAN,Makmur Berkah Amanda Tbk.,CDM-1135000000H111------------,505.0,0.0,505.0,505.0,505.0,0.0,102800,51914000,10,459.1,510,198000,505,119400,3873500000,3873500000,455136250,0,0,0,0,0
2022-07-28,AMAN,Makmur Berkah Amanda Tbk.,--M-1135000000H111------------,510.0,0.0,510.0,505.0,505.0,-5.0,97700,49824000,18,459.1,510,180700,505,112300,3873500000,3873500000,455136250,0,0,0,0,0
2022-07-27,AMAN,Makmur Berkah Amanda Tbk.,--M-1135000000H111------------,505.0,0.0,510.0,505.0,510.0,5.0,96300,48634000,9,463.6,510,197500,505,118300,3873500000,3873500000,455136250,0,0,0,0,0
2022-07-26,AMAN,Makmur Berkah Amanda Tbk.,--M-1135000000H111------------,510.0,0.0,510.0,505.0,505.0,-5.0,98000,49978000,18,459.1,510,115200,505,112300,3873500000,3873500000,455136250,0,0,0,0,0
2022-07-25,AMAN,Makmur Berkah Amanda Tbk.,--M-1135000000H111------------,510.0,0.0,510.0,510.0,510.0,0.0,96900,49419000,11,463.6,510,145800,505,112700,3873500000,3873500000,455136250,0,0,0,0,0
2022-07-22,AMAN,Makmur Berkah Amanda Tbk.,--M-1135000000H111------------,510.0,0.0,510.0,510.0,510.0,0.0,96800,49368000,11,463.6,510,116000,505,112700,3873500000,3873500000,455136250,0,0,0,0,0
2022-07-21,AMAN,Makmur Berkah Amanda Tbk.,--M-1135000000H111------------,510.0,0.0,510.0,505.0,510.0,0.0,99000,50488500,15,463.6,510,114200,505,112400,3873500000,3873500000,455136250,0,0,0,0,0
2022-07-20,AMAN,Makmur Berkah Amanda Tbk.,--M-1135000000H111------------,510.0,0.0,510.0,505.0,510.0,0.0,99800,50895000,15,463.6,510,113600,505,112200,3873500000,3873500000,455136250,0,0,0,0,0
2022-07-19,AMAN,Makmur Berkah Amanda Tbk.,--M-1135000000H111------------,510.0,0.0,510.0,505.0,510.0,0.0,98900,50438000,13,463.6,510,114100,505,112900,3873500000,3873500000,455136250,0,0,0,0,0
2022-07-18,AMAN,Makmur Berkah Amanda Tbk.,--M-1135000000H111------------,505.0,0.0,510.0,505.0,510.0,5.0,116100,58631000,17,463.6,510,197900,505,113600,3873500000,3873500000,455136250,0,0,0,0,0
2022-07-15,AMAN,Makmur Berkah Amanda Tbk.,--M-1135000000H111------------,510.0,0.0,510.0,505.0,505.0,-5.0,123700,63086000,20,459.1,510,64500,505,268500,3873500000,3873500000,455136250,0,0,0,0,0
2022-07-14,AMAN,Makmur Berkah Amanda Tbk.,--M-1135000000H111------------,510.0,0.0,510.0,510.0,510.0,0.0,123700,63087000,20,463.6,510,64300,505,110700,3873500000,3873500000,455136250,0,0,0,0,0
2022-07-13,AMAN,Makmur Berkah Amanda Tbk.,--M-1135000000H111------------,510.0,0.0,510.0,505.0,510.0,0.0,124300,63389500,23,463.6,510,64400,505,110100,3873500000,3873500000,455136250,0,0,0,0,0
2022-07-12,AMAN,Makmur Berkah Amanda Tbk.,--M-1135000000H111------------,510.0,0.0,510.0,510.0,510.0,0.0,154500,78795000,22,463.6,510,132100,505,110800,3873500000,3873500000,455136250,0,0,0,0,0
2022-07-11,AMAN,Makmur Berkah Amanda Tbk.,--M-1135000000H111------------,510.0,0.0,510.0,510.0,510.0,0.0,154100,78591000,16,463.6,510,132500,505,110600,3873500000,3873500000,455136250,0,0,0,0,0
2022-07-08,AMAN,Makmur Berkah Amanda Tbk.,--M-1135000000H111------------,510.0,0.0,510.0,510.0,510.0,0.0,154100,78591000,13,463.6,510,14400,505,110600,3873500000,3873500000,455136250,0,0,0,0,0
2022-07-07,AMAN,Makmur Berkah Amanda Tbk.,--M-1135000000H111------------,505.0,0.0,530.0,498.0,510.0,5.0,832900,422995100,62,463.6,510,57300,498,48300,3873500000,3873500000,455136250,0,0,0,0,0
2022-07-06,AMAN,Makmur Berkah Amanda Tbk.,--M-1135000000H111------------,505.0,0.0,505.0,505.0,505.0,0.0,168400,85042000,13,459.1,510,198000,505,146400,3873500000,3873500000,455136250,0,0,0,0,0
2022-07-05,AMAN,Makmur Berkah Amanda Tbk.,--M-1135000000H111------------,505.0,0.0,505.0,505.0,505.0,0.0,168800,85244000,12,459.1,510,198000,505,146000,3873500000,3873500000,455136250,0,0,0,0,0
2022-07-04,AMAN,Makmur Berkah Amanda Tbk.,--M-1135000000H111------------,505.0,0.0,505.0,505.0,505.0,0.0,168900,85294500,15,459.1,510,198100,505,146500,3873500000,3873500000,455136250,0,0,0,0,0
2022-07-01,AMAN,Makmur Berkah Amanda Tbk.,--M-1135000000H111------------,505.0,0.0,505.0,505.0,505.0,0.0,270000,136350000,45,459.1,510,198100,505,44800,3873500000,3873500000,455136250,0,0,0,0,0
2022-06-30,AMAN,Makmur Berkah Amanda Tbk.,--M-1135000000H111------------,505.0,0.0,505.0,505.0,505.0,0.0,214800,108474000,22,459.1,505,74300,500,110600,3873500000,3873500000,455136250,0,0,0,0,0
2022-06-29,AMAN,Makmur Berkah Amanda Tbk.,--M-1135000000H111------------,510.0,0.0,510.0,505.0,505.0,-5.0,180300,91900500,20,459.1,510,163200,505,100300,3873500000,3873500000,455136250,0,0,0,0,0
2022-06-28,AMAN,Makmur Berkah Amanda Tbk.,--M-1135000000H111------------,510.0,0.0,510.0,505.0,510.0,0.0,190000,96850000,16,463.6,510,187200,505,100700,3873500000,3873500000,455136250,0,0,0,0,0
2022-06-27,AMAN,Makmur Berkah Amanda Tbk.,--M-1135000000H111------------,510.0,0.0,510.0,505.0,510.0,0.0,170600,87003500,20,463.6,510,169100,505,112100,3873500000,3873500000,455136250,0,0,0,0,0
2022-06-24,AMAN,Makmur Berkah Amanda Tbk.,--M-1135000000H111------------,515.0,0.0,515.0,510.0,510.0,-5.0,176200,90712500,29,463.6,515,168400,510,104600,3873500000,3873500000,455136250,0,0,0,0,0
2022-06-23,AMAN,Makmur Berkah Amanda Tbk.,--M-1135000000H111------------,515.0,0.0,515.0,510.0,515.0,0.0,270000,138550000,30,468.2,515,161000,510,10600,3873500000,3873500000,455136250,0,0,0,0,0
2022-06-22,AMAN,Makmur Berkah Amanda Tbk.,--M-1135000000H111------------,515.0,0.0,515.0,515.0,515.0,0.0,169800,87447000,22,468.2,515,168200,510,110600,3873500000,3873500000,455136250,0,0,0,0,0
2022-06-21,AMAN,Makmur Berkah Amanda Tbk.,--M-1135000000H111------------,515.0,0.0,515.0,515.0,515.0,0.0,170400,87756000,23,468.2,515,158600,510,110600,3873500000,3873500000,455136250,0,0,0,0,0
2022-06-20,AMAN,Makmur Berkah Amanda Tbk.,--M-1135000000H111------------,515.0,0.0,515.0,510.0,515.0,0.0,171400,88264000,21,468.2,515,159100,510,109200,3873500000,3873500000,455136250,0,0,0,0,0
2022-06-17,AMAN,Makmur Berkah Amanda Tbk.,--M-1135000000H111------------,515.0,0.0,515.0,515.0,515.0,0.0,169800,87447000,19,468.2,515,158200,510,110700,3873500000,3873500000,455136250,0,0,0,0,0
2022-06-16,AMAN,Makmur Berkah Amanda Tbk.,--M-1135000000H111------------,515.0,0.0,515.0,510.0,515.0,0.0,178900,92090000,18,468.2,515,159300,510,101900,3873500000,3873500000,455136250,0,0,0,0,0
2022-06-15,AMAN,Makmur Berkah Amanda Tbk.,--M-1135000000H111------------,515.0,0.0,515.0,510.0,515.0,0.0,272200,140172000,28,468.2,515,73800,510,108400,3873500000,3873500000,455136250,0,0,0,0,0
2022-06-14,AMAN,Makmur Berkah Amanda Tbk.,--M-1135000000H111------------,515.0,0.0,515.0,515.0,515.0,0.0,169900,87498500,19,468.2,515,168900,510,110600,3873500000,3873500000,455136250,0,0,0,0,0
2022-06-13,AMAN,Makmur Berkah Amanda Tbk.,--M-1135000000H111------------,515.0,0.0,515.0,510.0,515.0,0.0,173100,89131500,22,468.2,515,116400,510,107600,3873500000,3873500000,455136250,0,100,0,0,0
2022-06-10,AMAN,Makmur Berkah Amanda Tbk.,--M-1135000000H111------------,515.0,0.0,515.0,510.0,515.0,0.0,187700,96578500,19,468.2,515,168500,510,93300,3873500000,3873500000,455136250,0,0,0,0,0
2022-06-09,AMAN,Makmur Berkah Amanda Tbk.,--M-1135000000H111------------,515.0,0.0,515.0,510.0,515.0,0.0,170200,87652500,22,468.2,515,199100,510,110600,3873500000,3873500000,455136250,0,0,0,0,0
2022-06-08,AMAN,Makmur Berkah Amanda Tbk.,--M-1135000000H111------------,515.0,0.0,515.0,510.0,515.0,0.0,170600,87858500,21,468.2,515,186100,510,110500,3873500000,3873500000,455136250,0,0,0,0,0
2022-06-07,AMAN,Makmur Berkah Amanda Tbk.,--M-1135000000H111------------,515.0,0.0,515.0,515.0,515.0,0.0,172700,88940500,26,468.2,515,184400,510,110600,3873500000,3873500000,455136250,0,0,0,0,0
2022-06-06,AMAN,Makmur Berkah Amanda Tbk.,--M-1135000000H111------------,515.0,0.0,515.0,510.0,515.0,0.0,174500,89867000,21,468.2,515,192200,510,115700,3873500000,3873500000,455136250,0,0,0,0,0
2022-06-03,AMAN,Makmur Berkah Amanda Tbk.,--M-1135000000H111------------,515.0,0.0,515.0,510.0,515.0,0.0,212400,109177500,26,468.2,515,185400,510,69000,3873500000,3873500000,455136250,0,0,0,0,0
2022-06-02,AMAN,Makmur Berkah Amanda Tbk.,--M-1135000000H111------------,520.0,0.0,520.0,515.0,515.0,-5.0,174900,90938500,17,468.2,520,186200,515,118900,3873500000,3873500000,455136250,0,0,0,0,0
2022-05-31,AMAN,Makmur Berkah Amanda Tbk.,--M-1135000000H111------------,515.0,0.0,520.0,515.0,520.0,5.0,185100,95355000,20,472.7,520,220400,515,162700,3873500000,3873500000,455136250,0,0,0,0,0
2022-05-30,AMAN,Makmur Berkah Amanda Tbk.,--M-1135000000H111------------,520.0,0.0,520.0,515.0,515.0,-5.0,424200,220200500,61,468.2,520,38100,515,67400,3873500000,3873500000,455136250,0,0,0,0,0
2022-05-27,AMAN,Makmur Berkah Amanda Tbk.,--M-1135000000H111------------,520.0,0.0,525.0,520.0,520.0,0.0,337900,175713500,38,472.7,520,43900,515,144000,3873500000,3873500000,455136250,0,0,0,0,0
2022-05-25,AMAN,Makmur Berkah Amanda Tbk.,--M-1135000000H111------------,520.0,0.0,520.0,520.0,520.0,0.0,179900,93548000,18,472.7,525,229000,520,152700,3873500000,3873500000,455136250,0,0,0,0,0
2022-05-24,AMAN,Makmur Berkah Amanda Tbk.,--M-1135000000H111------------,520.0,0.0,520.0,520.0,520.0,0.0,226900,117988000,27,472.7,525,161000,520,106000,3873500000,3873500000,455136250,0,0,0,0,0
2022-05-23,AMAN,Makmur Berkah Amanda Tbk.,--M-1135000000H111------------,525.0,0.0,525.0,520.0,520.0,-5.0,201800,105915000,20,472.7,525,125500,520,104600,3873500000,3873500000,455136250,0,0,0,0,0
2022-05-20,AMAN,Makmur Berkah Amanda Tbk.,--M-1135000000H111------------,525.0,0.0,525.0,525.0,525.0,0.0,289800,152145000,23,477.3,525,34400,520,120600,3873500000,3873500000,455136250,0,0,0,0,0
2022-05-19,AMAN,Makmur Berkah Amanda Tbk.,--M-1135000000H111------------,520.0,0.0,525.0,520.0,525.0,5.0,218000,113454000,22,477.3,525,182500,520,118800,3873500000,3873500000,455136250,0,0,0,0,0
2022-05-18,AMAN,Makmur Berkah Amanda Tbk.,--M-1135000000H111------------,520.0,0.0,525.0,520.0,520.0,0.0,205500,106868500,21,472.7,525,196500,520,115900,3873500000,3873500000,455136250,0,0,0,0,0
2022-05-17,AMAN,Makmur Berkah Amanda Tbk.,--M-1135000000H111------------,525.0,0.0,525.0,520.0,520.0,-5.0,240800,126387500,37,472.7,525,74500,520,113700,3873500000,3873500000,455136250,0,0,0,0,0
2022-05-13,AMAN,Makmur Berkah Amanda Tbk.,--M-1135000000H111------------,525.0,0.0,525.0,525.0,525.0,0.0,199700,104842500,23,477.3,525,108800,520,110600,3873500000,3873500000,455136250,0,0,0,0,0
2022-05-12,AMAN,Makmur Berkah Amanda Tbk.,--M-1135000000H111------------,530.0,0.0,530.0,525.0,525.0,-5.0,201200,106635500,26,477.3,530,109700,525,118500,3873500000,3873500000,455136250,600,0,0,0,0
2022-05-11,AMAN,Makmur Berkah Amanda Tbk.,--M-1135000000H111------------,525.0,0.0,530.0,525.0,530.0,5.0,220400,115814000,27,481.8,530,178800,525,122300,3873500000,3873500000,455136250,0,0,0,0,0
2022-05-10,AMAN,Makmur Berkah Amanda Tbk.,--M-1135000000H111------------,525.0,0.0,525.0,525.0,525.0,0.0,200800,105420000,23,477.3,530,199000,525,121400,3873500000,3873500000,455136250,0,0,0,0,0
2022-05-09,AMAN,Makmur Berkah Amanda Tbk.,--M-1135000000H111------------,525.0,0.0,525.0,525.0,525.0,0.0,204700,107467500,19,477.3,530,198000,525,117300,3873500000,3873500000,455136250,0,0,0,0,0
2022-04-28,AMAN,Makmur Berkah Amanda Tbk.,--M-1135000000H111------------,525.0,0.0,525.0,525.0,525.0,0.0,217400,114135000,23,477.3,530,233300,525,128800,3873500000,3873500000,455136250,600,0,0,0,0
2022-04-27,AMAN,Makmur Berkah Amanda Tbk.,--M-1135000000H111------------,525.0,0.0,525.0,525.0,525.0,0.0,339800,178395000,31,477.3,530,219200,525,41200,3873500000,3873500000,455136250,0,0,0,0,0
2022-04-26,AMAN,Makmur Berkah Amanda Tbk.,--M-1135000000H111------------,525.0,0.0,525.0,525.0,525.0,0.0,254300,133507500,31,477.3,530,259200,525,194100,3873500000,3873500000,455136250,0,0,0,0,0
2022-04-25,AMAN,Makmur Berkah Amanda Tbk.,--M-1135000000H111------------,525.0,0.0,530.0,525.0,525.0,0.0,260800,137130000,27,477.3,530,156100,525,127700,3873500000,3873500000,455136250,0,0,0,0,0
2022-04-22,AMAN,Makmur Berkah Amanda Tbk.,--M-1135000000H111------------,520.0,0.0,525.0,520.0,525.0,5.0,314100,163810500,27,477.3,525,123500,520,125800,3873500000,3873500000,455136250,0,0,0,0,0
2022-04-21,AMAN,Makmur Berkah Amanda Tbk.,--M-1135000000H111------------,525.0,0.0,525.0,520.0,520.0,-5.0,219900,115439000,24,472.7,525,181300,520,109900,3873500000,3873500000,455136250,0,0,0,0,0
2022-04-20,AMAN,Makmur Berkah Amanda Tbk.,--M-1135000000H111------------,520.0,0.0,525.0,520.0,525.0,5.0,238500,124074500,31,477.3,525,187400,520,171400,3873500000,3873500000,455136250,300,0,0,0,0
2022-04-19,AMAN,Makmur Berkah Amanda Tbk.,--M-1135000000H111------------,525.0,0.0,525.0,520.0,520.0,-5.0,229000,120223000,26,472.7,525,168800,520,110300,3873500000,3873500000,455136250,0,0,0,0,0
2022-04-18,AMAN,Makmur Berkah Amanda Tbk.,--M-1135000000H111------------,525.0,0.0,525.0,525.0,525.0,0.0,231100,121327500,23,477.3,525,166000,520,112700,3873500000,3873500000,455136250,0,0,0,0,0
2022-04-14,AMAN,Makmur Berkah Amanda Tbk.,--M-1135000000H111------------,525.0,0.0,525.0,520.0,525.0,0.0,228600,120014500,16,477.3,525,168500,520,110500,3873500000,3873500000,455136250,0,0,0,0,0
2022-04-13,AMAN,Makmur Berkah Amanda Tbk.,--M-1135000000H111------------,520.0,0.0,525.0,520.0,525.0,5.0,235600,122512500,25,477.3,525,197900,520,173400,3873500000,3873500000,455136250,0,0,0,0,0
2022-04-12,AMAN,Makmur Berkah Amanda Tbk.,--M-1135000000H111------------,520.0,0.0,520.0,520.0,520.0,0.0,319600,166192000,27,472.7,525,198900,520,79500,3873500000,3873500000,455136250,900,0,0,0,0
2022-04-11,AMAN,Makmur Berkah Amanda Tbk.,--M-1135000000H111------------,520.0,0.0,525.0,520.0,520.0,0.0,247200,128547000,30,472.7,525,208500,520,152200,3873500000,3873500000,455136250,0,0,0,0,0
2022-04-08,AMAN,Makmur Berkah Amanda Tbk.,--M-1135000000H111------------,530.0,0.0,530.0,520.0,520.0,-10.0,458400,241605000,40,472.7,525,900,520,37900,3873500000,3873500000,455136250,0,0,0,0,0
2022-04-07,AMAN,Makmur Berkah Amanda Tbk.,--M-1135000000H111------------,530.0,0.0,530.0,530.0,530.0,0.0,269100,142623000,24,481.8,530,298500,525,110600,3873500000,3873500000,455136250,0,0,0,0,0
2022-04-06,AMAN,Makmur Berkah Amanda Tbk.,--M-1135000000H111------------,530.0,0.0,530.0,530.0,530.0,0.0,280100,148453000,29,481.8,530,282700,525,110700,3873500000,3873500000,455136250,0,0,0,0,0
2022-04-05,AMAN,Makmur Berkah Amanda Tbk.,--M-1135000000H111------------,525.0,0.0,530.0,525.0,530.0,5.0,284100,149164000,29,481.8,530,195700,525,196400,3873500000,3873500000,455136250,0,0,0,0,0
2022-04-04,AMAN,Makmur Berkah Amanda Tbk.,--M-1135000000H111------------,525.0,0.0,525.0,525.0,525.0,0.0,287000,150675000,29,477.3,530,198000,525,222500,3873500000,3873500000,455136250,0,0,0,0,0
2022-04-01,AMAN,Makmur Berkah Amanda Tbk.,--M-1135000000H111------------,525.0,0.0,530.0,525.0,525.0,0.0,418900,219973000,37,477.3,530,188400,525,127900,3873500000,3873500000,455136250,0,0,0,0,0
2022-03-31,AMAN,Makmur Berkah Amanda Tbk.,--M-1135000000H111------------,530.0,0.0,530.0,525.0,525.0,-5.0,316200,167585000,33,477.3,530,183900,525,120400,3873500000,3873500000,1822481750,0,0,0,0,0
2022-03-30,AMAN,Makmur Berkah Amanda Tbk.,--M-1135000000H111------------,530.0,0.0,530.0,525.0,530.0,0.0,628800,333163500,34,481.8,530,106900,525,108500,3873500000,3873500000,1822481750,0,0,0,0,0
2022-03-29,AMAN,Makmur Berkah Amanda Tbk.,--M-1135000000H111------------,530.0,0.0,530.0,530.0,530.0,0.0,600100,318053000,29,481.8,530,115700,525,122200,3873500000,3873500000,1822481750,0,0,0,0,0
2022-03-28,AMAN,Makmur Berkah Amanda Tbk.,--M-1135000000H111------------,535.0,0.0,535.0,530.0,530.0,-5.0,605700,324014500,31,481.8,535,117100,530,116200,3873500000,3873500000,1822481750,0,0,0,0,0
2022-03-25,AMAN,Makmur Berkah Amanda Tbk.,--M-1135000000H111------------,540.0,0.0,540.0,535.0,535.0,-5.0,697800,376349500,40,486.4,540,111500,535,28400,3873500000,3873500000,1822481750,0,0,0,0,0
2022-03-24,AMAN,Makmur Berkah Amanda Tbk.,--M-1135000000H111------------,540.0,0.0,540.0,535.0,540.0,0.0,601300,324699500,32,490.9,540,116200,535,111100,3873500000,3873500000,1822481750,0,0,0,0,0
2022-03-23,AMAN,Makmur Berkah Amanda Tbk.,--M-1135000000H111------------,545.0,0.0,545.0,540.0,540.0,-5.0,710000,386392500,44,490.9,540,131400,535,116000,3873500000,3873500000,1822481750,0,0,0,0,0
2022-03-22,AMAN,Makmur Berkah Amanda Tbk.,--M-1135000000H111------------,550.0,0.0,550.0,545.0,545.0,-5.0,708100,389407000,32,495.5,550,28200,545,163000,3873500000,3873500000,1822481750,0,0,0,0,0
2022-03-21,AMAN,Makmur Berkah Amanda Tbk.,--M-1135000000H111------------,555.0,0.0,555.0,550.0,550.0,-5.0,688400,381686000,49,500.0,555,104200,550,67400,3873500000,3873500000,1822481750,0,0,0,0,0
2022-03-18,AMAN,Makmur Berkah Amanda Tbk.,--M-1135000000H111------------,545.0,0.0,560.0,545.0,555.0,10.0,900000,496992500,144,504.5,560,82300,555,76500,3873500000,3873500000,1822481750,0,0,0,0,0
2022-03-17,AMAN,Makmur Berkah Amanda Tbk.,--M-1135000000H111------------,530.0,0.0,545.0,530.0,545.0,15.0,917600,493675000,122,495.5,550,202000,545,33300,3873500000,3873500000,1822481750,8000,0,0,0,0
2022-03-16,AMAN,Makmur Berkah Amanda Tbk.,--M-1135000000H111------------,525.0,0.0,535.0,520.0,530.0,5.0,924800,487689500,106,481.8,535,23300,530,170100,3873500000,3873500000,1822481750,27000,0,0,0,0
2022-03-15,AMAN,Makmur Berkah Amanda Tbk.,--M-1135000000H111------------,520.0,0.0,525.0,520.0,525.0,5.0,717200,372949500,32,477.3,525,228200,520,271500,3873500000,3873500000,1822481750,0,0,0,0,0
2022-03-14,AMAN,Makmur Berkah Amanda Tbk.,--M-1135000000H111------------,520.0,0.0,520.0,520.0,520.0,0.0,728900,379028000,41,472.7,525,229200,520,258600,3873500000,3873500000,1822481750,0,0,0,0,0
2022-03-11,AMAN,Makmur Berkah Amanda Tbk.,--M-1135000000H111------------,525.0,0.0,525.0,520.0,520.0,-5.0,988900,519171000,37,472.7,525,87200,520,111800,3873500000,3873500000,1822481750,0,0,0,0,0
2022-03-10,AMAN,Makmur Berkah Amanda Tbk.,--M-1135000000H111------------,525.0,0.0,525.0,525.0,525.0,0.0,986700,518017500,37,477.3,525,79600,520,110600,3873500000,3873500000,1822481750,0,0,0,0,0
2022-03-09,AMAN,Makmur Berkah Amanda Tbk.,--M-1135000000H111------------,520.0,0.0,525.0,520.0,525.0,5.0,816900,424792500,43,477.3,525,227200,520,171000,3873500000,3873500000,1822481750,0,0,0,0,0
2022-03-08,AMAN,Makmur Berkah Amanda Tbk.,--M-1135000000H111------------,520.0,0.0,520.0,520.0,520.0,0.0,816800,424736000,31,472.7,525,228000,520,169700,3873500000,3873500000,1822481750,0,0,0,0,0
2022-03-07,AMAN,Makmur Berkah Amanda Tbk.,--M-1135000000H111------------,520.0,0.0,525.0,520.0,520.0,0.0,758900,394813000,30,472.7,525,191000,520,265700,3873500000,3873500000,1822481750,0,0,0,0,0
2022-03-04,AMAN,Makmur Berkah Amanda Tbk.,--M-1135000000H111------------,525.0,0.0,525.0,520.0,520.0,-5.0,987500,518432500,34,472.7,525,89400,520,150400,3873500000,3873500000,1822481750,0,0,0,0,0
2022-03-02,AMAN,Makmur Berkah Amanda Tbk.,--M-1135000000H111------------,525.0,0.0,525.0,520.0,525.0,0.0,989500,519477500,66,477.3,525,89200,520,196500,3873500000,3873500000,1822481750,0,0,0,0,0
2022-03-01,AMAN,Makmur Berkah Amanda Tbk.,--M-1135000000H111------------,525.0,0.0,525.0,520.0,525.0,0.0,1013600,532014500,61,477.3,525,77700,520,86600,3873500000,3873500000,1822481750,0,0,0,0,0
2022-02-25,AMAN,Makmur Berkah Amanda Tbk.,--M-1135000000H111------------,525.0,0.0,525.0,520.0,525.0,0.0,987200,518279500,61,477.3,525,81100,520,111600,3873500000,3873500000,1822481750,0,0,0,0,0
2022-02-24,AMAN,Makmur Berkah Amanda Tbk.,--M-1135000000H111------------,530.0,0.0,530.0,525.0,525.0,-5.0,1004200,532153500,68,477.3,530,113800,525,96700,3873500000,3873500000,1822481750,0,0,0,0,0
2022-02-23,AMAN,Makmur Berkah Amanda Tbk.,--M-1135000000H111------------,530.0,0.0,530.0,525.0,530.0,0.0,986600,522897000,72,481.8,530,88100,525,110500,3873500000,3873500000,1822481750,0,0,0,0,0
2022-02-22,AMAN,Makmur Berkah Amanda Tbk.,--M-1135000000H111------------,525.0,0.0,530.0,525.0,530.0,5.0,728500,382475500,68,481.8,530,250100,525,138400,3873500000,3873500000,1822481750,0,0,0,0,0
2022-02-21,AMAN,Makmur Berkah Amanda Tbk.,--M-1135000000H111------------,525.0,0.0,530.0,525.0,525.0,0.0,732800,384752000,56,477.3,530,244200,525,261100,3873500000,3873500000,1822481750,0,0,0,0,0
2022-02-18,AMAN,Makmur Berkah Amanda Tbk.,--M-1135000000H111------------,525.0,0.0,525.0,525.0,525.0,0.0,715800,375795000,46,477.3,530,237900,525,358300,3873500000,3873500000,1822481750,0,0,0,0,0
2022-02-17,AMAN,Makmur Berkah Amanda Tbk.,--M-1135000000H111------------,525.0,0.0,525.0,525.0,525.0,0.0,645900,339097500,47,477.3,530,237800,525,300600,3873500000,3873500000,1822481750,0,0,0,0,0
2022-02-16,AMAN,Makmur Berkah Amanda Tbk.,--M-1135000000H111------------,525.0,0.0,525.0,525.0,525.0,0.0,719900,377947500,51,477.3,530,262900,525,266900,3873500000,3873500000,1822481750,0,0,0,0,0
2022-02-15,AMAN,Makmur Berkah Amanda Tbk.,--M-1135000000H111------------,525.0,0.0,525.0,525.0,525.0,0.0,730900,383722500,55,477.3,530,238600,525,255900,3873500000,3873500000,1822481750,0,0,0,0,0
2022-02-14,AMAN,Makmur Berkah Amanda Tbk.,--M-1135000000H111------------,525.0,0.0,530.0,525.0,525.0,0.0,716800,376322500,54,477.3,530,249200,525,270300,3873500000,3873500000,1822481750,0,0,0,0,0
2022-02-11,AMAN,Makmur Berkah Amanda Tbk.,--M-1135000000H111------------,525.0,0.0,525.0,525.0,525.0,0.0,720000,378000000,52,477.3,530,253900,525,226300,3873500000,3873500000,1822481750,0,0,0,0,0
2022-02-10,AMAN,Makmur Berkah Amanda Tbk.,--M-1135000000H111------------,530.0,0.0,530.0,525.0,525.0,-5.0,970800,514444000,68,477.3,530,148300,525,97000,3873500000,3873500000,1822481750,0,8800,0,0,0
2022-02-09,AMAN,Makmur Berkah Amanda Tbk.,--M-1135000000H111------------,530.0,0.0,530.0,530.0,530.0,0.0,972900,515637000,66,481.8,530,160600,525,118800,3873500000,3873500000,1822481750,0,0,0,0,0
2022-02-08,AMAN,Makmur Berkah Amanda Tbk.,--M-1135000000H111------------,525.0,0.0,530.0,525.0,530.0,5.0,732000,384321500,55,481.8,530,268700,525,261600,3873500000,3873500000,1822481750,0,0,0,0,0
2022-02-07,AMAN,Makmur Berkah Amanda Tbk.,--M-1135000000H111------------,525.0,0.0,530.0,525.0,525.0,0.0,724700,380468000,61,477.3,530,258300,525,264900,3873500000,3873500000,1822481750,0,0,0,0,0
2022-02-04,AMAN,Makmur Berkah Amanda Tbk.,--M-1135000000H111------------,525.0,0.0,530.0,525.0,525.0,0.0,717600,376746500,51,477.3,530,266400,525,272200,3873500000,3873500000,1822481750,0,0,0,0,0
2022-02-03,AMAN,Makmur Berkah Amanda Tbk.,--M-1135000000H111------------,525.0,0.0,525.0,525.0,525.0,0.0,740200,388605000,62,477.3,530,237700,525,246700,3873500000,3873500000,1822481750,0,0,0,0,0
2022-02-02,AMAN,Makmur Berkah Amanda Tbk.,--M-1135000000H111------------,525.0,0.0,530.0,525.0,525.0,0.0,725600,380968500,52,477.3,530,234600,525,267200,3873500000,3873500000,1822481750,0,0,0,0,0
2022-01-31,AMAN,Makmur Berkah Amanda Tbk.,--M-1135000000H111------------,530.0,0.0,530.0,525.0,525.0,-5.0,899800,476893500,59,477.3,530,116800,525,110800,3873500000,3873500000,1822481750,0,0,0,0,0
2022-01-28,AMAN,Makmur Berkah Amanda Tbk.,--M-1135000000H111------------,530.0,0.0,530.0,525.0,530.0,0.0,908100,481245500,53,481.8,530,127400,525,101400,3873500000,3873500000,1822481750,0,0,0,0,0
2022-01-27,AMAN,Makmur Berkah Amanda Tbk.,--M-1135000000H111------------,530.0,0.0,530.0,525.0,530.0,0.0,902100,478100000,62,481.8,530,126600,525,120200,3873500000,3873500000,1822481750,0,0,0,0,0
2022-01-26,AMAN,Makmur Berkah Amanda Tbk.,--M-1135000000H111------------,530.0,0.0,530.0,525.0,530.0,0.0,867400,459705000,64,481.8,530,174700,525,108200,3873500000,3873500000,1822481750,0,25500,0,0,0
2022-01-25,AMAN,Makmur Berkah Amanda Tbk.,--M-1135000000H111------------,530.0,0.0,530.0,525.0,530.0,0.0,917200,486114500,53,481.8,530,119600,525,137700,3873500000,3873500000,1822481750,0,0,0,0,0
2022-01-24,AMAN,Makmur Berkah Amanda Tbk.,--M-1135000000H111------------,530.0,0.0,530.0,525.0,530.0,0.0,899200,476574500,53,481.8,530,130400,525,134000,3873500000,3873500000,1822481750,0,0,0,0,0
2022-01-21,AMAN,Makmur Berkah Amanda Tbk.,--M-1135000000H111------------,530.0,0.0,530.0,525.0,530.0,0.0,903800,479003500,57,481.8,530,126900,525,134300,3873500000,3873500000,1822481750,0,0,0,0,0
2022-01-20,AMAN,Makmur Berkah Amanda Tbk.,--M-1135000000H111------------,530.0,0.0,530.0,525.0,530.0,0.0,901000,477527500,54,481.8,530,118900,525,133400,3873500000,3873500000,1822481750,0,0,0,0,0
2022-01-19,AMAN,Makmur Berkah Amanda Tbk.,--M-1135000000H111------------,525.0,0.0,530.0,525.0,530.0,5.0,720900,378482000,61,481.8,530,240100,525,182200,3873500000,3873500000,1822481750,0,0,0,0,0
2022-01-18,AMAN,Makmur Berkah Amanda Tbk.,--M-1135000000H111------------,525.0,0.0,530.0,525.0,525.0,0.0,720200,378115500,52,477.3,530,236200,525,151200,3873500000,3873500000,1822481750,0,0,0,0,0
2022-01-17,AMAN,Makmur Berkah Amanda Tbk.,--M-1135000000H111------------,530.0,0.0,530.0,525.0,525.0,-5.0,906400,480352500,51,477.3,530,118400,525,132900,3873500000,3873500000,1822481750,0,0,0,0,0
2022-01-14,AMAN,Makmur Berkah Amanda Tbk.,--M-1135000000H111------------,525.0,0.0,530.0,525.0,530.0,5.0,755900,396947500,45,481.8,530,210600,525,240900,3873500000,3873500000,1822481750,0,0,0,0,0
2022-01-13,AMAN,Makmur Berkah Amanda Tbk.,--M-1135000000H111------------,525.0,0.0,530.0,525.0,525.0,0.0,828400,434931500,71,477.3,530,236200,525,81100,3873500000,3873500000,1822481750,0,3100,0,0,0
2022-01-12,AMAN,Makmur Berkah Amanda Tbk.,--M-1135000000H111------------,525.0,0.0,525.0,525.0,525.0,0.0,715900,375847500,46,477.3,530,228000,525,188400,3873500000,3873500000,1822481750,0,0,0,0,0
2022-01-11,AMAN,Makmur Berkah Amanda Tbk.,--M-1135000000H111------------,525.0,0.0,530.0,525.0,525.0,0.0,643100,337696500,43,477.3,530,214200,525,247600,3873500000,3873500000,1822481750,0,0,0,0,0
2022-01-10,AMAN,Makmur Berkah Amanda Tbk.,--M-1135000000H111------------,525.0,0.0,525.0,525.0,525.0,0.0,759600,398790000,64,477.3,530,228200,525,148200,3873500000,3873500000,1822481750,0,0,0,0,0
2022-01-07,AMAN,Makmur Berkah Amanda Tbk.,--M-1135000000H111------------,525.0,0.0,525.0,525.0,525.0,0.0,715800,375795000,51,477.3,530,228100,525,183900,3873500000,3873500000,1822481750,0,0,0,0,0
2022-01-06,AMAN,Makmur Berkah Amanda Tbk.,--M-1135000000H111------------,525.0,0.0,525.0,525.0,525.0,0.0,726100,381202500,57,477.3,530,228000,525,172900,3873500000,3873500000,1822481750,0,0,0,0,0
2022-01-05,AMAN,Makmur Berkah Amanda Tbk.,--M-1135000000H111------------,525.0,0.0,525.0,525.0,525.0,0.0,748400,392910000,66,477.3,530,228000,525,153700,3873500000,3873500000,1822481750,0,0,0,0,0
2022-01-04,AMAN,Makmur Berkah Amanda Tbk.,--M-1135000000H111------------,525.0,0.0,525.0,525.0,525.0,0.0,722000,379050000,54,477.3,530,228000,525,181400,3873500000,3873500000,1822481750,0,0,0,0,0
2022-01-03,AMAN,Makmur Berkah Amanda Tbk.,--M-1135000000H111------------,525.0,0.0,525.0,525.0,525.0,0.0,732600,384615000,60,477.3,530,240600,525,197600,3873500000,3873500000,1822481750,0,0,0,0,0
2021-12-30,AMAN,Makmur Berkah Amanda Tbk.,--M-1135000000H111------------,525.0,0.0,525.0,525.0,525.0,0.0,722700,379417500,60,477.3,530,240800,525,181200,3873500000,3873500000,2848184550,0,0,0,0,0
2021-12-29,AMAN,Makmur Berkah Amanda Tbk.,--M-1135000000H111------------,525.0,0.0,530.0,525.0,525.0,0.0,599100,314542500,52,477.3,530,227700,525,204300,3873500000,3873500000,2848184550,0,0,0,0,0
2021-12-28,AMAN,Makmur Berkah Amanda Tbk.,--M-1135000000H111------------,530.0,0.0,530.0,525.0,525.0,-5.0,557600,295482000,52,477.3,530,167400,525,113700,3873500000,3873500000,2848184550,0,0,0,0,0
2021-12-27,AMAN,Makmur Berkah Amanda Tbk.,--M-1135000000H111------------,530.0,0.0,530.0,525.0,530.0,0.0,551300,292175500,47,481.8,530,170100,525,206800,3873500000,3873500000,2848184550,0,0,0,0,0
2021-12-24,AMAN,Makmur Berkah Amanda Tbk.,--M-1135000000H111------------,530.0,0.0,530.0,525.0,530.0,0.0,553200,293171500,40,481.8,530,189500,525,186400,3873500000,3873500000,2848184550,0,0,226600,114433000,1
2021-12-23,AMAN,Makmur Berkah Amanda Tbk.,--M-1135000000H111------------,525.0,0.0,530.0,525.0,530.0,5.0,622700,326925000,55,481.8,530,246900,525,232000,3873500000,3873500000,2848184550,0,0,0,0,0
2021-12-22,AMAN,Makmur Berkah Amanda Tbk.,--M-1135000000H111------------,525.0,0.0,530.0,525.0,525.0,0.0,622100,326616000,60,477.3,530,255700,525,348000,3873500000,3873500000,2848184550,0,0,0,0,0
2021-12-21,AMAN,Makmur Berkah Amanda Tbk.,--M-1135000000H111------------,530.0,0.0,530.0,525.0,525.0,-5.0,891200,471189000,50,477.3,530,318600,525,7700,3873500000,3873500000,2848184550,0,0,0,0,0
2021-12-20,AMAN,Makmur Berkah Amanda Tbk.,--M-1135000000H111------------,525.0,0.0,530.0,525.0,530.0,5.0,1012200,531466000,64,481.8,530,222700,525,128400,3873500000,3873500000,2848184550,0,0,0,0,0
2021-12-17,AMAN,Makmur Berkah Amanda Tbk.,--M-1135000000H111------------,525.0,0.0,530.0,525.0,525.0,0.0,1096100,575472000,86,477.3,530,224100,525,175200,3873500000,3873500000,2848184550,0,0,0,0,0
2021-12-16,AMAN,Makmur Berkah Amanda Tbk.,--M-1135000000H111------------,530.0,0.0,530.0,525.0,525.0,-5.0,826500,437817500,74,477.3,530,184800,525,73300,3873500000,3873500000,2848184550,0,0,0,0,0
2021-12-15,AMAN,Makmur Berkah Amanda Tbk.,--M-1135000000H111------------,525.0,0.0,530.0,525.0,530.0,5.0,987700,518551500,62,481.8,530,226200,525,148900,3873500000,3873500000,2848184550,0,0,0,0,0
2021-12-14,AMAN,Makmur Berkah Amanda Tbk.,--M-1135000000H111------------,525.0,0.0,530.0,525.0,525.0,0.0,983700,516483000,59,477.3,530,220300,525,248500,3873500000,3873500000,2848184550,0,0,0,0,0
2021-12-13,AMAN,Makmur Berkah Amanda Tbk.,--M-1135000000H111------------,525.0,0.0,530.0,525.0,525.0,0.0,995200,522542000,69,477.3,530,227200,525,221200,3873500000,3873500000,2848184550,0,0,0,0,0
2021-12-10,AMAN,Makmur Berkah Amanda Tbk.,--M-1135000000H111------------,530.0,0.0,530.0,525.0,525.0,-5.0,1035900,547842000,65,477.3,530,167300,525,18300,3873500000,3873500000,2848184550,0,0,0,0,0
2021-12-09,AMAN,Makmur Berkah Amanda Tbk.,--M-1135000000H111------------,530.0,0.0,530.0,525.0,530.0,0.0,1517700,804325500,76,481.8,530,205700,525,231200,3873500000,3873500000,2848184550,0,0,0,0,0
2021-12-08,AMAN,Makmur Berkah Amanda Tbk.,--M-1135000000H111------------,530.0,0.0,530.0,530.0,530.0,0.0,1610800,853724000,82,481.8,530,108500,525,239700,3873500000,3873500000,2848184550,0,0,0,0,0
2021-12-07,AMAN,Makmur Berkah Amanda Tbk.,--M-1135000000H111------------,530.0,0.0,530.0,525.0,530.0,0.0,1914900,1013825000,96,481.8,530,33100,525,23300,3873500000,3873500000,2848184550,0,0,0,0,0
2021-12-06,AMAN,Makmur Berkah Amanda Tbk.,--M-1135000000H111------------,530.0,0.0,530.0,525.0,530.0,0.0,1534200,813121000,81,481.8,530,190800,525,250200,3873500000,3873500000,2848184550,0,0,0,0,0
2021-12-03,AMAN,Makmur Berkah Amanda Tbk.,--M-1135000000H111------------,530.0,0.0,530.0,525.0,530.0,0.0,1545400,819001000,74,481.8,530,182600,525,216800,3873500000,3873500000,2848184550,0,0,0,0,0
2021-12-02,AMAN,Makmur Berkah Amanda Tbk.,--M-1135000000H111------------,530.0,0.0,530.0,530.0,530.0,0.0,1577000,835810000,81,481.8,530,140000,525,228000,3873500000,3873500000,2848184550,0,0,0,0,0
2021-12-01,AMAN,Makmur Berkah Amanda Tbk.,--M-1135000000H111------------,530.0,0.0,530.0,525.0,530.0,0.0,1586300,840604500,92,481.8,530,156800,525,213400,3873500000,3873500000,2848184550,0,0,0,0,0
2021-11-30,AMAN,Makmur Berkah Amanda Tbk.,--M-1135000000H111------------,530.0,0.0,530.0,525.0,530.0,0.0,1651800,875057500,113,481.8,530,151400,525,154900,3873500000,3873500000,2848184550,0,0,0,0,0
2021-11-29,AMAN,Makmur Berkah Amanda Tbk.,--M-1135000000H111------------,525.0,0.0,535.0,525.0,530.0,5.0,2346500,1235338000,175,481.8,535,415600,530,504100,3873500000,3873500000,2848184550,0,0,0,0,0
2021-11-26,AMAN,Makmur Berkah Amanda Tbk.,--M-1135000000H111------------,530.0,0.0,530.0,525.0,525.0,-5.0,1544000,818181000,90,477.3,530,209800,525,209000,3873500000,3873500000,2848184550,0,0,0,0,0
2021-11-25,AMAN,Makmur Berkah Amanda Tbk.,--M-1135000000H111------------,505.0,0.0,530.0,500.0,530.0,25.0,4512900,2313450500,344,481.8,530,108300,525,420400,3873500000,3873500000,2848184550,0,0,0,0,0
2021-11-24,AMAN,Makmur Berkah Amanda Tbk.,--M-1135000000H111------------,510.0,0.0,515.0,505.0,505.0,-5.0,2105100,1073072000,124,459.1,510,159800,505,113100,3873500000,3873500000,2848184550,0,0,0,0,0
2021-11-23,AMAN,Makmur Berkah Amanda Tbk.,--M-1135000000H111------------,494.0,0.0,510.0,490.0,510.0,16.0,7305100,3639581800,548,463.6,510,29500,505,342000,3873500000,3873500000,2848184550,0,0,0,0,0
2021-11-22,AMAN,Makmur Berkah Amanda Tbk.,--M-1135000000H111------------,494.0,0.0,496.0,494.0,494.0,0.0,1792800,885654800,92,449.1,496,522200,494,90500,3873500000,3873500000,2848184550,0,0,0,0,0
2021-11-19,AMAN,Makmur Berkah Amanda Tbk.,--M-1135000000H111------------,496.0,0.0,496.0,494.0,494.0,-2.0,1580500,783913600,85,449.1,496,138600,494,220800,3873500000,3873500000,2848184550,0,0,0,0,0
2021-11-18,AMAN,Makmur Berkah Amanda Tbk.,--M-1135000000H111------------,498.0,0.0,498.0,494.0,496.0,-2.0,1825000,908303800,85,450.9,496,5100,494,195400,3873500000,3873500000,2848184550,0,0,0,0,0
2021-11-17,AMAN,Makmur Berkah Amanda Tbk.,--M-1135000000H111------------,496.0,0.0,498.0,496.0,498.0,2.0,1750000,868014000,92,452.7,498,521500,496,275800,3873500000,3873500000,2848184550,0,0,0,0,0
2021-11-16,AMAN,Makmur Berkah Amanda Tbk.,--M-1135000000H111------------,496.0,0.0,496.0,494.0,496.0,0.0,1575300,781346800,75,450.9,496,200900,494,79200,3873500000,3873500000,2848184550,0,0,0,0,0
2021-11-15,AMAN,Makmur Berkah Amanda Tbk.,--M-1135000000H111------------,498.0,0.0,498.0,494.0,496.0,-2.0,1788300,890023800,98,450.9,496,15200,494,171700,3873500000,3873500000,2848184550,0,0,0,0,0
2021-11-12,AMAN,Makmur Berkah Amanda Tbk.,--M-1135000000H111------------,500.0,0.0,500.0,498.0,498.0,-2.0,1583400,791651400,81,452.7,500,212500,498,161700,3873500000,3873500000,2848184550,0,0,0,0,0
2021-11-11,AMAN,Makmur Berkah Amanda Tbk.,--M-1135000000H111------------,510.0,0.0,510.0,496.0,500.0,-10.0,2953500,1491929100,221,454.5,500,261800,498,270300,3873500000,3873500000,2848184550,0,0,0,0,0
2021-11-10,AMAN,Makmur Berkah Amanda Tbk.,--M-1135000000H111------------,492.0,0.0,510.0,492.0,510.0,18.0,4361400,2164880800,355,463.6,510,177800,505,768100,3873500000,3873500000,2848184550,0,0,0,0,0
2021-11-09,AMAN,Makmur Berkah Amanda Tbk.,--M-1135000000H111------------,492.0,0.0,494.0,492.0,492.0,0.0,1222000,601245200,72,447.3,494,576200,492,317200,3873500000,3873500000,2848184550,0,0,0,0,0
2021-11-08,AMAN,Makmur Berkah Amanda Tbk.,--M-1135000000H111------------,492.0,0.0,494.0,492.0,492.0,0.0,1480200,728426800,103,447.3,494,487600,492,133100,3873500000,3873500000,2848184550,0,0,0,0,0
2021-11-05,AMAN,Makmur Berkah Amanda Tbk.,--M-1135000000H111------------,492.0,0.0,494.0,492.0,492.0,0.0,1431700,704478200,99,447.3,494,531700,492,137500,3873500000,3873500000,2848184550,0,0,0,0,0
2021-11-04,AMAN,Makmur Berkah Amanda Tbk.,--M-1135000000H111------------,484.0,0.0,494.0,484.0,492.0,8.0,3766600,1835626200,296,447.3,494,181800,492,330900,3873500000,3873500000,2848184550,0,0,0,0,0
2021-11-03,AMAN,Makmur Berkah Amanda Tbk.,--M-1135000000H111------------,484.0,0.0,486.0,484.0,484.0,0.0,1345500,651256400,96,440.0,486,557000,484,111900,3873500000,3873500000,2848184550,0,0,0,0,0
2021-11-02,AMAN,Makmur Berkah Amanda Tbk.,--M-1135000000H111------------,484.0,0.0,486.0,484.0,484.0,0.0,1308900,636110800,66,440.0,486,223000,484,289100,3873500000,3873500000,2848184550,0,0,0,0,0
2021-11-01,AMAN,Makmur Berkah Amanda Tbk.,--M-1135000000H111------------,486.0,0.0,486.0,484.0,484.0,-2.0,1345200,653679800,89,440.0,486,223400,484,257500,3873500000,3873500000,2848184550,0,0,0,0,0
2021-10-29,AMAN,Makmur Berkah Amanda Tbk.,--M-1135000000H111------------,486.0,0.0,486.0,484.0,486.0,0.0,1398900,679660000,93,441.8,486,238800,484,206900,3873500000,3873500000,2848184550,0,0,0,0,0
2021-10-28,AMAN,Makmur Berkah Amanda Tbk.,--M-1135000000H111------------,494.0,0.0,494.0,486.0,486.0,-8.0,2181200,1073442600,117,441.8,486,33500,484,139500,3873500000,3873500000,2848184550,0,0,0,0,0
2021-10-27,AMAN,Makmur Berkah Amanda Tbk.,--M-1135000000H111------------,494.0,0.0,494.0,492.0,494.0,0.0,1320400,652230400,71,449.1,494,230900,492,272700,3873500000,3873500000,2848184550,0,0,0,0,0
2021-10-26,AMAN,Makmur Berkah Amanda Tbk.,--M-1135000000H111------------,494.0,0.0,494.0,492.0,494.0,0.0,1438700,710535200,93,449.1,494,179500,492,208200,3873500000,3873500000,2848184550,0,0,0,0,0
2021-10-25,AMAN,Makmur Berkah Amanda Tbk.,--M-1135000000H111------------,488.0,0.0,494.0,488.0,494.0,6.0,2626400,1287338000,372,449.1,494,252100,492,207400,3873500000,3873500000,2848184550,100,100,0,0,0
2021-10-22,AMAN,Makmur Berkah Amanda Tbk.,--M-1135000000H111------------,478.0,0.0,488.0,478.0,488.0,10.0,5488300,2646915400,468,443.6,490,245100,488,462900,3873500000,3873500000,2848184550,0,0,0,0,0
2021-10-21,AMAN,Makmur Berkah Amanda Tbk.,--M-1135000000H111------------,476.0,0.0,480.0,476.0,478.0,2.0,2281900,1087641000,123,434.5,480,727300,478,285000,3873500000,3873500000,2848184550,0,0,0,0,0
2021-10-19,AMAN,Makmur Berkah Amanda Tbk.,--M-1135000000H111------------,476.0,0.0,478.0,476.0,476.0,0.0,1654400,787495000,100,432.7,478,718000,476,160100,3873500000,3873500000,2848184550,0,0,0,0,0
2021-10-18,AMAN,Makmur Berkah Amanda Tbk.,--M-1135000000H111------------,476.0,0.0,478.0,476.0,476.0,0.0,1704900,811647200,90,432.7,478,714800,476,176800,3873500000,3873500000,2848184550,0,0,0,0,0
2021-10-15,AMAN,Makmur Berkah Amanda Tbk.,--M-1135000000H111------------,476.0,0.0,478.0,476.0,476.0,0.0,1615100,768788000,88,432.7,478,716600,476,217400,3873500000,3873500000,2848184550,0,0,0,0,0
2021-10-14,AMAN,Makmur Berkah Amanda Tbk.,--M-1135000000H111------------,474.0,0.0,478.0,474.0,476.0,2.0,2376700,1128183000,158,432.7,478,687600,476,292500,3873500000,3873500000,2848184550,0,0,0,0,0
2021-10-13,AMAN,Makmur Berkah Amanda Tbk.,--M-1135000000H111------------,474.0,0.0,476.0,472.0,474.0,0.0,1730800,820462600,123,430.9,476,686500,474,157500,3873500000,3873500000,2848184550,0,0,0,0,0
2021-10-12,AMAN,Makmur Berkah Amanda Tbk.,--M-1135000000H111------------,470.0,0.0,476.0,470.0,474.0,4.0,3398500,1604505000,230,430.9,476,268500,474,261700,3873500000,3873500000,2848184550,0,0,0,0,0
2021-10-11,AMAN,Makmur Berkah Amanda Tbk.,--M-1135000000H111------------,470.0,0.0,472.0,468.0,470.0,0.0,2444900,1150213200,161,427.3,472,160500,470,237100,3873500000,3873500000,2848184550,0,0,0,0,0
2021-10-08,AMAN,Makmur Berkah Amanda Tbk.,--M-1135000000H111------------,470.0,0.0,470.0,468.0,470.0,0.0,1892600,889460000,110,427.3,470,20700,468,270300,3873500000,3873500000,2848184550,0,0,0,0,0
2021-10-07,AMAN,Makmur Berkah Amanda Tbk.,XDM-1135000000H111------------,468.0,0.0,470.0,466.0,470.0,2.0,1514100,708714000,114,427.3,470,659400,468,365000,3873500000,3873500000,2848184550,0,0,0,0,0
2021-10-06,AMAN,Makmur Berkah Amanda Tbk.,XDM-1135000000H111------------,458.0,0.0,468.0,456.0,468.0,10.0,5102200,2353795400,344,425.5,470,245000,468,202000,3873500000,3873500000,2848184550,0,0,0,0,0
2021-10-05,AMAN,Makmur Berkah Amanda Tbk.,XDM-1135000000H111------------,462.0,0.0,464.0,458.0,458.0,-4.0,2475900,1142704600,194,416.4,458,130100,456,168000,3873500000,3873500000,2848184550,0,0,0,0,0
2021-10-04,AMAN,Makmur Berkah Amanda Tbk.,XDM-1135000000H111------------,446.0,0.0,462.0,446.0,462.0,16.0,6827600,3085721000,512,420.0,462,87600,460,279200,3873500000,3873500000,2848184550,2500,2500,0,0,0
2021-10-01,AMAN,Makmur Berkah Amanda Tbk.,XDM-1135000000H111------------,448.0,0.0,448.0,446.0,446.0,-2.0,1930000,864465800,116,405.5,448,18100,446,247300,3873500000,3873500000,2848184550,0,0,0,0,0
2021-09-30,AMAN,Makmur Berkah Amanda Tbk.,XDM-1135000000H111------------,450.0,0.0,450.0,448.0,448.0,-2.0,2168200,975420200,120,407.3,450,76400,448,172300,3873500000,3873500000,3873500000,0,0,0,0,0
2021-09-29,AMAN,Makmur Berkah Amanda Tbk.,XDM-1135000000H111------------,448.0,0.0,450.0,446.0,450.0,2.0,1846600,827095600,131,409.1,450,220100,448,148000,3873500000,3873500000,3873500000,0,0,0,0,0
2021-09-28,AMAN,Makmur Berkah Amanda Tbk.,XDM-1135000000H111------------,448.0,0.0,448.0,448.0,448.0,0.0,1694400,759091200,92,407.3,450,227100,448,130900,3873500000,3873500000,3873500000,0,0,0,0,0
2021-09-27,AMAN,Makmur Berkah Amanda Tbk.,XDM-1135000000H111------------,450.0,0.0,450.0,448.0,448.0,-2.0,1724800,775961400,97,407.3,450,279300,448,207400,3873500000,3873500000,3873500000,0,0,0,0,0
2021-09-24,AMAN,Makmur Berkah Amanda Tbk.,XDM-1135000000H111------------,450.0,0.0,450.0,448.0,450.0,0.0,1918100,859403200,114,409.1,450,244500,448,244000,3873500000,3873500000,3873500000,0,0,0,0,0
2021-09-23,AMAN,Makmur Berkah Amanda Tbk.,XDM-1135000000H111------------,448.0,0.0,450.0,448.0,450.0,2.0,1819800,815336600,115,409.1,450,201100,448,363700,3873500000,3873500000,3873500000,0,0,0,0,0
2021-09-22,AMAN,Makmur Berkah Amanda Tbk.,XDM-1135000000H111------------,448.0,0.0,450.0,448.0,448.0,0.0,1756900,787094400,109,407.3,450,237500,448,151800,3873500000,3873500000,3873500000,0,0,0,0,0
2021-09-21,AMAN,Makmur Berkah Amanda Tbk.,XDM-1135000000H111------------,448.0,0.0,450.0,448.0,448.0,0.0,1828400,819163800,113,407.3,450,234000,448,295500,3873500000,3873500000,3873500000,0,0,0,0,0
2021-09-20,AMAN,Makmur Berkah Amanda Tbk.,XDM-1135000000H111------------,448.0,0.0,450.0,448.0,448.0,0.0,2686000,1203344000,192,407.3,450,231000,448,230600,3873500000,3873500000,3873500000,0,0,0,0,0
2021-09-17,AMAN,Makmur Berkah Amanda Tbk.,XDM-1135000000H111------------,450.0,0.0,450.0,448.0,448.0,-2.0,1548700,696815800,106,407.3,450,222600,448,277600,3873500000,3873500000,3873500000,0,0,0,0,0
2021-09-16,AMAN,Makmur Berkah Amanda Tbk.,XDM-1135000000H111------------,448.0,0.0,450.0,448.0,450.0,2.0,1811600,811816400,150,409.1,450,145300,448,258900,3873500000,3873500000,3873500000,0,0,0,0,0
2021-09-15,AMAN,Makmur Berkah Amanda Tbk.,XDM-1135000000H111------------,450.0,0.0,450.0,448.0,448.0,-2.0,1441700,648465800,118,407.3,450,188600,448,166900,3873500000,3873500000,3873500000,0,0,0,0,0
2021-09-14,AMAN,Makmur Berkah Amanda Tbk.,XDM-1135000000H111------------,450.0,0.0,450.0,448.0,450.0,0.0,1506000,677589400,104,409.1,450,58200,448,273300,3873500000,3873500000,3873500000,5000,0,0,0,0
2021-09-13,AMAN,Makmur Berkah Amanda Tbk.,XDM-1135000000H111------------,448.0,0.0,450.0,448.0,450.0,2.0,1323500,593055200,113,409.1,450,184800,448,75400,3873500000,3873500000,3873500000,4000,0,0,0,0
2021-09-10,AMAN,Makmur Berkah Amanda Tbk.,XDM-1135000000H111------------,448.0,0.0,450.0,448.0,448.0,0.0,1282800,574729000,112,407.3,450,235400,448,84400,3873500000,3873500000,3873500000,0,0,0,0,0
2021-09-09,AMAN,Makmur Berkah Amanda Tbk.,XDM-1135000000H111------------,446.0,0.0,448.0,442.0,448.0,2.0,3273100,1461727400,227,407.3,448,111100,446,134200,3873500000,3873500000,3873500000,0,0,0,0,0
2021-09-08,AMAN,Makmur Berkah Amanda Tbk.,--M-1135000000H111------------,450.0,0.0,450.0,446.0,446.0,-4.0,2663000,1195717000,190,405.5,448,127700,446,180100,3873500000,3873500000,3873500000,0,0,0,0,0
2021-09-07,AMAN,Makmur Berkah Amanda Tbk.,--M-1135000000H111------------,448.0,0.0,450.0,448.0,450.0,2.0,1462900,655837200,127,409.1,450,42500,448,117200,3873500000,3873500000,3873500000,3000,0,0,0,0
2021-09-06,AMAN,Makmur Berkah Amanda Tbk.,CDM-1135000000H111------------,448.0,0.0,450.0,448.0,448.0,0.0,1410900,632191400,154,407.3,450,168800,448,20800,3873500000,3873500000,3873500000,0,0,0,0,0
2021-09-03,AMAN,Makmur Berkah Amanda Tbk.,CDM-1135000000H111------------,448.0,0.0,450.0,448.0,448.0,0.0,874000,391555000,81,407.3,450,235300,448,74500,3873500000,3873500000,3873500000,0,0,0,0,0
2021-09-02,AMAN,Makmur Berkah Amanda Tbk.,CDM-1135000000H111------------,448.0,0.0,450.0,448.0,448.0,0.0,911500,408363600,100,407.3,450,264000,448,83600,3873500000,3873500000,3873500000,0,0,0,0,0
2021-09-01,AMAN,Makmur Berkah Amanda Tbk.,--M-1135000000H111------------,452.0,0.0,452.0,448.0,448.0,-4.0,1466800,661874000,155,407.3,450,7300,448,118100,3873500000,3873500000,3873500000,600,0,0,0,0
2021-08-31,AMAN,Makmur Berkah Amanda Tbk.,--U-1135000000H111------------,442.0,0.0,452.0,442.0,452.0,10.0,4769500,2128904800,528,410.9,452,169200,448,153300,3873500000,3873500000,3873500000,0,0,0,0,0
2021-08-30,AMAN,Makmur Berkah Amanda Tbk.,--U-1135000000H111------------,446.0,0.0,446.0,442.0,442.0,-4.0,929000,413148000,199,401.8,444,9700,442,109100,3873500000,3873500000,3873500000,0,3000,0,0,0
2021-08-27,AMAN,Makmur Berkah Amanda Tbk.,--U-1135000000H111------------,448.0,0.0,448.0,446.0,446.0,-2.0,652700,291972400,115,405.5,448,229800,446,138800,3873500000,3873500000,3873500000,0,0,0,0,0
2021-08-26,AMAN,Makmur Berkah Amanda Tbk.,--U-1135000000H111------------,448.0,0.0,448.0,446.0,448.0,0.0,717600,321161800,119,407.3,448,162300,446,219000,3873500000,3873500000,3873500000,0,0,0,0,0
2021-08-25,AMAN,Makmur Berkah Amanda Tbk.,--U-1135000000H111------------,448.0,0.0,448.0,446.0,448.0,0.0,609800,272912800,115,407.3,448,373200,446,179800,3873500000,3873500000,3873500000,0,0,0,0,0
2021-08-24,AMAN,Makmur Berkah Amanda Tbk.,--U-1135000000H111------------,448.0,0.0,448.0,444.0,448.0,0.0,773300,344451400,199,407.3,448,404000,446,199400,3873500000,3873500000,3873500000,0,0,691400,289005200,1
2021-08-23,AMAN,Makmur Berkah Amanda Tbk.,--U-1135000000H111------------,448.0,0.0,448.0,446.0,448.0,0.0,965400,431811800,187,407.3,448,36900,446,380600,3873500000,3873500000,3873500000,0,9000,0,0,0
2021-08-20,AMAN,Makmur Berkah Amanda Tbk.,--U-1135000000H111------------,442.0,0.0,448.0,442.0,448.0,6.0,2385100,1060940200,433,407.3,448,260100,446,7700,3873500000,3873500000,3873500000,0,300,0,0,0
2021-08-19,AMAN,Makmur Berkah Amanda Tbk.,--U-1135000000H111------------,446.0,0.0,458.0,434.0,442.0,-4.0,7593200,3400158600,1192,401.8,442,135400,440,261100,3873500000,3873500000,3873500000,0,300,0,0,0
2021-08-18,AMAN,Makmur Berkah Amanda Tbk.,--U-1135000000H111------------,434.0,0.0,446.0,434.0,446.0,12.0,3256500,1424263800,388,405.5,448,318000,446,164900,3873500000,3873500000,3873500000,0,0,0,0,0
2021-08-16,AMAN,Makmur Berkah Amanda Tbk.,--U-1135000000H111------------,434.0,0.0,434.0,432.0,434.0,0.0,2853900,1238551800,89,394.5,436,194800,434,352900,3873500000,3873500000,3873500000,0,0,0,0,0
2021-08-13,AMAN,Makmur Berkah Amanda Tbk.,--U-1135000000H111------------,432.0,0.0,434.0,432.0,434.0,2.0,143500,62001400,41,394.5,434,190200,432,12500,3873500000,3873500000,3873500000,0,0,0,0,0
2021-08-12,AMAN,Makmur Berkah Amanda Tbk.,--U-1135000000H111------------,430.0,0.0,432.0,430.0,432.0,2.0,268700,115699200,54,392.7,432,117900,430,270100,3873500000,3873500000,3873500000,0,0,0,0,0
2021-08-10,AMAN,Makmur Berkah Amanda Tbk.,--U-1135000000H111------------,428.0,0.0,430.0,428.0,430.0,2.0,157300,67356800,45,390.9,430,180700,428,232800,3873500000,3873500000,3873500000,0,0,0,0,0
2021-08-09,AMAN,Makmur Berkah Amanda Tbk.,--U-1135000000H111------------,428.0,0.0,430.0,428.0,428.0,0.0,130800,55985600,21,389.1,430,196300,428,233600,3873500000,3873500000,3873500000,0,0,0,0,0
2021-08-06,AMAN,Makmur Berkah Amanda Tbk.,--U-1135000000H111------------,430.0,0.0,430.0,428.0,428.0,-2.0,240400,103226800,50,389.1,430,254400,428,178700,3873500000,3873500000,3873500000,0,0,0,0,0
2021-08-05,AMAN,Makmur Berkah Amanda Tbk.,--U-1135000000H111------------,430.0,0.0,430.0,428.0,430.0,0.0,265400,113992800,56,390.9,430,221700,428,199600,3873500000,3873500000,3873500000,0,0,0,0,0
2021-08-04,AMAN,Makmur Berkah Amanda Tbk.,--U-1135000000H111------------,428.0,0.0,430.0,428.0,430.0,2.0,307100,131452600,58,390.9,430,192300,428,75900,3873500000,3873500000,3873500000,0,0,0,0,0
2021-08-03,AMAN,Makmur Berkah Amanda Tbk.,--U-1135000000H111------------,426.0,0.0,428.0,424.0,428.0,2.0,1203500,513119600,202,389.1,428,94300,426,241500,3873500000,3873500000,3873500000,0,0,0,0,0
2021-08-02,AMAN,Makmur Berkah Amanda Tbk.,--U-1135000000H111------------,432.0,0.0,436.0,426.0,426.0,-6.0,1381100,595238600,222,387.3,428,46900,426,53800,3873500000,3873500000,3873500000,0,0,0,0,0
2021-07-30,AMAN,Makmur Berkah Amanda Tbk.,--U-1135000000H111------------,412.0,0.0,434.0,412.0,432.0,20.0,3250000,1378440400,441,392.7,432,73800,430,143000,3873500000,3873500000,3873500000,0,0,0,0,0
2021-07-29,AMAN,Makmur Berkah Amanda Tbk.,--U-1135000000H111------------,410.0,0.0,412.0,410.0,412.0,2.0,1578600,647630600,249,374.5,414,228000,412,311900,3873500000,3873500000,3873500000,0,0,0,0,0
2021-07-28,AMAN,Makmur Berkah Amanda Tbk.,--U-1135000000H111------------,416.0,0.0,418.0,410.0,410.0,-6.0,905000,375019200,239,372.7,412,44100,410,60400,3873500000,3873500000,3873500000,0,0,0,0,0
2021-07-27,AMAN,Makmur Berkah Amanda Tbk.,--U-1135000000H111------------,412.0,0.0,424.0,412.0,416.0,4.0,4199300,1754598200,620,378.2,418,173000,416,524200,3873500000,3873500000,3873500000,0,0,0,0,0
2021-07-26,AMAN,Makmur Berkah Amanda Tbk.,--U-1135000000H111------------,386.0,0.0,412.0,386.0,412.0,26.0,5551900,2235748400,889,374.5,414,407500,412,863200,3873500000,3873500000,3873500000,0,0,0,0,0
2021-07-23,AMAN,Makmur Berkah Amanda Tbk.,--U-1135000000H111------------,390.0,0.0,390.0,384.0,386.0,-4.0,1325800,513125600,215,350.9,388,436900,386,167300,3873500000,3873500000,3873500000,0,0,0,0,0
2021-07-22,AMAN,Makmur Berkah Amanda Tbk.,--U-1135000000H111------------,384.0,0.0,390.0,382.0,390.0,6.0,2600600,1005015600,437,354.5,390,71400,388,283700,3873500000,3873500000,3873500000,0,0,0,0,0
2021-07-21,AMAN,Makmur Berkah Amanda Tbk.,--U-1135000000H111------------,380.0,0.0,384.0,380.0,384.0,4.0,1782600,679310600,160,349.1,384,185500,382,161500,3873500000,3873500000,3873500000,0,0,0,0,0
2021-07-19,AMAN,Makmur Berkah Amanda Tbk.,--U-1135000000H111------------,374.0,0.0,382.0,374.0,380.0,6.0,1974800,746380600,324,345.5,382,251800,380,128400,3873500000,3873500000,3873500000,0,0,0,0,0
2021-07-16,AMAN,Makmur Berkah Amanda Tbk.,--U-1135000000H111------------,374.0,0.0,374.0,374.0,374.0,0.0,211600,79138400,31,340.0,376,246000,374,145800,3873500000,3873500000,3873500000,0,0,0,0,0
2021-07-15,AMAN,Makmur Berkah Amanda Tbk.,--U-1135000000H111------------,374.0,0.0,374.0,374.0,374.0,0.0,209600,78390400,22,340.0,376,146100,374,148200,3873500000,3873500000,3873500000,0,0,0,0,0
2021-07-14,AMAN,Makmur Berkah Amanda Tbk.,--U-1135000000H111------------,376.0,0.0,376.0,374.0,374.0,-2.0,208800,78377200,47,340.0,376,4300,374,64200,3873500000,3873500000,3873500000,0,0,0,0,0
2021-07-13,AMAN,Makmur Berkah Amanda Tbk.,--U-1135000000H111------------,376.0,0.0,378.0,376.0,376.0,0.0,173900,65395600,32,341.8,378,190300,376,169300,3873500000,3873500000,3873500000,0,0,0,0,0
2021-07-12,AMAN,Makmur Berkah Amanda Tbk.,--U-1135000000H111------------,378.0,0.0,378.0,376.0,376.0,-2.0,226000,85277200,42,341.8,378,118600,376,107600,3873500000,3873500000,3873500000,0,0,0,0,0
2021-07-09,AMAN,Makmur Berkah Amanda Tbk.,--U-1135000000H111------------,378.0,0.0,378.0,376.0,378.0,0.0,232100,87558800,51,343.6,378,75900,376,59400,3873500000,3873500000,3873500000,0,0,0,0,0
2021-07-08,AMAN,Makmur Berkah Amanda Tbk.,--U-1135000000H111------------,378.0,0.0,378.0,374.0,378.0,0.0,436700,164646600,84,343.6,378,43400,376,200000,3873500000,3873500000,3873500000,0,0,0,0,0
2021-07-07,AMAN,Makmur Berkah Amanda Tbk.,--U-1135000000H111------------,380.0,0.0,380.0,378.0,378.0,-2.0,2065300,781144800,230,343.6,378,110700,376,667700,3873500000,3873500000,3873500000,0,0,0,0,0
2021-07-06,AMAN,Makmur Berkah Amanda Tbk.,--U-1135000000H111------------,368.0,0.0,380.0,364.0,380.0,12.0,2284000,852043200,382,345.5,380,66500,378,282000,3873500000,3873500000,3873500000,0,0,0,0,0
2021-07-05,AMAN,Makmur Berkah Amanda Tbk.,--U-1135000000H111------------,386.0,0.0,392.0,368.0,368.0,-18.0,5470000,2075201200,829,334.5,368,33900,366,125400,3873500000,3873500000,3873500000,0,0,0,0,0
2021-07-02,AMAN,Makmur Berkah Amanda Tbk.,--U-1135000000H111------------,354.0,0.0,386.0,354.0,386.0,32.0,10214300,3847972200,1295,350.9,386,257700,384,343900,3873500000,3873500000,3873500000,5000,0,0,0,0
2021-07-01,AMAN,Makmur Berkah Amanda Tbk.,--U-1135000000H111------------,336.0,0.0,354.0,334.0,354.0,18.0,5021900,1729760200,649,321.8,356,241500,354,400,3873500000,3873500000,3873500000,0,5000,9300,3087600,1
2021-06-30,AMAN,Makmur Berkah Amanda Tbk.,--U-1135000000H111------------,324.0,0.0,336.0,324.0,336.0,12.0,2763800,912314800,303,305.5,336,149200,334,552000,3873500000,3873500000,3873500000,200,0,0,0,0
2021-06-29,AMAN,Makmur Berkah Amanda Tbk.,--U-1135000000H111------------,322.0,0.0,326.0,312.0,324.0,2.0,6766600,2150121400,423,294.5,326,225000,324,118200,3873500000,3873500000,3873500000,0,0,0,0,0
2021-06-28,AMAN,Makmur Berkah Amanda Tbk.,--U-1135000000H111------------,304.0,0.0,322.0,304.0,322.0,18.0,2379300,745626000,268,292.7,324,165500,322,37900,3873500000,3873500000,3873500000,0,0,0,0,0
2021-06-25,AMAN,Makmur Berkah Amanda Tbk.,--U-1135000000H111------------,300.0,0.0,304.0,296.0,304.0,4.0,516500,155955200,75,276.4,304,191300,296,14700,3873500000,3873500000,3873500000,0,200,0,0,0
2021-06-24,AMAN,Makmur Berkah Amanda Tbk.,--U-1135000000H111------------,298.0,0.0,300.0,296.0,300.0,2.0,505800,151256600,104,272.7,300,92000,296,17100,3873500000,3873500000,3873500000,10000,0,0,0,0
2021-06-23,AMAN,Makmur Berkah Amanda Tbk.,--U-1135000000H111------------,284.0,0.0,298.0,284.0,298.0,14.0,4448000,1291006600,122,270.9,300,264500,298,3100,3873500000,3873500000,3873500000,0,10000,0,0,0
2021-06-22,AMAN,Makmur Berkah Amanda Tbk.,--U-1135000000H111------------,284.0,0.0,284.0,284.0,284.0,0.0,94900,26951600,18,258.2,286,292000,284,37700,3873500000,3873500000,3873500000,0,0,0,0,0
2021-06-21,AMAN,Makmur Berkah Amanda Tbk.,--U-1135000000H111------------,284.0,0.0,284.0,284.0,284.0,0.0,95400,27093600,15,258.2,286,292000,284,37200,3873500000,3873500000,3873500000,0,0,0,0,0
2021-06-18,AMAN,Makmur Berkah Amanda Tbk.,--U-1135000000H111------------,284.0,0.0,284.0,284.0,284.0,0.0,94800,26923200,16,258.2,286,292000,284,37800,3873500000,3873500000,3873500000,0,0,0,0,0
2021-06-17,AMAN,Makmur Berkah Amanda Tbk.,--U-1135000000H111------------,284.0,0.0,284.0,284.0,284.0,0.0,94900,26951600,15,258.2,286,292000,284,38100,3873500000,3873500000,3873500000,0,0,0,0,0
2021-06-16,AMAN,Makmur Berkah Amanda Tbk.,--U-1135000000H111------------,284.0,0.0,284.0,284.0,284.0,0.0,94800,26923200,14,258.2,286,292000,284,37900,3873500000,3873500000,3873500000,0,0,0,0,0
2021-06-15,AMAN,Makmur Berkah Amanda Tbk.,--U-1135000000H111------------,284.0,0.0,284.0,284.0,284.0,0.0,94800,26923200,16,258.2,286,292000,284,38200,3873500000,3873500000,3873500000,0,0,0,0,0
2021-06-14,AMAN,Makmur Berkah Amanda Tbk.,--U-1135000000H111------------,284.0,0.0,284.0,284.0,284.0,0.0,94800,26923200,14,258.2,286,292000,284,38600,3873500000,3873500000,3873500000,0,0,0,0,0
2021-06-11,AMAN,Makmur Berkah Amanda Tbk.,--U-1135000000H111------------,284.0,0.0,284.0,284.0,284.0,0.0,97200,27604800,16,258.2,286,292000,284,35700,3873500000,3873500000,3873500000,0,0,0,0,0
2021-06-10,AMAN,Makmur Berkah Amanda Tbk.,--U-1135000000H111------------,284.0,0.0,284.0,284.0,284.0,0.0,94900,26951600,15,258.2,286,292000,284,38600,3873500000,3873500000,3873500000,0,0,0,0,0
2021-06-09,AMAN,Makmur Berkah Amanda Tbk.,--U-1135000000H111------------,284.0,0.0,286.0,284.0,284.0,0.0,98500,27975200,21,258.2,286,291500,284,34700,3873500000,3873500000,3873500000,0,0,0,0,0
2021-06-08,AMAN,Makmur Berkah Amanda Tbk.,--U-1135000000H111------------,286.0,0.0,286.0,284.0,284.0,-2.0,95200,27224200,17,258.2,286,137800,284,44800,3873500000,3873500000,3873500000,0,0,0,0,0
2021-06-07,AMAN,Makmur Berkah Amanda Tbk.,--U-1135000000H111------------,286.0,0.0,286.0,286.0,286.0,0.0,94100,26912600,17,260.0,286,137400,284,46000,3873500000,3873500000,3873500000,0,0,0,0,0
2021-06-04,AMAN,Makmur Berkah Amanda Tbk.,--U-1135000000H111------------,288.0,0.0,288.0,286.0,286.0,-2.0,144500,41497000,33,260.0,286,89000,284,42800,3873500000,3873500000,3873500000,0,0,0,0,0
2021-06-03,AMAN,Makmur Berkah Amanda Tbk.,--U-1135000000H111------------,286.0,0.0,288.0,286.0,288.0,2.0,102500,29317600,20,261.8,288,291200,286,45500,3873500000,3873500000,3873500000,0,0,0,0,0
2021-06-02,AMAN,Makmur Berkah Amanda Tbk.,--U-1135000000H111------------,286.0,0.0,286.0,286.0,286.0,0.0,106700,30516200,20,260.0,288,292000,286,36900,3873500000,3873500000,3873500000,0,0,0,0,0
2021-05-31,AMAN,Makmur Berkah Amanda Tbk.,--U-1135000000H111------------,286.0,0.0,286.0,286.0,286.0,0.0,102500,29315000,18,260.0,288,292000,286,41100,3873500000,3873500000,3873500000,0,0,0,0,0
2021-05-28,AMAN,Makmur Berkah Amanda Tbk.,--U-1135000000H111------------,284.0,0.0,286.0,284.0,286.0,2.0,103700,29454200,19,260.0,286,290300,284,44200,3873500000,3873500000,3873500000,0,0,0,0,0
2021-05-27,AMAN,Makmur Berkah Amanda Tbk.,--U-1135000000H111------------,284.0,0.0,284.0,284.0,284.0,0.0,110500,31382000,23,258.2,286,292000,284,33400,3873500000,3873500000,3873500000,0,0,0,0,0
2021-05-25,AMAN,Makmur Berkah Amanda Tbk.,--U-1135000000H111------------,286.0,0.0,284.0,284.0,284.0,-2.0,145900,41435600,21,258.2,284,119700,282,39800,3873500000,3873500000,3873500000,0,0,0,0,0
2021-05-24,AMAN,Makmur Berkah Amanda Tbk.,--U-1135000000H111------------,284.0,0.0,286.0,284.0,286.0,2.0,92300,26219200,16,260.0,286,290100,284,36500,3873500000,3873500000,3873500000,0,0,0,0,0
2021-05-22,AMAN,Makmur Berkah Amanda Tbk.,--U-1135000000H111------------,284.0,0.0,0.0,0.0,284.0,0.0,0,0,0,258.2,0,0,0,0,3873500000,3873500000,3873500000,0,0,0,0,0
2021-05-21,AMAN,Makmur Berkah Amanda Tbk.,--U-1135000000H111------------,284.0,0.0,284.0,284.0,284.0,0.0,90300,25645200,20,258.2,286,292000,284,36400,3873500000,3873500000,3873500000,0,0,0,0,0
2021-05-20,AMAN,Makmur Berkah Amanda Tbk.,--U-1135000000H111------------,284.0,0.0,284.0,284.0,284.0,0.0,99400,28229600,20,258.2,286,292000,284,31200,3873500000,3873500000,3873500000,0,0,0,0,0
2021-05-19,AMAN,Makmur Berkah Amanda Tbk.,--U-1135000000H111------------,284.0,0.0,284.0,284.0,284.0,0.0,96300,27349200,18,258.2,286,292000,284,29800,3873500000,3873500000,3873500000,0,0,0,0,0
2021-05-18,AMAN,Makmur Berkah Amanda Tbk.,--U-1135000000H111------------,284.0,0.0,284.0,284.0,284.0,0.0,89300,25361200,16,258.2,286,292000,284,36200,3873500000,3873500000,3873500000,0,0,0,0,0
2021-05-17,AMAN,Makmur Berkah Amanda Tbk.,--U-1135000000H111------------,286.0,0.0,286.0,284.0,284.0,-2.0,137500,39302800,27,258.2,286,1363900,284,35100,3873500000,3873500000,3873500000,0,0,0,0,0
2021-05-11,AMAN,Makmur Berkah Amanda Tbk.,--U-1135000000H111------------,288.0,0.0,288.0,286.0,286.0,-2.0,1397600,402498800,22,260.0,288,96800,286,40900,3873500000,3873500000,3873500000,0,0,0,0,0
2021-05-10,AMAN,Makmur Berkah Amanda Tbk.,--U-1135000000H111------------,288.0,0.0,288.0,286.0,288.0,0.0,1405000,404548200,46,261.8,288,135800,286,5400,3873500000,3873500000,3873500000,0,0,0,0,0
2021-05-07,AMAN,Makmur Berkah Amanda Tbk.,--U-1135000000H111------------,286.0,0.0,288.0,286.0,288.0,2.0,1516000,433615600,33,261.8,288,278000,286,39300,3873500000,3873500000,3873500000,0,0,0,0,0
2021-05-06,AMAN,Makmur Berkah Amanda Tbk.,--U-1135000000H111------------,286.0,0.0,288.0,286.0,286.0,0.0,2472600,709493800,51,260.0,288,124800,286,26900,3873500000,3873500000,3873500000,0,0,0,0,0
2021-05-05,AMAN,Makmur Berkah Amanda Tbk.,--U-1135000000H111------------,288.0,0.0,288.0,286.0,286.0,-2.0,120500,34699000,14,260.0,288,124200,286,43500,3873500000,3873500000,3873500000,0,0,0,0,0
2021-05-04,AMAN,Makmur Berkah Amanda Tbk.,--U-1135000000H111------------,288.0,0.0,288.0,288.0,288.0,0.0,115500,33264000,8,261.8,288,126800,286,45600,3873500000,3873500000,3873500000,0,0,0,0,0
2021-05-03,AMAN,Makmur Berkah Amanda Tbk.,--U-1135000000H111------------,288.0,0.0,288.0,286.0,288.0,0.0,121100,34866600,23,261.8,288,21200,286,40500,3873500000,3873500000,3873500000,0,0,0,0,0
2021-04-30,AMAN,Makmur Berkah Amanda Tbk.,--U-1135000000H111------------,288.0,0.0,288.0,288.0,288.0,0.0,115500,33264000,16,261.8,288,122700,286,46500,3873500000,3873500000,3873500000,0,0,0,0,0
2021-04-29,AMAN,Makmur Berkah Amanda Tbk.,--U-1135000000H111------------,288.0,0.0,288.0,288.0,288.0,0.0,116700,33609600,19,261.8,288,120100,286,45500,3873500000,3873500000,3873500000,0,0,0,0,0
2021-04-28,AMAN,Makmur Berkah Amanda Tbk.,--U-1135000000H111------------,288.0,0.0,288.0,288.0,288.0,0.0,115500,33264000,9,261.8,288,121300,286,45600,3873500000,3873500000,3873500000,0,0,0,0,0
2021-04-27,AMAN,Makmur Berkah Amanda Tbk.,--U-1135000000H111------------,288.0,0.0,288.0,288.0,288.0,0.0,115600,33292800,11,261.8,288,121200,286,45600,3873500000,3873500000,3873500000,0,0,0,0,0
2021-04-26,AMAN,Makmur Berkah Amanda Tbk.,--U-1135000000H111------------,290.0,0.0,290.0,288.0,288.0,-2.0,115900,33610200,23,261.8,290,121300,288,45100,3873500000,3873500000,3873500000,0,0,0,0,0
2021-04-23,AMAN,Makmur Berkah Amanda Tbk.,--U-1135000000H111------------,290.0,0.0,290.0,290.0,290.0,0.0,115800,33582000,17,263.6,290,122200,288,45500,3873500000,3873500000,3873500000,0,0,0,0,0
2021-04-22,AMAN,Makmur Berkah Amanda Tbk.,--U-1135000000H111------------,288.0,0.0,290.0,288.0,290.0,2.0,79300,22839200,19,263.6,290,291600,288,48100,3873500000,3873500000,3873500000,0,0,0,0,0
2021-04-21,AMAN,Makmur Berkah Amanda Tbk.,--U-1135000000H111------------,288.0,0.0,288.0,288.0,288.0,0.0,78900,22723200,18,261.8,290,292000,288,48600,3873500000,3873500000,3873500000,0,0,0,0,0
2021-04-20,AMAN,Makmur Berkah Amanda Tbk.,--U-1135000000H111------------,290.0,0.0,290.0,288.0,288.0,-2.0,90200,26157200,7,261.8,290,897800,288,45200,3873500000,3873500000,3873500000,0,0,0,0,0
2021-04-19,AMAN,Makmur Berkah Amanda Tbk.,--U-1135000000H111------------,290.0,0.0,290.0,290.0,290.0,0.0,90900,26361000,14,263.6,290,897100,288,45500,3873500000,3873500000,3873500000,0,0,0,0,0
2021-04-16,AMAN,Makmur Berkah Amanda Tbk.,--U-1135000000H111------------,290.0,0.0,290.0,290.0,290.0,0.0,94800,27492000,8,263.6,290,892800,288,45900,3873500000,3873500000,3873500000,0,0,0,0,0
2021-04-15,AMAN,Makmur Berkah Amanda Tbk.,--U-1135000000H111------------,290.0,0.0,290.0,290.0,290.0,0.0,90500,26245000,16,263.6,290,902100,288,45500,3873500000,3873500000,3873500000,0,0,0,0,0
2021-04-14,AMAN,Makmur Berkah Amanda Tbk.,--U-1135000000H111------------,290.0,0.0,290.0,288.0,290.0,0.0,90400,26215200,11,263.6,290,897600,288,45100,3873500000,3873500000,3873500000,0,0,0,0,0
2021-04-13,AMAN,Makmur Berkah Amanda Tbk.,--U-1135000000H111------------,290.0,0.0,290.0,290.0,290.0,0.0,89700,26013000,14,263.6,290,898200,288,45500,3873500000,3873500000,3873500000,0,0,0,0,0
2021-04-12,AMAN,Makmur Berkah Amanda Tbk.,--U-1135000000H111------------,290.0,0.0,290.0,288.0,290.0,0.0,89900,26070800,16,263.6,290,898100,288,46900,3873500000,3873500000,3873500000,0,0,0,0,0
2021-04-09,AMAN,Makmur Berkah Amanda Tbk.,--U-1135000000H111------------,290.0,0.0,290.0,290.0,290.0,0.0,89800,26042000,11,263.6,290,97900,288,45500,3873500000,3873500000,3873500000,0,0,0,0,0
2021-04-08,AMAN,Makmur Berkah Amanda Tbk.,--U-1135000000H111------------,290.0,0.0,290.0,290.0,290.0,0.0,89700,26013000,14,263.6,290,98000,288,45600,3873500000,3873500000,3873500000,0,0,0,0,0
2021-04-07,AMAN,Makmur Berkah Amanda Tbk.,--U-1135000000H111------------,290.0,0.0,290.0,290.0,290.0,0.0,89700,26013000,17,263.6,290,98000,288,45500,3873500000,3873500000,3873500000,0,0,0,0,0
2021-04-06,AMAN,Makmur Berkah Amanda Tbk.,--U-1135000000H111------------,292.0,0.0,292.0,290.0,290.0,-2.0,90200,26337400,14,263.6,292,102900,290,45300,3873500000,3873500000,3873500000,0,0,0,0,0
2021-04-05,AMAN,Makmur Berkah Amanda Tbk.,--U-1135000000H111------------,292.0,0.0,292.0,290.0,292.0,0.0,91100,26599800,24,265.5,292,97400,290,44800,3873500000,3873500000,3873500000,0,0,0,0,0
2021-04-01,AMAN,Makmur Berkah Amanda Tbk.,--U-1135000000H111------------,292.0,0.0,292.0,292.0,292.0,0.0,89500,26134000,13,265.5,292,98200,290,45500,3873500000,3873500000,3873500000,0,0,0,0,0
2021-03-31,AMAN,Makmur Berkah Amanda Tbk.,--U-1135000000H111------------,292.0,0.0,292.0,292.0,292.0,0.0,98500,28762000,18,265.5,294,292100,292,51000,3873500000,3873500000,3873500000,0,0,0,0,0
2021-03-30,AMAN,Makmur Berkah Amanda Tbk.,--U-1135000000H111------------,292.0,0.0,292.0,292.0,292.0,0.0,98700,28820400,20,265.5,294,992100,292,50800,3873500000,3873500000,3873500000,0,0,0,0,0
2021-03-29,AMAN,Makmur Berkah Amanda Tbk.,--U-1135000000H111------------,292.0,0.0,292.0,292.0,292.0,0.0,98500,28762000,18,265.5,294,992600,292,61000,3873500000,3873500000,3873500000,0,0,0,0,0
2021-03-26,AMAN,Makmur Berkah Amanda Tbk.,--U-1135000000H111------------,292.0,0.0,292.0,292.0,292.0,0.0,98700,28820400,16,265.5,294,292100,292,50800,3873500000,3873500000,3873500000,0,0,0,0,0
2021-03-25,AMAN,Makmur Berkah Amanda Tbk.,--U-1135000000H111------------,292.0,0.0,292.0,292.0,292.0,0.0,98600,28791200,19,265.5,294,892100,292,50900,3873500000,3873500000,3873500000,0,0,0,0,0
2021-03-24,AMAN,Makmur Berkah Amanda Tbk.,--U-1135000000H111------------,292.0,0.0,292.0,292.0,292.0,0.0,100600,29375200,21,265.5,294,892100,292,49000,3873500000,3873500000,3873500000,0,0,0,0,0
2021-03-23,AMAN,Makmur Berkah Amanda Tbk.,--U-1135000000H111------------,292.0,0.0,292.0,292.0,292.0,0.0,99500,29054000,20,265.5,294,892100,292,50000,3873500000,3873500000,3873500000,0,0,0,0,0
2021-03-22,AMAN,Makmur Berkah Amanda Tbk.,--U-1135000000H111------------,294.0,0.0,294.0,292.0,292.0,-2.0,98700,28979400,8,265.5,294,919300,292,26500,3873500000,3873500000,3873500000,0,0,0,0,0
2021-03-19,AMAN,Makmur Berkah Amanda Tbk.,--U-1135000000H111------------,294.0,0.0,294.0,294.0,294.0,0.0,97000,28518000,16,267.3,294,494900,292,45500,3873500000,3873500000,3873500000,0,0,0,0,0
2021-03-18,AMAN,Makmur Berkah Amanda Tbk.,--U-1135000000H111------------,292.0,0.0,294.0,292.0,294.0,2.0,94100,27500200,25,267.3,294,880800,292,45200,3873500000,3873500000,3873500000,0,200,0,0,0
2021-03-17,AMAN,Makmur Berkah Amanda Tbk.,--U-1135000000H111------------,294.0,0.0,294.0,292.0,292.0,-2.0,100900,29662000,16,265.5,294,884700,292,44600,3873500000,3873500000,3873500000,0,0,0,0,0
2021-03-16,AMAN,Makmur Berkah Amanda Tbk.,--U-1135000000H111------------,292.0,0.0,294.0,292.0,294.0,2.0,84600,24707200,20,267.3,294,891000,292,74200,3873500000,3873500000,3873500000,0,0,0,0,0
2021-03-15,AMAN,Makmur Berkah Amanda Tbk.,--U-1135000000H111------------,292.0,0.0,292.0,292.0,292.0,0.0,82600,24119200,18,265.5,294,892100,292,74200,3873500000,3873500000,3873500000,0,0,0,0,0
2021-03-12,AMAN,Makmur Berkah Amanda Tbk.,--U-1135000000H111------------,292.0,0.0,292.0,292.0,292.0,0.0,82600,24119200,18,265.5,294,892500,292,74200,3873500000,3873500000,3873500000,0,0,0,0,0
2021-03-10,AMAN,Makmur Berkah Amanda Tbk.,--U-1135000000H111------------,292.0,0.0,292.0,292.0,292.0,0.0,87000,25404000,18,265.5,294,892000,292,70100,3873500000,3873500000,3873500000,0,0,0,0,0
2021-03-09,AMAN,Makmur Berkah Amanda Tbk.,--U-1135000000H111------------,292.0,0.0,292.0,292.0,292.0,0.0,82600,24119200,20,265.5,294,892000,292,74200,3873500000,3873500000,3873500000,0,0,0,0,0
2021-03-08,AMAN,Makmur Berkah Amanda Tbk.,--U-1135000000H111------------,292.0,0.0,294.0,292.0,292.0,0.0,85600,24998200,20,265.5,294,890600,292,72900,3873500000,3873500000,3873500000,0,0,0,0,0
2021-03-05,AMAN,Makmur Berkah Amanda Tbk.,--U-1135000000H111------------,292.0,0.0,292.0,292.0,292.0,0.0,83200,24294400,22,265.5,294,892000,292,73700,3873500000,3873500000,3873500000,0,0,0,0,0
2021-03-04,AMAN,Makmur Berkah Amanda Tbk.,--U-1135000000H111------------,292.0,0.0,292.0,292.0,292.0,0.0,89500,26134000,15,265.5,292,909600,290,45500,3873500000,3873500000,3873500000,0,0,0,0,0
2021-03-03,AMAN,Makmur Berkah Amanda Tbk.,--U-1135000000H111------------,294.0,0.0,294.0,292.0,292.0,-2.0,88500,26001000,11,265.5,294,919300,292,36500,3873500000,3873500000,3873500000,0,0,0,0,0
2021-03-02,AMAN,Makmur Berkah Amanda Tbk.,--U-1135000000H111------------,294.0,0.0,294.0,294.0,294.0,0.0,80200,23578800,11,267.3,294,918700,292,45500,3873500000,3873500000,3873500000,0,0,0,0,0
2021-03-01,AMAN,Makmur Berkah Amanda Tbk.,--U-1135000000H111------------,294.0,0.0,294.0,294.0,294.0,0.0,79800,23461200,8,267.3,294,918700,292,45500,3873500000,3873500000,3873500000,0,0,0,0,0
2021-02-26,AMAN,Makmur Berkah Amanda Tbk.,--U-1135000000H111------------,296.0,0.0,296.0,294.0,294.0,-2.0,85700,25354800,7,267.3,296,919000,294,39400,3873500000,3873500000,3873500000,0,0,0,0,0
2021-02-25,AMAN,Makmur Berkah Amanda Tbk.,--U-1135000000H111------------,296.0,0.0,296.0,296.0,296.0,0.0,79500,23532000,7,269.1,296,919000,294,45800,3873500000,3873500000,3873500000,0,0,0,0,0
2021-02-24,AMAN,Makmur Berkah Amanda Tbk.,--U-1135000000H111------------,296.0,0.0,296.0,296.0,296.0,0.0,128200,37947200,16,269.1,298,892000,296,50300,3873500000,3873500000,3873500000,0,0,0,0,0
2021-02-23,AMAN,Makmur Berkah Amanda Tbk.,--U-1135000000H111------------,298.0,0.0,298.0,296.0,296.0,-2.0,88800,26459200,11,269.1,298,911300,296,43900,3873500000,3873500000,3873500000,0,0,0,0,0
2021-02-22,AMAN,Makmur Berkah Amanda Tbk.,--U-1135000000H111------------,296.0,0.0,298.0,296.0,298.0,2.0,116700,34545800,19,270.9,298,190700,296,84100,3873500000,3873500000,3873500000,0,0,0,0,0
2021-02-19,AMAN,Makmur Berkah Amanda Tbk.,--U-1135000000H111------------,296.0,0.0,296.0,296.0,296.0,0.0,124700,36911200,15,269.1,298,192000,296,74400,3873500000,3873500000,3873500000,0,0,0,0,0
2021-02-18,AMAN,Makmur Berkah Amanda Tbk.,--U-1135000000H111------------,296.0,0.0,296.0,296.0,296.0,0.0,128400,38006400,16,269.1,298,192000,296,70200,3873500000,3873500000,3873500000,0,0,0,0,0
2021-02-17,AMAN,Makmur Berkah Amanda Tbk.,--U-1135000000H111------------,296.0,0.0,296.0,296.0,296.0,0.0,115500,34188000,15,269.1,298,192000,296,83300,3873500000,3873500000,3873500000,0,0,0,0,0
2021-02-16,AMAN,Makmur Berkah Amanda Tbk.,--U-1135000000H111------------,298.0,0.0,298.0,296.0,296.0,-2.0,98900,29471400,19,269.1,298,16900,296,46200,3873500000,3873500000,3873500000,0,0,0,0,0
2021-02-15,AMAN,Makmur Berkah Amanda Tbk.,--U-1135000000H111------------,298.0,0.0,298.0,288.0,298.0,0.0,1041400,307976400,138,270.9,298,2200,288,24500,3873500000,3873500000,3873500000,0,0,0,0,0
2021-02-11,AMAN,Makmur Berkah Amanda Tbk.,--U-1135000000H111------------,302.0,0.0,302.0,298.0,298.0,-4.0,158000,47607000,42,270.9,300,316200,298,39000,3873500000,3873500000,3873500000,0,0,0,0,0
2021-02-10,AMAN,Makmur Berkah Amanda Tbk.,--U-1135000000H111------------,324.0,0.0,324.0,302.0,302.0,-22.0,1027600,326636200,66,274.5,302,318200,0,0,3873500000,3873500000,3873500000,0,0,0,0,0
2021-02-09,AMAN,Makmur Berkah Amanda Tbk.,--U-1135000000H111------------,324.0,0.0,326.0,324.0,324.0,0.0,118000,38234000,19,294.5,326,196700,324,117600,3873500000,3873500000,3873500000,0,0,0,0,0
2021-02-08,AMAN,Makmur Berkah Amanda Tbk.,--U-1135000000H111------------,324.0,0.0,324.0,324.0,324.0,0.0,115400,37389600,14,294.5,326,192000,324,119200,3873500000,3873500000,3873500000,0,0,0,0,0
2021-02-05,AMAN,Makmur Berkah Amanda Tbk.,--U-1135000000H111------------,324.0,0.0,326.0,324.0,324.0,0.0,165800,53793400,22,294.5,326,154900,324,71300,3873500000,3873500000,3873500000,0,0,0,0,0
2021-02-04,AMAN,Makmur Berkah Amanda Tbk.,--U-1135000000H111------------,324.0,0.0,324.0,324.0,324.0,0.0,115900,37551600,16,294.5,326,192100,324,118700,3873500000,3873500000,3873500000,0,0,0,0,0
2021-02-03,AMAN,Makmur Berkah Amanda Tbk.,--U-1135000000H111------------,324.0,0.0,324.0,324.0,324.0,0.0,116000,37584000,20,294.5,326,192000,324,120800,3873500000,3873500000,3873500000,0,0,0,0,0
2021-02-02,AMAN,Makmur Berkah Amanda Tbk.,--U-1135000000H111------------,322.0,0.0,324.0,322.0,324.0,2.0,127200,40979800,24,294.5,324,181300,322,129900,3873500000,3873500000,3873500000,0,0,0,0,0
2021-02-01,AMAN,Makmur Berkah Amanda Tbk.,--U-1135000000H111------------,322.0,0.0,322.0,322.0,322.0,0.0,118200,38060400,16,292.7,324,192000,322,117400,3873500000,3873500000,3873500000,0,0,0,0,0
2021-01-29,AMAN,Makmur Berkah Amanda Tbk.,--U-1130000000H111------------,326.0,0.0,326.0,322.0,322.0,-4.0,304800,98606000,34,292.7,324,1300,322,38200,3873500000,3873500000,3873500000,0,0,0,0,0
2021-01-28,AMAN,Makmur Berkah Amanda Tbk.,--U-1130000000H111------------,324.0,0.0,326.0,324.0,326.0,2.0,129800,42055600,18,296.4,326,191800,324,112700,3873500000,3873500000,3873500000,0,0,0,0,0
2021-01-27,AMAN,Makmur Berkah Amanda Tbk.,--U-1130000000H111------------,324.0,0.0,324.0,324.0,324.0,0.0,128800,41731200,15,294.5,326,192000,324,113400,3873500000,3873500000,3873500000,0,0,0,0,0
2021-01-26,AMAN,Makmur Berkah Amanda Tbk.,--U-1130000000H111------------,324.0,0.0,326.0,324.0,324.0,0.0,136700,44291000,20,294.5,326,191900,324,105400,3873500000,3873500000,3873500000,0,0,0,0,0
2021-01-25,AMAN,Makmur Berkah Amanda Tbk.,--U-1130000000H111------------,324.0,0.0,324.0,324.0,324.0,0.0,157500,51030000,15,294.5,326,128500,324,84900,3873500000,3873500000,3873500000,0,0,0,0,0
2021-01-22,AMAN,Makmur Berkah Amanda Tbk.,--U-113000000061--------------,324.0,0.0,324.0,324.0,324.0,0.0,170200,55144800,14,294.5,326,128500,324,72200,3873500000,3873500000,3873500000,0,0,0,0,0
2021-01-21,AMAN,Makmur Berkah Amanda Tbk.,--U-113000000061--------------,324.0,0.0,324.0,324.0,324.0,0.0,156800,50803200,16,294.5,326,128600,324,85300,3873500000,3873500000,3873500000,0,0,0,0,0
2021-01-20,AMAN,Makmur Berkah Amanda Tbk.,--U-113000000061--------------,324.0,0.0,324.0,324.0,324.0,0.0,171000,55404000,9,294.5,326,137900,324,71600,3873500000,3873500000,3873500000,0,0,0,0,0
2021-01-19,AMAN,Makmur Berkah Amanda Tbk.,--U-113000000061--------------,322.0,0.0,324.0,322.0,324.0,2.0,177900,57327600,20,294.5,324,112100,322,86300,3873500000,3873500000,3873500000,0,0,0,0,0
2021-01-18,AMAN,Makmur Berkah Amanda Tbk.,--U-113000000061--------------,322.0,0.0,322.0,322.0,322.0,0.0,156600,50425200,17,292.7,324,129100,322,87000,3873500000,3873500000,3873500000,0,0,0,0,0
2021-01-15,AMAN,Makmur Berkah Amanda Tbk.,--U-113000000061--------------,322.0,0.0,324.0,322.0,322.0,0.0,175100,56386000,23,292.7,324,127200,322,68800,3873500000,3873500000,3873500000,0,0,0,0,0
2021-01-14,AMAN,Makmur Berkah Amanda Tbk.,--U-113000000061--------------,322.0,0.0,324.0,322.0,322.0,0.0,162900,52462400,21,292.7,324,124200,322,85600,3873500000,3873500000,3873500000,0,0,0,0,0
2021-01-13,AMAN,Makmur Berkah Amanda Tbk.,--U-113000000061--------------,322.0,0.0,322.0,322.0,322.0,0.0,173400,55834800,20,292.7,324,129000,322,51900,3873500000,3873500000,3873500000,0,0,0,0,0
2021-01-12,AMAN,Makmur Berkah Amanda Tbk.,--U-113000000061--------------,322.0,0.0,324.0,322.0,322.0,0.0,181700,58528600,27,292.7,324,117900,322,130100,3873500000,3873500000,3873500000,0,0,0,0,0
2021-01-11,AMAN,Makmur Berkah Amanda Tbk.,--U-113000000061--------------,320.0,0.0,322.0,320.0,322.0,2.0,193300,61884600,27,292.7,322,122100,320,64100,3873500000,3873500000,3873500000,0,0,0,0,0
2021-01-08,AMAN,Makmur Berkah Amanda Tbk.,--U-113000000061--------------,318.0,0.0,320.0,318.0,320.0,2.0,247200,78686000,37,290.9,320,96400,318,38200,3873500000,3873500000,3873500000,0,0,0,0,0
2021-01-07,AMAN,Makmur Berkah Amanda Tbk.,--U-113000000061--------------,316.0,0.0,318.0,316.0,318.0,2.0,177300,56027000,21,289.1,318,128900,316,73200,3873500000,3873500000,3873500000,0,0,0,0,0
2021-01-06,AMAN,Makmur Berkah Amanda Tbk.,--U-113000000061--------------,314.0,0.0,316.0,314.0,316.0,2.0,210400,66076000,19,287.3,316,123900,314,36800,3873500000,3873500000,3873500000,0,0,0,0,0
2021-01-05,AMAN,Makmur Berkah Amanda Tbk.,--U-113000000061--------------,314.0,0.0,314.0,314.0,314.0,0.0,164800,51747200,15,285.5,316,128600,314,84000,3873500000,3873500000,3873500000,0,0,0,0,0
2021-01-04,AMAN,Makmur Berkah Amanda Tbk.,--U-113000000061--------------,312.0,0.0,314.0,312.0,314.0,2.0,251100,78526200,37,285.5,314,43500,312,101200,3873500000,3873500000,3873500000,0,0,0,0,0
2020-12-30,AMAN,Makmur Berkah Amanda Tbk.,--U-113000000061--------------,308.0,0.0,312.0,308.0,312.0,4.0,480800,149113000,45,283.6,314,216000,312,210500,3873500000,3873500000,3873500000,0,0,0,0,0
2020-12-29,AMAN,Makmur Berkah Amanda Tbk.,--U-113000000061--------------,308.0,0.0,308.0,308.0,308.0,0.0,197100,60706800,16,280.0,310,129800,308,45300,3873500000,3873500000,3873500000,0,0,0,0,0
2020-12-28,AMAN,Makmur Berkah Amanda Tbk.,--U-113000000061--------------,308.0,0.0,308.0,306.0,308.0,0.0,258200,79494400,37,280.0,308,40700,306,97800,3873500000,3873500000,3873500000,0,0,0,0,0
2020-12-23,AMAN,Makmur Berkah Amanda Tbk.,--U-113000000061--------------,308.0,0.0,308.0,308.0,308.0,0.0,245000,75460000,35,280.0,308,26600,306,113200,3873500000,3873500000,3873500000,0,0,0,0,0
2020-12-22,AMAN,Makmur Berkah Amanda Tbk.,--U-113000000061--------------,308.0,0.0,310.0,306.0,308.0,0.0,269300,82961800,35,280.0,308,49500,306,105500,3873500000,3873500000,3873500000,0,0,0,0,0
2020-12-21,AMAN,Makmur Berkah Amanda Tbk.,--U-113000000061--------------,308.0,0.0,308.0,308.0,308.0,0.0,261900,80665200,42,280.0,308,73800,306,163200,3873500000,3873500000,3873500000,0,0,0,0,0
2020-12-18,AMAN,Makmur Berkah Amanda Tbk.,--U-113000000061--------------,306.0,0.0,308.0,306.0,308.0,2.0,156500,47890000,9,280.0,308,141100,306,86100,3873500000,3873500000,3873500000,0,0,0,0,0
2020-12-17,AMAN,Makmur Berkah Amanda Tbk.,--U-113000000061--------------,304.0,0.0,306.0,304.0,306.0,2.0,158000,48034000,16,278.2,306,127500,304,88000,3873500000,3873500000,3873500000,0,0,0,0,0
2020-12-16,AMAN,Makmur Berkah Amanda Tbk.,--U-113000000061--------------,302.0,0.0,304.0,302.0,304.0,2.0,17100,5171200,5,276.4,304,253500,302,471900,3873500000,3873500000,3873500000,0,0,0,0,0
2020-12-15,AMAN,Makmur Berkah Amanda Tbk.,--U-113000000061--------------,302.0,0.0,302.0,302.0,302.0,0.0,158300,47806600,15,274.5,304,128500,302,89800,3873500000,3873500000,3873500000,0,0,0,0,0
2020-12-14,AMAN,Makmur Berkah Amanda Tbk.,--U-113000000061--------------,300.0,0.0,302.0,300.0,302.0,2.0,224100,67231000,22,274.5,302,128000,300,19000,3873500000,3873500000,3873500000,0,0,0,0,0
2020-12-11,AMAN,Makmur Berkah Amanda Tbk.,--U-113000000061--------------,302.0,0.0,302.0,300.0,300.0,-2.0,234900,70713600,22,272.7,302,135700,300,7000,3873500000,3873500000,3873500000,0,0,0,0,0
2020-12-10,AMAN,Makmur Berkah Amanda Tbk.,--U-113000000061--------------,302.0,0.0,302.0,302.0,302.0,0.0,276900,83623800,21,274.5,302,66500,300,116300,3873500000,3873500000,3873500000,0,0,0,0,0
2020-12-08,AMAN,Makmur Berkah Amanda Tbk.,--U-113000000061--------------,306.0,0.0,306.0,302.0,302.0,-4.0,282200,85960200,55,274.5,306,133500,302,74000,3873500000,3873500000,3873500000,0,0,0,0,0
2020-12-07,AMAN,Makmur Berkah Amanda Tbk.,--U-113000000061--------------,306.0,0.0,306.0,304.0,306.0,0.0,250600,76682800,15,278.2,306,159600,304,272800,3873500000,3873500000,3873500000,0,0,0,0,0
2020-12-04,AMAN,Makmur Berkah Amanda Tbk.,--U-113000000061--------------,304.0,0.0,306.0,304.0,306.0,2.0,174100,53006600,14,278.2,306,325300,304,232800,3873500000,3873500000,3873500000,0,0,0,0,0
2020-12-03,AMAN,Makmur Berkah Amanda Tbk.,--U-113000000061--------------,306.0,0.0,308.0,304.0,304.0,-2.0,284100,86933200,29,276.4,308,243600,304,107000,3873500000,3873500000,3873500000,0,0,0,0,0
2020-12-02,AMAN,Makmur Berkah Amanda Tbk.,--U-113000000061--------------,308.0,0.0,308.0,306.0,306.0,-2.0,145500,44767200,15,278.2,308,143400,306,153500,3873500000,3873500000,3873500000,0,0,0,0,0
2020-12-01,AMAN,Makmur Berkah Amanda Tbk.,--U-113000000061--------------,306.0,0.0,308.0,302.0,308.0,2.0,442700,135249600,83,280.0,308,247000,306,100,3873500000,3873500000,3873500000,0,0,0,0,0
2020-11-30,AMAN,Makmur Berkah Amanda Tbk.,--U-113000000061--------------,302.0,0.0,306.0,302.0,306.0,4.0,466100,141568200,69,278.2,306,229400,304,33400,3873500000,3873500000,3873500000,0,0,0,0,0
2020-11-27,AMAN,Makmur Berkah Amanda Tbk.,--U-113000000061--------------,300.0,0.0,304.0,298.0,302.0,2.0,561900,168940600,62,274.5,304,184100,302,117800,3873500000,3873500000,3873500000,0,0,0,0,0
2020-11-26,AMAN,Makmur Berkah Amanda Tbk.,--U-113000000061--------------,278.0,0.0,302.0,278.0,300.0,22.0,3883200,1136818000,328,272.7,302,337600,300,127300,3873500000,3873500000,3873500000,0,0,0,0,0
2020-11-25,AMAN,Makmur Berkah Amanda Tbk.,--U-113000000061--------------,276.0,0.0,278.0,276.0,278.0,2.0,110500,30511400,17,252.7,278,220600,276,165100,3873500000,3873500000,3873500000,0,0,0,0,0
2020-11-24,AMAN,Makmur Berkah Amanda Tbk.,--U-113000000061--------------,274.0,0.0,276.0,274.0,276.0,2.0,182600,50051400,16,250.9,276,219000,274,68500,3873500000,3873500000,3873500000,0,0,0,0,0
2020-11-23,AMAN,Makmur Berkah Amanda Tbk.,--U-113000000061--------------,276.0,0.0,276.0,274.0,274.0,-2.0,239200,66016200,18,249.1,276,64300,274,111700,3873500000,3873500000,3873500000,0,0,0,0,0
2020-11-20,AMAN,Makmur Berkah Amanda Tbk.,--U-113000000061--------------,276.0,0.0,276.0,276.0,276.0,0.0,151600,41841600,16,250.9,278,230000,276,80200,3873500000,3873500000,3873500000,0,0,0,0,0
2020-11-19,AMAN,Makmur Berkah Amanda Tbk.,--U-113000000061--------------,276.0,0.0,276.0,276.0,276.0,0.0,119300,32926800,11,250.9,278,226500,276,113000,3873500000,3873500000,3873500000,0,0,0,0,0
2020-11-18,AMAN,Makmur Berkah Amanda Tbk.,--U-113000000061--------------,276.0,0.0,276.0,276.0,276.0,0.0,115200,31795200,14,250.9,278,241500,276,117400,3873500000,3873500000,3873500000,0,0,0,0,0
2020-11-17,AMAN,Makmur Berkah Amanda Tbk.,--U-113000000061--------------,280.0,0.0,280.0,276.0,276.0,-4.0,401900,112089600,44,250.9,278,12500,276,58400,3873500000,3873500000,3873500000,0,0,0,0,0
2020-11-16,AMAN,Makmur Berkah Amanda Tbk.,--U-113000000061--------------,280.0,0.0,280.0,280.0,280.0,0.0,195700,54796000,19,254.5,282,229000,280,42000,3873500000,3873500000,3873500000,0,0,0,0,0
2020-11-13,AMAN,Makmur Berkah Amanda Tbk.,--U-113000000061--------------,282.0,0.0,286.0,280.0,280.0,-2.0,621100,175607600,76,254.5,284,5100,280,31900,3873500000,3873500000,3873500000,0,0,0,0,0
2020-11-12,AMAN,Makmur Berkah Amanda Tbk.,--U-113000000061--------------,278.0,0.0,282.0,278.0,282.0,4.0,435700,121734800,50,256.4,282,168400,280,22000,3873500000,3873500000,3873500000,0,0,0,0,0
2020-11-11,AMAN,Makmur Berkah Amanda Tbk.,--U-113000000061--------------,272.0,0.0,278.0,272.0,278.0,6.0,578300,158586200,51,252.7,278,215700,274,6700,3873500000,3873500000,3873500000,0,0,0,0,0
2020-11-10,AMAN,Makmur Berkah Amanda Tbk.,--U-113000000061--------------,260.0,0.0,272.0,260.0,272.0,12.0,1212300,321729000,97,247.3,272,190500,270,707400,3873500000,3873500000,3873500000,0,0,0,0,0
2020-11-09,AMAN,Makmur Berkah Amanda Tbk.,--U-113000000061--------------,260.0,0.0,260.0,258.0,260.0,0.0,309100,80213000,41,236.4,262,227500,260,294800,3873500000,3873500000,3873500000,0,0,0,0,0
2020-11-06,AMAN,Makmur Berkah Amanda Tbk.,--U-113000000061--------------,264.0,0.0,264.0,260.0,260.0,-4.0,287800,75686600,45,236.4,264,64200,262,2100,3873500000,3873500000,3873500000,0,0,0,0,0
2020-11-05,AMAN,Makmur Berkah Amanda Tbk.,--U-113000000061--------------,262.0,0.0,270.0,244.0,264.0,2.0,2231200,578865800,249,240.0,264,54700,262,49300,3873500000,3873500000,3873500000,0,0,0,0,0
2020-11-04,AMAN,Makmur Berkah Amanda Tbk.,--U-113000000061--------------,280.0,0.0,284.0,262.0,262.0,-18.0,1427700,393748000,216,238.2,262,399500,0,0,3873500000,3873500000,3873500000,0,0,0,0,0
2020-11-03,AMAN,Makmur Berkah Amanda Tbk.,--U-113000000061--------------,268.0,0.0,280.0,268.0,280.0,12.0,1652700,452500800,276,254.5,280,81700,278,23900,3873500000,3873500000,3873500000,0,0,0,0,0
2020-11-02,AMAN,Makmur Berkah Amanda Tbk.,--U-113000000061--------------,258.0,0.0,268.0,258.0,268.0,10.0,1156100,304609800,220,243.6,268,73500,266,50500,3873500000,3873500000,3873500000,0,0,0,0,0
2020-10-27,AMAN,Makmur Berkah Amanda Tbk.,--U-113000000061--------------,252.0,0.0,258.0,252.0,258.0,6.0,733300,186855600,130,234.5,258,100000,256,41800,3873500000,715000000,3873500000,0,0,0,0,0
2020-10-26,AMAN,Makmur Berkah Amanda Tbk.,--U-113000000061--------------,250.0,0.0,252.0,250.0,252.0,2.0,293400,73688200,62,229.1,254,172600,252,1700,3873500000,715000000,3873500000,0,0,0,0,0
2020-10-23,AMAN,Makmur Berkah Amanda Tbk.,--U-113000000061--------------,252.0,0.0,252.0,250.0,250.0,-2.0,118600,29840400,26,227.3,252,128600,250,90000,3873500000,715000000,3873500000,0,0,100,25000,1
2020-10-22,AMAN,Makmur Berkah Amanda Tbk.,--U-113000000061--------------,258.0,0.0,258.0,252.0,252.0,-6.0,430300,109702200,69,229.1,254,129700,252,9200,3873500000,715000000,3873500000,0,0,0,0,0
2020-10-21,AMAN,Makmur Berkah Amanda Tbk.,--U-113000000061--------------,276.0,0.0,276.0,258.0,258.0,-18.0,1041500,277697600,112,234.5,258,803000,0,0,3873500000,715000000,3873500000,0,0,0,0,0
2020-10-20,AMAN,Makmur Berkah Amanda Tbk.,--U-113000000061--------------,296.0,0.0,296.0,276.0,276.0,-20.0,944500,271562200,165,250.9,276,1118000,0,0,3873500000,715000000,3873500000,0,0,0,0,0
2020-10-19,AMAN,Makmur Berkah Amanda Tbk.,--U-113000000061--------------,318.0,0.0,318.0,296.0,296.0,-22.0,909200,281347600,124,269.1,296,354900,0,0,3873500000,715000000,3873500000,0,0,0,0,0
2020-10-16,AMAN,Makmur Berkah Amanda Tbk.,--U-113000000061--------------,340.0,0.0,348.0,318.0,318.0,-22.0,3083200,1029785200,447,289.1,318,447800,0,0,3873500000,715000000,3873500000,0,0,0,0,0
2020-10-15,AMAN,Makmur Berkah Amanda Tbk.,--U-113000000061--------------,328.0,0.0,340.0,328.0,340.0,12.0,1495900,501297800,213,309.1,342,101000,340,15400,3873500000,715000000,3873500000,0,0,0,0,0
2020-10-14,AMAN,Makmur Berkah Amanda Tbk.,--U-113000000061--------------,322.0,0.0,328.0,322.0,328.0,6.0,637700,207785200,123,298.2,330,193000,326,5400,3873500000,715000000,3873500000,0,0,0,0,0
2020-10-13,AMAN,Makmur Berkah Amanda Tbk.,--U-113000000061--------------,316.0,0.0,322.0,316.0,322.0,6.0,855800,271829800,111,292.7,322,145500,320,212200,3873500000,715000000,3873500000,0,0,0,0,0
2020-10-12,AMAN,Makmur Berkah Amanda Tbk.,--U-113000000061--------------,310.0,0.0,316.0,310.0,316.0,6.0,735500,230265400,98,287.3,318,188000,316,29000,3873500000,715000000,3873500000,0,0,0,0,0
2020-10-09,AMAN,Makmur Berkah Amanda Tbk.,--U-113000000061--------------,306.0,0.0,310.0,306.0,310.0,4.0,502700,154868600,83,281.8,312,177500,310,1000,3873500000,715000000,3873500000,0,0,0,0,0
2020-10-08,AMAN,Makmur Berkah Amanda Tbk.,--U-113000000061--------------,298.0,0.0,306.0,298.0,306.0,8.0,876800,263617000,55,278.2,306,169000,304,3200,3873500000,715000000,3873500000,0,0,0,0,0
2020-10-07,AMAN,Makmur Berkah Amanda Tbk.,--U-113000000061--------------,294.0,0.0,298.0,294.0,298.0,4.0,414500,122479400,48,270.9,298,136000,296,12700,3873500000,715000000,3873500000,0,0,0,0,0
2020-10-06,AMAN,Makmur Berkah Amanda Tbk.,--U-113000000061--------------,290.0,0.0,294.0,290.0,294.0,4.0,711600,207394800,44,267.3,296,177500,294,49700,3873500000,715000000,3873500000,0,0,0,0,0
2020-10-05,AMAN,Makmur Berkah Amanda Tbk.,--U-113000000061--------------,286.0,0.0,290.0,286.0,290.0,4.0,420400,120611600,33,263.6,290,163200,288,2000,3873500000,715000000,3873500000,0,0,0,0,0
2020-10-02,AMAN,Makmur Berkah Amanda Tbk.,--U-113000000061--------------,282.0,0.0,286.0,282.0,286.0,4.0,324700,91922600,36,260.0,286,186800,284,400,3873500000,715000000,3873500000,0,0,0,0,0
2020-10-01,AMAN,Makmur Berkah Amanda Tbk.,--U-113000000061--------------,280.0,0.0,282.0,280.0,282.0,2.0,280600,78796200,30,256.4,282,38600,280,180100,3873500000,715000000,3873500000,0,0,0,0,0
2020-09-30,AMAN,Makmur Berkah Amanda Tbk.,--U-113000000061--------------,278.0,0.0,280.0,278.0,280.0,2.0,268500,74683600,20,254.5,280,134300,278,449400,3873500000,715000000,3873500000,0,0,0,0,0
2020-09-29,AMAN,Makmur Berkah Amanda Tbk.,--U-113000000061--------------,276.0,0.0,278.0,276.0,278.0,2.0,284200,78579400,21,252.7,278,82500,276,138300,3873500000,715000000,3873500000,0,0,0,0,0
2020-09-28,AMAN,Makmur Berkah Amanda Tbk.,--U-113000000061--------------,274.0,0.0,276.0,274.0,276.0,2.0,246100,67586200,19,250.9,276,151600,274,200000,3873500000,715000000,3873500000,0,0,0,0,0
2020-09-25,AMAN,Makmur Berkah Amanda Tbk.,--U-113000000061--------------,272.0,0.0,274.0,272.0,274.0,2.0,189300,51515600,17,249.1,274,142200,272,525600,3873500000,715000000,3873500000,0,0,0,0,0
2020-09-24,AMAN,Makmur Berkah Amanda Tbk.,--U-113000000061--------------,270.0,0.0,272.0,270.0,272.0,2.0,169500,45766000,15,247.3,272,152200,270,178800,3873500000,715000000,3873500000,0,0,0,0,0
2020-09-23,AMAN,Makmur Berkah Amanda Tbk.,--U-113000000061--------------,270.0,0.0,272.0,270.0,270.0,0.0,186500,50373000,16,245.5,272,143800,270,172400,3873500000,715000000,3873500000,0,0,0,0,0
2020-09-22,AMAN,Makmur Berkah Amanda Tbk.,--U-113000000061--------------,268.0,0.0,270.0,268.0,270.0,2.0,180100,48294000,24,245.5,270,139300,268,182300,3873500000,715000000,3873500000,0,0,0,0,0
2020-09-21,AMAN,Makmur Berkah Amanda Tbk.,--U-113000000061--------------,266.0,0.0,268.0,266.0,268.0,2.0,236100,62841800,18,243.6,268,133100,266,129900,3873500000,715000000,3873500000,0,0,0,0,0
2020-09-18,AMAN,Makmur Berkah Amanda Tbk.,--U-113000000061--------------,264.0,0.0,266.0,264.0,266.0,2.0,196500,51917200,15,241.8,266,182000,264,170500,3873500000,715000000,3873500000,0,0,0,0,0
2020-09-17,AMAN,Makmur Berkah Amanda Tbk.,--U-113000000061--------------,264.0,0.0,264.0,264.0,264.0,0.0,227800,60139200,16,240.0,266,211500,264,118700,3873500000,715000000,3873500000,0,0,0,0,0
2020-09-16,AMAN,Makmur Berkah Amanda Tbk.,--U-113000000061--------------,262.0,0.0,264.0,262.0,264.0,2.0,367900,96791800,27,240.0,266,192600,264,353600,3873500000,715000000,3873500000,0,0,0,0,0
2020-09-15,AMAN,Makmur Berkah Amanda Tbk.,--U-113000000061--------------,260.0,0.0,262.0,260.0,262.0,2.0,261500,68170000,21,238.2,262,65200,260,176900,3873500000,715000000,3873500000,0,0,0,0,0
2020-09-14,AMAN,Makmur Berkah Amanda Tbk.,--U-113000000061--------------,258.0,0.0,260.0,258.0,260.0,2.0,169300,43683000,18,236.4,260,152900,258,264200,3873500000,715000000,3873500000,0,0,0,0,0
2020-09-11,AMAN,Makmur Berkah Amanda Tbk.,--U-113000000061--------------,258.0,0.0,262.0,258.0,258.0,0.0,238500,61721200,24,234.5,260,102000,258,263800,3873500000,715000000,3873500000,0,0,0,0,0
2020-09-10,AMAN,Makmur Berkah Amanda Tbk.,--U-113000000061--------------,264.0,0.0,264.0,258.0,258.0,-6.0,673700,176719200,53,234.5,260,1900,258,129100,3873500000,715000000,3873500000,0,0,0,0,0
2020-09-09,AMAN,Makmur Berkah Amanda Tbk.,--U-113000000061--------------,262.0,0.0,264.0,262.0,264.0,2.0,201900,52966600,18,240.0,264,118200,262,179900,3873500000,715000000,3873500000,0,0,0,0,0
2020-09-08,AMAN,Makmur Berkah Amanda Tbk.,--U-113000000061--------------,262.0,0.0,264.0,262.0,262.0,0.0,379800,99769600,33,238.2,264,21900,262,122200,3873500000,715000000,3873500000,0,0,0,0,0
2020-09-07,AMAN,Makmur Berkah Amanda Tbk.,--U-113000000061--------------,260.0,0.0,262.0,260.0,262.0,2.0,367800,95861400,32,238.2,262,100100,260,234200,3873500000,715000000,3873500000,0,0,0,0,0
2020-09-04,AMAN,Makmur Berkah Amanda Tbk.,--U-113000000061--------------,250.0,0.0,260.0,250.0,260.0,10.0,1424500,364298600,93,236.4,262,177500,260,174800,3873500000,715000000,3873500000,0,0,0,0,0
2020-09-03,AMAN,Makmur Berkah Amanda Tbk.,--U-113000000061--------------,248.0,0.0,250.0,248.0,250.0,2.0,161700,40101800,11,227.3,250,167400,248,237400,3873500000,715000000,3873500000,0,0,0,0,0
2020-09-02,AMAN,Makmur Berkah Amanda Tbk.,--U-113000000061--------------,246.0,0.0,248.0,246.0,248.0,2.0,177300,43665200,17,225.5,248,163400,246,246900,3873500000,715000000,3873500000,0,0,0,0,0
2020-09-01,AMAN,Makmur Berkah Amanda Tbk.,--U-113000000061--------------,246.0,0.0,246.0,246.0,246.0,0.0,393200,96727200,21,223.6,248,168600,246,5800,3873500000,715000000,3873500000,0,0,0,0,0
2020-08-31,AMAN,Makmur Berkah Amanda Tbk.,--U-113000000061--------------,246.0,0.0,248.0,246.0,246.0,0.0,173800,42755000,17,223.6,248,160100,246,137300,3873500000,715000000,3873500000,0,0,0,0,0
2020-08-28,AMAN,Makmur Berkah Amanda Tbk.,--U-113000000061--------------,246.0,0.0,248.0,246.0,246.0,0.0,200200,49281400,18,223.6,248,151400,246,245500,3873500000,715000000,3873500000,0,0,0,0,0
2020-08-27,AMAN,Makmur Berkah Amanda Tbk.,--U-113000000061--------------,246.0,0.0,246.0,246.0,246.0,0.0,209800,51610800,15,223.6,248,167000,246,197200,3873500000,715000000,3873500000,1000,0,0,0,0
2020-08-26,AMAN,Makmur Berkah Amanda Tbk.,--U-113000000061--------------,244.0,0.0,246.0,244.0,246.0,2.0,572900,140525800,44,223.6,248,268400,246,161400,3873500000,715000000,3873500000,0,0,0,0,0
2020-08-25,AMAN,Makmur Berkah Amanda Tbk.,--U-113000000061--------------,246.0,0.0,246.0,244.0,244.0,-2.0,440200,108214800,28,221.8,248,210900,244,207800,3873500000,715000000,3873500000,0,0,0,0,0
2020-08-24,AMAN,Makmur Berkah Amanda Tbk.,--U-113000000061--------------,236.0,0.0,246.0,236.0,246.0,10.0,1477600,355685600,82,223.6,246,218500,238,146200,3873500000,715000000,3873500000,0,0,0,0,0
2020-08-19,AMAN,Makmur Berkah Amanda Tbk.,--U-113000000061--------------,244.0,0.0,248.0,232.0,236.0,-8.0,1991700,477769400,133,214.5,240,256700,236,40100,3873500000,715000000,3873500000,0,0,0,0,0
2020-08-18,AMAN,Makmur Berkah Amanda Tbk.,--U-113000000061--------------,216.0,0.0,244.0,224.0,244.0,28.0,3417500,803440800,382,221.8,246,249100,244,56500,3873500000,715000000,3873500000,0,0,0,0,0
2020-08-14,AMAN,Makmur Berkah Amanda Tbk.,--U-113000000061--------------,196.0,0.0,250.0,196.0,216.0,20.0,1552500,316482600,84,196.4,216,79500,214,138700,3873500000,715000000,3873500000,0,0,0,0,0
2020-08-13,AMAN,Makmur Berkah Amanda Tbk.,--U-113000000061--------------,196.0,0.0,196.0,196.0,196.0,0.0,229500,44982000,7,178.2,197,124000,196,183000,3873500000,715000000,3873500000,0,0,0,0,0
2020-08-12,AMAN,Makmur Berkah Amanda Tbk.,--U-113000000061--------------,196.0,0.0,197.0,196.0,196.0,0.0,236800,46413000,10,178.2,197,123800,196,175900,3873500000,715000000,3873500000,0,0,0,0,0
2020-08-11,AMAN,Makmur Berkah Amanda Tbk.,--U-113000000061--------------,196.0,0.0,196.0,196.0,196.0,0.0,215800,42296800,7,178.2,197,124000,196,122200,3873500000,715000000,3873500000,0,0,0,0,0
2020-08-10,AMAN,Makmur Berkah Amanda Tbk.,--U-113000000061--------------,196.0,0.0,197.0,196.0,196.0,0.0,241700,47374300,12,178.2,197,122900,196,99500,3873500000,715000000,3873500000,0,0,0,0,0
2020-08-07,AMAN,Makmur Berkah Amanda Tbk.,--U-113000000061--------------,195.0,0.0,196.0,195.0,196.0,1.0,235400,45922800,12,178.2,196,106200,195,124500,3873500000,715000000,3873500000,0,0,0,0,0
2020-08-06,AMAN,Makmur Berkah Amanda Tbk.,--U-113000000061--------------,195.0,0.0,195.0,195.0,195.0,0.0,225600,43992000,8,177.3,196,124000,195,112400,3873500000,715000000,3873500000,0,0,0,0,0
2020-08-05,AMAN,Makmur Berkah Amanda Tbk.,--U-113000000061--------------,195.0,0.0,195.0,195.0,195.0,0.0,225800,44031000,8,177.3,196,124000,195,112400,3873500000,715000000,3873500000,0,0,0,0,0
2020-08-04,AMAN,Makmur Berkah Amanda Tbk.,--U-113000000061--------------,195.0,0.0,195.0,195.0,195.0,0.0,253100,49354500,8,177.3,196,124000,195,84900,3873500000,715000000,3873500000,0,0,0,0,0
2020-08-03,AMAN,Makmur Berkah Amanda Tbk.,--U-113000000061--------------,196.0,0.0,196.0,195.0,195.0,-1.0,256600,50266600,8,177.3,196,154200,195,107100,3873500000,715000000,3873500000,0,0,0,0,0
2020-07-30,AMAN,Makmur Berkah Amanda Tbk.,--U-113000000061--------------,195.0,0.0,196.0,195.0,196.0,1.0,208600,40679100,8,178.2,196,122900,195,122100,3873500000,715000000,3873500000,0,0,0,0,0
2020-07-29,AMAN,Makmur Berkah Amanda Tbk.,--U-113000000061--------------,196.0,0.0,196.0,195.0,195.0,-1.0,174400,34165200,7,177.3,196,193600,195,117800,3873500000,715000000,3873500000,0,0,264100,51763600,1
2020-07-28,AMAN,Makmur Berkah Amanda Tbk.,--U-113000000061--------------,196.0,0.0,196.0,195.0,196.0,0.0,230800,45236700,8,178.2,196,120100,195,133900,3873500000,715000000,3873500000,0,0,0,0,0
2020-07-27,AMAN,Makmur Berkah Amanda Tbk.,--U-113000000061--------------,196.0,0.0,196.0,196.0,196.0,0.0,230300,45138800,7,178.2,196,145600,195,134000,3873500000,715000000,3873500000,0,0,0,0,0
2020-07-24,AMAN,Makmur Berkah Amanda Tbk.,--U-113000000061--------------,195.0,0.0,196.0,195.0,196.0,1.0,221600,43212600,6,178.2,196,123400,195,107700,3873500000,715000000,3873500000,0,0,0,0,0
2020-07-23,AMAN,Makmur Berkah Amanda Tbk.,--U-113000000061--------------,195.0,0.0,195.0,195.0,195.0,0.0,215500,42022500,1,177.3,196,214000,195,113100,3873500000,715000000,3873500000,0,0,0,0,0
2020-07-22,AMAN,Makmur Berkah Amanda Tbk.,--U-113000000061--------------,195.0,0.0,195.0,195.0,195.0,0.0,215500,42022500,1,177.3,196,124000,195,113200,3873500000,715000000,3873500000,0,0,0,0,0
2020-07-21,AMAN,Makmur Berkah Amanda Tbk.,--U-113000000061--------------,196.0,0.0,196.0,195.0,195.0,-1.0,230800,45224400,8,177.3,196,143000,195,121900,3873500000,715000000,3873500000,0,0,0,0,0
2020-07-20,AMAN,Makmur Berkah Amanda Tbk.,--U-113000000061--------------,195.0,0.0,196.0,195.0,196.0,1.0,280600,54717200,12,178.2,196,138700,195,95100,3873500000,715000000,3873500000,0,0,0,0,0
2020-07-17,AMAN,Makmur Berkah Amanda Tbk.,--U-113000000061--------------,195.0,0.0,196.0,195.0,195.0,0.0,312700,60976600,14,177.3,196,138800,195,63100,3873500000,715000000,3873500000,0,0,0,0,0
2020-07-16,AMAN,Makmur Berkah Amanda Tbk.,--U-113000000061--------------,195.0,0.0,195.0,195.0,195.0,0.0,269400,52533000,10,177.3,196,138900,195,106200,3873500000,715000000,3873500000,0,0,0,0,0
2020-07-15,AMAN,Makmur Berkah Amanda Tbk.,--U-113000000061--------------,195.0,0.0,195.0,195.0,195.0,0.0,287400,56043000,11,177.3,196,138900,195,88200,3873500000,715000000,3873500000,0,0,0,0,0
2020-07-14,AMAN,Makmur Berkah Amanda Tbk.,--U-113000000061--------------,196.0,0.0,196.0,195.0,195.0,-1.0,254700,49921100,10,177.3,196,113800,195,123900,3873500000,715000000,3873500000,0,0,0,0,0
2020-07-13,AMAN,Makmur Berkah Amanda Tbk.,--U-113000000061--------------,196.0,0.0,196.0,196.0,196.0,0.0,267300,52390800,17,178.2,196,104500,195,124000,3873500000,715000000,3873500000,0,0,0,0,0
2020-07-10,AMAN,Makmur Berkah Amanda Tbk.,--U-113000000061--------------,195.0,0.0,196.0,195.0,196.0,1.0,236700,46157700,14,178.2,196,137700,195,117100,3873500000,715000000,3873500000,0,0,0,0,0
2020-07-09,AMAN,Makmur Berkah Amanda Tbk.,--U-113000000061--------------,196.0,0.0,196.0,195.0,195.0,-1.0,297700,58291500,10,177.3,196,123000,195,66400,3873500000,715000000,3873500000,0,0,0,0,0
2020-07-08,AMAN,Makmur Berkah Amanda Tbk.,--U-113000000061--------------,196.0,0.0,196.0,195.0,196.0,0.0,298400,58471400,14,178.2,196,93200,195,114000,3873500000,715000000,3873500000,0,0,0,0,0
2020-07-07,AMAN,Makmur Berkah Amanda Tbk.,--U-113000000061--------------,196.0,0.0,196.0,195.0,196.0,0.0,249100,48813600,17,178.2,196,123900,195,114000,3873500000,715000000,3873500000,0,0,0,0,0
2020-07-06,AMAN,Makmur Berkah Amanda Tbk.,--U-113000000061--------------,196.0,0.0,196.0,196.0,196.0,0.0,238500,46746000,6,178.2,196,124500,195,124000,3873500000,715000000,3873500000,0,0,0,0,0
2020-07-03,AMAN,Makmur Berkah Amanda Tbk.,--U6---1,196.0,0.0,196.0,196.0,196.0,0.0,199200,39043200,8,178.2,196,115600,195,124100,3873500000,715000000,3873500000,0,0,0,0,0
2020-07-02,AMAN,Makmur Berkah Amanda Tbk.,--U6---1,197.0,0.0,197.0,196.0,196.0,-1.0,325000,63898900,17,178.2,197,113700,196,3000,3873500000,715000000,3873500000,0,0,0,0,0
2020-07-01,AMAN,Makmur Berkah Amanda Tbk.,--U6---1,196.0,0.0,197.0,196.0,197.0,1.0,191000,37438000,10,179.1,197,247900,196,119700,3873500000,715000000,3873500000,0,0,0,0,0
2020-06-30,AMAN,Makmur Berkah Amanda Tbk.,--U6---1,197.0,0.0,197.0,196.0,196.0,-1.0,407700,80217500,14,178.2,197,500,196,25000,3873500000,715000000,3873500000,0,0,0,0,0
2020-06-29,AMAN,Makmur Berkah Amanda Tbk.,--U6---1,197.0,0.0,197.0,197.0,197.0,0.0,234500,46196500,7,179.1,198,101500,197,112500,3873500000,715000000,3873500000,0,0,0,0,0
2020-06-26,AMAN,Makmur Berkah Amanda Tbk.,--U6---1,197.0,0.0,197.0,197.0,197.0,0.0,228800,45073600,12,179.1,198,126800,197,118000,3873500000,715000000,3873500000,0,0,0,0,0
2020-06-25,AMAN,Makmur Berkah Amanda Tbk.,--U6---1,198.0,0.0,198.0,197.0,197.0,-1.0,356800,70536400,7,179.1,198,129600,197,29000,3873500000,715000000,3873500000,0,0,0,0,0
2020-06-24,AMAN,Makmur Berkah Amanda Tbk.,--U6---1,198.0,0.0,198.0,198.0,198.0,0.0,247900,49084200,12,180.0,198,128500,197,139000,3873500000,715000000,3873500000,0,0,0,0,0
2020-06-23,AMAN,Makmur Berkah Amanda Tbk.,--U6---1,198.0,0.0,198.0,197.0,198.0,0.0,247000,48905900,11,180.0,198,129700,197,138900,3873500000,715000000,3873500000,0,0,0,0,0
2020-06-22,AMAN,Makmur Berkah Amanda Tbk.,--U6---1,199.0,0.0,199.0,198.0,198.0,-1.0,249500,49647800,12,180.0,199,129600,198,136400,3873500000,715000000,3873500000,0,0,0,0,0
2020-06-19,AMAN,Makmur Berkah Amanda Tbk.,--U6---1,200.0,0.0,200.0,199.0,199.0,-1.0,324800,64886900,15,180.9,200,125000,199,65900,3873500000,715000000,3873500000,0,0,0,0,0
2020-06-18,AMAN,Makmur Berkah Amanda Tbk.,--U6---1,200.0,0.0,200.0,199.0,200.0,0.0,271600,54300100,15,181.8,200,125100,199,119100,3873500000,715000000,3873500000,0,0,0,0,0
2020-06-17,AMAN,Makmur Berkah Amanda Tbk.,--U6---1,200.0,0.0,200.0,199.0,200.0,0.0,251800,50359800,10,181.8,200,143400,199,138800,3873500000,715000000,3873500000,0,0,0,0,0
2020-06-16,AMAN,Makmur Berkah Amanda Tbk.,--U6---1,199.0,0.0,200.0,199.0,200.0,1.0,257800,51325400,15,181.8,200,104800,199,134200,3873500000,715000000,3873500000,0,0,0,0,0
2020-06-15,AMAN,Makmur Berkah Amanda Tbk.,--U6---1,199.0,0.0,199.0,199.0,199.0,0.0,308000,61292000,19,180.9,200,126800,199,40900,3873500000,715000000,3873500000,0,0,0,0,0
2020-06-12,AMAN,Makmur Berkah Amanda Tbk.,--U6---1,199.0,0.0,199.0,198.0,199.0,0.0,529800,105427900,28,180.9,200,132400,199,111500,3873500000,715000000,3873500000,0,0,0,0,0
2020-06-11,AMAN,Makmur Berkah Amanda Tbk.,--U6---1,199.0,0.0,200.0,199.0,199.0,0.0,288700,57456400,30,180.9,200,127300,199,56000,3873500000,715000000,3873500000,0,0,0,0,0
2020-06-10,AMAN,Makmur Berkah Amanda Tbk.,--U6---1,200.0,0.0,200.0,198.0,199.0,-1.0,228500,45677500,13,180.9,200,136700,199,500,3873500000,715000000,3873500000,0,0,0,0,0
2020-06-09,AMAN,Makmur Berkah Amanda Tbk.,--U6---1,202.0,0.0,202.0,199.0,200.0,-2.0,347800,69991800,28,181.8,200,87200,198,139000,3873500000,715000000,3873500000,0,0,0,0,0
2020-06-08,AMAN,Makmur Berkah Amanda Tbk.,--U6---1,206.0,0.0,206.0,198.0,202.0,-4.0,1289800,260830400,140,183.6,202,17200,200,115000,3873500000,715000000,3873500000,0,0,0,0,0
2020-06-05,AMAN,Makmur Berkah Amanda Tbk.,--U6---1,187.0,0.0,210.0,185.0,206.0,19.0,3641600,738182800,194,187.3,208,103900,206,17400,3873500000,715000000,3873500000,0,0,0,0,0
2020-06-04,AMAN,Makmur Berkah Amanda Tbk.,--U6---1,186.0,0.0,194.0,181.0,187.0,1.0,36100,6732600,39,170.0,187,19300,179,100,3873500000,715000000,3873500000,0,0,0,0,0
2020-06-03,AMAN,Makmur Berkah Amanda Tbk.,--U6---1,194.0,0.0,198.0,181.0,186.0,-8.0,126300,23452700,47,169.1,186,35400,184,500,3873500000,715000000,3873500000,0,0,0,0,0
2020-06-02,AMAN,Makmur Berkah Amanda Tbk.,--U6---1,190.0,0.0,200.0,190.0,194.0,4.0,7000,1349700,15,176.4,194,26100,177,1100,3873500000,715000000,3873500000,0,0,0,0,0
2020-05-29,AMAN,Makmur Berkah Amanda Tbk.,--U6---1,204.0,0.0,206.0,190.0,190.0,-14.0,542200,104077600,247,172.7,190,42300,0,0,3873500000,715000000,3873500000,0,0,0,0,0
2020-05-28,AMAN,Makmur Berkah Amanda Tbk.,--U6---1,208.0,0.0,208.0,194.0,204.0,-4.0,50700,9962600,14,185.5,200,10600,0,0,3873500000,715000000,3873500000,0,0,0,0,0
2020-05-27,AMAN,Makmur Berkah Amanda Tbk.,--U6---1,202.0,0.0,210.0,202.0,208.0,6.0,17300,3511600,9,189.1,206,108100,188,5000,3873500000,715000000,3873500000,0,0,0,0,0
2020-05-26,AMAN,Makmur Berkah Amanda Tbk.,--U6---1,200.0,0.0,202.0,200.0,202.0,2.0,200,40200,2,183.6,200,5000,195,100,3873500000,715000000,3873500000,0,0,0,0,0
2020-05-20,AMAN,Makmur Berkah Amanda Tbk.,--U6---1,200.0,0.0,200.0,186.0,200.0,0.0,500,98600,5,181.8,200,46000,190,100,3873500000,715000000,3873500000,0,0,0,0,0
2020-05-19,AMAN,Makmur Berkah Amanda Tbk.,--U6---1,202.0,0.0,202.0,200.0,200.0,-2.0,200,40200,2,181.8,200,70000,188,7000,3873500000,715000000,3873500000,0,0,0,0,0
2020-05-18,AMAN,Makmur Berkah Amanda Tbk.,--U6---1,200.0,0.0,202.0,197.0,202.0,2.0,4800,956100,6,183.6,202,47600,200,1500,3873500000,715000000,3873500000,0,0,0,0,0
2020-05-15,AMAN,Makmur Berkah Amanda Tbk.,--U6---1,190.0,0.0,204.0,190.0,200.0,10.0,25400,4870400,11,181.8,198,25000,178,100,3873500000,715000000,3873500000,0,0,0,0,0
2020-05-14,AMAN,Makmur Berkah Amanda Tbk.,--U6---1,204.0,0.0,208.0,190.0,190.0,-14.0,61500,12133400,34,172.7,202,88800,0,0,3873500000,715000000,3873500000,0,0,0,0,0
2020-05-13,AMAN,Makmur Berkah Amanda Tbk.,--U6---1,208.0,0.0,206.0,194.0,204.0,-4.0,932800,181057800,20,185.5,204,149600,194,5000,3873500000,715000000,3873500000,0,0,0,0,0
2020-05-12,AMAN,Makmur Berkah Amanda Tbk.,--U6---1,200.0,0.0,208.0,186.0,208.0,8.0,1936500,389422100,33,189.1,202,29700,190,1100,3873500000,715000000,3873500000,0,0,0,0,0
2020-05-11,AMAN,Makmur Berkah Amanda Tbk.,--U6---1,200.0,0.0,220.0,190.0,200.0,0.0,90200,18292800,25,181.8,200,12400,188,5300,3873500000,715000000,3873500000,0,0,0,0,0
2020-05-08,AMAN,Makmur Berkah Amanda Tbk.,--U6---1,191.0,0.0,206.0,178.0,200.0,9.0,118900,22883400,41,181.8,200,50000,196,200,3873500000,715000000,3873500000,0,0,0,0,0
2020-05-06,AMAN,Makmur Berkah Amanda Tbk.,--U6---1,200.0,0.0,200.0,186.0,191.0,-9.0,27100,5099200,12,173.6,188,2400,0,0,3873500000,715000000,3873500000,0,0,300000,33000000,1
2020-05-05,AMAN,Makmur Berkah Amanda Tbk.,--U6---1,196.0,0.0,204.0,184.0,200.0,4.0,464700,85655400,17,181.8,199,2500,0,0,3873500000,715000000,3873500000,0,0,0,0,0
2020-05-04,AMAN,Makmur Berkah Amanda Tbk.,--U6---1,197.0,0.0,197.0,196.0,196.0,-1.0,151100,29615700,3,178.2,196,61100,194,7500,3873500000,715000000,3873500000,0,0,0,0,0
2020-04-30,AMAN,Makmur Berkah Amanda Tbk.,--U6---1,197.0,0.0,198.0,184.0,197.0,0.0,323500,63401800,15,179.1,197,531200,184,6000,3873500000,715000000,3873500000,0,0,0,0,0
2020-04-29,AMAN,Makmur Berkah Amanda Tbk.,--U6---1,198.0,0.0,197.0,197.0,197.0,-1.0,1600,315200,1,179.1,198,13200,186,8000,3873500000,715000000,3873500000,0,0,0,0,0
2020-04-28,AMAN,Makmur Berkah Amanda Tbk.,--U6---1,194.0,0.0,200.0,181.0,198.0,4.0,41700,7775600,31,180.0,198,22600,197,1500,3873500000,715000000,3873500000,0,0,0,0,0
2020-04-27,AMAN,Makmur Berkah Amanda Tbk.,--U6---1,189.0,0.0,198.0,176.0,194.0,5.0,664000,129096800,40,176.4,194,5200,177,3000,3873500000,715000000,3873500000,0,0,0,0,0
2020-04-24,AMAN,Makmur Berkah Amanda Tbk.,--U6---1,177.0,0.0,202.0,165.0,189.0,12.0,252600,44801400,74,171.8,189,3900,165,8500,3873500000,715000000,3873500000,0,0,0,0,0
2020-04-23,AMAN,Makmur Berkah Amanda Tbk.,--U6---1,190.0,0.0,189.0,177.0,177.0,-13.0,795200,140764800,54,160.9,177,694700,0,0,3873500000,715000000,3873500000,0,0,0,0,0
2020-04-22,AMAN,Makmur Berkah Amanda Tbk.,--U6---1,204.0,0.0,214.0,190.0,190.0,-14.0,957100,189783600,116,172.7,190,715000,0,0,3873500000,715000000,3873500000,0,0,0,0,0
2020-04-21,AMAN,Makmur Berkah Amanda Tbk.,--U6---1,206.0,0.0,214.0,192.0,204.0,-2.0,171100,33887100,79,185.5,202,22100,200,500,3873500000,715000000,3873500000,0,0,0,0,0
2020-04-20,AMAN,Makmur Berkah Amanda Tbk.,--U6---1,208.0,0.0,208.0,194.0,206.0,-2.0,326100,65451700,60,187.3,206,552000,194,2000,3873500000,715000000,3873500000,0,0,0,0,0
2020-04-17,AMAN,Makmur Berkah Amanda Tbk.,--U6---1,216.0,0.0,230.0,202.0,208.0,-8.0,62000,12915600,51,189.1,208,17500,204,300,3873500000,715000000,3873500000,0,0,0,0,0
2020-04-16,AMAN,Makmur Berkah Amanda Tbk.,--U6---1,212.0,0.0,222.0,198.0,216.0,4.0,132500,27352400,44,196.4,206,37600,200,4000,3873500000,715000000,3873500000,0,1000,0,0,0
2020-04-15,AMAN,Makmur Berkah Amanda Tbk.,--U6---1,210.0,0.0,220.0,208.0,212.0,2.0,73300,15662600,50,192.7,212,631500,208,200,3873500000,715000000,3873500000,0,0,0,0,0
2020-04-14,AMAN,Makmur Berkah Amanda Tbk.,--U6---1,224.0,0.0,224.0,210.0,210.0,-14.0,259000,56190800,68,190.9,210,57700,0,0,3873500000,715000000,3873500000,0,0,0,0,0
2020-04-13,AMAN,Makmur Berkah Amanda Tbk.,--U6---1,212.0,0.0,232.0,198.0,224.0,12.0,172300,36744000,54,203.6,224,36600,206,6000,3873500000,715000000,3873500000,0,0,0,0,0
2020-04-09,AMAN,Makmur Berkah Amanda Tbk.,--U6---1,214.0,0.0,220.0,204.0,212.0,-2.0,46300,9710600,30,192.7,212,44400,204,4300,3873500000,715000000,3873500000,0,0,0,0,0
2020-04-08,AMAN,Makmur Berkah Amanda Tbk.,--U6---1,212.0,0.0,232.0,208.0,214.0,2.0,134400,29081600,45,194.5,214,44000,206,10000,3873500000,715000000,3873500000,0,0,0,0,0
2020-04-07,AMAN,Makmur Berkah Amanda Tbk.,--U6---1,220.0,0.0,220.0,206.0,212.0,-8.0,349000,72747400,120,192.7,210,25000,208,1000,3873500000,715000000,3873500000,0,0,0,0,0
2020-04-06,AMAN,Makmur Berkah Amanda Tbk.,--U6---1,228.0,0.0,234.0,214.0,220.0,-8.0,373200,81816600,169,200.0,220,137000,216,300,3873500000,715000000,3873500000,0,0,0,0,0
2020-04-03,AMAN,Makmur Berkah Amanda Tbk.,--U6---1,218.0,0.0,240.0,204.0,228.0,10.0,526000,114813600,141,207.3,228,18700,218,500,3873500000,715000000,3873500000,0,0,0,0,0
2020-04-02,AMAN,Makmur Berkah Amanda Tbk.,--U6---1,234.0,0.0,234.0,218.0,218.0,-16.0,736400,164720200,165,198.2,218,53400,0,0,3873500000,715000000,3873500000,0,0,0,0,0
2020-04-01,AMAN,Makmur Berkah Amanda Tbk.,--U6---1,250.0,0.0,252.0,234.0,234.0,-16.0,1770200,422494400,315,212.7,234,69000,0,0,3873500000,715000000,3873500000,0,0,0,0,0
2020-03-31,AMAN,Makmur Berkah Amanda Tbk.,--U6---1,258.0,0.0,280.0,240.0,250.0,-8.0,9985900,2559047000,1950,227.3,250,963800,248,296700,3873500000,715000000,3873500000,0,0,0,0,0
2020-03-30,AMAN,Makmur Berkah Amanda Tbk.,--U6---1,192.0,0.0,258.0,190.0,258.0,66.0,7778100,1797237700,2497,234.5,0,0,258,934600,3873500000,715000000,3873500000,0,0,0,0,0
2020-03-27,AMAN,Makmur Berkah Amanda Tbk.,--U6---1,190.0,0.0,194.0,188.0,192.0,2.0,816700,154670500,88,174.5,192,2100,188,66200,3873500000,715000000,3873500000,0,0,0,0,0
2020-03-26,AMAN,Makmur Berkah Amanda Tbk.,--U6---1,191.0,0.0,195.0,190.0,190.0,-1.0,1717300,328391500,159,172.7,191,9300,190,285600,3873500000,715000000,3873500000,0,0,0,0,0
2020-03-24,AMAN,Makmur Berkah Amanda Tbk.,--U6---1,192.0,0.0,194.0,190.0,191.0,-1.0,401300,76401300,92,173.6,191,177500,190,47400,3873500000,715000000,3873500000,0,0,0,0,0
2020-03-23,AMAN,Makmur Berkah Amanda Tbk.,--U6---1,192.0,0.0,199.0,190.0,192.0,0.0,252800,48913200,155,174.5,194,200,190,275600,3873500000,715000000,3873500000,0,0,0,0,0
2020-03-20,AMAN,Makmur Berkah Amanda Tbk.,--U6---1,189.0,0.0,208.0,187.0,192.0,3.0,4688700,905747200,859,174.5,193,17000,192,678700,3873500000,715000000,3873500000,0,0,0,0,0
2020-03-19,AMAN,Makmur Berkah Amanda Tbk.,--U6---1,192.0,0.0,208.0,179.0,189.0,-3.0,5073300,961253200,677,171.8,190,296200,189,1455700,3873500000,715000000,3873500000,0,0,0,0,0
2020-03-18,AMAN,Makmur Berkah Amanda Tbk.,--U6---1,199.0,0.0,204.0,186.0,192.0,-7.0,3433900,668917600,856,174.5,193,19300,192,60400,3873500000,715000000,3873500000,116700,0,0,0,0
2020-03-17,AMAN,Makmur Berkah Amanda Tbk.,--U6---1,199.0,0.0,250.0,199.0,199.0,0.0,9096200,1998274100,2983,180.9,199,9200,198,200000,3873500000,715000000,3873500000,186000,22900,0,0,0
2020-03-16,AMAN,Makmur Berkah Amanda Tbk.,--U6---1,148.0,0.0,199.0,180.0,199.0,51.0,7390200,1466451100,484,180.9,0,0,199,1417600,3873500000,715000000,3873500000,1230000,309800,65000000,7345000000,2
2020-03-13,AMAN,Makmur Berkah Amanda Tbk.,--U6---1,110.0,0.0,148.0,148.0,148.0,38.0,148700,22007600,26,134.5,0,0,148,3219500,3873500000,715000000,3873500000,0,0,227509100,25566010100,11
