Date,Ticker,Name,Remarks,Previous,Open,High,Low,Close,Change,Volume,Value,Frequency,IndexIndividual,Offer,OfferVolume,Bid,BidVolume,ListedShares,TradebleShares,WeightForIndex,ForeignSell,ForeignBuy,NonRegularVolume,NonRegularValue,NonRegularFrequency
2026-04-14,BCIC,Bank JTrust Indonesia Tbk.,--UO2105000000G111---L--------,128.0,128.0,128.0,125.0,127.0,-1.0,249000,31684200,46,9.5,128,293300,127,7600,17926071041,17926071041,2267647987,0,0,0,0,0
2026-04-13,BCIC,Bank JTrust Indonesia Tbk.,--UO2105000000G111---L--------,125.0,125.0,130.0,124.0,128.0,3.0,402300,50935600,102,9.6,128,33900,125,45700,17926071041,17926071041,2267647987,700,0,0,0,0
2026-04-10,BCIC,Bank JTrust Indonesia Tbk.,--UO2105000000G111---L--------,124.0,0.0,127.0,123.0,125.0,1.0,391600,48901500,198,9.4,126,20900,125,72000,17926071041,17926071041,2267647987,0,0,0,0,0
2026-04-09,BCIC,Bank JTrust Indonesia Tbk.,--UO2105000000G111---L--------,126.0,126.0,129.0,124.0,124.0,-2.0,169700,21282800,52,9.3,127,19500,124,32300,17926071041,17926071041,2267647987,0,0,0,0,0
2026-04-08,BCIC,Bank JTrust Indonesia Tbk.,--UO2105000000G111---L--------,125.0,125.0,129.0,122.0,126.0,1.0,235700,29850100,42,9.4,127,7400,126,52700,17926071041,17926071041,2267647987,173700,0,0,0,0
2026-04-07,BCIC,Bank JTrust Indonesia Tbk.,--UO2105000000G111---L--------,126.0,126.0,132.0,122.0,125.0,-1.0,483700,61505700,203,9.4,125,8000,124,21900,17926071041,17926071041,2267647987,127700,0,0,0,0
2026-04-06,BCIC,Bank JTrust Indonesia Tbk.,--UO2105000000G111---L--------,128.0,128.0,129.0,122.0,126.0,-2.0,525000,65492900,136,9.4,126,5200,123,31900,17926071041,17926071041,2267647987,178300,0,0,0,0
2026-04-02,BCIC,Bank JTrust Indonesia Tbk.,--UO2105000000G111---L--------,129.0,124.0,128.0,123.0,128.0,-1.0,494400,62571500,137,9.6,128,20000,126,10000,17926071041,17926071041,2267647987,0,0,0,0,0
2026-04-01,BCIC,Bank JTrust Indonesia Tbk.,--UO2105000000G111------------,130.0,129.0,145.0,121.0,129.0,-1.0,3829800,508031700,825,9.7,129,47600,126,16100,17926071041,17926071041,2267647987,100000,0,0,0,0
2026-03-31,BCIC,Bank JTrust Indonesia Tbk.,--UO2105000000G111------------,131.0,0.0,131.0,126.0,130.0,-1.0,177500,22877800,119,9.7,130,114000,129,4100,17926071041,17926071041,1389270506,4400,0,0,0,0
2026-03-30,BCIC,Bank JTrust Indonesia Tbk.,--UO2105000000G111------------,131.0,132.0,132.0,120.0,131.0,0.0,1216300,152386700,299,9.8,131,131100,128,16100,17926071041,17926071041,1389270506,57300,0,0,0,0
2026-03-27,BCIC,Bank JTrust Indonesia Tbk.,--UO2105000000G111------------,128.0,129.0,131.0,121.0,131.0,3.0,258100,33262500,107,9.8,132,20900,131,5700,17926071041,17926071041,1389270506,9000,0,0,0,0
2026-03-26,BCIC,Bank JTrust Indonesia Tbk.,--UO2105000000G111------------,123.0,0.0,130.0,123.0,128.0,5.0,253900,31876500,52,9.6,128,6900,126,4500,17926071041,17926071041,1389270506,4500,3900,0,0,0
2026-03-25,BCIC,Bank JTrust Indonesia Tbk.,--UO2105000000G111------------,123.0,120.0,130.0,119.0,123.0,0.0,289700,35599300,110,9.2,129,12300,122,7600,17926071041,17926071041,1389270506,24800,0,0,0,0
2026-03-17,BCIC,Bank JTrust Indonesia Tbk.,--UO2105000000G111------------,125.0,122.0,127.0,121.0,123.0,-2.0,219500,26985100,74,9.2,125,200,123,56800,17926071041,17926071041,1389270506,0,0,0,0,0
2026-03-16,BCIC,Bank JTrust Indonesia Tbk.,--UO2105000000G111------------,126.0,0.0,126.0,113.0,125.0,-1.0,253800,30844800,109,9.4,125,134000,124,1200,17926071041,17926071041,1389270506,42800,0,0,0,0
2026-03-13,BCIC,Bank JTrust Indonesia Tbk.,--UO2105000000G111------------,134.0,127.0,135.0,119.0,126.0,-8.0,1497000,190958900,424,9.4,128,103900,126,574200,17926071041,17926071041,1389270506,85200,0,0,0,0
2026-03-12,BCIC,Bank JTrust Indonesia Tbk.,--UO2105000000G111------------,135.0,135.0,138.0,120.0,134.0,-1.0,1791900,226492100,414,10.0,134,52600,125,7400,17926071041,17926071041,1389270506,14000,0,0,0,0
2026-03-11,BCIC,Bank JTrust Indonesia Tbk.,--UO2105000000G111------------,136.0,136.0,139.0,134.0,135.0,-1.0,302800,41237600,131,10.1,135,14200,134,700,17926071041,17926071041,1389270506,6400,0,0,0,0
2026-03-10,BCIC,Bank JTrust Indonesia Tbk.,--UO2105000000G111------------,133.0,134.0,137.0,127.0,136.0,3.0,1219300,163065900,443,10.2,136,33300,132,6300,17926071041,17926071041,1389270506,208000,0,0,0,0
2026-03-09,BCIC,Bank JTrust Indonesia Tbk.,--UO2105000000G111------------,148.0,148.0,148.0,126.0,133.0,-15.0,2078200,272072000,286,10.0,133,120800,130,14400,17926071041,17926071041,1389270506,8700,0,0,0,0
2026-03-06,BCIC,Bank JTrust Indonesia Tbk.,--UO2105000000G111------------,146.0,0.0,151.0,140.0,148.0,2.0,471600,67432200,217,11.1,148,7100,147,7000,17926071041,17926071041,1389270506,11100,0,0,0,0
2026-03-05,BCIC,Bank JTrust Indonesia Tbk.,--UO2105000000G111------------,140.0,0.0,151.0,141.0,146.0,6.0,386600,57168500,102,10.9,149,25700,145,107900,17926071041,17926071041,1389270506,66300,0,0,0,0
2026-03-04,BCIC,Bank JTrust Indonesia Tbk.,--UO2105000000G111------------,150.0,151.0,151.0,138.0,140.0,-10.0,1675100,242458000,305,10.5,140,13700,139,600,17926071041,17926071041,1389270506,600,0,0,0,0
2026-03-03,BCIC,Bank JTrust Indonesia Tbk.,--UO2105000000G111------------,150.0,151.0,151.0,146.0,150.0,0.0,599400,88658700,147,11.2,150,1400,148,10500,17926071041,17926071041,1389270506,0,0,0,0,0
2026-03-02,BCIC,Bank JTrust Indonesia Tbk.,--UO2105000000G111------------,153.0,153.0,153.0,147.0,150.0,-3.0,808500,120446900,160,11.2,152,5100,150,3800,17926071041,17926071041,1389270506,0,0,0,0,0
2026-02-27,BCIC,Bank JTrust Indonesia Tbk.,--UO2105000000G111------------,155.0,155.0,155.0,151.0,153.0,-2.0,321300,49030900,98,11.5,153,37800,152,269600,17926071041,17926071041,1389270506,0,0,0,0,0
2026-02-26,BCIC,Bank JTrust Indonesia Tbk.,--UO2105000000G111------------,156.0,156.0,158.0,152.0,155.0,-1.0,768500,119274300,218,11.6,156,20000,155,67100,17926071041,17926071041,1389270506,55800,3100,0,0,0
2026-02-25,BCIC,Bank JTrust Indonesia Tbk.,--UO2105000000G111------------,159.0,159.0,169.0,152.0,156.0,-3.0,1165100,184133600,304,11.7,156,12700,155,800,17926071041,17926071041,1389270506,109800,0,0,0,0
2026-02-24,BCIC,Bank JTrust Indonesia Tbk.,--UO2105000000G111------------,158.0,158.0,167.0,155.0,159.0,1.0,4285600,692569900,949,11.9,159,1400,158,83300,17926071041,17926071041,1389270506,1580400,0,0,0,0
2026-02-23,BCIC,Bank JTrust Indonesia Tbk.,--UO2105000000G111------------,155.0,154.0,158.0,153.0,158.0,3.0,732200,113359600,201,11.8,158,192000,156,100,17926071041,17926071041,1389270506,21000,0,0,0,0
2026-02-20,BCIC,Bank JTrust Indonesia Tbk.,--UO2105000000G111--------F---,154.0,154.0,156.0,153.0,155.0,1.0,203800,31411100,115,11.6,155,129800,153,54000,17926071041,17926071041,1389270506,15300,0,0,0,0
2026-02-19,BCIC,Bank JTrust Indonesia Tbk.,--UO2105000000G111--------F---,154.0,0.0,156.0,152.0,154.0,0.0,415300,63886900,127,11.5,154,1300,152,502200,17926071041,17926071041,1389270506,100,0,0,0,0
2026-02-18,BCIC,Bank JTrust Indonesia Tbk.,--UO2105000000G111--------F---,154.0,154.0,156.0,149.0,154.0,0.0,601800,91766700,156,11.5,155,35400,154,2400,17926071041,17926071041,1389270506,9500,0,0,0,0
2026-02-13,BCIC,Bank JTrust Indonesia Tbk.,--UO2105000000G111--------F---,156.0,156.0,159.0,151.0,154.0,-2.0,353700,54376700,175,11.5,154,78000,153,6200,17926071041,17926071041,1389270506,2100,0,0,0,0
2026-02-12,BCIC,Bank JTrust Indonesia Tbk.,--UO2105000000G111--------F---,155.0,155.0,162.0,154.0,156.0,1.0,471800,73839900,121,11.7,156,15800,155,2500,17926071041,17926071041,1389270506,3200,89100,0,0,0
2026-02-11,BCIC,Bank JTrust Indonesia Tbk.,--UO2105000000G111--------F---,153.0,155.0,156.0,152.0,155.0,2.0,726500,111123500,172,11.6,155,31200,153,68000,17926071041,17926071041,1389270506,0,345900,0,0,0
2026-02-10,BCIC,Bank JTrust Indonesia Tbk.,--UO2105000000G111--------F---,156.0,156.0,157.0,151.0,153.0,-3.0,350700,53899000,123,11.5,153,34600,152,1800,17926071041,17926071041,1389270506,0,0,0,0,0
2026-02-09,BCIC,Bank JTrust Indonesia Tbk.,--UO2105000000G111--------F---,157.0,156.0,159.0,148.0,156.0,-1.0,1058900,163741400,240,11.7,156,9600,155,200,17926071041,17926071041,1389270506,0,53600,0,0,0
2026-02-06,BCIC,Bank JTrust Indonesia Tbk.,--UO2105000000G111--------F---,151.0,151.0,158.0,147.0,157.0,6.0,2721300,418660400,148,11.8,157,20400,152,10000,17926071041,17926071041,1389270506,0,1330000,0,0,0
2026-02-05,BCIC,Bank JTrust Indonesia Tbk.,--UO2105000000G111--------F---,153.0,155.0,155.0,148.0,151.0,-2.0,1164600,174621000,174,11.3,151,70600,150,119600,17926071041,17926071041,1389270506,0,0,0,0,0
2026-02-04,BCIC,Bank JTrust Indonesia Tbk.,--UO2105000000G111--------F---,151.0,155.0,159.0,148.0,153.0,2.0,2181800,330600100,149,11.5,154,54700,153,15400,17926071041,17926071041,1389270506,100,99800,0,0,0
2026-02-03,BCIC,Bank JTrust Indonesia Tbk.,--UO2105000000G111--------F---,146.0,149.0,157.0,145.0,151.0,5.0,1539800,234775000,269,11.3,154,300,153,5000,17926071041,17926071041,1389270506,100,292200,0,0,0
2026-02-02,BCIC,Bank JTrust Indonesia Tbk.,--UO2105000000G111--------F---,153.0,154.0,160.0,146.0,146.0,-7.0,2182200,329423800,416,10.9,149,2600,146,474000,17926071041,17926071041,1389270506,100,144800,0,0,0
2026-01-30,BCIC,Bank JTrust Indonesia Tbk.,--UO2105000000G111--------F---,161.0,156.0,164.0,152.0,153.0,-8.0,2901900,459503000,517,11.5,156,1000,153,43100,17926071041,17926071041,1389270506,288500,89800,0,0,0
2026-01-29,BCIC,Bank JTrust Indonesia Tbk.,--UO2105000000G111--------F---,160.0,153.0,166.0,136.0,161.0,1.0,4807700,690410200,1328,12.1,164,2700,161,96400,17926071041,17926071041,1389270506,101300,82100,0,0,0
2026-01-28,BCIC,Bank JTrust Indonesia Tbk.,--UO2105000000G111--------F---,180.0,178.0,178.0,155.0,160.0,-20.0,4540900,749441600,656,12.0,160,17800,158,5500,17926071041,17926071041,1389270506,56600,269200,0,0,0
2026-01-27,BCIC,Bank JTrust Indonesia Tbk.,--UO2105000000G111--------F---,182.0,182.0,183.0,173.0,180.0,-2.0,2031400,359340900,929,13.5,180,7200,179,84500,17926071041,17926071041,1389270506,9400,0,0,0,0
2026-01-26,BCIC,Bank JTrust Indonesia Tbk.,--UO2105000000G111--------F---,188.0,188.0,199.0,180.0,182.0,-6.0,3678700,685664300,650,13.6,182,1045500,181,80900,17926071041,17926071041,1389270506,9200,22200,0,0,0
2026-01-23,BCIC,Bank JTrust Indonesia Tbk.,--UO2105000000G111--------F---,197.0,196.0,197.0,184.0,188.0,-9.0,2292500,431597300,680,14.1,188,83700,187,21400,17926071041,17926071041,1389270506,9400,8600,0,0,0
2026-01-22,BCIC,Bank JTrust Indonesia Tbk.,--UO2105000000G111--------F---,199.0,200.0,200.0,180.0,197.0,-2.0,6323800,1185067000,1584,14.8,197,5500,189,10500,17926071041,17926071041,1389270506,9900,107800,0,0,0
2026-01-21,BCIC,Bank JTrust Indonesia Tbk.,--UO2105000000G111------------,204.0,204.0,204.0,189.0,199.0,-5.0,3688000,722607300,1296,14.9,199,42200,193,83800,17926071041,17926071041,1389270506,95700,194500,0,0,0
2026-01-20,BCIC,Bank JTrust Indonesia Tbk.,--UO2105000000G111------------,206.0,206.0,210.0,202.0,204.0,-2.0,1708000,348343000,417,15.3,204,131200,202,307100,17926071041,17926071041,1389270506,10500,12400,0,0,0
2026-01-19,BCIC,Bank JTrust Indonesia Tbk.,--UO2105000000G111------------,208.0,214.0,214.0,202.0,206.0,-2.0,3586800,736975600,675,15.4,208,17700,206,20100,17926071041,17926071041,1389270506,145700,124300,0,0,0
2026-01-15,BCIC,Bank JTrust Indonesia Tbk.,--UO2105000000G111------------,206.0,212.0,214.0,202.0,208.0,2.0,4241700,881541200,582,15.6,208,154900,206,6600,17926071041,17926071041,1389270506,243100,49300,0,0,0
2026-01-14,BCIC,Bank JTrust Indonesia Tbk.,--UO2105000000G111------------,220.0,220.0,226.0,200.0,206.0,-14.0,7254600,1538927800,1108,15.4,206,16600,204,113800,17926071041,17926071041,1389270506,220300,337300,0,0,0
2026-01-13,BCIC,Bank JTrust Indonesia Tbk.,--UO2105000000G111------------,222.0,224.0,230.0,200.0,220.0,-2.0,19770500,4296603800,1902,16.5,220,65800,218,13200,17926071041,17926071041,1389270506,822900,782400,0,0,0
2026-01-12,BCIC,Bank JTrust Indonesia Tbk.,--UO2105000000G111------------,186.0,208.0,242.0,189.0,222.0,36.0,58784400,12998884100,6128,16.6,224,129000,222,1128400,17926071041,17926071041,1389270506,3817200,5115900,0,0,0
2026-01-09,BCIC,Bank JTrust Indonesia Tbk.,--UO2105000000G111------------,196.0,194.0,194.0,175.0,186.0,-10.0,15835100,2857157800,3219,13.9,186,635900,185,27600,17926071041,17926071041,1389270506,535000,392100,878377481,272297019110,1
2026-01-08,BCIC,Bank JTrust Indonesia Tbk.,--UO2105000000G111------------,202.0,202.0,204.0,183.0,196.0,-6.0,8480500,1616202400,1857,14.7,196,97300,195,10900,17926071041,17926071041,1389270506,533500,398800,0,0,0
2026-01-07,BCIC,Bank JTrust Indonesia Tbk.,--UO2105000000G111------------,181.0,191.0,220.0,189.0,202.0,21.0,28487500,5720644200,3454,15.1,202,266200,200,108200,17926071041,17926071041,1389270506,1237800,219100,0,0,0
2026-01-06,BCIC,Bank JTrust Indonesia Tbk.,--UO2105000000G111------------,168.0,175.0,195.0,166.0,181.0,13.0,19923600,3602649100,3110,13.6,182,10300,181,113000,17926071041,17926071041,1389270506,284000,527300,0,0,0
2026-01-05,BCIC,Bank JTrust Indonesia Tbk.,--UO2105000000G111------------,159.0,159.0,172.0,157.0,168.0,9.0,6779800,1119601300,912,12.6,169,163600,168,234800,17926071041,17926071041,1389270506,0,721700,0,0,0
2026-01-02,BCIC,Bank JTrust Indonesia Tbk.,--UO2105000000G111------------,157.0,158.0,160.0,154.0,159.0,2.0,1531400,240202000,262,11.9,159,24600,158,265000,17926071041,17926071041,1389270506,0,231300,0,0,0
2025-12-30,BCIC,Bank JTrust Indonesia Tbk.,--UO2105000000G111------------,158.0,158.0,158.0,153.0,157.0,-1.0,2335200,364413300,491,11.8,158,39100,157,8700,17926071041,17926071041,1305017972,0,0,0,0,0
2025-12-29,BCIC,Bank JTrust Indonesia Tbk.,--UO2105000000G111------------,156.0,157.0,164.0,155.0,158.0,2.0,2913900,460031000,615,11.8,159,60800,158,13400,17926071041,17926071041,1305017972,51600,99500,0,0,0
2025-12-24,BCIC,Bank JTrust Indonesia Tbk.,--UO2105000000G111------------,158.0,158.0,163.0,154.0,156.0,-2.0,1451200,228892800,615,11.7,156,14900,155,83500,17926071041,17926071041,1305017972,80800,0,0,0,0
2025-12-23,BCIC,Bank JTrust Indonesia Tbk.,--UO2105000000G111------------,160.0,160.0,161.0,156.0,158.0,-2.0,972900,154871800,346,11.8,160,2500,158,58800,17926071041,17926071041,1305017972,0,0,0,0,0
2025-12-22,BCIC,Bank JTrust Indonesia Tbk.,--UO2105000000G111------------,165.0,167.0,170.0,157.0,160.0,-5.0,3221800,524038400,1053,12.0,161,200,160,40500,17926071041,17926071041,1305017972,144600,142900,0,0,0
2025-12-19,BCIC,Bank JTrust Indonesia Tbk.,--UO2105000000G111------------,162.0,164.0,175.0,156.0,165.0,3.0,11590700,1945657800,1905,12.4,166,51800,165,23700,17926071041,17926071041,1305017972,485000,436000,0,0,0
2025-12-18,BCIC,Bank JTrust Indonesia Tbk.,--UO2105000000G111------------,152.0,154.0,170.0,154.0,162.0,10.0,5434200,883493300,1090,12.1,162,43200,158,213300,17926071041,17926071041,1305017972,143300,257100,0,0,0
2025-12-17,BCIC,Bank JTrust Indonesia Tbk.,--UO2105000000G111------------,157.0,165.0,166.0,150.0,152.0,-5.0,1454800,223877300,446,11.4,153,200,152,59200,17926071041,17926071041,1305017972,0,0,0,0,0
2025-12-16,BCIC,Bank JTrust Indonesia Tbk.,--UO2105000000G111------------,156.0,0.0,159.0,153.0,157.0,1.0,611200,95535700,312,11.8,159,7000,157,33700,17926071041,17926071041,1305017972,0,0,0,0,0
2025-12-15,BCIC,Bank JTrust Indonesia Tbk.,--UO2105000000G111------------,154.0,154.0,167.0,151.0,156.0,2.0,1703600,271683200,441,11.7,160,8400,156,177200,17926071041,17926071041,1305017972,0,91600,0,0,0
2025-12-12,BCIC,Bank JTrust Indonesia Tbk.,--UO2105000000G111------------,158.0,158.0,162.0,154.0,154.0,-4.0,899800,141335000,390,11.5,157,2700,154,28600,17926071041,17926071041,1305017972,0,0,0,0,0
2025-12-11,BCIC,Bank JTrust Indonesia Tbk.,--UO2105000000G111------------,163.0,163.0,163.0,150.0,158.0,-5.0,2900400,458462700,624,11.8,159,5000,158,8600,17926071041,17926071041,1305017972,154800,0,0,0,0
2025-12-10,BCIC,Bank JTrust Indonesia Tbk.,--UO2105000000G111------------,164.0,164.0,165.0,158.0,163.0,-1.0,3343100,544380900,682,12.2,163,108500,162,1300,17926071041,17926071041,1305017972,1100,291100,0,0,0
2025-12-09,BCIC,Bank JTrust Indonesia Tbk.,--UO2105000000G111------------,162.0,163.0,173.0,154.0,164.0,2.0,2629400,430739100,562,12.3,164,258000,163,5500,17926071041,17926071041,1305017972,525400,178400,0,0,0
2025-12-08,BCIC,Bank JTrust Indonesia Tbk.,--UO2105000000G111------------,150.0,150.0,176.0,140.0,162.0,12.0,13756800,2248656100,1907,12.1,163,23000,161,306800,17926071041,17926071041,1305017972,209000,1031700,0,0,0
2025-12-05,BCIC,Bank JTrust Indonesia Tbk.,--UO2105000000G111------------,155.0,156.0,156.0,147.0,150.0,-5.0,1115500,169005000,436,11.2,152,67300,150,214000,17926071041,17926071041,1305017972,5000,0,0,0,0
2025-12-04,BCIC,Bank JTrust Indonesia Tbk.,--UO2105000000G111------------,146.0,148.0,166.0,145.0,155.0,9.0,4670800,733569500,1200,11.6,155,62000,154,75000,17926071041,17926071041,1305017972,9000,0,0,0,0
2025-12-03,BCIC,Bank JTrust Indonesia Tbk.,--UO2105000000G111------------,150.0,150.0,151.0,144.0,146.0,-4.0,2045200,303154000,607,10.9,148,800,146,62400,17926071041,17926071041,1305017972,0,0,0,0,0
2025-12-02,BCIC,Bank JTrust Indonesia Tbk.,--UO2105000000G111------------,152.0,152.0,156.0,140.0,150.0,-2.0,2431300,359800400,691,11.2,150,110200,149,105000,17926071041,17926071041,1305017972,58200,0,0,0,0
2025-12-01,BCIC,Bank JTrust Indonesia Tbk.,--UO2105000000G111------------,160.0,161.0,162.0,146.0,152.0,-8.0,2297100,349828400,1051,11.4,153,10000,151,59900,17926071041,17926071041,1305017972,192800,52000,0,0,0
2025-11-28,BCIC,Bank JTrust Indonesia Tbk.,--UO2105000000G111------------,166.0,168.0,190.0,150.0,160.0,-6.0,17695000,2997125400,2929,12.0,161,100,160,4500,17926071041,17926071041,1305017972,68000,42100,0,0,0
2025-11-27,BCIC,Bank JTrust Indonesia Tbk.,--U-4105000000G111-----------X,151.0,0.0,166.0,150.0,166.0,15.0,1247700,197928700,83,12.4,166,15800,163,10000,17926071041,17926071041,1305017972,0,0,0,0,0
2025-11-26,BCIC,Bank JTrust Indonesia Tbk.,--U-4105000000G111-----------X,151.0,0.0,151.0,151.0,151.0,0.0,1047600,158187600,45,11.3,152,145100,151,766300,17926071041,17926071041,1305017972,0,0,0,0,0
2025-11-25,BCIC,Bank JTrust Indonesia Tbk.,--U-4105000000G111-----------X,152.0,0.0,151.0,150.0,151.0,-1.0,1067400,160557800,68,11.3,152,359900,151,242900,17926071041,17926071041,1305017972,0,0,0,0,0
2025-11-24,BCIC,Bank JTrust Indonesia Tbk.,--U-4105000000G111-----------X,153.0,0.0,153.0,151.0,152.0,-1.0,421700,64114400,37,11.4,152,207800,151,195100,17926071041,17926071041,1305017972,0,0,0,0,0
2025-11-21,BCIC,Bank JTrust Indonesia Tbk.,--U-4105000000G111-----------X,153.0,0.0,153.0,150.0,153.0,0.0,90800,13683000,18,11.5,153,402400,151,3500,17926071041,17926071041,1305017972,0,0,0,0,0
2025-11-20,BCIC,Bank JTrust Indonesia Tbk.,--U-4105000000G111-----------X,151.0,0.0,153.0,151.0,153.0,2.0,58500,8862900,22,11.5,153,152200,151,34600,17926071041,17926071041,1305017972,0,0,0,0,0
2025-11-19,BCIC,Bank JTrust Indonesia Tbk.,--U-4105000000G111-----------X,152.0,0.0,151.0,150.0,151.0,-1.0,142700,21506500,38,11.3,152,29100,151,7900,17926071041,17926071041,1305017972,0,0,50,7500,1
2025-11-18,BCIC,Bank JTrust Indonesia Tbk.,--U-4105000000G111-----------X,153.0,0.0,152.0,150.0,152.0,-1.0,193900,29387600,27,11.4,153,6100,152,37900,17926071041,17926071041,1305017972,0,0,0,0,0
2025-11-17,BCIC,Bank JTrust Indonesia Tbk.,--U-4105000000G111-----------X,153.0,0.0,153.0,151.0,153.0,0.0,299100,45751100,39,11.5,158,6500,153,1800,17926071041,17926071041,1305017972,0,0,0,0,0
2025-11-14,BCIC,Bank JTrust Indonesia Tbk.,--U-4105000000G111-----------X,155.0,0.0,155.0,152.0,153.0,-2.0,333300,50975800,37,11.5,155,60100,153,6400,17926071041,17926071041,1305017972,0,0,0,0,0
2025-11-13,BCIC,Bank JTrust Indonesia Tbk.,--U-4105000000G111-----------X,157.0,0.0,157.0,155.0,155.0,-2.0,777700,120966600,70,11.6,156,10300,155,1900,17926071041,17926071041,1305017972,0,0,0,0,0
2025-11-12,BCIC,Bank JTrust Indonesia Tbk.,--U-4105000000G111-----------X,150.0,0.0,160.0,152.0,157.0,7.0,651600,102029700,49,11.8,157,87700,156,210000,17926071041,17926071041,1305017972,0,0,0,0,0
2025-11-11,BCIC,Bank JTrust Indonesia Tbk.,--U-4105000000G111-----------X,165.0,0.0,181.0,150.0,150.0,-15.0,3765600,662037400,325,11.2,181,19300,150,820800,17926071041,17926071041,1305017972,0,0,0,0,0
2025-11-10,BCIC,Bank JTrust Indonesia Tbk.,--U-4105000000G111-----------X,150.0,0.0,165.0,150.0,165.0,15.0,517600,81195500,178,12.4,0,0,165,788100,17926071041,17926071041,1305017972,1000,0,0,0,0
2025-11-07,BCIC,Bank JTrust Indonesia Tbk.,--U-4105000000G111-----------X,145.0,0.0,150.0,145.0,150.0,5.0,244900,36311200,54,11.2,151,500,150,1168100,17926071041,17926071041,1305017972,0,0,0,0,0
2025-11-06,BCIC,Bank JTrust Indonesia Tbk.,--U-4105000000G111-----------X,141.0,0.0,145.0,141.0,145.0,4.0,458300,65913900,49,10.9,147,1100,145,1084300,17926071041,17926071041,1305017972,0,0,0,0,0
2025-11-05,BCIC,Bank JTrust Indonesia Tbk.,--U-4105000000G111-----------X,141.0,0.0,141.0,140.0,141.0,0.0,252900,35587500,53,10.6,142,2800,141,1086000,17926071041,17926071041,1305017972,0,0,0,0,0
2025-11-04,BCIC,Bank JTrust Indonesia Tbk.,--U-4105000000G111-----------X,142.0,0.0,142.0,141.0,141.0,-1.0,262700,37046900,50,10.6,141,94000,140,17100,17926071041,17926071041,1305017972,0,0,0,0,0
2025-11-03,BCIC,Bank JTrust Indonesia Tbk.,--U-4105000000G111-----------X,148.0,0.0,143.0,141.0,142.0,-6.0,2296900,324050000,171,10.6,143,17500,142,21900,17926071041,17926071041,1305017972,0,0,0,0,0
2025-10-31,BCIC,Bank JTrust Indonesia Tbk.,--U-4105000000G111-----------X,148.0,0.0,148.0,143.0,148.0,0.0,744200,109048600,76,11.1,148,109500,144,20000,17926071041,17926071041,1305017972,0,0,0,0,0
2025-10-30,BCIC,Bank JTrust Indonesia Tbk.,--U-4105000000G111-----------X,142.0,0.0,148.0,143.0,148.0,6.0,389900,57121900,159,11.1,149,40000,148,125300,17926071041,17926071041,1305017972,0,0,0,0,0
2025-10-29,BCIC,Bank JTrust Indonesia Tbk.,--U-4105000000G111-----------X,151.0,0.0,152.0,142.0,142.0,-9.0,675800,97623400,122,10.6,151,3100,142,505000,17926071041,17926071041,1305017972,0,0,0,0,0
2025-10-28,BCIC,Bank JTrust Indonesia Tbk.,--U-4105000000G111-----------X,152.0,0.0,152.0,148.0,151.0,-1.0,492800,74279300,95,11.3,152,135500,151,300,17926071041,17926071041,1305017972,0,0,0,0,0
2025-10-27,BCIC,Bank JTrust Indonesia Tbk.,--U-4105000000G111-----------X,158.0,0.0,154.0,152.0,152.0,-6.0,209600,31979900,61,11.4,154,229800,152,135600,17926071041,17926071041,1305017972,0,0,0,0,0
2025-10-24,BCIC,Bank JTrust Indonesia Tbk.,--U-4105000000G111-----------X,162.0,0.0,162.0,150.0,158.0,-4.0,482200,74236300,86,11.8,158,107100,151,210200,17926071041,17926071041,1305017972,0,0,0,0,0
2025-10-23,BCIC,Bank JTrust Indonesia Tbk.,--U-4105000000G111-----------X,163.0,0.0,163.0,162.0,162.0,-1.0,109500,17830400,45,12.1,162,69800,157,5200,17926071041,17926071041,1305017972,0,0,0,0,0
2025-10-22,BCIC,Bank JTrust Indonesia Tbk.,--U-4105000000G111-----------X,151.0,0.0,164.0,152.0,163.0,12.0,955200,151659400,67,12.2,163,537300,155,20800,17926071041,17926071041,1305017972,0,0,0,0,0
2025-10-21,BCIC,Bank JTrust Indonesia Tbk.,--U-4105000000G111-----------X,151.0,0.0,158.0,151.0,151.0,0.0,621800,94086400,64,11.3,152,41000,151,657400,17926071041,17926071041,1305017972,0,0,0,0,0
2025-10-20,BCIC,Bank JTrust Indonesia Tbk.,--U-4105000000G111-----------X,165.0,0.0,164.0,150.0,151.0,-14.0,1544900,234677100,140,11.3,152,1000,151,209200,17926071041,17926071041,1305017972,0,0,0,0,0
2025-10-17,BCIC,Bank JTrust Indonesia Tbk.,--U-4105000000G111-----------X,163.0,0.0,175.0,165.0,165.0,2.0,944600,162400000,119,12.4,172,102700,163,1200,17926071041,17926071041,1305017972,0,0,0,0,0
2025-10-16,BCIC,Bank JTrust Indonesia Tbk.,--U-4105000000G111-----------X,165.0,0.0,165.0,163.0,163.0,-2.0,699600,114721400,115,12.2,163,19100,162,4000,17926071041,17926071041,1305017972,0,0,0,0,0
2025-10-15,BCIC,Bank JTrust Indonesia Tbk.,--U-4105000000G111-----------X,166.0,0.0,165.0,150.0,165.0,-1.0,5239600,815321000,216,12.4,165,20000,155,117200,17926071041,17926071041,1305017972,0,0,0,0,0
2025-10-14,BCIC,Bank JTrust Indonesia Tbk.,--U-4105000000G111-----------X,184.0,0.0,166.0,166.0,166.0,-18.0,2768000,459488000,184,12.4,166,2769500,0,0,17926071041,17926071041,1305017972,0,0,0,0,0
2025-10-13,BCIC,Bank JTrust Indonesia Tbk.,--U-4105000000G111-----------X,204.0,0.0,224.0,184.0,184.0,-20.0,22863800,4838259200,782,13.8,184,3937500,0,0,17926071041,17926071041,1305017972,1731700,0,0,0,0
2025-10-10,BCIC,Bank JTrust Indonesia Tbk.,--U-4105000000G111-----------X,187.0,0.0,204.0,204.0,204.0,17.0,10282300,2097589200,195,15.3,0,0,204,17927900,17926071041,17926071041,1305017972,1087700,0,3,510,1
2025-10-09,BCIC,Bank JTrust Indonesia Tbk.,--U-4105000000G111-----------X,170.0,0.0,187.0,187.0,187.0,17.0,12366200,2312479400,91,14.0,0,0,187,16964200,17926071041,17926071041,1305017972,0,0,0,0,0
2025-10-08,BCIC,Bank JTrust Indonesia Tbk.,--U-4105000000G111-----------X,170.0,0.0,0.0,0.0,170.0,0.0,0,0,0,12.7,0,0,0,0,17926071041,17926071041,1305017972,0,0,0,0,0
2025-10-07,BCIC,Bank JTrust Indonesia Tbk.,--U-4105000000G111-----------X,170.0,0.0,0.0,0.0,170.0,0.0,0,0,0,12.7,0,0,0,0,17926071041,17926071041,1305017972,0,0,80385853,25000000283,1
2025-10-06,BCIC,Bank JTrust Indonesia Tbk.,--U-4105000000G111-----------X,170.0,0.0,0.0,0.0,170.0,0.0,0,0,0,12.7,0,0,0,0,17926071041,17926071041,1305017972,0,0,0,0,0
2025-10-03,BCIC,Bank JTrust Indonesia Tbk.,--U-4105000000G111-----------X,170.0,0.0,0.0,0.0,170.0,0.0,0,0,0,12.7,0,0,0,0,17926071041,17926071041,1305017972,0,0,0,0,0
2025-10-02,BCIC,Bank JTrust Indonesia Tbk.,--U-4105000000G111-----------X,170.0,0.0,0.0,0.0,170.0,0.0,0,0,0,12.7,0,0,0,0,17926071041,17926071041,1305017972,0,0,11200,2016000,1
2025-10-01,BCIC,Bank JTrust Indonesia Tbk.,--U-4105000000G111-----------X,170.0,0.0,0.0,0.0,170.0,0.0,0,0,0,12.7,0,0,0,0,17926071041,17926071041,1305017972,0,0,0,0,0
2025-09-30,BCIC,Bank JTrust Indonesia Tbk.,--U-4105000000G111-----------X,170.0,0.0,0.0,0.0,170.0,0.0,0,0,0,12.7,0,0,0,0,17926071041,17926071041,1111416405,0,0,0,0,0
2025-09-29,BCIC,Bank JTrust Indonesia Tbk.,--U-4105000000G111-----------X,170.0,0.0,0.0,0.0,170.0,0.0,0,0,0,12.7,0,0,0,0,17926071041,17926071041,1111416405,0,0,0,0,0
2025-09-26,BCIC,Bank JTrust Indonesia Tbk.,--U-4105000000G111-----------X,170.0,0.0,0.0,0.0,170.0,0.0,0,0,0,12.7,0,0,0,0,17926071041,17926071041,1111416405,0,0,0,0,0
2025-09-25,BCIC,Bank JTrust Indonesia Tbk.,--U-4105000000G111-----------X,170.0,0.0,0.0,0.0,170.0,0.0,0,0,0,12.7,0,0,0,0,17926071041,17926071041,1111416405,0,0,0,0,0
2025-09-24,BCIC,Bank JTrust Indonesia Tbk.,--U-4105000000G111-----------X,170.0,0.0,0.0,0.0,170.0,0.0,0,0,0,12.7,0,0,0,0,17926071041,17926071041,1111416405,0,0,0,0,0
2025-09-23,BCIC,Bank JTrust Indonesia Tbk.,--U-4105000000G111-----------X,170.0,0.0,0.0,0.0,170.0,0.0,0,0,0,12.7,0,0,0,0,17926071041,17926071041,1111416405,0,0,0,0,0
2025-09-22,BCIC,Bank JTrust Indonesia Tbk.,--U-4105000000G111-----------X,170.0,0.0,0.0,0.0,170.0,0.0,0,0,0,12.7,0,0,0,0,17926071041,17926071041,1111416405,0,0,0,0,0
2025-09-19,BCIC,Bank JTrust Indonesia Tbk.,--U-4105000000G111-----------X,170.0,0.0,0.0,0.0,170.0,0.0,0,0,0,12.7,0,0,0,0,17926071041,17926071041,1111416405,0,0,0,0,0
2025-09-18,BCIC,Bank JTrust Indonesia Tbk.,--U-4105000000G111-----------X,170.0,0.0,0.0,0.0,170.0,0.0,0,0,0,12.7,0,0,0,0,17926071041,17926071041,1111416405,0,0,0,0,0
2025-09-17,BCIC,Bank JTrust Indonesia Tbk.,--U-4105000000G111-----------X,170.0,0.0,0.0,0.0,170.0,0.0,0,0,0,12.7,0,0,0,0,17926071041,17926071041,1111416405,0,0,0,0,0
2025-09-16,BCIC,Bank JTrust Indonesia Tbk.,--U-4105000000G111-----------X,170.0,0.0,0.0,0.0,170.0,0.0,0,0,0,12.7,0,0,0,0,17926071041,17926071041,1111416405,0,0,0,0,0
2025-09-15,BCIC,Bank JTrust Indonesia Tbk.,--U-4105000000G111-----------X,170.0,0.0,0.0,0.0,170.0,0.0,0,0,0,12.7,0,0,0,0,17926071041,17926071041,1111416405,0,0,4633920,4999999680,1
2025-09-12,BCIC,Bank JTrust Indonesia Tbk.,--U-4105000000G111-----------X,170.0,0.0,0.0,0.0,170.0,0.0,0,0,0,12.7,0,0,0,0,17926071041,17926071041,1111416405,0,0,0,0,0
2025-09-11,BCIC,Bank JTrust Indonesia Tbk.,--U-4105000000G111-----------X,170.0,0.0,0.0,0.0,170.0,0.0,0,0,0,12.7,0,0,0,0,17926071041,17926071041,1111416405,0,0,0,0,0
2025-09-10,BCIC,Bank JTrust Indonesia Tbk.,--U-4105000000G111-----------X,170.0,0.0,0.0,0.0,170.0,0.0,0,0,0,12.7,0,0,0,0,17926071041,17926071041,1111416405,0,0,0,0,0
2025-09-09,BCIC,Bank JTrust Indonesia Tbk.,--U-4105000000G111-----------X,170.0,0.0,0.0,0.0,170.0,0.0,0,0,0,12.7,0,0,0,0,17926071041,17926071041,1111416405,0,0,0,0,0
2025-09-08,BCIC,Bank JTrust Indonesia Tbk.,--U-4105000000G111-----------X,170.0,0.0,0.0,0.0,170.0,0.0,0,0,0,12.7,0,0,0,0,17926071041,17926071041,1111416405,0,0,0,0,0
2025-09-04,BCIC,Bank JTrust Indonesia Tbk.,--U-4105000000G111-----------X,170.0,0.0,0.0,0.0,170.0,0.0,0,0,0,12.7,0,0,0,0,17926071041,17926071041,1111416405,0,0,3620800,615536000,2
2025-09-03,BCIC,Bank JTrust Indonesia Tbk.,--U-4105000000G111-----------X,170.0,0.0,0.0,0.0,170.0,0.0,0,0,0,12.7,0,0,0,0,17926071041,17926071041,1111416405,0,0,0,0,0
2025-09-02,BCIC,Bank JTrust Indonesia Tbk.,--U-4105000000G111-----------X,170.0,0.0,0.0,0.0,170.0,0.0,0,0,0,12.7,0,0,0,0,17926071041,17926071041,1111416405,0,0,0,0,0
2025-09-01,BCIC,Bank JTrust Indonesia Tbk.,--U-4105000000G111-----------X,170.0,0.0,0.0,0.0,170.0,0.0,0,0,0,12.7,0,0,0,0,17926071041,17926071041,1111416405,0,0,0,0,0
2025-08-29,BCIC,Bank JTrust Indonesia Tbk.,--U-4105000000G111-----------X,170.0,0.0,0.0,0.0,170.0,0.0,0,0,0,12.7,0,0,0,0,17926071041,17926071041,1111416405,0,0,0,0,0
2025-08-28,BCIC,Bank JTrust Indonesia Tbk.,--U-4105000000G111-----------X,170.0,0.0,0.0,0.0,170.0,0.0,0,0,0,12.7,0,0,0,0,17926071041,17926071041,1111416405,0,0,0,0,0
2025-08-27,BCIC,Bank JTrust Indonesia Tbk.,--U-4105000000G111-----------X,170.0,0.0,0.0,0.0,170.0,0.0,0,0,0,12.7,0,0,0,0,17926071041,17926071041,1111416405,0,0,0,0,0
2025-08-26,BCIC,Bank JTrust Indonesia Tbk.,--U-4105000000G111-----------X,170.0,0.0,0.0,0.0,170.0,0.0,0,0,0,12.7,0,0,0,0,17926071041,17926071041,1111416405,0,0,0,0,0
2025-08-25,BCIC,Bank JTrust Indonesia Tbk.,--U-4105000000G111-----------X,170.0,0.0,0.0,0.0,170.0,0.0,0,0,0,12.7,0,0,0,0,17926071041,17926071041,1111416405,0,0,0,0,0
2025-08-22,BCIC,Bank JTrust Indonesia Tbk.,--U-4105000000G111-----------X,170.0,0.0,0.0,0.0,170.0,0.0,0,0,0,12.7,0,0,0,0,17926071041,17926071041,1111416405,0,0,0,0,0
2025-08-21,BCIC,Bank JTrust Indonesia Tbk.,--U-4105000000G111-----------X,170.0,0.0,0.0,0.0,170.0,0.0,0,0,0,12.7,0,0,0,0,17926071041,17926071041,1111416405,0,0,0,0,0
2025-08-20,BCIC,Bank JTrust Indonesia Tbk.,--U-4105000000G111-----------X,170.0,0.0,0.0,0.0,170.0,0.0,0,0,0,12.7,0,0,0,0,17926071041,17926071041,1111416405,0,0,0,0,0
2025-08-19,BCIC,Bank JTrust Indonesia Tbk.,--U-4105000000G111-----------X,170.0,0.0,0.0,0.0,170.0,0.0,0,0,0,12.7,0,0,0,0,17926071041,17926071041,1111416405,0,0,0,0,0
2025-08-15,BCIC,Bank JTrust Indonesia Tbk.,--U-4105000000G111-----------X,170.0,0.0,0.0,0.0,170.0,0.0,0,0,0,12.7,0,0,0,0,17926071041,17926071041,1111416405,0,0,62600,10642000,1
2025-08-14,BCIC,Bank JTrust Indonesia Tbk.,--U-4105000000G111-----------X,170.0,0.0,0.0,0.0,170.0,0.0,0,0,0,12.7,0,0,0,0,17926071041,17926071041,1111416405,0,0,0,0,0
2025-08-13,BCIC,Bank JTrust Indonesia Tbk.,--U-4105000000G111-----------X,170.0,0.0,0.0,0.0,170.0,0.0,0,0,0,12.7,0,0,0,0,17926071041,17926071041,1111416405,0,0,0,0,0
2025-08-12,BCIC,Bank JTrust Indonesia Tbk.,--U-4105000000G111-----------X,170.0,0.0,0.0,0.0,170.0,0.0,0,0,0,12.7,0,0,0,0,17926071041,17926071041,1111416405,0,0,0,0,0
2025-08-11,BCIC,Bank JTrust Indonesia Tbk.,--U-4105000000G111-----------X,170.0,0.0,0.0,0.0,170.0,0.0,0,0,0,12.7,0,0,0,0,17926071041,17926071041,1111416405,0,0,0,0,0
2025-08-08,BCIC,Bank JTrust Indonesia Tbk.,--U-4105000000G111-----------X,170.0,0.0,0.0,0.0,170.0,0.0,0,0,0,12.7,0,0,0,0,17926071041,17926071041,1111416405,0,0,0,0,0
2025-08-07,BCIC,Bank JTrust Indonesia Tbk.,--U-4105000000G111-----------X,170.0,0.0,0.0,0.0,170.0,0.0,0,0,0,12.7,0,0,0,0,17926071041,17926071041,1111416405,0,0,0,0,0
2025-08-06,BCIC,Bank JTrust Indonesia Tbk.,--U-4105000000G111-----------X,170.0,0.0,0.0,0.0,170.0,0.0,0,0,0,12.7,0,0,0,0,17926071041,17926071041,1111416405,0,0,0,0,0
2025-08-05,BCIC,Bank JTrust Indonesia Tbk.,--U-4105000000G111-----------X,170.0,0.0,0.0,0.0,170.0,0.0,0,0,0,12.7,0,0,0,0,17926071041,17926071041,1111416405,0,0,0,0,0
2025-08-04,BCIC,Bank JTrust Indonesia Tbk.,--U-4105000000G111-----------X,170.0,0.0,0.0,0.0,170.0,0.0,0,0,0,12.7,0,0,0,0,17926071041,17926071041,1111416405,0,0,0,0,0
2025-08-01,BCIC,Bank JTrust Indonesia Tbk.,--U-4105000000G111-----------X,170.0,0.0,0.0,0.0,170.0,0.0,0,0,0,12.7,0,0,0,0,17926071041,17926071041,1111416405,0,0,0,0,0
2025-07-31,BCIC,Bank JTrust Indonesia Tbk.,--U-4105000000G111-----------X,170.0,0.0,0.0,0.0,170.0,0.0,0,0,0,12.7,0,0,0,0,17926071041,17926071041,1111416405,0,0,0,0,0
2025-07-30,BCIC,Bank JTrust Indonesia Tbk.,--U-4105000000G111-----------X,170.0,0.0,0.0,0.0,170.0,0.0,0,0,0,12.7,0,0,0,0,17926071041,17926071041,1111416405,0,0,0,0,0
2025-07-29,BCIC,Bank JTrust Indonesia Tbk.,--U-4105000000G111-----------X,170.0,0.0,0.0,0.0,170.0,0.0,0,0,0,12.7,0,0,0,0,17926071041,17926071041,1111416405,0,0,75000,12750000,1
2025-07-28,BCIC,Bank JTrust Indonesia Tbk.,--U-4105000000G111-----------X,170.0,0.0,0.0,0.0,170.0,0.0,0,0,0,12.7,0,0,0,0,17926071041,17926071041,1111416405,0,0,0,0,0
2025-07-25,BCIC,Bank JTrust Indonesia Tbk.,--U-4105000000G111-----------X,170.0,0.0,0.0,0.0,170.0,0.0,0,0,0,12.7,0,0,0,0,17926071041,17926071041,1111416405,0,0,0,0,0
2025-07-24,BCIC,Bank JTrust Indonesia Tbk.,--U-4105000000G111-----------X,170.0,0.0,0.0,0.0,170.0,0.0,0,0,0,12.7,0,0,0,0,17926071041,17926071041,1111416405,0,0,1775000,301750000,1
2025-07-23,BCIC,Bank JTrust Indonesia Tbk.,--U-4105000000G111-----------X,170.0,0.0,0.0,0.0,170.0,0.0,0,0,0,12.7,0,0,0,0,17926071041,17926071041,1111416405,0,0,0,0,0
2025-07-22,BCIC,Bank JTrust Indonesia Tbk.,--U-4105000000G111-----------X,170.0,0.0,0.0,0.0,170.0,0.0,0,0,0,12.7,0,0,0,0,17926071041,17926071041,1111416405,0,0,437300,74341000,1
2025-07-21,BCIC,Bank JTrust Indonesia Tbk.,--U-4105000000G111-----------X,170.0,0.0,0.0,0.0,170.0,0.0,0,0,0,12.7,0,0,0,0,17926071041,17926071041,1111416405,0,0,0,0,0
2025-07-18,BCIC,Bank JTrust Indonesia Tbk.,--U-4105000000G111-----------X,170.0,0.0,0.0,0.0,170.0,0.0,0,0,0,12.7,0,0,0,0,17926071041,17926071041,1111416405,0,0,32154341,10000000051,1
2025-07-17,BCIC,Bank JTrust Indonesia Tbk.,--U-4105000000G111-----------X,170.0,0.0,0.0,0.0,170.0,0.0,0,0,0,12.7,0,0,0,0,17926071041,17926071041,1111416405,0,0,0,0,0
2025-07-16,BCIC,Bank JTrust Indonesia Tbk.,--U-4105000000G111-----------X,170.0,0.0,0.0,0.0,170.0,0.0,0,0,0,12.7,0,0,0,0,17926071041,17926071041,1111416405,0,0,0,0,0
2025-07-15,BCIC,Bank JTrust Indonesia Tbk.,--U-4105000000G111-----------X,170.0,0.0,0.0,0.0,170.0,0.0,0,0,0,12.7,0,0,0,0,17926071041,17926071041,1111416405,0,0,0,0,0
2025-07-14,BCIC,Bank JTrust Indonesia Tbk.,--U-4105000000G111-----------X,170.0,0.0,0.0,0.0,170.0,0.0,0,0,0,12.7,0,0,0,0,17926071041,17926071041,1111416405,0,0,0,0,0
2025-07-11,BCIC,Bank JTrust Indonesia Tbk.,--U-4105000000G111-----------X,170.0,0.0,0.0,0.0,170.0,0.0,0,0,0,12.7,0,0,0,0,17926071041,17926071041,1111416405,0,0,0,0,0
2025-07-10,BCIC,Bank JTrust Indonesia Tbk.,--U-4105000000G111-----------X,170.0,0.0,0.0,0.0,170.0,0.0,0,0,0,12.7,0,0,0,0,17926071041,17926071041,1111416405,0,0,0,0,0
2025-07-09,BCIC,Bank JTrust Indonesia Tbk.,--U-4105000000G111-----------X,170.0,0.0,0.0,0.0,170.0,0.0,0,0,0,12.7,0,0,0,0,17926071041,17926071041,1111416405,0,0,0,0,0
2025-07-08,BCIC,Bank JTrust Indonesia Tbk.,--U-4105000000G111-----------X,170.0,0.0,0.0,0.0,170.0,0.0,0,0,0,12.7,0,0,0,0,17926071041,17926071041,1111416405,0,0,0,0,0
2025-07-07,BCIC,Bank JTrust Indonesia Tbk.,--U-4105000000G111-----------X,170.0,0.0,0.0,0.0,170.0,0.0,0,0,0,12.7,0,0,0,0,17926071041,17926071041,1111416405,0,0,1310825,275243850,2
2025-07-04,BCIC,Bank JTrust Indonesia Tbk.,--U-4105000000G111-----------X,170.0,0.0,0.0,0.0,170.0,0.0,0,0,0,12.7,0,0,0,0,17926071041,17926071041,1111416405,0,0,0,0,0
2025-07-03,BCIC,Bank JTrust Indonesia Tbk.,--U-4105000000G111-----------X,170.0,0.0,0.0,0.0,170.0,0.0,0,0,0,12.7,0,0,0,0,17926071041,17926071041,1111416405,0,0,0,0,0
2025-07-02,BCIC,Bank JTrust Indonesia Tbk.,--U-4105000000G111-----------X,170.0,0.0,0.0,0.0,170.0,0.0,0,0,0,12.7,0,0,0,0,17926071041,17926071041,1111416405,0,0,0,0,0
2025-07-01,BCIC,Bank JTrust Indonesia Tbk.,--U-4105000000G111-----------X,170.0,0.0,0.0,0.0,170.0,0.0,0,0,0,12.7,0,0,0,0,17926071041,17926071041,1111416405,0,0,0,0,0
2025-06-30,BCIC,Bank JTrust Indonesia Tbk.,--U-4105000000G111-----------X,170.0,0.0,0.0,0.0,170.0,0.0,0,0,0,12.7,0,0,0,0,17926071041,17926071041,1111416405,0,0,0,0,0
2025-06-26,BCIC,Bank JTrust Indonesia Tbk.,--U-4105000000G111-----------X,170.0,0.0,0.0,0.0,170.0,0.0,0,0,0,12.7,0,0,0,0,17926071041,17926071041,1111416405,0,0,0,0,0
2025-06-25,BCIC,Bank JTrust Indonesia Tbk.,--U-4105000000G111-----------X,170.0,0.0,0.0,0.0,170.0,0.0,0,0,0,12.7,0,0,0,0,17926071041,17926071041,1111416405,0,0,0,0,0
2025-06-24,BCIC,Bank JTrust Indonesia Tbk.,--U-4105000000G111-----------X,170.0,0.0,0.0,0.0,170.0,0.0,0,0,0,12.7,0,0,0,0,17926071041,17926071041,1111416405,0,0,0,0,0
2025-06-23,BCIC,Bank JTrust Indonesia Tbk.,--U-4105000000G111-----------X,170.0,0.0,0.0,0.0,170.0,0.0,0,0,0,12.7,0,0,0,0,17926071041,17926071041,1111416405,0,0,0,0,0
2025-06-20,BCIC,Bank JTrust Indonesia Tbk.,--U-4105000000G111-----------X,170.0,0.0,0.0,0.0,170.0,0.0,0,0,0,12.7,0,0,0,0,17926071041,17926071041,1111416405,0,0,0,0,0
2025-06-19,BCIC,Bank JTrust Indonesia Tbk.,--U-4105000000G111-----------X,170.0,0.0,0.0,0.0,170.0,0.0,0,0,0,12.7,0,0,0,0,17926071041,17926071041,1111416405,0,0,0,0,0
2025-06-18,BCIC,Bank JTrust Indonesia Tbk.,--U-4105000000G111-----------X,170.0,0.0,0.0,0.0,170.0,0.0,0,0,0,12.7,0,0,0,0,17926071041,17926071041,1111416405,0,0,0,0,0
2025-06-17,BCIC,Bank JTrust Indonesia Tbk.,--U-4105000000G111-----------X,170.0,0.0,0.0,0.0,170.0,0.0,0,0,0,12.7,0,0,0,0,17926071041,17926071041,1111416405,0,0,0,0,0
2025-06-16,BCIC,Bank JTrust Indonesia Tbk.,--U-4105000000G111-----------X,170.0,0.0,0.0,0.0,170.0,0.0,0,0,0,12.7,0,0,0,0,17926071041,17926071041,1111416405,0,0,0,0,0
2025-06-13,BCIC,Bank JTrust Indonesia Tbk.,--U-4105000000G111-----------X,170.0,0.0,0.0,0.0,170.0,0.0,0,0,0,12.7,0,0,0,0,17926071041,17926071041,1111416405,0,0,0,0,0
2025-06-12,BCIC,Bank JTrust Indonesia Tbk.,--U-4105000000G111-----------X,170.0,0.0,0.0,0.0,170.0,0.0,0,0,0,12.7,0,0,0,0,17926071041,17926071041,1111416405,0,0,0,0,0
2025-06-11,BCIC,Bank JTrust Indonesia Tbk.,--U-4105000000G111-----------X,170.0,0.0,0.0,0.0,170.0,0.0,0,0,0,12.7,0,0,0,0,17926071041,17926071041,1111416405,0,0,160771000,49999781000,1
2025-06-10,BCIC,Bank JTrust Indonesia Tbk.,--U-4105000000G111-----------X,170.0,0.0,0.0,0.0,170.0,0.0,0,0,0,12.7,0,0,0,0,17926071041,17926071041,1111416405,0,0,0,0,0
2025-06-05,BCIC,Bank JTrust Indonesia Tbk.,--U-4105000000G111-----------X,170.0,0.0,0.0,0.0,170.0,0.0,0,0,0,12.7,0,0,0,0,17926071041,17926071041,1111416405,0,0,0,0,0
2025-06-04,BCIC,Bank JTrust Indonesia Tbk.,--U-4105000000G111-----------X,170.0,0.0,0.0,0.0,170.0,0.0,0,0,0,12.7,0,0,0,0,17926071041,17926071041,1111416405,0,0,0,0,0
2025-06-03,BCIC,Bank JTrust Indonesia Tbk.,--U-4105000000G111-----------X,170.0,0.0,0.0,0.0,170.0,0.0,0,0,0,12.7,0,0,0,0,17926071041,17926071041,1111416405,0,0,0,0,0
2025-06-02,BCIC,Bank JTrust Indonesia Tbk.,--U-4105000000G111-----------X,170.0,0.0,0.0,0.0,170.0,0.0,0,0,0,12.7,0,0,0,0,17926071041,17926071041,1111416405,0,0,0,0,0
2025-05-28,BCIC,Bank JTrust Indonesia Tbk.,--U-4105000000G111-----------X,170.0,0.0,0.0,0.0,170.0,0.0,0,0,0,12.7,0,0,0,0,17926071041,17926071041,1111416405,0,0,0,0,0
2025-05-27,BCIC,Bank JTrust Indonesia Tbk.,--UO2105000000G111------------,170.0,0.0,0.0,0.0,170.0,0.0,0,0,0,12.7,0,0,0,0,17926071041,17926071041,1111416405,0,0,0,0,0
2025-05-26,BCIC,Bank JTrust Indonesia Tbk.,--UO2105000000G111------------,170.0,0.0,0.0,0.0,170.0,0.0,0,0,0,12.7,0,0,0,0,17926071041,17926071041,1111416405,0,0,0,0,0
2025-05-23,BCIC,Bank JTrust Indonesia Tbk.,--UO2105000000G111------------,170.0,0.0,0.0,0.0,170.0,0.0,0,0,0,12.7,0,0,0,0,17926071041,17926071041,1111416405,0,0,0,0,0
2025-05-22,BCIC,Bank JTrust Indonesia Tbk.,--UO2105000000G111------------,170.0,0.0,0.0,0.0,170.0,0.0,0,0,0,12.7,0,0,0,0,17926071041,17926071041,1111416405,0,0,0,0,0
2025-05-21,BCIC,Bank JTrust Indonesia Tbk.,--UO2105000000G111------------,170.0,0.0,0.0,0.0,170.0,0.0,0,0,0,12.7,0,0,0,0,17926071041,17926071041,1111416405,0,0,0,0,0
2025-05-20,BCIC,Bank JTrust Indonesia Tbk.,--UO2105000000G111------------,170.0,0.0,0.0,0.0,170.0,0.0,0,0,0,12.7,0,0,0,0,17926071041,17926071041,1111416405,0,0,0,0,0
2025-05-19,BCIC,Bank JTrust Indonesia Tbk.,--UO2105000000G111------------,170.0,0.0,0.0,0.0,170.0,0.0,0,0,0,12.7,0,0,0,0,17926071041,17926071041,1111416405,0,0,0,0,0
2025-05-16,BCIC,Bank JTrust Indonesia Tbk.,--UO2105000000G111------------,170.0,0.0,0.0,0.0,170.0,0.0,0,0,0,12.7,0,0,0,0,17926071041,17926071041,1111416405,0,0,0,0,0
2025-05-15,BCIC,Bank JTrust Indonesia Tbk.,--UO2105000000G111------------,170.0,0.0,0.0,0.0,170.0,0.0,0,0,0,12.7,0,0,0,0,17926071041,17926071041,1111416405,0,0,0,0,0
2025-05-14,BCIC,Bank JTrust Indonesia Tbk.,--UO2105000000G111------------,170.0,0.0,0.0,0.0,170.0,0.0,0,0,0,12.7,0,0,0,0,17926071041,17926071041,1111416405,0,0,0,0,0
2025-05-09,BCIC,Bank JTrust Indonesia Tbk.,--UO2105000000G111------------,170.0,0.0,0.0,0.0,170.0,0.0,0,0,0,12.7,0,0,0,0,17926071041,17926071041,1111416405,0,0,0,0,0
2025-05-08,BCIC,Bank JTrust Indonesia Tbk.,--UO2105000000G111------------,170.0,0.0,0.0,0.0,170.0,0.0,0,0,0,12.7,0,0,0,0,17926071041,17926071041,1111416405,0,0,0,0,0
2025-05-07,BCIC,Bank JTrust Indonesia Tbk.,--UO2105000000G111------------,170.0,0.0,0.0,0.0,170.0,0.0,0,0,0,12.7,0,0,0,0,17926071041,17926071041,1111416405,0,0,0,0,0
2025-05-06,BCIC,Bank JTrust Indonesia Tbk.,--UO2105000000G111------------,170.0,0.0,0.0,0.0,170.0,0.0,0,0,0,12.7,0,0,0,0,17926071041,17926071041,1111416405,0,0,0,0,0
2025-05-05,BCIC,Bank JTrust Indonesia Tbk.,--UO2105000000G111------------,170.0,0.0,0.0,0.0,170.0,0.0,0,0,0,12.7,0,0,0,0,17926071041,17926071041,1111416405,0,0,275000,46750000,1
2025-05-02,BCIC,Bank JTrust Indonesia Tbk.,--UO2105000000G111------------,170.0,0.0,0.0,0.0,170.0,0.0,0,0,0,12.7,0,0,0,0,17926071041,17926071041,1111416405,0,0,0,0,0
2025-04-30,BCIC,Bank JTrust Indonesia Tbk.,--UO2105000000G111------------,170.0,0.0,0.0,0.0,170.0,0.0,0,0,0,12.7,0,0,0,0,17926071041,17926071041,1111416405,0,0,0,0,0
2025-04-29,BCIC,Bank JTrust Indonesia Tbk.,--UO2105000000G111------------,170.0,0.0,0.0,0.0,170.0,0.0,0,0,0,12.7,0,0,0,0,17926071041,17926071041,1111416405,0,0,0,0,0
2025-04-28,BCIC,Bank JTrust Indonesia Tbk.,--UO2105000000G111------------,170.0,0.0,0.0,0.0,170.0,0.0,0,0,0,12.7,0,0,0,0,17926071041,17926071041,1111416405,0,0,0,0,0
2025-04-25,BCIC,Bank JTrust Indonesia Tbk.,--UO2105000000G111------------,170.0,0.0,0.0,0.0,170.0,0.0,0,0,0,12.7,0,0,0,0,17926071041,17926071041,1111416405,0,0,0,0,0
2025-04-24,BCIC,Bank JTrust Indonesia Tbk.,--UO2105000000G111------------,170.0,0.0,0.0,0.0,170.0,0.0,0,0,0,12.7,0,0,0,0,17926071041,17926071041,1111416405,0,0,0,0,0
2025-04-23,BCIC,Bank JTrust Indonesia Tbk.,--UO2105000000G111------------,170.0,0.0,0.0,0.0,170.0,0.0,0,0,0,12.7,0,0,0,0,17926071041,17926071041,1111416405,0,0,0,0,0
2025-04-22,BCIC,Bank JTrust Indonesia Tbk.,--UO2105000000G111------------,170.0,0.0,0.0,0.0,170.0,0.0,0,0,0,12.7,0,0,0,0,17926071041,17926071041,1111416405,0,0,0,0,0
2025-04-21,BCIC,Bank JTrust Indonesia Tbk.,--UO2105000000G111------------,170.0,0.0,0.0,0.0,170.0,0.0,0,0,0,12.7,0,0,0,0,17926071041,17926071041,1111416405,0,0,0,0,0
2025-04-17,BCIC,Bank JTrust Indonesia Tbk.,--UO2105000000G111------------,170.0,0.0,0.0,0.0,170.0,0.0,0,0,0,12.7,0,0,0,0,17926071041,17926071041,1111416405,0,0,0,0,0
2025-04-16,BCIC,Bank JTrust Indonesia Tbk.,--UO2105000000G111------------,170.0,0.0,0.0,0.0,170.0,0.0,0,0,0,12.7,0,0,0,0,17926071041,17926071041,1111416405,0,0,0,0,0
2025-04-15,BCIC,Bank JTrust Indonesia Tbk.,--UO2105000000G111------------,170.0,0.0,0.0,0.0,170.0,0.0,0,0,0,12.7,0,0,0,0,17926071041,17926071041,1111416405,0,0,0,0,0
2025-04-14,BCIC,Bank JTrust Indonesia Tbk.,--UO2105000000G111------------,170.0,0.0,0.0,0.0,170.0,0.0,0,0,0,12.7,0,0,0,0,17926071041,17926071041,1111416405,0,0,0,0,0
2025-04-11,BCIC,Bank JTrust Indonesia Tbk.,--UO2105000000G111------------,170.0,0.0,0.0,0.0,170.0,0.0,0,0,0,12.7,0,0,0,0,17926071041,17926071041,1111416405,0,0,0,0,0
2025-04-10,BCIC,Bank JTrust Indonesia Tbk.,--UO2105000000G111------------,170.0,0.0,0.0,0.0,170.0,0.0,0,0,0,12.7,0,0,0,0,17926071041,17926071041,1111416405,0,0,0,0,0
2025-04-09,BCIC,Bank JTrust Indonesia Tbk.,--UO2105000000G111------------,170.0,0.0,0.0,0.0,170.0,0.0,0,0,0,12.7,0,0,0,0,17926071041,17926071041,1111416405,0,0,0,0,0
2025-04-08,BCIC,Bank JTrust Indonesia Tbk.,--UO2105000000G111------------,170.0,0.0,0.0,0.0,170.0,0.0,0,0,0,12.7,0,0,0,0,17926071041,17926071041,1111416405,0,0,0,0,0
2025-03-27,BCIC,Bank JTrust Indonesia Tbk.,--UO2105000000G111------------,170.0,0.0,0.0,0.0,170.0,0.0,0,0,0,12.7,0,0,0,0,17926071041,17926071041,942911337,0,0,0,0,0
2025-03-26,BCIC,Bank JTrust Indonesia Tbk.,--UO2105000000G111------------,170.0,0.0,0.0,0.0,170.0,0.0,0,0,0,12.7,0,0,0,0,17926071041,17926071041,942911337,0,0,0,0,0
2025-03-25,BCIC,Bank JTrust Indonesia Tbk.,--UO2105000000G111------------,170.0,0.0,0.0,0.0,170.0,0.0,0,0,0,12.7,0,0,0,0,17926071041,17926071041,942911337,0,0,0,0,0
2025-03-24,BCIC,Bank JTrust Indonesia Tbk.,--UO2105000000G111------------,170.0,0.0,0.0,0.0,170.0,0.0,0,0,0,12.7,0,0,0,0,17926071041,17926071041,942911337,0,0,0,0,0
2025-03-21,BCIC,Bank JTrust Indonesia Tbk.,--UO2105000000G111------------,170.0,0.0,0.0,0.0,170.0,0.0,0,0,0,12.7,0,0,0,0,17926071041,17926071041,942911337,0,0,99,16830,1
2025-03-20,BCIC,Bank JTrust Indonesia Tbk.,--UO2105000000G111------------,170.0,0.0,0.0,0.0,170.0,0.0,0,0,0,12.7,0,0,0,0,17926071041,17926071041,942911337,0,0,0,0,0
2025-03-19,BCIC,Bank JTrust Indonesia Tbk.,--UO2105000000G111------------,170.0,0.0,0.0,0.0,170.0,0.0,0,0,0,12.7,0,0,0,0,17926071041,17926071041,942911337,0,0,0,0,0
2025-03-18,BCIC,Bank JTrust Indonesia Tbk.,--UO2105000000G111------------,170.0,0.0,0.0,0.0,170.0,0.0,0,0,0,12.7,0,0,0,0,17926071041,17926071041,942911337,0,0,0,0,0
2025-03-17,BCIC,Bank JTrust Indonesia Tbk.,--UO2105000000G111------------,170.0,0.0,0.0,0.0,170.0,0.0,0,0,0,12.7,0,0,0,0,17926071041,17926071041,942911337,0,0,0,0,0
2025-03-14,BCIC,Bank JTrust Indonesia Tbk.,--UO2105000000G111------------,170.0,0.0,0.0,0.0,170.0,0.0,0,0,0,12.7,0,0,0,0,17926071041,17926071041,942911337,0,0,0,0,0
2025-03-13,BCIC,Bank JTrust Indonesia Tbk.,--UO2105000000G111------------,170.0,0.0,0.0,0.0,170.0,0.0,0,0,0,12.7,0,0,0,0,17926071041,17926071041,942911337,0,0,5,850,1
2025-03-12,BCIC,Bank JTrust Indonesia Tbk.,--UO2105000000G111------------,170.0,0.0,0.0,0.0,170.0,0.0,0,0,0,12.7,0,0,0,0,17926071041,17926071041,942911337,0,0,0,0,0
2025-03-11,BCIC,Bank JTrust Indonesia Tbk.,--UO2105000000G111------------,170.0,0.0,0.0,0.0,170.0,0.0,0,0,0,12.7,0,0,0,0,17926071041,17926071041,942911337,0,0,0,0,0
2025-03-10,BCIC,Bank JTrust Indonesia Tbk.,--UO2105000000G111------------,170.0,0.0,0.0,0.0,170.0,0.0,0,0,0,12.7,0,0,0,0,17926071041,17926071041,942911337,0,0,0,0,0
2025-03-07,BCIC,Bank JTrust Indonesia Tbk.,--UO2105000000G111------------,170.0,0.0,0.0,0.0,170.0,0.0,0,0,0,12.7,0,0,0,0,17926071041,17926071041,942911337,0,0,0,0,0
2025-03-06,BCIC,Bank JTrust Indonesia Tbk.,--UO2105000000G111------------,170.0,0.0,0.0,0.0,170.0,0.0,0,0,0,12.7,0,0,0,0,17926071041,17926071041,942911337,0,0,0,0,0
2025-03-05,BCIC,Bank JTrust Indonesia Tbk.,--UO2105000000G111------------,170.0,0.0,0.0,0.0,170.0,0.0,0,0,0,12.7,0,0,0,0,17926071041,17926071041,942911337,0,0,0,0,0
2025-03-04,BCIC,Bank JTrust Indonesia Tbk.,--UO2105000000G111------------,170.0,0.0,0.0,0.0,170.0,0.0,0,0,0,12.7,0,0,0,0,17926071041,17926071041,942911337,0,0,0,0,0
2025-03-03,BCIC,Bank JTrust Indonesia Tbk.,--UO2105000000G111------------,170.0,0.0,0.0,0.0,170.0,0.0,0,0,0,12.7,0,0,0,0,17926071041,17926071041,942911337,0,0,0,0,0
2025-02-28,BCIC,Bank JTrust Indonesia Tbk.,--UO2105000000G111------------,170.0,0.0,0.0,0.0,170.0,0.0,0,0,0,12.7,0,0,0,0,17926071041,17926071041,942911337,0,0,0,0,0
2025-02-27,BCIC,Bank JTrust Indonesia Tbk.,--UO2105000000G111------------,170.0,0.0,0.0,0.0,170.0,0.0,0,0,0,12.7,0,0,0,0,17926071041,17926071041,942911337,0,0,169233373,52631579003,1
2025-02-26,BCIC,Bank JTrust Indonesia Tbk.,--UO2105000000G111------------,170.0,0.0,0.0,0.0,170.0,0.0,0,0,0,12.7,0,0,0,0,17926071041,17926071041,942911337,0,0,0,0,0
2025-02-25,BCIC,Bank JTrust Indonesia Tbk.,--UO2105000000G111------------,170.0,0.0,0.0,0.0,170.0,0.0,0,0,0,12.7,0,0,0,0,17926071041,17926071041,942911337,0,0,0,0,0
2025-02-24,BCIC,Bank JTrust Indonesia Tbk.,--UO2105000000G111------------,170.0,0.0,0.0,0.0,170.0,0.0,0,0,0,12.7,0,0,0,0,17926071041,17926071041,942911337,0,0,0,0,0
2025-02-21,BCIC,Bank JTrust Indonesia Tbk.,--UO2105000000G111------------,170.0,0.0,0.0,0.0,170.0,0.0,0,0,0,12.7,0,0,0,0,17926071041,17926071041,942911337,0,0,0,0,0
2025-02-20,BCIC,Bank JTrust Indonesia Tbk.,--UO2105000000G111------------,170.0,0.0,0.0,0.0,170.0,0.0,0,0,0,12.7,0,0,0,0,17926071041,17926071041,942911337,0,0,0,0,0
2025-02-19,BCIC,Bank JTrust Indonesia Tbk.,--UO2105000000G111------------,170.0,0.0,0.0,0.0,170.0,0.0,0,0,0,12.7,0,0,0,0,17926071041,17926071041,942911337,0,0,0,0,0
2025-02-18,BCIC,Bank JTrust Indonesia Tbk.,--UO2105000000G111------------,170.0,0.0,0.0,0.0,170.0,0.0,0,0,0,12.7,0,0,0,0,17926071041,17926071041,942911337,0,0,10000,2400000,1
2025-02-17,BCIC,Bank JTrust Indonesia Tbk.,--UO2105000000G111------------,170.0,0.0,0.0,0.0,170.0,0.0,0,0,0,12.7,0,0,0,0,17926071041,17926071041,942911337,0,0,0,0,0
2025-02-14,BCIC,Bank JTrust Indonesia Tbk.,--UO2105000000G111------------,170.0,0.0,0.0,0.0,170.0,0.0,0,0,0,12.7,0,0,0,0,17926071041,17926071041,942911337,0,0,0,0,0
2025-02-13,BCIC,Bank JTrust Indonesia Tbk.,--UO2105000000G111------------,170.0,0.0,0.0,0.0,170.0,0.0,0,0,0,12.7,0,0,0,0,17926071041,17926071041,942911337,0,0,0,0,0
2025-02-12,BCIC,Bank JTrust Indonesia Tbk.,--UO2105000000G111------------,170.0,0.0,0.0,0.0,170.0,0.0,0,0,0,12.7,0,0,0,0,17926071041,17926071041,942911337,0,0,0,0,0
2025-02-11,BCIC,Bank JTrust Indonesia Tbk.,--UO2105000000G111------------,170.0,0.0,0.0,0.0,170.0,0.0,0,0,0,12.7,0,0,0,0,17926071041,17926071041,942911337,0,0,0,0,0
2025-02-10,BCIC,Bank JTrust Indonesia Tbk.,--UO2105000000G111------------,170.0,0.0,0.0,0.0,170.0,0.0,0,0,0,12.7,0,0,0,0,17926071041,17926071041,942911337,0,0,0,0,0
2025-02-07,BCIC,Bank JTrust Indonesia Tbk.,--UO2105000000G111------------,170.0,0.0,0.0,0.0,170.0,0.0,0,0,0,12.7,0,0,0,0,17926071041,17926071041,942911337,0,0,0,0,0
2025-02-06,BCIC,Bank JTrust Indonesia Tbk.,--UO2105000000G111------------,170.0,0.0,0.0,0.0,170.0,0.0,0,0,0,12.7,0,0,0,0,17926071041,17926071041,942911337,0,0,0,0,0
2025-02-05,BCIC,Bank JTrust Indonesia Tbk.,--UO2105000000G111------------,170.0,0.0,0.0,0.0,170.0,0.0,0,0,0,12.7,0,0,0,0,17926071041,17926071041,942911337,0,0,0,0,0
2025-02-04,BCIC,Bank JTrust Indonesia Tbk.,--UO2105000000G111------------,170.0,0.0,0.0,0.0,170.0,0.0,0,0,0,12.7,0,0,0,0,17926071041,17926071041,942911337,0,0,0,0,0
2025-02-03,BCIC,Bank JTrust Indonesia Tbk.,--UO2105000000G111------------,170.0,0.0,0.0,0.0,170.0,0.0,0,0,0,12.7,0,0,0,0,17926071041,17926071041,942911337,0,0,0,0,0
2025-01-31,BCIC,Bank JTrust Indonesia Tbk.,--UO2105000000G111------------,170.0,0.0,0.0,0.0,170.0,0.0,0,0,0,12.7,0,0,0,0,17926071041,17926071041,942911337,0,0,0,0,0
2025-01-30,BCIC,Bank JTrust Indonesia Tbk.,--UO2105000000G111------------,142.0,142.0,185.0,142.0,170.0,28.0,9730500,1690397900,2131,12.7,171,25100,170,126300,17926071041,17926071041,942911337,1193200,58300,0,0,0
2025-01-24,BCIC,Bank JTrust Indonesia Tbk.,--UO2105000000G111------------,144.0,147.0,151.0,142.0,142.0,-2.0,325800,47520900,145,10.6,144,400,142,15900,17926071041,17926071041,942911337,99000,26400,0,0,0
2025-01-23,BCIC,Bank JTrust Indonesia Tbk.,--UO2105000000G111------------,156.0,156.0,156.0,131.0,144.0,-12.0,1585700,225559900,365,10.8,145,100,142,32600,17926071041,17926071041,942911337,166800,101200,0,0,0
2025-01-22,BCIC,Bank JTrust Indonesia Tbk.,--UO2105000000G111------------,154.0,0.0,158.0,150.0,156.0,2.0,565800,87631900,96,11.7,156,37200,155,7100,17926071041,17926071041,942911337,25600,59100,0,0,0
2025-01-21,BCIC,Bank JTrust Indonesia Tbk.,--UO2105000000G111------------,155.0,155.0,158.0,148.0,154.0,-1.0,1041200,157327900,141,11.5,155,3500,154,3700,17926071041,17926071041,942911337,50100,100000,0,0,0
2025-01-20,BCIC,Bank JTrust Indonesia Tbk.,--UO2105000000G111------------,156.0,156.0,157.0,154.0,155.0,-1.0,459100,71094400,121,11.6,156,10000,155,36500,17926071041,17926071041,942911337,53200,0,0,0,0
2025-01-17,BCIC,Bank JTrust Indonesia Tbk.,--UO2105000000G111------------,162.0,162.0,164.0,156.0,156.0,-6.0,356600,56235300,104,11.7,160,67900,156,800,17926071041,17926071041,942911337,17100,700,0,0,0
2025-01-16,BCIC,Bank JTrust Indonesia Tbk.,--UO2105000000G111------------,155.0,155.0,163.0,155.0,162.0,7.0,1351200,214042200,141,12.1,162,156800,161,8000,17926071041,17926071041,942911337,265600,261800,0,0,0
2025-01-15,BCIC,Bank JTrust Indonesia Tbk.,--UO2105000000G111------------,158.0,0.0,160.0,147.0,155.0,-3.0,1453900,225288900,310,11.6,155,33400,154,37800,17926071041,17926071041,942911337,439700,102200,0,0,0
2025-01-14,BCIC,Bank JTrust Indonesia Tbk.,--UO2105000000G111------------,163.0,0.0,162.0,158.0,158.0,-5.0,730800,115908400,111,11.8,159,31100,158,30200,17926071041,17926071041,942911337,301000,157700,0,0,0
2025-01-13,BCIC,Bank JTrust Indonesia Tbk.,--UO2105000000G111------------,164.0,0.0,167.0,159.0,163.0,-1.0,765700,124211500,111,12.2,165,1500,163,1000,17926071041,17926071041,942911337,115100,178300,0,0,0
2025-01-10,BCIC,Bank JTrust Indonesia Tbk.,--UO2105000000G111------------,162.0,0.0,165.0,159.0,164.0,2.0,499100,81107900,85,12.3,164,3000,162,175000,17926071041,17926071041,942911337,116900,265000,0,0,0
2025-01-09,BCIC,Bank JTrust Indonesia Tbk.,--UO2105000000G111------------,167.0,0.0,167.0,161.0,162.0,-5.0,901000,146946600,115,12.1,163,500,162,27200,17926071041,17926071041,942911337,102200,0,0,0,0
2025-01-08,BCIC,Bank JTrust Indonesia Tbk.,--UO2105000000G111------------,170.0,170.0,170.0,166.0,167.0,-3.0,207500,34630100,100,12.5,167,54200,166,102100,17926071041,17926071041,942911337,72900,0,0,0,0
2025-01-07,BCIC,Bank JTrust Indonesia Tbk.,--UO2105000000G111------------,169.0,170.0,171.0,165.0,170.0,1.0,1633300,272469000,145,12.7,170,55200,165,60400,17926071041,17926071041,942911337,1380200,0,0,0,0
2025-01-06,BCIC,Bank JTrust Indonesia Tbk.,--UO2105000000G111------------,177.0,178.0,178.0,169.0,169.0,-8.0,858500,146816200,223,12.7,171,3200,169,180500,17926071041,17926071041,942911337,323700,0,0,0,0
2025-01-03,BCIC,Bank JTrust Indonesia Tbk.,--UO2105000000G111------------,178.0,179.0,179.0,176.0,177.0,-1.0,264600,47008400,116,13.3,178,100,177,16800,17926071041,17926071041,942911337,118000,0,0,0,0
2025-01-02,BCIC,Bank JTrust Indonesia Tbk.,--UO2105000000G111------------,187.0,180.0,182.0,177.0,178.0,-9.0,736300,132183600,177,13.3,180,5000,178,135100,17926071041,17926071041,942911337,215000,8300,0,0,0
2024-12-30,BCIC,Bank JTrust Indonesia Tbk.,--UO2105000000G111------------,180.0,180.0,187.0,177.0,187.0,7.0,2663500,492028400,112,14.0,187,783400,180,300,17926071041,17926071041,926777873,405100,1908200,0,0,0
2024-12-27,BCIC,Bank JTrust Indonesia Tbk.,--UO2105000000G111------------,180.0,180.0,181.0,174.0,180.0,0.0,1912300,338945400,133,13.5,180,483000,174,45600,17926071041,17926071041,926777873,1044300,357900,0,0,0
2024-12-24,BCIC,Bank JTrust Indonesia Tbk.,--UO2105000000G111------------,184.0,181.0,182.0,178.0,180.0,-4.0,1650800,297958700,118,13.5,180,142700,178,13300,17926071041,17926071041,926777873,450500,79200,0,0,0
2024-12-23,BCIC,Bank JTrust Indonesia Tbk.,--UO2105000000G111------------,178.0,174.0,185.0,173.0,184.0,6.0,6514500,1178695700,203,13.8,184,203900,179,8700,17926071041,17926071041,926777873,2654800,2945700,0,0,0
2024-12-20,BCIC,Bank JTrust Indonesia Tbk.,--UO2105000000G111------------,184.0,180.0,196.0,168.0,178.0,-6.0,27802800,5266551900,726,13.3,178,256100,171,303000,17926071041,17926071041,926777873,4266200,10731400,0,0,0
2024-12-19,BCIC,Bank JTrust Indonesia Tbk.,--UO2105000000G111------------,199.0,195.0,195.0,184.0,184.0,-15.0,3514900,658917300,400,13.8,186,11400,183,52500,17926071041,17926071041,926777873,396500,10800,0,0,0
2024-12-18,BCIC,Bank JTrust Indonesia Tbk.,--UO2105000000G111------------,198.0,198.0,204.0,197.0,199.0,1.0,2111900,423883100,146,14.9,199,611600,197,94700,17926071041,17926071041,926777873,672000,630500,0,0,0
2024-12-17,BCIC,Bank JTrust Indonesia Tbk.,--UO2105000000G111------------,200.0,0.0,204.0,198.0,198.0,-2.0,4195400,842916700,187,14.8,200,4400,198,49300,17926071041,17926071041,926777873,1726400,2114100,0,0,0
2024-12-16,BCIC,Bank JTrust Indonesia Tbk.,--UO2105000000G111------------,206.0,208.0,208.0,187.0,200.0,-6.0,5118600,1012657600,592,15.0,202,40800,200,339100,17926071041,17926071041,926777873,428600,290100,2,400,1
2024-12-13,BCIC,Bank JTrust Indonesia Tbk.,--UO2105000000G111------------,222.0,222.0,224.0,197.0,206.0,-16.0,17576800,3765430200,960,15.4,206,150700,204,123300,17926071041,17926071041,926777873,2653200,8178500,0,0,0
2024-12-12,BCIC,Bank JTrust Indonesia Tbk.,--UO2105000000G111------------,208.0,208.0,228.0,208.0,222.0,14.0,36434900,8003092800,2007,16.6,222,898800,220,2083800,17926071041,17926071041,926777873,10856600,13447400,0,0,0
2024-12-11,BCIC,Bank JTrust Indonesia Tbk.,--UO2105000000G111------------,210.0,0.0,214.0,206.0,208.0,-2.0,3053800,641077200,271,15.6,210,455400,208,18900,17926071041,17926071041,926777873,977800,510500,0,0,0
2024-12-10,BCIC,Bank JTrust Indonesia Tbk.,--UO2105000000G111------------,206.0,208.0,212.0,200.0,210.0,4.0,4869800,1014089800,430,15.7,210,440300,208,383700,17926071041,17926071041,926777873,180500,827500,0,0,0
2024-12-09,BCIC,Bank JTrust Indonesia Tbk.,--UO2105000000G111------------,202.0,200.0,214.0,199.0,206.0,4.0,5779800,1197987500,348,15.4,206,3400,204,80600,17926071041,17926071041,926777873,372700,2676800,0,0,0
2024-12-06,BCIC,Bank JTrust Indonesia Tbk.,--U-2105000000G111------------,200.0,0.0,202.0,198.0,202.0,2.0,2530900,506540500,193,15.1,202,221400,199,57900,17926071041,17926071041,926777873,116000,1458000,0,0,0
2024-12-05,BCIC,Bank JTrust Indonesia Tbk.,--U-2105000000G111------------,202.0,0.0,206.0,199.0,200.0,-2.0,1889000,380681000,216,15.0,200,181800,199,176900,17926071041,17926071041,926777873,264100,624300,0,0,0
2024-12-04,BCIC,Bank JTrust Indonesia Tbk.,--U-2105000000G111------------,204.0,0.0,206.0,198.0,202.0,-2.0,5017300,1006487500,214,15.1,204,208000,202,168100,17926071041,17926071041,926777873,180200,2543000,0,0,0
2024-12-03,BCIC,Bank JTrust Indonesia Tbk.,--U-2105000000G111------------,200.0,0.0,206.0,196.0,204.0,4.0,6894200,1383135000,396,15.3,204,257700,202,96900,17926071041,17926071041,926777873,1673800,3501200,0,0,0
2024-12-02,BCIC,Bank JTrust Indonesia Tbk.,--U-2105000000G111------------,206.0,0.0,214.0,198.0,200.0,-6.0,8908500,1808684900,604,15.0,202,155800,200,6400,17926071041,17926071041,926777873,886400,4126900,0,0,0
2024-11-29,BCIC,Bank JTrust Indonesia Tbk.,--U-2105000000G111------------,200.0,0.0,210.0,197.0,206.0,6.0,21679700,4386350100,1074,15.4,206,428400,204,1500,17926071041,17926071041,926777873,3553100,5954300,0,0,0
2024-11-28,BCIC,Bank JTrust Indonesia Tbk.,--U-2105000000G111------------,190.0,0.0,200.0,186.0,200.0,10.0,15857000,3084668600,532,15.0,202,23700,200,89700,17926071041,17926071041,926777873,4157900,2093700,0,0,0
2024-11-26,BCIC,Bank JTrust Indonesia Tbk.,--U-2105000000G111------------,188.0,0.0,197.0,187.0,190.0,2.0,8568400,1635376400,853,14.2,192,78600,190,43200,17926071041,17926071041,926777873,876100,1877300,0,0,0
2024-11-25,BCIC,Bank JTrust Indonesia Tbk.,--U-2105000000G111------------,174.0,0.0,208.0,174.0,188.0,14.0,39880600,7715625200,4383,14.1,188,34100,187,27200,17926071041,17926071041,926777873,8871900,6999600,13148900,4089307900,1
2024-11-22,BCIC,Bank JTrust Indonesia Tbk.,--U-2105000000G111------------,183.0,0.0,183.0,152.0,174.0,-9.0,9650100,1638083600,1017,13.0,178,14600,174,41800,17926071041,17926071041,926777873,1412200,1373000,0,0,0
2024-11-21,BCIC,Bank JTrust Indonesia Tbk.,--U-2105000000G111------------,195.0,0.0,195.0,181.0,183.0,-12.0,5111100,958489100,712,13.7,183,77900,182,93500,17926071041,17926071041,926777873,980400,260000,0,0,0
2024-11-20,BCIC,Bank JTrust Indonesia Tbk.,--U-2105000000G111------------,197.0,0.0,204.0,191.0,195.0,-2.0,8785100,1734650300,414,14.6,195,212400,192,190400,17926071041,17926071041,926777873,3959200,3660100,0,0,0
2024-11-19,BCIC,Bank JTrust Indonesia Tbk.,--U-2105000000G111------------,196.0,0.0,206.0,192.0,197.0,1.0,11972700,2396043200,540,14.8,197,207000,196,139000,17926071041,17926071041,926777873,4570700,5315300,0,0,0
2024-11-18,BCIC,Bank JTrust Indonesia Tbk.,--U-2105000000G111------------,197.0,0.0,200.0,190.0,196.0,-1.0,2013200,390686500,308,14.7,196,376200,192,10000,17926071041,17926071041,926777873,821000,610000,0,0,0
2024-11-15,BCIC,Bank JTrust Indonesia Tbk.,--U-2105000000G111------------,192.0,0.0,200.0,188.0,197.0,5.0,4144200,804619700,385,14.8,197,50700,196,100,17926071041,17926071041,926777873,990100,2953900,0,0,0
2024-11-14,BCIC,Bank JTrust Indonesia Tbk.,--U-2105000000G111------------,192.0,0.0,194.0,187.0,192.0,0.0,4154900,789868700,296,14.4,192,31200,188,17900,17926071041,17926071041,926777873,929100,2950700,0,0,0
2024-11-13,BCIC,Bank JTrust Indonesia Tbk.,--U-2105000000G111------------,190.0,0.0,195.0,186.0,192.0,2.0,3737400,709333300,310,14.4,192,25900,188,53200,17926071041,17926071041,926777873,467100,1154400,0,0,0
2024-11-12,BCIC,Bank JTrust Indonesia Tbk.,--U-2105000000G111------------,195.0,0.0,200.0,190.0,190.0,-5.0,3564100,685309500,358,14.2,192,2400,190,1600,17926071041,17926071041,926777873,107300,135400,0,0,0
2024-11-11,BCIC,Bank JTrust Indonesia Tbk.,--U-2105000000G111------------,212.0,0.0,214.0,188.0,195.0,-17.0,10070700,1977397800,946,14.6,197,20000,195,494600,17926071041,17926071041,926777873,527100,2937100,0,0,0
2024-11-08,BCIC,Bank JTrust Indonesia Tbk.,--U-2105000000G111------------,204.0,0.0,214.0,200.0,212.0,8.0,9078100,1896891400,703,15.9,212,1896800,210,23800,17926071041,17926071041,926777873,1798300,1545400,0,0,0
2024-11-07,BCIC,Bank JTrust Indonesia Tbk.,--U-2105000000G111------------,216.0,0.0,226.0,199.0,204.0,-12.0,14103200,2959992400,1214,15.3,204,1450600,202,181800,17926071041,17926071041,926777873,670000,2558500,7,1456,1
2024-11-06,BCIC,Bank JTrust Indonesia Tbk.,--U-2105000000G111------------,195.0,0.0,226.0,192.0,216.0,21.0,32521400,6945909900,2253,16.2,216,1176100,212,7900,17926071041,17926071041,926777873,2781800,2971200,0,0,0
2024-11-05,BCIC,Bank JTrust Indonesia Tbk.,--U-2105000000G111------------,197.0,0.0,210.0,192.0,195.0,-2.0,6362400,1257692400,700,14.6,198,1000,194,318100,17926071041,17926071041,926777873,787400,2918000,0,0,0
2024-11-04,BCIC,Bank JTrust Indonesia Tbk.,--U-2105000000G111------------,191.0,0.0,210.0,188.0,197.0,6.0,19683800,3895560000,1497,14.8,197,100900,196,2100,17926071041,17926071041,926777873,2261000,4713400,0,0,0
2024-11-01,BCIC,Bank JTrust Indonesia Tbk.,--U-2105000000G111------------,190.0,0.0,198.0,190.0,191.0,1.0,4575800,879850400,343,14.3,191,236100,190,733200,17926071041,17926071041,926777873,266500,1056200,0,0,0
2024-10-31,BCIC,Bank JTrust Indonesia Tbk.,--U-2105000000G111------------,191.0,0.0,193.0,187.0,190.0,-1.0,4935400,934204100,315,14.2,191,61200,190,474600,17926071041,17926071041,926777873,422000,1220700,0,0,0
2024-10-30,BCIC,Bank JTrust Indonesia Tbk.,--U-2105000000G111------------,191.0,0.0,193.0,186.0,191.0,0.0,2867000,543674600,305,14.3,191,120200,190,100000,17926071041,17926071041,926777873,128900,1097500,0,0,0
2024-10-29,BCIC,Bank JTrust Indonesia Tbk.,--U-2105000000G111------------,190.0,0.0,194.0,189.0,191.0,1.0,3791000,727976900,316,14.3,193,274600,191,211200,17926071041,17926071041,926777873,756500,1054700,0,0,0
2024-10-28,BCIC,Bank JTrust Indonesia Tbk.,--U-2105000000G111------------,190.0,0.0,195.0,184.0,190.0,0.0,5483700,1029522600,421,14.2,190,43100,188,42800,17926071041,17926071041,926777873,334900,2229700,0,0,0
2024-10-25,BCIC,Bank JTrust Indonesia Tbk.,--U-2105000000G111------------,189.0,0.0,194.0,186.0,190.0,1.0,1706200,323158300,236,14.2,190,17000,189,182700,17926071041,17926071041,926777873,25000,18000,0,0,0
2024-10-24,BCIC,Bank JTrust Indonesia Tbk.,--U-2105000000G111------------,190.0,0.0,199.0,189.0,189.0,-1.0,7478600,1437122400,417,14.2,191,70000,189,277600,17926071041,17926071041,926777873,210000,1604700,0,0,0
2024-10-23,BCIC,Bank JTrust Indonesia Tbk.,--U-2105000000G111------------,195.0,0.0,196.0,190.0,190.0,-5.0,6064300,1163144400,404,14.2,192,11600,190,140500,17926071041,17926071041,926777873,157500,377900,0,0,0
2024-10-22,BCIC,Bank JTrust Indonesia Tbk.,--U-2105000000G111------------,195.0,0.0,202.0,193.0,195.0,0.0,5789300,1141449500,566,14.6,196,529300,195,73400,17926071041,17926071041,926777873,239000,338300,0,0,0
2024-10-21,BCIC,Bank JTrust Indonesia Tbk.,--U-2105000000G111------------,196.0,0.0,198.0,193.0,195.0,-1.0,2746700,533870100,381,14.6,196,277600,195,114700,17926071041,17926071041,926777873,201200,543700,0,0,0
2024-10-18,BCIC,Bank JTrust Indonesia Tbk.,--U-2105000000G111------------,202.0,0.0,204.0,189.0,196.0,-6.0,13199500,2561056200,1021,14.7,197,18500,196,240600,17926071041,17926071041,926777873,327200,577800,0,0,0
2024-10-17,BCIC,Bank JTrust Indonesia Tbk.,--U-2105000000G111------------,204.0,0.0,210.0,198.0,202.0,-2.0,11097000,2243477600,999,15.1,202,564000,200,8000,17926071041,17926071041,926777873,605800,534200,0,0,0
2024-10-16,BCIC,Bank JTrust Indonesia Tbk.,--U-2105000000G111------------,193.0,0.0,212.0,187.0,204.0,11.0,33669500,6807256500,2384,15.3,206,161000,204,1623800,17926071041,17926071041,926777873,2351800,1488200,0,0,0
2024-10-15,BCIC,Bank JTrust Indonesia Tbk.,--U-2105000000G111------------,186.0,0.0,196.0,181.0,193.0,7.0,9667600,1836117500,987,14.5,194,88500,193,2119600,17926071041,17926071041,926777873,1585300,424500,0,0,0
2024-10-14,BCIC,Bank JTrust Indonesia Tbk.,--U-2105000000G111------------,185.0,0.0,204.0,184.0,186.0,1.0,29009400,5601454800,2307,13.9,188,300700,186,295300,17926071041,17926071041,926777873,1135000,807700,0,0,0
2024-10-11,BCIC,Bank JTrust Indonesia Tbk.,--U-2105000000G111------------,195.0,0.0,200.0,179.0,185.0,-10.0,17117400,3187700000,1953,13.9,186,319700,185,732400,17926071041,17926071041,926777873,877700,351900,0,0,0
2024-10-10,BCIC,Bank JTrust Indonesia Tbk.,--U-2105000000G111------------,195.0,0.0,0.0,0.0,195.0,0.0,0,0,0,14.6,0,0,0,0,17926071041,17926071041,926777873,0,0,0,0,0
2024-10-09,BCIC,Bank JTrust Indonesia Tbk.,--U-2105000000G111------------,165.0,0.0,206.0,162.0,195.0,30.0,73316000,14127856100,7398,14.6,196,5400,195,566400,17926071041,17926071041,926777873,2504300,3442600,0,0,0
2024-10-08,BCIC,Bank JTrust Indonesia Tbk.,--U-2105000000G111------------,157.0,0.0,167.0,156.0,165.0,8.0,15564000,2515957300,739,12.4,166,52400,165,256100,17926071041,17926071041,926777873,2219800,163100,0,0,0
2024-10-07,BCIC,Bank JTrust Indonesia Tbk.,--U-2105000000G111------------,153.0,0.0,169.0,151.0,157.0,4.0,15045200,2414160000,1347,11.8,157,36900,156,500700,17926071041,17926071041,926777873,2901400,735400,0,0,0
2024-10-04,BCIC,Bank JTrust Indonesia Tbk.,--U-2105000000G111------------,145.0,0.0,168.0,145.0,153.0,8.0,20161600,3136642200,2250,11.5,154,14500,153,98200,17926071041,17926071041,926777873,1179800,2791300,0,0,0
2024-10-03,BCIC,Bank JTrust Indonesia Tbk.,--U-2105000000G111------------,145.0,0.0,145.0,135.0,145.0,0.0,6515500,925492500,355,10.9,145,62700,143,900,17926071041,17926071041,926777873,2000000,1269100,0,0,0
2024-10-02,BCIC,Bank JTrust Indonesia Tbk.,--U-2105000000G111------------,141.0,0.0,156.0,141.0,145.0,4.0,25661600,3803101400,2047,10.9,145,153800,142,20100,17926071041,17926071041,926777873,2668900,4270500,0,0,0
2024-10-01,BCIC,Bank JTrust Indonesia Tbk.,--U-2105000000G111------------,135.0,0.0,145.0,134.0,141.0,6.0,4290200,595304600,359,10.6,142,1500,141,1200,17926071041,17926071041,926777873,250500,2162100,0,0,0
2024-09-30,BCIC,Bank JTrust Indonesia Tbk.,--U-2105000000G111------------,143.0,0.0,148.0,135.0,135.0,-8.0,2518200,351948100,495,10.1,135,497800,134,121200,17926071041,17926071041,760065412,0,205500,0,0,0
2024-09-27,BCIC,Bank JTrust Indonesia Tbk.,--U-2105000000G111------------,137.0,0.0,144.0,131.0,143.0,6.0,6129000,857918700,582,10.7,144,526300,143,12000,17926071041,17926071041,760065412,139100,163200,0,0,0
2024-09-26,BCIC,Bank JTrust Indonesia Tbk.,--U-2105000000G111------------,137.0,0.0,147.0,131.0,137.0,0.0,13097500,1822257000,1256,10.3,137,7200,136,27800,17926071041,17926071041,760065412,453300,784900,0,0,0
2024-09-25,BCIC,Bank JTrust Indonesia Tbk.,--U-2105000000G111------------,118.0,0.0,153.0,118.0,137.0,19.0,47811300,6606763300,5268,10.3,137,489200,136,30300,17926071041,17926071041,760065412,1920400,1634800,0,0,0
2024-09-24,BCIC,Bank JTrust Indonesia Tbk.,--U-2105000000G111------------,113.0,0.0,123.0,111.0,118.0,5.0,5662700,672890600,604,8.8,118,22000,117,222200,17926071041,17926071041,760065412,65900,197700,0,0,0
2024-09-23,BCIC,Bank JTrust Indonesia Tbk.,--U-2105000000G111------------,107.0,0.0,120.0,108.0,113.0,6.0,8356600,964292400,1100,8.5,113,30200,111,50000,17926071041,17926071041,760065412,355400,634600,0,0,0
2024-09-20,BCIC,Bank JTrust Indonesia Tbk.,--U-2105000000G111------------,110.0,0.0,113.0,107.0,107.0,-3.0,1242000,136673000,209,8.0,109,86600,107,216100,17926071041,17926071041,760065412,92700,6400,0,0,0
2024-09-19,BCIC,Bank JTrust Indonesia Tbk.,--U-2105000000G111------------,106.0,0.0,110.0,105.0,110.0,4.0,1567000,170597200,224,8.2,110,31400,109,47900,17926071041,17926071041,760065412,0,96400,0,0,0
2024-09-18,BCIC,Bank JTrust Indonesia Tbk.,--U-2105000000G111------------,108.0,0.0,109.0,105.0,106.0,-2.0,1307300,139479500,193,7.9,107,20000,106,14600,17926071041,17926071041,760065412,0,47500,0,0,0
2024-09-17,BCIC,Bank JTrust Indonesia Tbk.,--U-2105000000G111------------,101.0,0.0,109.0,101.0,108.0,7.0,2491300,264018400,387,8.1,109,76400,108,109200,17926071041,17926071041,760065412,186700,156700,0,0,0
2024-09-13,BCIC,Bank JTrust Indonesia Tbk.,--U-2105000000G111------------,102.0,0.0,106.0,99.0,101.0,-1.0,1278000,128735500,228,7.6,102,4300,100,116300,17926071041,17926071041,760065412,24600,0,0,0,0
2024-09-12,BCIC,Bank JTrust Indonesia Tbk.,--U-2105000000G111------------,104.0,0.0,107.0,100.0,102.0,-2.0,2179600,223086600,276,7.6,103,72600,102,10800,17926071041,17926071041,760065412,68300,0,0,0,0
2024-09-11,BCIC,Bank JTrust Indonesia Tbk.,--U-2105000000G111------------,104.0,0.0,109.0,103.0,104.0,0.0,1735200,182529700,295,7.8,104,6800,103,219500,17926071041,17926071041,760065412,18800,211100,0,0,0
2024-09-10,BCIC,Bank JTrust Indonesia Tbk.,--U-2105000000G111------------,108.0,0.0,113.0,104.0,104.0,-4.0,3150400,340532700,514,7.8,106,30800,104,150900,17926071041,17926071041,760065412,220200,104600,0,0,0
2024-09-09,BCIC,Bank JTrust Indonesia Tbk.,--U-2105000000G111------------,101.0,0.0,131.0,105.0,108.0,7.0,20897900,2491970400,3661,8.1,109,4200,108,22400,17926071041,17926071041,760065412,1201200,1262700,0,0,0
2024-09-06,BCIC,Bank JTrust Indonesia Tbk.,--U-4105000000G111-----------X,98.0,0.0,101.0,99.0,101.0,3.0,507100,50979000,56,7.6,102,17400,101,1497200,17926071041,17926071041,760065412,0,0,0,0,0
2024-09-05,BCIC,Bank JTrust Indonesia Tbk.,--U-4105000000G111-----------X,96.0,0.0,98.0,97.0,98.0,2.0,343200,33630600,23,7.3,99,11200,98,130100,17926071041,17926071041,760065412,0,0,0,0,0
2024-09-04,BCIC,Bank JTrust Indonesia Tbk.,--U-4105000000G111-----------X,95.0,0.0,96.0,95.0,96.0,1.0,680800,65149800,31,7.2,97,1200,96,385000,17926071041,17926071041,760065412,0,0,166666667,16000000032,1
2024-09-03,BCIC,Bank JTrust Indonesia Tbk.,--U-4105000000G111-----------X,95.0,0.0,95.0,94.0,95.0,0.0,334600,31776600,20,7.1,95,260900,94,1032100,17926071041,17926071041,760065412,0,0,0,0,0
2024-09-02,BCIC,Bank JTrust Indonesia Tbk.,--U-4105000000G111-----------X,94.0,0.0,95.0,94.0,95.0,1.0,46200,4381500,20,7.1,95,175000,94,652600,17926071041,17926071041,760065412,0,0,0,0,0
2024-08-30,BCIC,Bank JTrust Indonesia Tbk.,--U-4105000000G111-----------X,94.0,0.0,95.0,94.0,94.0,0.0,192600,18114400,14,7.0,95,311100,94,1296600,17926071041,17926071041,760065412,0,0,0,0,0
2024-08-29,BCIC,Bank JTrust Indonesia Tbk.,--U-4105000000G111-----------X,95.0,0.0,95.0,94.0,94.0,-1.0,346000,32781800,29,7.0,95,282100,94,115200,17926071041,17926071041,760065412,0,0,0,0,0
2024-08-28,BCIC,Bank JTrust Indonesia Tbk.,--U-4105000000G111-----------X,95.0,0.0,95.0,95.0,95.0,0.0,142900,13575500,18,7.1,96,207400,95,171000,17926071041,17926071041,760065412,0,5100,0,0,0
2024-08-27,BCIC,Bank JTrust Indonesia Tbk.,--U-4105000000G111-----------X,95.0,0.0,96.0,95.0,95.0,0.0,110800,10536000,24,7.1,96,202600,95,281700,17926071041,17926071041,760065412,0,0,0,0,0
2024-08-26,BCIC,Bank JTrust Indonesia Tbk.,--U-4105000000G111-----------X,94.0,0.0,95.0,94.0,95.0,1.0,338000,31782000,18,7.1,95,9600,94,446500,17926071041,17926071041,760065412,0,0,0,0,0
2024-08-23,BCIC,Bank JTrust Indonesia Tbk.,--U-4105000000G111-----------X,93.0,0.0,94.0,93.0,94.0,1.0,61800,5759300,21,7.0,95,16800,94,39200,17926071041,17926071041,760065412,0,0,0,0,0
2024-08-22,BCIC,Bank JTrust Indonesia Tbk.,--U-4105000000G111-----------X,95.0,0.0,94.0,93.0,93.0,-2.0,304300,28469900,42,7.0,94,31900,93,39400,17926071041,17926071041,760065412,0,0,0,0,0
2024-08-21,BCIC,Bank JTrust Indonesia Tbk.,--U-4105000000G111-----------X,94.0,0.0,95.0,95.0,95.0,1.0,408000,38760000,41,7.1,96,15000,95,196400,17926071041,17926071041,760065412,0,0,0,0,0
2024-08-20,BCIC,Bank JTrust Indonesia Tbk.,--U-4105000000G111-----------X,96.0,0.0,95.0,94.0,94.0,-2.0,434300,41044300,85,7.0,95,20100,94,262400,17926071041,17926071041,760065412,0,0,0,0,0
2024-08-19,BCIC,Bank JTrust Indonesia Tbk.,--U-4105000000G111-----------X,98.0,0.0,98.0,96.0,96.0,-2.0,84900,8219000,38,7.2,97,257800,96,84800,17926071041,17926071041,760065412,0,0,0,0,0
2024-08-16,BCIC,Bank JTrust Indonesia Tbk.,--U-4105000000G111-----------X,99.0,0.0,100.0,98.0,98.0,-1.0,763400,75695500,136,7.3,98,3200,97,11200,17926071041,17926071041,760065412,0,0,0,0,0
2024-08-15,BCIC,Bank JTrust Indonesia Tbk.,--U-4105000000G111-----------X,88.0,0.0,90.0,89.0,90.0,2.0,342400,30712400,33,6.7,90,71700,89,564300,17926071041,17926071041,760065412,0,0,0,0,0
2024-08-14,BCIC,Bank JTrust Indonesia Tbk.,--U-4105000000G111-----------X,88.0,0.0,90.0,89.0,90.0,2.0,342400,30712400,33,6.7,90,71700,89,564300,17926071041,17926071041,760065412,0,0,0,0,0
2024-08-13,BCIC,Bank JTrust Indonesia Tbk.,--U-4105000000G111-----------X,89.0,0.0,89.0,88.0,88.0,-1.0,119600,10572600,37,6.6,89,71900,88,111000,17926071041,17926071041,760065412,0,0,0,0,0
2024-08-12,BCIC,Bank JTrust Indonesia Tbk.,--U-4105000000G111-----------X,89.0,0.0,89.0,89.0,89.0,0.0,1177900,104833100,51,6.7,90,103000,89,497000,17926071041,17926071041,760065412,0,0,0,0,0
2024-08-09,BCIC,Bank JTrust Indonesia Tbk.,--U-4105000000G111-----------X,90.0,0.0,90.0,89.0,89.0,-1.0,1819300,162323700,74,6.7,89,611500,88,62300,17926071041,17926071041,760065412,0,0,0,0,0
2024-08-08,BCIC,Bank JTrust Indonesia Tbk.,--U-4105000000G111-----------X,90.0,0.0,90.0,90.0,90.0,0.0,171200,15408000,40,6.7,90,137800,89,177500,17926071041,17926071041,760065412,0,0,0,0,0
2024-08-07,BCIC,Bank JTrust Indonesia Tbk.,--U-4105000000G111-----------X,89.0,0.0,90.0,89.0,90.0,1.0,461800,41401300,42,6.7,90,196100,89,75900,17926071041,17926071041,760065412,0,0,0,0,0
2024-08-06,BCIC,Bank JTrust Indonesia Tbk.,--U-4105000000G111-----------X,91.0,0.0,90.0,89.0,89.0,-2.0,687800,61483100,76,6.7,90,2000,89,316900,17926071041,17926071041,760065412,0,0,0,0,0
2024-08-05,BCIC,Bank JTrust Indonesia Tbk.,--U-4105000000G111-----------X,97.0,0.0,96.0,91.0,91.0,-6.0,792400,73654600,86,6.8,91,100,90,227600,17926071041,17926071041,760065412,0,100000,0,0,0
2024-08-02,BCIC,Bank JTrust Indonesia Tbk.,--U-4105000000G111-----------X,96.0,0.0,97.0,96.0,97.0,1.0,284600,27322300,48,7.3,97,29600,96,366600,17926071041,17926071041,760065412,0,0,0,0,0
2024-08-01,BCIC,Bank JTrust Indonesia Tbk.,--U-4105000000G111-----------X,99.0,0.0,98.0,96.0,96.0,-3.0,558400,54130000,70,7.2,97,1177600,96,270500,17926071041,17926071041,760065412,0,0,0,0,0
2024-07-31,BCIC,Bank JTrust Indonesia Tbk.,--U-2105000000G111------------,109.0,0.0,114.0,106.0,109.0,0.0,2400200,261173300,256,8.2,109,134500,108,12700,17926071041,17926071041,760065412,0,46100,0,0,0
2024-07-30,BCIC,Bank JTrust Indonesia Tbk.,--U-2105000000G111------------,109.0,0.0,114.0,106.0,109.0,0.0,2400200,261173300,256,8.2,109,134500,108,12700,17926071041,17926071041,760065412,0,46100,0,0,0
2024-07-29,BCIC,Bank JTrust Indonesia Tbk.,--U-2105000000G111------------,110.0,0.0,112.0,107.0,109.0,-1.0,2451500,267625500,282,8.2,109,1278000,108,2700,17926071041,17926071041,760065412,251300,127600,0,0,0
2024-07-26,BCIC,Bank JTrust Indonesia Tbk.,--U-2105000000G111------------,109.0,0.0,112.0,106.0,110.0,1.0,3575200,386752000,482,8.2,111,186900,110,180800,17926071041,17926071041,760065412,131900,206100,0,0,0
2024-07-25,BCIC,Bank JTrust Indonesia Tbk.,--U-2105000000G111------------,117.0,0.0,118.0,104.0,109.0,-8.0,10738900,1158941900,1812,8.2,110,41200,109,96900,17926071041,17926071041,760065412,590100,674000,0,0,0
2024-07-24,BCIC,Bank JTrust Indonesia Tbk.,--U-2105000000G111------------,96.0,0.0,129.0,96.0,117.0,21.0,42390300,5049169600,5463,8.8,117,441000,116,84700,17926071041,17926071041,760065412,1208300,1612200,0,0,0
2024-07-23,BCIC,Bank JTrust Indonesia Tbk.,--U-2105000000G111------------,94.0,0.0,96.0,94.0,96.0,2.0,689400,65472900,95,7.2,96,85400,94,475900,17926071041,17926071041,760065412,0,112300,0,0,0
2024-07-22,BCIC,Bank JTrust Indonesia Tbk.,--U-2105000000G111------------,93.0,0.0,95.0,93.0,94.0,1.0,445700,41836200,56,7.0,95,58800,94,23700,17926071041,17926071041,760065412,0,23900,0,0,0
2024-07-19,BCIC,Bank JTrust Indonesia Tbk.,--U-2105000000G111------------,93.0,0.0,93.0,91.0,93.0,0.0,195700,18046600,40,7.0,93,500,92,22300,17926071041,17926071041,760065412,0,44800,0,0,0
2024-07-18,BCIC,Bank JTrust Indonesia Tbk.,--U-2105000000G111------------,93.0,0.0,94.0,93.0,93.0,0.0,147900,13755000,35,7.0,93,44000,92,40500,17926071041,17926071041,760065412,0,200,0,0,0
2024-07-17,BCIC,Bank JTrust Indonesia Tbk.,--U-2105000000G111------------,92.0,0.0,93.0,92.0,93.0,1.0,127300,11779600,35,7.0,93,173200,92,9700,17926071041,17926071041,760065412,0,5400,0,0,0
2024-07-16,BCIC,Bank JTrust Indonesia Tbk.,--U-2105000000G111------------,93.0,0.0,94.0,90.0,92.0,-1.0,1550800,140671500,142,6.9,93,3100,92,57200,17926071041,17926071041,760065412,0,30100,0,0,0
2024-07-12,BCIC,Bank JTrust Indonesia Tbk.,--U-2105000000G111------------,93.0,0.0,96.0,90.0,93.0,0.0,883900,82760900,84,7.0,94,2100,93,4900,17926071041,17926071041,760065412,38400,0,0,0,0
2024-07-11,BCIC,Bank JTrust Indonesia Tbk.,--U-2105000000G111------------,93.0,0.0,95.0,92.0,93.0,0.0,133000,12476000,18,7.0,94,28400,93,8700,17926071041,17926071041,760065412,99700,100000,0,0,0
2024-07-10,BCIC,Bank JTrust Indonesia Tbk.,--U-2105000000G111------------,94.0,0.0,95.0,92.0,93.0,-1.0,196800,18290300,52,7.0,95,194100,93,34600,17926071041,17926071041,760065412,200,0,0,0,0
2024-07-09,BCIC,Bank JTrust Indonesia Tbk.,--U-2105000000G111------------,93.0,0.0,95.0,93.0,94.0,1.0,258600,24378900,47,7.0,94,24000,93,82500,17926071041,17926071041,760065412,9000,0,0,0,0
2024-07-08,BCIC,Bank JTrust Indonesia Tbk.,--U-2105000000G111------------,93.0,0.0,94.0,92.0,93.0,0.0,152400,14198200,36,7.0,93,3900,92,22700,17926071041,17926071041,760065412,0,0,0,0,0
2024-07-05,BCIC,Bank JTrust Indonesia Tbk.,--U-2105000000G111------------,93.0,0.0,95.0,92.0,93.0,0.0,383500,35699000,53,7.0,94,6000,92,200,17926071041,17926071041,760065412,0,100000,0,0,0
2024-07-04,BCIC,Bank JTrust Indonesia Tbk.,--U-2105000000G111------------,91.0,0.0,94.0,90.0,93.0,2.0,1414500,129901700,195,7.0,94,74400,92,40600,17926071041,17926071041,760065412,0,100,0,0,0
2024-07-03,BCIC,Bank JTrust Indonesia Tbk.,--U-2105000000G111------------,91.0,0.0,94.0,90.0,93.0,2.0,1414500,129901700,195,7.0,94,74400,92,40600,17926071041,17926071041,760065412,0,100,0,0,0
2024-07-02,BCIC,Bank JTrust Indonesia Tbk.,--U-2105000000G111------------,91.0,0.0,93.0,90.0,91.0,0.0,733200,67750700,57,6.8,91,402600,90,72900,17926071041,17926071041,760065412,0,0,0,0,0
2024-07-01,BCIC,Bank JTrust Indonesia Tbk.,--U-2105000000G111------------,91.0,0.0,92.0,88.0,91.0,0.0,220600,19586600,57,6.8,91,15800,90,1700,17926071041,17926071041,760065412,0,100,0,0,0
2024-06-28,BCIC,Bank JTrust Indonesia Tbk.,--U-2105000000G111------------,91.0,0.0,92.0,90.0,92.0,1.0,212800,19370300,41,6.9,92,10500,91,2700,17926071041,17926071041,760065412,0,0,0,0,0
2024-06-27,BCIC,Bank JTrust Indonesia Tbk.,--U-2105000000G111------------,91.0,0.0,92.0,90.0,91.0,0.0,620600,56370800,48,6.8,92,9600,90,10500,17926071041,17926071041,760065412,0,73300,0,0,0
2024-06-26,BCIC,Bank JTrust Indonesia Tbk.,--U-2105000000G111------------,93.0,0.0,93.0,88.0,91.0,-2.0,200900,18087100,38,6.8,92,300,91,100,17926071041,17926071041,760065412,0,18800,0,0,0
2024-06-25,BCIC,Bank JTrust Indonesia Tbk.,--U-2105000000G111------------,93.0,0.0,93.0,88.0,91.0,-2.0,200900,18087100,38,6.8,92,300,91,100,17926071041,17926071041,760065412,0,18800,0,0,0
2024-06-24,BCIC,Bank JTrust Indonesia Tbk.,--U-2105000000G111------------,91.0,0.0,94.0,90.0,93.0,2.0,172300,15878800,48,7.0,93,15800,91,46500,17926071041,17926071041,760065412,0,100,0,0,0
2024-06-21,BCIC,Bank JTrust Indonesia Tbk.,--U-2105000000G111------------,92.0,0.0,93.0,90.0,91.0,-1.0,173800,15834700,50,6.8,91,45800,90,600,17926071041,17926071041,760065412,9800,300,0,0,0
2024-06-20,BCIC,Bank JTrust Indonesia Tbk.,--U-2105000000G111------------,89.0,0.0,93.0,89.0,92.0,3.0,184900,16732500,38,6.9,92,19200,90,1300,17926071041,17926071041,760065412,48300,5400,0,0,0
2024-06-19,BCIC,Bank JTrust Indonesia Tbk.,--U-2105000000G111------------,94.0,0.0,95.0,89.0,89.0,-5.0,1031300,93996800,127,6.7,90,165900,89,47200,17926071041,17926071041,760065412,0,0,0,0,0
2024-06-14,BCIC,Bank JTrust Indonesia Tbk.,--U-2105000000G111------------,95.0,0.0,95.0,92.0,94.0,-1.0,332000,30841300,59,7.0,94,124900,93,300,17926071041,17926071041,760065412,1700,0,0,0,0
2024-06-13,BCIC,Bank JTrust Indonesia Tbk.,--U-2105000000G111------------,94.0,0.0,96.0,94.0,95.0,1.0,155400,14636000,35,7.1,95,500,94,41000,17926071041,17926071041,760065412,0,11500,0,0,0
2024-06-12,BCIC,Bank JTrust Indonesia Tbk.,--U-2105000000G111------------,98.0,0.0,99.0,93.0,94.0,-4.0,242000,23026800,61,7.0,96,500,94,76500,17926071041,17926071041,760065412,0,0,0,0,0
2024-06-11,BCIC,Bank JTrust Indonesia Tbk.,--U-2105000000G111------------,100.0,0.0,100.0,96.0,98.0,-2.0,88400,8665900,29,7.3,98,715000,96,20100,17926071041,17926071041,760065412,37700,0,0,0,0
2024-06-10,BCIC,Bank JTrust Indonesia Tbk.,--U-2105000000G111------------,97.0,0.0,101.0,97.0,100.0,3.0,371900,37245500,63,7.5,100,45200,98,3000,17926071041,17926071041,760065412,17200,0,0,0,0
2024-06-07,BCIC,Bank JTrust Indonesia Tbk.,--U-2105000000G111------------,99.0,0.0,101.0,97.0,97.0,-2.0,40000,3934100,32,7.3,97,4600,95,4200,17926071041,17926071041,760065412,0,0,0,0,0
2024-06-06,BCIC,Bank JTrust Indonesia Tbk.,--U-2105000000G111------------,97.0,0.0,99.0,96.0,99.0,2.0,358800,34829800,32,7.4,99,37700,98,16000,17926071041,17926071041,760065412,6100,0,0,0,0
2024-06-05,BCIC,Bank JTrust Indonesia Tbk.,--U-2105000000G111------------,99.0,0.0,98.0,93.0,97.0,-2.0,257600,24371500,74,7.3,97,318800,95,25900,17926071041,17926071041,760065412,800,0,0,0,0
2024-06-04,BCIC,Bank JTrust Indonesia Tbk.,--U-2105000000G111------------,94.0,0.0,101.0,94.0,99.0,5.0,540000,53161500,121,7.4,99,3500,96,5100,17926071041,17926071041,760065412,12400,1000,0,0,0
2024-06-03,BCIC,Bank JTrust Indonesia Tbk.,--U-2105000000G111------------,94.0,0.0,96.0,92.0,94.0,0.0,333900,31399200,59,7.0,95,9800,94,131900,17926071041,17926071041,760065412,2000,0,0,0,0
2024-05-31,BCIC,Bank JTrust Indonesia Tbk.,--U-2105000000G111------------,95.0,0.0,95.0,93.0,94.0,-1.0,891000,83651300,40,7.0,95,17600,94,476400,17926071041,17926071041,760065412,0,3000,0,0,0
2024-05-30,BCIC,Bank JTrust Indonesia Tbk.,--U-2105000000G111------------,95.0,0.0,96.0,94.0,95.0,0.0,387500,36761700,39,7.1,95,85900,94,1000700,17926071041,17926071041,760065412,0,0,0,0,0
2024-05-29,BCIC,Bank JTrust Indonesia Tbk.,--U-2105000000G111------------,96.0,0.0,96.0,92.0,95.0,-1.0,1422900,133180200,113,7.1,96,298200,95,100,17926071041,17926071041,760065412,0,0,0,0,0
2024-05-28,BCIC,Bank JTrust Indonesia Tbk.,--U-2105000000G111------------,96.0,0.0,97.0,95.0,96.0,0.0,112200,10704800,18,7.2,96,77500,95,59100,17926071041,17926071041,760065412,0,5100,0,0,0
2024-05-27,BCIC,Bank JTrust Indonesia Tbk.,--U-2105000000G111------------,95.0,0.0,97.0,95.0,96.0,1.0,324500,30917900,39,7.2,96,7900,95,72000,17926071041,17926071041,760065412,0,0,0,0,0
2024-05-22,BCIC,Bank JTrust Indonesia Tbk.,--U-2105000000G111------------,96.0,0.0,96.0,94.0,95.0,-1.0,219800,20897700,52,7.1,95,11300,94,82000,17926071041,17926071041,760065412,0,0,0,0,0
2024-05-21,BCIC,Bank JTrust Indonesia Tbk.,--U-2105000000G111------------,96.0,0.0,96.0,94.0,96.0,0.0,118300,11146800,25,7.2,96,80300,95,200,17926071041,17926071041,760065412,0,0,0,0,0
2024-05-20,BCIC,Bank JTrust Indonesia Tbk.,--U-2105000000G111------------,96.0,0.0,97.0,94.0,96.0,0.0,103500,9930900,29,7.2,96,1800,95,26900,17926071041,17926071041,760065412,0,0,0,0,0
2024-05-17,BCIC,Bank JTrust Indonesia Tbk.,--U-2105000000G111------------,96.0,0.0,97.0,95.0,96.0,0.0,589900,56528100,31,7.2,96,103800,95,172600,17926071041,17926071041,760065412,0,0,0,0,0
2024-05-16,BCIC,Bank JTrust Indonesia Tbk.,--U-2105000000G111------------,93.0,0.0,98.0,93.0,96.0,3.0,420600,40527400,76,7.2,97,64000,96,26400,17926071041,17926071041,760065412,0,0,0,0,0
2024-05-15,BCIC,Bank JTrust Indonesia Tbk.,--U-2105000000G111------------,93.0,0.0,94.0,93.0,93.0,0.0,187700,17633800,78,7.0,94,10000,93,255000,17926071041,17926071041,760065412,0,0,0,0,0
2024-05-14,BCIC,Bank JTrust Indonesia Tbk.,--U-2105000000G111------------,96.0,0.0,98.0,93.0,93.0,-3.0,321600,30328800,91,7.0,94,20000,93,153600,17926071041,17926071041,760065412,21100,0,0,0,0
2024-05-13,BCIC,Bank JTrust Indonesia Tbk.,--U-2105000000G111------------,96.0,0.0,98.0,95.0,96.0,0.0,82300,7857800,64,7.2,97,5300,96,8500,17926071041,17926071041,760065412,1500,0,0,0,0
2024-05-08,BCIC,Bank JTrust Indonesia Tbk.,--U-2105000000G111------------,96.0,0.0,99.0,94.0,96.0,0.0,850200,80902100,118,7.2,96,5200,95,10000,17926071041,17926071041,760065412,17200,0,0,0,0
2024-05-07,BCIC,Bank JTrust Indonesia Tbk.,--U-2105000000G111---L--------,98.0,0.0,98.0,95.0,96.0,-2.0,416100,40110700,64,7.2,96,118800,95,270300,17926071041,17926071041,760065412,0,0,0,0,0
2024-05-06,BCIC,Bank JTrust Indonesia Tbk.,--U-2105000000G111---L--------,97.0,0.0,99.0,96.0,98.0,1.0,165900,16159800,49,7.3,99,10300,98,260700,17926071041,17926071041,760065412,0,0,0,0,0
2024-05-03,BCIC,Bank JTrust Indonesia Tbk.,--U-2105000000G111---L--------,99.0,0.0,99.0,97.0,97.0,-2.0,348700,34089500,44,7.3,98,2500,97,35500,17926071041,17926071041,760065412,23300,0,0,0,0
2024-05-02,BCIC,Bank JTrust Indonesia Tbk.,--U-2105000000G111---L--------,100.0,0.0,100.0,98.0,99.0,-1.0,260200,25559200,35,7.4,99,85100,98,63100,17926071041,17926071041,760065412,0,0,0,0,0
2024-04-30,BCIC,Bank JTrust Indonesia Tbk.,--U-2105000000G111---L--------,100.0,0.0,100.0,99.0,100.0,0.0,115400,11428400,20,7.5,100,14300,99,16300,17926071041,17926071041,760065412,1300,0,0,0,0
2024-04-29,BCIC,Bank JTrust Indonesia Tbk.,--U-2105000000G111---L--------,100.0,0.0,101.0,98.0,100.0,0.0,667000,66192000,41,7.5,101,38000,100,28700,17926071041,17926071041,760065412,0,4900,0,0,0
2024-04-26,BCIC,Bank JTrust Indonesia Tbk.,--U-2105000000G111---L--------,99.0,0.0,101.0,99.0,100.0,1.0,137200,13589900,22,7.5,100,81500,99,169400,17926071041,17926071041,760065412,0,0,0,0,0
2024-04-25,BCIC,Bank JTrust Indonesia Tbk.,--U-2105000000G111---L--------,100.0,0.0,101.0,98.0,99.0,-1.0,196700,19398700,41,7.4,100,175000,99,1400,17926071041,17926071041,760065412,1300,0,0,0,0
2024-04-24,BCIC,Bank JTrust Indonesia Tbk.,--U-2105000000G111---L--------,100.0,0.0,101.0,99.0,100.0,0.0,227800,22665500,50,7.5,101,440600,100,100,17926071041,17926071041,760065412,8500,0,0,0,0
2024-04-23,BCIC,Bank JTrust Indonesia Tbk.,--U-2105000000G111---L--------,100.0,0.0,102.0,99.0,100.0,0.0,121100,12207100,32,7.5,101,2800,100,32300,17926071041,17926071041,760065412,0,0,0,0,0
2024-04-22,BCIC,Bank JTrust Indonesia Tbk.,--U-2105000000G111---L--------,103.0,0.0,102.0,99.0,100.0,-3.0,148800,14849000,47,7.5,101,8000,100,2400,17926071041,17926071041,760065412,0,0,0,0,0
2024-04-19,BCIC,Bank JTrust Indonesia Tbk.,--U-2105000000G111---L--------,104.0,0.0,104.0,100.0,103.0,-1.0,549900,55631200,58,7.7,103,28600,101,4900,17926071041,17926071041,760065412,0,0,0,0,0
2024-04-18,BCIC,Bank JTrust Indonesia Tbk.,--U-2105000000G111---L--------,103.0,0.0,104.0,102.0,104.0,1.0,53500,5544400,27,7.8,104,148700,102,143500,17926071041,17926071041,760065412,0,0,37,925,1
2024-04-17,BCIC,Bank JTrust Indonesia Tbk.,--U-2105000000G111---L--------,103.0,0.0,107.0,101.0,103.0,0.0,533900,54793700,82,7.7,104,700,103,23000,17926071041,17926071041,760065412,0,20300,0,0,0
2024-04-16,BCIC,Bank JTrust Indonesia Tbk.,--U-2105000000G111---L--------,103.0,0.0,104.0,101.0,103.0,0.0,103300,10559900,49,7.7,103,1600,102,39200,17926071041,17926071041,760065412,0,0,0,0,0
2024-04-05,BCIC,Bank JTrust Indonesia Tbk.,--U-2105000000G111---L--------,105.0,0.0,106.0,102.0,103.0,-2.0,76400,7867200,46,7.7,104,1800,103,75000,17926071041,17926071041,760065412,0,0,0,0,0
2024-04-04,BCIC,Bank JTrust Indonesia Tbk.,--U-2105000000G111---L--------,105.0,0.0,105.0,103.0,105.0,0.0,146500,15135600,32,7.9,105,41200,104,17200,17926071041,17926071041,760065412,0,0,0,0,0
2024-04-03,BCIC,Bank JTrust Indonesia Tbk.,--U-2105000000G111---L--------,106.0,0.0,107.0,102.0,105.0,-1.0,286200,29640000,114,7.9,105,2000,104,1000,17926071041,17926071041,760065412,0,0,0,0,0
2024-04-02,BCIC,Bank JTrust Indonesia Tbk.,--U-2105000000G111------------,102.0,0.0,116.0,103.0,106.0,4.0,1992000,218477600,850,7.9,106,40100,105,109700,17926071041,17926071041,760065412,265400,174900,0,0,0
2024-04-01,BCIC,Bank JTrust Indonesia Tbk.,--U-2105000000G111------------,104.0,0.0,106.0,101.0,102.0,-2.0,1105000,114043200,124,7.6,104,7500,102,278900,17926071041,17926071041,760065412,13100,0,0,0,0
2024-03-28,BCIC,Bank JTrust Indonesia Tbk.,--U-2105000000G111------------,106.0,0.0,106.0,103.0,104.0,-2.0,465300,48352200,55,7.8,105,50400,104,803700,17926071041,17926071041,760065412,0,0,0,0,0
2024-03-27,BCIC,Bank JTrust Indonesia Tbk.,--U-2105000000G111------------,109.0,0.0,107.0,105.0,106.0,-3.0,972500,102830700,97,7.9,106,1800,105,1009000,17926071041,17926071041,760065412,0,0,0,0,0
2024-03-26,BCIC,Bank JTrust Indonesia Tbk.,--U-2105000000G111------------,109.0,0.0,111.0,109.0,109.0,0.0,419400,45805700,42,8.2,109,18400,108,98500,17926071041,17926071041,760065412,0,4500,0,0,0
2024-03-22,BCIC,Bank JTrust Indonesia Tbk.,--U-2105000000G111------------,109.0,0.0,110.0,108.0,109.0,0.0,241000,26235000,36,8.2,109,24100,108,10100,17926071041,17926071041,760065412,16800,0,0,0,0
2024-03-21,BCIC,Bank JTrust Indonesia Tbk.,--U-2105000000G111------------,110.0,0.0,111.0,101.0,109.0,-1.0,1440500,152190600,130,8.2,109,65500,108,152200,17926071041,17926071041,760065412,1004400,0,0,0,0
2024-03-20,BCIC,Bank JTrust Indonesia Tbk.,--U-2105000000G111------------,112.0,0.0,112.0,109.0,110.0,-2.0,59600,6568600,48,8.2,110,200,109,15200,17926071041,17926071041,760065412,5800,0,95,10260,1
2024-03-19,BCIC,Bank JTrust Indonesia Tbk.,--U-2105000000G111------------,109.0,0.0,113.0,108.0,112.0,3.0,410100,44993000,103,8.4,112,136600,111,500,17926071041,17926071041,760065412,6900,0,0,0,0
2024-03-18,BCIC,Bank JTrust Indonesia Tbk.,--U-2105000000G111------------,109.0,0.0,110.0,108.0,109.0,0.0,76900,8400200,47,8.2,110,80300,109,77700,17926071041,17926071041,760065412,17900,0,0,0,0
2024-03-15,BCIC,Bank JTrust Indonesia Tbk.,--U-2105000000G111------------,110.0,0.0,112.0,109.0,109.0,-1.0,307100,33670200,36,8.2,110,18400,109,287700,17926071041,17926071041,760065412,3000,9000,0,0,0
2024-03-14,BCIC,Bank JTrust Indonesia Tbk.,--U-2105000000G111------------,110.0,0.0,112.0,110.0,110.0,0.0,115100,12691900,46,8.2,112,179200,110,13500,17926071041,17926071041,760065412,1600,0,0,0,0
2024-03-13,BCIC,Bank JTrust Indonesia Tbk.,--U-2105000000G111------------,112.0,0.0,113.0,110.0,110.0,-2.0,216100,23942500,68,8.2,112,180700,110,58000,17926071041,17926071041,760065412,0,0,0,0,0
2024-03-08,BCIC,Bank JTrust Indonesia Tbk.,--U-2105000000G111------------,111.0,0.0,113.0,110.0,112.0,1.0,199600,22408100,36,8.4,113,213300,111,67100,17926071041,17926071041,760065412,0,0,0,0,0
2024-03-07,BCIC,Bank JTrust Indonesia Tbk.,--U-2105000000G111------------,111.0,0.0,112.0,110.0,111.0,0.0,119500,13325600,41,8.3,112,22000,110,15100,17926071041,17926071041,760065412,300,0,0,0,0
2024-03-06,BCIC,Bank JTrust Indonesia Tbk.,--U-2105000000G111------------,112.0,0.0,113.0,109.0,111.0,-1.0,564300,62422600,77,8.3,113,34400,111,100,17926071041,17926071041,760065412,4100,0,0,0,0
2024-03-05,BCIC,Bank JTrust Indonesia Tbk.,--U-2105000000G111------------,114.0,0.0,114.0,110.0,112.0,-2.0,120600,13437900,29,8.4,112,800,111,200,17926071041,17926071041,760065412,0,0,0,0,0
2024-03-04,BCIC,Bank JTrust Indonesia Tbk.,--U-2105000000G111------------,113.0,0.0,114.0,109.0,114.0,1.0,420200,46932400,62,8.5,113,6000,111,19500,17926071041,17926071041,760065412,6000,0,0,0,0
2024-03-01,BCIC,Bank JTrust Indonesia Tbk.,--U-2105000000G111------------,113.0,0.0,113.0,107.0,113.0,0.0,453500,50085300,98,8.5,113,103900,110,100,17926071041,17926071041,760065412,3700,0,0,0,0
2024-02-29,BCIC,Bank JTrust Indonesia Tbk.,--U-2105000000G111------------,113.0,0.0,114.0,110.0,113.0,0.0,1169200,132127200,30,8.5,114,86300,113,886000,17926071041,17926071041,760065412,1800,0,0,0,0
2024-02-28,BCIC,Bank JTrust Indonesia Tbk.,--U-2105000000G111------------,114.0,0.0,115.0,113.0,114.0,0.0,28900,3304400,23,8.5,114,51200,113,12200,17926071041,17926071041,760065412,2400,0,0,0,0
2024-02-27,BCIC,Bank JTrust Indonesia Tbk.,--U-2105000000G111------------,114.0,0.0,115.0,113.0,114.0,0.0,28900,3304400,23,8.5,114,51200,113,12200,17926071041,17926071041,760065412,2400,0,0,0,0
2024-02-26,BCIC,Bank JTrust Indonesia Tbk.,--U-2105000000G111------------,114.0,0.0,114.0,112.0,114.0,0.0,648200,73425400,46,8.5,115,169700,113,643500,17926071041,17926071041,760065412,8300,4300,0,0,0
2024-02-23,BCIC,Bank JTrust Indonesia Tbk.,--U-2105000000G111------------,113.0,0.0,114.0,112.0,114.0,1.0,19700,2235100,21,8.5,114,89300,113,7800,17926071041,17926071041,760065412,0,0,0,0,0
2024-02-22,BCIC,Bank JTrust Indonesia Tbk.,--U-2105000000G111------------,114.0,0.0,114.0,111.0,113.0,-1.0,275300,30804000,71,8.5,114,14000,113,300,17926071041,17926071041,760065412,0,0,0,0,0
2024-02-21,BCIC,Bank JTrust Indonesia Tbk.,--U-2105000000G111------------,113.0,0.0,115.0,113.0,114.0,1.0,192200,21749900,48,8.5,114,229900,113,1749300,17926071041,17926071041,760065412,0,0,0,0,0
2024-02-20,BCIC,Bank JTrust Indonesia Tbk.,--U-2105000000G111------------,113.0,0.0,115.0,113.0,113.0,0.0,440700,50137600,39,8.5,114,144400,113,294000,17926071041,17926071041,760065412,0,0,0,0,0
2024-02-19,BCIC,Bank JTrust Indonesia Tbk.,--U-2105000000G111------------,116.0,0.0,117.0,113.0,113.0,-3.0,148200,16923500,54,8.5,113,111400,112,13800,17926071041,17926071041,760065412,0,0,0,0,0
2024-02-16,BCIC,Bank JTrust Indonesia Tbk.,--U-2105000000G111------------,116.0,0.0,117.0,115.0,116.0,0.0,234100,27144500,38,8.7,117,12900,116,308100,17926071041,17926071041,760065412,16800,0,0,0,0
2024-02-15,BCIC,Bank JTrust Indonesia Tbk.,--U-2105000000G111------------,114.0,0.0,117.0,113.0,116.0,2.0,219500,25159200,66,8.7,116,46100,115,9000,17926071041,17926071041,760065412,0,0,0,0,0
2024-02-13,BCIC,Bank JTrust Indonesia Tbk.,--U-2105000000G111------------,117.0,0.0,118.0,116.0,118.0,1.0,67900,7934300,34,8.8,118,97300,117,68000,17926071041,17926071041,760065412,0,0,0,0,0
2024-02-12,BCIC,Bank JTrust Indonesia Tbk.,--U-2105000000G111------------,117.0,0.0,118.0,116.0,118.0,1.0,67900,7934300,34,8.8,118,97300,117,68000,17926071041,17926071041,760065412,0,0,0,0,0
2024-02-07,BCIC,Bank JTrust Indonesia Tbk.,--U-2105000000G111------------,117.0,0.0,118.0,115.0,117.0,0.0,567100,65686100,61,8.8,117,5600,116,63600,17926071041,17926071041,760065412,0,0,0,0,0
2024-02-06,BCIC,Bank JTrust Indonesia Tbk.,--U-2105000000G111------------,117.0,0.0,119.0,116.0,117.0,0.0,92700,10905800,29,8.8,118,30900,117,14100,17926071041,17926071041,760065412,0,0,0,0,0
2024-02-05,BCIC,Bank JTrust Indonesia Tbk.,--U-2105000000G111------------,118.0,0.0,119.0,116.0,117.0,-1.0,173600,20322700,66,8.8,118,24600,116,125300,17926071041,17926071041,760065412,0,0,0,0,0
2024-02-02,BCIC,Bank JTrust Indonesia Tbk.,--U-2105000000G111------------,118.0,0.0,118.0,116.0,118.0,0.0,286700,33553500,36,8.8,118,148900,117,103500,17926071041,17926071041,760065412,0,0,0,0,0
2024-02-01,BCIC,Bank JTrust Indonesia Tbk.,--U-2105000000G111------------,117.0,0.0,118.0,115.0,116.0,-1.0,643700,74556400,65,8.7,116,2300,115,383600,17926071041,17926071041,760065412,0,0,0,0,0
2024-01-31,BCIC,Bank JTrust Indonesia Tbk.,--U-2105000000G111------------,117.0,0.0,118.0,115.0,116.0,-1.0,643700,74556400,65,8.7,116,2300,115,383600,17926071041,17926071041,760065412,0,0,0,0,0
2024-01-30,BCIC,Bank JTrust Indonesia Tbk.,--U-2105000000G111------------,118.0,0.0,119.0,114.0,117.0,-1.0,974200,113512300,77,8.8,117,38400,116,209900,17926071041,17926071041,760065412,0,0,0,0,0
2024-01-29,BCIC,Bank JTrust Indonesia Tbk.,--U-2105000000G111------------,119.0,0.0,120.0,118.0,118.0,-1.0,730800,86683400,70,8.8,119,100,118,149500,17926071041,17926071041,760065412,100,0,0,0,0
2024-01-26,BCIC,Bank JTrust Indonesia Tbk.,--U-2105000000G111------------,116.0,0.0,123.0,117.0,119.0,3.0,2062000,244470300,332,8.9,119,146700,118,33700,17926071041,17926071041,760065412,0,4100,0,0,0
2024-01-25,BCIC,Bank JTrust Indonesia Tbk.,--U-2105000000G111------------,114.0,0.0,117.0,114.0,116.0,2.0,684400,78763900,77,8.7,116,5100,115,11000,17926071041,17926071041,760065412,0,0,0,0,0
2024-01-24,BCIC,Bank JTrust Indonesia Tbk.,--U-2105000000G111------------,118.0,0.0,119.0,113.0,114.0,-4.0,1496200,172381800,160,8.5,116,72400,114,28500,17926071041,17926071041,760065412,1800,0,0,0,0
2024-01-23,BCIC,Bank JTrust Indonesia Tbk.,--U-2105000000G111------------,121.0,0.0,120.0,116.0,118.0,-3.0,637100,75264000,131,8.8,118,141500,117,38900,17926071041,17926071041,760065412,0,0,0,0,0
2024-01-22,BCIC,Bank JTrust Indonesia Tbk.,--U-2105000000G111------------,121.0,0.0,122.0,120.0,121.0,0.0,545600,65579400,51,9.1,121,71200,120,100300,17926071041,17926071041,760065412,4500,0,0,0,0
2024-01-19,BCIC,Bank JTrust Indonesia Tbk.,--U-2105000000G111------------,122.0,0.0,123.0,120.0,121.0,-1.0,91000,11003000,48,9.1,121,20100,120,1600,17926071041,17926071041,760065412,0,0,0,0,0
2024-01-18,BCIC,Bank JTrust Indonesia Tbk.,--U-2105000000G111------------,120.0,0.0,123.0,120.0,122.0,2.0,472000,57216600,89,9.1,122,92800,121,1200,17926071041,17926071041,760065412,0,0,64,7092,2
2024-01-17,BCIC,Bank JTrust Indonesia Tbk.,--U-2105000000G111------------,120.0,0.0,122.0,119.0,120.0,0.0,430700,51888100,51,9.0,121,56500,120,92000,17926071041,17926071041,760065412,0,0,0,0,0
2024-01-16,BCIC,Bank JTrust Indonesia Tbk.,--U-2105000000G111------------,120.0,0.0,122.0,120.0,120.0,0.0,312300,37708400,26,9.0,122,187100,120,218400,17926071041,17926071041,760065412,44800,0,0,0,0
2024-01-15,BCIC,Bank JTrust Indonesia Tbk.,--U-2105000000G111------------,120.0,0.0,121.0,118.0,120.0,0.0,597700,70892000,162,9.0,121,47800,120,8200,17926071041,17926071041,760065412,0,0,0,0,0
2024-01-12,BCIC,Bank JTrust Indonesia Tbk.,--U-2105000000G111------------,121.0,0.0,122.0,120.0,120.0,-1.0,748800,90028200,78,9.0,120,24200,119,63600,17926071041,17926071041,760065412,0,0,9000,1080000,1
2024-01-11,BCIC,Bank JTrust Indonesia Tbk.,--U-2105000000G111------------,121.0,0.0,123.0,121.0,121.0,0.0,257500,31318600,67,9.1,121,27800,120,158400,17926071041,17926071041,760065412,0,0,0,0,0
2024-01-10,BCIC,Bank JTrust Indonesia Tbk.,--U-2105000000G111------------,121.0,0.0,123.0,121.0,121.0,0.0,467000,56640900,61,9.1,121,152700,120,148500,17926071041,17926071041,760065412,0,0,0,0,0
2024-01-09,BCIC,Bank JTrust Indonesia Tbk.,--U-2105000000G111------------,123.0,0.0,123.0,119.0,121.0,-2.0,1161200,140262500,212,9.1,121,8000,120,149700,17926071041,17926071041,760065412,0,0,0,0,0
2024-01-08,BCIC,Bank JTrust Indonesia Tbk.,--U-2105000000G111------------,127.0,0.0,126.0,122.0,123.0,-4.0,426000,52393000,94,9.2,124,2400,123,21700,17926071041,17926071041,760065412,1000,0,0,0,0
2024-01-05,BCIC,Bank JTrust Indonesia Tbk.,--U-2105000000G111------------,126.0,0.0,127.0,125.0,127.0,1.0,195100,24644600,51,9.5,127,148600,125,21500,17926071041,17926071041,760065412,39900,0,0,0,0
2024-01-04,BCIC,Bank JTrust Indonesia Tbk.,--U-2105000000G111------------,126.0,0.0,127.0,126.0,126.0,0.0,266600,33681500,89,9.4,127,46100,126,15500,17926071041,17926071041,760065412,0,0,0,0,0
2024-01-03,BCIC,Bank JTrust Indonesia Tbk.,--U-2105000000G111------------,125.0,0.0,128.0,124.0,126.0,1.0,136500,17082900,77,9.4,126,64500,125,56500,17926071041,17926071041,760065412,0,0,0,0,0
2024-01-02,BCIC,Bank JTrust Indonesia Tbk.,--U-2105000000G111------------,120.0,0.0,128.0,120.0,125.0,5.0,244800,30352100,103,9.4,125,99900,123,9400,17926071041,17926071041,760065412,16800,0,0,0,0
2023-12-29,BCIC,Bank JTrust Indonesia Tbk.,--U-2105000000G111------------,125.0,0.0,129.0,120.0,120.0,-5.0,595500,73588100,135,9.0,124,11100,120,70600,17926071041,17926071041,760065412,41000,0,0,0,0
2023-12-28,BCIC,Bank JTrust Indonesia Tbk.,--U-2105000000G111------------,121.0,0.0,133.0,120.0,125.0,4.0,1580400,198691000,438,9.4,127,31700,125,65600,17926071041,17926071041,760065412,0,26300,0,0,0
2023-12-27,BCIC,Bank JTrust Indonesia Tbk.,--U-2105000000G111------------,121.0,0.0,122.0,120.0,121.0,0.0,518000,62856300,92,9.1,122,21500,121,71900,17926071041,17926071041,760065412,0,4100,0,0,0
2023-12-22,BCIC,Bank JTrust Indonesia Tbk.,--U-2105000000G111------------,119.0,0.0,122.0,118.0,121.0,2.0,462400,55540700,115,9.1,121,44500,118,30300,17926071041,17926071041,760065412,0,0,0,0,0
2023-12-21,BCIC,Bank JTrust Indonesia Tbk.,--U-2105000000G111------------,117.0,0.0,120.0,116.0,119.0,2.0,606200,71373500,181,8.9,119,21100,118,35700,17926071041,17926071041,760065412,32200,0,0,0,0
2023-12-20,BCIC,Bank JTrust Indonesia Tbk.,--U-2105000000G111------------,120.0,0.0,122.0,117.0,117.0,-3.0,2629100,310716000,361,8.8,119,7000,117,50000,17926071041,17926071041,760065412,0,0,0,0,0
2023-12-19,BCIC,Bank JTrust Indonesia Tbk.,--U-2105000000G111------------,122.0,0.0,124.0,118.0,120.0,-2.0,445200,53662700,189,9.0,121,53500,120,16000,17926071041,17926071041,760065412,0,0,0,0,0
2023-12-18,BCIC,Bank JTrust Indonesia Tbk.,--U-2105000000G111------------,124.0,0.0,127.0,122.0,122.0,-2.0,147200,18362600,54,9.1,123,7500,122,72800,17926071041,17926071041,760065412,0,0,0,0,0
2023-12-15,BCIC,Bank JTrust Indonesia Tbk.,--U-2105000000G111------------,126.0,0.0,130.0,124.0,124.0,-2.0,212000,26430400,54,9.3,124,152700,123,15600,17926071041,17926071041,760065412,0,0,0,0,0
2023-12-14,BCIC,Bank JTrust Indonesia Tbk.,--U-2105000000G111------------,121.0,0.0,132.0,120.0,126.0,5.0,1659700,208348200,439,9.4,126,43900,125,35500,17926071041,17926071041,760065412,98100,16600,0,0,0
2023-12-13,BCIC,Bank JTrust Indonesia Tbk.,--U-2105000000G111------------,125.0,0.0,127.0,119.0,121.0,-4.0,1681300,203575600,195,9.1,121,74100,120,203700,17926071041,17926071041,760065412,0,0,0,0,0
2023-12-12,BCIC,Bank JTrust Indonesia Tbk.,--U-2105000000G111------------,121.0,0.0,129.0,117.0,125.0,4.0,1831000,228296100,565,9.4,125,100000,124,72900,17926071041,17926071041,760065412,0,38900,0,0,0
2023-12-11,BCIC,Bank JTrust Indonesia Tbk.,--U-2105000000G111------------,129.0,0.0,130.0,121.0,121.0,-8.0,4098300,507018200,517,9.1,121,17400,120,400300,17926071041,17926071041,760065412,0,152000,0,0,0
2023-12-08,BCIC,Bank JTrust Indonesia Tbk.,--U-2105000000G111------------,130.0,0.0,131.0,128.0,129.0,-1.0,467800,60698500,72,9.7,130,136800,129,118500,17926071041,17926071041,760065412,0,0,0,0,0
2023-12-07,BCIC,Bank JTrust Indonesia Tbk.,--U-2105000000G111------------,132.0,0.0,132.0,129.0,130.0,-2.0,175700,22845400,45,9.7,130,9800,129,15200,17926071041,17926071041,760065412,0,0,0,0,0
2023-12-06,BCIC,Bank JTrust Indonesia Tbk.,--U-2105000000G111------------,132.0,0.0,135.0,129.0,132.0,0.0,478700,63294700,134,9.9,132,31000,131,100,17926071041,17926071041,760065412,67100,0,0,0,0
2023-12-05,BCIC,Bank JTrust Indonesia Tbk.,--U-2105000000G111------------,131.0,0.0,138.0,131.0,132.0,1.0,689900,92915000,261,9.9,132,5900,131,3000,17926071041,17926071041,760065412,141000,0,0,0,0
2023-12-04,BCIC,Bank JTrust Indonesia Tbk.,--U-2105000000G111------------,133.0,0.0,138.0,131.0,131.0,-2.0,519600,69035000,174,9.8,131,22700,130,22600,17926071041,17926071041,760065412,146200,3800,0,0,0
2023-12-01,BCIC,Bank JTrust Indonesia Tbk.,--U-2105000000G111------------,127.0,0.0,139.0,128.0,133.0,6.0,4401100,583919100,413,10.0,133,83000,131,500,17926071041,17926071041,760065412,475200,0,0,0,0
2023-11-30,BCIC,Bank JTrust Indonesia Tbk.,--U-2105000000G111------------,127.0,0.0,135.0,127.0,127.0,0.0,822300,106869000,323,9.5,128,4200,127,263300,17926071041,17926071041,760065412,33600,0,0,0,0
2023-11-29,BCIC,Bank JTrust Indonesia Tbk.,--U-2105000000G111------------,127.0,0.0,129.0,126.0,127.0,0.0,153600,19575700,81,9.5,128,51300,127,49300,17926071041,17926071041,760065412,400,0,0,0,0
2023-11-28,BCIC,Bank JTrust Indonesia Tbk.,--U-2105000000G111------------,130.0,0.0,132.0,125.0,127.0,-3.0,803500,102765400,269,9.5,128,17200,127,100,17926071041,17926071041,760065412,100200,0,0,0,0
2023-11-27,BCIC,Bank JTrust Indonesia Tbk.,--U-2105000000G111------------,131.0,0.0,137.0,130.0,130.0,-1.0,1014100,134498000,258,9.7,131,28800,129,15200,17926071041,17926071041,760065412,86900,3800,0,0,0
2023-11-24,BCIC,Bank JTrust Indonesia Tbk.,--U-2105000000G111------------,125.0,0.0,138.0,125.0,131.0,6.0,2534600,335528600,563,9.8,131,39700,130,45400,17926071041,17926071041,760065412,1500,0,0,0,0
2023-11-23,BCIC,Bank JTrust Indonesia Tbk.,--U-2105000000G111------------,124.0,0.0,132.0,123.0,125.0,1.0,1667000,212274400,211,9.4,126,50900,125,5700,17926071041,17926071041,760065412,14300,0,0,0,0
2023-11-22,BCIC,Bank JTrust Indonesia Tbk.,--U-2105000000G111------------,124.0,0.0,126.0,121.0,124.0,0.0,379200,46453000,107,9.3,124,15900,122,175500,17926071041,17926071041,760065412,0,0,0,0,0
2023-11-21,BCIC,Bank JTrust Indonesia Tbk.,--U-2105000000G111------------,123.0,0.0,128.0,123.0,124.0,1.0,415500,52359000,133,9.3,126,200,124,19300,17926071041,17926071041,760065412,31200,0,0,0,0
2023-11-20,BCIC,Bank JTrust Indonesia Tbk.,--U-2105000000G111------------,125.0,0.0,126.0,123.0,123.0,-2.0,598600,74275600,244,9.2,123,90800,122,22500,17926071041,17926071041,760065412,37900,0,0,0,0
2023-11-17,BCIC,Bank JTrust Indonesia Tbk.,--U-2105000000G111------------,129.0,0.0,130.0,125.0,125.0,-4.0,834600,105574000,187,9.4,126,100,125,14400,17926071041,17926071041,760065412,0,0,0,0,0
2023-11-16,BCIC,Bank JTrust Indonesia Tbk.,--U-2105000000G111------------,133.0,0.0,134.0,127.0,129.0,-4.0,892700,115585700,201,9.7,129,9300,128,49100,17926071041,17926071041,760065412,0,47200,0,0,0
2023-11-15,BCIC,Bank JTrust Indonesia Tbk.,--U-2105000000G111------------,134.0,0.0,135.0,128.0,133.0,-1.0,1316500,172099600,225,10.0,133,40600,132,100,17926071041,17926071041,760065412,0,128600,0,0,0
2023-11-14,BCIC,Bank JTrust Indonesia Tbk.,--U-2105000000G111------------,131.0,0.0,135.0,130.0,134.0,3.0,563600,74779300,128,10.0,134,29300,133,6500,17926071041,17926071041,760065412,0,0,0,0,0
2023-11-13,BCIC,Bank JTrust Indonesia Tbk.,--U-2105000000G111------------,135.0,0.0,136.0,130.0,131.0,-4.0,818200,108681100,245,9.8,132,4900,130,150400,17926071041,17926071041,760065412,102200,84100,0,0,0
2023-11-10,BCIC,Bank JTrust Indonesia Tbk.,--U-2105000000G111------------,128.0,0.0,143.0,128.0,135.0,7.0,5982300,805671600,1117,10.1,135,83000,133,1500,17926071041,17926071041,760065412,436700,136800,0,0,0
2023-11-09,BCIC,Bank JTrust Indonesia Tbk.,--U-2105000000G111------------,129.0,0.0,130.0,126.0,128.0,-1.0,463600,59138600,90,9.6,129,40900,127,28900,17926071041,17926071041,760065412,0,0,0,0,0
2023-11-08,BCIC,Bank JTrust Indonesia Tbk.,--U-2105000000G111------------,129.0,0.0,134.0,129.0,129.0,0.0,194900,25499900,62,9.7,130,37300,129,10000,17926071041,17926071041,760065412,0,0,0,0,0
2023-11-07,BCIC,Bank JTrust Indonesia Tbk.,--U-2105000000G111------------,129.0,0.0,132.0,128.0,129.0,0.0,408800,53092900,87,9.7,130,44600,129,41000,17926071041,17926071041,760065412,64400,0,3000100,360012000,1
2023-11-06,BCIC,Bank JTrust Indonesia Tbk.,--U-2105000000G111------------,129.0,0.0,132.0,126.0,129.0,0.0,556200,72117200,144,9.7,130,2500,129,79600,17926071041,17926071041,760065412,55800,0,0,0,0
2023-11-03,BCIC,Bank JTrust Indonesia Tbk.,--U-2105000000G111------------,130.0,0.0,130.0,126.0,129.0,-1.0,565000,72413200,148,9.7,128,2000,127,3000,17926071041,17926071041,760065412,0,0,0,0,0
2023-11-02,BCIC,Bank JTrust Indonesia Tbk.,--U-2105000000G111------------,126.0,0.0,135.0,126.0,130.0,4.0,1579800,206945900,293,9.7,130,153700,128,32300,17926071041,17926071041,760065412,0,0,0,0,0
2023-11-01,BCIC,Bank JTrust Indonesia Tbk.,--U-2105000000G111------------,121.0,0.0,126.0,121.0,126.0,5.0,625400,77949700,164,9.4,126,74500,124,100,17926071041,17926071041,760065412,0,0,0,0,0
2023-10-31,BCIC,Bank JTrust Indonesia Tbk.,--U-2105000000G111------------,121.0,0.0,124.0,120.0,121.0,0.0,495300,60148800,75,9.1,122,10000,121,63500,17926071041,17926071041,760065412,0,144400,0,0,0
2023-10-30,BCIC,Bank JTrust Indonesia Tbk.,--U-2105000000G111------------,119.0,0.0,125.0,116.0,121.0,2.0,840500,102361600,131,9.1,122,2000,121,6900,17926071041,17926071041,760065412,0,0,0,0,0
2023-10-27,BCIC,Bank JTrust Indonesia Tbk.,--U-2105000000G111------------,117.0,0.0,121.0,118.0,119.0,2.0,53800,6401100,50,8.9,120,118600,119,70900,17926071041,17926071041,760065412,0,0,0,0,0
2023-10-26,BCIC,Bank JTrust Indonesia Tbk.,--U-2105000000G111------------,120.0,0.0,121.0,117.0,117.0,-3.0,439200,52688000,57,8.8,120,9700,117,93900,17926071041,17926071041,760065412,0,4100,0,0,0
2023-10-25,BCIC,Bank JTrust Indonesia Tbk.,--U-2105000000G111------------,122.0,0.0,125.0,118.0,120.0,-2.0,924900,110836700,159,9.0,121,15800,120,20800,17926071041,17926071041,760065412,0,66600,0,0,0
2023-10-24,BCIC,Bank JTrust Indonesia Tbk.,--U-2105000000G111------------,119.0,0.0,131.0,117.0,122.0,3.0,1193000,146971600,350,9.1,122,177400,121,150900,17926071041,17926071041,760065412,0,171800,0,0,0
2023-10-23,BCIC,Bank JTrust Indonesia Tbk.,--U-2105000000G111------------,121.0,0.0,121.0,116.0,119.0,-2.0,817300,96574500,111,8.9,120,22300,119,277000,17926071041,17926071041,760065412,0,0,0,0,0
2023-10-20,BCIC,Bank JTrust Indonesia Tbk.,--U-2105000000G111------------,121.0,0.0,122.0,120.0,121.0,0.0,536200,64418000,85,9.1,121,55900,120,75100,17926071041,17926071041,760065412,0,0,0,0,0
2023-10-19,BCIC,Bank JTrust Indonesia Tbk.,--U-2105000000G111------------,122.0,0.0,130.0,119.0,121.0,-1.0,1221700,147791300,205,9.1,121,8200,119,106100,17926071041,17926071041,760065412,307200,0,0,0,0
2023-10-18,BCIC,Bank JTrust Indonesia Tbk.,--U-2105000000G111------------,125.0,0.0,125.0,122.0,122.0,-3.0,639000,78828000,105,9.1,124,8300,122,1000,17926071041,17926071041,760065412,0,0,0,0,0
2023-10-17,BCIC,Bank JTrust Indonesia Tbk.,--U-2105000000G111------------,124.0,0.0,128.0,124.0,125.0,1.0,339000,42365900,117,9.4,125,11300,124,93000,17926071041,17926071041,760065412,0,0,0,0,0
2023-10-16,BCIC,Bank JTrust Indonesia Tbk.,--U-2105000000G111------------,127.0,0.0,127.0,124.0,124.0,-3.0,358500,44761800,95,9.3,125,20500,124,103900,17926071041,17926071041,760065412,0,0,0,0,0
2023-10-13,BCIC,Bank JTrust Indonesia Tbk.,--U-2105000000G111------------,128.0,0.0,128.0,124.0,127.0,-1.0,722700,90374100,112,9.5,127,38900,125,300,17926071041,17926071041,760065412,0,0,0,0,0
2023-10-12,BCIC,Bank JTrust Indonesia Tbk.,--U-2105000000G111------------,128.0,0.0,128.0,125.0,128.0,0.0,849600,107100200,87,9.6,128,36300,125,246800,17926071041,17926071041,760065412,0,76700,0,0,0
2023-10-11,BCIC,Bank JTrust Indonesia Tbk.,--U-2105000000G111------------,127.0,0.0,131.0,125.0,128.0,1.0,507700,65028600,139,9.6,129,5000,126,58400,17926071041,17926071041,760065412,83000,0,0,0,0
2023-10-10,BCIC,Bank JTrust Indonesia Tbk.,--U-2105000000G111------------,129.0,0.0,129.0,123.0,127.0,-2.0,307100,38977400,87,9.5,128,16000,127,2900,17926071041,17926071041,760065412,0,0,0,0,0
2023-10-09,BCIC,Bank JTrust Indonesia Tbk.,--U-2105000000G111------------,132.0,0.0,136.0,121.0,129.0,-3.0,2530100,321730100,359,9.7,129,96700,128,14600,17926071041,17926071041,760065412,0,356100,0,0,0
2023-10-06,BCIC,Bank JTrust Indonesia Tbk.,--U-2105000000G111------------,131.0,0.0,137.0,131.0,132.0,1.0,269300,35592500,65,9.9,133,27400,132,900,17926071041,17926071041,760065412,0,0,0,0,0
2023-10-05,BCIC,Bank JTrust Indonesia Tbk.,--U-2105000000G111------------,135.0,0.0,137.0,130.0,131.0,-4.0,1193600,157708100,179,9.8,133,9500,131,47000,17926071041,17926071041,760065412,78300,0,0,0,0
2023-10-04,BCIC,Bank JTrust Indonesia Tbk.,--U-2105000000G111------------,139.0,0.0,140.0,134.0,135.0,-4.0,418200,56627900,99,10.1,137,200,135,29700,17926071041,17926071041,760065412,0,0,0,0,0
2023-10-03,BCIC,Bank JTrust Indonesia Tbk.,--U-2105000000G111------------,137.0,0.0,140.0,136.0,139.0,2.0,824800,113499100,108,10.4,139,82600,138,32100,17926071041,17926071041,760065412,0,0,0,0,0
2023-10-02,BCIC,Bank JTrust Indonesia Tbk.,--U-2105000000G111------------,139.0,0.0,140.0,135.0,137.0,-2.0,1245800,170064000,133,10.3,137,41200,136,12500,17926071041,17926071041,760065412,2300,88200,0,0,0
2023-09-29,BCIC,Bank JTrust Indonesia Tbk.,--U-2105000000G111------------,138.0,0.0,142.0,138.0,139.0,1.0,749200,104648600,153,10.4,139,98700,138,53300,17926071041,17926071041,758272805,500,130100,0,0,0
2023-09-27,BCIC,Bank JTrust Indonesia Tbk.,--U-2105000000G111------------,138.0,0.0,141.0,135.0,138.0,0.0,980000,135345900,143,10.3,139,500,138,89700,17926071041,17926071041,758272805,0,0,0,0,0
2023-09-26,BCIC,Bank JTrust Indonesia Tbk.,--U-2105000000G111------------,139.0,0.0,141.0,134.0,138.0,-1.0,2238300,308889700,190,10.3,139,21000,138,280700,17926071041,17926071041,758272805,0,3500,0,0,0
2023-09-25,BCIC,Bank JTrust Indonesia Tbk.,--U-2105000000G111------------,139.0,0.0,147.0,137.0,139.0,0.0,2185200,304244200,256,10.4,139,6300,138,59800,17926071041,17926071041,758272805,0,404300,0,0,0
2023-09-22,BCIC,Bank JTrust Indonesia Tbk.,--U-2105000000G111------------,142.0,0.0,142.0,134.0,139.0,-3.0,1982600,273829800,241,10.4,141,68400,139,74300,17926071041,17926071041,758272805,100,305800,0,0,0
2023-09-21,BCIC,Bank JTrust Indonesia Tbk.,--U-2105000000G111------------,141.0,0.0,143.0,139.0,142.0,1.0,631100,88653000,150,10.6,142,52100,140,14400,17926071041,17926071041,758272805,81800,0,0,0,0
2023-09-20,BCIC,Bank JTrust Indonesia Tbk.,--U-2105000000G111------------,146.0,0.0,147.0,141.0,141.0,-5.0,5291100,754609900,392,10.6,141,10000,140,105400,17926071041,17926071041,758272805,400,186400,0,0,0
2023-09-19,BCIC,Bank JTrust Indonesia Tbk.,--U-2105000000G111------------,148.0,0.0,150.0,145.0,146.0,-2.0,2386900,350093700,226,10.9,147,26900,145,309500,17926071041,17926071041,758272805,181500,0,0,0,0
2023-09-18,BCIC,Bank JTrust Indonesia Tbk.,--U-2105000000G111------------,148.0,0.0,150.0,146.0,148.0,0.0,815000,119897600,187,11.1,150,67800,147,540600,17926071041,17926071041,758272805,0,53300,0,0,0
2023-09-15,BCIC,Bank JTrust Indonesia Tbk.,--U-2105000000G111------------,148.0,0.0,150.0,144.0,148.0,0.0,1400300,205838000,311,11.1,148,13000,147,28900,17926071041,17926071041,758272805,0,0,0,0,0
2023-09-14,BCIC,Bank JTrust Indonesia Tbk.,--U-2105000000G111------------,149.0,0.0,150.0,147.0,148.0,-1.0,1181700,175416900,189,11.1,149,30100,148,45500,17926071041,17926071041,758272805,0,0,0,0,0
2023-09-13,BCIC,Bank JTrust Indonesia Tbk.,--U-2105000000G111------------,152.0,0.0,154.0,136.0,149.0,-3.0,6556700,973753900,607,11.2,150,19800,149,90000,17926071041,17926071041,758272805,275200,2355300,0,0,0
2023-09-12,BCIC,Bank JTrust Indonesia Tbk.,--U-2105000000G111------------,152.0,0.0,154.0,149.0,152.0,0.0,4532800,688989500,471,11.4,152,36500,151,1000,17926071041,17926071041,758272805,0,0,0,0,0
2023-09-11,BCIC,Bank JTrust Indonesia Tbk.,--U-2105000000G111------------,150.0,0.0,154.0,146.0,152.0,2.0,2059200,307742600,386,11.4,152,778900,151,1000,17926071041,17926071041,758272805,0,202000,0,0,0
2023-09-08,BCIC,Bank JTrust Indonesia Tbk.,--U-2105000000G111------------,150.0,0.0,150.0,145.0,150.0,0.0,1882500,277976600,278,11.2,150,85700,147,14500,17926071041,17926071041,758272805,0,184300,0,0,0
2023-09-07,BCIC,Bank JTrust Indonesia Tbk.,--U-2105000000G111------------,149.0,0.0,154.0,143.0,150.0,1.0,4819000,716790900,580,11.2,151,20000,149,19200,17926071041,17926071041,758272805,146700,247300,0,0,0
2023-09-06,BCIC,Bank JTrust Indonesia Tbk.,--U-2105000000G111------------,150.0,0.0,152.0,148.0,149.0,-1.0,1914900,286826500,310,11.2,149,110500,148,252900,17926071041,17926071041,758272805,0,59400,0,0,0
2023-09-05,BCIC,Bank JTrust Indonesia Tbk.,--U-2105000000G111------------,155.0,0.0,156.0,149.0,150.0,-5.0,4772600,724278900,518,11.2,150,148400,149,521700,17926071041,17926071041,758272805,296400,228000,0,0,0
2023-09-04,BCIC,Bank JTrust Indonesia Tbk.,--U-2105000000G111------------,158.0,0.0,164.0,147.0,155.0,-3.0,7828400,1207298300,1170,11.6,155,158700,154,65000,17926071041,17926071041,758272805,731900,458200,0,0,0
2023-09-01,BCIC,Bank JTrust Indonesia Tbk.,--U-2105000000G111------------,140.0,0.0,164.0,140.0,158.0,18.0,23671800,3661758100,2709,11.8,159,279700,158,470700,17926071041,17926071041,758272805,1553600,957900,0,0,0
2023-08-31,BCIC,Bank JTrust Indonesia Tbk.,--U-2105000000G111------------,139.0,0.0,140.0,136.0,140.0,1.0,1669700,231005200,313,10.5,140,47700,138,20000,17926071041,17926071041,758272805,0,0,0,0,0
2023-08-30,BCIC,Bank JTrust Indonesia Tbk.,--U-2105000000G111------------,136.0,0.0,146.0,135.0,139.0,3.0,5238300,739062000,620,10.4,140,26800,139,14600,17926071041,17926071041,758272805,105800,572500,0,0,0
2023-08-29,BCIC,Bank JTrust Indonesia Tbk.,--U-2105000000G111------------,136.0,0.0,144.0,132.0,136.0,0.0,7686900,1067915100,798,10.2,137,500,136,178800,17926071041,17926071041,758272805,387100,2557200,0,0,0
2023-08-28,BCIC,Bank JTrust Indonesia Tbk.,--U-2105000000G111------------,128.0,0.0,139.0,129.0,136.0,8.0,3012400,403995700,455,10.2,137,55500,136,28500,17926071041,17926071041,758272805,0,399100,0,0,0
2023-08-25,BCIC,Bank JTrust Indonesia Tbk.,--U-2105000000G111------------,130.0,0.0,134.0,126.0,128.0,-2.0,2615800,335070200,343,9.6,128,72300,126,130400,17926071041,17926071041,758272805,11400,75900,0,0,0
2023-08-24,BCIC,Bank JTrust Indonesia Tbk.,--U-2105000000G111------------,134.0,0.0,137.0,130.0,130.0,-4.0,3498900,460058300,474,9.7,131,3000,130,1066900,17926071041,17926071041,758272805,89100,11400,0,0,0
2023-08-23,BCIC,Bank JTrust Indonesia Tbk.,--U-2105000000G111------------,138.0,0.0,140.0,134.0,134.0,-4.0,2243900,306675700,389,10.0,136,42500,134,5700,17926071041,17926071041,758272805,10500,510800,0,0,0
2023-08-22,BCIC,Bank JTrust Indonesia Tbk.,--U-2105000000G111------------,133.0,0.0,143.0,133.0,138.0,5.0,4202600,581748300,644,10.3,138,203000,137,424100,17926071041,17926071041,758272805,222200,45200,0,0,0
2023-08-21,BCIC,Bank JTrust Indonesia Tbk.,--U-2105000000G111------------,138.0,0.0,138.0,132.0,133.0,-5.0,4306300,579895500,381,10.0,134,3900,133,214200,17926071041,17926071041,758272805,48300,510000,0,0,0
2023-08-18,BCIC,Bank JTrust Indonesia Tbk.,--U-2105000000G111------------,138.0,0.0,142.0,130.0,138.0,0.0,3747100,514348300,645,10.3,138,8600,137,83400,17926071041,17926071041,758272805,9300,9700,0,0,0
2023-08-16,BCIC,Bank JTrust Indonesia Tbk.,--U-2105000000G111------------,134.0,0.0,140.0,131.0,138.0,4.0,4337800,587049400,700,10.3,138,118400,137,100,17926071041,17926071041,758272805,8100,289500,0,0,0
2023-08-15,BCIC,Bank JTrust Indonesia Tbk.,--U-2105000000G111------------,143.0,0.0,147.0,134.0,134.0,-9.0,7108800,974415700,1034,10.0,135,1000,134,389700,17926071041,17926071041,758272805,224400,442100,0,0,0
2023-08-14,BCIC,Bank JTrust Indonesia Tbk.,--U-2105000000G111------------,148.0,0.0,153.0,141.0,143.0,-5.0,9104200,1336144200,1267,10.7,144,85800,143,148900,17926071041,17926071041,758272805,473600,220000,0,0,0
2023-08-11,BCIC,Bank JTrust Indonesia Tbk.,--U-2105000000G111------------,142.0,0.0,164.0,143.0,148.0,6.0,25154700,3898864500,3439,11.1,151,82700,148,7200,17926071041,17926071041,758272805,1777400,1877400,0,0,0
2023-08-10,BCIC,Bank JTrust Indonesia Tbk.,--U-2105000000G111------------,162.0,0.0,164.0,142.0,142.0,-20.0,17097800,2566710900,2298,10.6,143,50800,141,75500,17926071041,17926071041,758272805,1146500,1056300,0,0,0
2023-08-09,BCIC,Bank JTrust Indonesia Tbk.,--U-2105000000G111------------,143.0,0.0,173.0,143.0,162.0,19.0,68790500,11167864400,8664,12.1,162,193600,161,165400,17926071041,17926071041,758272805,3341200,3751900,0,0,0
2023-08-08,BCIC,Bank JTrust Indonesia Tbk.,--U-2105000000G111------------,116.0,0.0,149.0,117.0,143.0,27.0,44878900,6199488300,4628,10.7,144,484300,143,390500,17926071041,17926071041,758272805,3258300,2486000,0,0,0
2023-08-07,BCIC,Bank JTrust Indonesia Tbk.,--U-2105000000G111------------,112.0,0.0,117.0,112.0,116.0,4.0,2328000,266319600,186,8.7,115,27500,114,100000,17926071041,17926071041,758272805,94600,217500,0,0,0
2023-08-04,BCIC,Bank JTrust Indonesia Tbk.,--U-2105000000G111------------,113.0,0.0,114.0,111.0,112.0,-1.0,457300,51169700,68,8.4,112,10000,111,57000,17926071041,17926071041,758272805,0,0,0,0,0
2023-08-03,BCIC,Bank JTrust Indonesia Tbk.,--U-2105000000G111------------,112.0,0.0,115.0,112.0,113.0,1.0,741800,84113300,116,8.5,114,122200,113,4900,17926071041,17926071041,758272805,108900,0,0,0,0
2023-08-02,BCIC,Bank JTrust Indonesia Tbk.,--U-2105000000G111------------,112.0,0.0,115.0,111.0,112.0,0.0,550100,61902400,60,8.4,112,15200,111,362300,17926071041,17926071041,758272805,225500,137300,0,0,0
2023-08-01,BCIC,Bank JTrust Indonesia Tbk.,--U-2105000000G111------------,112.0,0.0,116.0,112.0,112.0,0.0,1915500,217309700,136,8.4,112,282800,111,152000,17926071041,17926071041,758272805,98100,126000,0,0,0
2023-07-31,BCIC,Bank JTrust Indonesia Tbk.,--U-2105000000G111------------,112.0,0.0,114.0,111.0,112.0,0.0,1555800,175039500,141,8.4,113,54500,112,329600,17926071041,17926071041,758272805,0,171500,0,0,0
2023-07-28,BCIC,Bank JTrust Indonesia Tbk.,--U-2105000000G111------------,115.0,0.0,115.0,108.0,112.0,-3.0,1803600,202679400,158,8.4,112,265700,111,396400,17926071041,17926071041,758272805,0,40000,0,0,0
2023-07-27,BCIC,Bank JTrust Indonesia Tbk.,--U-2105000000G111------------,117.0,0.0,119.0,115.0,115.0,-2.0,975500,113638000,113,8.6,115,63000,114,225400,17926071041,17926071041,758272805,161500,105700,0,0,0
2023-07-26,BCIC,Bank JTrust Indonesia Tbk.,--U-2105000000G111------------,115.0,0.0,117.0,115.0,117.0,2.0,1588100,184698100,128,8.8,117,115400,116,252500,17926071041,17926071041,758272805,0,6000,0,0,0
2023-07-25,BCIC,Bank JTrust Indonesia Tbk.,--U-2105000000G111------------,113.0,0.0,116.0,113.0,115.0,2.0,832400,95292200,89,8.6,115,69000,114,215200,17926071041,17926071041,758272805,0,100200,0,0,0
2023-07-24,BCIC,Bank JTrust Indonesia Tbk.,--U-2105000000G111------------,113.0,0.0,116.0,113.0,113.0,0.0,1630300,185979800,124,8.5,114,13800,113,162200,17926071041,17926071041,758272805,0,225400,0,0,0
2023-07-21,BCIC,Bank JTrust Indonesia Tbk.,--U-2105000000G111------------,111.0,0.0,114.0,111.0,113.0,2.0,501800,56662800,71,8.5,113,4500,112,275700,17926071041,17926071041,758272805,0,0,0,0,0
2023-07-20,BCIC,Bank JTrust Indonesia Tbk.,--U-2105000000G111------------,112.0,0.0,115.0,111.0,111.0,-1.0,1610000,180150800,133,8.3,113,190100,111,918000,17926071041,17926071041,758272805,15200,166400,0,0,0
2023-07-18,BCIC,Bank JTrust Indonesia Tbk.,--U-2105000000G111------------,112.0,0.0,115.0,110.0,112.0,0.0,632900,71023400,130,8.4,112,68200,111,138400,17926071041,17926071041,758272805,57000,0,0,0,0
2023-07-17,BCIC,Bank JTrust Indonesia Tbk.,--U-2105000000G111------------,110.0,0.0,115.0,111.0,112.0,2.0,1567200,178035500,222,8.4,113,23500,112,148900,17926071041,17926071041,758272805,308600,198900,0,0,0
2023-07-14,BCIC,Bank JTrust Indonesia Tbk.,--U-2105000000G111------------,116.0,0.0,118.0,110.0,110.0,-6.0,3577400,403240500,261,8.2,111,71800,110,241400,17926071041,17926071041,758272805,165000,30000,0,0,0
2023-07-13,BCIC,Bank JTrust Indonesia Tbk.,--U-2105000000G111------------,116.0,0.0,124.0,115.0,116.0,0.0,7212700,857561500,774,8.7,116,140300,115,356100,17926071041,17926071041,758272805,364600,337200,0,0,0
2023-07-12,BCIC,Bank JTrust Indonesia Tbk.,--U-2105000000G111------------,112.0,0.0,118.0,113.0,116.0,4.0,2900900,334975700,321,8.7,116,35300,115,611300,17926071041,17926071041,758272805,0,0,0,0,0
2023-07-11,BCIC,Bank JTrust Indonesia Tbk.,--U-2105000000G111------------,109.0,0.0,116.0,106.0,112.0,3.0,3833900,425764500,455,8.4,113,14000,112,265700,17926071041,17926071041,758272805,70000,110800,0,0,0
2023-07-10,BCIC,Bank JTrust Indonesia Tbk.,--U-2105000000G111------------,109.0,0.0,113.0,109.0,109.0,0.0,1664900,184600700,201,8.2,110,65200,109,318800,17926071041,17926071041,758272805,0,61200,0,0,0
2023-07-07,BCIC,Bank JTrust Indonesia Tbk.,--U-2105000000G111------------,108.0,0.0,113.0,108.0,109.0,1.0,2946700,325755900,442,8.2,110,600,109,7600,17926071041,17926071041,758272805,184900,63800,0,0,0
2023-07-06,BCIC,Bank JTrust Indonesia Tbk.,--U-2105000000G111------------,105.0,0.0,110.0,104.0,108.0,3.0,2136200,227877100,276,8.1,108,71200,107,21800,17926071041,17926071041,758272805,38900,0,0,0,0
2023-07-05,BCIC,Bank JTrust Indonesia Tbk.,--U-2105000000G111------------,107.0,0.0,108.0,104.0,105.0,-2.0,854500,89986400,136,7.9,106,219400,105,329200,17926071041,17926071041,758272805,0,0,0,0,0
2023-07-04,BCIC,Bank JTrust Indonesia Tbk.,--U-2105000000G111------------,106.0,0.0,109.0,104.0,107.0,1.0,1547400,165755100,192,8.0,107,147400,106,4600,17926071041,17926071041,758272805,2800,10000,0,0,0
2023-07-03,BCIC,Bank JTrust Indonesia Tbk.,--U-2105000000G111------------,106.0,0.0,106.0,104.0,106.0,0.0,849500,89543000,92,7.9,106,49100,105,312200,17926071041,17926071041,758272805,0,2800,0,0,0
2023-06-27,BCIC,Bank JTrust Indonesia Tbk.,--U-2105000000G111------------,104.0,0.0,107.0,104.0,106.0,2.0,1270700,133638100,130,7.9,106,149600,105,20100,17926071041,17926071041,754687591,104000,4700,0,0,0
2023-06-26,BCIC,Bank JTrust Indonesia Tbk.,--U-2105000000G111------------,102.0,0.0,108.0,103.0,104.0,2.0,3396800,359571100,424,7.8,105,32400,104,403400,17926071041,17926071041,754687591,10700,19500,0,0,0
2023-06-23,BCIC,Bank JTrust Indonesia Tbk.,--U-2105000000G111------------,106.0,0.0,108.0,101.0,102.0,-4.0,4542000,472462500,278,7.6,103,16500,102,230400,17926071041,17926071041,754687591,237400,581300,0,0,0
2023-06-22,BCIC,Bank JTrust Indonesia Tbk.,--U-2105000000G111------------,106.0,0.0,108.0,105.0,106.0,0.0,1963300,208148300,186,7.9,107,224700,106,87800,17926071041,17926071041,754687591,0,136500,0,0,0
2023-06-21,BCIC,Bank JTrust Indonesia Tbk.,--U-2105000000G111------------,102.0,0.0,112.0,102.0,106.0,4.0,12510100,1342589300,1392,7.9,106,166800,105,97100,17926071041,17926071041,754687591,622100,151700,0,0,0
2023-06-20,BCIC,Bank JTrust Indonesia Tbk.,--U-2105000000G111------------,106.0,0.0,108.0,102.0,102.0,-4.0,4218500,439512000,602,7.6,105,20600,102,381900,17926071041,17926071041,754687591,37100,131600,0,0,0
2023-06-19,BCIC,Bank JTrust Indonesia Tbk.,--U-2105000000G111------------,109.0,0.0,110.0,102.0,106.0,-3.0,6505400,680873600,685,7.9,106,462800,104,5800,17926071041,17926071041,754687591,102400,239700,0,0,0
2023-06-16,BCIC,Bank JTrust Indonesia Tbk.,--U-2105000000G111------------,95.0,0.0,122.0,96.0,109.0,14.0,42085900,4798104900,5198,8.2,109,166000,108,10200,17926071041,17926071041,754687591,2464000,2914200,0,0,0
2023-06-15,BCIC,Bank JTrust Indonesia Tbk.,--U-2105000000G111------------,96.0,0.0,100.0,95.0,95.0,-1.0,295400,28166000,55,7.1,96,400,95,526500,17926071041,17926071041,754687591,100,0,0,0,0
2023-06-14,BCIC,Bank JTrust Indonesia Tbk.,--U-2105000000G111------------,97.0,0.0,97.0,94.0,96.0,-1.0,161700,15453800,65,7.2,97,164600,96,122400,17926071041,17926071041,754687591,18100,0,0,0,0
2023-06-13,BCIC,Bank JTrust Indonesia Tbk.,--U-2105000000G111------------,97.0,0.0,98.0,95.0,97.0,0.0,850000,82023300,98,7.3,97,50700,96,2100,17926071041,17926071041,754687591,135000,0,0,0,0
2023-06-12,BCIC,Bank JTrust Indonesia Tbk.,--U-2105000000G111------------,97.0,0.0,99.0,95.0,97.0,0.0,1412000,137728800,222,7.3,97,364700,96,16500,17926071041,17926071041,754687591,49300,0,0,0,0
2023-06-09,BCIC,Bank JTrust Indonesia Tbk.,--U-2105000000G111------------,97.0,0.0,99.0,95.0,97.0,0.0,482900,46578100,72,7.3,97,54700,96,400,17926071041,17926071041,754687591,17100,0,0,0,0
2023-06-08,BCIC,Bank JTrust Indonesia Tbk.,--U-2105000000G111------------,97.0,0.0,100.0,96.0,97.0,0.0,1171700,114965800,213,7.3,98,2500,96,51900,17926071041,17926071041,754687591,33000,100,0,0,0
2023-06-07,BCIC,Bank JTrust Indonesia Tbk.,--U-2105000000G111------------,96.0,0.0,98.0,95.0,97.0,1.0,348100,33682200,84,7.3,97,30000,96,79400,17926071041,17926071041,754687591,0,0,0,0,0
2023-06-06,BCIC,Bank JTrust Indonesia Tbk.,--U-2105000000G111------------,96.0,0.0,96.0,93.0,96.0,0.0,341000,32252100,82,7.2,96,95400,95,600,17926071041,17926071041,754687591,0,0,0,0,0
2023-06-05,BCIC,Bank JTrust Indonesia Tbk.,--U-2105000000G111------------,96.0,0.0,97.0,93.0,96.0,0.0,603400,57265700,79,7.2,96,73200,94,89900,17926071041,17926071041,754687591,200000,0,0,0,0
2023-05-31,BCIC,Bank JTrust Indonesia Tbk.,--U-2105000000G111------------,99.0,0.0,100.0,93.0,96.0,-3.0,816100,78454500,135,7.2,97,17000,96,86800,17926071041,17926071041,754687591,21300,0,0,0,0
2023-05-30,BCIC,Bank JTrust Indonesia Tbk.,--U-2105000000G111------------,99.0,0.0,100.0,97.0,99.0,0.0,489700,48034700,73,7.4,99,195000,98,1026500,17926071041,17926071041,754687591,100,0,0,0,0
2023-05-29,BCIC,Bank JTrust Indonesia Tbk.,--U-2105000000G111------------,100.0,0.0,100.0,98.0,99.0,-1.0,569400,56470200,105,7.4,100,313800,99,240100,17926071041,17926071041,754687591,42500,0,0,0,0
2023-05-26,BCIC,Bank JTrust Indonesia Tbk.,--U-2105000000G111------------,101.0,0.0,102.0,99.0,100.0,-1.0,1049400,105280700,87,7.5,100,118600,99,123700,17926071041,17926071041,754687591,2700,4700,0,0,0
2023-05-25,BCIC,Bank JTrust Indonesia Tbk.,--U-2105000000G111------------,100.0,0.0,102.0,100.0,101.0,1.0,460700,46855800,51,7.6,101,135800,100,168000,17926071041,17926071041,754687591,0,0,0,0,0
2023-05-24,BCIC,Bank JTrust Indonesia Tbk.,--U-2105000000G111------------,102.0,0.0,103.0,100.0,100.0,-2.0,509200,51416500,94,7.5,102,232500,100,171300,17926071041,17926071041,754687591,0,0,0,0,0
2023-05-23,BCIC,Bank JTrust Indonesia Tbk.,--U-2105000000G111------------,102.0,0.0,105.0,100.0,102.0,0.0,1481900,148768500,115,7.6,102,36400,100,96800,17926071041,17926071041,754687591,99300,0,0,0,0
2023-05-22,BCIC,Bank JTrust Indonesia Tbk.,--U-2105000000G111------------,102.0,0.0,110.0,99.0,102.0,0.0,1794900,184968400,305,7.6,103,443000,101,1300,17926071041,17926071041,754687591,23700,0,0,0,0
2023-05-19,BCIC,Bank JTrust Indonesia Tbk.,--U-2105000000G111------------,102.0,0.0,102.0,100.0,102.0,0.0,421900,42234000,60,7.6,102,53000,100,67000,17926071041,17926071041,754687591,0,150000,0,0,0
2023-05-17,BCIC,Bank JTrust Indonesia Tbk.,--U-2105000000G111------------,102.0,0.0,103.0,99.0,102.0,0.0,141800,14400100,61,7.6,103,23900,100,249700,17926071041,17926071041,754687591,0,0,0,0,0
2023-05-16,BCIC,Bank JTrust Indonesia Tbk.,--U-2105000000G111------------,100.0,0.0,104.0,100.0,102.0,2.0,435500,44486300,144,7.6,103,13800,102,100,17926071041,17926071041,754687591,2000,0,0,0,0
2023-05-15,BCIC,Bank JTrust Indonesia Tbk.,--U-2105000000G111------------,102.0,0.0,103.0,100.0,100.0,-2.0,382400,38345400,76,7.5,102,117300,100,186600,17926071041,17926071041,754687591,400,0,0,0,0
2023-05-12,BCIC,Bank JTrust Indonesia Tbk.,--U-2105000000G111------------,101.0,0.0,103.0,100.0,102.0,1.0,597000,60765300,126,7.6,102,4000,101,106500,17926071041,17926071041,754687591,0,0,0,0,0
2023-05-11,BCIC,Bank JTrust Indonesia Tbk.,--U-2105000000G111------------,102.0,0.0,103.0,100.0,101.0,-1.0,744600,75361700,61,7.6,103,131400,102,1000,17926071041,17926071041,754687591,0,59500,0,0,0
2023-05-10,BCIC,Bank JTrust Indonesia Tbk.,--U-2105000000G111------------,104.0,0.0,104.0,102.0,102.0,-2.0,884400,90351600,105,7.6,102,412200,101,203100,17926071041,17926071041,754687591,0,0,0,0,0
2023-05-09,BCIC,Bank JTrust Indonesia Tbk.,--U-2105000000G111------------,105.0,0.0,105.0,103.0,104.0,-1.0,109600,11367900,40,7.8,104,17000,103,119100,17926071041,17926071041,754687591,0,0,0,0,0
2023-05-08,BCIC,Bank JTrust Indonesia Tbk.,--U-2105000000G111------------,104.0,0.0,105.0,101.0,105.0,1.0,773500,80134800,156,7.9,105,71900,103,22700,17926071041,17926071041,754687591,0,200000,0,0,0
2023-05-05,BCIC,Bank JTrust Indonesia Tbk.,--U-2105000000G111------------,102.0,0.0,114.0,100.0,104.0,2.0,3346500,347868400,582,7.8,104,14100,102,117800,17926071041,17926071041,754687591,0,454200,0,0,0
2023-05-04,BCIC,Bank JTrust Indonesia Tbk.,--U-2105000000G111------------,104.0,0.0,104.0,99.0,102.0,-2.0,2789100,282640900,134,7.6,102,26100,100,44200,17926071041,17926071041,754687591,0,149700,0,0,0
2023-05-03,BCIC,Bank JTrust Indonesia Tbk.,--U-2105000000G111------------,104.0,0.0,105.0,98.0,104.0,0.0,434700,44161600,74,7.8,104,61300,103,1300,17926071041,17926071041,754687591,39900,0,0,0,0
2023-05-02,BCIC,Bank JTrust Indonesia Tbk.,--U-2105000000G111------------,103.0,0.0,104.0,102.0,104.0,1.0,186600,19118700,42,7.8,104,55900,103,1000,17926071041,17926071041,754687591,0,0,0,0,0
2023-04-28,BCIC,Bank JTrust Indonesia Tbk.,--U-2105000000G111------------,104.0,0.0,106.0,100.0,103.0,-1.0,883300,89663400,97,7.7,103,9000,102,916700,17926071041,17926071041,754687591,0,31300,0,0,0
2023-04-27,BCIC,Bank JTrust Indonesia Tbk.,--U-2105000000G111------------,103.0,0.0,106.0,102.0,104.0,1.0,647800,67552200,117,7.8,104,100,103,1002400,17926071041,17926071041,754687591,0,72900,0,0,0
2023-04-26,BCIC,Bank JTrust Indonesia Tbk.,--U-2105000000G111------------,102.0,0.0,105.0,103.0,103.0,1.0,692100,71692500,81,7.7,104,1000,103,158900,17926071041,17926071041,754687591,0,0,0,0,0
2023-04-18,BCIC,Bank JTrust Indonesia Tbk.,--U-2105000000G111------------,103.0,0.0,103.0,100.0,102.0,-1.0,1276200,129085700,93,7.6,103,68300,101,83600,17926071041,17926071041,754687591,477000,0,0,0,0
2023-04-17,BCIC,Bank JTrust Indonesia Tbk.,--U-2105000000G111------------,103.0,0.0,103.0,102.0,103.0,0.0,220500,22642900,36,7.7,103,65300,102,192700,17926071041,17926071041,754687591,0,0,0,0,0
2023-04-14,BCIC,Bank JTrust Indonesia Tbk.,--U-2105000000G111------------,102.0,0.0,104.0,102.0,103.0,1.0,151900,15588800,53,7.7,103,130400,102,170500,17926071041,17926071041,754687591,0,0,0,0,0
2023-04-13,BCIC,Bank JTrust Indonesia Tbk.,--U-2105000000G111------------,103.0,0.0,104.0,101.0,102.0,-1.0,392400,39894700,97,7.6,103,5000,102,1400,17926071041,17926071041,754687591,0,0,0,0,0
2023-04-12,BCIC,Bank JTrust Indonesia Tbk.,--U-2105000000G111------------,101.0,0.0,103.0,100.0,103.0,2.0,238300,24049100,79,7.7,103,23500,102,217700,17926071041,17926071041,754687591,0,0,0,0,0
2023-04-11,BCIC,Bank JTrust Indonesia Tbk.,--U-2105000000G111------------,105.0,0.0,107.0,100.0,101.0,-4.0,565600,57271700,158,7.6,103,23400,101,88000,17926071041,17926071041,754687591,0,0,0,0,0
2023-04-10,BCIC,Bank JTrust Indonesia Tbk.,--U-2105000000G111------------,107.0,0.0,108.0,104.0,105.0,-2.0,62800,6586400,53,7.9,105,4800,104,35700,17926071041,17926071041,754687591,0,0,0,0,0
2023-04-06,BCIC,Bank JTrust Indonesia Tbk.,--U-2105000000G111------------,106.0,0.0,108.0,105.0,107.0,1.0,186800,19773300,95,8.0,107,180600,106,1500,17926071041,17926071041,754687591,0,0,0,0,0
2023-04-05,BCIC,Bank JTrust Indonesia Tbk.,--U-2105000000G111------------,107.0,0.0,107.0,105.0,106.0,-1.0,377000,39821600,48,7.9,107,49300,106,200,17926071041,17926071041,754687591,0,0,0,0,0
2023-04-04,BCIC,Bank JTrust Indonesia Tbk.,--U-2105000000G111------------,109.0,0.0,110.0,104.0,107.0,-2.0,574700,61230600,92,8.0,107,30300,106,17500,17926071041,17926071041,754687591,0,49200,0,0,0
2023-04-03,BCIC,Bank JTrust Indonesia Tbk.,--U-2105000000G111------------,111.0,0.0,110.0,107.0,109.0,-2.0,421100,45542900,45,8.2,109,25300,108,133600,17926071041,17926071041,754687591,0,164200,0,0,0
2023-03-31,BCIC,Bank JTrust Indonesia Tbk.,--U-2105000000G111------------,113.0,0.0,115.0,110.0,111.0,-2.0,348700,39087300,75,8.3,111,481900,110,1500,17926071041,17926071041,754687591,0,0,27,2997,1
2023-03-30,BCIC,Bank JTrust Indonesia Tbk.,--U-2105000000G111------------,110.0,0.0,114.0,110.0,113.0,3.0,692800,77739200,135,8.5,114,43200,112,58100,17926071041,17926071041,754687591,100,0,0,0,0
2023-03-29,BCIC,Bank JTrust Indonesia Tbk.,--U-2105000000G111------------,107.0,0.0,111.0,107.0,110.0,3.0,939800,102860500,127,8.2,111,19800,110,800,17926071041,17926071041,754687591,0,168900,0,0,0
2023-03-28,BCIC,Bank JTrust Indonesia Tbk.,--U-2105000000G111------------,106.0,0.0,109.0,106.0,107.0,1.0,576400,61645800,92,8.0,108,10400,107,4800,17926071041,17926071041,754687591,0,0,0,0,0
2023-03-27,BCIC,Bank JTrust Indonesia Tbk.,--U-2105000000G111------------,104.0,0.0,110.0,105.0,106.0,2.0,1252300,134054000,208,7.9,107,100,105,22200,17926071041,17926071041,754687591,0,4500,0,0,0
2023-03-24,BCIC,Bank JTrust Indonesia Tbk.,--U-2105000000G111------------,104.0,0.0,105.0,104.0,104.0,0.0,277200,28922700,49,7.8,105,76800,104,1800,17926071041,17926071041,754687591,0,0,0,0,0
2023-03-21,BCIC,Bank JTrust Indonesia Tbk.,--U-2105000000G111------------,102.0,0.0,104.0,102.0,104.0,2.0,354500,36358600,63,7.8,104,50100,103,900,17926071041,17926071041,754687591,0,0,0,0,0
2023-03-20,BCIC,Bank JTrust Indonesia Tbk.,--U-2105000000G111------------,103.0,0.0,105.0,101.0,102.0,-1.0,303400,30967400,65,7.6,102,21100,101,18000,17926071041,17926071041,754687591,0,0,0,0,0
2023-03-17,BCIC,Bank JTrust Indonesia Tbk.,--U-2105000000G111------------,99.0,0.0,105.0,98.0,103.0,4.0,604700,61556600,135,7.7,103,147800,102,2600,17926071041,17926071041,754687591,0,0,0,0,0
2023-03-16,BCIC,Bank JTrust Indonesia Tbk.,--U-2105000000G111------------,105.0,0.0,107.0,98.0,99.0,-6.0,2129700,214221800,224,7.4,99,39000,98,20100,17926071041,17926071041,754687591,0,0,0,0,0
2023-03-15,BCIC,Bank JTrust Indonesia Tbk.,--U-2105000000G111------------,106.0,0.0,111.0,103.0,105.0,-1.0,1008600,106874000,100,7.9,106,29400,105,6600,17926071041,17926071041,754687591,0,0,0,0,0
2023-03-14,BCIC,Bank JTrust Indonesia Tbk.,--U-2105000000G111------------,110.0,0.0,113.0,106.0,106.0,-4.0,1325400,142962800,157,7.9,110,103500,106,17000,17926071041,17926071041,754687591,0,0,0,0,0
2023-03-13,BCIC,Bank JTrust Indonesia Tbk.,--U-2105000000G111------------,116.0,0.0,114.0,110.0,110.0,-6.0,1928500,213921200,276,8.2,111,50000,110,139300,17926071041,17926071041,754687591,90000,0,0,0,0
2023-03-10,BCIC,Bank JTrust Indonesia Tbk.,--U-2105000000G111------------,117.0,0.0,130.0,112.0,116.0,-1.0,6850700,823827700,977,8.7,117,66700,116,16700,17926071041,17926071041,754687591,0,0,0,0,0
2023-03-09,BCIC,Bank JTrust Indonesia Tbk.,--U-2105000000G111------------,116.0,0.0,119.0,115.0,117.0,1.0,739200,86622600,137,8.8,118,3200,117,1800,17926071041,17926071041,754687591,0,0,0,0,0
2023-03-08,BCIC,Bank JTrust Indonesia Tbk.,--U-2105000000G111------------,118.0,0.0,119.0,116.0,116.0,-2.0,952800,111588700,118,8.7,117,94400,116,107900,17926071041,17926071041,754687591,0,0,0,0,0
2023-03-07,BCIC,Bank JTrust Indonesia Tbk.,--U-2105000000G111------------,120.0,0.0,120.0,117.0,118.0,-2.0,1116200,132005600,135,8.8,119,98700,118,24100,17926071041,17926071041,754687591,0,0,0,0,0
2023-03-06,BCIC,Bank JTrust Indonesia Tbk.,--U-2105000000G111------------,121.0,0.0,123.0,118.0,120.0,-1.0,849300,101576400,111,9.0,121,55300,120,4500,17926071041,17926071041,754687591,0,0,0,0,0
2023-03-03,BCIC,Bank JTrust Indonesia Tbk.,--U-2105000000G111------------,120.0,0.0,122.0,119.0,121.0,1.0,1309200,157732300,110,9.1,122,264600,121,1400,17926071041,17926071041,754687591,0,0,0,0,0
2023-03-02,BCIC,Bank JTrust Indonesia Tbk.,--U-2105000000G111------------,119.0,0.0,122.0,119.0,120.0,1.0,1861100,224605000,198,9.0,121,7100,120,130400,17926071041,17926071041,754687591,0,0,0,0,0
2023-03-01,BCIC,Bank JTrust Indonesia Tbk.,--U-2105000000G111------------,119.0,0.0,121.0,118.0,119.0,0.0,793200,94606900,91,8.9,119,92600,118,776000,17926071041,17926071041,754687591,0,0,0,0,0
2023-02-28,BCIC,Bank JTrust Indonesia Tbk.,--U-2105000000G111------------,120.0,0.0,120.0,116.0,119.0,-1.0,667700,78560000,136,8.9,119,41300,118,139000,17926071041,17926071041,754687591,0,0,0,0,0
2023-02-27,BCIC,Bank JTrust Indonesia Tbk.,--U-2105000000G111------------,118.0,0.0,120.0,118.0,120.0,2.0,753500,89113100,110,9.0,120,129900,119,200,17926071041,17926071041,754687591,0,4200,0,0,0
2023-02-24,BCIC,Bank JTrust Indonesia Tbk.,--U-2105000000G111------------,119.0,0.0,121.0,118.0,118.0,-1.0,1205900,143282600,167,8.8,120,57200,118,346400,17926071041,17926071041,754687591,0,0,0,0,0
2023-02-23,BCIC,Bank JTrust Indonesia Tbk.,--U-2105000000G111------------,120.0,0.0,121.0,119.0,119.0,-1.0,274700,32828600,80,8.9,120,1100,119,132100,17926071041,17926071041,754687591,0,0,0,0,0
2023-02-22,BCIC,Bank JTrust Indonesia Tbk.,--U-2105000000G111------------,121.0,0.0,123.0,118.0,120.0,-1.0,1210700,144270600,249,9.0,120,214000,119,105400,17926071041,17926071041,754687591,0,0,0,0,0
2023-02-21,BCIC,Bank JTrust Indonesia Tbk.,--U-2105000000G111------------,121.0,0.0,122.0,119.0,121.0,0.0,503000,60444700,137,9.1,121,104200,120,117600,17926071041,17926071041,754687591,0,0,0,0,0
2023-02-20,BCIC,Bank JTrust Indonesia Tbk.,--U-2105000000G111------------,122.0,0.0,123.0,119.0,121.0,-1.0,1974700,238070400,277,9.1,121,49300,120,61300,17926071041,17926071041,754687591,0,500,0,0,0
2023-02-17,BCIC,Bank JTrust Indonesia Tbk.,--U-2105000000G111------------,124.0,0.0,124.0,122.0,122.0,-2.0,1115200,136577400,137,9.1,123,20500,122,194700,17926071041,17926071041,754687591,0,0,0,0,0
2023-02-16,BCIC,Bank JTrust Indonesia Tbk.,--U-2105000000G111------------,123.0,0.0,125.0,122.0,124.0,1.0,1193800,147065100,144,9.3,124,276000,123,431000,17926071041,17926071041,754687591,0,0,0,0,0
2023-02-15,BCIC,Bank JTrust Indonesia Tbk.,--U-2105000000G111------------,123.0,0.0,125.0,123.0,123.0,0.0,516400,63681200,150,9.2,125,148900,123,115300,17926071041,17926071041,754687591,0,0,0,0,0
2023-02-14,BCIC,Bank JTrust Indonesia Tbk.,--U-2105000000G111------------,124.0,0.0,126.0,123.0,123.0,-1.0,721600,89212500,143,9.2,124,21900,123,211400,17926071041,17926071041,754687591,0,0,0,0,0
2023-02-13,BCIC,Bank JTrust Indonesia Tbk.,--U-2105000000G111------------,125.0,0.0,125.0,123.0,124.0,-1.0,1087900,134617100,143,9.3,124,28800,123,195400,17926071041,17926071041,754687591,0,0,0,0,0
2023-02-10,BCIC,Bank JTrust Indonesia Tbk.,--U-2105000000G111------------,125.0,0.0,126.0,123.0,125.0,0.0,768600,95282200,108,9.4,125,236300,124,56700,17926071041,17926071041,754687591,0,50000,0,0,0
2023-02-09,BCIC,Bank JTrust Indonesia Tbk.,--U-2105000000G111------------,126.0,0.0,126.0,123.0,125.0,-1.0,1059700,131889800,158,9.4,125,72700,124,361300,17926071041,17926071041,754687591,0,100,0,0,0
2023-02-08,BCIC,Bank JTrust Indonesia Tbk.,--U-2105000000G111------------,126.0,0.0,127.0,123.0,126.0,0.0,1413300,175938600,250,9.4,126,289300,125,70000,17926071041,17926071041,754687591,0,0,0,0,0
2023-02-07,BCIC,Bank JTrust Indonesia Tbk.,--U-2105000000G111------------,127.0,0.0,129.0,122.0,126.0,-1.0,3679600,458547800,493,9.4,126,42300,125,53500,17926071041,17926071041,754687591,0,0,0,0,0
2023-02-03,BCIC,Bank JTrust Indonesia Tbk.,--U-2105000000G111------------,128.0,0.0,130.0,126.0,127.0,-1.0,1723000,221084100,294,9.5,128,23200,127,212100,17926071041,17926071041,754687591,0,10000,0,0,0
2023-02-02,BCIC,Bank JTrust Indonesia Tbk.,--U-2105000000G111------------,127.0,0.0,129.0,125.0,128.0,1.0,2007500,255944700,325,9.6,128,21600,127,163800,17926071041,17926071041,754687591,0,0,0,0,0
2023-02-01,BCIC,Bank JTrust Indonesia Tbk.,--U-2105000000G111------------,127.0,0.0,128.0,125.0,127.0,0.0,1603600,202124700,314,9.5,128,151100,127,15200,17926071041,17926071041,754687591,0,0,0,0,0
2023-01-31,BCIC,Bank JTrust Indonesia Tbk.,--U-2105000000G111------------,128.0,0.0,130.0,127.0,127.0,-1.0,1336100,170514700,267,9.5,127,76600,126,268300,17926071041,17926071041,754687591,0,0,0,0,0
2023-01-30,BCIC,Bank JTrust Indonesia Tbk.,--U-2105000000G111------------,132.0,0.0,133.0,127.0,128.0,-4.0,3284400,425363700,457,9.6,130,61700,128,63000,17926071041,17926071041,754687591,35100,0,0,0,0
2023-01-27,BCIC,Bank JTrust Indonesia Tbk.,--U-2105000000G111------------,130.0,0.0,136.0,130.0,132.0,2.0,9963300,1332237400,1068,9.9,132,261400,131,3000,17926071041,17926071041,754687591,100,100,0,0,0
2023-01-26,BCIC,Bank JTrust Indonesia Tbk.,--U-2105000000G111------------,128.0,0.0,131.0,127.0,130.0,2.0,3334500,430857600,303,9.7,131,224700,130,10500,17926071041,17926071041,754687591,25500,27200,0,0,0
2023-01-25,BCIC,Bank JTrust Indonesia Tbk.,--U-2105000000G111------------,128.0,0.0,130.0,124.0,128.0,0.0,2614100,331825100,443,9.6,128,424900,127,717000,17926071041,17926071041,754687591,0,37700,0,0,0
2023-01-24,BCIC,Bank JTrust Indonesia Tbk.,--U-2105000000G111------------,130.0,0.0,133.0,126.0,128.0,-2.0,6503600,840150000,651,9.6,129,276300,128,206900,17926071041,17926071041,754687591,52000,0,0,0,0
2023-01-20,BCIC,Bank JTrust Indonesia Tbk.,--U-2105000000G111------------,125.0,0.0,136.0,124.0,130.0,5.0,16184900,2122551300,1976,9.7,131,39000,130,13400,17926071041,17926071041,754687591,37200,48900,0,0,0
2023-01-19,BCIC,Bank JTrust Indonesia Tbk.,--U-2105000000G111------------,127.0,0.0,130.0,123.0,125.0,-2.0,3631300,458728100,543,9.4,127,203100,125,109400,17926071041,17926071041,754687591,13100,140300,0,0,0
2023-01-18,BCIC,Bank JTrust Indonesia Tbk.,--U-2105000000G111------------,130.0,0.0,132.0,122.0,127.0,-3.0,12040700,1511568700,1366,9.5,127,304500,126,111200,17926071041,17926071041,754687591,52500,13100,0,0,0
2023-01-17,BCIC,Bank JTrust Indonesia Tbk.,--U-2105000000G111------------,139.0,0.0,143.0,130.0,130.0,-9.0,27523200,3627623200,2169,9.7,130,934400,0,0,17926071041,17926071041,754687591,10800,102500,0,0,0
2023-01-16,BCIC,Bank JTrust Indonesia Tbk.,--U-2105000000G111------------,147.0,0.0,146.0,139.0,139.0,-8.0,6752900,955180000,1721,10.4,140,33400,139,282900,17926071041,17926071041,754687591,41400,20800,0,0,0
2023-01-13,BCIC,Bank JTrust Indonesia Tbk.,--U-2105000000G111------------,155.0,0.0,158.0,147.0,147.0,-8.0,8788300,1331365000,1222,11.0,147,500600,146,236400,17926071041,17926071041,754687591,31300,61400,0,0,0
2023-01-12,BCIC,Bank JTrust Indonesia Tbk.,--U-2105000000G111------------,157.0,0.0,158.0,149.0,155.0,-2.0,10681900,1640037500,1224,11.6,156,293400,155,1195700,17926071041,17926071041,754687591,0,51300,0,0,0
2023-01-11,BCIC,Bank JTrust Indonesia Tbk.,--U-2105000000G111------------,168.0,0.0,169.0,157.0,157.0,-11.0,25304400,4013548200,4410,11.8,157,2101300,0,0,17926071041,17926071041,754687591,0,30000,0,0,0
2023-01-10,BCIC,Bank JTrust Indonesia Tbk.,--U-2105000000G111------------,180.0,0.0,220.0,168.0,168.0,-12.0,67157900,12564510100,5118,12.6,168,3546300,0,0,17926071041,17926071041,754687591,166100,0,0,0,0
2023-01-09,BCIC,Bank JTrust Indonesia Tbk.,--U-2105000000G111------------,180.0,0.0,181.0,169.0,180.0,0.0,11537600,2053171000,1621,13.5,181,46800,180,2075500,17926071041,17926071041,754687591,19300,32100,0,0,0
2023-01-06,BCIC,Bank JTrust Indonesia Tbk.,--U-2105000000G111------------,183.0,0.0,190.0,177.0,180.0,-3.0,30585400,5533286000,3003,13.5,180,133100,179,6200,17926071041,17926071041,754687591,16200,19300,0,0,0
2023-01-05,BCIC,Bank JTrust Indonesia Tbk.,--U-2105000000G111------------,177.0,0.0,187.0,176.0,183.0,6.0,29274000,5294832600,2900,13.7,183,1222100,182,1800,17926071041,17926071041,754687591,753900,904100,0,0,0
2023-01-04,BCIC,Bank JTrust Indonesia Tbk.,--U-2105000000G111------------,187.0,0.0,206.0,174.0,177.0,-10.0,247993400,47883023800,30788,13.3,177,404700,174,13723900,17926071041,17926071041,754687591,1770300,2070300,0,0,0
2023-01-03,BCIC,Bank JTrust Indonesia Tbk.,--U-2105000000G111------------,189.0,0.0,192.0,181.0,187.0,-2.0,29051000,5417972600,3956,14.0,187,711500,186,10600,17926071041,17926071041,754687591,0,0,0,0,0
2023-01-02,BCIC,Bank JTrust Indonesia Tbk.,--U-2105000000G111------------,174.0,0.0,218.0,176.0,189.0,15.0,89759300,16810002300,11224,14.2,189,1167400,188,121900,17926071041,17926071041,754687591,314000,0,0,0,0
2022-12-30,BCIC,Bank JTrust Indonesia Tbk.,--U-2105000000G111------------,129.0,0.0,174.0,126.0,174.0,45.0,22728600,3827690600,1748,13.0,0,0,174,30139100,17926071041,17926071041,758272805,454800,195000,0,0,0
2022-12-29,BCIC,Bank JTrust Indonesia Tbk.,--U-2105000000G111------------,125.0,0.0,133.0,125.0,129.0,4.0,2032700,262189400,258,9.7,129,201700,127,800,17926071041,17926071041,758272805,0,0,0,0,0
2022-12-28,BCIC,Bank JTrust Indonesia Tbk.,--U-2105000000G111------------,123.0,0.0,125.0,123.0,125.0,2.0,1967000,245771200,61,9.4,126,33800,125,604100,17926071041,17926071041,758272805,0,0,2,230,1
2022-12-27,BCIC,Bank JTrust Indonesia Tbk.,--U-2105000000G111------------,123.0,0.0,126.0,119.0,123.0,0.0,489400,59582800,109,9.2,123,32300,122,1200,17926071041,17926071041,758272805,0,4000,0,0,0
2022-12-26,BCIC,Bank JTrust Indonesia Tbk.,--U-2105000000G111------------,123.0,0.0,126.0,123.0,123.0,0.0,113700,13994300,31,9.2,125,300,123,188500,17926071041,17926071041,758272805,0,0,0,0,0
2022-12-23,BCIC,Bank JTrust Indonesia Tbk.,--U-2105000000G111------------,126.0,0.0,126.0,123.0,123.0,-3.0,525000,65065600,56,9.2,124,10800,123,34200,17926071041,17926071041,758272805,0,0,0,0,0
2022-12-22,BCIC,Bank JTrust Indonesia Tbk.,--U-2105000000G111------------,123.0,0.0,126.0,122.0,126.0,3.0,121400,15063000,57,9.4,126,135000,125,148400,17926071041,17926071041,758272805,0,0,0,0,0
2022-12-21,BCIC,Bank JTrust Indonesia Tbk.,--U-2105000000G111------------,117.0,0.0,126.0,117.0,123.0,6.0,586700,72104900,115,9.2,124,817500,123,262900,17926071041,17926071041,758272805,0,0,0,0,0
2022-12-20,BCIC,Bank JTrust Indonesia Tbk.,--U-2105000000G111------------,124.0,0.0,126.0,117.0,117.0,-7.0,837200,99749000,130,8.8,123,900,117,44600,17926071041,17926071041,758272805,0,0,0,0,0
2022-12-19,BCIC,Bank JTrust Indonesia Tbk.,--U-2105000000G111------------,126.0,0.0,126.0,122.0,124.0,-2.0,602800,74280100,84,9.3,124,9600,123,6100,17926071041,17926071041,758272805,0,0,0,0,0
2022-12-16,BCIC,Bank JTrust Indonesia Tbk.,--U-2105000000G111------------,126.0,0.0,128.0,124.0,126.0,0.0,141500,17815600,35,9.4,126,95400,125,97900,17926071041,17926071041,758272805,0,0,0,0,0
2022-12-15,BCIC,Bank JTrust Indonesia Tbk.,--U-2105000000G111------------,126.0,0.0,128.0,123.0,126.0,0.0,166200,20874500,54,9.4,126,4900,124,34500,17926071041,17926071041,758272805,0,0,0,0,0
2022-12-14,BCIC,Bank JTrust Indonesia Tbk.,--U-2105000000G111------------,128.0,0.0,128.0,125.0,126.0,-2.0,60700,7632200,68,9.4,126,30300,125,8500,17926071041,17926071041,758272805,0,0,0,0,0
2022-12-13,BCIC,Bank JTrust Indonesia Tbk.,--U-2105000000G111------------,126.0,0.0,128.0,125.0,128.0,2.0,71700,9041400,50,9.6,128,60800,127,100,17926071041,17926071041,758272805,0,0,0,0,0
2022-12-12,BCIC,Bank JTrust Indonesia Tbk.,--U-2105000000G111------------,125.0,0.0,128.0,120.0,126.0,1.0,629400,78551900,61,9.4,126,4700,125,1000,17926071041,17926071041,758272805,0,0,0,0,0
2022-12-09,BCIC,Bank JTrust Indonesia Tbk.,--U-2105000000G111------------,125.0,0.0,126.0,124.0,125.0,0.0,329300,41026900,89,9.4,126,12300,125,1500,17926071041,17926071041,758272805,0,0,0,0,0
2022-12-08,BCIC,Bank JTrust Indonesia Tbk.,--U-2105000000G111------------,126.0,0.0,129.0,123.0,125.0,-1.0,191100,23912700,124,9.4,126,34700,124,59700,17926071041,17926071041,758272805,0,0,0,0,0
2022-12-07,BCIC,Bank JTrust Indonesia Tbk.,--U-2105000000G111------------,127.0,0.0,127.0,123.0,126.0,-1.0,423700,53153400,86,9.4,126,36500,123,50600,17926071041,17926071041,758272805,0,0,0,0,0
2022-12-06,BCIC,Bank JTrust Indonesia Tbk.,--U-2105000000G111------------,129.0,0.0,132.0,125.0,127.0,-2.0,741900,93833600,132,9.5,128,102200,127,5200,17926071041,17926071041,758272805,0,0,0,0,0
2022-12-05,BCIC,Bank JTrust Indonesia Tbk.,--U-2105000000G111------------,132.0,0.0,132.0,128.0,129.0,-3.0,1061200,137505800,215,9.7,130,110400,129,200900,17926071041,17926071041,758272805,0,0,0,0,0
2022-12-02,BCIC,Bank JTrust Indonesia Tbk.,--U-2105000000G111------------,134.0,0.0,136.0,131.0,132.0,-2.0,246200,32799100,65,9.9,134,25000,132,79000,17926071041,17926071041,758272805,0,0,0,0,0
2022-12-01,BCIC,Bank JTrust Indonesia Tbk.,--U-2105000000G111------------,134.0,0.0,135.0,133.0,134.0,0.0,148900,19900600,45,10.0,135,157700,134,6600,17926071041,17926071041,758272805,0,0,0,0,0
2022-11-30,BCIC,Bank JTrust Indonesia Tbk.,--U-2105000000G111------------,134.0,0.0,135.0,131.0,134.0,0.0,664200,88321600,90,10.0,135,69400,133,1100,17926071041,17926071041,758272805,0,0,0,0,0
2022-11-29,BCIC,Bank JTrust Indonesia Tbk.,--U-2105000000G111------------,134.0,0.0,137.0,134.0,134.0,0.0,751100,101267000,75,10.0,134,471900,133,123700,17926071041,17926071041,758272805,0,3600,0,0,0
2022-11-28,BCIC,Bank JTrust Indonesia Tbk.,--U-2105000000G111------------,134.0,0.0,135.0,132.0,134.0,0.0,309300,41131800,72,10.0,134,444800,133,104900,17926071041,17926071041,758272805,0,0,0,0,0
2022-11-25,BCIC,Bank JTrust Indonesia Tbk.,--U-2105000000G111------------,136.0,0.0,137.0,133.0,134.0,-2.0,1112800,149682400,160,10.0,135,54200,134,44300,17926071041,17926071041,758272805,0,0,0,0,0
2022-11-24,BCIC,Bank JTrust Indonesia Tbk.,--U-2105000000G111------------,135.0,0.0,137.0,134.0,136.0,1.0,528300,71175900,124,10.2,136,38400,135,5000,17926071041,17926071041,758272805,0,0,0,0,0
2022-11-23,BCIC,Bank JTrust Indonesia Tbk.,--U-2105000000G111------------,137.0,0.0,140.0,134.0,135.0,-2.0,306100,41598600,109,10.1,135,6600,134,46500,17926071041,17926071041,758272805,0,0,0,0,0
2022-11-22,BCIC,Bank JTrust Indonesia Tbk.,--U-2105000000G111------------,137.0,0.0,140.0,136.0,137.0,0.0,227900,31378900,87,10.3,137,500,136,37700,17926071041,17926071041,758272805,0,0,0,0,0
2022-11-21,BCIC,Bank JTrust Indonesia Tbk.,--U-2105000000G111------------,136.0,0.0,143.0,136.0,137.0,1.0,1823000,253993900,316,10.3,138,127100,136,5700,17926071041,17926071041,758272805,0,0,0,0,0
2022-11-18,BCIC,Bank JTrust Indonesia Tbk.,--U-2105000000G111------------,136.0,0.0,139.0,135.0,136.0,0.0,674100,91773000,65,10.2,136,3000,135,32800,17926071041,17926071041,758272805,0,0,0,0,0
2022-11-17,BCIC,Bank JTrust Indonesia Tbk.,--U-2105000000G111------------,134.0,0.0,137.0,134.0,136.0,2.0,140500,19037300,90,10.2,136,61200,134,96300,17926071041,17926071041,758272805,0,0,0,0,0
2022-11-16,BCIC,Bank JTrust Indonesia Tbk.,--U-2105000000G111------------,134.0,0.0,137.0,133.0,134.0,0.0,390500,52662700,82,10.0,135,56900,134,329600,17926071041,17926071041,758272805,0,0,0,0,0
2022-11-15,BCIC,Bank JTrust Indonesia Tbk.,--U-2105000000G111------------,136.0,0.0,137.0,132.0,134.0,-2.0,899100,120031500,122,10.0,135,484500,134,22200,17926071041,17926071041,758272805,0,0,0,0,0
2022-11-14,BCIC,Bank JTrust Indonesia Tbk.,--U-2105000000G111------------,135.0,0.0,137.0,134.0,136.0,1.0,404900,54814000,85,10.2,136,100100,135,78400,17926071041,17926071041,758272805,0,0,0,0,0
2022-11-11,BCIC,Bank JTrust Indonesia Tbk.,--U-2105000000G111------------,134.0,0.0,137.0,134.0,135.0,1.0,521600,70924500,113,10.1,136,28100,135,202100,17926071041,17926071041,758272805,0,0,0,0,0
2022-11-10,BCIC,Bank JTrust Indonesia Tbk.,--U-2105000000G111------------,135.0,0.0,137.0,133.0,134.0,-1.0,567000,76137500,96,10.0,135,39900,134,223100,17926071041,17926071041,758272805,0,0,0,0,0
2022-11-09,BCIC,Bank JTrust Indonesia Tbk.,--U-2105000000G111------------,132.0,0.0,137.0,133.0,135.0,3.0,1600400,215965000,152,10.1,136,239700,135,228800,17926071041,17926071041,758272805,0,0,0,0,0
2022-11-08,BCIC,Bank JTrust Indonesia Tbk.,--U-2105000000G111------------,133.0,0.0,135.0,132.0,132.0,-1.0,118700,15716700,71,9.9,133,10900,132,561000,17926071041,17926071041,758272805,0,0,0,0,0
2022-11-07,BCIC,Bank JTrust Indonesia Tbk.,--U-2105000000G111------------,134.0,0.0,138.0,132.0,133.0,-1.0,561500,75181000,182,10.0,133,163400,132,56400,17926071041,17926071041,758272805,0,0,0,0,0
2022-11-04,BCIC,Bank JTrust Indonesia Tbk.,--U-2105000000G111------------,136.0,0.0,139.0,134.0,134.0,-2.0,917400,125384300,187,10.0,134,17700,133,72000,17926071041,17926071041,758272805,0,0,0,0,0
2022-11-03,BCIC,Bank JTrust Indonesia Tbk.,--U-2105000000G111------------,134.0,0.0,137.0,131.0,136.0,2.0,1042300,141055100,132,10.2,137,94400,136,292500,17926071041,17926071041,758272805,0,0,0,0,0
2022-11-02,BCIC,Bank JTrust Indonesia Tbk.,--U-2105000000G111------------,134.0,0.0,136.0,131.0,134.0,0.0,447100,59865100,134,10.0,134,229600,133,500,17926071041,17926071041,758272805,0,0,0,0,0
2022-11-01,BCIC,Bank JTrust Indonesia Tbk.,--U-2105000000G111------------,133.0,0.0,136.0,125.0,134.0,1.0,1446200,194337400,191,10.0,134,82800,132,83800,17926071041,17926071041,758272805,0,0,0,0,0
2022-10-31,BCIC,Bank JTrust Indonesia Tbk.,--U-2105000000G111------------,131.0,0.0,138.0,131.0,133.0,2.0,2368100,317455900,279,10.0,133,26400,132,86600,17926071041,17926071041,758272805,0,3700,0,0,0
2022-10-28,BCIC,Bank JTrust Indonesia Tbk.,--U-2105000000G111------------,131.0,0.0,132.0,128.0,131.0,0.0,1632500,212019300,161,9.8,132,244100,131,763700,17926071041,17926071041,758272805,0,0,0,0,0
2022-10-27,BCIC,Bank JTrust Indonesia Tbk.,--U-2105000000G111------------,132.0,0.0,132.0,130.0,131.0,-1.0,656600,85741600,83,9.8,131,289600,130,159900,17926071041,17926071041,758272805,0,0,0,0,0
2022-10-26,BCIC,Bank JTrust Indonesia Tbk.,--U-2105000000G111------------,134.0,0.0,135.0,129.0,132.0,-2.0,1159400,153460100,231,9.9,132,28900,130,8700,17926071041,17926071041,758272805,0,0,0,0,0
2022-10-25,BCIC,Bank JTrust Indonesia Tbk.,--U-2105000000G111------------,130.0,0.0,135.0,130.0,134.0,4.0,3343900,444085000,284,10.0,135,693600,133,116000,17926071041,17926071041,758272805,0,0,0,0,0
2022-10-24,BCIC,Bank JTrust Indonesia Tbk.,--U-2105000000G111------------,130.0,0.0,132.0,129.0,130.0,0.0,443400,57749700,94,9.7,131,39900,129,81100,17926071041,17926071041,758272805,0,0,0,0,0
2022-10-21,BCIC,Bank JTrust Indonesia Tbk.,--U-2105000000G111------------,130.0,0.0,131.0,129.0,130.0,0.0,295500,38414100,87,9.7,130,161800,129,123500,17926071041,17926071041,758272805,0,0,0,0,0
2022-10-20,BCIC,Bank JTrust Indonesia Tbk.,--U-2105000000G111------------,130.0,0.0,130.0,125.0,130.0,0.0,709600,91725700,126,9.7,130,26500,129,500,17926071041,17926071041,758272805,0,0,0,0,0
2022-10-19,BCIC,Bank JTrust Indonesia Tbk.,--U-2105000000G111------------,133.0,0.0,134.0,125.0,130.0,-3.0,2100300,271854900,198,9.7,130,163700,129,110400,17926071041,17926071041,758272805,0,60000,0,0,0
2022-10-18,BCIC,Bank JTrust Indonesia Tbk.,--U-2105000000G111------------,135.0,0.0,133.0,129.0,133.0,-2.0,2068300,273107700,411,10.0,133,610900,132,11800,17926071041,17926071041,758272805,0,0,0,0,0
2022-10-17,BCIC,Bank JTrust Indonesia Tbk.,--U-2105000000G111------------,141.0,0.0,142.0,134.0,135.0,-6.0,981400,133736600,124,10.1,135,133500,134,500,17926071041,17926071041,758272805,0,0,0,0,0
2022-10-14,BCIC,Bank JTrust Indonesia Tbk.,--U-2105000000G111------------,141.0,0.0,145.0,138.0,141.0,0.0,1015900,143242600,240,10.6,141,41100,138,53900,17926071041,17926071041,758272805,0,0,0,0,0
2022-10-13,BCIC,Bank JTrust Indonesia Tbk.,--U-2105000000G111------------,138.0,0.0,147.0,138.0,141.0,3.0,2141600,309192700,788,10.6,142,14300,141,29500,17926071041,17926071041,758272805,0,0,1,50,1
2022-10-12,BCIC,Bank JTrust Indonesia Tbk.,--U-2105000000G111------------,138.0,0.0,144.0,137.0,138.0,0.0,1244300,174911700,511,10.3,140,459200,138,109600,17926071041,17926071041,758272805,0,0,0,0,0
2022-10-11,BCIC,Bank JTrust Indonesia Tbk.,--U-2105000000G111------------,139.0,0.0,140.0,137.0,138.0,-1.0,561600,77506600,120,10.3,138,279900,137,67000,17926071041,17926071041,758272805,0,0,80000,10400000,1
2022-10-10,BCIC,Bank JTrust Indonesia Tbk.,--U-2105000000G111------------,142.0,0.0,143.0,138.0,139.0,-3.0,533200,74143500,99,10.4,139,342100,138,218500,17926071041,17926071041,758272805,0,0,0,0,0
2022-10-07,BCIC,Bank JTrust Indonesia Tbk.,--U-2105000000G111------------,144.0,0.0,145.0,141.0,142.0,-2.0,456500,64967100,84,10.6,143,602400,142,700,17926071041,17926071041,758272805,0,0,0,0,0
2022-10-06,BCIC,Bank JTrust Indonesia Tbk.,--U-2105000000G111------------,143.0,0.0,145.0,143.0,144.0,1.0,510800,73543800,64,10.8,144,96100,143,118600,17926071041,17926071041,758272805,0,0,0,0,0
2022-10-05,BCIC,Bank JTrust Indonesia Tbk.,--U-2105000000G111------------,143.0,0.0,145.0,142.0,143.0,0.0,160600,22944200,51,10.7,143,565200,142,14700,17926071041,17926071041,758272805,0,0,0,0,0
2022-10-04,BCIC,Bank JTrust Indonesia Tbk.,--U-2105000000G111------------,142.0,0.0,144.0,141.0,143.0,1.0,127000,18127100,58,10.7,143,815900,142,7800,17926071041,17926071041,758272805,0,0,0,0,0
2022-10-03,BCIC,Bank JTrust Indonesia Tbk.,--U-2105000000G111------------,145.0,0.0,146.0,135.0,142.0,-3.0,1126300,157337800,189,10.6,142,54200,141,36500,17926071041,17926071041,758272805,0,0,0,0,0
2022-09-30,BCIC,Bank JTrust Indonesia Tbk.,--U-2105000000G111------------,145.0,0.0,146.0,142.0,145.0,0.0,995200,141622500,87,10.9,145,106800,144,2200,17926071041,17926071041,986214971,0,0,0,0,0
2022-09-29,BCIC,Bank JTrust Indonesia Tbk.,--U-2105000000G111------------,145.0,0.0,146.0,144.0,145.0,0.0,772300,111624600,68,10.9,146,2126100,145,16800,17926071041,17926071041,986214971,0,0,0,0,0
2022-09-28,BCIC,Bank JTrust Indonesia Tbk.,--U-2105000000G111------------,145.0,0.0,147.0,144.0,145.0,0.0,349700,50647700,87,10.9,145,30500,144,148200,17926071041,17926071041,986214971,0,0,0,0,0
2022-09-27,BCIC,Bank JTrust Indonesia Tbk.,--U-2105000000G111------------,146.0,0.0,148.0,145.0,145.0,-1.0,396100,57830100,56,10.9,146,13200,145,361900,17926071041,17926071041,986214971,0,0,0,0,0
2022-09-26,BCIC,Bank JTrust Indonesia Tbk.,--U-2105000000G111------------,146.0,0.0,152.0,146.0,146.0,0.0,711900,104913100,111,10.9,146,119700,145,137000,17926071041,17926071041,986214971,0,3300,27,3944,2
2022-09-23,BCIC,Bank JTrust Indonesia Tbk.,--U-2105000000G111------------,148.0,0.0,148.0,146.0,146.0,-2.0,634200,93375100,124,10.9,148,775600,146,255500,17926071041,17926071041,986214971,0,0,0,0,0
2022-09-22,BCIC,Bank JTrust Indonesia Tbk.,--U-2105000000G111------------,148.0,0.0,148.0,145.0,148.0,0.0,711600,103656200,92,11.1,148,959000,146,159400,17926071041,17926071041,986214971,0,0,0,0,0
2022-09-21,BCIC,Bank JTrust Indonesia Tbk.,--U-2105000000G111------------,148.0,0.0,148.0,145.0,148.0,0.0,844700,123989900,104,11.1,148,876100,147,75500,17926071041,17926071041,986214971,0,0,0,0,0
2022-09-20,BCIC,Bank JTrust Indonesia Tbk.,--U-2105000000G111------------,149.0,0.0,151.0,145.0,148.0,-1.0,256100,37852100,86,11.1,148,1233600,147,62300,17926071041,17926071041,986214971,0,0,0,0,0
2022-09-19,BCIC,Bank JTrust Indonesia Tbk.,--U-2105000000G111------------,149.0,0.0,152.0,148.0,149.0,0.0,447400,66808700,116,11.2,149,20300,148,92700,17926071041,17926071041,986214971,0,0,0,0,0
2022-09-16,BCIC,Bank JTrust Indonesia Tbk.,--U-2105000000G111------------,150.0,0.0,151.0,148.0,149.0,-1.0,806400,120555800,115,11.2,150,47500,149,102600,17926071041,17926071041,986214971,0,0,0,0,0
2022-09-15,BCIC,Bank JTrust Indonesia Tbk.,--U-2105000000G111------------,149.0,0.0,151.0,148.0,150.0,1.0,1527300,228449900,140,11.2,150,226400,149,10000,17926071041,17926071041,986214971,0,0,0,0,0
2022-09-14,BCIC,Bank JTrust Indonesia Tbk.,--U-2105000000G111------------,151.0,0.0,151.0,149.0,149.0,-2.0,971300,145170400,108,11.2,150,200,149,101900,17926071041,17926071041,986214971,0,0,0,0,0
2022-09-13,BCIC,Bank JTrust Indonesia Tbk.,--U-2105000000G111------------,150.0,0.0,152.0,149.0,151.0,1.0,426300,63882300,121,11.3,151,415600,150,118600,17926071041,17926071041,986214971,0,0,0,0,0
2022-09-12,BCIC,Bank JTrust Indonesia Tbk.,--U-2105000000G111------------,152.0,0.0,153.0,148.0,150.0,-2.0,376800,56544500,125,11.2,150,201200,149,10200,17926071041,17926071041,986214971,0,0,0,0,0
2022-09-09,BCIC,Bank JTrust Indonesia Tbk.,--U-2105000000G111------------,154.0,0.0,154.0,150.0,152.0,-2.0,1580500,238944100,146,11.4,153,2100,152,800,17926071041,17926071041,986214971,0,0,0,0,0
2022-09-08,BCIC,Bank JTrust Indonesia Tbk.,--U-2105000000G111------------,151.0,0.0,155.0,151.0,154.0,3.0,1899400,289911100,141,11.5,154,118600,152,26800,17926071041,17926071041,986214971,0,0,0,0,0
2022-09-07,BCIC,Bank JTrust Indonesia Tbk.,--U-2105000000G111------------,156.0,0.0,157.0,148.0,151.0,-5.0,4638200,699815400,389,11.3,153,6600,151,64800,17926071041,17926071041,986214971,0,7000,0,0,0
2022-09-06,BCIC,Bank JTrust Indonesia Tbk.,--U-2105000000G111------------,161.0,0.0,161.0,154.0,156.0,-5.0,1518100,236921000,292,11.7,156,319800,155,4300,17926071041,17926071041,986214971,0,0,0,0,0
2022-09-05,BCIC,Bank JTrust Indonesia Tbk.,--U-2105000000G111------------,160.0,0.0,163.0,155.0,161.0,1.0,1420700,226489700,217,12.1,161,148000,160,4600,17926071041,17926071041,986214971,0,0,100,26400,1
2022-09-02,BCIC,Bank JTrust Indonesia Tbk.,--U-2105000000G111------------,159.0,0.0,161.0,157.0,160.0,1.0,518500,82416100,117,12.0,160,49000,158,10000,17926071041,17926071041,986214971,0,0,0,0,0
2022-09-01,BCIC,Bank JTrust Indonesia Tbk.,--U-2105000000G111------------,159.0,0.0,161.0,156.0,159.0,0.0,1812300,286802000,122,11.9,160,28800,159,180900,17964346218,17964346218,986214971,0,0,0,0,0
2022-08-31,BCIC,Bank JTrust Indonesia Tbk.,--U-2105000000G111------------,157.0,0.0,161.0,157.0,159.0,2.0,1024400,162210600,135,11.9,160,111500,159,109100,17964346218,17964346218,986214971,0,0,0,0,0
2022-08-30,BCIC,Bank JTrust Indonesia Tbk.,--U-2105000000G111------------,158.0,0.0,160.0,154.0,157.0,-1.0,1617000,253443500,198,11.8,158,1000,157,462400,17964346218,17964346218,986214971,0,2000,0,0,0
2022-08-29,BCIC,Bank JTrust Indonesia Tbk.,--U-2105000000G111------------,160.0,0.0,163.0,156.0,158.0,-2.0,1442000,229751700,154,11.8,160,93400,158,47000,17964346218,17964346218,986214971,0,0,0,0,0
2022-08-26,BCIC,Bank JTrust Indonesia Tbk.,--U-2105000000G111------------,162.0,0.0,164.0,160.0,160.0,-2.0,1138900,183361700,129,12.0,162,22500,160,186800,17964346218,17964346218,986214971,0,31400,0,0,0
2022-08-25,BCIC,Bank JTrust Indonesia Tbk.,--U-2105000000G111------------,160.0,0.0,165.0,160.0,162.0,2.0,2660100,430525700,213,12.1,162,6200,161,94900,17964346218,17964346218,986214971,0,348400,0,0,0
2022-08-24,BCIC,Bank JTrust Indonesia Tbk.,--U-2105000000G111------------,158.0,0.0,162.0,156.0,160.0,2.0,2714500,432591800,203,12.0,161,300,160,95700,13997637132,13997637132,986214971,0,50000,0,0,0
2022-08-23,BCIC,Bank JTrust Indonesia Tbk.,--U-2105000000G111------------,158.0,0.0,161.0,156.0,158.0,0.0,419900,66235500,112,11.8,158,324700,157,58500,13997637132,13997637132,986214971,0,0,0,0,0
2022-08-22,BCIC,Bank JTrust Indonesia Tbk.,--U-2105000000G111------------,160.0,0.0,163.0,155.0,158.0,-2.0,848900,134017100,173,11.8,158,3300,157,1100,13997588803,13997588803,986214971,0,0,0,0,0
2022-08-19,BCIC,Bank JTrust Indonesia Tbk.,XRU-2105000000G111------------,158.0,0.0,164.0,157.0,160.0,2.0,1465900,237026400,218,12.0,160,20100,159,49300,13997543846,13997543846,986214971,0,0,0,0,0
2022-08-18,BCIC,Bank JTrust Indonesia Tbk.,XRU-2105000000G111------------,158.0,0.0,161.0,156.0,158.0,0.0,3605100,568169600,216,11.8,159,56900,158,322300,13996806290,13996806290,986214971,0,0,0,0,0
2022-08-16,BCIC,Bank JTrust Indonesia Tbk.,XRU-2105000000G111------------,161.0,0.0,165.0,156.0,158.0,-3.0,3546800,561653300,333,11.8,159,10100,157,1300,13996806290,13996806290,986214971,2000,0,0,0,0
2022-08-15,BCIC,Bank JTrust Indonesia Tbk.,XRU-2105000000G111------------,167.0,0.0,169.0,158.0,161.0,-6.0,3423700,552244700,331,12.1,161,10600,160,100,13996806290,13996806290,986214971,0,0,0,0,0
2022-08-12,BCIC,Bank JTrust Indonesia Tbk.,XRU-2105000000G111------------,165.0,0.0,169.0,164.0,167.0,2.0,1196600,198694800,220,12.5,167,52000,166,11300,13996806290,13996806290,986214971,39000,0,0,0,0
2022-08-11,BCIC,Bank JTrust Indonesia Tbk.,XRU-2105000000G111------------,165.0,0.0,170.0,162.0,165.0,0.0,2307300,382579500,155,12.4,166,122000,165,299500,13996806290,13996806290,986214971,0,0,0,0,0
2022-08-10,BCIC,Bank JTrust Indonesia Tbk.,--U-2105000000G111------------,170.0,0.0,173.0,164.0,165.0,-5.0,1804900,298916200,215,12.4,166,103000,165,40500,13996806290,13996806290,986214971,437100,0,0,0,0
2022-08-09,BCIC,Bank JTrust Indonesia Tbk.,--U-2105000000G111------------,174.0,0.0,176.0,167.0,170.0,-4.0,2786000,476371000,285,12.7,170,3300,167,63800,13996806290,13996806290,986214971,0,0,0,0,0
2022-08-08,BCIC,Bank JTrust Indonesia Tbk.,CRU-2105000000G111------------,172.0,0.0,179.0,169.0,174.0,2.0,2649500,458886500,373,13.0,175,500,174,206800,13996806290,13996806290,758626901,0,0,0,0,0
2022-08-05,BCIC,Bank JTrust Indonesia Tbk.,CRU-2105000000G111------------,173.0,0.0,179.0,170.0,172.0,-1.0,3272300,564219000,342,12.9,173,862400,172,407700,13996806290,13996806290,758626901,0,50000,0,0,0
2022-08-04,BCIC,Bank JTrust Indonesia Tbk.,--U-2105000000G111------------,169.0,0.0,183.0,168.0,173.0,4.0,3438400,599038100,712,13.0,174,81600,173,96500,13996806290,13996806290,758626901,0,0,0,0,0
2022-08-03,BCIC,Bank JTrust Indonesia Tbk.,--U-2105000000G111------------,176.0,0.0,178.0,166.0,169.0,-7.0,3123900,531640800,572,12.7,169,400,168,86000,13996806290,13996806290,758626901,0,0,0,0,0
2022-08-02,BCIC,Bank JTrust Indonesia Tbk.,--U-2105000000G111------------,162.0,0.0,185.0,163.0,176.0,14.0,9853400,1723759100,2042,13.2,177,52100,176,24200,13996806290,13996806290,758626901,25000,25000,0,0,0
2022-08-01,BCIC,Bank JTrust Indonesia Tbk.,--U-2105000000G111------------,158.0,0.0,168.0,155.0,162.0,4.0,5593900,896743900,592,12.1,162,2600,161,7600,13996806290,13996806290,758626901,0,0,0,0,0
2022-07-29,BCIC,Bank JTrust Indonesia Tbk.,--U-2105000000G111------------,154.0,0.0,163.0,154.0,158.0,4.0,2401000,379745400,514,11.8,159,872500,158,500,13996806290,13996806290,758626901,50000,0,0,0,0
2022-07-28,BCIC,Bank JTrust Indonesia Tbk.,--U-2105000000G111------------,155.0,0.0,155.0,153.0,154.0,-1.0,736100,113396500,72,11.5,155,131500,154,213500,13996806290,13996806290,758626901,0,0,0,0,0
2022-07-27,BCIC,Bank JTrust Indonesia Tbk.,--U-2105000000G111------------,155.0,0.0,158.0,153.0,155.0,0.0,981400,151715500,140,11.6,155,49500,154,100,13996806290,13996806290,758626901,0,0,0,0,0
2022-07-26,BCIC,Bank JTrust Indonesia Tbk.,--U-2105000000G111------------,152.0,0.0,158.0,153.0,155.0,3.0,1026100,159214400,177,11.6,156,89000,155,298500,13996806290,13996806290,758626901,13800,41000,0,0,0
2022-07-25,BCIC,Bank JTrust Indonesia Tbk.,--U-2105000000G111------------,155.0,0.0,156.0,152.0,152.0,-3.0,1286500,196674200,137,11.4,155,25000,152,164000,13996806290,13996806290,758626901,0,0,0,0,0
2022-07-22,BCIC,Bank JTrust Indonesia Tbk.,--U-2105000000G111------------,155.0,0.0,157.0,150.0,155.0,0.0,1035900,158935000,198,11.6,155,19700,154,2200,13996806290,13996806290,758626901,0,0,0,0,0
2022-07-21,BCIC,Bank JTrust Indonesia Tbk.,--U-2105000000G111------------,152.0,0.0,155.0,142.0,155.0,3.0,1118000,165955500,231,11.6,155,20100,153,100,13996806290,13996806290,758626901,0,13800,0,0,0
2022-07-20,BCIC,Bank JTrust Indonesia Tbk.,--U-2105000000G111------------,151.0,0.0,158.0,150.0,152.0,1.0,811500,125713600,251,11.4,153,168000,152,2200,13996806290,13996806290,758626901,0,0,0,0,0
2022-07-19,BCIC,Bank JTrust Indonesia Tbk.,--U-2105000000G111------------,149.0,0.0,151.0,147.0,151.0,2.0,383000,57092100,114,11.3,152,13100,151,8200,13996806290,13996806290,758626901,0,0,0,0,0
2022-07-18,BCIC,Bank JTrust Indonesia Tbk.,--U-2105000000G111------------,154.0,0.0,154.0,149.0,149.0,-5.0,1183400,177774400,157,11.2,150,108600,149,153200,13996806290,13996806290,758626901,0,0,0,0,0
2022-07-15,BCIC,Bank JTrust Indonesia Tbk.,--U-2105000000G111------------,153.0,0.0,156.0,151.0,154.0,1.0,602300,92801000,131,11.5,154,38900,153,22500,13996806290,13996806290,758626901,0,0,0,0,0
2022-07-14,BCIC,Bank JTrust Indonesia Tbk.,--U-2105000000G111------------,156.0,0.0,159.0,149.0,153.0,-3.0,969200,146584000,162,11.5,153,13500,152,20700,13996806290,13996806290,758626901,0,0,0,0,0
2022-07-13,BCIC,Bank JTrust Indonesia Tbk.,--U-2105000000G111------------,153.0,0.0,159.0,153.0,156.0,3.0,2276900,354988600,318,11.7,157,101500,156,2300,13996806290,13996806290,758626901,0,0,0,0,0
2022-07-12,BCIC,Bank JTrust Indonesia Tbk.,--U-2105000000G111------------,150.0,0.0,153.0,148.0,153.0,3.0,1508500,229780300,107,11.5,154,42600,153,1000,13996806290,13996806290,758626901,0,0,0,0,0
2022-07-11,BCIC,Bank JTrust Indonesia Tbk.,--U-2105000000G111------------,149.0,0.0,154.0,148.0,150.0,1.0,880800,133360100,203,11.2,151,100,150,40800,13996806290,13996806290,758626901,0,0,0,0,0
2022-07-08,BCIC,Bank JTrust Indonesia Tbk.,--U-2105000000G111------------,149.0,0.0,153.0,148.0,149.0,0.0,404300,60519200,104,11.2,150,4900,149,22200,13996806290,13996806290,758626901,0,0,0,0,0
2022-07-07,BCIC,Bank JTrust Indonesia Tbk.,--U-2105000000G111------------,149.0,0.0,151.0,149.0,149.0,0.0,213300,31898100,105,11.2,151,64100,149,700,13996806290,13996806290,758626901,0,0,0,0,0
2022-07-06,BCIC,Bank JTrust Indonesia Tbk.,--U-2105000000G111------------,147.0,0.0,157.0,148.0,149.0,2.0,1264300,189558400,246,11.2,150,156600,149,5700,13996806290,13996806290,758626901,0,0,0,0,0
2022-07-05,BCIC,Bank JTrust Indonesia Tbk.,--U-2105000000G111------------,148.0,0.0,148.0,146.0,147.0,-1.0,404800,59653400,93,11.0,148,50200,147,80400,13996806290,13996806290,758626901,0,0,0,0,0
2022-07-04,BCIC,Bank JTrust Indonesia Tbk.,--U-2105000000G111------------,151.0,0.0,152.0,145.0,148.0,-3.0,847300,126364900,128,11.1,149,100000,148,12900,13996806290,13996806290,758626901,0,50000,0,0,0
2022-07-01,BCIC,Bank JTrust Indonesia Tbk.,--U-2105000000G111------------,154.0,0.0,156.0,149.0,151.0,-3.0,1005200,151513900,145,11.3,152,10000,151,11100,13996806290,13996806290,758626901,0,0,0,0,0
2022-06-30,BCIC,Bank JTrust Indonesia Tbk.,--U-2105000000G111------------,157.0,0.0,161.0,154.0,154.0,-3.0,1024000,160476000,240,11.5,155,29500,154,76400,13996806290,13996806290,760026582,0,0,0,0,0
2022-06-29,BCIC,Bank JTrust Indonesia Tbk.,--U-2105000000G111------------,153.0,0.0,159.0,154.0,157.0,4.0,1723500,268314200,331,11.8,158,455100,157,500,13996806290,13996806290,760026582,0,0,0,0,0
2022-06-28,BCIC,Bank JTrust Indonesia Tbk.,--U-2105000000G111------------,153.0,0.0,156.0,150.0,153.0,0.0,1074800,165349800,240,11.5,154,20300,153,43200,13996806290,13996806290,760026582,0,0,0,0,0
2022-06-27,BCIC,Bank JTrust Indonesia Tbk.,--U-2105000000G111------------,152.0,0.0,154.0,149.0,153.0,1.0,467400,70810400,132,11.5,153,88700,152,1000,13996806290,13996806290,760026582,0,0,0,0,0
2022-06-24,BCIC,Bank JTrust Indonesia Tbk.,--U-2105000000G111------------,149.0,0.0,159.0,149.0,152.0,3.0,871100,133448600,256,11.4,152,46900,151,100,13996806290,13996806290,760026582,0,0,0,0,0
2022-06-23,BCIC,Bank JTrust Indonesia Tbk.,--U-2105000000G111------------,151.0,0.0,153.0,149.0,149.0,-2.0,525400,78730200,136,11.2,150,140300,149,12000,13996806290,13996806290,760026582,0,0,0,0,0
2022-06-22,BCIC,Bank JTrust Indonesia Tbk.,--U-2105000000G111------------,152.0,0.0,153.0,149.0,151.0,-1.0,470000,70716100,121,11.3,151,53200,149,172200,13996806290,13996806290,760026582,0,0,0,0,0
2022-06-21,BCIC,Bank JTrust Indonesia Tbk.,--U-2105000000G111------------,149.0,0.0,153.0,148.0,152.0,3.0,805700,122180300,183,11.4,152,38300,150,11600,13996806290,13996806290,760026582,0,0,0,0,0
2022-06-20,BCIC,Bank JTrust Indonesia Tbk.,--U-2105000000G111------------,149.0,0.0,151.0,148.0,149.0,0.0,757700,112798300,116,11.2,149,4300,148,9800,13996806290,13996806290,760026582,0,0,0,0,0
2022-06-17,BCIC,Bank JTrust Indonesia Tbk.,--U-2105000000G111------------,149.0,0.0,152.0,147.0,149.0,0.0,316400,47022700,107,11.2,149,5235500,148,53200,13996806290,13996806290,760026582,0,0,0,0,0
2022-06-16,BCIC,Bank JTrust Indonesia Tbk.,--U-2105000000G111------------,147.0,0.0,152.0,147.0,149.0,2.0,791400,118620400,316,11.2,149,700,148,75400,13996806290,13996806290,760026582,0,0,0,0,0
2022-06-15,BCIC,Bank JTrust Indonesia Tbk.,--U-2105000000G111------------,149.0,0.0,152.0,146.0,147.0,-2.0,1621800,240110100,215,11.0,149,44000,147,4900,13996806290,13996806290,760026582,0,0,0,0,0
2022-06-14,BCIC,Bank JTrust Indonesia Tbk.,--U-2105000000G111------------,150.0,0.0,153.0,147.0,149.0,-1.0,1154600,171769400,264,11.2,149,276500,148,229600,13996806290,13996806290,760026582,0,0,0,0,0
2022-06-13,BCIC,Bank JTrust Indonesia Tbk.,--U-2105000000G111------------,153.0,0.0,155.0,146.0,150.0,-3.0,1372500,204748200,257,11.2,151,11000,150,337000,13996806290,13996806290,760026582,0,0,0,0,0
2022-06-10,BCIC,Bank JTrust Indonesia Tbk.,--U-2105000000G111------------,152.0,0.0,156.0,149.0,153.0,1.0,826900,126683700,264,11.5,154,18500,153,61700,13996806290,13996806290,760026582,0,0,0,0,0
2022-06-09,BCIC,Bank JTrust Indonesia Tbk.,--U-2105000000G111------------,160.0,0.0,165.0,149.0,152.0,-8.0,7699800,1184265000,820,11.4,153,62300,152,19500,13996806290,13996806290,760026582,0,0,62,6200,1
2022-06-08,BCIC,Bank JTrust Indonesia Tbk.,--U-2105000000G111------------,159.0,0.0,164.0,157.0,160.0,1.0,1744600,278650100,304,12.0,161,41900,160,20400,13996806290,13996806290,760026582,0,0,0,0,0
2022-06-07,BCIC,Bank JTrust Indonesia Tbk.,--U-2105000000G111------------,158.0,0.0,162.0,158.0,159.0,1.0,816600,130215600,302,11.9,161,57300,159,15200,13996806290,13996806290,760026582,0,0,0,0,0
2022-06-06,BCIC,Bank JTrust Indonesia Tbk.,--U-2105000000G111------------,163.0,0.0,167.0,157.0,158.0,-5.0,2661700,426580200,476,11.8,160,10000,158,49800,13996806290,13996806290,760026582,0,0,0,0,0
2022-06-03,BCIC,Bank JTrust Indonesia Tbk.,--U-2105000000G111------------,167.0,0.0,170.0,163.0,163.0,-4.0,1405800,231902300,272,12.2,165,499700,163,17100,13996806290,13996806290,760026582,0,0,0,0,0
2022-06-02,BCIC,Bank JTrust Indonesia Tbk.,--U-2105000000G111------------,169.0,0.0,172.0,163.0,167.0,-2.0,3076800,512793100,404,12.5,169,48400,167,200000,13996806290,13996806290,760026582,0,0,0,0,0
2022-05-31,BCIC,Bank JTrust Indonesia Tbk.,--U-2105000000G111------------,178.0,0.0,179.0,168.0,169.0,-9.0,2086400,356124900,545,12.7,170,1500,169,39900,13996806290,13996806290,760026582,0,0,0,0,0
2022-05-30,BCIC,Bank JTrust Indonesia Tbk.,--U-2105000000G111------------,173.0,0.0,185.0,175.0,178.0,5.0,6713200,1196819400,974,13.3,178,1465500,177,37800,13996806290,13996806290,760026582,50000,50000,0,0,0
2022-05-27,BCIC,Bank JTrust Indonesia Tbk.,--U-2105000000G111------------,159.0,0.0,176.0,159.0,173.0,14.0,10640500,1810194500,1930,13.0,174,2510600,173,351300,13996806290,13996806290,760026582,1800,0,0,0,0
2022-05-25,BCIC,Bank JTrust Indonesia Tbk.,--U-2105000000G111------------,157.0,0.0,164.0,155.0,159.0,2.0,2333800,370813300,660,11.9,159,22600,157,147600,13996806290,13996806290,760026582,0,0,0,0,0
2022-05-24,BCIC,Bank JTrust Indonesia Tbk.,--U-2105000000G111------------,168.0,0.0,174.0,157.0,157.0,-11.0,8421600,1360991500,1528,11.8,158,25800,157,603700,13996806290,13996806290,760026582,2996400,0,0,0,0
2022-05-23,BCIC,Bank JTrust Indonesia Tbk.,--U-2105000000G111------------,171.0,0.0,179.0,161.0,168.0,-3.0,6521200,1095164800,1200,12.6,168,243100,166,27200,13996806290,13996806290,760026582,0,0,0,0,0
2022-05-20,BCIC,Bank JTrust Indonesia Tbk.,--U-2105000000G111------------,183.0,0.0,181.0,171.0,171.0,-12.0,3871200,669156800,673,12.8,171,2648200,0,0,13996806290,13996806290,760026582,0,0,0,0,0
2022-05-19,BCIC,Bank JTrust Indonesia Tbk.,--U-2105000000G111------------,196.0,0.0,198.0,183.0,183.0,-13.0,18233400,3407545200,2925,13.7,183,2527600,0,0,13996806290,13996806290,760026582,0,0,0,0,0
2022-05-18,BCIC,Bank JTrust Indonesia Tbk.,--U-2105000000G111------------,146.0,0.0,197.0,147.0,196.0,50.0,51813200,9482156900,7565,14.7,196,1381200,195,21000,13996806290,13996806290,760026582,112700,3336200,0,0,0
2022-05-17,BCIC,Bank JTrust Indonesia Tbk.,--U-2105000000G111------------,136.0,0.0,150.0,138.0,146.0,10.0,3446300,499402300,660,10.9,147,36200,146,339400,13996806290,13996806290,760026582,0,0,0,0,0
2022-05-13,BCIC,Bank JTrust Indonesia Tbk.,--U-2105000000G111------------,134.0,0.0,136.0,133.0,136.0,2.0,1335300,180395500,123,10.2,138,91100,136,300700,13996806290,13996806290,760026582,0,100000,0,0,0
2022-05-12,BCIC,Bank JTrust Indonesia Tbk.,--U-2105000000G111------------,136.0,0.0,142.0,132.0,134.0,-2.0,1556100,210778300,295,10.0,135,20800,134,310100,13996806290,13996806290,760026582,0,0,0,0,0
2022-05-11,BCIC,Bank JTrust Indonesia Tbk.,--U-2105000000G111------------,137.0,0.0,140.0,135.0,136.0,-1.0,852000,116530300,189,10.2,137,52100,136,65000,13996806290,13996806290,760026582,0,0,0,0,0
2022-05-10,BCIC,Bank JTrust Indonesia Tbk.,--U-2105000000G111------------,140.0,0.0,140.0,132.0,137.0,-3.0,1919200,260022600,189,10.3,137,38900,136,14100,13996806290,13996806290,760026582,0,0,0,0,0
2022-05-09,BCIC,Bank JTrust Indonesia Tbk.,--U-2105000000G111------------,141.0,0.0,142.0,138.0,140.0,-1.0,219900,30702900,117,10.5,140,29000,139,7900,13996806290,13996806290,760026582,0,5000,0,0,0
2022-04-28,BCIC,Bank JTrust Indonesia Tbk.,--U-2105000000G111------------,142.0,0.0,144.0,139.0,141.0,-1.0,736200,103751200,116,10.6,143,94600,141,233500,13996806290,13996806290,760026582,0,0,0,0,0
2022-04-27,BCIC,Bank JTrust Indonesia Tbk.,--U-2105000000G111------------,140.0,0.0,144.0,140.0,142.0,2.0,462400,65637700,102,10.6,142,11600,141,20700,13996806290,13996806290,760026582,0,0,0,0,0
2022-04-26,BCIC,Bank JTrust Indonesia Tbk.,--U-2105000000G111------------,141.0,0.0,144.0,138.0,140.0,-1.0,947500,132254300,226,10.5,141,21800,140,14800,13996806290,13996806290,760026582,0,5000,0,0,0
2022-04-25,BCIC,Bank JTrust Indonesia Tbk.,--U-2105000000G111------------,144.0,0.0,144.0,141.0,141.0,-3.0,650300,91963600,160,10.6,141,30500,140,75500,13996806290,13996806290,760026582,0,0,0,0,0
2022-04-22,BCIC,Bank JTrust Indonesia Tbk.,--U-2105000000G111------------,146.0,0.0,147.0,143.0,144.0,-2.0,426900,61796300,119,10.8,145,61300,144,57300,13996806290,13996806290,760026582,0,10000,0,0,0
2022-04-21,BCIC,Bank JTrust Indonesia Tbk.,--U-2105000000G111------------,147.0,0.0,147.0,145.0,146.0,-1.0,555300,80799800,132,10.9,147,30600,145,51600,13996806290,13996806290,760026582,0,0,0,0,0
2022-04-20,BCIC,Bank JTrust Indonesia Tbk.,--U-2105000000G111------------,147.0,0.0,149.0,145.0,147.0,0.0,1437000,209758700,191,11.0,147,39200,146,500,13996806290,13996806290,760026582,0,0,0,0,0
2022-04-19,BCIC,Bank JTrust Indonesia Tbk.,--U-2105000000G111------------,150.0,0.0,151.0,147.0,147.0,-3.0,709200,104721400,150,11.0,149,126500,147,12100,13996806290,13996806290,760026582,0,0,0,0,0
2022-04-18,BCIC,Bank JTrust Indonesia Tbk.,--U-2105000000G111------------,147.0,0.0,154.0,146.0,150.0,3.0,892200,133044200,229,11.2,150,86300,147,60300,13996806290,13996806290,760026582,0,0,0,0,0
2022-04-14,BCIC,Bank JTrust Indonesia Tbk.,--U-2105000000G111------------,149.0,0.0,149.0,146.0,147.0,-2.0,213500,31429400,103,11.0,147,29100,146,45400,13996806290,13996806290,760026582,0,0,0,0,0
2022-04-13,BCIC,Bank JTrust Indonesia Tbk.,--U-2105000000G111------------,147.0,0.0,150.0,145.0,149.0,2.0,585600,86611700,161,11.2,150,129900,149,62600,13996806290,13996806290,760026582,0,0,0,0,0
2022-04-12,BCIC,Bank JTrust Indonesia Tbk.,--U-2105000000G111------------,147.0,0.0,149.0,144.0,147.0,0.0,784400,114534300,225,11.0,147,2300,146,2600,13996806290,13996806290,760026582,0,0,0,0,0
2022-04-11,BCIC,Bank JTrust Indonesia Tbk.,--U-2105000000G111------------,151.0,0.0,153.0,144.0,147.0,-4.0,2179600,319010200,367,11.0,147,100,146,16800,13996806290,13996806290,760026582,0,0,0,0,0
2022-04-08,BCIC,Bank JTrust Indonesia Tbk.,--U-2105000000G111------------,153.0,0.0,155.0,150.0,151.0,-2.0,1779500,269021800,221,11.3,153,240100,151,900,13996806290,13996806290,760026582,0,0,0,0,0
2022-04-07,BCIC,Bank JTrust Indonesia Tbk.,--U-2105000000G111------------,153.0,0.0,157.0,150.0,153.0,0.0,1427200,217870300,285,11.5,153,8900,151,3400,13996806290,13996806290,760026582,0,0,0,0,0
2022-04-06,BCIC,Bank JTrust Indonesia Tbk.,--U-2105000000G111------------,152.0,0.0,153.0,149.0,153.0,1.0,2045600,309219700,291,11.5,153,11000,152,800,13996806290,13996806290,760026582,0,0,0,0,0
2022-04-05,BCIC,Bank JTrust Indonesia Tbk.,--U-2105000000G111------------,150.0,0.0,155.0,148.0,152.0,2.0,1819000,277939900,368,11.4,152,96500,151,96400,13996806290,13996806290,760026582,0,0,0,0,0
2022-04-04,BCIC,Bank JTrust Indonesia Tbk.,--U-2105000000G111------------,158.0,0.0,159.0,147.0,150.0,-8.0,6097000,909678000,767,11.2,151,65100,150,12400,13996806290,13996806290,760026582,0,65000,0,0,0
2022-04-01,BCIC,Bank JTrust Indonesia Tbk.,--U-2105000000G111------------,167.0,0.0,178.0,158.0,158.0,-9.0,11966700,2020080200,1931,11.8,161,100,158,137200,13996806290,13996806290,760026582,0,0,0,0,0
2022-03-31,BCIC,Bank JTrust Indonesia Tbk.,--U-2105000000G111------------,147.0,0.0,182.0,147.0,167.0,20.0,36570300,6190492300,4794,12.5,167,405800,166,300,13996806290,13996806290,6055018401,30000,0,0,0,0
2022-03-30,BCIC,Bank JTrust Indonesia Tbk.,--U-2105000000G111------------,147.0,0.0,149.0,143.0,147.0,0.0,776900,113717300,170,11.0,148,47400,147,176000,13996806290,13996806290,6055018401,0,0,0,0,0
2022-03-29,BCIC,Bank JTrust Indonesia Tbk.,--U-2105000000G111------------,149.0,0.0,150.0,147.0,147.0,-2.0,681300,100818300,143,11.0,148,112400,147,29000,13996806290,13996806290,6055018401,0,0,0,0,0
2022-03-28,BCIC,Bank JTrust Indonesia Tbk.,--U-2105000000G111------------,150.0,0.0,151.0,145.0,149.0,-1.0,1416000,208882100,231,11.2,149,69600,148,172700,13996806290,13996806290,6055018401,0,0,0,0,0
2022-03-25,BCIC,Bank JTrust Indonesia Tbk.,--U-2105000000G111------------,151.0,0.0,153.0,149.0,150.0,-1.0,1000500,150424500,146,11.2,151,110900,150,53100,13996806290,13996806290,6055018401,0,0,0,0,0
2022-03-24,BCIC,Bank JTrust Indonesia Tbk.,--U-2105000000G111------------,150.0,0.0,157.0,149.0,151.0,1.0,2245200,345040500,385,11.3,151,100,150,204500,13996806290,13996806290,6055018401,0,0,0,0,0
2022-03-23,BCIC,Bank JTrust Indonesia Tbk.,--U-2105000000G111------------,150.0,0.0,155.0,150.0,150.0,0.0,424700,64434000,172,11.2,151,9500,150,44400,13996806290,13996806290,6055018401,0,0,0,0,0
2022-03-22,BCIC,Bank JTrust Indonesia Tbk.,--U-2105000000G111------------,152.0,0.0,153.0,149.0,150.0,-2.0,681300,102577700,148,11.2,151,5300,150,9200,13996806290,13996806290,6055018401,0,0,0,0,0
2022-03-21,BCIC,Bank JTrust Indonesia Tbk.,--U-2105000000G111------------,149.0,0.0,152.0,149.0,152.0,3.0,1006200,151254400,157,11.4,152,239100,150,217100,13996806290,13996806290,6055018401,0,0,0,0,0
2022-03-18,BCIC,Bank JTrust Indonesia Tbk.,--U-2105000000G111------------,150.0,0.0,152.0,149.0,149.0,-1.0,929600,138623300,132,11.2,149,1100,148,124800,13996806290,13996806290,6055018401,0,0,0,0,0
2022-03-17,BCIC,Bank JTrust Indonesia Tbk.,--U-2105000000G111------------,149.0,0.0,152.0,148.0,150.0,1.0,662400,99130000,171,11.2,151,56400,150,13400,13996806290,13996806290,6055018401,0,0,0,0,0
2022-03-16,BCIC,Bank JTrust Indonesia Tbk.,--U-2105000000G111------------,150.0,0.0,155.0,148.0,149.0,-1.0,2169600,325837600,278,11.2,150,12000,149,76300,13996806290,13996806290,6055018401,1186500,0,0,0,0
2022-03-15,BCIC,Bank JTrust Indonesia Tbk.,--U-2105000000G111------------,153.0,0.0,155.0,150.0,150.0,-3.0,741700,112819800,162,11.2,152,84000,150,44200,13996806290,13996806290,6055018401,0,0,0,0,0
2022-03-14,BCIC,Bank JTrust Indonesia Tbk.,--U-2105000000G111------------,152.0,0.0,156.0,150.0,153.0,1.0,1166200,178401500,265,11.5,153,11000,151,75900,13996806290,13996806290,6055018401,0,0,0,0,0
2022-03-11,BCIC,Bank JTrust Indonesia Tbk.,--U-2105000000G111------------,154.0,0.0,156.0,152.0,152.0,-2.0,774500,118663400,185,11.4,154,102300,152,547600,13996806290,13996806290,6055018401,0,0,0,0,0
2022-03-10,BCIC,Bank JTrust Indonesia Tbk.,--U-2105000000G111------------,154.0,0.0,159.0,151.0,154.0,0.0,1459600,226628300,296,11.5,154,211800,152,20100,13996806290,13996806290,6055018401,0,0,0,0,0
2022-03-09,BCIC,Bank JTrust Indonesia Tbk.,--U-2105000000G111------------,147.0,0.0,163.0,146.0,154.0,7.0,2738500,417390600,585,11.5,154,19900,153,51300,13996806290,13996806290,6055018401,0,0,0,0,0
2022-03-08,BCIC,Bank JTrust Indonesia Tbk.,--U-2105000000G111------------,148.0,0.0,151.0,138.0,147.0,-1.0,3664300,531460200,533,11.0,149,100,147,25500,13996806290,13996806290,6055018401,9000,3000,0,0,0
2022-03-07,BCIC,Bank JTrust Indonesia Tbk.,--U-2105000000G111------------,158.0,0.0,159.0,147.0,148.0,-10.0,4262300,633031600,528,11.1,149,10000,148,131600,13996806290,13996806290,6055018401,0,11000,0,0,0
2022-03-04,BCIC,Bank JTrust Indonesia Tbk.,--U-2105000000G111------------,160.0,0.0,162.0,158.0,158.0,-2.0,922900,146825100,201,11.8,159,50500,158,131000,13996806290,13996806290,6055018401,0,0,0,0,0
2022-03-02,BCIC,Bank JTrust Indonesia Tbk.,--U-2105000000G111------------,167.0,0.0,168.0,159.0,160.0,-7.0,1843700,298298900,348,12.0,160,40400,159,108100,13996806290,13996806290,6055018401,0,5000,0,0,0
2022-03-01,BCIC,Bank JTrust Indonesia Tbk.,--U-2105000000G111------------,165.0,0.0,171.0,165.0,167.0,2.0,1814000,302853300,423,12.5,168,21500,167,22000,13996806290,13996806290,6055018401,0,0,0,0,0
2022-02-25,BCIC,Bank JTrust Indonesia Tbk.,--U-2105000000G111------------,166.0,0.0,171.0,164.0,165.0,-1.0,2399400,402046500,385,12.4,169,101900,165,16000,13996806290,13996806290,6055018401,0,0,0,0,0
2022-02-24,BCIC,Bank JTrust Indonesia Tbk.,--U-2105000000G111------------,176.0,0.0,176.0,164.0,166.0,-10.0,3790800,634803100,519,12.4,167,33300,166,324300,13996806290,13996806290,6055018401,0,41000,0,0,0
2022-02-23,BCIC,Bank JTrust Indonesia Tbk.,--U-2105000000G111------------,175.0,0.0,178.0,171.0,176.0,1.0,1734100,300349800,362,13.2,176,53000,174,36500,13996806290,13996806290,6055018401,0,0,0,0,0
2022-02-22,BCIC,Bank JTrust Indonesia Tbk.,--U-2105000000G111------------,178.0,0.0,181.0,175.0,175.0,-3.0,1924300,339802500,303,13.1,176,21000,175,719800,13996806290,13996806290,6055018401,0,50000,0,0,0
2022-02-21,BCIC,Bank JTrust Indonesia Tbk.,--U-2105000000G111------------,181.0,0.0,183.0,174.0,178.0,-3.0,1708600,304495100,368,13.3,178,60900,177,306800,13996806290,13996806290,6055018401,0,0,0,0,0
2022-02-18,BCIC,Bank JTrust Indonesia Tbk.,--U-2105000000G111------------,176.0,0.0,182.0,172.0,181.0,5.0,3902100,689659900,599,13.6,181,113700,180,2000,13996806290,13996806290,6055018401,0,0,0,0,0
2022-02-17,BCIC,Bank JTrust Indonesia Tbk.,--U-2105000000G111------------,177.0,0.0,178.0,175.0,176.0,-1.0,1021800,180043200,227,13.2,176,32700,175,109100,13996806290,13996806290,6055018401,0,0,0,0,0
2022-02-16,BCIC,Bank JTrust Indonesia Tbk.,--U-2105000000G111------------,177.0,0.0,179.0,175.0,177.0,0.0,1195300,211028100,279,13.3,177,69800,176,54800,13996806290,13996806290,6055018401,0,0,0,0,0
2022-02-15,BCIC,Bank JTrust Indonesia Tbk.,--U-2105000000G111------------,173.0,0.0,180.0,171.0,177.0,4.0,2090500,369960100,813,13.3,178,69100,177,1200,13996806290,13996806290,6055018401,21900,0,0,0,0
2022-02-14,BCIC,Bank JTrust Indonesia Tbk.,--U-2105000000G111------------,183.0,0.0,187.0,171.0,173.0,-10.0,3065700,538661600,637,13.0,173,42000,172,146500,13996806290,13996806290,6055018401,93600,5000,0,0,0
2022-02-11,BCIC,Bank JTrust Indonesia Tbk.,--U-2105000000G111------------,190.0,0.0,192.0,180.0,183.0,-7.0,3599100,659875900,615,13.7,183,28400,182,97600,13996806290,13996806290,6055018401,69300,0,0,0,0
2022-02-10,BCIC,Bank JTrust Indonesia Tbk.,--U-2105000000G111------------,194.0,0.0,196.0,186.0,190.0,-4.0,4010600,763953100,682,14.2,190,78600,189,2000,13996806290,13996806290,6055018401,105000,8000,0,0,0
2022-02-09,BCIC,Bank JTrust Indonesia Tbk.,--U-2105000000G111------------,197.0,0.0,199.0,188.0,194.0,-3.0,8476000,1640225800,1314,14.5,194,47400,193,345300,13996806290,13996806290,6055018401,95000,2100,0,0,0
2022-02-08,BCIC,Bank JTrust Indonesia Tbk.,--U-2105000000G111------------,175.0,0.0,212.0,174.0,197.0,22.0,37383100,7356052900,5021,14.8,198,225600,197,67400,13996806290,13996806290,6055018401,56600,88100,0,0,0
2022-02-07,BCIC,Bank JTrust Indonesia Tbk.,--U-2105000000G111------------,175.0,0.0,177.0,173.0,175.0,0.0,2844800,498445500,404,13.1,176,127200,175,571000,13996806290,13996806290,6055018401,0,100000,0,0,0
2022-02-04,BCIC,Bank JTrust Indonesia Tbk.,--U-2105000000G111------------,175.0,0.0,178.0,174.0,175.0,0.0,1327300,232262300,276,13.1,175,644800,174,10300,13996806290,13996806290,6055018401,12000,16900,0,0,0
2022-02-03,BCIC,Bank JTrust Indonesia Tbk.,--U-2105000000G111------------,174.0,0.0,180.0,174.0,175.0,1.0,3315500,584935600,475,13.1,175,67800,174,1204100,13996806290,13996806290,6055018401,5400,35400,0,0,0
2022-02-02,BCIC,Bank JTrust Indonesia Tbk.,--U-2105000000G111------------,168.0,0.0,177.0,169.0,174.0,6.0,3219200,556866700,680,13.0,175,170800,174,156500,13996806290,13996806290,6055018401,0,214800,0,0,0
2022-01-31,BCIC,Bank JTrust Indonesia Tbk.,--U-2105000000G111------------,168.0,0.0,173.0,166.0,168.0,0.0,2400100,405040900,434,12.6,169,100,168,129100,13996806290,13996806290,6055018401,0,0,0,0,0
2022-01-28,BCIC,Bank JTrust Indonesia Tbk.,--U-2105000000G111------------,167.0,0.0,169.0,166.0,168.0,1.0,1204700,201392900,233,12.6,168,234000,167,30700,13996806290,13996806290,6055018401,0,0,0,0,0
2022-01-27,BCIC,Bank JTrust Indonesia Tbk.,--U-2105000000G111------------,168.0,0.0,171.0,166.0,167.0,-1.0,1206400,202763200,280,12.5,167,50000,166,612900,13996806290,13996806290,6055018401,0,0,0,0,0
2022-01-26,BCIC,Bank JTrust Indonesia Tbk.,--U-2105000000G111------------,167.0,0.0,173.0,165.0,168.0,1.0,2978200,500312700,470,12.6,169,36500,168,291400,13996806290,13996806290,6055018401,0,0,24,3864,1
2022-01-25,BCIC,Bank JTrust Indonesia Tbk.,--U-2105000000G111------------,172.0,0.0,174.0,167.0,167.0,-5.0,1886300,318410300,405,12.5,168,215100,167,10000,13996806290,13996806290,6055018401,0,0,0,0,0
2022-01-24,BCIC,Bank JTrust Indonesia Tbk.,--U-2105000000G111------------,170.0,0.0,175.0,167.0,172.0,2.0,1840100,312441600,497,12.9,172,85800,171,1000,13996806290,13996806290,6055018401,0,8000,0,0,0
2022-01-21,BCIC,Bank JTrust Indonesia Tbk.,--U-2105000000G111------------,171.0,0.0,174.0,169.0,170.0,-1.0,1879500,321057800,375,12.7,170,29800,169,268800,13996806290,13996806290,6055018401,0,5000,0,0,0
2022-01-20,BCIC,Bank JTrust Indonesia Tbk.,--U-2105000000G111------------,179.0,0.0,183.0,169.0,171.0,-8.0,2796400,483030900,840,12.8,171,15500,170,52200,13996806290,13996806290,6055018401,0,0,0,0,0
2022-01-19,BCIC,Bank JTrust Indonesia Tbk.,--U-2105000000G111------------,166.0,0.0,189.0,166.0,179.0,13.0,10813000,1965190800,2277,13.4,180,81000,179,13000,13996806290,13996806290,6055018401,19000,0,0,0,0
2022-01-18,BCIC,Bank JTrust Indonesia Tbk.,--U-2105000000G111------------,169.0,0.0,173.0,165.0,166.0,-3.0,2564000,427566000,330,12.4,167,200,166,86500,13996806290,13996806290,6055018401,93500,0,0,0,0
2022-01-17,BCIC,Bank JTrust Indonesia Tbk.,--U-2105000000G111------------,177.0,0.0,177.0,169.0,169.0,-8.0,3170000,542964200,641,12.7,171,102500,169,687400,13996806290,13996806290,6055018401,0,3000,0,0,0
2022-01-14,BCIC,Bank JTrust Indonesia Tbk.,--U-2105000000G111------------,182.0,0.0,183.0,173.0,177.0,-5.0,3528000,620069300,658,13.3,177,183200,176,54700,13996806290,13996806290,6055018401,27200,41300,0,0,0
2022-01-13,BCIC,Bank JTrust Indonesia Tbk.,--U-2105000000G111------------,183.0,0.0,188.0,172.0,182.0,-1.0,5686100,1028826700,889,13.6,182,218700,181,148200,13996806290,13996806290,6055018401,3500,101900,0,0,0
2022-01-12,BCIC,Bank JTrust Indonesia Tbk.,--U-2105000000G111------------,196.0,0.0,199.0,183.0,183.0,-13.0,5683300,1048337400,721,13.7,183,498300,0,0,13996806290,13996806290,6055018401,3900,7000,683,126355,1
2022-01-11,BCIC,Bank JTrust Indonesia Tbk.,--U-2105000000G111------------,204.0,0.0,206.0,193.0,196.0,-8.0,4298500,855392300,602,14.7,197,28800,196,4800,13996806290,13996806290,6055018401,7400,4000,0,0,0
2022-01-10,BCIC,Bank JTrust Indonesia Tbk.,--U-2105000000G111------------,206.0,0.0,206.0,202.0,204.0,-2.0,2122100,431461400,254,15.3,204,2600,202,1528200,13996806290,13996806290,6055018401,3500,4500,0,0,0
2022-01-07,BCIC,Bank JTrust Indonesia Tbk.,--U-2105000000G111------------,204.0,0.0,208.0,202.0,206.0,2.0,2588000,527134400,450,15.4,206,182100,204,20100,13996806290,13996806290,6055018401,13300,7200,0,0,0
2022-01-06,BCIC,Bank JTrust Indonesia Tbk.,--U-2105000000G111------------,204.0,0.0,204.0,196.0,204.0,0.0,2859100,572646900,621,15.3,204,60800,202,7800,13996806290,13996806290,6055018401,0,12500,0,0,0
2022-01-05,BCIC,Bank JTrust Indonesia Tbk.,--U-2105000000G111------------,206.0,0.0,210.0,200.0,204.0,-2.0,3515500,713892800,711,15.3,204,7900,202,16300,13996806290,13996806290,6055018401,27500,34500,0,0,0
2022-01-04,BCIC,Bank JTrust Indonesia Tbk.,--U-2105000000G111------------,206.0,0.0,212.0,204.0,206.0,0.0,2764500,571670600,596,15.4,208,60200,206,271400,13996806290,13996806290,6055018401,52600,39800,0,0,0
2022-01-03,BCIC,Bank JTrust Indonesia Tbk.,--U-2105000000G111------------,206.0,0.0,212.0,202.0,206.0,0.0,2076800,428364200,421,15.4,208,328500,206,20600,13996806290,13996806290,6055018401,5900,18700,0,0,0
2021-12-30,BCIC,Bank JTrust Indonesia Tbk.,--U-2105000000G111------------,208.0,0.0,214.0,202.0,206.0,-2.0,2277500,468088400,445,15.4,206,77500,204,153800,13996806290,13996806290,10620241659,29100,29100,0,0,0
2021-12-29,BCIC,Bank JTrust Indonesia Tbk.,--U-2105000000G111------------,210.0,0.0,214.0,206.0,208.0,-2.0,2950500,616302600,622,15.6,210,500,208,99800,13996806290,13996806290,10620241659,58600,58600,0,0,0
2021-12-28,BCIC,Bank JTrust Indonesia Tbk.,--U-2105000000G111------------,224.0,0.0,228.0,210.0,210.0,-14.0,13731000,2986275200,1813,15.7,212,92500,210,1119100,13996806290,13996806290,10620241659,436100,201100,8,1680,1
2021-12-27,BCIC,Bank JTrust Indonesia Tbk.,--U-2105000000G111------------,200.0,0.0,236.0,202.0,224.0,24.0,29346000,6596381000,4595,16.8,226,171900,224,318000,13996806290,13996806290,10620241659,1312600,1524100,0,0,0
2021-12-24,BCIC,Bank JTrust Indonesia Tbk.,--U-2105000000G111------------,206.0,0.0,212.0,200.0,200.0,-6.0,4413500,902994400,845,15.0,202,800,200,3500,13996806290,13996806290,10620241659,176500,176900,0,0,0
2021-12-23,BCIC,Bank JTrust Indonesia Tbk.,--U-2105000000G111------------,214.0,0.0,214.0,204.0,206.0,-8.0,5425800,1129922400,836,15.4,206,215200,204,260700,13996806290,13996806290,10620241659,43400,34200,0,0,0
2021-12-22,BCIC,Bank JTrust Indonesia Tbk.,--U-2105000000G111------------,220.0,0.0,224.0,212.0,214.0,-6.0,5953400,1278064400,1051,16.0,214,412000,212,175000,13996806290,13996806290,10620241659,90200,203600,0,0,0
2021-12-21,BCIC,Bank JTrust Indonesia Tbk.,--U-2105000000G111------------,224.0,0.0,228.0,218.0,220.0,-4.0,4032600,890688000,795,16.5,220,10300,218,276800,13996806290,13996806290,10620241659,125200,94200,0,0,0
2021-12-20,BCIC,Bank JTrust Indonesia Tbk.,--U-2105000000G111------------,228.0,0.0,234.0,220.0,224.0,-4.0,4169600,938115800,710,16.8,224,33200,222,28300,14042260836,14042260836,10620241659,5300,47300,0,0,0
2021-12-17,BCIC,Bank JTrust Indonesia Tbk.,--U-2105000000G111------------,234.0,0.0,236.0,226.0,228.0,-6.0,5008500,1156840200,861,17.1,230,715700,228,109200,14042260836,14042260836,10620241659,230500,204300,0,0,0
2021-12-16,BCIC,Bank JTrust Indonesia Tbk.,--U-2105000000G111------------,234.0,0.0,238.0,222.0,234.0,0.0,8115600,1860947800,1352,17.5,236,439300,234,54300,14042260836,14042260836,10620241659,0,36200,0,0,0
2021-12-15,BCIC,Bank JTrust Indonesia Tbk.,--U-2105000000G111------------,238.0,0.0,246.0,230.0,234.0,-4.0,9684200,2315904600,1468,17.5,236,26700,234,3900,14042260836,14042260836,10620241659,154900,90900,2,476,1
2021-12-14,BCIC,Bank JTrust Indonesia Tbk.,--U-2105000000G111------------,244.0,0.0,252.0,232.0,238.0,-6.0,23195600,5648526600,3018,17.8,240,208300,238,103400,14042260836,14042260836,10620241659,1222800,843100,7,1680,1
2021-12-13,BCIC,Bank JTrust Indonesia Tbk.,--U-2105000000G111------------,240.0,0.0,252.0,230.0,244.0,4.0,29154000,7167517800,3536,18.3,244,812400,242,419900,14042260836,14042260836,10620241659,3030100,1317700,0,0,0
2021-12-10,BCIC,Bank JTrust Indonesia Tbk.,--U-2105000000G111------------,242.0,0.0,254.0,238.0,240.0,-2.0,24294700,5970269400,2963,18.0,240,481500,238,346900,14042260836,14042260836,10620241659,886300,1163400,0,0,0
2021-12-09,BCIC,Bank JTrust Indonesia Tbk.,--U-2105000000G111------------,238.0,0.0,252.0,236.0,242.0,4.0,10673400,2571940400,1554,18.1,244,161100,242,266900,14042260836,14042260836,10620241659,641300,677000,0,0,0
2021-12-08,BCIC,Bank JTrust Indonesia Tbk.,--U-2105000000G111------------,250.0,0.0,268.0,236.0,238.0,-12.0,41314100,10446601400,4718,17.8,240,11500,238,666100,14042260836,14042260836,10620241659,1478300,904600,0,0,0
2021-12-07,BCIC,Bank JTrust Indonesia Tbk.,--U-2105000000G111------------,216.0,0.0,266.0,218.0,250.0,34.0,75712600,18679841400,7964,18.7,252,39000,250,1105300,14042260836,14042260836,10620241659,3534200,4425000,0,0,0
2021-12-06,BCIC,Bank JTrust Indonesia Tbk.,--U-2105000000G111------------,216.0,0.0,230.0,214.0,216.0,0.0,9089100,1981881400,1189,16.2,218,97000,214,720700,14040883656,14040883656,10620241659,442400,630000,0,0,0
2021-12-03,BCIC,Bank JTrust Indonesia Tbk.,--U-2105000000G111------------,222.0,0.0,234.0,216.0,216.0,-6.0,9488200,2105777200,1481,16.2,218,220400,216,25000,14040816828,14040816828,10620241659,1440100,350300,0,0,0
2021-12-02,BCIC,Bank JTrust Indonesia Tbk.,XRU-2105000000G111------------,228.0,0.0,234.0,214.0,222.0,-6.0,10534100,2305819200,1264,16.6,222,704300,220,12000,14040303972,14040303972,10620241659,597500,1752000,0,0,0
2021-12-01,BCIC,Bank JTrust Indonesia Tbk.,XRU-2105000000G111------------,242.0,0.0,246.0,226.0,228.0,-14.0,18396700,4282443400,1984,17.1,228,764200,226,2133900,9912346962,9912346962,10620241659,2053200,924100,0,0,0
2021-11-30,BCIC,Bank JTrust Indonesia Tbk.,XRU-2105000000G111------------,254.0,0.0,266.0,242.0,242.0,-12.0,18940900,4785331400,1875,18.1,246,42100,242,623900,9912003256,9912003256,10620241659,333000,238400,0,0,0
2021-11-29,BCIC,Bank JTrust Indonesia Tbk.,XRU-2105000000G111------------,252.0,0.0,262.0,248.0,254.0,2.0,16294100,4145138600,1799,19.0,256,524100,254,81500,9912003256,9912003256,10620241659,799200,788100,0,0,0
2021-11-26,BCIC,Bank JTrust Indonesia Tbk.,XRU-2105000000G111------------,250.0,0.0,278.0,244.0,252.0,2.0,53346800,13932566400,4635,18.9,254,8200,252,4058000,9912003256,9912003256,10620241659,2918700,2992500,1400,358400,1
2021-11-25,BCIC,Bank JTrust Indonesia Tbk.,XRU-2105000000G111------------,260.0,0.0,276.0,248.0,250.0,-10.0,36501100,9595859800,3928,18.7,252,108600,250,2157500,9912003256,9912003256,10620241659,2232100,2294100,0,0,0
2021-11-24,BCIC,Bank JTrust Indonesia Tbk.,--U-2105000000G111------------,244.0,0.0,278.0,236.0,260.0,16.0,48704800,12666901800,5180,19.5,262,138300,260,3715600,9912003256,9912003256,10620241659,2998000,2574500,4,960,1
2021-11-23,BCIC,Bank JTrust Indonesia Tbk.,--U-2105000000G111------------,262.0,0.0,262.0,244.0,244.0,-18.0,23392400,5782297800,2669,18.3,246,69900,0,0,9912003256,9912003256,10620241659,2616800,1748300,0,0,0
2021-11-22,BCIC,Bank JTrust Indonesia Tbk.,CRU-2105000000G111------------,278.0,0.0,284.0,260.0,262.0,-16.0,32317000,8613591600,3430,19.6,264,105000,262,861700,9912003256,9912003256,7304155199,104000,34800,0,0,0
2021-11-19,BCIC,Bank JTrust Indonesia Tbk.,CRU-2105000000G111------------,288.0,0.0,294.0,268.0,278.0,-10.0,36363300,10260441000,2973,20.8,280,43400,278,2658800,9912003256,9912003256,7304155199,206000,0,0,0,0
2021-11-18,BCIC,Bank JTrust Indonesia Tbk.,--U-2105000000G111------------,288.0,0.0,296.0,280.0,288.0,0.0,30027700,8667803600,3203,21.6,290,318400,288,917100,9912003256,9912003256,7304155199,0,0,0,0,0
2021-11-17,BCIC,Bank JTrust Indonesia Tbk.,--U-2105000000G111------------,288.0,0.0,308.0,280.0,288.0,0.0,75969800,22353360000,8712,21.6,290,499500,288,1015000,9912003256,9912003256,7304155199,37000,602400,0,0,0
2021-11-16,BCIC,Bank JTrust Indonesia Tbk.,--U-2105000000G111------------,280.0,0.0,316.0,262.0,288.0,8.0,177950800,53250089400,17764,21.6,290,274900,288,52000,9912003256,9912003256,7304155199,597100,1530600,0,0,0
2021-11-15,BCIC,Bank JTrust Indonesia Tbk.,--U-2105000000G111------------,232.0,0.0,288.0,230.0,280.0,48.0,174175500,47297734000,17405,21.0,282,751500,280,1191500,9912003256,9912003256,7304155199,842600,233600,0,0,0
2021-11-12,BCIC,Bank JTrust Indonesia Tbk.,--U-2105000000G111------------,238.0,0.0,254.0,226.0,232.0,-6.0,42747000,10378482800,4387,17.4,234,1200,232,3137900,9912003256,9912003256,7304155199,146500,363200,0,0,0
2021-11-11,BCIC,Bank JTrust Indonesia Tbk.,--U-2105000000G111------------,254.0,0.0,270.0,238.0,238.0,-16.0,34180900,8246202400,4034,17.8,238,207600,0,0,9912003256,9912003256,7304155199,0,191000,15000,3600000,3
2021-11-10,BCIC,Bank JTrust Indonesia Tbk.,--U-2105000000G111------------,266.0,0.0,278.0,248.0,254.0,-12.0,106932600,27714864800,9424,19.0,256,26100,254,1171000,9912003256,9912003256,7304155199,100500,357000,0,0,0
2021-11-09,BCIC,Bank JTrust Indonesia Tbk.,--U-2105000000G111------------,286.0,0.0,292.0,266.0,266.0,-20.0,29850700,8091605000,2784,19.9,266,17160300,0,0,9912003256,9912003256,7304155199,0,438100,0,0,0
2021-11-08,BCIC,Bank JTrust Indonesia Tbk.,--U-2105000000G111------------,256.0,0.0,298.0,258.0,286.0,30.0,269268100,77472555200,25186,21.4,286,1872900,284,285200,9912003256,9912003256,7304155199,520000,449400,0,0,0
2021-11-05,BCIC,Bank JTrust Indonesia Tbk.,--U-2105000000G111------------,197.0,0.0,264.0,204.0,256.0,59.0,419882100,104961341400,29530,19.2,258,53900,256,613800,9912003256,9912003256,7304155199,7216100,4609500,50000,10300000,1
2021-11-04,BCIC,Bank JTrust Indonesia Tbk.,--U-2105000000G111------------,146.0,0.0,197.0,152.0,197.0,51.0,81857700,15715720900,6337,14.8,0,0,197,17307000,9912003256,9912003256,7304155199,112300,99500,0,0,0
2021-11-03,BCIC,Bank JTrust Indonesia Tbk.,--U-2105000000G111-----------X,133.0,0.0,146.0,133.0,146.0,13.0,27021100,3873741500,2332,10.9,0,0,146,10667900,9912003256,9912003256,7304155199,342000,2128800,0,0,0
2021-11-02,BCIC,Bank JTrust Indonesia Tbk.,--U-2105000000G111-----------X,140.0,0.0,148.0,131.0,133.0,-7.0,33903300,4563622900,2665,10.0,134,130900,133,501600,9912003256,9912003256,7304155199,7601900,139200,0,0,0
2021-11-01,BCIC,Bank JTrust Indonesia Tbk.,--U-2105000000G111-----------X,150.0,0.0,150.0,140.0,140.0,-10.0,9281900,1306982100,727,10.5,140,12891400,0,0,9912003256,9912003256,7304155199,4151300,104000,0,0,0
2021-10-29,BCIC,Bank JTrust Indonesia Tbk.,--U-2105000000G111-----------X,161.0,0.0,160.0,150.0,150.0,-11.0,30378100,4587657900,1701,11.2,150,6913900,0,0,9912003256,9912003256,7304155199,19615800,103000,0,0,0
2021-10-28,BCIC,Bank JTrust Indonesia Tbk.,--U-2105000000G111-----------X,173.0,0.0,174.0,161.0,161.0,-12.0,15601000,2544837900,1132,12.1,161,2318500,0,0,9912003256,9912003256,7304155199,4468000,65000,0,0,0
2021-10-27,BCIC,Bank JTrust Indonesia Tbk.,--U-2105000000G111-----------X,185.0,0.0,188.0,173.0,173.0,-12.0,24225300,4232003300,1591,13.0,173,3247100,0,0,9912003256,9912003256,7304155199,10000000,55000,0,0,0
2021-10-26,BCIC,Bank JTrust Indonesia Tbk.,--U-2105000000G111-----------X,190.0,0.0,198.0,185.0,185.0,-5.0,10877900,2073845800,924,13.9,185,576900,184,70700,9912003256,9912003256,7304155199,1773200,52700,0,0,0
2021-10-25,BCIC,Bank JTrust Indonesia Tbk.,--U-2105000000G111-----------X,200.0,0.0,206.0,190.0,190.0,-10.0,11522000,2232666600,1002,14.2,190,2489600,189,169600,9912003256,9912003256,7304155199,5589000,0,0,0,0
2021-10-22,BCIC,Bank JTrust Indonesia Tbk.,--U-2105000000G111-----------X,208.0,0.0,214.0,200.0,200.0,-8.0,11241700,2297551800,996,15.0,202,2010000,200,131700,9912003256,9912003256,7304155199,2000000,0,0,0,0
2021-10-21,BCIC,Bank JTrust Indonesia Tbk.,--U-2105000000G111-----------X,210.0,0.0,224.0,196.0,208.0,-2.0,36238900,7443156100,3001,15.6,208,2022500,206,675500,9912003256,9912003256,7304155199,2257100,250000,300,69000,1
2021-10-19,BCIC,Bank JTrust Indonesia Tbk.,--U-2105000000G111-----------X,191.0,0.0,210.0,194.0,210.0,19.0,89949100,18833811100,2704,15.7,210,4671000,208,1158500,9912003256,9912003256,7304155199,69481900,1190400,0,0,0
2021-10-18,BCIC,Bank JTrust Indonesia Tbk.,--U-2105000000G111-----------X,174.0,0.0,191.0,173.0,191.0,17.0,52225600,9938671200,2079,14.3,191,695700,190,674200,9912003256,9912003256,7304155199,42304300,2050000,0,0,0
2021-10-15,BCIC,Bank JTrust Indonesia Tbk.,--U-2105000000G111-----------X,160.0,0.0,176.0,160.0,174.0,14.0,19949900,3424240700,2297,13.0,174,1016600,173,102400,9912003256,9912003256,7304155199,5009200,0,0,0,0
2021-10-14,BCIC,Bank JTrust Indonesia Tbk.,--U-2105000000G111-----------X,156.0,0.0,163.0,152.0,160.0,4.0,1663600,265213900,588,12.0,160,933900,159,5000,9912003256,9912003256,7304155199,141800,0,0,0,0
2021-10-13,BCIC,Bank JTrust Indonesia Tbk.,--U-2105000000G111-----------X,164.0,0.0,164.0,155.0,156.0,-8.0,3746200,593657100,616,11.7,156,299500,155,200800,9912003256,9912003256,7304155199,1010400,2000,0,0,0
2021-10-12,BCIC,Bank JTrust Indonesia Tbk.,--U-2105000000G111-----------X,161.0,0.0,174.0,159.0,164.0,3.0,9638100,1603308600,891,12.3,164,162700,163,5900,9912003256,9912003256,7304155199,3939400,4300,0,0,0
2021-10-11,BCIC,Bank JTrust Indonesia Tbk.,--U-2105000000G111-----------X,169.0,0.0,169.0,159.0,161.0,-8.0,3886800,633200300,759,12.1,161,1258300,160,253000,9912003256,9912003256,7304155199,1194300,0,0,0,0
2021-10-08,BCIC,Bank JTrust Indonesia Tbk.,--U-2105000000G111-----------X,178.0,0.0,178.0,167.0,169.0,-9.0,7416100,1266179100,983,12.7,169,610400,168,55600,9912003256,9912003256,7304155199,1745200,2000,0,0,0
2021-10-07,BCIC,Bank JTrust Indonesia Tbk.,--U-2105000000G111-----------X,185.0,0.0,197.0,177.0,178.0,-7.0,9090000,1644929000,1518,13.3,179,41000,178,23200,9912003256,9912003256,7304155199,2530000,102000,0,0,0
2021-10-06,BCIC,Bank JTrust Indonesia Tbk.,--U-2105000000G111-----------X,197.0,0.0,214.0,184.0,185.0,-12.0,20815200,4154710500,1607,13.9,185,1025400,184,3118800,9912003256,9912003256,7304155199,7649700,24000,0,0,0
2021-10-05,BCIC,Bank JTrust Indonesia Tbk.,--U-2105000000G111-----------X,208.0,0.0,226.0,194.0,197.0,-11.0,15016600,2982868600,2024,14.8,198,2000,197,94800,9912003256,9912003256,7304155199,3973400,100000,0,0,0
2021-10-04,BCIC,Bank JTrust Indonesia Tbk.,--U-2105000000G111------------,208.0,0.0,0.0,0.0,208.0,0.0,0,0,0,15.6,0,0,0,0,9912003256,9912003256,7304155199,0,0,0,0,0
2021-10-01,BCIC,Bank JTrust Indonesia Tbk.,--U-2105000000G111------------,208.0,0.0,0.0,0.0,208.0,0.0,0,0,0,15.6,0,0,0,0,9912003256,9912003256,7304155199,0,0,0,0,0
2021-09-30,BCIC,Bank JTrust Indonesia Tbk.,--U-2105000000G111------------,208.0,0.0,0.0,0.0,208.0,0.0,0,0,0,15.6,0,0,0,0,9912003256,9912003256,9912003256,0,0,0,0,0
2021-09-29,BCIC,Bank JTrust Indonesia Tbk.,--U-2105000000G111------------,208.0,0.0,0.0,0.0,208.0,0.0,0,0,0,15.6,0,0,0,0,9912003256,9912003256,9912003256,0,0,0,0,0
2021-09-28,BCIC,Bank JTrust Indonesia Tbk.,--U-2105000000G111------------,208.0,0.0,0.0,0.0,208.0,0.0,0,0,0,15.6,0,0,0,0,9912003256,9912003256,9912003256,0,0,0,0,0
2021-09-27,BCIC,Bank JTrust Indonesia Tbk.,--U-2105000000G111------------,208.0,0.0,0.0,0.0,208.0,0.0,0,0,0,15.6,0,0,0,0,9912003256,9912003256,9912003256,0,0,0,0,0
2021-09-24,BCIC,Bank JTrust Indonesia Tbk.,--U-2105000000G111------------,218.0,0.0,230.0,206.0,208.0,-10.0,6862200,1468229600,1167,15.6,208,621200,206,169200,9912003256,9912003256,9912003256,923600,378500,0,0,0
2021-09-23,BCIC,Bank JTrust Indonesia Tbk.,--U-2105000000G111------------,232.0,0.0,246.0,216.0,218.0,-14.0,12725600,2829710200,1961,16.3,218,269900,216,589200,9912003256,9912003256,9912003256,4316300,17300,0,0,0
2021-09-22,BCIC,Bank JTrust Indonesia Tbk.,--U-2105000000G111------------,222.0,0.0,262.0,212.0,232.0,10.0,41818000,10177185800,5004,17.4,232,29400,230,15600,9912003256,9912003256,9912003256,7693300,527900,0,0,0
2021-09-21,BCIC,Bank JTrust Indonesia Tbk.,--U-2105000000G111------------,222.0,0.0,0.0,0.0,222.0,0.0,0,0,0,16.6,0,0,0,0,9912003256,9912003256,9912003256,0,0,0,0,0
2021-09-20,BCIC,Bank JTrust Indonesia Tbk.,--U-2105000000G111------------,238.0,0.0,238.0,222.0,222.0,-16.0,9185700,2081765800,1386,16.6,222,1863500,0,0,9912003256,9912003256,9912003256,4028900,1034100,0,0,0
2021-09-17,BCIC,Bank JTrust Indonesia Tbk.,--U-2105000000G111------------,254.0,0.0,258.0,238.0,238.0,-16.0,15973900,3905412000,1614,17.8,238,704500,0,0,9912003256,9912003256,9912003256,8703800,904600,0,0,0
2021-09-16,BCIC,Bank JTrust Indonesia Tbk.,--U-2105000000G111------------,272.0,0.0,280.0,254.0,254.0,-18.0,17647200,4638572000,2562,19.0,254,311200,0,0,9912003256,9912003256,9912003256,9757600,401900,0,0,0
2021-09-15,BCIC,Bank JTrust Indonesia Tbk.,--U-2105000000G111------------,292.0,0.0,330.0,272.0,272.0,-20.0,17046000,4971852600,3275,20.4,272,905300,0,0,9912003256,9912003256,9912003256,7666000,8000,0,0,0
2021-09-14,BCIC,Bank JTrust Indonesia Tbk.,--U-2105000000G111------------,312.0,0.0,314.0,292.0,292.0,-20.0,7937900,2344856000,1379,21.9,292,654200,0,0,9912003256,9912003256,9912003256,5060200,4000,0,0,0
2021-09-13,BCIC,Bank JTrust Indonesia Tbk.,--U-2105000000G111------------,334.0,0.0,336.0,312.0,312.0,-22.0,6028400,1935398800,1360,23.4,312,769100,0,0,9912003256,9912003256,9912003256,1798500,3000,0,0,0
2021-09-10,BCIC,Bank JTrust Indonesia Tbk.,--U-2105000000G111------------,310.0,0.0,366.0,298.0,334.0,24.0,12841200,4306340000,3167,25.0,334,134800,332,103800,9912003256,9912003256,9912003256,2806900,2000,0,0,0
2021-09-09,BCIC,Bank JTrust Indonesia Tbk.,--U-2105000000G111------------,332.0,0.0,348.0,310.0,310.0,-22.0,4326000,1377659400,899,23.2,316,10000,310,67400,9912003256,9912003256,9912003256,2112700,16400,24,7536,1
2021-09-08,BCIC,Bank JTrust Indonesia Tbk.,--U-2105000000G111------------,356.0,0.0,356.0,332.0,332.0,-24.0,4499700,1515795600,1134,24.9,332,236500,0,0,9912003256,9912003256,9912003256,1948000,0,0,0,0
2021-09-07,BCIC,Bank JTrust Indonesia Tbk.,--U-2105000000G111------------,382.0,0.0,400.0,356.0,356.0,-26.0,6121700,2258334600,1569,26.7,356,144400,0,0,9912003256,9912003256,9912003256,3093600,0,0,0,0
2021-09-06,BCIC,Bank JTrust Indonesia Tbk.,--U-2105000000G111------------,410.0,0.0,410.0,382.0,382.0,-28.0,4396100,1722767800,1062,28.6,396,1500,382,182500,9912003256,9912003256,9912003256,1506500,43200,0,0,0
2021-09-03,BCIC,Bank JTrust Indonesia Tbk.,--U-2105000000G111------------,440.0,0.0,440.0,410.0,410.0,-30.0,4336200,1799031200,1238,30.7,410,370800,0,0,9912003256,9912003256,9912003256,1229300,0,0,0,0
2021-09-02,BCIC,Bank JTrust Indonesia Tbk.,--U-2105000000G111------------,458.0,0.0,474.0,440.0,440.0,-18.0,2730600,1231626800,1081,33.0,440,67500,438,13500,9912003256,9912003256,9912003256,444500,0,0,0,0
2021-09-01,BCIC,Bank JTrust Indonesia Tbk.,--U-2105000000G111------------,478.0,0.0,480.0,454.0,458.0,-20.0,4877000,2268035800,1623,34.3,458,218900,456,52700,9912003256,9912003256,9912003256,388600,0,0,0,0
2021-08-31,BCIC,Bank JTrust Indonesia Tbk.,--U-2105000000G111------------,462.0,0.0,535.0,466.0,478.0,16.0,20128000,10018670000,5128,35.8,478,215700,476,10000,9912003256,9912003256,9912003256,1255100,10000,0,0,0
2021-08-30,BCIC,Bank JTrust Indonesia Tbk.,--U-2105000000G111------------,426.0,0.0,476.0,398.0,462.0,36.0,10763200,4696017800,2656,34.6,464,4300,462,200,9912003256,9912003256,9912003256,1380600,0,0,0,0
2021-08-27,BCIC,Bank JTrust Indonesia Tbk.,--U-2105000000G111------------,456.0,0.0,458.0,426.0,426.0,-30.0,4795700,2078878000,1305,31.9,426,119300,0,0,9912003256,9912003256,9912003256,2043300,0,1,426,1
2021-08-26,BCIC,Bank JTrust Indonesia Tbk.,--U-2105000000G111------------,490.0,0.0,490.0,456.0,456.0,-34.0,5514300,2607964200,1238,34.2,456,306200,0,0,9912003256,9912003256,9912003256,2986700,22800,0,0,0
2021-08-25,BCIC,Bank JTrust Indonesia Tbk.,--U-2105000000G111------------,525.0,0.0,560.0,490.0,490.0,-35.0,11945300,6162500300,2095,36.7,490,204400,0,0,9912003256,9912003256,9912003256,7443400,0,0,0,0
2021-08-24,BCIC,Bank JTrust Indonesia Tbk.,--U-2105000000G111------------,560.0,0.0,670.0,525.0,525.0,-35.0,6866200,3947773000,1934,39.4,525,244300,0,0,9912003256,9912003256,9912003256,3763600,12700,0,0,0
2021-08-23,BCIC,Bank JTrust Indonesia Tbk.,--U-2105000000G111------------,600.0,0.0,610.0,560.0,560.0,-40.0,1375000,807010000,595,42.0,560,146600,0,0,9912003256,9912003256,9912003256,714600,13700,0,0,0
2021-08-20,BCIC,Bank JTrust Indonesia Tbk.,--U-2105000000G111------------,640.0,0.0,640.0,600.0,600.0,-40.0,2148800,1306853000,808,45.0,600,166100,0,0,9912003256,9912003256,9912003256,225000,0,0,0,0
2021-08-19,BCIC,Bank JTrust Indonesia Tbk.,--U-2105000000G111------------,685.0,0.0,855.0,640.0,640.0,-45.0,4843000,3502148500,2872,48.0,640,67800,0,0,9912003256,9912003256,9912003256,695100,200,0,0,0
2021-08-18,BCIC,Bank JTrust Indonesia Tbk.,--U-2105000000G111------------,735.0,0.0,695.0,685.0,685.0,-50.0,94000,64503000,77,51.4,685,489800,0,0,9912003256,9912003256,9912003256,0,100,0,0,0
2021-08-16,BCIC,Bank JTrust Indonesia Tbk.,--U-2105000000G111------------,785.0,0.0,735.0,735.0,735.0,-50.0,89100,65488500,86,55.1,735,641100,0,0,9912003256,9912003256,9912003256,0,0,0,0,0
2021-08-13,BCIC,Bank JTrust Indonesia Tbk.,--U-2105000000G111------------,840.0,0.0,785.0,785.0,785.0,-55.0,261200,205042000,84,58.9,785,544400,0,0,9912003256,9912003256,9912003256,0,0,0,0,0
2021-08-12,BCIC,Bank JTrust Indonesia Tbk.,--U-2105000000G111------------,900.0,0.0,895.0,840.0,840.0,-60.0,62700,52880000,56,63.0,840,1016300,0,0,9912003256,9912003256,9912003256,0,0,0,0,0
2021-08-10,BCIC,Bank JTrust Indonesia Tbk.,--U-2105000000G111------------,965.0,0.0,1205.0,900.0,900.0,-65.0,1812500,2000804500,913,67.5,900,699900,0,0,9912003256,9912003256,9912003256,0,4100,0,0,0
2021-08-09,BCIC,Bank JTrust Indonesia Tbk.,--U-2105000000G111------------,775.0,0.0,965.0,815.0,965.0,190.0,3021500,2776492500,1604,72.4,0,0,965,757200,9912003256,9912003256,9912003256,5800,0,0,0,0
2021-08-06,BCIC,Bank JTrust Indonesia Tbk.,--U-2105000000G111------------,620.0,0.0,775.0,660.0,775.0,155.0,4503400,3355456500,2437,58.1,0,0,775,422900,9912003256,9912003256,9912003256,11100,21000,0,0,0
2021-08-05,BCIC,Bank JTrust Indonesia Tbk.,--U-2105000000G111------------,498.0,0.0,620.0,498.0,620.0,122.0,3129700,1822035500,1454,46.5,0,0,620,183900,9912003256,9912003256,9912003256,14000,11100,0,0,0
2021-08-04,BCIC,Bank JTrust Indonesia Tbk.,--U-2105000000G111------------,505.0,0.0,630.0,470.0,498.0,-7.0,2627300,1392471000,1090,37.3,498,171200,496,600,9912003256,9912003256,9912003256,1267900,7000,0,0,0
2021-08-03,BCIC,Bank JTrust Indonesia Tbk.,--U-2105000000G111------------,540.0,0.0,505.0,505.0,505.0,-35.0,234200,118271000,113,37.9,505,349400,0,0,9912003256,9912003256,9912003256,0,0,0,0,0
2021-08-02,BCIC,Bank JTrust Indonesia Tbk.,--U-2105000000G111------------,580.0,0.0,610.0,540.0,540.0,-40.0,471500,260794500,226,40.5,540,472400,0,0,9912003256,9912003256,9912003256,138700,0,0,0,0
2021-07-30,BCIC,Bank JTrust Indonesia Tbk.,--U-2105000000G111------------,620.0,0.0,580.0,580.0,580.0,-40.0,941500,546070000,223,43.5,590,1100,580,103500,9912003256,9912003256,9912003256,160000,0,0,0,0
2021-07-29,BCIC,Bank JTrust Indonesia Tbk.,--U-2105000000G111------------,665.0,0.0,670.0,620.0,620.0,-45.0,201800,125644000,96,46.5,620,329000,0,0,9912003256,9912003256,9912003256,38200,0,0,0,0
2021-07-28,BCIC,Bank JTrust Indonesia Tbk.,--U-2105000000G111------------,710.0,0.0,665.0,665.0,665.0,-45.0,121800,80997000,40,49.9,665,510700,0,0,9912003256,9912003256,9912003256,0,0,0,0,0
2021-07-27,BCIC,Bank JTrust Indonesia Tbk.,--U-2105000000G111------------,760.0,0.0,710.0,710.0,710.0,-50.0,88200,62622000,71,53.2,710,775200,0,0,9912003256,9912003256,9912003256,0,0,0,0,0
2021-07-26,BCIC,Bank JTrust Indonesia Tbk.,--U-2105000000G111------------,815.0,0.0,815.0,760.0,760.0,-55.0,472600,359187000,88,57.0,760,1530800,0,0,9912003256,9912003256,9912003256,0,0,0,0,0
2021-07-23,BCIC,Bank JTrust Indonesia Tbk.,--U-2105000000G111------------,875.0,0.0,1090.0,815.0,815.0,-60.0,4701200,4389753000,1412,61.1,815,115700,0,0,9912003256,9912003256,9912003256,1527600,20200,0,0,0
2021-07-22,BCIC,Bank JTrust Indonesia Tbk.,--U-2105000000G111------------,700.0,0.0,875.0,800.0,875.0,175.0,1578700,1381067500,349,65.6,875,550200,870,4200,9912003256,9912003256,9912003256,1540100,30000,0,0,0
2021-07-21,BCIC,Bank JTrust Indonesia Tbk.,--U-2105000000G111------------,700.0,0.0,0.0,0.0,700.0,0.0,0,0,0,52.5,0,0,875,28800,9912003256,9912003256,9912003256,0,0,0,0,0
2021-07-19,BCIC,Bank JTrust Indonesia Tbk.,--U-2105000000G111------------,700.0,0.0,0.0,0.0,700.0,0.0,0,0,0,52.5,0,0,875,28800,9912003256,9912003256,9912003256,0,0,0,0,0
2021-07-16,BCIC,Bank JTrust Indonesia Tbk.,--U-2105000000G111------------,700.0,0.0,0.0,0.0,700.0,0.0,0,0,0,52.5,0,0,875,28800,9912003256,9912003256,9912003256,0,0,0,0,0
2021-07-15,BCIC,Bank JTrust Indonesia Tbk.,--U-2105000000G111------------,700.0,0.0,0.0,0.0,700.0,0.0,0,0,0,52.5,0,0,875,29800,9912003256,9912003256,9912003256,0,0,0,0,0
2021-07-14,BCIC,Bank JTrust Indonesia Tbk.,--U-2105000000G111------------,700.0,0.0,0.0,0.0,700.0,0.0,0,0,0,52.5,0,0,875,29800,9912003256,9912003256,9912003256,0,0,0,0,0
2021-07-13,BCIC,Bank JTrust Indonesia Tbk.,--U-2105000000G111------------,700.0,0.0,0.0,0.0,700.0,0.0,0,0,0,52.5,0,0,875,29800,9912003256,9912003256,9912003256,0,0,0,0,0
2021-07-12,BCIC,Bank JTrust Indonesia Tbk.,--U-2105000000G111------------,700.0,0.0,0.0,0.0,700.0,0.0,0,0,0,52.5,0,0,875,29800,9912003256,9912003256,9912003256,0,0,0,0,0
2021-07-09,BCIC,Bank JTrust Indonesia Tbk.,--U-2105000000G111------------,700.0,0.0,0.0,0.0,700.0,0.0,0,0,0,52.5,0,0,875,28800,9912003256,9912003256,9912003256,0,0,0,0,0
2021-07-08,BCIC,Bank JTrust Indonesia Tbk.,--U-2105000000G111------------,700.0,0.0,0.0,0.0,700.0,0.0,0,0,0,52.5,0,0,875,29800,9912003256,9912003256,9912003256,0,0,0,0,0
2021-07-07,BCIC,Bank JTrust Indonesia Tbk.,--U-2105000000G111------------,700.0,0.0,0.0,0.0,700.0,0.0,0,0,0,52.5,0,0,875,28800,9912003256,9912003256,9912003256,0,0,0,0,0
2021-07-06,BCIC,Bank JTrust Indonesia Tbk.,--U-2105000000G111------------,700.0,0.0,0.0,0.0,700.0,0.0,0,0,0,52.5,0,0,875,29800,9912003256,9912003256,9912003256,0,0,0,0,0
2021-07-05,BCIC,Bank JTrust Indonesia Tbk.,--U-2105000000G111------------,700.0,0.0,0.0,0.0,700.0,0.0,0,0,0,52.5,0,0,875,29800,9912003256,9912003256,9912003256,0,0,0,0,0
2021-07-02,BCIC,Bank JTrust Indonesia Tbk.,--U-2105000000G111------------,700.0,0.0,0.0,0.0,700.0,0.0,0,0,0,52.5,0,0,875,29900,9912003256,9912003256,9912003256,0,0,0,0,0
2021-07-01,BCIC,Bank JTrust Indonesia Tbk.,--U-2105000000G111------------,700.0,0.0,0.0,0.0,700.0,0.0,0,0,0,52.5,0,0,875,29800,9912003256,9912003256,9912003256,0,0,0,0,0
2021-06-30,BCIC,Bank JTrust Indonesia Tbk.,--U-2105000000G111------------,700.0,0.0,0.0,0.0,700.0,0.0,0,0,0,52.5,0,0,875,29800,9912003256,9912003256,9912003256,0,0,0,0,0
2021-06-29,BCIC,Bank JTrust Indonesia Tbk.,--U-2105000000G111------------,700.0,0.0,0.0,0.0,700.0,0.0,0,0,0,52.5,0,0,875,28800,9912003256,9912003256,9912003256,0,0,0,0,0
2021-06-28,BCIC,Bank JTrust Indonesia Tbk.,--U-2105000000G111------------,700.0,0.0,0.0,0.0,700.0,0.0,0,0,0,52.5,0,0,875,29800,9912003256,9912003256,9912003256,0,0,0,0,0
2021-06-25,BCIC,Bank JTrust Indonesia Tbk.,--U-2105000000G111------------,700.0,0.0,0.0,0.0,700.0,0.0,0,0,0,52.5,0,0,875,29800,9912003256,9912003256,9912003256,0,0,0,0,0
2021-06-24,BCIC,Bank JTrust Indonesia Tbk.,--U-2105000000G111------------,700.0,0.0,0.0,0.0,700.0,0.0,0,0,0,52.5,0,0,875,29800,9912003256,9912003256,9912003256,0,0,0,0,0
2021-06-23,BCIC,Bank JTrust Indonesia Tbk.,--U-2105000000G111------------,700.0,0.0,0.0,0.0,700.0,0.0,0,0,0,52.5,0,0,875,29800,9912003256,9912003256,9912003256,0,0,0,0,0
2021-06-22,BCIC,Bank JTrust Indonesia Tbk.,--U-2105000000G111------------,700.0,0.0,0.0,0.0,700.0,0.0,0,0,0,52.5,0,0,875,29800,9912003256,9912003256,9912003256,0,0,0,0,0
2021-06-21,BCIC,Bank JTrust Indonesia Tbk.,--U-2105000000G111------------,700.0,0.0,0.0,0.0,700.0,0.0,0,0,0,52.5,0,0,875,29800,9912003256,9912003256,9912003256,0,0,0,0,0
2021-06-18,BCIC,Bank JTrust Indonesia Tbk.,--U-2105000000G111------------,700.0,0.0,0.0,0.0,700.0,0.0,0,0,0,52.5,0,0,875,29800,9912003256,9912003256,9912003256,0,0,0,0,0
2021-06-17,BCIC,Bank JTrust Indonesia Tbk.,--U-2105000000G111------------,700.0,0.0,0.0,0.0,700.0,0.0,0,0,0,52.5,0,0,875,35800,9912003256,9912003256,9912003256,0,0,0,0,0
2021-06-16,BCIC,Bank JTrust Indonesia Tbk.,--U-2105000000G111------------,700.0,0.0,0.0,0.0,700.0,0.0,0,0,0,52.5,0,0,875,39800,9912003256,9912003256,9912003256,0,0,0,0,0
2021-06-15,BCIC,Bank JTrust Indonesia Tbk.,--U-2105000000G111------------,700.0,0.0,0.0,0.0,700.0,0.0,0,0,0,52.5,0,0,875,29900,9912003256,9912003256,9912003256,0,0,0,0,0
2021-06-14,BCIC,Bank JTrust Indonesia Tbk.,--U-2105000000G111------------,700.0,0.0,0.0,0.0,700.0,0.0,0,0,0,52.5,0,0,875,29800,9912003256,9912003256,9912003256,0,0,0,0,0
2021-06-11,BCIC,Bank JTrust Indonesia Tbk.,--U-2105000000G111------------,700.0,0.0,0.0,0.0,700.0,0.0,0,0,0,52.5,0,0,875,29800,9912003256,9912003256,9912003256,0,0,0,0,0
2021-06-10,BCIC,Bank JTrust Indonesia Tbk.,--U-2105000000G111------------,700.0,0.0,0.0,0.0,700.0,0.0,0,0,0,52.5,0,0,875,28800,9912003256,9912003256,9912003256,0,0,0,0,0
2021-06-09,BCIC,Bank JTrust Indonesia Tbk.,--U-2105000000G111------------,700.0,0.0,0.0,0.0,700.0,0.0,0,0,0,52.5,0,0,875,29800,9912003256,9912003256,9912003256,0,0,0,0,0
2021-06-08,BCIC,Bank JTrust Indonesia Tbk.,--U-2105000000G111------------,700.0,0.0,0.0,0.0,700.0,0.0,0,0,0,52.5,0,0,875,29800,9912003256,9912003256,9912003256,0,0,0,0,0
2021-06-07,BCIC,Bank JTrust Indonesia Tbk.,--U-2105000000G111------------,700.0,0.0,0.0,0.0,700.0,0.0,0,0,0,52.5,0,0,875,29900,9912003256,9912003256,9912003256,0,0,0,0,0
2021-06-04,BCIC,Bank JTrust Indonesia Tbk.,--U-2105000000G111------------,700.0,0.0,0.0,0.0,700.0,0.0,0,0,0,52.5,0,0,875,29800,9912003256,9912003256,9912003256,0,0,0,0,0
2021-06-03,BCIC,Bank JTrust Indonesia Tbk.,--U-2105000000G111------------,700.0,0.0,0.0,0.0,700.0,0.0,0,0,0,52.5,0,0,875,29800,9912003256,9912003256,9912003256,0,0,0,0,0
2021-06-02,BCIC,Bank JTrust Indonesia Tbk.,--U-2105000000G111------------,700.0,0.0,0.0,0.0,700.0,0.0,0,0,0,52.5,0,0,875,30100,9912003256,9912003256,9912003256,0,0,0,0,0
2021-05-31,BCIC,Bank JTrust Indonesia Tbk.,--U-2105000000G111------------,700.0,0.0,0.0,0.0,700.0,0.0,0,0,0,52.5,0,0,875,29800,9912003256,9912003256,9912003256,0,0,0,0,0
2021-05-28,BCIC,Bank JTrust Indonesia Tbk.,--U-2105000000G111------------,700.0,0.0,0.0,0.0,700.0,0.0,0,0,0,52.5,0,0,875,30300,9912003256,9912003256,9912003256,0,0,0,0,0
2021-05-27,BCIC,Bank JTrust Indonesia Tbk.,--U-2105000000G111------------,700.0,0.0,0.0,0.0,700.0,0.0,0,0,0,52.5,0,0,875,29800,9912003256,9912003256,9912003256,0,0,0,0,0
2021-05-25,BCIC,Bank JTrust Indonesia Tbk.,--U-2105000000G111------------,700.0,0.0,0.0,0.0,700.0,0.0,0,0,0,52.5,0,0,875,29800,9912003256,9912003256,9912003256,0,0,0,0,0
2021-05-24,BCIC,Bank JTrust Indonesia Tbk.,--U-2105000000G111------------,700.0,0.0,0.0,0.0,700.0,0.0,0,0,0,52.5,0,0,875,29800,9912003256,9912003256,9912003256,0,0,0,0,0
2021-05-22,BCIC,Bank JTrust Indonesia Tbk.,--U-2105000000G111------------,700.0,0.0,0.0,0.0,700.0,0.0,0,0,0,52.5,0,0,0,0,9912003256,9912003256,9912003256,0,0,0,0,0
2021-05-21,BCIC,Bank JTrust Indonesia Tbk.,--U-2105000000G111------------,700.0,0.0,0.0,0.0,700.0,0.0,0,0,0,52.5,0,0,875,29800,9912003256,9912003256,9912003256,0,0,0,0,0
2021-05-20,BCIC,Bank JTrust Indonesia Tbk.,--U-2105000000G111------------,700.0,0.0,0.0,0.0,700.0,0.0,0,0,0,52.5,0,0,875,29800,9912003256,9912003256,9912003256,0,0,0,0,0
2021-05-19,BCIC,Bank JTrust Indonesia Tbk.,--U-2105000000G111------------,700.0,0.0,0.0,0.0,700.0,0.0,0,0,0,52.5,0,0,875,29800,9912003256,9912003256,9912003256,0,0,0,0,0
2021-05-18,BCIC,Bank JTrust Indonesia Tbk.,--U-2105000000G111------------,700.0,0.0,0.0,0.0,700.0,0.0,0,0,0,52.5,0,0,875,29800,9912003256,9912003256,9912003256,0,0,0,0,0
2021-05-17,BCIC,Bank JTrust Indonesia Tbk.,--U-2105000000G111------------,700.0,0.0,0.0,0.0,700.0,0.0,0,0,0,52.5,0,0,875,28800,9912003256,9912003256,9912003256,0,0,0,0,0
2021-05-11,BCIC,Bank JTrust Indonesia Tbk.,--U-2105000000G111------------,700.0,0.0,0.0,0.0,700.0,0.0,0,0,0,52.5,0,0,875,28800,9912003256,9912003256,9912003256,0,0,0,0,0
2021-05-10,BCIC,Bank JTrust Indonesia Tbk.,--U-2105000000G111------------,700.0,0.0,0.0,0.0,700.0,0.0,0,0,0,52.5,0,0,875,34800,9912003256,9912003256,9912003256,0,0,0,0,0
2021-05-07,BCIC,Bank JTrust Indonesia Tbk.,--U-2105000000G111------------,700.0,0.0,0.0,0.0,700.0,0.0,0,0,0,52.5,0,0,875,28800,9912003256,9912003256,9912003256,0,0,0,0,0
2021-05-06,BCIC,Bank JTrust Indonesia Tbk.,--U-2105000000G111------------,700.0,0.0,0.0,0.0,700.0,0.0,0,0,0,52.5,0,0,875,28800,9912003256,9912003256,9912003256,0,0,0,0,0
2021-05-05,BCIC,Bank JTrust Indonesia Tbk.,--U-2105000000G111------------,700.0,0.0,0.0,0.0,700.0,0.0,0,0,0,52.5,0,0,875,29000,9912003256,9912003256,9912003256,0,0,0,0,0
2021-05-04,BCIC,Bank JTrust Indonesia Tbk.,--U-2105000000G111------------,700.0,0.0,0.0,0.0,700.0,0.0,0,0,0,52.5,0,0,875,28800,9912003256,9912003256,9912003256,0,0,0,0,0
2021-05-03,BCIC,Bank JTrust Indonesia Tbk.,--U-2105000000G111------------,700.0,0.0,0.0,0.0,700.0,0.0,0,0,0,52.5,0,0,875,38800,9912003256,9912003256,9912003256,0,0,0,0,0
2021-04-30,BCIC,Bank JTrust Indonesia Tbk.,--U-2105000000G111------------,700.0,0.0,0.0,0.0,700.0,0.0,0,0,0,52.5,0,0,875,28800,9912003256,9912003256,9912003256,0,0,0,0,0
2021-04-29,BCIC,Bank JTrust Indonesia Tbk.,--U-2105000000G111------------,700.0,0.0,0.0,0.0,700.0,0.0,0,0,0,52.5,0,0,875,57600,9912003256,9912003256,9912003256,0,0,0,0,0
2021-04-28,BCIC,Bank JTrust Indonesia Tbk.,--U-2105000000G111------------,700.0,0.0,0.0,0.0,700.0,0.0,0,0,0,52.5,0,0,875,28800,9912003256,9912003256,9912003256,0,0,0,0,0
2021-04-27,BCIC,Bank JTrust Indonesia Tbk.,--U-2105000000G111------------,700.0,0.0,0.0,0.0,700.0,0.0,0,0,0,52.5,0,0,875,28800,9912003256,9912003256,9912003256,0,0,0,0,0
2021-04-26,BCIC,Bank JTrust Indonesia Tbk.,--U-2105000000G111------------,700.0,0.0,0.0,0.0,700.0,0.0,0,0,0,52.5,0,0,875,28800,9912003256,9912003256,9912003256,0,0,0,0,0
2021-04-23,BCIC,Bank JTrust Indonesia Tbk.,--U-2105000000G111------------,700.0,0.0,0.0,0.0,700.0,0.0,0,0,0,52.5,0,0,875,28800,9912003256,9912003256,9912003256,0,0,0,0,0
2021-04-22,BCIC,Bank JTrust Indonesia Tbk.,--U-2105000000G111------------,700.0,0.0,0.0,0.0,700.0,0.0,0,0,0,52.5,0,0,875,28800,9912003256,9912003256,9912003256,0,0,0,0,0
2021-04-21,BCIC,Bank JTrust Indonesia Tbk.,--U-2105000000G111------------,700.0,0.0,0.0,0.0,700.0,0.0,0,0,0,52.5,0,0,875,28800,9912003256,9912003256,9912003256,0,0,0,0,0
2021-04-20,BCIC,Bank JTrust Indonesia Tbk.,--U-2105000000G111------------,700.0,0.0,0.0,0.0,700.0,0.0,0,0,0,52.5,0,0,875,28800,9912003256,9912003256,9912003256,0,0,0,0,0
2021-04-19,BCIC,Bank JTrust Indonesia Tbk.,--U-2105000000G111------------,700.0,0.0,0.0,0.0,700.0,0.0,0,0,0,52.5,0,0,875,28800,9912003256,9912003256,9912003256,0,0,0,0,0
2021-04-16,BCIC,Bank JTrust Indonesia Tbk.,--U-2105000000G111------------,700.0,0.0,0.0,0.0,700.0,0.0,0,0,0,52.5,0,0,875,28800,9912003256,9912003256,9912003256,0,0,0,0,0
2021-04-15,BCIC,Bank JTrust Indonesia Tbk.,--U-2105000000G111------------,700.0,0.0,0.0,0.0,700.0,0.0,0,0,0,52.5,0,0,875,26800,9912003256,9912003256,9912003256,0,0,0,0,0
2021-04-14,BCIC,Bank JTrust Indonesia Tbk.,--U-2105000000G111------------,700.0,0.0,0.0,0.0,700.0,0.0,0,0,0,52.5,0,0,875,28800,9912003256,9912003256,9912003256,0,0,0,0,0
2021-04-13,BCIC,Bank JTrust Indonesia Tbk.,--U-2105000000G111------------,700.0,0.0,0.0,0.0,700.0,0.0,0,0,0,52.5,0,0,875,28800,9912003256,9912003256,9912003256,0,0,0,0,0
2021-04-12,BCIC,Bank JTrust Indonesia Tbk.,--U-2105000000G111------------,700.0,0.0,0.0,0.0,700.0,0.0,0,0,0,52.5,0,0,875,28800,9912003256,9912003256,9912003256,0,0,0,0,0
2021-04-09,BCIC,Bank JTrust Indonesia Tbk.,--U-2105000000G111------------,700.0,0.0,0.0,0.0,700.0,0.0,0,0,0,52.5,0,0,875,28900,9912003256,9912003256,9912003256,0,0,0,0,0
2021-04-08,BCIC,Bank JTrust Indonesia Tbk.,--U-2105000000G111------------,700.0,0.0,0.0,0.0,700.0,0.0,0,0,0,52.5,0,0,875,28800,9912003256,9912003256,9912003256,0,0,0,0,0
2021-04-07,BCIC,Bank JTrust Indonesia Tbk.,--U-2105000000G111------------,700.0,0.0,0.0,0.0,700.0,0.0,0,0,0,52.5,0,0,875,28800,9912003256,9912003256,9912003256,0,0,0,0,0
2021-04-06,BCIC,Bank JTrust Indonesia Tbk.,--U-2105000000G111------------,700.0,0.0,0.0,0.0,700.0,0.0,0,0,0,52.5,0,0,875,28800,9912003256,9912003256,9912003256,0,0,0,0,0
2021-04-05,BCIC,Bank JTrust Indonesia Tbk.,--U-2105000000G111------------,700.0,0.0,0.0,0.0,700.0,0.0,0,0,0,52.5,0,0,875,28800,9912003256,9912003256,9912003256,0,0,0,0,0
2021-04-01,BCIC,Bank JTrust Indonesia Tbk.,--U-2105000000G111------------,700.0,0.0,0.0,0.0,700.0,0.0,0,0,0,52.5,0,0,850,800,9912003256,9912003256,9912003256,0,0,0,0,0
2021-03-31,BCIC,Bank JTrust Indonesia Tbk.,--U-2105000000G111------------,700.0,0.0,0.0,0.0,700.0,0.0,0,0,0,52.5,0,0,875,28800,9912003256,9912003256,9912003256,0,0,0,0,0
2021-03-30,BCIC,Bank JTrust Indonesia Tbk.,--U-2105000000G111------------,700.0,0.0,0.0,0.0,700.0,0.0,0,0,0,52.5,0,0,875,28800,9912003256,9912003256,9912003256,0,0,0,0,0
2021-03-29,BCIC,Bank JTrust Indonesia Tbk.,--U-2105000000G111------------,700.0,0.0,0.0,0.0,700.0,0.0,0,0,0,52.5,0,0,875,28800,9912003256,9912003256,9912003256,0,0,0,0,0
2021-03-26,BCIC,Bank JTrust Indonesia Tbk.,--U-2105000000G111------------,700.0,0.0,0.0,0.0,700.0,0.0,0,0,0,52.5,0,0,875,29500,9912003256,9912003256,9912003256,0,0,0,0,0
2021-03-25,BCIC,Bank JTrust Indonesia Tbk.,--U-2105000000G111------------,700.0,0.0,0.0,0.0,700.0,0.0,0,0,0,52.5,0,0,875,37600,9912003256,9912003256,9912003256,0,0,0,0,0
2021-03-24,BCIC,Bank JTrust Indonesia Tbk.,--U-2105000000G111------------,700.0,0.0,0.0,0.0,700.0,0.0,0,0,0,52.5,0,0,875,37600,9912003256,9912003256,9912003256,0,0,0,0,0
2021-03-23,BCIC,Bank JTrust Indonesia Tbk.,--U-2105000000G111------------,700.0,0.0,0.0,0.0,700.0,0.0,0,0,0,52.5,0,0,875,37900,9912003256,9912003256,9912003256,0,0,0,0,0
2021-03-22,BCIC,Bank JTrust Indonesia Tbk.,--U-2105000000G111------------,700.0,0.0,0.0,0.0,700.0,0.0,0,0,0,52.5,0,0,875,28800,9912003256,9912003256,9912003256,0,0,0,0,0
2021-03-19,BCIC,Bank JTrust Indonesia Tbk.,--U-2105000000G111------------,700.0,0.0,0.0,0.0,700.0,0.0,0,0,0,52.5,0,0,875,46100,9912003256,9912003256,9912003256,0,0,0,0,0
2021-03-18,BCIC,Bank JTrust Indonesia Tbk.,--U-2105000000G111------------,700.0,0.0,0.0,0.0,700.0,0.0,0,0,0,52.5,0,0,875,86400,9912003256,9912003256,9912003256,0,0,0,0,0
2021-03-17,BCIC,Bank JTrust Indonesia Tbk.,--U-2105000000G111------------,700.0,0.0,0.0,0.0,700.0,0.0,0,0,0,52.5,0,0,875,115200,9912003256,9912003256,9912003256,0,0,0,0,0
2021-03-16,BCIC,Bank JTrust Indonesia Tbk.,--U-2105000000G111------------,700.0,0.0,0.0,0.0,700.0,0.0,0,0,0,52.5,0,0,875,57600,9912003256,9912003256,9912003256,0,0,0,0,0
2021-03-15,BCIC,Bank JTrust Indonesia Tbk.,--U-2105000000G111------------,700.0,0.0,0.0,0.0,700.0,0.0,0,0,0,52.5,0,0,850,100,9912003256,9912003256,9912003256,0,0,0,0,0
2021-03-12,BCIC,Bank JTrust Indonesia Tbk.,--U-2105000000G111------------,700.0,0.0,0.0,0.0,700.0,0.0,0,0,0,52.5,0,0,875,28800,9912003256,9912003256,9912003256,0,0,0,0,0
2021-03-10,BCIC,Bank JTrust Indonesia Tbk.,--U-2105000000G111------------,700.0,0.0,0.0,0.0,700.0,0.0,0,0,0,52.5,0,0,875,28800,9912003256,9912003256,9912003256,0,0,0,0,0
2021-03-09,BCIC,Bank JTrust Indonesia Tbk.,--U-2105000000G111------------,700.0,0.0,0.0,0.0,700.0,0.0,0,0,0,52.5,0,0,875,28800,9912003256,9912003256,9912003256,0,0,0,0,0
2021-03-08,BCIC,Bank JTrust Indonesia Tbk.,--U-2105000000G111------------,700.0,0.0,0.0,0.0,700.0,0.0,0,0,0,52.5,0,0,875,28900,9912003256,9912003256,9912003256,0,0,0,0,0
2021-03-05,BCIC,Bank JTrust Indonesia Tbk.,--U-2105000000G111------------,700.0,0.0,0.0,0.0,700.0,0.0,0,0,0,52.5,0,0,750,100,9912003256,9912003256,9912003256,0,0,0,0,0
2021-03-04,BCIC,Bank JTrust Indonesia Tbk.,--U-2105000000G111------------,700.0,0.0,0.0,0.0,700.0,0.0,0,0,0,52.5,0,0,875,29500,9912003256,9912003256,9912003256,0,0,0,0,0
2021-03-03,BCIC,Bank JTrust Indonesia Tbk.,--U-2105000000G111------------,700.0,0.0,0.0,0.0,700.0,0.0,0,0,0,52.5,0,0,875,28800,9912003256,9912003256,9912003256,0,0,0,0,0
2021-03-02,BCIC,Bank JTrust Indonesia Tbk.,--U-2105000000G111------------,700.0,0.0,0.0,0.0,700.0,0.0,0,0,0,52.5,0,0,875,28800,9912003256,9912003256,9912003256,0,0,0,0,0
2021-03-01,BCIC,Bank JTrust Indonesia Tbk.,--U-2105000000G111------------,700.0,0.0,0.0,0.0,700.0,0.0,0,0,0,52.5,0,0,750,100,9912003256,9912003256,9912003256,0,0,0,0,0
2021-02-26,BCIC,Bank JTrust Indonesia Tbk.,--U-2105000000G111------------,700.0,0.0,0.0,0.0,700.0,0.0,0,0,0,52.5,0,0,875,28800,9912003256,9912003256,9912003256,0,0,0,0,0
2021-02-25,BCIC,Bank JTrust Indonesia Tbk.,--U-2105000000G111------------,700.0,0.0,0.0,0.0,700.0,0.0,0,0,0,52.5,0,0,875,28800,9912003256,9912003256,9912003256,0,0,0,0,0
2021-02-24,BCIC,Bank JTrust Indonesia Tbk.,--U-2105000000G111------------,700.0,0.0,0.0,0.0,700.0,0.0,0,0,0,52.5,0,0,875,30100,9912003256,9912003256,9912003256,0,0,0,0,0
2021-02-23,BCIC,Bank JTrust Indonesia Tbk.,--U-2105000000G111------------,700.0,0.0,0.0,0.0,700.0,0.0,0,0,0,52.5,0,0,875,28800,9912003256,9912003256,9912003256,0,0,0,0,0
2021-02-22,BCIC,Bank JTrust Indonesia Tbk.,--U-2105000000G111------------,700.0,0.0,0.0,0.0,700.0,0.0,0,0,0,52.5,0,0,875,28800,9912003256,9912003256,9912003256,0,0,0,0,0
2021-02-19,BCIC,Bank JTrust Indonesia Tbk.,--U-2105000000G111------------,700.0,0.0,0.0,0.0,700.0,0.0,0,0,0,52.5,0,0,875,28800,9912003256,9912003256,9912003256,0,0,0,0,0
2021-02-18,BCIC,Bank JTrust Indonesia Tbk.,--U-2105000000G111------------,700.0,0.0,0.0,0.0,700.0,0.0,0,0,0,52.5,0,0,875,28800,9912003256,9912003256,9912003256,0,0,0,0,0
2021-02-17,BCIC,Bank JTrust Indonesia Tbk.,--U-2105000000G111------------,700.0,0.0,0.0,0.0,700.0,0.0,0,0,0,52.5,0,0,875,28800,9912003256,9912003256,9912003256,0,0,0,0,0
2021-02-16,BCIC,Bank JTrust Indonesia Tbk.,--U-2105000000G111------------,700.0,0.0,0.0,0.0,700.0,0.0,0,0,0,52.5,0,0,875,28800,9912003256,9912003256,9912003256,0,0,0,0,0
2021-02-15,BCIC,Bank JTrust Indonesia Tbk.,--U-2105000000G111------------,700.0,0.0,0.0,0.0,700.0,0.0,0,0,0,52.5,0,0,875,28800,9912003256,9912003256,9912003256,0,0,0,0,0
2021-02-11,BCIC,Bank JTrust Indonesia Tbk.,--U-2105000000G111------------,700.0,0.0,0.0,0.0,700.0,0.0,0,0,0,52.5,0,0,875,28800,9912003256,9912003256,9912003256,0,0,0,0,0
2021-02-10,BCIC,Bank JTrust Indonesia Tbk.,--U-2105000000G111------------,700.0,0.0,0.0,0.0,700.0,0.0,0,0,0,52.5,0,0,875,28800,9912003256,9912003256,9912003256,0,0,0,0,0
2021-02-09,BCIC,Bank JTrust Indonesia Tbk.,--U-2105000000G111------------,700.0,0.0,0.0,0.0,700.0,0.0,0,0,0,52.5,0,0,875,28800,9912003256,9912003256,9912003256,0,0,0,0,0
2021-02-08,BCIC,Bank JTrust Indonesia Tbk.,--U-2105000000G111------------,700.0,0.0,0.0,0.0,700.0,0.0,0,0,0,52.5,0,0,875,28800,9912003256,9912003256,9912003256,0,0,0,0,0
2021-02-05,BCIC,Bank JTrust Indonesia Tbk.,--U-2105000000G111------------,700.0,0.0,0.0,0.0,700.0,0.0,0,0,0,52.5,0,0,875,28800,9912003256,9912003256,9912003256,0,0,0,0,0
2021-02-04,BCIC,Bank JTrust Indonesia Tbk.,--U-2105000000G111------------,700.0,0.0,0.0,0.0,700.0,0.0,0,0,0,52.5,0,0,875,57600,9912003256,9912003256,9912003256,0,0,3,1890,1
2021-02-03,BCIC,Bank JTrust Indonesia Tbk.,--U-2105000000G111------------,700.0,0.0,0.0,0.0,700.0,0.0,0,0,0,52.5,0,0,875,28900,9912003256,9912003256,9912003256,0,0,0,0,0
2021-02-02,BCIC,Bank JTrust Indonesia Tbk.,--U-2105000000G111------------,700.0,0.0,0.0,0.0,700.0,0.0,0,0,0,52.5,0,0,875,28800,9912003256,9912003256,9912003256,0,0,0,0,0
2021-02-01,BCIC,Bank JTrust Indonesia Tbk.,--U-2105000000G111------------,700.0,0.0,0.0,0.0,700.0,0.0,0,0,0,52.5,0,0,875,28800,9912003256,9912003256,9912003256,0,0,0,0,0
2021-01-29,BCIC,Bank JTrust Indonesia Tbk.,--U-2105000000G111------------,700.0,0.0,0.0,0.0,700.0,0.0,0,0,0,52.5,0,0,875,28800,9912003256,9912003256,9912003256,0,0,0,0,0
2021-01-28,BCIC,Bank JTrust Indonesia Tbk.,--U-2105000000G111------------,700.0,0.0,0.0,0.0,700.0,0.0,0,0,0,52.5,0,0,875,28800,9912003256,9912003256,9912003256,0,0,0,0,0
2021-01-27,BCIC,Bank JTrust Indonesia Tbk.,--U-2105000000G111------------,700.0,0.0,0.0,0.0,700.0,0.0,0,0,0,52.5,0,0,875,28800,9912003256,9912003256,9912003256,0,0,0,0,0
2021-01-26,BCIC,Bank JTrust Indonesia Tbk.,--U-2105000000G111------------,700.0,0.0,0.0,0.0,700.0,0.0,0,0,0,52.5,0,0,875,29000,9912003256,9912003256,9912003256,0,0,0,0,0
2021-01-25,BCIC,Bank JTrust Indonesia Tbk.,--U-2105000000G111------------,700.0,0.0,0.0,0.0,700.0,0.0,0,0,0,52.5,0,0,875,29400,9912003256,9912003256,9912003256,0,0,0,0,0
2021-01-22,BCIC,Bank JTrust Indonesia Tbk.,--U-210500000081--------------,700.0,0.0,0.0,0.0,700.0,0.0,0,0,0,52.5,0,0,875,28800,9912003256,9912003256,9912003256,0,0,0,0,0
2021-01-21,BCIC,Bank JTrust Indonesia Tbk.,--U-210500000081--------------,700.0,0.0,0.0,0.0,700.0,0.0,0,0,0,52.5,0,0,875,28800,9912003256,9912003256,9912003256,0,0,0,0,0
2021-01-20,BCIC,Bank JTrust Indonesia Tbk.,--U-210500000081--------------,700.0,0.0,0.0,0.0,700.0,0.0,0,0,0,52.5,0,0,875,28800,9912003256,9912003256,9912003256,0,0,0,0,0
2021-01-19,BCIC,Bank JTrust Indonesia Tbk.,--U-210500000081--------------,700.0,0.0,0.0,0.0,700.0,0.0,0,0,0,52.5,0,0,875,28800,9912003256,9912003256,9912003256,0,0,0,0,0
2021-01-18,BCIC,Bank JTrust Indonesia Tbk.,--U-210500000081--------------,700.0,0.0,0.0,0.0,700.0,0.0,0,0,0,52.5,0,0,875,28900,9912003256,9912003256,9912003256,0,0,0,0,0
2021-01-15,BCIC,Bank JTrust Indonesia Tbk.,--U-210500000081--------------,700.0,0.0,0.0,0.0,700.0,0.0,0,0,0,52.5,0,0,875,28800,9912003256,9912003256,9912003256,0,0,2,1320,1
2021-01-14,BCIC,Bank JTrust Indonesia Tbk.,--U-210500000081--------------,700.0,0.0,0.0,0.0,700.0,0.0,0,0,0,52.5,0,0,875,28800,9912003256,9912003256,9912003256,0,0,0,0,0
2021-01-13,BCIC,Bank JTrust Indonesia Tbk.,--U-210500000081--------------,700.0,0.0,0.0,0.0,700.0,0.0,0,0,0,52.5,0,0,875,57600,9912003256,9912003256,9912003256,0,0,0,0,0
2021-01-12,BCIC,Bank JTrust Indonesia Tbk.,--U-210500000081--------------,700.0,0.0,0.0,0.0,700.0,0.0,0,0,0,52.5,0,0,875,28800,9912003256,9912003256,9912003256,0,0,0,0,0
2021-01-11,BCIC,Bank JTrust Indonesia Tbk.,--U-210500000081--------------,700.0,0.0,0.0,0.0,700.0,0.0,0,0,0,52.5,0,0,875,28800,9912003256,9912003256,9912003256,0,0,0,0,0
2021-01-08,BCIC,Bank JTrust Indonesia Tbk.,--U-210500000081--------------,700.0,0.0,0.0,0.0,700.0,0.0,0,0,0,52.5,0,0,875,28800,9912003256,9912003256,9912003256,0,0,0,0,0
2021-01-07,BCIC,Bank JTrust Indonesia Tbk.,--U-210500000081--------------,700.0,0.0,0.0,0.0,700.0,0.0,0,0,0,52.5,0,0,875,29000,9912003256,9912003256,9912003256,0,0,0,0,0
2021-01-06,BCIC,Bank JTrust Indonesia Tbk.,--U-210500000081--------------,700.0,0.0,0.0,0.0,700.0,0.0,0,0,0,52.5,0,0,875,57600,9912003256,9912003256,9912003256,0,0,0,0,0
2021-01-05,BCIC,Bank JTrust Indonesia Tbk.,--U-210500000081--------------,700.0,0.0,0.0,0.0,700.0,0.0,0,0,0,52.5,0,0,875,37600,9912003256,9912003256,9912003256,0,0,0,0,0
2021-01-04,BCIC,Bank JTrust Indonesia Tbk.,--U-210500000081--------------,700.0,0.0,0.0,0.0,700.0,0.0,0,0,0,52.5,0,0,875,28800,9912003256,9912003256,9912003256,0,0,0,0,0
2020-12-30,BCIC,Bank JTrust Indonesia Tbk.,--U-210500000081--------------,700.0,0.0,0.0,0.0,700.0,0.0,0,0,0,52.5,0,0,875,52600,9912003256,9912003256,9912003256,0,0,0,0,0
2020-12-29,BCIC,Bank JTrust Indonesia Tbk.,--U-210500000081--------------,700.0,0.0,0.0,0.0,700.0,0.0,0,0,0,52.5,0,0,875,23800,9912003256,9912003256,9912003256,0,0,0,0,0
2020-12-28,BCIC,Bank JTrust Indonesia Tbk.,--U-210500000081--------------,700.0,0.0,0.0,0.0,700.0,0.0,0,0,0,52.5,0,0,875,15000,9912003256,9912003256,9912003256,0,0,0,0,0
2020-12-23,BCIC,Bank JTrust Indonesia Tbk.,--U-210500000081--------------,700.0,0.0,0.0,0.0,700.0,0.0,0,0,0,52.5,0,0,875,15000,9912003256,9912003256,9912003256,0,0,0,0,0
2020-12-22,BCIC,Bank JTrust Indonesia Tbk.,--U-210500000081--------------,700.0,0.0,0.0,0.0,700.0,0.0,0,0,0,52.5,0,0,875,15000,9912003256,9912003256,9912003256,0,0,0,0,0
2020-12-21,BCIC,Bank JTrust Indonesia Tbk.,--U-210500000081--------------,700.0,0.0,0.0,0.0,700.0,0.0,0,0,0,52.5,0,0,875,15000,9912003256,9912003256,9912003256,0,0,0,0,0
2020-12-18,BCIC,Bank JTrust Indonesia Tbk.,--U-210500000081--------------,700.0,0.0,0.0,0.0,700.0,0.0,0,0,0,52.5,0,0,875,15000,9912003256,9912003256,9912003256,0,0,0,0,0
2020-12-17,BCIC,Bank JTrust Indonesia Tbk.,--U-210500000081--------------,700.0,0.0,0.0,0.0,700.0,0.0,0,0,0,52.5,0,0,875,20000,9912003256,9912003256,9912003256,0,0,0,0,0
2020-12-16,BCIC,Bank JTrust Indonesia Tbk.,--U-210500000081--------------,700.0,0.0,0.0,0.0,700.0,0.0,0,0,0,52.5,0,0,875,15000,9912003256,9912003256,9912003256,0,0,0,0,0
2020-12-15,BCIC,Bank JTrust Indonesia Tbk.,--U-210500000081--------------,700.0,0.0,0.0,0.0,700.0,0.0,0,0,0,52.5,0,0,875,40000,9912003256,9912003256,9912003256,0,0,0,0,0
2020-12-14,BCIC,Bank JTrust Indonesia Tbk.,--U-210500000081--------------,700.0,0.0,0.0,0.0,700.0,0.0,0,0,0,52.5,0,0,875,20000,9912003256,9912003256,9912003256,0,0,0,0,0
2020-12-11,BCIC,Bank JTrust Indonesia Tbk.,--U-210500000081--------------,700.0,0.0,0.0,0.0,700.0,0.0,0,0,0,52.5,0,0,875,15000,9912003256,9912003256,9912003256,0,0,0,0,0
2020-12-10,BCIC,Bank JTrust Indonesia Tbk.,--U-210500000081--------------,700.0,0.0,0.0,0.0,700.0,0.0,0,0,0,52.5,0,0,875,10500,9912003256,9912003256,9912003256,0,0,0,0,0
2020-12-08,BCIC,Bank JTrust Indonesia Tbk.,--U-210500000081--------------,700.0,0.0,0.0,0.0,700.0,0.0,0,0,0,52.5,0,0,875,8500,9912003256,9912003256,9912003256,0,0,0,0,0
2020-12-07,BCIC,Bank JTrust Indonesia Tbk.,--U-210500000081--------------,700.0,0.0,0.0,0.0,700.0,0.0,0,0,0,52.5,0,0,875,15000,9912003256,9912003256,9912003256,0,0,0,0,0
2020-12-04,BCIC,Bank JTrust Indonesia Tbk.,--U-210500000081--------------,700.0,0.0,0.0,0.0,700.0,0.0,0,0,0,52.5,0,0,875,19600,9912003256,9912003256,9912003256,0,0,0,0,0
2020-12-03,BCIC,Bank JTrust Indonesia Tbk.,--U-210500000081--------------,700.0,0.0,0.0,0.0,700.0,0.0,0,0,0,52.5,0,0,875,8600,9912003256,9912003256,9912003256,0,0,0,0,0
2020-12-02,BCIC,Bank JTrust Indonesia Tbk.,--U-210500000081--------------,700.0,0.0,0.0,0.0,700.0,0.0,0,0,0,52.5,0,0,875,11100,9912003256,9912003256,9912003256,0,0,0,0,0
2020-12-01,BCIC,Bank JTrust Indonesia Tbk.,--U-210500000081--------------,700.0,0.0,0.0,0.0,700.0,0.0,0,0,0,52.5,0,0,875,11100,9912003256,9912003256,9912003256,0,0,0,0,0
2020-11-30,BCIC,Bank JTrust Indonesia Tbk.,--U-210500000081--------------,700.0,0.0,0.0,0.0,700.0,0.0,0,0,0,52.5,0,0,875,15000,9912003256,9912003256,9912003256,0,0,2,1750,1
2020-11-27,BCIC,Bank JTrust Indonesia Tbk.,--U-210500000081--------------,700.0,0.0,0.0,0.0,700.0,0.0,0,0,0,52.5,0,0,875,6700,9912003256,9912003256,9912003256,0,0,0,0,0
2020-11-26,BCIC,Bank JTrust Indonesia Tbk.,--U-210500000081--------------,700.0,0.0,0.0,0.0,700.0,0.0,0,0,0,52.5,0,0,875,11100,9912003256,9912003256,9912003256,0,0,0,0,0
2020-11-25,BCIC,Bank JTrust Indonesia Tbk.,--U-210500000081--------------,700.0,0.0,0.0,0.0,700.0,0.0,0,0,0,52.5,0,0,875,15000,9912003256,9912003256,9912003256,0,0,0,0,0
2020-11-24,BCIC,Bank JTrust Indonesia Tbk.,--U-210500000081--------------,700.0,0.0,0.0,0.0,700.0,0.0,0,0,0,52.5,0,0,875,15000,9912003256,9912003256,9912003256,0,0,0,0,0
2020-11-23,BCIC,Bank JTrust Indonesia Tbk.,--U-210500000081--------------,700.0,0.0,0.0,0.0,700.0,0.0,0,0,0,52.5,0,0,875,15000,9912003256,9912003256,9912003256,0,0,0,0,0
2020-11-20,BCIC,Bank JTrust Indonesia Tbk.,--U-210500000081--------------,700.0,0.0,0.0,0.0,700.0,0.0,0,0,0,52.5,0,0,875,5200,9912003256,9912003256,9912003256,0,0,0,0,0
2020-11-19,BCIC,Bank JTrust Indonesia Tbk.,--U-210500000081--------------,700.0,0.0,0.0,0.0,700.0,0.0,0,0,0,52.5,0,0,875,8000,9912003256,9912003256,9912003256,0,0,0,0,0
2020-11-18,BCIC,Bank JTrust Indonesia Tbk.,--U-210500000081--------------,700.0,0.0,0.0,0.0,700.0,0.0,0,0,0,52.5,0,0,875,20000,9912003256,9912003256,9912003256,0,0,0,0,0
2020-11-17,BCIC,Bank JTrust Indonesia Tbk.,--U-210500000081--------------,700.0,0.0,0.0,0.0,700.0,0.0,0,0,0,52.5,0,0,875,20000,9912003256,9912003256,9912003256,0,0,0,0,0
2020-11-16,BCIC,Bank JTrust Indonesia Tbk.,--U-210500000081--------------,700.0,0.0,0.0,0.0,700.0,0.0,0,0,0,52.5,0,0,875,15000,9912003256,9912003256,9912003256,0,0,0,0,0
2020-11-13,BCIC,Bank JTrust Indonesia Tbk.,--U-210500000081--------------,700.0,0.0,0.0,0.0,700.0,0.0,0,0,0,52.5,0,0,0,0,9912003256,9912003256,9912003256,0,0,0,0,0
2020-11-12,BCIC,Bank JTrust Indonesia Tbk.,--U-210500000081--------------,700.0,0.0,0.0,0.0,700.0,0.0,0,0,0,52.5,0,0,875,15000,9912003256,9912003256,9912003256,0,0,0,0,0
2020-11-11,BCIC,Bank JTrust Indonesia Tbk.,--U-210500000081--------------,700.0,0.0,0.0,0.0,700.0,0.0,0,0,0,52.5,0,0,875,15100,9912003256,9912003256,9912003256,0,0,0,0,0
2020-11-10,BCIC,Bank JTrust Indonesia Tbk.,--U-210500000081--------------,700.0,0.0,0.0,0.0,700.0,0.0,0,0,0,52.5,0,0,875,20000,9912003256,9912003256,9912003256,0,0,0,0,0
2020-11-09,BCIC,Bank JTrust Indonesia Tbk.,--U-210500000081--------------,700.0,0.0,0.0,0.0,700.0,0.0,0,0,0,52.5,0,0,875,10000,9912003256,9912003256,9912003256,0,0,0,0,0
2020-11-06,BCIC,Bank JTrust Indonesia Tbk.,--U-210500000081--------------,700.0,0.0,0.0,0.0,700.0,0.0,0,0,0,52.5,0,0,875,15000,9912003256,9912003256,9912003256,0,0,0,0,0
2020-11-05,BCIC,Bank JTrust Indonesia Tbk.,--U-210500000081--------------,700.0,0.0,0.0,0.0,700.0,0.0,0,0,0,52.5,0,0,875,20000,9912003256,9912003256,9912003256,0,0,0,0,0
2020-11-04,BCIC,Bank JTrust Indonesia Tbk.,--U-210500000081--------------,700.0,0.0,0.0,0.0,700.0,0.0,0,0,0,52.5,0,0,875,15000,9912003256,9912003256,9912003256,0,0,0,0,0
2020-11-03,BCIC,Bank JTrust Indonesia Tbk.,--U-210500000081--------------,700.0,0.0,0.0,0.0,700.0,0.0,0,0,0,52.5,0,0,875,20000,9912003256,9912003256,9912003256,0,0,0,0,0
2020-11-02,BCIC,Bank JTrust Indonesia Tbk.,--U-210500000081--------------,700.0,0.0,0.0,0.0,700.0,0.0,0,0,0,52.5,0,0,875,15000,9912003256,9912003256,9912003256,0,0,0,0,0
2020-10-27,BCIC,Bank JTrust Indonesia Tbk.,--U-210500000081--------------,700.0,0.0,0.0,0.0,700.0,0.0,0,0,0,52.5,0,0,875,15000,9912003256,9912003256,9912003256,0,0,0,0,0
2020-10-26,BCIC,Bank JTrust Indonesia Tbk.,--U-210500000081--------------,700.0,0.0,0.0,0.0,700.0,0.0,0,0,0,52.5,0,0,875,15000,9912003256,9912003256,9912003256,0,0,0,0,0
2020-10-23,BCIC,Bank JTrust Indonesia Tbk.,--U-210500000081--------------,700.0,0.0,0.0,0.0,700.0,0.0,0,0,0,52.5,0,0,875,15000,9912003256,9912003256,9912003256,0,0,0,0,0
2020-10-22,BCIC,Bank JTrust Indonesia Tbk.,--U-210500000081--------------,700.0,0.0,0.0,0.0,700.0,0.0,0,0,0,52.5,0,0,875,20000,9912003256,9912003256,9912003256,0,0,0,0,0
2020-10-21,BCIC,Bank JTrust Indonesia Tbk.,--U-210500000081--------------,700.0,0.0,0.0,0.0,700.0,0.0,0,0,0,52.5,0,0,875,15000,9912003256,9912003256,9912003256,0,0,0,0,0
2020-10-20,BCIC,Bank JTrust Indonesia Tbk.,--U-210500000081--------------,700.0,0.0,0.0,0.0,700.0,0.0,0,0,0,52.5,0,0,875,5000,9912003256,9912003256,9912003256,0,0,0,0,0
2020-10-19,BCIC,Bank JTrust Indonesia Tbk.,--U-210500000081--------------,700.0,0.0,0.0,0.0,700.0,0.0,0,0,0,52.5,0,0,875,10000,9912003256,9912003256,9912003256,0,0,0,0,0
2020-10-16,BCIC,Bank JTrust Indonesia Tbk.,--U-210500000081--------------,700.0,0.0,0.0,0.0,700.0,0.0,0,0,0,52.5,0,0,875,7500,9912003256,9912003256,9912003256,0,0,3,2100,1
2020-10-15,BCIC,Bank JTrust Indonesia Tbk.,--U-210500000081--------------,700.0,0.0,0.0,0.0,700.0,0.0,0,0,0,52.5,0,0,875,7000,9912003256,9912003256,9912003256,0,0,0,0,0
2020-10-14,BCIC,Bank JTrust Indonesia Tbk.,--U-210500000081--------------,700.0,0.0,0.0,0.0,700.0,0.0,0,0,0,52.5,0,0,875,16500,9912003256,9912003256,9912003256,0,0,0,0,0
2020-10-13,BCIC,Bank JTrust Indonesia Tbk.,--U-210500000081--------------,700.0,0.0,0.0,0.0,700.0,0.0,0,0,0,52.5,0,0,875,14500,9912003256,9912003256,9912003256,0,0,0,0,0
2020-10-12,BCIC,Bank JTrust Indonesia Tbk.,--U-210500000081--------------,700.0,0.0,0.0,0.0,700.0,0.0,0,0,0,52.5,0,0,875,16000,9912003256,9912003256,9912003256,0,0,0,0,0
2020-10-09,BCIC,Bank JTrust Indonesia Tbk.,--U-210500000081--------------,700.0,0.0,0.0,0.0,700.0,0.0,0,0,0,52.5,0,0,875,15000,9912003256,9912003256,9912003256,0,0,0,0,0
2020-10-08,BCIC,Bank JTrust Indonesia Tbk.,--U-210500000081--------------,700.0,0.0,0.0,0.0,700.0,0.0,0,0,0,52.5,0,0,875,15000,9912003256,9912003256,9912003256,0,0,0,0,0
2020-10-07,BCIC,Bank JTrust Indonesia Tbk.,--U-210500000081--------------,700.0,0.0,0.0,0.0,700.0,0.0,0,0,0,52.5,0,0,875,15200,9912003256,9912003256,9912003256,0,0,0,0,0
2020-10-06,BCIC,Bank JTrust Indonesia Tbk.,--U-210500000081--------------,700.0,0.0,0.0,0.0,700.0,0.0,0,0,0,52.5,0,0,875,15000,9912003256,9912003256,9912003256,0,0,0,0,0
2020-10-05,BCIC,Bank JTrust Indonesia Tbk.,--U-210500000081--------------,700.0,0.0,0.0,0.0,700.0,0.0,0,0,0,52.5,0,0,875,10000,9912003256,9912003256,9912003256,0,0,0,0,0
2020-10-02,BCIC,Bank JTrust Indonesia Tbk.,--U-210500000081--------------,700.0,0.0,0.0,0.0,700.0,0.0,0,0,0,52.5,0,0,875,5000,9912003256,9912003256,9912003256,0,0,0,0,0
2020-10-01,BCIC,Bank JTrust Indonesia Tbk.,--U-210500000081--------------,700.0,0.0,0.0,0.0,700.0,0.0,0,0,0,52.5,0,0,875,15000,9912003256,9912003256,9912003256,0,0,0,0,0
2020-09-30,BCIC,Bank JTrust Indonesia Tbk.,--U-210500000081--------------,700.0,0.0,0.0,0.0,700.0,0.0,0,0,0,52.5,0,0,875,15100,9912003256,9912003256,9912003256,0,0,0,0,0
2020-09-29,BCIC,Bank JTrust Indonesia Tbk.,--U-210500000081--------------,700.0,0.0,0.0,0.0,700.0,0.0,0,0,0,52.5,0,0,875,15000,9912003256,9912003256,9912003256,0,0,0,0,0
2020-09-28,BCIC,Bank JTrust Indonesia Tbk.,--U-210500000081--------------,700.0,0.0,0.0,0.0,700.0,0.0,0,0,0,52.5,0,0,875,15000,9912003256,9912003256,9912003256,0,0,0,0,0
2020-09-25,BCIC,Bank JTrust Indonesia Tbk.,--U-210500000081--------------,700.0,0.0,0.0,0.0,700.0,0.0,0,0,0,52.5,0,0,875,15000,9912003256,9912003256,9912003256,0,0,0,0,0
2020-09-24,BCIC,Bank JTrust Indonesia Tbk.,--U-210500000081--------------,700.0,0.0,0.0,0.0,700.0,0.0,0,0,0,52.5,0,0,875,10000,9912003256,9912003256,9912003256,0,0,0,0,0
2020-09-23,BCIC,Bank JTrust Indonesia Tbk.,--U-210500000081--------------,700.0,0.0,0.0,0.0,700.0,0.0,0,0,0,52.5,0,0,875,10000,9912003256,9912003256,9912003256,0,0,0,0,0
2020-09-22,BCIC,Bank JTrust Indonesia Tbk.,--U-210500000081--------------,700.0,0.0,0.0,0.0,700.0,0.0,0,0,0,52.5,0,0,875,13300,9912003256,9912003256,9912003256,0,0,0,0,0
2020-09-21,BCIC,Bank JTrust Indonesia Tbk.,--U-210500000081--------------,700.0,0.0,0.0,0.0,700.0,0.0,0,0,0,52.5,0,0,875,13300,9912003256,9912003256,9912003256,0,0,0,0,0
2020-09-18,BCIC,Bank JTrust Indonesia Tbk.,--U-210500000081--------------,700.0,0.0,0.0,0.0,700.0,0.0,0,0,0,52.5,0,0,875,15500,9912003256,9912003256,9912003256,0,0,0,0,0
2020-09-17,BCIC,Bank JTrust Indonesia Tbk.,--U-210500000081--------------,700.0,0.0,0.0,0.0,700.0,0.0,0,0,0,52.5,0,0,875,14200,9912003256,9912003256,9912003256,0,0,0,0,0
2020-09-16,BCIC,Bank JTrust Indonesia Tbk.,--U-210500000081--------------,700.0,0.0,0.0,0.0,700.0,0.0,0,0,0,52.5,0,0,875,12200,9912003256,9912003256,9912003256,0,0,0,0,0
2020-09-15,BCIC,Bank JTrust Indonesia Tbk.,--U-210500000081--------------,700.0,0.0,0.0,0.0,700.0,0.0,0,0,0,52.5,0,0,875,15000,9912003256,9912003256,9912003256,0,0,0,0,0
2020-09-14,BCIC,Bank JTrust Indonesia Tbk.,--U-210500000081--------------,700.0,0.0,0.0,0.0,700.0,0.0,0,0,0,52.5,0,0,875,13000,9912003256,9912003256,9912003256,0,0,0,0,0
2020-09-11,BCIC,Bank JTrust Indonesia Tbk.,--U-210500000081--------------,700.0,0.0,0.0,0.0,700.0,0.0,0,0,0,52.5,0,0,875,15000,9912003256,9912003256,9912003256,0,0,0,0,0
2020-09-10,BCIC,Bank JTrust Indonesia Tbk.,--U-210500000081--------------,700.0,0.0,0.0,0.0,700.0,0.0,0,0,0,52.5,0,0,875,5000,9912003256,9912003256,9912003256,0,0,0,0,0
2020-09-09,BCIC,Bank JTrust Indonesia Tbk.,--U-210500000081--------------,700.0,0.0,0.0,0.0,700.0,0.0,0,0,0,52.5,0,0,875,10000,9912003256,9912003256,9912003256,0,0,0,0,0
2020-09-08,BCIC,Bank JTrust Indonesia Tbk.,--U-210500000081--------------,700.0,0.0,0.0,0.0,700.0,0.0,0,0,0,52.5,0,0,875,14000,9912003256,9912003256,9912003256,0,0,0,0,0
2020-09-07,BCIC,Bank JTrust Indonesia Tbk.,--U-210500000081--------------,700.0,0.0,0.0,0.0,700.0,0.0,0,0,0,52.5,0,0,875,7000,9912003256,9912003256,9912003256,0,0,0,0,0
2020-09-04,BCIC,Bank JTrust Indonesia Tbk.,--U-210500000081--------------,700.0,0.0,0.0,0.0,700.0,0.0,0,0,0,52.5,0,0,875,5000,9912003256,9912003256,9912003256,0,0,0,0,0
2020-09-03,BCIC,Bank JTrust Indonesia Tbk.,--U-210500000081--------------,700.0,0.0,0.0,0.0,700.0,0.0,0,0,0,52.5,0,0,875,10000,9912003256,9912003256,9912003256,0,0,0,0,0
2020-09-02,BCIC,Bank JTrust Indonesia Tbk.,--U-210500000081--------------,700.0,0.0,0.0,0.0,700.0,0.0,0,0,0,52.5,0,0,875,6500,9912003256,9912003256,9912003256,0,0,0,0,0
2020-09-01,BCIC,Bank JTrust Indonesia Tbk.,--U-210500000081--------------,700.0,0.0,0.0,0.0,700.0,0.0,0,0,0,52.5,0,0,875,5000,9912003256,9912003256,9912003256,0,0,1,700,1
2020-08-31,BCIC,Bank JTrust Indonesia Tbk.,--U-210500000081--------------,700.0,0.0,0.0,0.0,700.0,0.0,0,0,0,52.5,0,0,875,5200,9912003256,9912003256,9912003256,0,0,0,0,0
2020-08-28,BCIC,Bank JTrust Indonesia Tbk.,--U-210500000081--------------,700.0,0.0,0.0,0.0,700.0,0.0,0,0,0,52.5,0,0,875,5000,9912003256,9912003256,9912003256,0,0,0,0,0
2020-08-27,BCIC,Bank JTrust Indonesia Tbk.,--U-210500000081--------------,700.0,0.0,0.0,0.0,700.0,0.0,0,0,0,52.5,0,0,875,6500,9912003256,9912003256,9912003256,0,0,0,0,0
2020-08-26,BCIC,Bank JTrust Indonesia Tbk.,--U-210500000081--------------,700.0,0.0,0.0,0.0,700.0,0.0,0,0,0,52.5,0,0,875,5000,9912003256,9912003256,9912003256,0,0,0,0,0
2020-08-25,BCIC,Bank JTrust Indonesia Tbk.,--U-210500000081--------------,700.0,0.0,0.0,0.0,700.0,0.0,0,0,0,52.5,0,0,875,5100,9912003256,9912003256,9912003256,0,0,0,0,0
2020-08-24,BCIC,Bank JTrust Indonesia Tbk.,--U-210500000081--------------,700.0,0.0,0.0,0.0,700.0,0.0,0,0,0,52.5,0,0,875,5000,9912003256,9912003256,9912003256,0,0,0,0,0
2020-08-19,BCIC,Bank JTrust Indonesia Tbk.,--U-210500000081--------------,700.0,0.0,0.0,0.0,700.0,0.0,0,0,0,52.5,0,0,875,5100,9912003256,9912003256,9912003256,0,0,0,0,0
2020-08-18,BCIC,Bank JTrust Indonesia Tbk.,--U-210500000081--------------,700.0,0.0,0.0,0.0,700.0,0.0,0,0,0,52.5,0,0,875,5100,9912003256,9912003256,9912003256,0,0,0,0,0
2020-08-14,BCIC,Bank JTrust Indonesia Tbk.,--U-210500000081--------------,700.0,0.0,0.0,0.0,700.0,0.0,0,0,0,52.5,0,0,875,12100,9912003256,9912003256,9912003256,0,0,0,0,0
2020-08-13,BCIC,Bank JTrust Indonesia Tbk.,--U-210500000081--------------,700.0,0.0,0.0,0.0,700.0,0.0,0,0,0,52.5,0,0,875,10100,9912003256,9912003256,9912003256,0,0,0,0,0
2020-08-12,BCIC,Bank JTrust Indonesia Tbk.,--U-210500000081--------------,700.0,0.0,0.0,0.0,700.0,0.0,0,0,0,52.5,0,0,875,7600,9912003256,9912003256,9912003256,0,0,0,0,0
2020-08-11,BCIC,Bank JTrust Indonesia Tbk.,--U-210500000081--------------,700.0,0.0,0.0,0.0,700.0,0.0,0,0,0,52.5,0,0,875,8600,9912003256,9912003256,9912003256,0,0,0,0,0
2020-08-10,BCIC,Bank JTrust Indonesia Tbk.,--U-210500000081--------------,700.0,0.0,0.0,0.0,700.0,0.0,0,0,0,52.5,0,0,875,5100,9912003256,9912003256,9912003256,0,0,0,0,0
2020-08-07,BCIC,Bank JTrust Indonesia Tbk.,--U-210500000081--------------,700.0,0.0,0.0,0.0,700.0,0.0,0,0,0,52.5,0,0,875,5500,9912003256,9912003256,9912003256,0,0,0,0,0
2020-08-06,BCIC,Bank JTrust Indonesia Tbk.,--U-210500000081--------------,700.0,0.0,0.0,0.0,700.0,0.0,0,0,0,52.5,0,0,875,7500,9912003256,9912003256,9912003256,0,0,0,0,0
2020-08-05,BCIC,Bank JTrust Indonesia Tbk.,--U-210500000081--------------,700.0,0.0,0.0,0.0,700.0,0.0,0,0,0,52.5,0,0,875,7100,9912003256,9912003256,9912003256,0,0,0,0,0
2020-08-04,BCIC,Bank JTrust Indonesia Tbk.,--U-210500000081--------------,700.0,0.0,0.0,0.0,700.0,0.0,0,0,0,52.5,0,0,875,5200,9912003256,9912003256,9912003256,0,0,0,0,0
2020-08-03,BCIC,Bank JTrust Indonesia Tbk.,--U-210500000081--------------,700.0,0.0,0.0,0.0,700.0,0.0,0,0,0,52.5,0,0,875,6300,9912003256,9912003256,9912003256,0,0,0,0,0
2020-07-30,BCIC,Bank JTrust Indonesia Tbk.,--U-210500000081--------------,700.0,0.0,0.0,0.0,700.0,0.0,0,0,0,52.5,0,0,875,5200,9912003256,9912003256,9912003256,0,0,0,0,0
2020-07-29,BCIC,Bank JTrust Indonesia Tbk.,--U-210500000081--------------,560.0,0.0,700.0,700.0,700.0,140.0,100,70000,1,52.5,0,0,700,18000,9912003256,9912003256,9912003256,0,0,0,0,0
2020-07-28,BCIC,Bank JTrust Indonesia Tbk.,--U-210500000081--------------,450.0,0.0,560.0,560.0,560.0,110.0,300,168000,2,42.0,0,0,560,12500,9912003256,9912003256,9912003256,0,0,0,0,0
2020-07-27,BCIC,Bank JTrust Indonesia Tbk.,--U-210500000081--------------,450.0,0.0,0.0,0.0,450.0,0.0,0,0,0,33.7,0,0,560,100,9912003256,9912003256,9912003256,0,0,0,0,0
2020-07-24,BCIC,Bank JTrust Indonesia Tbk.,--U-210500000081--------------,450.0,0.0,0.0,0.0,450.0,0.0,0,0,0,33.7,0,0,560,100,9912003256,9912003256,9912003256,0,0,0,0,0
2020-07-23,BCIC,Bank JTrust Indonesia Tbk.,--U-210500000081--------------,450.0,0.0,0.0,0.0,450.0,0.0,0,0,0,33.7,0,0,500,600,9912003256,9912003256,9912003256,0,0,0,0,0
2020-07-22,BCIC,Bank JTrust Indonesia Tbk.,--U-210500000081--------------,450.0,0.0,0.0,0.0,450.0,0.0,0,0,0,33.7,0,0,560,2100,9912003256,9912003256,9912003256,0,0,0,0,0
2020-07-21,BCIC,Bank JTrust Indonesia Tbk.,--U-210500000081--------------,450.0,0.0,0.0,0.0,450.0,0.0,0,0,0,33.7,0,0,560,1200,9912003256,9912003256,9912003256,0,0,1,400,1
2020-07-20,BCIC,Bank JTrust Indonesia Tbk.,--U-210500000081--------------,450.0,0.0,0.0,0.0,450.0,0.0,0,0,0,33.7,0,0,470,100,9912003256,9912003256,9912003256,0,0,0,0,0
2020-07-17,BCIC,Bank JTrust Indonesia Tbk.,--U-210500000081--------------,450.0,0.0,0.0,0.0,450.0,0.0,0,0,0,33.7,0,0,560,100,9912003256,9912003256,9912003256,0,0,0,0,0
2020-07-16,BCIC,Bank JTrust Indonesia Tbk.,--U-210500000081--------------,450.0,0.0,0.0,0.0,450.0,0.0,0,0,0,33.7,0,0,560,100,9912003256,9912003256,9912003256,0,0,0,0,0
2020-07-15,BCIC,Bank JTrust Indonesia Tbk.,--U-210500000081--------------,450.0,0.0,0.0,0.0,450.0,0.0,0,0,0,33.7,0,0,560,100,9912003256,9912003256,9912003256,0,0,0,0,0
2020-07-14,BCIC,Bank JTrust Indonesia Tbk.,--U-210500000081--------------,450.0,0.0,0.0,0.0,450.0,0.0,0,0,0,33.7,0,0,560,200,9912003256,9912003256,9912003256,0,0,0,0,0
2020-07-13,BCIC,Bank JTrust Indonesia Tbk.,--U-210500000081--------------,450.0,0.0,0.0,0.0,450.0,0.0,0,0,0,33.7,0,0,560,100,9912003256,9912003256,9912003256,0,0,0,0,0
2020-07-10,BCIC,Bank JTrust Indonesia Tbk.,--U-210500000081--------------,450.0,0.0,0.0,0.0,450.0,0.0,0,0,0,33.7,0,0,560,600,9912003256,9912003256,9912003256,0,0,0,0,0
2020-07-09,BCIC,Bank JTrust Indonesia Tbk.,--U-210500000081--------------,450.0,0.0,0.0,0.0,450.0,0.0,0,0,0,33.7,0,0,560,600,9912003256,9912003256,9912003256,0,0,0,0,0
2020-07-08,BCIC,Bank JTrust Indonesia Tbk.,--U-210500000081--------------,450.0,0.0,0.0,0.0,450.0,0.0,0,0,0,33.7,0,0,560,600,9912003256,9912003256,9912003256,0,0,0,0,0
2020-07-07,BCIC,Bank JTrust Indonesia Tbk.,--U-210500000081--------------,450.0,0.0,0.0,0.0,450.0,0.0,0,0,0,33.7,0,0,560,100,9912003256,9912003256,9912003256,0,0,0,0,0
2020-07-06,BCIC,Bank JTrust Indonesia Tbk.,--U-210500000081--------------,450.0,0.0,0.0,0.0,450.0,0.0,0,0,0,33.7,0,0,560,100,9912003256,9912003256,9912003256,0,0,0,0,0
2020-07-03,BCIC,Bank JTrust Indonesia Tbk.,--U8---2,450.0,0.0,0.0,0.0,450.0,0.0,0,0,0,33.7,0,0,560,200,9912003256,9912003256,9912003256,0,0,0,0,0
2020-07-02,BCIC,Bank JTrust Indonesia Tbk.,--U8---2,450.0,0.0,0.0,0.0,450.0,0.0,0,0,0,33.7,0,0,560,100,9912003256,9912003256,9912003256,0,0,0,0,0
2020-07-01,BCIC,Bank JTrust Indonesia Tbk.,--U8---2,450.0,0.0,0.0,0.0,450.0,0.0,0,0,0,33.7,0,0,560,300,9912003256,9912003256,9912003256,0,0,0,0,0
2020-06-30,BCIC,Bank JTrust Indonesia Tbk.,--U8---2,450.0,0.0,0.0,0.0,450.0,0.0,0,0,0,33.7,0,0,560,100,9912003256,9912003256,9912003256,0,0,0,0,0
2020-06-29,BCIC,Bank JTrust Indonesia Tbk.,--U8---2,450.0,0.0,0.0,0.0,450.0,0.0,0,0,0,33.7,0,0,560,200,9912003256,9912003256,9912003256,0,0,0,0,0
2020-06-26,BCIC,Bank JTrust Indonesia Tbk.,--U8---2,450.0,0.0,0.0,0.0,450.0,0.0,0,0,0,33.7,0,0,560,200,9912003256,9912003256,9912003256,0,0,0,0,0
2020-06-25,BCIC,Bank JTrust Indonesia Tbk.,--U8---2,450.0,0.0,0.0,0.0,450.0,0.0,0,0,0,33.7,0,0,560,200,9912003256,9912003256,9912003256,0,0,0,0,0
2020-06-24,BCIC,Bank JTrust Indonesia Tbk.,--U8---2,450.0,0.0,0.0,0.0,450.0,0.0,0,0,0,33.7,0,0,560,100,9912003256,9912003256,9912003256,0,0,0,0,0
2020-06-23,BCIC,Bank JTrust Indonesia Tbk.,--U8---2,450.0,0.0,0.0,0.0,450.0,0.0,0,0,0,33.7,0,0,560,100,9912003256,9912003256,9912003256,0,0,0,0,0
2020-06-22,BCIC,Bank JTrust Indonesia Tbk.,--U8---2,450.0,0.0,0.0,0.0,450.0,0.0,0,0,0,33.7,0,0,560,100,9912003256,9912003256,9912003256,0,0,0,0,0
2020-06-19,BCIC,Bank JTrust Indonesia Tbk.,--U8---2,450.0,0.0,0.0,0.0,450.0,0.0,0,0,0,33.7,0,0,560,300,9912003256,9912003256,9912003256,0,0,0,0,0
2020-06-18,BCIC,Bank JTrust Indonesia Tbk.,--U8---2,450.0,0.0,0.0,0.0,450.0,0.0,0,0,0,33.7,0,0,560,200,9912003256,9912003256,9912003256,0,0,0,0,0
2020-06-17,BCIC,Bank JTrust Indonesia Tbk.,--U8---2,450.0,0.0,0.0,0.0,450.0,0.0,0,0,0,33.7,0,0,490,100,9912003256,9912003256,9912003256,0,0,0,0,0
2020-06-16,BCIC,Bank JTrust Indonesia Tbk.,--U8---2,450.0,0.0,0.0,0.0,450.0,0.0,0,0,0,33.7,0,0,560,200,9912003256,9912003256,9912003256,0,0,0,0,0
2020-06-15,BCIC,Bank JTrust Indonesia Tbk.,--U8---2,450.0,0.0,0.0,0.0,450.0,0.0,0,0,0,33.7,0,0,560,100,9912003256,9912003256,9912003256,0,0,0,0,0
2020-06-12,BCIC,Bank JTrust Indonesia Tbk.,--U8---2,450.0,0.0,0.0,0.0,450.0,0.0,0,0,0,33.7,0,0,560,200,9912003256,9912003256,9912003256,0,0,0,0,0
2020-06-11,BCIC,Bank JTrust Indonesia Tbk.,--U8---2,450.0,0.0,0.0,0.0,450.0,0.0,0,0,0,33.7,0,0,560,100,9912003256,9912003256,9912003256,0,0,0,0,0
2020-06-10,BCIC,Bank JTrust Indonesia Tbk.,--U8---2,450.0,0.0,0.0,0.0,450.0,0.0,0,0,0,33.7,0,0,560,100,9912003256,9912003256,9912003256,0,0,0,0,0
2020-06-09,BCIC,Bank JTrust Indonesia Tbk.,--U8---2,450.0,0.0,0.0,0.0,450.0,0.0,0,0,0,33.7,0,0,470,100,9912003256,9912003256,9912003256,0,0,0,0,0
2020-06-08,BCIC,Bank JTrust Indonesia Tbk.,--U8---2,450.0,0.0,0.0,0.0,450.0,0.0,0,0,0,33.7,0,0,560,100,9912003256,9912003256,9912003256,0,0,0,0,0
2020-06-05,BCIC,Bank JTrust Indonesia Tbk.,--U8---2,450.0,0.0,0.0,0.0,450.0,0.0,0,0,0,33.7,0,0,560,100,9912003256,9912003256,9912003256,0,0,0,0,0
2020-06-04,BCIC,Bank JTrust Indonesia Tbk.,--U8---2,450.0,0.0,0.0,0.0,450.0,0.0,0,0,0,33.7,0,0,560,300,9912003256,9912003256,9912003256,0,0,0,0,0
2020-06-03,BCIC,Bank JTrust Indonesia Tbk.,--U8---2,450.0,0.0,0.0,0.0,450.0,0.0,0,0,0,33.7,0,0,560,100,9912003256,9912003256,9912003256,0,0,0,0,0
2020-06-02,BCIC,Bank JTrust Indonesia Tbk.,--U8---2,450.0,0.0,0.0,0.0,450.0,0.0,0,0,0,33.7,0,0,560,900,9912003256,9912003256,9912003256,0,0,0,0,0
2020-05-29,BCIC,Bank JTrust Indonesia Tbk.,--U8---2,450.0,0.0,0.0,0.0,450.0,0.0,0,0,0,33.7,0,0,560,400,9912003256,9912003256,9912003256,0,0,0,0,0
2020-05-28,BCIC,Bank JTrust Indonesia Tbk.,--U8---2,450.0,0.0,0.0,0.0,450.0,0.0,0,0,0,33.7,0,0,560,500,9912003256,9912003256,9912003256,0,0,0,0,0
2020-05-27,BCIC,Bank JTrust Indonesia Tbk.,--U8---2,450.0,0.0,0.0,0.0,450.0,0.0,0,0,0,33.7,0,0,560,300,9912003256,9912003256,9912003256,0,0,0,0,0
2020-05-26,BCIC,Bank JTrust Indonesia Tbk.,--U8---2,450.0,0.0,0.0,0.0,450.0,0.0,0,0,0,33.7,0,0,560,600,9912003256,9912003256,9912003256,0,0,0,0,0
2020-05-20,BCIC,Bank JTrust Indonesia Tbk.,--U8---2,450.0,0.0,0.0,0.0,450.0,0.0,0,0,0,33.7,0,0,560,200,9912003256,9912003256,9912003256,0,0,0,0,0
2020-05-19,BCIC,Bank JTrust Indonesia Tbk.,--U8---2,450.0,0.0,0.0,0.0,450.0,0.0,0,0,0,33.7,0,0,560,600,9912003256,9912003256,9912003256,0,0,0,0,0
2020-05-18,BCIC,Bank JTrust Indonesia Tbk.,--U8---2,450.0,0.0,0.0,0.0,450.0,0.0,0,0,0,33.7,0,0,560,600,9912003256,9912003256,9912003256,0,0,0,0,0
2020-05-15,BCIC,Bank JTrust Indonesia Tbk.,--U8---2,450.0,0.0,0.0,0.0,450.0,0.0,0,0,0,33.7,0,0,560,200,9912003256,9912003256,9912003256,0,0,0,0,0
2020-05-14,BCIC,Bank JTrust Indonesia Tbk.,--U8---2,450.0,0.0,0.0,0.0,450.0,0.0,0,0,0,33.7,0,0,470,100,9912003256,9912003256,9912003256,0,0,0,0,0
2020-05-13,BCIC,Bank JTrust Indonesia Tbk.,--U8---2,450.0,0.0,0.0,0.0,450.0,0.0,0,0,0,33.7,0,0,560,100,9912003256,9912003256,9912003256,0,0,0,0,0
2020-05-12,BCIC,Bank JTrust Indonesia Tbk.,--U8---2,450.0,0.0,0.0,0.0,450.0,0.0,0,0,0,33.7,0,0,470,100,9912003256,9912003256,9912003256,0,0,0,0,0
2020-05-11,BCIC,Bank JTrust Indonesia Tbk.,--U8---2,450.0,0.0,0.0,0.0,450.0,0.0,0,0,0,33.7,0,0,470,100,9912003256,9912003256,9912003256,0,0,0,0,0
2020-05-08,BCIC,Bank JTrust Indonesia Tbk.,--U8---2,450.0,0.0,0.0,0.0,450.0,0.0,0,0,0,33.7,0,0,560,200,9912003256,9912003256,9912003256,0,0,0,0,0
2020-05-06,BCIC,Bank JTrust Indonesia Tbk.,--U8---2,450.0,0.0,0.0,0.0,450.0,0.0,0,0,0,33.7,0,0,560,200,9912003256,9912003256,9912003256,0,0,0,0,0
2020-05-05,BCIC,Bank JTrust Indonesia Tbk.,--U8---2,450.0,0.0,0.0,0.0,450.0,0.0,0,0,0,33.7,0,0,560,200,9912003256,9912003256,9912003256,0,0,0,0,0
2020-05-04,BCIC,Bank JTrust Indonesia Tbk.,--U8---2,450.0,0.0,0.0,0.0,450.0,0.0,0,0,0,33.7,0,0,490,1000,9912003256,9912003256,9912003256,0,0,0,0,0
2020-04-30,BCIC,Bank JTrust Indonesia Tbk.,--U8---2,450.0,0.0,0.0,0.0,450.0,0.0,0,0,0,33.7,0,0,560,500,9912003256,9912003256,9912003256,0,0,0,0,0
2020-04-29,BCIC,Bank JTrust Indonesia Tbk.,--U8---2,450.0,0.0,0.0,0.0,450.0,0.0,0,0,0,33.7,0,0,560,1100,9912003256,9912003256,9912003256,0,0,0,0,0
2020-04-28,BCIC,Bank JTrust Indonesia Tbk.,--U8---2,450.0,0.0,0.0,0.0,450.0,0.0,0,0,0,33.7,0,0,560,500,9912003256,9912003256,9912003256,0,0,0,0,0
2020-04-27,BCIC,Bank JTrust Indonesia Tbk.,--U8---2,450.0,0.0,0.0,0.0,450.0,0.0,0,0,0,33.7,0,0,560,100,9912003256,9912003256,9912003256,0,0,0,0,0
2020-04-24,BCIC,Bank JTrust Indonesia Tbk.,--U8---2,450.0,0.0,0.0,0.0,450.0,0.0,0,0,0,33.7,0,0,560,1200,9912003256,9912003256,9912003256,0,0,0,0,0
2020-04-23,BCIC,Bank JTrust Indonesia Tbk.,--U8---2,450.0,0.0,0.0,0.0,450.0,0.0,0,0,0,33.7,0,0,560,500,9912003256,9912003256,9912003256,0,0,0,0,0
2020-04-22,BCIC,Bank JTrust Indonesia Tbk.,--U8---2,450.0,0.0,0.0,0.0,450.0,0.0,0,0,0,33.7,0,0,560,300,9912003256,9912003256,9912003256,0,0,0,0,0
2020-04-21,BCIC,Bank JTrust Indonesia Tbk.,--U8---2,450.0,0.0,0.0,0.0,450.0,0.0,0,0,0,33.7,0,0,560,200,9912003256,9912003256,9912003256,0,0,0,0,0
2020-04-20,BCIC,Bank JTrust Indonesia Tbk.,--U8---2,450.0,0.0,0.0,0.0,450.0,0.0,0,0,0,33.7,0,0,560,300,9912003256,9912003256,9912003256,0,0,0,0,0
2020-04-17,BCIC,Bank JTrust Indonesia Tbk.,--U8---2,450.0,0.0,0.0,0.0,450.0,0.0,0,0,0,33.7,0,0,560,100,9912003256,9912003256,9912003256,0,0,0,0,0
2020-04-16,BCIC,Bank JTrust Indonesia Tbk.,--U8---2,450.0,0.0,0.0,0.0,450.0,0.0,0,0,0,33.7,0,0,560,500,9912003256,9912003256,9912003256,0,0,0,0,0
2020-04-15,BCIC,Bank JTrust Indonesia Tbk.,--U8---2,450.0,0.0,0.0,0.0,450.0,0.0,0,0,0,33.7,0,0,560,500,9912003256,9912003256,9912003256,0,0,0,0,0
2020-04-14,BCIC,Bank JTrust Indonesia Tbk.,--U8---2,450.0,0.0,0.0,0.0,450.0,0.0,0,0,0,33.7,0,0,560,500,9912003256,9912003256,9912003256,0,0,0,0,0
2020-04-13,BCIC,Bank JTrust Indonesia Tbk.,--U8---2,450.0,0.0,0.0,0.0,450.0,0.0,0,0,0,33.7,0,0,560,600,9912003256,9912003256,9912003256,0,0,0,0,0
2020-04-09,BCIC,Bank JTrust Indonesia Tbk.,--U8---2,450.0,0.0,0.0,0.0,450.0,0.0,0,0,0,33.7,0,0,560,200,9912003256,9912003256,9912003256,0,0,0,0,0
2020-04-08,BCIC,Bank JTrust Indonesia Tbk.,--U8---2,450.0,0.0,0.0,0.0,450.0,0.0,0,0,0,33.7,0,0,560,600,9912003256,9912003256,9912003256,0,0,0,0,0
2020-04-07,BCIC,Bank JTrust Indonesia Tbk.,--U8---2,450.0,0.0,0.0,0.0,450.0,0.0,0,0,0,33.7,0,0,490,300,9912003256,9912003256,9912003256,0,0,0,0,0
2020-04-06,BCIC,Bank JTrust Indonesia Tbk.,--U8---2,450.0,0.0,0.0,0.0,450.0,0.0,0,0,0,33.7,0,0,560,500,9912003256,9912003256,9912003256,0,0,0,0,0
2020-04-03,BCIC,Bank JTrust Indonesia Tbk.,--U8---2,450.0,0.0,0.0,0.0,450.0,0.0,0,0,0,33.7,0,0,490,200,9912003256,9912003256,9912003256,0,0,0,0,0
2020-04-02,BCIC,Bank JTrust Indonesia Tbk.,--U8---2,450.0,0.0,0.0,0.0,450.0,0.0,0,0,0,33.7,0,0,500,200,9912003256,9912003256,9912003256,0,0,0,0,0
2020-04-01,BCIC,Bank JTrust Indonesia Tbk.,--U8---2,450.0,0.0,0.0,0.0,450.0,0.0,0,0,0,33.7,0,0,560,200,9912003256,9912003256,9912003256,0,0,0,0,0
2020-03-31,BCIC,Bank JTrust Indonesia Tbk.,--U8---2,450.0,0.0,0.0,0.0,450.0,0.0,0,0,0,33.7,0,0,560,500,9912003256,9912003256,9912003256,0,0,0,0,0
2020-03-30,BCIC,Bank JTrust Indonesia Tbk.,--U8---2,450.0,0.0,0.0,0.0,450.0,0.0,0,0,0,33.7,0,0,560,500,9912003256,9912003256,9912003256,0,0,0,0,0
2020-03-27,BCIC,Bank JTrust Indonesia Tbk.,--U8---2,450.0,0.0,0.0,0.0,450.0,0.0,0,0,0,33.7,0,0,560,400,9912003256,9912003256,9912003256,0,0,0,0,0
2020-03-26,BCIC,Bank JTrust Indonesia Tbk.,--U8---2,450.0,0.0,0.0,0.0,450.0,0.0,0,0,0,33.7,0,0,560,500,9912003256,9912003256,9912003256,0,0,0,0,0
2020-03-24,BCIC,Bank JTrust Indonesia Tbk.,--U8---2,450.0,0.0,0.0,0.0,450.0,0.0,0,0,0,33.7,0,0,560,200,9912003256,9912003256,9912003256,0,0,0,0,0
2020-03-23,BCIC,Bank JTrust Indonesia Tbk.,--U8---2,450.0,0.0,0.0,0.0,450.0,0.0,0,0,0,33.7,0,0,560,100,9912003256,9912003256,9912003256,0,0,0,0,0
2020-03-20,BCIC,Bank JTrust Indonesia Tbk.,--U8---2,450.0,0.0,0.0,0.0,450.0,0.0,0,0,0,33.7,0,0,560,300,9912003256,9912003256,9912003256,0,0,0,0,0
2020-03-19,BCIC,Bank JTrust Indonesia Tbk.,--U8---2,450.0,0.0,0.0,0.0,450.0,0.0,0,0,0,33.7,0,0,560,500,9912003256,9912003256,9912003256,0,0,0,0,0
2020-03-18,BCIC,Bank JTrust Indonesia Tbk.,--U8---2,450.0,0.0,0.0,0.0,450.0,0.0,0,0,0,33.7,0,0,560,300,9912003256,9912003256,9912003256,0,0,0,0,0
2020-03-17,BCIC,Bank JTrust Indonesia Tbk.,--U8---2,450.0,0.0,0.0,0.0,450.0,0.0,0,0,0,33.7,0,0,560,100,9912003256,9912003256,9912003256,0,0,0,0,0
2020-03-16,BCIC,Bank JTrust Indonesia Tbk.,--U8---2,450.0,0.0,0.0,0.0,450.0,0.0,0,0,0,33.7,0,0,560,200,9912003256,9912003256,9912003256,0,0,0,0,0
2020-03-13,BCIC,Bank JTrust Indonesia Tbk.,--U8---2,450.0,0.0,0.0,0.0,450.0,0.0,0,0,0,33.7,0,0,560,300,9912003256,9912003256,9912003256,0,0,0,0,0
2020-03-12,BCIC,Bank JTrust Indonesia Tbk.,--U8---2,450.0,0.0,0.0,0.0,450.0,0.0,0,0,0,33.7,0,0,560,400,9912003256,9912003256,9912003256,0,0,0,0,0
2020-03-11,BCIC,Bank JTrust Indonesia Tbk.,--U8---2,450.0,0.0,0.0,0.0,450.0,0.0,0,0,0,33.7,0,0,560,1100,9912003256,9912003256,9912003256,0,0,0,0,0
2020-03-10,BCIC,Bank JTrust Indonesia Tbk.,--U8---2,450.0,0.0,0.0,0.0,450.0,0.0,0,0,0,33.7,0,0,500,100,9912003256,9912003256,9912003256,0,0,0,0,0
2020-03-09,BCIC,Bank JTrust Indonesia Tbk.,--U8---2,450.0,0.0,0.0,0.0,450.0,0.0,0,0,0,33.7,0,0,560,500,9912003256,9912003256,9912003256,0,0,0,0,0
2020-03-06,BCIC,Bank JTrust Indonesia Tbk.,--U8---2,450.0,0.0,0.0,0.0,450.0,0.0,0,0,0,33.7,0,0,470,100,9912003256,9912003256,9912003256,0,0,0,0,0
2020-03-05,BCIC,Bank JTrust Indonesia Tbk.,--U8---2,450.0,0.0,0.0,0.0,450.0,0.0,0,0,0,33.7,0,0,560,500,9912003256,9912003256,9912003256,0,0,0,0,0
2020-03-04,BCIC,Bank JTrust Indonesia Tbk.,--U8---2,450.0,0.0,0.0,0.0,450.0,0.0,0,0,0,33.7,0,0,560,200,9912003256,9912003256,9912003256,0,0,0,0,0
2020-03-03,BCIC,Bank JTrust Indonesia Tbk.,--U8---2,450.0,0.0,0.0,0.0,450.0,0.0,0,0,0,33.7,0,0,560,700,9912003256,9912003256,9912003256,0,0,0,0,0
2020-03-02,BCIC,Bank JTrust Indonesia Tbk.,--U8---2,450.0,0.0,0.0,0.0,450.0,0.0,0,0,0,33.7,0,0,560,500,9912003256,9912003256,9912003256,0,0,0,0,0
2020-02-28,BCIC,Bank JTrust Indonesia Tbk.,--U8---2,450.0,0.0,0.0,0.0,450.0,0.0,0,0,0,33.7,0,0,560,400,9912003256,9912003256,9912003256,0,0,0,0,0
2020-02-27,BCIC,Bank JTrust Indonesia Tbk.,--U8---2,450.0,0.0,0.0,0.0,450.0,0.0,0,0,0,33.7,0,0,560,200,9912003256,9912003256,9912003256,0,0,0,0,0
2020-02-26,BCIC,Bank JTrust Indonesia Tbk.,--U8---2,450.0,0.0,0.0,0.0,450.0,0.0,0,0,0,33.7,0,0,560,200,9912003256,9912003256,9912003256,0,0,0,0,0
2020-02-25,BCIC,Bank JTrust Indonesia Tbk.,--U8---2,450.0,0.0,0.0,0.0,450.0,0.0,0,0,0,33.7,0,0,560,200,9912003256,9912003256,9912003256,0,0,0,0,0
2020-02-24,BCIC,Bank JTrust Indonesia Tbk.,--U8---2,450.0,0.0,0.0,0.0,450.0,0.0,0,0,0,33.7,0,0,560,500,9912003256,9912003256,9912003256,0,0,0,0,0
2020-02-21,BCIC,Bank JTrust Indonesia Tbk.,--U8---2,450.0,0.0,0.0,0.0,450.0,0.0,0,0,0,33.7,0,0,560,500,9912003256,9912003256,9912003256,0,0,0,0,0
2020-02-20,BCIC,Bank JTrust Indonesia Tbk.,--U8---2,450.0,0.0,0.0,0.0,450.0,0.0,0,0,0,33.7,0,0,560,700,9912003256,9912003256,9912003256,0,0,0,0,0
2020-02-19,BCIC,Bank JTrust Indonesia Tbk.,--U8---2,450.0,0.0,0.0,0.0,450.0,0.0,0,0,0,33.7,0,0,560,200,9912003256,9912003256,9912003256,0,0,0,0,0
2020-02-18,BCIC,Bank JTrust Indonesia Tbk.,--U8---2,450.0,0.0,0.0,0.0,450.0,0.0,0,0,0,33.7,0,0,560,500,9912003256,9912003256,9912003256,0,0,0,0,0
2020-02-17,BCIC,Bank JTrust Indonesia Tbk.,--U8---2,450.0,0.0,0.0,0.0,450.0,0.0,0,0,0,33.7,0,0,560,500,9912003256,9912003256,9912003256,0,0,0,0,0
2020-02-14,BCIC,Bank JTrust Indonesia Tbk.,--U8---2,450.0,0.0,0.0,0.0,450.0,0.0,0,0,0,33.7,0,0,560,700,9912003256,9912003256,9912003256,0,0,0,0,0
2020-02-13,BCIC,Bank JTrust Indonesia Tbk.,--U8---2,450.0,0.0,0.0,0.0,450.0,0.0,0,0,0,33.7,0,0,560,1000,9912003256,9912003256,9912003256,0,0,0,0,0
2020-02-12,BCIC,Bank JTrust Indonesia Tbk.,--U8---2,450.0,0.0,0.0,0.0,450.0,0.0,0,0,0,33.7,0,0,560,700,9912003256,9912003256,9912003256,0,0,0,0,0
2020-02-11,BCIC,Bank JTrust Indonesia Tbk.,--U8---2,450.0,0.0,0.0,0.0,450.0,0.0,0,0,0,33.7,0,0,560,700,9912003256,9912003256,9912003256,0,0,0,0,0
2020-02-10,BCIC,Bank JTrust Indonesia Tbk.,--U8---2,450.0,0.0,0.0,0.0,450.0,0.0,0,0,0,33.7,0,0,560,700,9912003256,9912003256,9912003256,0,0,0,0,0
2020-02-07,BCIC,Bank JTrust Indonesia Tbk.,--U8---2,450.0,0.0,0.0,0.0,450.0,0.0,0,0,0,33.7,0,0,560,600,9912003256,9912003256,9912003256,0,0,0,0,0
2020-02-06,BCIC,Bank JTrust Indonesia Tbk.,--U8---2,450.0,0.0,0.0,0.0,450.0,0.0,0,0,0,33.7,0,0,560,500,9912003256,9912003256,9912003256,0,0,0,0,0
2020-02-05,BCIC,Bank JTrust Indonesia Tbk.,--U8---2,450.0,0.0,0.0,0.0,450.0,0.0,0,0,0,33.7,0,0,560,500,9912003256,9912003256,9912003256,0,0,0,0,0
2020-02-04,BCIC,Bank JTrust Indonesia Tbk.,--U8---2,450.0,0.0,0.0,0.0,450.0,0.0,0,0,0,33.7,0,0,560,500,9912003256,9912003256,9912003256,0,0,0,0,0
2020-02-03,BCIC,Bank JTrust Indonesia Tbk.,--U8---2,450.0,0.0,0.0,0.0,450.0,0.0,0,0,0,33.7,0,0,560,500,9912003256,9912003256,9912003256,0,0,0,0,0
2020-01-31,BCIC,Bank JTrust Indonesia Tbk.,--U8---2,450.0,0.0,0.0,0.0,450.0,0.0,0,0,0,33.7,0,0,560,600,9912003256,9912003256,9912003256,0,0,0,0,0
2020-01-30,BCIC,Bank JTrust Indonesia Tbk.,--U8---2,450.0,0.0,0.0,0.0,450.0,0.0,0,0,0,33.7,0,0,560,500,9912003256,9912003256,9912003256,0,0,0,0,0
2020-01-29,BCIC,Bank JTrust Indonesia Tbk.,--U8---2,450.0,0.0,0.0,0.0,450.0,0.0,0,0,0,33.7,0,0,560,500,9912003256,9912003256,9912003256,0,0,0,0,0
2020-01-28,BCIC,Bank JTrust Indonesia Tbk.,--U8---2,450.0,0.0,0.0,0.0,450.0,0.0,0,0,0,33.7,0,0,560,200,9912003256,9912003256,9912003256,0,0,0,0,0
2020-01-27,BCIC,Bank JTrust Indonesia Tbk.,--U8---2,450.0,0.0,0.0,0.0,450.0,0.0,0,0,0,33.7,0,0,560,500,9912003256,9912003256,9912003256,0,0,0,0,0
2020-01-24,BCIC,Bank JTrust Indonesia Tbk.,--U8---2,450.0,0.0,0.0,0.0,450.0,0.0,0,0,0,33.7,0,0,560,400,9912003256,9912003256,9912003256,0,0,0,0,0
2020-01-23,BCIC,Bank JTrust Indonesia Tbk.,--U8---2,450.0,0.0,0.0,0.0,450.0,0.0,0,0,0,33.7,0,0,560,600,9912003256,9912003256,9912003256,0,0,0,0,0
2020-01-22,BCIC,Bank JTrust Indonesia Tbk.,--U8---2,450.0,0.0,0.0,0.0,450.0,0.0,0,0,0,33.7,0,0,560,900,9912003256,9912003256,9912003256,0,0,0,0,0
2020-01-21,BCIC,Bank JTrust Indonesia Tbk.,--U8---2,450.0,0.0,0.0,0.0,450.0,0.0,0,0,0,33.7,0,0,560,4100,9912003256,9912003256,9912003256,0,0,0,0,0
2020-01-20,BCIC,Bank JTrust Indonesia Tbk.,--U8---2,450.0,0.0,0.0,0.0,450.0,0.0,0,0,0,33.7,0,0,490,200,9912003256,9912003256,9912003256,0,0,0,0,0
2020-01-17,BCIC,Bank JTrust Indonesia Tbk.,--U8---2,450.0,0.0,0.0,0.0,450.0,0.0,0,0,0,33.7,0,0,560,1200,9912003256,9912003256,9912003256,0,0,0,0,0
2020-01-16,BCIC,Bank JTrust Indonesia Tbk.,--U8---2,450.0,0.0,0.0,0.0,450.0,0.0,0,0,0,33.7,0,0,560,1100,9912003256,9912003256,9912003256,0,0,0,0,0
2020-01-15,BCIC,Bank JTrust Indonesia Tbk.,--U8---2,450.0,0.0,0.0,0.0,450.0,0.0,0,0,0,33.7,0,0,560,500,9912003256,9912003256,9912003256,0,0,0,0,0
2020-01-14,BCIC,Bank JTrust Indonesia Tbk.,--U8---2,450.0,0.0,0.0,0.0,450.0,0.0,0,0,0,33.7,0,0,560,400,9912003256,9912003256,9912003256,0,0,0,0,0
2020-01-13,BCIC,Bank JTrust Indonesia Tbk.,--U8---2,450.0,0.0,0.0,0.0,450.0,0.0,0,0,0,33.7,0,0,560,500,9912003256,9912003256,9912003256,0,0,0,0,0
2020-01-10,BCIC,Bank JTrust Indonesia Tbk.,--U8---2,450.0,0.0,0.0,0.0,450.0,0.0,0,0,0,33.7,0,0,560,300,9912003256,9912003256,9912003256,0,0,0,0,0
2020-01-09,BCIC,Bank JTrust Indonesia Tbk.,--U8---2,450.0,0.0,0.0,0.0,450.0,0.0,0,0,0,33.7,0,0,560,3100,9912003256,9912003256,9912003256,0,0,683,34150,1
2020-01-08,BCIC,Bank JTrust Indonesia Tbk.,--U8--O2,450.0,0.0,0.0,0.0,450.0,0.0,0,0,0,33.7,0,0,560,3400,9912003256,9912003256,9912003256,0,0,0,0,0
2020-01-07,BCIC,Bank JTrust Indonesia Tbk.,--U8---2,450.0,0.0,0.0,0.0,450.0,0.0,0,0,0,33.7,0,0,0,0,9912003256,9912003256,9912003256,0,0,0,0,0
2020-01-06,BCIC,Bank JTrust Indonesia Tbk.,--U8---2,450.0,0.0,0.0,0.0,450.0,0.0,0,0,0,33.7,0,0,0,0,9912003256,9912003256,9912003256,0,0,0,0,0
2020-01-03,BCIC,Bank JTrust Indonesia Tbk.,--U8---2,450.0,0.0,0.0,0.0,450.0,0.0,0,0,0,33.7,0,0,0,0,9912003256,9912003256,9912003256,0,0,0,0,0
2020-01-02,BCIC,Bank JTrust Indonesia Tbk.,--U8---2,450.0,0.0,0.0,0.0,450.0,0.0,0,0,0,33.7,0,0,0,0,9912003256,9912003256,9912003256,0,0,0,0,0
