Date,Ticker,Name,Remarks,Previous,Open,High,Low,Close,Change,Volume,Value,Frequency,IndexIndividual,Offer,OfferVolume,Bid,BidVolume,ListedShares,TradebleShares,WeightForIndex,ForeignSell,ForeignBuy,NonRegularVolume,NonRegularValue,NonRegularFrequency
2026-05-29,BJTM,Bank Pembangunan Daerah Jawa Timur Tbk.,XDMO1105306000G111------------,520.0,525.0,530.0,520.0,520.0,0.0,11557000,6047723500,1797,120.9,525,509600,520,405400,14865343101,14865343101,3077126022,3340800,6795400,0,0,0
2026-05-26,BJTM,Bank Pembangunan Daerah Jawa Timur Tbk.,XDMO1105306000G111------------,525.0,525.0,530.0,520.0,520.0,-5.0,7565300,3970080500,1641,120.9,525,110400,520,1414400,14865343101,14865343101,3077126022,1656600,65400,0,0,0
2026-05-22,BJTM,Bank Pembangunan Daerah Jawa Timur Tbk.,XDMO1105306000G111------------,515.0,515.0,520.0,510.0,515.0,0.0,8905600,4566958500,1724,119.8,520,2570200,515,731800,14865343101,14865343101,3077126022,1963400,3325600,0,0,0
2026-05-21,BJTM,Bank Pembangunan Daerah Jawa Timur Tbk.,XDMO1105306000G111------------,510.0,515.0,520.0,510.0,515.0,5.0,15868100,8185091500,2755,119.8,515,1506900,510,5661300,14865343101,14865343101,3077126022,3674200,5922500,0,0,0
2026-05-20,BJTM,Bank Pembangunan Daerah Jawa Timur Tbk.,--MO1105306000G111------------,515.0,515.0,520.0,510.0,510.0,-5.0,11051500,5677720500,2938,118.6,515,709500,510,3166200,14865343101,14865343101,3077126022,3394300,523900,0,0,0
2026-05-19,BJTM,Bank Pembangunan Daerah Jawa Timur Tbk.,--MO1105306000G111------------,580.0,525.0,525.0,510.0,515.0,-65.0,37741100,19573129500,7094,119.8,520,1336100,515,2736800,14865343101,14865343101,3077126022,4147800,7244700,0,0,0
2026-05-18,BJTM,Bank Pembangunan Daerah Jawa Timur Tbk.,CDMO1105306000G111------------,585.0,590.0,590.0,575.0,580.0,-5.0,56594600,32834408500,5969,134.9,580,795800,575,4677900,14865343101,14865343101,3077126022,10991200,513800,0,0,0
2026-05-13,BJTM,Bank Pembangunan Daerah Jawa Timur Tbk.,CDMO1105306000G111------------,590.0,590.0,590.0,580.0,585.0,-5.0,28325200,16598216500,2900,136.0,590,3515300,585,250200,14865343101,14865343101,3077126022,7924600,856100,0,0,0
2026-05-12,BJTM,Bank Pembangunan Daerah Jawa Timur Tbk.,CDMO1105306000G111------------,595.0,595.0,600.0,580.0,590.0,-5.0,30086800,17653845000,3754,137.2,590,1031800,585,249000,14865343101,14865343101,3077126022,5903700,1685800,0,0,0
2026-05-11,BJTM,Bank Pembangunan Daerah Jawa Timur Tbk.,--MO1105306000G111------------,605.0,605.0,605.0,590.0,595.0,-10.0,20030100,11959838000,3123,138.4,600,3778400,595,145000,14865343101,14865343101,3077126022,2819100,800500,0,0,0
2026-05-08,BJTM,Bank Pembangunan Daerah Jawa Timur Tbk.,--MO1105306000G111------------,595.0,600.0,605.0,595.0,605.0,10.0,21704200,13008483000,2410,140.7,605,4357600,600,830400,14865343101,14865343101,3077126022,552800,4603300,0,0,0
2026-05-07,BJTM,Bank Pembangunan Daerah Jawa Timur Tbk.,--MO1105306000G111------------,590.0,590.0,600.0,585.0,595.0,5.0,25587000,15128825500,1982,138.4,600,4943300,595,1369900,14865343101,14865343101,3077126022,1349500,12927800,0,0,0
2026-05-06,BJTM,Bank Pembangunan Daerah Jawa Timur Tbk.,--MO1105306000G111------------,590.0,590.0,595.0,580.0,590.0,0.0,20300900,11928906500,2056,137.2,590,1111500,585,403400,14865343101,14865343101,3077126022,5518300,380000,0,0,0
2026-05-05,BJTM,Bank Pembangunan Daerah Jawa Timur Tbk.,--MO1105306000G111------------,585.0,585.0,590.0,580.0,590.0,5.0,6663000,3913763000,803,137.2,590,4772900,585,1108100,14865343101,14865343101,3077126022,503100,504600,0,0,0
2026-05-04,BJTM,Bank Pembangunan Daerah Jawa Timur Tbk.,--MO1105306000G111------------,580.0,580.0,590.0,580.0,585.0,5.0,14514900,8463827500,1319,136.0,590,2959200,585,40700,14865343101,14865343101,3077126022,530800,2550600,0,0,0
2026-04-30,BJTM,Bank Pembangunan Daerah Jawa Timur Tbk.,--MO1105306000G111------------,580.0,585.0,585.0,575.0,580.0,0.0,8692100,5030857000,1179,134.9,585,2723300,580,700,14865343101,14865343101,3077126022,2240100,17300,0,0,0
2026-04-29,BJTM,Bank Pembangunan Daerah Jawa Timur Tbk.,--MO1105306000G111------------,575.0,575.0,585.0,575.0,580.0,5.0,5924200,3451266500,843,134.9,585,1222000,580,1965900,14865343101,14865343101,3077126022,1299900,887500,0,0,0
2026-04-28,BJTM,Bank Pembangunan Daerah Jawa Timur Tbk.,--MO1105306000G111------------,575.0,575.0,580.0,575.0,575.0,0.0,3633300,2092520500,756,133.7,580,1408400,575,1387200,14865343101,14865343101,3077126022,301900,74600,0,0,0
2026-04-27,BJTM,Bank Pembangunan Daerah Jawa Timur Tbk.,--MO1105306000G111------------,580.0,580.0,580.0,570.0,575.0,-5.0,8110300,4666139000,1745,133.7,580,1925100,575,119100,14865343101,14865343101,3077126022,1903700,183600,0,0,0
2026-04-24,BJTM,Bank Pembangunan Daerah Jawa Timur Tbk.,--MO1105306000G111------------,595.0,590.0,595.0,580.0,580.0,-15.0,13309600,7772552500,1950,134.9,585,823100,580,1320300,14865343101,14865343101,3077126022,1750700,74500,0,0,0
2026-04-23,BJTM,Bank Pembangunan Daerah Jawa Timur Tbk.,--MO1105306000G111------------,600.0,600.0,600.0,590.0,595.0,-5.0,7772000,4627170000,1141,138.4,595,1368000,590,2372200,14865343101,14865343101,3077126022,542600,253800,0,0,0
2026-04-22,BJTM,Bank Pembangunan Daerah Jawa Timur Tbk.,--MO1105306000G111------------,595.0,595.0,605.0,590.0,600.0,5.0,18280100,10925481000,1813,139.5,605,3642500,600,440800,14865343101,14865343101,3077126022,401900,9344800,0,0,0
2026-04-21,BJTM,Bank Pembangunan Daerah Jawa Timur Tbk.,--MO1105306000G111------------,580.0,580.0,595.0,580.0,595.0,15.0,12165300,7163790000,1264,138.4,595,3707300,590,34900,14865343101,14865343101,3077126022,367200,9864700,0,0,0
2026-04-20,BJTM,Bank Pembangunan Daerah Jawa Timur Tbk.,--MO1105306000G111------------,585.0,585.0,590.0,580.0,580.0,-5.0,7441000,4346698000,939,134.9,585,2226300,580,2519000,14865343101,14865343101,3077126022,184300,1093400,0,0,0
2026-04-17,BJTM,Bank Pembangunan Daerah Jawa Timur Tbk.,--MO1105306000G111------------,590.0,585.0,590.0,585.0,585.0,-5.0,3157700,1850856500,703,136.0,590,3497600,585,905800,14865343101,14865343101,3077126022,424900,92400,0,0,0
2026-04-16,BJTM,Bank Pembangunan Daerah Jawa Timur Tbk.,--MO1105306000G111------------,585.0,590.0,590.0,585.0,590.0,5.0,6733200,3956767000,1065,137.2,590,2567800,585,680500,14865343101,14865343101,3077126022,86600,2148400,0,0,0
2026-04-15,BJTM,Bank Pembangunan Daerah Jawa Timur Tbk.,--MO1105306000G111------------,585.0,590.0,590.0,580.0,585.0,0.0,5561900,3259049500,1066,136.0,590,5195600,585,180700,14865343101,14865343101,3077126022,269400,515300,0,0,0
2026-04-14,BJTM,Bank Pembangunan Daerah Jawa Timur Tbk.,--MO1105306000G111------------,580.0,585.0,590.0,580.0,585.0,5.0,6911700,4041808000,1115,136.0,590,5031900,585,474000,14865343101,14865343101,3077126022,306600,1451000,0,0,0
2026-04-13,BJTM,Bank Pembangunan Daerah Jawa Timur Tbk.,--MO1105306000G111------------,575.0,575.0,585.0,570.0,580.0,5.0,7313900,4231863500,1234,134.9,585,4068600,580,504000,14865343101,14865343101,3077126022,278700,2722100,0,0,0
2026-04-10,BJTM,Bank Pembangunan Daerah Jawa Timur Tbk.,--MO1105306000G111------------,575.0,575.0,580.0,575.0,575.0,0.0,3378900,1948387500,1105,133.7,580,1821200,575,1267100,14865343101,14865343101,3077126022,63900,647800,63,36225,1
2026-04-09,BJTM,Bank Pembangunan Daerah Jawa Timur Tbk.,--MO1105306000G111------------,580.0,580.0,580.0,570.0,575.0,-5.0,11058400,6337288000,1171,133.7,580,1263200,575,357600,14865343101,14865343101,3077126022,606700,1827400,0,0,0
2026-04-08,BJTM,Bank Pembangunan Daerah Jawa Timur Tbk.,--MO1105306000G111------------,565.0,570.0,585.0,570.0,580.0,15.0,14928200,8626931000,1867,134.9,580,300,575,1675000,14865343101,14865343101,3077126022,1641600,4111000,0,0,0
2026-04-07,BJTM,Bank Pembangunan Daerah Jawa Timur Tbk.,--MO1105306000G111------------,570.0,570.0,575.0,565.0,565.0,-5.0,6035800,3435201000,855,131.4,570,431500,565,3184900,14865343101,14865343101,3077126022,2847600,9500,0,0,0
2026-04-06,BJTM,Bank Pembangunan Daerah Jawa Timur Tbk.,--MO1105306000G111------------,570.0,570.0,575.0,565.0,570.0,0.0,4070600,2317273500,872,132.6,575,1877800,570,1982700,14865343101,14865343101,3077126022,830000,224500,0,0,0
2026-04-02,BJTM,Bank Pembangunan Daerah Jawa Timur Tbk.,--MO1105306000G111------------,570.0,570.0,575.0,565.0,570.0,0.0,6010500,3435538500,1386,132.6,575,1391000,570,954700,14865343101,14865343101,3077126022,1280800,61500,0,0,0
2026-04-01,BJTM,Bank Pembangunan Daerah Jawa Timur Tbk.,--MO1105306000G111------------,570.0,575.0,580.0,570.0,570.0,0.0,6902800,3969480000,1184,132.6,575,2381500,570,1550300,14865343101,14865343101,3077126022,2327200,36800,0,0,0
2026-03-31,BJTM,Bank Pembangunan Daerah Jawa Timur Tbk.,--MO1105306000G111------------,560.0,570.0,580.0,570.0,570.0,10.0,12808500,7343687500,1663,132.6,575,699100,570,2017900,14865343101,14865343101,3077126022,2095400,962400,0,0,0
2026-03-30,BJTM,Bank Pembangunan Daerah Jawa Timur Tbk.,--MO1105306000G111------------,555.0,555.0,560.0,555.0,560.0,5.0,4656800,2598755000,1234,130.2,560,166700,555,1920400,14865343101,14865343101,3077126022,840900,3100,0,0,0
2026-03-27,BJTM,Bank Pembangunan Daerah Jawa Timur Tbk.,--MO1105306000G111------------,565.0,565.0,565.0,555.0,555.0,-10.0,9439200,5276547500,1352,129.1,560,54800,555,2816700,14865343101,14865343101,3077126022,4686400,157700,0,0,0
2026-03-26,BJTM,Bank Pembangunan Daerah Jawa Timur Tbk.,--MO1105306000G111------------,565.0,570.0,570.0,560.0,565.0,0.0,3484700,1964351500,842,131.4,565,1473500,560,1685700,14865343101,14865343101,3077126022,623400,36400,0,0,0
2026-03-25,BJTM,Bank Pembangunan Daerah Jawa Timur Tbk.,--MO1105306000G111------------,560.0,555.0,570.0,555.0,565.0,5.0,8139400,4563418000,2187,131.4,570,1289200,565,150900,14865343101,14865343101,3077126022,2268100,1059100,0,0,0
2026-03-17,BJTM,Bank Pembangunan Daerah Jawa Timur Tbk.,--MO1105306000G111------------,555.0,555.0,565.0,550.0,560.0,5.0,6319900,3536644500,894,130.2,560,348300,555,1925700,14865343101,14865343101,3077126022,1671900,11900,0,0,0
2026-03-16,BJTM,Bank Pembangunan Daerah Jawa Timur Tbk.,--MO1105306000G111------------,560.0,550.0,560.0,545.0,555.0,-5.0,19967200,10988642000,2324,129.1,555,320000,550,283400,14865343101,14865343101,3077126022,4560900,142700,0,0,0
2026-03-13,BJTM,Bank Pembangunan Daerah Jawa Timur Tbk.,--MO1105306000G111------------,565.0,570.0,570.0,555.0,560.0,-5.0,5556800,3112325500,1253,130.2,560,1276800,555,2242700,14865343101,14865343101,3077126022,1827700,26300,0,0,0
2026-03-12,BJTM,Bank Pembangunan Daerah Jawa Timur Tbk.,--MO1105306000G111------------,565.0,565.0,570.0,560.0,565.0,0.0,4491800,2538461500,609,131.4,570,3308100,565,696100,14865343101,14865343101,3077126022,896300,44500,0,0,0
2026-03-11,BJTM,Bank Pembangunan Daerah Jawa Timur Tbk.,--MO1105306000G111------------,565.0,565.0,570.0,565.0,565.0,0.0,2924900,1656222500,695,131.4,570,3039800,565,1266800,14865343101,14865343101,3077126022,152000,140200,0,0,0
2026-03-10,BJTM,Bank Pembangunan Daerah Jawa Timur Tbk.,--MO1105306000G111------------,555.0,560.0,570.0,560.0,565.0,10.0,7188700,4052476000,985,131.4,565,183200,560,1998400,14865343101,14865343101,3077126022,1217500,163500,0,0,0
2026-03-09,BJTM,Bank Pembangunan Daerah Jawa Timur Tbk.,--MO1105306000G111------------,575.0,565.0,565.0,555.0,555.0,-20.0,18450700,10335375000,2188,129.1,560,41500,555,4017000,14865343101,14865343101,3077126022,5847400,805400,0,0,0
2026-03-06,BJTM,Bank Pembangunan Daerah Jawa Timur Tbk.,--MO1105306000G111------------,575.0,570.0,575.0,565.0,575.0,0.0,11582800,6607739500,935,133.7,575,591800,570,2614500,14865343101,14865343101,3077126022,1252200,3345900,0,0,0
2026-03-05,BJTM,Bank Pembangunan Daerah Jawa Timur Tbk.,--MO1105306000G111------------,560.0,565.0,580.0,565.0,575.0,15.0,9301300,5330080500,1199,133.7,575,900900,570,3231200,14865343101,14865343101,3077126022,1352800,684600,0,0,0
2026-03-04,BJTM,Bank Pembangunan Daerah Jawa Timur Tbk.,--MO1105306000G111------------,580.0,580.0,580.0,560.0,560.0,-20.0,22423900,12730817500,3133,130.2,565,94300,560,2392100,14865343101,14865343101,3077126022,8568900,258700,0,0,0
2026-03-03,BJTM,Bank Pembangunan Daerah Jawa Timur Tbk.,--MO1105306000G111------------,575.0,575.0,585.0,575.0,580.0,5.0,7169300,4165366000,1345,134.9,585,2031000,580,233500,14865343101,14865343101,3077126022,418100,869100,0,0,0
2026-03-02,BJTM,Bank Pembangunan Daerah Jawa Timur Tbk.,--MO1105306000G111------------,590.0,580.0,585.0,570.0,575.0,-15.0,24359000,14086610000,2261,133.7,580,383400,575,590600,14865343101,14865343101,3077126022,1094400,3486600,0,0,0
2026-02-27,BJTM,Bank Pembangunan Daerah Jawa Timur Tbk.,--MO1105306000G111------------,590.0,590.0,595.0,585.0,590.0,0.0,6857100,4043840000,903,137.2,590,1405800,585,3427200,14865343101,14865343101,3077126022,145200,1325300,0,0,0
2026-02-26,BJTM,Bank Pembangunan Daerah Jawa Timur Tbk.,--MO1105306000G111------------,600.0,600.0,600.0,585.0,590.0,-10.0,15780500,9369117000,1484,137.2,590,241200,585,2254100,14865343101,14865343101,3077126022,484600,2263300,0,0,0
2026-02-25,BJTM,Bank Pembangunan Daerah Jawa Timur Tbk.,--MO1105306000G111------------,595.0,600.0,605.0,590.0,600.0,5.0,19227300,11507126500,1790,139.5,600,1268300,595,3272900,14865343101,14865343101,3077126022,1528600,1323800,0,0,0
2026-02-24,BJTM,Bank Pembangunan Daerah Jawa Timur Tbk.,--MO1105306000G111------------,590.0,590.0,605.0,585.0,595.0,5.0,23352100,13868458500,2829,138.4,595,1200800,590,2867100,14865343101,14865343101,3077126022,2897400,3402500,0,0,0
2026-02-23,BJTM,Bank Pembangunan Daerah Jawa Timur Tbk.,--MO1105306000G111------------,585.0,585.0,590.0,580.0,590.0,5.0,11982000,7000876500,2206,137.2,590,3903200,585,3468500,14865343101,14865343101,3077126022,155500,5665000,0,0,0
2026-02-20,BJTM,Bank Pembangunan Daerah Jawa Timur Tbk.,--MO1105306000G111------------,575.0,575.0,585.0,575.0,585.0,10.0,14584000,8449109000,919,136.0,585,2349500,580,3008700,14865343101,14865343101,3077126022,148400,522700,0,0,0
2026-02-19,BJTM,Bank Pembangunan Daerah Jawa Timur Tbk.,--MO1105306000G111------------,580.0,580.0,580.0,575.0,575.0,-5.0,4536400,2621420000,794,133.7,580,2771800,575,3067400,14865343101,14865343101,3077126022,73800,700900,0,0,0
2026-02-18,BJTM,Bank Pembangunan Daerah Jawa Timur Tbk.,--MO1105306000G111------------,580.0,580.0,580.0,570.0,580.0,0.0,3794800,2190867000,1045,134.9,580,4207000,575,2946000,14865343101,14865343101,3077126022,275200,575300,0,0,0
2026-02-13,BJTM,Bank Pembangunan Daerah Jawa Timur Tbk.,--MO1105306000G111------------,580.0,580.0,580.0,570.0,580.0,0.0,9359100,5386939500,852,134.9,580,3783700,575,223400,14865343101,14865343101,3077126022,947600,896900,0,0,0
2026-02-12,BJTM,Bank Pembangunan Daerah Jawa Timur Tbk.,--MO1105306000G111------------,580.0,580.0,585.0,575.0,580.0,0.0,7008100,4067040000,1110,134.9,580,2299400,575,2263700,14865343101,14865343101,3077126022,933700,950400,0,0,0
2026-02-11,BJTM,Bank Pembangunan Daerah Jawa Timur Tbk.,--MO1105306000G111------------,570.0,570.0,580.0,570.0,580.0,10.0,16717100,9656844500,1412,134.9,580,3102200,575,3635200,14865343101,14865343101,3077126022,949800,2967400,0,0,0
2026-02-10,BJTM,Bank Pembangunan Daerah Jawa Timur Tbk.,--MO1105306000G111------------,570.0,565.0,575.0,565.0,570.0,0.0,6501700,3712238500,1033,132.6,575,4604500,570,2909900,14865343101,14865343101,3077126022,168100,2105300,0,0,0
2026-02-09,BJTM,Bank Pembangunan Daerah Jawa Timur Tbk.,--MO1105306000G111------------,570.0,570.0,570.0,565.0,570.0,0.0,11413900,6476631000,1296,132.6,570,1031600,565,1840400,14865343101,14865343101,3077126022,188000,2655700,0,0,0
2026-02-06,BJTM,Bank Pembangunan Daerah Jawa Timur Tbk.,--MO1105306000G111------------,570.0,565.0,570.0,560.0,570.0,0.0,10429700,5909101000,922,132.6,570,1597600,565,4572200,14865343101,14865343101,3077126022,1324300,1226200,0,0,0
2026-02-05,BJTM,Bank Pembangunan Daerah Jawa Timur Tbk.,--MO1105306000G111------------,570.0,570.0,575.0,565.0,570.0,0.0,13160500,7511069500,1369,132.6,570,326000,565,2242300,14865343101,14865343101,3077126022,400000,6518700,0,0,0
2026-02-04,BJTM,Bank Pembangunan Daerah Jawa Timur Tbk.,--MO1105306000G111------------,565.0,570.0,570.0,560.0,570.0,5.0,12353700,6979812000,1289,132.6,570,3261700,565,734200,14865343101,14865343101,3077126022,1671600,1665800,0,0,0
2026-02-03,BJTM,Bank Pembangunan Daerah Jawa Timur Tbk.,--MO1105306000G111------------,555.0,550.0,565.0,550.0,565.0,10.0,15487800,8693335500,1352,131.4,565,296000,560,658300,14865343101,14865343101,3077126022,3217200,2172400,0,0,0
2026-02-02,BJTM,Bank Pembangunan Daerah Jawa Timur Tbk.,--MO1105306000G111------------,555.0,555.0,560.0,545.0,555.0,0.0,19400300,10705440500,1944,129.1,555,2075200,550,1144700,14865343101,14865343101,3077126022,1578000,1497200,0,0,0
2026-01-30,BJTM,Bank Pembangunan Daerah Jawa Timur Tbk.,--MO1105306000G111------------,545.0,550.0,555.0,545.0,555.0,10.0,8034500,4431884000,1483,129.1,555,778100,550,1988000,14865343101,14865343101,3077126022,1500500,606900,0,0,0
2026-01-29,BJTM,Bank Pembangunan Daerah Jawa Timur Tbk.,--MO1105306000G111------------,550.0,550.0,555.0,510.0,545.0,-5.0,56584200,30083138500,5699,126.7,550,1597500,545,952800,14865343101,14865343101,3077126022,20624300,9038200,10,5500,1
2026-01-28,BJTM,Bank Pembangunan Daerah Jawa Timur Tbk.,--MO1105306000G111------------,560.0,555.0,560.0,540.0,550.0,-10.0,30054900,16442298500,3923,127.9,550,1306300,545,1197300,14865343101,14865343101,3077126022,4379300,4719600,0,0,0
2026-01-27,BJTM,Bank Pembangunan Daerah Jawa Timur Tbk.,--MO1105306000G111------------,565.0,565.0,565.0,555.0,560.0,-5.0,14185100,7952032500,1659,130.2,560,50000,555,6795900,14865343101,14865343101,3077126022,998300,745500,0,0,0
2026-01-26,BJTM,Bank Pembangunan Daerah Jawa Timur Tbk.,--MO1105306000G111------------,570.0,570.0,575.0,555.0,565.0,-5.0,12494000,7042640500,2248,131.4,565,442400,560,2519500,14865343101,14865343101,3077126022,729900,2314500,0,0,0
2026-01-23,BJTM,Bank Pembangunan Daerah Jawa Timur Tbk.,--MO1105306000G111------------,570.0,575.0,575.0,565.0,570.0,0.0,7328400,4178584000,1219,132.6,575,6205900,570,5800,14865343101,14865343101,3077126022,1595000,1603600,0,0,0
2026-01-22,BJTM,Bank Pembangunan Daerah Jawa Timur Tbk.,--MO1105306000G111------------,570.0,570.0,575.0,565.0,570.0,0.0,6527500,3726549000,1039,132.6,575,5273900,570,1924100,14865343101,14865343101,3077126022,271300,811000,0,0,0
2026-01-21,BJTM,Bank Pembangunan Daerah Jawa Timur Tbk.,--MO1105306000G111------------,570.0,570.0,575.0,560.0,570.0,0.0,19991400,11380504000,2254,132.6,570,37600,565,174100,14865343101,14865343101,3077126022,3787200,3549500,0,0,0
2026-01-20,BJTM,Bank Pembangunan Daerah Jawa Timur Tbk.,--MO1105306000G111------------,575.0,575.0,580.0,570.0,570.0,-5.0,9665800,5553987000,1309,132.6,575,1298900,570,7395400,14865343101,14865343101,3077126022,1155300,2491700,0,0,0
2026-01-19,BJTM,Bank Pembangunan Daerah Jawa Timur Tbk.,--MO1105306000G111------------,580.0,580.0,585.0,570.0,575.0,-5.0,13358000,7699580000,2273,133.7,580,3536900,575,1443000,14865343101,14865343101,3077126022,538100,1832900,0,0,0
2026-01-15,BJTM,Bank Pembangunan Daerah Jawa Timur Tbk.,--MO1105306000G111------------,565.0,565.0,585.0,560.0,580.0,15.0,32541000,18718729000,3466,134.9,580,62200,575,520300,14865343101,14865343101,3077126022,471100,5528200,0,0,0
2026-01-14,BJTM,Bank Pembangunan Daerah Jawa Timur Tbk.,--MO1105306000G111------------,555.0,555.0,570.0,555.0,565.0,10.0,16567000,9335746500,1449,131.4,565,4800,560,1821800,14865343101,14865343101,3077126022,150800,2359100,0,0,0
2026-01-13,BJTM,Bank Pembangunan Daerah Jawa Timur Tbk.,--MO1105306000G111------------,555.0,555.0,565.0,555.0,555.0,0.0,7953300,4446646500,973,129.1,560,1855100,555,2554000,14865343101,14865343101,3077126022,1269700,948600,41,22960,1
2026-01-12,BJTM,Bank Pembangunan Daerah Jawa Timur Tbk.,--MO1105306000G111------------,560.0,560.0,565.0,555.0,555.0,-5.0,13848500,7732173500,1306,129.1,560,1594600,555,554700,14865343101,14865343101,3077126022,1304600,349400,0,0,0
2026-01-09,BJTM,Bank Pembangunan Daerah Jawa Timur Tbk.,--MO1105306000G111------------,555.0,555.0,560.0,555.0,560.0,5.0,5400900,3006927500,1086,130.2,560,1827600,555,3119000,14865343101,14865343101,3077126022,197800,656000,0,0,0
2026-01-08,BJTM,Bank Pembangunan Daerah Jawa Timur Tbk.,--MO1105306000G111------------,555.0,555.0,565.0,555.0,555.0,0.0,14083300,7874322500,1831,129.1,560,1695700,555,712800,14865343101,14865343101,3077126022,217400,3754200,0,0,0
2026-01-07,BJTM,Bank Pembangunan Daerah Jawa Timur Tbk.,--MO1105306000G111------------,550.0,550.0,560.0,545.0,555.0,5.0,20995200,11607923500,2063,129.1,555,200200,550,1518700,14865343101,14865343101,3077126022,21300,3200200,69,38226,1
2026-01-06,BJTM,Bank Pembangunan Daerah Jawa Timur Tbk.,--MO1105306000G111------------,550.0,550.0,550.0,545.0,550.0,0.0,10433300,5702266000,1594,127.9,550,4417300,545,3824100,14865343101,14865343101,3077126022,74500,1823100,0,0,0
2026-01-05,BJTM,Bank Pembangunan Daerah Jawa Timur Tbk.,--MO1105306000G111------------,545.0,545.0,550.0,540.0,550.0,5.0,13770500,7503147500,1478,127.9,550,3386200,545,2137200,14865343101,14865343101,3077126022,151800,3496100,0,0,0
2026-01-02,BJTM,Bank Pembangunan Daerah Jawa Timur Tbk.,--MO1105306000G111------------,540.0,540.0,545.0,540.0,545.0,5.0,3414500,1853690500,795,126.7,545,5038600,540,3936900,14865343101,14865343101,3077126022,29500,98500,0,0,0
2025-12-30,BJTM,Bank Pembangunan Daerah Jawa Timur Tbk.,--MO110530J000G111------------,535.0,535.0,545.0,535.0,540.0,5.0,11332600,6125195500,929,125.6,545,5179400,540,107000,14865343101,14865343101,3077126022,177500,3551800,80,43200,1
2025-12-29,BJTM,Bank Pembangunan Daerah Jawa Timur Tbk.,--MO110530J000G111------------,535.0,540.0,540.0,535.0,535.0,0.0,5383800,2892187500,1169,124.4,540,3916300,535,4352300,14865343101,14865343101,3077126022,15900,92900,0,0,0
2025-12-24,BJTM,Bank Pembangunan Daerah Jawa Timur Tbk.,--MO110530J000G111------------,540.0,540.0,545.0,535.0,535.0,-5.0,6599800,3558129000,1050,124.4,540,83500,535,2669000,14865343101,14865343101,3077126022,989500,60100,0,0,0
2025-12-23,BJTM,Bank Pembangunan Daerah Jawa Timur Tbk.,--MO110530J000G111------------,540.0,540.0,545.0,540.0,540.0,0.0,2744900,1486481500,839,125.6,545,5652600,540,1440100,14865343101,14865343101,3077126022,425800,300000,0,0,0
2025-12-22,BJTM,Bank Pembangunan Daerah Jawa Timur Tbk.,--MO110530J000G111------------,540.0,540.0,545.0,540.0,540.0,0.0,3972200,2151278500,894,125.6,545,5942700,540,1707500,14865343101,14865343101,3077126022,13200,351300,0,0,0
2025-12-19,BJTM,Bank Pembangunan Daerah Jawa Timur Tbk.,--MO110530J000G111------------,540.0,540.0,545.0,535.0,540.0,0.0,16101100,8700266500,694,125.6,545,4449200,540,1215200,14865343101,14865343101,3077126022,412300,935600,0,0,0
2025-12-18,BJTM,Bank Pembangunan Daerah Jawa Timur Tbk.,--MO110530J000G111------------,540.0,540.0,545.0,540.0,540.0,0.0,3474300,1882081500,509,125.6,545,5058200,540,4080200,14865343101,14865343101,3077126022,46300,74700,0,0,0
2025-12-17,BJTM,Bank Pembangunan Daerah Jawa Timur Tbk.,--MO110530J000G111------------,540.0,540.0,545.0,535.0,540.0,0.0,3805800,2058507000,670,125.6,545,5020000,540,867500,14865343101,14865343101,3077126022,101200,1008900,0,0,0
2025-12-16,BJTM,Bank Pembangunan Daerah Jawa Timur Tbk.,--MO110530J000G111------------,540.0,540.0,545.0,535.0,540.0,0.0,7009300,3777554500,929,125.6,545,2708600,540,727900,14865343101,14865343101,3077126022,771000,363100,0,0,0
2025-12-15,BJTM,Bank Pembangunan Daerah Jawa Timur Tbk.,--MO110530J000G111------------,535.0,535.0,540.0,530.0,540.0,5.0,10497600,5606910500,1468,125.6,540,2126300,535,3232200,14865343101,14865343101,3077126022,1813700,519700,0,0,0
2025-12-12,BJTM,Bank Pembangunan Daerah Jawa Timur Tbk.,--MO110530J000G111------------,535.0,540.0,540.0,530.0,535.0,0.0,8554900,4573163500,1765,124.4,535,1379300,530,3036700,14865343101,14865343101,3077126022,1815000,403500,0,0,0
2025-12-11,BJTM,Bank Pembangunan Daerah Jawa Timur Tbk.,--MO110530J000G111------------,545.0,545.0,545.0,535.0,535.0,-10.0,14655000,7906618000,1900,124.4,540,1582400,535,1192100,14865343101,14865343101,3077126022,9457800,67300,0,0,0
2025-12-10,BJTM,Bank Pembangunan Daerah Jawa Timur Tbk.,--MO110530J000G111------------,545.0,545.0,545.0,540.0,545.0,0.0,3172800,1718714500,732,126.7,545,2357600,540,6589900,14865343101,14865343101,3077126022,290800,285100,1300000,708500000,1
2025-12-09,BJTM,Bank Pembangunan Daerah Jawa Timur Tbk.,--MO110530J000G111------------,545.0,545.0,550.0,540.0,545.0,0.0,6158800,3345506500,1179,126.7,545,876600,540,4943800,14865343101,14865343101,3077126022,2168400,452400,0,0,0
2025-12-08,BJTM,Bank Pembangunan Daerah Jawa Timur Tbk.,--MO110530J000G111------------,545.0,545.0,550.0,540.0,545.0,0.0,4560900,2484623500,1065,126.7,550,5714400,545,1723100,14865343101,14865343101,3077126022,359600,272500,0,0,0
2025-12-05,BJTM,Bank Pembangunan Daerah Jawa Timur Tbk.,--MO110530J000G111------------,545.0,545.0,550.0,540.0,545.0,0.0,7760100,4224425500,1328,126.7,545,255200,540,5349300,14865343101,14865343101,3077126022,1379100,501800,0,0,0
2025-12-04,BJTM,Bank Pembangunan Daerah Jawa Timur Tbk.,--MO110530J000G111------------,540.0,540.0,545.0,540.0,545.0,5.0,5949400,3235054000,944,126.7,545,1023800,540,6152900,14865343101,14865343101,3077126022,1137900,325500,0,0,0
2025-12-03,BJTM,Bank Pembangunan Daerah Jawa Timur Tbk.,--MO110530J000G111------------,540.0,540.0,545.0,540.0,540.0,0.0,4621000,2506568500,807,125.6,545,2385400,540,6692500,14865343101,14865343101,3077126022,441900,290700,15,8100,1
2025-12-02,BJTM,Bank Pembangunan Daerah Jawa Timur Tbk.,--MO110530J000G111------------,540.0,540.0,545.0,540.0,540.0,0.0,3376200,1827206500,946,125.6,545,2104100,540,6011800,14865343101,14865343101,3077126022,185000,312100,0,0,0
2025-12-01,BJTM,Bank Pembangunan Daerah Jawa Timur Tbk.,--MO110530J000G111------------,545.0,545.0,545.0,540.0,540.0,-5.0,3945600,2137953000,819,125.6,545,2685000,540,2951500,14865343101,14865343101,3077126022,66500,215200,0,0,0
2025-11-28,BJTM,Bank Pembangunan Daerah Jawa Timur Tbk.,--MO110530J000G111------------,545.0,545.0,545.0,540.0,545.0,0.0,5310500,2886357500,996,126.7,545,927800,540,3872500,14865343101,14865343101,3077126022,131300,467500,0,0,0
2025-11-27,BJTM,Bank Pembangunan Daerah Jawa Timur Tbk.,--MO110530J000G111------------,550.0,550.0,550.0,540.0,545.0,-5.0,7231200,3944375000,1144,126.7,545,1492800,540,7059100,14865343101,14865343101,3077126022,52900,1105800,0,0,0
2025-11-26,BJTM,Bank Pembangunan Daerah Jawa Timur Tbk.,--MO110530J000G111------------,550.0,550.0,550.0,545.0,550.0,0.0,4180600,2288099500,1099,127.9,550,5598100,545,906600,14865343101,14865343101,3077126022,67100,1043500,0,0,0
2025-11-25,BJTM,Bank Pembangunan Daerah Jawa Timur Tbk.,--MO110530J000G111------------,550.0,550.0,555.0,545.0,550.0,0.0,4697800,2576479500,990,127.9,550,3398100,545,1157600,14865343101,14865343101,3077126022,41700,962300,0,0,0
2025-11-24,BJTM,Bank Pembangunan Daerah Jawa Timur Tbk.,--MO110530J000G111------------,545.0,545.0,560.0,540.0,550.0,5.0,14077000,7746625500,1626,127.9,555,3917900,550,334600,14865343101,14865343101,3077126022,82100,2453000,0,0,0
2025-11-21,BJTM,Bank Pembangunan Daerah Jawa Timur Tbk.,--MO110530J000G111------------,545.0,550.0,550.0,540.0,545.0,0.0,11315200,6153916000,1518,126.7,545,2064400,540,1846600,14865343101,14865343101,3077126022,369600,2433900,0,0,0
2025-11-20,BJTM,Bank Pembangunan Daerah Jawa Timur Tbk.,--MO110530J000G111------------,545.0,545.0,550.0,540.0,545.0,0.0,4633100,2535646500,912,126.7,550,10245700,545,3801400,14865343101,14865343101,3077126022,149400,1483200,0,0,0
2025-11-19,BJTM,Bank Pembangunan Daerah Jawa Timur Tbk.,--MO110530J000G111------------,550.0,545.0,550.0,540.0,545.0,-5.0,8837200,4796725500,1486,126.7,545,962000,540,1889400,14865343101,14865343101,3077126022,4519500,1573400,0,0,0
2025-11-18,BJTM,Bank Pembangunan Daerah Jawa Timur Tbk.,--MO110530J000G111------------,550.0,550.0,555.0,540.0,550.0,0.0,12731200,6959462000,1729,127.9,550,8851600,545,40000,14865343101,14865343101,3077126022,7875400,2655100,0,0,0
2025-11-17,BJTM,Bank Pembangunan Daerah Jawa Timur Tbk.,--MO110530J000G111------------,545.0,545.0,555.0,540.0,550.0,5.0,12595600,6887660000,1252,127.9,550,1183800,545,1759700,14865343101,14865343101,3077126022,66800,4078300,12200,6954000,1
2025-11-14,BJTM,Bank Pembangunan Daerah Jawa Timur Tbk.,--MO110530J000G111------------,545.0,545.0,545.0,540.0,545.0,0.0,9008000,4897912000,1298,126.7,545,3881000,540,3173400,14865343101,14865343101,3077126022,15500,2933000,0,0,0
2025-11-13,BJTM,Bank Pembangunan Daerah Jawa Timur Tbk.,--MO110530J000G111------------,540.0,545.0,545.0,540.0,545.0,5.0,4178600,2271819500,1099,126.7,545,3227900,540,4134600,14865343101,14865343101,3077126022,9500,1157200,0,0,0
2025-11-12,BJTM,Bank Pembangunan Daerah Jawa Timur Tbk.,--MO110530J000G111------------,545.0,545.0,545.0,540.0,540.0,-5.0,9423000,5110905500,1460,125.6,545,2484400,540,3326000,14865343101,14865343101,3077126022,422300,4065100,0,0,0
2025-11-11,BJTM,Bank Pembangunan Daerah Jawa Timur Tbk.,--MO110530J000G111------------,545.0,545.0,545.0,540.0,545.0,0.0,7190100,3901291500,1362,126.7,545,3333500,540,1974100,14865343101,14865343101,3077126022,17700,1222900,0,0,0
2025-11-10,BJTM,Bank Pembangunan Daerah Jawa Timur Tbk.,--MO110530J000G111------------,545.0,545.0,550.0,540.0,545.0,0.0,11794500,6425752500,1612,126.7,545,3167600,540,5210000,14865343101,14865343101,3077126022,2823200,2400600,0,0,0
2025-11-07,BJTM,Bank Pembangunan Daerah Jawa Timur Tbk.,--MO110530J000G111------------,545.0,545.0,550.0,545.0,545.0,0.0,7529500,4118497000,1189,126.7,550,6865100,545,1036300,14865343101,14865343101,3077126022,55700,779700,0,0,0
2025-11-06,BJTM,Bank Pembangunan Daerah Jawa Timur Tbk.,--MO110530J000G111------------,550.0,550.0,550.0,545.0,545.0,-5.0,5215300,2851828000,1260,126.7,550,6137900,545,1189100,14865343101,14865343101,3077126022,166800,815300,0,0,0
2025-11-05,BJTM,Bank Pembangunan Daerah Jawa Timur Tbk.,--MO110530J000G111------------,545.0,545.0,550.0,540.0,550.0,5.0,9054100,4925420500,1286,127.9,550,6411200,545,12200,14865343101,14865343101,3077126022,52700,3545900,0,0,0
2025-11-04,BJTM,Bank Pembangunan Daerah Jawa Timur Tbk.,--MO110530J000G111------------,545.0,545.0,550.0,545.0,545.0,0.0,8267000,4521801500,1751,126.7,545,7400,540,5633000,14865343101,14865343101,3077126022,212800,1047500,0,0,0
2025-11-03,BJTM,Bank Pembangunan Daerah Jawa Timur Tbk.,--MO110530J000G111------------,545.0,550.0,550.0,540.0,545.0,0.0,11288100,6175888500,1914,126.7,550,4785800,545,760500,14865343101,14865343101,3077126022,115100,1990700,0,0,0
2025-10-31,BJTM,Bank Pembangunan Daerah Jawa Timur Tbk.,--MO110530J000G111------------,540.0,545.0,550.0,540.0,545.0,5.0,11631000,6328861500,1920,126.7,545,895200,540,2912600,14865343101,14865343101,3077126022,2067400,2501300,0,0,0
2025-10-30,BJTM,Bank Pembangunan Daerah Jawa Timur Tbk.,--MO110530J000G111------------,530.0,535.0,555.0,535.0,540.0,10.0,24618600,13401219000,3322,125.6,545,1439700,540,1952000,14865343101,14865343101,3077126022,2705200,4572500,0,0,0
2025-10-29,BJTM,Bank Pembangunan Daerah Jawa Timur Tbk.,--MO110530J000G111------------,520.0,520.0,535.0,520.0,530.0,10.0,15366200,8111869500,1930,123.3,530,759500,525,6649100,14865343101,14865343101,3077126022,86000,4497600,0,0,0
2025-10-28,BJTM,Bank Pembangunan Daerah Jawa Timur Tbk.,--MO110530J000G111------------,525.0,525.0,525.0,520.0,520.0,-5.0,4782400,2503084500,888,120.9,525,3205400,520,4254400,14865343101,14865343101,3077126022,26900,772000,0,0,0
2025-10-27,BJTM,Bank Pembangunan Daerah Jawa Timur Tbk.,--MO110530J000G111------------,520.0,520.0,530.0,515.0,525.0,5.0,16075000,8407211000,1866,122.1,525,2925000,520,1862900,14865343101,14865343101,3077126022,514000,3863000,0,0,0
2025-10-24,BJTM,Bank Pembangunan Daerah Jawa Timur Tbk.,--MO110530J000G111------------,515.0,515.0,525.0,515.0,520.0,5.0,14965300,7788643000,1680,120.9,525,6309200,520,1190600,14865343101,14865343101,3077126022,191600,2166800,0,0,0
2025-10-23,BJTM,Bank Pembangunan Daerah Jawa Timur Tbk.,--MO110530J000G111------------,520.0,520.0,520.0,515.0,515.0,-5.0,3234600,1671031500,867,119.8,520,7162800,515,3267300,14865343101,14865343101,3077126022,98700,592000,0,0,0
2025-10-22,BJTM,Bank Pembangunan Daerah Jawa Timur Tbk.,--MO110530J000G111------------,515.0,515.0,520.0,515.0,520.0,5.0,5018300,2589961500,911,120.9,520,8681500,515,1584300,14865343101,14865343101,3077126022,11900,626100,0,0,0
2025-10-21,BJTM,Bank Pembangunan Daerah Jawa Timur Tbk.,--MO110530J000G111------------,515.0,515.0,520.0,510.0,515.0,0.0,10176900,5241214500,1095,119.8,520,5494400,515,240700,14865343101,14865343101,3077126022,63400,2828700,0,0,0
2025-10-20,BJTM,Bank Pembangunan Daerah Jawa Timur Tbk.,--MO110530J000G111------------,505.0,505.0,515.0,505.0,515.0,10.0,17301400,8792915500,1489,119.8,515,854400,510,3107200,14865343101,14865343101,3077126022,7406300,2510200,0,0,0
2025-10-17,BJTM,Bank Pembangunan Daerah Jawa Timur Tbk.,--MO110530J000G111------------,505.0,505.0,510.0,500.0,505.0,0.0,12802200,6452574500,1250,117.4,505,1027100,500,5602400,14865343101,14865343101,3077126022,1367500,7252800,0,0,0
2025-10-16,BJTM,Bank Pembangunan Daerah Jawa Timur Tbk.,--MO110530J000G111------------,505.0,505.0,510.0,500.0,505.0,0.0,5258100,2660423500,1205,117.4,510,2675400,505,106200,14865343101,14865343101,3077126022,1152400,127300,0,0,0
2025-10-15,BJTM,Bank Pembangunan Daerah Jawa Timur Tbk.,--MO110530J000G111------------,505.0,505.0,510.0,500.0,505.0,0.0,7310800,3684192500,1336,117.4,510,2171100,505,271700,14865343101,14865343101,3077126022,1307100,84700,0,0,0
2025-10-14,BJTM,Bank Pembangunan Daerah Jawa Timur Tbk.,--MO110530J000G111------------,510.0,510.0,515.0,500.0,505.0,-5.0,14123000,7157915000,1921,117.4,510,2657900,505,88400,14865343101,14865343101,3077126022,1240900,503800,0,0,0
2025-10-13,BJTM,Bank Pembangunan Daerah Jawa Timur Tbk.,--MO110530J000G111------------,520.0,515.0,515.0,505.0,510.0,-10.0,12564700,6420450500,1548,118.6,510,1004400,505,5737700,14865343101,14865343101,3077126022,698400,1246700,0,0,0
2025-10-10,BJTM,Bank Pembangunan Daerah Jawa Timur Tbk.,--MO110530J000G111------------,520.0,520.0,525.0,510.0,520.0,0.0,7540800,3889965500,1322,120.9,520,3854900,515,426500,14865343101,14865343101,3077126022,1848200,577300,0,0,0
2025-10-09,BJTM,Bank Pembangunan Daerah Jawa Timur Tbk.,--MO110530J000G111------------,505.0,510.0,525.0,505.0,520.0,15.0,17882400,9202942500,1882,120.9,520,373200,515,1138200,14865343101,14865343101,3077126022,248300,3866500,0,0,0
2025-10-08,BJTM,Bank Pembangunan Daerah Jawa Timur Tbk.,--MO110530J000G111------------,505.0,510.0,515.0,505.0,505.0,0.0,11883800,6035489000,1416,117.4,510,2075800,505,915300,14865343101,14865343101,3077126022,1948600,466100,0,0,0
2025-10-07,BJTM,Bank Pembangunan Daerah Jawa Timur Tbk.,--MO110530J000G111------------,510.0,510.0,510.0,505.0,505.0,-5.0,5338100,2705927000,1120,117.4,510,2569600,505,3144500,14865343101,14865343101,3077126022,561400,6100,0,0,0
2025-10-06,BJTM,Bank Pembangunan Daerah Jawa Timur Tbk.,--MO110530J000G111------------,510.0,510.0,515.0,505.0,510.0,0.0,9260300,4720486500,1041,118.6,510,1261200,505,4376300,14865343101,14865343101,3077126022,453700,40900,0,0,0
2025-10-03,BJTM,Bank Pembangunan Daerah Jawa Timur Tbk.,--MO110530J000G111------------,515.0,515.0,515.0,505.0,510.0,-5.0,8528700,4358826000,989,118.6,515,4788000,510,526700,14865343101,14865343101,3077126022,1830800,16200,0,0,0
2025-10-02,BJTM,Bank Pembangunan Daerah Jawa Timur Tbk.,--MO110530J000G111------------,510.0,510.0,515.0,510.0,515.0,5.0,4814000,2462768000,660,119.8,515,5602800,510,2253100,14865343101,14865343101,3077126022,119600,1521800,0,0,0
2025-10-01,BJTM,Bank Pembangunan Daerah Jawa Timur Tbk.,--MO110530J000G111------------,510.0,510.0,515.0,510.0,510.0,0.0,7347700,3749699000,1119,118.6,515,4525600,510,473300,14865343101,14865343101,3077126022,2533400,68100,49,24990,1
2025-09-30,BJTM,Bank Pembangunan Daerah Jawa Timur Tbk.,--MO110530J000G111------------,510.0,510.0,515.0,510.0,510.0,0.0,2656500,1357914500,565,118.6,515,3120800,510,2599800,14865343101,14865343101,3078612556,412200,98200,0,0,0
2025-09-29,BJTM,Bank Pembangunan Daerah Jawa Timur Tbk.,--MO110530J000G111------------,510.0,515.0,515.0,510.0,510.0,0.0,2735000,1400624000,705,118.6,515,2630800,510,3551700,14865343101,14865343101,3078612556,75400,175700,0,0,0
2025-09-26,BJTM,Bank Pembangunan Daerah Jawa Timur Tbk.,--MO110530J000G111------------,510.0,510.0,515.0,510.0,510.0,0.0,2058100,1052538000,500,118.6,515,1008500,510,3027100,14865343101,14865343101,3078612556,30900,124800,0,0,0
2025-09-25,BJTM,Bank Pembangunan Daerah Jawa Timur Tbk.,--MO110530J000G111------------,515.0,515.0,520.0,510.0,510.0,-5.0,4361100,2244562000,725,118.6,515,714800,510,4088600,14865343101,14865343101,3078612556,317700,121400,0,0,0
2025-09-24,BJTM,Bank Pembangunan Daerah Jawa Timur Tbk.,--MO110530J000G111------------,520.0,520.0,520.0,515.0,515.0,-5.0,7398500,3814736500,962,119.8,520,3161700,515,2273200,14865343101,14865343101,3078612556,57500,397200,0,0,0
2025-09-23,BJTM,Bank Pembangunan Daerah Jawa Timur Tbk.,--MO110530J000G111------------,515.0,510.0,520.0,505.0,520.0,5.0,10061100,5191500500,942,120.9,520,1858700,515,1610300,14865343101,14865343101,3078612556,1116900,641500,0,0,0
2025-09-22,BJTM,Bank Pembangunan Daerah Jawa Timur Tbk.,--MO110530J000G111------------,515.0,515.0,515.0,510.0,515.0,0.0,4340300,2216554500,1022,119.8,515,3415800,510,1027200,14865343101,14865343101,3078612556,17200,164900,0,0,0
2025-09-19,BJTM,Bank Pembangunan Daerah Jawa Timur Tbk.,--MO110530J000G111------------,515.0,510.0,515.0,505.0,515.0,0.0,10323900,5265017500,1215,119.8,515,2723100,510,602100,14865343101,14865343101,3078612556,3847300,104300,0,0,0
2025-09-18,BJTM,Bank Pembangunan Daerah Jawa Timur Tbk.,--MO110530J000G111------------,515.0,515.0,520.0,510.0,515.0,0.0,3263800,1681385000,669,119.8,515,724600,510,2860100,14865343101,14865343101,3078612556,563200,70500,0,0,0
2025-09-17,BJTM,Bank Pembangunan Daerah Jawa Timur Tbk.,--MO110530J000G111------------,515.0,515.0,520.0,510.0,515.0,0.0,10010600,5129191500,1486,119.8,520,3650300,515,6100,14865343101,14865343101,3078612556,5314900,162400,0,0,0
2025-09-16,BJTM,Bank Pembangunan Daerah Jawa Timur Tbk.,--MO110530J000G111------------,520.0,520.0,525.0,510.0,515.0,-5.0,18108300,9295571000,1669,119.8,515,3433900,510,438600,14865343101,14865343101,3078612556,130900,1863500,0,0,0
2025-09-15,BJTM,Bank Pembangunan Daerah Jawa Timur Tbk.,--MO110530J000G111------------,520.0,520.0,525.0,515.0,520.0,0.0,3659700,1900888000,1120,120.9,520,1649500,515,5573800,14865343101,14865343101,3078612556,196300,693400,0,0,0
2025-09-12,BJTM,Bank Pembangunan Daerah Jawa Timur Tbk.,--MO110530J000G111------------,515.0,520.0,525.0,515.0,520.0,5.0,6053500,3146476500,782,120.9,520,775500,515,2783700,14865343101,14865343101,3078612556,436000,243600,0,0,0
2025-09-11,BJTM,Bank Pembangunan Daerah Jawa Timur Tbk.,--MO110530J000G111------------,510.0,510.0,520.0,510.0,515.0,5.0,6319500,3273331000,842,119.8,520,1215500,515,2003400,14865343101,14865343101,3078612556,256200,28700,0,0,0
2025-09-10,BJTM,Bank Pembangunan Daerah Jawa Timur Tbk.,--MO110530J000G111------------,505.0,510.0,515.0,505.0,510.0,5.0,2841600,1450722000,753,118.6,515,2033300,510,875900,14865343101,14865343101,3078612556,138500,0,0,0,0
2025-09-09,BJTM,Bank Pembangunan Daerah Jawa Timur Tbk.,--MO110530J000G111------------,515.0,510.0,515.0,505.0,505.0,-10.0,11856900,6026428000,1584,117.4,510,42700,505,2859300,14865343101,14865343101,3078612556,2033500,1223900,0,0,0
2025-09-08,BJTM,Bank Pembangunan Daerah Jawa Timur Tbk.,--MO110530J000G111------------,515.0,515.0,520.0,510.0,515.0,0.0,7411700,3823680500,1029,119.8,515,619700,510,5536700,14865343101,14865343101,3078612556,612900,177700,0,0,0
2025-09-04,BJTM,Bank Pembangunan Daerah Jawa Timur Tbk.,--MO110530J000G111------------,510.0,510.0,515.0,510.0,515.0,5.0,3281700,1680081000,624,119.8,515,1134300,510,3566400,14865343101,14865343101,3078612556,50600,90200,0,0,0
2025-09-03,BJTM,Bank Pembangunan Daerah Jawa Timur Tbk.,--MO110530J000G111------------,515.0,515.0,515.0,510.0,510.0,-5.0,3422500,1750474000,1377,118.6,515,2028700,510,2323300,14865343101,14865343101,3078612556,87300,46200,0,0,0
2025-09-02,BJTM,Bank Pembangunan Daerah Jawa Timur Tbk.,--MO110530J000G111------------,510.0,510.0,520.0,510.0,515.0,5.0,5013300,2580486500,1159,119.8,515,526200,510,2533900,14865343101,14865343101,3078612556,381500,815600,0,0,0
2025-09-01,BJTM,Bank Pembangunan Daerah Jawa Timur Tbk.,--MO110530J000G111------------,515.0,505.0,515.0,498.0,510.0,-5.0,15842300,7998723100,2574,118.6,510,305900,505,2106600,14865343101,14865343101,3078612556,2022400,5874900,0,0,0
2025-08-29,BJTM,Bank Pembangunan Daerah Jawa Timur Tbk.,--MO110530J000G111------------,525.0,520.0,520.0,510.0,515.0,-10.0,15731800,8094254000,1773,119.8,515,453600,510,3608700,14865343101,14865343101,3078612556,3945200,3006200,0,0,0
2025-08-28,BJTM,Bank Pembangunan Daerah Jawa Timur Tbk.,--MO110530J000G111------------,525.0,520.0,525.0,520.0,525.0,0.0,4382000,2288290000,698,122.1,525,2141400,520,3892000,14865343101,14865343101,3078612556,127100,99600,0,0,0
2025-08-27,BJTM,Bank Pembangunan Daerah Jawa Timur Tbk.,--MO110530J000G111------------,525.0,525.0,530.0,520.0,525.0,0.0,6644100,3479601000,943,122.1,525,1432000,520,2778000,14865343101,14865343101,3078612556,1656200,380300,0,0,0
2025-08-26,BJTM,Bank Pembangunan Daerah Jawa Timur Tbk.,--MO110530J000G111------------,530.0,530.0,535.0,525.0,525.0,-5.0,8316100,4413279500,1223,122.1,530,293400,525,3310100,14865343101,14865343101,3078612556,1902700,203300,0,0,0
2025-08-25,BJTM,Bank Pembangunan Daerah Jawa Timur Tbk.,--MO110530J000G111------------,520.0,520.0,535.0,520.0,530.0,10.0,19836100,10457401000,1811,123.3,535,2477600,530,78600,14865343101,14865343101,3078612556,484700,5516400,0,0,0
2025-08-22,BJTM,Bank Pembangunan Daerah Jawa Timur Tbk.,--MO110530J000G111------------,520.0,520.0,525.0,515.0,520.0,0.0,6649400,3456172500,936,120.9,520,337500,515,3830200,14865343101,14865343101,3078612556,1904600,621000,0,0,0
2025-08-21,BJTM,Bank Pembangunan Daerah Jawa Timur Tbk.,--MO110530J000G111------------,520.0,520.0,525.0,515.0,520.0,0.0,6070000,3159138000,1067,120.9,520,350600,515,3425400,14865343101,14865343101,3078612556,730000,757700,0,0,0
2025-08-20,BJTM,Bank Pembangunan Daerah Jawa Timur Tbk.,--MO110530J000G111------------,515.0,515.0,525.0,515.0,520.0,5.0,9507100,4935762000,1153,120.9,525,5221400,520,828900,14865343101,14865343101,3078612556,348600,2164500,0,0,0
2025-08-19,BJTM,Bank Pembangunan Daerah Jawa Timur Tbk.,--MO110530J000G111------------,515.0,515.0,520.0,510.0,515.0,0.0,7976100,4097787500,1502,119.8,515,94100,510,3160700,14865343101,14865343101,3078612556,469400,1817800,0,0,0
2025-08-15,BJTM,Bank Pembangunan Daerah Jawa Timur Tbk.,--MO110530J000G111------------,515.0,515.0,520.0,510.0,515.0,0.0,6534900,3366099000,819,119.8,515,205900,510,4105300,14865343101,14865343101,3078612556,197100,1174800,0,0,0
2025-08-14,BJTM,Bank Pembangunan Daerah Jawa Timur Tbk.,--MO110530J000G111------------,515.0,515.0,520.0,515.0,515.0,0.0,6451600,3326626000,1122,119.8,520,3475000,515,205200,14865343101,14865343101,3078612556,26500,1239600,0,0,0
2025-08-13,BJTM,Bank Pembangunan Daerah Jawa Timur Tbk.,--MO110530J000G111------------,520.0,520.0,525.0,515.0,515.0,-5.0,17314500,8998319000,1814,119.8,520,359200,515,1803200,14865343101,14865343101,3078612556,3333000,2686500,0,0,0
2025-08-12,BJTM,Bank Pembangunan Daerah Jawa Timur Tbk.,--MO110530J000G111------------,510.0,510.0,525.0,510.0,520.0,10.0,23755500,12285409500,2064,120.9,525,4208400,520,684100,14865343101,14865343101,3078612556,675900,10663500,0,0,0
2025-08-11,BJTM,Bank Pembangunan Daerah Jawa Timur Tbk.,--MO110530J000G111------------,505.0,505.0,515.0,505.0,510.0,5.0,11090800,5640994000,978,118.6,515,5132900,510,760000,14865343101,14865343101,3078612556,1015800,5071600,0,0,0
2025-08-08,BJTM,Bank Pembangunan Daerah Jawa Timur Tbk.,--MO110530J000G111------------,510.0,505.0,510.0,505.0,505.0,-5.0,3967000,2011115500,844,117.4,510,2674900,505,1238400,14865343101,14865343101,3078612556,255500,329000,0,0,0
2025-08-07,BJTM,Bank Pembangunan Daerah Jawa Timur Tbk.,--MO110530J000G111------------,515.0,515.0,515.0,505.0,510.0,-5.0,3948200,2009288000,883,118.6,510,3347100,505,2691100,14865343101,14865343101,3078612556,485900,238100,0,0,0
2025-08-06,BJTM,Bank Pembangunan Daerah Jawa Timur Tbk.,--MO110530J000G111------------,515.0,515.0,515.0,510.0,515.0,0.0,5840000,2981731500,871,119.8,515,7603000,510,4209100,14865343101,14865343101,3078612556,118700,175700,0,0,0
2025-08-05,BJTM,Bank Pembangunan Daerah Jawa Timur Tbk.,--MO110530J000G111------------,510.0,510.0,515.0,510.0,515.0,5.0,4651200,2376699000,1158,119.8,515,8112300,510,7242900,14865343101,14865343101,3078612556,19500,119500,0,0,0
2025-08-04,BJTM,Bank Pembangunan Daerah Jawa Timur Tbk.,--MO110530J000G111------------,515.0,515.0,520.0,510.0,510.0,-5.0,15354600,7876374500,1314,118.6,515,5934500,510,2157500,14865343101,14865343101,3078612556,558800,422700,0,0,0
2025-08-01,BJTM,Bank Pembangunan Daerah Jawa Timur Tbk.,--MO110530J000G111------------,505.0,505.0,515.0,505.0,515.0,10.0,15244800,7779539000,1474,119.8,515,9874300,510,46900,14865343101,14865343101,3078612556,863400,698300,26,13390,1
2025-07-31,BJTM,Bank Pembangunan Daerah Jawa Timur Tbk.,--MO110530J000G111------------,496.0,510.0,525.0,505.0,505.0,9.0,27264500,13959569500,3353,117.4,510,2002500,505,618000,14865343101,14865343101,3078612556,2367400,2076500,0,0,0
2025-07-30,BJTM,Bank Pembangunan Daerah Jawa Timur Tbk.,--MO110530J000G111------------,494.0,492.0,496.0,492.0,496.0,2.0,5599800,2771843600,1127,115.3,496,565000,494,77000,14865343101,14865343101,3078612556,9300,152700,0,0,0
2025-07-29,BJTM,Bank Pembangunan Daerah Jawa Timur Tbk.,--MO110530J000G111------------,496.0,496.0,498.0,494.0,494.0,-2.0,3800400,1879718600,1006,114.9,496,1981800,494,1793700,14865343101,14865343101,3078612556,146400,314600,0,0,0
2025-07-28,BJTM,Bank Pembangunan Daerah Jawa Timur Tbk.,--MO110530J000G111------------,492.0,494.0,496.0,492.0,496.0,4.0,2714700,1342814400,1149,115.3,496,2471700,494,524200,14865343101,14865343101,3078612556,13800,449000,0,0,0
2025-07-25,BJTM,Bank Pembangunan Daerah Jawa Timur Tbk.,--MO110530J000G111------------,496.0,496.0,496.0,492.0,492.0,-4.0,5161400,2548767400,1223,114.4,496,1091500,492,178500,14865343101,14865343101,3078612556,11900,259700,1063,281248,2
2025-07-24,BJTM,Bank Pembangunan Daerah Jawa Timur Tbk.,--MO110530J000G111------------,490.0,490.0,496.0,490.0,496.0,6.0,4392900,2171252400,842,115.3,496,1429200,494,289000,14865343101,14865343101,3078612556,0,177400,0,0,0
2025-07-23,BJTM,Bank Pembangunan Daerah Jawa Timur Tbk.,--MO110530J000G111------------,492.0,492.0,494.0,490.0,490.0,-2.0,3862700,1896285600,1270,114.0,492,96400,490,1262400,14865343101,14865343101,3078612556,179300,324300,0,0,0
2025-07-22,BJTM,Bank Pembangunan Daerah Jawa Timur Tbk.,--MO110530J000G111------------,492.0,492.0,494.0,490.0,492.0,0.0,3634300,1788572800,942,114.4,492,579000,490,1448700,14865343101,14865343101,3078612556,215800,107500,0,0,0
2025-07-21,BJTM,Bank Pembangunan Daerah Jawa Timur Tbk.,--MO110530J000G111------------,492.0,492.0,498.0,490.0,492.0,0.0,5578600,2748561800,1261,114.4,492,92800,490,1692100,14865343101,14865343101,3078612556,157200,2071500,0,0,0
2025-07-18,BJTM,Bank Pembangunan Daerah Jawa Timur Tbk.,--MO110530J000G111------------,492.0,492.0,496.0,490.0,492.0,0.0,7160200,3528887000,1815,114.4,494,630600,492,229400,14865343101,14865343101,3078612556,1738200,849800,0,0,0
2025-07-17,BJTM,Bank Pembangunan Daerah Jawa Timur Tbk.,--MO110530J000G111------------,492.0,492.0,494.0,488.0,492.0,0.0,4276100,2100452600,1618,114.4,492,1394000,490,1608400,14865343101,14865343101,3078612556,979400,833400,0,0,0
2025-07-16,BJTM,Bank Pembangunan Daerah Jawa Timur Tbk.,--MO110530J000G111------------,490.0,492.0,494.0,490.0,492.0,2.0,6565700,3227814000,1797,114.4,492,99400,490,2403800,14865343101,14865343101,3078612556,2489400,601500,0,0,0
2025-07-15,BJTM,Bank Pembangunan Daerah Jawa Timur Tbk.,--MO110530J000G111------------,488.0,488.0,492.0,486.0,490.0,2.0,5824300,2851216200,1260,114.0,490,26000,488,344300,14865343101,14865343101,3078612556,1237900,838200,0,0,0
2025-07-14,BJTM,Bank Pembangunan Daerah Jawa Timur Tbk.,--MO110530J000G111------------,496.0,496.0,496.0,484.0,488.0,-8.0,11521900,5623960600,3168,113.5,490,162300,488,4600,14865343101,14865343101,3078612556,1048900,1118800,0,0,0
2025-07-11,BJTM,Bank Pembangunan Daerah Jawa Timur Tbk.,--MO110530J000G111------------,488.0,490.0,498.0,490.0,496.0,8.0,5743200,2839867200,1568,115.3,496,169700,494,1837900,14865343101,14865343101,3078612556,189700,1371600,0,0,0
2025-07-10,BJTM,Bank Pembangunan Daerah Jawa Timur Tbk.,--MO110530J000G111------------,488.0,490.0,492.0,486.0,488.0,0.0,9469900,4628872600,1480,113.5,490,128600,488,2135400,14865343101,14865343101,3078612556,5562400,1959200,12500,6837500,1
2025-07-09,BJTM,Bank Pembangunan Daerah Jawa Timur Tbk.,--MO110530J000G111------------,488.0,488.0,490.0,486.0,488.0,0.0,4657000,2270029400,1249,113.5,490,1524300,488,72600,14865343101,14865343101,3078612556,370400,2254900,0,0,0
2025-07-08,BJTM,Bank Pembangunan Daerah Jawa Timur Tbk.,--MO110530J000G111------------,484.0,486.0,490.0,484.0,488.0,4.0,5933600,2891218800,992,113.5,488,981200,486,374100,14865343101,14865343101,3078612556,1857700,634100,0,0,0
2025-07-07,BJTM,Bank Pembangunan Daerah Jawa Timur Tbk.,--MO110530J000G111------------,484.0,484.0,488.0,482.0,484.0,0.0,6816000,3301443400,2245,112.6,486,1073200,484,92800,14865343101,14865343101,3078612556,775400,570100,0,0,0
2025-07-04,BJTM,Bank Pembangunan Daerah Jawa Timur Tbk.,--MO110530J000G111------------,486.0,488.0,490.0,484.0,484.0,-2.0,2568000,1247681400,1140,112.6,486,32600,484,988100,14865343101,14865343101,3078612556,619100,208500,0,0,0
2025-07-03,BJTM,Bank Pembangunan Daerah Jawa Timur Tbk.,--MO110530J000G111------------,486.0,486.0,490.0,484.0,486.0,0.0,5864800,2858149000,1603,113.0,488,997800,486,1520100,14865343101,14865343101,3078612556,1872900,318800,0,0,0
2025-07-02,BJTM,Bank Pembangunan Daerah Jawa Timur Tbk.,--MO110530J000G111------------,486.0,488.0,488.0,484.0,486.0,0.0,4772500,2316525400,1595,113.0,486,265500,484,374300,14865343101,14865343101,3078612556,526100,406000,0,0,0
2025-07-01,BJTM,Bank Pembangunan Daerah Jawa Timur Tbk.,--MO110530J000G111------------,500.0,500.0,500.0,486.0,486.0,-14.0,12772900,6281783000,2872,113.0,488,242300,486,692600,14865343101,14865343101,3078612556,8523600,765100,52,25896,1
2025-06-30,BJTM,Bank Pembangunan Daerah Jawa Timur Tbk.,--MO1105306000G111------------,486.0,486.0,500.0,486.0,500.0,14.0,11459300,5663873800,2385,116.3,500,516400,496,100,14865343101,14865343101,3074152953,211200,3453700,0,0,0
2025-06-26,BJTM,Bank Pembangunan Daerah Jawa Timur Tbk.,XDMO1105306000G111------------,476.0,480.0,492.0,480.0,486.0,10.0,15703800,7660715200,1748,113.0,488,13000,486,805400,14865343101,14865343101,3074152953,4485200,522200,24382,11605832,1
2025-06-25,BJTM,Bank Pembangunan Daerah Jawa Timur Tbk.,XDMO1105306000G111------------,480.0,480.0,484.0,476.0,476.0,-4.0,8265500,3956973800,1644,110.7,478,140500,476,1767900,14865343101,14865343101,3074152953,1756700,775500,0,0,0
2025-06-24,BJTM,Bank Pembangunan Daerah Jawa Timur Tbk.,XDMO1105306000G111------------,472.0,474.0,484.0,474.0,480.0,8.0,6821000,3281330400,1613,111.6,482,20100,480,318600,14865343101,14865343101,3074152953,1410900,920200,0,0,0
2025-06-23,BJTM,Bank Pembangunan Daerah Jawa Timur Tbk.,XDMO1105306000G111------------,484.0,480.0,480.0,472.0,472.0,-12.0,17701800,8406712200,3527,109.8,474,11700,472,3249500,14865343101,14865343101,3074152953,1489400,668500,0,0,0
2025-06-20,BJTM,Bank Pembangunan Daerah Jawa Timur Tbk.,XDMO1105306000G111------------,486.0,486.0,486.0,480.0,484.0,-2.0,11419100,5504989000,2875,112.6,484,503400,482,100000,14865343101,14865343101,3074152953,955700,269100,0,0,0
2025-06-19,BJTM,Bank Pembangunan Daerah Jawa Timur Tbk.,XDMO1105306000G111------------,488.0,490.0,490.0,484.0,486.0,-2.0,12808500,6225816600,3701,113.0,486,1360600,484,1464100,14865343101,14865343101,3074152953,2016200,319900,0,0,0
2025-06-18,BJTM,Bank Pembangunan Daerah Jawa Timur Tbk.,XDMO1105306000G111------------,490.0,490.0,490.0,486.0,488.0,-2.0,6137200,2995571600,1541,113.5,490,1656800,488,236400,14865343101,14865343101,3074152953,900200,356700,0,0,0
2025-06-17,BJTM,Bank Pembangunan Daerah Jawa Timur Tbk.,XDMO1105306000G111------------,486.0,486.0,494.0,486.0,490.0,4.0,11014700,5385539600,1817,114.0,490,315200,488,592500,14865343101,14865343101,3074152953,1376300,2597800,0,0,0
2025-06-16,BJTM,Bank Pembangunan Daerah Jawa Timur Tbk.,XDMO1105306000G111------------,490.0,490.0,494.0,486.0,486.0,-4.0,15567300,7619200800,3944,113.0,486,127800,484,1811400,14865343101,14865343101,3074152953,4835900,506700,0,0,0
2025-06-13,BJTM,Bank Pembangunan Daerah Jawa Timur Tbk.,XDMO1105306000G111------------,494.0,494.0,496.0,490.0,490.0,-4.0,13132100,6456742400,3254,114.0,492,482700,490,2368000,14865343101,14865343101,3074152953,2725000,944000,0,0,0
2025-06-12,BJTM,Bank Pembangunan Daerah Jawa Timur Tbk.,XDMO1105306000G111------------,498.0,498.0,500.0,492.0,494.0,-4.0,18683200,9243135400,3851,114.9,496,315400,494,12500,14865343101,14865343101,3074152953,2357900,1321900,0,0,0
2025-06-11,BJTM,Bank Pembangunan Daerah Jawa Timur Tbk.,XDMO1105306000G111------------,505.0,505.0,505.0,492.0,498.0,-7.0,38379300,19134582800,6220,115.8,500,942800,498,100300,14865343101,14865343101,3074152953,8022800,1505500,2500,1275000,1
2025-06-10,BJTM,Bank Pembangunan Daerah Jawa Timur Tbk.,XDMO1105306000G111------------,500.0,500.0,505.0,500.0,505.0,5.0,17947900,9010141000,3163,117.4,505,7903400,500,5068300,14865343101,14865343101,3074152953,2007400,7057200,2500,1275000,1
2025-06-05,BJTM,Bank Pembangunan Daerah Jawa Timur Tbk.,--MO1105306000G111------------,510.0,510.0,510.0,500.0,500.0,-10.0,15288800,7688209000,2356,116.3,505,1987500,500,8840000,14865343101,14865343101,3074152953,2686100,332600,0,0,0
2025-06-04,BJTM,Bank Pembangunan Daerah Jawa Timur Tbk.,--MO1105306000G111------------,560.0,500.0,515.0,498.0,510.0,-50.0,46122500,23333845200,5962,118.6,510,2244900,505,3931100,14865343101,14865343101,3074152953,7387000,8567600,0,0,0
2025-06-03,BJTM,Bank Pembangunan Daerah Jawa Timur Tbk.,CDMO1105306000G111------------,565.0,565.0,565.0,560.0,560.0,-5.0,59823300,33634914000,4340,130.2,565,4029100,560,5808400,14865343101,14865343101,3074152953,9525800,283000,0,0,0
2025-06-02,BJTM,Bank Pembangunan Daerah Jawa Timur Tbk.,CDMO1105306000G111------------,565.0,570.0,570.0,560.0,565.0,0.0,72641200,41058167000,5136,131.4,570,9560700,565,27800,14865343101,14865343101,3074152953,23704600,2720500,0,0,0
2025-05-28,BJTM,Bank Pembangunan Daerah Jawa Timur Tbk.,CDMO1105306000G111------------,565.0,565.0,570.0,560.0,565.0,0.0,25589300,14459492000,2547,131.4,565,225000,560,8408400,14865343101,14865343101,3074152953,3078800,4429000,0,0,0
2025-05-27,BJTM,Bank Pembangunan Daerah Jawa Timur Tbk.,--MO1105306000G111------------,560.0,560.0,565.0,555.0,565.0,5.0,18110000,10155565500,2644,131.4,565,6666200,560,5294600,14865343101,14865343101,3074152953,5136700,181700,0,0,0
2025-05-26,BJTM,Bank Pembangunan Daerah Jawa Timur Tbk.,--MO1105306000G111------------,565.0,570.0,570.0,555.0,560.0,-5.0,24193500,13539559500,2766,130.2,565,3419600,560,242700,14865343101,14865343101,3074152953,9551100,262000,0,0,0
2025-05-23,BJTM,Bank Pembangunan Daerah Jawa Timur Tbk.,--MO1105306000G111------------,565.0,570.0,570.0,560.0,565.0,0.0,27864600,15738050000,2890,131.4,565,505100,560,7473200,14865343101,14865343101,3074152953,13200500,876600,1300,734500,1
2025-05-22,BJTM,Bank Pembangunan Daerah Jawa Timur Tbk.,--MO1105306000G111------------,560.0,565.0,575.0,555.0,565.0,5.0,43608900,24710454000,2957,131.4,570,1986400,565,3099100,14865343101,14865343101,3074152953,2712400,5982900,0,0,0
2025-05-21,BJTM,Bank Pembangunan Daerah Jawa Timur Tbk.,--MO1105306000G111------------,550.0,550.0,560.0,550.0,560.0,10.0,13299600,7405274500,1532,130.2,560,1273800,555,4408200,14865343101,14865343101,3074152953,1337400,1388200,0,0,0
2025-05-20,BJTM,Bank Pembangunan Daerah Jawa Timur Tbk.,--MO1105306000G111------------,560.0,560.0,560.0,550.0,550.0,-10.0,14686800,8139404000,1714,127.9,555,1874100,550,3735700,14865343101,14865343101,3074152953,7184000,249800,0,0,0
2025-05-19,BJTM,Bank Pembangunan Daerah Jawa Timur Tbk.,--MO1105306000G111------------,550.0,550.0,565.0,550.0,560.0,10.0,27775100,15445402500,2606,130.2,560,1505700,555,792200,14865343101,14865343101,3074152953,7594600,1685800,0,0,0
2025-05-16,BJTM,Bank Pembangunan Daerah Jawa Timur Tbk.,--MO1105306000G111------------,550.0,550.0,555.0,540.0,550.0,0.0,22995400,12547109500,2112,127.9,550,340800,545,1571200,14865343101,14865343101,3074152953,7423800,4781500,0,0,0
2025-05-15,BJTM,Bank Pembangunan Daerah Jawa Timur Tbk.,--MO1105306000G111------------,530.0,530.0,550.0,525.0,550.0,20.0,27463200,14890623500,2508,127.9,550,2246900,545,631500,14865343101,14865343101,3074152953,3507200,5345200,0,0,0
2025-05-14,BJTM,Bank Pembangunan Daerah Jawa Timur Tbk.,--MO1105306000G111------------,515.0,520.0,530.0,515.0,530.0,15.0,24087400,12597789000,2312,123.3,530,2925400,525,835300,14865343101,14865343101,3074152953,5241500,8634100,5600,2800000,1
2025-05-09,BJTM,Bank Pembangunan Daerah Jawa Timur Tbk.,--MO1105306000G111------------,515.0,515.0,520.0,510.0,515.0,0.0,11013800,5661517000,2034,119.8,520,3075100,515,1298600,14865343101,14865343101,3074152953,6240500,27500,0,0,0
2025-05-08,BJTM,Bank Pembangunan Daerah Jawa Timur Tbk.,--MO1105306000G111------------,520.0,520.0,525.0,510.0,515.0,-5.0,24419100,12595816000,2431,119.8,520,2489900,515,531900,14865343101,14865343101,3074152953,11165100,1736000,0,0,0
2025-05-07,BJTM,Bank Pembangunan Daerah Jawa Timur Tbk.,--MO1105306000G111------------,520.0,520.0,525.0,515.0,520.0,0.0,12172900,6315883000,2025,120.9,520,407500,515,10691600,14865343101,14865343101,3074152953,4340500,1448600,0,0,0
2025-05-06,BJTM,Bank Pembangunan Daerah Jawa Timur Tbk.,--MO1105306000G111------------,520.0,520.0,525.0,515.0,520.0,0.0,13368000,6938116500,2572,120.9,525,4535500,520,403800,14865343101,14865343101,3074152953,5208700,4484300,0,0,0
2025-05-05,BJTM,Bank Pembangunan Daerah Jawa Timur Tbk.,--MO1105306000G111------------,520.0,525.0,525.0,510.0,520.0,0.0,24450800,12621128500,3398,120.9,520,3624900,515,2396300,14865343101,14865343101,3074152953,16349600,2187000,0,0,0
2025-05-02,BJTM,Bank Pembangunan Daerah Jawa Timur Tbk.,--MO1105306000G111------------,520.0,520.0,525.0,520.0,520.0,0.0,11181900,5831525500,3240,120.9,525,2339900,520,4170700,14865343101,14865343101,3074152953,4346900,2657400,16,8320,1
2025-04-30,BJTM,Bank Pembangunan Daerah Jawa Timur Tbk.,--MO1105306000G111------------,520.0,520.0,525.0,520.0,520.0,0.0,9632500,5028270500,1508,120.9,525,2371000,520,2696400,14865343101,14865343101,3074152953,3890600,1479700,0,0,0
2025-04-29,BJTM,Bank Pembangunan Daerah Jawa Timur Tbk.,--MO1105306000G111------------,525.0,525.0,530.0,520.0,520.0,-5.0,15885800,8304864500,1941,120.9,525,934300,520,5231200,14865343101,14865343101,3074152953,6599000,1748100,0,0,0
2025-04-28,BJTM,Bank Pembangunan Daerah Jawa Timur Tbk.,--MO1105306000G111------------,515.0,515.0,525.0,510.0,525.0,10.0,23617500,12273257500,2395,122.1,525,2386500,520,2029500,14865343101,14865343101,3074152953,11364000,1445500,0,0,0
2025-04-25,BJTM,Bank Pembangunan Daerah Jawa Timur Tbk.,--MO1105306000G111------------,515.0,515.0,520.0,510.0,515.0,0.0,22483200,11563198000,2353,119.8,520,4787400,515,77200,14865343101,14865343101,3074152953,16311800,4149400,0,0,0
2025-04-24,BJTM,Bank Pembangunan Daerah Jawa Timur Tbk.,--MO1105306000G111------------,510.0,510.0,525.0,505.0,515.0,5.0,37493900,19321978500,3639,119.8,515,465800,510,6665300,14865343101,14865343101,3074152953,21249500,13190300,0,0,0
2025-04-23,BJTM,Bank Pembangunan Daerah Jawa Timur Tbk.,--MO1105306000G111------------,510.0,510.0,515.0,500.0,510.0,0.0,34697900,17597297000,4107,118.6,510,1206200,505,2147800,14865343101,14865343101,3074152953,25999800,4366800,0,0,0
2025-04-22,BJTM,Bank Pembangunan Daerah Jawa Timur Tbk.,--MO1105306000G111------------,515.0,515.0,520.0,500.0,510.0,-5.0,15298900,7803257000,1908,118.6,510,1034400,505,2219600,14865343101,14865343101,3074152953,9659300,1736000,0,0,0
2025-04-21,BJTM,Bank Pembangunan Daerah Jawa Timur Tbk.,--MO1105306000G111------------,510.0,510.0,520.0,510.0,515.0,5.0,8107300,4160123500,1326,119.8,520,2192400,515,294500,14865343101,14865343101,3074152953,307400,2565400,0,0,0
2025-04-17,BJTM,Bank Pembangunan Daerah Jawa Timur Tbk.,--MO1105306000G111------------,510.0,510.0,515.0,505.0,510.0,0.0,4925700,2515694500,1031,118.6,515,1437800,510,371700,14865343101,14865343101,3074152953,983800,403700,0,0,0
2025-04-16,BJTM,Bank Pembangunan Daerah Jawa Timur Tbk.,--MO1105306000G111------------,520.0,520.0,525.0,505.0,510.0,-10.0,9746100,5001795500,1977,118.6,510,592500,505,2291500,14865343101,14865343101,3074152953,2461000,612300,0,0,0
2025-04-15,BJTM,Bank Pembangunan Daerah Jawa Timur Tbk.,--MO1105306000G111------------,515.0,515.0,530.0,515.0,520.0,5.0,15135600,7901082500,2681,120.9,525,934400,520,597700,14865343101,14865343101,3074152953,5550600,310600,0,0,0
2025-04-14,BJTM,Bank Pembangunan Daerah Jawa Timur Tbk.,--MO1105306000G111------------,500.0,500.0,520.0,500.0,515.0,15.0,7554100,3876258000,1804,119.8,520,1692400,515,3234200,14865343101,14865343101,3074152953,247800,1840200,0,0,0
2025-04-11,BJTM,Bank Pembangunan Daerah Jawa Timur Tbk.,--MO1105306000G111------------,490.0,490.0,505.0,486.0,500.0,10.0,9769100,4843713300,2018,116.3,500,86700,498,311100,14865343101,14865343101,3074152953,477700,4497900,0,0,0
2025-04-10,BJTM,Bank Pembangunan Daerah Jawa Timur Tbk.,--MO1105306000G111------------,478.0,488.0,496.0,486.0,490.0,12.0,7349700,3603785000,1832,114.0,490,206300,488,151000,14865343101,14865343101,3074152953,1913400,283100,0,0,0
2025-04-09,BJTM,Bank Pembangunan Daerah Jawa Timur Tbk.,--MO1105306000G111------------,470.0,470.0,480.0,466.0,478.0,8.0,5570100,2648422800,1452,111.2,478,177000,476,21100,14865343101,14865343101,3074152953,1603800,796600,0,0,0
2025-04-08,BJTM,Bank Pembangunan Daerah Jawa Timur Tbk.,--MO1105306000G111------------,500.0,470.0,480.0,460.0,470.0,-30.0,19276000,9081105400,4387,109.3,472,102200,470,30700,14865343101,14865343101,3074152953,3959900,3628600,0,0,0
2025-03-27,BJTM,Bank Pembangunan Daerah Jawa Timur Tbk.,--MO1105306000G111------------,488.0,490.0,500.0,484.0,500.0,12.0,7362500,3644316600,1924,116.3,500,716000,498,156000,14865343101,14865343101,3074152953,538200,1378600,0,0,0
2025-03-26,BJTM,Bank Pembangunan Daerah Jawa Timur Tbk.,--MO1105306000G111------------,474.0,474.0,494.0,474.0,488.0,14.0,13125600,6406968400,2492,113.5,490,487300,488,379300,14865343101,14865343101,3074152953,280600,2376300,0,0,0
2025-03-25,BJTM,Bank Pembangunan Daerah Jawa Timur Tbk.,--MO1105306000G111------------,468.0,468.0,478.0,468.0,474.0,6.0,14662900,6894015200,1214,110.2,474,3200,472,116800,14865343101,14865343101,3074152953,10087300,4856200,0,0,0
2025-03-24,BJTM,Bank Pembangunan Daerah Jawa Timur Tbk.,--MO1105306000G111------------,468.0,468.0,470.0,466.0,468.0,0.0,7675700,3589298800,1331,108.8,470,567800,468,140400,14865343101,14865343101,3074152953,2218500,930000,0,0,0
2025-03-21,BJTM,Bank Pembangunan Daerah Jawa Timur Tbk.,--MO1105306000G111------------,468.0,472.0,472.0,462.0,468.0,0.0,8300400,3881265600,1333,108.8,470,224600,468,535600,14865343101,14865343101,3074152953,2563500,1064800,0,0,0
2025-03-20,BJTM,Bank Pembangunan Daerah Jawa Timur Tbk.,--MO1105306000G111------------,468.0,470.0,472.0,466.0,468.0,0.0,6134500,2873889400,1419,108.8,470,114500,468,11100,14865343101,14865343101,3074152953,2611400,2339700,0,0,0
2025-03-19,BJTM,Bank Pembangunan Daerah Jawa Timur Tbk.,--MO1105306000G111------------,458.0,452.0,480.0,452.0,468.0,10.0,13540800,6346582200,1865,108.8,470,37500,468,115200,14865343101,14865343101,3074152953,5045800,2818000,0,0,0
2025-03-18,BJTM,Bank Pembangunan Daerah Jawa Timur Tbk.,--MO1105306000G111------------,472.0,470.0,472.0,450.0,458.0,-14.0,18458700,8470444000,3432,106.5,458,73900,456,315300,14865343101,14865343101,3074152953,2671900,3264800,0,0,0
2025-03-17,BJTM,Bank Pembangunan Daerah Jawa Timur Tbk.,--MO1105306000G111------------,470.0,470.0,474.0,468.0,472.0,2.0,3774900,1775218600,1071,109.8,474,205700,470,123700,14865343101,14865343101,3074152953,321200,73800,0,0,0
2025-03-14,BJTM,Bank Pembangunan Daerah Jawa Timur Tbk.,--MO1105306000G111------------,472.0,472.0,472.0,468.0,470.0,-2.0,2185500,1026893400,953,109.3,470,198500,468,1869400,14865343101,14865343101,3074152953,448800,325000,0,0,0
2025-03-13,BJTM,Bank Pembangunan Daerah Jawa Timur Tbk.,--MO1105306000G111------------,470.0,470.0,472.0,468.0,472.0,2.0,3887000,1826275000,949,109.8,472,295700,470,218900,14865343101,14865343101,3074152953,2201100,985300,0,0,0
2025-03-12,BJTM,Bank Pembangunan Daerah Jawa Timur Tbk.,--MO1105306000G111------------,472.0,472.0,472.0,468.0,470.0,-2.0,11785900,5544089800,1701,109.3,470,16800,468,1875100,14865343101,14865343101,3074152953,10248700,2136400,0,0,0
2025-03-11,BJTM,Bank Pembangunan Daerah Jawa Timur Tbk.,--MO1105306000G111------------,476.0,476.0,476.0,470.0,472.0,-4.0,9041700,4270441600,1726,109.8,472,1105100,470,455200,14865343101,14865343101,3074152953,7116100,1270200,0,0,0
2025-03-10,BJTM,Bank Pembangunan Daerah Jawa Timur Tbk.,--MO1105306000G111------------,480.0,480.0,482.0,472.0,476.0,-4.0,5251800,2495541000,1510,110.7,478,66300,476,121000,14865343101,14865343101,3074152953,1579000,53500,0,0,0
2025-03-07,BJTM,Bank Pembangunan Daerah Jawa Timur Tbk.,--MO1105306000G111------------,480.0,480.0,482.0,472.0,480.0,0.0,20127800,9616296200,2299,111.6,480,45200,478,1387600,14865343101,14865343101,3074152953,16645600,3117300,0,0,0
2025-03-06,BJTM,Bank Pembangunan Daerah Jawa Timur Tbk.,--MO1105306000G111------------,470.0,474.0,484.0,474.0,480.0,10.0,7382300,3538596000,1697,111.6,480,659900,478,200,14865343101,14865343101,3074152953,812700,1548300,0,0,0
2025-03-05,BJTM,Bank Pembangunan Daerah Jawa Timur Tbk.,--MO1105306000G111------------,468.0,470.0,482.0,470.0,470.0,2.0,16059900,7618304800,2603,109.3,472,100,470,969200,14865343101,14865343101,3074152953,8703200,2353800,0,0,0
2025-03-04,BJTM,Bank Pembangunan Daerah Jawa Timur Tbk.,--MO1105306000G111------------,480.0,478.0,480.0,466.0,468.0,-12.0,13492900,6375078600,2641,108.8,470,236400,468,193000,14865343101,14865343101,3074152953,5090800,3124800,0,0,0
2025-03-03,BJTM,Bank Pembangunan Daerah Jawa Timur Tbk.,--MO1105306000G111------------,454.0,454.0,484.0,452.0,480.0,26.0,17115100,8079812800,3776,111.6,480,6200,478,345400,14865343101,14865343101,3074152953,5464700,3006100,0,0,0
2025-02-28,BJTM,Bank Pembangunan Daerah Jawa Timur Tbk.,--MO1105306000G111------------,474.0,474.0,474.0,452.0,454.0,-20.0,17284600,7958003400,4516,105.6,456,136700,454,171100,14865343101,14865343101,3074152953,3825100,3882500,0,0,0
2025-02-27,BJTM,Bank Pembangunan Daerah Jawa Timur Tbk.,--MO1105306000G111------------,480.0,480.0,486.0,472.0,474.0,-6.0,15861800,7556865200,3300,110.2,474,64000,472,490700,14865343101,14865343101,3074152953,3734800,1660900,0,0,0
2025-02-26,BJTM,Bank Pembangunan Daerah Jawa Timur Tbk.,--MO1105306000G111------------,500.0,500.0,505.0,476.0,480.0,-20.0,48432900,23540777800,7409,111.6,482,341200,480,246800,14865343101,14865343101,3074152953,3379600,1533000,0,0,0
2025-02-25,BJTM,Bank Pembangunan Daerah Jawa Timur Tbk.,--MO1105306000G111------------,515.0,510.0,515.0,500.0,500.0,-15.0,17460600,8792705000,3647,116.3,505,247700,500,5862100,14865343101,14865343101,3074152953,1970300,137200,0,0,0
2025-02-24,BJTM,Bank Pembangunan Daerah Jawa Timur Tbk.,--MO1105306000G111------------,545.0,535.0,540.0,500.0,515.0,-30.0,44719000,23052566500,6678,119.8,515,276300,510,1938000,14865343101,14865343101,3074152953,10047300,5112300,0,0,0
2025-02-21,BJTM,Bank Pembangunan Daerah Jawa Timur Tbk.,--MO1105306000G111------------,545.0,545.0,545.0,540.0,545.0,0.0,6605800,3584480500,1635,126.7,545,726400,540,3468900,14865343101,14865343101,3074152953,868800,55700,0,0,0
2025-02-20,BJTM,Bank Pembangunan Daerah Jawa Timur Tbk.,--MO1105306000G111------------,555.0,550.0,555.0,545.0,545.0,-10.0,8267300,4542802500,1415,126.7,550,120400,545,3020000,14865343101,14865343101,3074152953,2120400,68200,0,0,0
2025-02-19,BJTM,Bank Pembangunan Daerah Jawa Timur Tbk.,--MO1105306000G111------------,565.0,565.0,565.0,550.0,555.0,-10.0,9632400,5370617500,2221,129.1,555,278400,550,1864700,14865343101,14865343101,3074152953,3766400,117400,0,0,0
2025-02-18,BJTM,Bank Pembangunan Daerah Jawa Timur Tbk.,--MO1105306000G111------------,560.0,565.0,565.0,560.0,565.0,5.0,2817100,1583147000,934,131.4,565,1485300,560,2001000,14865343101,14865343101,3074152953,938700,7800,0,0,0
2025-02-17,BJTM,Bank Pembangunan Daerah Jawa Timur Tbk.,--MO1105306000G111------------,545.0,550.0,565.0,545.0,560.0,15.0,8329200,4626429500,1503,130.2,565,681900,560,489100,14865343101,14865343101,3074152953,1903400,1551700,0,0,0
2025-02-14,BJTM,Bank Pembangunan Daerah Jawa Timur Tbk.,--MO1105306000G111------------,545.0,550.0,550.0,545.0,545.0,0.0,3514100,1918100500,1022,126.7,550,989900,545,472900,14865343101,14865343101,3074152953,380600,20400,0,0,0
2025-02-13,BJTM,Bank Pembangunan Daerah Jawa Timur Tbk.,--MO1105306000G111------------,545.0,545.0,550.0,540.0,545.0,0.0,2384800,1301348000,1018,126.7,550,1202500,545,324500,14865343101,14865343101,3074152953,926300,29700,0,0,0
2025-02-12,BJTM,Bank Pembangunan Daerah Jawa Timur Tbk.,--MO1105306000G111------------,545.0,545.0,550.0,540.0,545.0,0.0,3551200,1937817500,1144,126.7,550,788100,545,1470800,14865343101,14865343101,3074152953,328700,244800,0,0,0
2025-02-11,BJTM,Bank Pembangunan Daerah Jawa Timur Tbk.,--MO1105306000G111------------,550.0,550.0,550.0,540.0,545.0,-5.0,6330100,3446522000,1541,126.7,545,65100,540,2284100,14865343101,14865343101,3074152953,1399400,607800,0,0,0
2025-02-10,BJTM,Bank Pembangunan Daerah Jawa Timur Tbk.,--MO1105306000G111------------,555.0,555.0,555.0,545.0,550.0,-5.0,6376700,3505593500,1412,127.9,550,847300,545,2101200,14865343101,14865343101,3074152953,1817000,1265000,0,0,0
2025-02-07,BJTM,Bank Pembangunan Daerah Jawa Timur Tbk.,--MO1105306000G111------------,555.0,555.0,560.0,545.0,555.0,0.0,7884200,4358997500,1861,129.1,555,397700,550,1962300,14865343101,14865343101,3074152953,2025300,1087400,0,0,0
2025-02-06,BJTM,Bank Pembangunan Daerah Jawa Timur Tbk.,--MO1105306000G111------------,565.0,565.0,565.0,550.0,555.0,-10.0,8773900,4894520000,1750,129.1,555,554200,550,1485400,14865343101,14865343101,3074152953,918000,121700,0,0,0
2025-02-05,BJTM,Bank Pembangunan Daerah Jawa Timur Tbk.,--MO1105306000G111------------,570.0,570.0,570.0,560.0,565.0,-5.0,5636100,3188768500,1335,131.4,565,162300,560,2511600,14865343101,14865343101,3074152953,609100,248400,0,0,0
2025-02-04,BJTM,Bank Pembangunan Daerah Jawa Timur Tbk.,--MO1105306000G111------------,575.0,575.0,580.0,565.0,570.0,-5.0,4116500,2353578000,1120,132.6,570,550600,565,1466100,14865343101,14865343101,3074152953,648100,611400,0,0,0
2025-02-03,BJTM,Bank Pembangunan Daerah Jawa Timur Tbk.,--MO1105306000G111------------,575.0,575.0,575.0,560.0,575.0,0.0,10238600,5823904500,1813,133.7,575,1459400,570,232300,14865343101,14865343101,3074152953,717700,1518800,0,0,0
2025-01-31,BJTM,Bank Pembangunan Daerah Jawa Timur Tbk.,--MO1105306000G111------------,570.0,570.0,580.0,570.0,575.0,5.0,4603600,2641471000,1077,133.7,580,1625200,575,9300,14865343101,14865343101,3074152953,240100,659200,0,0,0
2025-01-30,BJTM,Bank Pembangunan Daerah Jawa Timur Tbk.,--MO1105306000G111------------,580.0,580.0,580.0,570.0,570.0,-10.0,5747800,3286913500,1488,132.6,575,1645200,570,1067700,14865343101,14865343101,3074152953,526500,258200,0,0,0
2025-01-24,BJTM,Bank Pembangunan Daerah Jawa Timur Tbk.,--MO1105306000G111------------,585.0,585.0,590.0,570.0,580.0,-5.0,9283300,5377621000,1560,134.9,580,762000,575,347000,14865343101,14865343101,3074152953,4395400,901500,0,0,0
2025-01-23,BJTM,Bank Pembangunan Daerah Jawa Timur Tbk.,--MO1105306000G111------------,580.0,580.0,590.0,580.0,585.0,5.0,12910600,7550478500,1861,136.0,585,177300,580,5242700,14865343101,14865343101,3074152953,2169100,6148200,0,0,0
2025-01-22,BJTM,Bank Pembangunan Daerah Jawa Timur Tbk.,--MO1105306000G111------------,575.0,575.0,585.0,575.0,580.0,5.0,10858000,6284236500,1691,134.9,580,3391900,575,1869900,14865343101,14865343101,3074152953,1472500,3934500,0,0,0
2025-01-21,BJTM,Bank Pembangunan Daerah Jawa Timur Tbk.,--MO1105306000G111------------,570.0,570.0,580.0,570.0,575.0,5.0,12577800,7230744500,1798,133.7,580,3511900,575,38700,14865343101,14865343101,3074152953,334400,4778600,0,0,0
2025-01-20,BJTM,Bank Pembangunan Daerah Jawa Timur Tbk.,--MO1105306000G111------------,565.0,565.0,570.0,560.0,570.0,5.0,5560200,3155620500,1457,132.6,570,1741800,565,1639800,14865343101,14865343101,3074152953,150300,386600,0,0,0
2025-01-17,BJTM,Bank Pembangunan Daerah Jawa Timur Tbk.,--MO1105306000G111------------,565.0,565.0,565.0,555.0,565.0,0.0,4976400,2791983500,993,131.4,565,1219300,560,1572900,14865343101,14865343101,3074152953,240800,596600,0,0,0
2025-01-16,BJTM,Bank Pembangunan Daerah Jawa Timur Tbk.,--MO1105306000G111------------,555.0,555.0,570.0,555.0,565.0,10.0,10633200,5975636500,1753,131.4,565,932200,560,1534800,14865343101,14865343101,3074152953,216300,2687000,0,0,0
2025-01-15,BJTM,Bank Pembangunan Daerah Jawa Timur Tbk.,--MO1105306000G111------------,540.0,540.0,555.0,540.0,555.0,15.0,9879800,5408958500,1362,129.1,555,294900,550,521800,14865343101,14865343101,3074152953,647000,4093300,0,0,0
2025-01-14,BJTM,Bank Pembangunan Daerah Jawa Timur Tbk.,--MO1105306000G111------------,540.0,540.0,545.0,540.0,540.0,0.0,2989600,1621295000,748,125.6,545,813100,540,1956400,14865343101,14865343101,3074152953,39600,146500,0,0,0
2025-01-13,BJTM,Bank Pembangunan Daerah Jawa Timur Tbk.,--MO1105306000G111------------,550.0,550.0,550.0,540.0,540.0,-10.0,7238700,3928185000,1400,125.6,545,1169600,540,943900,14865343101,14865343101,3074152953,1053000,250000,0,0,0
2025-01-10,BJTM,Bank Pembangunan Daerah Jawa Timur Tbk.,--MO1105306000G111------------,545.0,545.0,550.0,545.0,550.0,5.0,3254700,1783208000,761,127.9,550,2267400,545,1975900,14865343101,14865343101,3074152953,98000,169200,0,0,0
2025-01-09,BJTM,Bank Pembangunan Daerah Jawa Timur Tbk.,--MO1105306000G111------------,550.0,550.0,550.0,545.0,545.0,-5.0,3275200,1796231500,709,126.7,550,768600,545,1841800,14865343101,14865343101,3074152953,349900,784000,0,0,0
2025-01-08,BJTM,Bank Pembangunan Daerah Jawa Timur Tbk.,--MO1105306000G111------------,540.0,540.0,550.0,540.0,550.0,10.0,4906800,2661990500,968,127.9,550,1871300,545,10700,14865343101,14865343101,3074152953,418800,563700,0,0,0
2025-01-07,BJTM,Bank Pembangunan Daerah Jawa Timur Tbk.,--MO1105306000G111------------,545.0,545.0,550.0,540.0,540.0,-5.0,5525600,2993835500,1070,125.6,545,584200,540,1585900,14865343101,14865343101,3074152953,579700,337000,0,0,0
2025-01-06,BJTM,Bank Pembangunan Daerah Jawa Timur Tbk.,--MO1105306000G111------------,550.0,550.0,555.0,545.0,545.0,-5.0,3024200,1657546500,985,126.7,550,833900,545,1067100,14865343101,14865343101,3074152953,624700,100,0,0,0
2025-01-03,BJTM,Bank Pembangunan Daerah Jawa Timur Tbk.,--MO1105306000G111------------,550.0,550.0,555.0,550.0,550.0,0.0,3417800,1887119500,1082,127.9,555,500600,550,250000,14865343101,14865343101,3074152953,441400,131300,0,0,0
2025-01-02,BJTM,Bank Pembangunan Daerah Jawa Timur Tbk.,--MO1105306000G111------------,540.0,540.0,550.0,540.0,550.0,10.0,4715300,2574568000,1416,127.9,550,132400,545,1039500,14865343101,14865343101,3074152953,330300,1289200,0,0,0
2024-12-30,BJTM,Bank Pembangunan Daerah Jawa Timur Tbk.,--MO1105306000G111------------,535.0,535.0,540.0,535.0,540.0,5.0,4311200,2319321000,1161,125.6,540,266300,535,2187600,14865343101,14865343101,3042935733,298500,289300,0,0,0
2024-12-27,BJTM,Bank Pembangunan Daerah Jawa Timur Tbk.,--MO1105306000G111------------,540.0,540.0,540.0,535.0,535.0,-5.0,2522600,1355539500,917,124.4,540,829800,535,1580100,14865343101,14865343101,3042935733,63100,42700,0,0,0
2024-12-24,BJTM,Bank Pembangunan Daerah Jawa Timur Tbk.,--MO1105306000G111------------,535.0,535.0,540.0,530.0,540.0,5.0,4516000,2411779000,1194,125.6,540,1724100,535,683100,14865343101,14865343101,3042935733,408400,900,0,0,0
2024-12-23,BJTM,Bank Pembangunan Daerah Jawa Timur Tbk.,--MO1105306000G111------------,535.0,535.0,540.0,530.0,535.0,0.0,4900700,2617171500,1268,124.4,535,1437000,530,2129100,14865343101,14865343101,3042935733,494100,24800,0,0,0
2024-12-20,BJTM,Bank Pembangunan Daerah Jawa Timur Tbk.,--MO1105306000G111------------,530.0,530.0,535.0,530.0,535.0,5.0,3428900,1822886000,1312,124.4,535,4168200,530,221400,14865343101,14865343101,3042935733,508300,239300,0,0,0
2024-12-19,BJTM,Bank Pembangunan Daerah Jawa Timur Tbk.,--MO1105306000G111------------,540.0,545.0,545.0,525.0,530.0,-10.0,13345400,7098588000,2844,123.3,530,153200,525,2120200,14865343101,14865343101,3042935733,1068000,1989500,0,0,0
2024-12-18,BJTM,Bank Pembangunan Daerah Jawa Timur Tbk.,--MO1105306000G111------------,540.0,540.0,545.0,535.0,540.0,0.0,7219800,3899955500,1615,125.6,540,176700,535,3025200,14865343101,14865343101,3042935733,1601700,38500,0,0,0
2024-12-17,BJTM,Bank Pembangunan Daerah Jawa Timur Tbk.,--MO1105306000G111------------,545.0,545.0,550.0,540.0,540.0,-5.0,5163700,2806620000,1058,125.6,545,1761700,540,3910100,14865343101,14865343101,3042935733,1123300,165100,0,0,0
2024-12-16,BJTM,Bank Pembangunan Daerah Jawa Timur Tbk.,--MO1105306000G111------------,550.0,550.0,555.0,540.0,545.0,-5.0,6640200,3630856000,1465,126.7,550,1733700,545,1332700,14865343101,14865343101,3042935733,1558100,618200,0,0,0
2024-12-13,BJTM,Bank Pembangunan Daerah Jawa Timur Tbk.,--MO1105306000G111------------,555.0,555.0,555.0,550.0,550.0,-5.0,4566900,2524880000,681,127.9,555,648400,550,3102300,14865343101,14865343101,3042935733,814100,350700,0,0,0
2024-12-12,BJTM,Bank Pembangunan Daerah Jawa Timur Tbk.,--MO1105306000G111------------,555.0,555.0,560.0,550.0,555.0,0.0,2936600,1631688500,848,129.1,555,146100,550,2413700,14865343101,14865343101,3042935733,50100,58200,0,0,0
2024-12-11,BJTM,Bank Pembangunan Daerah Jawa Timur Tbk.,--MO1105306000G111------------,555.0,555.0,560.0,550.0,555.0,0.0,5957100,3312627000,1262,129.1,555,539000,550,2778300,14865343101,14865343101,3042935733,1054200,1417900,0,0,0
2024-12-10,BJTM,Bank Pembangunan Daerah Jawa Timur Tbk.,--MO1105306000G111------------,555.0,560.0,560.0,550.0,555.0,0.0,3741200,2077605500,962,129.1,560,2635400,555,426000,14865343101,14865343101,3042935733,846700,75700,0,0,0
2024-12-09,BJTM,Bank Pembangunan Daerah Jawa Timur Tbk.,--MO1105306000G111------------,555.0,555.0,565.0,555.0,555.0,0.0,5355100,2985852500,1229,129.1,560,606500,555,1293500,14865343101,14865343101,3042935733,1078700,200800,20000,13800000,1
2024-12-06,BJTM,Bank Pembangunan Daerah Jawa Timur Tbk.,--M-1105306000G111------------,550.0,0.0,560.0,545.0,555.0,5.0,4976800,2753566500,784,129.1,555,281600,550,1862700,14865343101,14865343101,3042935733,521600,677600,0,0,0
2024-12-05,BJTM,Bank Pembangunan Daerah Jawa Timur Tbk.,--M-1105306000G111------------,550.0,0.0,555.0,545.0,550.0,0.0,7987000,4384481000,854,127.9,550,458100,545,1205700,14865343101,14865343101,3042935733,808100,206900,0,0,0
2024-12-04,BJTM,Bank Pembangunan Daerah Jawa Timur Tbk.,--M-1105306000G111------------,545.0,0.0,555.0,545.0,550.0,5.0,3018500,1656298000,869,127.9,550,483900,545,2076900,14865343101,14865343101,3042935733,410600,49200,0,0,0
2024-12-03,BJTM,Bank Pembangunan Daerah Jawa Timur Tbk.,--M-1105306000G111------------,545.0,0.0,550.0,540.0,545.0,0.0,2899200,1577153000,922,126.7,550,1402100,545,495500,14865343101,14865343101,3042935733,835900,352000,0,0,0
2024-12-02,BJTM,Bank Pembangunan Daerah Jawa Timur Tbk.,--M-1105306000G111------------,545.0,0.0,545.0,535.0,545.0,0.0,9863800,5343409000,1990,126.7,545,1544200,540,18900,14865343101,14865343101,3042935733,1041200,1968400,0,0,0
2024-11-29,BJTM,Bank Pembangunan Daerah Jawa Timur Tbk.,--S-1105306000G111------------,545.0,0.0,550.0,540.0,545.0,0.0,5826200,3166896500,1516,126.7,545,665400,540,1752100,14865343101,14865343101,3042935733,819800,271700,0,0,0
2024-11-28,BJTM,Bank Pembangunan Daerah Jawa Timur Tbk.,--S-1105306000G111------------,555.0,0.0,560.0,545.0,545.0,-10.0,5176600,2841826000,1280,126.7,550,282800,545,1364400,14865343101,14865343101,3042935733,521100,510700,0,0,0
2024-11-26,BJTM,Bank Pembangunan Daerah Jawa Timur Tbk.,--S-1105306000G111------------,555.0,0.0,560.0,550.0,555.0,0.0,4295500,2387218000,1038,129.1,560,1953700,555,9516400,14865343101,14865343101,3042935733,959300,2068400,0,0,0
2024-11-25,BJTM,Bank Pembangunan Daerah Jawa Timur Tbk.,--S-1105306000G111------------,545.0,0.0,560.0,540.0,555.0,10.0,7540800,4167743000,1468,129.1,560,1510300,555,2063300,14865343101,14865343101,3042935733,241500,3450100,0,0,0
2024-11-22,BJTM,Bank Pembangunan Daerah Jawa Timur Tbk.,--S-1105306000G111------------,540.0,0.0,545.0,540.0,545.0,5.0,2150400,1167151000,696,126.7,545,2015900,540,2879200,14865343101,14865343101,3042935733,67500,205600,0,0,0
2024-11-21,BJTM,Bank Pembangunan Daerah Jawa Timur Tbk.,--S-1105306000G111------------,540.0,0.0,545.0,540.0,540.0,0.0,2832100,1532246000,1211,125.6,545,2626200,540,7200,14865343101,14865343101,3042935733,483900,4600,0,0,0
2024-11-20,BJTM,Bank Pembangunan Daerah Jawa Timur Tbk.,--S-1105306000G111------------,540.0,0.0,545.0,540.0,540.0,0.0,1365000,739997000,555,125.6,545,1684200,540,2629000,14865343101,14865343101,3042935733,17500,3000,0,0,0
2024-11-19,BJTM,Bank Pembangunan Daerah Jawa Timur Tbk.,--S-1105306000G111------------,540.0,0.0,545.0,535.0,540.0,0.0,3104300,1676879000,984,125.6,545,982300,540,1335500,14865343101,14865343101,3042935733,139900,654300,0,0,0
2024-11-18,BJTM,Bank Pembangunan Daerah Jawa Timur Tbk.,--S-1105306000G111------------,545.0,0.0,545.0,535.0,540.0,-5.0,6748200,3647939000,1752,125.6,540,237900,535,4066900,14865343101,14865343101,3042935733,290600,0,0,0,0
2024-11-15,BJTM,Bank Pembangunan Daerah Jawa Timur Tbk.,--S-1105306000G111------------,545.0,0.0,550.0,540.0,545.0,0.0,2756300,1497614000,875,126.7,545,279900,540,6181500,14865343101,14865343101,3042935733,439700,5700,0,0,0
2024-11-14,BJTM,Bank Pembangunan Daerah Jawa Timur Tbk.,--S-1105306000G111------------,550.0,0.0,550.0,540.0,545.0,-5.0,3455700,1881001000,1233,126.7,545,36300,540,6715600,14865343101,14865343101,3042935733,507400,1400,0,0,0
2024-11-13,BJTM,Bank Pembangunan Daerah Jawa Timur Tbk.,--S-1105306000G111------------,545.0,0.0,550.0,545.0,550.0,5.0,4092200,2233791500,1162,127.9,550,552700,545,1572800,14865343101,14865343101,3042935733,111000,341200,0,0,0
2024-11-12,BJTM,Bank Pembangunan Daerah Jawa Timur Tbk.,--S-1105306000G111------------,545.0,0.0,550.0,540.0,545.0,0.0,3571400,1950592500,1114,126.7,550,762800,545,494900,14865343101,14865343101,3042935733,309000,9300,3000,1770000,1
2024-11-11,BJTM,Bank Pembangunan Daerah Jawa Timur Tbk.,--S-1105306000G111------------,550.0,0.0,555.0,530.0,545.0,-5.0,12642700,6854237500,2799,126.7,550,851800,545,207200,14865343101,14865343101,3042935733,463900,315600,0,0,0
2024-11-08,BJTM,Bank Pembangunan Daerah Jawa Timur Tbk.,--S-1105306000G111------------,550.0,0.0,555.0,545.0,550.0,0.0,5086300,2796231500,1257,127.9,555,2551200,550,498700,14865343101,14865343101,3042935733,1248900,5300,0,0,0
2024-11-07,BJTM,Bank Pembangunan Daerah Jawa Timur Tbk.,--S-1105306000G111------------,555.0,0.0,555.0,550.0,550.0,-5.0,8691600,4787578500,1319,127.9,550,602300,545,2236100,14865343101,14865343101,3042935733,381200,6100,0,0,0
2024-11-06,BJTM,Bank Pembangunan Daerah Jawa Timur Tbk.,--S-1105306000G111------------,550.0,0.0,555.0,550.0,555.0,5.0,7858200,4326974500,1423,129.1,555,1886300,550,3201100,14865343101,14865343101,3042935733,33400,27200,0,0,0
2024-11-05,BJTM,Bank Pembangunan Daerah Jawa Timur Tbk.,--S-1105306000G111------------,555.0,0.0,555.0,550.0,550.0,-5.0,3780300,2089671000,1048,127.9,555,680800,550,5244300,14865343101,14865343101,3042935733,193200,43800,0,0,0
2024-11-04,BJTM,Bank Pembangunan Daerah Jawa Timur Tbk.,--S-1105306000G111------------,555.0,0.0,560.0,550.0,555.0,0.0,9074300,5011578500,1868,129.1,555,1001400,550,4099200,14865343101,14865343101,3042935733,526400,126700,0,0,0
2024-11-01,BJTM,Bank Pembangunan Daerah Jawa Timur Tbk.,--S-1105306000G111------------,560.0,0.0,565.0,555.0,555.0,-5.0,6394700,3557609500,1265,129.1,560,1324300,555,1327700,14865343101,14865343101,3042935733,527200,106900,61,33855,1
2024-10-31,BJTM,Bank Pembangunan Daerah Jawa Timur Tbk.,--S-1105306000G111------------,555.0,0.0,560.0,555.0,560.0,5.0,4730300,2637367500,1407,130.2,565,1074700,560,203700,14865343101,14865343101,3042935733,573700,106900,0,0,0
2024-10-30,BJTM,Bank Pembangunan Daerah Jawa Timur Tbk.,--S-1105306000G111------------,560.0,0.0,565.0,550.0,555.0,-5.0,19681500,10933148000,3296,129.1,560,168500,555,880200,14865343101,14865343101,3042935733,8715500,1800,0,0,0
2024-10-29,BJTM,Bank Pembangunan Daerah Jawa Timur Tbk.,--S-1105306000G111------------,565.0,0.0,565.0,560.0,560.0,-5.0,3761700,2115586500,737,130.2,565,977600,560,6450300,14865343101,14865343101,3042935733,425600,2800,0,0,0
2024-10-28,BJTM,Bank Pembangunan Daerah Jawa Timur Tbk.,--S-1105306000G111------------,565.0,0.0,565.0,560.0,565.0,0.0,4473200,2514944500,906,131.4,565,1095000,560,7018400,14865343101,14865343101,3042935733,226900,1700,0,0,0
2024-10-25,BJTM,Bank Pembangunan Daerah Jawa Timur Tbk.,--S-1105306000G111------------,565.0,0.0,570.0,560.0,565.0,0.0,5007400,2827779500,1537,131.4,565,691300,560,9094400,14865343101,14865343101,3042935733,1116800,272400,0,0,0
2024-10-24,BJTM,Bank Pembangunan Daerah Jawa Timur Tbk.,--S-1105306000G111------------,570.0,0.0,570.0,565.0,565.0,-5.0,4828600,2731170000,664,131.4,570,2841400,565,3813500,14865343101,14865343101,3042935733,672900,0,0,0,0
2024-10-23,BJTM,Bank Pembangunan Daerah Jawa Timur Tbk.,--S-1105306000G111------------,570.0,0.0,570.0,555.0,570.0,0.0,4735600,2687419500,649,132.6,570,1472200,565,3232000,14865343101,14865343101,3042935733,716500,0,3000000,1695000000,2
2024-10-22,BJTM,Bank Pembangunan Daerah Jawa Timur Tbk.,--S-1105306000G111------------,570.0,0.0,575.0,565.0,570.0,0.0,4112300,2345074000,826,132.6,570,95100,565,5376900,14865343101,14865343101,3042935733,842600,15400,3000000,1695000000,2
2024-10-21,BJTM,Bank Pembangunan Daerah Jawa Timur Tbk.,--S-1105306000G111------------,575.0,0.0,575.0,565.0,570.0,-5.0,4907000,2798819500,1152,132.6,575,7920300,570,137100,14865343101,14865343101,3042935733,942800,2700,3000000,1710000000,2
2024-10-18,BJTM,Bank Pembangunan Daerah Jawa Timur Tbk.,--S-1105306000G111------------,570.0,0.0,575.0,570.0,575.0,5.0,3211300,1834008500,734,133.7,575,3937100,570,1354700,14865343101,14865343101,3042935733,521800,19200,3000000,1710000000,2
2024-10-17,BJTM,Bank Pembangunan Daerah Jawa Timur Tbk.,--S-1105306000G111------------,565.0,0.0,575.0,565.0,570.0,5.0,6581400,3748856500,1125,132.6,575,6129300,570,1144000,14865343101,14865343101,3042935733,1823600,207500,3000000,1695000000,2
2024-10-16,BJTM,Bank Pembangunan Daerah Jawa Timur Tbk.,--S-1105306000G111------------,565.0,0.0,570.0,565.0,565.0,0.0,6183900,3501260500,1194,131.4,570,1224300,565,392900,14865343101,14865343101,3042935733,1009300,32800,3000000,1695000000,2
2024-10-15,BJTM,Bank Pembangunan Daerah Jawa Timur Tbk.,--S-1105306000G111------------,565.0,0.0,570.0,565.0,565.0,0.0,2338200,1324564500,589,131.4,570,5637800,565,2145500,14865343101,14865343101,3042935733,391500,2800,3000000,1695000000,2
2024-10-14,BJTM,Bank Pembangunan Daerah Jawa Timur Tbk.,--S-1105306000G111------------,565.0,0.0,570.0,560.0,565.0,0.0,4656300,2627723500,1245,131.4,570,3841600,565,474400,14865343101,14865343101,3042935733,1458300,2900,3000031,1695017515,3
2024-10-11,BJTM,Bank Pembangunan Daerah Jawa Timur Tbk.,--S-1105306000G111------------,560.0,0.0,570.0,560.0,565.0,5.0,2217200,1251149000,776,131.4,565,141100,560,7921100,14865343101,14865343101,3042935733,458300,14900,3000000,1695000000,2
2024-10-10,BJTM,Bank Pembangunan Daerah Jawa Timur Tbk.,--S-1105306000G111------------,570.0,0.0,570.0,560.0,560.0,-10.0,3621400,2043949000,1155,130.2,565,105000,560,6967100,14865343101,14865343101,3042935733,1525200,1800,0,0,0
2024-10-09,BJTM,Bank Pembangunan Daerah Jawa Timur Tbk.,--S-1105306000G111------------,565.0,0.0,570.0,560.0,570.0,5.0,3989600,2255094000,1069,132.6,570,3719700,565,170800,14865343101,14865343101,3042935733,1080200,7800,3000000,1695000000,2
2024-10-08,BJTM,Bank Pembangunan Daerah Jawa Timur Tbk.,--S-1105306000G111------------,565.0,0.0,570.0,560.0,565.0,0.0,4903100,2763734000,828,131.4,570,2416900,565,1229300,14865343101,14865343101,3042935733,584700,2800,0,0,0
2024-10-07,BJTM,Bank Pembangunan Daerah Jawa Timur Tbk.,--S-1105306000G111------------,565.0,0.0,565.0,560.0,565.0,0.0,4605300,2591983500,1377,131.4,565,483400,560,4230800,14865343101,14865343101,3042935733,490900,2800,0,0,0
2024-10-04,BJTM,Bank Pembangunan Daerah Jawa Timur Tbk.,--S-1105306000G111------------,560.0,0.0,565.0,560.0,565.0,5.0,2136000,1201137000,788,131.4,565,1033400,560,3972400,14865343101,14865343101,3042935733,238000,2800,0,0,0
2024-10-03,BJTM,Bank Pembangunan Daerah Jawa Timur Tbk.,--S-1105306000G111------------,565.0,0.0,565.0,560.0,560.0,-5.0,3567600,2004057500,1119,130.2,565,2125200,560,3345800,14865343101,14865343101,3042935733,404700,2800,0,0,0
2024-10-02,BJTM,Bank Pembangunan Daerah Jawa Timur Tbk.,--S-1105306000G111------------,570.0,0.0,570.0,560.0,565.0,-5.0,5393300,3043284000,1650,131.4,565,583300,560,5676200,14865343101,14865343101,3042935733,1400800,1000,74,41810,1
2024-10-01,BJTM,Bank Pembangunan Daerah Jawa Timur Tbk.,--S-1105306000G111------------,570.0,0.0,570.0,560.0,570.0,0.0,7584500,4288142500,1782,132.6,570,1806300,565,899000,14865343101,14865343101,3042935733,744900,8200,0,0,0
2024-09-30,BJTM,Bank Pembangunan Daerah Jawa Timur Tbk.,--S-1105306000G111------------,570.0,0.0,575.0,565.0,570.0,0.0,5537100,3135016500,1842,132.6,570,1976800,565,1673000,14865343101,14865343101,3044422267,673000,7500,146,82950,2
2024-09-27,BJTM,Bank Pembangunan Daerah Jawa Timur Tbk.,--S-1105306000G111------------,575.0,0.0,580.0,565.0,570.0,-5.0,6680500,3812440500,1719,132.6,575,1855600,570,23400,14865343101,14865343101,3044422267,440400,14200,0,0,0
2024-09-26,BJTM,Bank Pembangunan Daerah Jawa Timur Tbk.,--S-1105306000G111------------,575.0,0.0,580.0,570.0,575.0,0.0,5323700,3055613000,1463,133.7,575,931400,570,3093800,14865343101,14865343101,3044422267,606100,34500,0,0,0
2024-09-25,BJTM,Bank Pembangunan Daerah Jawa Timur Tbk.,--S-1105306000G111------------,585.0,0.0,585.0,575.0,575.0,-10.0,9700700,5590429500,2213,133.7,580,1945300,575,290600,14865343101,14865343101,3044422267,864800,2500,0,0,0
2024-09-24,BJTM,Bank Pembangunan Daerah Jawa Timur Tbk.,--S-1105306000G111------------,580.0,0.0,585.0,575.0,585.0,5.0,5215600,3024600500,1330,136.0,585,3171500,580,1076700,14865343101,14865343101,3044422267,67500,303200,0,0,0
2024-09-23,BJTM,Bank Pembangunan Daerah Jawa Timur Tbk.,--S-1105306000G111------------,585.0,0.0,585.0,575.0,580.0,-5.0,6708900,3896916500,1558,134.9,585,2985600,580,1249200,14865343101,14865343101,3044422267,613100,542000,0,0,0
2024-09-20,BJTM,Bank Pembangunan Daerah Jawa Timur Tbk.,--S-1105306000G111------------,580.0,0.0,585.0,575.0,585.0,5.0,4344400,2518879000,1123,136.0,585,3712400,580,137900,14865343101,14865343101,3044422267,104100,1017900,0,0,0
2024-09-19,BJTM,Bank Pembangunan Daerah Jawa Timur Tbk.,--S-1105306000G111------------,580.0,0.0,585.0,575.0,580.0,0.0,7070400,4096790500,1791,134.9,580,798000,575,3485600,14865343101,14865343101,3044422267,199600,468200,0,0,0
2024-09-18,BJTM,Bank Pembangunan Daerah Jawa Timur Tbk.,--S-1105306000G111------------,570.0,0.0,580.0,570.0,580.0,10.0,4845300,2786688000,917,134.9,580,2016600,575,1099000,14865343101,14865343101,3044422267,73100,1204300,0,0,0
2024-09-17,BJTM,Bank Pembangunan Daerah Jawa Timur Tbk.,--S-1105306000G111------------,570.0,0.0,575.0,570.0,570.0,0.0,3056000,1748759000,1222,132.6,575,1868200,570,2225000,14865343101,14865343101,3044422267,62100,217000,0,0,0
2024-09-13,BJTM,Bank Pembangunan Daerah Jawa Timur Tbk.,--S-1105306000G111------------,570.0,0.0,575.0,570.0,570.0,0.0,2958400,1696821000,688,132.6,575,2613900,570,1185800,14865343101,14865343101,3044422267,10800,142200,0,0,0
2024-09-12,BJTM,Bank Pembangunan Daerah Jawa Timur Tbk.,--S-1105306000G111------------,570.0,0.0,575.0,565.0,570.0,0.0,3828600,2183775500,834,132.6,575,4894900,570,2375900,14865343101,14865343101,3044422267,634400,2800,27,15390,1
2024-09-11,BJTM,Bank Pembangunan Daerah Jawa Timur Tbk.,--S-1105306000G111------------,565.0,0.0,570.0,565.0,570.0,5.0,4534800,2573444500,863,132.6,570,839800,565,2815000,14865343101,14865343101,3044422267,1549800,13300,46,25990,1
2024-09-10,BJTM,Bank Pembangunan Daerah Jawa Timur Tbk.,--S-1105306000G111------------,575.0,0.0,575.0,565.0,565.0,-10.0,6569200,3741311500,1542,131.4,570,44900,565,2048700,14865343101,14865343101,3044422267,72700,338100,0,0,0
2024-09-09,BJTM,Bank Pembangunan Daerah Jawa Timur Tbk.,--S-1105306000G111------------,575.0,0.0,575.0,570.0,575.0,0.0,2544800,1455944000,1243,133.7,575,2402000,570,1575800,14865343101,14865343101,3044422267,227000,8100,150073,66041975,3
2024-09-06,BJTM,Bank Pembangunan Daerah Jawa Timur Tbk.,--S-1105306000G111------------,565.0,0.0,580.0,565.0,575.0,10.0,12589000,7223343500,1275,133.7,575,317800,570,1332300,14865343101,14865343101,3044422267,709400,323800,0,0,0
2024-09-05,BJTM,Bank Pembangunan Daerah Jawa Timur Tbk.,--S-1105306000G111------------,565.0,0.0,570.0,565.0,565.0,0.0,2974000,1683622500,960,131.4,570,1489000,565,1435700,14865343101,14865343101,3044422267,298000,205600,0,0,0
2024-09-04,BJTM,Bank Pembangunan Daerah Jawa Timur Tbk.,--S-1105306000G111------------,565.0,0.0,570.0,560.0,565.0,0.0,2570500,1455577000,1008,131.4,570,1011800,565,2173000,14865343101,14865343101,3044422267,26100,83200,0,0,0
2024-09-03,BJTM,Bank Pembangunan Daerah Jawa Timur Tbk.,--S-1105306000G111------------,575.0,0.0,575.0,565.0,565.0,-10.0,4082400,2322961500,1405,131.4,570,634800,565,3582700,14865343101,14865343101,3044422267,1047500,59000,0,0,0
2024-09-02,BJTM,Bank Pembangunan Daerah Jawa Timur Tbk.,--S-1105306000G111------------,570.0,0.0,575.0,565.0,575.0,5.0,5263000,3001260500,1464,133.7,575,3076700,570,505600,14865343101,14865343101,3044422267,459200,96600,0,0,0
2024-08-30,BJTM,Bank Pembangunan Daerah Jawa Timur Tbk.,--S-1105306000G111------------,575.0,0.0,575.0,570.0,570.0,-5.0,3943400,2253855500,876,132.6,575,2565800,570,1471500,14865343101,14865343101,3044422267,1640800,2000,0,0,0
2024-08-29,BJTM,Bank Pembangunan Daerah Jawa Timur Tbk.,--S-1105306000G111------------,575.0,0.0,575.0,565.0,575.0,0.0,2987300,1710266000,1078,133.7,575,1676000,570,2110100,14865343101,14865343101,3044422267,459300,199100,0,0,0
2024-08-28,BJTM,Bank Pembangunan Daerah Jawa Timur Tbk.,--S-1105306000G111------------,570.0,0.0,575.0,565.0,575.0,5.0,3310500,1884231000,1016,133.7,575,1526100,570,980300,14865343101,14865343101,3044422267,379900,94100,0,0,0
2024-08-27,BJTM,Bank Pembangunan Daerah Jawa Timur Tbk.,--S-1105306000G111------------,575.0,0.0,580.0,565.0,570.0,-5.0,6149300,3504862500,1755,132.6,570,20400,565,3856100,14865343101,14865343101,3044422267,2431400,208300,0,0,0
2024-08-26,BJTM,Bank Pembangunan Daerah Jawa Timur Tbk.,--S-1105306000G111------------,565.0,0.0,575.0,560.0,575.0,10.0,11300700,6434289500,2166,133.7,575,2092600,570,1407000,14865343101,14865343101,3044422267,465000,1473700,0,0,0
2024-08-23,BJTM,Bank Pembangunan Daerah Jawa Timur Tbk.,--S-1105306000G111------------,555.0,0.0,565.0,550.0,565.0,10.0,3507700,1969700000,981,131.4,565,2128900,560,2305900,14865343101,14865343101,3044422267,362400,522400,0,0,0
2024-08-22,BJTM,Bank Pembangunan Daerah Jawa Timur Tbk.,--S-1105306000G111------------,565.0,0.0,565.0,555.0,555.0,-10.0,10549100,5875718000,2464,129.1,560,2350900,555,30400,14865343101,14865343101,3044422267,1892400,564300,0,0,0
2024-08-21,BJTM,Bank Pembangunan Daerah Jawa Timur Tbk.,--S-1105306000G111------------,560.0,0.0,570.0,555.0,565.0,5.0,11436600,6474846000,2311,131.4,570,1184100,565,123400,14865343101,14865343101,3044422267,838300,1796300,0,0,0
2024-08-20,BJTM,Bank Pembangunan Daerah Jawa Timur Tbk.,--S-1105306000G111------------,555.0,0.0,560.0,550.0,560.0,5.0,8759800,4890321000,1792,130.2,565,2590500,560,236700,14865343101,14865343101,3044422267,791800,1494600,0,0,0
2024-08-19,BJTM,Bank Pembangunan Daerah Jawa Timur Tbk.,--S-1105306000G111------------,555.0,0.0,560.0,550.0,555.0,0.0,5412500,2988361000,1469,129.1,555,1093200,550,2452600,14865343101,14865343101,3044422267,447500,57800,50,27750,1
2024-08-16,BJTM,Bank Pembangunan Daerah Jawa Timur Tbk.,--S-1105306000G111------------,550.0,0.0,560.0,550.0,555.0,5.0,3581500,1986652000,1317,129.1,555,167100,550,3274900,14865343101,14865343101,3044422267,138400,190000,0,0,0
2024-08-15,BJTM,Bank Pembangunan Daerah Jawa Timur Tbk.,--S-1105306000G111------------,550.0,0.0,560.0,545.0,555.0,5.0,8766200,4852036500,1473,129.1,560,2631700,555,175600,14865343101,14865343101,3044422267,1877100,559900,0,0,0
2024-08-14,BJTM,Bank Pembangunan Daerah Jawa Timur Tbk.,--S-1105306000G111------------,550.0,0.0,560.0,545.0,555.0,5.0,8766200,4852036500,1473,129.1,560,2631700,555,175600,14865343101,14865343101,3044422267,1877100,559900,0,0,0
2024-08-13,BJTM,Bank Pembangunan Daerah Jawa Timur Tbk.,--S-1105306000G111------------,545.0,0.0,550.0,545.0,550.0,5.0,2755000,1507062500,916,127.9,550,3016900,545,2457900,14865343101,14865343101,3044422267,222800,712500,0,0,0
2024-08-12,BJTM,Bank Pembangunan Daerah Jawa Timur Tbk.,--S-1105306000G111------------,540.0,0.0,550.0,540.0,545.0,5.0,5266900,2867961500,1253,126.7,550,1358500,545,101300,14865343101,14865343101,3044422267,346000,1340900,0,0,0
2024-08-09,BJTM,Bank Pembangunan Daerah Jawa Timur Tbk.,--S-1105306000G111------------,545.0,0.0,550.0,540.0,540.0,-5.0,5215300,2840741000,1147,125.6,545,1351600,540,2213000,14865343101,14865343101,3044422267,412500,290800,0,0,0
2024-08-08,BJTM,Bank Pembangunan Daerah Jawa Timur Tbk.,--S-1105306000G111------------,540.0,0.0,550.0,535.0,545.0,5.0,13044700,7105433000,1214,126.7,545,1563400,540,1168100,14865343101,14865343101,3044422267,828200,392800,0,0,0
2024-08-07,BJTM,Bank Pembangunan Daerah Jawa Timur Tbk.,--S-1105306000G111------------,540.0,0.0,545.0,535.0,540.0,0.0,7594800,4091796500,1438,125.6,540,1431600,535,4797600,14865343101,14865343101,3044422267,452100,514500,0,0,0
2024-08-06,BJTM,Bank Pembangunan Daerah Jawa Timur Tbk.,--S-1105306000G111------------,535.0,0.0,545.0,530.0,540.0,5.0,6945100,3737469500,1696,125.6,545,1026500,540,207400,14865343101,14865343101,3044422267,197900,503400,0,0,0
2024-08-05,BJTM,Bank Pembangunan Daerah Jawa Timur Tbk.,--S-1105306000G111------------,550.0,0.0,550.0,530.0,535.0,-15.0,18795700,10125053000,4604,124.4,540,855100,535,43700,14865343101,14865343101,3044422267,5168700,121800,0,0,0
2024-08-02,BJTM,Bank Pembangunan Daerah Jawa Timur Tbk.,--S-1105306000G111------------,550.0,0.0,555.0,545.0,550.0,0.0,5276200,2900746500,1105,127.9,550,1410600,545,5815700,14865343101,14865343101,3044422267,17900,653500,0,0,0
2024-08-01,BJTM,Bank Pembangunan Daerah Jawa Timur Tbk.,--S-1105306000G111------------,550.0,0.0,555.0,545.0,550.0,0.0,6039200,3316145000,1417,127.9,550,189500,545,4329900,14865343101,14865343101,3044422267,24900,281200,25,13750,1
2024-07-31,BJTM,Bank Pembangunan Daerah Jawa Timur Tbk.,--S-1105306000G111------------,550.0,0.0,555.0,545.0,555.0,5.0,6048200,3330852000,1643,129.1,555,1771500,550,1034100,14865343101,14865343101,3044422267,1175500,70400,0,0,0
2024-07-30,BJTM,Bank Pembangunan Daerah Jawa Timur Tbk.,--S-1105306000G111------------,550.0,0.0,555.0,545.0,555.0,5.0,6048200,3330852000,1643,129.1,555,1771500,550,1034100,14865343101,14865343101,3044422267,1175500,70400,0,0,0
2024-07-29,BJTM,Bank Pembangunan Daerah Jawa Timur Tbk.,--S-1105306000G111------------,550.0,0.0,560.0,550.0,550.0,0.0,4281800,2370687000,1478,127.9,555,699600,550,3744900,14865343101,14865343101,3044422267,147000,59400,0,0,0
2024-07-26,BJTM,Bank Pembangunan Daerah Jawa Timur Tbk.,--S-1105306000G111------------,550.0,0.0,555.0,545.0,550.0,0.0,2498200,1375790000,878,127.9,555,2204300,550,2362200,14865343101,14865343101,3044422267,104700,3000,0,0,0
2024-07-25,BJTM,Bank Pembangunan Daerah Jawa Timur Tbk.,--S-1105306000G111------------,550.0,0.0,555.0,545.0,550.0,0.0,8590400,4706289000,1786,127.9,550,982100,545,3191300,14865343101,14865343101,3044422267,290800,21400,0,0,0
2024-07-24,BJTM,Bank Pembangunan Daerah Jawa Timur Tbk.,--S-1105306000G111------------,555.0,0.0,560.0,550.0,550.0,-5.0,7071200,3924715000,1304,127.9,555,93500,550,3292200,14865343101,14865343101,3044422267,3845200,0,0,0,0
2024-07-23,BJTM,Bank Pembangunan Daerah Jawa Timur Tbk.,--S-1105306000G111------------,560.0,0.0,560.0,555.0,555.0,-5.0,3456600,1926823500,1136,129.1,560,2443900,555,3776200,14865343101,14865343101,3044422267,443900,10600,6,3330,1
2024-07-22,BJTM,Bank Pembangunan Daerah Jawa Timur Tbk.,--S-1105306000G111------------,550.0,0.0,560.0,550.0,560.0,10.0,4477900,2492028000,1368,130.2,560,3564400,555,3312300,14865343101,14865343101,3044422267,84900,785700,0,0,0
2024-07-19,BJTM,Bank Pembangunan Daerah Jawa Timur Tbk.,--S-1105306000G111------------,550.0,0.0,555.0,550.0,550.0,0.0,2002300,1107404000,815,127.9,555,1595000,550,3109900,14865343101,14865343101,3044422267,294200,236900,11210700,6165885000,1
2024-07-18,BJTM,Bank Pembangunan Daerah Jawa Timur Tbk.,--S-1105306000G111------------,545.0,0.0,555.0,545.0,550.0,5.0,4690700,2586781000,1029,127.9,555,1926000,550,1906300,14865343101,14865343101,3044422267,811300,1299400,0,0,0
2024-07-17,BJTM,Bank Pembangunan Daerah Jawa Timur Tbk.,--S-1105306000G111------------,555.0,0.0,555.0,540.0,545.0,-10.0,10181400,5574323500,2579,126.7,550,88900,545,2782200,14865343101,14865343101,3044422267,4839700,759600,0,0,0
2024-07-16,BJTM,Bank Pembangunan Daerah Jawa Timur Tbk.,--S-1105306000G111------------,555.0,0.0,560.0,550.0,555.0,0.0,9349500,5179734500,1939,129.1,555,482400,550,3131900,14865343101,14865343101,3044422267,2471900,62000,50,27750,1
2024-07-12,BJTM,Bank Pembangunan Daerah Jawa Timur Tbk.,--S-1105306000G111------------,550.0,0.0,560.0,550.0,555.0,5.0,5588700,3105381000,1452,129.1,560,1423800,555,1822800,14865343101,14865343101,3044422267,1067000,1763200,0,0,0
2024-07-11,BJTM,Bank Pembangunan Daerah Jawa Timur Tbk.,--S-1105306000G111------------,550.0,0.0,555.0,550.0,550.0,0.0,3320300,1832296500,1485,127.9,555,625900,550,1794000,14865343101,14865343101,3044422267,1167400,45800,0,0,0
2024-07-10,BJTM,Bank Pembangunan Daerah Jawa Timur Tbk.,--S-1105306000G111------------,545.0,0.0,560.0,545.0,550.0,5.0,10489700,5776981500,2276,127.9,550,310500,545,2926100,14865343101,14865343101,3044422267,3796100,8500,0,0,0
2024-07-09,BJTM,Bank Pembangunan Daerah Jawa Timur Tbk.,--S-1105306000G111------------,535.0,0.0,550.0,535.0,545.0,10.0,9700500,5269223000,2791,126.7,545,226200,540,2033500,14865343101,14865343101,3044422267,2062700,1513500,0,0,0
2024-07-08,BJTM,Bank Pembangunan Daerah Jawa Timur Tbk.,--S-1105306000G111------------,530.0,0.0,540.0,530.0,535.0,5.0,12733700,6803188000,2573,124.4,540,371300,535,428100,14865343101,14865343101,3044422267,1814500,2768800,0,0,0
2024-07-05,BJTM,Bank Pembangunan Daerah Jawa Timur Tbk.,--S-1105306000G111------------,530.0,0.0,535.0,525.0,530.0,0.0,10309600,5460963000,1720,123.3,535,2219700,530,242800,14865343101,14865343101,3044422267,1939900,1617700,0,0,0
2024-07-04,BJTM,Bank Pembangunan Daerah Jawa Timur Tbk.,--S-1105306000G111------------,525.0,0.0,525.0,520.0,525.0,0.0,7533900,3932734500,2104,122.1,525,856600,520,2974000,14865343101,14865343101,3044422267,3183400,93200,0,0,0
2024-07-03,BJTM,Bank Pembangunan Daerah Jawa Timur Tbk.,--S-1105306000G111------------,525.0,0.0,525.0,520.0,525.0,0.0,7533900,3932734500,2104,122.1,525,856600,520,2974000,14865343101,14865343101,3044422267,3183400,93200,0,0,0
2024-07-02,BJTM,Bank Pembangunan Daerah Jawa Timur Tbk.,--S-1105306000G111------------,525.0,0.0,530.0,520.0,525.0,0.0,7737400,4052972500,2179,122.1,525,579700,520,3854700,14865343101,14865343101,3044422267,2896900,491100,0,0,0
2024-07-01,BJTM,Bank Pembangunan Daerah Jawa Timur Tbk.,--S-1105306000G111------------,525.0,0.0,530.0,520.0,525.0,0.0,14092700,7409655000,3665,122.1,530,1906400,525,459400,14865343101,14865343101,3044422267,5635500,1749200,0,0,0
2024-06-28,BJTM,Bank Pembangunan Daerah Jawa Timur Tbk.,--S-1105306000G111------------,515.0,0.0,520.0,510.0,515.0,0.0,7244300,3726769500,1746,119.8,520,1691600,515,387700,14865343101,14865343101,3045908801,4244100,950500,7000,3150000,1
2024-06-27,BJTM,Bank Pembangunan Daerah Jawa Timur Tbk.,--S-1105306000G111------------,515.0,0.0,520.0,510.0,515.0,0.0,5954800,3057775500,1877,119.8,515,53000,510,2523500,14865343101,14865343101,3045908801,3158500,303000,0,0,0
2024-06-26,BJTM,Bank Pembangunan Daerah Jawa Timur Tbk.,--S-1105306000G111------------,520.0,0.0,525.0,510.0,515.0,-5.0,7963900,4114374000,2653,119.8,520,844600,515,252100,14865343101,14865343101,3045908801,4845800,2480600,0,0,0
2024-06-25,BJTM,Bank Pembangunan Daerah Jawa Timur Tbk.,--S-1105306000G111------------,520.0,0.0,525.0,510.0,515.0,-5.0,7963900,4114374000,2653,119.8,520,844600,515,252100,14865343101,14865343101,3045908801,4845800,2480600,0,0,0
2024-06-24,BJTM,Bank Pembangunan Daerah Jawa Timur Tbk.,--S-1105306000G111------------,520.0,0.0,530.0,515.0,520.0,0.0,8771700,4575636000,2616,120.9,525,1093300,520,733300,14865343101,14865343101,3045908801,2818800,1437700,0,0,0
2024-06-21,BJTM,Bank Pembangunan Daerah Jawa Timur Tbk.,--S-1105306000G111------------,505.0,0.0,520.0,505.0,520.0,15.0,10278800,5279957000,2454,120.9,520,1611700,515,788300,14865343101,14865343101,3045908801,3204000,2761000,0,0,0
2024-06-20,BJTM,Bank Pembangunan Daerah Jawa Timur Tbk.,--S-1105306000G111------------,500.0,0.0,510.0,500.0,505.0,5.0,9180500,4625663500,1929,117.4,510,1534100,505,616200,14865343101,14865343101,3045908801,5414300,1093900,0,0,0
2024-06-19,BJTM,Bank Pembangunan Daerah Jawa Timur Tbk.,--S-1105306000G111------------,500.0,0.0,510.0,500.0,500.0,0.0,12152900,6109999500,3590,116.3,505,169600,500,3305600,14865343101,14865343101,3045908801,6779300,1784900,0,0,0
2024-06-14,BJTM,Bank Pembangunan Daerah Jawa Timur Tbk.,--S-1105306000G111------------,510.0,0.0,510.0,500.0,500.0,-10.0,17641300,8863275000,3974,116.3,505,64300,500,2372600,14865343101,14865343101,3045908801,9555400,1583000,0,0,0
2024-06-13,BJTM,Bank Pembangunan Daerah Jawa Timur Tbk.,--S-1105306000G111------------,505.0,0.0,515.0,505.0,510.0,5.0,12796200,6495054500,2475,118.6,510,109200,505,2294900,14865343101,14865343101,3045908801,6236100,905800,0,0,0
2024-06-12,BJTM,Bank Pembangunan Daerah Jawa Timur Tbk.,--S-1105306000G111------------,515.0,0.0,520.0,496.0,505.0,-10.0,53977100,27116603200,7653,117.4,510,353600,505,321700,14865343101,14865343101,3045908801,18248400,7174400,0,0,0
2024-06-11,BJTM,Bank Pembangunan Daerah Jawa Timur Tbk.,--S-1105306000G111------------,525.0,0.0,530.0,510.0,515.0,-10.0,18635600,9635460000,4048,119.8,520,306000,515,123800,14865343101,14865343101,3045908801,8451400,1827000,0,0,0
2024-06-10,BJTM,Bank Pembangunan Daerah Jawa Timur Tbk.,--S-1105306000G111------------,535.0,0.0,540.0,520.0,525.0,-10.0,19235100,10133432500,4745,122.1,530,3596100,525,114200,14865343101,14865343101,3045908801,11698000,251800,0,0,0
2024-06-07,BJTM,Bank Pembangunan Daerah Jawa Timur Tbk.,--S-1105306000G111------------,535.0,0.0,540.0,535.0,535.0,0.0,6375300,3421952500,1947,124.4,540,1453900,535,283500,14865343101,14865343101,3045908801,2964200,124000,0,0,0
2024-06-06,BJTM,Bank Pembangunan Daerah Jawa Timur Tbk.,--S-1105306000G111------------,535.0,0.0,540.0,535.0,535.0,0.0,5565800,2991682500,1518,124.4,540,501100,535,1032100,14865343101,14865343101,3045908801,2306200,36200,0,0,0
2024-06-05,BJTM,Bank Pembangunan Daerah Jawa Timur Tbk.,--S-1105306000G111------------,530.0,0.0,540.0,530.0,535.0,5.0,7615700,4086640500,2192,124.4,540,587600,535,262200,14865343101,14865343101,3045908801,2634000,211300,97,52380,1
2024-06-04,BJTM,Bank Pembangunan Daerah Jawa Timur Tbk.,--S-1105306000G111------------,535.0,0.0,545.0,530.0,530.0,-5.0,12063100,6473931000,3338,123.3,535,1100,530,1290900,14865343101,14865343101,3045908801,3251200,1094900,74,39590,1
2024-06-03,BJTM,Bank Pembangunan Daerah Jawa Timur Tbk.,--S-1105306000G111------------,500.0,0.0,540.0,505.0,535.0,35.0,18582400,9769538500,3281,124.4,540,1892100,535,455900,14865343101,14865343101,3045908801,1840900,7662400,176,88000,2
2024-05-31,BJTM,Bank Pembangunan Daerah Jawa Timur Tbk.,--S-1105300000G111------------,535.0,0.0,540.0,500.0,500.0,-35.0,104002500,52696998500,7172,116.3,525,8500,500,11371200,14865343101,14865343101,3045908801,98788800,58182700,346181,173091000,3
2024-05-30,BJTM,Bank Pembangunan Daerah Jawa Timur Tbk.,--S-1105300000G111------------,550.0,0.0,555.0,525.0,535.0,-15.0,36920300,19754040500,5665,124.4,535,5000,530,8469900,14865343101,14865343101,3045908801,26881200,3164300,0,0,0
2024-05-29,BJTM,Bank Pembangunan Daerah Jawa Timur Tbk.,--S-1105300000G111------------,570.0,0.0,575.0,550.0,550.0,-20.0,34704600,19367162000,5827,127.9,550,63700,545,1099900,14865343101,14865343101,3045908801,31055600,1406000,0,0,0
2024-05-28,BJTM,Bank Pembangunan Daerah Jawa Timur Tbk.,--S-1105300000G111------------,565.0,0.0,575.0,565.0,570.0,5.0,4769700,2725897000,1222,132.6,575,1243500,570,2433200,14865343101,14865343101,3045908801,2038100,212700,0,0,0
2024-05-27,BJTM,Bank Pembangunan Daerah Jawa Timur Tbk.,--S-1105300000G111------------,570.0,0.0,570.0,565.0,565.0,-5.0,7011900,3972009500,2662,131.4,570,379800,565,2974600,14865343101,14865343101,3045908801,1900000,20100,0,0,0
2024-05-22,BJTM,Bank Pembangunan Daerah Jawa Timur Tbk.,--S-1105300000G111------------,570.0,0.0,575.0,565.0,570.0,0.0,18807700,10711569000,3691,132.6,570,320200,565,11422200,14865343101,14865343101,3045908801,13519900,73400,200,114000,1
2024-05-21,BJTM,Bank Pembangunan Daerah Jawa Timur Tbk.,--S-1105300000G111------------,575.0,0.0,580.0,570.0,570.0,-5.0,10964500,6287255500,3406,132.6,575,679700,570,8679800,14865343101,14865343101,3045908801,6455300,609600,0,0,0
2024-05-20,BJTM,Bank Pembangunan Daerah Jawa Timur Tbk.,--S-1105300000G111------------,585.0,0.0,590.0,575.0,575.0,-10.0,17084900,9876847500,4036,133.7,580,588500,575,2708300,14865343101,14865343101,3045908801,14057100,527400,0,0,0
2024-05-17,BJTM,Bank Pembangunan Daerah Jawa Timur Tbk.,--S-1105300000G111------------,590.0,0.0,595.0,585.0,585.0,-5.0,4892700,2877555000,1563,136.0,590,462200,585,684400,14865343101,14865343101,3045908801,2675100,21200,0,0,0
2024-05-16,BJTM,Bank Pembangunan Daerah Jawa Timur Tbk.,--S-1105300000G111------------,585.0,0.0,590.0,580.0,590.0,5.0,2675700,1570912000,925,137.2,590,873800,585,5822100,14865343101,14865343101,3045908801,732800,33200,0,0,0
2024-05-15,BJTM,Bank Pembangunan Daerah Jawa Timur Tbk.,--S-1105300000G111------------,580.0,0.0,585.0,580.0,585.0,5.0,6964200,4052733000,2520,136.0,585,151600,580,7276400,14865343101,14865343101,3045908801,4046300,908600,20,11600,1
2024-05-14,BJTM,Bank Pembangunan Daerah Jawa Timur Tbk.,--S-1105300000G111------------,575.0,0.0,585.0,575.0,580.0,5.0,4111400,2384112000,1650,134.9,585,1146800,580,132600,14865343101,14865343101,3045908801,1102200,735600,0,0,0
2024-05-13,BJTM,Bank Pembangunan Daerah Jawa Timur Tbk.,--S-1105300000G111------------,570.0,0.0,585.0,570.0,575.0,5.0,3267200,1889394000,1378,133.7,580,11200,575,6011400,14865343101,14865343101,3045908801,790600,1121400,5000,2850000,1
2024-05-08,BJTM,Bank Pembangunan Daerah Jawa Timur Tbk.,--S-1105300000G111------------,580.0,0.0,585.0,570.0,570.0,-10.0,13878100,7975174000,2733,132.6,580,5000,570,7349200,14865343101,14865343101,3045908801,9444800,2340700,0,0,0
2024-05-07,BJTM,Bank Pembangunan Daerah Jawa Timur Tbk.,--S-1105300000G111------------,585.0,0.0,590.0,580.0,580.0,-5.0,4506300,2638560500,1291,134.9,585,64200,580,1762800,14865343101,14865343101,3045908801,2734900,672800,100,71500,1
2024-05-06,BJTM,Bank Pembangunan Daerah Jawa Timur Tbk.,--S-1105300000G111------------,585.0,0.0,595.0,585.0,585.0,0.0,4508100,2656251000,1152,136.0,590,941300,585,938100,14865343101,14865343101,3045908801,676000,1123100,0,0,0
2024-05-03,BJTM,Bank Pembangunan Daerah Jawa Timur Tbk.,--S-1105300000G111------------,580.0,0.0,595.0,580.0,585.0,5.0,6880500,4050322500,1839,136.0,590,15700,585,364900,14865343101,14865343101,3045908801,635000,622900,0,0,0
2024-05-02,BJTM,Bank Pembangunan Daerah Jawa Timur Tbk.,--S-1105300000G111------------,595.0,0.0,595.0,575.0,580.0,-15.0,9574600,5565424500,3070,134.9,585,629800,580,202000,14865343101,14865343101,3045908801,839700,376100,41,23780,1
2024-04-30,BJTM,Bank Pembangunan Daerah Jawa Timur Tbk.,--S-1105300000G111------------,590.0,0.0,595.0,585.0,595.0,5.0,5745400,3395295000,1236,138.4,595,1781500,590,230800,14865343101,14865343101,3045908801,15200,1492300,10000,6050000,1
2024-04-29,BJTM,Bank Pembangunan Daerah Jawa Timur Tbk.,--S-1105300000G111------------,575.0,0.0,590.0,570.0,590.0,15.0,12338700,7179289500,2322,137.2,590,460000,585,2500,14865343101,14865343101,3045908801,418600,7786900,0,0,0
2024-04-26,BJTM,Bank Pembangunan Daerah Jawa Timur Tbk.,--S-1105300000G111------------,585.0,0.0,585.0,565.0,575.0,-10.0,14527400,8337647000,4131,133.7,580,786900,575,17400,14865343101,14865343101,3045908801,1481700,627300,0,0,0
2024-04-25,BJTM,Bank Pembangunan Daerah Jawa Timur Tbk.,--S-1105300000G111------------,585.0,0.0,590.0,580.0,585.0,0.0,6494400,3787956500,2157,136.0,585,829600,580,2142600,14865343101,14865343101,3045908801,750300,304400,0,0,0
2024-04-24,BJTM,Bank Pembangunan Daerah Jawa Timur Tbk.,--S-1105300000G111------------,590.0,0.0,590.0,585.0,585.0,-5.0,4700600,2757533000,1533,136.0,590,1537600,585,1253800,14865343101,14865343101,3045908801,157100,7100,0,0,0
2024-04-23,BJTM,Bank Pembangunan Daerah Jawa Timur Tbk.,--S-1105300000G111------------,590.0,0.0,595.0,585.0,590.0,0.0,3487000,2051653500,989,137.2,590,603400,585,4018500,14865343101,14865343101,3045908801,372600,43100,0,0,0
2024-04-22,BJTM,Bank Pembangunan Daerah Jawa Timur Tbk.,--S-1105300000G111------------,590.0,0.0,595.0,585.0,590.0,0.0,7939300,4671016000,1155,137.2,590,1192500,585,3899900,14865343101,14865343101,3045908801,1215000,4029100,0,0,0
2024-04-19,BJTM,Bank Pembangunan Daerah Jawa Timur Tbk.,--S-1105300000G111------------,595.0,0.0,595.0,585.0,590.0,-5.0,7710200,4533340500,2182,137.2,590,939900,585,5435300,14865343101,14865343101,3045908801,1912700,2004900,0,0,0
2024-04-18,BJTM,Bank Pembangunan Daerah Jawa Timur Tbk.,--S-1105300000G111------------,590.0,0.0,595.0,590.0,595.0,5.0,3046900,1801373000,1537,138.4,595,1809300,590,3582200,14865343101,14865343101,3045908801,1075400,1191000,0,0,0
2024-04-17,BJTM,Bank Pembangunan Daerah Jawa Timur Tbk.,--S-1105300000G111------------,585.0,0.0,595.0,585.0,590.0,5.0,11652200,6879909500,2903,137.2,595,2481300,590,1215200,14865343101,14865343101,3045908801,1697600,5155100,0,0,0
2024-04-16,BJTM,Bank Pembangunan Daerah Jawa Timur Tbk.,--S-1105300000G111------------,595.0,0.0,595.0,585.0,585.0,-10.0,20098900,11856973000,6033,136.0,590,49400,585,3817700,14865343101,14865343101,3045908801,4254500,2241700,0,0,0
2024-04-05,BJTM,Bank Pembangunan Daerah Jawa Timur Tbk.,--S-1105300000G111------------,600.0,0.0,600.0,595.0,595.0,-5.0,5668500,3381769000,1409,138.4,600,3701600,595,6194100,14865343101,14865343101,3045908801,627300,0,0,0,0
2024-04-04,BJTM,Bank Pembangunan Daerah Jawa Timur Tbk.,--S-1105300000G111------------,595.0,0.0,600.0,595.0,600.0,5.0,7282500,4342750500,1398,139.5,600,5551300,595,6851500,14865343101,14865343101,3045908801,189900,519200,0,0,0
2024-04-03,BJTM,Bank Pembangunan Daerah Jawa Timur Tbk.,--S-1105300000G111------------,600.0,0.0,600.0,595.0,595.0,-5.0,5793900,3453075000,996,138.4,600,3431200,595,11168900,14865343101,14865343101,3045908801,124000,4900,0,0,0
2024-04-02,BJTM,Bank Pembangunan Daerah Jawa Timur Tbk.,--S-1105300000G111------------,600.0,0.0,600.0,595.0,600.0,0.0,5169400,3090700000,1244,139.5,600,1649400,595,10848600,14865343101,14865343101,3045908801,144800,541300,0,0,0
2024-04-01,BJTM,Bank Pembangunan Daerah Jawa Timur Tbk.,--S-1105300000G111------------,600.0,0.0,605.0,595.0,600.0,0.0,8042600,4817944500,2019,139.5,600,1209300,595,9648300,14865343101,14865343101,3045908801,469000,0,228700,102915000,1
2024-03-28,BJTM,Bank Pembangunan Daerah Jawa Timur Tbk.,--S-1105300000G111------------,600.0,0.0,605.0,600.0,600.0,0.0,17112300,10270682000,1577,139.5,605,8209800,600,380800,14865343101,14865343101,3045908801,210500,12002900,0,0,0
2024-03-27,BJTM,Bank Pembangunan Daerah Jawa Timur Tbk.,--S-1105300000G111------------,600.0,0.0,605.0,595.0,600.0,0.0,24767100,14863903000,1343,139.5,605,4904500,600,687300,14865343101,14865343101,3045908801,2425900,14636000,0,0,0
2024-03-26,BJTM,Bank Pembangunan Daerah Jawa Timur Tbk.,--S-1105300000G111------------,600.0,0.0,605.0,595.0,600.0,0.0,27940100,16764933500,1902,139.5,600,2856900,595,10226400,14865343101,14865343101,3045908801,1656400,14944900,0,0,0
2024-03-22,BJTM,Bank Pembangunan Daerah Jawa Timur Tbk.,--S-1105300000G111------------,600.0,0.0,605.0,595.0,600.0,0.0,9217300,5532493000,1368,139.5,605,4674000,600,1211400,14865343101,14865343101,3045908801,858500,4115700,0,0,0
2024-03-21,BJTM,Bank Pembangunan Daerah Jawa Timur Tbk.,--S-1105300000G111------------,595.0,0.0,600.0,595.0,600.0,5.0,6735100,4025790500,1789,139.5,600,3202900,595,8811400,14865343101,14865343101,3045908801,345700,657600,0,0,0
2024-03-20,BJTM,Bank Pembangunan Daerah Jawa Timur Tbk.,--S-1105300000G111------------,595.0,0.0,600.0,595.0,595.0,0.0,9313800,5551954000,1974,138.4,600,4140800,595,5896300,14865343101,14865343101,3045908801,346900,623200,0,0,0
2024-03-19,BJTM,Bank Pembangunan Daerah Jawa Timur Tbk.,--S-1105300000G111------------,600.0,0.0,600.0,595.0,595.0,-5.0,5401800,3227056000,1518,138.4,600,3778300,595,8620900,14865343101,14865343101,3045908801,343000,993500,0,0,0
2024-03-18,BJTM,Bank Pembangunan Daerah Jawa Timur Tbk.,XDS-1105300000G111------------,595.0,0.0,600.0,595.0,600.0,5.0,6793300,4063319000,1507,139.5,600,3031800,595,6596700,14865343101,14865343101,3045908801,274400,723900,0,0,0
2024-03-15,BJTM,Bank Pembangunan Daerah Jawa Timur Tbk.,XDS-1105300000G111------------,595.0,0.0,600.0,595.0,595.0,0.0,6653600,3974825500,2354,138.4,600,2948600,595,4979600,14865343101,14865343101,3045908801,981500,732700,0,0,0
2024-03-14,BJTM,Bank Pembangunan Daerah Jawa Timur Tbk.,XDS-1105300000G111------------,600.0,0.0,605.0,595.0,595.0,-5.0,10146800,6059729000,2935,138.4,600,2509800,595,7243000,14865343101,14865343101,3045908801,2413000,813700,0,0,0
2024-03-13,BJTM,Bank Pembangunan Daerah Jawa Timur Tbk.,XDS-1105300000G111------------,600.0,0.0,605.0,595.0,600.0,0.0,12700800,7633043000,3691,139.5,600,2187300,595,7870400,14865343101,14865343101,3045908801,1147600,1580000,0,0,0
2024-03-08,BJTM,Bank Pembangunan Daerah Jawa Timur Tbk.,XDS-1105300000G111------------,600.0,0.0,605.0,595.0,600.0,0.0,10037600,6026821500,3347,139.5,600,3911900,595,6399300,14865343101,14865343101,3045908801,1785500,840300,0,0,0
2024-03-07,BJTM,Bank Pembangunan Daerah Jawa Timur Tbk.,XDS-1105300000G111------------,605.0,0.0,610.0,600.0,600.0,-5.0,20758700,12501681000,4679,139.5,600,2390600,595,7532900,14865343101,14865343101,3045908801,2619200,501700,0,0,0
2024-03-06,BJTM,Bank Pembangunan Daerah Jawa Timur Tbk.,XDS-1105300000G111------------,600.0,0.0,605.0,595.0,605.0,5.0,3260500,1961861000,1093,140.7,605,5065400,600,3933600,14865343101,14865343101,3045908801,520500,328100,100000,45000000,1
2024-03-05,BJTM,Bank Pembangunan Daerah Jawa Timur Tbk.,XDS-1105300000G111------------,605.0,0.0,605.0,595.0,600.0,-5.0,16582700,9950025000,3659,139.5,600,55700,595,8174300,14865343101,14865343101,3045908801,255300,306900,0,0,0
2024-03-04,BJTM,Bank Pembangunan Daerah Jawa Timur Tbk.,XDS-1105300000G111------------,610.0,0.0,610.0,600.0,605.0,-5.0,14459000,8704483000,2914,140.7,605,3029400,600,11352500,14865343101,14865343101,3045908801,991700,189800,0,0,0
2024-03-01,BJTM,Bank Pembangunan Daerah Jawa Timur Tbk.,XDS-1105300000G111------------,605.0,0.0,610.0,605.0,610.0,5.0,4818800,2920412500,1781,141.9,610,5122300,605,3290300,14865343101,14865343101,3045908801,1413100,293500,0,0,0
2024-02-29,BJTM,Bank Pembangunan Daerah Jawa Timur Tbk.,XDS-1105300000G111------------,605.0,0.0,610.0,605.0,605.0,0.0,11637400,7057805000,2920,140.7,610,3062300,605,2245300,14865343101,14865343101,3045908801,4411800,2287800,42918,25965390,2
2024-02-28,BJTM,Bank Pembangunan Daerah Jawa Timur Tbk.,XDS-1105300000G111------------,605.0,0.0,610.0,605.0,605.0,0.0,4838200,2936401500,1747,140.7,610,4071200,605,5197200,14865343101,14865343101,3045908801,157300,30100,0,0,0
2024-02-27,BJTM,Bank Pembangunan Daerah Jawa Timur Tbk.,XDS-1105300000G111------------,605.0,0.0,610.0,605.0,605.0,0.0,4838200,2936401500,1747,140.7,610,4071200,605,5197200,14865343101,14865343101,3045908801,157300,30100,0,0,0
2024-02-26,BJTM,Bank Pembangunan Daerah Jawa Timur Tbk.,XDS-1105300000G111------------,610.0,0.0,610.0,605.0,605.0,-5.0,6567900,3988238000,2221,140.7,610,1863900,605,4586600,14865343101,14865343101,3045908801,204900,72400,0,0,0
2024-02-23,BJTM,Bank Pembangunan Daerah Jawa Timur Tbk.,XDS-1105300000G111------------,615.0,0.0,615.0,605.0,610.0,-5.0,18546800,11313942000,3664,141.9,610,330100,605,6166100,14865343101,14865343101,3045908801,253600,661300,0,0,0
2024-02-22,BJTM,Bank Pembangunan Daerah Jawa Timur Tbk.,--S-1105300000G111------------,620.0,0.0,620.0,610.0,615.0,-5.0,14356900,8806049500,3772,143.0,615,1068700,610,8858000,14865343101,14865343101,3045908801,3643100,36500,82,50430,1
2024-02-21,BJTM,Bank Pembangunan Daerah Jawa Timur Tbk.,--S-1105300000G111------------,675.0,0.0,640.0,610.0,620.0,-55.0,64935100,40109412000,8110,144.2,620,2465700,615,6067900,14865343101,14865343101,3045908801,3306600,1377500,10000,6200000,1
2024-02-20,BJTM,Bank Pembangunan Daerah Jawa Timur Tbk.,CDS-1105300000G111------------,680.0,0.0,685.0,670.0,675.0,-5.0,55016200,37260161000,5535,157.0,680,2427600,675,1807000,14865343101,14865343101,3045908801,5966600,1965700,0,0,0
2024-02-19,BJTM,Bank Pembangunan Daerah Jawa Timur Tbk.,CDS-1105300000G111------------,685.0,0.0,690.0,680.0,680.0,-5.0,52136900,35671004500,5327,158.1,685,4539300,680,1432600,14865343101,14865343101,3045908801,14048100,38100,48,32880,1
2024-02-16,BJTM,Bank Pembangunan Daerah Jawa Timur Tbk.,CDS-1105300000G111------------,690.0,0.0,695.0,685.0,685.0,-5.0,21124900,14539837000,2846,159.3,690,3759700,685,14898300,14865343101,14865343101,3045908801,7813400,434900,0,0,0
2024-02-15,BJTM,Bank Pembangunan Daerah Jawa Timur Tbk.,--S-1105300000G111------------,675.0,0.0,690.0,675.0,690.0,15.0,25200600,17286890500,2878,160.5,690,2881300,685,8454300,14865343101,14865343101,3045908801,5543400,1004800,0,0,0
2024-02-13,BJTM,Bank Pembangunan Daerah Jawa Timur Tbk.,--S-1105300000G111------------,665.0,0.0,680.0,655.0,680.0,15.0,16453900,11092774000,2698,158.1,680,2601100,675,3285200,14865343101,14865343101,3045908801,267700,4387700,0,0,0
2024-02-12,BJTM,Bank Pembangunan Daerah Jawa Timur Tbk.,--S-1105300000G111------------,665.0,0.0,680.0,655.0,680.0,15.0,16453900,11092774000,2698,158.1,680,2601100,675,3285200,14865343101,14865343101,3045908801,267700,4387700,0,0,0
2024-02-07,BJTM,Bank Pembangunan Daerah Jawa Timur Tbk.,--S-1105300000G111------------,660.0,0.0,675.0,655.0,665.0,5.0,19101000,12691511000,2534,154.7,665,682600,660,1074600,14865343101,14865343101,3045908801,5397800,2176800,100,66082,2
2024-02-06,BJTM,Bank Pembangunan Daerah Jawa Timur Tbk.,--S-1105300000G111------------,660.0,0.0,665.0,655.0,660.0,0.0,3314300,2190184000,895,153.5,660,1212400,655,1533700,14865343101,14865343101,3045908801,6800,625700,0,0,0
2024-02-05,BJTM,Bank Pembangunan Daerah Jawa Timur Tbk.,--S-1105300000G111------------,655.0,0.0,660.0,650.0,660.0,5.0,6063400,3990200000,1065,153.5,660,1696900,655,1024200,14865343101,14865343101,3045908801,81400,319800,0,0,0
2024-02-02,BJTM,Bank Pembangunan Daerah Jawa Timur Tbk.,--S-1105200000G111------------,650.0,0.0,655.0,645.0,655.0,5.0,6620700,4304793500,1085,152.3,655,537600,650,1044300,14865343101,14865343101,3045908801,1697300,755600,90,58500,1
2024-02-01,BJTM,Bank Pembangunan Daerah Jawa Timur Tbk.,--S-1105200000G111------------,650.0,0.0,655.0,650.0,650.0,0.0,4193400,2729733000,940,151.2,650,15800,645,1968800,14865343101,14865343101,3045908801,347100,71300,58,37700,1
2024-01-31,BJTM,Bank Pembangunan Daerah Jawa Timur Tbk.,--S-1105200000G111------------,650.0,0.0,655.0,650.0,650.0,0.0,4193400,2729733000,940,151.2,650,15800,645,1968800,14865343101,14865343101,3045908801,347100,71300,58,37700,1
2024-01-30,BJTM,Bank Pembangunan Daerah Jawa Timur Tbk.,--S-1105200000G111------------,655.0,0.0,655.0,650.0,650.0,-5.0,2692300,1751842000,676,151.2,655,1546400,650,1202300,14865343101,14865343101,3045908801,1599600,900,0,0,0
2024-01-29,BJTM,Bank Pembangunan Daerah Jawa Timur Tbk.,--S-1105200000G111------------,650.0,0.0,655.0,645.0,655.0,5.0,2231300,1453477000,704,152.3,655,1476200,650,752900,14865343101,14865343101,3045908801,300,24300,0,0,0
2024-01-26,BJTM,Bank Pembangunan Daerah Jawa Timur Tbk.,--S-1105200000G111------------,655.0,0.0,655.0,645.0,650.0,-5.0,2957000,1922450500,919,151.2,650,231400,645,1497700,14865343101,14865343101,3045908801,68000,0,0,0,0
2024-01-25,BJTM,Bank Pembangunan Daerah Jawa Timur Tbk.,--S-1105200000G111------------,650.0,0.0,655.0,645.0,655.0,5.0,2818200,1838820500,785,152.3,655,655900,650,1374500,14865343101,14865343101,3045908801,86400,1420800,0,0,0
2024-01-24,BJTM,Bank Pembangunan Daerah Jawa Timur Tbk.,--S-1105200000G111------------,655.0,0.0,655.0,645.0,650.0,-5.0,5981900,3879916000,1459,151.2,650,358300,645,1498400,14865343101,14865343101,3045908801,591600,60600,0,0,0
2024-01-23,BJTM,Bank Pembangunan Daerah Jawa Timur Tbk.,--S-1105200000G111------------,655.0,0.0,665.0,650.0,655.0,0.0,6999500,4578896000,1017,152.3,655,1327800,650,3612000,14865343101,14865343101,3045908801,927300,168900,0,0,0
2024-01-22,BJTM,Bank Pembangunan Daerah Jawa Timur Tbk.,--S-1105200000G111------------,660.0,0.0,665.0,655.0,655.0,-5.0,8272300,5456943500,1005,152.3,660,6300,655,2500200,14865343101,14865343101,3045908801,3169100,445000,0,0,0
2024-01-19,BJTM,Bank Pembangunan Daerah Jawa Timur Tbk.,--S-1105200000G111------------,660.0,0.0,660.0,655.0,660.0,0.0,4972200,3268895000,1023,153.5,660,1542800,655,670700,14865343101,14865343101,3045908801,43100,68200,0,0,0
2024-01-18,BJTM,Bank Pembangunan Daerah Jawa Timur Tbk.,--S-1105200000G111------------,660.0,0.0,660.0,655.0,660.0,0.0,3966300,2606899500,997,153.5,660,912600,655,2082500,14865343101,14865343101,3045908801,628800,38300,37,24420,1
2024-01-17,BJTM,Bank Pembangunan Daerah Jawa Timur Tbk.,--S-1105200000G111------------,660.0,0.0,665.0,655.0,660.0,0.0,6820900,4504603500,1431,153.5,660,601500,655,2753400,14865343101,14865343101,3045908801,2011300,58500,0,0,0
2024-01-16,BJTM,Bank Pembangunan Daerah Jawa Timur Tbk.,--S-1105200000G111------------,665.0,0.0,665.0,660.0,660.0,-5.0,2902500,1919268500,797,153.5,665,2586500,660,3688000,14865343101,14865343101,3045908801,20200,700,0,0,0
2024-01-15,BJTM,Bank Pembangunan Daerah Jawa Timur Tbk.,--S-1105200000G111------------,660.0,0.0,665.0,650.0,665.0,5.0,9676800,6375895000,1370,154.7,665,2518700,660,4109400,14865343101,14865343101,3045908801,891900,678300,0,0,0
2024-01-12,BJTM,Bank Pembangunan Daerah Jawa Timur Tbk.,--S-1105200000G111------------,660.0,0.0,665.0,655.0,660.0,0.0,3780300,2501101500,1102,153.5,665,1386900,660,1727800,14865343101,14865343101,3045908801,66900,445400,0,0,0
2024-01-11,BJTM,Bank Pembangunan Daerah Jawa Timur Tbk.,--S-1105200000G111------------,655.0,0.0,665.0,650.0,660.0,5.0,7585000,4999975000,1312,153.5,665,1195500,660,1305500,14865343101,14865343101,3045908801,1100,1352100,0,0,0
2024-01-10,BJTM,Bank Pembangunan Daerah Jawa Timur Tbk.,--S-1105200000G111------------,650.0,0.0,660.0,645.0,655.0,5.0,6304800,4118856500,1070,152.3,655,509900,650,8585900,14865343101,14865343101,3045908801,7200,1121600,0,0,0
2024-01-09,BJTM,Bank Pembangunan Daerah Jawa Timur Tbk.,--S-1105200000G111------------,645.0,0.0,650.0,645.0,650.0,5.0,4970800,3220351500,759,151.2,655,1532100,650,187500,14865343101,14865343101,3045908801,38300,323800,0,0,0
2024-01-08,BJTM,Bank Pembangunan Daerah Jawa Timur Tbk.,--S-1105200000G111------------,650.0,0.0,650.0,640.0,645.0,-5.0,6282400,4060872500,1129,150.0,650,1259100,645,2994500,14865343101,14865343101,3045908801,0,247200,105100,69996600,1
2024-01-05,BJTM,Bank Pembangunan Daerah Jawa Timur Tbk.,--S-1105200000G111------------,650.0,0.0,650.0,645.0,650.0,0.0,4318300,2799997500,1058,151.2,650,1753100,645,3002600,14865343101,14865343101,3045908801,865900,391200,0,0,0
2024-01-04,BJTM,Bank Pembangunan Daerah Jawa Timur Tbk.,--S-1105200000G111------------,645.0,0.0,650.0,640.0,650.0,5.0,10656500,6883396000,1878,151.2,650,1857600,645,270900,14865343101,14865343101,3045908801,2810800,26800,0,0,0
2024-01-03,BJTM,Bank Pembangunan Daerah Jawa Timur Tbk.,--S-1105200000G111------------,625.0,0.0,645.0,620.0,645.0,20.0,11241000,7187096000,2355,150.0,650,2143500,645,51500,14865343101,14865343101,3045908801,1506800,397100,0,0,0
2024-01-02,BJTM,Bank Pembangunan Daerah Jawa Timur Tbk.,--S-1105200000G111------------,625.0,0.0,630.0,620.0,625.0,0.0,4400600,2746022500,1384,145.3,630,806000,625,289200,14865343101,14865343101,3045908801,657900,962000,0,0,0
2023-12-29,BJTM,Bank Pembangunan Daerah Jawa Timur Tbk.,--S-1105200000G111------------,620.0,0.0,625.0,620.0,625.0,5.0,4583500,2857144000,1000,145.3,630,964100,625,9200,14865343101,14865343101,3045908801,539800,8700,0,0,0
2023-12-28,BJTM,Bank Pembangunan Daerah Jawa Timur Tbk.,--S-1105200000G111------------,620.0,0.0,625.0,615.0,620.0,0.0,5572100,3445803500,1307,144.2,625,945300,620,104800,14865343101,14865343101,3045908801,831000,878700,0,0,0
2023-12-27,BJTM,Bank Pembangunan Daerah Jawa Timur Tbk.,--S-1105200000G111------------,615.0,0.0,620.0,610.0,620.0,5.0,2561100,1576954500,1130,144.2,620,1855800,615,1122300,14865343101,14865343101,3045908801,421400,2200,0,0,0
2023-12-22,BJTM,Bank Pembangunan Daerah Jawa Timur Tbk.,--S-1105200000G111------------,610.0,0.0,620.0,610.0,615.0,5.0,3615300,2219825000,922,143.0,615,237400,610,2155400,14865343101,14865343101,3045908801,580700,43000,0,0,0
2023-12-21,BJTM,Bank Pembangunan Daerah Jawa Timur Tbk.,--S-1105200000G111------------,610.0,0.0,615.0,605.0,610.0,0.0,3008100,1836938500,1266,141.9,615,1745700,610,230500,14865343101,14865343101,3045908801,450900,430100,0,0,0
2023-12-20,BJTM,Bank Pembangunan Daerah Jawa Timur Tbk.,--S-1105200000G111------------,610.0,0.0,615.0,605.0,610.0,0.0,2384000,1454451500,1061,141.9,615,999700,610,1556900,14865343101,14865343101,3045908801,514600,309900,0,0,0
2023-12-19,BJTM,Bank Pembangunan Daerah Jawa Timur Tbk.,--S-1105200000G111------------,610.0,0.0,615.0,605.0,610.0,0.0,4654600,2829843500,1134,141.9,610,140500,605,8017000,14865343101,14865343101,3045908801,1249000,681400,0,0,0
2023-12-18,BJTM,Bank Pembangunan Daerah Jawa Timur Tbk.,--S-1105200000G111------------,605.0,0.0,615.0,605.0,610.0,5.0,2519400,1532363000,1027,141.9,610,388700,605,7807400,14865343101,14865343101,3045908801,393300,403400,0,0,0
2023-12-15,BJTM,Bank Pembangunan Daerah Jawa Timur Tbk.,--S-1105200000G111------------,610.0,0.0,615.0,605.0,605.0,-5.0,3974300,2414399000,1251,140.7,610,132500,605,5420200,14865343101,14865343101,3045908801,3380800,203800,0,0,0
2023-12-14,BJTM,Bank Pembangunan Daerah Jawa Timur Tbk.,--S-1105200000G111------------,605.0,0.0,615.0,605.0,610.0,5.0,4248200,2580835000,1098,141.9,610,828900,605,5297600,14865343101,14865343101,3045908801,1631900,226500,0,0,0
2023-12-13,BJTM,Bank Pembangunan Daerah Jawa Timur Tbk.,--S-1105200000G111------------,610.0,0.0,615.0,605.0,605.0,-5.0,5294600,3205765500,1633,140.7,610,653600,605,56900,14865343101,14865343101,3045908801,1769300,7200,0,0,0
2023-12-12,BJTM,Bank Pembangunan Daerah Jawa Timur Tbk.,--S-1105200000G111------------,605.0,0.0,610.0,605.0,610.0,5.0,1641900,998103500,1201,141.9,610,194400,605,3003600,14865343101,14865343101,3045908801,551600,97700,0,0,0
2023-12-11,BJTM,Bank Pembangunan Daerah Jawa Timur Tbk.,--S-1105200000G111------------,615.0,0.0,620.0,600.0,605.0,-10.0,22432500,13578449500,4412,140.7,610,250100,605,665000,14865343101,14865343101,3045908801,12672400,417500,50,30250,1
2023-12-08,BJTM,Bank Pembangunan Daerah Jawa Timur Tbk.,--S-1105200000G111------------,615.0,0.0,620.0,615.0,615.0,0.0,3805500,2342715000,1447,143.0,620,778600,615,3260500,14865343101,14865343101,3045908801,2203800,7600,0,0,0
2023-12-07,BJTM,Bank Pembangunan Daerah Jawa Timur Tbk.,--S-1105200000G111------------,615.0,0.0,620.0,615.0,615.0,0.0,4627900,2849766500,1994,143.0,620,816800,615,1258000,14865343101,14865343101,3045908801,2509100,161200,0,0,0
2023-12-06,BJTM,Bank Pembangunan Daerah Jawa Timur Tbk.,--S-1105200000G111------------,620.0,0.0,625.0,615.0,615.0,-5.0,4300900,2649693500,2021,143.0,620,413000,615,2594900,14865343101,14865343101,3045908801,2359000,0,0,0,0
2023-12-05,BJTM,Bank Pembangunan Daerah Jawa Timur Tbk.,--S-1105200000G111------------,625.0,0.0,625.0,615.0,620.0,-5.0,6565900,4068152000,1177,144.2,620,141700,615,3334900,14865343101,14865343101,3045908801,3296000,5400,0,0,0
2023-12-04,BJTM,Bank Pembangunan Daerah Jawa Timur Tbk.,--S-1105200000G111------------,625.0,0.0,625.0,620.0,625.0,0.0,4355700,2706899000,1268,145.3,625,713600,620,1267600,14865343101,14865343101,3045908801,2218600,631900,0,0,0
2023-12-01,BJTM,Bank Pembangunan Daerah Jawa Timur Tbk.,--S-1105200000G111------------,620.0,0.0,625.0,620.0,625.0,5.0,2229200,1385213000,1012,145.3,625,945400,620,1446100,14865343101,14865343101,3045908801,1260500,349600,0,0,0
2023-11-30,BJTM,Bank Pembangunan Daerah Jawa Timur Tbk.,--S-1105200000G111------------,630.0,0.0,630.0,620.0,620.0,-10.0,6896700,4292588500,1326,144.2,625,359200,620,997000,14865343101,14865343101,3045908801,4503800,664500,0,0,0
2023-11-29,BJTM,Bank Pembangunan Daerah Jawa Timur Tbk.,--S-1105200000G111------------,625.0,0.0,630.0,620.0,630.0,5.0,2226000,1395953000,774,146.5,630,957400,625,1993500,14865343101,14865343101,3045908801,276400,736600,0,0,0
2023-11-28,BJTM,Bank Pembangunan Daerah Jawa Timur Tbk.,--S-1105200000G111------------,620.0,0.0,625.0,620.0,625.0,5.0,2598400,1617244500,1038,145.3,625,844400,620,1852600,14865343101,14865343101,3045908801,1153900,634200,0,0,0
2023-11-27,BJTM,Bank Pembangunan Daerah Jawa Timur Tbk.,--S-1105200000G111------------,620.0,0.0,625.0,620.0,620.0,0.0,4466600,2771528500,934,144.2,625,1174400,620,491300,14865343101,14865343101,3045908801,158300,641000,0,0,0
2023-11-24,BJTM,Bank Pembangunan Daerah Jawa Timur Tbk.,--S-1105200000G111------------,620.0,0.0,625.0,615.0,620.0,0.0,2411900,1493724000,643,144.2,620,215300,615,3218400,14865343101,14865343101,3045908801,351100,602200,0,0,0
2023-11-23,BJTM,Bank Pembangunan Daerah Jawa Timur Tbk.,--S-1105200000G111------------,620.0,0.0,620.0,615.0,620.0,0.0,1883400,1164638500,482,144.2,620,122000,615,3120700,14865343101,14865343101,3045908801,81500,8800,0,0,0
2023-11-22,BJTM,Bank Pembangunan Daerah Jawa Timur Tbk.,--S-1105200000G111------------,620.0,0.0,625.0,615.0,620.0,0.0,1424300,881998500,609,144.2,620,336300,615,3189800,14865343101,14865343101,3045908801,502300,304200,0,0,0
2023-11-21,BJTM,Bank Pembangunan Daerah Jawa Timur Tbk.,--S-1105200000G111------------,620.0,0.0,625.0,615.0,620.0,0.0,3367300,2088416000,854,144.2,620,63500,615,1867500,14865343101,14865343101,3045908801,168200,1192300,0,0,0
2023-11-20,BJTM,Bank Pembangunan Daerah Jawa Timur Tbk.,--S-1105200000G111------------,615.0,0.0,620.0,615.0,620.0,5.0,1183900,732441000,773,144.2,620,1234200,615,1029000,14865343101,14865343101,3045908801,0,157400,13000,8099000,1
2023-11-17,BJTM,Bank Pembangunan Daerah Jawa Timur Tbk.,--S-1105200000G111------------,615.0,0.0,620.0,610.0,615.0,0.0,2185200,1344610000,709,143.0,620,2030600,615,223400,14865343101,14865343101,3045908801,17200,819100,0,0,0
2023-11-16,BJTM,Bank Pembangunan Daerah Jawa Timur Tbk.,--S-1105200000G111------------,615.0,0.0,620.0,610.0,615.0,0.0,1572800,965877000,901,143.0,615,600,610,2252400,14865343101,14865343101,3045908801,100,307300,0,0,0
2023-11-15,BJTM,Bank Pembangunan Daerah Jawa Timur Tbk.,--S-1105200000G111------------,610.0,0.0,620.0,610.0,615.0,5.0,3568700,2194563000,726,143.0,620,1840800,615,33200,14865343101,14865343101,3045908801,100,547600,0,0,0
2023-11-14,BJTM,Bank Pembangunan Daerah Jawa Timur Tbk.,--S-1105200000G111------------,615.0,0.0,615.0,605.0,610.0,-5.0,5700900,3480075500,954,141.9,615,807000,610,98800,14865343101,14865343101,3045908801,1314200,709900,0,0,0
2023-11-13,BJTM,Bank Pembangunan Daerah Jawa Timur Tbk.,--S-1105200000G111------------,605.0,0.0,615.0,605.0,615.0,10.0,2769800,1692109000,886,143.0,615,625300,610,899700,14865343101,14865343101,3045908801,901400,569800,100,60500,1
2023-11-10,BJTM,Bank Pembangunan Daerah Jawa Timur Tbk.,--S-1105200000G111------------,610.0,0.0,620.0,605.0,605.0,-5.0,6896800,4209756000,1030,140.7,610,1101100,605,1964300,14865343101,14865343101,3045908801,1453100,28400,0,0,0
2023-11-09,BJTM,Bank Pembangunan Daerah Jawa Timur Tbk.,--S-1105200000G111------------,610.0,0.0,620.0,610.0,610.0,0.0,1851400,1135149000,786,141.9,615,495600,610,2051100,14865343101,14865343101,3045908801,539900,22600,0,0,0
2023-11-08,BJTM,Bank Pembangunan Daerah Jawa Timur Tbk.,--S-1105200000G111------------,615.0,0.0,625.0,610.0,610.0,-5.0,4019600,2479381500,969,141.9,615,398900,610,2477900,14865343101,14865343101,3045908801,1295500,162700,0,0,0
2023-11-07,BJTM,Bank Pembangunan Daerah Jawa Timur Tbk.,--S-1105200000G111------------,610.0,0.0,620.0,610.0,615.0,5.0,2550400,1570771000,775,143.0,620,1724800,615,518000,14865343101,14865343101,3045908801,816800,153700,0,0,0
2023-11-06,BJTM,Bank Pembangunan Daerah Jawa Timur Tbk.,--S-1105200000G111------------,610.0,0.0,620.0,610.0,610.0,0.0,4797900,2957581000,1137,141.9,615,2000,610,1985900,14865343101,14865343101,3045908801,1940700,922500,0,0,0
2023-11-03,BJTM,Bank Pembangunan Daerah Jawa Timur Tbk.,--S-1105200000G111------------,600.0,0.0,610.0,605.0,610.0,10.0,2436800,1482905500,779,141.9,610,121800,605,1393400,14865343101,14865343101,3045908801,774600,175100,5,3050,1
2023-11-02,BJTM,Bank Pembangunan Daerah Jawa Timur Tbk.,--S-1105200000G111------------,600.0,0.0,610.0,600.0,600.0,0.0,5136700,3105856500,1141,139.5,605,201500,600,4346300,14865343101,14865343101,3045908801,1835000,501000,0,0,0
2023-11-01,BJTM,Bank Pembangunan Daerah Jawa Timur Tbk.,--S-1105200000G111------------,605.0,0.0,610.0,600.0,600.0,-5.0,5987300,3604911000,1242,139.5,605,241600,600,4594500,14865343101,14865343101,3045908801,2583200,111000,20000,14100000,1
2023-10-31,BJTM,Bank Pembangunan Daerah Jawa Timur Tbk.,--S-1105200000G111------------,605.0,0.0,610.0,600.0,605.0,0.0,6653300,4015166000,1573,140.7,605,652800,600,4492200,14865343101,14865343101,3045908801,4053800,1025100,0,0,0
2023-10-30,BJTM,Bank Pembangunan Daerah Jawa Timur Tbk.,--S-1105200000G111------------,610.0,0.0,615.0,600.0,605.0,-5.0,5814900,3527916500,1702,140.7,610,648000,605,473200,14865343101,14865343101,3045908801,2041200,552200,0,0,0
2023-10-27,BJTM,Bank Pembangunan Daerah Jawa Timur Tbk.,--S-1105200000G111------------,605.0,0.0,615.0,605.0,610.0,5.0,3602800,2191602000,1116,141.9,615,1254200,610,382400,14865343101,14865343101,3045908801,1590600,432000,0,0,0
2023-10-26,BJTM,Bank Pembangunan Daerah Jawa Timur Tbk.,--S-1105200000G111------------,615.0,0.0,620.0,605.0,605.0,-10.0,8204900,5007150500,1370,140.7,610,62600,605,1453200,14865343101,14865343101,3045908801,2739600,3252400,0,0,0
2023-10-25,BJTM,Bank Pembangunan Daerah Jawa Timur Tbk.,--S-1105200000G111------------,610.0,0.0,625.0,610.0,615.0,5.0,3066700,1897574500,841,143.0,620,1775000,615,871100,14865343101,14865343101,3045908801,1339700,65800,0,0,0
2023-10-24,BJTM,Bank Pembangunan Daerah Jawa Timur Tbk.,--S-1105200000G111------------,600.0,0.0,615.0,600.0,610.0,10.0,4991100,3033391500,993,141.9,615,278500,610,236400,14865343101,14865343101,3045908801,1654100,698600,0,0,0
2023-10-23,BJTM,Bank Pembangunan Daerah Jawa Timur Tbk.,--S-1105200000G111------------,610.0,0.0,615.0,600.0,600.0,-10.0,10544700,6381753000,2534,139.5,605,772200,600,5821300,14865343101,14865343101,3045908801,2813100,872700,0,0,0
2023-10-20,BJTM,Bank Pembangunan Daerah Jawa Timur Tbk.,--S-1105200000G111------------,615.0,0.0,620.0,610.0,610.0,-5.0,5787200,3546177500,1613,141.9,615,518800,610,5563900,14865343101,14865343101,3045908801,2023200,100,0,0,0
2023-10-19,BJTM,Bank Pembangunan Daerah Jawa Timur Tbk.,--S-1105200000G111------------,625.0,0.0,625.0,615.0,615.0,-10.0,4992900,3087731500,1571,143.0,620,653100,615,2228900,14865343101,14865343101,3045908801,2222400,0,11,6600,1
2023-10-18,BJTM,Bank Pembangunan Daerah Jawa Timur Tbk.,--S-1105200000G111------------,620.0,0.0,625.0,620.0,625.0,5.0,2587900,1612640000,658,145.3,625,741900,620,2447700,14865343101,14865343101,3045908801,1491500,200,0,0,0
2023-10-17,BJTM,Bank Pembangunan Daerah Jawa Timur Tbk.,--S-1105200000G111------------,625.0,0.0,625.0,620.0,620.0,-5.0,4865200,3022604500,1480,144.2,625,681700,620,2846700,14865343101,14865343101,3045908801,2025700,131100,0,0,0
2023-10-16,BJTM,Bank Pembangunan Daerah Jawa Timur Tbk.,--S-1105200000G111------------,625.0,0.0,630.0,620.0,625.0,0.0,6077200,3793426000,1655,145.3,625,625100,620,5109700,14865343101,14865343101,3045908801,1972300,295600,10000,4700000,1
2023-10-13,BJTM,Bank Pembangunan Daerah Jawa Timur Tbk.,--S-1105200000G111------------,630.0,0.0,630.0,625.0,625.0,-5.0,4440200,2778884500,1088,145.3,630,1750900,625,3358100,14865343101,14865343101,3045908801,1219000,2400,0,0,0
2023-10-12,BJTM,Bank Pembangunan Daerah Jawa Timur Tbk.,--S-1105200000G111------------,625.0,0.0,630.0,625.0,630.0,5.0,1058800,664767500,474,146.5,630,2489400,625,2001700,14865343101,14865343101,3045908801,189600,2500,0,0,0
2023-10-11,BJTM,Bank Pembangunan Daerah Jawa Timur Tbk.,--S-1105200000G111------------,625.0,0.0,630.0,625.0,625.0,0.0,5099600,3194958000,1649,145.3,630,1037400,620,4056400,14865343101,14865343101,3045908801,2976200,4500,0,0,0
2023-10-10,BJTM,Bank Pembangunan Daerah Jawa Timur Tbk.,--S-1105200000G111------------,630.0,0.0,630.0,625.0,625.0,-5.0,2524100,1582121500,608,145.3,630,900000,625,2919800,14865343101,14865343101,3045908801,877500,2400,0,0,0
2023-10-09,BJTM,Bank Pembangunan Daerah Jawa Timur Tbk.,--S-1105200000G111------------,625.0,0.0,630.0,620.0,630.0,5.0,3545100,2221430000,1093,146.5,630,813800,625,1615900,14865343101,14865343101,3045908801,1358500,272300,0,0,0
2023-10-06,BJTM,Bank Pembangunan Daerah Jawa Timur Tbk.,--S-1105200000G111------------,625.0,0.0,630.0,620.0,625.0,0.0,6400800,4002477500,2053,145.3,630,867400,625,657500,14865343101,14865343101,3045908801,3901700,96400,0,0,0
2023-10-05,BJTM,Bank Pembangunan Daerah Jawa Timur Tbk.,--S-1105200000G111------------,630.0,0.0,635.0,625.0,625.0,-5.0,5954800,3744740500,1667,145.3,630,150100,625,2238600,14865343101,14865343101,3045908801,2723400,20400,0,0,0
2023-10-04,BJTM,Bank Pembangunan Daerah Jawa Timur Tbk.,--S-1105200000G111------------,630.0,0.0,635.0,630.0,630.0,0.0,5946300,3756361000,1816,146.5,635,2718400,630,2247500,14865343101,14865343101,3045908801,2143600,1008500,0,0,0
2023-10-03,BJTM,Bank Pembangunan Daerah Jawa Timur Tbk.,--S-1105200000G111------------,635.0,0.0,640.0,630.0,630.0,-5.0,6512300,4134981500,1619,146.5,635,330000,630,4271800,14865343101,14865343101,3045908801,1510600,8800,0,0,0
2023-10-02,BJTM,Bank Pembangunan Daerah Jawa Timur Tbk.,--S-1105200000G111------------,635.0,0.0,640.0,635.0,635.0,0.0,6568800,4176186500,1927,147.7,640,2481000,635,249500,14865343101,14865343101,3045908801,4989800,13300,76,48640,1
2023-09-29,BJTM,Bank Pembangunan Daerah Jawa Timur Tbk.,--S-1105200000G111------------,635.0,0.0,640.0,635.0,635.0,0.0,3832000,2441814500,1254,147.7,640,1355200,635,3322900,14865343101,14865343101,3045908801,1345300,39700,76,48260,1
2023-09-27,BJTM,Bank Pembangunan Daerah Jawa Timur Tbk.,--S-1105200000G111------------,640.0,0.0,645.0,635.0,635.0,-5.0,7896200,5030360000,1981,147.7,640,1140700,635,2570300,14865343101,14865343101,3045908801,1535500,0,0,0,0
2023-09-26,BJTM,Bank Pembangunan Daerah Jawa Timur Tbk.,--S-1105200000G111------------,640.0,0.0,645.0,640.0,640.0,0.0,3334300,2136462500,1071,148.8,645,1586700,640,1561100,14865343101,14865343101,3045908801,574600,100,0,0,0
2023-09-25,BJTM,Bank Pembangunan Daerah Jawa Timur Tbk.,--S-1105200000G111------------,640.0,0.0,645.0,640.0,640.0,0.0,2036400,1306069500,902,148.8,645,1541900,640,3270600,14865343101,14865343101,3045908801,219500,41400,0,0,0
2023-09-22,BJTM,Bank Pembangunan Daerah Jawa Timur Tbk.,--S-1105200000G111------------,640.0,0.0,645.0,635.0,640.0,0.0,11349900,7270521000,2387,148.8,645,2108400,640,424600,14865343101,14865343101,3045908801,4322400,517400,0,0,0
2023-09-21,BJTM,Bank Pembangunan Daerah Jawa Timur Tbk.,--S-1105200000G111------------,645.0,0.0,645.0,640.0,640.0,-5.0,6678900,4285392500,782,148.8,645,1966600,640,7415400,14865343101,14865343101,3045908801,1905300,26300,0,0,0
2023-09-20,BJTM,Bank Pembangunan Daerah Jawa Timur Tbk.,--S-1105200000G111------------,645.0,0.0,645.0,640.0,645.0,0.0,4569600,2942245000,1171,150.0,645,1854400,640,12673400,14865343101,14865343101,3045908801,2089400,667400,0,0,0
2023-09-19,BJTM,Bank Pembangunan Daerah Jawa Timur Tbk.,--S-1105200000G111------------,640.0,0.0,645.0,640.0,645.0,5.0,4701300,3024617500,982,150.0,645,2723400,640,10870600,14865343101,14865343101,3045908801,2313000,403900,0,0,0
2023-09-18,BJTM,Bank Pembangunan Daerah Jawa Timur Tbk.,--S-1105200000G111------------,650.0,0.0,650.0,640.0,640.0,-10.0,9043100,5828706500,2361,148.8,645,606700,640,11602800,14865343101,14865343101,3045908801,3814800,775000,5500,3850000,1
2023-09-15,BJTM,Bank Pembangunan Daerah Jawa Timur Tbk.,--S-1105200000G111------------,650.0,0.0,650.0,645.0,650.0,0.0,3935900,2550957000,1103,151.2,650,3241400,645,21377300,14865343101,14865343101,3045908801,1932500,789600,0,0,0
2023-09-14,BJTM,Bank Pembangunan Daerah Jawa Timur Tbk.,--S-1105200000G111------------,650.0,0.0,650.0,645.0,650.0,0.0,5654700,3655786000,789,151.2,650,2476900,645,15502100,14865343101,14865343101,3045908801,2889600,377500,0,0,0
2023-09-13,BJTM,Bank Pembangunan Daerah Jawa Timur Tbk.,--S-1105200000G111------------,650.0,0.0,650.0,645.0,650.0,0.0,3389500,2196027500,823,151.2,650,919000,645,21807800,14865343101,14865343101,3045908801,489300,610200,0,0,0
2023-09-12,BJTM,Bank Pembangunan Daerah Jawa Timur Tbk.,--S-1105200000G111------------,650.0,0.0,650.0,645.0,650.0,0.0,3822300,2477100000,911,151.2,650,1281600,645,20616600,14865343101,14865343101,3045908801,0,383900,0,0,0
2023-09-11,BJTM,Bank Pembangunan Daerah Jawa Timur Tbk.,--S-1105200000G111------------,650.0,0.0,655.0,645.0,650.0,0.0,8198300,5322526500,1909,151.2,655,1877400,650,6702400,14865343101,14865343101,3045908801,1765300,1900,0,0,0
2023-09-08,BJTM,Bank Pembangunan Daerah Jawa Timur Tbk.,--S-1105200000G111------------,655.0,0.0,655.0,650.0,650.0,-5.0,5850600,3812810000,1156,151.2,655,1682400,650,24310200,14865343101,14865343101,3045908801,2174300,190800,0,0,0
2023-09-07,BJTM,Bank Pembangunan Daerah Jawa Timur Tbk.,--S-1105200000G111------------,660.0,0.0,660.0,650.0,655.0,-5.0,5438600,3561737500,1381,152.3,655,336400,650,8750100,14865343101,14865343101,3045908801,2376100,542900,0,0,0
2023-09-06,BJTM,Bank Pembangunan Daerah Jawa Timur Tbk.,--S-1105200000G111------------,660.0,0.0,660.0,650.0,660.0,0.0,10435100,6839415500,1655,153.5,660,6665100,655,17038200,14865343101,14865343101,3045908801,6974500,1026000,0,0,0
2023-09-05,BJTM,Bank Pembangunan Daerah Jawa Timur Tbk.,--S-1105200000G111------------,655.0,0.0,660.0,655.0,660.0,5.0,7141200,4682895500,1079,153.5,660,4508400,655,15686500,14865343101,14865343101,3045908801,4047500,326800,59,38645,1
2023-09-04,BJTM,Bank Pembangunan Daerah Jawa Timur Tbk.,--S-1105200000G111------------,660.0,0.0,660.0,655.0,655.0,-5.0,2436500,1602433500,858,152.3,660,3792400,655,14144300,14865343101,14865343101,3045908801,0,245700,0,0,0
2023-09-01,BJTM,Bank Pembangunan Daerah Jawa Timur Tbk.,--S-1105200000G111------------,655.0,0.0,660.0,655.0,660.0,5.0,2906100,1913668000,705,153.5,660,1429300,655,10009500,14865343101,14865343101,3045908801,0,307300,10000,6600000,1
2023-08-31,BJTM,Bank Pembangunan Daerah Jawa Timur Tbk.,--S-1105200000G111------------,660.0,0.0,660.0,655.0,655.0,-5.0,11384800,7466502000,1546,152.3,660,1288300,655,9820700,14865343101,14865343101,3045908801,503000,331800,0,0,0
2023-08-30,BJTM,Bank Pembangunan Daerah Jawa Timur Tbk.,--S-1105200000G111------------,660.0,0.0,665.0,655.0,660.0,0.0,5261700,3476484000,1298,153.5,660,74300,655,3844600,14865343101,14865343101,3045908801,17300,1037200,0,0,0
2023-08-29,BJTM,Bank Pembangunan Daerah Jawa Timur Tbk.,--S-1105200000G111------------,660.0,0.0,660.0,655.0,660.0,0.0,7176900,4729020500,1152,153.5,660,1025600,655,1837500,14865343101,14865343101,3045908801,1200,5904900,0,0,0
2023-08-28,BJTM,Bank Pembangunan Daerah Jawa Timur Tbk.,--S-1105200000G111------------,655.0,0.0,660.0,650.0,660.0,5.0,3249900,2129131000,980,153.5,660,3031000,655,454600,14865343101,14865343101,3045908801,50000,624300,0,0,0
2023-08-25,BJTM,Bank Pembangunan Daerah Jawa Timur Tbk.,--S-1105200000G111------------,655.0,0.0,660.0,650.0,655.0,0.0,3144400,2059091500,1013,152.3,655,607900,650,7065300,14865343101,14865343101,3045908801,448100,559600,0,0,0
2023-08-24,BJTM,Bank Pembangunan Daerah Jawa Timur Tbk.,--S-1105200000G111------------,655.0,0.0,660.0,655.0,655.0,0.0,2053000,1346495500,869,152.3,660,6133100,655,284100,14865343101,14865343101,3045908801,274100,270500,0,0,0
2023-08-23,BJTM,Bank Pembangunan Daerah Jawa Timur Tbk.,--S-1105200000G111------------,655.0,0.0,660.0,650.0,655.0,0.0,4480500,2936528500,1349,152.3,660,5502500,655,109400,14865343101,14865343101,3045908801,367300,884100,0,0,0
2023-08-22,BJTM,Bank Pembangunan Daerah Jawa Timur Tbk.,--S-1105200000G111------------,660.0,0.0,660.0,655.0,655.0,-5.0,5809400,3811298000,1769,152.3,660,6544200,655,2900,14865343101,14865343101,3045908801,42100,351400,0,0,0
2023-08-21,BJTM,Bank Pembangunan Daerah Jawa Timur Tbk.,--S-1105200000G111------------,660.0,0.0,660.0,655.0,660.0,0.0,3388400,2227137500,1054,153.5,660,4425600,655,11011900,14865343101,14865343101,3045908801,273200,339500,0,0,0
2023-08-18,BJTM,Bank Pembangunan Daerah Jawa Timur Tbk.,--S-1105200000G111------------,660.0,0.0,660.0,655.0,660.0,0.0,2452000,1610834000,638,153.5,660,3482100,655,12835400,14865343101,14865343101,3045908801,273200,17000,0,0,0
2023-08-16,BJTM,Bank Pembangunan Daerah Jawa Timur Tbk.,--S-1105200000G111------------,660.0,0.0,660.0,655.0,660.0,0.0,1539900,1011486000,467,153.5,660,3910500,655,8657900,14865343101,14865343101,3045908801,0,1700,2100,1386000,1
2023-08-15,BJTM,Bank Pembangunan Daerah Jawa Timur Tbk.,--S-1105200000G111------------,660.0,0.0,660.0,655.0,660.0,0.0,4462200,2935131000,866,153.5,660,2006300,655,7294800,14865343101,14865343101,3045908801,3300,471900,0,0,0
2023-08-14,BJTM,Bank Pembangunan Daerah Jawa Timur Tbk.,--S-1105200000G111------------,660.0,0.0,660.0,650.0,660.0,0.0,11001800,7211019000,1357,153.5,660,3375500,655,10031200,14865343101,14865343101,3045908801,2459400,146900,0,0,0
2023-08-11,BJTM,Bank Pembangunan Daerah Jawa Timur Tbk.,--S-1105200000G111------------,655.0,0.0,660.0,655.0,660.0,5.0,5442100,3568870500,815,153.5,660,2623500,655,2849200,14865343101,14865343101,3045908801,724600,1700,0,0,0
2023-08-10,BJTM,Bank Pembangunan Daerah Jawa Timur Tbk.,--S-1105200000G111------------,660.0,0.0,665.0,655.0,655.0,-5.0,3652800,2404325500,809,152.3,660,447800,655,14919800,14865343101,14865343101,3045908801,198400,661800,0,0,0
2023-08-09,BJTM,Bank Pembangunan Daerah Jawa Timur Tbk.,--S-1105200000G111------------,660.0,0.0,665.0,655.0,660.0,0.0,3662800,2410518000,838,153.5,660,1143000,655,6210700,14865343101,14865343101,3045908801,273200,258900,0,0,0
2023-08-08,BJTM,Bank Pembangunan Daerah Jawa Timur Tbk.,--S-1105200000G111------------,660.0,0.0,665.0,660.0,660.0,0.0,2666300,1763343500,817,153.5,665,4100900,660,1161900,14865343101,14865343101,3045908801,477600,415800,70,46200,1
2023-08-07,BJTM,Bank Pembangunan Daerah Jawa Timur Tbk.,--S-1105200000G111------------,660.0,0.0,665.0,655.0,660.0,0.0,6733900,4436001000,1185,153.5,665,2468100,660,498100,14865343101,14865343101,3045908801,140200,108100,0,0,0
2023-08-04,BJTM,Bank Pembangunan Daerah Jawa Timur Tbk.,--S-1105200000G111------------,655.0,0.0,660.0,655.0,660.0,5.0,4615200,3029214500,996,153.5,660,3327600,655,1484200,14865343101,14865343101,3045908801,8400,122700,0,0,0
2023-08-03,BJTM,Bank Pembangunan Daerah Jawa Timur Tbk.,--S-1105200000G111------------,655.0,0.0,660.0,655.0,655.0,0.0,3174700,2085081000,688,152.3,660,3726700,655,2871300,14865343101,14865343101,3045908801,4300,18900,60,39600,1
2023-08-02,BJTM,Bank Pembangunan Daerah Jawa Timur Tbk.,--S-1105200000G111------------,660.0,0.0,660.0,655.0,655.0,-5.0,6128000,4022920000,1049,152.3,660,2406200,655,2011400,14865343101,14865343101,3045908801,2987400,3800,0,0,0
2023-08-01,BJTM,Bank Pembangunan Daerah Jawa Timur Tbk.,--S-1105200000G111------------,660.0,0.0,665.0,655.0,660.0,0.0,3750300,2470647500,877,153.5,660,755200,655,4019200,14865343101,14865343101,3045908801,635100,13400,0,0,0
2023-07-31,BJTM,Bank Pembangunan Daerah Jawa Timur Tbk.,--S-1155200000G111------------,660.0,0.0,665.0,660.0,660.0,0.0,11907000,7884236000,1961,153.5,665,1730600,660,669300,14865343101,14865343101,3045908801,2560200,2120400,0,0,0
2023-07-28,BJTM,Bank Pembangunan Daerah Jawa Timur Tbk.,--S-1155200000G111------------,660.0,0.0,665.0,655.0,660.0,0.0,6665500,4400831000,1321,153.5,660,770100,655,4936800,14865343101,14865343101,3045908801,945500,314100,0,0,0
2023-07-27,BJTM,Bank Pembangunan Daerah Jawa Timur Tbk.,--S-1155200000G111------------,660.0,0.0,665.0,660.0,660.0,0.0,3228600,2135378500,1035,153.5,665,2177300,660,658800,14865343101,14865343101,3045908801,8000,1100,0,0,0
2023-07-26,BJTM,Bank Pembangunan Daerah Jawa Timur Tbk.,--S-1155200000G111------------,665.0,0.0,670.0,655.0,660.0,-5.0,12576200,8323099000,2278,153.5,665,1637400,660,41800,14865343101,14865343101,3045908801,0,1422100,0,0,0
2023-07-25,BJTM,Bank Pembangunan Daerah Jawa Timur Tbk.,--S-1155200000G111------------,670.0,0.0,670.0,660.0,665.0,-5.0,3928600,2616763500,1265,154.7,670,2117600,665,839900,14865343101,14865343101,3045908801,397800,217500,122,81480,2
2023-07-24,BJTM,Bank Pembangunan Daerah Jawa Timur Tbk.,--S-1155200000G111------------,660.0,0.0,670.0,660.0,670.0,10.0,5354000,3561602500,1123,155.8,670,1823600,665,835400,14865343101,14865343101,3045908801,76100,1293000,0,0,0
2023-07-21,BJTM,Bank Pembangunan Daerah Jawa Timur Tbk.,--S-1155200000G111------------,660.0,0.0,665.0,660.0,660.0,0.0,1870300,1238184000,723,153.5,665,2821400,660,1548400,14865343101,14865343101,3045908801,2400,0,0,0,0
2023-07-20,BJTM,Bank Pembangunan Daerah Jawa Timur Tbk.,--S-1155200000G111------------,660.0,0.0,665.0,655.0,660.0,0.0,2628600,1736774500,1029,153.5,665,1828300,660,960600,14865343101,14865343101,3045908801,670200,185300,0,0,0
2023-07-18,BJTM,Bank Pembangunan Daerah Jawa Timur Tbk.,--S-1155200000G111------------,665.0,0.0,670.0,660.0,660.0,-5.0,8170700,5427456000,2023,153.5,665,720900,660,809200,14865343101,14865343101,3045908801,127600,665100,0,0,0
2023-07-17,BJTM,Bank Pembangunan Daerah Jawa Timur Tbk.,--S-1155200000G111------------,650.0,0.0,665.0,640.0,665.0,15.0,10288600,6780367500,1921,154.7,665,917000,660,1636400,14865343101,14865343101,3045908801,0,1836200,0,0,0
2023-07-14,BJTM,Bank Pembangunan Daerah Jawa Timur Tbk.,--S-1155200000G111------------,650.0,0.0,655.0,650.0,650.0,0.0,6179000,4023599000,855,151.2,655,4311800,650,3623700,14865343101,14865343101,3045908801,122400,359700,0,0,0
2023-07-13,BJTM,Bank Pembangunan Daerah Jawa Timur Tbk.,--S-1155200000G111------------,650.0,0.0,655.0,650.0,650.0,0.0,3107200,2024208500,767,151.2,655,4617200,650,3986200,14865343101,14865343101,3045908801,46900,200,0,0,0
2023-07-12,BJTM,Bank Pembangunan Daerah Jawa Timur Tbk.,--S-1155200000G111------------,655.0,0.0,655.0,650.0,650.0,-5.0,2597800,1691929500,1240,151.2,655,3822900,650,2688000,14865343101,14865343101,3045908801,348000,7200,0,0,0
2023-07-11,BJTM,Bank Pembangunan Daerah Jawa Timur Tbk.,--S-1155200000G111------------,650.0,0.0,655.0,645.0,655.0,5.0,4702900,3061397500,1231,152.3,655,4685300,650,1519400,14865343101,14865343101,3045908801,1460300,669300,0,0,0
2023-07-10,BJTM,Bank Pembangunan Daerah Jawa Timur Tbk.,--S-1155200000G111------------,650.0,0.0,655.0,645.0,650.0,0.0,6267500,4076396500,1610,151.2,650,1613300,645,7685400,14865343101,14865343101,3045908801,2635700,200300,0,0,0
2023-07-07,BJTM,Bank Pembangunan Daerah Jawa Timur Tbk.,--S-1155200000G111------------,650.0,0.0,655.0,645.0,650.0,0.0,8234900,5348633500,1188,151.2,650,4089800,645,7281000,14865343101,14865343101,3045908801,3003000,2196200,0,0,0
2023-07-06,BJTM,Bank Pembangunan Daerah Jawa Timur Tbk.,--S-1155200000G111------------,650.0,0.0,650.0,645.0,650.0,0.0,5966400,3869201500,944,151.2,650,3496400,645,7325800,14865343101,14865343101,3045908801,1765200,612000,0,0,0
2023-07-05,BJTM,Bank Pembangunan Daerah Jawa Timur Tbk.,--S-1155200000G111------------,645.0,0.0,650.0,645.0,650.0,5.0,4371800,2831464500,799,151.2,650,12873500,645,4465800,14865343101,14865343101,3045908801,1459400,1500,0,0,0
2023-07-04,BJTM,Bank Pembangunan Daerah Jawa Timur Tbk.,--S-1155200000G111------------,645.0,0.0,650.0,645.0,645.0,0.0,4045700,2619842000,1007,150.0,650,4016000,645,3004200,14865343101,14865343101,3045908801,4500,100700,0,0,0
2023-07-03,BJTM,Bank Pembangunan Daerah Jawa Timur Tbk.,--S-1155200000G111------------,645.0,0.0,650.0,640.0,645.0,0.0,3271700,2113649500,1440,150.0,650,6585900,645,1490200,14865343101,14865343101,3045908801,791400,485300,8600000,4730000000,1
2023-06-27,BJTM,Bank Pembangunan Daerah Jawa Timur Tbk.,--S-1155200000G111------------,645.0,0.0,650.0,640.0,645.0,0.0,3775700,2435316500,1037,150.0,650,6134300,645,920900,14865343101,14865343101,3047395336,372200,241500,0,0,0
2023-06-26,BJTM,Bank Pembangunan Daerah Jawa Timur Tbk.,--S-1155200000G111------------,645.0,0.0,645.0,640.0,645.0,0.0,4374200,2818111000,1249,150.0,645,915600,640,6948900,14865343101,14865343101,3047395336,0,502900,0,0,0
2023-06-23,BJTM,Bank Pembangunan Daerah Jawa Timur Tbk.,--S-1155200000G111------------,645.0,0.0,650.0,640.0,645.0,0.0,4903000,3156102000,1573,150.0,645,1905000,640,7543800,14865343101,14865343101,3047395336,862800,600500,0,0,0
2023-06-22,BJTM,Bank Pembangunan Daerah Jawa Timur Tbk.,--S-1155200000G111------------,645.0,0.0,650.0,640.0,645.0,0.0,5746400,3708529000,1906,150.0,650,6508800,645,63900,14865343101,14865343101,3047395336,212300,434000,8600000,4730000000,1
2023-06-21,BJTM,Bank Pembangunan Daerah Jawa Timur Tbk.,--S-1155200000G111------------,645.0,0.0,650.0,645.0,645.0,0.0,2609600,1687539000,950,150.0,650,5870200,645,1975500,14865343101,14865343101,3047395336,362400,167100,0,0,0
2023-06-20,BJTM,Bank Pembangunan Daerah Jawa Timur Tbk.,--S-1155200000G111------------,650.0,0.0,650.0,645.0,645.0,-5.0,3847500,2487517500,969,150.0,650,4093400,645,2405100,14865343101,14865343101,3047395336,6300,97600,0,0,0
2023-06-19,BJTM,Bank Pembangunan Daerah Jawa Timur Tbk.,--S-1155200000G111------------,645.0,0.0,650.0,645.0,650.0,5.0,3082900,1993640000,988,151.2,650,7336300,645,2048000,14865343101,14865343101,3047395336,250000,900,0,0,0
2023-06-16,BJTM,Bank Pembangunan Daerah Jawa Timur Tbk.,--S-1155200000G111------------,645.0,0.0,650.0,645.0,645.0,0.0,5879500,3800787500,1786,150.0,650,4270800,645,977000,14865343101,14865343101,3047395336,64200,451600,0,0,0
2023-06-15,BJTM,Bank Pembangunan Daerah Jawa Timur Tbk.,--S-1155200000G111------------,650.0,0.0,650.0,645.0,645.0,-5.0,4742900,3066503000,1220,150.0,650,3729600,645,3172300,14865343101,14865343101,3047395336,436200,694000,4,2580,1
2023-06-14,BJTM,Bank Pembangunan Daerah Jawa Timur Tbk.,--S-1155200000G111------------,645.0,0.0,650.0,645.0,650.0,5.0,5196000,3357835500,1769,151.2,650,8045900,645,2617700,14865343101,14865343101,3047395336,543200,634700,0,0,0
2023-06-13,BJTM,Bank Pembangunan Daerah Jawa Timur Tbk.,--S-1155200000G111------------,645.0,0.0,650.0,645.0,645.0,0.0,2670800,1727611000,793,150.0,650,4281300,645,6198500,14865343101,14865343101,3047395336,248900,9400,0,0,0
2023-06-12,BJTM,Bank Pembangunan Daerah Jawa Timur Tbk.,--S-1155200000G111------------,645.0,0.0,650.0,645.0,645.0,0.0,5937000,3839115000,1075,150.0,650,3246000,645,6229800,14865343101,14865343101,3047395336,464500,0,68,44200,1
2023-06-09,BJTM,Bank Pembangunan Daerah Jawa Timur Tbk.,--S-1155200000G111------------,650.0,0.0,650.0,645.0,645.0,-5.0,4311500,2793482000,1076,150.0,650,2296900,645,6745000,14865343101,14865343101,3047395336,1400300,644300,0,0,0
2023-06-08,BJTM,Bank Pembangunan Daerah Jawa Timur Tbk.,--S-1155200000G111------------,650.0,0.0,650.0,645.0,650.0,0.0,3509300,2275098000,822,151.2,650,8532300,645,6644500,14865343101,14865343101,3047395336,1548800,176600,0,0,0
2023-06-07,BJTM,Bank Pembangunan Daerah Jawa Timur Tbk.,--S-1155200000G111------------,650.0,0.0,650.0,645.0,650.0,0.0,6286400,4079252000,1495,151.2,650,8971900,645,3984000,14865343101,14865343101,3047395336,2417900,3293200,15100,9815000,1
2023-06-06,BJTM,Bank Pembangunan Daerah Jawa Timur Tbk.,--S-1155200000G111------------,650.0,0.0,650.0,645.0,650.0,0.0,5098100,3304195500,1201,151.2,650,6619600,645,3850800,14865343101,14865343101,3047395336,890100,803300,0,0,0
2023-06-05,BJTM,Bank Pembangunan Daerah Jawa Timur Tbk.,--S-1155200000G111------------,650.0,0.0,655.0,645.0,650.0,0.0,5607300,3630109500,1706,151.2,650,1544400,645,2649600,14865343101,14865343101,3047395336,648200,742800,0,0,0
2023-05-31,BJTM,Bank Pembangunan Daerah Jawa Timur Tbk.,--S-1155206000G111------------,645.0,0.0,650.0,645.0,650.0,5.0,10306100,6676804000,2192,151.2,650,762000,645,679000,14865343101,14865343101,3047395336,3617900,5626200,0,0,0
2023-05-30,BJTM,Bank Pembangunan Daerah Jawa Timur Tbk.,--S-1155206000G111------------,650.0,0.0,650.0,645.0,645.0,-5.0,4270200,2759938000,2258,150.0,650,2479000,645,2601200,14865343101,14865343101,3047395336,1726300,544400,0,0,0
2023-05-29,BJTM,Bank Pembangunan Daerah Jawa Timur Tbk.,--S-1155206000G111------------,650.0,0.0,655.0,645.0,650.0,0.0,6027200,3908929500,1564,151.2,650,1562900,645,2761200,14865343101,14865343101,3047395336,182700,433400,0,0,0
2023-05-26,BJTM,Bank Pembangunan Daerah Jawa Timur Tbk.,--S-1155206000G111------------,655.0,0.0,655.0,650.0,650.0,-5.0,3525200,2296105500,1543,151.2,655,2491800,650,645100,14865343101,14865343101,3047395336,397000,879500,90,58950,1
2023-05-25,BJTM,Bank Pembangunan Daerah Jawa Timur Tbk.,--S-1155206000G111------------,645.0,0.0,655.0,645.0,655.0,10.0,10445700,6780832000,1994,152.3,655,6138300,650,193600,14865343101,14865343101,3047395336,136600,7269200,0,0,0
2023-05-24,BJTM,Bank Pembangunan Daerah Jawa Timur Tbk.,--S-1155206000G111------------,645.0,0.0,650.0,645.0,645.0,0.0,3650700,2363365000,1184,150.0,650,3591500,645,3290800,14865343101,14865343101,3047395336,99400,1193600,0,0,0
2023-05-23,BJTM,Bank Pembangunan Daerah Jawa Timur Tbk.,--S-1155206000G111------------,645.0,0.0,650.0,640.0,645.0,0.0,7264800,4684627000,1937,150.0,650,7110100,645,1525800,14865343101,14865343101,3047395336,121700,614200,0,0,0
2023-05-22,BJTM,Bank Pembangunan Daerah Jawa Timur Tbk.,XDS-1155206000G111------------,650.0,0.0,650.0,645.0,645.0,-5.0,7024300,4535152000,2597,150.0,645,64400,640,9088700,14865343101,14865343101,3047395336,762700,5800,60,39000,1
2023-05-19,BJTM,Bank Pembangunan Daerah Jawa Timur Tbk.,XDS-1155206000G111------------,650.0,0.0,650.0,640.0,650.0,0.0,7972600,5148429500,2317,151.2,650,3930400,645,2176000,14865343101,14865343101,3047395336,1931200,0,0,0,0
2023-05-17,BJTM,Bank Pembangunan Daerah Jawa Timur Tbk.,XDS-1155206000G111------------,645.0,0.0,650.0,645.0,650.0,5.0,7441500,4815425500,1723,151.2,650,2017200,645,3233200,14865343101,14865343101,3047395336,1301900,403500,0,0,0
2023-05-16,BJTM,Bank Pembangunan Daerah Jawa Timur Tbk.,XDS-1155206000G111------------,650.0,0.0,655.0,645.0,645.0,-5.0,7588100,4926210500,2277,150.0,650,266800,645,5799600,14865343101,14865343101,3047395336,2674600,76000,0,0,0
2023-05-15,BJTM,Bank Pembangunan Daerah Jawa Timur Tbk.,XDS-1155206000G111------------,650.0,0.0,655.0,650.0,650.0,0.0,5689400,3705791000,2436,151.2,655,3130000,650,1550800,14865343101,14865343101,3047395336,681700,250100,0,0,0
2023-05-12,BJTM,Bank Pembangunan Daerah Jawa Timur Tbk.,XDS-1155206000G111------------,650.0,0.0,655.0,645.0,650.0,0.0,6275600,4084207500,2492,151.2,655,5976500,650,302200,14865343101,14865343101,3047395336,989300,284100,0,0,0
2023-05-11,BJTM,Bank Pembangunan Daerah Jawa Timur Tbk.,XDS-1155206000G111------------,655.0,0.0,655.0,645.0,650.0,-5.0,6607600,4294280000,2123,151.2,655,5484900,650,277200,14865343101,14865343101,3047395336,357200,363100,0,0,0
2023-05-10,BJTM,Bank Pembangunan Daerah Jawa Timur Tbk.,XDS-1155206000G111------------,645.0,0.0,655.0,645.0,655.0,10.0,8961300,5830120000,2013,152.3,655,2710200,650,453200,14865343101,14865343101,3047395336,533600,1642200,0,0,0
2023-05-09,BJTM,Bank Pembangunan Daerah Jawa Timur Tbk.,XDS-1155206000G111------------,650.0,0.0,650.0,645.0,645.0,-5.0,7560000,4893208500,2575,150.0,650,1141700,645,1996100,14865343101,14865343101,3047395336,1778100,75600,0,0,0
2023-05-08,BJTM,Bank Pembangunan Daerah Jawa Timur Tbk.,XDS-1155206000G111------------,645.0,0.0,650.0,640.0,650.0,5.0,14560300,9409892500,4068,151.2,650,1206300,645,1037400,14865343101,14865343101,3047395336,380200,315600,0,0,0
2023-05-05,BJTM,Bank Pembangunan Daerah Jawa Timur Tbk.,XDS-1155206000G111------------,655.0,0.0,655.0,645.0,645.0,-10.0,12819000,8347757000,3916,150.0,650,225900,645,2531200,14865343101,14865343101,3047395336,962200,75800,0,0,0
2023-05-04,BJTM,Bank Pembangunan Daerah Jawa Timur Tbk.,XDS-1155206000G111------------,655.0,0.0,660.0,650.0,655.0,0.0,10627600,6942090000,4355,152.3,655,750600,650,6813800,14865343101,14865343101,3047395336,4015800,346800,60,39300,1
2023-05-03,BJTM,Bank Pembangunan Daerah Jawa Timur Tbk.,XDS-1155206000G111------------,665.0,0.0,665.0,655.0,655.0,-10.0,11094100,7283927000,4587,152.3,660,2279200,655,2149100,14865343101,14865343101,3047395336,2638600,79500,0,0,0
2023-05-02,BJTM,Bank Pembangunan Daerah Jawa Timur Tbk.,--S-1155206000G111------------,675.0,0.0,680.0,655.0,665.0,-10.0,26874300,17750623000,7322,154.7,665,3032200,660,3048100,14865343101,14865343101,3047395336,6942400,1821200,0,0,0
2023-04-28,BJTM,Bank Pembangunan Daerah Jawa Timur Tbk.,--S-1155206000G111------------,720.0,0.0,680.0,670.0,675.0,-45.0,61550700,41626777000,12750,157.0,680,7373900,675,1145700,14865343101,14865343101,3047395336,9144300,4016100,46,31050,1
2023-04-27,BJTM,Bank Pembangunan Daerah Jawa Timur Tbk.,CDS-1155206000G111------------,725.0,0.0,730.0,715.0,720.0,-5.0,48211500,34708620000,5830,167.4,720,4299700,715,7062100,14865343101,14865343101,3047395336,5385400,1617800,0,0,0
2023-04-26,BJTM,Bank Pembangunan Daerah Jawa Timur Tbk.,CDS-1155206000G111------------,715.0,0.0,730.0,715.0,725.0,10.0,44921000,32449410000,4961,168.6,725,3759600,720,1912000,14865343101,14865343101,3047395336,4351400,9967500,0,0,0
2023-04-18,BJTM,Bank Pembangunan Daerah Jawa Timur Tbk.,--S-1155206000G111------------,715.0,0.0,720.0,710.0,715.0,0.0,34948700,25003527000,4088,166.3,720,1230300,715,275400,14865343101,14865343101,3047395336,13179300,2216900,12,8592,1
2023-04-17,BJTM,Bank Pembangunan Daerah Jawa Timur Tbk.,--S-1155206000G111------------,720.0,0.0,725.0,715.0,715.0,-5.0,26878400,19307741000,3862,166.3,720,2574500,715,4467800,14865343101,14865343101,3047395336,4763800,831200,0,0,0
2023-04-14,BJTM,Bank Pembangunan Daerah Jawa Timur Tbk.,--S-1155206000G111------------,720.0,0.0,725.0,715.0,720.0,0.0,14021000,10105341000,2945,167.4,720,910600,715,6759900,14865343101,14865343101,3047395336,2035400,1607600,86,62264,1
2023-04-13,BJTM,Bank Pembangunan Daerah Jawa Timur Tbk.,--S-1155206000G111------------,720.0,0.0,725.0,715.0,720.0,0.0,19068100,13750512500,2666,167.4,720,2002700,715,4644300,14865343101,14865343101,3047395336,2865900,1050300,0,0,0
2023-04-12,BJTM,Bank Pembangunan Daerah Jawa Timur Tbk.,--S-1155206000G111------------,725.0,0.0,730.0,720.0,720.0,-5.0,28543200,20605720000,3621,167.4,725,1477600,720,83400,14865343101,14865343101,3047395336,3920500,864400,0,0,0
2023-04-11,BJTM,Bank Pembangunan Daerah Jawa Timur Tbk.,--S-1155206000G111------------,725.0,0.0,730.0,720.0,725.0,0.0,18791200,13620560500,2248,168.6,725,46800,720,7172500,14865343101,14865343101,3047395336,4133000,530500,0,0,0
2023-04-10,BJTM,Bank Pembangunan Daerah Jawa Timur Tbk.,--S-1155206000G111------------,730.0,0.0,735.0,720.0,725.0,-5.0,17331100,12631206000,2289,168.6,730,2156700,725,1783300,14865343101,14865343101,3047395336,588700,350800,0,0,0
2023-04-06,BJTM,Bank Pembangunan Daerah Jawa Timur Tbk.,--S-1155206000G111------------,725.0,0.0,735.0,725.0,730.0,5.0,9213800,6730409500,1286,169.8,730,3711200,725,3089100,14865343101,14865343101,3047395336,2085600,1246500,3000,2715000,1
2023-04-05,BJTM,Bank Pembangunan Daerah Jawa Timur Tbk.,--S-1155206000G111------------,730.0,0.0,735.0,725.0,725.0,-5.0,15334000,11164184000,2255,168.6,725,2364300,720,2737200,14865343101,14865343101,3047395336,1085900,947900,1000,730000,1
2023-04-04,BJTM,Bank Pembangunan Daerah Jawa Timur Tbk.,--S-1155206000G111------------,740.0,0.0,745.0,725.0,730.0,-10.0,17096000,12517160000,2359,169.8,730,1187100,725,3105300,14865343101,14865343101,3047395336,1199800,41300,0,0,0
2023-04-03,BJTM,Bank Pembangunan Daerah Jawa Timur Tbk.,--S-1155206000G111------------,735.0,0.0,740.0,730.0,740.0,5.0,8952800,6600794500,1299,172.1,740,356500,735,996300,14865343101,14865343101,3047395336,3764000,136700,0,0,0
2023-03-31,BJTM,Bank Pembangunan Daerah Jawa Timur Tbk.,--M-1155206000G111------------,735.0,0.0,740.0,730.0,735.0,0.0,3755600,2759074500,728,170.9,735,417800,730,4173200,14865343101,14865343101,3047395336,1236700,489900,0,0,0
2023-03-30,BJTM,Bank Pembangunan Daerah Jawa Timur Tbk.,--M-1155206000G111------------,735.0,0.0,745.0,730.0,735.0,0.0,14252300,10505825500,1402,170.9,740,105300,735,2702300,14865343101,14865343101,3047395336,7169100,434500,78,57330,1
2023-03-29,BJTM,Bank Pembangunan Daerah Jawa Timur Tbk.,--M-1155206000G111------------,730.0,0.0,740.0,730.0,735.0,5.0,4443200,3266221500,899,170.9,740,1873000,735,56500,14865343101,14865343101,3047395336,1366000,209300,0,0,0
2023-03-28,BJTM,Bank Pembangunan Daerah Jawa Timur Tbk.,--M-1155206000G111------------,735.0,0.0,740.0,730.0,730.0,-5.0,4881100,3578738500,1085,169.8,735,609900,730,1343100,14865343101,14865343101,3047395336,1660100,148900,0,0,0
2023-03-27,BJTM,Bank Pembangunan Daerah Jawa Timur Tbk.,--M-1155206000G111------------,735.0,0.0,740.0,730.0,735.0,0.0,4369700,3218756500,1343,170.9,740,1152900,735,678400,14865343101,14865343101,3047395336,1476800,12900,0,0,0
2023-03-24,BJTM,Bank Pembangunan Daerah Jawa Timur Tbk.,--M-1155206000G111------------,725.0,0.0,735.0,685.0,735.0,10.0,6800200,4950877000,1572,170.9,735,633800,730,960000,14865343101,14865343101,3047395336,1173400,971100,0,0,0
2023-03-21,BJTM,Bank Pembangunan Daerah Jawa Timur Tbk.,--M-1155206000G111------------,715.0,0.0,725.0,710.0,725.0,10.0,4000800,2880117000,676,168.6,725,439400,720,869700,14865343101,14865343101,3047395336,135500,96300,0,0,0
2023-03-20,BJTM,Bank Pembangunan Daerah Jawa Timur Tbk.,--M-1155206000G111------------,720.0,0.0,720.0,710.0,715.0,-5.0,4728900,3384999000,1337,166.3,715,38800,710,2293900,14865343101,14865343101,3047395336,230800,198700,0,0,0
2023-03-17,BJTM,Bank Pembangunan Daerah Jawa Timur Tbk.,--M-1155206000G111------------,705.0,0.0,720.0,705.0,720.0,15.0,4623500,3298527000,1156,167.4,720,425200,715,331800,14865343101,14865343101,3047395336,323300,977400,0,0,0
2023-03-16,BJTM,Bank Pembangunan Daerah Jawa Timur Tbk.,--M-1155206000G111------------,715.0,0.0,715.0,700.0,705.0,-10.0,11324900,8015350000,3374,164.0,710,775000,705,608400,14865343101,14865343101,3047395336,3567600,0,0,0,0
2023-03-15,BJTM,Bank Pembangunan Daerah Jawa Timur Tbk.,--M-1155206000G111------------,725.0,0.0,725.0,715.0,715.0,-10.0,4993000,3583164000,1809,166.3,720,591400,715,5269500,14865343101,14865343101,3047395336,392800,600,0,0,0
2023-03-14,BJTM,Bank Pembangunan Daerah Jawa Timur Tbk.,--M-1155206000G111------------,730.0,0.0,735.0,715.0,725.0,-5.0,14180500,10237104000,3264,168.6,725,2180800,720,97900,14865343101,14865343101,3047395336,2771900,24500,0,0,0
2023-03-13,BJTM,Bank Pembangunan Daerah Jawa Timur Tbk.,--M-1155206000G111------------,740.0,0.0,740.0,730.0,730.0,-10.0,8100300,5929012500,2238,169.8,735,433800,730,3020900,14865343101,14865343101,3047395336,2916500,51700,0,0,0
2023-03-10,BJTM,Bank Pembangunan Daerah Jawa Timur Tbk.,--M-1155206000G111------------,740.0,0.0,740.0,735.0,740.0,0.0,3164400,2332700500,1522,172.1,740,1251800,735,3836500,14865343101,14865343101,3047395336,1335700,1400,0,0,0
2023-03-09,BJTM,Bank Pembangunan Daerah Jawa Timur Tbk.,--M-1155206000G111------------,740.0,0.0,745.0,735.0,740.0,0.0,6629600,4895430500,1563,172.1,740,662800,735,6075800,14865343101,14865343101,3047395336,2235600,500,0,0,0
2023-03-08,BJTM,Bank Pembangunan Daerah Jawa Timur Tbk.,--M-1155206000G111------------,740.0,0.0,745.0,735.0,740.0,0.0,8568600,6352259000,1785,172.1,745,1374400,740,202500,14865343101,14865343101,3047395336,1371000,106400,0,0,0
2023-03-07,BJTM,Bank Pembangunan Daerah Jawa Timur Tbk.,--M-1155206000G111------------,740.0,0.0,745.0,740.0,740.0,0.0,4677000,3472210000,1040,172.1,745,895500,740,2213300,14865343101,14865343101,3047395336,182800,1600,86,64070,1
2023-03-06,BJTM,Bank Pembangunan Daerah Jawa Timur Tbk.,--M-1155206000G111------------,745.0,0.0,750.0,740.0,740.0,-5.0,5322700,3960607000,1066,172.1,745,490400,740,2744600,14865343101,14865343101,3047395336,524900,977900,0,0,0
2023-03-03,BJTM,Bank Pembangunan Daerah Jawa Timur Tbk.,--M-1155206000G111------------,745.0,0.0,745.0,740.0,745.0,0.0,4270800,3170916500,1210,173.3,745,1360700,740,1490400,14865343101,14865343101,3047395336,713500,815400,0,0,0
2023-03-02,BJTM,Bank Pembangunan Daerah Jawa Timur Tbk.,--M-1155206000G111------------,740.0,0.0,745.0,740.0,745.0,5.0,2883800,2140836500,971,173.3,745,1737400,740,986400,14865343101,14865343101,3047395336,74800,492400,0,0,0
2023-03-01,BJTM,Bank Pembangunan Daerah Jawa Timur Tbk.,--M-1155206000G111------------,740.0,0.0,745.0,735.0,740.0,0.0,5716300,4231341000,1325,172.1,745,1385900,740,16200,14865343101,14865343101,3047395336,633200,1110700,0,0,0
2023-02-28,BJTM,Bank Pembangunan Daerah Jawa Timur Tbk.,--M-1155206000G111------------,750.0,0.0,750.0,740.0,740.0,-10.0,8042300,5976343000,1282,172.1,745,133700,740,789000,14865343101,14865343101,3047395336,1700700,1341800,0,0,0
2023-02-27,BJTM,Bank Pembangunan Daerah Jawa Timur Tbk.,--M-1155206000G111------------,745.0,0.0,750.0,740.0,750.0,5.0,3823000,2844643500,1110,174.4,750,1337700,745,92600,14865343101,14865343101,3047395336,224300,354100,0,0,0
2023-02-24,BJTM,Bank Pembangunan Daerah Jawa Timur Tbk.,--M-1155206000G111------------,745.0,0.0,745.0,740.0,745.0,0.0,2116700,1574516500,909,173.3,745,981600,740,3007900,14865343101,14865343101,3047395336,104800,211300,0,0,0
2023-02-23,BJTM,Bank Pembangunan Daerah Jawa Timur Tbk.,--M-1155206000G111------------,745.0,0.0,745.0,740.0,745.0,0.0,2785500,2070166000,1097,173.3,745,916500,740,3589100,14865343101,14865343101,3047395336,45300,352100,0,0,0
2023-02-22,BJTM,Bank Pembangunan Daerah Jawa Timur Tbk.,--M-1155206000G111------------,745.0,0.0,745.0,735.0,745.0,0.0,5208100,3857989500,1706,173.3,745,1971100,740,864900,14865343101,14865343101,3047395336,1310800,801600,0,0,0
2023-02-21,BJTM,Bank Pembangunan Daerah Jawa Timur Tbk.,--M-1155206000G111------------,745.0,0.0,745.0,740.0,745.0,0.0,4516500,3352628500,1180,173.3,745,1285300,740,2676500,14865343101,14865343101,3047395336,166500,1390000,0,0,0
2023-02-20,BJTM,Bank Pembangunan Daerah Jawa Timur Tbk.,--M-1155206000G111------------,745.0,0.0,745.0,740.0,745.0,0.0,2360800,1753702000,961,173.3,745,607600,740,2561800,14865343101,14865343101,3047395336,89800,185100,0,0,0
2023-02-17,BJTM,Bank Pembangunan Daerah Jawa Timur Tbk.,--M-1155206000G111------------,745.0,0.0,745.0,740.0,745.0,0.0,2230000,1655687500,981,173.3,745,643000,740,1468600,14865343101,14865343101,3047395336,196100,377200,0,0,0
2023-02-16,BJTM,Bank Pembangunan Daerah Jawa Timur Tbk.,--M-1155206000G111------------,745.0,0.0,745.0,740.0,745.0,0.0,3981700,2952419500,1332,173.3,745,649100,740,1565200,14865343101,14865343101,3047395336,136700,416400,0,0,0
2023-02-15,BJTM,Bank Pembangunan Daerah Jawa Timur Tbk.,--M-1155206000G111------------,750.0,0.0,750.0,740.0,745.0,-5.0,2535300,1886804000,924,173.3,745,804600,740,3178900,14865343101,14865343101,3047395336,858300,117000,0,0,0
2023-02-14,BJTM,Bank Pembangunan Daerah Jawa Timur Tbk.,--M-1155206000G111------------,750.0,0.0,750.0,740.0,750.0,0.0,3016700,2248231500,1262,174.4,750,1783100,745,332300,14865343101,14865343101,3047395336,1859100,884500,0,0,0
2023-02-13,BJTM,Bank Pembangunan Daerah Jawa Timur Tbk.,--M-1155206000G111------------,745.0,0.0,750.0,740.0,750.0,5.0,3034100,2262372500,1151,174.4,750,1419600,745,208100,14865343101,14865343101,3047395336,1638900,742200,0,0,0
2023-02-10,BJTM,Bank Pembangunan Daerah Jawa Timur Tbk.,--M-1155206000G111------------,745.0,0.0,750.0,735.0,745.0,0.0,8864200,6574555000,1805,173.3,750,787300,745,44000,14865343101,14865343101,3047395336,1726300,1757600,0,0,0
2023-02-09,BJTM,Bank Pembangunan Daerah Jawa Timur Tbk.,--M-1155206000G111------------,755.0,0.0,755.0,745.0,745.0,-10.0,6897500,5162776000,1929,173.3,750,62200,745,4187500,14865343101,14865343101,3047395336,3470200,704700,0,0,0
2023-02-08,BJTM,Bank Pembangunan Daerah Jawa Timur Tbk.,--M-1155206000G111------------,755.0,0.0,755.0,750.0,755.0,0.0,3388200,2547470000,2038,175.6,755,1045400,750,2211600,14865343101,14865343101,3047395336,946000,441100,0,0,0
2023-02-07,BJTM,Bank Pembangunan Daerah Jawa Timur Tbk.,--M-1155206000G111------------,745.0,0.0,755.0,745.0,755.0,10.0,5095100,3825466500,1939,175.6,755,1317200,750,458600,14865343101,14865343101,3047395336,410700,1098300,0,0,0
2023-02-03,BJTM,Bank Pembangunan Daerah Jawa Timur Tbk.,--M-1155206000G111------------,745.0,0.0,750.0,735.0,745.0,0.0,5385900,4005128500,2193,173.3,745,46500,740,948700,14865343101,14865343101,3047395336,704900,720600,95,70775,1
2023-02-02,BJTM,Bank Pembangunan Daerah Jawa Timur Tbk.,--M-1155006000G111------------,735.0,0.0,745.0,730.0,745.0,10.0,12678100,9372406000,2253,173.3,745,666400,740,3200,14865343101,14865343101,3047395336,2226200,1424600,0,0,0
2023-02-01,BJTM,Bank Pembangunan Daerah Jawa Timur Tbk.,--M-1155006000G111------------,735.0,0.0,740.0,730.0,735.0,0.0,3925300,2883194500,1561,170.9,740,1269700,735,590600,14865343101,14865343101,3047395336,940200,649500,0,0,0
2023-01-31,BJTM,Bank Pembangunan Daerah Jawa Timur Tbk.,--M-1155006000G111------------,730.0,0.0,735.0,730.0,735.0,5.0,4017700,2944636500,1551,170.9,735,1276800,730,1319600,14865343101,14865343101,3047395336,1068500,580900,70,51450,1
2023-01-30,BJTM,Bank Pembangunan Daerah Jawa Timur Tbk.,--M-1155006000G111------------,730.0,0.0,735.0,725.0,730.0,0.0,5414800,3955025500,1100,169.8,735,2136500,730,857200,14865343101,14865343101,3047395336,366200,431100,0,0,0
2023-01-27,BJTM,Bank Pembangunan Daerah Jawa Timur Tbk.,--M-1155006000G111------------,725.0,0.0,730.0,720.0,730.0,5.0,4397900,3192659500,1269,169.8,730,1693300,725,1091800,14865343101,14865343101,3047395336,692500,517200,0,0,0
2023-01-26,BJTM,Bank Pembangunan Daerah Jawa Timur Tbk.,--M-1155006000G111------------,720.0,0.0,725.0,720.0,725.0,5.0,2802000,2021764500,1052,168.6,725,1108000,720,1066300,14865343101,14865343101,3047395336,266900,66500,0,0,0
2023-01-25,BJTM,Bank Pembangunan Daerah Jawa Timur Tbk.,--M-1155006000G111------------,720.0,0.0,725.0,715.0,720.0,0.0,1786800,1291277500,664,167.4,725,1317500,720,1442100,14865343101,14865343101,3047395336,34200,0,0,0,0
2023-01-24,BJTM,Bank Pembangunan Daerah Jawa Timur Tbk.,--M-1155006000G111------------,720.0,0.0,720.0,715.0,720.0,0.0,2055100,1477114500,773,167.4,720,341700,715,3449200,14865343101,14865343101,3047395336,35100,17200,0,0,0
2023-01-20,BJTM,Bank Pembangunan Daerah Jawa Timur Tbk.,--M-1155006000G111------------,720.0,0.0,720.0,715.0,720.0,0.0,3992000,2863819000,1027,167.4,720,1435400,715,1436400,14865343101,14865343101,3047395336,620100,0,0,0,0
2023-01-19,BJTM,Bank Pembangunan Daerah Jawa Timur Tbk.,--M-1155006000G111------------,710.0,0.0,720.0,710.0,720.0,10.0,4780700,3419655000,905,167.4,720,2642700,715,431900,14865343101,14865343101,3047395336,1793600,69200,0,0,0
2023-01-18,BJTM,Bank Pembangunan Daerah Jawa Timur Tbk.,--M-1155006000G111------------,710.0,0.0,715.0,710.0,710.0,0.0,2235200,1588265500,915,165.1,715,1536800,710,575800,14865343101,14865343101,3047395336,882800,37700,0,0,0
2023-01-17,BJTM,Bank Pembangunan Daerah Jawa Timur Tbk.,--M-1155006000G111------------,710.0,0.0,715.0,705.0,710.0,0.0,2369100,1686170000,832,165.1,715,1180200,710,354700,14865343101,14865343101,3047395336,927800,11900,450000,204500000,3
2023-01-16,BJTM,Bank Pembangunan Daerah Jawa Timur Tbk.,--M-1155006000G111------------,710.0,0.0,715.0,705.0,710.0,0.0,2509900,1780026000,859,165.1,715,1176000,710,40900,14865343101,14865343101,3047395336,376700,71800,2000,1420000,1
2023-01-13,BJTM,Bank Pembangunan Daerah Jawa Timur Tbk.,--M-1155006000G111------------,710.0,0.0,715.0,705.0,710.0,0.0,3118800,2209041000,996,165.1,710,468300,705,1833800,14865343101,14865343101,3047395336,906800,141600,0,0,0
2023-01-12,BJTM,Bank Pembangunan Daerah Jawa Timur Tbk.,--M-1155006000G111------------,705.0,0.0,710.0,705.0,710.0,5.0,1715700,1213677000,626,165.1,710,828800,705,1627500,14865343101,14865343101,3047395336,361500,20200,0,0,0
2023-01-11,BJTM,Bank Pembangunan Daerah Jawa Timur Tbk.,--M-1155006000G111------------,705.0,0.0,710.0,700.0,705.0,0.0,5381700,3791849000,1139,164.0,710,718500,705,400,14865343101,14865343101,3047395336,1446500,232100,0,0,0
2023-01-10,BJTM,Bank Pembangunan Daerah Jawa Timur Tbk.,--M-1155006000G111------------,705.0,0.0,710.0,700.0,705.0,0.0,4335200,3055912500,1022,164.0,705,580400,700,5622200,14865343101,14865343101,3047395336,458300,100,0,0,0
2023-01-09,BJTM,Bank Pembangunan Daerah Jawa Timur Tbk.,--M-1155006000G111------------,705.0,0.0,710.0,700.0,705.0,0.0,5181900,3654957500,1071,164.0,710,773100,705,982800,14865343101,14865343101,3047395336,372600,0,0,0,0
2023-01-06,BJTM,Bank Pembangunan Daerah Jawa Timur Tbk.,--M-1155006000G111------------,705.0,0.0,710.0,700.0,705.0,0.0,3505000,2466648000,1124,164.0,705,2496300,700,6883700,14865343101,14865343101,3047395336,203900,0,0,0,0
2023-01-05,BJTM,Bank Pembangunan Daerah Jawa Timur Tbk.,--M-1155006000G111------------,710.0,0.0,715.0,705.0,705.0,-5.0,5884500,4167226500,1250,164.0,710,5126500,705,2061200,14865343101,14865343101,3047395336,670400,95800,0,0,0
2023-01-04,BJTM,Bank Pembangunan Daerah Jawa Timur Tbk.,--M-1155006000G111------------,710.0,0.0,715.0,710.0,710.0,0.0,1699800,1208519500,468,165.1,715,2273900,710,2364000,14865343101,14865343101,3047395336,17200,2600,0,0,0
2023-01-03,BJTM,Bank Pembangunan Daerah Jawa Timur Tbk.,--M-1155006000G111------------,710.0,0.0,715.0,705.0,710.0,0.0,3469400,2470632500,773,165.1,715,179200,710,1942500,14865343101,14865343101,3047395336,244800,79600,0,0,0
2023-01-02,BJTM,Bank Pembangunan Daerah Jawa Timur Tbk.,--M-1155006000G111------------,710.0,0.0,710.0,705.0,710.0,0.0,2281300,1614357500,728,165.1,710,764700,705,4868600,14865343101,14865343101,3047395336,131800,23100,0,0,0
2022-12-30,BJTM,Bank Pembangunan Daerah Jawa Timur Tbk.,--M-1155006000G111------------,710.0,0.0,710.0,705.0,710.0,0.0,3165900,2244526000,647,165.1,710,677500,705,3794500,14865343101,14865343101,3047395336,18200,3100,1800,1260000,1
2022-12-29,BJTM,Bank Pembangunan Daerah Jawa Timur Tbk.,--M-1155006000G111------------,710.0,0.0,710.0,705.0,710.0,0.0,2342900,1654359000,446,165.1,710,2176300,705,2824600,14865343101,14865343101,3047395336,113800,10300,0,0,0
2022-12-28,BJTM,Bank Pembangunan Daerah Jawa Timur Tbk.,--M-1155006000G111------------,705.0,0.0,710.0,705.0,710.0,5.0,2960500,2097290500,456,165.1,710,2046200,705,3102500,14865343101,14865343101,3047395336,30800,9000,0,0,0
2022-12-27,BJTM,Bank Pembangunan Daerah Jawa Timur Tbk.,--M-1155006000G111------------,705.0,0.0,710.0,705.0,705.0,0.0,2562600,1816704000,424,164.0,710,1706700,705,4888800,14865343101,14865343101,3047395336,22500,0,0,0,0
2022-12-26,BJTM,Bank Pembangunan Daerah Jawa Timur Tbk.,--M-1155006000G111------------,705.0,0.0,710.0,705.0,705.0,0.0,2909900,2058181500,491,164.0,710,1656300,705,4126700,14865343101,14865343101,3047395336,21400,0,25000,16375000,1
2022-12-23,BJTM,Bank Pembangunan Daerah Jawa Timur Tbk.,--M-1155006000G111------------,710.0,0.0,710.0,705.0,705.0,-5.0,2309900,1636549500,406,164.0,710,1591600,705,3973500,14865343101,14865343101,3047395336,18100,100,0,0,0
2022-12-22,BJTM,Bank Pembangunan Daerah Jawa Timur Tbk.,--M-1155006000G111------------,705.0,0.0,710.0,705.0,710.0,5.0,1684800,1191360000,448,165.1,710,1968600,705,2692700,14865343101,14865343101,3047395336,13300,101300,0,0,0
2022-12-21,BJTM,Bank Pembangunan Daerah Jawa Timur Tbk.,--M-1155006000G111------------,705.0,0.0,710.0,705.0,705.0,0.0,3740500,2648416000,745,164.0,710,1355900,705,3079400,14865343101,14865343101,3047395336,915800,24600,0,0,0
2022-12-20,BJTM,Bank Pembangunan Daerah Jawa Timur Tbk.,--M-1155006000G111------------,710.0,0.0,710.0,705.0,705.0,-5.0,1954500,1381991500,474,164.0,710,1254700,705,5230100,14865343101,14865343101,3047395336,809800,200,0,0,0
2022-12-19,BJTM,Bank Pembangunan Daerah Jawa Timur Tbk.,--M-1155006000G111------------,710.0,0.0,710.0,705.0,710.0,0.0,1415700,1000156500,579,165.1,710,1090800,705,3429600,14865343101,14865343101,3047395336,472100,0,545000,424555000,1
2022-12-16,BJTM,Bank Pembangunan Daerah Jawa Timur Tbk.,--M-1155006000G111------------,705.0,0.0,710.0,700.0,710.0,5.0,2567300,1811997500,531,165.1,710,606400,705,67900,14865343101,14865343101,3047395336,156100,705200,0,0,0
2022-12-15,BJTM,Bank Pembangunan Daerah Jawa Timur Tbk.,--M-1155006000G111------------,700.0,0.0,710.0,700.0,705.0,5.0,2271300,1598537500,719,164.0,705,106400,700,4246900,14865343101,14865343101,3047395336,481600,100,0,0,0
2022-12-14,BJTM,Bank Pembangunan Daerah Jawa Timur Tbk.,--M-1155006000G111------------,705.0,0.0,710.0,700.0,700.0,-5.0,3051100,2147060000,979,162.8,705,84800,700,1521200,14865343101,14865343101,3047395336,1346000,0,0,0,0
2022-12-13,BJTM,Bank Pembangunan Daerah Jawa Timur Tbk.,--M-1155006000G111------------,700.0,0.0,705.0,695.0,705.0,5.0,5250100,3674192500,1251,164.0,705,916800,700,28300,14865343101,14865343101,3047395336,1992500,1759000,0,0,0
2022-12-12,BJTM,Bank Pembangunan Daerah Jawa Timur Tbk.,--M-1155006000G111------------,690.0,0.0,700.0,690.0,700.0,10.0,6362800,4423988000,1434,162.8,700,1038400,695,645300,14865343101,14865343101,3047395336,3255600,193700,0,0,0
2022-12-09,BJTM,Bank Pembangunan Daerah Jawa Timur Tbk.,--M-1155006000G111------------,700.0,0.0,705.0,690.0,690.0,-10.0,15264800,10597639000,2590,160.5,695,123800,690,12290500,14865343101,14865343101,3047395336,11447000,60000,0,0,0
2022-12-08,BJTM,Bank Pembangunan Daerah Jawa Timur Tbk.,--M-1155006000G111------------,700.0,0.0,705.0,690.0,700.0,0.0,17164500,11954467500,3532,162.8,705,1018300,700,117700,14865343101,14865343101,3047395336,12048100,220400,10,6980,1
2022-12-07,BJTM,Bank Pembangunan Daerah Jawa Timur Tbk.,--M-1155006000G111------------,710.0,0.0,715.0,700.0,700.0,-10.0,14469900,10172275500,2581,162.8,705,368400,700,2680600,14865343101,14865343101,3047395336,10821000,15300,0,0,0
2022-12-06,BJTM,Bank Pembangunan Daerah Jawa Timur Tbk.,--M-1155006000G111------------,720.0,0.0,725.0,705.0,710.0,-10.0,10269000,7309969500,1755,165.1,715,2802800,710,994900,14865343101,14865343101,3047395336,3638900,175200,10,7100,1
2022-12-05,BJTM,Bank Pembangunan Daerah Jawa Timur Tbk.,--M-1155006000G111------------,715.0,0.0,725.0,715.0,720.0,5.0,3552500,2562075000,900,167.4,725,1647900,720,869800,14865343101,14865343101,3047395336,769000,100,0,0,0
2022-12-02,BJTM,Bank Pembangunan Daerah Jawa Timur Tbk.,--M-1155006000G111------------,720.0,0.0,725.0,715.0,715.0,-5.0,4610400,3315482000,989,166.3,720,68400,715,2059600,14865343101,14865343101,3047395336,1550100,0,0,0,0
2022-12-01,BJTM,Bank Pembangunan Daerah Jawa Timur Tbk.,--M-1155006000G111------------,730.0,0.0,730.0,720.0,720.0,-10.0,4724300,3415358500,1325,167.4,725,396700,720,1629000,14865343101,14865343101,3047395336,523000,1330600,0,0,0
2022-11-30,BJTM,Bank Pembangunan Daerah Jawa Timur Tbk.,--M-1155006000G111------------,710.0,0.0,730.0,705.0,730.0,20.0,13272300,9637868500,1401,169.8,730,5900100,725,1000,14865343101,14865343101,3047395336,1398600,10682000,0,0,0
2022-11-29,BJTM,Bank Pembangunan Daerah Jawa Timur Tbk.,--M-1155006000G111------------,710.0,0.0,715.0,705.0,710.0,0.0,3595900,2551986000,805,165.1,715,4694500,710,325500,14865343101,14865343101,3047395336,582300,150600,0,0,0
2022-11-28,BJTM,Bank Pembangunan Daerah Jawa Timur Tbk.,--M-1155006000G111------------,710.0,0.0,715.0,705.0,710.0,0.0,3424600,2422743500,1026,165.1,710,1025100,705,3524500,14865343101,14865343101,3047395336,332300,72800,0,0,0
2022-11-25,BJTM,Bank Pembangunan Daerah Jawa Timur Tbk.,--M-1155006000G111------------,710.0,0.0,715.0,705.0,710.0,0.0,2201900,1562110000,580,165.1,710,1595300,705,4945800,14865343101,14865343101,3047395336,255400,236700,0,0,0
2022-11-24,BJTM,Bank Pembangunan Daerah Jawa Timur Tbk.,--M-1155006000G111------------,710.0,0.0,710.0,705.0,710.0,0.0,2597600,1838589000,656,165.1,710,1969900,705,3122700,14865343101,14865343101,3047395336,376200,38300,0,0,0
2022-11-23,BJTM,Bank Pembangunan Daerah Jawa Timur Tbk.,--M-1155006000G111------------,705.0,0.0,710.0,700.0,710.0,5.0,2322400,1638020500,724,165.1,710,3125600,705,44800,14865343101,14865343101,3047395336,571200,174000,0,0,0
2022-11-22,BJTM,Bank Pembangunan Daerah Jawa Timur Tbk.,--M-1155006000G111------------,700.0,0.0,710.0,700.0,705.0,5.0,2177400,1535727000,787,164.0,705,46800,700,6727100,14865343101,14865343101,3047395336,409000,99800,0,0,0
2022-11-21,BJTM,Bank Pembangunan Daerah Jawa Timur Tbk.,--M-1155006000G111------------,710.0,0.0,715.0,700.0,700.0,-10.0,15267000,10773239500,1304,162.8,705,29200,700,6325700,14865343101,14865343101,3047395336,3872900,627500,0,0,0
2022-11-18,BJTM,Bank Pembangunan Daerah Jawa Timur Tbk.,--M-1155006000G111------------,705.0,0.0,715.0,705.0,710.0,5.0,4030100,2860629000,896,165.1,715,5498900,710,2217100,14865343101,14865343101,3047395336,1308000,0,0,0,0
2022-11-17,BJTM,Bank Pembangunan Daerah Jawa Timur Tbk.,--M-1155006000G111------------,700.0,0.0,710.0,700.0,705.0,5.0,11081000,7840205500,840,164.0,710,158800,705,1089900,14865343101,14865343101,3047395336,2275000,0,0,0,0
2022-11-16,BJTM,Bank Pembangunan Daerah Jawa Timur Tbk.,--M-1155006000G111------------,710.0,0.0,710.0,700.0,700.0,-10.0,2305400,1624041000,1037,162.8,705,138900,700,6284800,14865343101,14865343101,3047395336,474700,69400,0,0,0
2022-11-15,BJTM,Bank Pembangunan Daerah Jawa Timur Tbk.,--M-1155006000G111------------,700.0,0.0,710.0,700.0,710.0,10.0,4412600,3106465500,553,165.1,710,4936500,705,12700,14865343101,14865343101,3047395336,535200,49200,0,0,0
2022-11-14,BJTM,Bank Pembangunan Daerah Jawa Timur Tbk.,--M-1155006000G111------------,700.0,0.0,705.0,695.0,700.0,0.0,7035500,4924608000,1715,162.8,700,771000,695,6975700,14865343101,14865343101,3047395336,5291000,386800,0,0,0
2022-11-11,BJTM,Bank Pembangunan Daerah Jawa Timur Tbk.,--M-1155006000G111------------,700.0,0.0,710.0,700.0,700.0,0.0,8003000,5617187500,1116,162.8,705,576800,700,720000,14865343101,14865343101,3047395336,5326000,435700,90,62730,1
2022-11-10,BJTM,Bank Pembangunan Daerah Jawa Timur Tbk.,--M-1155006000G111------------,705.0,0.0,705.0,695.0,700.0,-5.0,9234900,6448795500,1795,162.8,700,398400,695,4808600,14865343101,14865343101,3047395336,5585500,136100,0,0,0
2022-11-09,BJTM,Bank Pembangunan Daerah Jawa Timur Tbk.,--M-1155006000G111------------,710.0,0.0,710.0,700.0,705.0,-5.0,10085400,7098994000,1581,164.0,705,192000,700,2293400,14865343101,14865343101,3047395336,589400,238500,1000,710000,1
2022-11-08,BJTM,Bank Pembangunan Daerah Jawa Timur Tbk.,--M-1155006000G111------------,710.0,0.0,710.0,705.0,710.0,0.0,3651200,2586225000,1198,165.1,710,822400,705,1644700,14865343101,14865343101,3047395336,572000,800200,0,0,0
2022-11-07,BJTM,Bank Pembangunan Daerah Jawa Timur Tbk.,--M-1155006000G111------------,700.0,0.0,710.0,700.0,710.0,10.0,8046100,5659885000,1783,165.1,710,2338000,705,180600,14865343101,14865343101,3047395336,1752200,1222000,0,0,0
2022-11-04,BJTM,Bank Pembangunan Daerah Jawa Timur Tbk.,--M-1155006000G111------------,700.0,0.0,705.0,700.0,700.0,0.0,2285800,1603920000,728,162.8,705,1425800,700,3516100,14865343101,14865343101,3047395336,778900,74600,0,0,0
2022-11-03,BJTM,Bank Pembangunan Daerah Jawa Timur Tbk.,--M-1155006000G111------------,705.0,0.0,705.0,700.0,700.0,-5.0,2126400,1492310000,681,162.8,705,819300,700,3536300,14865343101,14865343101,3047395336,107200,89000,0,0,0
2022-11-02,BJTM,Bank Pembangunan Daerah Jawa Timur Tbk.,--M-1155006000G111------------,700.0,0.0,710.0,700.0,705.0,5.0,3164300,2229667500,1251,164.0,705,580000,700,4239800,14865343101,14865343101,3047395336,553800,900300,84,58800,1
2022-11-01,BJTM,Bank Pembangunan Daerah Jawa Timur Tbk.,--M-1155006000G111------------,705.0,0.0,710.0,700.0,700.0,-5.0,5397300,3794549000,1127,162.8,705,187100,700,3738200,14865343101,14865343101,3047395336,1458400,260300,0,0,0
2022-10-31,BJTM,Bank Pembangunan Daerah Jawa Timur Tbk.,--M-1155006000G111------------,695.0,0.0,705.0,690.0,705.0,10.0,9035300,6320616500,1659,164.0,705,2033200,700,2013400,14865343101,14865343101,3047395336,2557800,716500,36,25380,1
2022-10-28,BJTM,Bank Pembangunan Daerah Jawa Timur Tbk.,--M-1155006000G111------------,695.0,0.0,695.0,690.0,695.0,0.0,4394400,3043111500,1040,161.6,695,2366200,690,2589000,14865343101,14865343101,3047395336,2403900,0,0,0,0
2022-10-27,BJTM,Bank Pembangunan Daerah Jawa Timur Tbk.,--M-1155006000G111------------,695.0,0.0,695.0,690.0,695.0,0.0,5179800,3594928000,1071,161.6,695,3518800,690,4141100,14865343101,14865343101,3047395336,2728500,641000,0,0,0
2022-10-26,BJTM,Bank Pembangunan Daerah Jawa Timur Tbk.,--M-1155006000G111------------,690.0,0.0,695.0,690.0,695.0,5.0,1732100,1200568500,802,161.6,695,1998400,690,3553500,14865343101,14865343101,3047395336,1085500,334800,0,0,0
2022-10-25,BJTM,Bank Pembangunan Daerah Jawa Timur Tbk.,--M-1155006000G111------------,695.0,0.0,695.0,690.0,690.0,-5.0,7321100,5061230500,1873,160.5,695,1285200,690,1140300,14865343101,14865343101,3047395336,4987000,913600,0,0,0
2022-10-24,BJTM,Bank Pembangunan Daerah Jawa Timur Tbk.,--M-1155006000G111------------,690.0,0.0,695.0,690.0,695.0,5.0,8023100,5574626000,1421,161.6,695,1716600,690,5269700,14865343101,14865343101,3047395336,4865100,998300,0,0,0
2022-10-21,BJTM,Bank Pembangunan Daerah Jawa Timur Tbk.,--M-1155006000G111------------,695.0,0.0,695.0,685.0,690.0,-5.0,17670700,12175406500,3169,160.5,690,410400,685,1973900,14865343101,14865343101,3047395336,11172000,3488100,0,0,0
2022-10-20,BJTM,Bank Pembangunan Daerah Jawa Timur Tbk.,--M-1155006000G111------------,695.0,0.0,695.0,675.0,695.0,0.0,51728300,35530657000,5744,161.6,695,91600,690,308200,14865343101,14865343101,3047395336,42995700,14398400,0,0,0
2022-10-19,BJTM,Bank Pembangunan Daerah Jawa Timur Tbk.,--M-1155006000G111------------,700.0,0.0,700.0,690.0,695.0,-5.0,4702600,3271432000,1203,161.6,695,4757200,690,3900600,14865343101,14865343101,3047395336,2606400,466700,0,0,0
2022-10-18,BJTM,Bank Pembangunan Daerah Jawa Timur Tbk.,--M-1155006000G111------------,695.0,0.0,700.0,690.0,700.0,5.0,3276900,2281864000,1133,162.8,700,1693000,695,21600,14865343101,14865343101,3047395336,237500,557200,0,0,0
2022-10-17,BJTM,Bank Pembangunan Daerah Jawa Timur Tbk.,--M-1155006000G111------------,695.0,0.0,700.0,690.0,695.0,0.0,6606800,4579501500,2016,161.6,700,1516700,695,12000,14865343101,14865343101,3047395336,759400,8300,0,0,0
2022-10-14,BJTM,Bank Pembangunan Daerah Jawa Timur Tbk.,--M-1155006000G111------------,700.0,0.0,710.0,690.0,695.0,-5.0,8632400,6025613500,1907,161.6,700,831400,695,1499900,14865343101,14865343101,3047395336,222700,1235900,0,0,0
2022-10-13,BJTM,Bank Pembangunan Daerah Jawa Timur Tbk.,--M-1155006000G111------------,700.0,0.0,705.0,700.0,700.0,0.0,5245500,3678512500,1326,162.8,705,1160700,700,477800,14865343101,14865343101,3047395336,2021300,571500,0,0,0
2022-10-12,BJTM,Bank Pembangunan Daerah Jawa Timur Tbk.,--M-1155006000G111------------,700.0,0.0,710.0,700.0,700.0,0.0,7311900,5128019500,2323,162.8,705,1126900,700,1041100,14865343101,14865343101,3047395336,4762500,6400,0,0,0
2022-10-11,BJTM,Bank Pembangunan Daerah Jawa Timur Tbk.,--M-1155006000G111------------,705.0,0.0,710.0,700.0,700.0,-5.0,4415600,3113651500,1871,162.8,705,115000,700,4740100,14865343101,14865343101,3047395336,1077500,162600,48,33840,1
2022-10-10,BJTM,Bank Pembangunan Daerah Jawa Timur Tbk.,--M-1155006000G111------------,705.0,0.0,710.0,705.0,705.0,0.0,2263900,1600034000,1029,164.0,710,2333600,705,1880200,14865343101,14865343101,3047395336,2200,48900,48,33840,1
2022-10-07,BJTM,Bank Pembangunan Daerah Jawa Timur Tbk.,--M-1155006000G111------------,710.0,0.0,710.0,705.0,705.0,-5.0,4258800,3008065500,1043,164.0,710,897800,705,3751500,14865343101,14865343101,3047395336,58700,49700,48,33840,1
2022-10-06,BJTM,Bank Pembangunan Daerah Jawa Timur Tbk.,--M-1155006000G111------------,710.0,0.0,715.0,705.0,710.0,0.0,2889400,2043916500,1016,165.1,710,149100,705,5704300,14865343101,14865343101,3047395336,328200,1300,48,33840,1
2022-10-05,BJTM,Bank Pembangunan Daerah Jawa Timur Tbk.,--M-1155006000G111------------,705.0,0.0,715.0,705.0,710.0,5.0,4667700,3311666000,1315,165.1,715,1830000,710,34800,14865343101,14865343101,3047395336,1790400,17500,48,34032,1
2022-10-04,BJTM,Bank Pembangunan Daerah Jawa Timur Tbk.,--M-1155006000G111------------,710.0,0.0,715.0,705.0,705.0,-5.0,4978700,3525807000,1484,164.0,710,484000,705,5134300,14865343101,14865343101,3047395336,1584700,0,48,34032,1
2022-10-03,BJTM,Bank Pembangunan Daerah Jawa Timur Tbk.,--M-1155006000G111------------,710.0,0.0,715.0,705.0,710.0,0.0,5572700,3941598500,1845,165.1,710,767200,705,2506300,14865343101,14865343101,3047395336,1022100,300,48,33840,1
2022-09-30,BJTM,Bank Pembangunan Daerah Jawa Timur Tbk.,--M-1155006000G111------------,710.0,0.0,715.0,705.0,710.0,0.0,8050500,5696001500,2435,165.1,710,1638700,705,2390800,14865343101,14865343101,3047395336,1928400,400,48,33840,1
2022-09-29,BJTM,Bank Pembangunan Daerah Jawa Timur Tbk.,--M-1155006000G111------------,715.0,0.0,715.0,710.0,710.0,-5.0,5088800,3619592500,1495,165.1,715,1147400,710,3433500,14865343101,14865343101,3047395336,1434600,375600,32,22720,1
2022-09-28,BJTM,Bank Pembangunan Daerah Jawa Timur Tbk.,--M-1155006000G111------------,715.0,0.0,720.0,710.0,715.0,0.0,4247300,3029673000,985,166.3,715,959400,710,6799700,14865343101,14865343101,3047395336,617900,3300,32,22720,1
2022-09-27,BJTM,Bank Pembangunan Daerah Jawa Timur Tbk.,--M-1155006000G111------------,710.0,0.0,720.0,710.0,715.0,5.0,2287800,1634696500,786,166.3,720,3539400,715,1890900,14865343101,14865343101,3047395336,615000,3200,0,0,0
2022-09-26,BJTM,Bank Pembangunan Daerah Jawa Timur Tbk.,--M-1155006000G111------------,720.0,0.0,720.0,710.0,710.0,-10.0,7079400,5061150500,2009,165.1,715,318000,710,8702600,14865343101,14865343101,3047395336,2746700,12700,0,0,0
2022-09-23,BJTM,Bank Pembangunan Daerah Jawa Timur Tbk.,--M-1155006000G111------------,720.0,0.0,720.0,715.0,720.0,0.0,2245700,1613759000,585,167.4,720,1045200,715,3504600,14865343101,14865343101,3047395336,11800,235500,173200,124704000,1
2022-09-22,BJTM,Bank Pembangunan Daerah Jawa Timur Tbk.,--M-1155006000G111------------,715.0,0.0,720.0,710.0,720.0,5.0,3630400,2601536000,1503,167.4,720,3304200,715,2397100,14865343101,14865343101,3047395336,1199600,513800,0,0,0
2022-09-21,BJTM,Bank Pembangunan Daerah Jawa Timur Tbk.,--M-1155006000G111------------,720.0,0.0,720.0,715.0,715.0,-5.0,13378300,9572293500,2890,166.3,720,1882000,715,1216300,14865343101,14865343101,3047395336,10959300,413700,0,0,0
2022-09-20,BJTM,Bank Pembangunan Daerah Jawa Timur Tbk.,--M-1155006000G111------------,720.0,0.0,725.0,715.0,720.0,0.0,6874700,4951991000,1377,167.4,720,146000,715,9700000,14865343101,14865343101,3047395336,578600,154100,0,0,0
2022-09-19,BJTM,Bank Pembangunan Daerah Jawa Timur Tbk.,--M-1155006000G111------------,720.0,0.0,725.0,720.0,720.0,0.0,2893900,2086657500,1053,167.4,725,4452400,720,3114500,14865343101,14865343101,3047395336,148200,521400,0,0,0
2022-09-16,BJTM,Bank Pembangunan Daerah Jawa Timur Tbk.,--M-1155006000G111------------,725.0,0.0,725.0,720.0,720.0,-5.0,5090100,3670813500,1153,167.4,725,3184000,720,870900,14865343101,14865343101,3047395336,855600,696200,0,0,0
2022-09-15,BJTM,Bank Pembangunan Daerah Jawa Timur Tbk.,--M-1155006000G111------------,720.0,0.0,725.0,715.0,725.0,5.0,11992200,8640962000,1615,168.6,725,2517600,720,685100,14865343101,14865343101,3047395336,8073500,2380100,0,0,0
2022-09-14,BJTM,Bank Pembangunan Daerah Jawa Timur Tbk.,--M-1155006000G111------------,720.0,0.0,725.0,715.0,720.0,0.0,16193000,11660823000,1744,167.4,720,3065300,715,5511200,14865343101,14865343101,3047395336,14150200,546200,0,0,0
2022-09-13,BJTM,Bank Pembangunan Daerah Jawa Timur Tbk.,--M-1155006000G111------------,720.0,0.0,730.0,720.0,720.0,0.0,7682200,5563998000,1330,167.4,725,242500,720,8543200,14865343101,14865343101,3047395336,4097700,1021800,0,0,0
2022-09-12,BJTM,Bank Pembangunan Daerah Jawa Timur Tbk.,--M-1155006000G111------------,725.0,0.0,730.0,720.0,720.0,-5.0,3774800,2725247500,603,167.4,725,1502400,720,6327300,14865343101,14865343101,3047395336,1200000,24300,0,0,0
2022-09-09,BJTM,Bank Pembangunan Daerah Jawa Timur Tbk.,--M-1155006000G111------------,725.0,0.0,730.0,720.0,725.0,0.0,3458100,2507345500,618,168.6,730,3468000,725,423900,14865343101,14865343101,3047395336,1210000,630800,0,0,0
2022-09-08,BJTM,Bank Pembangunan Daerah Jawa Timur Tbk.,--M-1155006000G111------------,720.0,0.0,730.0,720.0,725.0,5.0,10402900,7539945500,850,168.6,730,3343300,725,800,14865343101,14865343101,3047395336,4959700,62100,0,0,0
2022-09-07,BJTM,Bank Pembangunan Daerah Jawa Timur Tbk.,--M-1155006000G111------------,720.0,0.0,725.0,720.0,720.0,0.0,3627600,2614429000,911,167.4,725,3122300,720,2339700,14865343101,14865343101,3047395336,1961400,63500,0,0,0
2022-09-06,BJTM,Bank Pembangunan Daerah Jawa Timur Tbk.,--M-1155006000G111------------,720.0,0.0,730.0,720.0,720.0,0.0,6362900,4595761000,1416,167.4,725,649700,720,2086900,14865343101,14865343101,3047395336,1893000,575700,0,0,0
2022-09-05,BJTM,Bank Pembangunan Daerah Jawa Timur Tbk.,--M-1155006000G111------------,725.0,0.0,730.0,720.0,720.0,-5.0,4291100,3107892000,1197,167.4,725,2165100,720,3081700,14865343101,14865343101,3047395336,1187600,1278600,400,293200,1
2022-09-02,BJTM,Bank Pembangunan Daerah Jawa Timur Tbk.,--M-1155006000G111------------,725.0,0.0,725.0,720.0,725.0,0.0,3420100,2472961000,979,168.6,725,2135400,720,1110100,14865343101,14865343101,3047395336,200200,1629800,0,0,0
2022-09-01,BJTM,Bank Pembangunan Daerah Jawa Timur Tbk.,--M-1155006000G111------------,720.0,0.0,725.0,715.0,725.0,5.0,3320700,2399816500,899,168.6,725,2620500,720,1494200,14865343101,14865343101,3047395336,597500,1087400,0,0,0
2022-08-31,BJTM,Bank Pembangunan Daerah Jawa Timur Tbk.,--M-1155006000G111------------,720.0,0.0,725.0,715.0,720.0,0.0,4301600,3094824000,846,167.4,725,2396300,720,479200,14865343101,14865343101,3047395336,1167500,1164700,0,0,0
2022-08-30,BJTM,Bank Pembangunan Daerah Jawa Timur Tbk.,--M-1155006000G111------------,720.0,0.0,720.0,715.0,720.0,0.0,4355500,3128777500,906,167.4,720,198400,715,6305400,14865343101,14865343101,3047395336,299300,110400,0,0,0
2022-08-29,BJTM,Bank Pembangunan Daerah Jawa Timur Tbk.,--M-1155006000G111------------,720.0,0.0,725.0,715.0,720.0,0.0,2814200,2023877000,1029,167.4,720,1535500,715,5095500,14865343101,14865343101,3047395336,0,28000,0,0,0
2022-08-26,BJTM,Bank Pembangunan Daerah Jawa Timur Tbk.,--M-1155006000G111------------,720.0,0.0,725.0,720.0,720.0,0.0,1832500,1322965000,612,167.4,725,3450800,720,1552400,14865343101,14865343101,3047395336,65300,100,0,0,0
2022-08-25,BJTM,Bank Pembangunan Daerah Jawa Timur Tbk.,--M-1155006000G111------------,725.0,0.0,725.0,720.0,720.0,-5.0,4272600,3078242000,972,167.4,725,2513100,720,808100,14865343101,14865343101,3047395336,3194200,0,0,0,0
2022-08-24,BJTM,Bank Pembangunan Daerah Jawa Timur Tbk.,--M-1155006000G111------------,720.0,0.0,725.0,715.0,725.0,5.0,4433300,3193214500,922,168.6,725,1765300,720,803000,14865343101,14865343101,3047395336,3000200,302100,0,0,0
2022-08-23,BJTM,Bank Pembangunan Daerah Jawa Timur Tbk.,--M-1155006000G111------------,720.0,0.0,725.0,720.0,720.0,0.0,2590800,1867824000,1110,167.4,725,1286900,720,606800,14865343101,14865343101,3047395336,1459600,216400,0,0,0
2022-08-22,BJTM,Bank Pembangunan Daerah Jawa Timur Tbk.,--M-1155006000G111------------,725.0,0.0,725.0,720.0,720.0,-5.0,3271200,2357207000,1156,167.4,725,1675900,720,307100,14865343101,14865343101,3047395336,377500,482800,0,0,0
2022-08-19,BJTM,Bank Pembangunan Daerah Jawa Timur Tbk.,--M-1155006000G111------------,725.0,0.0,725.0,720.0,725.0,0.0,3851000,2777088000,1233,168.6,725,1117900,720,1042600,14865343101,14865343101,3047395336,0,0,0,0,0
2022-08-18,BJTM,Bank Pembangunan Daerah Jawa Timur Tbk.,--M-1155006000G111------------,725.0,0.0,730.0,720.0,725.0,0.0,2895800,2095021500,849,168.6,725,3052300,720,3632400,14865343101,14865343101,3047395336,20400,143700,0,0,0
2022-08-16,BJTM,Bank Pembangunan Daerah Jawa Timur Tbk.,--M-1155006000G111------------,725.0,0.0,730.0,725.0,725.0,0.0,2325800,1689155000,843,168.6,730,1630900,725,786900,14865343101,14865343101,3047395336,124600,34600,0,0,0
2022-08-15,BJTM,Bank Pembangunan Daerah Jawa Timur Tbk.,--M-1155006000G111------------,720.0,0.0,730.0,720.0,725.0,5.0,6679600,4842926000,1361,168.6,730,1750600,725,1400,14865343101,14865343101,3047395336,493000,688700,703500,509167500,12
2022-08-12,BJTM,Bank Pembangunan Daerah Jawa Timur Tbk.,--M-1155006000G111------------,720.0,0.0,725.0,715.0,720.0,0.0,5319500,3826218500,948,167.4,725,1798100,720,1154000,14865343101,14865343101,3047395336,233800,887300,0,0,0
2022-08-11,BJTM,Bank Pembangunan Daerah Jawa Timur Tbk.,--M-1155006000G111------------,715.0,0.0,725.0,715.0,720.0,5.0,5402100,3883548500,1165,167.4,725,2823200,720,226000,14865343101,14865343101,3047395336,832800,251600,155600,111254000,1
2022-08-10,BJTM,Bank Pembangunan Daerah Jawa Timur Tbk.,--M-1155006000G111------------,725.0,0.0,725.0,715.0,715.0,-10.0,3510400,2521131000,963,166.3,720,1484000,715,4128600,14865343101,14865343101,3047395336,1253000,265300,703500,505650000,12
2022-08-09,BJTM,Bank Pembangunan Daerah Jawa Timur Tbk.,--M-1155006000G111------------,720.0,0.0,725.0,715.0,725.0,5.0,2709400,1957756500,1136,168.6,725,1186800,720,2826500,14865343101,14865343101,3047395336,106600,274100,0,0,0
2022-08-08,BJTM,Bank Pembangunan Daerah Jawa Timur Tbk.,--M-1155006000G111------------,715.0,0.0,720.0,710.0,720.0,5.0,7447100,5329377000,1598,167.4,720,1659600,715,3121200,14865343101,14865343101,3047395336,5369600,1909200,0,0,0
2022-08-05,BJTM,Bank Pembangunan Daerah Jawa Timur Tbk.,--M-1155006000G111------------,715.0,0.0,720.0,710.0,715.0,0.0,6997600,4997637500,1554,166.3,715,908300,710,7804100,14865343101,14865343101,3047395336,4978800,917800,0,0,0
2022-08-04,BJTM,Bank Pembangunan Daerah Jawa Timur Tbk.,--M-1155006000G111------------,715.0,0.0,715.0,710.0,715.0,0.0,4439900,3170423500,1212,166.3,715,394100,710,5504600,14865343101,14865343101,3047395336,2314000,237400,0,0,0
2022-08-03,BJTM,Bank Pembangunan Daerah Jawa Timur Tbk.,--M-1155006000G111------------,710.0,0.0,715.0,710.0,715.0,5.0,4253300,3028369500,1625,166.3,715,2447800,710,4178000,14865343101,14865343101,3047395336,1358300,866400,47,33605,1
2022-08-02,BJTM,Bank Pembangunan Daerah Jawa Timur Tbk.,--M-1155376000G111------------,715.0,0.0,715.0,710.0,710.0,-5.0,3370700,2400070500,1369,165.1,715,1995900,710,4148000,14865343101,14865343101,3047395336,2523100,63600,0,0,0
2022-08-01,BJTM,Bank Pembangunan Daerah Jawa Timur Tbk.,--M-1155376000G111------------,710.0,0.0,720.0,710.0,715.0,5.0,8644600,6179729500,1559,166.3,715,864800,710,6454900,14865343101,14865343101,3047395336,6343100,411700,0,0,0
2022-07-29,BJTM,Bank Pembangunan Daerah Jawa Timur Tbk.,--M-1805E76000G111------------,715.0,0.0,720.0,710.0,710.0,-5.0,9628300,6878263000,2633,165.1,715,456400,710,5080200,14865343101,14865343101,3047395336,6545200,438000,1225610,877165850,23
2022-07-28,BJTM,Bank Pembangunan Daerah Jawa Timur Tbk.,--M-1805E76000G111------------,715.0,0.0,725.0,715.0,715.0,0.0,8583000,6151714000,2086,166.3,720,217400,715,47800,14865343101,14865343101,3047395336,5820300,431700,2103000,1510702500,36
2022-07-27,BJTM,Bank Pembangunan Daerah Jawa Timur Tbk.,--M-1805E76000G111------------,715.0,0.0,715.0,710.0,715.0,0.0,8140800,5811552000,1973,166.3,715,807300,710,4735200,14865343101,14865343101,3047395336,5457400,628000,2034000,1450787500,35
2022-07-26,BJTM,Bank Pembangunan Daerah Jawa Timur Tbk.,--M-1805E76000G111------------,715.0,0.0,720.0,710.0,715.0,0.0,8337800,5966347500,2372,166.3,715,1194200,710,3442900,14865343101,14865343101,3047395336,6350100,660600,120000,86400000,4
2022-07-25,BJTM,Bank Pembangunan Daerah Jawa Timur Tbk.,--M-1805E76000G111------------,715.0,0.0,725.0,715.0,715.0,0.0,8321700,5961972000,2975,166.3,720,605400,715,706200,14865343101,14865343101,3047395336,7147000,706900,0,0,0
2022-07-22,BJTM,Bank Pembangunan Daerah Jawa Timur Tbk.,--M-1805E76000G111------------,720.0,0.0,720.0,715.0,715.0,-5.0,3758900,2698762500,1279,166.3,720,1340500,715,5053200,14865343101,14865343101,3047395336,2751600,393300,0,0,0
2022-07-21,BJTM,Bank Pembangunan Daerah Jawa Timur Tbk.,--M-1805E76000G111------------,720.0,0.0,725.0,715.0,720.0,0.0,2760000,1985559000,1143,167.4,720,1971800,715,3139300,14865343101,14865343101,3047395336,2427000,185900,110630,79543000,2
2022-07-20,BJTM,Bank Pembangunan Daerah Jawa Timur Tbk.,--M-1805E76000G111------------,715.0,0.0,725.0,715.0,720.0,5.0,7136300,5146246000,1353,167.4,725,2281100,720,626600,14865343101,14865343101,3047395336,5515700,188100,1861000,1342825000,32
2022-07-19,BJTM,Bank Pembangunan Daerah Jawa Timur Tbk.,--M-1805E76000G111------------,720.0,0.0,720.0,715.0,715.0,-5.0,2003000,1437592500,929,166.3,720,1360500,715,3135700,14865343101,14865343101,3047395336,1490300,0,2216000,1593190000,38
2022-07-18,BJTM,Bank Pembangunan Daerah Jawa Timur Tbk.,--M-1805E76000G111------------,720.0,0.0,725.0,715.0,720.0,0.0,3884100,2790142500,1478,167.4,720,645000,715,1224900,14865343101,14865343101,3047395336,1227900,0,1998000,1441490000,35
2022-07-15,BJTM,Bank Pembangunan Daerah Jawa Timur Tbk.,--M-1805E76000G111------------,725.0,0.0,725.0,715.0,720.0,-5.0,4173800,3006393000,1719,167.4,725,2390100,720,39700,14865343101,14865343101,3047395336,2673200,56100,649000,471947000,12
2022-07-14,BJTM,Bank Pembangunan Daerah Jawa Timur Tbk.,--M-1805E76000G111------------,730.0,0.0,730.0,720.0,725.0,-5.0,1553900,1127001000,825,168.6,725,62400,720,2229100,14865343101,14865343101,3047395336,106400,0,0,0,0
2022-07-13,BJTM,Bank Pembangunan Daerah Jawa Timur Tbk.,--M-1805E76000G111------------,730.0,0.0,730.0,720.0,730.0,0.0,1839700,1335979500,1386,169.8,730,936300,725,241500,14865343101,14865343101,3047395336,171600,263300,0,0,0
2022-07-12,BJTM,Bank Pembangunan Daerah Jawa Timur Tbk.,--M-1805E76000G111------------,725.0,0.0,730.0,720.0,730.0,5.0,607700,441800500,583,169.8,730,760900,725,1531100,14865343101,14865343101,3047395336,0,0,0,0,0
2022-07-11,BJTM,Bank Pembangunan Daerah Jawa Timur Tbk.,--M-1805E76000G111------------,720.0,0.0,730.0,720.0,725.0,5.0,886500,644093500,851,168.6,725,24000,720,782600,14865343101,14865343101,3047395336,129900,0,0,0,0
2022-07-08,BJTM,Bank Pembangunan Daerah Jawa Timur Tbk.,--M-1805E76000G111------------,720.0,0.0,730.0,720.0,720.0,0.0,2721000,1970705000,952,167.4,725,145700,720,1433600,14865343101,14865343101,3047395336,763900,368800,0,0,0
2022-07-07,BJTM,Bank Pembangunan Daerah Jawa Timur Tbk.,--M-1805E76000G111------------,725.0,0.0,730.0,715.0,720.0,-5.0,5372000,3872301000,2035,167.4,725,1256200,720,57800,14865343101,14865343101,3047395336,3691900,224400,0,0,0
2022-07-06,BJTM,Bank Pembangunan Daerah Jawa Timur Tbk.,--M-1805E76000G111------------,735.0,0.0,735.0,720.0,725.0,-10.0,14772900,10766939000,1793,168.6,730,502300,725,177200,14865343101,14865343101,3047395336,7835700,692500,800000,600000000,2
2022-07-05,BJTM,Bank Pembangunan Daerah Jawa Timur Tbk.,--M-1805E76000G111------------,730.0,0.0,735.0,725.0,735.0,5.0,3016800,2203550500,1550,170.9,735,1020900,730,208800,14865343101,14865343101,3047395336,2099800,0,0,0,0
2022-07-04,BJTM,Bank Pembangunan Daerah Jawa Timur Tbk.,--M-1805E76000G111------------,735.0,0.0,740.0,720.0,730.0,-5.0,6577000,4793759000,2944,169.8,730,1166100,725,1117900,14865343101,14865343101,3047395336,2119300,302000,30,21750,1
2022-07-01,BJTM,Bank Pembangunan Daerah Jawa Timur Tbk.,--M-1805E76000G111------------,740.0,0.0,740.0,735.0,735.0,-5.0,3395700,2501263500,2013,170.9,735,665000,730,2097000,14865343101,14865343101,3047395336,722700,0,0,0,0
2022-06-30,BJTM,Bank Pembangunan Daerah Jawa Timur Tbk.,--M-1805E76000G111------------,740.0,0.0,750.0,735.0,740.0,0.0,6492200,4790348500,2497,172.1,740,1505300,735,2482700,14865343101,14865343101,3041449198,4632700,0,0,0,0
2022-06-29,BJTM,Bank Pembangunan Daerah Jawa Timur Tbk.,--M-1805E76000G111------------,755.0,0.0,755.0,740.0,740.0,-15.0,12793600,9532109000,3644,172.1,745,136400,740,3336000,14865343101,14865343101,3041449198,11126000,0,0,0,0
2022-06-28,BJTM,Bank Pembangunan Daerah Jawa Timur Tbk.,--M-1805E76000G111------------,755.0,0.0,760.0,750.0,755.0,0.0,1508900,1137900500,604,175.6,755,1882700,750,3463300,14865343101,14865343101,3041449198,612500,478200,0,0,0
2022-06-27,BJTM,Bank Pembangunan Daerah Jawa Timur Tbk.,--M-1805E76000G111------------,760.0,0.0,760.0,750.0,755.0,-5.0,1707700,1291410500,795,175.6,760,1007700,755,338300,14865343101,14865343101,3041449198,1025700,1200,0,0,0
2022-06-24,BJTM,Bank Pembangunan Daerah Jawa Timur Tbk.,--M-1805E76000G111------------,755.0,0.0,770.0,750.0,760.0,5.0,8616100,6552488000,1278,176.7,760,2459700,755,1045000,14865343101,14865343101,3041449198,3485000,1753500,0,0,0
2022-06-23,BJTM,Bank Pembangunan Daerah Jawa Timur Tbk.,--M-1805E76000G111------------,760.0,0.0,760.0,750.0,755.0,-5.0,2571100,1942208500,1160,175.6,760,1234800,755,266300,14865343101,14865343101,3041449198,629100,1089000,10,7550,1
2022-06-22,BJTM,Bank Pembangunan Daerah Jawa Timur Tbk.,--M-1805E76000G111------------,760.0,0.0,760.0,750.0,760.0,0.0,2535700,1919195500,1671,176.7,760,463400,755,2600,14865343101,14865343101,3041449198,784100,1345700,0,0,0
2022-06-21,BJTM,Bank Pembangunan Daerah Jawa Timur Tbk.,--M-1805E76000G111------------,755.0,0.0,760.0,750.0,760.0,5.0,2202100,1668170500,791,176.7,760,2617300,755,64400,14865343101,14865343101,3041449198,89000,1217700,0,0,0
2022-06-20,BJTM,Bank Pembangunan Daerah Jawa Timur Tbk.,--M-1805E76000G111------------,750.0,0.0,755.0,745.0,755.0,5.0,3072900,2308950500,1119,175.6,755,768500,750,765400,14865343101,14865343101,3041449198,369900,1547800,0,0,0
2022-06-17,BJTM,Bank Pembangunan Daerah Jawa Timur Tbk.,--M-1805E76000G111------------,755.0,0.0,760.0,750.0,750.0,-5.0,3307400,2486780500,1175,174.4,755,414100,750,326100,14865343101,14865343101,3041449198,1766000,0,0,0,0
2022-06-16,BJTM,Bank Pembangunan Daerah Jawa Timur Tbk.,--M-1805E76000G111------------,755.0,0.0,765.0,750.0,755.0,0.0,9856800,7481568500,1773,175.6,760,218700,755,231900,14865343101,14865343101,3041449198,4364400,359400,0,0,0
2022-06-15,BJTM,Bank Pembangunan Daerah Jawa Timur Tbk.,--M-1805E76000G111------------,750.0,0.0,760.0,745.0,755.0,5.0,13074600,9882737500,1363,175.6,755,1211800,750,1307700,14865343101,14865343101,3041449198,3557900,192000,0,0,0
2022-06-14,BJTM,Bank Pembangunan Daerah Jawa Timur Tbk.,--M-1805E76000G111------------,750.0,0.0,760.0,745.0,750.0,0.0,4075900,3064729500,1210,174.4,750,295700,745,2532500,14865343101,14865343101,3041449198,2556700,251500,30000,22500000,2
2022-06-13,BJTM,Bank Pembangunan Daerah Jawa Timur Tbk.,--M-1805E76000G111------------,755.0,0.0,755.0,745.0,750.0,-5.0,4487500,3366684000,1704,174.4,755,1061700,750,514000,14865343101,14865343101,3041449198,1071000,228100,60000,44700000,2
2022-06-10,BJTM,Bank Pembangunan Daerah Jawa Timur Tbk.,--M-1805E76000G111------------,755.0,0.0,760.0,750.0,755.0,0.0,4180700,3158909000,1422,175.6,760,965700,755,139800,14865343101,14865343101,3041449198,79300,367800,827000,627320000,14
2022-06-09,BJTM,Bank Pembangunan Daerah Jawa Timur Tbk.,--M-1805E76000G111------------,755.0,0.0,765.0,755.0,755.0,0.0,2775700,2108804000,1137,175.6,760,71700,755,3587100,14865343101,14865343101,3041449198,1416000,321200,1770000,1345180000,30
2022-06-08,BJTM,Bank Pembangunan Daerah Jawa Timur Tbk.,--M-1805E76000G111------------,765.0,0.0,775.0,755.0,755.0,-10.0,11107300,8460999500,1833,175.6,760,13600,755,3723600,14865343101,14865343101,3041449198,10118200,2878700,420000,324900000,7
2022-06-07,BJTM,Bank Pembangunan Daerah Jawa Timur Tbk.,--M-1805E76000G111------------,765.0,0.0,770.0,760.0,765.0,0.0,2777800,2126459000,1490,177.9,770,364300,765,641000,14865343101,14865343101,3041449198,1604000,940600,2829078,2167844670,49
2022-06-06,BJTM,Bank Pembangunan Daerah Jawa Timur Tbk.,--M-1805E76000G111------------,770.0,0.0,780.0,765.0,765.0,-5.0,3496200,2689427500,1579,177.9,770,203200,765,748600,14865343101,14865343101,3041449198,1001800,1201600,2238000,1723890000,38
2022-06-03,BJTM,Bank Pembangunan Daerah Jawa Timur Tbk.,--M-1805E76000G111------------,775.0,0.0,780.0,770.0,770.0,-5.0,1810600,1401106500,1329,179.1,775,329700,770,1615200,14865343101,14865343101,3041449198,322400,813000,240000,184800000,4
2022-06-02,BJTM,Bank Pembangunan Daerah Jawa Timur Tbk.,--M-1805E76000G111------------,780.0,0.0,785.0,770.0,775.0,-5.0,4783400,3699603500,1990,180.2,775,937800,770,1590000,14865343101,14865343101,3041449198,1242600,1924800,942000,727670000,16
2022-05-31,BJTM,Bank Pembangunan Daerah Jawa Timur Tbk.,--M-1805E76000G111------------,760.0,0.0,785.0,760.0,780.0,20.0,28693600,22141138000,2043,181.4,780,315300,775,45200,14865343101,14865343101,3041449198,6192500,7059200,1877000,1438825000,32
2022-05-30,BJTM,Bank Pembangunan Daerah Jawa Timur Tbk.,--M-1805E76000G111------------,760.0,0.0,765.0,755.0,760.0,0.0,4204800,3204551500,1028,176.7,765,687200,760,533800,14865343101,14865343101,3041449198,1603100,1148000,1523000,1162175000,26
2022-05-27,BJTM,Bank Pembangunan Daerah Jawa Timur Tbk.,--M-1805E76000G111------------,755.0,0.0,765.0,755.0,760.0,5.0,7962900,6060678500,1239,176.7,760,802800,755,1499800,14865343101,14865343101,3041449198,2641500,448500,942000,715920000,16
2022-05-25,BJTM,Bank Pembangunan Daerah Jawa Timur Tbk.,--M-1805E76000G111------------,760.0,0.0,765.0,755.0,755.0,-5.0,3634700,2752603000,1426,175.6,755,235400,750,2579100,14865343101,14865343101,3041449198,1586600,435100,0,0,0
2022-05-24,BJTM,Bank Pembangunan Daerah Jawa Timur Tbk.,--M-1805E76000G111------------,755.0,0.0,765.0,755.0,760.0,5.0,7477400,5697645500,1049,176.7,765,744900,760,329200,14865343101,14865343101,3041449198,3614500,773100,30,22950,1
2022-05-23,BJTM,Bank Pembangunan Daerah Jawa Timur Tbk.,--M-1805E76000G111------------,765.0,0.0,765.0,755.0,755.0,-10.0,4339500,3302268000,1168,175.6,760,1100,755,1879600,14865343101,14865343101,3041449198,792600,292000,0,0,0
2022-05-20,BJTM,Bank Pembangunan Daerah Jawa Timur Tbk.,--M-1805E76000G111------------,760.0,0.0,765.0,755.0,765.0,5.0,2278000,1736291000,1047,177.9,765,567900,760,615900,14865343101,14865343101,3041449198,73900,221000,0,0,0
2022-05-19,BJTM,Bank Pembangunan Daerah Jawa Timur Tbk.,--M-1805E76000G111------------,765.0,0.0,765.0,750.0,760.0,-5.0,8570400,6500759500,1622,176.7,760,330700,755,491000,14865343101,14865343101,3041449198,3007400,4300900,0,0,0
2022-05-18,BJTM,Bank Pembangunan Daerah Jawa Timur Tbk.,--M-1805E76000G111------------,755.0,0.0,770.0,755.0,765.0,10.0,5837400,4447833500,1326,177.9,765,113800,760,361000,14865343101,14865343101,3041449198,1089400,296100,0,0,0
2022-05-17,BJTM,Bank Pembangunan Daerah Jawa Timur Tbk.,--M-1805E76000G111------------,755.0,0.0,765.0,745.0,755.0,0.0,18510600,14047605000,2317,175.6,760,100,755,878000,14865343101,14865343101,3041449198,8842100,242900,0,0,0
2022-05-13,BJTM,Bank Pembangunan Daerah Jawa Timur Tbk.,--M-1805E76000G111------------,745.0,0.0,755.0,740.0,755.0,10.0,23476900,17623805500,2130,175.6,755,246000,750,210700,14865343101,14865343101,3041449198,8706700,906300,0,0,0
2022-05-12,BJTM,Bank Pembangunan Daerah Jawa Timur Tbk.,--M-1805E76000G111------------,755.0,0.0,760.0,740.0,745.0,-10.0,14781000,11041951500,5213,173.3,745,574300,740,3666200,14865343101,14865343101,3041449198,9355200,1607100,0,0,0
2022-05-11,BJTM,Bank Pembangunan Daerah Jawa Timur Tbk.,--M-1805E76000G111------------,760.0,0.0,765.0,750.0,755.0,-5.0,6998000,5306414000,2721,175.6,760,385200,755,2313100,14865343101,14865343101,3041449198,3380400,589200,0,0,0
2022-05-10,BJTM,Bank Pembangunan Daerah Jawa Timur Tbk.,--M-1805E76000G111------------,770.0,0.0,770.0,745.0,760.0,-10.0,21201900,15999530500,5222,176.7,765,815100,760,179100,14865343101,14865343101,3041449198,11857300,2500700,0,0,0
2022-05-09,BJTM,Bank Pembangunan Daerah Jawa Timur Tbk.,--M-1805E76000G111------------,795.0,0.0,795.0,760.0,770.0,-25.0,15214000,11724814000,4548,179.1,770,715100,765,173700,14865343101,14865343101,3041449198,3453700,1776100,0,0,0
2022-04-28,BJTM,Bank Pembangunan Daerah Jawa Timur Tbk.,--M-180CE76000G111------------,785.0,0.0,795.0,780.0,795.0,10.0,3730100,2940647500,1237,184.9,795,2311100,790,75700,14865343101,14865343101,3041449198,742600,1664400,8,6360,1
2022-04-27,BJTM,Bank Pembangunan Daerah Jawa Timur Tbk.,--M-180CE76000G111------------,790.0,0.0,795.0,780.0,785.0,-5.0,9814900,7747137500,1718,182.6,785,65800,780,1540700,14865343101,14865343101,3041449198,3248600,1024300,47,36895,1
2022-04-26,BJTM,Bank Pembangunan Daerah Jawa Timur Tbk.,--M-180CE76000G111------------,785.0,0.0,790.0,780.0,790.0,5.0,6453600,5076549000,1648,183.7,790,1985000,785,110100,14865343101,14865343101,3041449198,698000,2817400,19309900,15254261000,3
2022-04-25,BJTM,Bank Pembangunan Daerah Jawa Timur Tbk.,--M-180CE76000G111------------,780.0,0.0,790.0,775.0,785.0,5.0,9584500,7509158000,2164,182.6,785,169700,780,639400,14865343101,14865343101,3041449198,1956700,5205600,0,0,0
2022-04-22,BJTM,Bank Pembangunan Daerah Jawa Timur Tbk.,XDM-180CE76000G111------------,775.0,0.0,785.0,775.0,780.0,5.0,10385700,8128163500,1760,181.4,785,683100,780,168100,14865343101,14865343101,3041449198,5926800,3911700,0,0,0
2022-04-21,BJTM,Bank Pembangunan Daerah Jawa Timur Tbk.,XDM-180CE76000G111------------,785.0,0.0,790.0,775.0,775.0,-10.0,10015500,7849314500,2471,180.2,780,8000,775,1080200,14865343101,14865343101,3041449198,5878400,3202400,477055,375088175,10
2022-04-20,BJTM,Bank Pembangunan Daerah Jawa Timur Tbk.,XDM-180CE76000G111------------,780.0,0.0,790.0,770.0,785.0,5.0,16525700,12962906000,2374,182.6,790,2396000,785,1729500,14865343101,14865343101,3041449198,3652500,210600,1185000,926025000,20
2022-04-19,BJTM,Bank Pembangunan Daerah Jawa Timur Tbk.,XDM-180CE76000G111------------,765.0,0.0,785.0,760.0,780.0,15.0,26689600,20705814500,1838,181.4,780,479400,775,110000,14865343101,14865343101,3041449198,2920000,509400,1522000,1173120000,26
2022-04-18,BJTM,Bank Pembangunan Daerah Jawa Timur Tbk.,XDM-180CE76000G111------------,765.0,0.0,770.0,760.0,765.0,0.0,2554100,1956570500,1397,177.9,770,1390800,765,91500,14865343101,14865343101,3041449198,60500,83200,826000,634230000,14
2022-04-14,BJTM,Bank Pembangunan Daerah Jawa Timur Tbk.,XDM-180CE76000G111------------,760.0,0.0,770.0,755.0,765.0,5.0,11138700,8525544500,1688,177.9,770,313100,765,312500,14865343101,14865343101,3041449198,3640300,82900,1282000,982500000,22
2022-04-13,BJTM,Bank Pembangunan Daerah Jawa Timur Tbk.,XDM-180CE76000G111------------,770.0,0.0,785.0,760.0,760.0,-10.0,35379200,27260195500,1709,176.7,765,50600,760,3073000,14865343101,14865343101,3041449198,13814700,294600,1392000,1072425000,24
2022-04-12,BJTM,Bank Pembangunan Daerah Jawa Timur Tbk.,XDM-180CE76000G111------------,760.0,0.0,780.0,760.0,770.0,10.0,21433100,16553153000,1958,179.1,770,523600,765,706200,14865343101,14865343101,3041449198,6344300,1471200,1389000,1064375000,24
2022-04-11,BJTM,Bank Pembangunan Daerah Jawa Timur Tbk.,XDM-180CE76000G111------------,770.0,0.0,800.0,760.0,760.0,-10.0,7751500,5965336500,2000,176.7,765,53400,760,1532500,14865343101,14865343101,3041449198,1351700,1228700,3370200,2653235000,25
2022-04-08,BJTM,Bank Pembangunan Daerah Jawa Timur Tbk.,XDM-180CE76000G111------------,765.0,0.0,780.0,765.0,770.0,5.0,8001400,6199240500,1129,179.1,770,130600,765,1432600,14865343101,14865343101,3041449198,1675500,278700,0,0,0
2022-04-07,BJTM,Bank Pembangunan Daerah Jawa Timur Tbk.,XDM-180CE76000G111------------,775.0,0.0,780.0,755.0,765.0,-10.0,19020600,14550518500,2723,177.9,770,91500,765,12700,14865343101,14865343101,3041449198,10690400,2208500,1153000,879750000,20
2022-04-06,BJTM,Bank Pembangunan Daerah Jawa Timur Tbk.,XDM-180CE76000G111------------,775.0,0.0,790.0,775.0,775.0,0.0,8632600,6729149500,1474,180.2,780,434700,775,69000,14865343101,14865343101,3041449198,1813800,642900,1381000,1074405000,24
2022-04-05,BJTM,Bank Pembangunan Daerah Jawa Timur Tbk.,XDM-180CE76000G111------------,780.0,0.0,785.0,775.0,775.0,-5.0,7185500,5608178500,1428,180.2,780,60000,775,717800,14865343101,14865343101,3041449198,24100,745000,1145000,889075000,20
2022-04-04,BJTM,Bank Pembangunan Daerah Jawa Timur Tbk.,XDM-180CE76000G111------------,765.0,0.0,785.0,765.0,780.0,15.0,18378400,14233964500,2352,181.4,780,173100,775,56400,14865343101,14865343101,3041449198,2666600,1732200,1360000,1049050000,24
2022-04-01,BJTM,Bank Pembangunan Daerah Jawa Timur Tbk.,XDM-180CE76000G111------------,790.0,0.0,790.0,765.0,765.0,-25.0,13522800,10489035000,3563,177.9,770,1406800,765,960700,14865343101,14865343101,3041449198,5742000,1937100,1130000,878400000,20
2022-03-31,BJTM,Bank Pembangunan Daerah Jawa Timur Tbk.,XDM-180CE76000G111------------,785.0,0.0,800.0,785.0,790.0,5.0,14825100,11788020500,1336,183.7,790,5494100,785,2554800,14865343101,14865343101,7771601373,1225900,463800,450075,353909250,9
2022-03-30,BJTM,Bank Pembangunan Daerah Jawa Timur Tbk.,XDM-180CE76000G111------------,785.0,0.0,800.0,780.0,785.0,0.0,48918400,38848654500,2568,182.6,790,853500,785,38600,14865343101,14865343101,7771601373,16728900,6344200,910000,721750000,16
2022-03-29,BJTM,Bank Pembangunan Daerah Jawa Timur Tbk.,--M-180CE76000G111------------,790.0,0.0,800.0,780.0,785.0,-5.0,23885900,18862536500,2191,182.6,790,613400,785,3279000,14865343101,14865343101,7771601373,1169600,1950100,273600,216269500,7
2022-03-28,BJTM,Bank Pembangunan Daerah Jawa Timur Tbk.,--M-180CE76000G111------------,820.0,0.0,800.0,765.0,790.0,-30.0,77023500,60407292000,6662,183.7,795,894900,790,623300,14865343101,14865343101,7771601373,8575900,3754600,0,0,0
2022-03-25,BJTM,Bank Pembangunan Daerah Jawa Timur Tbk.,CDM-180CE76000G111------------,815.0,0.0,825.0,815.0,820.0,5.0,64867900,53197253000,4950,190.7,825,2166300,820,852500,14865343101,14865343101,7771601373,1102200,1284900,0,0,0
2022-03-24,BJTM,Bank Pembangunan Daerah Jawa Timur Tbk.,CDM-180CE76000G111------------,820.0,0.0,820.0,810.0,815.0,-5.0,35596100,29004765500,3943,189.5,820,7821500,815,4557200,14865343101,14865343101,7771601373,3099800,4363300,0,0,0
2022-03-23,BJTM,Bank Pembangunan Daerah Jawa Timur Tbk.,CDM-180CE76000G111------------,815.0,0.0,825.0,815.0,820.0,5.0,13413700,10987469000,2183,190.7,820,2437700,815,3881700,14865343101,14865343101,7771601373,224400,1505100,0,0,0
2022-03-22,BJTM,Bank Pembangunan Daerah Jawa Timur Tbk.,--M-180CE76000G111------------,815.0,0.0,820.0,805.0,815.0,0.0,33617900,27381578000,3507,189.5,820,836400,815,651400,14865343101,14865343101,7771601373,7604900,2131200,0,0,0
2022-03-21,BJTM,Bank Pembangunan Daerah Jawa Timur Tbk.,--M-180CE76000G111------------,815.0,0.0,830.0,810.0,815.0,0.0,34379200,28203498500,2471,189.5,820,1214600,815,1392900,14865343101,14865343101,7771601373,4965000,462000,0,0,0
2022-03-18,BJTM,Bank Pembangunan Daerah Jawa Timur Tbk.,--M-180CE76000G111------------,815.0,0.0,825.0,805.0,815.0,0.0,26267500,21483548000,2639,189.5,815,8600,810,1532700,14865343101,14865343101,7771601373,3859400,748600,0,0,0
2022-03-17,BJTM,Bank Pembangunan Daerah Jawa Timur Tbk.,--M-180CE76000G111------------,810.0,0.0,825.0,800.0,815.0,5.0,31955600,26017164500,3391,189.5,820,5046700,815,27600,14865343101,14865343101,7771601373,2892700,7213500,0,0,0
2022-03-16,BJTM,Bank Pembangunan Daerah Jawa Timur Tbk.,--M-180CE76000G111------------,795.0,0.0,810.0,795.0,810.0,15.0,16726400,13480686000,2212,188.4,810,4683100,805,1839500,14865343101,14865343101,7771601373,840200,5812200,0,0,0
2022-03-15,BJTM,Bank Pembangunan Daerah Jawa Timur Tbk.,--M-180CE76000G111------------,800.0,0.0,810.0,790.0,795.0,-5.0,12490300,9957747500,2879,184.9,795,757700,790,2639900,14865343101,14865343101,7771601373,4225700,1514600,0,0,0
2022-03-14,BJTM,Bank Pembangunan Daerah Jawa Timur Tbk.,--M-180CE76000G111------------,780.0,0.0,810.0,775.0,800.0,20.0,39243500,31318975500,4995,186.0,805,3009900,800,17000,14865343101,14865343101,7771601373,3207700,8200700,0,0,0
2022-03-11,BJTM,Bank Pembangunan Daerah Jawa Timur Tbk.,--M-180CE76000G111------------,770.0,0.0,780.0,770.0,780.0,10.0,4938000,3827772000,1135,181.4,780,2603700,775,1339400,14865343101,14865343101,7771601373,20000,1122000,42070900,33446365500,18
2022-03-10,BJTM,Bank Pembangunan Daerah Jawa Timur Tbk.,--M-180CE76000G111------------,765.0,0.0,775.0,765.0,770.0,5.0,6800800,5238616500,2655,179.1,775,2823600,770,1483500,14865343101,14865343101,7771601373,2917500,1951200,0,0,0
2022-03-09,BJTM,Bank Pembangunan Daerah Jawa Timur Tbk.,--M-180CE76000G111------------,765.0,0.0,770.0,765.0,765.0,0.0,5163800,3962815000,1414,177.9,770,466800,765,2602400,14865343101,14865343101,7771601373,43200,939300,0,0,0
2022-03-08,BJTM,Bank Pembangunan Daerah Jawa Timur Tbk.,--M-180CE76000G111------------,765.0,0.0,770.0,760.0,765.0,0.0,8949500,6856059000,1933,177.9,765,70600,760,3274700,14865343101,14865343101,7771601373,1129300,1113700,52,39780,2
2022-03-07,BJTM,Bank Pembangunan Daerah Jawa Timur Tbk.,--M-180CE76000G111------------,765.0,0.0,775.0,760.0,765.0,0.0,19856000,15252024500,2257,177.9,770,647600,765,1194500,14865343101,14865343101,7771601373,4361200,188300,300000,230400000,1
2022-03-04,BJTM,Bank Pembangunan Daerah Jawa Timur Tbk.,--M-180CE76000G111------------,770.0,0.0,775.0,765.0,765.0,-5.0,5859500,4507264000,2153,177.9,770,37500,765,3705800,14865343101,14865343101,7771601373,2007500,666800,0,0,0
2022-03-02,BJTM,Bank Pembangunan Daerah Jawa Timur Tbk.,--M-180CE76000G111------------,765.0,0.0,775.0,765.0,770.0,5.0,8496600,6530102000,2577,179.1,770,498100,765,3258500,14865343101,14865343101,7771601373,3480500,2491500,0,0,0
2022-03-01,BJTM,Bank Pembangunan Daerah Jawa Timur Tbk.,--M-180CE76000G111------------,770.0,0.0,780.0,765.0,765.0,-5.0,15514600,11981587000,3140,177.9,770,517100,765,2657400,14865343101,14865343101,7771601373,11523900,2275700,0,0,0
2022-02-25,BJTM,Bank Pembangunan Daerah Jawa Timur Tbk.,--M-180CE76000G111------------,775.0,0.0,785.0,765.0,770.0,-5.0,19013900,14741756000,2386,179.1,775,821600,770,2617900,14865343101,14865343101,7771601373,7465800,2123000,0,0,0
2022-02-24,BJTM,Bank Pembangunan Daerah Jawa Timur Tbk.,--M-180CE76000G111------------,780.0,0.0,785.0,765.0,775.0,-5.0,28513900,22088284500,4032,180.2,780,409500,775,500,14865343101,14865343101,7771601373,5176000,3430100,68,52700,1
2022-02-23,BJTM,Bank Pembangunan Daerah Jawa Timur Tbk.,--M-180CE76000G111------------,780.0,0.0,785.0,770.0,780.0,0.0,7573100,5900929000,2155,181.4,785,3569900,780,21600,14865343101,14865343101,7771601373,2871900,586000,0,0,0
2022-02-22,BJTM,Bank Pembangunan Daerah Jawa Timur Tbk.,--M-180CE76000G111------------,780.0,0.0,785.0,765.0,780.0,0.0,11495400,8900970500,2407,181.4,780,478300,775,94200,14865343101,14865343101,7771601373,4271600,220000,0,0,0
2022-02-21,BJTM,Bank Pembangunan Daerah Jawa Timur Tbk.,--M-180CE76000G111------------,760.0,0.0,785.0,760.0,780.0,20.0,19895300,15459183500,4198,181.4,780,153900,775,2510800,14865343101,14865343101,7771601373,416100,4021500,0,0,0
2022-02-18,BJTM,Bank Pembangunan Daerah Jawa Timur Tbk.,--M-180CE76000G111------------,750.0,0.0,765.0,750.0,760.0,10.0,16058000,12235219000,1701,176.7,765,1873000,760,861900,14865343101,14865343101,7771601373,4964200,941100,0,0,0
2022-02-17,BJTM,Bank Pembangunan Daerah Jawa Timur Tbk.,--M-180CE76000G111------------,755.0,0.0,765.0,750.0,750.0,-5.0,11664700,8790440500,2384,174.4,750,132700,745,1765000,14865343101,14865343101,7771601373,9844200,632500,0,0,0
2022-02-16,BJTM,Bank Pembangunan Daerah Jawa Timur Tbk.,--M-180CE76000G111------------,760.0,0.0,765.0,755.0,755.0,-5.0,7679500,5837075500,1636,175.6,760,24200,755,2332000,14865343101,14865343101,7771601373,5135100,2383500,0,0,0
2022-02-15,BJTM,Bank Pembangunan Daerah Jawa Timur Tbk.,--M-180CE76000G111------------,760.0,0.0,765.0,750.0,760.0,0.0,6811500,5178817000,1464,176.7,760,728500,755,2542500,14865343101,14865343101,7771601373,2965400,717500,0,0,0
2022-02-14,BJTM,Bank Pembangunan Daerah Jawa Timur Tbk.,--M-180CE76000G111------------,760.0,0.0,760.0,750.0,760.0,0.0,3388900,2563194000,1555,176.7,760,1033900,755,57500,14865343101,14865343101,7771601373,1292100,561400,0,0,0
2022-02-11,BJTM,Bank Pembangunan Daerah Jawa Timur Tbk.,--M-180CE76000G111------------,760.0,0.0,765.0,755.0,760.0,0.0,5988700,4551502500,1415,176.7,760,31900,755,2968600,14865343101,14865343101,7771601373,1823300,1797200,0,0,0
2022-02-10,BJTM,Bank Pembangunan Daerah Jawa Timur Tbk.,--M-180CE76000G111------------,760.0,0.0,770.0,755.0,760.0,0.0,4429300,3371932500,1262,176.7,760,6600,755,1793500,14865343101,14865343101,7771601373,22100,732400,0,0,0
2022-02-09,BJTM,Bank Pembangunan Daerah Jawa Timur Tbk.,--M-180CE76000G111------------,760.0,0.0,770.0,755.0,760.0,0.0,8610800,6567745500,1567,176.7,760,1673600,755,1913000,14865343101,14865343101,7771601373,3787900,3542000,0,0,0
2022-02-08,BJTM,Bank Pembangunan Daerah Jawa Timur Tbk.,--M-180CE76000G111------------,765.0,0.0,770.0,755.0,760.0,-5.0,7053900,5375529500,1896,176.7,765,4231400,760,1042900,14865343101,14865343101,7771601373,2146200,1872500,0,0,0
2022-02-07,BJTM,Bank Pembangunan Daerah Jawa Timur Tbk.,--M-180CE76000G111------------,745.0,0.0,770.0,745.0,765.0,20.0,18732300,14200764500,2276,177.9,765,708000,760,752400,14865343101,14865343101,7771601373,643800,1357800,0,0,0
2022-02-04,BJTM,Bank Pembangunan Daerah Jawa Timur Tbk.,--M-180CE76000G111------------,745.0,0.0,755.0,740.0,745.0,0.0,8338600,6252216500,1336,173.3,750,337900,745,659800,14865343101,14865343101,7771601373,958400,2200,0,0,0
2022-02-03,BJTM,Bank Pembangunan Daerah Jawa Timur Tbk.,--M-180CE76000G111------------,745.0,0.0,750.0,740.0,745.0,0.0,2049300,1522555500,742,173.3,745,637600,740,2198400,14865343101,14865343101,7771601373,385000,434400,0,0,0
2022-02-02,BJTM,Bank Pembangunan Daerah Jawa Timur Tbk.,--M-180CE76000G111------------,745.0,0.0,750.0,740.0,745.0,0.0,5370700,3996003500,1270,173.3,745,734100,740,3295800,14865343101,14865343101,7771601373,1087400,354800,0,0,0
2022-01-31,BJTM,Bank Pembangunan Daerah Jawa Timur Tbk.,--M-180CE76000G111------------,750.0,0.0,760.0,745.0,745.0,-5.0,9953600,7458203000,1255,173.3,750,1314600,745,711700,14865343101,14865343101,7771601373,572500,465100,63,46935,1
2022-01-28,BJTM,Bank Pembangunan Daerah Jawa Timur Tbk.,--M-180CE76000G111------------,745.0,0.0,755.0,740.0,750.0,5.0,5521200,4137363500,895,174.4,750,32900,745,659700,14865343101,14865343101,7771601373,721300,290700,0,0,0
2022-01-27,BJTM,Bank Pembangunan Daerah Jawa Timur Tbk.,--M-180CE76000G111------------,750.0,0.0,755.0,740.0,745.0,-5.0,2088400,1557023500,847,173.3,745,159400,740,2545200,14865343101,14865343101,7771601373,235300,202800,0,0,0
2022-01-26,BJTM,Bank Pembangunan Daerah Jawa Timur Tbk.,--M-180CE76000G111------------,740.0,0.0,760.0,735.0,750.0,10.0,16472600,12302934500,1539,174.4,750,54900,745,531200,14865343101,14865343101,7771601373,2537400,600300,89,62923,1
2022-01-25,BJTM,Bank Pembangunan Daerah Jawa Timur Tbk.,--M-180CE76000G111------------,745.0,0.0,745.0,735.0,740.0,-5.0,5775400,4268023000,1126,172.1,745,3375300,740,29400,14865343101,14865343101,7771601373,683100,301100,0,0,0
2022-01-24,BJTM,Bank Pembangunan Daerah Jawa Timur Tbk.,--M-180CE76000G111------------,745.0,0.0,745.0,740.0,745.0,0.0,1952200,1449334000,958,173.3,745,3201200,740,1038800,14865343101,14865343101,7771601373,0,737200,0,0,0
2022-01-21,BJTM,Bank Pembangunan Daerah Jawa Timur Tbk.,--M-180CE76000G111------------,740.0,0.0,745.0,735.0,745.0,5.0,4411100,3260432500,1112,173.3,745,1361500,740,165600,14865343101,14865343101,7771601373,27600,284400,42,30870,1
2022-01-20,BJTM,Bank Pembangunan Daerah Jawa Timur Tbk.,--M-180CE76000G111------------,740.0,0.0,740.0,735.0,740.0,0.0,4531100,3347365000,1420,172.1,745,1346700,740,10100,14865343101,14865343101,7771601373,328900,221500,91,66885,1
2022-01-19,BJTM,Bank Pembangunan Daerah Jawa Timur Tbk.,--M-180CE76000G111------------,740.0,0.0,745.0,735.0,740.0,0.0,5977200,4415207000,1520,172.1,740,414100,735,1785800,14865343101,14865343101,7771601373,556900,853400,42,30870,1
2022-01-18,BJTM,Bank Pembangunan Daerah Jawa Timur Tbk.,--M-180CE76000G111------------,740.0,0.0,745.0,735.0,740.0,0.0,9063800,6694410500,2279,172.1,740,323400,735,1606200,14865343101,14865343101,7771601373,574200,482000,42,31080,1
2022-01-17,BJTM,Bank Pembangunan Daerah Jawa Timur Tbk.,--M-180CE76000G111------------,745.0,0.0,750.0,740.0,740.0,-5.0,5431800,4027082500,1735,172.1,745,1238900,740,20003000,14865343101,14865343101,7771601373,3358900,186800,42,31164,1
2022-01-14,BJTM,Bank Pembangunan Daerah Jawa Timur Tbk.,--M-180CE76000G111------------,745.0,0.0,745.0,740.0,745.0,0.0,3243500,2410512500,1408,173.3,745,196900,740,20747600,14865343101,14865343101,7771601373,0,1408300,42,31080,1
2022-01-13,BJTM,Bank Pembangunan Daerah Jawa Timur Tbk.,--M-180CE76000G111------------,745.0,0.0,745.0,735.0,745.0,0.0,7156100,5288499000,2272,173.3,745,598400,740,2347500,14865343101,14865343101,7771601373,3308100,555800,42,31080,1
2022-01-12,BJTM,Bank Pembangunan Daerah Jawa Timur Tbk.,--M-180CE76000G111------------,745.0,0.0,750.0,740.0,745.0,0.0,3055500,2270632000,1817,173.3,745,795600,740,2048400,14865343101,14865343101,7771601373,252900,910400,0,0,0
2022-01-11,BJTM,Bank Pembangunan Daerah Jawa Timur Tbk.,--M-180CE76000G111------------,750.0,0.0,755.0,740.0,745.0,-5.0,4806300,3586974500,2002,173.3,750,4242700,745,1700,14865343101,14865343101,7771601373,910000,1383300,0,0,0
2022-01-10,BJTM,Bank Pembangunan Daerah Jawa Timur Tbk.,--M-180CE76000G111------------,755.0,0.0,755.0,745.0,750.0,-5.0,2277600,1702169500,1535,174.4,750,4352700,745,1746600,14865343101,14865343101,7771601373,335800,338800,0,0,0
2022-01-07,BJTM,Bank Pembangunan Daerah Jawa Timur Tbk.,--M-180CE76000G111------------,750.0,0.0,755.0,745.0,755.0,5.0,3808600,2851986500,2046,175.6,755,1184000,750,38700,14865343101,14865343101,7771601373,597100,1590700,0,0,0
2022-01-06,BJTM,Bank Pembangunan Daerah Jawa Timur Tbk.,--M-180CE76000G111------------,750.0,0.0,755.0,745.0,750.0,0.0,2639900,1972299500,1491,174.4,750,1307400,745,722100,14865343101,14865343101,7771601373,390700,406500,58,43210,1
2022-01-05,BJTM,Bank Pembangunan Daerah Jawa Timur Tbk.,--M-180CE76000G111------------,760.0,0.0,760.0,750.0,750.0,-10.0,2653100,2000101000,977,174.4,755,1022700,750,544700,14865343101,14865343101,7771601373,150800,478700,0,0,0
2022-01-04,BJTM,Bank Pembangunan Daerah Jawa Timur Tbk.,--M-180CE76000G111------------,750.0,0.0,760.0,750.0,760.0,10.0,4632300,3491655000,1357,176.7,760,1459200,755,6800,14865343101,14865343101,7771601373,205500,1989800,0,0,0
2022-01-03,BJTM,Bank Pembangunan Daerah Jawa Timur Tbk.,--M-180CE76000G111------------,750.0,0.0,750.0,745.0,750.0,0.0,1672400,1251912500,972,174.4,750,488400,745,1356400,14865343101,14865343101,7771601373,0,37000,59,44250,1
2021-12-30,BJTM,Bank Pembangunan Daerah Jawa Timur Tbk.,--M-180CE76000G111------------,745.0,0.0,755.0,740.0,750.0,5.0,5703000,4264463000,943,174.4,750,489100,745,213400,14865343101,14865343101,11314012634,811800,372600,3200,2368000,1
2021-12-29,BJTM,Bank Pembangunan Daerah Jawa Timur Tbk.,--M-180CE76000G111------------,745.0,0.0,750.0,740.0,745.0,0.0,6283800,4684138000,816,173.3,750,1186800,745,92600,14865343101,14865343101,11314012634,331300,3143600,217200,162900000,1
2021-12-28,BJTM,Bank Pembangunan Daerah Jawa Timur Tbk.,--M-180CE76000G111------------,750.0,0.0,750.0,740.0,745.0,-5.0,3561900,2655154500,988,173.3,745,27700,740,1743000,14865343101,14865343101,11314012634,337600,1320000,30000,22350000,1
2021-12-27,BJTM,Bank Pembangunan Daerah Jawa Timur Tbk.,--M-180CE76000G111------------,745.0,0.0,750.0,735.0,750.0,5.0,4400100,3270387000,958,174.4,750,2541300,745,29300,14865343101,14865343101,11314012634,374600,1312200,0,0,0
2021-12-24,BJTM,Bank Pembangunan Daerah Jawa Timur Tbk.,--M-180CE76000G111------------,740.0,0.0,745.0,735.0,745.0,5.0,3071900,2267897500,1257,173.3,745,1042900,740,20700,14865343101,14865343101,11314012634,385400,20500,0,0,0
2021-12-23,BJTM,Bank Pembangunan Daerah Jawa Timur Tbk.,--M-180CE76000G111------------,740.0,0.0,745.0,730.0,740.0,0.0,5324100,3920524500,1912,172.1,740,404200,735,798000,14865343101,14865343101,11314012634,914100,302900,181500,133402500,1
2021-12-22,BJTM,Bank Pembangunan Daerah Jawa Timur Tbk.,--M-180CE76000G111------------,755.0,0.0,760.0,730.0,740.0,-15.0,20847500,15449853500,3291,172.1,740,187700,735,1658200,14865343101,14865343101,11314012634,623300,449300,0,0,0
2021-12-21,BJTM,Bank Pembangunan Daerah Jawa Timur Tbk.,--M-180CE76000G111------------,750.0,0.0,755.0,750.0,755.0,5.0,1706200,1283941500,1124,175.6,755,1667100,750,2437600,14865343101,14865343101,11314012634,349000,184700,788600,591450000,2
2021-12-20,BJTM,Bank Pembangunan Daerah Jawa Timur Tbk.,--M-180CE76000G111------------,765.0,0.0,765.0,750.0,750.0,-15.0,6993000,5264950000,1927,174.4,750,1070100,745,1819100,14865343101,14865343101,11314012634,882300,0,1400,1066800,1
2021-12-17,BJTM,Bank Pembangunan Daerah Jawa Timur Tbk.,--M-180CE70000G111------------,760.0,0.0,765.0,755.0,765.0,5.0,5385900,4087026000,1114,177.9,765,3684800,760,1500,14865343101,14865343101,11314012634,317800,2181300,0,0,0
2021-12-16,BJTM,Bank Pembangunan Daerah Jawa Timur Tbk.,--M-180CE70000G111------------,755.0,0.0,765.0,750.0,760.0,5.0,3579900,2705920000,1461,176.7,760,971500,755,129900,14865343101,14865343101,11314012634,1149400,394600,900000,540000000,1
2021-12-15,BJTM,Bank Pembangunan Daerah Jawa Timur Tbk.,--M-180CE70000G111------------,755.0,0.0,765.0,755.0,755.0,0.0,4235500,3215214000,833,175.6,760,694700,755,1714900,14865343101,14865343101,11314012634,816100,338800,0,0,0
2021-12-14,BJTM,Bank Pembangunan Daerah Jawa Timur Tbk.,--M-180CE70000G111------------,765.0,0.0,765.0,755.0,755.0,-10.0,6056200,4604883000,1111,175.6,760,79800,755,849200,14865343101,14865343101,11314012634,1452400,129900,0,0,0
2021-12-13,BJTM,Bank Pembangunan Daerah Jawa Timur Tbk.,--M-180CE70000G111------------,760.0,0.0,770.0,755.0,765.0,5.0,5210000,4001893000,1178,177.9,765,3900,760,1682900,14865343101,14865343101,11314012634,28500,292500,0,0,0
2021-12-10,BJTM,Bank Pembangunan Daerah Jawa Timur Tbk.,--M-180CE70000G111------------,760.0,0.0,765.0,755.0,760.0,0.0,2623700,1998100500,843,176.7,765,1293200,760,535700,14865343101,14865343101,11314012634,389600,256100,0,0,0
2021-12-09,BJTM,Bank Pembangunan Daerah Jawa Timur Tbk.,--M-180CE70000G111------------,760.0,0.0,765.0,755.0,760.0,0.0,3417100,2597618000,868,176.7,765,772900,760,1000,14865343101,14865343101,11314012634,154000,191900,44,33660,1
2021-12-08,BJTM,Bank Pembangunan Daerah Jawa Timur Tbk.,--M-180CE70000G111------------,765.0,0.0,770.0,760.0,760.0,-5.0,2222600,1698558000,827,176.7,765,353700,760,958000,14865343101,14865343101,11314012634,432800,0,0,0,0
2021-12-07,BJTM,Bank Pembangunan Daerah Jawa Timur Tbk.,--M-180CE70000G111------------,765.0,0.0,775.0,760.0,765.0,0.0,6302600,4829463500,1316,177.9,770,350300,765,545700,14865343101,14865343101,11314012634,976400,685600,0,0,0
2021-12-06,BJTM,Bank Pembangunan Daerah Jawa Timur Tbk.,--M-180CE70000G111------------,765.0,0.0,770.0,760.0,765.0,0.0,2544200,1941715500,821,177.9,765,808800,760,549200,14865343101,14865343101,11314012634,75000,0,1501400,1276057000,2
2021-12-03,BJTM,Bank Pembangunan Daerah Jawa Timur Tbk.,--M-180CE70000G111------------,750.0,0.0,770.0,750.0,765.0,15.0,8968400,6807831000,1321,177.9,765,548100,760,252200,14865343101,14865343101,11314012634,205200,741100,0,0,0
2021-12-02,BJTM,Bank Pembangunan Daerah Jawa Timur Tbk.,--M-180CE70000G111------------,755.0,0.0,755.0,745.0,750.0,-5.0,2906000,2182920500,1390,174.4,755,798000,750,326500,14865343101,14865343101,11314012634,399400,525100,75,56550,1
2021-12-01,BJTM,Bank Pembangunan Daerah Jawa Timur Tbk.,--M-180CE70000G111------------,745.0,0.0,755.0,745.0,755.0,10.0,4182500,3138627000,1323,175.6,755,1126300,750,582200,14865343101,14865343101,11314012634,551200,113100,3000,1623000,1
2021-11-30,BJTM,Bank Pembangunan Daerah Jawa Timur Tbk.,--M-180CE70000G111------------,750.0,0.0,760.0,745.0,745.0,-5.0,9246600,6931173500,2084,173.3,750,337600,745,1124100,14865343101,14865343101,11314012634,1351200,1228000,0,0,0
2021-11-29,BJTM,Bank Pembangunan Daerah Jawa Timur Tbk.,--M-180CE70000G111------------,755.0,0.0,760.0,745.0,750.0,-5.0,8886200,6676996500,2202,174.4,755,37000,750,1834600,14865343101,14865343101,11314012634,2048400,60900,0,0,0
2021-11-26,BJTM,Bank Pembangunan Daerah Jawa Timur Tbk.,--M-180CE70000G111------------,770.0,0.0,770.0,755.0,755.0,-15.0,13717600,10488030000,2114,175.6,760,244700,755,1813400,14865343101,14865343101,11314012634,3005500,400,1400,1066800,1
2021-11-25,BJTM,Bank Pembangunan Daerah Jawa Timur Tbk.,--M-180CE70000G111------------,760.0,0.0,770.0,760.0,770.0,10.0,10145100,7787692000,1570,179.1,770,150100,765,1732000,14865343101,14865343101,11314012634,517500,31500,0,0,0
2021-11-24,BJTM,Bank Pembangunan Daerah Jawa Timur Tbk.,--M-180CE70000G111------------,760.0,0.0,765.0,760.0,760.0,0.0,2121000,1612976000,857,176.7,765,2757300,760,644700,14865343101,14865343101,11314012634,378700,45000,0,0,0
2021-11-23,BJTM,Bank Pembangunan Daerah Jawa Timur Tbk.,--M-180CE70000G111------------,765.0,0.0,765.0,760.0,760.0,-5.0,3205600,2438726500,1424,176.7,765,1737700,760,288700,14865343101,14865343101,11314012634,920800,80900,0,0,0
2021-11-22,BJTM,Bank Pembangunan Daerah Jawa Timur Tbk.,--M-180CE70000G111------------,760.0,0.0,765.0,750.0,765.0,5.0,5748500,4349434500,1392,177.9,765,1811600,760,951100,14865343101,14865343101,11314012634,2905700,48300,34900,25162900,1
2021-11-19,BJTM,Bank Pembangunan Daerah Jawa Timur Tbk.,--M-180CE70000G111------------,755.0,0.0,765.0,755.0,760.0,5.0,6086600,4614704500,1586,176.7,765,2854800,760,247800,14865343101,14865343101,11314012634,4082300,312900,0,0,0
2021-11-18,BJTM,Bank Pembangunan Daerah Jawa Timur Tbk.,--M-180CE70000G111------------,755.0,0.0,765.0,755.0,755.0,0.0,2294000,1738399500,1027,175.6,760,249500,755,2264600,14865343101,14865343101,11314012634,996700,61700,0,0,0
2021-11-17,BJTM,Bank Pembangunan Daerah Jawa Timur Tbk.,--M-180CE70000G111------------,760.0,0.0,765.0,755.0,755.0,-5.0,5947800,4519834500,1430,175.6,760,96800,755,3670200,14865343101,14865343101,11314012634,3825700,1149600,0,0,0
2021-11-16,BJTM,Bank Pembangunan Daerah Jawa Timur Tbk.,--M-180CE70000G111------------,760.0,0.0,765.0,755.0,760.0,0.0,5684200,4318181000,1590,176.7,765,2122000,760,162100,14865343101,14865343101,11314012634,2901500,1188500,0,0,0
2021-11-15,BJTM,Bank Pembangunan Daerah Jawa Timur Tbk.,--M-180CE70000G111------------,760.0,0.0,765.0,755.0,760.0,0.0,5388800,4101050000,1796,176.7,765,1672400,760,25800,14865343101,14865343101,11314012634,1666800,827100,0,0,0
2021-11-12,BJTM,Bank Pembangunan Daerah Jawa Timur Tbk.,--M-180CE70000G111------------,760.0,0.0,770.0,760.0,760.0,0.0,4570500,3493228000,1773,176.7,765,29200,760,2531100,14865343101,14865343101,11314012634,1511000,971800,0,0,0
2021-11-11,BJTM,Bank Pembangunan Daerah Jawa Timur Tbk.,--M-180CE70000G111------------,760.0,0.0,765.0,760.0,760.0,0.0,4609700,3522526500,1361,176.7,765,61300,760,1529200,14865343101,14865343101,11314012634,2268100,686800,0,0,0
2021-11-10,BJTM,Bank Pembangunan Daerah Jawa Timur Tbk.,--M-180CE70000G111------------,765.0,0.0,770.0,760.0,760.0,-5.0,4074600,3107116000,1558,176.7,765,965000,760,1146000,14865343101,14865343101,11314012634,2072300,1213200,0,0,0
2021-11-09,BJTM,Bank Pembangunan Daerah Jawa Timur Tbk.,--M-180CE70000G111------------,770.0,0.0,770.0,760.0,765.0,-5.0,4134400,3160730500,1538,177.9,765,99800,760,2382000,14865343101,14865343101,11314012634,390800,1106000,0,0,0
2021-11-08,BJTM,Bank Pembangunan Daerah Jawa Timur Tbk.,--M-180CE70000G111------------,760.0,0.0,770.0,755.0,770.0,10.0,6761300,5181300000,2122,179.1,770,2299000,765,331600,14865343101,14865343101,11314012634,1402300,4312100,0,0,0
2021-11-05,BJTM,Bank Pembangunan Daerah Jawa Timur Tbk.,--M-180CE70000G111------------,765.0,0.0,765.0,755.0,760.0,-5.0,3421200,2602381500,1272,176.7,765,922100,760,101500,14865343101,14865343101,11314012634,814800,307600,0,0,0
2021-11-04,BJTM,Bank Pembangunan Daerah Jawa Timur Tbk.,--M-180CE70000G111------------,760.0,0.0,770.0,755.0,765.0,5.0,7069700,5400971500,1705,177.9,770,1988700,765,198000,14865343101,14865343101,11314012634,208200,3036200,500,382500,1
2021-11-03,BJTM,Bank Pembangunan Daerah Jawa Timur Tbk.,--M-180CE70000G111------------,765.0,0.0,770.0,755.0,760.0,-5.0,5205700,3953222000,1616,176.7,765,666600,760,26900,14865343101,14865343101,11314012634,1233500,928900,0,0,0
2021-11-02,BJTM,Bank Pembangunan Daerah Jawa Timur Tbk.,--M-180CE70000G111------------,770.0,0.0,775.0,760.0,765.0,-5.0,8076900,6193898000,3066,177.9,765,237800,760,1136600,14865343101,14865343101,11314012634,2927700,3307900,0,0,0
2021-11-01,BJTM,Bank Pembangunan Daerah Jawa Timur Tbk.,--M-180CE70000G111------------,780.0,0.0,785.0,765.0,770.0,-10.0,7316500,5651998500,2183,179.1,775,853200,770,99300,14865343101,14865343101,11314012634,1631900,1037800,0,0,0
2021-10-29,BJTM,Bank Pembangunan Daerah Jawa Timur Tbk.,--M-180CE70000G111------------,745.0,0.0,780.0,740.0,780.0,35.0,18635800,14279842000,2504,181.4,780,921900,775,55700,14865343101,14865343101,11314012634,4186400,13920400,86,67080,1
2021-10-28,BJTM,Bank Pembangunan Daerah Jawa Timur Tbk.,--M-180CE70000G111------------,760.0,0.0,765.0,740.0,745.0,-15.0,12326700,9237785500,3750,173.3,750,471600,745,437100,14865343101,14865343101,11314012634,4711900,1365400,0,0,0
2021-10-27,BJTM,Bank Pembangunan Daerah Jawa Timur Tbk.,--M-180CE70000G111------------,765.0,0.0,770.0,760.0,760.0,-5.0,4099900,3128282500,2013,176.7,765,558100,760,87900,14865343101,14865343101,11314012634,1629500,756700,76,58140,1
2021-10-26,BJTM,Bank Pembangunan Daerah Jawa Timur Tbk.,--M-180CE70000G111------------,760.0,0.0,770.0,760.0,765.0,5.0,4629800,3538574500,2091,177.9,765,2600,760,1659300,14865343101,14865343101,11314012634,793400,1746000,0,0,0
2021-10-25,BJTM,Bank Pembangunan Daerah Jawa Timur Tbk.,--M-180CE70000G111------------,765.0,0.0,770.0,760.0,760.0,-5.0,4530600,3465244000,2132,176.7,765,452000,760,1154100,14865343101,14865343101,11314012634,1471000,713700,0,0,0
2021-10-22,BJTM,Bank Pembangunan Daerah Jawa Timur Tbk.,--M-180CE70000G111------------,750.0,0.0,770.0,750.0,765.0,15.0,10302300,7857186500,2286,177.9,770,332100,765,516400,14865343101,14865343101,11314012634,2811500,4379100,0,0,0
2021-10-21,BJTM,Bank Pembangunan Daerah Jawa Timur Tbk.,--M-180CE70000G111------------,775.0,0.0,785.0,750.0,750.0,-25.0,25435300,19306236500,3899,174.4,760,16300,750,5772700,14865343101,14865343101,11314012634,18203600,12947400,0,0,0
2021-10-19,BJTM,Bank Pembangunan Daerah Jawa Timur Tbk.,--M-180CE70000G111------------,780.0,0.0,785.0,770.0,775.0,-5.0,10159900,7895587500,1781,180.2,780,1502900,775,252800,14865343101,14865343101,11314012634,1124700,2365300,0,0,0
2021-10-18,BJTM,Bank Pembangunan Daerah Jawa Timur Tbk.,--M-180CE70000G111------------,775.0,0.0,790.0,770.0,780.0,5.0,13898700,10854816000,2930,181.4,785,1257200,780,177300,14865343101,14865343101,11314012634,2141100,2844800,0,0,0
2021-10-15,BJTM,Bank Pembangunan Daerah Jawa Timur Tbk.,--M-180CE70000G111------------,780.0,0.0,785.0,765.0,775.0,-5.0,10000000,7734956000,2711,180.2,780,1962900,775,9800,14865343101,14865343101,11314012634,544200,1636500,60,46680,1
2021-10-14,BJTM,Bank Pembangunan Daerah Jawa Timur Tbk.,--M-180CE70000G111------------,775.0,0.0,795.0,770.0,780.0,5.0,22558800,17632927000,3729,181.4,780,50200,775,683500,14865343101,14865343101,11314012634,3014200,3653200,0,0,0
2021-10-13,BJTM,Bank Pembangunan Daerah Jawa Timur Tbk.,--M-180CE70000G111------------,775.0,0.0,780.0,765.0,775.0,0.0,13513700,10447257000,3008,180.2,775,2062000,770,1509900,14865343101,14865343101,11314012634,155200,5124900,0,0,0
2021-10-12,BJTM,Bank Pembangunan Daerah Jawa Timur Tbk.,--M-180CE70000G111------------,760.0,0.0,775.0,755.0,775.0,15.0,21001800,16136353000,4013,180.2,775,2684900,770,565500,14865343101,14865343101,11314012634,1783200,7176900,67,51724,1
2021-10-11,BJTM,Bank Pembangunan Daerah Jawa Timur Tbk.,--M-180CE70000G111------------,755.0,0.0,760.0,750.0,760.0,5.0,5225000,3955316000,1768,176.7,760,2070600,755,255200,14865343101,14865343101,11314012634,1500,921500,2800,2126500,2
2021-10-08,BJTM,Bank Pembangunan Daerah Jawa Timur Tbk.,--M-180CE70000G111------------,750.0,0.0,765.0,750.0,755.0,5.0,6418500,4859365500,1853,175.6,760,2847400,755,628300,14865343101,14865343101,11314012634,6800,1118100,0,0,0
2021-10-07,BJTM,Bank Pembangunan Daerah Jawa Timur Tbk.,--M-180CE70000G111------------,750.0,0.0,765.0,745.0,750.0,0.0,12035700,9083967000,3237,174.4,755,1180900,750,6600,14865343101,14865343101,11314012634,307800,1813300,1200,1020000,1
2021-10-06,BJTM,Bank Pembangunan Daerah Jawa Timur Tbk.,--M-180CE70000G111------------,735.0,0.0,770.0,740.0,750.0,15.0,33123200,25073425500,5549,174.4,755,439400,750,962600,14865343101,14865343101,11314012634,118100,5728700,0,0,0
2021-10-05,BJTM,Bank Pembangunan Daerah Jawa Timur Tbk.,--M-180CE70000G111------------,750.0,0.0,750.0,730.0,735.0,-15.0,11492100,8481574000,2803,170.9,740,735400,735,222300,14865343101,14865343101,11314012634,3300,1126800,0,0,0
2021-10-04,BJTM,Bank Pembangunan Daerah Jawa Timur Tbk.,--M-180CE70000G111------------,735.0,0.0,750.0,735.0,750.0,15.0,17671400,13157989000,2882,174.4,750,3086600,745,2567000,14865343101,14865343101,11314012634,2804000,909700,0,0,0
2021-10-01,BJTM,Bank Pembangunan Daerah Jawa Timur Tbk.,--M-180CE70000G111------------,720.0,0.0,750.0,715.0,735.0,15.0,39698900,29174377500,4363,170.9,735,613700,730,566100,14865343101,14865343101,11314012634,5258000,1349000,67400,48528000,1
2021-09-30,BJTM,Bank Pembangunan Daerah Jawa Timur Tbk.,--M-180CE70000G111------------,715.0,0.0,725.0,710.0,720.0,5.0,7598600,5473471500,1782,167.4,720,741700,715,2049100,14865343101,14865343101,14865343101,2195100,3198200,0,0,0
2021-09-29,BJTM,Bank Pembangunan Daerah Jawa Timur Tbk.,--M-180CE70000G111------------,710.0,0.0,715.0,705.0,715.0,5.0,8718600,6219660500,1731,166.3,720,1622200,715,314800,14865343101,14865343101,14865343101,247800,5483000,0,0,0
2021-09-28,BJTM,Bank Pembangunan Daerah Jawa Timur Tbk.,--M-180CE70000G111------------,710.0,0.0,715.0,705.0,710.0,0.0,3204800,2277736000,1388,165.1,715,3557100,710,108800,14865343101,14865343101,14865343101,212800,255600,56,39760,1
2021-09-27,BJTM,Bank Pembangunan Daerah Jawa Timur Tbk.,--M-180CE70000G111------------,710.0,0.0,715.0,710.0,710.0,0.0,3869600,2751791500,1146,165.1,715,3241400,710,169400,14865343101,14865343101,14865343101,9100,556100,0,0,0
2021-09-24,BJTM,Bank Pembangunan Daerah Jawa Timur Tbk.,--M-180CE70000G111------------,715.0,0.0,715.0,705.0,710.0,-5.0,4193300,2980372000,1530,165.1,710,4400,705,2241800,14865343101,14865343101,14865343101,94400,1208600,0,0,0
2021-09-23,BJTM,Bank Pembangunan Daerah Jawa Timur Tbk.,--M-180CE70000G111------------,705.0,0.0,715.0,705.0,715.0,10.0,3856000,2737599500,1219,166.3,715,2844200,710,57200,14865343101,14865343101,14865343101,382700,1595200,0,0,0
2021-09-22,BJTM,Bank Pembangunan Daerah Jawa Timur Tbk.,--M-180CE70000G111------------,705.0,0.0,715.0,705.0,705.0,0.0,6880900,4866190500,1708,164.0,710,379500,705,605200,14865343101,14865343101,14865343101,907700,0,15,10575,1
2021-09-21,BJTM,Bank Pembangunan Daerah Jawa Timur Tbk.,--M-180CE70000G111------------,710.0,0.0,710.0,705.0,705.0,-5.0,2575100,1821222500,901,164.0,710,135100,705,2594800,14865343101,14865343101,14865343101,24800,225900,0,0,0
2021-09-20,BJTM,Bank Pembangunan Daerah Jawa Timur Tbk.,--M-180CE70000G111------------,710.0,0.0,715.0,705.0,710.0,0.0,5059100,3587650000,1327,165.1,715,2582500,710,234300,14865343101,14865343101,14865343101,754200,176300,0,0,0
2021-09-17,BJTM,Bank Pembangunan Daerah Jawa Timur Tbk.,--M-180CE70000G111------------,710.0,0.0,715.0,705.0,710.0,0.0,7919100,5620318500,1323,165.1,715,1679800,710,196700,14865343101,14865343101,14865343101,4992100,273700,0,0,0
2021-09-16,BJTM,Bank Pembangunan Daerah Jawa Timur Tbk.,--M-180CE70000G111------------,710.0,0.0,715.0,710.0,710.0,0.0,3103100,2204583000,1277,165.1,715,1544700,710,517100,14865343101,14865343101,14865343101,1054900,0,0,0,0
2021-09-15,BJTM,Bank Pembangunan Daerah Jawa Timur Tbk.,--M-180CE70000G111------------,715.0,0.0,720.0,710.0,710.0,-5.0,5304700,3773180500,1374,165.1,715,375500,710,1845100,14865343101,14865343101,14865343101,3768200,23700,300,231000,1
2021-09-14,BJTM,Bank Pembangunan Daerah Jawa Timur Tbk.,--M-180CE70000G111------------,715.0,0.0,720.0,710.0,715.0,0.0,5618500,4016599500,1196,166.3,720,1793400,715,315400,14865343101,14865343101,14865343101,1128600,559600,0,0,0
2021-09-13,BJTM,Bank Pembangunan Daerah Jawa Timur Tbk.,--M-180CE70000G111------------,715.0,0.0,725.0,710.0,715.0,0.0,13057500,9352341500,1761,166.3,715,746100,710,2411400,14865343101,14865343101,14865343101,6548700,2510400,0,0,0
2021-09-10,BJTM,Bank Pembangunan Daerah Jawa Timur Tbk.,--M-180CE70000G111------------,715.0,0.0,720.0,710.0,715.0,0.0,5861200,4180414000,1223,166.3,715,1815200,710,2052100,14865343101,14865343101,14865343101,4409100,1869700,6452663,5033077140,1
2021-09-09,BJTM,Bank Pembangunan Daerah Jawa Timur Tbk.,--M-180CE70000G111------------,715.0,0.0,725.0,710.0,715.0,0.0,4196100,3000406500,1118,166.3,720,857700,715,223800,14865343101,14865343101,14865343101,1442000,1563000,442700,321842900,1
2021-09-08,BJTM,Bank Pembangunan Daerah Jawa Timur Tbk.,--M-180CE70000G111------------,725.0,0.0,730.0,710.0,715.0,-10.0,9899200,7112140000,2456,166.3,720,421400,715,139700,14865343101,14865343101,14865343101,6258000,3670300,0,0,0
2021-09-07,BJTM,Bank Pembangunan Daerah Jawa Timur Tbk.,--M-180CE70000G111------------,725.0,0.0,730.0,720.0,725.0,0.0,11051500,8014028000,2336,168.6,730,571100,725,516500,14865343101,14865343101,14865343101,1840600,2696700,0,0,0
2021-09-06,BJTM,Bank Pembangunan Daerah Jawa Timur Tbk.,--M-180CE70000G111------------,715.0,0.0,725.0,710.0,725.0,10.0,8866400,6368693000,2023,168.6,725,3700,720,474800,14865343101,14865343101,14865343101,1143400,1876500,0,0,0
2021-09-03,BJTM,Bank Pembangunan Daerah Jawa Timur Tbk.,--M-180CE70000G111------------,705.0,0.0,715.0,705.0,715.0,10.0,5585100,3975395500,1250,166.3,720,1317100,715,13200,14865343101,14865343101,14865343101,861800,0,0,0,0
2021-09-02,BJTM,Bank Pembangunan Daerah Jawa Timur Tbk.,--M-180CE70000G111------------,710.0,0.0,715.0,700.0,705.0,-5.0,8260600,5838851500,2243,164.0,710,56200,705,744700,14865343101,14865343101,14865343101,4559800,74800,0,0,0
2021-09-01,BJTM,Bank Pembangunan Daerah Jawa Timur Tbk.,--M-180CE70000G111------------,715.0,0.0,715.0,710.0,710.0,-5.0,3015600,2144771500,1401,165.1,715,1288000,710,1023300,14865343101,14865343101,14865343101,824100,574900,0,0,0
2021-08-31,BJTM,Bank Pembangunan Daerah Jawa Timur Tbk.,--M-180CE70000G111------------,705.0,0.0,715.0,705.0,715.0,10.0,3480300,2474047500,1054,166.3,715,1212100,710,428800,14865343101,14865343101,14865343101,679300,1160300,0,0,0
2021-08-30,BJTM,Bank Pembangunan Daerah Jawa Timur Tbk.,--M-180CE70000G111------------,700.0,0.0,710.0,700.0,705.0,5.0,2734700,1932862500,1432,164.0,710,395000,705,1353400,14865343101,14865343101,14865343101,544300,70800,64088,46868640,2
2021-08-27,BJTM,Bank Pembangunan Daerah Jawa Timur Tbk.,--M-180CE70000G111------------,705.0,0.0,715.0,700.0,700.0,-5.0,6869000,4842892500,1936,162.8,705,17700,700,4653800,14865343101,14865343101,14865343101,1886800,158600,2804301,2187354780,3
2021-08-26,BJTM,Bank Pembangunan Daerah Jawa Timur Tbk.,--M-180CE70000G111------------,710.0,0.0,715.0,705.0,705.0,-5.0,3696700,2620224500,1187,164.0,710,403700,705,3529300,14865343101,14865343101,14865343101,1170900,173700,3868354,3017316120,5
2021-08-25,BJTM,Bank Pembangunan Daerah Jawa Timur Tbk.,--M-180CE70000G111------------,705.0,0.0,715.0,705.0,710.0,5.0,2474000,1759386000,922,165.1,715,1436100,710,1144900,14865343101,14865343101,14865343101,31100,414000,15000,10050000,1
2021-08-24,BJTM,Bank Pembangunan Daerah Jawa Timur Tbk.,--M-180CE70000G111------------,715.0,0.0,720.0,705.0,705.0,-10.0,6802400,4840390500,1628,164.0,710,464400,705,2626100,14865343101,14865343101,14865343101,293800,875200,814455,610841250,9
2021-08-23,BJTM,Bank Pembangunan Daerah Jawa Timur Tbk.,--M-180CE70000G111------------,715.0,0.0,720.0,710.0,715.0,0.0,3710200,2655880000,1342,166.3,720,1407000,715,262400,14865343101,14865343101,14865343101,12000,404900,7330119,5497589250,9
2021-08-20,BJTM,Bank Pembangunan Daerah Jawa Timur Tbk.,--M-180CE70000G111------------,710.0,0.0,720.0,710.0,715.0,5.0,3313800,2362475000,1462,166.3,715,122200,710,1021100,14865343101,14865343101,14865343101,163500,521200,0,0,0
2021-08-19,BJTM,Bank Pembangunan Daerah Jawa Timur Tbk.,--M-180CE70000G111------------,730.0,0.0,735.0,705.0,710.0,-20.0,8219100,5893334000,2753,165.1,715,255900,710,757700,14865343101,14865343101,14865343101,754900,245800,42,30240,1
2021-08-18,BJTM,Bank Pembangunan Daerah Jawa Timur Tbk.,--M-180CE70000G111------------,720.0,0.0,740.0,710.0,730.0,10.0,18448900,13420329500,3426,169.8,735,800500,730,349000,14865343101,14865343101,14865343101,942700,2830700,0,0,0
2021-08-16,BJTM,Bank Pembangunan Daerah Jawa Timur Tbk.,--M-180CE70000G111------------,715.0,0.0,720.0,705.0,720.0,5.0,5358800,3825313500,1713,167.4,720,801900,715,74300,14865343101,14865343101,14865343101,372000,2659900,0,0,0
2021-08-13,BJTM,Bank Pembangunan Daerah Jawa Timur Tbk.,--M-180CE70000G111------------,710.0,0.0,720.0,705.0,715.0,5.0,3823400,2728995000,1848,166.3,720,814200,715,207200,14865343101,14865343101,14865343101,183600,1868500,0,0,0
2021-08-12,BJTM,Bank Pembangunan Daerah Jawa Timur Tbk.,--M-180CE70000G111------------,710.0,0.0,715.0,705.0,710.0,0.0,4532600,3218719500,1592,165.1,715,371800,710,669700,14865343101,14865343101,14865343101,21300,1790000,0,0,0
2021-08-10,BJTM,Bank Pembangunan Daerah Jawa Timur Tbk.,--M-180CE70000G111------------,710.0,0.0,715.0,700.0,710.0,0.0,4729200,3327720500,1877,165.1,710,552500,705,36100,14865343101,14865343101,14865343101,550700,1551100,0,0,0
2021-08-09,BJTM,Bank Pembangunan Daerah Jawa Timur Tbk.,--M-180CE70000G111------------,715.0,0.0,725.0,705.0,710.0,-5.0,6046100,4318629500,2175,165.1,710,363100,705,674400,14865343101,14865343101,14865343101,556500,1068000,0,0,0
2021-08-06,BJTM,Bank Pembangunan Daerah Jawa Timur Tbk.,--M-180CE70000G111------------,740.0,0.0,750.0,715.0,715.0,-25.0,12768800,9291344500,3575,166.3,720,293400,715,1904500,14865343101,14865343101,14865343101,3140400,1403600,258539,186664885,2
2021-08-05,BJTM,Bank Pembangunan Daerah Jawa Timur Tbk.,--M-180CE70000G111------------,705.0,0.0,740.0,700.0,740.0,35.0,36678700,26573505000,5428,172.1,740,988800,735,426700,14865343101,14865343101,14865343101,2571400,10072200,0,0,0
2021-08-04,BJTM,Bank Pembangunan Daerah Jawa Timur Tbk.,--M-180CE70000G111------------,695.0,0.0,710.0,690.0,705.0,10.0,14193000,9989042500,2439,164.0,705,525700,700,732400,14865343101,14865343101,14865343101,833600,2795500,0,0,0
2021-08-03,BJTM,Bank Pembangunan Daerah Jawa Timur Tbk.,--M-180C570000G111------------,695.0,0.0,700.0,695.0,695.0,0.0,3788400,2638979500,1791,161.6,700,905400,695,447800,14865343101,14865343101,14865343101,717700,365500,0,0,0
2021-08-02,BJTM,Bank Pembangunan Daerah Jawa Timur Tbk.,--M-180C570000G111------------,695.0,0.0,700.0,690.0,695.0,0.0,5734100,3977009000,2311,161.6,700,1931700,695,8800,14865343101,14865343101,14865343101,599000,1718400,0,0,0
2021-07-30,BJTM,Bank Pembangunan Daerah Jawa Timur Tbk.,--M-185C570000G111------------,690.0,0.0,700.0,685.0,695.0,5.0,12272000,8498097000,2650,161.6,695,631000,690,127700,14865343101,14865343101,14865343101,7030100,4372300,56,38920,1
2021-07-29,BJTM,Bank Pembangunan Daerah Jawa Timur Tbk.,--M-185C570000G111------------,700.0,0.0,705.0,690.0,690.0,-10.0,11464000,7969343000,3004,160.5,695,137300,690,473500,14865343101,14865343101,14865343101,7500500,4817600,3800,2750500,2
2021-07-28,BJTM,Bank Pembangunan Daerah Jawa Timur Tbk.,--M-185C570000G111------------,705.0,0.0,710.0,695.0,700.0,-5.0,6814600,4787499500,2049,162.8,705,749700,700,694500,14865343101,14865343101,14865343101,507100,1920500,0,0,0
2021-07-27,BJTM,Bank Pembangunan Daerah Jawa Timur Tbk.,--M-185C570000G111------------,700.0,0.0,710.0,700.0,705.0,5.0,5727500,4031609500,1217,164.0,705,423300,700,2124900,14865343101,14865343101,14865343101,994100,1985200,0,0,0
2021-07-26,BJTM,Bank Pembangunan Daerah Jawa Timur Tbk.,--M-185C570000G111------------,705.0,0.0,710.0,700.0,700.0,-5.0,4799200,3375080500,1610,162.8,705,154600,700,2275600,14865343101,14865343101,14865343101,1316700,1068600,3423500,2567625000,1
2021-07-23,BJTM,Bank Pembangunan Daerah Jawa Timur Tbk.,--M-185C570000G111------------,705.0,0.0,710.0,700.0,705.0,0.0,6910200,4866741000,1870,164.0,710,1417800,705,214300,14865343101,14865343101,14865343101,1656200,4138500,0,0,0
2021-07-22,BJTM,Bank Pembangunan Daerah Jawa Timur Tbk.,--M-185C570000G111------------,690.0,0.0,710.0,690.0,705.0,15.0,17726700,12467820500,2350,164.0,710,1854400,705,1209000,14865343101,14865343101,14865343101,1167000,7305800,0,0,0
2021-07-21,BJTM,Bank Pembangunan Daerah Jawa Timur Tbk.,--M-185C570000G111------------,685.0,0.0,700.0,680.0,690.0,5.0,11613100,8004056500,2533,160.5,695,82400,690,687300,14865343101,14865343101,14865343101,250100,478500,0,0,0
2021-07-19,BJTM,Bank Pembangunan Daerah Jawa Timur Tbk.,--M-185C570000G111------------,690.0,0.0,695.0,685.0,685.0,-5.0,7535400,5184308000,2201,159.3,690,279100,685,3260500,14865343101,14865343101,14865343101,1150000,197400,7456700,5160036400,5
2021-07-16,BJTM,Bank Pembangunan Daerah Jawa Timur Tbk.,--M-185C570000G111------------,695.0,0.0,700.0,685.0,690.0,-5.0,19995800,13826297000,4439,160.5,690,1371900,685,2868400,14865343101,14865343101,14865343101,1278000,5066900,0,0,0
2021-07-15,BJTM,Bank Pembangunan Daerah Jawa Timur Tbk.,--M-185C570000G111------------,695.0,0.0,700.0,695.0,695.0,0.0,8871900,6173143000,3021,161.6,700,739000,695,2013000,14865343101,14865343101,14865343101,970700,4096900,0,0,0
2021-07-14,BJTM,Bank Pembangunan Daerah Jawa Timur Tbk.,--M-185C570000G111------------,700.0,0.0,705.0,695.0,695.0,-5.0,10964300,7645680500,3127,161.6,700,368200,695,1380600,14865343101,14865343101,14865343101,691200,5151600,0,0,0
2021-07-13,BJTM,Bank Pembangunan Daerah Jawa Timur Tbk.,--M-185C570000G111------------,705.0,0.0,710.0,700.0,700.0,-5.0,4780300,3360322000,1410,162.8,705,825600,700,2617200,14865343101,14865343101,14865343101,776600,1850100,767100,538504200,1
2021-07-12,BJTM,Bank Pembangunan Daerah Jawa Timur Tbk.,--M-185C570000G111------------,700.0,0.0,705.0,700.0,705.0,5.0,5130500,3601919500,2217,164.0,705,759800,700,691600,14865343101,14865343101,14865343101,1312800,1753400,500000,351000000,1
2021-07-09,BJTM,Bank Pembangunan Daerah Jawa Timur Tbk.,--M-185C570000G111------------,705.0,0.0,705.0,700.0,700.0,-5.0,5520000,3868439500,2016,162.8,705,1158400,700,3159400,14865343101,14865343101,14865343101,612700,2709800,0,0,0
2021-07-08,BJTM,Bank Pembangunan Daerah Jawa Timur Tbk.,--M-185C570000G111------------,695.0,0.0,705.0,695.0,705.0,10.0,5924300,4155559500,1609,164.0,705,332800,700,103000,14865343101,14865343101,14865343101,71200,2487300,0,0,0
2021-07-07,BJTM,Bank Pembangunan Daerah Jawa Timur Tbk.,--M-185C570000G111------------,700.0,0.0,705.0,695.0,695.0,-5.0,6416200,4482349000,2620,161.6,700,251200,695,637500,14865343101,14865343101,14865343101,0,53400,0,0,0
2021-07-06,BJTM,Bank Pembangunan Daerah Jawa Timur Tbk.,--M-185C570000G111------------,700.0,0.0,705.0,695.0,700.0,0.0,5690200,3979522500,2436,162.8,705,720100,700,117900,14865343101,14865343101,14865343101,0,1132700,25000,16375000,1
2021-07-05,BJTM,Bank Pembangunan Daerah Jawa Timur Tbk.,--M-185C570000G111------------,715.0,0.0,720.0,695.0,700.0,-15.0,10421900,7322828500,3429,162.8,700,1468100,695,1408700,14865343101,14865343101,14865343101,229300,70300,0,0,0
2021-07-02,BJTM,Bank Pembangunan Daerah Jawa Timur Tbk.,--M-185C570000G111------------,705.0,0.0,715.0,700.0,715.0,10.0,5104700,3611824000,1410,166.3,715,1719100,710,104900,14865343101,14865343101,14865343101,640700,568200,0,0,0
2021-07-01,BJTM,Bank Pembangunan Daerah Jawa Timur Tbk.,--M-185C570000G111------------,705.0,0.0,715.0,700.0,705.0,0.0,6124000,4321967000,1955,164.0,705,2878700,700,2235800,14865343101,14865343101,14865343101,933600,414800,0,0,0
2021-06-30,BJTM,Bank Pembangunan Daerah Jawa Timur Tbk.,--M-185C570000G111------------,700.0,0.0,710.0,700.0,705.0,5.0,3807100,2686620000,1571,164.0,710,506500,705,496500,14865343101,14865343101,14865343101,80600,223900,0,0,0
2021-06-29,BJTM,Bank Pembangunan Daerah Jawa Timur Tbk.,--M-185C570000G111------------,705.0,0.0,710.0,700.0,700.0,-5.0,6192000,4355769000,2263,162.8,705,395200,700,2847100,14865343101,14865343101,14865343101,236100,159200,20,14000,1
2021-06-28,BJTM,Bank Pembangunan Daerah Jawa Timur Tbk.,--M-185C570000G111------------,720.0,0.0,725.0,705.0,705.0,-15.0,7817300,5554019000,3576,164.0,705,31200,700,1586000,14865343101,14865343101,14865343101,774600,76000,105,74570,4
2021-06-25,BJTM,Bank Pembangunan Daerah Jawa Timur Tbk.,--M-185C570000G111------------,720.0,0.0,725.0,715.0,720.0,0.0,7235700,5208804500,2004,167.4,725,479400,720,12700,14865343101,14865343101,14865343101,2802800,1000,0,0,0
2021-06-24,BJTM,Bank Pembangunan Daerah Jawa Timur Tbk.,--M-185C570000G111------------,730.0,0.0,735.0,720.0,720.0,-10.0,8056600,5829665000,2053,167.4,725,479400,720,718500,14865343101,14865343101,14865343101,2006300,71900,0,0,0
2021-06-23,BJTM,Bank Pembangunan Daerah Jawa Timur Tbk.,--M-185C570000G111------------,735.0,0.0,740.0,725.0,730.0,-5.0,8903700,6494821000,1870,169.8,735,1325700,730,327700,14865343101,14865343101,14865343101,1592300,33200,0,0,0
2021-06-22,BJTM,Bank Pembangunan Daerah Jawa Timur Tbk.,--M-185C570000G111------------,725.0,0.0,735.0,720.0,735.0,10.0,9292900,6777199500,2586,170.9,735,2543000,730,239300,14865343101,14865343101,14865343101,1155800,383500,0,0,0
2021-06-21,BJTM,Bank Pembangunan Daerah Jawa Timur Tbk.,--M-185C570000G111------------,725.0,0.0,730.0,700.0,725.0,0.0,16017600,11454190000,4087,168.6,725,376200,720,467300,14865343101,14865343101,14865343101,1443000,25800,0,0,0
2021-06-18,BJTM,Bank Pembangunan Daerah Jawa Timur Tbk.,--M-185C570000G111------------,735.0,0.0,740.0,725.0,725.0,-10.0,13750100,10039681500,4048,168.6,730,1015100,725,652900,14865343101,14865343101,14865343101,71300,337800,88,64680,1
2021-06-17,BJTM,Bank Pembangunan Daerah Jawa Timur Tbk.,--M-185C570000G111------------,740.0,0.0,745.0,730.0,735.0,-5.0,6304500,4635464500,2604,170.9,735,249900,730,4840700,14865343101,14865343101,14865343101,29600,500,0,0,0
2021-06-16,BJTM,Bank Pembangunan Daerah Jawa Timur Tbk.,--M-185C570000G111------------,745.0,0.0,750.0,735.0,740.0,-5.0,4629200,3428213500,2291,172.1,740,542400,735,1760700,14865343101,14865343101,14865343101,752500,300,64,47360,1
2021-06-15,BJTM,Bank Pembangunan Daerah Jawa Timur Tbk.,--M-185C570000G111------------,750.0,0.0,755.0,740.0,745.0,-5.0,7002700,5228708000,2458,173.3,745,9200,740,3453100,14865343101,14865343101,14865343101,861900,2753700,0,0,0
2021-06-14,BJTM,Bank Pembangunan Daerah Jawa Timur Tbk.,--M-185C570000G111------------,755.0,0.0,760.0,745.0,750.0,-5.0,7058300,5283268000,2324,174.4,750,1916600,745,1917700,14865343101,14865343101,14865343101,42500,365500,0,0,0
2021-06-11,BJTM,Bank Pembangunan Daerah Jawa Timur Tbk.,--M-185C570000G111------------,750.0,0.0,755.0,750.0,755.0,5.0,4144300,3117867000,1863,175.6,755,402700,750,813300,14865343101,14865343101,14865343101,13500,210600,1500000,1200000000,1
2021-06-10,BJTM,Bank Pembangunan Daerah Jawa Timur Tbk.,--M-185C570000G111------------,745.0,0.0,755.0,740.0,750.0,5.0,5206600,3905289500,1911,174.4,755,1329700,750,10800,14865343101,14865343101,14865343101,289900,527600,0,0,0
2021-06-09,BJTM,Bank Pembangunan Daerah Jawa Timur Tbk.,--M-185C570000G111------------,750.0,0.0,755.0,745.0,745.0,-5.0,6921400,5166811500,2972,173.3,750,651400,745,36900,14865343101,14865343101,14865343101,552400,4000,0,0,0
2021-06-08,BJTM,Bank Pembangunan Daerah Jawa Timur Tbk.,--M-185C570000G111------------,760.0,0.0,770.0,750.0,750.0,-10.0,6062400,4567984000,2174,174.4,755,93000,750,2151800,14865343101,14865343101,14865343101,67400,215900,0,0,0
2021-06-07,BJTM,Bank Pembangunan Daerah Jawa Timur Tbk.,XDM-185C570000G111------------,770.0,0.0,780.0,755.0,760.0,-10.0,9141000,6994765000,3613,176.7,765,1043800,760,2200,14865343101,14865343101,14865343101,933700,1535300,0,0,0
2021-06-04,BJTM,Bank Pembangunan Daerah Jawa Timur Tbk.,XDM-185C570000G111------------,775.0,0.0,780.0,765.0,770.0,-5.0,10149900,7829976500,3045,179.1,775,1173500,770,422000,14865343101,14865343101,14865343101,893000,2142000,0,0,0
2021-06-03,BJTM,Bank Pembangunan Daerah Jawa Timur Tbk.,XDM-185C570000G111------------,765.0,0.0,775.0,760.0,775.0,10.0,10793400,8316563500,3062,180.2,775,1850200,770,696200,14865343101,14865343101,14865343101,26700,5182800,0,0,0
2021-06-02,BJTM,Bank Pembangunan Daerah Jawa Timur Tbk.,XDM-185C570000G111------------,755.0,0.0,770.0,755.0,765.0,10.0,15359600,11747020000,3995,177.9,770,2385700,765,538600,14865343101,14865343101,14865343101,1325900,6176700,0,0,0
2021-05-31,BJTM,Bank Pembangunan Daerah Jawa Timur Tbk.,XDM-185C570000G111------------,750.0,0.0,755.0,740.0,755.0,5.0,11710600,8788625000,4222,175.6,755,25200,750,205400,14865343101,14865343101,14865343101,3022900,3556900,0,0,0
2021-05-28,BJTM,Bank Pembangunan Daerah Jawa Timur Tbk.,XDM-185C570000G111------------,745.0,0.0,755.0,740.0,750.0,5.0,7177200,5356732500,2792,174.4,750,1292000,745,211800,14865343101,14865343101,14865343101,1549600,3361400,0,0,0
2021-05-27,BJTM,Bank Pembangunan Daerah Jawa Timur Tbk.,XDM-185C570000G111------------,740.0,0.0,755.0,735.0,745.0,5.0,11730400,8772974000,3744,173.3,750,1178800,745,416300,14865343101,14865343101,14865343101,3502000,5656100,0,0,0
2021-05-25,BJTM,Bank Pembangunan Daerah Jawa Timur Tbk.,XDM-185C570000G111------------,730.0,0.0,745.0,730.0,740.0,10.0,6782000,5010105000,2189,172.1,745,2515100,740,159300,14865343101,14865343101,14865343101,91200,1457300,0,0,0
2021-05-24,BJTM,Bank Pembangunan Daerah Jawa Timur Tbk.,XDM-185C570000G111------------,730.0,0.0,740.0,730.0,730.0,0.0,6836800,5012870000,2343,169.8,735,326600,730,3251500,14865343101,14865343101,14865343101,625600,1606000,0,0,0
2021-05-22,BJTM,Bank Pembangunan Daerah Jawa Timur Tbk.,XDM-185C570000G111------------,730.0,0.0,0.0,0.0,730.0,0.0,0,0,0,169.8,0,0,0,0,14865343101,14865343101,14865343101,0,0,0,0,0
2021-05-21,BJTM,Bank Pembangunan Daerah Jawa Timur Tbk.,XDM-185C570000G111------------,730.0,0.0,740.0,730.0,730.0,0.0,10640900,7796065000,3215,169.8,735,678300,730,18800,14865343101,14865343101,14865343101,1692000,2509600,88,64900,2
2021-05-20,BJTM,Bank Pembangunan Daerah Jawa Timur Tbk.,XDM-185C570000G111------------,735.0,0.0,740.0,730.0,730.0,-5.0,13496600,9909108000,4635,169.8,735,447000,730,549600,14865343101,14865343101,14865343101,4004600,692600,0,0,0
2021-05-19,BJTM,Bank Pembangunan Daerah Jawa Timur Tbk.,XDM-185C570000G111------------,755.0,0.0,760.0,735.0,735.0,-20.0,21484800,15994286500,5908,170.9,735,1035000,730,1383800,14865343101,14865343101,14865343101,1053800,1752500,0,0,0
2021-05-18,BJTM,Bank Pembangunan Daerah Jawa Timur Tbk.,--M-185C570000G111------------,760.0,0.0,770.0,750.0,755.0,-5.0,19695000,14923228000,5547,175.6,755,538100,750,4046600,14865343101,14865343101,14865343101,5432200,32800,200,154000,1
2021-05-17,BJTM,Bank Pembangunan Daerah Jawa Timur Tbk.,--M-185C570000G111------------,815.0,0.0,785.0,760.0,760.0,-55.0,68261500,52164424500,11964,176.7,765,847900,760,10034300,14865343101,14865343101,14865343101,8402600,38100,305200,244134000,4
2021-05-11,BJTM,Bank Pembangunan Daerah Jawa Timur Tbk.,CDM-185C570000G111------------,815.0,0.0,820.0,800.0,815.0,0.0,68960800,55893067500,7393,189.5,820,4840700,815,2715500,14865343101,14865343101,14865343101,4797700,2517300,0,0,0
2021-05-10,BJTM,Bank Pembangunan Daerah Jawa Timur Tbk.,CDM-185C570000G111------------,805.0,0.0,820.0,805.0,815.0,10.0,33357600,27142126000,4963,189.5,820,4925100,815,2691500,14865343101,14865343101,14865343101,1440100,2381800,0,0,0
2021-05-07,BJTM,Bank Pembangunan Daerah Jawa Timur Tbk.,CDM-185C570000G111------------,805.0,0.0,815.0,805.0,805.0,0.0,18427500,14908241500,3392,187.2,810,1414700,805,12383000,14865343101,14865343101,14865343101,4815200,2264700,40,32200,1
2021-05-06,BJTM,Bank Pembangunan Daerah Jawa Timur Tbk.,--M-185C570000G111------------,810.0,0.0,815.0,800.0,805.0,-5.0,20070900,16207724500,2970,187.2,810,1454400,805,8402900,14865343101,14865343101,14865343101,7571100,488900,0,0,0
2021-05-05,BJTM,Bank Pembangunan Daerah Jawa Timur Tbk.,--M-185C570000G111------------,805.0,0.0,815.0,805.0,810.0,5.0,22529700,18248763500,2919,188.4,815,10973300,810,1200,14865343101,14865343101,14865343101,1327300,1366800,27,21870,1
2021-05-04,BJTM,Bank Pembangunan Daerah Jawa Timur Tbk.,--M-185C570000G111------------,805.0,0.0,810.0,800.0,805.0,0.0,18407300,14798664000,3456,187.2,805,930000,800,5557000,14865343101,14865343101,14865343101,6091200,3100,0,0,0
2021-05-03,BJTM,Bank Pembangunan Daerah Jawa Timur Tbk.,--M-185C570000G111------------,815.0,0.0,820.0,805.0,805.0,-10.0,17681200,14328949500,3275,187.2,810,1359300,805,11215700,14865343101,14865343101,14865343101,3701500,91900,44,35860,1
2021-04-30,BJTM,Bank Pembangunan Daerah Jawa Timur Tbk.,--M-1855570000G111------------,800.0,0.0,815.0,800.0,815.0,15.0,18735200,15140069000,2608,189.5,815,1276200,810,1774300,14865343101,14865343101,14865343101,3075200,2758800,56,45640,1
2021-04-29,BJTM,Bank Pembangunan Daerah Jawa Timur Tbk.,--M-1855570000G111------------,800.0,0.0,810.0,800.0,800.0,0.0,24553900,19716336000,3054,186.0,805,834000,800,10585700,14865343101,14865343101,14865343101,12833000,1494100,0,0,0
2021-04-28,BJTM,Bank Pembangunan Daerah Jawa Timur Tbk.,--M-1855570000G111------------,795.0,0.0,815.0,795.0,800.0,5.0,26046800,20925408500,3540,186.0,805,600700,800,10654700,14865343101,14865343101,14865343101,7863300,3964500,0,0,0
2021-04-27,BJTM,Bank Pembangunan Daerah Jawa Timur Tbk.,--M-1855570000G111------------,795.0,0.0,800.0,795.0,795.0,0.0,5690200,4528168000,1402,184.9,800,1886600,795,8520700,14865343101,14865343101,14865343101,2705600,100,0,0,0
2021-04-26,BJTM,Bank Pembangunan Daerah Jawa Timur Tbk.,--M-1855570000G111------------,800.0,0.0,805.0,795.0,795.0,-5.0,5165200,4129644500,1663,184.9,800,686200,795,4636500,14865343101,14865343101,14865343101,1843800,0,33,26565,1
2021-04-23,BJTM,Bank Pembangunan Daerah Jawa Timur Tbk.,--M-1855570000G111------------,800.0,0.0,805.0,795.0,800.0,0.0,7377200,5890427500,1574,186.0,805,2491700,800,410100,14865343101,14865343101,14865343101,1711300,840800,0,0,0
2021-04-22,BJTM,Bank Pembangunan Daerah Jawa Timur Tbk.,--M-1855570000G111------------,790.0,0.0,805.0,790.0,800.0,10.0,10277100,8188079000,2473,186.0,800,184000,795,2859500,14865343101,14865343101,14865343101,4085400,392100,47,37318,1
2021-04-21,BJTM,Bank Pembangunan Daerah Jawa Timur Tbk.,--M-1855570000G111------------,800.0,0.0,800.0,790.0,790.0,-10.0,8334700,6620888000,3850,183.7,795,850200,790,3826700,14865343101,14865343101,14865343101,5401700,10100,0,0,0
2021-04-20,BJTM,Bank Pembangunan Daerah Jawa Timur Tbk.,--M-1855570000G111------------,800.0,0.0,805.0,795.0,800.0,0.0,6897400,5516869500,2598,186.0,805,1601600,800,104000,14865343101,14865343101,14865343101,2623100,318600,1100,874500,1
2021-04-19,BJTM,Bank Pembangunan Daerah Jawa Timur Tbk.,--M-1855570000G111------------,800.0,0.0,805.0,800.0,800.0,0.0,6377300,5111199000,1914,186.0,805,2053000,800,776500,14865343101,14865343101,14865343101,1807900,200,0,0,0
2021-04-16,BJTM,Bank Pembangunan Daerah Jawa Timur Tbk.,--M-1855570000G111------------,800.0,0.0,810.0,795.0,800.0,0.0,15669400,12570073000,1998,186.0,805,837900,800,4462300,14865343101,14865343101,14865343101,6748900,238800,0,0,0
2021-04-15,BJTM,Bank Pembangunan Daerah Jawa Timur Tbk.,--M-1855570000G111------------,805.0,0.0,815.0,790.0,800.0,-5.0,24044700,19317104500,3469,186.0,805,119000,800,17500,14865343101,14865343101,14865343101,11849300,3113700,52,42120,1
2021-04-14,BJTM,Bank Pembangunan Daerah Jawa Timur Tbk.,--M-1855570000G111------------,800.0,0.0,815.0,795.0,805.0,5.0,18752900,15071389000,2391,187.2,810,1253200,805,44500,14865343101,14865343101,14865343101,556300,1344200,40,32200,1
2021-04-13,BJTM,Bank Pembangunan Daerah Jawa Timur Tbk.,--M-1855570000G111------------,790.0,0.0,800.0,785.0,800.0,10.0,18579600,14775155000,2524,186.0,805,1254500,800,1476200,14865343101,14865343101,14865343101,2952600,1611700,88,70400,1
2021-04-12,BJTM,Bank Pembangunan Daerah Jawa Timur Tbk.,--M-1855570000G111------------,785.0,0.0,810.0,785.0,790.0,5.0,31708400,25242586500,4626,183.7,790,63900,785,2781200,14865343101,14865343101,14865343101,10684800,3484700,0,0,0
2021-04-09,BJTM,Bank Pembangunan Daerah Jawa Timur Tbk.,--M-1855570000G111------------,815.0,0.0,825.0,785.0,785.0,-30.0,54925200,44018810500,7475,182.6,790,250400,785,3548900,14865343101,14865343101,14865343101,8190100,1958300,1748300,1398648500,6
2021-04-08,BJTM,Bank Pembangunan Daerah Jawa Timur Tbk.,--M-1855570000G111------------,815.0,0.0,820.0,805.0,815.0,0.0,15015500,12204772000,2785,189.5,820,1145300,815,854200,14865343101,14865343101,14865343101,3779800,1565300,0,0,0
2021-04-07,BJTM,Bank Pembangunan Daerah Jawa Timur Tbk.,--M-1855570000G111------------,815.0,0.0,820.0,805.0,815.0,0.0,9731600,7888754500,2753,189.5,815,1666600,810,342200,14865343101,14865343101,14865343101,2494500,1215000,0,0,0
2021-04-06,BJTM,Bank Pembangunan Daerah Jawa Timur Tbk.,--M-1855570000G111------------,810.0,0.0,820.0,800.0,815.0,5.0,12194400,9910903000,3851,189.5,815,3508200,810,1903400,14865343101,14865343101,14865343101,1560200,3972300,0,0,0
2021-04-05,BJTM,Bank Pembangunan Daerah Jawa Timur Tbk.,--M-1855570000G111------------,795.0,0.0,810.0,790.0,810.0,15.0,18133100,14490329000,3967,188.4,810,1998300,805,893300,14865343101,14865343101,14865343101,1192800,1607600,0,0,0
2021-04-01,BJTM,Bank Pembangunan Daerah Jawa Timur Tbk.,--M-1855570000G111------------,785.0,0.0,800.0,780.0,795.0,10.0,15276300,12072609000,3170,184.9,800,2541500,795,547400,14865343101,14865343101,14865343101,4080200,1748400,0,0,0
2021-03-31,BJTM,Bank Pembangunan Daerah Jawa Timur Tbk.,--M-1855570000G111------------,790.0,0.0,790.0,775.0,785.0,-5.0,24302200,18992190500,5689,182.6,790,1144100,785,86000,14865343101,14865343101,14865343101,704600,5801400,168,131680,4
2021-03-30,BJTM,Bank Pembangunan Daerah Jawa Timur Tbk.,--M-1855570000G111------------,795.0,0.0,800.0,785.0,790.0,-5.0,29819600,23543685500,5179,183.7,790,1510300,785,3341900,14865343101,14865343101,14865343101,9192500,6901000,88,69520,1
2021-03-29,BJTM,Bank Pembangunan Daerah Jawa Timur Tbk.,--M-1855570000G111------------,805.0,0.0,810.0,790.0,795.0,-10.0,17420500,13913987000,5073,184.9,795,758400,790,4357100,14865343101,14865343101,14865343101,4831400,232600,0,0,0
2021-03-26,BJTM,Bank Pembangunan Daerah Jawa Timur Tbk.,--M-1855570000G111------------,790.0,0.0,805.0,790.0,805.0,15.0,38071100,30389675000,5257,187.2,805,315100,800,1814700,14865343101,14865343101,14865343101,21243300,2803900,600000,480000000,1
2021-03-25,BJTM,Bank Pembangunan Daerah Jawa Timur Tbk.,--M-1855570000G111------------,810.0,0.0,825.0,785.0,790.0,-20.0,46903800,37473242500,10251,183.7,795,22800,790,1656900,14865343101,14865343101,14865343101,10773300,9449600,88,69960,1
2021-03-24,BJTM,Bank Pembangunan Daerah Jawa Timur Tbk.,--M-1855570000G111------------,830.0,0.0,835.0,810.0,810.0,-20.0,29291600,23981659500,6178,188.4,815,258600,810,4235300,14865343101,14865343101,14865343101,9360300,3522000,5000000,4180000000,1
2021-03-23,BJTM,Bank Pembangunan Daerah Jawa Timur Tbk.,--M-1855570000G111------------,835.0,0.0,845.0,830.0,830.0,-5.0,27513200,23017588000,5136,193.0,835,827000,830,1074200,14865343101,14865343101,14865343101,13040500,7771300,5729354,4778280760,5
2021-03-22,BJTM,Bank Pembangunan Daerah Jawa Timur Tbk.,--M-1855570000G111------------,840.0,0.0,850.0,830.0,835.0,-5.0,25678000,21437621500,7462,194.2,835,541300,830,2804100,14865343101,14865343101,14865343101,15946300,6007400,164,138200,2
2021-03-19,BJTM,Bank Pembangunan Daerah Jawa Timur Tbk.,--M-1855570000G111------------,855.0,0.0,860.0,840.0,840.0,-15.0,22906700,19338278000,4765,195.3,845,1640800,840,4615700,14865343101,14865343101,14865343101,12378300,2688900,10172,8345780,3
2021-03-18,BJTM,Bank Pembangunan Daerah Jawa Timur Tbk.,--M-1855570000G111------------,850.0,0.0,860.0,845.0,855.0,5.0,13250000,11294067000,3037,198.8,855,1001900,850,1904500,14865343101,14865343101,14865343101,3078600,1064500,80,68400,1
2021-03-17,BJTM,Bank Pembangunan Daerah Jawa Timur Tbk.,--M-1855570000G111------------,880.0,0.0,880.0,850.0,850.0,-30.0,38269900,32774375500,6579,197.7,855,1387700,850,633400,14865343101,14865343101,14865343101,3850200,7493200,0,0,0
2021-03-16,BJTM,Bank Pembangunan Daerah Jawa Timur Tbk.,--M-1855570000G111------------,840.0,0.0,885.0,835.0,880.0,40.0,103540800,89276521000,9939,204.7,880,5857400,875,1400200,14865343101,14865343101,14865343101,15700000,15477500,200,171000,1
2021-03-15,BJTM,Bank Pembangunan Daerah Jawa Timur Tbk.,--M-1855570000G111------------,835.0,0.0,840.0,830.0,840.0,5.0,20056000,16755552000,4169,195.3,840,1416100,835,1953900,14865343101,14865343101,14865343101,5047100,4701000,0,0,0
2021-03-12,BJTM,Bank Pembangunan Daerah Jawa Timur Tbk.,--M-1855570000G111------------,825.0,0.0,845.0,830.0,835.0,10.0,33368300,27912536500,5978,194.2,835,79100,830,2943500,14865343101,14865343101,14865343101,9970400,7609600,0,0,0
2021-03-10,BJTM,Bank Pembangunan Daerah Jawa Timur Tbk.,--M-1855570000G111------------,820.0,0.0,835.0,820.0,825.0,5.0,22027600,18189279000,3772,191.9,830,709700,825,1236600,14865343101,14865343101,14865343101,2051000,5534100,0,0,0
2021-03-09,BJTM,Bank Pembangunan Daerah Jawa Timur Tbk.,--M-1855570000G111------------,830.0,0.0,845.0,805.0,820.0,-10.0,34769100,28651416000,7365,190.7,825,2759900,820,126800,14865343101,14865343101,14865343101,2623200,5824800,0,0,0
2021-03-08,BJTM,Bank Pembangunan Daerah Jawa Timur Tbk.,--M-1855570000G111------------,835.0,0.0,850.0,815.0,830.0,-5.0,51435200,42436534500,9481,193.0,835,936400,830,642300,14865343101,14865343101,14865343101,23842800,2003200,0,0,0
2021-03-05,BJTM,Bank Pembangunan Daerah Jawa Timur Tbk.,--M-1855570000G111------------,860.0,0.0,860.0,835.0,835.0,-25.0,55318900,46645958500,10742,194.2,840,287600,835,907200,14865343101,14865343101,14865343101,29056300,7436700,2,1720,1
2021-03-04,BJTM,Bank Pembangunan Daerah Jawa Timur Tbk.,--M-1855570000G111------------,865.0,0.0,910.0,850.0,860.0,-5.0,124813300,109692662500,14167,200.0,865,981000,860,379100,14865343101,14865343101,14865343101,11472200,10538300,0,0,0
2021-03-03,BJTM,Bank Pembangunan Daerah Jawa Timur Tbk.,--M-1855570000G111------------,840.0,0.0,880.0,840.0,865.0,25.0,66021600,56991811500,7377,201.2,865,1124500,860,846900,14865343101,14865343101,14865343101,6194400,9871400,0,0,0
2021-03-02,BJTM,Bank Pembangunan Daerah Jawa Timur Tbk.,--M-1855570000G111------------,855.0,0.0,860.0,840.0,840.0,-15.0,21771800,18434873500,5406,195.3,845,444700,840,2626200,14865343101,14865343101,14865343101,5399200,216800,0,0,0
2021-03-01,BJTM,Bank Pembangunan Daerah Jawa Timur Tbk.,--M-1855570000G111------------,845.0,0.0,870.0,840.0,855.0,10.0,41202200,35247243000,6889,198.8,860,2288700,855,1582300,14865343101,14865343101,14865343101,7011100,2988600,20,17100,1
2021-02-26,BJTM,Bank Pembangunan Daerah Jawa Timur Tbk.,--M-1855570000G111------------,855.0,0.0,860.0,830.0,845.0,-10.0,63812200,53857151000,9939,196.5,850,1424400,845,1015300,14865343101,14865343101,14865343101,7071100,13177500,80,66800,1
2021-02-25,BJTM,Bank Pembangunan Daerah Jawa Timur Tbk.,--M-1855570000G111------------,885.0,0.0,900.0,850.0,855.0,-30.0,122366400,105806337500,16195,198.8,860,1759600,855,2137400,14865343101,14865343101,14865343101,16942700,9689300,46,40710,1
2021-02-24,BJTM,Bank Pembangunan Daerah Jawa Timur Tbk.,--M-1855570000G111------------,810.0,0.0,885.0,805.0,885.0,75.0,214360400,182003370500,23073,205.8,890,4249600,885,10894100,14865343101,14865343101,14865343101,10663900,34829700,0,0,0
2021-02-23,BJTM,Bank Pembangunan Daerah Jawa Timur Tbk.,--M-1855570000G111------------,805.0,0.0,810.0,800.0,810.0,5.0,20069700,16164917500,4613,188.4,810,3546000,805,2273300,14865343101,14865343101,14865343101,1768700,5339400,63,51030,1
2021-02-22,BJTM,Bank Pembangunan Daerah Jawa Timur Tbk.,--M-1855570000G111------------,805.0,0.0,825.0,800.0,805.0,0.0,49808800,40523680500,7521,187.2,810,2472500,805,427200,14865343101,14865343101,14865343101,6739100,10878000,99,79695,1
2021-02-19,BJTM,Bank Pembangunan Daerah Jawa Timur Tbk.,--M-1855570000G111------------,810.0,0.0,815.0,795.0,805.0,-5.0,29642900,23802591000,5137,187.2,805,793300,800,2055700,14865343101,14865343101,14865343101,4753100,6295000,76,61180,1
2021-02-18,BJTM,Bank Pembangunan Daerah Jawa Timur Tbk.,--M-1855570000G111------------,780.0,0.0,825.0,775.0,810.0,30.0,84401000,68034732500,11405,188.4,810,397200,805,144500,14865343101,14865343101,14865343101,6035700,18717000,0,0,0
2021-02-17,BJTM,Bank Pembangunan Daerah Jawa Timur Tbk.,--M-1855570000G111------------,795.0,0.0,800.0,780.0,780.0,-15.0,25447100,20065659000,6434,181.4,785,580100,780,3056600,14865343101,14865343101,14865343101,5238500,4394600,284,224520,3
2021-02-16,BJTM,Bank Pembangunan Daerah Jawa Timur Tbk.,--M-1855570000G111------------,785.0,0.0,800.0,785.0,795.0,10.0,28829800,22899782000,5050,184.9,795,1268400,790,1605400,14865343101,14865343101,14865343101,216100,4437800,0,0,0
2021-02-15,BJTM,Bank Pembangunan Daerah Jawa Timur Tbk.,--M-1855570000G111------------,785.0,0.0,800.0,785.0,785.0,0.0,23220500,18369924500,6273,182.6,790,435300,785,6796700,14865343101,14865343101,14865343101,2719400,1136600,0,0,0
2021-02-11,BJTM,Bank Pembangunan Daerah Jawa Timur Tbk.,--M-1855570000G111------------,790.0,0.0,795.0,780.0,785.0,-5.0,19948700,15668191000,6478,182.6,790,1319900,785,485500,14865343101,14865343101,14865343101,3693300,5056800,84,66780,1
2021-02-10,BJTM,Bank Pembangunan Daerah Jawa Timur Tbk.,--M-1855570000G111------------,790.0,0.0,800.0,780.0,790.0,0.0,28593400,22585029000,5172,183.7,790,3219700,785,1296800,14865343101,14865343101,14865343101,6188200,5384900,0,0,0
2021-02-09,BJTM,Bank Pembangunan Daerah Jawa Timur Tbk.,--M-1855570000G111------------,810.0,0.0,835.0,775.0,790.0,-20.0,84384200,67731316500,13588,183.7,790,797800,785,625800,14865343101,14865343101,14865343101,7109200,8004800,0,0,0
2021-02-08,BJTM,Bank Pembangunan Daerah Jawa Timur Tbk.,--M-1855570000G111------------,800.0,0.0,815.0,800.0,810.0,10.0,37151800,29972268500,7165,188.4,810,920200,805,3285000,14865343101,14865343101,14865343101,2606800,4763400,9806100,7874298300,1
2021-02-05,BJTM,Bank Pembangunan Daerah Jawa Timur Tbk.,--M-1855570000G111------------,800.0,0.0,815.0,790.0,800.0,0.0,56161500,45122606000,9480,186.0,805,1052400,800,1548500,14865343101,14865343101,14865343101,3518800,1848500,20,15900,1
2021-02-04,BJTM,Bank Pembangunan Daerah Jawa Timur Tbk.,--M-1855570000G111------------,785.0,0.0,815.0,780.0,800.0,15.0,101604000,80989900500,14128,186.0,805,3518100,800,245500,14865343101,14865343101,14865343101,6781900,23924200,0,0,0
2021-02-03,BJTM,Bank Pembangunan Daerah Jawa Timur Tbk.,--M-1855570000G111------------,755.0,0.0,795.0,755.0,785.0,30.0,51476300,40205720500,8737,182.6,790,2395100,785,1451200,14865343101,14865343101,14865343101,2306400,10867200,4,3140,1
2021-02-02,BJTM,Bank Pembangunan Daerah Jawa Timur Tbk.,--M-1855570000G111------------,790.0,0.0,810.0,750.0,755.0,-35.0,72968900,56853277500,13107,175.6,760,103200,755,2397300,14865343101,14865343101,14865343101,16284300,2657000,0,0,0
2021-02-01,BJTM,Bank Pembangunan Daerah Jawa Timur Tbk.,--M-1855570000G111------------,760.0,0.0,795.0,735.0,790.0,30.0,108915700,83881782000,13875,183.7,795,1807000,790,1434600,14865343101,14865343101,14865343101,10403200,11708400,0,0,0
2021-01-29,BJTM,Bank Pembangunan Daerah Jawa Timur Tbk.,--M-1855570000G111------------,745.0,0.0,770.0,725.0,760.0,15.0,95263300,71361859500,12472,176.7,760,273100,755,620900,14865343101,14865343101,14865343101,11991500,24091300,172,129420,4
2021-01-28,BJTM,Bank Pembangunan Daerah Jawa Timur Tbk.,--M-1855570000G111------------,770.0,0.0,805.0,735.0,745.0,-25.0,117934000,90899311000,16545,173.3,750,754400,745,163500,14865343101,14865343101,14865343101,12483800,17070300,84,62860,2
2021-01-27,BJTM,Bank Pembangunan Daerah Jawa Timur Tbk.,--M-1855570000G111------------,785.0,0.0,795.0,735.0,770.0,-15.0,109202400,83257610000,13981,179.1,770,371700,765,829900,14865343101,14865343101,14865343101,6635600,12719000,160,121760,4
2021-01-26,BJTM,Bank Pembangunan Daerah Jawa Timur Tbk.,--M-1855570000G111------------,840.0,0.0,855.0,785.0,785.0,-55.0,201664400,162571479000,25309,182.6,785,2907100,0,0,14865343101,14865343101,14865343101,26362100,19232600,0,0,0
2021-01-25,BJTM,Bank Pembangunan Daerah Jawa Timur Tbk.,--M-1855570000G111------------,765.0,0.0,840.0,735.0,840.0,75.0,217393000,173894044000,24694,195.3,845,1469600,840,12515500,14865343101,14865343101,14865343101,12301800,22563000,310164,247779480,6
2021-01-22,BJTM,Bank Pembangunan Daerah Jawa Timur Tbk.,--M-185557000081--------------,795.0,0.0,805.0,745.0,765.0,-30.0,117911800,89960185500,15255,177.9,765,1282200,760,626800,14865343101,14865343101,14865343101,2629700,6972000,7697,5925085,4
2021-01-21,BJTM,Bank Pembangunan Daerah Jawa Timur Tbk.,--M-185557000081--------------,830.0,0.0,840.0,790.0,795.0,-35.0,130490200,104758067500,15783,184.9,795,684000,790,2397400,14865343101,14865343101,14865343101,3859100,8906100,0,0,0
2021-01-20,BJTM,Bank Pembangunan Daerah Jawa Timur Tbk.,--M-185557000081--------------,840.0,0.0,840.0,785.0,830.0,-10.0,265212500,214301184000,20629,193.0,830,5172700,825,477600,14865343101,14865343101,14865343101,42966500,15359000,4088,3073360,3
2021-01-19,BJTM,Bank Pembangunan Daerah Jawa Timur Tbk.,--M-185557000081--------------,900.0,0.0,900.0,840.0,840.0,-60.0,37046300,31441752000,5458,195.3,840,48808600,0,0,14865343101,14865343101,14865343101,5901300,1363700,59600,51019200,2
2021-01-18,BJTM,Bank Pembangunan Daerah Jawa Timur Tbk.,--M-185557000081--------------,965.0,0.0,970.0,900.0,900.0,-65.0,197535300,181171577000,20714,209.3,900,26706900,0,0,14865343101,14865343101,14865343101,8247000,10937400,300,292500,1
2021-01-15,BJTM,Bank Pembangunan Daerah Jawa Timur Tbk.,--M-185557000081--------------,845.0,0.0,970.0,880.0,965.0,120.0,816282900,762209163000,64077,224.4,970,6496600,965,107538800,14865343101,14865343101,14865343101,56708000,15776400,0,0,0
2021-01-14,BJTM,Bank Pembangunan Daerah Jawa Timur Tbk.,--M-185557000081--------------,710.0,0.0,870.0,705.0,845.0,135.0,408150500,330593047500,32238,196.5,850,3391800,845,3907200,14865343101,14865343101,14865343101,19325900,18572400,10180,5982400,4
2021-01-13,BJTM,Bank Pembangunan Daerah Jawa Timur Tbk.,--M-185557000081--------------,720.0,0.0,730.0,710.0,710.0,-10.0,21917300,15726870000,4266,165.1,715,553300,710,2790200,14865343101,14865343101,14865343101,812600,180300,0,0,0
2021-01-12,BJTM,Bank Pembangunan Daerah Jawa Timur Tbk.,--M-185557000081--------------,720.0,0.0,740.0,715.0,720.0,0.0,54094100,39279015500,5476,167.4,725,1757300,720,235200,14865343101,14865343101,14865343101,9599600,1867200,0,0,0
2021-01-11,BJTM,Bank Pembangunan Daerah Jawa Timur Tbk.,--M-185557000081--------------,715.0,0.0,745.0,715.0,720.0,5.0,46054200,33448056000,6418,167.4,725,1969500,720,76100,14865343101,14865343101,14865343101,1801800,3719800,88,62920,1
2021-01-08,BJTM,Bank Pembangunan Daerah Jawa Timur Tbk.,--M-185557000081--------------,695.0,0.0,720.0,690.0,715.0,20.0,50825100,36049637500,6831,166.3,720,2661700,715,5285100,14865343101,14865343101,14865343101,1589500,7111700,5513800,3903770400,1
2021-01-07,BJTM,Bank Pembangunan Daerah Jawa Timur Tbk.,--M-185557000081--------------,695.0,0.0,705.0,690.0,695.0,0.0,17539700,12209357000,5530,161.6,695,2320700,690,2011600,14865343101,14865343101,14865343101,2356000,3616900,700,528500,1
2021-01-06,BJTM,Bank Pembangunan Daerah Jawa Timur Tbk.,--M-185557000081--------------,695.0,0.0,705.0,685.0,695.0,0.0,21412800,14928781000,4847,161.6,695,340600,690,1803100,14865343101,14865343101,14865343101,733400,3827500,40,27740,2
2021-01-05,BJTM,Bank Pembangunan Daerah Jawa Timur Tbk.,--M-185557000081--------------,705.0,0.0,710.0,695.0,695.0,-10.0,17863200,12557458000,4802,161.6,700,221800,695,4130500,14865343101,14865343101,14865343101,5540700,3396400,0,0,0
2021-01-04,BJTM,Bank Pembangunan Daerah Jawa Timur Tbk.,--M-185557000081--------------,680.0,0.0,705.0,680.0,705.0,25.0,20728000,14429944000,4620,164.0,710,1401000,705,272700,14865343101,14865343101,14865343101,268400,1663900,28,19320,1
2020-12-30,BJTM,Bank Pembangunan Daerah Jawa Timur Tbk.,--M-185557000081--------------,700.0,0.0,710.0,680.0,680.0,-20.0,24408000,16857153000,6344,158.1,685,243300,680,4549800,14865343101,14865343101,14865343101,1541000,1040900,0,0,0
2020-12-29,BJTM,Bank Pembangunan Daerah Jawa Timur Tbk.,--M-185557000081--------------,710.0,0.0,720.0,690.0,700.0,-10.0,16501100,11598299000,5052,162.8,700,3059800,695,2444800,14865343101,14865343101,14865343101,2379800,78100,84,59640,1
2020-12-28,BJTM,Bank Pembangunan Daerah Jawa Timur Tbk.,--M-185557000081--------------,705.0,0.0,715.0,700.0,710.0,5.0,20578100,14593662500,4364,165.1,715,2215400,710,844800,14865343101,14865343101,14865343101,359200,1629100,0,0,0
2020-12-23,BJTM,Bank Pembangunan Daerah Jawa Timur Tbk.,--M-185557000081--------------,715.0,0.0,735.0,680.0,705.0,-10.0,31427100,22219638000,7747,164.0,710,78400,705,3200400,14865343101,14865343101,14865343101,3093500,1893300,172,123320,4
2020-12-22,BJTM,Bank Pembangunan Daerah Jawa Timur Tbk.,--M-185557000081--------------,755.0,0.0,755.0,710.0,715.0,-40.0,40889800,29766569000,8900,166.3,720,602600,715,3392900,14865343101,14865343101,14865343101,3275900,1480300,60,43800,1
2020-12-21,BJTM,Bank Pembangunan Daerah Jawa Timur Tbk.,--M-185557000081--------------,725.0,0.0,760.0,725.0,755.0,30.0,64555800,48415630000,7169,175.6,755,2076200,750,814200,14865343101,14865343101,14865343101,495900,2890100,0,0,0
2020-12-18,BJTM,Bank Pembangunan Daerah Jawa Timur Tbk.,--M-185557000081--------------,710.0,0.0,750.0,705.0,725.0,15.0,102245700,75059309500,9503,168.6,730,1163000,725,1329000,14865343101,14865343101,14865343101,15069400,3320200,60,43920,1
2020-12-17,BJTM,Bank Pembangunan Daerah Jawa Timur Tbk.,--M-185557000081--------------,710.0,0.0,725.0,705.0,710.0,0.0,25795600,18394431500,4357,165.1,710,652000,705,2447600,14865343101,14865343101,14865343101,2754100,778800,0,0,0
2020-12-16,BJTM,Bank Pembangunan Daerah Jawa Timur Tbk.,--M-185557000081--------------,715.0,0.0,730.0,705.0,710.0,-5.0,44745800,32023073500,8392,165.1,715,2319200,710,1072200,14865343101,14865343101,14865343101,2288800,2428800,0,0,0
2020-12-15,BJTM,Bank Pembangunan Daerah Jawa Timur Tbk.,--M-185557000081--------------,670.0,0.0,800.0,665.0,715.0,45.0,175083000,126048929500,14882,166.3,715,604500,710,1433400,14865343101,14865343101,14865343101,7794600,3008700,0,0,0
2020-12-14,BJTM,Bank Pembangunan Daerah Jawa Timur Tbk.,--M-185557000081--------------,675.0,0.0,680.0,665.0,670.0,-5.0,18762900,12576476000,4402,155.8,675,1842800,670,1641400,14865343101,14865343101,14865343101,2881500,939700,37200,25296000,1
2020-12-11,BJTM,Bank Pembangunan Daerah Jawa Timur Tbk.,--M-185557000081--------------,680.0,0.0,690.0,670.0,675.0,-5.0,31047500,20961708500,4135,157.0,675,538200,670,4559100,14865343101,14865343101,14865343101,2904300,8145700,0,0,0
2020-12-10,BJTM,Bank Pembangunan Daerah Jawa Timur Tbk.,--M-185557000081--------------,665.0,0.0,705.0,660.0,680.0,15.0,127497000,87647538500,9874,158.1,685,1657000,680,3114600,14865343101,14865343101,14865343101,8335400,7110000,50114,35327205,3
2020-12-08,BJTM,Bank Pembangunan Daerah Jawa Timur Tbk.,--M-185557000081--------------,675.0,0.0,680.0,660.0,665.0,-10.0,18172400,12143320000,4450,154.7,670,1449600,665,1504300,14865343101,14865343101,14865343101,820100,548000,1140700,763128300,1
2020-12-07,BJTM,Bank Pembangunan Daerah Jawa Timur Tbk.,--M-185557000081--------------,660.0,0.0,675.0,660.0,675.0,15.0,17813800,11946982000,3715,157.0,675,3388700,670,1876900,14865343101,14865343101,14865343101,1241800,3068900,0,0,0
2020-12-04,BJTM,Bank Pembangunan Daerah Jawa Timur Tbk.,--M-185557000081--------------,665.0,0.0,670.0,655.0,660.0,-5.0,10904300,7208685000,2916,153.5,660,81300,655,4054000,14865343101,14865343101,14865343101,844900,2925900,56,36960,1
2020-12-03,BJTM,Bank Pembangunan Daerah Jawa Timur Tbk.,--M-185557000081--------------,660.0,0.0,675.0,660.0,665.0,5.0,14224300,9491073000,3128,154.7,665,307800,660,5093200,14865343101,14865343101,14865343101,991900,2411900,0,0,0
2020-12-02,BJTM,Bank Pembangunan Daerah Jawa Timur Tbk.,--M-185557000081--------------,665.0,0.0,675.0,655.0,660.0,-5.0,20161000,13327410000,4509,153.5,665,1405200,660,1769200,14865343101,14865343101,14865343101,5132700,1110100,0,0,0
2020-12-01,BJTM,Bank Pembangunan Daerah Jawa Timur Tbk.,--M-185557000081--------------,635.0,0.0,670.0,640.0,665.0,30.0,27235000,17861473000,4735,154.7,670,1422600,665,583400,14865343101,14865343101,14865343101,1753200,6173700,68,44540,2
2020-11-30,BJTM,Bank Pembangunan Daerah Jawa Timur Tbk.,--M-185557000081--------------,675.0,0.0,680.0,630.0,635.0,-40.0,38675700,25222079000,9866,147.7,640,840800,635,832100,14865343101,14865343101,14865343101,10337400,394400,0,0,0
2020-11-27,BJTM,Bank Pembangunan Daerah Jawa Timur Tbk.,--M-185557000081--------------,670.0,0.0,685.0,670.0,675.0,5.0,16653300,11257892500,4132,157.0,675,758000,670,6604500,14865343101,14865343101,14865343101,255800,1075200,0,0,0
2020-11-26,BJTM,Bank Pembangunan Daerah Jawa Timur Tbk.,--M-185557000081--------------,645.0,0.0,685.0,645.0,670.0,25.0,54909800,36898984500,7118,155.8,675,378200,670,5118800,14865343101,14865343101,14865343101,1429400,3475100,12,8140,2
2020-11-25,BJTM,Bank Pembangunan Daerah Jawa Timur Tbk.,--M-185557000081--------------,630.0,0.0,675.0,635.0,645.0,15.0,70545000,45990462000,7813,150.0,645,538800,640,4241400,14865343101,14865343101,14865343101,1910300,2871900,0,0,0
2020-11-24,BJTM,Bank Pembangunan Daerah Jawa Timur Tbk.,--M-185557000081--------------,615.0,0.0,630.0,615.0,630.0,15.0,32184700,20037161000,4545,146.5,635,2286200,630,10991200,14865343101,14865343101,14865343101,215200,2577400,0,0,0
2020-11-23,BJTM,Bank Pembangunan Daerah Jawa Timur Tbk.,--M-185557000081--------------,615.0,0.0,620.0,610.0,615.0,0.0,11800100,7265605000,3004,143.0,620,6040600,615,462700,14865343101,14865343101,14865343101,4248800,131300,0,0,0
2020-11-20,BJTM,Bank Pembangunan Daerah Jawa Timur Tbk.,--M-185557000081--------------,620.0,0.0,625.0,610.0,615.0,-5.0,12893100,7944109000,3000,143.0,615,55400,610,6910500,14865343101,14865343101,14865343101,667200,1586400,28,17360,1
2020-11-19,BJTM,Bank Pembangunan Daerah Jawa Timur Tbk.,--M-185557000081--------------,615.0,0.0,620.0,615.0,620.0,5.0,10167800,6278519500,2671,144.2,620,3315300,615,4021500,14865343101,14865343101,14865343101,975300,16300,34,20910,1
2020-11-18,BJTM,Bank Pembangunan Daerah Jawa Timur Tbk.,--M-185557000081--------------,615.0,0.0,620.0,615.0,615.0,0.0,9651700,5948040000,2605,143.0,620,5804600,615,2352300,14865343101,14865343101,14865343101,3659400,524100,28,17360,1
2020-11-17,BJTM,Bank Pembangunan Daerah Jawa Timur Tbk.,--M-185557000081--------------,620.0,0.0,625.0,615.0,615.0,-5.0,13696000,8477676000,2961,143.0,620,1098900,615,7236200,14865343101,14865343101,14865343101,3254300,30800,52,32240,1
2020-11-16,BJTM,Bank Pembangunan Daerah Jawa Timur Tbk.,--M-185557000081--------------,620.0,0.0,630.0,615.0,620.0,0.0,13615300,8453630500,3010,144.2,620,3295600,615,4140400,14865343101,14865343101,14865343101,53800,134600,0,0,0
2020-11-13,BJTM,Bank Pembangunan Daerah Jawa Timur Tbk.,--M-185557000081--------------,620.0,0.0,620.0,610.0,620.0,0.0,9679900,5955776500,2211,144.2,620,5568800,615,2581300,14865343101,14865343101,14865343101,486300,2910200,0,0,0
2020-11-12,BJTM,Bank Pembangunan Daerah Jawa Timur Tbk.,--M-185557000081--------------,615.0,0.0,620.0,610.0,620.0,5.0,16363900,10050652000,3178,144.2,620,5092000,615,581000,14865343101,14865343101,14865343101,280100,3329300,52,31980,1
2020-11-11,BJTM,Bank Pembangunan Daerah Jawa Timur Tbk.,--M-185557000081--------------,605.0,0.0,620.0,600.0,615.0,10.0,27086600,16609451000,5627,143.0,615,380500,610,2743800,14865343101,14865343101,14865343101,2187300,4152000,95,58729,2
2020-11-10,BJTM,Bank Pembangunan Daerah Jawa Timur Tbk.,--M-185557000081--------------,590.0,0.0,605.0,595.0,605.0,15.0,31733600,19060562000,5312,140.7,605,263000,600,3966600,14865343101,14865343101,14865343101,4892800,5849400,52,31200,1
2020-11-09,BJTM,Bank Pembangunan Daerah Jawa Timur Tbk.,--M-185557000081--------------,580.0,0.0,595.0,580.0,590.0,10.0,19545300,11502038500,4079,137.2,590,4482400,585,3379000,14865343101,14865343101,14865343101,626800,411600,0,0,0
2020-11-06,BJTM,Bank Pembangunan Daerah Jawa Timur Tbk.,--M-185557000081--------------,575.0,0.0,585.0,570.0,580.0,5.0,20467900,11826268500,4071,134.9,580,348000,575,2017400,14865343101,14865343101,14865343101,1085000,1717200,1550004,897452320,2
2020-11-05,BJTM,Bank Pembangunan Daerah Jawa Timur Tbk.,--M-185557000081--------------,555.0,0.0,580.0,560.0,575.0,20.0,23811000,13576951000,3374,133.7,575,5269600,570,1798900,14865343101,14865343101,14865343101,4655500,1164200,52,29640,1
2020-11-04,BJTM,Bank Pembangunan Daerah Jawa Timur Tbk.,--M-185557000081--------------,560.0,0.0,570.0,555.0,555.0,-5.0,11705600,6562078000,2634,129.1,560,435000,555,4490100,14865343101,14865343101,14865343101,2159900,1773700,0,0,0
2020-11-03,BJTM,Bank Pembangunan Daerah Jawa Timur Tbk.,--M-185557000081--------------,570.0,0.0,580.0,550.0,560.0,-10.0,34082200,19061561500,3861,130.2,565,2164200,560,5003800,14865343101,14865343101,14865343101,23928500,1144400,30,17100,1
2020-11-02,BJTM,Bank Pembangunan Daerah Jawa Timur Tbk.,--M-185557000081--------------,580.0,0.0,585.0,560.0,570.0,-10.0,15732900,8972348500,3345,132.6,570,1381200,565,2808700,14865343101,14865343101,14865343101,3612600,1770500,0,0,0
2020-10-27,BJTM,Bank Pembangunan Daerah Jawa Timur Tbk.,--M-185557000081--------------,580.0,0.0,590.0,570.0,580.0,0.0,17179800,9960423000,2594,134.9,580,953500,575,454900,14865343101,14865343101,14865343101,3440800,5379000,190,110200,3
2020-10-26,BJTM,Bank Pembangunan Daerah Jawa Timur Tbk.,--M-185557000081--------------,570.0,0.0,595.0,575.0,580.0,10.0,18349700,10729217500,3332,134.9,580,320300,575,2624600,14865343101,14865343101,14865343101,69700,3118800,56,32760,1
2020-10-23,BJTM,Bank Pembangunan Daerah Jawa Timur Tbk.,--M-185557000081--------------,585.0,0.0,595.0,570.0,570.0,-15.0,13438600,7770054500,2735,132.6,575,140500,570,2470300,14865343101,14865343101,14865343101,4608400,1942100,11547800,6755463000,1
2020-10-22,BJTM,Bank Pembangunan Daerah Jawa Timur Tbk.,--M-185557000081--------------,565.0,0.0,590.0,565.0,585.0,20.0,61501500,35718707000,4522,136.0,585,2180900,580,29900,14865343101,14865343101,14865343101,18902200,36484700,98,56595,2
2020-10-21,BJTM,Bank Pembangunan Daerah Jawa Timur Tbk.,--M-185557000081--------------,565.0,0.0,570.0,560.0,565.0,0.0,10307700,5834621000,2115,131.4,570,2948900,565,29700,14865343101,14865343101,14865343101,2081400,2807500,0,0,0
2020-10-20,BJTM,Bank Pembangunan Daerah Jawa Timur Tbk.,--M-185557000081--------------,570.0,0.0,575.0,560.0,565.0,-5.0,14358400,8132742500,2437,131.4,570,2412000,565,1483900,14865343101,14865343101,14865343101,841200,2807400,0,0,0
2020-10-19,BJTM,Bank Pembangunan Daerah Jawa Timur Tbk.,--M-185557000081--------------,565.0,0.0,580.0,565.0,570.0,5.0,19921500,11407142000,3637,132.6,575,2617700,570,102700,14865343101,14865343101,14865343101,1394700,4505600,98,56105,2
2020-10-16,BJTM,Bank Pembangunan Daerah Jawa Timur Tbk.,--M-185557000081--------------,550.0,0.0,575.0,545.0,565.0,15.0,29983100,16896609500,3982,131.4,565,801400,560,1714400,14865343101,14865343101,14865343101,1962900,6266100,0,0,0
2020-10-15,BJTM,Bank Pembangunan Daerah Jawa Timur Tbk.,--M-185557000081--------------,555.0,0.0,560.0,550.0,550.0,-5.0,10884800,6017968500,2866,127.9,550,419600,545,2523200,14865343101,14865343101,14865343101,250100,1302200,0,0,0
2020-10-14,BJTM,Bank Pembangunan Daerah Jawa Timur Tbk.,--M-185557000081--------------,555.0,0.0,565.0,550.0,555.0,0.0,14452700,8056060500,3102,129.1,560,3528000,555,4117600,14865343101,14865343101,14865343101,155900,1841700,0,0,0
2020-10-13,BJTM,Bank Pembangunan Daerah Jawa Timur Tbk.,--M-185557000081--------------,540.0,0.0,575.0,530.0,555.0,15.0,32370300,17868368000,4568,129.1,555,4207200,550,980600,14865343101,14865343101,14865343101,296100,565600,72,38880,1
2020-10-12,BJTM,Bank Pembangunan Daerah Jawa Timur Tbk.,--M-185557000081--------------,545.0,0.0,550.0,530.0,540.0,-5.0,39877500,21447992000,4533,125.6,540,126500,535,3211000,14865343101,14865343101,14865343101,23381800,5810500,4,2180,1
2020-10-09,BJTM,Bank Pembangunan Daerah Jawa Timur Tbk.,--M-185557000081--------------,545.0,0.0,550.0,540.0,545.0,0.0,8368000,4559936000,1797,126.7,545,2833500,540,4650200,14865343101,14865343101,14865343101,1385900,1202000,0,0,0
2020-10-08,BJTM,Bank Pembangunan Daerah Jawa Timur Tbk.,--M-185557000081--------------,525.0,0.0,545.0,525.0,545.0,20.0,22196500,11983239500,2674,126.7,545,5917100,540,1109900,14865343101,14865343101,14865343101,2667400,8077900,98,53165,2
2020-10-07,BJTM,Bank Pembangunan Daerah Jawa Timur Tbk.,--M-185557000081--------------,530.0,0.0,530.0,525.0,525.0,-5.0,9929300,5249621000,1404,122.1,530,152800,525,2275800,14865343101,14865343101,14865343101,4410400,1875900,400,210000,2
2020-10-06,BJTM,Bank Pembangunan Daerah Jawa Timur Tbk.,--M-185557000081--------------,515.0,0.0,530.0,515.0,530.0,15.0,18234800,9586735000,2628,123.3,535,1812000,530,1560700,14865343101,14865343101,14865343101,2078200,2985200,0,0,0
2020-10-05,BJTM,Bank Pembangunan Daerah Jawa Timur Tbk.,--M-185557000081--------------,515.0,0.0,525.0,510.0,515.0,0.0,13028400,6705017000,1936,119.8,515,155500,510,7564900,14865343101,14865343101,14865343101,10256500,70600,0,0,0
2020-10-02,BJTM,Bank Pembangunan Daerah Jawa Timur Tbk.,--M-185557000081--------------,530.0,0.0,535.0,510.0,515.0,-15.0,15145200,7827619000,3805,119.8,515,4348500,510,2743800,14865343101,14865343101,14865343101,6259600,158300,0,0,0
2020-10-01,BJTM,Bank Pembangunan Daerah Jawa Timur Tbk.,--M-185557000081--------------,510.0,0.0,530.0,510.0,530.0,20.0,8493300,4432412500,1823,123.3,535,1257400,530,1013200,14865343101,14865343101,14865343101,50000,289400,0,0,0
2020-09-30,BJTM,Bank Pembangunan Daerah Jawa Timur Tbk.,--M-185557000081--------------,510.0,0.0,515.0,500.0,510.0,0.0,8828200,4477341500,2631,118.6,510,19500,505,1840500,14865343101,14865343101,14865343101,2519200,53800,607800,309978000,1
2020-09-29,BJTM,Bank Pembangunan Daerah Jawa Timur Tbk.,--M-185557000081--------------,515.0,0.0,525.0,510.0,510.0,-5.0,8441900,4353217000,2451,118.6,515,452800,510,2480300,14865343101,14865343101,14865343101,1306900,241400,0,0,0
2020-09-28,BJTM,Bank Pembangunan Daerah Jawa Timur Tbk.,--M-185557000081--------------,515.0,0.0,525.0,510.0,515.0,0.0,10714700,5529083500,2678,119.8,520,395200,515,117500,14865343101,14865343101,14865343101,4673900,838500,0,0,0
2020-09-25,BJTM,Bank Pembangunan Daerah Jawa Timur Tbk.,--M-185557000081--------------,505.0,0.0,525.0,505.0,515.0,10.0,13059400,6749910000,2143,119.8,520,1422800,515,767100,14865343101,14865343101,14865343101,1924500,23900,0,0,0
2020-09-24,BJTM,Bank Pembangunan Daerah Jawa Timur Tbk.,--M-185557000081--------------,515.0,0.0,515.0,505.0,505.0,-10.0,6942800,3516485500,2118,117.4,505,1554400,500,4366900,14865343101,14865343101,14865343101,917200,200,0,0,0
2020-09-23,BJTM,Bank Pembangunan Daerah Jawa Timur Tbk.,--M-185557000081--------------,515.0,0.0,530.0,510.0,515.0,0.0,7512300,3872295000,2457,119.8,520,721300,515,1124100,14865343101,14865343101,14865343101,2135700,107700,0,0,0
2020-09-22,BJTM,Bank Pembangunan Daerah Jawa Timur Tbk.,--M-185557000081--------------,525.0,0.0,530.0,510.0,515.0,-10.0,14136300,7338363500,3429,119.8,520,592900,515,728500,14865343101,14865343101,14865343101,6479900,95300,0,0,0
2020-09-21,BJTM,Bank Pembangunan Daerah Jawa Timur Tbk.,--M-185557000081--------------,535.0,0.0,545.0,525.0,525.0,-10.0,15129700,8050132000,3867,122.1,530,164100,525,1862100,14865343101,14865343101,14865343101,1812600,132700,10,5410,1
2020-09-18,BJTM,Bank Pembangunan Daerah Jawa Timur Tbk.,--M-185557000081--------------,535.0,0.0,550.0,535.0,535.0,0.0,10611700,5738319000,2142,124.4,540,130500,535,2151700,14865343101,14865343101,14865343101,1869800,0,0,0,0
2020-09-17,BJTM,Bank Pembangunan Daerah Jawa Timur Tbk.,--M-185557000081--------------,555.0,0.0,555.0,535.0,535.0,-20.0,14022900,7620470000,3585,124.4,540,493900,535,3751700,14865343101,14865343101,14865343101,1386900,538200,0,0,0
2020-09-16,BJTM,Bank Pembangunan Daerah Jawa Timur Tbk.,--M-185557000081--------------,560.0,0.0,575.0,550.0,555.0,-5.0,7624000,4246235500,1755,129.1,555,496300,550,3056300,14865343101,14865343101,14865343101,1213900,2500,0,0,0
2020-09-15,BJTM,Bank Pembangunan Daerah Jawa Timur Tbk.,--M-185557000081--------------,575.0,0.0,580.0,560.0,560.0,-15.0,9189800,5182228000,2755,130.2,565,510300,560,432700,14865343101,14865343101,14865343101,971000,261100,0,0,0
2020-09-14,BJTM,Bank Pembangunan Daerah Jawa Timur Tbk.,--M-185557000081--------------,560.0,0.0,580.0,560.0,575.0,15.0,12673100,7277404000,2770,133.7,575,1828100,570,2027000,14865343101,14865343101,14865343101,1446500,78000,0,0,0
2020-09-11,BJTM,Bank Pembangunan Daerah Jawa Timur Tbk.,--M-185557000081--------------,535.0,0.0,570.0,515.0,560.0,25.0,22696000,12454347000,4588,130.2,565,342000,560,996400,14865343101,14865343101,14865343101,2574200,1838100,0,0,0
2020-09-10,BJTM,Bank Pembangunan Daerah Jawa Timur Tbk.,--M-185557000081--------------,570.0,0.0,560.0,535.0,535.0,-35.0,26180000,14139022000,5972,124.4,540,408300,535,347000,14865343101,14865343101,14865343101,2152300,2218800,76,41420,1
2020-09-09,BJTM,Bank Pembangunan Daerah Jawa Timur Tbk.,--M-185557000081--------------,590.0,0.0,590.0,570.0,570.0,-20.0,10983500,6336346000,2801,132.6,575,1263000,570,2329800,14865343101,14865343101,14865343101,1612800,350000,0,0,0
2020-09-08,BJTM,Bank Pembangunan Daerah Jawa Timur Tbk.,--M-185557000081--------------,590.0,0.0,600.0,585.0,590.0,0.0,5622200,3315417500,1155,137.2,590,1622100,585,1772800,14865343101,14865343101,14865343101,379900,1000000,0,0,0
2020-09-07,BJTM,Bank Pembangunan Daerah Jawa Timur Tbk.,--M-185557000081--------------,585.0,0.0,595.0,580.0,590.0,5.0,8348300,4913612000,1491,137.2,595,3645400,590,93500,14865343101,14865343101,14865343101,447900,1563600,0,0,0
2020-09-04,BJTM,Bank Pembangunan Daerah Jawa Timur Tbk.,--M-185557000081--------------,585.0,0.0,585.0,570.0,585.0,0.0,17709600,10265207000,2517,136.0,590,1600000,585,423100,14865343101,14865343101,14865343101,4798100,3679800,0,0,0
2020-09-03,BJTM,Bank Pembangunan Daerah Jawa Timur Tbk.,--M-185557000081--------------,590.0,0.0,600.0,580.0,585.0,-5.0,18121800,10660354500,2057,136.0,590,814100,585,10600,14865343101,14865343101,14865343101,9775100,8144000,0,0,0
2020-09-02,BJTM,Bank Pembangunan Daerah Jawa Timur Tbk.,--M-185557000081--------------,590.0,0.0,600.0,585.0,590.0,0.0,13390800,7934742500,2021,137.2,595,2896100,590,1423500,14865343101,14865343101,14865343101,6340200,4733600,25200,15639000,2
2020-09-01,BJTM,Bank Pembangunan Daerah Jawa Timur Tbk.,--M-185557000081--------------,595.0,0.0,605.0,580.0,590.0,-5.0,18503000,10950662500,2860,137.2,590,2544900,585,3869200,14865343101,14865343101,14865343101,7627700,274900,0,0,0
2020-08-31,BJTM,Bank Pembangunan Daerah Jawa Timur Tbk.,--M-185557000081--------------,615.0,0.0,625.0,580.0,595.0,-20.0,31541700,18820026500,5557,138.4,600,529700,595,543500,14865343101,14865343101,14865343101,5029900,6199400,0,0,0
2020-08-28,BJTM,Bank Pembangunan Daerah Jawa Timur Tbk.,--M-185557000081--------------,615.0,0.0,625.0,610.0,615.0,0.0,45424000,28077586500,3321,143.0,615,1791000,610,2731900,14865343101,14865343101,14865343101,2492100,10604800,5000000,3081000000,2
2020-08-27,BJTM,Bank Pembangunan Daerah Jawa Timur Tbk.,--M-185557000081--------------,580.0,0.0,640.0,580.0,615.0,35.0,144185400,89128777500,8704,143.0,620,2749600,615,800900,14865343101,14865343101,14865343101,3433700,6163400,2280600,1405569600,2
2020-08-26,BJTM,Bank Pembangunan Daerah Jawa Timur Tbk.,--M-185557000081--------------,585.0,0.0,590.0,580.0,580.0,-5.0,14866900,8690677000,2630,134.9,585,783700,580,2150800,14865343101,14865343101,14865343101,2316000,2452800,0,0,0
2020-08-25,BJTM,Bank Pembangunan Daerah Jawa Timur Tbk.,--M-185557000081--------------,580.0,0.0,595.0,580.0,585.0,5.0,21487700,12630030000,3577,136.0,590,2138100,585,1676200,14865343101,14865343101,14865343101,1322000,24800,0,0,0
2020-08-24,BJTM,Bank Pembangunan Daerah Jawa Timur Tbk.,--M-185557000081--------------,565.0,0.0,585.0,560.0,580.0,15.0,37102500,21316201000,3679,134.9,585,5703300,580,1192500,14865343101,14865343101,14865343101,7344300,8700,0,0,0
2020-08-19,BJTM,Bank Pembangunan Daerah Jawa Timur Tbk.,--M-185557000081--------------,560.0,0.0,570.0,555.0,565.0,5.0,17457600,9794643500,1724,131.4,565,3923500,560,308500,14865343101,14865343101,14865343101,3027200,9419000,0,0,0
2020-08-18,BJTM,Bank Pembangunan Daerah Jawa Timur Tbk.,--M-185557000081--------------,550.0,0.0,570.0,550.0,560.0,10.0,9671800,5444539500,2028,130.2,565,1691600,560,2491900,14865343101,14865343101,14865343101,1018300,898100,0,0,0
2020-08-14,BJTM,Bank Pembangunan Daerah Jawa Timur Tbk.,--M-185557000081--------------,560.0,0.0,560.0,550.0,550.0,-10.0,8796700,4873774000,1884,127.9,555,451700,550,5296200,14865343101,14865343101,14865343101,4004300,27200,0,0,0
2020-08-13,BJTM,Bank Pembangunan Daerah Jawa Timur Tbk.,--M-185557000081--------------,570.0,0.0,580.0,560.0,560.0,-10.0,15349000,8692950500,2435,130.2,565,949200,560,1931500,14865343101,14865343101,14865343101,1028700,917700,0,0,0
2020-08-12,BJTM,Bank Pembangunan Daerah Jawa Timur Tbk.,--M-185557000081--------------,555.0,0.0,580.0,550.0,570.0,15.0,43431600,24557000000,4351,132.6,570,2276500,565,563800,14865343101,14865343101,14865343101,4237900,722900,0,0,0
2020-08-11,BJTM,Bank Pembangunan Daerah Jawa Timur Tbk.,--M-185557000081--------------,545.0,0.0,560.0,545.0,555.0,10.0,17050700,9464952500,2000,129.1,560,4166000,555,90600,14865343101,14865343101,14865343101,652600,4535000,0,0,0
2020-08-10,BJTM,Bank Pembangunan Daerah Jawa Timur Tbk.,--M-185557000081--------------,550.0,0.0,555.0,545.0,545.0,-5.0,6395600,3492249500,1474,126.7,550,1424000,545,1523500,14865343101,14865343101,14865343101,72400,48200,0,0,0
2020-08-07,BJTM,Bank Pembangunan Daerah Jawa Timur Tbk.,--M-185551000081--------------,555.0,0.0,560.0,545.0,550.0,-5.0,13095300,7192273000,2307,127.9,550,242000,545,784100,14865343101,14865343101,14865343101,4475200,142000,0,0,0
2020-08-06,BJTM,Bank Pembangunan Daerah Jawa Timur Tbk.,--M-185551000081--------------,540.0,0.0,560.0,535.0,555.0,15.0,25513600,14012174000,3004,129.1,555,2526000,550,1673900,14865343101,14865343101,14865343101,1088700,2792200,0,0,0
2020-08-05,BJTM,Bank Pembangunan Daerah Jawa Timur Tbk.,--M-185551000081--------------,535.0,0.0,545.0,535.0,540.0,5.0,11383300,6122485500,1839,125.6,540,7110500,535,2834900,14865343101,14865343101,14865343101,954500,1156300,92,49680,1
2020-08-04,BJTM,Bank Pembangunan Daerah Jawa Timur Tbk.,--M-185550000081--------------,520.0,0.0,565.0,515.0,535.0,15.0,53411200,29061730000,4809,124.4,540,264400,535,132400,14865343101,14865343101,14865343101,6360500,6287200,0,0,0
2020-08-03,BJTM,Bank Pembangunan Daerah Jawa Timur Tbk.,--M-185550000081--------------,550.0,0.0,555.0,515.0,520.0,-30.0,35117700,18530555000,5763,120.9,525,291900,520,480100,14865343101,14865343101,14865343101,3735100,4769300,0,0,0
2020-07-30,BJTM,Bank Pembangunan Daerah Jawa Timur Tbk.,--M-185500000081--------------,555.0,0.0,565.0,545.0,550.0,-5.0,19764400,10931995500,2827,127.9,555,7874300,550,500300,14865343101,14865343101,14865343101,3310500,2245700,117,64350,3
2020-07-29,BJTM,Bank Pembangunan Daerah Jawa Timur Tbk.,--M-185500000081--------------,560.0,0.0,570.0,550.0,555.0,-5.0,23354800,13055175500,2671,129.1,560,912600,555,1988600,14865343101,14865343101,14865343101,194500,3284800,0,0,0
2020-07-28,BJTM,Bank Pembangunan Daerah Jawa Timur Tbk.,--M-185500000081--------------,575.0,0.0,645.0,555.0,560.0,-15.0,166342100,98315848500,15149,130.2,565,479200,560,232700,14865343101,14865343101,14865343101,1598800,6404700,0,0,0
2020-07-27,BJTM,Bank Pembangunan Daerah Jawa Timur Tbk.,--M-185500000081--------------,530.0,0.0,580.0,535.0,575.0,45.0,110850900,62407238000,9386,133.7,580,2419000,575,2653100,14865343101,14865343101,14865343101,11445300,5943400,0,0,0
2020-07-24,BJTM,Bank Pembangunan Daerah Jawa Timur Tbk.,--M-185500000081--------------,535.0,0.0,535.0,530.0,530.0,-5.0,6470800,3442502000,1240,123.3,535,1558900,530,1034600,14865343101,14865343101,14865343101,229500,1870400,0,0,0
2020-07-23,BJTM,Bank Pembangunan Daerah Jawa Timur Tbk.,--M-185500000081--------------,535.0,0.0,550.0,530.0,535.0,0.0,23805300,12838899500,2994,124.4,540,2413300,535,6467800,14865343101,14865343101,14865343101,5805600,1603600,20000,10800000,1
2020-07-22,BJTM,Bank Pembangunan Daerah Jawa Timur Tbk.,--M-185500000081--------------,535.0,0.0,540.0,530.0,535.0,0.0,10197600,5463488500,1583,124.4,540,4085500,535,371000,14865343101,14865343101,14865343101,222600,463500,0,0,0
2020-07-21,BJTM,Bank Pembangunan Daerah Jawa Timur Tbk.,--M-185500000081--------------,520.0,0.0,545.0,525.0,535.0,15.0,34611400,18427828000,3425,124.4,535,1376200,530,1351300,14865343101,14865343101,14865343101,8098100,5385400,0,0,0
2020-07-20,BJTM,Bank Pembangunan Daerah Jawa Timur Tbk.,--M-185500000081--------------,540.0,0.0,545.0,510.0,520.0,-20.0,31396400,16364813500,4510,120.9,525,545900,520,654000,14865343101,14865343101,14865343101,466200,2022000,0,0,0
2020-07-17,BJTM,Bank Pembangunan Daerah Jawa Timur Tbk.,--M-185500000081--------------,545.0,0.0,550.0,535.0,540.0,-5.0,10226000,5508457500,1801,125.6,545,1018400,540,122100,14865343101,14865343101,14865343101,686800,691200,0,0,0
2020-07-16,BJTM,Bank Pembangunan Daerah Jawa Timur Tbk.,--M-185500000081--------------,540.0,0.0,550.0,540.0,545.0,5.0,10210300,5546432000,1217,126.7,545,134800,540,1226400,14865343101,14865343101,14865343101,373200,409000,0,0,0
2020-07-15,BJTM,Bank Pembangunan Daerah Jawa Timur Tbk.,--M-185500000081--------------,545.0,0.0,560.0,540.0,540.0,-5.0,7704200,4201424500,1144,125.6,545,442800,540,2487600,14865343101,14865343101,14865343101,278100,687600,0,0,0
2020-07-14,BJTM,Bank Pembangunan Daerah Jawa Timur Tbk.,--M-185500000081--------------,550.0,0.0,560.0,540.0,545.0,-5.0,16247400,8899228000,1580,126.7,550,765700,545,1382100,14865343101,14865343101,14865343101,883100,2081600,0,0,0
2020-07-13,BJTM,Bank Pembangunan Daerah Jawa Timur Tbk.,--M-185500000081--------------,545.0,0.0,565.0,545.0,550.0,5.0,37340800,20761582500,2605,127.9,555,659200,550,935400,14865343101,14865343101,14865343101,33700,1232500,0,0,0
2020-07-10,BJTM,Bank Pembangunan Daerah Jawa Timur Tbk.,--M-185500000081--------------,545.0,0.0,555.0,540.0,545.0,0.0,7496400,4110634000,2719,126.7,550,1060700,545,241300,14865343101,14865343101,14865343101,655600,20900,5000,2775000,1
2020-07-09,BJTM,Bank Pembangunan Daerah Jawa Timur Tbk.,--M-185500000081--------------,560.0,0.0,570.0,545.0,545.0,-15.0,13116100,7265392000,2220,126.7,550,444200,545,572100,14865343101,14865343101,14865343101,514100,5400,421100,235793000,3
2020-07-08,BJTM,Bank Pembangunan Daerah Jawa Timur Tbk.,--M-185500000081--------------,545.0,0.0,565.0,540.0,560.0,15.0,46937300,26150068500,3508,130.2,565,4464800,560,6162100,14865343101,14865343101,14865343101,420000,743100,150200,84112000,4
2020-07-07,BJTM,Bank Pembangunan Daerah Jawa Timur Tbk.,--M-185500000081--------------,525.0,0.0,550.0,525.0,545.0,20.0,36851600,19909895500,2678,126.7,545,2742800,540,5384200,14865343101,14865343101,14865343101,1664600,1828900,282600,154471500,3
2020-07-06,BJTM,Bank Pembangunan Daerah Jawa Timur Tbk.,--M-185500000081--------------,545.0,0.0,555.0,520.0,525.0,-20.0,38462900,20433257500,3770,122.1,530,315600,525,1363300,14865343101,14865343101,14865343101,1637200,37300,0,0,0
2020-07-03,BJTM,Bank Pembangunan Daerah Jawa Timur Tbk.,--M8K--1,500.0,0.0,565.0,498.0,545.0,45.0,121022100,64941209100,9068,126.7,550,2320800,545,2312800,14865343101,14865343101,14865343101,9766900,578400,0,0,0
2020-07-02,BJTM,Bank Pembangunan Daerah Jawa Timur Tbk.,--M8K--1,505.0,0.0,505.0,498.0,500.0,-5.0,12120800,6062893200,2357,116.3,500,2129400,498,2811400,14865343101,14865343101,14865343101,10254600,2200,0,0,0
2020-07-01,BJTM,Bank Pembangunan Daerah Jawa Timur Tbk.,--M8K--1,500.0,0.0,505.0,500.0,505.0,5.0,3059400,1541124500,668,117.4,505,1173300,500,5337400,14865343101,14865343101,14865343101,793700,311400,0,0,0
2020-06-30,BJTM,Bank Pembangunan Daerah Jawa Timur Tbk.,--M8K--1,500.0,0.0,510.0,500.0,500.0,0.0,2862700,1445393000,953,116.3,505,139600,500,7015800,14865343101,14865343101,14865343101,1465800,701800,618800,309400000,1
2020-06-29,BJTM,Bank Pembangunan Daerah Jawa Timur Tbk.,--M8K--1,510.0,0.0,510.0,500.0,500.0,-10.0,3051900,1537102000,1008,116.3,505,141000,500,6119200,14865343101,14865343101,14865343101,794400,0,0,0,0
2020-06-26,BJTM,Bank Pembangunan Daerah Jawa Timur Tbk.,--M8K--1,505.0,0.0,510.0,505.0,510.0,5.0,3211100,1627442000,806,118.6,510,1306000,505,866800,14865343101,14865343101,14865343101,395900,353400,0,0,0
2020-06-25,BJTM,Bank Pembangunan Daerah Jawa Timur Tbk.,--M8K--1,505.0,0.0,510.0,500.0,505.0,0.0,4397000,2215838500,894,117.4,510,1590600,505,6700,14865343101,14865343101,14865343101,571800,1478100,0,0,0
2020-06-24,BJTM,Bank Pembangunan Daerah Jawa Timur Tbk.,--M8K--1,505.0,0.0,515.0,500.0,505.0,0.0,7760900,3953721000,1743,117.4,510,455100,505,1258600,14865343101,14865343101,14865343101,1270700,648000,0,0,0
2020-06-23,BJTM,Bank Pembangunan Daerah Jawa Timur Tbk.,--M8K--1,510.0,0.0,510.0,500.0,505.0,-5.0,3506900,1770029000,879,117.4,510,1747200,505,74400,14865343101,14865343101,14865343101,487900,95000,0,0,0
2020-06-22,BJTM,Bank Pembangunan Daerah Jawa Timur Tbk.,--M8K--1,505.0,0.0,510.0,505.0,510.0,5.0,1615700,819135500,799,118.6,510,604600,505,668800,14865343101,14865343101,14865343101,0,100,0,0,0
2020-06-19,BJTM,Bank Pembangunan Daerah Jawa Timur Tbk.,--M8K--1,510.0,0.0,520.0,505.0,505.0,-5.0,3352300,1709353000,994,117.4,510,21100,505,2149500,14865343101,14865343101,14865343101,762900,68600,0,0,0
2020-06-18,BJTM,Bank Pembangunan Daerah Jawa Timur Tbk.,--M8K--1,520.0,0.0,525.0,510.0,510.0,-10.0,6371500,3285408500,1785,118.6,515,5300,510,2021800,14865343101,14865343101,14865343101,48100,914300,0,0,0
2020-06-17,BJTM,Bank Pembangunan Daerah Jawa Timur Tbk.,--M8K--1,515.0,0.0,525.0,515.0,520.0,5.0,6765900,3501100500,1526,120.9,520,1120500,515,440900,14865343101,14865343101,14865343101,182100,1435500,0,0,0
2020-06-16,BJTM,Bank Pembangunan Daerah Jawa Timur Tbk.,--M8K--1,500.0,0.0,520.0,500.0,515.0,15.0,14554100,7463431500,2100,119.8,520,2077800,515,111500,14865343101,14865343101,14865343101,1269400,2909600,0,0,0
2020-06-15,BJTM,Bank Pembangunan Daerah Jawa Timur Tbk.,--M8K--1,505.0,0.0,515.0,498.0,500.0,-5.0,4540000,2289407600,1391,116.3,500,67100,498,320400,14865343101,14865343101,14865343101,942800,578500,0,0,0
2020-06-12,BJTM,Bank Pembangunan Daerah Jawa Timur Tbk.,--M8K--1,500.0,0.0,505.0,488.0,505.0,5.0,8086600,4008734600,1737,117.4,505,762400,500,498100,14865343101,14865343101,14865343101,582500,1581200,0,0,0
2020-06-11,BJTM,Bank Pembangunan Daerah Jawa Timur Tbk.,--M8K--1,500.0,0.0,510.0,492.0,500.0,0.0,7477900,3746489800,1759,116.3,505,605800,500,198900,14865343101,14865343101,14865343101,156700,1753900,0,0,0
2020-06-10,BJTM,Bank Pembangunan Daerah Jawa Timur Tbk.,--M8K--1,510.0,0.0,520.0,496.0,500.0,-10.0,11469500,5793315100,3030,116.3,505,858900,500,731400,14865343101,14865343101,14865343101,439200,1652000,0,0,0
2020-06-09,BJTM,Bank Pembangunan Daerah Jawa Timur Tbk.,--M8K--1,525.0,0.0,540.0,510.0,510.0,-15.0,29710800,15699346500,4962,118.6,515,367000,510,1411900,14865343101,14865343101,14865343101,5027800,120300,10,5362,2
2020-06-08,BJTM,Bank Pembangunan Daerah Jawa Timur Tbk.,--M8K--1,510.0,0.0,535.0,510.0,525.0,15.0,25427800,13327540000,3119,122.1,530,1207200,525,440700,14865343101,14865343101,14865343101,5142400,13200,0,0,0
2020-06-05,BJTM,Bank Pembangunan Daerah Jawa Timur Tbk.,--M8K--1,510.0,0.0,515.0,500.0,510.0,0.0,9968600,5066414000,1584,118.6,515,1117600,510,620000,14865343101,14865343101,14865343101,2600600,534700,0,0,0
2020-06-04,BJTM,Bank Pembangunan Daerah Jawa Timur Tbk.,--M8K--1,496.0,0.0,530.0,498.0,510.0,14.0,35471000,18398738300,4260,118.6,510,97000,505,653600,14865343101,14865343101,14865343101,7633100,4940500,0,0,0
2020-06-03,BJTM,Bank Pembangunan Daerah Jawa Timur Tbk.,--M8K--1,490.0,0.0,500.0,490.0,496.0,6.0,11626700,5767425400,2324,115.3,498,475200,496,185900,14865343101,14865343101,14865343101,2760100,1011900,1677500,828685000,1
2020-06-02,BJTM,Bank Pembangunan Daerah Jawa Timur Tbk.,XDM8K--1,488.0,0.0,500.0,488.0,490.0,2.0,17689400,8737499000,2417,114.0,492,11000,490,136800,14865343101,14865343101,14865343101,9424200,4562900,0,0,0
2020-05-29,BJTM,Bank Pembangunan Daerah Jawa Timur Tbk.,XDM8K--1,498.0,0.0,498.0,488.0,488.0,-10.0,11321500,5563927800,2220,113.5,490,352100,488,420100,14865343101,14865343101,14865343101,4449500,2734500,0,0,0
2020-05-28,BJTM,Bank Pembangunan Daerah Jawa Timur Tbk.,XDM8K--1,496.0,0.0,510.0,496.0,498.0,2.0,9714500,4865287900,1793,115.8,500,135800,498,13600,14865343101,14865343101,14865343101,1172900,2476100,0,0,0
2020-05-27,BJTM,Bank Pembangunan Daerah Jawa Timur Tbk.,XDM8K--1,490.0,0.0,498.0,490.0,496.0,6.0,3649400,1800703800,941,115.3,496,642700,494,95400,14865343101,14865343101,14865343101,72100,482800,0,0,0
2020-05-26,BJTM,Bank Pembangunan Daerah Jawa Timur Tbk.,XDM8K--1,486.0,0.0,492.0,486.0,490.0,4.0,4412400,2155852600,1417,114.0,492,240200,490,59800,14865343101,14865343101,14865343101,1016200,189400,20000,10900000,1
2020-05-20,BJTM,Bank Pembangunan Daerah Jawa Timur Tbk.,XDM8K--1,484.0,0.0,488.0,480.0,486.0,2.0,3073800,1488353000,855,113.0,486,557700,484,198400,14865343101,14865343101,14865343101,139400,822200,82000,37064000,1
2020-05-19,BJTM,Bank Pembangunan Daerah Jawa Timur Tbk.,XDM8K--1,476.0,0.0,492.0,478.0,484.0,8.0,5815200,2825086800,1408,112.6,484,251700,482,66600,14865343101,14865343101,14865343101,1309900,1031000,0,0,0
2020-05-18,BJTM,Bank Pembangunan Daerah Jawa Timur Tbk.,XDM8K--1,474.0,0.0,478.0,470.0,476.0,2.0,2812300,1334179800,799,110.7,476,14900,474,25400,14865343101,14865343101,14865343101,0,600000,0,0,0
2020-05-15,BJTM,Bank Pembangunan Daerah Jawa Timur Tbk.,XDM8K--1,474.0,0.0,484.0,470.0,474.0,0.0,3260500,1547486800,1124,110.2,476,46700,474,57300,14865343101,14865343101,14865343101,289000,1057900,0,0,0
2020-05-14,BJTM,Bank Pembangunan Daerah Jawa Timur Tbk.,XDM8K--1,480.0,0.0,490.0,474.0,474.0,-6.0,4982700,2391220400,1528,110.2,476,45700,474,183200,14865343101,14865343101,14865343101,682100,1529100,0,0,0
2020-05-13,BJTM,Bank Pembangunan Daerah Jawa Timur Tbk.,XDM8K--1,484.0,0.0,486.0,474.0,480.0,-4.0,6552200,3142933200,1877,111.6,482,52300,480,85500,14865343101,14865343101,14865343101,1544300,1911100,3984467,1928481626,2
2020-05-12,BJTM,Bank Pembangunan Daerah Jawa Timur Tbk.,XDM8K--1,494.0,0.0,498.0,478.0,484.0,-10.0,10494500,5078052600,2192,112.6,486,81400,484,172300,14865343101,14865343101,14865343101,5328600,844600,0,0,0
2020-05-11,BJTM,Bank Pembangunan Daerah Jawa Timur Tbk.,XDM8K--1,496.0,0.0,505.0,492.0,494.0,-2.0,10716200,5340611100,2354,114.9,496,52400,494,300300,14865343101,14865343101,14865343101,4704800,1811400,0,0,0
2020-05-08,BJTM,Bank Pembangunan Daerah Jawa Timur Tbk.,--M8K--1,505.0,0.0,498.0,480.0,496.0,-9.0,20109100,9870077000,3247,115.3,496,314200,494,923700,14865343101,14865343101,14865343101,2735300,3741000,0,0,0
2020-05-06,BJTM,Bank Pembangunan Daerah Jawa Timur Tbk.,--M8K--1,540.0,0.0,505.0,505.0,505.0,-35.0,6725300,3396276500,1509,117.4,505,12653500,0,0,14865343101,14865343101,14865343101,279100,100,100,55500,1
2020-05-05,BJTM,Bank Pembangunan Daerah Jawa Timur Tbk.,CDM8K--1,545.0,0.0,555.0,535.0,540.0,-5.0,30568600,16585122000,3181,125.6,540,1835800,535,1078300,14865343101,14865343101,14865343101,6998400,230000,100,56500,1
2020-05-04,BJTM,Bank Pembangunan Daerah Jawa Timur Tbk.,CDM8K--1,560.0,0.0,560.0,540.0,545.0,-15.0,22669800,12447738000,2534,126.7,550,2238700,545,1770800,14865343101,14865343101,14865343101,6236000,352800,0,0,0
2020-04-30,BJTM,Bank Pembangunan Daerah Jawa Timur Tbk.,CDM8K--1,545.0,0.0,565.0,550.0,560.0,15.0,18051800,10075788500,1963,130.2,560,555500,555,1664500,14865343101,14865343101,14865343101,3750900,450400,23,12880,1
2020-04-29,BJTM,Bank Pembangunan Daerah Jawa Timur Tbk.,--M8K--1,530.0,0.0,555.0,530.0,545.0,15.0,8782600,4768108500,1164,126.7,545,284700,540,983900,14865343101,14865343101,14865343101,2330700,200500,0,0,0
2020-04-28,BJTM,Bank Pembangunan Daerah Jawa Timur Tbk.,--M8K--1,540.0,0.0,545.0,530.0,530.0,-10.0,4500400,2403317000,951,123.3,535,135000,530,1322100,14865343101,14865343101,14865343101,746900,5400,0,0,0
2020-04-27,BJTM,Bank Pembangunan Daerah Jawa Timur Tbk.,--M8K--1,555.0,0.0,575.0,530.0,540.0,-15.0,10553400,5736443000,1706,125.6,545,373100,540,254800,14865343101,14865343101,14865343101,707500,4000,0,0,0
2020-04-24,BJTM,Bank Pembangunan Daerah Jawa Timur Tbk.,--M8K--1,580.0,0.0,590.0,555.0,555.0,-25.0,8248700,4672651000,1450,129.1,560,116300,555,929600,14865343101,14865343101,14865343101,1564800,18000,0,0,0
2020-04-23,BJTM,Bank Pembangunan Daerah Jawa Timur Tbk.,--M8K--1,545.0,0.0,590.0,550.0,580.0,35.0,20990200,12075416500,2318,134.9,580,5309100,575,303000,14865343101,14865343101,14865343101,3220900,64100,238900,121839000,1
2020-04-22,BJTM,Bank Pembangunan Daerah Jawa Timur Tbk.,--M8K--1,540.0,0.0,550.0,535.0,545.0,5.0,3919800,2127574000,597,126.7,545,223000,540,607200,14865343101,14865343101,14865343101,660800,115000,0,0,0
2020-04-21,BJTM,Bank Pembangunan Daerah Jawa Timur Tbk.,--M8K--1,540.0,0.0,540.0,530.0,540.0,0.0,4260700,2285928500,573,125.6,540,1095800,535,951100,14865343101,14865343101,14865343101,375400,1700,5000,2700000,1
2020-04-20,BJTM,Bank Pembangunan Daerah Jawa Timur Tbk.,--M8K--1,545.0,0.0,550.0,535.0,540.0,-5.0,4311200,2347279000,706,125.6,545,133300,540,280800,14865343101,14865343101,14865343101,1344200,30400,0,0,0
2020-04-17,BJTM,Bank Pembangunan Daerah Jawa Timur Tbk.,--M8K--1,535.0,0.0,550.0,540.0,545.0,10.0,3949100,2148112000,837,126.7,545,4974300,540,325300,14865343101,14865343101,14865343101,1216700,147500,0,0,0
2020-04-16,BJTM,Bank Pembangunan Daerah Jawa Timur Tbk.,--M8K--1,545.0,0.0,550.0,530.0,535.0,-10.0,4021400,2153346000,1104,124.4,540,628300,535,266300,14865343101,14865343101,14865343101,1318000,103500,0,0,0
2020-04-15,BJTM,Bank Pembangunan Daerah Jawa Timur Tbk.,--M8K--1,545.0,0.0,565.0,545.0,545.0,0.0,10620100,5874780000,1181,126.7,550,202500,545,9900,14865343101,14865343101,14865343101,674800,125700,83,43990,1
2020-04-14,BJTM,Bank Pembangunan Daerah Jawa Timur Tbk.,--M8K--1,515.0,0.0,550.0,515.0,545.0,30.0,9371100,5038083000,1226,126.7,550,954300,545,537900,14865343101,14865343101,14865343101,1117900,108600,0,0,0
2020-04-13,BJTM,Bank Pembangunan Daerah Jawa Timur Tbk.,--M8K--1,510.0,0.0,530.0,505.0,515.0,5.0,2694900,1393724500,649,119.8,520,268200,515,519200,14865343101,14865343101,14865343101,32000,174300,22872000,11641848000,1
2020-04-09,BJTM,Bank Pembangunan Daerah Jawa Timur Tbk.,--M8K--1,510.0,0.0,525.0,498.0,510.0,0.0,4135500,2106475000,842,118.6,515,47800,510,300,14865343101,14865343101,14865343101,874000,630700,5000,2800000,1
2020-04-08,BJTM,Bank Pembangunan Daerah Jawa Timur Tbk.,--M8K--1,540.0,0.0,545.0,505.0,510.0,-30.0,8260000,4219007500,1571,118.6,510,183800,505,758800,14865343101,14865343101,14865343101,2316900,4000,0,0,0
2020-04-07,BJTM,Bank Pembangunan Daerah Jawa Timur Tbk.,--M8K--1,525.0,0.0,555.0,520.0,540.0,15.0,12707300,6822033000,1733,125.6,545,178200,540,52800,14865343101,14865343101,14865343101,1482500,957000,0,0,0
2020-04-06,BJTM,Bank Pembangunan Daerah Jawa Timur Tbk.,--M8K--1,500.0,0.0,525.0,500.0,525.0,25.0,10696800,5539698500,2020,122.1,525,323700,520,764400,14865343101,14865343101,14865343101,1327400,123600,0,0,0
2020-04-03,BJTM,Bank Pembangunan Daerah Jawa Timur Tbk.,--M8K--1,466.0,0.0,500.0,470.0,500.0,34.0,11438400,5616002200,1906,116.3,505,5100,500,305400,14865343101,14865343101,14865343101,852400,5464500,0,0,0
2020-04-02,BJTM,Bank Pembangunan Daerah Jawa Timur Tbk.,--M8K--1,436.0,0.0,468.0,432.0,466.0,30.0,5138800,2333391800,1186,108.4,468,38500,466,23700,14865343101,14865343101,14865343101,298700,1231400,3116900,1411955700,1
2020-04-01,BJTM,Bank Pembangunan Daerah Jawa Timur Tbk.,--M8K--1,438.0,0.0,456.0,436.0,436.0,-2.0,3970400,1764751400,1249,101.4,436,62200,434,52100,14865343101,14865343101,14865343101,1053600,3200,0,0,0
2020-03-31,BJTM,Bank Pembangunan Daerah Jawa Timur Tbk.,--M8K--1,436.0,0.0,464.0,436.0,438.0,2.0,3308500,1479115400,923,101.9,444,1100,438,303600,14865343101,14865343101,14865343101,1702000,108300,67000,27202000,1
2020-03-30,BJTM,Bank Pembangunan Daerah Jawa Timur Tbk.,--M8K--1,458.0,0.0,458.0,426.0,436.0,-22.0,4294500,1891261400,1021,101.4,438,500,436,6900,14865343101,14865343101,14865343101,839000,198300,0,0,0
2020-03-27,BJTM,Bank Pembangunan Daerah Jawa Timur Tbk.,--M8K--1,444.0,0.0,494.0,458.0,458.0,14.0,20698800,9815178200,3792,106.5,460,133600,458,148300,14865343101,14865343101,14865343101,3473400,2449000,0,0,0
2020-03-26,BJTM,Bank Pembangunan Daerah Jawa Timur Tbk.,--M8K--1,400.0,0.0,450.0,404.0,444.0,44.0,20811600,9073646400,2887,103.3,448,291800,444,479800,14865343101,14865343101,14865343101,4920400,3251300,0,0,0
2020-03-24,BJTM,Bank Pembangunan Daerah Jawa Timur Tbk.,--M8K--1,404.0,0.0,418.0,394.0,400.0,-4.0,5935100,2393889800,1106,93.0,402,21200,400,738500,14865343101,14865343101,14865343101,1573800,207800,0,0,0
2020-03-23,BJTM,Bank Pembangunan Daerah Jawa Timur Tbk.,--M8K--1,428.0,0.0,420.0,400.0,404.0,-24.0,8727000,3545959600,893,94.0,404,8500,402,268800,14865343101,14865343101,14865343101,5351400,5107400,0,0,0
2020-03-20,BJTM,Bank Pembangunan Daerah Jawa Timur Tbk.,--M8K--1,402.0,0.0,428.0,378.0,428.0,26.0,10466600,4209934400,2061,99.5,428,106800,424,100,14865343101,14865343101,14865343101,1390200,2448100,0,0,0
2020-03-19,BJTM,Bank Pembangunan Daerah Jawa Timur Tbk.,--M8K--1,432.0,0.0,428.0,402.0,402.0,-30.0,6920900,2791900200,1115,93.5,402,154000,0,0,14865681296,14865681296,14865681296,730900,75000,0,0,0
2020-03-18,BJTM,Bank Pembangunan Daerah Jawa Timur Tbk.,--M8K--1,452.0,0.0,470.0,422.0,432.0,-20.0,20743300,9023370600,2371,100.5,432,126800,430,201000,14865681296,14865681296,14865681296,5078300,7522300,0,0,0
2020-03-17,BJTM,Bank Pembangunan Daerah Jawa Timur Tbk.,--M8K--1,486.0,0.0,486.0,452.0,452.0,-34.0,8572900,3947581600,1382,105.1,452,106200,0,0,14865681296,14865681296,14865681296,1105200,331600,0,0,0
2020-03-16,BJTM,Bank Pembangunan Daerah Jawa Timur Tbk.,--M8K--1,520.0,0.0,520.0,484.0,486.0,-34.0,9098000,4486682400,1802,113.0,486,533200,484,86900,14865681296,14865681296,14865681296,143000,1113000,0,0,0
2020-03-13,BJTM,Bank Pembangunan Daerah Jawa Timur Tbk.,--M8K--1,530.0,0.0,525.0,494.0,520.0,-10.0,11460800,5779984800,1915,120.9,520,134000,515,135200,14865681296,14865681296,14865681296,213500,885100,0,0,0
2020-03-12,BJTM,Bank Pembangunan Daerah Jawa Timur Tbk.,--M8K--1,565.0,0.0,565.0,525.0,530.0,-35.0,9687300,5231761500,1679,123.3,530,758700,525,490200,14865681296,14865681296,14865681296,1316400,204700,0,0,0
2020-03-11,BJTM,Bank Pembangunan Daerah Jawa Timur Tbk.,--M8K--1,585.0,0.0,595.0,555.0,565.0,-20.0,12014500,6885852000,1767,131.4,570,229600,565,256400,14863470096,14863470096,14863470096,2424500,73000,0,0,0
2020-03-10,BJTM,Bank Pembangunan Daerah Jawa Timur Tbk.,--M8K--1,585.0,0.0,605.0,580.0,585.0,0.0,9137300,5396231000,1487,136.0,590,846000,585,952700,14863470096,14863470096,14863470096,3251400,346900,0,0,0
2020-03-09,BJTM,Bank Pembangunan Daerah Jawa Timur Tbk.,--M8K--1,620.0,0.0,615.0,575.0,585.0,-35.0,13598300,8056990500,2187,136.0,590,210700,585,294600,14862306296,14862306296,14862306296,489500,2338800,4456500,2896725000,4
2020-03-06,BJTM,Bank Pembangunan Daerah Jawa Timur Tbk.,--M8K--1,625.0,0.0,625.0,615.0,620.0,-5.0,3066300,1898888500,771,144.2,625,1430900,620,21900,14862306296,14862306296,14862306296,889000,710800,0,0,0
2020-03-05,BJTM,Bank Pembangunan Daerah Jawa Timur Tbk.,--M8K--1,630.0,0.0,635.0,620.0,625.0,-5.0,6088300,3816998500,1032,145.3,625,381900,620,1953500,14861277096,14861277096,14861277096,2520300,1062100,0,0,0
2020-03-04,BJTM,Bank Pembangunan Daerah Jawa Timur Tbk.,--M8K--1,615.0,0.0,630.0,610.0,630.0,15.0,8490000,5303301500,1423,146.5,630,710700,625,647100,14861277096,14861277096,14861277096,2768300,3297300,9100000,6306300000,2
2020-03-03,BJTM,Bank Pembangunan Daerah Jawa Timur Tbk.,--M8K--1,610.0,0.0,625.0,610.0,615.0,5.0,7304200,4500283000,1258,143.0,620,177700,615,1511600,14861277096,14861277096,14861277096,2345900,1329600,212200,97612000,2
2020-03-02,BJTM,Bank Pembangunan Daerah Jawa Timur Tbk.,--S8K--1,615.0,0.0,615.0,600.0,610.0,-5.0,7328500,4446911000,1397,141.9,610,1659900,605,325400,14861277096,14861277096,14861277096,2704900,1683400,0,0,0
2020-02-28,BJTM,Bank Pembangunan Daerah Jawa Timur Tbk.,--S8K--1,620.0,0.0,620.0,595.0,615.0,-5.0,17877000,10768968000,2079,143.0,615,606600,610,118300,14861036296,14861036296,14861036296,2072800,7108000,0,0,0
2020-02-27,BJTM,Bank Pembangunan Daerah Jawa Timur Tbk.,--S8K--1,625.0,0.0,630.0,610.0,620.0,-5.0,6624200,4087503500,1580,144.2,620,46500,615,141500,14860016896,14860016896,14860016896,1573400,110500,463000,217610000,3
2020-02-26,BJTM,Bank Pembangunan Daerah Jawa Timur Tbk.,--S8K--1,635.0,0.0,635.0,625.0,625.0,-10.0,5678700,3575167500,1348,145.3,630,50800,625,1247800,14859849896,14859849896,14859849896,1771000,2727200,17134,11993800,1
2020-02-25,BJTM,Bank Pembangunan Daerah Jawa Timur Tbk.,--S8K--1,625.0,0.0,640.0,620.0,635.0,10.0,6568900,4154533500,625,147.7,635,115300,630,334500,14857149896,14857149896,14857149896,1352300,3423200,0,0,0
2020-02-24,BJTM,Bank Pembangunan Daerah Jawa Timur Tbk.,--S8K--1,640.0,0.0,645.0,620.0,625.0,-15.0,7549700,4738617000,1299,145.3,630,90200,625,22500,14855345796,14855345796,14855345796,1071200,30900,0,0,0
2020-02-21,BJTM,Bank Pembangunan Daerah Jawa Timur Tbk.,--S8K--1,635.0,0.0,645.0,635.0,640.0,5.0,4493200,2874891500,703,148.8,640,19000,635,796300,14855345796,14855345796,14855345796,1435500,1647900,0,0,0
2020-02-20,BJTM,Bank Pembangunan Daerah Jawa Timur Tbk.,--S8K--1,640.0,0.0,645.0,635.0,635.0,-5.0,4968400,3174870000,637,147.7,640,1700,635,1396300,14854771996,14854771996,14854771996,2215800,879800,0,0,0
2020-02-19,BJTM,Bank Pembangunan Daerah Jawa Timur Tbk.,--S8K--1,635.0,0.0,645.0,635.0,640.0,5.0,2559100,1635987000,593,148.8,645,850000,640,127200,14854274496,14854274496,14854274496,771300,1406900,0,0,0
2020-02-18,BJTM,Bank Pembangunan Daerah Jawa Timur Tbk.,--S8K--1,635.0,0.0,640.0,630.0,635.0,0.0,2247300,1426867000,548,147.7,640,780700,635,80000,14854274496,14854274496,14854274496,579800,418900,1503612,1052528400,1
2020-02-17,BJTM,Bank Pembangunan Daerah Jawa Timur Tbk.,--S8K--1,635.0,0.0,640.0,630.0,635.0,0.0,994100,630175000,351,147.7,635,491300,630,1135400,14853937796,14853937796,14853937796,145900,0,35400,16921200,1
2020-02-14,BJTM,Bank Pembangunan Daerah Jawa Timur Tbk.,--S8K--1,635.0,0.0,640.0,630.0,635.0,0.0,1738400,1105245500,455,147.7,640,937200,635,312100,14853937796,14853937796,14853937796,429800,943300,0,0,0
2020-02-13,BJTM,Bank Pembangunan Daerah Jawa Timur Tbk.,--S8K--1,630.0,0.0,640.0,625.0,635.0,5.0,6079900,3844271000,757,147.7,640,1392100,635,570200,14852720796,14852720796,14852720796,2256500,3436600,0,0,0
2020-02-12,BJTM,Bank Pembangunan Daerah Jawa Timur Tbk.,--S8K--1,640.0,0.0,640.0,630.0,630.0,-10.0,853200,540295500,429,146.5,635,1098300,630,1029400,14852720796,14852720796,14852720796,187500,112000,0,0,0
2020-02-11,BJTM,Bank Pembangunan Daerah Jawa Timur Tbk.,--S8K--1,645.0,0.0,645.0,630.0,640.0,-5.0,2306200,1469613500,519,148.8,640,606300,635,249900,14852720796,14852720796,14852720796,586200,206200,0,0,0
2020-02-10,BJTM,Bank Pembangunan Daerah Jawa Timur Tbk.,--S8K--1,650.0,0.0,650.0,635.0,645.0,-5.0,1930300,1238358000,646,150.0,645,491800,640,8900,14852553796,14852553796,14852553796,534600,500700,0,0,0
2020-02-07,BJTM,Bank Pembangunan Daerah Jawa Timur Tbk.,--S8K--1,640.0,0.0,650.0,635.0,650.0,10.0,3967800,2552832000,916,151.2,650,1765900,645,97100,14852553796,14852553796,14852553796,836900,2253400,0,0,0
2020-02-06,BJTM,Bank Pembangunan Daerah Jawa Timur Tbk.,--S8K--1,640.0,0.0,645.0,640.0,640.0,0.0,2408500,1548000500,780,148.8,645,124700,640,3721800,14852553796,14852553796,14852553796,380000,539900,0,0,0
2020-02-05,BJTM,Bank Pembangunan Daerah Jawa Timur Tbk.,--S8K--1,630.0,0.0,645.0,625.0,640.0,10.0,8157700,5194426500,1329,148.8,645,1715300,640,958900,14852553796,14852553796,14852553796,2692000,5495700,81051,56735700,2
2020-02-04,BJTM,Bank Pembangunan Daerah Jawa Timur Tbk.,--S8K--1,625.0,0.0,635.0,625.0,630.0,5.0,5666800,3573754500,581,146.5,635,1329000,630,181600,14852553796,14852553796,14852553796,1931100,3218700,2000000,1260000000,1
2020-02-03,BJTM,Bank Pembangunan Daerah Jawa Timur Tbk.,--S8K--1,625.0,0.0,635.0,620.0,625.0,0.0,6413700,4016556500,817,145.3,630,713700,625,773800,14852553796,14852553796,14852553796,781600,2749700,82,51250,1
2020-01-31,BJTM,Bank Pembangunan Daerah Jawa Timur Tbk.,--S8K--1,620.0,0.0,635.0,610.0,625.0,5.0,25792300,15990347000,1798,145.3,630,929900,625,3175000,14852553796,14852553796,14852553796,507900,9671600,1458348,914093400,3
2020-01-30,BJTM,Bank Pembangunan Daerah Jawa Timur Tbk.,--S8K--1,630.0,0.0,635.0,615.0,620.0,-10.0,32930000,20432662000,1190,144.2,620,1115700,615,2368500,14852553796,14852553796,14852553796,17500,20122800,0,0,0
2020-01-29,BJTM,Bank Pembangunan Daerah Jawa Timur Tbk.,--S8K--1,630.0,0.0,640.0,625.0,630.0,0.0,4471000,2830756500,617,146.5,635,577600,630,263700,14852553796,14852553796,14852553796,337800,4000,0,0,0
2020-01-28,BJTM,Bank Pembangunan Daerah Jawa Timur Tbk.,--S8K--1,625.0,0.0,630.0,615.0,630.0,5.0,4000100,2490708000,758,146.5,630,1707200,625,418300,14852553796,14852553796,14852553796,125900,29200,0,0,0
2020-01-27,BJTM,Bank Pembangunan Daerah Jawa Timur Tbk.,--S8K--1,645.0,0.0,645.0,620.0,625.0,-20.0,13059400,8217799500,1558,145.3,625,318300,620,350300,14852553796,14852553796,14852553796,0,3473600,0,0,0
2020-01-24,BJTM,Bank Pembangunan Daerah Jawa Timur Tbk.,--S8K--1,625.0,0.0,645.0,625.0,645.0,20.0,4871300,3112777500,640,150.0,645,973100,640,524200,14852553796,14852553796,14852553796,0,1703700,0,0,0
2020-01-23,BJTM,Bank Pembangunan Daerah Jawa Timur Tbk.,--S8K--1,635.0,0.0,635.0,615.0,625.0,-10.0,7124500,4464486500,1049,145.3,630,75000,625,1161700,14852553796,14852553796,14852553796,0,329600,500000,325000000,1
2020-01-22,BJTM,Bank Pembangunan Daerah Jawa Timur Tbk.,--S8K--1,650.0,0.0,655.0,580.0,635.0,-15.0,172480900,104247202000,5430,147.7,635,570100,630,440900,14852553796,14852553796,14852553796,45300,40415400,0,0,0
2020-01-21,BJTM,Bank Pembangunan Daerah Jawa Timur Tbk.,--S8K--1,650.0,0.0,665.0,650.0,650.0,0.0,9382700,6144156000,1011,151.2,655,661000,650,1310700,14852553796,14852553796,14852553796,434600,472900,0,0,0
2020-01-20,BJTM,Bank Pembangunan Daerah Jawa Timur Tbk.,--S8K--1,665.0,0.0,670.0,645.0,650.0,-15.0,14536200,9558799500,1421,151.2,655,200,650,1320600,14852553796,14852553796,14852553796,2756800,391500,9100000,6051500000,2
2020-01-17,BJTM,Bank Pembangunan Daerah Jawa Timur Tbk.,--S8K--1,665.0,0.0,670.0,665.0,665.0,0.0,1480100,986372000,410,154.7,670,1811700,665,958600,14852553796,14852553796,14852553796,605300,215200,0,0,0
2020-01-16,BJTM,Bank Pembangunan Daerah Jawa Timur Tbk.,--S8K--1,670.0,0.0,670.0,665.0,665.0,-5.0,1188200,792334500,362,154.7,670,1653600,665,2610200,14852553796,14852553796,14852553796,447100,211700,193700,129779000,1
2020-01-15,BJTM,Bank Pembangunan Daerah Jawa Timur Tbk.,--S8K--1,670.0,0.0,675.0,665.0,670.0,0.0,11173500,7481168500,858,155.8,670,853600,665,1455400,14852553796,14852553796,14852553796,3880400,4747600,0,0,0
2020-01-14,BJTM,Bank Pembangunan Daerah Jawa Timur Tbk.,--S8K--1,670.0,0.0,675.0,670.0,670.0,0.0,3419000,2294291000,585,155.8,675,1358500,670,25600,14852553796,14852553796,14852553796,1000300,269400,78,52260,1
2020-01-13,BJTM,Bank Pembangunan Daerah Jawa Timur Tbk.,--S8K--1,675.0,0.0,675.0,670.0,670.0,-5.0,4475400,3004244500,767,155.8,675,382100,670,855300,14852553796,14852553796,14852553796,2086300,181900,0,0,0
2020-01-10,BJTM,Bank Pembangunan Daerah Jawa Timur Tbk.,--S8K--1,675.0,0.0,680.0,670.0,675.0,0.0,4781500,3216209000,897,157.0,675,785600,670,1512800,14852553796,14852553796,14852553796,3094300,880300,200000,135000000,1
2020-01-09,BJTM,Bank Pembangunan Daerah Jawa Timur Tbk.,--S8K--1,675.0,0.0,680.0,670.0,675.0,0.0,4218900,2849207500,650,157.0,680,2776900,675,38900,14852553796,14852553796,14852553796,3572000,476100,0,0,0
2020-01-08,BJTM,Bank Pembangunan Daerah Jawa Timur Tbk.,--S8K--1,680.0,0.0,680.0,670.0,675.0,-5.0,3867500,2613143500,484,157.0,680,1582500,675,584300,14852553796,14852553796,14852553796,1453200,24100,0,0,0
2020-01-07,BJTM,Bank Pembangunan Daerah Jawa Timur Tbk.,--S8K--1,675.0,0.0,685.0,675.0,680.0,5.0,5003300,3394069000,373,158.1,685,1510100,680,148500,14852553796,14852553796,14852553796,3387400,100000,100000,67000000,1
2020-01-06,BJTM,Bank Pembangunan Daerah Jawa Timur Tbk.,--S8K--1,680.0,0.0,680.0,675.0,675.0,-5.0,1829000,1237534000,334,157.0,680,596500,675,1096100,14852553796,14852553796,14852553796,1011200,0,0,0,0
2020-01-03,BJTM,Bank Pembangunan Daerah Jawa Timur Tbk.,--S8K--1,680.0,0.0,685.0,680.0,680.0,0.0,1546300,1053292000,326,158.1,685,753600,680,252900,14852553796,14852553796,14852553796,820300,112600,0,0,0
2020-01-02,BJTM,Bank Pembangunan Daerah Jawa Timur Tbk.,--S8K--1,685.0,0.0,685.0,680.0,680.0,-5.0,1581400,1076181000,456,158.1,685,1228100,680,1634500,14852553796,14852553796,14852553796,740200,0,0,0,0
