Date,Ticker,Name,Remarks,Previous,Open,High,Low,Close,Change,Volume,Value,Frequency,IndexIndividual,Offer,OfferVolume,Bid,BidVolume,ListedShares,TradebleShares,WeightForIndex,ForeignSell,ForeignBuy,NonRegularVolume,NonRegularValue,NonRegularFrequency
2026-05-22,CAMP,Campina Ice Cream Industry Tbk.,--MO2135000000D221------------,184.0,183.0,183.0,170.0,177.0,-7.0,442300,77706600,220,53.6,177,30500,176,3300,5885000000,5885000000,557309500,900,54400,0,0,0
2026-05-21,CAMP,Campina Ice Cream Industry Tbk.,--MO2135000000D221------------,191.0,0.0,191.0,183.0,184.0,-7.0,341500,63347900,137,55.8,184,55400,183,13000,5885000000,5885000000,557309500,12600,1800,0,0,0
2026-05-20,CAMP,Campina Ice Cream Industry Tbk.,--MO2135000000D221------------,192.0,0.0,195.0,187.0,191.0,-1.0,202100,38320400,112,57.9,191,27400,188,5200,5885000000,5885000000,557309500,500,63000,0,0,0
2026-05-19,CAMP,Campina Ice Cream Industry Tbk.,--MO2135000000D221------------,193.0,193.0,198.0,190.0,192.0,-1.0,303600,59707200,110,58.2,192,12600,191,600,5885000000,5885000000,557309500,37700,400,0,0,0
2026-05-18,CAMP,Campina Ice Cream Industry Tbk.,--MO2135000000D221------------,198.0,195.0,196.0,180.0,193.0,-5.0,495200,94751600,219,58.5,193,10100,192,300,5885000000,5885000000,557309500,90200,18500,0,0,0
2026-05-13,CAMP,Campina Ice Cream Industry Tbk.,--MO2135000000D221------------,199.0,199.0,199.0,196.0,198.0,-1.0,260800,51289100,145,60.0,198,9300,196,49200,5885000000,5885000000,557309500,200,400,0,0,0
2026-05-12,CAMP,Campina Ice Cream Industry Tbk.,--MO2135000000D221------------,198.0,0.0,208.0,197.0,199.0,1.0,940700,189728200,279,60.3,199,21200,198,38100,5885000000,5885000000,557309500,58000,1100,0,0,0
2026-05-11,CAMP,Campina Ice Cream Industry Tbk.,--MO2135000000D221------------,198.0,198.0,199.0,196.0,198.0,0.0,661600,130523900,137,60.0,199,400,198,33300,5885000000,5885000000,557309500,41700,0,0,0,0
2026-05-08,CAMP,Campina Ice Cream Industry Tbk.,--MO2135000000D221------------,200.0,200.0,202.0,197.0,198.0,-2.0,341400,68126100,173,60.0,198,238800,197,32700,5885000000,5885000000,557309500,300,500,0,0,0
2026-05-07,CAMP,Campina Ice Cream Industry Tbk.,--MO2135000000D221------------,200.0,199.0,200.0,198.0,200.0,0.0,44400,8819700,76,60.6,200,49900,199,30600,5885000000,5885000000,557309500,0,100,0,0,0
2026-05-06,CAMP,Campina Ice Cream Industry Tbk.,--MO2135000000D221------------,199.0,199.0,202.0,196.0,200.0,1.0,524800,103794100,153,60.6,200,66500,199,5000,5885000000,5885000000,557309500,0,400,0,0,0
2026-05-05,CAMP,Campina Ice Cream Industry Tbk.,--MO2135000000D221------------,200.0,0.0,200.0,198.0,199.0,-1.0,261700,52200100,92,60.3,200,180600,199,300,5885000000,5885000000,557309500,0,200,0,0,0
2026-05-04,CAMP,Campina Ice Cream Industry Tbk.,--MO2135000000D221------------,204.0,204.0,204.0,198.0,200.0,-4.0,646600,129257500,198,60.6,200,156200,198,3600,5885000000,5885000000,557309500,400,600,0,0,0
2026-04-30,CAMP,Campina Ice Cream Industry Tbk.,--MO2135000000D221------------,206.0,204.0,208.0,200.0,204.0,-2.0,491700,100046600,94,61.8,204,4200,202,15800,5885000000,5885000000,557309500,31900,0,0,0,0
2026-04-29,CAMP,Campina Ice Cream Industry Tbk.,--MO2135000000D221------------,206.0,208.0,208.0,202.0,206.0,0.0,453800,93016200,133,62.4,206,24900,202,200,5885000000,5885000000,557309500,500,800,0,0,0
2026-04-28,CAMP,Campina Ice Cream Industry Tbk.,--MO2135000000D221------------,208.0,208.0,208.0,202.0,206.0,-2.0,166500,34257200,72,62.4,208,14700,206,96200,5885000000,5885000000,557309500,20000,0,0,0,0
2026-04-27,CAMP,Campina Ice Cream Industry Tbk.,--MO2135000000D221------------,208.0,206.0,210.0,206.0,208.0,0.0,123600,25591400,63,63.0,208,17500,206,41900,5885000000,5885000000,557309500,61300,400,0,0,0
2026-04-24,CAMP,Campina Ice Cream Industry Tbk.,--MO2135000000D221------------,210.0,210.0,210.0,206.0,208.0,-2.0,435300,90549800,77,63.0,208,26500,206,81900,5885000000,5885000000,557309500,285600,100,0,0,0
2026-04-23,CAMP,Campina Ice Cream Industry Tbk.,--MO2135000000D221------------,208.0,208.0,214.0,208.0,210.0,2.0,369700,77993800,104,63.6,210,102900,208,290900,5885000000,5885000000,557309500,25000,100,0,0,0
2026-04-22,CAMP,Campina Ice Cream Industry Tbk.,--MO2135000000D221------------,210.0,210.0,214.0,208.0,208.0,-2.0,403300,84760600,85,63.0,210,25400,208,240000,5885000000,5885000000,557309500,27800,100,0,0,0
2026-04-21,CAMP,Campina Ice Cream Industry Tbk.,--MO2135000000D221------------,206.0,206.0,212.0,204.0,210.0,4.0,624600,129673600,152,63.6,212,49300,208,1000,5885000000,5885000000,557309500,32000,200,0,0,0
2026-04-20,CAMP,Campina Ice Cream Industry Tbk.,--MO2135000000D221------------,208.0,208.0,214.0,204.0,206.0,-2.0,1098900,229302400,215,62.4,212,5000,210,100,5885000000,5885000000,557309500,103700,700,0,0,0
2026-04-17,CAMP,Campina Ice Cream Industry Tbk.,--MO2135000000D221------------,206.0,208.0,208.0,206.0,208.0,2.0,273400,56694600,92,63.0,208,106900,206,169100,5885000000,5885000000,557309500,23900,0,0,0,0
2026-04-16,CAMP,Campina Ice Cream Industry Tbk.,--MO2135000000D221------------,204.0,204.0,210.0,204.0,206.0,2.0,477300,98362200,148,62.4,206,2000,204,64000,5885000000,5885000000,557309500,66000,100,0,0,0
2026-04-15,CAMP,Campina Ice Cream Industry Tbk.,--MO2135000000D221------------,199.0,199.0,204.0,199.0,204.0,5.0,235400,47456300,106,61.8,204,43700,202,14100,5885000000,5885000000,557309500,26700,0,0,0,0
2026-04-14,CAMP,Campina Ice Cream Industry Tbk.,--MO2135000000D221------------,200.0,204.0,204.0,199.0,199.0,-1.0,234600,46799000,90,60.3,200,27100,199,250300,5885000000,5885000000,557309500,100,0,0,0,0
2026-04-13,CAMP,Campina Ice Cream Industry Tbk.,--MO2135000000D221------------,202.0,202.0,202.0,197.0,200.0,-2.0,93200,18599900,84,60.6,202,20000,200,2100,5885000000,5885000000,557309500,1600,200,0,0,0
2026-04-10,CAMP,Campina Ice Cream Industry Tbk.,--MO2135000000D221------------,197.0,196.0,202.0,196.0,202.0,5.0,89600,17851800,95,61.2,202,56000,200,9300,5885000000,5885000000,557309500,400,100,0,0,0
2026-04-09,CAMP,Campina Ice Cream Industry Tbk.,--MO2135000000D221------------,197.0,198.0,198.0,194.0,197.0,0.0,98600,19237900,90,59.7,197,41600,196,11100,5885000000,5885000000,557309500,300,0,0,0,0
2026-04-08,CAMP,Campina Ice Cream Industry Tbk.,--MO2135000000D221------------,195.0,195.0,197.0,194.0,197.0,2.0,52200,10222300,81,59.7,197,58100,196,11900,5885000000,5885000000,557309500,200,400,0,0,0
2026-04-07,CAMP,Campina Ice Cream Industry Tbk.,--MO2135000000D221------------,194.0,194.0,197.0,194.0,195.0,1.0,76600,14926400,53,59.1,195,2200,194,153600,5885000000,5885000000,557309500,6600,100,0,0,0
2026-04-06,CAMP,Campina Ice Cream Industry Tbk.,--MO2135000000D221------------,197.0,198.0,199.0,192.0,194.0,-3.0,149000,29079500,114,58.8,196,52400,194,3500,5885000000,5885000000,557309500,10600,0,0,0,0
2026-04-02,CAMP,Campina Ice Cream Industry Tbk.,--MO2135000000D221------------,197.0,0.0,199.0,196.0,197.0,0.0,96400,19039100,85,59.7,198,6800,197,500,5885000000,5885000000,557309500,26000,0,0,0,0
2026-04-01,CAMP,Campina Ice Cream Industry Tbk.,--MO2135000000D221------------,194.0,193.0,197.0,190.0,197.0,3.0,232800,45060600,91,59.7,197,4500,196,4600,5885000000,5885000000,557309500,800,400,0,0,0
2026-03-31,CAMP,Campina Ice Cream Industry Tbk.,--MO2135000000D221------------,196.0,195.0,198.0,192.0,194.0,-2.0,563300,109310100,107,58.8,197,5100,194,2300,5885000000,5885000000,557309500,143500,0,0,0,0
2026-03-30,CAMP,Campina Ice Cream Industry Tbk.,--MO2135000000D221------------,196.0,196.0,198.0,194.0,196.0,0.0,122600,23904200,73,59.4,197,21200,196,11700,5885000000,5885000000,557309500,200,400,0,0,0
2026-03-27,CAMP,Campina Ice Cream Industry Tbk.,--MO2135000000D221------------,196.0,197.0,198.0,193.0,196.0,0.0,76500,14885500,57,59.4,196,42800,195,3200,5885000000,5885000000,557309500,4100,200,0,0,0
2026-03-26,CAMP,Campina Ice Cream Industry Tbk.,--MO2135000000D221------------,195.0,197.0,199.0,194.0,196.0,1.0,173900,34188900,86,59.4,197,100,196,1700,5885000000,5885000000,557309500,10700,1200,0,0,0
2026-03-25,CAMP,Campina Ice Cream Industry Tbk.,--MO2135000000D221------------,196.0,194.0,196.0,190.0,195.0,-1.0,301100,58316700,158,59.1,196,9900,195,1800,5885000000,5885000000,557309500,2400,900,0,0,0
2026-03-17,CAMP,Campina Ice Cream Industry Tbk.,--MO2135000000D221------------,193.0,193.0,199.0,193.0,196.0,3.0,204400,40179400,108,59.4,196,59200,195,300,5885000000,5885000000,557309500,22700,7500,0,0,0
2026-03-16,CAMP,Campina Ice Cream Industry Tbk.,--MO2135000000D221------------,200.0,199.0,199.0,190.0,193.0,-7.0,610700,118263100,226,58.5,193,53000,192,11500,5885000000,5885000000,557309500,48100,3700,0,0,0
2026-03-13,CAMP,Campina Ice Cream Industry Tbk.,--MO2135000000D221------------,200.0,200.0,202.0,197.0,200.0,0.0,333000,66233700,164,60.6,200,169100,199,5400,5885000000,5885000000,557309500,5000,1800,0,0,0
2026-03-12,CAMP,Campina Ice Cream Industry Tbk.,--MO2135000000D221------------,202.0,202.0,202.0,199.0,200.0,-2.0,192900,38588800,81,60.6,200,1600,199,41800,5885000000,5885000000,557309500,3100,1400,0,0,0
2026-03-11,CAMP,Campina Ice Cream Industry Tbk.,--MO2135000000D221------------,202.0,0.0,202.0,199.0,202.0,0.0,343400,68683900,84,61.2,202,50700,200,172100,5885000000,5885000000,557309500,11500,3400,0,0,0
2026-03-10,CAMP,Campina Ice Cream Industry Tbk.,--MO2135000000D221------------,204.0,0.0,206.0,197.0,202.0,-2.0,7085000,1420674300,209,61.2,202,43200,200,48100,5885000000,5885000000,557309500,28900,0,0,0,0
2026-03-09,CAMP,Campina Ice Cream Industry Tbk.,--MO2135000000D221------------,208.0,206.0,206.0,198.0,204.0,-4.0,7769600,1548403700,260,61.8,206,2000,204,10900,5885000000,5885000000,557309500,73100,74700,0,0,0
2026-03-06,CAMP,Campina Ice Cream Industry Tbk.,--MO2135000000D221------------,208.0,208.0,210.0,204.0,208.0,0.0,659900,135806800,127,63.0,208,53700,206,4900,5885000000,5885000000,557309500,10800,1600,0,0,0
2026-03-05,CAMP,Campina Ice Cream Industry Tbk.,--MO2135000000D221------------,206.0,208.0,212.0,208.0,208.0,2.0,521200,109257200,101,63.0,212,168800,208,112800,5885000000,5885000000,557309500,12300,400,0,0,0
2026-03-04,CAMP,Campina Ice Cream Industry Tbk.,--MO2135000000D221------------,214.0,0.0,212.0,204.0,206.0,-8.0,2061500,426130800,403,62.4,206,99000,204,59200,5885000000,5885000000,557309500,165500,232000,0,0,0
2026-03-03,CAMP,Campina Ice Cream Industry Tbk.,--MO2135000000D221------------,212.0,212.0,216.0,210.0,214.0,2.0,249400,52901800,100,64.8,214,302900,212,27200,5885000000,5885000000,557309500,113300,0,0,0,0
2026-03-02,CAMP,Campina Ice Cream Industry Tbk.,--MO2135000000D221------------,218.0,214.0,216.0,210.0,212.0,-6.0,1629300,345577600,273,64.2,214,334500,212,1800,5885000000,5885000000,557309500,10200,6200,0,0,0
2026-02-27,CAMP,Campina Ice Cream Industry Tbk.,--MO2135000000D221------------,218.0,218.0,218.0,212.0,218.0,0.0,848300,181868000,199,66.1,218,146100,214,96100,5885000000,5885000000,557309500,16400,3500,0,0,0
2026-02-26,CAMP,Campina Ice Cream Industry Tbk.,--MO2135000000D221------------,218.0,218.0,224.0,212.0,218.0,0.0,2839100,619993800,252,66.1,220,3000,218,9600,5885000000,5885000000,557309500,5000,32200,0,0,0
2026-02-25,CAMP,Campina Ice Cream Industry Tbk.,--MO2135000000D221------------,218.0,0.0,222.0,214.0,218.0,0.0,1107900,241744400,139,66.1,218,12100,216,94100,5885000000,5885000000,557309500,1200,67300,0,0,0
2026-02-24,CAMP,Campina Ice Cream Industry Tbk.,--MO2135000000D221------------,222.0,222.0,222.0,218.0,218.0,-4.0,338400,73911200,129,66.1,220,600,216,79500,5885000000,5885000000,557309500,2400,1900,0,0,0
2026-02-23,CAMP,Campina Ice Cream Industry Tbk.,--MO2135000000D221------------,222.0,222.0,222.0,218.0,222.0,0.0,513400,113226200,167,67.3,222,415400,218,188800,5885000000,5885000000,557309500,1400,39600,0,0,0
2026-02-20,CAMP,Campina Ice Cream Industry Tbk.,--MO2135000000D221------------,222.0,220.0,222.0,218.0,222.0,0.0,258600,56816800,77,67.3,222,140700,220,200,5885000000,5885000000,557309500,100,92100,0,0,0
2026-02-19,CAMP,Campina Ice Cream Industry Tbk.,--MO2135000000D221------------,222.0,222.0,226.0,218.0,222.0,0.0,945900,210907400,251,67.3,222,320400,218,143200,5885000000,5885000000,557309500,7000,16400,27800,5977000,1
2026-02-18,CAMP,Campina Ice Cream Industry Tbk.,--MO2135000000D221------------,220.0,218.0,222.0,218.0,222.0,2.0,1362600,300768600,215,67.3,222,95500,220,326400,5885000000,5885000000,557309500,45100,38000,0,0,0
2026-02-13,CAMP,Campina Ice Cream Industry Tbk.,--MO2135000000D221------------,218.0,218.0,220.0,218.0,220.0,2.0,232400,51027000,97,66.7,220,84900,218,1500,5885000000,5885000000,557309500,12800,22500,0,0,0
2026-02-12,CAMP,Campina Ice Cream Industry Tbk.,--MO2135000000D221------------,220.0,220.0,220.0,216.0,218.0,-2.0,164000,35777600,83,66.1,220,39200,218,94700,5885000000,5885000000,557309500,3700,26700,0,0,0
2026-02-11,CAMP,Campina Ice Cream Industry Tbk.,--MO2135000000D221------------,222.0,220.0,222.0,216.0,220.0,-2.0,761900,167362400,267,66.7,220,22300,216,106500,5885000000,5885000000,557309500,4300,16500,0,0,0
2026-02-10,CAMP,Campina Ice Cream Industry Tbk.,--MO2135000000D221------------,214.0,214.0,222.0,210.0,222.0,8.0,5272200,1156851000,433,67.3,222,316300,220,274700,5885000000,5885000000,557309500,684600,667300,0,0,0
2026-02-09,CAMP,Campina Ice Cream Industry Tbk.,--MO2135000000D221------------,214.0,214.0,220.0,210.0,214.0,0.0,1530200,329255400,253,64.8,214,110400,212,298000,5885000000,5885000000,557309500,1600,2000,0,0,0
2026-02-06,CAMP,Campina Ice Cream Industry Tbk.,--MO2135000000D221------------,214.0,0.0,214.0,212.0,214.0,0.0,570400,120954800,96,64.8,214,292000,212,21300,5885000000,5885000000,557309500,200,7900,0,0,0
2026-02-05,CAMP,Campina Ice Cream Industry Tbk.,--MO2135000000D221------------,214.0,216.0,216.0,212.0,214.0,0.0,995500,212283800,165,64.8,214,84000,212,349900,5885000000,5885000000,557309500,12700,10000,0,0,0
2026-02-04,CAMP,Campina Ice Cream Industry Tbk.,--MO2135000000D221------------,218.0,216.0,216.0,212.0,214.0,-4.0,290800,62243400,116,64.8,214,11100,212,496300,5885000000,5885000000,557309500,16700,1000,0,0,0
2026-02-03,CAMP,Campina Ice Cream Industry Tbk.,--MO2135000000D221------------,212.0,212.0,218.0,212.0,218.0,6.0,852900,183936800,147,66.1,218,498900,214,153000,5885000000,5885000000,557309500,3400,1700,0,0,0
2026-02-02,CAMP,Campina Ice Cream Industry Tbk.,--MO2135000000D221------------,218.0,216.0,220.0,212.0,212.0,-6.0,1682000,359992200,303,64.2,216,174900,212,8600,5885000000,5885000000,557309500,86300,222400,0,0,0
2026-01-30,CAMP,Campina Ice Cream Industry Tbk.,--MO2135000000D221------------,216.0,216.0,218.0,214.0,218.0,2.0,669200,144580200,183,66.1,218,180100,216,31500,5885000000,5885000000,557309500,172300,2300,0,0,0
2026-01-29,CAMP,Campina Ice Cream Industry Tbk.,--MO2135000000D221------------,214.0,214.0,218.0,206.0,216.0,2.0,6968700,1463850800,568,65.5,216,5700,214,186900,5885000000,5885000000,557309500,570300,689000,0,0,0
2026-01-28,CAMP,Campina Ice Cream Industry Tbk.,--MO2135000000D221------------,218.0,220.0,220.0,212.0,214.0,-4.0,5860400,1254003600,568,64.8,214,157000,212,360600,5885000000,5885000000,557309500,201200,3200,0,0,0
2026-01-27,CAMP,Campina Ice Cream Industry Tbk.,--MO2135000000D221------------,220.0,220.0,220.0,216.0,218.0,-2.0,2093800,459146400,333,66.1,220,193600,218,676100,5885000000,5885000000,557309500,17300,2200,0,0,0
2026-01-26,CAMP,Campina Ice Cream Industry Tbk.,--MO2135000000D221------------,216.0,216.0,220.0,216.0,220.0,4.0,1896500,412873000,364,66.7,220,1556800,218,12100,5885000000,5885000000,557309500,144500,1100,0,0,0
2026-01-23,CAMP,Campina Ice Cream Industry Tbk.,--MO2135000000D221------------,214.0,214.0,226.0,212.0,216.0,2.0,6714000,1454253000,861,65.5,218,264400,216,214700,5885000000,5885000000,557309500,97100,16800,0,0,0
2026-01-22,CAMP,Campina Ice Cream Industry Tbk.,--MO2135000000D221------------,214.0,214.0,216.0,212.0,214.0,0.0,736000,157613800,170,64.8,214,370800,212,1926700,5885000000,5885000000,557309500,39300,1500,0,0,0
2026-01-21,CAMP,Campina Ice Cream Industry Tbk.,--MO2135000000D221------------,214.0,214.0,218.0,212.0,214.0,0.0,1638000,352211200,351,64.8,214,26200,212,1453600,5885000000,5885000000,557309500,5600,1000,0,0,0
2026-01-20,CAMP,Campina Ice Cream Industry Tbk.,--MO2135000000D221------------,214.0,216.0,216.0,212.0,214.0,0.0,1040000,223682000,175,64.8,216,1121000,214,599200,5885000000,5885000000,557309500,82500,1200,0,0,0
2026-01-19,CAMP,Campina Ice Cream Industry Tbk.,--MO2135000000D221------------,214.0,216.0,216.0,212.0,214.0,0.0,975900,209214000,184,64.8,214,8600,212,1631900,5885000000,5885000000,557309500,61900,1000,0,0,0
2026-01-15,CAMP,Campina Ice Cream Industry Tbk.,--MO2135000000D221------------,216.0,216.0,216.0,214.0,214.0,-2.0,298500,64107000,93,64.8,216,1067000,214,463500,5885000000,5885000000,557309500,300,0,0,0,0
2026-01-14,CAMP,Campina Ice Cream Industry Tbk.,--MO2135000000D221------------,212.0,214.0,216.0,212.0,216.0,4.0,1175600,251691800,144,65.5,216,1517000,214,410900,5885000000,5885000000,557309500,69000,0,0,0,0
2026-01-13,CAMP,Campina Ice Cream Industry Tbk.,--MO2135000000D221------------,212.0,214.0,216.0,212.0,212.0,0.0,1235000,263361200,236,64.2,214,44000,212,217800,5885000000,5885000000,557309500,68300,1500,0,0,0
2026-01-12,CAMP,Campina Ice Cream Industry Tbk.,--MO2135000000D221------------,216.0,214.0,216.0,210.0,212.0,-4.0,7514800,1586785200,2049,64.2,212,3800,210,1098600,5885000000,5885000000,557309500,138600,2500,0,0,0
2026-01-09,CAMP,Campina Ice Cream Industry Tbk.,--MO2135000000D221------------,214.0,214.0,218.0,214.0,216.0,2.0,899700,193464600,152,65.5,216,108200,214,333700,5885000000,5885000000,557309500,64200,0,0,0,0
2026-01-08,CAMP,Campina Ice Cream Industry Tbk.,--MO2135000000D221------------,214.0,214.0,218.0,214.0,214.0,0.0,706300,152294800,137,64.8,216,268500,214,457300,5885000000,5885000000,557309500,59500,1400,0,0,0
2026-01-07,CAMP,Campina Ice Cream Industry Tbk.,--MO2135000000D221------------,216.0,214.0,216.0,212.0,214.0,-2.0,1574700,336093400,271,64.8,214,196000,212,1340900,5885000000,5885000000,557309500,39400,1300,0,0,0
2026-01-06,CAMP,Campina Ice Cream Industry Tbk.,--MO2135000000D221------------,214.0,216.0,216.0,212.0,216.0,2.0,1110100,237738200,231,65.5,216,264500,214,168000,5885000000,5885000000,557309500,4800,1400,0,0,0
2026-01-05,CAMP,Campina Ice Cream Industry Tbk.,--MO2135000000D221------------,214.0,214.0,216.0,214.0,214.0,0.0,1026800,220170400,266,64.8,216,309400,214,146500,5885000000,5885000000,557309500,9600,57200,0,0,0
2026-01-02,CAMP,Campina Ice Cream Industry Tbk.,--MO2135000000D221------------,216.0,216.0,218.0,214.0,214.0,-2.0,1080000,232055600,220,64.8,216,36300,214,478400,5885000000,5885000000,557309500,86500,150100,0,0,0
2025-12-30,CAMP,Campina Ice Cream Industry Tbk.,--MO2135000000D221------------,216.0,214.0,218.0,214.0,216.0,0.0,1131500,243989400,140,65.5,218,231600,216,1125500,5885000000,5885000000,557309500,24500,0,0,0,0
2025-12-29,CAMP,Campina Ice Cream Industry Tbk.,--MO2135000000D221------------,218.0,218.0,218.0,214.0,216.0,-2.0,625200,134488200,202,65.5,216,191800,214,346400,5885000000,5885000000,557309500,24400,3200,0,0,0
2025-12-24,CAMP,Campina Ice Cream Industry Tbk.,--MO2135000000D221------------,216.0,216.0,218.0,214.0,218.0,2.0,1611700,346275000,208,66.1,218,142800,216,58600,5885000000,5885000000,557309500,77000,311700,10000,2130000,1
2025-12-23,CAMP,Campina Ice Cream Industry Tbk.,--MO2135000000D221------------,216.0,218.0,220.0,214.0,216.0,0.0,1318300,285394400,183,65.5,218,651800,216,158300,5885000000,5885000000,557309500,1200,17600,0,0,0
2025-12-22,CAMP,Campina Ice Cream Industry Tbk.,--MO2135000000D221------------,216.0,216.0,220.0,214.0,216.0,0.0,2217900,480892800,311,65.5,218,50800,216,77700,5885000000,5885000000,557309500,408400,17300,0,0,0
2025-12-19,CAMP,Campina Ice Cream Industry Tbk.,--MO2135000000D221------------,218.0,218.0,222.0,216.0,216.0,-2.0,712700,154751800,128,65.5,218,45000,216,221500,5885000000,5885000000,557309500,1200,11400,0,0,0
2025-12-18,CAMP,Campina Ice Cream Industry Tbk.,--MO2135000000D221------------,220.0,220.0,222.0,216.0,218.0,-2.0,721900,156849600,149,66.1,218,171300,216,715700,5885000000,5885000000,557309500,1600,11700,0,0,0
2025-12-17,CAMP,Campina Ice Cream Industry Tbk.,--MO2135000000D221------------,220.0,220.0,222.0,216.0,220.0,0.0,833400,182786200,195,66.7,220,15000,218,190500,5885000000,5885000000,557309500,4100,33500,0,0,0
2025-12-16,CAMP,Campina Ice Cream Industry Tbk.,--MO2135000000D221------------,216.0,218.0,222.0,216.0,220.0,4.0,666600,145347400,168,66.7,220,334700,218,42000,5885000000,5885000000,557309500,500,59600,0,0,0
2025-12-15,CAMP,Campina Ice Cream Industry Tbk.,--MO2135000000D221------------,220.0,220.0,220.0,216.0,216.0,-4.0,1504400,326853600,232,65.5,220,76000,216,1617400,5885000000,5885000000,557309500,0,134000,0,0,0
2025-12-12,CAMP,Campina Ice Cream Industry Tbk.,--MO2135000000D221------------,222.0,222.0,226.0,218.0,220.0,-2.0,3739300,830601200,355,66.7,220,54100,218,67400,5885000000,5885000000,557309500,4000,2436200,0,0,0
2025-12-11,CAMP,Campina Ice Cream Industry Tbk.,--MO2135000000D221------------,222.0,220.0,226.0,216.0,222.0,0.0,5904500,1304028200,694,67.3,222,850500,220,500,5885000000,5885000000,557309500,242800,1734500,0,0,0
2025-12-10,CAMP,Campina Ice Cream Industry Tbk.,--MO2135000000D221------------,220.0,222.0,222.0,216.0,222.0,2.0,2646400,580300400,251,67.3,222,261200,220,33100,5885000000,5885000000,557309500,3200,1151000,0,0,0
2025-12-09,CAMP,Campina Ice Cream Industry Tbk.,--MO2135000000D221------------,220.0,220.0,224.0,218.0,220.0,0.0,1837700,404874400,284,66.7,220,4600,218,926300,5885000000,5885000000,557309500,195600,49900,0,0,0
2025-12-08,CAMP,Campina Ice Cream Industry Tbk.,--MO2135000000D221------------,222.0,220.0,224.0,218.0,220.0,-2.0,1834600,402433400,251,66.7,220,56700,218,890700,5885000000,5885000000,557309500,50500,53800,0,0,0
2025-12-05,CAMP,Campina Ice Cream Industry Tbk.,--MO2135000000D221------------,220.0,220.0,224.0,218.0,222.0,2.0,1660200,366043000,339,67.3,222,276800,218,1311300,5885000000,5885000000,557309500,3300,152600,0,0,0
2025-12-04,CAMP,Campina Ice Cream Industry Tbk.,--MO2135000000D221------------,214.0,220.0,224.0,216.0,220.0,6.0,3239600,714182600,448,66.7,220,25500,218,1823700,5885000000,5885000000,557309500,84400,26500,0,0,0
2025-12-03,CAMP,Campina Ice Cream Industry Tbk.,--MO2135000000D221------------,222.0,224.0,226.0,214.0,214.0,-8.0,13527800,2950559200,1188,64.8,216,135900,214,523300,5885000000,5885000000,557309500,304700,273000,0,0,0
2025-12-02,CAMP,Campina Ice Cream Industry Tbk.,--MO2135000000D221------------,212.0,212.0,242.0,210.0,222.0,10.0,35105400,7819465000,2645,67.3,224,34200,222,371800,5885000000,5885000000,557309500,2954500,2767400,0,0,0
2025-12-01,CAMP,Campina Ice Cream Industry Tbk.,--MO2135000000D221------------,214.0,214.0,214.0,212.0,212.0,-2.0,2290800,486296200,234,64.2,214,727600,212,716100,5885000000,5885000000,557309500,301900,1000,0,0,0
2025-11-28,CAMP,Campina Ice Cream Industry Tbk.,--MO2135000000D221------------,212.0,212.0,216.0,212.0,214.0,2.0,1193100,254034400,150,64.8,214,21300,212,246600,5885000000,5885000000,557309500,4900,1400,0,0,0
2025-11-27,CAMP,Campina Ice Cream Industry Tbk.,--MO2135000000D221------------,214.0,214.0,216.0,212.0,212.0,-2.0,1165000,247417200,241,64.2,214,1026500,212,420400,5885000000,5885000000,557309500,700,500,0,0,0
2025-11-26,CAMP,Campina Ice Cream Industry Tbk.,--MO2135000000D221------------,216.0,216.0,216.0,212.0,214.0,-2.0,513000,109768200,190,64.8,216,91800,214,79700,5885000000,5885000000,557309500,102000,12200,0,0,0
2025-11-25,CAMP,Campina Ice Cream Industry Tbk.,--MO2135000000D221------------,218.0,218.0,218.0,214.0,216.0,-2.0,520500,112072400,147,65.5,216,72900,214,435200,5885000000,5885000000,557309500,1100,12700,0,0,0
2025-11-24,CAMP,Campina Ice Cream Industry Tbk.,--MO2135000000D221------------,214.0,216.0,220.0,214.0,218.0,4.0,1915800,416431200,281,66.1,218,176900,216,300,5885000000,5885000000,557309500,4600,462200,0,0,0
2025-11-21,CAMP,Campina Ice Cream Industry Tbk.,--MO2135000000D221------------,216.0,216.0,216.0,214.0,214.0,-2.0,361400,77756200,80,64.8,216,455800,214,659000,5885000000,5885000000,557309500,0,49700,0,0,0
2025-11-20,CAMP,Campina Ice Cream Industry Tbk.,--MO2135000000D221------------,214.0,214.0,216.0,212.0,216.0,2.0,844700,180811200,128,65.5,216,365300,214,149600,5885000000,5885000000,557309500,300,80700,0,0,0
2025-11-19,CAMP,Campina Ice Cream Industry Tbk.,--MO2135000000D221------------,214.0,214.0,216.0,212.0,214.0,0.0,1122800,239701400,182,64.8,216,297600,214,340500,5885000000,5885000000,557309500,1800,93700,0,0,0
2025-11-18,CAMP,Campina Ice Cream Industry Tbk.,--MO2135000000D221------------,214.0,0.0,216.0,212.0,214.0,0.0,1377200,294647200,206,64.8,214,283300,212,971900,5885000000,5885000000,557309500,8700,90900,0,0,0
2025-11-17,CAMP,Campina Ice Cream Industry Tbk.,--MO2135000000D221------------,216.0,218.0,218.0,214.0,214.0,-2.0,831000,178448600,205,64.8,216,128300,214,149900,5885000000,5885000000,557309500,3800,6700,0,0,0
2025-11-14,CAMP,Campina Ice Cream Industry Tbk.,--MO2135000000D221------------,216.0,214.0,216.0,214.0,216.0,0.0,588000,126104400,154,65.5,216,146100,214,71400,5885000000,5885000000,557309500,0,700,0,0,0
2025-11-13,CAMP,Campina Ice Cream Industry Tbk.,--MO2135000000D221------------,214.0,214.0,218.0,214.0,216.0,2.0,697500,149599800,198,65.5,216,75400,214,227200,5885000000,5885000000,557309500,1100,1000,0,0,0
2025-11-12,CAMP,Campina Ice Cream Industry Tbk.,--MO2135000000D221------------,216.0,218.0,218.0,214.0,214.0,-2.0,1021200,219067800,218,64.8,216,126000,214,273600,5885000000,5885000000,557309500,2700,1400,0,0,0
2025-11-11,CAMP,Campina Ice Cream Industry Tbk.,--MO2135000000D221------------,216.0,216.0,218.0,214.0,216.0,0.0,1001600,216599600,274,65.5,216,18900,214,734500,5885000000,5885000000,557309500,1200,0,0,0,0
2025-11-10,CAMP,Campina Ice Cream Industry Tbk.,--MO2135000000D221------------,218.0,220.0,224.0,216.0,216.0,-2.0,1604300,352618600,310,65.5,218,118300,216,167400,5885000000,5885000000,557309500,165500,4000,0,0,0
2025-11-07,CAMP,Campina Ice Cream Industry Tbk.,--MO2135000000D221------------,216.0,216.0,220.0,212.0,218.0,2.0,1748200,374917200,326,66.1,218,137700,216,3000,5885000000,5885000000,557309500,34800,3400,0,0,0
2025-11-06,CAMP,Campina Ice Cream Industry Tbk.,--MO2135000000D221------------,220.0,222.0,222.0,216.0,216.0,-4.0,1484000,324182800,307,65.5,218,238200,216,328700,5885000000,5885000000,557309500,3000,3300,0,0,0
2025-11-05,CAMP,Campina Ice Cream Industry Tbk.,--MO2135000000D221------------,220.0,220.0,222.0,218.0,220.0,0.0,1889900,415777600,333,66.7,222,291400,220,250900,5885000000,5885000000,557309500,7900,9100,0,0,0
2025-11-04,CAMP,Campina Ice Cream Industry Tbk.,--MO2135000000D221------------,220.0,220.0,222.0,218.0,220.0,0.0,3052600,671023400,591,66.7,220,156200,218,145300,5885000000,5885000000,557309500,8700,6900,0,0,0
2025-11-03,CAMP,Campina Ice Cream Industry Tbk.,--MO2135000000D221------------,214.0,218.0,224.0,214.0,220.0,6.0,6154500,1344824600,964,66.7,222,194700,220,16800,5885000000,5885000000,557309500,77600,8200,0,0,0
2025-10-31,CAMP,Campina Ice Cream Industry Tbk.,--MO2135000000D221------------,214.0,218.0,218.0,212.0,214.0,0.0,913200,195320600,149,64.8,216,139300,214,15700,5885000000,5885000000,557309500,6000,5100,0,0,0
2025-10-30,CAMP,Campina Ice Cream Industry Tbk.,--MO2135000000D221------------,216.0,212.0,218.0,212.0,214.0,-2.0,1534800,330269200,245,64.8,216,91300,214,353700,5885000000,5885000000,557309500,3000,3900,0,0,0
2025-10-29,CAMP,Campina Ice Cream Industry Tbk.,--MO2135000000D221------------,214.0,216.0,218.0,212.0,216.0,2.0,1487000,319322000,294,65.5,216,428100,214,14100,5885000000,5885000000,557309500,3200,2400,0,0,0
2025-10-28,CAMP,Campina Ice Cream Industry Tbk.,--MO2135000000D221------------,212.0,212.0,230.0,210.0,214.0,2.0,7756800,1687774800,1013,64.8,216,35600,214,18400,5885000000,5885000000,557309500,40200,16800,0,0,0
2025-10-27,CAMP,Campina Ice Cream Industry Tbk.,--MO2135000000D221------------,212.0,214.0,216.0,210.0,212.0,0.0,1474500,313287200,249,64.2,214,197300,212,25500,5885000000,5885000000,557309500,5600,800,0,0,0
2025-10-24,CAMP,Campina Ice Cream Industry Tbk.,--MO2135000000D221------------,212.0,212.0,216.0,212.0,212.0,0.0,935100,199313200,157,64.2,214,200300,212,593400,5885000000,5885000000,557309500,0,900,0,0,0
2025-10-23,CAMP,Campina Ice Cream Industry Tbk.,--MO2135000000D221------------,212.0,212.0,214.0,210.0,212.0,0.0,1163900,245279200,156,64.2,212,125800,210,1391300,5885000000,5885000000,557309500,1300,400,0,0,0
2025-10-22,CAMP,Campina Ice Cream Industry Tbk.,--MO2135000000D221------------,212.0,212.0,214.0,210.0,212.0,0.0,889000,187589600,152,64.2,212,118700,210,1637500,5885000000,5885000000,557309500,1300,1300,0,0,0
2025-10-21,CAMP,Campina Ice Cream Industry Tbk.,--MO2135000000D221------------,212.0,210.0,214.0,210.0,212.0,0.0,1745000,368684800,253,64.2,212,145900,210,1646000,5885000000,5885000000,557309500,9200,6800,0,0,0
2025-10-20,CAMP,Campina Ice Cream Industry Tbk.,--MO2135000000D221------------,210.0,210.0,214.0,210.0,212.0,2.0,1806200,383282000,319,64.2,212,760700,210,1635400,5885000000,5885000000,557309500,39100,5300,0,0,0
2025-10-17,CAMP,Campina Ice Cream Industry Tbk.,--MO2135000000D221------------,216.0,218.0,224.0,208.0,210.0,-6.0,12164700,2607061600,1120,63.6,212,880600,210,54700,5885000000,5885000000,557309500,286000,8900,0,0,0
2025-10-16,CAMP,Campina Ice Cream Industry Tbk.,--MO2135000000D221------------,212.0,212.0,224.0,210.0,216.0,4.0,5225000,1141162400,505,65.5,218,58200,216,111300,5885000000,5885000000,557309500,906100,9600,0,0,0
2025-10-15,CAMP,Campina Ice Cream Industry Tbk.,--MO2135000000D221------------,210.0,212.0,214.0,210.0,212.0,2.0,557500,118143600,136,64.2,214,513000,212,144600,5885000000,5885000000,557309500,0,1000,0,0,0
2025-10-14,CAMP,Campina Ice Cream Industry Tbk.,--MO2135000000D221------------,212.0,214.0,222.0,210.0,210.0,-2.0,2918900,624793000,355,63.6,212,48300,210,1654200,5885000000,5885000000,557309500,487400,2300,0,0,0
2025-10-13,CAMP,Campina Ice Cream Industry Tbk.,--MO2135000000D221------------,214.0,214.0,226.0,210.0,212.0,-2.0,3977200,855521800,478,64.2,212,61600,210,1416700,5885000000,5885000000,557309500,132400,3200,0,0,0
2025-10-10,CAMP,Campina Ice Cream Industry Tbk.,--MO2135000000D221------------,212.0,212.0,214.0,210.0,214.0,2.0,996400,211313800,138,64.8,214,200200,212,179700,5885000000,5885000000,557309500,2500,2500,0,0,0
2025-10-09,CAMP,Campina Ice Cream Industry Tbk.,--MO2135000000D221------------,216.0,216.0,216.0,210.0,212.0,-4.0,2156400,454357200,294,64.2,212,77400,210,1155000,5885000000,5885000000,557309500,800,800,0,0,0
2025-10-08,CAMP,Campina Ice Cream Industry Tbk.,--MO2135000000D221------------,220.0,220.0,222.0,210.0,216.0,-4.0,2770500,590827400,491,65.5,216,428600,214,5500,5885000000,5885000000,557309500,74300,37500,0,0,0
2025-10-07,CAMP,Campina Ice Cream Industry Tbk.,--MO2135000000D221------------,210.0,214.0,228.0,212.0,220.0,10.0,6712900,1480251200,861,66.7,222,435500,218,1000,5885000000,5885000000,557309500,508800,9400,0,0,0
2025-10-06,CAMP,Campina Ice Cream Industry Tbk.,--MO2135000000D221------------,214.0,214.0,216.0,210.0,210.0,-4.0,3051900,648415600,340,63.6,212,53400,210,1305600,5885000000,5885000000,557309500,1200,3400,0,0,0
2025-10-03,CAMP,Campina Ice Cream Industry Tbk.,--MO2135000000D221------------,212.0,212.0,218.0,212.0,214.0,2.0,2107700,449557400,191,64.8,216,407500,212,770700,5885000000,5885000000,557309500,56500,0,0,0,0
2025-10-02,CAMP,Campina Ice Cream Industry Tbk.,--MO2135000000D221------------,214.0,216.0,216.0,210.0,212.0,-2.0,1766000,373877800,202,64.2,214,291000,212,15000,5885000000,5885000000,557309500,2300,57000,0,0,0
2025-10-01,CAMP,Campina Ice Cream Industry Tbk.,--MO2135000000D221------------,210.0,212.0,216.0,212.0,214.0,4.0,1777000,381844600,217,64.8,216,432700,214,174000,5885000000,5885000000,557309500,41100,1800,0,0,0
2025-09-30,CAMP,Campina Ice Cream Industry Tbk.,--MO2135000000D221------------,212.0,212.0,214.0,210.0,210.0,-2.0,930000,196819400,119,63.6,212,234500,210,1133500,5885000000,5885000000,557309500,86000,0,0,0,0
2025-09-29,CAMP,Campina Ice Cream Industry Tbk.,--MO2135000000D221------------,212.0,212.0,216.0,212.0,212.0,0.0,711200,151555400,133,64.2,214,113900,212,352500,5885000000,5885000000,557309500,4700,0,0,0,0
2025-09-26,CAMP,Campina Ice Cream Industry Tbk.,--MO2135000000D221------------,212.0,212.0,214.0,212.0,212.0,0.0,542800,115361200,103,64.2,214,443500,212,315200,5885000000,5885000000,557309500,44700,0,0,0,0
2025-09-25,CAMP,Campina Ice Cream Industry Tbk.,--MO2135000000D221------------,214.0,216.0,216.0,210.0,212.0,-2.0,2938400,617560600,274,64.2,212,146600,210,649600,5885000000,5885000000,557309500,980000,800,0,0,0
2025-09-24,CAMP,Campina Ice Cream Industry Tbk.,--MO2135000000D221------------,212.0,212.0,218.0,212.0,214.0,2.0,1119800,240057800,214,64.8,214,8900,212,385600,5885000000,5885000000,557309500,1600,1600,0,0,0
2025-09-23,CAMP,Campina Ice Cream Industry Tbk.,--MO2135000000D221------------,210.0,210.0,214.0,210.0,212.0,2.0,887900,187849800,161,64.2,212,47900,210,1406100,5885000000,5885000000,557309500,10000,2400,0,0,0
2025-09-22,CAMP,Campina Ice Cream Industry Tbk.,--MO2135000000D221------------,212.0,212.0,218.0,210.0,210.0,-2.0,2278000,482371000,273,63.6,214,91400,210,1804000,5885000000,5885000000,557309500,9500,2900,0,0,0
2025-09-19,CAMP,Campina Ice Cream Industry Tbk.,--MO2135000000D221------------,212.0,212.0,214.0,210.0,212.0,0.0,899500,189201800,141,64.2,212,148400,210,521200,5885000000,5885000000,557309500,0,0,0,0,0
2025-09-18,CAMP,Campina Ice Cream Industry Tbk.,--MO2135000000D221------------,212.0,214.0,214.0,210.0,212.0,0.0,2065900,435412200,258,64.2,212,181000,210,254400,5885000000,5885000000,557309500,0,170400,0,0,0
2025-09-17,CAMP,Campina Ice Cream Industry Tbk.,--MO2135000000D221------------,216.0,216.0,216.0,212.0,212.0,-4.0,1711300,363821200,265,64.2,214,250600,212,146400,5885000000,5885000000,557309500,640000,5100,0,0,0
2025-09-16,CAMP,Campina Ice Cream Industry Tbk.,--MO2135000000D221------------,212.0,218.0,220.0,212.0,216.0,4.0,930900,199702600,225,65.5,216,949900,214,39600,5885000000,5885000000,557309500,61000,202900,0,0,0
2025-09-15,CAMP,Campina Ice Cream Industry Tbk.,--MO2135000000D221------------,214.0,212.0,220.0,212.0,212.0,-2.0,1803600,388942000,294,64.2,216,13400,212,898600,5885000000,5885000000,557309500,6300,462200,0,0,0
2025-09-12,CAMP,Campina Ice Cream Industry Tbk.,--MO2135000000D221------------,216.0,218.0,218.0,210.0,214.0,-2.0,1675500,358482600,248,64.8,214,42800,212,12000,5885000000,5885000000,557309500,227600,237600,0,0,0
2025-09-11,CAMP,Campina Ice Cream Industry Tbk.,--MO2135000000D221------------,218.0,218.0,220.0,216.0,216.0,-2.0,1370600,297282200,188,65.5,218,187300,216,61400,5885000000,5885000000,557309500,1500,1500,0,0,0
2025-09-10,CAMP,Campina Ice Cream Industry Tbk.,--MO2135000000D221------------,216.0,216.0,220.0,214.0,218.0,2.0,839200,181930200,206,66.1,218,132400,216,215700,5885000000,5885000000,557309500,1500,60600,0,0,0
2025-09-09,CAMP,Campina Ice Cream Industry Tbk.,--MO2135000000D221------------,212.0,212.0,220.0,212.0,216.0,4.0,1709600,368555600,330,65.5,216,12200,214,272700,5885000000,5885000000,557309500,8300,8300,0,0,0
2025-09-08,CAMP,Campina Ice Cream Industry Tbk.,--MO2135000000D221------------,212.0,212.0,228.0,212.0,212.0,0.0,8871500,1945856600,1082,64.2,214,2600,212,445500,5885000000,5885000000,557309500,247900,440200,0,0,0
2025-09-04,CAMP,Campina Ice Cream Industry Tbk.,--MO2135000000D221------------,214.0,214.0,216.0,210.0,212.0,-2.0,1102000,234241400,171,64.2,214,55000,212,42600,5885000000,5885000000,557309500,4000,3500,0,0,0
2025-09-03,CAMP,Campina Ice Cream Industry Tbk.,--MO2135000000D221------------,210.0,210.0,214.0,208.0,214.0,4.0,1613900,338949800,234,64.8,216,211200,214,14400,5885000000,5885000000,557309500,0,1600,0,0,0
2025-09-02,CAMP,Campina Ice Cream Industry Tbk.,--MO2135000000D221------------,208.0,208.0,214.0,208.0,210.0,2.0,1206100,254334200,210,63.6,212,544500,210,163500,5885000000,5885000000,557309500,2700,1200,0,0,0
2025-09-01,CAMP,Campina Ice Cream Industry Tbk.,--MO2135000000D221------------,210.0,208.0,208.0,191.0,208.0,-2.0,7804400,1596406200,704,63.0,208,388200,206,331400,5885000000,5885000000,557309500,495100,426000,0,0,0
2025-08-29,CAMP,Campina Ice Cream Industry Tbk.,--MO2135000000D221------------,224.0,224.0,224.0,208.0,210.0,-14.0,5351400,1137534800,791,63.6,210,124300,208,930000,5885000000,5885000000,557309500,469400,55000,0,0,0
2025-08-28,CAMP,Campina Ice Cream Industry Tbk.,--MO2135000000D221------------,216.0,216.0,228.0,216.0,224.0,8.0,7388500,1645194600,1122,67.9,226,400300,224,71400,5885000000,5885000000,557309500,87200,703200,0,0,0
2025-08-27,CAMP,Campina Ice Cream Industry Tbk.,--MO2135000000D221------------,212.0,212.0,218.0,212.0,216.0,4.0,2634600,567793200,499,65.5,216,7700,214,143900,5885000000,5885000000,557309500,700,2200,0,0,0
2025-08-26,CAMP,Campina Ice Cream Industry Tbk.,--MO2135000000D221------------,210.0,212.0,234.0,208.0,212.0,2.0,20790900,4598999800,2072,64.2,214,33500,212,961400,5885000000,5885000000,557309500,2294800,2588800,0,0,0
2025-08-25,CAMP,Campina Ice Cream Industry Tbk.,--MO2135000000D221------------,212.0,212.0,214.0,210.0,210.0,-2.0,3382600,713092000,494,63.6,212,446400,210,19600,5885000000,5885000000,557309500,557200,1600,0,0,0
2025-08-22,CAMP,Campina Ice Cream Industry Tbk.,--MO2135000000D221------------,212.0,212.0,214.0,210.0,212.0,0.0,5007200,1061535400,607,64.2,214,1329500,212,187600,5885000000,5885000000,557309500,1129900,200000,0,0,0
2025-08-21,CAMP,Campina Ice Cream Industry Tbk.,--MO2135000000D221------------,210.0,210.0,212.0,208.0,212.0,2.0,9566100,2008973200,321,64.2,212,399000,210,705300,5885000000,5885000000,557309500,869400,5000,0,0,0
2025-08-20,CAMP,Campina Ice Cream Industry Tbk.,--MO2135000000D221------------,210.0,210.0,212.0,208.0,210.0,0.0,3189900,669591400,288,63.6,210,102200,208,469200,5885000000,5885000000,557309500,298900,0,0,0,0
2025-08-19,CAMP,Campina Ice Cream Industry Tbk.,--MO2135000000D221------------,208.0,208.0,212.0,206.0,210.0,2.0,1332800,277943800,233,63.6,210,206800,208,464300,5885000000,5885000000,557309500,269100,2500,0,0,0
2025-08-15,CAMP,Campina Ice Cream Industry Tbk.,--MO2135000000D221------------,210.0,212.0,212.0,206.0,208.0,-2.0,4368700,911570000,242,63.0,208,56700,206,463400,5885000000,5885000000,557309500,788500,2200,0,0,0
2025-08-14,CAMP,Campina Ice Cream Industry Tbk.,--MO2135000000D221------------,210.0,210.0,212.0,208.0,210.0,0.0,5117000,1072710800,380,63.6,210,46000,208,74800,5885000000,5885000000,557309500,610600,3000,0,0,0
2025-08-13,CAMP,Campina Ice Cream Industry Tbk.,--MO2135000000D221------------,208.0,208.0,212.0,208.0,210.0,2.0,1660500,347617000,179,63.6,210,128500,208,465100,5885000000,5885000000,557309500,195000,1000,0,0,0
2025-08-12,CAMP,Campina Ice Cream Industry Tbk.,--MO2135000000D221------------,212.0,212.0,212.0,208.0,208.0,-4.0,1905100,400010600,281,63.0,210,234300,208,863100,5885000000,5885000000,557309500,72100,0,0,0,0
2025-08-11,CAMP,Campina Ice Cream Industry Tbk.,--MO2135000000D221------------,210.0,210.0,212.0,210.0,212.0,2.0,1633600,343779400,149,64.2,212,370700,210,146100,5885000000,5885000000,557309500,108000,0,0,0,0
2025-08-08,CAMP,Campina Ice Cream Industry Tbk.,--MO2135000000D221------------,210.0,210.0,212.0,206.0,210.0,0.0,5709300,1185514400,386,63.6,212,319000,210,312500,5885000000,5885000000,557309500,676900,1100,0,0,0
2025-08-07,CAMP,Campina Ice Cream Industry Tbk.,--MO2135000000D221------------,210.0,210.0,212.0,208.0,210.0,0.0,1589500,333035800,232,63.6,210,61900,208,778200,5885000000,5885000000,557309500,417600,1600,0,0,0
2025-08-06,CAMP,Campina Ice Cream Industry Tbk.,--MO2135000000D221------------,212.0,212.0,216.0,210.0,210.0,-2.0,1413400,300387600,272,63.6,212,4800,210,1836800,5885000000,5885000000,557309500,76300,4000,0,0,0
2025-08-05,CAMP,Campina Ice Cream Industry Tbk.,--MO2135000000D221------------,210.0,210.0,214.0,210.0,212.0,2.0,2374200,501053400,284,64.2,212,28500,210,3681000,5885000000,5885000000,557309500,25600,97800,0,0,0
2025-08-04,CAMP,Campina Ice Cream Industry Tbk.,--MO2135000000D221------------,210.0,210.0,212.0,210.0,210.0,0.0,3050300,641814600,325,63.6,212,555300,210,205000,5885000000,5885000000,557309500,21200,108100,0,0,0
2025-08-01,CAMP,Campina Ice Cream Industry Tbk.,--MO2135000000D221------------,210.0,210.0,212.0,208.0,210.0,0.0,1926400,404903600,200,63.6,210,82400,208,920500,5885000000,5885000000,557309500,28700,44200,0,0,0
2025-07-31,CAMP,Campina Ice Cream Industry Tbk.,--MO2135000000D221------------,210.0,210.0,212.0,208.0,210.0,0.0,2906900,611280200,249,63.6,210,240200,208,2993500,5885000000,5885000000,557309500,41000,142000,0,0,0
2025-07-30,CAMP,Campina Ice Cream Industry Tbk.,--MO2135000000D221------------,212.0,212.0,212.0,208.0,210.0,-2.0,4831800,1014301400,277,63.6,212,619000,210,2100,5885000000,5885000000,557309500,104000,369000,0,0,0
2025-07-29,CAMP,Campina Ice Cream Industry Tbk.,--MO2135000000D221------------,212.0,212.0,212.0,208.0,212.0,0.0,3575400,751433600,234,64.2,212,861300,210,59700,5885000000,5885000000,557309500,360100,32300,0,0,0
2025-07-28,CAMP,Campina Ice Cream Industry Tbk.,--MO2135000000D221------------,210.0,210.0,214.0,210.0,212.0,2.0,2884600,607404800,246,64.2,212,1202900,210,1159400,5885000000,5885000000,557309500,47400,159200,0,0,0
2025-07-25,CAMP,Campina Ice Cream Industry Tbk.,--MO2135000000D221------------,208.0,208.0,212.0,208.0,210.0,2.0,710000,148643000,148,63.6,212,279700,210,220300,5885000000,5885000000,557309500,110800,0,0,0,0
2025-07-24,CAMP,Campina Ice Cream Industry Tbk.,--MO2135000000D221------------,206.0,208.0,212.0,206.0,208.0,2.0,1497100,314546400,291,63.0,210,100,208,79900,5885000000,5885000000,557309500,624400,0,0,0,0
2025-07-23,CAMP,Campina Ice Cream Industry Tbk.,--MO2135000000D221------------,210.0,0.0,212.0,206.0,206.0,-4.0,2767200,574476800,397,62.4,208,500,206,517300,5885000000,5885000000,557309500,255000,64600,0,0,0
2025-07-22,CAMP,Campina Ice Cream Industry Tbk.,--MO2135000000D221------------,214.0,214.0,214.0,210.0,210.0,-4.0,2205200,465212800,299,63.6,212,35600,210,431300,5885000000,5885000000,557309500,119700,170200,0,0,0
2025-07-21,CAMP,Campina Ice Cream Industry Tbk.,--MO2135000000D221------------,212.0,212.0,214.0,210.0,214.0,2.0,2901300,613475600,295,64.8,214,518100,210,956300,5885000000,5885000000,557309500,86700,714600,0,0,0
2025-07-18,CAMP,Campina Ice Cream Industry Tbk.,--MO2135000000D221------------,210.0,210.0,214.0,210.0,212.0,2.0,1535500,324692000,285,64.2,214,284500,212,66200,5885000000,5885000000,557309500,270600,91700,0,0,0
2025-07-17,CAMP,Campina Ice Cream Industry Tbk.,--MO2135000000D221------------,214.0,214.0,214.0,210.0,210.0,-4.0,1119100,236804200,284,63.6,212,37300,210,897600,5885000000,5885000000,557309500,180400,3600,0,0,0
2025-07-16,CAMP,Campina Ice Cream Industry Tbk.,--MO2135000000D221------------,208.0,212.0,218.0,210.0,214.0,6.0,1765700,377574400,285,64.8,214,245900,212,46300,5885000000,5885000000,557309500,229400,349700,0,0,0
2025-07-15,CAMP,Campina Ice Cream Industry Tbk.,--MO2135000000D221------------,210.0,210.0,212.0,208.0,208.0,-2.0,3285000,687393000,382,63.0,210,7800,208,96100,5885000000,5885000000,557309500,400900,46600,0,0,0
2025-07-14,CAMP,Campina Ice Cream Industry Tbk.,--MO2135000000D221------------,212.0,212.0,214.0,204.0,210.0,-2.0,4429600,925700000,580,63.6,212,148200,210,50100,5885000000,5885000000,557309500,396400,25300,0,0,0
2025-07-11,CAMP,Campina Ice Cream Industry Tbk.,--MO2135000000D221------------,216.0,216.0,218.0,212.0,212.0,-4.0,2259200,483083600,383,64.2,214,100000,212,2500,5885000000,5885000000,557309500,160600,94800,0,0,0
2025-07-10,CAMP,Campina Ice Cream Industry Tbk.,--MO2135000000D221------------,218.0,220.0,220.0,212.0,216.0,-2.0,3540500,766774200,465,65.5,218,330900,216,475500,5885000000,5885000000,557309500,298100,1145300,6100,1305400,1
2025-07-09,CAMP,Campina Ice Cream Industry Tbk.,--MO2135000000D221------------,210.0,212.0,218.0,210.0,218.0,8.0,5752600,1239767600,765,66.1,218,262400,216,569400,5885000000,5885000000,557309500,917300,871900,0,0,0
2025-07-08,CAMP,Campina Ice Cream Industry Tbk.,--MO2135000000D221------------,210.0,210.0,212.0,210.0,210.0,0.0,3645000,765655600,256,63.6,212,719700,210,255800,5885000000,5885000000,557309500,353700,422800,0,0,0
2025-07-07,CAMP,Campina Ice Cream Industry Tbk.,--MO2135000000D221------------,212.0,214.0,214.0,204.0,210.0,-2.0,3372400,701905000,427,63.6,212,541800,210,515700,5885000000,5885000000,557309500,105100,198800,0,0,0
2025-07-04,CAMP,Campina Ice Cream Industry Tbk.,--MO2135000000D221------------,212.0,212.0,214.0,208.0,212.0,0.0,3443200,723181200,430,64.2,212,87600,210,281900,5885000000,5885000000,557309500,612800,649300,0,0,0
2025-07-03,CAMP,Campina Ice Cream Industry Tbk.,--MO2135000000D221------------,204.0,204.0,214.0,202.0,212.0,8.0,5330600,1119047600,709,64.2,212,1422500,210,200300,5885000000,5885000000,557309500,448800,1019300,0,0,0
2025-07-02,CAMP,Campina Ice Cream Industry Tbk.,--MO2135000000D221------------,206.0,206.0,206.0,200.0,204.0,-2.0,2507400,508929200,464,61.8,204,321400,202,350200,5885000000,5885000000,557309500,274100,456700,0,0,0
2025-07-01,CAMP,Campina Ice Cream Industry Tbk.,--MO2135000000D221------------,214.0,216.0,218.0,204.0,206.0,-8.0,4466100,936373800,761,62.4,206,99800,204,99500,5885000000,5885000000,557309500,145300,282100,0,0,0
2025-06-30,CAMP,Campina Ice Cream Industry Tbk.,--MO2135000000D221------------,208.0,210.0,216.0,210.0,214.0,6.0,8318800,1766894400,1144,64.8,214,1194200,212,463500,5885000000,5885000000,557309500,111400,2365100,0,0,0
2025-06-26,CAMP,Campina Ice Cream Industry Tbk.,--MO2135000000D221------------,200.0,200.0,210.0,200.0,208.0,8.0,8011200,1636385400,635,63.0,208,333100,206,494100,5885000000,5885000000,557309500,203500,558100,0,0,0
2025-06-25,CAMP,Campina Ice Cream Industry Tbk.,--MO2135000000D221------------,200.0,202.0,202.0,199.0,200.0,0.0,2694600,539886600,295,60.6,202,581000,200,9900,5885000000,5885000000,557309500,0,21600,0,0,0
2025-06-24,CAMP,Campina Ice Cream Industry Tbk.,--MO2135000000D221------------,199.0,200.0,204.0,199.0,200.0,1.0,3576400,718442100,553,60.6,202,617400,200,59900,5885000000,5885000000,557309500,342200,956200,0,0,0
2025-06-23,CAMP,Campina Ice Cream Industry Tbk.,--MO2135000000D221------------,202.0,200.0,204.0,197.0,199.0,-3.0,9599900,1916419600,760,60.3,200,345200,199,245600,5885000000,5885000000,557309500,1039200,2352300,83,16517,1
2025-06-20,CAMP,Campina Ice Cream Industry Tbk.,--MO2135000000D221------------,200.0,200.0,202.0,193.0,202.0,2.0,8987100,1777664100,862,61.2,202,1112700,200,52200,5885000000,5885000000,557309500,2240300,634300,0,0,0
2025-06-19,CAMP,Campina Ice Cream Industry Tbk.,--MO2135000000D221------------,200.0,200.0,208.0,199.0,200.0,0.0,9482200,1914300800,1232,60.6,200,408900,199,201700,5885000000,5885000000,557309500,233900,750600,0,0,0
2025-06-18,CAMP,Campina Ice Cream Industry Tbk.,--MO2135000000D221------------,206.0,206.0,206.0,200.0,200.0,-6.0,9715900,1960373600,1092,60.6,202,156000,200,748500,5885000000,5885000000,557309500,349500,1710700,0,0,0
2025-06-17,CAMP,Campina Ice Cream Industry Tbk.,--MO2135000000D221------------,199.0,200.0,226.0,200.0,206.0,7.0,44972100,9556903800,6229,62.4,206,701500,204,481800,5885000000,5885000000,557309500,6146900,1424400,0,0,0
2025-06-16,CAMP,Campina Ice Cream Industry Tbk.,--MO2135000000D221------------,196.0,196.0,204.0,195.0,199.0,3.0,13249000,2629774500,1640,60.3,200,57700,199,22700,5885000000,5885000000,557309500,300200,1751800,0,0,0
2025-06-13,CAMP,Campina Ice Cream Industry Tbk.,--MO2135000000D221------------,194.0,195.0,196.0,194.0,196.0,2.0,2411100,470381300,558,59.4,196,698000,195,601900,5885000000,5885000000,557309500,7500,337900,0,0,0
2025-06-12,CAMP,Campina Ice Cream Industry Tbk.,--MO2135000000D221------------,194.0,194.0,197.0,193.0,194.0,0.0,3629300,708933400,702,58.8,195,58700,194,133200,5885000000,5885000000,557309500,44800,759200,0,0,0
2025-06-11,CAMP,Campina Ice Cream Industry Tbk.,--MO2135000000D221------------,190.0,191.0,194.0,190.0,194.0,4.0,4247100,817050600,577,58.8,194,315900,193,135100,5885000000,5885000000,557309500,6600,976500,0,0,0
2025-06-10,CAMP,Campina Ice Cream Industry Tbk.,--MO2135000000D221------------,190.0,191.0,192.0,190.0,190.0,0.0,2540900,484266800,380,57.6,191,101500,190,570200,5885000000,5885000000,557309500,19000,500600,0,0,0
2025-06-05,CAMP,Campina Ice Cream Industry Tbk.,--MO2135000000D221------------,191.0,192.0,192.0,190.0,190.0,-1.0,2263300,430188900,312,57.6,191,41200,190,525200,5885000000,5885000000,557309500,8600,129000,0,0,0
2025-06-04,CAMP,Campina Ice Cream Industry Tbk.,--MO2135000000D221------------,193.0,193.0,194.0,190.0,191.0,-2.0,3348100,638782400,541,57.9,192,205700,190,812200,5885000000,5885000000,557309500,14400,404000,0,0,0
2025-06-03,CAMP,Campina Ice Cream Industry Tbk.,--MO2135000000D221------------,193.0,194.0,195.0,190.0,193.0,0.0,2580200,496538200,483,58.5,193,98700,192,6000,5885000000,5885000000,557309500,151700,72600,0,0,0
2025-06-02,CAMP,Campina Ice Cream Industry Tbk.,--MO2135000000D221------------,189.0,189.0,198.0,186.0,193.0,4.0,9637100,1846557300,1606,58.5,193,401400,191,125300,5885000000,5885000000,557309500,2767400,67200,0,0,0
2025-05-28,CAMP,Campina Ice Cream Industry Tbk.,--MO2135000000D221------------,190.0,190.0,191.0,189.0,189.0,-1.0,1771900,336812000,284,57.3,191,258600,189,935900,5885000000,5885000000,557309500,70300,22300,0,0,0
2025-05-27,CAMP,Campina Ice Cream Industry Tbk.,--MO2135000000D221------------,190.0,190.0,192.0,189.0,190.0,0.0,2417800,459442800,342,57.6,191,443300,189,288500,5885000000,5885000000,557309500,82800,131900,0,0,0
2025-05-26,CAMP,Campina Ice Cream Industry Tbk.,--MO2135000000D221------------,191.0,193.0,193.0,189.0,190.0,-1.0,2979000,566970600,451,57.6,191,211700,190,223200,5885000000,5885000000,557309500,145200,99200,0,0,0
2025-05-23,CAMP,Campina Ice Cream Industry Tbk.,--MO2135000000D221------------,190.0,190.0,193.0,189.0,191.0,1.0,4482700,853061700,469,57.9,191,57100,190,1230800,5885000000,5885000000,557309500,66400,270500,0,0,0
2025-05-22,CAMP,Campina Ice Cream Industry Tbk.,--MO2135000000D221------------,190.0,190.0,193.0,190.0,190.0,0.0,2434600,463722800,524,57.6,191,179700,190,395500,5885000000,5885000000,557309500,169900,177400,0,0,0
2025-05-21,CAMP,Campina Ice Cream Industry Tbk.,--MO2135000000D221------------,190.0,190.0,192.0,189.0,190.0,0.0,3280800,623698400,477,57.6,191,457200,190,277400,5885000000,5885000000,557309500,401300,391400,0,0,0
2025-05-20,CAMP,Campina Ice Cream Industry Tbk.,--MO2135000000D221------------,189.0,190.0,195.0,186.0,190.0,1.0,12223400,2325996900,1109,57.6,190,109900,189,1077000,5885000000,5885000000,557309500,717500,959900,0,0,0
2025-05-19,CAMP,Campina Ice Cream Industry Tbk.,--MO2135000000D221------------,192.0,192.0,193.0,188.0,189.0,-3.0,9622300,1823353500,1232,57.3,190,557700,189,240900,5885000000,5885000000,557309500,666300,702700,0,0,0
2025-05-16,CAMP,Campina Ice Cream Industry Tbk.,--MO2135000000D221------------,200.0,204.0,208.0,182.0,192.0,-8.0,35882800,6983590100,3316,58.2,192,606900,191,99500,5885000000,5885000000,557309500,3264700,6026100,0,0,0
2025-05-15,CAMP,Campina Ice Cream Industry Tbk.,--MO2135000000D221------------,193.0,195.0,204.0,193.0,200.0,7.0,20474800,4077467700,2474,60.6,202,245100,200,740400,5885000000,5885000000,557309500,849000,1876800,0,0,0
2025-05-14,CAMP,Campina Ice Cream Industry Tbk.,--MO2135000000D221------------,188.0,193.0,195.0,189.0,193.0,5.0,9467600,1822996900,1091,58.5,194,149200,193,10900,5885000000,5885000000,557309500,221600,1786000,0,0,0
2025-05-09,CAMP,Campina Ice Cream Industry Tbk.,--MO2135000000D221------------,187.0,188.0,193.0,187.0,188.0,1.0,3952500,748234900,650,57.0,188,183100,187,892100,5885000000,5885000000,557309500,263400,59900,0,0,0
2025-05-08,CAMP,Campina Ice Cream Industry Tbk.,--MO2135000000D221------------,190.0,190.0,191.0,187.0,187.0,-3.0,4071000,764383400,814,56.7,187,12800,186,607600,5885000000,5885000000,557309500,195600,117000,0,0,0
2025-05-07,CAMP,Campina Ice Cream Industry Tbk.,--MO2135000000D221------------,192.0,193.0,193.0,187.0,190.0,-2.0,5463300,1034060100,1106,57.6,191,40300,190,73000,5885000000,5885000000,557309500,436900,313900,100000,19000000,1
2025-05-06,CAMP,Campina Ice Cream Industry Tbk.,--MO2135000000D221------------,188.0,188.0,199.0,186.0,192.0,4.0,12441800,2389966300,2141,58.2,193,314600,192,357300,5885000000,5885000000,557309500,442100,253100,0,0,0
2025-05-05,CAMP,Campina Ice Cream Industry Tbk.,--MO2135000000D221------------,190.0,190.0,190.0,185.0,188.0,-2.0,7824700,1464481300,1508,57.0,188,265900,187,1177300,5885000000,5885000000,557309500,147900,232900,0,0,0
2025-05-02,CAMP,Campina Ice Cream Industry Tbk.,--MO2135000000D221------------,204.0,190.0,195.0,176.0,190.0,-14.0,27679100,5213719800,3550,57.6,190,299900,189,1052200,5885000000,5885000000,557309500,1431600,1307600,0,0,0
2025-04-30,CAMP,Campina Ice Cream Industry Tbk.,--MO2135000000D221------------,208.0,208.0,212.0,204.0,204.0,-4.0,14076700,2929270400,1654,61.8,204,73800,202,460200,5885000000,5885000000,557309500,2928400,460200,0,0,0
2025-04-29,CAMP,Campina Ice Cream Industry Tbk.,--MO2135000000D221------------,200.0,204.0,208.0,200.0,208.0,8.0,12869000,2624285600,1618,63.0,208,143500,206,252200,5885000000,5885000000,557309500,1687700,1847700,0,0,0
2025-04-28,CAMP,Campina Ice Cream Industry Tbk.,--MO2135000000D221------------,194.0,195.0,208.0,195.0,200.0,6.0,28266500,5700449400,3311,60.6,202,139600,200,243300,5885000000,5885000000,557309500,1034900,3101600,0,0,0
2025-04-25,CAMP,Campina Ice Cream Industry Tbk.,--MO2135000000D221------------,195.0,195.0,202.0,191.0,194.0,-1.0,20682100,4056394700,2974,58.8,194,220900,193,201500,5885000000,5885000000,557309500,1433300,755700,0,0,0
2025-04-24,CAMP,Campina Ice Cream Industry Tbk.,--MO2135000000D221------------,178.0,179.0,206.0,178.0,195.0,17.0,97326700,19005210100,11252,59.1,195,66500,194,612900,5885000000,5885000000,557309500,8268800,7073500,0,0,0
2025-04-23,CAMP,Campina Ice Cream Industry Tbk.,--MO2135000000D221------------,180.0,181.0,183.0,177.0,178.0,-2.0,4753900,850605600,1110,53.9,179,323500,178,245800,5885000000,5885000000,557309500,187200,81400,0,0,0
2025-04-22,CAMP,Campina Ice Cream Industry Tbk.,--MO2135000000D221------------,179.0,179.0,186.0,175.0,180.0,1.0,11861800,2159766800,1557,54.5,181,84800,180,95100,5885000000,5885000000,557309500,618600,1493100,0,0,0
2025-04-21,CAMP,Campina Ice Cream Industry Tbk.,--MO2135000000D221------------,184.0,185.0,187.0,177.0,179.0,-5.0,7643600,1378883300,1680,54.2,180,386000,179,5500,5885000000,5885000000,557309500,132100,313500,0,0,0
2025-04-17,CAMP,Campina Ice Cream Industry Tbk.,--MO2135000000D221------------,182.0,185.0,190.0,182.0,184.0,2.0,8455600,1570344600,1565,55.8,184,296900,183,159200,5885000000,5885000000,557309500,774200,34000,0,0,0
2025-04-16,CAMP,Campina Ice Cream Industry Tbk.,--MO2135000000D221------------,189.0,190.0,192.0,182.0,182.0,-7.0,19610800,3668054300,2963,55.2,183,413800,182,359100,5885000000,5885000000,557309500,1912300,1435600,0,0,0
2025-04-15,CAMP,Campina Ice Cream Industry Tbk.,--MO2135000000D221------------,168.0,169.0,197.0,166.0,189.0,21.0,75949800,14123340700,9687,57.3,190,332700,189,43000,5885000000,5885000000,557309500,6003300,4757000,0,0,0
2025-04-14,CAMP,Campina Ice Cream Industry Tbk.,--MO2135000000D221------------,157.0,158.0,172.0,157.0,168.0,11.0,16513000,2740559800,2929,50.9,169,107300,168,188000,5885000000,5885000000,557309500,918000,426400,0,0,0
2025-04-11,CAMP,Campina Ice Cream Industry Tbk.,--MO2135000000D221------------,155.0,155.0,158.0,153.0,157.0,2.0,3160600,491416500,522,47.6,157,2008500,156,15000,5885000000,5885000000,557309500,26200,397200,0,0,0
2025-04-10,CAMP,Campina Ice Cream Industry Tbk.,--MO2135000000D221------------,150.0,152.0,158.0,150.0,155.0,5.0,8433700,1301417400,1323,47.0,155,1328900,154,168500,5885000000,5885000000,557309500,40700,1245600,0,0,0
2025-04-09,CAMP,Campina Ice Cream Industry Tbk.,--MO2135000000D221------------,141.0,140.0,156.0,140.0,150.0,9.0,12535600,1839731600,2102,45.5,150,339800,149,2600,5885000000,5885000000,557309500,622200,1200400,0,0,0
2025-04-08,CAMP,Campina Ice Cream Industry Tbk.,--MO2135000000D221------------,154.0,146.0,146.0,131.0,141.0,-13.0,21552800,2993208700,1947,42.7,141,36400,140,1661100,5885000000,5885000000,557309500,661700,2857500,0,0,0
2025-03-27,CAMP,Campina Ice Cream Industry Tbk.,--MO2135000000D221------------,154.0,156.0,199.0,153.0,154.0,0.0,104268600,18179337500,12710,46.7,154,7296700,153,402900,5885000000,5885000000,557309500,2110300,2593800,0,0,0
2025-03-26,CAMP,Campina Ice Cream Industry Tbk.,--MO2135000000D221------------,149.0,152.0,157.0,150.0,154.0,5.0,7779800,1191200800,907,46.7,155,33600,154,185800,5885000000,5885000000,557309500,4895700,29800,0,0,0
2025-03-25,CAMP,Campina Ice Cream Industry Tbk.,--MO2135000000D221------------,145.0,146.0,151.0,146.0,149.0,4.0,2273100,338636000,466,45.2,149,50000,148,12500,5885000000,5885000000,557309500,0,676000,0,0,0
2025-03-24,CAMP,Campina Ice Cream Industry Tbk.,--MO2135000000D221------------,149.0,151.0,151.0,144.0,145.0,-4.0,2361400,346115100,700,43.9,147,8100,145,4600,5885000000,5885000000,557309500,0,237000,0,0,0
2025-03-21,CAMP,Campina Ice Cream Industry Tbk.,--MO2135000000D221------------,152.0,152.0,153.0,149.0,149.0,-3.0,2658400,400513900,448,45.2,151,72400,149,561300,5885000000,5885000000,557309500,559300,103800,0,0,0
2025-03-20,CAMP,Campina Ice Cream Industry Tbk.,--MO2135000000D221------------,154.0,154.0,155.0,152.0,152.0,-2.0,4349700,668516700,656,46.1,153,1900,152,38900,5885000000,5885000000,557309500,2843200,163600,0,0,0
2025-03-19,CAMP,Campina Ice Cream Industry Tbk.,--MO2135000000D221------------,155.0,157.0,159.0,154.0,154.0,-1.0,3773700,586140400,795,46.7,155,100,154,521800,5885000000,5885000000,557309500,2956800,316900,0,0,0
2025-03-18,CAMP,Campina Ice Cream Industry Tbk.,--MO2135000000D221------------,159.0,159.0,160.0,153.0,155.0,-4.0,3199100,499884200,702,47.0,156,6900,155,51400,5885000000,5885000000,557309500,326900,107900,0,0,0
2025-03-17,CAMP,Campina Ice Cream Industry Tbk.,--MO2135000000D221------------,160.0,164.0,164.0,158.0,159.0,-1.0,1641200,261395300,624,48.2,160,81000,159,91200,5885000000,5885000000,557309500,100,7200,0,0,0
2025-03-14,CAMP,Campina Ice Cream Industry Tbk.,--MO2135000000D221------------,159.0,0.0,163.0,157.0,160.0,1.0,1763100,280207900,476,48.5,160,3700,159,55100,5885000000,5885000000,557309500,200,11200,0,0,0
2025-03-13,CAMP,Campina Ice Cream Industry Tbk.,--MO2135000000D221------------,165.0,165.0,165.0,155.0,159.0,-6.0,5774900,911796700,805,48.2,160,6500,159,50200,5885000000,5885000000,557309500,300,57400,0,0,0
2025-03-12,CAMP,Campina Ice Cream Industry Tbk.,--MO2135000000D221------------,166.0,166.0,168.0,161.0,165.0,-1.0,2092000,344196400,426,50.0,165,29100,164,200,5885000000,5885000000,557309500,1900,144900,0,0,0
2025-03-11,CAMP,Campina Ice Cream Industry Tbk.,--MO2135000000D221------------,167.0,168.0,168.0,162.0,166.0,-1.0,2351500,390610300,416,50.3,166,195000,165,2600,5885000000,5885000000,557309500,541500,0,0,0,0
2025-03-10,CAMP,Campina Ice Cream Industry Tbk.,--MO2135000000D221------------,166.0,166.0,171.0,165.0,167.0,1.0,4262500,719450900,902,50.6,168,37600,167,529900,5885000000,5885000000,557309500,1577000,0,0,0,0
2025-03-07,CAMP,Campina Ice Cream Industry Tbk.,--MO2135000000D221------------,166.0,166.0,168.0,162.0,166.0,0.0,2670800,442862600,432,50.3,166,3200,165,376100,5885000000,5885000000,557309500,67800,218900,0,0,0
2025-03-06,CAMP,Campina Ice Cream Industry Tbk.,--MO2135000000D221------------,161.0,161.0,169.0,161.0,166.0,5.0,3456500,569583100,713,50.3,166,300,165,11500,5885000000,5885000000,557309500,209400,141300,0,0,0
2025-03-05,CAMP,Campina Ice Cream Industry Tbk.,--MO2135000000D221------------,158.0,158.0,164.0,158.0,161.0,3.0,1798500,289456000,477,48.8,161,8000,160,12300,5885000000,5885000000,557309500,4700,182200,0,0,0
2025-03-04,CAMP,Campina Ice Cream Industry Tbk.,--MO2135000000D221------------,162.0,163.0,163.0,156.0,158.0,-4.0,3068900,486282900,724,47.9,158,20100,157,20000,5885000000,5885000000,557309500,13000,0,0,0,0
2025-03-03,CAMP,Campina Ice Cream Industry Tbk.,--MO2135000000D221------------,158.0,158.0,164.0,158.0,162.0,4.0,2021600,325264200,551,49.1,163,45900,162,215400,5885000000,5885000000,557309500,9200,360900,0,0,0
2025-02-28,CAMP,Campina Ice Cream Industry Tbk.,--MO2135000000D221------------,167.0,167.0,169.0,156.0,158.0,-9.0,9222500,1484259500,1231,47.9,158,136300,157,48600,5885000000,5885000000,557309500,223400,29700,0,0,0
2025-02-27,CAMP,Campina Ice Cream Industry Tbk.,--MO2135000000D221------------,164.0,165.0,183.0,165.0,167.0,3.0,17606700,3014406700,2698,50.6,168,69400,167,337000,5885000000,5885000000,557309500,7518700,1200500,0,0,0
2025-02-26,CAMP,Campina Ice Cream Industry Tbk.,--MO2135000000D221------------,168.0,169.0,170.0,162.0,164.0,-4.0,3372600,561712200,760,49.7,165,1400,164,6000,5885000000,5885000000,557309500,623800,20800,0,0,0
2025-02-25,CAMP,Campina Ice Cream Industry Tbk.,--MO2135000000D221------------,170.0,170.0,170.0,165.0,168.0,-2.0,4982100,836848100,934,50.9,169,1100,168,75400,5885000000,5885000000,557309500,730200,245400,0,0,0
2025-02-24,CAMP,Campina Ice Cream Industry Tbk.,--MO2135000000D221------------,179.0,179.0,180.0,169.0,170.0,-9.0,8344900,1442618100,1553,51.5,170,38600,169,275700,5885000000,5885000000,557309500,3992300,0,0,0,0
2025-02-21,CAMP,Campina Ice Cream Industry Tbk.,--MO2135000000D221------------,182.0,182.0,182.0,175.0,179.0,-3.0,7796200,1385511700,1077,54.2,180,318700,179,56100,5885000000,5885000000,557309500,231500,199900,0,0,0
2025-02-20,CAMP,Campina Ice Cream Industry Tbk.,--MO2135000000D221------------,184.0,184.0,185.0,181.0,182.0,-2.0,2767300,504656700,835,55.2,183,54200,182,1000,5885000000,5885000000,557309500,383800,98400,0,0,0
2025-02-19,CAMP,Campina Ice Cream Industry Tbk.,--MO2135000000D221------------,184.0,185.0,185.0,182.0,184.0,0.0,1485300,273122300,323,55.8,184,200,183,542000,5885000000,5885000000,557309500,289700,0,0,0,0
2025-02-18,CAMP,Campina Ice Cream Industry Tbk.,--MO2135000000D221------------,183.0,183.0,184.0,182.0,184.0,1.0,3070100,562644100,554,55.8,184,260400,182,247300,5885000000,5885000000,557309500,1112100,110200,0,0,0
2025-02-17,CAMP,Campina Ice Cream Industry Tbk.,--MO2135000000D221------------,183.0,184.0,185.0,181.0,183.0,0.0,3489800,640869300,625,55.5,184,65400,183,92500,5885000000,5885000000,557309500,2206800,343500,0,0,0
2025-02-14,CAMP,Campina Ice Cream Industry Tbk.,--MO2135000000D221------------,184.0,185.0,187.0,183.0,183.0,-1.0,1746000,323402400,472,55.5,185,76600,183,194600,5885000000,5885000000,557309500,700500,53800,0,0,0
2025-02-13,CAMP,Campina Ice Cream Industry Tbk.,--MO2135000000D221------------,181.0,183.0,185.0,180.0,184.0,3.0,1312700,239153300,387,55.8,185,16100,184,100,5885000000,5885000000,557309500,8700,327600,0,0,0
2025-02-12,CAMP,Campina Ice Cream Industry Tbk.,--MO2135000000D221------------,178.0,178.0,185.0,175.0,181.0,3.0,2836600,511663700,610,54.8,182,58000,180,18600,5885000000,5885000000,557309500,86400,443100,0,0,0
2025-02-11,CAMP,Campina Ice Cream Industry Tbk.,--MO2135000000D221------------,184.0,185.0,186.0,176.0,178.0,-6.0,5645900,1014241300,1109,53.9,179,219300,178,20200,5885000000,5885000000,557309500,274700,83000,0,0,0
2025-02-10,CAMP,Campina Ice Cream Industry Tbk.,--MO2135000000D221------------,189.0,190.0,190.0,184.0,184.0,-5.0,3213300,599140200,871,55.8,185,36400,184,101400,5885000000,5885000000,557309500,9300,104400,0,0,0
2025-02-07,CAMP,Campina Ice Cream Industry Tbk.,--MO2135000000D221------------,192.0,192.0,193.0,186.0,189.0,-3.0,3555300,673880100,878,57.3,190,17500,189,1000,5885000000,5885000000,557309500,325600,170300,0,0,0
2025-02-06,CAMP,Campina Ice Cream Industry Tbk.,--MO2135000000D221------------,198.0,198.0,200.0,191.0,192.0,-6.0,4188100,811891400,952,58.2,193,16000,192,86200,5885000000,5885000000,557309500,204300,73200,0,0,0
2025-02-05,CAMP,Campina Ice Cream Industry Tbk.,--MO2135000000D221------------,198.0,200.0,206.0,195.0,198.0,0.0,5788800,1153013300,1186,60.0,199,31500,198,18400,5885000000,5885000000,557309500,883000,662500,0,0,0
2025-02-04,CAMP,Campina Ice Cream Industry Tbk.,--MO2135000000D221------------,191.0,191.0,200.0,191.0,198.0,7.0,5203100,1024744400,1004,60.0,198,487500,197,138000,5885000000,5885000000,557309500,318300,601400,0,0,0
2025-02-03,CAMP,Campina Ice Cream Industry Tbk.,--MO2135000000D221------------,200.0,200.0,204.0,190.0,191.0,-9.0,12645100,2448807400,1994,57.9,191,313000,190,40400,5885000000,5885000000,557309500,488700,637100,0,0,0
2025-01-31,CAMP,Campina Ice Cream Industry Tbk.,--MO2135000000D221------------,202.0,202.0,204.0,198.0,200.0,-2.0,4836000,967823100,1137,60.6,200,1225200,199,1415200,5885000000,5885000000,557309500,98700,384800,0,0,0
2025-01-30,CAMP,Campina Ice Cream Industry Tbk.,--MO2135000000D221------------,210.0,210.0,216.0,200.0,202.0,-8.0,12720600,2587594800,2148,61.2,202,305400,200,374300,5885000000,5885000000,557309500,1461800,298400,0,0,0
2025-01-24,CAMP,Campina Ice Cream Industry Tbk.,--MO2135000000D221------------,206.0,210.0,240.0,208.0,210.0,4.0,90101700,20132523800,11600,63.6,212,170600,210,500100,5885000000,5885000000,557309500,847000,910200,0,0,0
2025-01-23,CAMP,Campina Ice Cream Industry Tbk.,--MO2135000000D221------------,187.0,188.0,250.0,188.0,206.0,19.0,175135300,39316242200,20692,62.4,208,46000,206,10749400,5885000000,5885000000,557309500,8325800,2529200,0,0,0
2025-01-22,CAMP,Campina Ice Cream Industry Tbk.,--MO2135000000D221------------,191.0,192.0,192.0,180.0,187.0,-4.0,8505300,1585211500,2372,56.7,188,8200,187,50400,5885000000,5885000000,557309500,100800,570200,0,0,0
2025-01-21,CAMP,Campina Ice Cream Industry Tbk.,--MO2135000000D221------------,191.0,190.0,194.0,189.0,191.0,0.0,5881200,1125861500,1302,57.9,192,157200,190,61900,5885000000,5885000000,557309500,93500,335600,0,0,0
2025-01-20,CAMP,Campina Ice Cream Industry Tbk.,--MO2135000000D221------------,199.0,199.0,200.0,190.0,191.0,-8.0,10320100,2004951400,2250,57.9,191,20000,190,830200,5885000000,5885000000,557309500,121000,160300,0,0,0
2025-01-17,CAMP,Campina Ice Cream Industry Tbk.,--MO2135000000D221------------,210.0,210.0,210.0,196.0,199.0,-11.0,12875800,2578081300,1690,60.3,200,11314600,199,485200,5885000000,5885000000,557309500,380100,136500,4000,788000,1
2025-01-16,CAMP,Campina Ice Cream Industry Tbk.,--MO2135000000D221------------,212.0,214.0,214.0,206.0,210.0,-2.0,8798200,1844214200,1331,63.6,212,170000,208,29600,5885000000,5885000000,557309500,0,264300,0,0,0
2025-01-15,CAMP,Campina Ice Cream Industry Tbk.,--MO2135000000D221------------,212.0,212.0,218.0,210.0,212.0,0.0,1962600,419213800,859,64.2,214,12800,212,152100,5885000000,5885000000,557309500,0,105800,0,0,0
2025-01-14,CAMP,Campina Ice Cream Industry Tbk.,--MO2135000000D221------------,214.0,212.0,216.0,210.0,212.0,-2.0,2241000,476575400,1301,64.2,214,416900,210,378200,5885000000,5885000000,557309500,1900,0,0,0,0
2025-01-13,CAMP,Campina Ice Cream Industry Tbk.,--MO2135000000D221------------,226.0,220.0,224.0,208.0,214.0,-12.0,6627800,1414717200,2429,64.8,216,526100,212,157100,5885000000,5885000000,557309500,230600,0,0,0,0
2025-01-10,CAMP,Campina Ice Cream Industry Tbk.,--MO2135000000D221------------,234.0,234.0,236.0,222.0,226.0,-8.0,8816200,2007162200,1389,68.5,226,2871800,224,275300,5885000000,5885000000,557309500,162000,0,0,0,0
2025-01-09,CAMP,Campina Ice Cream Industry Tbk.,--MO2135000000D221------------,240.0,238.0,242.0,226.0,234.0,-6.0,3162700,738007600,1172,70.9,234,27100,232,167500,5885000000,5885000000,557309500,0,40100,0,0,0
2025-01-08,CAMP,Campina Ice Cream Industry Tbk.,--MO2135000000D221------------,250.0,250.0,252.0,238.0,240.0,-10.0,1702100,414884400,1244,72.7,242,8000,240,12800,5885000000,5885000000,557309500,248700,0,0,0,0
2025-01-07,CAMP,Campina Ice Cream Industry Tbk.,--MO2135000000D221------------,252.0,252.0,256.0,250.0,250.0,-2.0,810600,204085000,269,75.8,250,9500,248,89000,5885000000,5885000000,557309500,0,8000,0,0,0
2025-01-06,CAMP,Campina Ice Cream Industry Tbk.,--MO2135000000D221------------,252.0,252.0,270.0,238.0,252.0,0.0,2270900,574308600,726,76.4,254,15300,250,7600,5885000000,5885000000,557309500,56900,75300,0,0,0
2025-01-03,CAMP,Campina Ice Cream Industry Tbk.,--MO2135000000D221------------,254.0,254.0,256.0,250.0,252.0,-2.0,740900,187183400,226,76.4,254,6000,252,5000,5885000000,5885000000,557309500,0,0,0,0,0
2025-01-02,CAMP,Campina Ice Cream Industry Tbk.,--MO2135000000D221------------,256.0,256.0,256.0,250.0,254.0,-2.0,782000,197928000,358,77.0,254,29100,252,1400,5885000000,5885000000,557309500,1000,0,0,0,0
2024-12-30,CAMP,Campina Ice Cream Industry Tbk.,--MO2135000000D221------------,262.0,262.0,264.0,250.0,256.0,-6.0,736600,186618200,344,77.6,256,66500,254,98400,5885000000,5885000000,557309500,0,0,0,0,0
2024-12-27,CAMP,Campina Ice Cream Industry Tbk.,--MO2135000000D221------------,254.0,254.0,266.0,252.0,262.0,8.0,814000,210768000,301,79.4,264,31400,262,142700,5885000000,5885000000,557309500,7700,0,2354000000,541420000000,1
2024-12-24,CAMP,Campina Ice Cream Industry Tbk.,--MO2135000000D221------------,248.0,0.0,262.0,248.0,254.0,6.0,975200,247515600,373,77.0,254,12500,252,22200,5885000000,5885000000,557309500,4400,0,0,0,0
2024-12-23,CAMP,Campina Ice Cream Industry Tbk.,--MO2135000000D221------------,246.0,246.0,252.0,246.0,248.0,2.0,393500,97793000,274,75.2,248,16000,246,86700,5885000000,5885000000,557309500,0,0,0,0,0
2024-12-20,CAMP,Campina Ice Cream Industry Tbk.,--MO2135000000D221------------,252.0,254.0,256.0,246.0,246.0,-6.0,641600,160758400,236,74.5,248,3000,246,9600,5885000000,5885000000,557309500,800,4600,0,0,0
2024-12-19,CAMP,Campina Ice Cream Industry Tbk.,--MO2135000000D221------------,254.0,0.0,256.0,248.0,252.0,-2.0,360800,90557200,206,76.4,252,15300,250,135900,5885000000,5885000000,557309500,39200,0,0,0,0
2024-12-18,CAMP,Campina Ice Cream Industry Tbk.,--MO2135000000D221------------,254.0,254.0,260.0,250.0,254.0,0.0,629600,158993200,264,77.0,256,11300,252,102600,5885000000,5885000000,557309500,0,0,0,0,0
2024-12-17,CAMP,Campina Ice Cream Industry Tbk.,--MO2135000000D221------------,260.0,264.0,264.0,254.0,254.0,-6.0,442100,113607400,329,77.0,256,17500,254,40700,5885000000,5885000000,557309500,0,0,630000,166320000,1
2024-12-16,CAMP,Campina Ice Cream Industry Tbk.,--MO2135000000D221------------,264.0,264.0,266.0,260.0,260.0,-4.0,499000,130566800,208,78.8,262,600,260,58400,5885000000,5885000000,557309500,0,3900,0,0,0
2024-12-13,CAMP,Campina Ice Cream Industry Tbk.,--MO2135000000D221------------,266.0,0.0,270.0,264.0,264.0,-2.0,539200,143746400,208,80.0,268,25400,264,7000,5885000000,5885000000,557309500,131900,0,0,0,0
2024-12-12,CAMP,Campina Ice Cream Industry Tbk.,--MO2135000000D221------------,266.0,266.0,268.0,266.0,266.0,0.0,142700,37979800,130,80.6,266,8100,264,30200,5885000000,5885000000,557309500,0,0,0,0,0
2024-12-11,CAMP,Campina Ice Cream Industry Tbk.,--MO2135000000D221------------,268.0,268.0,272.0,264.0,266.0,-2.0,564400,150773400,271,80.6,268,800,264,25500,5885000000,5885000000,557309500,0,0,0,0,0
2024-12-10,CAMP,Campina Ice Cream Industry Tbk.,--MO2135000000D221------------,270.0,272.0,274.0,262.0,268.0,-2.0,514800,137384800,373,81.2,272,23700,268,61400,5885000000,5885000000,557309500,0,35400,0,0,0
2024-12-09,CAMP,Campina Ice Cream Industry Tbk.,--MO2135000000D221------------,270.0,270.0,276.0,268.0,270.0,0.0,825000,223320600,507,81.8,270,5700,268,66900,5885000000,5885000000,557309500,0,0,0,0,0
2024-12-06,CAMP,Campina Ice Cream Industry Tbk.,--M-2135000000D221------------,270.0,0.0,274.0,264.0,270.0,0.0,623500,167941200,360,81.8,270,120900,268,78800,5885000000,5885000000,557309500,72700,0,0,0,0
2024-12-05,CAMP,Campina Ice Cream Industry Tbk.,--M-2135000000D221------------,262.0,0.0,288.0,260.0,270.0,8.0,735100,194715200,281,81.8,270,161100,268,900,5885000000,5885000000,557309500,11100,0,0,0,0
2024-12-04,CAMP,Campina Ice Cream Industry Tbk.,--M-2135000000D221------------,260.0,0.0,266.0,260.0,262.0,2.0,1200800,314677600,217,79.4,264,82500,262,13100,5885000000,5885000000,557309500,50800,0,0,0,0
2024-12-03,CAMP,Campina Ice Cream Industry Tbk.,--M-2135000000D221------------,256.0,0.0,272.0,256.0,260.0,4.0,1778100,464415800,434,78.8,260,49900,258,109200,5885000000,5885000000,557309500,130200,15500,0,0,0
2024-12-02,CAMP,Campina Ice Cream Industry Tbk.,--M-2135000000D221------------,262.0,0.0,264.0,256.0,256.0,-6.0,2139900,553564800,442,77.6,256,25300,254,300700,5885000000,5885000000,557309500,132600,116600,0,0,0
2024-11-29,CAMP,Campina Ice Cream Industry Tbk.,--M-2135000000D221------------,268.0,0.0,268.0,260.0,262.0,-6.0,761600,199918000,283,79.4,264,3100,262,326100,5885000000,5885000000,557309500,0,0,0,0,0
2024-11-28,CAMP,Campina Ice Cream Industry Tbk.,--M-2135000000D221------------,268.0,0.0,270.0,264.0,268.0,0.0,568200,152032600,267,81.2,270,69400,266,85500,5885000000,5885000000,557309500,4200,100000,0,0,0
2024-11-26,CAMP,Campina Ice Cream Industry Tbk.,--M-2135000000D221------------,268.0,0.0,272.0,264.0,268.0,0.0,1331400,356025800,476,81.2,268,8300,266,47200,5885000000,5885000000,557309500,49200,32100,0,0,0
2024-11-25,CAMP,Campina Ice Cream Industry Tbk.,--M-2135000000D221------------,268.0,0.0,294.0,266.0,268.0,0.0,6448700,1804657800,1855,81.2,270,500,268,57200,5885000000,5885000000,557309500,727600,811500,0,0,0
2024-11-22,CAMP,Campina Ice Cream Industry Tbk.,--M-2135000000D221------------,258.0,0.0,272.0,254.0,268.0,10.0,13427400,3496665800,397,81.2,270,157000,268,600,5885000000,5885000000,557309500,16900,139400,0,0,0
2024-11-21,CAMP,Campina Ice Cream Industry Tbk.,--M-2135000000D221------------,260.0,0.0,262.0,256.0,258.0,-2.0,927700,240731800,241,78.2,260,76600,258,400,5885000000,5885000000,557309500,0,120900,0,0,0
2024-11-20,CAMP,Campina Ice Cream Industry Tbk.,--M-2135000000D221------------,262.0,0.0,264.0,258.0,260.0,-2.0,754800,196504200,205,78.8,260,509800,258,36700,5885000000,5885000000,557309500,242800,0,0,0,0
2024-11-19,CAMP,Campina Ice Cream Industry Tbk.,--M-2135000000D221------------,258.0,0.0,264.0,254.0,262.0,4.0,534700,139735400,177,79.4,262,2700,260,520800,5885000000,5885000000,557309500,8700,0,0,0,0
2024-11-18,CAMP,Campina Ice Cream Industry Tbk.,--M-2135000000D221------------,260.0,0.0,264.0,254.0,258.0,-2.0,2296100,590809600,659,78.2,260,37500,258,11900,5885000000,5885000000,557309500,882100,30700,0,0,0
2024-11-15,CAMP,Campina Ice Cream Industry Tbk.,--M-2135000000D221------------,264.0,0.0,266.0,258.0,260.0,-4.0,890100,232343200,392,78.8,262,36100,260,100000,5885000000,5885000000,557309500,9500,0,0,0,0
2024-11-14,CAMP,Campina Ice Cream Industry Tbk.,--M-2135000000D221------------,268.0,0.0,272.0,264.0,264.0,-4.0,823800,220695000,308,80.0,264,17800,262,136500,5885000000,5885000000,557309500,37200,0,0,0,0
2024-11-13,CAMP,Campina Ice Cream Industry Tbk.,--M-2135000000D221------------,270.0,0.0,272.0,262.0,268.0,-2.0,1795100,475814600,394,81.2,268,179600,266,90700,5885000000,5885000000,557309500,0,588000,0,0,0
2024-11-12,CAMP,Campina Ice Cream Industry Tbk.,--M-2135000000D221------------,272.0,0.0,272.0,258.0,270.0,-2.0,2156500,571055800,571,81.8,270,8000,268,10400,5885000000,5885000000,557309500,0,124800,0,0,0
2024-11-11,CAMP,Campina Ice Cream Industry Tbk.,--M-2135000000D221------------,274.0,0.0,284.0,266.0,272.0,-2.0,1863800,505814200,624,82.4,274,41700,272,500,5885000000,5885000000,557309500,92000,77300,0,0,0
2024-11-08,CAMP,Campina Ice Cream Industry Tbk.,--M-2135000000D221------------,268.0,0.0,290.0,268.0,274.0,6.0,2537700,702655600,1081,83.0,274,301800,272,31500,5885000000,5885000000,557309500,152900,290200,0,0,0
2024-11-07,CAMP,Campina Ice Cream Industry Tbk.,--M-2135000000D221------------,272.0,0.0,274.0,268.0,268.0,-4.0,1095200,295776600,559,81.2,268,3400,266,62600,5885000000,5885000000,557309500,0,0,0,0,0
2024-11-06,CAMP,Campina Ice Cream Industry Tbk.,--M-2135000000D221------------,280.0,0.0,284.0,270.0,272.0,-8.0,2245900,619396400,751,82.4,274,180000,272,1600,5885000000,5885000000,557309500,488100,71200,0,0,0
2024-11-05,CAMP,Campina Ice Cream Industry Tbk.,--M-2135000000D221------------,268.0,0.0,316.0,268.0,280.0,12.0,12998100,3806257400,3073,84.8,282,5000,280,4300,5885000000,5885000000,557309500,2834500,634600,0,0,0
2024-11-04,CAMP,Campina Ice Cream Industry Tbk.,--M-2135000000D221------------,276.0,0.0,278.0,256.0,268.0,-8.0,4969600,1329588800,1020,81.2,268,221000,266,150600,5885000000,5885000000,557309500,1201300,969900,300300,92192100,1
2024-11-01,CAMP,Campina Ice Cream Industry Tbk.,--M-2135000000D221------------,292.0,0.0,294.0,270.0,276.0,-16.0,5138800,1422811600,1269,83.6,276,157500,274,352300,5885000000,5885000000,557309500,832200,149900,0,0,0
2024-10-31,CAMP,Campina Ice Cream Industry Tbk.,--U-2135000000D221------------,296.0,0.0,296.0,288.0,292.0,-4.0,3484900,1015167600,679,88.5,292,8000,290,84100,5885000000,5885000000,557309500,1144800,31000,0,0,0
2024-10-30,CAMP,Campina Ice Cream Industry Tbk.,--U-2135000000D221------------,300.0,0.0,302.0,294.0,296.0,-4.0,1506100,448462400,379,89.7,296,505400,294,258800,5885000000,5885000000,557309500,62300,0,0,0,0
2024-10-29,CAMP,Campina Ice Cream Industry Tbk.,--U-2135000000D221------------,300.0,0.0,302.0,298.0,300.0,0.0,687500,205711600,193,90.9,300,69800,298,366900,5885000000,5885000000,557309500,31900,0,0,0,0
2024-10-28,CAMP,Campina Ice Cream Industry Tbk.,--U-2135000000D221------------,300.0,0.0,302.0,300.0,300.0,0.0,1286300,386229600,190,90.9,300,13400,298,45900,5885000000,5885000000,557309500,149900,82600,0,0,0
2024-10-25,CAMP,Campina Ice Cream Industry Tbk.,--U-2135000000D221------------,300.0,0.0,304.0,300.0,300.0,0.0,935600,281202000,172,90.9,302,59600,300,1718500,5885000000,5885000000,557309500,100600,0,0,0,0
2024-10-24,CAMP,Campina Ice Cream Industry Tbk.,--U-2135000000D221------------,304.0,0.0,304.0,296.0,300.0,-4.0,2240700,672672400,323,90.9,304,500400,300,2036800,5885000000,5885000000,557309500,8200,99800,0,0,0
2024-10-23,CAMP,Campina Ice Cream Industry Tbk.,--U-2135000000D221------------,304.0,0.0,306.0,300.0,304.0,0.0,1378000,415382200,253,92.1,304,169800,302,1000,5885000000,5885000000,557309500,188300,0,0,0,0
2024-10-22,CAMP,Campina Ice Cream Industry Tbk.,--U-2135000000D221------------,302.0,0.0,304.0,300.0,304.0,2.0,674100,203674600,138,92.1,304,149700,302,162300,5885000000,5885000000,557309500,209800,0,0,0,0
2024-10-21,CAMP,Campina Ice Cream Industry Tbk.,--U-2135000000D221------------,300.0,0.0,302.0,298.0,302.0,2.0,1580700,475499600,255,91.5,302,54800,300,530900,5885000000,5885000000,557309500,246900,10000,0,0,0
2024-10-18,CAMP,Campina Ice Cream Industry Tbk.,--U-2135000000D221------------,302.0,0.0,304.0,300.0,300.0,-2.0,1452900,436923000,330,90.9,302,32600,300,343100,5885000000,5885000000,557309500,0,16800,0,0,0
2024-10-17,CAMP,Campina Ice Cream Industry Tbk.,--U-2135000000D221------------,304.0,0.0,306.0,300.0,302.0,-2.0,975300,295442600,334,91.5,304,280100,302,18900,5885000000,5885000000,557309500,67300,3400,0,0,0
2024-10-16,CAMP,Campina Ice Cream Industry Tbk.,--U-2135000000D221------------,304.0,0.0,306.0,302.0,304.0,0.0,698300,212200000,190,92.1,304,96600,302,255600,5885000000,5885000000,557309500,0,24000,0,0,0
2024-10-15,CAMP,Campina Ice Cream Industry Tbk.,--U-2135000000D221------------,304.0,0.0,306.0,302.0,304.0,0.0,1511700,457864200,236,92.1,304,221400,302,64200,5885000000,5885000000,557309500,14800,130300,0,0,0
2024-10-14,CAMP,Campina Ice Cream Industry Tbk.,--U-2135000000D221------------,304.0,0.0,304.0,300.0,304.0,0.0,809100,244336600,232,92.1,304,463800,302,9300,5885000000,5885000000,557309500,211400,0,0,0,0
2024-10-11,CAMP,Campina Ice Cream Industry Tbk.,--U-2135000000D221------------,302.0,0.0,306.0,300.0,304.0,2.0,475100,143804600,186,92.1,304,226900,302,119500,5885000000,5885000000,557309500,0,108300,0,0,0
2024-10-10,CAMP,Campina Ice Cream Industry Tbk.,--U-2135000000D221------------,304.0,0.0,308.0,302.0,302.0,-2.0,1057900,322296000,285,91.5,304,97600,300,177000,5885000000,5885000000,557309500,136900,14700,0,0,0
2024-10-09,CAMP,Campina Ice Cream Industry Tbk.,--U-2135000000D221------------,304.0,0.0,306.0,302.0,304.0,0.0,354400,107675600,194,92.1,306,335800,304,4200,5885000000,5885000000,557309500,0,9500,0,0,0
2024-10-08,CAMP,Campina Ice Cream Industry Tbk.,--U-2135000000D221------------,304.0,0.0,310.0,302.0,304.0,0.0,1595300,486803200,386,92.1,306,67600,304,11500,5885000000,5885000000,557309500,301700,124100,0,0,0
2024-10-07,CAMP,Campina Ice Cream Industry Tbk.,--U-2135000000D221------------,298.0,0.0,312.0,298.0,304.0,6.0,1938300,591763000,636,92.1,306,407700,304,157300,5885000000,5885000000,557309500,115800,200000,0,0,0
2024-10-04,CAMP,Campina Ice Cream Industry Tbk.,--U-2135000000D221------------,300.0,0.0,302.0,298.0,298.0,-2.0,2038200,608744000,366,90.3,300,130800,298,131500,5885000000,5885000000,557309500,0,26000,0,0,0
2024-10-03,CAMP,Campina Ice Cream Industry Tbk.,--U-2135000000D221------------,304.0,0.0,304.0,296.0,300.0,-4.0,2112200,632138600,664,90.9,300,363200,298,30600,5885000000,5885000000,557309500,0,2100,0,0,0
2024-10-02,CAMP,Campina Ice Cream Industry Tbk.,--U-2135000000D221------------,306.0,0.0,308.0,302.0,304.0,-2.0,1829100,555522200,563,92.1,304,76700,302,76900,5885000000,5885000000,557309500,400,0,0,0,0
2024-10-01,CAMP,Campina Ice Cream Industry Tbk.,--U-2135000000D221------------,310.0,0.0,310.0,304.0,306.0,-4.0,970000,297411600,343,92.7,308,144900,306,39900,5885000000,5885000000,557309500,0,900,0,0,0
2024-09-30,CAMP,Campina Ice Cream Industry Tbk.,--U-2135000000D221------------,306.0,0.0,314.0,302.0,310.0,4.0,2846700,880466400,543,93.9,310,22700,308,2000,5885000000,5885000000,557309500,527800,0,0,0,0
2024-09-27,CAMP,Campina Ice Cream Industry Tbk.,--U-2135000000D221------------,312.0,0.0,312.0,304.0,306.0,-6.0,4412500,1362774400,1144,92.7,308,5500,306,362700,5885000000,5885000000,557309500,160900,0,0,0,0
2024-09-26,CAMP,Campina Ice Cream Industry Tbk.,--U-2135000000D221------------,306.0,0.0,316.0,306.0,312.0,6.0,2211800,687655400,505,94.5,314,41100,312,14100,5885000000,5885000000,557309500,205000,91200,0,0,0
2024-09-25,CAMP,Campina Ice Cream Industry Tbk.,--U-2135000000D221------------,310.0,0.0,314.0,306.0,306.0,-4.0,3306100,1018425200,763,92.7,310,89900,306,75300,5885000000,5885000000,557309500,234200,64800,0,0,0
2024-09-24,CAMP,Campina Ice Cream Industry Tbk.,--U-2135000000D221------------,320.0,0.0,320.0,308.0,310.0,-10.0,8870500,2769772400,1437,93.9,312,7500,310,246100,5885000000,5885000000,557309500,186200,173600,0,0,0
2024-09-23,CAMP,Campina Ice Cream Industry Tbk.,--U-2135000000D221------------,316.0,0.0,322.0,316.0,320.0,4.0,2275900,723255200,458,97.0,320,1494300,318,119900,5885000000,5885000000,557309500,614700,0,0,0,0
2024-09-20,CAMP,Campina Ice Cream Industry Tbk.,--U-2135000000D221------------,320.0,0.0,326.0,316.0,316.0,-4.0,2470400,788500200,516,95.8,318,98300,316,408900,5885000000,5885000000,557309500,38000,0,0,0,0
2024-09-19,CAMP,Campina Ice Cream Industry Tbk.,--U-2135000000D221------------,316.0,0.0,324.0,316.0,320.0,4.0,1258100,402145200,424,97.0,320,10200,318,180100,5885000000,5885000000,557309500,144500,0,0,0,0
2024-09-18,CAMP,Campina Ice Cream Industry Tbk.,--U-2135000000D221------------,320.0,0.0,324.0,316.0,316.0,-4.0,5122100,1628372400,834,95.8,318,43000,316,151900,5885000000,5885000000,557309500,0,33500,0,0,0
2024-09-17,CAMP,Campina Ice Cream Industry Tbk.,--U-2135000000D221------------,320.0,0.0,324.0,320.0,320.0,0.0,1183100,380710600,331,97.0,322,36300,320,209600,5885000000,5885000000,557309500,169100,0,0,0,0
2024-09-13,CAMP,Campina Ice Cream Industry Tbk.,--U-2135000000D221------------,322.0,0.0,326.0,320.0,320.0,-2.0,1896500,611066200,351,97.0,322,24900,320,354300,5885000000,5885000000,557309500,52400,4100,0,0,0
2024-09-12,CAMP,Campina Ice Cream Industry Tbk.,--U-2135000000D221------------,322.0,0.0,324.0,316.0,322.0,0.0,2593100,829324200,427,97.6,322,134200,320,136800,5885000000,5885000000,557309500,1200800,45200,0,0,0
2024-09-11,CAMP,Campina Ice Cream Industry Tbk.,--U-2135000000D221------------,324.0,0.0,326.0,320.0,322.0,-2.0,1847300,594503600,410,97.6,322,189700,320,173300,5885000000,5885000000,557309500,63500,0,0,0,0
2024-09-10,CAMP,Campina Ice Cream Industry Tbk.,--U-2135000000D221------------,322.0,0.0,326.0,320.0,324.0,2.0,1849600,596976800,543,98.2,324,92300,322,160500,5885000000,5885000000,557309500,139200,7900,0,0,0
2024-09-09,CAMP,Campina Ice Cream Industry Tbk.,--U-2135000000D221------------,316.0,0.0,342.0,320.0,322.0,6.0,11472900,3761601400,1895,97.6,322,206400,320,71200,5885000000,5885000000,557309500,620300,961600,0,0,0
2024-09-06,CAMP,Campina Ice Cream Industry Tbk.,--U-2135000000D221------------,320.0,0.0,324.0,316.0,316.0,-4.0,1821600,581456600,540,95.8,320,351900,316,306200,5885000000,5885000000,557309500,377900,10300,0,0,0
2024-09-05,CAMP,Campina Ice Cream Industry Tbk.,--U-2135000000D221------------,322.0,0.0,330.0,310.0,320.0,-2.0,4929100,1586877600,682,97.0,322,301500,320,618200,5885000000,5885000000,557309500,902800,725900,0,0,0
2024-09-04,CAMP,Campina Ice Cream Industry Tbk.,--U-2135000000D221------------,326.0,0.0,330.0,318.0,322.0,-4.0,3751100,1209199400,968,97.6,322,400,320,67000,5885000000,5885000000,557309500,115100,169100,0,0,0
2024-09-03,CAMP,Campina Ice Cream Industry Tbk.,--U-2135000000D221------------,332.0,0.0,334.0,326.0,326.0,-6.0,4379700,1442226000,709,98.8,326,273300,324,64900,5885000000,5885000000,557309500,105000,159700,0,0,0
2024-09-02,CAMP,Campina Ice Cream Industry Tbk.,--U-2135000000D221------------,338.0,0.0,340.0,328.0,332.0,-6.0,5669700,1882940000,1304,100.6,334,57600,332,9900,5885000000,5885000000,557309500,288800,91200,0,0,0
2024-08-30,CAMP,Campina Ice Cream Industry Tbk.,--U-2135000000D221------------,334.0,0.0,354.0,330.0,338.0,4.0,15939900,5438794000,2718,102.4,338,171700,336,6700,5885000000,5885000000,557309500,363300,664100,0,0,0
2024-08-29,CAMP,Campina Ice Cream Industry Tbk.,--U-2135000000D221------------,342.0,0.0,346.0,330.0,334.0,-8.0,4765200,1600482400,1149,101.2,334,61800,332,237100,5885000000,5885000000,557309500,195700,100200,0,0,0
2024-08-28,CAMP,Campina Ice Cream Industry Tbk.,--U-2135000000D221------------,340.0,0.0,350.0,340.0,342.0,2.0,3455300,1188692800,875,103.6,342,1100,340,639100,5885000000,5885000000,557309500,328800,63600,0,0,0
2024-08-27,CAMP,Campina Ice Cream Industry Tbk.,--U-2135000000D221------------,350.0,0.0,356.0,334.0,340.0,-10.0,5030900,1725125000,1601,103.0,342,1500,340,188100,5885000000,5885000000,557309500,131900,183800,0,0,0
2024-08-26,CAMP,Campina Ice Cream Industry Tbk.,--U-2135000000D221------------,356.0,0.0,360.0,346.0,350.0,-6.0,3944200,1381815000,982,106.1,350,522900,348,397400,5885000000,5885000000,557309500,16700,438900,0,0,0
2024-08-23,CAMP,Campina Ice Cream Industry Tbk.,--U-2135000000D221------------,358.0,0.0,364.0,354.0,356.0,-2.0,4850600,1736271000,1097,107.9,358,282300,356,5000,5885000000,5885000000,557309500,272500,16700,0,0,0
2024-08-22,CAMP,Campina Ice Cream Industry Tbk.,--U-2135000000D221------------,340.0,0.0,374.0,340.0,358.0,18.0,36179000,13174443800,6569,108.5,360,373300,358,577700,5885000000,5885000000,557309500,3080700,1266200,0,0,0
2024-08-21,CAMP,Campina Ice Cream Industry Tbk.,--U-2135000000D221------------,350.0,0.0,356.0,340.0,340.0,-10.0,6701300,2312181600,1464,103.0,342,384700,340,481700,5885000000,5885000000,557309500,824900,931600,0,0,0
2024-08-20,CAMP,Campina Ice Cream Industry Tbk.,--U-2135000000D221------------,362.0,0.0,366.0,336.0,350.0,-12.0,21195200,7425001800,3168,106.1,352,280500,350,5700,5885000000,5885000000,557309500,2533300,1451600,0,0,0
2024-08-19,CAMP,Campina Ice Cream Industry Tbk.,--U-2135000000D221------------,364.0,0.0,404.0,356.0,362.0,-2.0,100544700,37842084000,10915,109.7,364,100700,362,101800,5885000000,5885000000,557309500,10243900,8925200,0,0,0
2024-08-16,CAMP,Campina Ice Cream Industry Tbk.,--U-2135000000D221------------,292.0,0.0,364.0,294.0,364.0,72.0,135711300,45869462200,11889,110.3,0,0,364,25283000,5885000000,5885000000,557309500,3846600,7457400,45000,15615000,11
2024-08-15,CAMP,Campina Ice Cream Industry Tbk.,--U-2135000000D221------------,294.0,0.0,298.0,286.0,290.0,-4.0,5540300,1604557600,1217,87.9,292,282100,290,275000,5885000000,5885000000,557309500,267100,476300,0,0,0
2024-08-14,CAMP,Campina Ice Cream Industry Tbk.,--U-2135000000D221------------,294.0,0.0,298.0,286.0,290.0,-4.0,5540300,1604557600,1217,87.9,292,282100,290,275000,5885000000,5885000000,557309500,267100,476300,0,0,0
2024-08-13,CAMP,Campina Ice Cream Industry Tbk.,--U-2135000000D221------------,288.0,0.0,304.0,288.0,294.0,6.0,11230400,3336535200,2231,89.1,294,2500,292,118300,5885000000,5885000000,557309500,517900,218800,0,0,0
2024-08-12,CAMP,Campina Ice Cream Industry Tbk.,--U-2135000000D221------------,300.0,0.0,306.0,278.0,288.0,-12.0,17805200,5157415200,3240,87.3,290,25600,288,914000,5885000000,5885000000,557309500,386100,440000,0,0,0
2024-08-09,CAMP,Campina Ice Cream Industry Tbk.,--U-2135000000D221------------,312.0,0.0,318.0,294.0,300.0,-12.0,12953900,3943945600,2110,90.9,300,550800,298,183800,5885000000,5885000000,557309500,2685800,276900,0,0,0
2024-08-08,CAMP,Campina Ice Cream Industry Tbk.,--U-2135000000D221------------,314.0,0.0,326.0,306.0,312.0,-2.0,21385300,6740988200,3751,94.5,312,1000,310,148400,5885000000,5885000000,557309500,1424000,1142700,0,0,0
2024-08-07,CAMP,Campina Ice Cream Industry Tbk.,--U-2135000000D221------------,280.0,0.0,338.0,282.0,314.0,34.0,87257000,27255238400,11570,95.2,316,75500,314,169800,5885000000,5885000000,557309500,8481400,5200800,0,0,0
2024-08-06,CAMP,Campina Ice Cream Industry Tbk.,--U-2135000000D221------------,290.0,0.0,302.0,272.0,280.0,-10.0,64050100,18401103400,7735,84.8,282,18900,280,805100,5885000000,5885000000,557309500,3251000,2689100,0,0,0
2024-08-05,CAMP,Campina Ice Cream Industry Tbk.,--U-2135000000D221------------,248.0,0.0,310.0,230.0,290.0,42.0,118312600,34497369000,13515,87.9,292,100,290,307000,5885000000,5885000000,557309500,5186900,6029000,2295150000,527884500000,3
2024-08-02,CAMP,Campina Ice Cream Industry Tbk.,--U-2135000000D221------------,316.0,0.0,364.0,240.0,248.0,-68.0,119816200,31639934200,5700,75.2,250,16400,248,53199400,5885000000,5885000000,557309500,2601500,8597800,0,0,0
2024-08-01,CAMP,Campina Ice Cream Industry Tbk.,XDU-2135000000D221------------,364.0,0.0,374.0,312.0,316.0,-48.0,19125400,6282804200,1138,95.8,318,200,316,32700,5885000000,5885000000,557309500,83500,485200,107600,38413200,1
2024-07-31,CAMP,Campina Ice Cream Industry Tbk.,XDU-2135000000D221------------,370.0,0.0,374.0,360.0,360.0,-10.0,5298500,1954754200,419,109.1,368,300,360,87900,5885000000,5885000000,557309500,300000,123000,17,6222,1
2024-07-30,CAMP,Campina Ice Cream Industry Tbk.,XDU-2135000000D221------------,370.0,0.0,374.0,360.0,360.0,-10.0,5298500,1954754200,419,109.1,368,300,360,87900,5885000000,5885000000,557309500,300000,123000,17,6222,1
2024-07-29,CAMP,Campina Ice Cream Industry Tbk.,XDU-2135000000D221------------,376.0,0.0,378.0,370.0,370.0,-6.0,555100,206639800,214,112.1,376,149800,370,113200,5885000000,5885000000,557309500,298900,0,60000000,19200000000,1
2024-07-26,CAMP,Campina Ice Cream Industry Tbk.,XDU-2135000000D221------------,370.0,0.0,382.0,372.0,376.0,6.0,641000,242533800,185,113.9,376,25100,374,106700,5885000000,5885000000,557309500,56700,0,0,0,0
2024-07-25,CAMP,Campina Ice Cream Industry Tbk.,XDU-2135000000D221------------,380.0,0.0,384.0,370.0,370.0,-10.0,559000,210417200,229,112.1,380,130300,370,75500,5885000000,5885000000,557309500,154300,6400,1353550000,236871250000,1
2024-07-24,CAMP,Campina Ice Cream Industry Tbk.,XDU-2135000000D221------------,388.0,0.0,392.0,378.0,380.0,-8.0,1146900,437216000,316,115.2,382,46900,380,50000,5885000000,5885000000,557309500,68500,90000,0,0,0
2024-07-23,CAMP,Campina Ice Cream Industry Tbk.,XDU-2135000000D221------------,350.0,0.0,392.0,354.0,388.0,38.0,10452000,3962792200,1995,117.6,388,184300,386,800,5885000000,5885000000,557309500,752500,1065000,1000450000,175078750000,1
2024-07-22,CAMP,Campina Ice Cream Industry Tbk.,XDU-2135000000D221------------,348.0,0.0,360.0,348.0,350.0,2.0,2159400,762123400,662,106.1,352,32900,350,24100,5885000000,5885000000,557309500,28400,182300,0,0,0
2024-07-19,CAMP,Campina Ice Cream Industry Tbk.,XDU-2135000000D221------------,352.0,0.0,374.0,330.0,348.0,-4.0,6651000,2332431000,1771,105.5,350,66000,348,93900,5885000000,5885000000,557309500,274400,491100,48900,17212800,1
2024-07-18,CAMP,Campina Ice Cream Industry Tbk.,XDU-2135000000D221------------,376.0,0.0,378.0,348.0,352.0,-24.0,6607300,2352627600,1751,106.7,354,11300,352,60000,5885000000,5885000000,557309500,428700,112900,0,0,0
2024-07-17,CAMP,Campina Ice Cream Industry Tbk.,XDU-2135000000D221------------,374.0,0.0,380.0,372.0,376.0,2.0,472500,178199800,149,113.9,378,52500,376,6600,5885000000,5885000000,557309500,127200,0,0,0,0
2024-07-16,CAMP,Campina Ice Cream Industry Tbk.,XDU-2135000000D221------------,368.0,0.0,382.0,366.0,374.0,6.0,1342900,506739600,231,113.3,378,1000,374,100,5885000000,5885000000,557309500,9500,115200,0,0,0
2024-07-12,CAMP,Campina Ice Cream Industry Tbk.,XDU-2135000000D221------------,380.0,0.0,384.0,368.0,374.0,-6.0,2755900,1033136000,586,113.3,376,200,374,10100,5885000000,5885000000,557309500,58200,1100500,0,0,0
2024-07-11,CAMP,Campina Ice Cream Industry Tbk.,XDU-2135000000D221------------,382.0,0.0,390.0,380.0,380.0,-2.0,450100,172268600,158,115.2,384,16700,380,490800,5885000000,5885000000,557309500,4400,4700,0,0,0
2024-07-10,CAMP,Campina Ice Cream Industry Tbk.,XDU-2135000000D221------------,386.0,0.0,390.0,380.0,382.0,-4.0,663500,255034000,174,115.8,384,12200,382,95900,5885000000,5885000000,557309500,126200,151400,0,0,0
2024-07-09,CAMP,Campina Ice Cream Industry Tbk.,XDU-2135000000D221------------,378.0,0.0,398.0,376.0,386.0,8.0,2088000,813394000,463,117.0,390,22400,386,12000,5885000000,5885000000,557309500,123900,8900,0,0,0
2024-07-08,CAMP,Campina Ice Cream Industry Tbk.,XDU-2135000000D221------------,378.0,0.0,384.0,374.0,378.0,0.0,1821200,690382600,614,114.5,380,23000,378,56100,5885000000,5885000000,557309500,354200,6700,0,0,0
2024-07-05,CAMP,Campina Ice Cream Industry Tbk.,XDU-2135000000D221------------,388.0,0.0,390.0,378.0,378.0,-10.0,1916400,730943000,517,114.5,380,6000,378,127600,5885000000,5885000000,557309500,7500,54000,0,0,0
2024-07-04,CAMP,Campina Ice Cream Industry Tbk.,--U-2135000000D221------------,404.0,0.0,404.0,374.0,392.0,-12.0,7511600,2907370600,1252,118.8,394,82100,392,1421700,5885000000,5885000000,557309500,472600,1402700,0,0,0
2024-07-03,CAMP,Campina Ice Cream Industry Tbk.,--U-2135000000D221------------,404.0,0.0,404.0,374.0,392.0,-12.0,7511600,2907370600,1252,118.8,394,82100,392,1421700,5885000000,5885000000,557309500,472600,1402700,0,0,0
2024-07-02,CAMP,Campina Ice Cream Industry Tbk.,--U-2135000000D221------------,420.0,0.0,420.0,398.0,404.0,-16.0,7449300,3010363400,1204,122.4,404,193700,402,1500,5885000000,5885000000,557309500,171900,858000,0,0,0
2024-07-01,CAMP,Campina Ice Cream Industry Tbk.,CDU-2135000000D221------------,406.0,0.0,426.0,398.0,420.0,14.0,9407000,3866266400,1224,127.3,420,92100,418,1441400,5885000000,5885000000,557309500,785400,1001000,301000,122206000,2
2024-06-28,CAMP,Campina Ice Cream Industry Tbk.,CDU-2135000000D221------------,404.0,0.0,414.0,404.0,408.0,4.0,2240000,911998400,520,123.6,410,200900,408,6000,5885000000,5885000000,561429000,8300,91900,0,0,0
2024-06-27,CAMP,Campina Ice Cream Industry Tbk.,--U-2135000000D221------------,414.0,0.0,418.0,402.0,404.0,-10.0,3754700,1531242600,886,122.4,406,51900,404,236700,5885000000,5885000000,561429000,377000,447100,0,0,0
2024-06-26,CAMP,Campina Ice Cream Industry Tbk.,--U-2135000000D221------------,404.0,0.0,418.0,400.0,414.0,10.0,9373800,3850976800,1485,125.5,414,804700,412,2400,5885000000,5885000000,561429000,611100,377500,0,0,0
2024-06-25,CAMP,Campina Ice Cream Industry Tbk.,--U-2135000000D221------------,404.0,0.0,418.0,400.0,414.0,10.0,9373800,3850976800,1485,125.5,414,804700,412,2400,5885000000,5885000000,561429000,611100,377500,0,0,0
2024-06-24,CAMP,Campina Ice Cream Industry Tbk.,--U-2135000000D221------------,374.0,0.0,428.0,364.0,404.0,30.0,22406900,9030928200,3554,122.4,408,21100,404,336300,5885000000,5885000000,561429000,894100,1620800,0,0,0
2024-06-21,CAMP,Campina Ice Cream Industry Tbk.,--U-2135000000D221------------,394.0,0.0,398.0,374.0,374.0,-20.0,7726800,2950427400,2166,113.3,376,12800,372,148000,5885000000,5885000000,561429000,775000,221700,0,0,0
2024-06-20,CAMP,Campina Ice Cream Industry Tbk.,--U-2135000000D221------------,364.0,0.0,404.0,366.0,394.0,30.0,25007100,9860732600,4491,119.4,394,28200,392,584100,5885000000,5885000000,561429000,954500,1403400,0,0,0
2024-06-19,CAMP,Campina Ice Cream Industry Tbk.,--U-2135000000D221------------,352.0,0.0,416.0,280.0,364.0,12.0,53115100,19739494000,10506,110.3,368,212700,364,5000,5885000000,5885000000,561429000,4260400,3921100,0,0,0
2024-06-14,CAMP,Campina Ice Cream Industry Tbk.,--U-2135000000D221------------,282.0,0.0,352.0,290.0,352.0,70.0,33089900,11416434800,2594,106.7,0,0,352,15065100,5885000000,5885000000,561429000,1195600,1233600,0,0,0
2024-06-13,CAMP,Campina Ice Cream Industry Tbk.,--U-2135000000D221------------,226.0,0.0,282.0,170.0,282.0,56.0,165691600,39900191900,13940,85.5,0,0,282,3472200,5885000000,5885000000,561429000,4223900,21837800,2412850000,422248750000,1
2024-06-12,CAMP,Campina Ice Cream Industry Tbk.,--U-2135000000D221------------,296.0,0.0,302.0,222.0,226.0,-70.0,93441100,21471709600,5345,68.5,228,5768200,226,302700,5885000000,5885000000,561429000,907800,7134800,0,0,0
2024-06-11,CAMP,Campina Ice Cream Industry Tbk.,--U-2135000000D221------------,386.0,0.0,390.0,290.0,296.0,-90.0,50093200,15261060200,3642,89.7,298,5124300,296,108600,5885000000,5885000000,561429000,1446900,6651500,0,0,0
2024-06-10,CAMP,Campina Ice Cream Industry Tbk.,--U-2135000000D221------------,388.0,0.0,394.0,384.0,386.0,-2.0,313400,121746600,117,117.0,386,400,382,21600,5885000000,5885000000,561429000,0,34600,150000000,48000000000,1
2024-06-07,CAMP,Campina Ice Cream Industry Tbk.,--U-2135000000D221------------,390.0,0.0,394.0,388.0,388.0,-2.0,211500,82188600,79,117.6,390,21600,388,52800,5885000000,5885000000,561429000,5000,0,0,0,0
2024-06-06,CAMP,Campina Ice Cream Industry Tbk.,--U-2135000000D221------------,384.0,0.0,390.0,386.0,390.0,6.0,104100,40552600,67,118.2,390,9400,388,26600,5885000000,5885000000,561429000,2900,0,0,0,0
2024-06-05,CAMP,Campina Ice Cream Industry Tbk.,--U-2135000000D221------------,382.0,0.0,396.0,382.0,384.0,2.0,901200,349859400,182,116.4,384,22300,382,50900,5885000000,5885000000,561429000,118300,127700,0,0,0
2024-06-04,CAMP,Campina Ice Cream Industry Tbk.,--U-2135000000D221------------,384.0,0.0,386.0,380.0,382.0,-2.0,164800,63012200,97,115.8,384,10600,382,216500,5885000000,5885000000,561429000,7000,0,0,0,0
2024-06-03,CAMP,Campina Ice Cream Industry Tbk.,--U-2135000000D221------------,380.0,0.0,388.0,378.0,384.0,4.0,104500,40082600,81,116.4,384,86600,382,17300,5885000000,5885000000,561429000,0,0,0,0,0
2024-05-31,CAMP,Campina Ice Cream Industry Tbk.,--U-2135000000D221------------,382.0,0.0,388.0,380.0,380.0,-2.0,284900,109311000,86,115.2,384,40000,380,80300,5885000000,5885000000,561429000,22100,0,0,0,0
2024-05-30,CAMP,Campina Ice Cream Industry Tbk.,--U-1135000000D221------------,388.0,0.0,398.0,376.0,382.0,-6.0,602400,229676200,208,115.8,384,46600,376,20900,5885000000,5885000000,561429000,8300,0,0,0,0
2024-05-29,CAMP,Campina Ice Cream Industry Tbk.,--U-1135000000D221------------,384.0,0.0,392.0,384.0,388.0,4.0,394000,152796600,103,117.6,390,4500,388,49700,5885000000,5885000000,561429000,62000,15000,0,0,0
2024-05-28,CAMP,Campina Ice Cream Industry Tbk.,--U-1135000000D221------------,390.0,0.0,390.0,384.0,384.0,-6.0,985200,381900400,148,116.4,388,25700,382,23100,5885000000,5885000000,561429000,16400,21200,0,0,0
2024-05-27,CAMP,Campina Ice Cream Industry Tbk.,--U-1135000000D221------------,388.0,0.0,396.0,388.0,390.0,2.0,267700,104968400,113,118.2,390,5400,388,19400,5885000000,5885000000,561429000,0,0,0,0,0
2024-05-22,CAMP,Campina Ice Cream Industry Tbk.,--U-1135000000D221------------,390.0,0.0,394.0,386.0,388.0,-2.0,265900,103573600,82,117.6,394,15100,388,15600,5885000000,5885000000,561429000,100,0,0,0,0
2024-05-21,CAMP,Campina Ice Cream Industry Tbk.,--U-1135000000D221------------,400.0,0.0,400.0,386.0,390.0,-10.0,453500,178339800,202,118.2,392,5000,390,144300,5885000000,5885000000,561429000,4700,0,0,0,0
2024-05-20,CAMP,Campina Ice Cream Industry Tbk.,--U-1135000000D221------------,406.0,0.0,412.0,396.0,400.0,-6.0,385700,155725000,219,121.2,400,51800,398,97900,5885000000,5885000000,561429000,33300,0,0,0,0
2024-05-17,CAMP,Campina Ice Cream Industry Tbk.,--U-1135000000D221------------,392.0,0.0,410.0,388.0,406.0,14.0,8337100,3409162600,228,123.0,406,188300,400,21400,5885000000,5885000000,561429000,88000,0,0,0,0
2024-05-16,CAMP,Campina Ice Cream Industry Tbk.,--U-1135000000D221------------,384.0,0.0,402.0,380.0,392.0,8.0,907000,355238400,156,118.8,394,7500,392,108200,5885000000,5885000000,561429000,4500,0,0,0,0
2024-05-15,CAMP,Campina Ice Cream Industry Tbk.,--U-1135000000D221------------,386.0,0.0,388.0,380.0,384.0,-2.0,1494700,572655400,161,116.4,386,23500,384,46700,5885000000,5885000000,561429000,12700,0,0,0,0
2024-05-14,CAMP,Campina Ice Cream Industry Tbk.,--U-1135000000D221------------,390.0,0.0,400.0,378.0,386.0,-4.0,483800,185588800,187,117.0,390,4200,386,58100,5885000000,5885000000,561429000,24500,0,0,0,0
2024-05-13,CAMP,Campina Ice Cream Industry Tbk.,--U-1135000000D221------------,394.0,0.0,396.0,376.0,390.0,-4.0,336800,130160000,109,118.2,390,92700,388,3000,5885000000,5885000000,561429000,10100,67100,0,0,0
2024-05-08,CAMP,Campina Ice Cream Industry Tbk.,--U-1135000000D221------------,394.0,0.0,400.0,390.0,394.0,0.0,278900,110026400,112,119.4,394,139700,392,10000,5885000000,5885000000,561429000,27400,0,0,0,0
2024-05-07,CAMP,Campina Ice Cream Industry Tbk.,--U-1135000000D221------------,408.0,0.0,410.0,390.0,394.0,-14.0,1332700,540516000,203,119.4,394,52200,392,42600,5885000000,5885000000,561429000,41600,21600,0,0,0
2024-05-06,CAMP,Campina Ice Cream Industry Tbk.,--U-1135000000D221------------,390.0,0.0,414.0,390.0,408.0,18.0,2215400,900352800,400,123.6,408,50000,402,20000,5885000000,5885000000,561429000,47200,0,0,0,0
2024-05-03,CAMP,Campina Ice Cream Industry Tbk.,--U-1135000000D221------------,374.0,0.0,392.0,376.0,390.0,16.0,914300,352882400,206,118.2,392,45900,390,10500,5885000000,5885000000,561429000,39500,200,0,0,0
2024-05-02,CAMP,Campina Ice Cream Industry Tbk.,--U-1135000000D221------------,372.0,0.0,378.0,370.0,374.0,2.0,9090600,3367302400,255,113.3,376,12600,374,862500,5885000000,5885000000,561429000,12500,4024000,0,0,0
2024-04-30,CAMP,Campina Ice Cream Industry Tbk.,--U-1135000000D221------------,370.0,0.0,380.0,370.0,372.0,2.0,461900,173295200,118,112.7,378,6900,370,130100,5885000000,5885000000,561429000,23900,44000,0,0,0
2024-04-29,CAMP,Campina Ice Cream Industry Tbk.,--U-1135000000D221------------,382.0,0.0,384.0,370.0,370.0,-12.0,3239000,1203092400,230,112.1,374,100,370,120200,5885000000,5885000000,561429000,98400,2118100,0,0,0
2024-04-26,CAMP,Campina Ice Cream Industry Tbk.,--U-1135000000D221------------,392.0,0.0,394.0,380.0,382.0,-10.0,605100,232303400,197,115.8,382,25800,380,391900,5885000000,5885000000,561429000,32000,0,0,0,0
2024-04-25,CAMP,Campina Ice Cream Industry Tbk.,--U-1135000000D221------------,394.0,0.0,398.0,392.0,392.0,-2.0,599200,235993600,182,118.8,392,10700,390,63500,5885000000,5885000000,561429000,14300,0,0,0,0
2024-04-24,CAMP,Campina Ice Cream Industry Tbk.,--U-1135000000D221------------,386.0,0.0,396.0,384.0,394.0,8.0,3158900,1240452600,2705,119.4,394,96600,392,1100,5885000000,5885000000,561429000,9600,19900,0,0,0
2024-04-23,CAMP,Campina Ice Cream Industry Tbk.,--U-1135000000D221------------,386.0,0.0,394.0,378.0,386.0,0.0,822700,316539400,115,117.0,386,13500,382,71000,5885000000,5885000000,561429000,0,116800,0,0,0
2024-04-22,CAMP,Campina Ice Cream Industry Tbk.,--U-1135000000D221------------,380.0,0.0,398.0,374.0,386.0,6.0,791600,303904200,164,117.0,386,22300,384,4000,5885000000,5885000000,561429000,44500,0,0,0,0
2024-04-19,CAMP,Campina Ice Cream Industry Tbk.,--U-1135000000D221------------,390.0,0.0,390.0,376.0,380.0,-10.0,1712200,654093200,424,115.2,382,76400,380,3871500,5885000000,5885000000,561429000,2700,202700,0,0,0
2024-04-18,CAMP,Campina Ice Cream Industry Tbk.,--U-1135000000D221------------,398.0,0.0,394.0,380.0,390.0,-8.0,670700,256815000,176,118.2,390,215500,386,29400,5885000000,5885000000,561429000,3200,15000,0,0,0
2024-04-17,CAMP,Campina Ice Cream Industry Tbk.,--U-1135000000D221------------,402.0,0.0,406.0,382.0,398.0,-4.0,1669400,651722400,349,120.6,396,8700,394,2000,5885000000,5885000000,561429000,0,140700,0,0,0
2024-04-16,CAMP,Campina Ice Cream Industry Tbk.,--U-1135000000D221------------,422.0,0.0,422.0,402.0,402.0,-20.0,1505600,611066000,308,121.8,410,100,402,111900,5885000000,5885000000,561429000,226300,55200,0,0,0
2024-04-05,CAMP,Campina Ice Cream Industry Tbk.,--U-1135000000D221------------,420.0,0.0,422.0,410.0,422.0,2.0,1362400,562044600,200,127.9,420,15200,412,20000,5885000000,5885000000,561429000,48700,25900,0,0,0
2024-04-04,CAMP,Campina Ice Cream Industry Tbk.,--U-1135000000D221------------,420.0,0.0,426.0,410.0,420.0,0.0,1081100,450842800,242,127.3,420,836600,416,2900,5885000000,5885000000,561429000,108700,53700,0,0,0
2024-04-03,CAMP,Campina Ice Cream Industry Tbk.,--U-1135000000D221------------,416.0,0.0,426.0,408.0,420.0,4.0,4559200,1902409600,511,127.3,420,45800,418,10000,5885000000,5885000000,561429000,46200,74700,0,0,0
2024-04-02,CAMP,Campina Ice Cream Industry Tbk.,--U-1135000000D221------------,416.0,0.0,426.0,410.0,416.0,0.0,4755900,1981688000,1037,126.1,418,250700,416,1000,5885000000,5885000000,561429000,220600,372200,0,0,0
2024-04-01,CAMP,Campina Ice Cream Industry Tbk.,--U-1135000000D221------------,388.0,0.0,426.0,384.0,416.0,28.0,15064600,6246089600,1995,126.1,418,201700,416,165300,5885000000,5885000000,561429000,526200,536400,400000,170400000,1
2024-03-28,CAMP,Campina Ice Cream Industry Tbk.,--U-1135000000D221------------,374.0,0.0,428.0,374.0,388.0,14.0,7811400,3130404200,1885,117.6,388,30700,386,1600,5885000000,5885000000,561429000,466700,256900,0,0,0
2024-03-27,CAMP,Campina Ice Cream Industry Tbk.,--U-1135000000D221------------,360.0,0.0,384.0,358.0,374.0,14.0,3304300,1228790600,460,113.3,376,400,374,77800,5885000000,5885000000,561429000,22600,1000400,0,0,0
2024-03-26,CAMP,Campina Ice Cream Industry Tbk.,--U-1135000000D221------------,358.0,0.0,368.0,358.0,360.0,2.0,2558300,925799200,316,109.1,364,700,360,24900,5885000000,5885000000,561429000,17600,47800,0,0,0
2024-03-22,CAMP,Campina Ice Cream Industry Tbk.,--U-1135000000D221------------,348.0,0.0,350.0,346.0,348.0,0.0,418000,145436000,110,105.5,350,55000,346,2200,5885000000,5885000000,561429000,0,254500,0,0,0
2024-03-21,CAMP,Campina Ice Cream Industry Tbk.,--U-1135000000D221------------,344.0,0.0,348.0,342.0,348.0,4.0,893500,310180600,215,105.5,350,113400,346,100,5885000000,5885000000,561429000,0,703500,0,0,0
2024-03-20,CAMP,Campina Ice Cream Industry Tbk.,--U-1135000000D221------------,332.0,0.0,348.0,314.0,344.0,12.0,9519100,3110099800,2105,104.2,346,76000,344,118900,5885000000,5885000000,561429000,70600,1159700,0,0,0
2024-03-19,CAMP,Campina Ice Cream Industry Tbk.,--U-1135000000D221------------,338.0,0.0,346.0,332.0,332.0,-6.0,1671800,565417400,247,100.6,334,116200,332,138400,5885000000,5885000000,561429000,124000,28600,0,0,0
2024-03-18,CAMP,Campina Ice Cream Industry Tbk.,--U-1135000000D221------------,346.0,0.0,350.0,338.0,338.0,-8.0,3317900,1146572000,324,102.4,340,97100,338,185100,5885000000,5885000000,561429000,2600,47200,0,0,0
2024-03-15,CAMP,Campina Ice Cream Industry Tbk.,--U-1135000000D221------------,346.0,0.0,346.0,344.0,346.0,0.0,724200,250319600,86,104.8,348,11400,346,11000,5885000000,5885000000,561429000,1700,0,0,0,0
2024-03-14,CAMP,Campina Ice Cream Industry Tbk.,--U-1135000000D221------------,346.0,0.0,346.0,340.0,346.0,0.0,1096200,378047400,124,104.8,346,62600,344,68600,5885000000,5885000000,561429000,8100,0,0,0,0
2024-03-13,CAMP,Campina Ice Cream Industry Tbk.,--U-1135000000D221------------,344.0,0.0,346.0,338.0,346.0,2.0,733800,251464800,165,104.8,346,76500,342,1500,5885000000,5885000000,561429000,26600,0,0,0,0
2024-03-08,CAMP,Campina Ice Cream Industry Tbk.,--U-1135000000D221------------,342.0,0.0,360.0,342.0,344.0,2.0,332000,114756400,166,104.2,344,40300,342,159800,5885000000,5885000000,561429000,12200,0,0,0,0
2024-03-07,CAMP,Campina Ice Cream Industry Tbk.,--U-1135000000D221------------,346.0,0.0,352.0,342.0,342.0,-4.0,942200,327563200,272,103.6,344,400,342,33000,5885000000,5885000000,561429000,21600,13800,0,0,0
2024-03-06,CAMP,Campina Ice Cream Industry Tbk.,--U-1135000000D221------------,336.0,0.0,350.0,336.0,346.0,10.0,1393000,480331800,366,104.8,348,112700,346,4800,5885000000,5885000000,561429000,106400,51400,0,0,0
2024-03-05,CAMP,Campina Ice Cream Industry Tbk.,--U-1135000000D221------------,330.0,0.0,338.0,326.0,336.0,6.0,851500,285569200,264,101.8,338,139800,336,58000,5885000000,5885000000,561429000,50000,44000,0,0,0
2024-03-04,CAMP,Campina Ice Cream Industry Tbk.,--U-1135000000D221------------,322.0,0.0,332.0,322.0,330.0,8.0,563300,185833200,233,100.0,330,700,328,92600,5885000000,5885000000,561429000,132200,0,0,0,0
2024-03-01,CAMP,Campina Ice Cream Industry Tbk.,--U-1135000000D221------------,322.0,0.0,330.0,316.0,322.0,0.0,478500,156296800,179,97.6,324,200,322,23900,5885000000,5885000000,561429000,38000,0,0,0,0
2024-02-29,CAMP,Campina Ice Cream Industry Tbk.,--U-1135000000D221------------,316.0,0.0,326.0,316.0,322.0,6.0,503000,162300000,140,97.6,324,50700,322,36400,5885000000,5885000000,561429000,0,700,0,0,0
2024-02-28,CAMP,Campina Ice Cream Industry Tbk.,--U-1135000000D221------------,326.0,0.0,328.0,316.0,318.0,-8.0,700500,225380200,354,96.4,326,31800,318,28700,5885000000,5885000000,561429000,24800,100,0,0,0
2024-02-27,CAMP,Campina Ice Cream Industry Tbk.,--U-1135000000D221------------,326.0,0.0,328.0,316.0,318.0,-8.0,700500,225380200,354,96.4,326,31800,318,28700,5885000000,5885000000,561429000,24800,100,0,0,0
2024-02-26,CAMP,Campina Ice Cream Industry Tbk.,--U-1135000000D221------------,312.0,0.0,328.0,308.0,326.0,14.0,797200,254802800,331,98.8,326,60200,324,130300,5885000000,5885000000,561429000,10600,88700,0,0,0
2024-02-23,CAMP,Campina Ice Cream Industry Tbk.,--U-1135000000D221------------,324.0,0.0,340.0,312.0,312.0,-12.0,4484600,1450384400,977,94.5,314,18900,312,227900,5885000000,5885000000,561429000,665700,120400,5000000,1500000000,1
2024-02-22,CAMP,Campina Ice Cream Industry Tbk.,--U-1135000000D221------------,336.0,0.0,338.0,322.0,324.0,-12.0,1458300,479641200,806,98.2,328,5000,324,193400,5885000000,5885000000,561429000,379800,12100,0,0,0
2024-02-21,CAMP,Campina Ice Cream Industry Tbk.,--U-1135000000D221------------,340.0,0.0,340.0,320.0,336.0,-4.0,1943400,641565400,581,101.8,338,10000,334,111000,5885000000,5885000000,561429000,153200,21400,5000000,1600000000,1
2024-02-20,CAMP,Campina Ice Cream Industry Tbk.,--U-1135000000D221------------,338.0,0.0,342.0,336.0,340.0,2.0,420900,142357800,184,103.0,340,7100,338,162900,5885000000,5885000000,561429000,224500,600,0,0,0
2024-02-19,CAMP,Campina Ice Cream Industry Tbk.,--U-1135000000D221------------,338.0,0.0,340.0,336.0,338.0,0.0,60300,20337400,90,102.4,338,13000,336,161500,5885000000,5885000000,561429000,0,900,0,0,0
2024-02-16,CAMP,Campina Ice Cream Industry Tbk.,--U-1135000000D221------------,338.0,0.0,344.0,334.0,338.0,0.0,617900,208765400,237,102.4,340,25900,338,7400,5885000000,5885000000,561429000,333200,26200,0,0,0
2024-02-15,CAMP,Campina Ice Cream Industry Tbk.,--U-1135000000D221------------,338.0,0.0,342.0,334.0,338.0,0.0,1050600,353247200,328,102.4,340,15700,336,3600,5885000000,5885000000,561429000,671700,187900,0,0,0
2024-02-13,CAMP,Campina Ice Cream Industry Tbk.,--U-1135000000D221------------,344.0,0.0,344.0,332.0,342.0,-2.0,1216000,409257000,401,103.6,344,95300,342,200,5885000000,5885000000,561429000,613800,60300,0,0,0
2024-02-12,CAMP,Campina Ice Cream Industry Tbk.,--U-1135000000D221------------,344.0,0.0,344.0,332.0,342.0,-2.0,1216000,409257000,401,103.6,344,95300,342,200,5885000000,5885000000,561429000,613800,60300,0,0,0
2024-02-07,CAMP,Campina Ice Cream Industry Tbk.,--U-1135000000D221------------,344.0,0.0,346.0,340.0,344.0,0.0,205800,70097600,121,104.2,344,27500,342,100,5885000000,5885000000,561429000,148600,700,15600,5335200,1
2024-02-06,CAMP,Campina Ice Cream Industry Tbk.,--U-1135000000D221------------,340.0,0.0,348.0,334.0,344.0,4.0,400300,135381400,267,104.2,344,1700,338,1500,5885000000,5885000000,561429000,200700,23700,0,0,0
2024-02-05,CAMP,Campina Ice Cream Industry Tbk.,--U-1135000000D221------------,348.0,0.0,350.0,336.0,340.0,-8.0,938900,320419600,418,103.0,340,37400,338,142800,5885000000,5885000000,561429000,197800,61900,0,0,0
2024-02-02,CAMP,Campina Ice Cream Industry Tbk.,--U-1135000000D221------------,350.0,0.0,352.0,344.0,348.0,-2.0,320700,111648800,157,105.5,350,5200,348,300,5885000000,5885000000,561429000,192300,26600,0,0,0
2024-02-01,CAMP,Campina Ice Cream Industry Tbk.,--U-1135000000D221------------,348.0,0.0,352.0,348.0,352.0,4.0,93100,32515200,107,106.7,352,179300,350,10500,5885000000,5885000000,561429000,800,10600,0,0,0
2024-01-31,CAMP,Campina Ice Cream Industry Tbk.,--U-1135000000D221------------,348.0,0.0,352.0,348.0,352.0,4.0,93100,32515200,107,106.7,352,179300,350,10500,5885000000,5885000000,561429000,800,10600,0,0,0
2024-01-30,CAMP,Campina Ice Cream Industry Tbk.,--U-1135000000D221------------,352.0,0.0,352.0,346.0,348.0,-4.0,175700,61248800,111,105.5,350,83200,348,3800,5885000000,5885000000,561429000,39500,0,0,0,0
2024-01-29,CAMP,Campina Ice Cream Industry Tbk.,--U-1135000000D221------------,350.0,0.0,352.0,348.0,352.0,2.0,418600,146782200,87,106.7,350,10300,348,60600,5885000000,5885000000,561429000,5600,0,0,0,0
2024-01-26,CAMP,Campina Ice Cream Industry Tbk.,--U-1135000000D221------------,350.0,0.0,354.0,348.0,350.0,0.0,161900,56658400,101,106.1,350,409900,348,10100,5885000000,5885000000,561429000,24400,0,0,0,0
2024-01-25,CAMP,Campina Ice Cream Industry Tbk.,--U-1135000000D221------------,350.0,0.0,354.0,348.0,350.0,0.0,430600,151336000,135,106.1,354,12600,350,4800,5885000000,5885000000,561429000,200,62200,0,0,0
2024-01-24,CAMP,Campina Ice Cream Industry Tbk.,--U-1135000000D221------------,352.0,0.0,354.0,346.0,350.0,-2.0,314700,110290400,149,106.1,350,98200,348,4400,5885000000,5885000000,561429000,29500,22200,0,0,0
2024-01-23,CAMP,Campina Ice Cream Industry Tbk.,--U-1135000000D221------------,348.0,0.0,356.0,340.0,352.0,4.0,1596200,551456000,382,106.7,352,48300,350,27300,5885000000,5885000000,561429000,149600,107200,0,0,0
2024-01-22,CAMP,Campina Ice Cream Industry Tbk.,--U-1135000000D221------------,372.0,0.0,372.0,344.0,348.0,-24.0,3618300,1281597000,862,105.5,350,10000,348,57200,5885000000,5885000000,561429000,160000,178300,0,0,0
2024-01-19,CAMP,Campina Ice Cream Industry Tbk.,--U-1135000000D221------------,380.0,0.0,384.0,370.0,372.0,-8.0,266700,100206000,178,112.7,376,100,372,12800,5885000000,5885000000,561429000,13700,19500,0,0,0
2024-01-18,CAMP,Campina Ice Cream Industry Tbk.,--U-1135000000D221------------,374.0,0.0,382.0,374.0,380.0,6.0,299500,113478200,122,115.2,380,26400,378,13000,5885000000,5885000000,561429000,55100,2100,0,0,0
2024-01-17,CAMP,Campina Ice Cream Industry Tbk.,--U-1135000000D221------------,378.0,0.0,384.0,374.0,374.0,-4.0,212300,80254000,154,113.3,378,2300,374,15800,5885000000,5885000000,561429000,68300,100,0,0,0
2024-01-16,CAMP,Campina Ice Cream Industry Tbk.,--U-1135000000D221------------,384.0,0.0,386.0,376.0,378.0,-6.0,921000,350002000,229,114.5,378,300,376,61100,5885000000,5885000000,561429000,37500,0,0,0,0
2024-01-15,CAMP,Campina Ice Cream Industry Tbk.,--U-1135000000D221------------,368.0,0.0,384.0,368.0,384.0,16.0,968400,369420200,399,116.4,386,110000,384,100,5885000000,5885000000,561429000,311200,50000,0,0,0
2024-01-12,CAMP,Campina Ice Cream Industry Tbk.,--U-1135000000D221------------,368.0,0.0,370.0,366.0,368.0,0.0,195400,71866400,121,111.5,368,1200,366,1700,5885000000,5885000000,561429000,0,37100,0,0,0
2024-01-11,CAMP,Campina Ice Cream Industry Tbk.,--U-1135000000D221------------,366.0,0.0,368.0,362.0,368.0,2.0,960800,349912000,157,111.5,370,57000,368,100,5885000000,5885000000,561429000,0,69900,0,0,0
2024-01-10,CAMP,Campina Ice Cream Industry Tbk.,--U-1135000000D221------------,372.0,0.0,374.0,362.0,366.0,-6.0,715900,263003000,206,110.9,368,8100,366,6700,5885000000,5885000000,561429000,0,21400,0,0,0
2024-01-09,CAMP,Campina Ice Cream Industry Tbk.,--U-1135000000D221------------,382.0,0.0,384.0,372.0,372.0,-10.0,380300,142976200,222,112.7,376,4000,372,35300,5885000000,5885000000,561429000,43300,10300,0,0,0
2024-01-08,CAMP,Campina Ice Cream Industry Tbk.,--U-1135000000D221------------,390.0,0.0,392.0,380.0,382.0,-8.0,399600,153718200,202,115.8,384,2900,382,3000,5885000000,5885000000,561429000,64500,7300,0,0,0
2024-01-05,CAMP,Campina Ice Cream Industry Tbk.,--U-1135000000D221------------,390.0,0.0,394.0,388.0,390.0,0.0,307400,119818600,125,118.2,392,14100,390,78500,5885000000,5885000000,561429000,0,700,0,0,0
2024-01-04,CAMP,Campina Ice Cream Industry Tbk.,--U-1135000000D221------------,394.0,0.0,400.0,388.0,390.0,-4.0,292300,114135200,178,118.2,392,3100,390,2300,5885000000,5885000000,561429000,3700,62500,0,0,0
2024-01-03,CAMP,Campina Ice Cream Industry Tbk.,--U-1135000000D221------------,386.0,0.0,400.0,384.0,394.0,8.0,1648500,651111400,244,119.4,396,12900,394,1200,5885000000,5885000000,561429000,200100,81700,0,0,0
2024-01-02,CAMP,Campina Ice Cream Industry Tbk.,--U-1135000000D221------------,402.0,0.0,402.0,378.0,386.0,-16.0,1255200,484499000,450,117.0,386,10900,384,9900,5885000000,5885000000,561429000,30500,184100,0,0,0
2023-12-29,CAMP,Campina Ice Cream Industry Tbk.,--U-1135000000D221------------,380.0,0.0,434.0,378.0,402.0,22.0,3777800,1524956200,898,121.8,402,2900,400,118900,5885000000,5885000000,561429000,461500,240700,0,0,0
2023-12-28,CAMP,Campina Ice Cream Industry Tbk.,--U-1135000000D221------------,382.0,0.0,388.0,376.0,380.0,-2.0,538400,205635000,224,115.2,382,42000,380,7300,5885000000,5885000000,561429000,53300,0,0,0,0
2023-12-27,CAMP,Campina Ice Cream Industry Tbk.,--U-1135000000D221------------,362.0,0.0,390.0,360.0,382.0,20.0,1624600,615233400,418,115.8,384,50800,382,149200,5885000000,5885000000,561429000,208700,126300,0,0,0
2023-12-22,CAMP,Campina Ice Cream Industry Tbk.,--U-1135000000D221------------,364.0,0.0,364.0,356.0,362.0,-2.0,178800,64138800,110,109.7,362,67500,360,500,5885000000,5885000000,561429000,0,25300,0,0,0
2023-12-21,CAMP,Campina Ice Cream Industry Tbk.,--U-1135000000D221------------,374.0,0.0,374.0,360.0,364.0,-10.0,375600,137279200,214,110.3,364,23800,362,100,5885000000,5885000000,561429000,79300,0,0,0,0
2023-12-20,CAMP,Campina Ice Cream Industry Tbk.,--U-1135000000D221------------,352.0,0.0,376.0,350.0,374.0,22.0,1991700,724620600,566,113.3,374,157100,364,19900,5885000000,5885000000,561429000,99400,650700,0,0,0
2023-12-19,CAMP,Campina Ice Cream Industry Tbk.,--U-1135000000D221------------,344.0,0.0,358.0,344.0,352.0,8.0,782800,273648000,254,106.7,354,32600,352,57000,5885000000,5885000000,561429000,300,0,0,0,0
2023-12-18,CAMP,Campina Ice Cream Industry Tbk.,--U-1135000000D221------------,342.0,0.0,348.0,340.0,344.0,2.0,310700,107331600,120,104.2,344,78400,342,141400,5885000000,5885000000,561429000,4200,0,0,0,0
2023-12-15,CAMP,Campina Ice Cream Industry Tbk.,--U-1135000000D221------------,342.0,0.0,344.0,338.0,342.0,0.0,101600,34610000,66,103.6,342,17400,340,257200,5885000000,5885000000,561429000,17000,0,0,0,0
2023-12-14,CAMP,Campina Ice Cream Industry Tbk.,--U-1135000000D221------------,342.0,0.0,344.0,340.0,342.0,0.0,53500,18233000,64,103.6,342,2000,340,349100,5885000000,5885000000,561429000,600,0,0,0,0
2023-12-13,CAMP,Campina Ice Cream Industry Tbk.,--U-1135000000D221------------,344.0,0.0,344.0,340.0,342.0,-2.0,78600,26870400,56,103.6,342,27000,340,348600,5885000000,5885000000,561429000,0,0,0,0,0
2023-12-12,CAMP,Campina Ice Cream Industry Tbk.,--U-1135000000D221------------,344.0,0.0,346.0,340.0,344.0,0.0,71700,24529600,77,104.2,344,43300,340,226500,5885000000,5885000000,561429000,600,0,0,0,0
2023-12-11,CAMP,Campina Ice Cream Industry Tbk.,--U-1135000000D221------------,342.0,0.0,346.0,342.0,344.0,2.0,322400,110593800,99,104.2,344,64600,342,117600,5885000000,5885000000,561429000,3400,0,0,0,0
2023-12-08,CAMP,Campina Ice Cream Industry Tbk.,--U-1135000000D221------------,342.0,0.0,346.0,342.0,342.0,0.0,280200,95866200,59,103.6,344,6200,342,48400,5885000000,5885000000,561429000,10100,0,0,0,0
2023-12-07,CAMP,Campina Ice Cream Industry Tbk.,--U-1135000000D221------------,344.0,0.0,344.0,340.0,342.0,-2.0,69900,23824600,72,103.6,342,113000,340,260000,5885000000,5885000000,561429000,700,0,0,0,0
2023-12-06,CAMP,Campina Ice Cream Industry Tbk.,--U-1135000000D221------------,346.0,0.0,348.0,340.0,344.0,-2.0,85100,29098000,105,104.2,344,3900,342,100,5885000000,5885000000,561429000,1200,0,0,0,0
2023-12-05,CAMP,Campina Ice Cream Industry Tbk.,--U-1135000000D221------------,344.0,0.0,346.0,336.0,346.0,2.0,119100,40665400,105,104.8,346,18600,344,200,5885000000,5885000000,561429000,10200,0,0,0,0
2023-12-04,CAMP,Campina Ice Cream Industry Tbk.,--U-1135000000D221------------,346.0,0.0,346.0,340.0,344.0,-2.0,206400,70494200,133,104.2,344,38200,342,100,5885000000,5885000000,561429000,1300,300,0,0,0
2023-12-01,CAMP,Campina Ice Cream Industry Tbk.,--U-1135000000D221------------,342.0,0.0,348.0,340.0,346.0,4.0,102600,35161600,74,104.8,346,4800,344,2000,5885000000,5885000000,561429000,0,5200,0,0,0
2023-11-30,CAMP,Campina Ice Cream Industry Tbk.,--U-1135000000D221------------,342.0,0.0,346.0,340.0,342.0,0.0,150200,51403000,97,103.6,346,8000,342,3000,5885000000,5885000000,561429000,1400,2200,0,0,0
2023-11-29,CAMP,Campina Ice Cream Industry Tbk.,--U-1135000000D221------------,342.0,0.0,348.0,340.0,342.0,0.0,467300,160942400,90,103.6,344,400,342,27500,5885000000,5885000000,561429000,0,0,0,0,0
2023-11-28,CAMP,Campina Ice Cream Industry Tbk.,--U-1135000000D221------------,342.0,0.0,346.0,342.0,342.0,0.0,163500,56045000,77,103.6,344,1200,342,69200,5885000000,5885000000,561429000,2100,1900,0,0,0
2023-11-27,CAMP,Campina Ice Cream Industry Tbk.,--U-1135000000D221------------,346.0,0.0,348.0,340.0,342.0,-4.0,272100,93406600,97,103.6,344,107600,342,112700,5885000000,5885000000,561429000,32300,200,0,0,0
2023-11-24,CAMP,Campina Ice Cream Industry Tbk.,--U-1135000000D221------------,344.0,0.0,346.0,342.0,346.0,2.0,87800,30211200,68,104.8,346,36600,344,2500,5885000000,5885000000,561429000,0,700,0,0,0
2023-11-23,CAMP,Campina Ice Cream Industry Tbk.,--U-1135000000D221------------,346.0,0.0,348.0,342.0,344.0,-2.0,134500,46388000,75,104.2,346,11700,344,136800,5885000000,5885000000,561429000,2400,0,0,0,0
2023-11-22,CAMP,Campina Ice Cream Industry Tbk.,--U-1135000000D221------------,346.0,0.0,348.0,342.0,346.0,0.0,128600,44326000,120,104.8,346,26200,344,54600,5885000000,5885000000,561429000,400,0,0,0,0
2023-11-21,CAMP,Campina Ice Cream Industry Tbk.,--U-1135000000D221------------,344.0,0.0,348.0,342.0,346.0,2.0,233500,80679400,127,104.8,346,12400,344,64200,5885000000,5885000000,561429000,15900,0,0,0,0
2023-11-20,CAMP,Campina Ice Cream Industry Tbk.,--U-1135000000D221------------,346.0,0.0,346.0,342.0,344.0,-2.0,119500,41227800,64,104.2,344,19600,342,20300,5885000000,5885000000,561429000,12500,0,0,0,0
2023-11-17,CAMP,Campina Ice Cream Industry Tbk.,--U-1135000000D221------------,340.0,0.0,346.0,340.0,346.0,6.0,119400,40989800,90,104.8,346,28100,344,29600,5885000000,5885000000,561429000,2600,0,0,0,0
2023-11-16,CAMP,Campina Ice Cream Industry Tbk.,--U-1135000000D221------------,342.0,0.0,344.0,340.0,340.0,-2.0,53100,18086400,56,103.0,342,7000,340,2500,5885000000,5885000000,561429000,2800,0,0,0,0
2023-11-15,CAMP,Campina Ice Cream Industry Tbk.,--U-1135000000D221------------,336.0,0.0,344.0,336.0,342.0,6.0,449900,153443000,91,103.6,342,19200,340,76600,5885000000,5885000000,561429000,2900,0,0,0,0
2023-11-14,CAMP,Campina Ice Cream Industry Tbk.,--U-1135000000D221------------,338.0,0.0,342.0,334.0,336.0,-2.0,333900,113394400,89,101.8,338,3100,336,22300,5885000000,5885000000,561429000,11100,0,0,0,0
2023-11-13,CAMP,Campina Ice Cream Industry Tbk.,--U-1135000000D221------------,334.0,0.0,342.0,334.0,338.0,4.0,83500,28097000,74,102.4,338,17100,336,56500,5885000000,5885000000,561429000,4500,100,0,0,0
2023-11-10,CAMP,Campina Ice Cream Industry Tbk.,--U-1135000000D221------------,338.0,0.0,340.0,334.0,334.0,-4.0,47900,16113000,53,101.2,336,100,334,263600,5885000000,5885000000,561429000,100,0,0,0,0
2023-11-09,CAMP,Campina Ice Cream Industry Tbk.,--U-1135000000D221------------,334.0,0.0,338.0,332.0,338.0,4.0,125600,42188400,70,102.4,338,10300,336,1600,5885000000,5885000000,561429000,0,6600,0,0,0
2023-11-08,CAMP,Campina Ice Cream Industry Tbk.,--U-1135000000D221------------,338.0,0.0,336.0,332.0,334.0,-4.0,725900,241163000,99,101.2,336,32400,334,3700,5885000000,5885000000,561429000,600,300,0,0,0
2023-11-07,CAMP,Campina Ice Cream Industry Tbk.,--U-1135000000D221------------,338.0,0.0,338.0,334.0,338.0,0.0,67400,22711000,80,102.4,338,50200,334,34200,5885000000,5885000000,561429000,0,1200,0,0,0
2023-11-06,CAMP,Campina Ice Cream Industry Tbk.,--U-1135000000D221------------,340.0,0.0,340.0,332.0,338.0,-2.0,211300,70589000,134,102.4,338,13700,336,100,5885000000,5885000000,561429000,4000,4300,0,0,0
2023-11-03,CAMP,Campina Ice Cream Industry Tbk.,--U-1135000000D221------------,338.0,0.0,342.0,332.0,340.0,2.0,181500,61006400,101,103.0,340,200,336,4300,5885000000,5885000000,561429000,0,3500,0,0,0
2023-11-02,CAMP,Campina Ice Cream Industry Tbk.,--U-1135000000D221------------,342.0,0.0,342.0,338.0,338.0,-4.0,102700,34875400,86,102.4,340,75800,338,9600,5885000000,5885000000,561429000,0,900,0,0,0
2023-11-01,CAMP,Campina Ice Cream Industry Tbk.,--U-1135000000D221------------,336.0,0.0,348.0,338.0,342.0,6.0,537300,183701600,230,103.6,342,4900,338,23800,5885000000,5885000000,561429000,7800,69700,0,0,0
2023-10-31,CAMP,Campina Ice Cream Industry Tbk.,--U-1135000000D221------------,334.0,0.0,338.0,332.0,336.0,2.0,312500,104163400,89,101.8,338,130100,336,506800,5885000000,5885000000,561429000,0,500,0,0,0
2023-10-30,CAMP,Campina Ice Cream Industry Tbk.,--U-1135000000D221------------,336.0,0.0,340.0,332.0,334.0,-2.0,277600,92870000,106,101.2,336,275800,334,193200,5885000000,5885000000,561429000,0,48600,0,0,0
2023-10-27,CAMP,Campina Ice Cream Industry Tbk.,--U-1135000000D221------------,340.0,0.0,344.0,336.0,336.0,-4.0,363100,122855000,90,101.8,340,7900,336,151900,5885000000,5885000000,561429000,12200,0,0,0,0
2023-10-26,CAMP,Campina Ice Cream Industry Tbk.,--U-1135000000D221------------,340.0,0.0,340.0,334.0,340.0,0.0,130300,43683200,84,103.0,340,62800,338,1200,5885000000,5885000000,561429000,0,0,0,0,0
2023-10-25,CAMP,Campina Ice Cream Industry Tbk.,--U-1135000000D221------------,338.0,0.0,342.0,336.0,340.0,2.0,142200,48212600,112,103.0,340,4500,338,85300,5885000000,5885000000,561429000,0,29500,0,0,0
2023-10-24,CAMP,Campina Ice Cream Industry Tbk.,--U-1135000000D221------------,332.0,0.0,340.0,334.0,338.0,6.0,207500,69967200,91,102.4,340,29400,336,100600,5885000000,5885000000,561429000,46500,10000,0,0,0
2023-10-23,CAMP,Campina Ice Cream Industry Tbk.,--U-1135000000D221------------,334.0,0.0,336.0,330.0,332.0,-2.0,979300,325272000,122,100.6,334,15900,332,142700,5885000000,5885000000,561429000,2900,53900,0,0,0
2023-10-20,CAMP,Campina Ice Cream Industry Tbk.,--U-1135000000D221------------,336.0,0.0,336.0,330.0,334.0,-2.0,130400,43453400,74,101.2,334,5600,332,155300,5885000000,5885000000,561429000,2200,0,0,0,0
2023-10-19,CAMP,Campina Ice Cream Industry Tbk.,--U-1135000000D221------------,338.0,0.0,338.0,332.0,336.0,-2.0,181400,60830200,104,101.8,338,111700,336,400,5885000000,5885000000,561429000,9500,0,0,0,0
2023-10-18,CAMP,Campina Ice Cream Industry Tbk.,--U-1135000000D221------------,332.0,0.0,338.0,330.0,338.0,6.0,355500,119620000,169,102.4,338,1400,334,100300,5885000000,5885000000,561429000,3400,0,0,0,0
2023-10-17,CAMP,Campina Ice Cream Industry Tbk.,--U-1135000000D221------------,328.0,0.0,334.0,328.0,332.0,4.0,190200,62672600,125,100.6,334,173800,332,100,5885000000,5885000000,561429000,3900,0,0,0,0
2023-10-16,CAMP,Campina Ice Cream Industry Tbk.,--U-1135000000D221------------,334.0,0.0,338.0,328.0,328.0,-6.0,599700,198388600,208,99.4,330,27900,328,147600,5885000000,5885000000,561429000,4800,0,0,0,0
2023-10-13,CAMP,Campina Ice Cream Industry Tbk.,--U-1135000000D221------------,334.0,0.0,338.0,332.0,334.0,0.0,188900,63191200,158,101.2,334,8400,332,233500,5885000000,5885000000,561429000,46300,0,0,0,0
2023-10-12,CAMP,Campina Ice Cream Industry Tbk.,--U-1135000000D221------------,338.0,0.0,340.0,332.0,334.0,-4.0,531400,178026000,257,101.2,336,5700,334,5200,5885000000,5885000000,561429000,69600,0,0,0,0
2023-10-11,CAMP,Campina Ice Cream Industry Tbk.,--U-1135000000D221------------,340.0,0.0,344.0,336.0,338.0,-2.0,667500,225610800,200,102.4,340,90100,338,28500,5885000000,5885000000,561429000,0,145400,0,0,0
2023-10-10,CAMP,Campina Ice Cream Industry Tbk.,--U-1135000000D221------------,344.0,0.0,346.0,340.0,340.0,-4.0,327200,111556600,170,103.0,344,59300,340,318700,5885000000,5885000000,561429000,200,0,0,0,0
2023-10-09,CAMP,Campina Ice Cream Industry Tbk.,--U-1135000000D221------------,344.0,0.0,348.0,342.0,344.0,0.0,151600,52143200,95,104.2,346,47900,344,34000,5885000000,5885000000,561429000,0,17200,0,0,0
2023-10-06,CAMP,Campina Ice Cream Industry Tbk.,--U-1135000000D221------------,346.0,0.0,350.0,342.0,344.0,-2.0,797400,275185000,113,104.2,346,47100,344,152800,5885000000,5885000000,561429000,0,150200,0,0,0
2023-10-05,CAMP,Campina Ice Cream Industry Tbk.,--U-1135000000D221------------,344.0,0.0,348.0,342.0,346.0,2.0,418200,144052000,122,104.8,346,1800,344,1100,5885000000,5885000000,561429000,0,7400,0,0,0
2023-10-04,CAMP,Campina Ice Cream Industry Tbk.,--U-1135000000D221------------,346.0,0.0,346.0,344.0,344.0,-2.0,886700,305159600,106,104.2,346,2700,344,195800,5885000000,5885000000,561429000,0,5300,0,0,0
2023-10-03,CAMP,Campina Ice Cream Industry Tbk.,--U-1135000000D221------------,348.0,0.0,348.0,344.0,346.0,-2.0,2485100,861183200,177,104.8,346,3400,344,200500,5885000000,5885000000,561429000,478600,5100,0,0,0
2023-10-02,CAMP,Campina Ice Cream Industry Tbk.,--U-1135000000D221------------,350.0,0.0,350.0,344.0,348.0,-2.0,858100,296986600,210,105.5,348,86600,346,5800,5885000000,5885000000,561429000,7100,0,0,0,0
2023-09-29,CAMP,Campina Ice Cream Industry Tbk.,--U-1135000000D221------------,352.0,0.0,356.0,344.0,350.0,-2.0,1727500,601614400,198,106.1,350,1500,348,39100,5885000000,5885000000,562017500,5600,0,0,0,0
2023-09-27,CAMP,Campina Ice Cream Industry Tbk.,--U-1135000000D221------------,354.0,0.0,356.0,348.0,352.0,-2.0,279400,98022400,144,106.7,354,61900,352,1200,5885000000,5885000000,562017500,0,0,0,0,0
2023-09-26,CAMP,Campina Ice Cream Industry Tbk.,--U-1135000000D221------------,348.0,0.0,358.0,346.0,354.0,6.0,1425500,499875800,263,107.3,354,13800,350,43200,5885000000,5885000000,562017500,11600,0,0,0,0
2023-09-25,CAMP,Campina Ice Cream Industry Tbk.,--U-1135000000D221------------,348.0,0.0,350.0,346.0,348.0,0.0,193200,67262200,72,105.5,350,10700,348,359700,5885000000,5885000000,562017500,800,0,0,0,0
2023-09-22,CAMP,Campina Ice Cream Industry Tbk.,--U-1135000000D221------------,348.0,0.0,350.0,346.0,348.0,0.0,1435100,500762400,78,105.5,348,3900,346,272800,5885000000,5885000000,562017500,7900,44500,0,0,0
2023-09-21,CAMP,Campina Ice Cream Industry Tbk.,--U-1135000000D221------------,350.0,0.0,350.0,346.0,348.0,-2.0,102700,35704000,89,105.5,350,44300,348,125300,5885000000,5885000000,562017500,4200,0,0,0,0
2023-09-20,CAMP,Campina Ice Cream Industry Tbk.,--U-1135000000D221------------,348.0,0.0,352.0,346.0,350.0,2.0,632800,221465800,171,106.1,350,6500,348,26500,5885000000,5885000000,562017500,2100,50600,0,0,0
2023-09-19,CAMP,Campina Ice Cream Industry Tbk.,--U-1135000000D221------------,348.0,0.0,350.0,346.0,348.0,0.0,357400,123846800,120,105.5,348,13000,346,57900,5885000000,5885000000,562017500,4500,900,0,0,0
2023-09-18,CAMP,Campina Ice Cream Industry Tbk.,--U-1135000000D221------------,348.0,0.0,350.0,346.0,348.0,0.0,386300,134001600,84,105.5,348,9100,346,263300,5885000000,5885000000,562017500,0,0,0,0,0
2023-09-15,CAMP,Campina Ice Cream Industry Tbk.,--U-1135000000D221------------,348.0,0.0,350.0,346.0,348.0,0.0,486400,169211600,97,105.5,348,220900,346,183600,5885000000,5885000000,562017500,0,76400,0,0,0
2023-09-14,CAMP,Campina Ice Cream Industry Tbk.,--U-1135000000D221------------,348.0,0.0,352.0,344.0,348.0,0.0,610200,213078800,89,105.5,350,129000,348,45900,5885000000,5885000000,562017500,2400,0,0,0,0
2023-09-13,CAMP,Campina Ice Cream Industry Tbk.,--U-1135000000D221------------,348.0,0.0,350.0,344.0,348.0,0.0,488400,168855600,159,105.5,348,212900,344,182500,5885000000,5885000000,562017500,0,12000,0,0,0
2023-09-12,CAMP,Campina Ice Cream Industry Tbk.,--U-1135000000D221------------,348.0,0.0,352.0,346.0,348.0,0.0,420600,146302400,118,105.5,348,56000,346,64100,5885000000,5885000000,562017500,0,0,0,0,0
2023-09-11,CAMP,Campina Ice Cream Industry Tbk.,--U-1135000000D221------------,350.0,0.0,350.0,344.0,348.0,-2.0,561500,194637400,186,105.5,348,30200,346,51500,5885000000,5885000000,562017500,0,0,0,0,0
2023-09-08,CAMP,Campina Ice Cream Industry Tbk.,--U-1135000000D221------------,352.0,0.0,352.0,348.0,350.0,-2.0,152100,53026400,74,106.1,350,81000,348,113200,5885000000,5885000000,562017500,0,0,0,0,0
2023-09-07,CAMP,Campina Ice Cream Industry Tbk.,--U-1135000000D221------------,354.0,0.0,356.0,348.0,352.0,-2.0,2325200,813009000,164,106.7,352,9000,350,10600,5885000000,5885000000,562017500,2900,210700,0,0,0
2023-09-06,CAMP,Campina Ice Cream Industry Tbk.,--U-1135000000D221------------,352.0,0.0,356.0,350.0,354.0,2.0,427900,150860600,134,107.3,356,223200,354,2000,5885000000,5885000000,562017500,0,0,0,0,0
2023-09-05,CAMP,Campina Ice Cream Industry Tbk.,--U-1135000000D221------------,352.0,0.0,356.0,352.0,352.0,0.0,275200,97255200,139,106.7,356,107000,352,60400,5885000000,5885000000,562017500,2000,0,0,0,0
2023-09-04,CAMP,Campina Ice Cream Industry Tbk.,--U-1135000000D221------------,350.0,0.0,356.0,344.0,352.0,2.0,525100,184388400,245,106.7,354,62900,352,57700,5885000000,5885000000,562017500,0,165000,0,0,0
2023-09-01,CAMP,Campina Ice Cream Industry Tbk.,--U-1135000000D221------------,350.0,0.0,352.0,348.0,350.0,0.0,339500,118618600,126,106.1,350,15700,348,15300,5885000000,5885000000,562017500,20000,0,0,0,0
2023-08-31,CAMP,Campina Ice Cream Industry Tbk.,--U-1135000000D221------------,352.0,0.0,354.0,348.0,350.0,-2.0,302300,105954600,106,106.1,350,1900,348,158800,5885000000,5885000000,562017500,29100,80600,0,0,0
2023-08-30,CAMP,Campina Ice Cream Industry Tbk.,--U-1135000000D221------------,350.0,0.0,352.0,348.0,352.0,2.0,305100,106831000,120,106.7,352,77200,350,218300,5885000000,5885000000,562017500,1200,0,0,0,0
2023-08-29,CAMP,Campina Ice Cream Industry Tbk.,--U-1135000000D221------------,346.0,0.0,350.0,344.0,350.0,4.0,383300,132830200,205,106.1,350,85800,348,19500,5885000000,5885000000,562017500,0,600,0,0,0
2023-08-28,CAMP,Campina Ice Cream Industry Tbk.,--U-1135000000D221------------,348.0,0.0,356.0,346.0,346.0,-2.0,998600,348271000,343,104.8,346,12600,344,92400,5885000000,5885000000,562017500,0,59700,0,0,0
2023-08-25,CAMP,Campina Ice Cream Industry Tbk.,--U-1135000000D221------------,346.0,0.0,354.0,346.0,348.0,2.0,853000,297967200,170,105.5,348,146300,346,87300,5885000000,5885000000,562017500,123400,200,0,0,0
2023-08-24,CAMP,Campina Ice Cream Industry Tbk.,--U-1135000000D221------------,352.0,0.0,354.0,346.0,346.0,-6.0,512300,178744400,179,104.8,348,300,346,40100,5885000000,5885000000,562017500,110000,0,0,0,0
2023-08-23,CAMP,Campina Ice Cream Industry Tbk.,--U-1135000000D221------------,348.0,0.0,354.0,348.0,352.0,4.0,321300,112539200,125,106.7,352,75000,350,44700,5885000000,5885000000,562017500,22200,0,0,0,0
2023-08-22,CAMP,Campina Ice Cream Industry Tbk.,--U-1135000000D221------------,350.0,0.0,352.0,348.0,348.0,-2.0,498500,173790200,111,105.5,350,300,348,13300,5885000000,5885000000,562017500,1000,28800,0,0,0
2023-08-21,CAMP,Campina Ice Cream Industry Tbk.,--U-1135000000D221------------,350.0,0.0,352.0,346.0,350.0,0.0,411000,143138000,205,106.1,352,91300,350,25500,5885000000,5885000000,562017500,70900,100,0,0,0
2023-08-18,CAMP,Campina Ice Cream Industry Tbk.,--U-1135000000D221------------,350.0,0.0,354.0,346.0,350.0,0.0,490500,171036800,221,106.1,350,55000,348,2100,5885000000,5885000000,562017500,0,200,0,0,0
2023-08-16,CAMP,Campina Ice Cream Industry Tbk.,--U-1135000000D221------------,352.0,0.0,352.0,346.0,350.0,-2.0,487700,169985600,233,106.1,350,22900,348,30400,5885000000,5885000000,562017500,64700,0,0,0,0
2023-08-15,CAMP,Campina Ice Cream Industry Tbk.,--U-1135000000D221------------,352.0,0.0,356.0,350.0,352.0,0.0,456900,161112200,158,106.7,352,37600,350,202000,5885000000,5885000000,562017500,2900,157700,0,0,0
2023-08-14,CAMP,Campina Ice Cream Industry Tbk.,--U-1135000000D221------------,350.0,0.0,352.0,344.0,352.0,2.0,508600,176961400,296,106.7,352,12400,350,11600,5885000000,5885000000,562017500,200,0,0,0,0
2023-08-11,CAMP,Campina Ice Cream Industry Tbk.,--U-1135000000D221------------,352.0,0.0,356.0,348.0,350.0,-2.0,1253700,439276600,234,106.1,352,4700,350,130300,5885000000,5885000000,562017500,54300,0,0,0,0
2023-08-10,CAMP,Campina Ice Cream Industry Tbk.,--U-1135000000D221------------,354.0,0.0,358.0,350.0,352.0,-2.0,632000,224405800,135,106.7,354,31000,352,64600,5885000000,5885000000,562017500,2100,0,0,0,0
2023-08-09,CAMP,Campina Ice Cream Industry Tbk.,--U-1135000000D221------------,354.0,0.0,356.0,350.0,354.0,0.0,383800,135150800,155,107.3,356,59900,352,195000,5885000000,5885000000,562017500,11300,0,0,0,0
2023-08-08,CAMP,Campina Ice Cream Industry Tbk.,--U-1135000000D221------------,354.0,0.0,356.0,350.0,354.0,0.0,301600,106351800,201,107.3,354,40800,352,3500,5885000000,5885000000,562017500,29100,0,0,0,0
2023-08-07,CAMP,Campina Ice Cream Industry Tbk.,--U-1135000000D221------------,350.0,0.0,358.0,350.0,354.0,4.0,853700,301407800,261,107.3,356,99800,354,198500,5885000000,5885000000,562017500,0,118000,0,0,0
2023-08-04,CAMP,Campina Ice Cream Industry Tbk.,--U-1135000000D221------------,354.0,0.0,354.0,348.0,350.0,-4.0,651500,228424600,272,106.1,352,17900,350,500,5885000000,5885000000,562017500,100,43700,0,0,0
2023-08-03,CAMP,Campina Ice Cream Industry Tbk.,--U-1135000000D221------------,354.0,0.0,362.0,348.0,354.0,0.0,1407100,500448400,326,107.3,356,47000,354,3500,5885000000,5885000000,562017500,179800,23100,0,0,0
2023-08-02,CAMP,Campina Ice Cream Industry Tbk.,--U-1135000000D221------------,348.0,0.0,360.0,344.0,354.0,6.0,822800,290924600,320,107.3,356,44800,354,131000,5885000000,5885000000,562017500,42600,97400,0,0,0
2023-08-01,CAMP,Campina Ice Cream Industry Tbk.,--U-1135000000D221------------,378.0,0.0,378.0,348.0,348.0,-30.0,4848700,1728420200,1137,105.5,350,6900,348,2400,5885000000,5885000000,562017500,515500,197100,0,0,0
2023-07-31,CAMP,Campina Ice Cream Industry Tbk.,--U-1135000000D221------------,368.0,0.0,380.0,366.0,378.0,10.0,2239200,843063600,615,114.5,378,897300,376,55100,5885000000,5885000000,562017500,14400,335300,0,0,0
2023-07-28,CAMP,Campina Ice Cream Industry Tbk.,XDU-1135000000D221------------,364.0,0.0,374.0,360.0,368.0,4.0,808700,297378600,268,111.5,368,1005200,366,47100,5885000000,5885000000,562017500,33600,189400,0,0,0
2023-07-27,CAMP,Campina Ice Cream Industry Tbk.,XDU-1135000000D221------------,364.0,0.0,366.0,360.0,364.0,0.0,468400,170311000,147,110.3,364,11800,362,182500,5885000000,5885000000,562017500,8100,46900,0,0,0
2023-07-26,CAMP,Campina Ice Cream Industry Tbk.,XDU-1135000000D221------------,366.0,0.0,368.0,360.0,364.0,-2.0,876500,317521400,370,110.3,364,9500,362,7000,5885000000,5885000000,562017500,20700,0,0,0,0
2023-07-25,CAMP,Campina Ice Cream Industry Tbk.,XDU-1135000000D221------------,368.0,0.0,370.0,364.0,366.0,-2.0,480100,176115200,233,110.9,366,59700,364,90100,5885000000,5885000000,562017500,22000,0,0,0,0
2023-07-24,CAMP,Campina Ice Cream Industry Tbk.,XDU-1135000000D221------------,366.0,0.0,370.0,362.0,368.0,2.0,1249400,457497600,312,111.5,368,107200,366,3800,5885000000,5885000000,562017500,60700,21700,0,0,0
2023-07-21,CAMP,Campina Ice Cream Industry Tbk.,XDU-1135000000D221------------,372.0,0.0,374.0,366.0,366.0,-6.0,510700,187879800,259,110.9,370,55300,366,100,5885000000,5885000000,562017500,18600,59100,0,0,0
2023-07-20,CAMP,Campina Ice Cream Industry Tbk.,XDU-1135000000D221------------,370.0,0.0,374.0,368.0,372.0,2.0,508000,188543600,212,112.7,372,150700,370,32200,5885000000,5885000000,562017500,0,0,0,0,0
2023-07-18,CAMP,Campina Ice Cream Industry Tbk.,XDU-1135000000D221------------,368.0,0.0,374.0,364.0,370.0,2.0,964700,356425000,363,112.1,370,146200,366,71800,5885000000,5885000000,562017500,18800,0,0,0,0
2023-07-17,CAMP,Campina Ice Cream Industry Tbk.,XDU-1135000000D221------------,362.0,0.0,370.0,354.0,368.0,6.0,1800800,652973400,571,111.5,370,41100,364,30000,5885000000,5885000000,562017500,162400,120800,0,0,0
2023-07-14,CAMP,Campina Ice Cream Industry Tbk.,XDU-1135000000D221------------,366.0,0.0,366.0,362.0,362.0,-4.0,652000,237218600,324,109.7,364,8600,362,46800,5885000000,5885000000,562017500,18600,245800,0,0,0
2023-07-13,CAMP,Campina Ice Cream Industry Tbk.,XDU-1135000000D221------------,366.0,0.0,370.0,360.0,366.0,0.0,1012900,369292000,351,110.9,366,74200,364,200,5885000000,5885000000,562017500,102000,54900,0,0,0
2023-07-12,CAMP,Campina Ice Cream Industry Tbk.,XDU-1135000000D221------------,366.0,0.0,372.0,362.0,366.0,0.0,546100,200894200,286,110.9,366,900,364,130400,5885000000,5885000000,562017500,0,40900,0,0,0
2023-07-11,CAMP,Campina Ice Cream Industry Tbk.,XDU-1135000000D221------------,366.0,0.0,368.0,360.0,366.0,0.0,1567000,568291800,442,110.9,366,36400,364,500,5885000000,5885000000,562017500,16800,33500,0,0,0
2023-07-10,CAMP,Campina Ice Cream Industry Tbk.,XDU-1135000000D221------------,370.0,0.0,374.0,362.0,366.0,-4.0,1150300,420408600,497,110.9,368,33600,364,39900,5885000000,5885000000,562017500,19400,6800,0,0,0
2023-07-07,CAMP,Campina Ice Cream Industry Tbk.,XDU-1135000000D221------------,372.0,0.0,374.0,366.0,370.0,-2.0,683100,252881000,294,112.1,370,162500,368,39000,5885000000,5885000000,562017500,0,44400,0,0,0
2023-07-06,CAMP,Campina Ice Cream Industry Tbk.,--U-1135000000D221------------,370.0,0.0,376.0,364.0,372.0,2.0,1607200,594349200,462,112.7,372,92800,370,12600,5885000000,5885000000,562017500,301100,600,0,0,0
2023-07-05,CAMP,Campina Ice Cream Industry Tbk.,--U-1135000000D221------------,384.0,0.0,376.0,364.0,370.0,-14.0,4293800,1586371200,1009,112.1,370,2000,368,10200,5885000000,5885000000,562017500,34500,214200,0,0,0
2023-07-04,CAMP,Campina Ice Cream Industry Tbk.,CDU-1135000000D221------------,374.0,0.0,386.0,372.0,384.0,10.0,4154100,1585232200,753,116.4,384,88500,382,5500,5885000000,5885000000,562017500,117700,22700,0,0,0
2023-07-03,CAMP,Campina Ice Cream Industry Tbk.,CDU-1135000000D221------------,382.0,0.0,390.0,374.0,374.0,-8.0,2617200,1000391000,779,113.3,380,33100,374,23600,5885000000,5885000000,562017500,3000,129100,0,0,0
2023-06-27,CAMP,Campina Ice Cream Industry Tbk.,--U-1135000000D221------------,378.0,0.0,386.0,374.0,382.0,4.0,1368300,522352000,394,115.8,382,13500,380,900,5885000000,5885000000,898639500,12100,0,18700,6077500,1
2023-06-26,CAMP,Campina Ice Cream Industry Tbk.,--U-1135000000D221------------,370.0,0.0,392.0,370.0,378.0,8.0,1828000,694666600,461,114.5,378,22700,376,60100,5885000000,5885000000,898639500,260900,25400,0,0,0
2023-06-23,CAMP,Campina Ice Cream Industry Tbk.,--U-1135000000D221------------,376.0,0.0,376.0,368.0,370.0,-6.0,402800,149531000,226,112.1,374,64500,370,11700,5885000000,5885000000,898639500,0,900,0,0,0
2023-06-22,CAMP,Campina Ice Cream Industry Tbk.,--U-1135000000D221------------,382.0,0.0,386.0,368.0,376.0,-6.0,2059600,771892800,564,113.9,376,25100,374,17700,5885000000,5885000000,898639500,229800,118600,0,0,0
2023-06-21,CAMP,Campina Ice Cream Industry Tbk.,--U-1135000000D221------------,378.0,0.0,400.0,378.0,382.0,4.0,3724200,1445645800,856,115.8,382,31200,380,800,5885000000,5885000000,898639500,172300,59300,0,0,0
2023-06-20,CAMP,Campina Ice Cream Industry Tbk.,--U-1135000000D221------------,376.0,0.0,382.0,374.0,378.0,2.0,1920300,725175000,416,114.5,380,20000,378,186400,5885000000,5885000000,898639500,3000,8700,0,0,0
2023-06-19,CAMP,Campina Ice Cream Industry Tbk.,--U-1135000000D221------------,362.0,0.0,380.0,360.0,376.0,14.0,3811500,1422272200,705,113.9,376,48100,374,68500,5885000000,5885000000,898639500,21800,141300,0,0,0
2023-06-16,CAMP,Campina Ice Cream Industry Tbk.,--U-1135000000D221------------,356.0,0.0,362.0,356.0,362.0,6.0,481800,173396800,218,109.7,362,2400,360,1500,5885000000,5885000000,898639500,3000,0,0,0,0
2023-06-15,CAMP,Campina Ice Cream Industry Tbk.,--U-1135000000D221------------,358.0,0.0,364.0,354.0,356.0,-2.0,644600,231512200,207,107.9,360,500,356,100400,5885000000,5885000000,898639500,30000,11400,0,0,0
2023-06-14,CAMP,Campina Ice Cream Industry Tbk.,--U-1135000000D221------------,356.0,0.0,360.0,354.0,358.0,2.0,703700,251714400,189,108.5,360,230900,358,200,5885000000,5885000000,898639500,121700,0,0,0,0
2023-06-13,CAMP,Campina Ice Cream Industry Tbk.,--U-1135000000D221------------,358.0,0.0,362.0,354.0,356.0,-2.0,968300,346240800,274,107.9,358,54300,356,1000,5885000000,5885000000,898639500,77400,400,0,0,0
2023-06-12,CAMP,Campina Ice Cream Industry Tbk.,--U-1135000000D221------------,356.0,0.0,360.0,348.0,358.0,2.0,857900,303730000,410,108.5,360,25900,358,34700,5885000000,5885000000,898639500,0,4700,0,0,0
2023-06-09,CAMP,Campina Ice Cream Industry Tbk.,--U-1135000000D221------------,364.0,0.0,368.0,352.0,356.0,-8.0,1653400,588543200,473,107.9,356,179500,354,3000,5885000000,5885000000,898639500,116600,47900,15200,4955200,1
2023-06-08,CAMP,Campina Ice Cream Industry Tbk.,--U-1135000000D221------------,348.0,0.0,366.0,346.0,364.0,16.0,2168900,780524600,568,110.3,366,128300,364,169500,5885000000,5885000000,898639500,2000,331600,0,0,0
2023-06-07,CAMP,Campina Ice Cream Industry Tbk.,--U-1135000000D221------------,346.0,0.0,352.0,346.0,348.0,2.0,355600,123753600,186,105.5,348,81200,346,66700,5885000000,5885000000,898639500,0,0,0,0,0
2023-06-06,CAMP,Campina Ice Cream Industry Tbk.,--U-1135000000D221------------,344.0,0.0,348.0,342.0,346.0,2.0,310500,106927800,125,104.8,348,5200,346,3400,5885000000,5885000000,898639500,50700,0,0,0,0
2023-06-05,CAMP,Campina Ice Cream Industry Tbk.,--U-1135000000D221------------,344.0,0.0,346.0,340.0,344.0,0.0,380200,130436600,206,104.2,346,95000,344,166600,5885000000,5885000000,898639500,99000,0,0,0,0
2023-05-31,CAMP,Campina Ice Cream Industry Tbk.,--U-1135000000D221------------,342.0,0.0,350.0,340.0,344.0,2.0,217100,74579800,156,104.2,344,67100,342,14300,5885000000,5885000000,898639500,21200,0,0,0,0
2023-05-30,CAMP,Campina Ice Cream Industry Tbk.,--U-1135000000D221------------,342.0,0.0,350.0,338.0,342.0,0.0,375200,128974800,154,103.6,346,1100,342,79200,5885000000,5885000000,898639500,0,59800,0,0,0
2023-05-29,CAMP,Campina Ice Cream Industry Tbk.,--U-1135000000D221------------,348.0,0.0,350.0,338.0,342.0,-6.0,847100,289153800,287,103.6,344,800,342,400,5885000000,5885000000,898639500,53700,93700,0,0,0
2023-05-26,CAMP,Campina Ice Cream Industry Tbk.,--U-1135000000D221------------,350.0,0.0,354.0,348.0,348.0,-2.0,597200,208565600,169,105.5,348,44400,346,110300,5885000000,5885000000,898639500,29800,0,0,0,0
2023-05-25,CAMP,Campina Ice Cream Industry Tbk.,--U-1135000000D221------------,344.0,0.0,350.0,344.0,350.0,6.0,664200,230657000,192,106.1,350,40300,348,95800,5885000000,5885000000,898639500,21900,0,0,0,0
2023-05-24,CAMP,Campina Ice Cream Industry Tbk.,--U-1135000000D221------------,342.0,0.0,346.0,340.0,344.0,2.0,555700,189712600,191,104.2,346,12500,344,23500,5885000000,5885000000,898639500,4500,20100,0,0,0
2023-05-23,CAMP,Campina Ice Cream Industry Tbk.,--U-1135000000D221------------,348.0,0.0,350.0,338.0,342.0,-6.0,1473000,506547800,334,103.6,342,12400,340,87300,5885000000,5885000000,898639500,0,34600,0,0,0
2023-05-22,CAMP,Campina Ice Cream Industry Tbk.,--U-1135000000D221------------,354.0,0.0,364.0,344.0,348.0,-6.0,1312600,457881000,405,105.5,350,96200,348,6700,5885000000,5885000000,898639500,0,240000,0,0,0
2023-05-19,CAMP,Campina Ice Cream Industry Tbk.,--U-1135000000D221------------,346.0,0.0,370.0,340.0,354.0,8.0,1407000,498142400,417,107.3,354,8700,352,48700,5885000000,5885000000,898639500,26800,123500,0,0,0
2023-05-17,CAMP,Campina Ice Cream Industry Tbk.,--U-1135000000D221------------,346.0,0.0,350.0,344.0,346.0,0.0,355200,122826800,133,104.8,346,16000,344,17900,5885000000,5885000000,898639500,0,0,0,0,0
2023-05-16,CAMP,Campina Ice Cream Industry Tbk.,--U-1135000000D221------------,348.0,0.0,352.0,346.0,346.0,-2.0,674200,234375000,190,104.8,348,25100,346,92000,5885000000,5885000000,898639500,136000,0,0,0,0
2023-05-15,CAMP,Campina Ice Cream Industry Tbk.,--U-1135000000D221------------,346.0,0.0,356.0,344.0,348.0,2.0,968300,337539400,416,105.5,348,160300,346,100100,5885000000,5885000000,898639500,120400,48900,0,0,0
2023-05-12,CAMP,Campina Ice Cream Industry Tbk.,--U-1135000000D221------------,336.0,0.0,346.0,330.0,346.0,10.0,663800,224459800,305,104.8,348,37500,346,9100,5885000000,5885000000,898639500,12300,23900,0,0,0
2023-05-11,CAMP,Campina Ice Cream Industry Tbk.,--U-1135000000D221------------,334.0,0.0,344.0,334.0,336.0,2.0,285000,96520400,220,101.8,338,5000,336,5800,5885000000,5885000000,898639500,0,17400,0,0,0
2023-05-10,CAMP,Campina Ice Cream Industry Tbk.,--U-1135000000D221------------,344.0,0.0,346.0,334.0,334.0,-10.0,711200,240364400,271,101.2,336,31900,334,29500,5885000000,5885000000,898639500,18900,9700,0,0,0
2023-05-09,CAMP,Campina Ice Cream Industry Tbk.,--U-1135000000D221------------,344.0,0.0,350.0,340.0,344.0,0.0,574800,197492200,189,104.2,346,1478400,344,2600,5885000000,5885000000,898639500,84200,6900,0,0,0
2023-05-08,CAMP,Campina Ice Cream Industry Tbk.,--U-1135000000D221------------,344.0,0.0,356.0,340.0,344.0,0.0,862500,298208000,316,104.2,344,7000,342,42200,5885000000,5885000000,898639500,172700,0,0,0,0
2023-05-05,CAMP,Campina Ice Cream Industry Tbk.,--U-1135000000D221------------,344.0,0.0,356.0,344.0,344.0,0.0,1357300,472807600,438,104.2,344,6400,342,235100,5885000000,5885000000,898639500,0,212200,0,0,0
2023-05-04,CAMP,Campina Ice Cream Industry Tbk.,--U-1135000000D221------------,340.0,0.0,344.0,334.0,344.0,4.0,1008500,344653200,283,104.2,346,126800,344,83400,5885000000,5885000000,898639500,53500,0,0,0,0
2023-05-03,CAMP,Campina Ice Cream Industry Tbk.,--U-1135000000D221------------,336.0,0.0,344.0,336.0,340.0,4.0,1010300,343000000,263,103.0,342,71900,340,5800,5885000000,5885000000,898639500,0,89800,0,0,0
2023-05-02,CAMP,Campina Ice Cream Industry Tbk.,--U-1135000000D221------------,340.0,0.0,338.0,330.0,336.0,-4.0,427400,142264200,217,101.8,336,2800,334,87400,5885000000,5885000000,898639500,0,103600,0,0,0
2023-04-28,CAMP,Campina Ice Cream Industry Tbk.,--U-1135000000D221------------,340.0,0.0,344.0,330.0,340.0,0.0,832100,280881400,285,103.0,342,27100,338,50000,5885000000,5885000000,898639500,173600,0,0,0,0
2023-04-27,CAMP,Campina Ice Cream Industry Tbk.,--U-1135000000D221------------,324.0,0.0,340.0,324.0,340.0,16.0,1028200,344146800,368,103.0,342,119300,340,145400,5885000000,5885000000,898639500,0,0,0,0,0
2023-04-26,CAMP,Campina Ice Cream Industry Tbk.,--U-1135000000D221------------,320.0,0.0,328.0,318.0,324.0,4.0,1520200,492891000,235,98.2,326,40300,324,300,5885000000,5885000000,898639500,2100,170000,0,0,0
2023-04-18,CAMP,Campina Ice Cream Industry Tbk.,--U-1135000000D221------------,320.0,0.0,326.0,318.0,320.0,0.0,627700,201846200,145,97.0,322,455900,320,57600,5885000000,5885000000,898639500,7600,0,0,0,0
2023-04-17,CAMP,Campina Ice Cream Industry Tbk.,--U-1135000000D221------------,320.0,0.0,322.0,316.0,320.0,0.0,286200,91285400,142,97.0,322,15800,320,130000,5885000000,5885000000,898639500,14600,23500,0,0,0
2023-04-14,CAMP,Campina Ice Cream Industry Tbk.,--U-1135000000D221------------,316.0,0.0,322.0,316.0,320.0,4.0,324600,103724600,149,97.0,320,10100,318,91900,5885000000,5885000000,898639500,0,31700,0,0,0
2023-04-13,CAMP,Campina Ice Cream Industry Tbk.,--U-1135000000D221------------,326.0,0.0,328.0,312.0,316.0,-10.0,1829000,583057800,416,95.8,318,3300,316,182800,5885000000,5885000000,898639500,67300,53600,0,0,0
2023-04-12,CAMP,Campina Ice Cream Industry Tbk.,--U-1135000000D221------------,320.0,0.0,330.0,320.0,326.0,6.0,732500,239105400,213,98.8,328,5400,326,52300,5885000000,5885000000,898639500,42000,0,0,0,0
2023-04-11,CAMP,Campina Ice Cream Industry Tbk.,--U-1135000000D221------------,318.0,0.0,334.0,316.0,320.0,2.0,320100,102202400,134,97.0,322,1100,320,74100,5885000000,5885000000,898639500,6700,0,0,0,0
2023-04-10,CAMP,Campina Ice Cream Industry Tbk.,--U-1135000000D221------------,322.0,0.0,322.0,310.0,318.0,-4.0,714800,226721000,277,96.4,320,11300,316,24300,5885000000,5885000000,898639500,70500,0,0,0,0
2023-04-06,CAMP,Campina Ice Cream Industry Tbk.,--U-1135000000D221------------,322.0,0.0,326.0,320.0,322.0,0.0,323000,104036600,127,97.6,324,40200,320,55300,5885000000,5885000000,898639500,18700,0,0,0,0
2023-04-05,CAMP,Campina Ice Cream Industry Tbk.,--U-1135000000D221------------,322.0,0.0,324.0,320.0,322.0,0.0,255800,82424800,108,97.6,324,100,322,29800,5885000000,5885000000,898639500,8900,0,0,0,0
2023-04-04,CAMP,Campina Ice Cream Industry Tbk.,--U-1135000000D221------------,322.0,0.0,326.0,320.0,322.0,0.0,487500,157617400,153,97.6,324,95800,322,5300,5885000000,5885000000,898639500,10900,0,0,0,0
2023-04-03,CAMP,Campina Ice Cream Industry Tbk.,--U-1135000000D221------------,322.0,0.0,324.0,316.0,322.0,0.0,601400,193334400,201,97.6,324,209800,322,10800,5885000000,5885000000,898639500,6600,46400,0,0,0
2023-03-31,CAMP,Campina Ice Cream Industry Tbk.,--U-1135000000D221------------,324.0,0.0,326.0,318.0,322.0,-2.0,576800,186741400,150,97.6,324,151800,322,51300,5885000000,5885000000,898639500,23000,105300,0,0,0
2023-03-30,CAMP,Campina Ice Cream Industry Tbk.,--U-1135000000D221------------,322.0,0.0,326.0,320.0,324.0,2.0,181600,58727000,111,98.2,326,102000,324,3400,5885000000,5885000000,898639500,30100,2300,0,0,0
2023-03-29,CAMP,Campina Ice Cream Industry Tbk.,--U-1135000000D221------------,324.0,0.0,326.0,318.0,322.0,-2.0,520100,167382200,204,97.6,322,24800,320,400,5885000000,5885000000,898639500,36400,23400,0,0,0
2023-03-28,CAMP,Campina Ice Cream Industry Tbk.,--U-1135000000D221------------,320.0,0.0,326.0,320.0,324.0,4.0,155300,50206400,107,98.2,324,9900,322,112600,5885000000,5885000000,898639500,8000,0,0,0,0
2023-03-27,CAMP,Campina Ice Cream Industry Tbk.,--U-1135000000D221------------,320.0,0.0,324.0,318.0,320.0,0.0,514600,165348000,186,97.0,322,10000,320,151400,5885000000,5885000000,898639500,23500,231900,0,0,0
2023-03-24,CAMP,Campina Ice Cream Industry Tbk.,--U-1135000000D221------------,306.0,0.0,324.0,304.0,320.0,14.0,774700,245459600,283,97.0,322,28800,320,278900,5885000000,5885000000,898639500,18000,164200,0,0,0
2023-03-21,CAMP,Campina Ice Cream Industry Tbk.,--U-1135000000D221------------,304.0,0.0,312.0,302.0,306.0,2.0,371900,113968000,172,92.7,306,3300,304,17300,5885000000,5885000000,898639500,19200,200,0,0,0
2023-03-20,CAMP,Campina Ice Cream Industry Tbk.,--U-1135000000D221------------,308.0,0.0,312.0,302.0,304.0,-4.0,649300,198671800,248,92.1,304,6500,302,168900,5885000000,5885000000,898639500,16400,800,0,0,0
2023-03-17,CAMP,Campina Ice Cream Industry Tbk.,--U-1135000000D221------------,292.0,0.0,310.0,292.0,308.0,16.0,1715300,514419200,332,93.3,310,55400,308,53600,5885000000,5885000000,898639500,0,200,0,0,0
2023-03-16,CAMP,Campina Ice Cream Industry Tbk.,--U-1135000000D221------------,310.0,0.0,308.0,292.0,292.0,-18.0,3880600,1148117400,635,88.5,292,52400,290,609700,5885000000,5885000000,898639500,3400,78600,0,0,0
2023-03-15,CAMP,Campina Ice Cream Industry Tbk.,--U-1135000000D221------------,308.0,0.0,320.0,306.0,310.0,2.0,797900,248167600,291,93.9,312,25800,310,19300,5885000000,5885000000,898639500,0,1500,0,0,0
2023-03-14,CAMP,Campina Ice Cream Industry Tbk.,--U-1135000000D221------------,326.0,0.0,326.0,306.0,308.0,-18.0,2872500,894804600,632,93.3,310,22100,308,126800,5885000000,5885000000,898639500,2700,0,0,0,0
2023-03-13,CAMP,Campina Ice Cream Industry Tbk.,--U-1135000000D221------------,330.0,0.0,330.0,316.0,326.0,-4.0,1040900,334640800,254,98.8,326,66000,324,35100,5885000000,5885000000,898639500,0,2000,0,0,0
2023-03-10,CAMP,Campina Ice Cream Industry Tbk.,--U-1135000000D221------------,334.0,0.0,334.0,322.0,330.0,-4.0,703200,229863000,252,100.0,330,61200,326,200,5885000000,5885000000,898639500,0,0,0,0,0
2023-03-09,CAMP,Campina Ice Cream Industry Tbk.,--U-1135000000D221------------,332.0,0.0,338.0,328.0,334.0,2.0,815800,271880800,276,101.2,334,44700,332,58900,5885000000,5885000000,898639500,0,0,0,0,0
2023-03-08,CAMP,Campina Ice Cream Industry Tbk.,--U-1135000000D221------------,332.0,0.0,332.0,320.0,332.0,0.0,2224600,720070200,568,100.6,334,46500,332,32500,5885000000,5885000000,898639500,0,0,0,0,0
2023-03-07,CAMP,Campina Ice Cream Industry Tbk.,--U-1135000000D221------------,346.0,0.0,348.0,324.0,332.0,-14.0,2117600,709525200,593,100.6,334,5900,332,23900,5885000000,5885000000,898639500,11900,35700,0,0,0
2023-03-06,CAMP,Campina Ice Cream Industry Tbk.,--U-1135000000D221------------,344.0,0.0,352.0,336.0,346.0,2.0,1339800,464648000,400,104.8,348,2200,346,4800,5885000000,5885000000,898639500,5800,97100,0,0,0
2023-03-03,CAMP,Campina Ice Cream Industry Tbk.,--U-1135000000D221------------,366.0,0.0,370.0,342.0,344.0,-22.0,4894200,1700896600,918,104.2,344,113400,342,104900,5885000000,5885000000,898639500,15000,70100,0,0,0
2023-03-02,CAMP,Campina Ice Cream Industry Tbk.,--U-1135000000D221------------,362.0,0.0,386.0,360.0,366.0,4.0,5804500,2157492400,1353,110.9,368,25600,366,36500,5885000000,5885000000,898639500,0,15600,0,0,0
2023-03-01,CAMP,Campina Ice Cream Industry Tbk.,--U-1135000000D221------------,342.0,0.0,382.0,342.0,362.0,20.0,5268900,1913674200,1476,109.7,366,34000,362,47800,5885000000,5885000000,898639500,800,10000,0,0,0
2023-02-28,CAMP,Campina Ice Cream Industry Tbk.,--U-1135000000D221------------,336.0,0.0,352.0,336.0,342.0,6.0,2919000,1004073800,695,103.6,344,234100,342,102000,5885000000,5885000000,898639500,120100,8500,0,0,0
2023-02-27,CAMP,Campina Ice Cream Industry Tbk.,--U-1135000000D221------------,332.0,0.0,340.0,330.0,336.0,4.0,538300,180519800,167,101.8,336,86900,334,133400,5885000000,5885000000,898639500,0,0,0,0,0
2023-02-24,CAMP,Campina Ice Cream Industry Tbk.,--U-1135000000D221------------,330.0,0.0,338.0,330.0,332.0,2.0,703000,234858200,244,100.6,334,2200,332,50900,5885000000,5885000000,898639500,0,0,0,0,0
2023-02-23,CAMP,Campina Ice Cream Industry Tbk.,--U-1135000000D221------------,322.0,0.0,338.0,320.0,330.0,8.0,1167800,381702200,354,100.0,330,20500,328,25100,5885000000,5885000000,898639500,0,0,0,0,0
2023-02-22,CAMP,Campina Ice Cream Industry Tbk.,--U-1135000000D221------------,320.0,0.0,328.0,320.0,322.0,2.0,1171700,377465000,234,97.6,324,53000,322,600,5885000000,5885000000,898639500,0,17900,0,0,0
2023-02-21,CAMP,Campina Ice Cream Industry Tbk.,--U-1135000000D221------------,326.0,0.0,326.0,320.0,320.0,-6.0,706700,227158400,250,97.0,322,6100,320,21800,5885000000,5885000000,898639500,0,0,0,0,0
2023-02-20,CAMP,Campina Ice Cream Industry Tbk.,--U-1135000000D221------------,328.0,0.0,328.0,320.0,326.0,-2.0,864100,278723400,313,98.8,326,2500,324,10100,5885000000,5885000000,898639500,14500,0,0,0,0
2023-02-17,CAMP,Campina Ice Cream Industry Tbk.,--U-1135000000D221------------,330.0,0.0,330.0,324.0,328.0,-2.0,777500,253800000,285,99.4,328,5500,326,9000,5885000000,5885000000,898639500,63100,0,0,0,0
2023-02-16,CAMP,Campina Ice Cream Industry Tbk.,--U-1135000000D221------------,330.0,0.0,332.0,328.0,330.0,0.0,140700,46493200,93,100.0,330,49300,328,206800,5885000000,5885000000,898639500,2300,0,0,0,0
2023-02-15,CAMP,Campina Ice Cream Industry Tbk.,--U-1135000000D221------------,332.0,0.0,334.0,330.0,330.0,-2.0,416800,137895800,152,100.0,330,4600,328,104700,5885000000,5885000000,898639500,7400,0,0,0,0
2023-02-14,CAMP,Campina Ice Cream Industry Tbk.,--U-1135000000D221------------,332.0,0.0,338.0,332.0,332.0,0.0,342600,114451400,163,100.6,334,95600,332,43100,5885000000,5885000000,898639500,200,1000,0,0,0
2023-02-13,CAMP,Campina Ice Cream Industry Tbk.,--U-1135000000D221------------,328.0,0.0,334.0,328.0,332.0,4.0,629200,207693200,234,100.6,334,68400,332,400,5885000000,5885000000,898639500,0,0,0,0,0
2023-02-10,CAMP,Campina Ice Cream Industry Tbk.,--U-1135000000D221------------,328.0,0.0,330.0,316.0,328.0,0.0,431200,139902200,235,99.4,330,31800,328,18400,5885000000,5885000000,898639500,0,0,0,0,0
2023-02-09,CAMP,Campina Ice Cream Industry Tbk.,--U-1135000000D221------------,332.0,0.0,334.0,326.0,328.0,-4.0,279500,92016400,204,99.4,330,8300,328,200,5885000000,5885000000,898639500,13600,0,0,0,0
2023-02-08,CAMP,Campina Ice Cream Industry Tbk.,--U-1135000000D221------------,326.0,0.0,338.0,326.0,332.0,6.0,178500,59140200,176,100.6,332,8500,330,10300,5885000000,5885000000,898639500,0,16000,0,0,0
2023-02-07,CAMP,Campina Ice Cream Industry Tbk.,--U-1135000000D221------------,336.0,0.0,342.0,322.0,326.0,-10.0,1069000,353510400,352,98.8,332,4800,326,44700,5885000000,5885000000,898639500,17100,0,0,0,0
2023-02-03,CAMP,Campina Ice Cream Industry Tbk.,--U-1135000000D221------------,334.0,0.0,340.0,328.0,332.0,-2.0,454800,151853600,252,100.6,332,44400,330,3900,5885000000,5885000000,898639500,0,0,0,0,0
2023-02-02,CAMP,Campina Ice Cream Industry Tbk.,--U-1135000000D221------------,318.0,0.0,334.0,314.0,334.0,16.0,582600,190097400,337,101.2,336,122600,334,29700,5885000000,5885000000,898639500,12700,31000,0,0,0
2023-02-01,CAMP,Campina Ice Cream Industry Tbk.,--U-1135000000D221------------,324.0,0.0,324.0,310.0,318.0,-6.0,1410000,448073000,499,96.4,318,3500,316,32900,5885000000,5885000000,898639500,0,0,0,0,0
2023-01-31,CAMP,Campina Ice Cream Industry Tbk.,--U-1135000000D221------------,338.0,0.0,340.0,322.0,324.0,-14.0,1258400,412313400,390,98.2,326,61100,324,900,5885000000,5885000000,898639500,3700,27900,0,0,0
2023-01-30,CAMP,Campina Ice Cream Industry Tbk.,--U-1135000000D221------------,336.0,0.0,340.0,332.0,338.0,2.0,197700,66400200,171,102.4,338,57900,336,20600,5885000000,5885000000,898639500,0,0,0,0,0
2023-01-27,CAMP,Campina Ice Cream Industry Tbk.,--U-1135000000D221------------,340.0,0.0,342.0,332.0,336.0,-4.0,582600,195618400,249,101.8,338,99000,336,30000,5885000000,5885000000,898639500,8800,0,0,0,0
2023-01-26,CAMP,Campina Ice Cream Industry Tbk.,--U-1135000000D221------------,334.0,0.0,348.0,334.0,340.0,6.0,956500,328447800,296,103.0,340,300,338,2200,5885000000,5885000000,898639500,0,2000,0,0,0
2023-01-25,CAMP,Campina Ice Cream Industry Tbk.,--U-1135000000D221------------,336.0,0.0,342.0,322.0,334.0,-2.0,1569200,520961400,418,101.2,336,6800,334,2400,5885000000,5885000000,898639500,0,21800,0,0,0
2023-01-24,CAMP,Campina Ice Cream Industry Tbk.,--U-1135000000D221------------,340.0,0.0,356.0,334.0,336.0,-4.0,2858700,986048200,889,101.8,338,31200,336,73200,5885000000,5885000000,898639500,0,6800,0,0,0
2023-01-20,CAMP,Campina Ice Cream Industry Tbk.,--U-1135000000D221------------,332.0,0.0,346.0,332.0,340.0,8.0,2589500,879954400,547,103.0,340,114900,338,16200,5885000000,5885000000,898639500,5900,10000,0,0,0
2023-01-19,CAMP,Campina Ice Cream Industry Tbk.,--U-1135000000D221------------,322.0,0.0,348.0,322.0,332.0,10.0,5281000,1770898800,1300,100.6,334,49000,332,141400,5885000000,5885000000,898639500,14600,0,0,0,0
2023-01-18,CAMP,Campina Ice Cream Industry Tbk.,--U-1135000000D221------------,318.0,0.0,326.0,316.0,322.0,4.0,855300,275851000,257,97.6,322,205000,320,300,5885000000,5885000000,898639500,6500,0,0,0,0
2023-01-17,CAMP,Campina Ice Cream Industry Tbk.,--U-1135000000D221------------,312.0,0.0,322.0,310.0,318.0,6.0,1497300,477651200,307,96.4,320,158000,318,33200,5885000000,5885000000,898639500,0,0,0,0,0
2023-01-16,CAMP,Campina Ice Cream Industry Tbk.,--U-1135000000D221------------,314.0,0.0,314.0,310.0,312.0,-2.0,478800,148935800,226,94.5,314,46000,312,64400,5885000000,5885000000,898639500,0,0,0,0,0
2023-01-13,CAMP,Campina Ice Cream Industry Tbk.,--U-1135000000D221------------,316.0,0.0,326.0,310.0,314.0,-2.0,902100,282009800,350,95.2,314,48400,312,134200,5885000000,5885000000,898639500,0,17200,0,0,0
2023-01-12,CAMP,Campina Ice Cream Industry Tbk.,--U-1135000000D221------------,324.0,0.0,328.0,314.0,316.0,-8.0,833200,265617600,420,95.8,316,113200,314,186000,5885000000,5885000000,898639500,200,0,0,0,0
2023-01-11,CAMP,Campina Ice Cream Industry Tbk.,--U-1135000000D221------------,320.0,0.0,328.0,320.0,324.0,4.0,920500,297029800,372,98.2,324,213300,322,14500,5885000000,5885000000,898639500,0,0,0,0,0
2023-01-10,CAMP,Campina Ice Cream Industry Tbk.,--U-1135000000D221------------,314.0,0.0,328.0,312.0,320.0,6.0,2711100,866801200,816,97.0,320,253600,318,46500,5885000000,5885000000,898639500,0,16300,0,0,0
2023-01-09,CAMP,Campina Ice Cream Industry Tbk.,--U-1135000000D221------------,312.0,0.0,334.0,308.0,314.0,2.0,4033300,1288154600,1032,95.2,316,31000,314,32400,5885000000,5885000000,898639500,0,24700,0,0,0
2023-01-06,CAMP,Campina Ice Cream Industry Tbk.,--U-1135000000D221------------,318.0,0.0,320.0,308.0,312.0,-6.0,1535800,479990400,519,94.5,312,110300,310,166200,5885000000,5885000000,898639500,0,7700,0,0,0
2023-01-05,CAMP,Campina Ice Cream Industry Tbk.,--U-1135000000D221------------,308.0,0.0,320.0,298.0,318.0,10.0,2417800,757804200,536,96.4,318,303600,316,50100,5885000000,5885000000,898639500,0,0,0,0,0
2023-01-04,CAMP,Campina Ice Cream Industry Tbk.,--U-1135000000D221------------,322.0,0.0,326.0,306.0,308.0,-14.0,1542900,479547600,503,93.3,310,115800,308,68700,5885000000,5885000000,898639500,0,0,0,0,0
2023-01-03,CAMP,Campina Ice Cream Industry Tbk.,--U-1135000000D221------------,306.0,0.0,322.0,306.0,322.0,16.0,1989500,622971800,502,97.6,322,95400,320,500,5885000000,5885000000,898639500,16800,54700,0,0,0
2023-01-02,CAMP,Campina Ice Cream Industry Tbk.,--U-1135000000D221------------,306.0,0.0,308.0,300.0,306.0,0.0,1319700,400942800,325,92.7,308,89600,306,123000,5885000000,5885000000,898639500,0,0,0,0,0
2022-12-30,CAMP,Campina Ice Cream Industry Tbk.,--U-1135000000D221------------,306.0,0.0,310.0,300.0,306.0,0.0,2155200,658260200,696,92.7,306,197700,304,1135600,5885000000,5885000000,898639500,1800,0,0,0,0
2022-12-29,CAMP,Campina Ice Cream Industry Tbk.,--U-1135000000D221------------,292.0,0.0,306.0,294.0,306.0,14.0,2394100,717641800,467,92.7,308,40600,306,71200,5885000000,5885000000,898639500,300,0,0,0,0
2022-12-28,CAMP,Campina Ice Cream Industry Tbk.,--U-1135000000D221------------,294.0,0.0,308.0,290.0,292.0,-2.0,1319700,388645800,291,88.5,296,210300,292,159500,5885000000,5885000000,898639500,161400,0,0,0,0
2022-12-27,CAMP,Campina Ice Cream Industry Tbk.,--U-1135000000D221------------,290.0,0.0,296.0,288.0,294.0,4.0,1343300,392130400,235,89.1,294,40900,292,187600,5885000000,5885000000,898639500,6600,250000,0,0,0
2022-12-26,CAMP,Campina Ice Cream Industry Tbk.,--U-1135000000D221------------,286.0,0.0,292.0,284.0,290.0,4.0,1749900,505687400,318,87.9,292,46200,290,83400,5885000000,5885000000,898639500,4300,0,0,0,0
2022-12-23,CAMP,Campina Ice Cream Industry Tbk.,--U-1135000000D221------------,284.0,0.0,286.0,284.0,286.0,2.0,75900,21602800,78,86.7,286,71100,284,74200,5885000000,5885000000,898639500,0,0,0,0,0
2022-12-22,CAMP,Campina Ice Cream Industry Tbk.,--U-1135000000D221------------,284.0,0.0,288.0,282.0,284.0,0.0,216700,61634400,135,86.1,286,27900,284,11600,5885000000,5885000000,898639500,0,0,0,0,0
2022-12-21,CAMP,Campina Ice Cream Industry Tbk.,--U-1135000000D221------------,284.0,0.0,288.0,282.0,284.0,0.0,77800,22213800,84,86.1,286,27700,284,183900,5885000000,5885000000,898639500,0,8100,0,0,0
2022-12-20,CAMP,Campina Ice Cream Industry Tbk.,--U-1135000000D221------------,286.0,0.0,288.0,284.0,284.0,-2.0,366800,104443000,158,86.1,286,45300,284,25700,5885000000,5885000000,898639500,0,0,0,0,0
2022-12-19,CAMP,Campina Ice Cream Industry Tbk.,--U-1135000000D221------------,286.0,0.0,288.0,284.0,286.0,0.0,399300,114001400,130,86.7,286,27700,284,269600,5885000000,5885000000,898639500,0,0,0,0,0
2022-12-16,CAMP,Campina Ice Cream Industry Tbk.,--U-1135000000D221------------,288.0,0.0,290.0,284.0,286.0,-2.0,478300,136823400,105,86.7,288,81200,286,229300,5885000000,5885000000,898639500,0,0,422300,121622400,1
2022-12-15,CAMP,Campina Ice Cream Industry Tbk.,--U-1135000000D221------------,288.0,0.0,288.0,286.0,288.0,0.0,416500,119780800,70,87.3,288,231900,286,111300,5885000000,5885000000,898639500,0,0,0,0,0
2022-12-14,CAMP,Campina Ice Cream Industry Tbk.,--U-1135000000D221------------,288.0,0.0,288.0,286.0,288.0,0.0,349100,100110400,115,87.3,288,64400,286,182100,5885000000,5885000000,898639500,6000,0,0,0,0
2022-12-13,CAMP,Campina Ice Cream Industry Tbk.,--U-1135000000D221------------,288.0,0.0,290.0,286.0,288.0,0.0,140100,40319200,61,87.3,288,184900,286,186000,5885000000,5885000000,898639500,0,4500,0,0,0
2022-12-12,CAMP,Campina Ice Cream Industry Tbk.,--U-1135000000D221------------,286.0,0.0,290.0,284.0,288.0,2.0,552800,158597200,128,87.3,290,358700,288,3300,5885000000,5885000000,898639500,0,0,0,0,0
2022-12-09,CAMP,Campina Ice Cream Industry Tbk.,--U-1135000000D221------------,290.0,0.0,290.0,286.0,286.0,-4.0,675500,193935800,164,86.7,288,38000,284,136000,5885000000,5885000000,898639500,9300,0,0,0,0
2022-12-08,CAMP,Campina Ice Cream Industry Tbk.,--U-1135000000D221------------,288.0,0.0,290.0,284.0,290.0,2.0,637600,182929800,153,87.9,290,75100,288,1535300,5885000000,5885000000,898639500,400,0,0,0,0
2022-12-07,CAMP,Campina Ice Cream Industry Tbk.,--U-1135000000D221------------,286.0,0.0,290.0,284.0,288.0,2.0,282900,81051000,117,87.3,288,56600,286,141100,5885000000,5885000000,898639500,0,14000,0,0,0
2022-12-06,CAMP,Campina Ice Cream Industry Tbk.,--U-1135000000D221------------,290.0,0.0,290.0,286.0,286.0,-4.0,749800,216295600,206,86.7,290,47100,286,396500,5885000000,5885000000,898639500,0,8300,0,0,0
2022-12-05,CAMP,Campina Ice Cream Industry Tbk.,--U-1135000000D221------------,292.0,0.0,294.0,290.0,290.0,-2.0,251100,73281600,124,87.9,292,142300,290,89900,5885000000,5885000000,898639500,0,3600,0,0,0
2022-12-02,CAMP,Campina Ice Cream Industry Tbk.,--U-1135000000D221------------,292.0,0.0,296.0,290.0,292.0,0.0,297100,86901600,117,88.5,292,43000,290,129700,5885000000,5885000000,898639500,0,55800,0,0,0
2022-12-01,CAMP,Campina Ice Cream Industry Tbk.,--U-1135000000D221------------,290.0,0.0,294.0,290.0,292.0,2.0,620800,181328400,155,88.5,294,242800,292,51700,5885000000,5885000000,898639500,0,1800,0,0,0
2022-11-30,CAMP,Campina Ice Cream Industry Tbk.,--U-1135000000D221------------,294.0,0.0,296.0,290.0,290.0,-4.0,868100,253785000,277,87.9,294,95800,288,255300,5885000000,5885000000,898639500,0,0,0,0,0
2022-11-29,CAMP,Campina Ice Cream Industry Tbk.,--U-1135000000D221------------,290.0,0.0,300.0,290.0,294.0,4.0,3267600,965094800,878,89.1,294,55400,292,400800,5885000000,5885000000,898639500,99900,1200,0,0,0
2022-11-28,CAMP,Campina Ice Cream Industry Tbk.,--U-1135000000D221------------,288.0,0.0,290.0,288.0,290.0,2.0,1830600,527352600,99,87.9,290,665600,288,438100,5885000000,5885000000,898639500,77800,0,0,0,0
2022-11-25,CAMP,Campina Ice Cream Industry Tbk.,--U-1135000000D221------------,288.0,0.0,290.0,286.0,288.0,0.0,128800,37093400,96,87.3,288,108500,286,466300,5885000000,5885000000,898639500,9100,0,0,0,0
2022-11-24,CAMP,Campina Ice Cream Industry Tbk.,--U-1135000000D221------------,288.0,0.0,288.0,286.0,288.0,0.0,240900,69067600,135,87.3,288,34500,286,272600,5885000000,5885000000,898639500,0,0,0,0,0
2022-11-23,CAMP,Campina Ice Cream Industry Tbk.,--U-1135000000D221------------,288.0,0.0,290.0,286.0,288.0,0.0,362100,103789600,154,87.3,288,53100,286,154200,5885000000,5885000000,898639500,10900,0,0,0,0
2022-11-22,CAMP,Campina Ice Cream Industry Tbk.,--U-1135000000D221------------,286.0,0.0,290.0,286.0,288.0,2.0,440600,127248000,139,87.3,288,97500,286,276500,5885000000,5885000000,898639500,0,18900,0,0,0
2022-11-21,CAMP,Campina Ice Cream Industry Tbk.,--U-1135000000D221------------,288.0,0.0,290.0,284.0,286.0,-2.0,592400,169072600,291,86.7,288,57500,286,2700,5885000000,5885000000,898639500,0,4200,0,0,0
2022-11-18,CAMP,Campina Ice Cream Industry Tbk.,--U-1135000000D221------------,290.0,0.0,290.0,286.0,288.0,-2.0,316500,91362600,101,87.3,290,181900,288,121000,5885000000,5885000000,898639500,700,0,0,0,0
2022-11-17,CAMP,Campina Ice Cream Industry Tbk.,--U-1135000000D221------------,288.0,0.0,290.0,284.0,290.0,2.0,525600,150784800,173,87.9,290,255300,288,22200,5885000000,5885000000,898639500,0,0,0,0,0
2022-11-16,CAMP,Campina Ice Cream Industry Tbk.,--U-1135000000D221------------,290.0,0.0,290.0,288.0,288.0,-2.0,330000,95219600,139,87.3,290,93800,286,91900,5885000000,5885000000,898639500,0,0,0,0,0
2022-11-15,CAMP,Campina Ice Cream Industry Tbk.,--U-1135000000D221------------,290.0,0.0,292.0,288.0,290.0,0.0,154300,44544000,92,87.9,290,262800,288,191500,5885000000,5885000000,898639500,4200,0,0,0,0
2022-11-14,CAMP,Campina Ice Cream Industry Tbk.,--U-1135000000D221------------,288.0,0.0,292.0,288.0,290.0,2.0,288400,83440400,154,87.9,290,19000,288,294500,5885000000,5885000000,898639500,13000,77800,0,0,0
2022-11-11,CAMP,Campina Ice Cream Industry Tbk.,--U-1135000000D221------------,288.0,0.0,290.0,284.0,288.0,0.0,419400,120263200,202,87.3,288,1200,286,87700,5885000000,5885000000,898639500,23400,87500,0,0,0
2022-11-10,CAMP,Campina Ice Cream Industry Tbk.,--U-1135000000D221------------,286.0,0.0,288.0,284.0,288.0,2.0,415300,119002400,172,87.3,288,53900,286,132400,5885000000,5885000000,898639500,1500,0,0,0,0
2022-11-09,CAMP,Campina Ice Cream Industry Tbk.,--U-1135000000D221------------,290.0,0.0,290.0,286.0,286.0,-4.0,496000,142631400,199,86.7,288,105800,286,261200,5885000000,5885000000,898639500,8200,0,0,0,0
2022-11-08,CAMP,Campina Ice Cream Industry Tbk.,--U-1135000000D221------------,292.0,0.0,294.0,288.0,290.0,-2.0,370000,107399200,153,87.9,290,231100,288,542200,5885000000,5885000000,898639500,11200,0,0,0,0
2022-11-07,CAMP,Campina Ice Cream Industry Tbk.,--U-1135000000D221------------,292.0,0.0,292.0,288.0,292.0,0.0,580000,167681200,180,88.5,292,181500,290,16700,5885000000,5885000000,898639500,0,0,0,0,0
2022-11-04,CAMP,Campina Ice Cream Industry Tbk.,--U-1135000000D221------------,292.0,0.0,292.0,288.0,292.0,0.0,251400,73140600,101,88.5,292,247500,290,64600,5885000000,5885000000,898639500,16500,32600,0,0,0
2022-11-03,CAMP,Campina Ice Cream Industry Tbk.,--U-1135000000D221------------,288.0,0.0,294.0,286.0,292.0,4.0,575700,167079200,224,88.5,292,182600,290,20000,5885000000,5885000000,898639500,0,0,0,0,0
2022-11-02,CAMP,Campina Ice Cream Industry Tbk.,--U-1135000000D221------------,288.0,0.0,292.0,288.0,288.0,0.0,306200,88609800,110,87.3,290,293800,288,114000,5885000000,5885000000,898639500,0,24200,0,0,0
2022-11-01,CAMP,Campina Ice Cream Industry Tbk.,--U-1135000000D221------------,290.0,0.0,292.0,280.0,288.0,-2.0,1143700,329143600,274,87.3,290,102000,288,100,5885000000,5885000000,898639500,0,6900,0,0,0
2022-10-31,CAMP,Campina Ice Cream Industry Tbk.,--U-1135000000D221------------,292.0,0.0,294.0,288.0,290.0,-2.0,702200,203288200,283,87.9,290,29200,288,40100,5885000000,5885000000,898639500,0,0,0,0,0
2022-10-28,CAMP,Campina Ice Cream Industry Tbk.,--U-1135000000D221------------,294.0,0.0,298.0,292.0,292.0,-2.0,1631300,478947600,262,88.5,294,28200,292,9900,5885000000,5885000000,898639500,0,3200,0,0,0
2022-10-27,CAMP,Campina Ice Cream Industry Tbk.,--U-1135000000D221------------,290.0,0.0,296.0,290.0,294.0,4.0,1449600,426386000,316,89.1,294,253700,292,13900,5885000000,5885000000,898639500,0,0,0,0,0
2022-10-26,CAMP,Campina Ice Cream Industry Tbk.,--U-1135000000D221------------,294.0,0.0,294.0,288.0,290.0,-4.0,1016300,293638000,282,87.9,290,1757200,288,5300,5885000000,5885000000,898639500,8300,0,0,0,0
2022-10-25,CAMP,Campina Ice Cream Industry Tbk.,--U-1135000000D221------------,290.0,0.0,294.0,288.0,294.0,4.0,1784500,520704000,374,89.1,294,1914100,292,527000,5885000000,5885000000,898639500,0,0,0,0,0
2022-10-24,CAMP,Campina Ice Cream Industry Tbk.,--U-1135000000D221------------,288.0,0.0,294.0,288.0,290.0,2.0,936700,273148400,309,87.9,292,105600,290,44500,5885000000,5885000000,898639500,0,20700,0,0,0
2022-10-21,CAMP,Campina Ice Cream Industry Tbk.,--U-1135000000D221------------,288.0,0.0,292.0,286.0,288.0,0.0,295700,85355200,125,87.3,290,280400,288,43800,5885000000,5885000000,898639500,0,0,0,0,0
2022-10-20,CAMP,Campina Ice Cream Industry Tbk.,--U-1135000000D221------------,292.0,0.0,294.0,286.0,288.0,-4.0,1905400,550037800,238,87.3,290,600,288,675000,5885000000,5885000000,898639500,1100,0,0,0,0
2022-10-19,CAMP,Campina Ice Cream Industry Tbk.,--U-1135000000D221------------,278.0,0.0,298.0,276.0,292.0,14.0,3016100,872750800,558,88.5,292,151300,290,2391400,5885000000,5885000000,898639500,0,1200,0,0,0
2022-10-18,CAMP,Campina Ice Cream Industry Tbk.,--U-1135000000D221------------,276.0,0.0,282.0,274.0,278.0,2.0,375800,104280400,179,84.2,278,3100,276,14300,5885000000,5885000000,898639500,0,600,0,0,0
2022-10-17,CAMP,Campina Ice Cream Industry Tbk.,--U-1135000000D221------------,280.0,0.0,282.0,270.0,276.0,-4.0,806500,221983000,269,83.6,276,46400,274,14000,5885000000,5885000000,898639500,0,10500,0,0,0
2022-10-14,CAMP,Campina Ice Cream Industry Tbk.,--U-1135000000D221------------,280.0,0.0,282.0,272.0,280.0,0.0,1320200,366019400,271,84.8,282,36700,280,5800,5885000000,5885000000,898639500,0,0,0,0,0
2022-10-13,CAMP,Campina Ice Cream Industry Tbk.,--U-1135000000D221------------,280.0,0.0,282.0,280.0,280.0,0.0,333800,93518600,121,84.8,282,110500,280,192000,5885000000,5885000000,898639500,0,0,0,0,0
2022-10-12,CAMP,Campina Ice Cream Industry Tbk.,--U-1135000000D221------------,284.0,0.0,288.0,280.0,280.0,-4.0,720200,202904400,246,84.8,282,2479100,280,234900,5885000000,5885000000,898639500,3300,0,0,0,0
2022-10-11,CAMP,Campina Ice Cream Industry Tbk.,--U-1135000000D221------------,282.0,0.0,286.0,282.0,284.0,2.0,549000,156049000,199,86.1,286,65300,282,116100,5885000000,5885000000,898639500,1000,0,0,0,0
2022-10-10,CAMP,Campina Ice Cream Industry Tbk.,--U-1135000000D221------------,284.0,0.0,284.0,280.0,282.0,-2.0,164400,46478800,117,85.5,284,53700,282,54300,5885000000,5885000000,898639500,0,0,0,0,0
2022-10-07,CAMP,Campina Ice Cream Industry Tbk.,--U-1135000000D221------------,284.0,0.0,286.0,282.0,284.0,0.0,241900,68286200,135,86.1,284,48600,282,285800,5885000000,5885000000,898639500,0,0,0,0,0
2022-10-06,CAMP,Campina Ice Cream Industry Tbk.,--U-1135000000D221------------,286.0,0.0,286.0,282.0,284.0,-2.0,179100,50863400,124,86.1,286,2673100,284,128300,5885000000,5885000000,898639500,0,0,0,0,0
2022-10-05,CAMP,Campina Ice Cream Industry Tbk.,--U-1135000000D221------------,282.0,0.0,286.0,282.0,286.0,4.0,140900,39985200,141,86.7,286,83500,284,59800,5885000000,5885000000,898639500,0,0,0,0,0
2022-10-04,CAMP,Campina Ice Cream Industry Tbk.,--U-1135000000D221------------,286.0,0.0,288.0,280.0,282.0,-4.0,1757800,495856000,429,85.5,282,2654100,280,991300,5885000000,5885000000,898639500,0,0,0,0,0
2022-10-03,CAMP,Campina Ice Cream Industry Tbk.,--U-1135000000D221------------,288.0,0.0,290.0,284.0,286.0,-2.0,405500,116403000,180,86.7,288,12000,286,46700,5885000000,5885000000,898639500,0,0,0,0,0
2022-09-30,CAMP,Campina Ice Cream Industry Tbk.,--U-1135000000D221------------,290.0,0.0,290.0,284.0,288.0,-2.0,1005500,288305400,233,87.3,290,194700,288,234200,5885000000,5885000000,670301500,3300,0,0,0,0
2022-09-29,CAMP,Campina Ice Cream Industry Tbk.,--U-1135000000D221------------,292.0,0.0,294.0,288.0,290.0,-2.0,672100,195423200,192,87.9,290,288800,288,167600,5885000000,5885000000,670301500,0,0,0,0,0
2022-09-28,CAMP,Campina Ice Cream Industry Tbk.,--U-1135000000D221------------,288.0,0.0,292.0,288.0,292.0,4.0,528800,153699800,166,88.5,292,143700,290,342100,5885000000,5885000000,670301500,0,0,0,0,0
2022-09-27,CAMP,Campina Ice Cream Industry Tbk.,--U-1135000000D221------------,288.0,0.0,290.0,286.0,288.0,0.0,458900,132144600,153,87.3,290,5000,288,10000,5885000000,5885000000,670301500,0,0,0,0,0
2022-09-26,CAMP,Campina Ice Cream Industry Tbk.,--U-1135000000D221------------,290.0,0.0,290.0,286.0,288.0,-2.0,460900,132855000,225,87.3,288,1600,286,257200,5885000000,5885000000,670301500,0,0,0,0,0
2022-09-23,CAMP,Campina Ice Cream Industry Tbk.,--U-1135000000D221------------,288.0,0.0,290.0,286.0,290.0,2.0,663700,190681800,182,87.9,290,105400,288,141000,5885000000,5885000000,670301500,600,1700,0,0,0
2022-09-22,CAMP,Campina Ice Cream Industry Tbk.,--U-1135000000D221------------,288.0,0.0,290.0,286.0,288.0,0.0,610800,175994800,174,87.3,290,52800,288,154700,5885000000,5885000000,670301500,0,0,0,0,0
2022-09-21,CAMP,Campina Ice Cream Industry Tbk.,--U-1135000000D221------------,288.0,0.0,290.0,286.0,288.0,0.0,1146300,329904000,263,87.3,290,91600,288,95200,5885000000,5885000000,670301500,600,600,0,0,0
2022-09-20,CAMP,Campina Ice Cream Industry Tbk.,--U-1135000000D221------------,290.0,0.0,292.0,286.0,288.0,-2.0,1061200,306565400,290,87.3,290,117400,288,252700,5885000000,5885000000,670301500,0,400,0,0,0
2022-09-19,CAMP,Campina Ice Cream Industry Tbk.,--U-1135000000D221------------,290.0,0.0,292.0,286.0,290.0,0.0,828800,238721600,278,87.9,292,383000,290,120400,5885000000,5885000000,670301500,1500,0,0,0,0
2022-09-16,CAMP,Campina Ice Cream Industry Tbk.,--U-1135000000D221------------,292.0,0.0,292.0,288.0,290.0,-2.0,976400,282742600,378,87.9,290,51100,288,842000,5885000000,5885000000,670301500,5300,1500,0,0,0
2022-09-15,CAMP,Campina Ice Cream Industry Tbk.,--U-1135000000D221------------,296.0,0.0,298.0,290.0,292.0,-4.0,2321300,675986000,489,88.5,292,195300,290,231200,5885000000,5885000000,670301500,400,5300,0,0,0
2022-09-14,CAMP,Campina Ice Cream Industry Tbk.,--U-1135000000D221------------,296.0,0.0,298.0,292.0,296.0,0.0,751100,222041600,267,89.7,296,19900,294,67100,5885000000,5885000000,670301500,0,400,0,0,0
2022-09-13,CAMP,Campina Ice Cream Industry Tbk.,--U-1135000000D221------------,294.0,0.0,296.0,292.0,296.0,2.0,411700,121439400,143,89.7,296,46200,294,144700,5885000000,5885000000,670301500,0,0,0,0,0
2022-09-12,CAMP,Campina Ice Cream Industry Tbk.,--U-1135000000D221------------,296.0,0.0,298.0,288.0,294.0,-2.0,795900,232748000,255,89.1,294,2900,292,4500,5885000000,5885000000,670301500,0,0,0,0,0
2022-09-09,CAMP,Campina Ice Cream Industry Tbk.,--U-1135000000D221------------,296.0,0.0,300.0,294.0,296.0,0.0,1142900,339214600,259,89.7,298,161400,296,2300,5885000000,5885000000,670301500,11600,200,0,0,0
2022-09-08,CAMP,Campina Ice Cream Industry Tbk.,--U-1135000000D221------------,290.0,0.0,296.0,288.0,296.0,6.0,1144700,334954000,310,89.7,296,10700,294,21000,5885000000,5885000000,670301500,1100,5700,0,0,0
2022-09-07,CAMP,Campina Ice Cream Industry Tbk.,--U-1135000000D221------------,292.0,0.0,294.0,288.0,290.0,-2.0,573300,166343000,201,87.9,292,126200,290,18300,5885000000,5885000000,670301500,0,0,0,0,0
2022-09-06,CAMP,Campina Ice Cream Industry Tbk.,--U-1135000000D221------------,292.0,0.0,294.0,288.0,292.0,0.0,622500,180728400,317,88.5,292,1200,290,144000,5885000000,5885000000,670301500,4700,0,0,0,0
2022-09-05,CAMP,Campina Ice Cream Industry Tbk.,--U-1135000000D221------------,292.0,0.0,296.0,284.0,292.0,0.0,2919700,844401800,619,88.5,294,28100,292,31200,5885000000,5885000000,670301500,0,4700,0,0,0
2022-09-02,CAMP,Campina Ice Cream Industry Tbk.,--U-1135000000D221------------,294.0,0.0,296.0,290.0,292.0,-2.0,502100,147107000,217,88.5,294,76600,292,52600,5885000000,5885000000,670301500,0,4600,0,0,0
2022-09-01,CAMP,Campina Ice Cream Industry Tbk.,XDU-1135000000D221------------,296.0,0.0,298.0,290.0,294.0,-2.0,1463500,426783600,505,89.1,294,64400,292,24600,5885000000,5885000000,670301500,2800,0,0,0,0
2022-08-31,CAMP,Campina Ice Cream Industry Tbk.,XDU-1135000000D221------------,296.0,0.0,298.0,290.0,296.0,0.0,1351200,396842200,485,89.7,296,205500,294,10200,5885000000,5885000000,670301500,8300,2800,0,0,0
2022-08-30,CAMP,Campina Ice Cream Industry Tbk.,XDU-1135000000D221------------,296.0,0.0,306.0,294.0,296.0,0.0,1784700,534076000,582,89.7,298,500,296,112700,5885000000,5885000000,670301500,3900,2200,0,0,0
2022-08-29,CAMP,Campina Ice Cream Industry Tbk.,XDU-1135000000D221------------,294.0,0.0,296.0,290.0,296.0,2.0,900100,263965200,430,89.7,296,132400,292,49200,5885000000,5885000000,670301500,1200,281100,0,0,0
2022-08-26,CAMP,Campina Ice Cream Industry Tbk.,XDU-1135000000D221------------,294.0,0.0,296.0,292.0,294.0,0.0,446400,131327200,245,89.1,296,74200,294,21200,5885000000,5885000000,670301500,200,56000,0,0,0
2022-08-25,CAMP,Campina Ice Cream Industry Tbk.,XDU-1135000000D221------------,294.0,0.0,296.0,292.0,294.0,0.0,411700,121166600,171,89.1,296,75100,294,379900,5885000000,5885000000,670301500,600,200,0,0,0
2022-08-24,CAMP,Campina Ice Cream Industry Tbk.,XDU-1135000000D221------------,296.0,0.0,296.0,292.0,294.0,-2.0,481400,141699600,233,89.1,296,81700,294,83400,5885000000,5885000000,670301500,4400,700,0,0,0
2022-08-23,CAMP,Campina Ice Cream Industry Tbk.,XDU-1135000000D221------------,296.0,0.0,298.0,292.0,296.0,0.0,594900,175910600,208,89.7,296,49500,294,264400,5885000000,5885000000,670301500,0,307300,0,0,0
2022-08-22,CAMP,Campina Ice Cream Industry Tbk.,XDU-1135000000D221------------,300.0,0.0,300.0,292.0,296.0,-4.0,1239100,366707000,369,89.7,296,12200,294,318800,5885000000,5885000000,670301500,20300,132200,0,0,0
2022-08-19,CAMP,Campina Ice Cream Industry Tbk.,XDU-1135000000D221------------,296.0,0.0,300.0,294.0,300.0,4.0,996700,296520000,327,90.9,300,516300,298,500,5885000000,5885000000,670301500,12200,410300,0,0,0
2022-08-18,CAMP,Campina Ice Cream Industry Tbk.,XDU-1135000000D221------------,298.0,0.0,300.0,294.0,296.0,-2.0,746300,221703600,327,89.7,298,96100,296,6900,5885000000,5885000000,670301500,0,2000,0,0,0
2022-08-16,CAMP,Campina Ice Cream Industry Tbk.,XDU-1135000000D221------------,294.0,0.0,300.0,294.0,298.0,4.0,1586600,473064400,396,90.3,298,14300,296,62500,5885000000,5885000000,670301500,2900,0,0,0,0
2022-08-15,CAMP,Campina Ice Cream Industry Tbk.,XDU-1135000000D221------------,294.0,0.0,300.0,292.0,294.0,0.0,1930900,570017800,364,89.1,298,77000,294,139200,5885000000,5885000000,670301500,1100,2900,0,0,0
2022-08-12,CAMP,Campina Ice Cream Industry Tbk.,XDU-1135000000D221------------,292.0,0.0,300.0,290.0,294.0,2.0,900900,265066200,377,89.1,294,41000,292,77100,5885000000,5885000000,670301500,0,1100,0,0,0
2022-08-11,CAMP,Campina Ice Cream Industry Tbk.,XDU-1135000000D221------------,290.0,0.0,294.0,288.0,292.0,2.0,1249000,361974400,330,88.5,292,54000,290,193700,5885000000,5885000000,670301500,9200,0,0,0,0
2022-08-10,CAMP,Campina Ice Cream Industry Tbk.,XDU-1135000000D221------------,290.0,0.0,296.0,286.0,290.0,0.0,1950700,565977200,547,87.9,292,6300,290,2700,5885000000,5885000000,670301500,9800,61600,0,0,0
2022-08-09,CAMP,Campina Ice Cream Industry Tbk.,XDU-1135000000D221------------,292.0,0.0,294.0,286.0,290.0,-2.0,2179800,629669800,672,87.9,290,404200,288,41400,5885000000,5885000000,670301500,9500,16300,0,0,0
2022-08-08,CAMP,Campina Ice Cream Industry Tbk.,XDU-1135000000D221------------,292.0,0.0,296.0,288.0,292.0,0.0,2232500,652005000,572,88.5,294,78800,292,120200,5885000000,5885000000,670301500,0,13900,0,0,0
2022-08-05,CAMP,Campina Ice Cream Industry Tbk.,XDU-1135000000D221------------,296.0,0.0,298.0,288.0,292.0,-4.0,2575700,752849200,825,88.5,292,16700,290,149700,5885000000,5885000000,670301500,0,3000,0,0,0
2022-08-04,CAMP,Campina Ice Cream Industry Tbk.,XDU-1135000000D221------------,298.0,0.0,316.0,280.0,296.0,-2.0,1966600,585031000,815,89.7,296,15200,294,287700,5885000000,5885000000,670301500,10000,1400,0,0,0
2022-08-03,CAMP,Campina Ice Cream Industry Tbk.,--U-1135000000D221------------,316.0,0.0,302.0,294.0,298.0,-18.0,9462800,2798231200,1723,90.3,300,145900,298,40400,5885000000,5885000000,670301500,141900,0,0,0,0
2022-08-02,CAMP,Campina Ice Cream Industry Tbk.,--U-1135000000D221------------,338.0,0.0,322.0,316.0,316.0,-22.0,1007300,318495600,319,95.8,316,7467200,0,0,5885000000,5885000000,670301500,0,30000,0,0,0
2022-08-01,CAMP,Campina Ice Cream Industry Tbk.,CDU-1135000000D221------------,338.0,0.0,348.0,334.0,338.0,0.0,13691500,4629479600,2055,102.4,340,360700,338,1387900,5885000000,5885000000,670301500,0,0,0,0,0
2022-07-29,CAMP,Campina Ice Cream Industry Tbk.,CDU-1135000000D221------------,342.0,0.0,344.0,328.0,338.0,-4.0,13232100,4454051800,2573,102.4,340,318700,338,729200,5885000000,5885000000,670301500,2000000,18900,0,0,0
2022-07-28,CAMP,Campina Ice Cream Industry Tbk.,CDU-1135000000D221------------,338.0,0.0,348.0,330.0,342.0,4.0,12820100,4331037000,2867,103.6,342,571600,340,49100,5885000000,5885000000,670301500,33900,600,0,0,0
2022-07-27,CAMP,Campina Ice Cream Industry Tbk.,--U-1135000000D221------------,298.0,0.0,338.0,310.0,338.0,40.0,24081800,7945327800,4453,102.4,338,186200,336,45500,5885000000,5885000000,670301500,50000,113300,0,0,0
2022-07-26,CAMP,Campina Ice Cream Industry Tbk.,--U-1135000000D221------------,300.0,0.0,304.0,292.0,298.0,-2.0,1834700,542921800,329,90.3,300,22000,298,775300,5885000000,5885000000,670301500,1012800,0,0,0,0
2022-07-25,CAMP,Campina Ice Cream Industry Tbk.,--U-1135000000D221------------,296.0,0.0,310.0,292.0,300.0,4.0,4563300,1374681200,963,90.9,302,140400,300,6500,5885000000,5885000000,670301500,0,30000,0,0,0
2022-07-22,CAMP,Campina Ice Cream Industry Tbk.,--U-1135000000D221------------,296.0,0.0,300.0,292.0,296.0,0.0,3880800,1149767600,596,89.7,298,390000,296,24000,5885000000,5885000000,670301500,0,183900,0,0,0
2022-07-21,CAMP,Campina Ice Cream Industry Tbk.,--U-1135000000D221------------,282.0,0.0,296.0,282.0,296.0,14.0,5753700,1680511200,836,89.7,296,194400,294,364300,5885000000,5885000000,670301500,0,0,0,0,0
2022-07-20,CAMP,Campina Ice Cream Industry Tbk.,--U-1135000000D221------------,280.0,0.0,288.0,276.0,282.0,2.0,1328900,375622200,255,85.5,284,22000,282,72600,5885000000,5885000000,670301500,0,0,0,0,0
2022-07-19,CAMP,Campina Ice Cream Industry Tbk.,--U-1135000000D221------------,276.0,0.0,280.0,274.0,280.0,4.0,136600,37882200,70,84.8,280,72700,278,38600,5885000000,5885000000,670301500,0,0,0,0,0
2022-07-18,CAMP,Campina Ice Cream Industry Tbk.,--U-1135000000D221------------,278.0,0.0,280.0,274.0,276.0,-2.0,549500,151686200,128,83.6,276,18500,274,67600,5885000000,5885000000,670301500,0,0,0,0,0
2022-07-15,CAMP,Campina Ice Cream Industry Tbk.,--U-1135000000D221------------,278.0,0.0,282.0,276.0,278.0,0.0,335800,93556800,100,84.2,278,119200,276,69600,5885000000,5885000000,670301500,0,3900,0,0,0
2022-07-14,CAMP,Campina Ice Cream Industry Tbk.,--U-1135000000D221------------,280.0,0.0,284.0,278.0,278.0,-2.0,249100,69579000,135,84.2,280,99800,278,69500,5885000000,5885000000,670301500,0,6200,0,0,0
2022-07-13,CAMP,Campina Ice Cream Industry Tbk.,--U-1135000000D221------------,276.0,0.0,282.0,276.0,280.0,4.0,611400,170961200,215,84.8,280,307900,278,170600,5885000000,5885000000,670301500,0,0,0,0,0
2022-07-12,CAMP,Campina Ice Cream Industry Tbk.,--U-1135000000D221------------,274.0,0.0,278.0,272.0,276.0,2.0,291400,80171800,107,83.6,278,61500,276,63400,5885000000,5885000000,670301500,0,0,0,0,0
2022-07-11,CAMP,Campina Ice Cream Industry Tbk.,--U-1135000000D221------------,270.0,0.0,274.0,270.0,274.0,4.0,296900,81112200,117,83.0,276,33800,274,13800,5885000000,5885000000,670301500,0,0,0,0,0
2022-07-08,CAMP,Campina Ice Cream Industry Tbk.,--U-1135000000D221------------,270.0,0.0,272.0,266.0,270.0,0.0,107100,28876800,76,81.8,272,29300,270,2800,5885000000,5885000000,670301500,0,0,0,0,0
2022-07-07,CAMP,Campina Ice Cream Industry Tbk.,--U-1135000000D221------------,268.0,0.0,272.0,264.0,270.0,2.0,752700,199991600,192,81.8,270,3800,268,105700,5885000000,5885000000,670301500,0,0,0,0,0
2022-07-06,CAMP,Campina Ice Cream Industry Tbk.,--U-1135000000D221------------,274.0,0.0,274.0,266.0,268.0,-6.0,487700,130805200,200,81.2,270,49700,268,1400,5885000000,5885000000,670301500,0,0,0,0,0
2022-07-05,CAMP,Campina Ice Cream Industry Tbk.,--U-1135000000D221------------,270.0,0.0,276.0,270.0,274.0,4.0,156400,42369000,128,83.0,274,26800,272,600,5885000000,5885000000,670301500,0,0,0,0,0
2022-07-04,CAMP,Campina Ice Cream Industry Tbk.,--U-1135000000D221------------,276.0,0.0,278.0,266.0,270.0,-6.0,1315300,356229200,245,81.8,272,4000,270,6400,5885000000,5885000000,670301500,0,0,0,0,0
2022-07-01,CAMP,Campina Ice Cream Industry Tbk.,--U-1135000000D221------------,282.0,0.0,282.0,272.0,276.0,-6.0,504300,138616800,166,83.6,276,44700,274,16700,5885000000,5885000000,670301500,0,0,0,0,0
2022-06-30,CAMP,Campina Ice Cream Industry Tbk.,--U-1135000000D221------------,280.0,0.0,284.0,276.0,282.0,2.0,982700,273806000,210,85.5,282,29200,280,30700,5885000000,5885000000,670301500,0,0,0,0,0
2022-06-29,CAMP,Campina Ice Cream Industry Tbk.,--U-1135000000D221------------,274.0,0.0,284.0,274.0,280.0,6.0,1473600,411895600,328,84.8,282,60400,280,1000,5885000000,5885000000,670301500,0,0,0,0,0
2022-06-28,CAMP,Campina Ice Cream Industry Tbk.,--U-1135000000D221------------,272.0,0.0,274.0,270.0,274.0,2.0,62400,17033800,87,83.0,274,61900,272,215200,5885000000,5885000000,670301500,0,0,0,0,0
2022-06-27,CAMP,Campina Ice Cream Industry Tbk.,--U-1135000000D221------------,274.0,0.0,276.0,270.0,272.0,-2.0,360800,98212600,151,82.4,272,39400,270,240100,5885000000,5885000000,670301500,2200,0,0,0,0
2022-06-24,CAMP,Campina Ice Cream Industry Tbk.,--U-1135000000D221------------,268.0,0.0,274.0,266.0,274.0,6.0,242400,65259200,174,83.0,274,151100,270,4100,5885000000,5885000000,670301500,0,0,0,0,0
2022-06-23,CAMP,Campina Ice Cream Industry Tbk.,--U-1135000000D221------------,270.0,0.0,276.0,268.0,268.0,-2.0,302100,81430200,156,81.2,272,1600,268,50700,5885000000,5885000000,670301500,800,0,0,0,0
2022-06-22,CAMP,Campina Ice Cream Industry Tbk.,--U-1135000000D221------------,272.0,0.0,276.0,270.0,270.0,-2.0,170600,46540400,139,81.8,274,121400,270,16600,5885000000,5885000000,670301500,0,0,0,0,0
2022-06-21,CAMP,Campina Ice Cream Industry Tbk.,--U-1135000000D221------------,270.0,0.0,272.0,268.0,272.0,2.0,189600,51127600,85,82.4,272,41200,270,21600,5885000000,5885000000,670301500,0,0,0,0,0
2022-06-20,CAMP,Campina Ice Cream Industry Tbk.,--U-1135000000D221------------,268.0,0.0,272.0,266.0,270.0,2.0,663400,177787600,166,81.8,270,59600,268,76800,5885000000,5885000000,670301500,0,0,0,0,0
2022-06-17,CAMP,Campina Ice Cream Industry Tbk.,--U-1135000000D221------------,268.0,0.0,272.0,266.0,268.0,0.0,290400,77894200,123,81.2,270,707500,268,118300,5885000000,5885000000,670301500,0,0,0,0,0
2022-06-16,CAMP,Campina Ice Cream Industry Tbk.,--U-1135000000D221------------,266.0,0.0,272.0,266.0,268.0,2.0,571800,153810000,206,81.2,270,70000,268,196100,5885000000,5885000000,670301500,0,4000,0,0,0
2022-06-15,CAMP,Campina Ice Cream Industry Tbk.,--U-1135000000D221------------,270.0,0.0,276.0,266.0,266.0,-4.0,506800,136411000,234,80.6,268,234700,266,109600,5885000000,5885000000,670301500,0,0,0,0,0
2022-06-14,CAMP,Campina Ice Cream Industry Tbk.,--U-1135000000D221------------,268.0,0.0,280.0,268.0,270.0,2.0,279200,76607800,188,81.8,274,11700,270,175500,5885000000,5885000000,670301500,0,500,0,0,0
2022-06-13,CAMP,Campina Ice Cream Industry Tbk.,--U-1135000000D221------------,278.0,0.0,280.0,268.0,268.0,-10.0,805700,218202800,268,81.2,272,10000,268,138200,5885000000,5885000000,670301500,0,0,0,0,0
2022-06-10,CAMP,Campina Ice Cream Industry Tbk.,--U-1135000000D221------------,280.0,0.0,282.0,276.0,278.0,-2.0,291400,81132600,141,84.2,280,130000,278,15200,5885000000,5885000000,670301500,600,0,0,0,0
2022-06-09,CAMP,Campina Ice Cream Industry Tbk.,--U-1135000000D221------------,280.0,0.0,282.0,278.0,280.0,0.0,417000,116764600,127,84.8,282,20300,280,8000,5885000000,5885000000,670301500,300,0,0,0,0
2022-06-08,CAMP,Campina Ice Cream Industry Tbk.,--U-1135000000D221------------,284.0,0.0,286.0,278.0,280.0,-4.0,465400,130626000,162,84.8,280,31200,278,58900,5885000000,5885000000,670301500,0,0,0,0,0
2022-06-07,CAMP,Campina Ice Cream Industry Tbk.,--U-1135000000D221------------,282.0,0.0,284.0,278.0,284.0,2.0,557900,156527600,178,86.1,284,16100,282,700,5885000000,5885000000,670301500,0,0,0,0,0
2022-06-06,CAMP,Campina Ice Cream Industry Tbk.,--U-1135000000D221------------,292.0,0.0,292.0,278.0,282.0,-10.0,852200,239561000,334,85.5,282,234300,280,55900,5885000000,5885000000,670301500,0,0,0,0,0
2022-06-03,CAMP,Campina Ice Cream Industry Tbk.,--U-1135000000D221------------,294.0,0.0,302.0,290.0,292.0,-2.0,1579300,463416400,326,88.5,292,52300,290,118100,5885000000,5885000000,670301500,0,0,0,0,0
2022-06-02,CAMP,Campina Ice Cream Industry Tbk.,--U-1135000000D221------------,282.0,0.0,302.0,282.0,294.0,12.0,3658700,1077601000,694,89.1,296,187500,292,20500,5885000000,5885000000,670301500,0,0,0,0,0
2022-05-31,CAMP,Campina Ice Cream Industry Tbk.,--M-1135000000D221------------,274.0,0.0,294.0,276.0,282.0,8.0,1902200,541080600,556,85.5,284,10900,282,115100,5885000000,5885000000,670301500,2000,0,0,0,0
2022-05-30,CAMP,Campina Ice Cream Industry Tbk.,--M-1135000000D221------------,272.0,0.0,276.0,270.0,274.0,2.0,597100,163307200,172,83.0,276,4000,274,82500,5885000000,5885000000,670301500,0,0,0,0,0
2022-05-27,CAMP,Campina Ice Cream Industry Tbk.,--M-1135000000D221------------,272.0,0.0,274.0,270.0,272.0,0.0,598700,163020600,131,82.4,274,259100,272,500,5885000000,5885000000,670301500,0,0,0,0,0
2022-05-25,CAMP,Campina Ice Cream Industry Tbk.,--M-1135000000D221------------,270.0,0.0,276.0,268.0,272.0,2.0,1142700,310057000,223,82.4,272,40000,268,84100,5885000000,5885000000,670301500,800,0,0,0,0
2022-05-24,CAMP,Campina Ice Cream Industry Tbk.,--M-1135000000D221------------,268.0,0.0,272.0,268.0,270.0,2.0,262900,71011800,100,81.8,272,114700,268,117800,5885000000,5885000000,670301500,0,0,0,0,0
2022-05-23,CAMP,Campina Ice Cream Industry Tbk.,--M-1135000000D221------------,268.0,0.0,270.0,266.0,268.0,0.0,293400,78358400,170,81.2,270,6200,268,1100,5885000000,5885000000,670301500,0,0,0,0,0
2022-05-20,CAMP,Campina Ice Cream Industry Tbk.,--M-1135000000D221------------,268.0,0.0,272.0,266.0,268.0,0.0,422700,113243000,155,81.2,268,106100,266,324600,5885000000,5885000000,670301500,0,0,0,0,0
2022-05-19,CAMP,Campina Ice Cream Industry Tbk.,--M-1135000000D221------------,272.0,0.0,272.0,266.0,268.0,-4.0,997900,267689800,238,81.2,270,28700,268,10300,5885000000,5885000000,670301500,300,0,0,0,0
2022-05-18,CAMP,Campina Ice Cream Industry Tbk.,--M-1135000000D221------------,274.0,0.0,276.0,270.0,272.0,-2.0,373400,101575600,114,82.4,272,97500,270,182200,5885000000,5885000000,670301500,0,0,0,0,0
2022-05-17,CAMP,Campina Ice Cream Industry Tbk.,--M-1135000000D221------------,268.0,0.0,274.0,270.0,274.0,6.0,175300,47504800,124,83.0,274,303100,272,10000,5885000000,5885000000,670301500,0,0,0,0,0
2022-05-13,CAMP,Campina Ice Cream Industry Tbk.,--M-1135000000D221------------,274.0,0.0,274.0,268.0,268.0,-6.0,767300,206643200,252,81.2,270,215400,268,122200,5885000000,5885000000,670301500,0,0,0,0,0
2022-05-12,CAMP,Campina Ice Cream Industry Tbk.,--M-1135000000D221------------,272.0,0.0,276.0,272.0,274.0,2.0,289700,79200800,131,83.0,274,35400,272,84800,5885000000,5885000000,670301500,0,0,0,0,0
2022-05-11,CAMP,Campina Ice Cream Industry Tbk.,--M-1135000000D221------------,274.0,0.0,278.0,272.0,272.0,-2.0,718100,197294600,256,82.4,276,29100,272,7000,5885000000,5885000000,670301500,0,0,0,0,0
2022-05-10,CAMP,Campina Ice Cream Industry Tbk.,--M-1135000000D221------------,274.0,0.0,276.0,270.0,274.0,0.0,745100,203203400,204,83.0,276,45900,274,5700,5885000000,5885000000,670301500,200,0,0,0,0
2022-05-09,CAMP,Campina Ice Cream Industry Tbk.,--M-1135000000D221------------,274.0,0.0,280.0,274.0,274.0,0.0,1110900,306808800,264,83.0,274,38400,272,68000,5885000000,5885000000,670301500,0,0,0,0,0
2022-04-28,CAMP,Campina Ice Cream Industry Tbk.,--M-1135000000D221------------,274.0,0.0,280.0,270.0,274.0,0.0,884800,243285600,251,83.0,276,27800,274,10300,5885000000,5885000000,670301500,0,0,0,0,0
2022-04-27,CAMP,Campina Ice Cream Industry Tbk.,--M-1135000000D221------------,270.0,0.0,276.0,270.0,274.0,4.0,798300,218422400,243,83.0,274,32100,272,120300,5885000000,5885000000,670301500,0,0,5000000,1545000000,1
2022-04-26,CAMP,Campina Ice Cream Industry Tbk.,--M-1135000000D221------------,266.0,0.0,270.0,262.0,270.0,4.0,1064700,284572600,215,81.8,272,65300,270,71700,5885000000,5885000000,670301500,900,0,0,0,0
2022-04-25,CAMP,Campina Ice Cream Industry Tbk.,--M-1135000000D221------------,268.0,0.0,270.0,264.0,266.0,-2.0,460400,122549400,123,80.6,268,169200,266,151100,5885000000,5885000000,670301500,1800,0,0,0,0
2022-04-22,CAMP,Campina Ice Cream Industry Tbk.,--M-1135000000D221------------,264.0,0.0,270.0,266.0,268.0,4.0,231600,61903200,116,81.2,268,800,266,24200,5885000000,5885000000,670301500,0,3600,0,0,0
2022-04-21,CAMP,Campina Ice Cream Industry Tbk.,--M-1135000000D221------------,264.0,0.0,268.0,264.0,264.0,0.0,452000,120116600,160,80.0,266,23600,264,191300,5885000000,5885000000,670301500,31700,800,0,0,0
2022-04-20,CAMP,Campina Ice Cream Industry Tbk.,--M-1135000000D221------------,270.0,0.0,272.0,264.0,264.0,-6.0,877600,233712800,258,80.0,268,136500,264,48900,5885000000,5885000000,670301500,37100,1500,0,0,0
2022-04-19,CAMP,Campina Ice Cream Industry Tbk.,--M-1135000000D221------------,270.0,0.0,272.0,268.0,270.0,0.0,252000,67956200,127,81.8,270,1600,268,79900,5885000000,5885000000,670301500,0,0,0,0,0
2022-04-18,CAMP,Campina Ice Cream Industry Tbk.,--M-1135000000D221------------,274.0,0.0,276.0,268.0,270.0,-4.0,479100,129315400,212,81.8,272,11400,270,31700,5885000000,5885000000,670301500,0,300,0,0,0
2022-04-14,CAMP,Campina Ice Cream Industry Tbk.,--M-1135000000D221------------,274.0,0.0,276.0,272.0,274.0,0.0,206900,56454200,119,83.0,276,113100,272,92200,5885000000,5885000000,670301500,0,0,0,0,0
2022-04-13,CAMP,Campina Ice Cream Industry Tbk.,--M-1135000000D221------------,272.0,0.0,278.0,270.0,274.0,2.0,729100,198981200,225,83.0,276,66800,274,4500,5885000000,5885000000,670301500,0,0,0,0,0
2022-04-12,CAMP,Campina Ice Cream Industry Tbk.,--M-1135000000D221------------,272.0,0.0,272.0,266.0,272.0,0.0,527700,142418800,119,82.4,272,3900,270,37700,5885000000,5885000000,670301500,0,0,0,0,0
2022-04-11,CAMP,Campina Ice Cream Industry Tbk.,--M-1135000000D221------------,274.0,0.0,278.0,268.0,272.0,-2.0,458100,124223000,216,82.4,274,100,270,44500,5885000000,5885000000,670301500,0,0,0,0,0
2022-04-08,CAMP,Campina Ice Cream Industry Tbk.,--M-1135000000D221------------,272.0,0.0,278.0,270.0,274.0,2.0,215400,58773000,152,83.0,276,30500,272,160100,5885000000,5885000000,670301500,0,0,0,0,0
2022-04-07,CAMP,Campina Ice Cream Industry Tbk.,--M-1135000000D221------------,276.0,0.0,278.0,272.0,272.0,-4.0,191400,52550600,128,82.4,274,12800,272,55200,5885000000,5885000000,670301500,0,0,0,0,0
2022-04-06,CAMP,Campina Ice Cream Industry Tbk.,--M-1135000000D221------------,280.0,0.0,282.0,276.0,276.0,-4.0,815600,226675600,247,83.6,278,5200,276,80400,5885000000,5885000000,670301500,0,0,0,0,0
2022-04-05,CAMP,Campina Ice Cream Industry Tbk.,--M-1135000000D221------------,274.0,0.0,280.0,274.0,280.0,6.0,926600,257330000,322,84.8,280,84500,278,10500,5885000000,5885000000,670301500,0,0,0,0,0
2022-04-04,CAMP,Campina Ice Cream Industry Tbk.,--M-1135000000D221------------,270.0,0.0,278.0,270.0,274.0,4.0,1493800,409862600,388,83.0,274,15700,272,109600,5885000000,5885000000,670301500,0,0,0,0,0
2022-04-01,CAMP,Campina Ice Cream Industry Tbk.,--M-1135000000D221------------,264.0,0.0,276.0,264.0,270.0,6.0,2874000,776833000,743,81.8,270,1400,268,198700,5885000000,5885000000,670301500,500,0,0,0,0
2022-03-31,CAMP,Campina Ice Cream Industry Tbk.,--M-1135000000D221------------,264.0,0.0,268.0,262.0,264.0,0.0,262200,69741800,123,80.0,268,76300,264,177500,5885000000,5885000000,2755945500,400,0,0,0,0
2022-03-30,CAMP,Campina Ice Cream Industry Tbk.,--M-1135000000D221------------,264.0,0.0,268.0,262.0,264.0,0.0,356400,94274600,143,80.0,264,100,262,111100,5885000000,5885000000,2755945500,400,0,0,0,0
2022-03-29,CAMP,Campina Ice Cream Industry Tbk.,--M-1135000000D221------------,264.0,0.0,266.0,262.0,264.0,0.0,159600,42253800,98,80.0,266,152700,264,22300,5885000000,5885000000,2755945500,0,0,0,0,0
2022-03-28,CAMP,Campina Ice Cream Industry Tbk.,--M-1135000000D221------------,266.0,0.0,268.0,262.0,264.0,-2.0,390200,103417000,184,80.0,264,140700,262,45200,5885000000,5885000000,2755945500,400,0,0,0,0
2022-03-25,CAMP,Campina Ice Cream Industry Tbk.,--M-1135000000D221------------,262.0,0.0,266.0,260.0,266.0,4.0,1265900,335092600,263,80.6,268,83100,264,32600,5885000000,5885000000,2755945500,6900,0,0,0,0
2022-03-24,CAMP,Campina Ice Cream Industry Tbk.,--M-1135000000D221------------,258.0,0.0,266.0,252.0,262.0,4.0,1803400,466366200,305,79.4,264,84500,262,62700,5885000000,5885000000,2755945500,100,0,0,0,0
2022-03-23,CAMP,Campina Ice Cream Industry Tbk.,--M-1135000000D221------------,256.0,0.0,260.0,258.0,258.0,2.0,547700,142197000,153,78.2,260,43200,258,107900,5885000000,5885000000,2755945500,100,0,0,0,0
2022-03-22,CAMP,Campina Ice Cream Industry Tbk.,--M-1135000000D221------------,258.0,0.0,260.0,252.0,256.0,-2.0,692600,176695800,190,77.6,258,207000,256,127000,5885000000,5885000000,2755945500,600,0,0,0,0
2022-03-21,CAMP,Campina Ice Cream Industry Tbk.,--M-1135000000D221------------,256.0,0.0,260.0,256.0,258.0,2.0,388800,100551800,144,78.2,258,62500,256,123900,5885000000,5885000000,2755945500,0,0,0,0,0
2022-03-18,CAMP,Campina Ice Cream Industry Tbk.,--M-1135000000D221------------,252.0,0.0,260.0,254.0,256.0,4.0,316100,81069800,168,77.6,258,57500,254,186500,5885000000,5885000000,2755945500,4400,0,0,0,0
2022-03-17,CAMP,Campina Ice Cream Industry Tbk.,--M-1135000000D221------------,256.0,0.0,260.0,250.0,252.0,-4.0,852500,218059600,214,76.4,256,71100,252,173900,5885000000,5885000000,2755945500,3300,6800,0,0,0
2022-03-16,CAMP,Campina Ice Cream Industry Tbk.,--M-1135000000D221------------,256.0,0.0,260.0,250.0,256.0,0.0,736300,187189400,212,77.6,258,132700,256,107600,5885000000,5885000000,2755945500,0,0,0,0,0
2022-03-15,CAMP,Campina Ice Cream Industry Tbk.,--M-1135000000D221------------,260.0,0.0,262.0,248.0,256.0,-4.0,996000,253617600,278,77.6,260,41900,256,130900,5885000000,5885000000,2755945500,0,300,0,0,0
2022-03-14,CAMP,Campina Ice Cream Industry Tbk.,--M-1135000000D221------------,258.0,0.0,264.0,250.0,260.0,2.0,656000,169085000,283,78.8,260,299000,258,150400,5885000000,5885000000,2755945500,0,4100,0,0,0
2022-03-11,CAMP,Campina Ice Cream Industry Tbk.,--M-1135000000D221------------,266.0,0.0,276.0,248.0,258.0,-8.0,4871300,1242631400,949,78.2,260,17500,258,106200,5885000000,5885000000,2755945500,3100,0,0,0,0
2022-03-10,CAMP,Campina Ice Cream Industry Tbk.,--M-1135000000D221------------,268.0,0.0,270.0,264.0,266.0,-2.0,216800,57955000,129,80.6,268,98000,266,287800,5885000000,5885000000,2755945500,900,0,0,0,0
2022-03-09,CAMP,Campina Ice Cream Industry Tbk.,--M-1135000000D221------------,264.0,0.0,272.0,262.0,268.0,4.0,329800,88101000,143,81.2,268,2900,266,4200,5885000000,5885000000,2755945500,0,400,0,0,0
2022-03-08,CAMP,Campina Ice Cream Industry Tbk.,--M-1135000000D221------------,264.0,0.0,272.0,260.0,264.0,0.0,374200,99192600,180,80.0,266,20400,264,15700,5885000000,5885000000,2755945500,0,100,0,0,0
2022-03-07,CAMP,Campina Ice Cream Industry Tbk.,--M-1135000000D221------------,270.0,0.0,270.0,260.0,264.0,-6.0,1089300,286759400,264,80.0,266,18400,264,97500,5885000000,5885000000,2755945500,0,0,0,0,0
2022-03-04,CAMP,Campina Ice Cream Industry Tbk.,--M-1135000000D221------------,270.0,0.0,274.0,268.0,270.0,0.0,408400,110833600,148,81.8,270,267000,268,36200,5885000000,5885000000,2755945500,0,0,0,0,0
2022-03-02,CAMP,Campina Ice Cream Industry Tbk.,--M-1135000000D221------------,268.0,0.0,272.0,268.0,270.0,2.0,314000,84662000,138,81.8,270,141300,268,171100,5885000000,5885000000,2755945500,0,1200,0,0,0
2022-03-01,CAMP,Campina Ice Cream Industry Tbk.,--M-1135000000D221------------,270.0,0.0,272.0,260.0,268.0,-2.0,1018600,273540600,316,81.2,268,4800,266,53800,5885000000,5885000000,2755945500,0,2400,0,0,0
2022-02-25,CAMP,Campina Ice Cream Industry Tbk.,--M-1135000000D221------------,274.0,0.0,276.0,268.0,270.0,-4.0,1180200,320993000,271,81.8,272,111500,270,184700,5885000000,5885000000,2755945500,0,2600,0,0,0
2022-02-24,CAMP,Campina Ice Cream Industry Tbk.,--M-1135000000D221------------,278.0,0.0,278.0,272.0,274.0,-4.0,880100,241440000,280,83.0,274,131600,272,339000,5885000000,5885000000,2755945500,0,300,0,0,0
2022-02-23,CAMP,Campina Ice Cream Industry Tbk.,--M-1135000000D221------------,278.0,0.0,278.0,276.0,278.0,0.0,117600,32646000,89,84.2,278,334000,276,493100,5885000000,5885000000,2755945500,0,400,0,0,0
2022-02-22,CAMP,Campina Ice Cream Industry Tbk.,--M-1135000000D221------------,276.0,0.0,280.0,276.0,278.0,2.0,484600,134817000,130,84.2,278,39000,276,215300,5885000000,5885000000,2755945500,0,0,0,0,0
2022-02-21,CAMP,Campina Ice Cream Industry Tbk.,--M-1135000000D221------------,278.0,0.0,282.0,274.0,276.0,-2.0,1219400,337687600,260,83.6,278,90900,276,513800,5885000000,5885000000,2755945500,0,0,0,0,0
2022-02-18,CAMP,Campina Ice Cream Industry Tbk.,--M-1135000000D221------------,280.0,0.0,280.0,276.0,278.0,-2.0,421800,117281600,173,84.2,280,267800,278,386400,5885000000,5885000000,2755945500,0,0,0,0,0
2022-02-17,CAMP,Campina Ice Cream Industry Tbk.,--M-1135000000D221------------,280.0,0.0,282.0,276.0,280.0,0.0,625100,173996800,189,84.8,282,66700,280,2200,5885000000,5885000000,2755945500,0,0,0,0,0
2022-02-16,CAMP,Campina Ice Cream Industry Tbk.,--M-1135000000D221------------,278.0,0.0,284.0,276.0,280.0,2.0,772500,215802600,270,84.8,280,163300,276,41900,5885000000,5885000000,2755945500,0,0,0,0,0
2022-02-15,CAMP,Campina Ice Cream Industry Tbk.,--M-1135000000D221------------,280.0,0.0,280.0,276.0,278.0,-2.0,169000,46959000,126,84.2,280,217700,278,1400,5885000000,5885000000,2755945500,0,0,0,0,0
2022-02-14,CAMP,Campina Ice Cream Industry Tbk.,--M-1135000000D221------------,280.0,0.0,282.0,278.0,280.0,0.0,335700,93935800,157,84.8,282,89800,280,50000,5885000000,5885000000,2755945500,0,0,0,0,0
2022-02-11,CAMP,Campina Ice Cream Industry Tbk.,--M-1135000000D221------------,280.0,0.0,282.0,278.0,280.0,0.0,138800,38900800,103,84.8,280,19200,278,213400,5885000000,5885000000,2755945500,0,0,0,0,0
2022-02-10,CAMP,Campina Ice Cream Industry Tbk.,--M-1135000000D221------------,280.0,0.0,282.0,276.0,280.0,0.0,412500,115083200,157,84.8,282,87300,280,8500,5885000000,5885000000,2755945500,0,0,0,0,0
2022-02-09,CAMP,Campina Ice Cream Industry Tbk.,--M-1135000000D221------------,278.0,0.0,280.0,278.0,280.0,2.0,407700,113568000,123,84.8,280,68700,278,168500,5885000000,5885000000,2755945500,0,0,0,0,0
2022-02-08,CAMP,Campina Ice Cream Industry Tbk.,--M-1135000000D221------------,278.0,0.0,280.0,276.0,278.0,0.0,875200,243098400,211,84.2,280,84500,278,125400,5885000000,5885000000,2755945500,0,0,0,0,0
2022-02-07,CAMP,Campina Ice Cream Industry Tbk.,--M-1135000000D221------------,280.0,0.0,286.0,276.0,278.0,-2.0,665400,185615200,265,84.2,280,12000,278,52700,5885000000,5885000000,2755945500,0,0,0,0,0
2022-02-04,CAMP,Campina Ice Cream Industry Tbk.,--M-1135000000D221------------,278.0,0.0,280.0,276.0,280.0,2.0,245100,67946200,152,84.8,280,139400,278,109100,5885000000,5885000000,2755945500,0,0,0,0,0
2022-02-03,CAMP,Campina Ice Cream Industry Tbk.,--M-1135000000D221------------,280.0,0.0,280.0,276.0,278.0,-2.0,121600,33834000,137,84.2,280,19600,278,20800,5885000000,5885000000,2755945500,800,0,0,0,0
2022-02-02,CAMP,Campina Ice Cream Industry Tbk.,--M-1135000000D221------------,278.0,0.0,282.0,278.0,280.0,2.0,195300,54631400,159,84.8,280,183100,278,87000,5885000000,5885000000,2755945500,700,0,0,0,0
2022-01-31,CAMP,Campina Ice Cream Industry Tbk.,--M-1135000000D221------------,278.0,0.0,280.0,276.0,278.0,0.0,235100,65228600,148,84.2,280,188000,278,31400,5885000000,5885000000,2755945500,0,0,0,0,0
2022-01-28,CAMP,Campina Ice Cream Industry Tbk.,--M-1135000000D221------------,278.0,0.0,280.0,274.0,278.0,0.0,501000,138462200,219,84.2,280,129900,278,100,5885000000,5885000000,2755945500,600,0,0,0,0
2022-01-27,CAMP,Campina Ice Cream Industry Tbk.,--M-1135000000D221------------,278.0,0.0,280.0,278.0,278.0,0.0,323200,89916400,121,84.2,280,156400,278,5300,5885000000,5885000000,2755945500,0,0,0,0,0
2022-01-26,CAMP,Campina Ice Cream Industry Tbk.,--M-1135000000D221------------,280.0,0.0,282.0,274.0,278.0,-2.0,384900,106801600,166,84.2,280,20400,278,2100,5885000000,5885000000,2755945500,0,0,0,0,0
2022-01-25,CAMP,Campina Ice Cream Industry Tbk.,--M-1135000000D221------------,282.0,0.0,282.0,278.0,280.0,-2.0,583800,163503400,173,84.8,280,2100,278,117300,5885000000,5885000000,2755945500,0,0,0,0,0
2022-01-24,CAMP,Campina Ice Cream Industry Tbk.,--M-1135000000D221------------,280.0,0.0,284.0,280.0,282.0,2.0,378800,106897000,140,85.5,282,5000,280,135100,5885000000,5885000000,2755945500,0,0,0,0,0
2022-01-21,CAMP,Campina Ice Cream Industry Tbk.,--M-1135000000D221------------,280.0,0.0,288.0,280.0,280.0,0.0,376600,105920200,174,84.8,282,4500,280,76000,5885000000,5885000000,2755945500,1800,0,0,0,0
2022-01-20,CAMP,Campina Ice Cream Industry Tbk.,--M-1135000000D221------------,278.0,0.0,280.0,276.0,280.0,2.0,212200,59114200,125,84.8,280,19500,278,294600,5885000000,5885000000,2755945500,0,0,0,0,0
2022-01-19,CAMP,Campina Ice Cream Industry Tbk.,--M-1135000000D221------------,278.0,0.0,282.0,274.0,278.0,0.0,355200,98750600,180,84.2,278,28000,276,88000,5885000000,5885000000,2755945500,0,0,0,0,0
2022-01-18,CAMP,Campina Ice Cream Industry Tbk.,--M-1135000000D221------------,286.0,0.0,288.0,272.0,278.0,-8.0,1176000,329031600,377,84.2,280,2000,278,141600,5885000000,5885000000,2755945500,8700,0,0,0,0
2022-01-17,CAMP,Campina Ice Cream Industry Tbk.,--M-1135000000D221------------,286.0,0.0,288.0,286.0,286.0,0.0,245200,70269400,155,86.7,288,22000,286,20000,5885000000,5885000000,2755945500,0,0,0,0,0
2022-01-14,CAMP,Campina Ice Cream Industry Tbk.,--M-1135000000D221------------,288.0,0.0,290.0,286.0,286.0,-2.0,258200,74032200,127,86.7,288,94000,286,18700,5885000000,5885000000,2755945500,600,0,0,0,0
2022-01-13,CAMP,Campina Ice Cream Industry Tbk.,--M-1135000000D221------------,286.0,0.0,290.0,286.0,288.0,2.0,248900,71847200,144,87.3,288,16300,286,161000,5885000000,5885000000,2755945500,100,0,0,0,0
2022-01-12,CAMP,Campina Ice Cream Industry Tbk.,--M-1135000000D221------------,288.0,0.0,290.0,286.0,286.0,-2.0,395600,113372000,181,86.7,288,900,286,400,5885000000,5885000000,2755945500,1200,0,0,0,0
2022-01-11,CAMP,Campina Ice Cream Industry Tbk.,--M-1135000000D221------------,288.0,0.0,290.0,286.0,288.0,0.0,206000,59143800,153,87.3,288,29600,286,243900,5885000000,5885000000,2755945500,0,0,0,0,0
2022-01-10,CAMP,Campina Ice Cream Industry Tbk.,--M-1135000000D221------------,290.0,0.0,292.0,288.0,288.0,-2.0,909200,263141400,241,87.3,290,16200,288,73700,5885000000,5885000000,2755945500,700,0,0,0,0
2022-01-07,CAMP,Campina Ice Cream Industry Tbk.,--M-1135000000D221------------,286.0,0.0,292.0,286.0,290.0,4.0,654300,189269400,220,87.9,292,79600,290,300,5885000000,5885000000,2755945500,900,0,0,0,0
2022-01-06,CAMP,Campina Ice Cream Industry Tbk.,--M-1135000000D221------------,292.0,0.0,292.0,286.0,286.0,-6.0,713200,204870000,233,86.7,288,93900,286,117900,5885000000,5885000000,2755945500,0,0,0,0,0
2022-01-05,CAMP,Campina Ice Cream Industry Tbk.,--M-1135000000D221------------,292.0,0.0,294.0,290.0,292.0,0.0,729100,212441600,192,88.5,294,443000,292,1900,5885000000,5885000000,2755945500,800,0,0,0,0
2022-01-04,CAMP,Campina Ice Cream Industry Tbk.,--M-1135000000D221------------,290.0,0.0,294.0,290.0,292.0,2.0,314000,91506000,156,88.5,292,79700,290,248600,5885000000,5885000000,2755945500,2900,0,0,0,0
2022-01-03,CAMP,Campina Ice Cream Industry Tbk.,--M-1135000000D221------------,290.0,0.0,292.0,288.0,290.0,0.0,160900,46657200,169,87.9,292,79700,290,14800,5885000000,5885000000,2755945500,300,0,0,0,0
2021-12-30,CAMP,Campina Ice Cream Industry Tbk.,--M-1135000000D221------------,290.0,0.0,294.0,286.0,290.0,0.0,1559000,451980000,263,87.9,292,5100,290,40700,5885000000,5885000000,4301346500,20000,0,0,0,0
2021-12-29,CAMP,Campina Ice Cream Industry Tbk.,--M-1135000000D221------------,288.0,0.0,290.0,286.0,290.0,2.0,310400,89660200,175,87.9,290,243600,288,50000,5885000000,5885000000,4301346500,2300,0,0,0,0
2021-12-28,CAMP,Campina Ice Cream Industry Tbk.,--M-1135000000D221------------,286.0,0.0,290.0,286.0,288.0,2.0,397800,114383200,178,87.3,290,782800,288,79000,5885000000,5885000000,4301346500,1700,0,0,0,0
2021-12-27,CAMP,Campina Ice Cream Industry Tbk.,--M-1135000000D221------------,286.0,0.0,290.0,284.0,286.0,0.0,1106300,316488600,214,86.7,288,266500,286,27400,5885000000,5885000000,4301346500,10700,12100,0,0,0
2021-12-24,CAMP,Campina Ice Cream Industry Tbk.,--M-1135000000D221------------,288.0,0.0,292.0,286.0,286.0,-2.0,348800,100346600,187,86.7,288,2600,286,75100,5885000000,5885000000,4301346500,1000,8800,0,0,0
2021-12-23,CAMP,Campina Ice Cream Industry Tbk.,--M-1135000000D221------------,286.0,0.0,290.0,286.0,288.0,2.0,187000,54051800,138,87.3,290,309300,288,19100,5885000000,5885000000,4301346500,900,0,0,0,0
2021-12-22,CAMP,Campina Ice Cream Industry Tbk.,--M-1135000000D221------------,290.0,0.0,292.0,284.0,286.0,-4.0,476600,137281400,199,86.7,288,200,286,56700,5885000000,5885000000,4301346500,6500,0,0,0,0
2021-12-21,CAMP,Campina Ice Cream Industry Tbk.,--M-1135000000D221------------,290.0,0.0,294.0,280.0,290.0,0.0,1856500,530192600,373,87.9,290,102800,288,33300,5885000000,5885000000,4301346500,10100,0,0,0,0
2021-12-20,CAMP,Campina Ice Cream Industry Tbk.,--M-1135000000D221------------,292.0,0.0,294.0,290.0,290.0,-2.0,582700,169739600,227,87.9,294,446100,290,132600,5885000000,5885000000,4301346500,2800,0,0,0,0
2021-12-17,CAMP,Campina Ice Cream Industry Tbk.,--M-1135000000D221------------,290.0,0.0,294.0,290.0,292.0,2.0,514400,150410200,171,88.5,294,284100,292,25200,5885000000,5885000000,4301346500,5300,68800,0,0,0
2021-12-16,CAMP,Campina Ice Cream Industry Tbk.,--M-1135000000D221------------,294.0,0.0,296.0,290.0,290.0,-4.0,674600,197325400,265,87.9,292,39300,290,58400,5885000000,5885000000,4301346500,2600,0,0,0,0
2021-12-15,CAMP,Campina Ice Cream Industry Tbk.,--M-1135000000D221------------,296.0,0.0,296.0,290.0,294.0,-2.0,1199700,351726000,296,89.1,296,81100,294,15300,5885000000,5885000000,4301346500,7200,0,0,0,0
2021-12-14,CAMP,Campina Ice Cream Industry Tbk.,--M-1135000000D221------------,290.0,0.0,296.0,290.0,296.0,6.0,957100,280537200,265,89.7,296,258700,294,22500,5885000000,5885000000,4301346500,0,0,0,0,0
2021-12-13,CAMP,Campina Ice Cream Industry Tbk.,--M-1135000000D221------------,290.0,0.0,306.0,290.0,290.0,0.0,3734500,1106837600,594,87.9,300,30400,290,200100,5885000000,5885000000,4301346500,0,75100,0,0,0
2021-12-10,CAMP,Campina Ice Cream Industry Tbk.,--M-1135000000D221------------,290.0,0.0,298.0,290.0,290.0,0.0,342200,100015600,182,87.9,294,20800,290,322200,5885000000,5885000000,4301346500,0,0,0,0,0
2021-12-09,CAMP,Campina Ice Cream Industry Tbk.,--M-1135000000D221------------,296.0,0.0,304.0,280.0,290.0,-6.0,1159200,340881400,289,87.9,294,73800,290,142000,5885000000,5885000000,4301346500,0,0,0,0,0
2021-12-08,CAMP,Campina Ice Cream Industry Tbk.,--M-1135000000D221------------,294.0,0.0,306.0,286.0,296.0,2.0,1274600,382097200,359,89.7,300,80600,296,93800,5885000000,5885000000,4301346500,0,0,0,0,0
2021-12-07,CAMP,Campina Ice Cream Industry Tbk.,--M-1135000000D221------------,296.0,0.0,298.0,292.0,294.0,-2.0,992500,291916200,205,89.1,296,78400,294,130900,5885000000,5885000000,4301346500,0,0,0,0,0
2021-12-06,CAMP,Campina Ice Cream Industry Tbk.,--M-1135000000D221------------,294.0,0.0,298.0,292.0,296.0,2.0,524500,154577400,179,89.7,298,28700,296,40000,5885000000,5885000000,4301346500,0,0,0,0,0
2021-12-03,CAMP,Campina Ice Cream Industry Tbk.,--M-1135000000D221------------,292.0,0.0,298.0,292.0,294.0,2.0,628400,185052200,152,89.1,296,10000,294,38900,5885000000,5885000000,4301346500,0,0,0,0,0
2021-12-02,CAMP,Campina Ice Cream Industry Tbk.,--M-1135000000D221------------,290.0,0.0,294.0,286.0,292.0,2.0,625300,181537600,200,88.5,294,291700,292,120800,5885000000,5885000000,4301346500,0,0,0,0,0
2021-12-01,CAMP,Campina Ice Cream Industry Tbk.,--M-1135000000D221------------,290.0,0.0,296.0,290.0,290.0,0.0,1321600,384420200,219,87.9,292,81500,288,52300,5885000000,5885000000,4301346500,0,0,0,0,0
2021-11-30,CAMP,Campina Ice Cream Industry Tbk.,--M-1135000000D221------------,292.0,0.0,296.0,290.0,290.0,-2.0,1139500,332093200,287,87.9,292,150600,290,111500,5885000000,5885000000,4301346500,0,0,0,0,0
2021-11-29,CAMP,Campina Ice Cream Industry Tbk.,--M-1135000000D221------------,294.0,0.0,298.0,292.0,292.0,-2.0,989600,289803200,352,88.5,294,224500,292,130300,5885000000,5885000000,4301346500,0,0,0,0,0
2021-11-26,CAMP,Campina Ice Cream Industry Tbk.,--M-1135000000D221------------,298.0,0.0,302.0,294.0,294.0,-4.0,1633800,486167200,334,89.1,296,2800,294,195900,5885000000,5885000000,4301346500,0,0,0,0,0
2021-11-25,CAMP,Campina Ice Cream Industry Tbk.,--M-1135000000D221------------,302.0,0.0,306.0,298.0,298.0,-4.0,793000,237502800,268,90.3,300,87400,298,233200,5885000000,5885000000,4301346500,0,0,0,0,0
2021-11-24,CAMP,Campina Ice Cream Industry Tbk.,--M-1135000000D221------------,298.0,0.0,304.0,296.0,302.0,4.0,539300,162106000,198,91.5,302,195900,300,117100,5885000000,5885000000,4301346500,0,0,0,0,0
2021-11-23,CAMP,Campina Ice Cream Industry Tbk.,--M-1135000000D221------------,300.0,0.0,302.0,296.0,298.0,-2.0,1499000,446757400,381,90.3,300,107400,298,18800,5885000000,5885000000,4301346500,0,0,0,0,0
2021-11-22,CAMP,Campina Ice Cream Industry Tbk.,--M-1135000000D221------------,302.0,0.0,306.0,298.0,300.0,-2.0,4432100,1328097800,564,90.9,302,234800,300,10600,5885000000,5885000000,4301346500,0,0,0,0,0
2021-11-19,CAMP,Campina Ice Cream Industry Tbk.,--M-1135000000D221------------,304.0,0.0,308.0,300.0,302.0,-2.0,2398000,723528200,481,91.5,304,138600,302,377700,5885000000,5885000000,4301346500,0,0,0,0,0
2021-11-18,CAMP,Campina Ice Cream Industry Tbk.,--M-1135000000D221------------,306.0,0.0,308.0,302.0,304.0,-2.0,469500,143179200,172,92.1,306,6600,304,133500,5885000000,5885000000,4301346500,0,0,0,0,0
2021-11-17,CAMP,Campina Ice Cream Industry Tbk.,--M-1135000000D221------------,308.0,0.0,310.0,290.0,306.0,-2.0,748700,229550200,279,92.7,308,155100,306,266900,5885000000,5885000000,4301346500,0,0,0,0,0
2021-11-16,CAMP,Campina Ice Cream Industry Tbk.,--M-1135000000D221------------,306.0,0.0,310.0,304.0,308.0,2.0,833100,255671200,287,93.3,308,58000,306,155700,5885000000,5885000000,4301346500,0,0,0,0,0
2021-11-15,CAMP,Campina Ice Cream Industry Tbk.,--M-1135000000D221------------,310.0,0.0,314.0,304.0,306.0,-4.0,1746600,537158200,429,92.7,308,38900,306,262300,5885000000,5885000000,4301346500,0,0,0,0,0
2021-11-12,CAMP,Campina Ice Cream Industry Tbk.,--M-1135000000D221------------,304.0,0.0,316.0,302.0,310.0,6.0,4082900,1264591400,807,93.9,312,37700,310,435900,5885000000,5885000000,4301346500,5500,1500000,0,0,0
2021-11-11,CAMP,Campina Ice Cream Industry Tbk.,--M-1135000000D221------------,302.0,0.0,308.0,288.0,304.0,2.0,1418200,429495200,328,92.1,304,63000,302,80400,5885000000,5885000000,4301346500,0,500000,0,0,0
2021-11-10,CAMP,Campina Ice Cream Industry Tbk.,--M-1135000000D221------------,302.0,0.0,304.0,300.0,302.0,0.0,1490400,448830600,359,91.5,304,147200,302,107800,5885000000,5885000000,4301346500,0,0,0,0,0
2021-11-09,CAMP,Campina Ice Cream Industry Tbk.,--M-1135000000D221------------,304.0,0.0,310.0,300.0,302.0,-2.0,1452600,440710600,428,91.5,304,44200,302,8200,5885000000,5885000000,4301346500,0,30000,0,0,0
2021-11-08,CAMP,Campina Ice Cream Industry Tbk.,--M-1135000000D221------------,304.0,0.0,310.0,288.0,304.0,0.0,1025300,310678000,372,92.1,306,20000,304,3400,5885000000,5885000000,4301346500,0,0,0,0,0
2021-11-05,CAMP,Campina Ice Cream Industry Tbk.,--M-1135000000D221------------,308.0,0.0,316.0,304.0,304.0,-4.0,924100,283345600,420,92.1,306,261600,304,106900,5885000000,5885000000,4301346500,0,0,0,0,0
2021-11-04,CAMP,Campina Ice Cream Industry Tbk.,--M-1135000000D221------------,308.0,0.0,318.0,302.0,308.0,0.0,3623300,1125983400,862,93.3,308,47200,306,27300,5885000000,5885000000,4301346500,303500,300000,0,0,0
2021-11-03,CAMP,Campina Ice Cream Industry Tbk.,--M-1135000000D221------------,306.0,0.0,312.0,288.0,308.0,2.0,2251300,689344000,539,93.3,308,223100,306,24100,5885000000,5885000000,4301346500,400,0,0,0,0
2021-11-02,CAMP,Campina Ice Cream Industry Tbk.,--M-1135000000D221------------,302.0,0.0,312.0,302.0,306.0,4.0,3994000,1230100000,943,92.7,308,168300,306,775200,5885000000,5885000000,4301346500,4000,0,0,0,0
2021-11-01,CAMP,Campina Ice Cream Industry Tbk.,--M-1135000000D221------------,296.0,0.0,308.0,292.0,302.0,6.0,4566200,1378313600,813,91.5,304,34400,302,170500,5885000000,5885000000,4301346500,150000,150000,0,0,0
2021-10-29,CAMP,Campina Ice Cream Industry Tbk.,--M-1135000000D221------------,296.0,0.0,302.0,278.0,296.0,0.0,969900,288140400,265,89.7,298,13700,296,21500,5885000000,5885000000,4301346500,0,0,0,0,0
2021-10-28,CAMP,Campina Ice Cream Industry Tbk.,--M-1135000000D221------------,300.0,0.0,302.0,296.0,296.0,-4.0,698300,207987400,356,89.7,298,40200,296,52000,5885000000,5885000000,4301346500,3500,0,0,0,0
2021-10-27,CAMP,Campina Ice Cream Industry Tbk.,--M-1135000000D221------------,302.0,0.0,304.0,298.0,300.0,-2.0,822700,247431200,278,90.9,300,237200,298,193800,5885000000,5885000000,4301346500,0,0,0,0,0
2021-10-26,CAMP,Campina Ice Cream Industry Tbk.,--M-1135000000D221------------,304.0,0.0,304.0,302.0,302.0,-2.0,496200,149982200,186,91.5,304,285800,302,352500,5885000000,5885000000,4301346500,0,0,0,0,0
2021-10-25,CAMP,Campina Ice Cream Industry Tbk.,--M-1135000000D221------------,302.0,0.0,306.0,302.0,304.0,2.0,511100,154603800,188,92.1,304,218100,302,315200,5885000000,5885000000,4301346500,0,0,0,0,0
2021-10-22,CAMP,Campina Ice Cream Industry Tbk.,--M-1135000000D221------------,302.0,0.0,304.0,300.0,302.0,0.0,442800,133862200,211,91.5,304,238200,302,83700,5885000000,5885000000,4301346500,1100,2000,0,0,0
2021-10-21,CAMP,Campina Ice Cream Industry Tbk.,--M-1135000000D221------------,306.0,0.0,306.0,300.0,302.0,-4.0,806500,244333400,295,91.5,302,165800,300,350300,5885000000,5885000000,4301346500,0,0,0,0,0
2021-10-19,CAMP,Campina Ice Cream Industry Tbk.,--M-1135000000D221------------,306.0,0.0,310.0,300.0,306.0,0.0,1361600,416482800,503,92.7,306,392400,304,33500,5885000000,5885000000,4301346500,34300,2000,0,0,0
2021-10-18,CAMP,Campina Ice Cream Industry Tbk.,--M-1135000000D221------------,298.0,0.0,310.0,298.0,306.0,8.0,3358400,1025160200,940,92.7,306,18300,304,86100,5885000000,5885000000,4301346500,1400,20300,0,0,0
2021-10-15,CAMP,Campina Ice Cream Industry Tbk.,--M-1135000000D221------------,298.0,0.0,300.0,294.0,298.0,0.0,888100,263935000,352,90.3,298,57300,296,11800,5885000000,5885000000,4301346500,0,6900,0,0,0
2021-10-14,CAMP,Campina Ice Cream Industry Tbk.,--M-1135000000D221------------,296.0,0.0,300.0,284.0,298.0,2.0,1594300,470607400,477,90.3,298,292100,296,700,5885000000,5885000000,4301346500,0,13100,0,0,0
2021-10-13,CAMP,Campina Ice Cream Industry Tbk.,--M-1135000000D221------------,298.0,0.0,302.0,292.0,296.0,-2.0,933800,275769400,517,89.7,296,12300,294,7400,5885000000,5885000000,4301346500,0,0,0,0,0
2021-10-12,CAMP,Campina Ice Cream Industry Tbk.,--M-1135000000D221------------,302.0,0.0,306.0,298.0,298.0,-4.0,1355400,407483200,512,90.3,300,95100,298,212800,5885000000,5885000000,4301346500,0,11000,0,0,0
2021-10-11,CAMP,Campina Ice Cream Industry Tbk.,--M-1135000000D221------------,300.0,0.0,310.0,300.0,302.0,2.0,1853200,561122000,696,91.5,302,52700,300,224900,5885000000,5885000000,4301346500,0,0,0,0,0
2021-10-08,CAMP,Campina Ice Cream Industry Tbk.,--M-1135000000D221------------,300.0,0.0,314.0,284.0,300.0,0.0,4171200,1275136600,1039,90.9,302,23800,300,569700,5885000000,5885000000,4301346500,0,400,0,0,0
2021-10-07,CAMP,Campina Ice Cream Industry Tbk.,--M-1135000000D221------------,296.0,0.0,306.0,294.0,300.0,4.0,1436900,431504600,482,90.9,302,118800,300,133300,5885000000,5885000000,4301346500,0,0,0,0,0
2021-10-06,CAMP,Campina Ice Cream Industry Tbk.,--M-1135000000D221------------,296.0,0.0,310.0,292.0,296.0,0.0,1546200,459358400,477,89.7,296,53100,294,71600,5885000000,5885000000,4301346500,9400,3300,0,0,0
2021-10-05,CAMP,Campina Ice Cream Industry Tbk.,--M-1135000000D221------------,296.0,0.0,300.0,280.0,296.0,0.0,1137100,334359200,379,89.7,298,138200,296,181200,5885000000,5885000000,4301346500,8100,0,0,0,0
2021-10-04,CAMP,Campina Ice Cream Industry Tbk.,--M-1135000000D221------------,290.0,0.0,298.0,278.0,296.0,6.0,1265400,370369200,642,89.7,298,51900,296,2044900,5885000000,5885000000,4301346500,13000,14600,0,0,0
2021-10-01,CAMP,Campina Ice Cream Industry Tbk.,--M-1135000000D221------------,292.0,0.0,296.0,276.0,290.0,-2.0,805800,234836800,338,87.9,292,25600,290,62000,5885000000,5885000000,4301346500,4400,0,0,0,0
2021-09-30,CAMP,Campina Ice Cream Industry Tbk.,--M-1135000000D221------------,290.0,0.0,296.0,270.0,292.0,2.0,1280600,374950600,473,88.5,294,88400,292,71100,5885000000,5885000000,5885000000,24000,0,0,0,0
2021-09-29,CAMP,Campina Ice Cream Industry Tbk.,--M-1135000000D221------------,300.0,0.0,302.0,288.0,290.0,-10.0,3812300,1111648600,927,87.9,292,33500,290,12500,5885000000,5885000000,5885000000,14300,39200,0,0,0
2021-09-28,CAMP,Campina Ice Cream Industry Tbk.,--M-1135000000D221------------,316.0,0.0,316.0,298.0,300.0,-16.0,7082400,2162359000,1462,90.9,304,30400,300,125700,5885000000,5885000000,5885000000,600,0,0,0,0
2021-09-27,CAMP,Campina Ice Cream Industry Tbk.,--M-1135000000D221------------,318.0,0.0,320.0,302.0,316.0,-2.0,3081900,974534800,876,95.8,316,20300,314,274000,5885000000,5885000000,5885000000,600,0,0,0,0
2021-09-24,CAMP,Campina Ice Cream Industry Tbk.,--M-1135000000D221------------,322.0,0.0,344.0,318.0,318.0,-4.0,3471500,1114439000,819,96.4,320,18400,318,1292100,5885000000,5885000000,5885000000,600,10000,0,0,0
2021-09-23,CAMP,Campina Ice Cream Industry Tbk.,--M-1135000000D221------------,334.0,0.0,344.0,322.0,322.0,-12.0,22548700,7544163600,3996,97.6,324,34800,322,43500,5885000000,5885000000,5885000000,8100,7000,0,0,0
2021-09-22,CAMP,Campina Ice Cream Industry Tbk.,XDM-1135000000D221------------,318.0,0.0,334.0,320.0,334.0,16.0,8618600,2834623200,1318,101.2,336,139000,334,774300,5885000000,5885000000,5885000000,600,0,0,0,0
2021-09-21,CAMP,Campina Ice Cream Industry Tbk.,XDM-1135000000D221------------,320.0,0.0,320.0,316.0,318.0,-2.0,1216000,386567000,330,96.4,320,138800,318,91300,5885000000,5885000000,5885000000,0,119300,0,0,0
2021-09-20,CAMP,Campina Ice Cream Industry Tbk.,XDM-1135000000D221------------,322.0,0.0,324.0,318.0,320.0,-2.0,2369600,757008800,564,97.0,322,126600,320,16100,5885000000,5885000000,5885000000,2100,334600,0,0,0
2021-09-17,CAMP,Campina Ice Cream Industry Tbk.,XDM-1135000000D221------------,324.0,0.0,326.0,320.0,322.0,-2.0,2436000,786115600,446,97.6,324,149300,322,284500,5885000000,5885000000,5885000000,43200,414900,0,0,0
2021-09-16,CAMP,Campina Ice Cream Industry Tbk.,XDM-1135000000D221------------,318.0,0.0,324.0,318.0,324.0,6.0,2403500,772151600,547,98.2,324,90800,322,22000,5885000000,5885000000,5885000000,15100,666000,0,0,0
2021-09-15,CAMP,Campina Ice Cream Industry Tbk.,XDM-1135000000D221------------,322.0,0.0,334.0,318.0,318.0,-4.0,11390100,3703331600,1885,96.4,320,92400,318,125900,5885000000,5885000000,5885000000,63500,47900,0,0,0
2021-09-14,CAMP,Campina Ice Cream Industry Tbk.,XDM-1135000000D221------------,322.0,0.0,326.0,320.0,322.0,0.0,1660100,535773400,449,97.6,322,212800,320,239500,5885000000,5885000000,5885000000,0,47500,0,0,0
2021-09-13,CAMP,Campina Ice Cream Industry Tbk.,XDM-1135000000D221------------,320.0,0.0,330.0,320.0,322.0,2.0,2052300,660861000,527,97.6,322,50800,320,347600,5885000000,5885000000,5885000000,0,0,0,0,0
2021-09-10,CAMP,Campina Ice Cream Industry Tbk.,XDM-1135000000D221------------,318.0,0.0,330.0,316.0,320.0,2.0,4322000,1395545000,893,97.0,322,8200,320,437600,5885000000,5885000000,5885000000,0,0,0,0,0
2021-09-09,CAMP,Campina Ice Cream Industry Tbk.,XDM-1135000000D221------------,326.0,0.0,330.0,318.0,318.0,-8.0,6383800,2049184200,1209,96.4,318,17400,316,303900,5885000000,5885000000,5885000000,0,0,0,0,0
2021-09-08,CAMP,Campina Ice Cream Industry Tbk.,XDM-1135000000D221------------,330.0,0.0,342.0,324.0,326.0,-4.0,14782800,4946822400,1865,98.8,328,285400,326,4100,5885000000,5885000000,5885000000,2000,0,0,0,0
2021-09-07,CAMP,Campina Ice Cream Industry Tbk.,XDM-1135000000D221------------,330.0,0.0,346.0,320.0,330.0,0.0,10621600,3553862600,1985,100.0,330,250100,328,28100,5885000000,5885000000,5885000000,2000,0,0,0,0
2021-09-06,CAMP,Campina Ice Cream Industry Tbk.,XDM-1135000000D221------------,326.0,0.0,344.0,326.0,330.0,4.0,8026700,2689062200,1236,100.0,332,37700,330,51600,5885000000,5885000000,5885000000,0,0,0,0,0
2021-09-03,CAMP,Campina Ice Cream Industry Tbk.,XDM-1135000000D221------------,332.0,0.0,334.0,326.0,326.0,-6.0,2440000,803802400,558,98.8,330,19900,326,122000,5885000000,5885000000,5885000000,0,13700,0,0,0
2021-09-02,CAMP,Campina Ice Cream Industry Tbk.,XDM-1135000000D221------------,330.0,0.0,334.0,326.0,332.0,2.0,2432500,804588800,731,100.6,334,167600,332,69200,5885000000,5885000000,5885000000,0,0,0,0,0
2021-09-01,CAMP,Campina Ice Cream Industry Tbk.,XDM-1135000000D221------------,334.0,0.0,342.0,330.0,330.0,-4.0,5752400,1923978400,1416,100.0,332,43300,330,196900,5885000000,5885000000,5885000000,0,0,0,0,0
2021-08-31,CAMP,Campina Ice Cream Industry Tbk.,XDM-1135000000D221------------,326.0,0.0,342.0,322.0,334.0,8.0,13078400,4389553800,3122,101.2,336,413900,334,9400,5885000000,5885000000,5885000000,2000,896500,0,0,0
2021-08-30,CAMP,Campina Ice Cream Industry Tbk.,XDM-1135000000D221------------,318.0,0.0,350.0,316.0,326.0,8.0,28796800,9705430200,3943,98.8,328,64900,326,77300,5885000000,5885000000,5885000000,0,20000,0,0,0
2021-08-27,CAMP,Campina Ice Cream Industry Tbk.,XDM-1135000000D221------------,324.0,0.0,332.0,314.0,318.0,-6.0,4338700,1395665400,1327,96.4,320,276400,318,43000,5885000000,5885000000,5885000000,0,0,0,0,0
2021-08-26,CAMP,Campina Ice Cream Industry Tbk.,XDM-1135000000D221------------,334.0,0.0,338.0,318.0,324.0,-10.0,2961900,973342600,874,98.2,326,12200,324,183100,5885000000,5885000000,5885000000,0,0,0,0,0
2021-08-25,CAMP,Campina Ice Cream Industry Tbk.,--M-1135000000D221------------,322.0,0.0,358.0,318.0,334.0,12.0,41292700,14174363400,5128,101.2,336,69600,334,117300,5885000000,5885000000,5885000000,0,0,0,0,0
2021-08-24,CAMP,Campina Ice Cream Industry Tbk.,--M-1135000000D221------------,322.0,0.0,332.0,316.0,322.0,0.0,7163200,2314750600,1869,97.6,324,42000,322,10000,5885000000,5885000000,5885000000,0,399900,0,0,0
2021-08-23,CAMP,Campina Ice Cream Industry Tbk.,CDM-1135000000D221------------,340.0,0.0,340.0,320.0,322.0,-18.0,12763200,4169604200,2837,97.6,322,24400,320,516800,5885000000,5885000000,5885000000,0,30000,0,0,0
2021-08-20,CAMP,Campina Ice Cream Industry Tbk.,CDM-1135000000D221------------,356.0,0.0,376.0,332.0,340.0,-16.0,47960400,16947540800,7788,103.0,340,2356200,338,100700,5885000000,5885000000,5885000000,1020100,20000,0,0,0
2021-08-19,CAMP,Campina Ice Cream Industry Tbk.,CDM-1135000000D221------------,326.0,0.0,368.0,316.0,356.0,30.0,75363900,26071995200,11815,107.9,358,313600,356,5201400,5885000000,5885000000,5885000000,2743700,443800,0,0,0
2021-08-18,CAMP,Campina Ice Cream Industry Tbk.,--M-1135000000D221------------,318.0,0.0,338.0,310.0,326.0,8.0,18941300,6178620800,3642,98.8,328,4000,326,348200,5885000000,5885000000,5885000000,100000,769600,0,0,0
2021-08-16,CAMP,Campina Ice Cream Industry Tbk.,--M-1135000000D221------------,320.0,0.0,328.0,314.0,318.0,-2.0,3102900,986797800,774,96.4,318,153700,316,116300,5885000000,5885000000,5885000000,0,0,0,0,0
2021-08-13,CAMP,Campina Ice Cream Industry Tbk.,--M-1135000000D221------------,328.0,0.0,332.0,314.0,320.0,-8.0,6536000,2109003400,1306,97.0,322,211200,320,507100,5885000000,5885000000,5885000000,0,0,0,0,0
2021-08-12,CAMP,Campina Ice Cream Industry Tbk.,--M-1135000000D221------------,318.0,0.0,348.0,310.0,328.0,10.0,17516700,5822444400,3545,99.4,328,214000,326,74400,5885000000,5885000000,5885000000,0,30000,0,0,0
2021-08-10,CAMP,Campina Ice Cream Industry Tbk.,--M-1135000000D221------------,330.0,0.0,338.0,314.0,318.0,-12.0,8143600,2646936400,1649,96.4,318,41000,316,92900,5885000000,5885000000,5885000000,0,658600,0,0,0
2021-08-09,CAMP,Campina Ice Cream Industry Tbk.,--M-1135000000D221------------,320.0,0.0,330.0,302.0,330.0,10.0,10737100,3443253400,2128,100.0,332,26500,330,12887000,5885000000,5885000000,5885000000,0,15000,0,0,0
2021-08-06,CAMP,Campina Ice Cream Industry Tbk.,--M-1135000000D221------------,328.0,0.0,356.0,308.0,320.0,-8.0,53013900,17590494400,9327,97.0,320,437200,318,46700,5885000000,5885000000,5885000000,143900,28900,0,0,0
2021-08-05,CAMP,Campina Ice Cream Industry Tbk.,--M-1135000000D221------------,272.0,0.0,340.0,268.0,328.0,56.0,101614800,31484983400,13931,99.4,328,141500,326,363100,5885000000,5885000000,5885000000,1850500,500,0,0,0
2021-08-04,CAMP,Campina Ice Cream Industry Tbk.,--M-1135000000D221------------,268.0,0.0,274.0,266.0,272.0,4.0,4417500,1191998800,640,82.4,272,2260600,270,205700,5885000000,5885000000,5885000000,0,341400,0,0,0
2021-08-03,CAMP,Campina Ice Cream Industry Tbk.,--M-1135000000D221------------,266.0,0.0,282.0,264.0,268.0,2.0,17236800,4672061000,1585,81.2,268,1438600,266,150100,5885000000,5885000000,5885000000,0,238300,0,0,0
2021-08-02,CAMP,Campina Ice Cream Industry Tbk.,--M-1135000000D221------------,260.0,0.0,296.0,260.0,266.0,6.0,61110300,17159544200,7473,80.6,268,169900,266,370900,5885000000,5885000000,5885000000,283900,42800,0,0,0
2021-07-30,CAMP,Campina Ice Cream Industry Tbk.,--M-1135000000D221------------,252.0,0.0,270.0,250.0,260.0,8.0,14196800,3714637000,1560,78.8,262,117300,260,303100,5885000000,5885000000,5885000000,0,761700,0,0,0
2021-07-29,CAMP,Campina Ice Cream Industry Tbk.,--M-1135000000D221------------,252.0,0.0,254.0,250.0,252.0,0.0,2454200,619160600,295,76.4,254,129500,252,157700,5885000000,5885000000,5885000000,0,1000000,0,0,0
2021-07-28,CAMP,Campina Ice Cream Industry Tbk.,--M-1135000000D221------------,254.0,0.0,256.0,252.0,252.0,-2.0,1173200,296039200,300,76.4,254,98600,252,5110500,5885000000,5885000000,5885000000,0,0,0,0,0
2021-07-27,CAMP,Campina Ice Cream Industry Tbk.,--M-1135000000D221------------,254.0,0.0,256.0,250.0,254.0,0.0,3739800,943231400,437,77.0,256,211200,252,153700,5885000000,5885000000,5885000000,0,0,0,0,0
2021-07-26,CAMP,Campina Ice Cream Industry Tbk.,--M-1135000000D221------------,256.0,0.0,256.0,252.0,254.0,-2.0,876600,223058800,245,77.0,254,382000,252,416000,5885000000,5885000000,5885000000,0,0,0,0,0
2021-07-23,CAMP,Campina Ice Cream Industry Tbk.,--M-1135000000D221------------,256.0,0.0,258.0,252.0,256.0,0.0,2095900,532555200,318,77.6,256,372700,254,29500,5885000000,5885000000,5885000000,1900,0,0,0,0
2021-07-22,CAMP,Campina Ice Cream Industry Tbk.,--M-1135000000D221------------,262.0,0.0,270.0,252.0,256.0,-6.0,6136200,1590579400,1161,77.6,258,343800,254,263000,5885000000,5885000000,5885000000,2100,0,0,0,0
2021-07-21,CAMP,Campina Ice Cream Industry Tbk.,--M-1135000000D221------------,256.0,0.0,264.0,254.0,262.0,6.0,3397500,880776600,528,79.4,264,226600,262,694800,5885000000,5885000000,5885000000,3600,0,0,0,0
2021-07-19,CAMP,Campina Ice Cream Industry Tbk.,--M-1135000000D221------------,254.0,0.0,256.0,252.0,256.0,2.0,666700,169711200,196,77.6,256,174000,254,71400,5885000000,5885000000,5885000000,2100,0,0,0,0
2021-07-16,CAMP,Campina Ice Cream Industry Tbk.,--M-1135000000D221------------,254.0,0.0,256.0,252.0,254.0,0.0,727500,184954600,150,77.0,256,200200,254,59200,5885000000,5885000000,5885000000,1800,0,0,0,0
2021-07-15,CAMP,Campina Ice Cream Industry Tbk.,--M-1135000000D221------------,254.0,0.0,256.0,252.0,254.0,0.0,861500,218791600,208,77.0,254,59500,252,418700,5885000000,5885000000,5885000000,1900,0,0,0,0
2021-07-14,CAMP,Campina Ice Cream Industry Tbk.,--M-1135000000D221------------,254.0,0.0,258.0,250.0,254.0,0.0,1752200,443419400,337,77.0,254,18000,252,287200,5885000000,5885000000,5885000000,3200,0,0,0,0
2021-07-13,CAMP,Campina Ice Cream Industry Tbk.,--M-1135000000D221------------,258.0,0.0,260.0,254.0,254.0,-4.0,1519300,388864000,323,77.0,256,210100,254,505600,5885000000,5885000000,5885000000,0,0,0,0,0
2021-07-12,CAMP,Campina Ice Cream Industry Tbk.,--M-1135000000D221------------,258.0,0.0,268.0,254.0,258.0,0.0,5976800,1556765600,756,78.2,258,25900,256,378500,5885000000,5885000000,5885000000,0,0,0,0,0
2021-07-09,CAMP,Campina Ice Cream Industry Tbk.,--M-1135000000D221------------,262.0,0.0,268.0,254.0,258.0,-4.0,5115500,1323846600,850,78.2,260,61200,258,102300,5885000000,5885000000,5885000000,0,40000,0,0,0
2021-07-08,CAMP,Campina Ice Cream Industry Tbk.,--M-1135000000D221------------,256.0,0.0,276.0,256.0,262.0,6.0,9901400,2632723800,1774,79.4,264,172900,262,155500,5885000000,5885000000,5885000000,100000,140000,0,0,0
2021-07-07,CAMP,Campina Ice Cream Industry Tbk.,--M-1135000000D221------------,258.0,0.0,260.0,254.0,256.0,-2.0,1175800,302309800,248,77.6,258,54400,256,47700,5885000000,5885000000,5885000000,0,0,0,0,0
2021-07-06,CAMP,Campina Ice Cream Industry Tbk.,--M-1135000000D221------------,260.0,0.0,262.0,256.0,258.0,-2.0,867000,224259200,282,78.2,260,62000,258,632100,5885000000,5885000000,5885000000,0,0,0,0,0
2021-07-05,CAMP,Campina Ice Cream Industry Tbk.,--M-1135000000D221------------,258.0,0.0,264.0,256.0,260.0,2.0,1380700,358163000,317,78.8,260,188200,258,465800,5885000000,5885000000,5885000000,0,0,0,0,0
2021-07-02,CAMP,Campina Ice Cream Industry Tbk.,--M-1135000000D221------------,260.0,0.0,264.0,256.0,258.0,-2.0,1148200,296072400,361,78.2,260,188800,258,4300,5885000000,5885000000,5885000000,0,0,0,0,0
2021-07-01,CAMP,Campina Ice Cream Industry Tbk.,--M-1135000000D221------------,256.0,0.0,262.0,254.0,260.0,4.0,2415700,622996200,647,78.8,260,27100,258,108000,5885000000,5885000000,5885000000,0,0,0,0,0
2021-06-30,CAMP,Campina Ice Cream Industry Tbk.,--M-1135000000D221------------,262.0,0.0,266.0,250.0,256.0,-6.0,1418200,366467200,532,77.6,258,21600,256,221600,5885000000,5885000000,5885000000,0,0,0,0,0
2021-06-29,CAMP,Campina Ice Cream Industry Tbk.,--M-1135000000D221------------,258.0,0.0,262.0,250.0,262.0,4.0,1960500,506179400,553,79.4,262,149200,260,10600,5885000000,5885000000,5885000000,0,0,0,0,0
2021-06-28,CAMP,Campina Ice Cream Industry Tbk.,--M-1135000000D221------------,268.0,0.0,270.0,256.0,258.0,-10.0,4405700,1151765600,1125,78.2,260,3700,258,76100,5885000000,5885000000,5885000000,0,11100,0,0,0
2021-06-25,CAMP,Campina Ice Cream Industry Tbk.,--M-1135000000D221------------,288.0,0.0,300.0,268.0,268.0,-20.0,25923300,7246211600,4889,81.2,268,770300,0,0,5885000000,5885000000,5885000000,0,50000,0,0,0
2021-06-24,CAMP,Campina Ice Cream Industry Tbk.,--M-1135000000D221------------,256.0,0.0,288.0,254.0,288.0,32.0,19523400,5379595600,2957,87.3,290,661100,288,906500,5885000000,5885000000,5885000000,30300,112000,0,0,0
2021-06-23,CAMP,Campina Ice Cream Industry Tbk.,--M-1135000000D221------------,260.0,0.0,262.0,256.0,256.0,-4.0,2391400,614278800,349,77.6,258,20500,256,148500,5885000000,5885000000,5885000000,6700,0,0,0,0
2021-06-22,CAMP,Campina Ice Cream Industry Tbk.,--M-1135000000D221------------,262.0,0.0,266.0,254.0,260.0,-2.0,3942700,1027066000,549,78.8,262,139000,260,125300,5885000000,5885000000,5885000000,130800,11500,0,0,0
2021-06-21,CAMP,Campina Ice Cream Industry Tbk.,--M-1135000000D221------------,254.0,0.0,262.0,248.0,262.0,8.0,4714000,1202908600,730,79.4,262,311300,260,150600,5885000000,5885000000,5885000000,0,653300,0,0,0
2021-06-18,CAMP,Campina Ice Cream Industry Tbk.,--M-1135000000D221------------,254.0,0.0,258.0,250.0,254.0,0.0,1666800,421720200,342,77.0,254,461600,252,454000,5885000000,5885000000,5885000000,0,1058200,0,0,0
2021-06-17,CAMP,Campina Ice Cream Industry Tbk.,--M-1135000000D221------------,258.0,0.0,262.0,252.0,254.0,-4.0,1853900,475142400,424,77.0,254,245500,252,1387000,5885000000,5885000000,5885000000,0,220900,0,0,0
2021-06-16,CAMP,Campina Ice Cream Industry Tbk.,--M-1135000000D221------------,254.0,0.0,264.0,254.0,258.0,4.0,2594000,673360200,529,78.2,258,207800,256,126500,5885000000,5885000000,5885000000,0,253100,0,0,0
2021-06-15,CAMP,Campina Ice Cream Industry Tbk.,--M-1135000000D221------------,258.0,0.0,262.0,250.0,254.0,-4.0,2524700,641421600,753,77.0,256,140900,254,194900,5885000000,5885000000,5885000000,0,209400,0,0,0
2021-06-14,CAMP,Campina Ice Cream Industry Tbk.,--M-1135000000D221------------,274.0,0.0,274.0,256.0,258.0,-16.0,10439200,2732687200,1400,78.2,260,88000,258,378000,5885000000,5885000000,5885000000,0,600000,0,0,0
2021-06-11,CAMP,Campina Ice Cream Industry Tbk.,--M-1135000000D221------------,280.0,0.0,284.0,266.0,274.0,-6.0,5230000,1433117400,936,83.0,274,49300,272,14400,5885000000,5885000000,5885000000,0,554200,0,0,0
2021-06-10,CAMP,Campina Ice Cream Industry Tbk.,--M-1135000000D221------------,278.0,0.0,282.0,274.0,280.0,2.0,3269200,906876200,662,84.8,282,198800,280,291400,5885000000,5885000000,5885000000,0,53600,0,0,0
2021-06-09,CAMP,Campina Ice Cream Industry Tbk.,--M-1135000000D221------------,280.0,0.0,286.0,274.0,278.0,-2.0,3133400,871271400,671,84.2,278,147600,274,171800,5885000000,5885000000,5885000000,0,185700,0,0,0
2021-06-08,CAMP,Campina Ice Cream Industry Tbk.,--M-1135000000D221------------,276.0,0.0,286.0,270.0,280.0,4.0,4799800,1334465800,1015,84.8,280,90000,278,21000,5885000000,5885000000,5885000000,0,312600,0,0,0
2021-06-07,CAMP,Campina Ice Cream Industry Tbk.,--M-1135000000D221------------,288.0,0.0,298.0,274.0,276.0,-12.0,13140300,3761183400,2248,83.6,278,60000,276,1201600,5885000000,5885000000,5885000000,5000,5000,0,0,0
2021-06-04,CAMP,Campina Ice Cream Industry Tbk.,--M-1135000000D221------------,272.0,0.0,288.0,266.0,288.0,16.0,22550400,6363407600,3084,87.3,288,169200,286,473500,5885000000,5885000000,5885000000,1123400,400,0,0,0
2021-06-03,CAMP,Campina Ice Cream Industry Tbk.,--M-1135000000D221------------,272.0,0.0,278.0,262.0,272.0,0.0,5518800,1497983200,1301,82.4,272,448500,270,45000,5885000000,5885000000,5885000000,0,633200,0,0,0
2021-06-02,CAMP,Campina Ice Cream Industry Tbk.,--M-1135000000D221------------,276.0,0.0,282.0,270.0,272.0,-4.0,14122100,3885715000,2660,82.4,274,145200,272,133000,5885000000,5885000000,5885000000,41500,984600,0,0,0
2021-05-31,CAMP,Campina Ice Cream Industry Tbk.,--M-1135000000D221------------,260.0,0.0,284.0,260.0,276.0,16.0,21979900,6051815600,2794,83.6,278,74500,276,2483100,5885000000,5885000000,5885000000,15900,0,0,0,0
2021-05-28,CAMP,Campina Ice Cream Industry Tbk.,--M-1135000000D221------------,270.0,0.0,274.0,258.0,260.0,-10.0,9510200,2498015000,1064,78.8,262,60100,260,4105300,5885000000,5885000000,5885000000,5100,200000,0,0,0
2021-05-27,CAMP,Campina Ice Cream Industry Tbk.,--M-1135000000D221------------,248.0,0.0,286.0,248.0,270.0,22.0,29366400,7990650600,3828,81.8,272,138000,270,832600,5885000000,5885000000,5885000000,18400,812600,0,0,0
2021-05-25,CAMP,Campina Ice Cream Industry Tbk.,--M-1135000000D221------------,242.0,0.0,258.0,240.0,248.0,6.0,9621300,2407019400,1945,75.2,248,5600,246,123600,5885000000,5885000000,5885000000,0,1000,0,0,0
2021-05-24,CAMP,Campina Ice Cream Industry Tbk.,--M-1135000000D221------------,246.0,0.0,248.0,240.0,242.0,-4.0,4501100,1089754000,683,73.3,242,333300,240,454200,5885000000,5885000000,5885000000,0,0,0,0,0
2021-05-22,CAMP,Campina Ice Cream Industry Tbk.,--M-1135000000D221------------,246.0,0.0,0.0,0.0,246.0,0.0,0,0,0,74.5,0,0,0,0,5885000000,5885000000,5885000000,0,0,0,0,0
2021-05-21,CAMP,Campina Ice Cream Industry Tbk.,--M-1135000000D221------------,254.0,0.0,260.0,244.0,246.0,-8.0,8784300,2191196000,1407,74.5,248,15400,246,9000,5885000000,5885000000,5885000000,0,0,0,0,0
2021-05-20,CAMP,Campina Ice Cream Industry Tbk.,--M-1135000000D221------------,246.0,0.0,302.0,240.0,254.0,8.0,81310300,22805005600,9991,77.0,256,31000,254,3359300,5885000000,5885000000,5885000000,157200,10200,0,0,0
2021-05-19,CAMP,Campina Ice Cream Industry Tbk.,--M-1135000000D221------------,252.0,0.0,258.0,242.0,246.0,-6.0,3968000,984519200,733,74.5,246,109000,244,519800,5885000000,5885000000,5885000000,0,0,0,0,0
2021-05-18,CAMP,Campina Ice Cream Industry Tbk.,--M-1135000000D221------------,248.0,0.0,252.0,238.0,252.0,4.0,4390900,1076737000,859,76.4,254,238100,252,10018100,5885000000,5885000000,5885000000,0,0,0,0,0
2021-05-17,CAMP,Campina Ice Cream Industry Tbk.,--M-1135000000D221------------,260.0,0.0,264.0,246.0,248.0,-12.0,8733700,2184289000,1468,75.2,248,157400,246,853300,5885000000,5885000000,5885000000,6600,100000,0,0,0
2021-05-11,CAMP,Campina Ice Cream Industry Tbk.,--M-1135000000D221------------,262.0,0.0,320.0,260.0,260.0,-2.0,110696400,31879137000,12477,78.8,260,751000,258,318600,5885000000,5885000000,5885000000,1105200,314100,0,0,0
2021-05-10,CAMP,Campina Ice Cream Industry Tbk.,--M-1135000000D221------------,234.0,0.0,262.0,234.0,262.0,28.0,23593900,5891888200,2505,79.4,264,111300,262,3427400,5885000000,5885000000,5885000000,100000,0,0,0,0
2021-05-07,CAMP,Campina Ice Cream Industry Tbk.,--M-1135000000D221------------,232.0,0.0,240.0,230.0,234.0,2.0,2289500,535273200,419,70.9,234,364600,232,83200,5885000000,5885000000,5885000000,0,1000000,0,0,0
2021-05-06,CAMP,Campina Ice Cream Industry Tbk.,--M-1135000000D221------------,234.0,0.0,236.0,222.0,232.0,-2.0,1041900,241362400,363,70.3,234,129200,232,9000,5885000000,5885000000,5885000000,0,0,0,0,0
2021-05-05,CAMP,Campina Ice Cream Industry Tbk.,--M-1135000000D221------------,234.0,0.0,236.0,230.0,234.0,0.0,1311900,306203400,229,70.9,236,175900,234,396200,5885000000,5885000000,5885000000,0,0,0,0,0
2021-05-04,CAMP,Campina Ice Cream Industry Tbk.,--M-1135000000D221------------,232.0,0.0,236.0,232.0,234.0,2.0,651300,151837600,163,70.9,234,108200,232,559000,5885000000,5885000000,5885000000,100,0,0,0,0
2021-05-03,CAMP,Campina Ice Cream Industry Tbk.,--M-1135000000D221------------,236.0,0.0,238.0,232.0,232.0,-4.0,1091600,255729400,224,70.3,234,13600,232,600600,5885000000,5885000000,5885000000,0,0,0,0,0
2021-04-30,CAMP,Campina Ice Cream Industry Tbk.,--M-1135000000D221------------,236.0,0.0,238.0,234.0,236.0,0.0,715200,168263400,222,71.5,236,25400,234,495700,5885000000,5885000000,5885000000,0,2300,0,0,0
2021-04-29,CAMP,Campina Ice Cream Industry Tbk.,--M-1135000000D221------------,234.0,0.0,246.0,232.0,236.0,2.0,3117100,739648400,667,71.5,236,15700,234,112500,5885000000,5885000000,5885000000,0,2300,0,0,0
2021-04-28,CAMP,Campina Ice Cream Industry Tbk.,--M-1135000000D221------------,232.0,0.0,234.0,230.0,234.0,2.0,795500,184692600,202,70.9,234,225100,232,11600,5885000000,5885000000,5885000000,0,2200,0,0,0
2021-04-27,CAMP,Campina Ice Cream Industry Tbk.,--M-1135000000D221------------,234.0,0.0,236.0,232.0,232.0,-2.0,1044900,243134800,245,70.3,234,95900,232,138000,5885000000,5885000000,5885000000,0,2300,0,0,0
2021-04-26,CAMP,Campina Ice Cream Industry Tbk.,--M-1135000000D221------------,232.0,0.0,244.0,232.0,234.0,2.0,1126900,262470200,389,70.9,236,141000,234,15400,5885000000,5885000000,5885000000,0,2200,0,0,0
2021-04-23,CAMP,Campina Ice Cream Industry Tbk.,--M-1135000000D221------------,236.0,0.0,236.0,232.0,232.0,-4.0,2333500,545428400,385,70.3,234,62100,232,429500,5885000000,5885000000,5885000000,0,105700,0,0,0
2021-04-22,CAMP,Campina Ice Cream Industry Tbk.,--M-1135000000D221------------,236.0,0.0,240.0,234.0,236.0,0.0,1350700,318105400,322,71.5,236,68400,234,863500,5885000000,5885000000,5885000000,0,2200,0,0,0
2021-04-21,CAMP,Campina Ice Cream Industry Tbk.,--M-1135000000D221------------,234.0,0.0,242.0,234.0,236.0,2.0,3989800,948658800,815,71.5,238,169500,236,14900,5885000000,5885000000,5885000000,600,2300,0,0,0
2021-04-20,CAMP,Campina Ice Cream Industry Tbk.,--M-1135000000D221------------,234.0,0.0,266.0,232.0,234.0,0.0,44209800,11152825600,5017,70.9,236,473000,234,156500,5885000000,5885000000,5885000000,33400,32900,0,0,0
2021-04-19,CAMP,Campina Ice Cream Industry Tbk.,--M-1135000000D221------------,238.0,0.0,238.0,234.0,234.0,-4.0,521800,122962600,285,70.9,236,24300,234,500,5885000000,5885000000,5885000000,0,2200,0,0,0
2021-04-16,CAMP,Campina Ice Cream Industry Tbk.,--M-1135000000D221------------,232.0,0.0,238.0,232.0,238.0,6.0,925400,217106200,219,72.1,238,600,236,94900,5885000000,5885000000,5885000000,0,0,0,0,0
2021-04-15,CAMP,Campina Ice Cream Industry Tbk.,--M-1135000000D221------------,234.0,0.0,236.0,232.0,232.0,-2.0,967000,225477400,244,70.3,234,8900,232,80200,5885000000,5885000000,5885000000,0,0,0,0,0
2021-04-14,CAMP,Campina Ice Cream Industry Tbk.,--M-1135000000D221------------,232.0,0.0,236.0,232.0,234.0,2.0,456100,106772000,195,70.9,234,34600,232,253300,5885000000,5885000000,5885000000,0,0,0,0,0
2021-04-13,CAMP,Campina Ice Cream Industry Tbk.,--M-1135000000D221------------,234.0,0.0,234.0,232.0,232.0,-2.0,898900,208730600,177,70.3,234,94000,232,187700,5885000000,5885000000,5885000000,0,0,0,0,0
2021-04-12,CAMP,Campina Ice Cream Industry Tbk.,--M-1135000000D221------------,238.0,0.0,240.0,234.0,234.0,-4.0,942100,221782000,216,70.9,234,24600,232,106200,5885000000,5885000000,5885000000,0,0,0,0,0
2021-04-09,CAMP,Campina Ice Cream Industry Tbk.,--M-1135000000D221------------,236.0,0.0,240.0,236.0,238.0,2.0,339200,80738600,181,72.1,238,68300,236,259400,5885000000,5885000000,5885000000,0,0,0,0,0
2021-04-08,CAMP,Campina Ice Cream Industry Tbk.,--M-1135000000D221------------,236.0,0.0,242.0,236.0,236.0,0.0,1418100,337943600,314,71.5,240,64300,236,61500,5885000000,5885000000,5885000000,0,0,0,0,0
2021-04-07,CAMP,Campina Ice Cream Industry Tbk.,--M-1135000000D221------------,236.0,0.0,238.0,234.0,236.0,0.0,648600,153086000,209,71.5,238,69200,236,7100,5885000000,5885000000,5885000000,0,0,0,0,0
2021-04-06,CAMP,Campina Ice Cream Industry Tbk.,--M-1135000000D221------------,232.0,0.0,236.0,232.0,236.0,4.0,579200,135867600,201,71.5,236,18000,234,158100,5885000000,5885000000,5885000000,0,0,0,0,0
2021-04-05,CAMP,Campina Ice Cream Industry Tbk.,--M-1135000000D221------------,234.0,0.0,236.0,230.0,232.0,-2.0,1013500,235626000,306,70.3,232,167700,230,562200,5885000000,5885000000,5885000000,0,0,0,0,0
2021-04-01,CAMP,Campina Ice Cream Industry Tbk.,--M-1135000000D221------------,234.0,0.0,236.0,232.0,234.0,0.0,505900,118454400,213,70.9,236,124400,234,12100,5885000000,5885000000,5885000000,0,0,0,0,0
2021-03-31,CAMP,Campina Ice Cream Industry Tbk.,--M-1135000000D221------------,238.0,0.0,238.0,230.0,234.0,-4.0,2550200,595814800,532,70.9,236,96000,234,27300,5885000000,5885000000,5885000000,0,0,0,0,0
2021-03-30,CAMP,Campina Ice Cream Industry Tbk.,--M-1135000000D221------------,242.0,0.0,246.0,236.0,238.0,-4.0,3338900,802730000,502,72.1,240,96400,238,2900,5885000000,5885000000,5885000000,0,0,0,0,0
2021-03-29,CAMP,Campina Ice Cream Industry Tbk.,--M-1135000000D221------------,244.0,0.0,254.0,242.0,242.0,-2.0,4104800,1015392800,663,73.3,244,44200,242,470300,5885000000,5885000000,5885000000,0,0,0,0,0
2021-03-26,CAMP,Campina Ice Cream Industry Tbk.,--M-1135000000D221------------,244.0,0.0,244.0,242.0,244.0,0.0,851700,206763200,203,73.9,244,625700,242,300100,5885000000,5885000000,5885000000,0,0,0,0,0
2021-03-25,CAMP,Campina Ice Cream Industry Tbk.,--M-1135000000D221------------,242.0,0.0,246.0,240.0,244.0,2.0,1433100,347021000,277,73.9,244,208100,242,366200,5885000000,5885000000,5885000000,0,0,0,0,0
2021-03-24,CAMP,Campina Ice Cream Industry Tbk.,--M-1135000000D221------------,242.0,0.0,246.0,242.0,242.0,0.0,1834100,445567800,274,73.3,244,362500,242,1000,5885000000,5885000000,5885000000,0,0,0,0,0
2021-03-23,CAMP,Campina Ice Cream Industry Tbk.,--M-1135000000D221------------,246.0,0.0,246.0,242.0,242.0,-4.0,1367500,334069800,270,73.3,244,148300,242,1090300,5885000000,5885000000,5885000000,0,0,0,0,0
2021-03-22,CAMP,Campina Ice Cream Industry Tbk.,--M-1135000000D221------------,246.0,0.0,250.0,244.0,246.0,0.0,1362000,334682200,394,74.5,248,132000,246,800,5885000000,5885000000,5885000000,6400,0,0,0,0
2021-03-19,CAMP,Campina Ice Cream Industry Tbk.,--M-1135000000D221------------,242.0,0.0,256.0,240.0,246.0,4.0,6546600,1629706000,927,74.5,248,118000,246,6200,5885000000,5885000000,5885000000,0,0,0,0,0
2021-03-18,CAMP,Campina Ice Cream Industry Tbk.,--M-1135000000D221------------,244.0,0.0,246.0,242.0,242.0,-2.0,1847400,449390600,331,73.3,244,18900,242,565800,5885000000,5885000000,5885000000,0,0,0,0,0
2021-03-17,CAMP,Campina Ice Cream Industry Tbk.,--M-1135000000D221------------,244.0,0.0,248.0,242.0,244.0,0.0,1306900,319589200,302,73.9,246,214600,244,5900,5885000000,5885000000,5885000000,0,0,0,0,0
2021-03-16,CAMP,Campina Ice Cream Industry Tbk.,--M-1135000000D221------------,246.0,0.0,248.0,242.0,244.0,-2.0,2431300,595743800,621,73.9,246,157800,242,783900,5885000000,5885000000,5885000000,0,0,0,0,0
2021-03-15,CAMP,Campina Ice Cream Industry Tbk.,--M-1135000000D221------------,240.0,0.0,266.0,240.0,246.0,6.0,19748900,4996284000,2919,74.5,246,133600,244,495400,5885000000,5885000000,5885000000,0,0,0,0,0
2021-03-12,CAMP,Campina Ice Cream Industry Tbk.,--M-1135000000D221------------,240.0,0.0,268.0,228.0,240.0,0.0,15842300,3979498400,2588,72.7,242,25700,240,446900,5885000000,5885000000,5885000000,0,0,0,0,0
2021-03-10,CAMP,Campina Ice Cream Industry Tbk.,--M-1135000000D221------------,242.0,0.0,242.0,230.0,240.0,-2.0,1561800,375070800,398,72.7,242,82600,240,13100,5885000000,5885000000,5885000000,0,0,0,0,0
2021-03-09,CAMP,Campina Ice Cream Industry Tbk.,--M-1135000000D221------------,246.0,0.0,248.0,240.0,242.0,-4.0,1971400,478123400,460,73.3,244,227400,242,10400,5885000000,5885000000,5885000000,0,0,0,0,0
2021-03-08,CAMP,Campina Ice Cream Industry Tbk.,--M-1135000000D221------------,242.0,0.0,252.0,242.0,246.0,4.0,3671000,907457400,678,74.5,246,193600,244,182600,5885000000,5885000000,5885000000,2000,0,0,0,0
2021-03-05,CAMP,Campina Ice Cream Industry Tbk.,--M-1135000000D221------------,244.0,0.0,248.0,242.0,242.0,-2.0,2096700,511317600,372,73.3,244,24700,242,271000,5885000000,5885000000,5885000000,12300,0,0,0,0
2021-03-04,CAMP,Campina Ice Cream Industry Tbk.,--M-1135000000D221------------,246.0,0.0,246.0,240.0,244.0,-2.0,2062300,501620600,376,73.9,244,14800,242,227500,5885000000,5885000000,5885000000,1200,12300,0,0,0
2021-03-03,CAMP,Campina Ice Cream Industry Tbk.,--M-1135000000D221------------,248.0,0.0,250.0,238.0,246.0,-2.0,1994000,489737400,376,74.5,248,90600,246,72700,5885000000,5885000000,5885000000,2200,3300,0,0,0
2021-03-02,CAMP,Campina Ice Cream Industry Tbk.,--M-1135000000D221------------,244.0,0.0,256.0,242.0,248.0,4.0,6842500,1710219000,1073,75.2,248,178000,246,175400,5885000000,5885000000,5885000000,43900,27600,0,0,0
2021-03-01,CAMP,Campina Ice Cream Industry Tbk.,--M-1135000000D221------------,244.0,0.0,246.0,238.0,244.0,0.0,1686600,407685400,485,73.9,246,47700,244,89800,5885000000,5885000000,5885000000,600,16300,0,0,0
2021-02-26,CAMP,Campina Ice Cream Industry Tbk.,--M-1135000000D221------------,248.0,0.0,250.0,240.0,244.0,-4.0,4527100,1093962000,765,73.9,244,78600,242,212100,5885000000,5885000000,5885000000,700,1300,0,0,0
2021-02-25,CAMP,Campina Ice Cream Industry Tbk.,--M-1135000000D221------------,246.0,0.0,250.0,244.0,248.0,2.0,2161500,535471000,516,75.2,250,302600,248,12100,5885000000,5885000000,5885000000,0,0,0,0,0
2021-02-24,CAMP,Campina Ice Cream Industry Tbk.,--M-1135000000D221------------,252.0,0.0,254.0,244.0,246.0,-6.0,3437800,852244200,830,74.5,248,160200,246,47100,5885000000,5885000000,5885000000,14000,0,0,0,0
2021-02-23,CAMP,Campina Ice Cream Industry Tbk.,--M-1135000000D221------------,256.0,0.0,260.0,252.0,252.0,-4.0,2683600,679603800,673,76.4,254,293400,252,51900,5885000000,5885000000,5885000000,0,14100,0,0,0
2021-02-22,CAMP,Campina Ice Cream Industry Tbk.,--M-1135000000D221------------,248.0,0.0,262.0,250.0,256.0,8.0,10054400,2565260200,1589,77.6,256,183300,254,1300,5885000000,5885000000,5885000000,0,0,0,0,0
2021-02-19,CAMP,Campina Ice Cream Industry Tbk.,--M-1135000000D221------------,246.0,0.0,256.0,244.0,248.0,2.0,6047600,1510690400,767,75.2,250,250100,248,627600,5885000000,5885000000,5885000000,0,100000,0,0,0
2021-02-18,CAMP,Campina Ice Cream Industry Tbk.,--M-1135000000D221------------,248.0,0.0,260.0,246.0,246.0,-2.0,11534600,2924189800,1506,74.5,248,20500,246,281700,5885000000,5885000000,5885000000,0,0,0,0,0
2021-02-17,CAMP,Campina Ice Cream Industry Tbk.,--M-1135000000D221------------,250.0,0.0,252.0,244.0,248.0,-2.0,4176000,1034433800,757,75.2,248,103500,246,274700,5885000000,5885000000,5885000000,1600,0,0,0,0
2021-02-16,CAMP,Campina Ice Cream Industry Tbk.,--M-1135000000D221------------,246.0,0.0,264.0,244.0,250.0,4.0,13416500,3402130400,1818,75.8,252,97200,250,200000,5885000000,5885000000,5885000000,185500,131300,0,0,0
2021-02-15,CAMP,Campina Ice Cream Industry Tbk.,--M-1135000000D221------------,240.0,0.0,250.0,236.0,246.0,6.0,8047400,1956898600,1053,74.5,248,215700,246,2189900,5885000000,5885000000,5885000000,134400,188500,0,0,0
2021-02-11,CAMP,Campina Ice Cream Industry Tbk.,--M-1135000000D221------------,240.0,0.0,242.0,236.0,240.0,0.0,1311100,313367000,390,72.7,240,129400,238,221800,5885000000,5885000000,5885000000,0,100,0,0,0
2021-02-10,CAMP,Campina Ice Cream Industry Tbk.,--M-1135000000D221------------,240.0,0.0,242.0,238.0,240.0,0.0,2064400,495431400,419,72.7,242,450700,240,12900,5885000000,5885000000,5885000000,0,0,0,0,0
2021-02-09,CAMP,Campina Ice Cream Industry Tbk.,--M-1135000000D221------------,244.0,0.0,254.0,238.0,240.0,-4.0,4375400,1061388000,833,72.7,242,480800,240,200200,5885000000,5885000000,5885000000,0,0,0,0,0
2021-02-08,CAMP,Campina Ice Cream Industry Tbk.,--M-1135000000D221------------,242.0,0.0,254.0,228.0,244.0,2.0,10984300,2685529800,1360,73.9,246,145100,244,51200,5885000000,5885000000,5885000000,0,0,0,0,0
2021-02-05,CAMP,Campina Ice Cream Industry Tbk.,--M-1135000000D221------------,238.0,0.0,248.0,236.0,242.0,4.0,8150700,1966162600,1202,73.3,242,597000,240,18400,5885000000,5885000000,5885000000,0,0,0,0,0
2021-02-04,CAMP,Campina Ice Cream Industry Tbk.,--M-1135000000D221------------,246.0,0.0,248.0,234.0,238.0,-8.0,8584700,2044248200,1593,72.1,240,66800,238,386500,5885000000,5885000000,5885000000,0,0,0,0,0
2021-02-03,CAMP,Campina Ice Cream Industry Tbk.,--M-1135000000D221------------,232.0,0.0,254.0,230.0,246.0,14.0,25208300,6146842400,3213,74.5,246,23400,244,98600,5885000000,5885000000,5885000000,0,0,0,0,0
2021-02-02,CAMP,Campina Ice Cream Industry Tbk.,--M-1135000000D221------------,236.0,0.0,256.0,220.0,232.0,-4.0,29277200,6981262800,4307,70.3,234,29900,232,431800,5885000000,5885000000,5885000000,0,800000,0,0,0
2021-02-01,CAMP,Campina Ice Cream Industry Tbk.,--M-1135000000D221------------,250.0,0.0,260.0,234.0,236.0,-14.0,24279000,5763548800,3482,71.5,238,136000,236,455800,5885000000,5885000000,5885000000,0,500000,0,0,0
2021-01-29,CAMP,Campina Ice Cream Industry Tbk.,--U-1135000000D221------------,268.0,0.0,250.0,250.0,250.0,-18.0,1119400,279850000,294,75.8,250,9048700,0,0,5885000000,5885000000,5885000000,0,0,0,0,0
2021-01-28,CAMP,Campina Ice Cream Industry Tbk.,--U-1135000000D221------------,288.0,0.0,268.0,268.0,268.0,-20.0,1185700,317767600,257,81.2,268,11348600,0,0,5885000000,5885000000,5885000000,0,0,0,0,0
2021-01-27,CAMP,Campina Ice Cream Industry Tbk.,--U-1135000000D221------------,308.0,0.0,300.0,288.0,288.0,-20.0,1464400,421877800,351,87.3,288,12293600,0,0,5885000000,5885000000,5885000000,0,0,0,0,0
2021-01-26,CAMP,Campina Ice Cream Industry Tbk.,--U-1135000000D221------------,330.0,0.0,336.0,308.0,308.0,-22.0,4185600,1309520600,877,93.3,308,9924500,0,0,5885000000,5885000000,5885000000,0,200000,0,0,0
2021-01-25,CAMP,Campina Ice Cream Industry Tbk.,--U-1135000000D221------------,314.0,0.0,386.0,318.0,330.0,16.0,286007200,100734171800,32598,100.0,330,132700,328,192900,5885000000,5885000000,5885000000,707000,256000,0,0,0
2021-01-22,CAMP,Campina Ice Cream Industry Tbk.,--U-113500000051--------------,308.0,0.0,316.0,304.0,314.0,6.0,4763100,1472008600,899,95.2,314,1890500,312,500000,5885000000,5885000000,5885000000,0,16000,0,0,0
2021-01-21,CAMP,Campina Ice Cream Industry Tbk.,--U-113500000051--------------,298.0,0.0,320.0,302.0,308.0,10.0,10591900,3285298400,1514,93.3,310,109200,308,17300,5885000000,5885000000,5885000000,0,0,0,0,0
2021-01-20,CAMP,Campina Ice Cream Industry Tbk.,--U-113500000051--------------,312.0,0.0,320.0,298.0,298.0,-14.0,14008700,4334410200,2651,90.3,300,53700,298,61000,5885000000,5885000000,5885000000,0,0,0,0,0
2021-01-19,CAMP,Campina Ice Cream Industry Tbk.,--U-113500000051--------------,288.0,0.0,334.0,286.0,312.0,24.0,50706800,15756147000,6750,94.5,314,95300,312,1432400,5885000000,5885000000,5885000000,0,0,0,0,0
2021-01-18,CAMP,Campina Ice Cream Industry Tbk.,--U-113500000051--------------,290.0,0.0,292.0,286.0,288.0,-2.0,1320500,381460800,287,87.3,290,27900,288,18700,5885000000,5885000000,5885000000,0,0,0,0,0
2021-01-15,CAMP,Campina Ice Cream Industry Tbk.,--U-113500000051--------------,292.0,0.0,294.0,288.0,290.0,-2.0,1449200,420780400,299,87.9,292,1000,290,72900,5885000000,5885000000,5885000000,0,0,0,0,0
2021-01-14,CAMP,Campina Ice Cream Industry Tbk.,--U-113500000051--------------,296.0,0.0,300.0,290.0,292.0,-4.0,1763900,517430200,316,88.5,294,5000,292,428800,5885000000,5885000000,5885000000,0,25000,0,0,0
2021-01-13,CAMP,Campina Ice Cream Industry Tbk.,--U-113500000051--------------,298.0,0.0,304.0,292.0,296.0,-2.0,1390700,412763400,364,89.7,296,503700,294,274500,5885000000,5885000000,5885000000,0,0,0,0,0
2021-01-12,CAMP,Campina Ice Cream Industry Tbk.,--U-113500000051--------------,308.0,0.0,316.0,296.0,298.0,-10.0,4243200,1282099600,808,90.3,300,45200,298,122400,5885000000,5885000000,5885000000,0,0,0,0,0
2021-01-11,CAMP,Campina Ice Cream Industry Tbk.,--U-113500000051--------------,294.0,0.0,316.0,284.0,308.0,14.0,7505100,2285652800,1235,93.3,308,232400,306,12000,5885000000,5885000000,5885000000,30000,0,0,0,0
2021-01-08,CAMP,Campina Ice Cream Industry Tbk.,--U-113500000051--------------,296.0,0.0,298.0,292.0,294.0,-2.0,1793700,526936000,413,89.1,296,84000,294,71300,5885000000,5885000000,5885000000,0,0,0,0,0
2021-01-07,CAMP,Campina Ice Cream Industry Tbk.,--U-113500000051--------------,300.0,0.0,304.0,292.0,296.0,-4.0,1966500,583771800,452,89.7,298,40200,296,265100,5885000000,5885000000,5885000000,0,0,0,0,0
2021-01-06,CAMP,Campina Ice Cream Industry Tbk.,--U-113500000051--------------,304.0,0.0,310.0,292.0,300.0,-4.0,2482400,748270400,493,90.9,300,216700,298,111800,5885000000,5885000000,5885000000,0,20000,0,0,0
2021-01-05,CAMP,Campina Ice Cream Industry Tbk.,--U-113500000051--------------,308.0,0.0,312.0,302.0,304.0,-4.0,1003000,307577000,297,92.1,306,100100,304,306700,5885000000,5885000000,5885000000,0,0,0,0,0
2021-01-04,CAMP,Campina Ice Cream Industry Tbk.,--U-113500000051--------------,302.0,0.0,312.0,300.0,308.0,6.0,2664300,813865400,401,93.3,310,57600,308,47300,5885000000,5885000000,5885000000,0,0,0,0,0
2020-12-30,CAMP,Campina Ice Cream Industry Tbk.,--U-113500000051--------------,306.0,0.0,320.0,300.0,302.0,-4.0,4824700,1479293800,921,91.5,304,5700,302,90800,5885000000,5885000000,5885000000,0,0,0,0,0
2020-12-29,CAMP,Campina Ice Cream Industry Tbk.,--U-113500000051--------------,312.0,0.0,320.0,306.0,306.0,-6.0,1554700,483699600,444,92.7,308,10000,306,271200,5885000000,5885000000,5885000000,0,0,0,0,0
2020-12-28,CAMP,Campina Ice Cream Industry Tbk.,--U-113500000051--------------,310.0,0.0,320.0,306.0,312.0,2.0,2287500,718013200,447,94.5,314,40400,312,43900,5885000000,5885000000,5885000000,0,0,0,0,0
2020-12-23,CAMP,Campina Ice Cream Industry Tbk.,--U-113500000051--------------,316.0,0.0,320.0,306.0,310.0,-6.0,3366800,1050473000,604,93.9,310,187800,308,109200,5885000000,5885000000,5885000000,0,0,0,0,0
2020-12-22,CAMP,Campina Ice Cream Industry Tbk.,--U-113500000051--------------,320.0,0.0,330.0,314.0,316.0,-4.0,4752200,1517649800,672,95.8,318,34700,316,48500,5885000000,5885000000,5885000000,0,0,0,0,0
2020-12-21,CAMP,Campina Ice Cream Industry Tbk.,--U-113500000051--------------,330.0,0.0,330.0,312.0,320.0,-10.0,4342100,1393396400,759,97.0,322,66200,320,485800,5885000000,5885000000,5885000000,0,20000,0,0,0
2020-12-18,CAMP,Campina Ice Cream Industry Tbk.,--U-113500000051--------------,312.0,0.0,336.0,312.0,330.0,18.0,8182500,2661416800,1126,100.0,330,21000,328,3000,5885000000,5885000000,5885000000,0,20000,0,0,0
2020-12-17,CAMP,Campina Ice Cream Industry Tbk.,--U-113500000051--------------,320.0,0.0,328.0,312.0,312.0,-8.0,2890200,921727400,543,94.5,320,10500,312,216300,5885000000,5885000000,5885000000,0,0,0,0,0
2020-12-16,CAMP,Campina Ice Cream Industry Tbk.,--U-113500000051--------------,318.0,0.0,330.0,316.0,320.0,2.0,3540500,1133109400,634,97.0,320,24300,318,1400,5885000000,5885000000,5885000000,0,0,0,0,0
2020-12-15,CAMP,Campina Ice Cream Industry Tbk.,--U-113500000051--------------,314.0,0.0,330.0,306.0,318.0,4.0,4233900,1348841200,692,96.4,318,385400,316,182900,5885000000,5885000000,5885000000,0,0,0,0,0
2020-12-14,CAMP,Campina Ice Cream Industry Tbk.,--U-113500000051--------------,314.0,0.0,334.0,314.0,314.0,0.0,3290400,1052481200,578,95.2,316,22500,314,343400,5885000000,5885000000,5885000000,0,0,0,0,0
2020-12-11,CAMP,Campina Ice Cream Industry Tbk.,--U-113500000051--------------,334.0,0.0,342.0,314.0,314.0,-20.0,5753700,1842904000,802,95.2,316,3900,314,82400,5885000000,5885000000,5885000000,0,15000,0,0,0
2020-12-10,CAMP,Campina Ice Cream Industry Tbk.,--U-113500000051--------------,324.0,0.0,380.0,326.0,334.0,10.0,25016200,8651269400,2228,101.2,336,15500,334,1324300,5885000000,5885000000,5885000000,247400,0,0,0,0
2020-12-08,CAMP,Campina Ice Cream Industry Tbk.,--U-113500000051--------------,260.0,0.0,324.0,260.0,324.0,64.0,28876300,8891018200,2545,98.2,0,0,324,5679900,5885000000,5885000000,5885000000,10000,0,0,0,0
2020-12-07,CAMP,Campina Ice Cream Industry Tbk.,--U-113500000051--------------,262.0,0.0,264.0,256.0,260.0,-2.0,1822100,473867600,347,78.8,262,59800,260,118900,5885000000,5885000000,5885000000,280200,0,0,0,0
2020-12-04,CAMP,Campina Ice Cream Industry Tbk.,--U-113500000051--------------,264.0,0.0,266.0,260.0,262.0,-2.0,1478000,386871600,278,79.4,262,73200,260,122700,5885000000,5885000000,5885000000,0,0,0,0,0
2020-12-03,CAMP,Campina Ice Cream Industry Tbk.,--U-113500000051--------------,256.0,0.0,272.0,252.0,264.0,8.0,3881900,1018296600,766,80.0,264,14400,262,45000,5885000000,5885000000,5885000000,0,0,0,0,0
2020-12-02,CAMP,Campina Ice Cream Industry Tbk.,--U-113500000051--------------,258.0,0.0,264.0,250.0,256.0,-2.0,1220200,313112200,249,77.6,258,25400,256,274200,5885000000,5885000000,5885000000,0,0,50,13000,1
2020-12-01,CAMP,Campina Ice Cream Industry Tbk.,--U-113500000051--------------,258.0,0.0,260.0,240.0,258.0,0.0,1524900,387386600,359,78.2,260,30500,258,33600,5885000000,5885000000,5885000000,0,0,0,0,0
2020-11-30,CAMP,Campina Ice Cream Industry Tbk.,--U-113500000051--------------,260.0,0.0,262.0,258.0,258.0,-2.0,1869400,483329200,252,78.2,260,241000,258,232600,5885000000,5885000000,5885000000,0,0,0,0,0
2020-11-27,CAMP,Campina Ice Cream Industry Tbk.,--U-113500000051--------------,262.0,0.0,264.0,258.0,260.0,-2.0,2977400,774804600,343,78.8,262,160300,260,983100,5885000000,5885000000,5885000000,0,0,0,0,0
2020-11-26,CAMP,Campina Ice Cream Industry Tbk.,--U-113500000051--------------,262.0,0.0,266.0,260.0,262.0,0.0,1111400,292367400,230,79.4,264,116000,262,343400,5885000000,5885000000,5885000000,0,0,0,0,0
2020-11-25,CAMP,Campina Ice Cream Industry Tbk.,--U-113500000051--------------,266.0,0.0,268.0,258.0,262.0,-4.0,2051900,535712800,356,79.4,262,76600,260,114300,5885000000,5885000000,5885000000,0,0,0,0,0
2020-11-24,CAMP,Campina Ice Cream Industry Tbk.,--U-113500000051--------------,264.0,0.0,268.0,252.0,266.0,2.0,1151500,304788200,247,80.6,266,217600,264,9000,5885000000,5885000000,5885000000,0,0,0,0,0
2020-11-23,CAMP,Campina Ice Cream Industry Tbk.,--U-113500000051--------------,262.0,0.0,268.0,252.0,264.0,2.0,1499600,396082000,330,80.0,266,143200,264,124600,5885000000,5885000000,5885000000,0,0,0,0,0
2020-11-20,CAMP,Campina Ice Cream Industry Tbk.,--U-113500000051--------------,266.0,0.0,270.0,260.0,262.0,-4.0,2090500,553746800,444,79.4,264,10300,262,974500,5885000000,5885000000,5885000000,0,0,0,0,0
2020-11-19,CAMP,Campina Ice Cream Industry Tbk.,--U-113500000051--------------,260.0,0.0,268.0,258.0,266.0,6.0,2910100,767289600,450,80.6,268,196100,266,358300,5885000000,5885000000,5885000000,0,0,0,0,0
2020-11-18,CAMP,Campina Ice Cream Industry Tbk.,--U-113500000051--------------,258.0,0.0,260.0,256.0,260.0,2.0,779400,200775800,218,78.8,260,202000,258,4400,5885000000,5885000000,5885000000,0,0,0,0,0
2020-11-17,CAMP,Campina Ice Cream Industry Tbk.,--U-113500000051--------------,260.0,0.0,262.0,254.0,258.0,-2.0,611600,158139200,189,78.2,260,287300,258,70600,5885000000,5885000000,5885000000,0,0,0,0,0
2020-11-16,CAMP,Campina Ice Cream Industry Tbk.,--U-113500000051--------------,260.0,0.0,262.0,258.0,260.0,0.0,552600,143345600,153,78.8,262,304300,258,247500,5885000000,5885000000,5885000000,0,0,0,0,0
2020-11-13,CAMP,Campina Ice Cream Industry Tbk.,--U-113500000051--------------,262.0,0.0,262.0,256.0,260.0,-2.0,577500,149463000,134,78.8,260,51900,258,123800,5885000000,5885000000,5885000000,0,0,0,0,0
2020-11-12,CAMP,Campina Ice Cream Industry Tbk.,--U-113500000051--------------,262.0,0.0,262.0,258.0,262.0,0.0,317800,82593600,121,79.4,262,172400,260,29000,5885000000,5885000000,5885000000,0,0,0,0,0
2020-11-11,CAMP,Campina Ice Cream Industry Tbk.,--U-113500000051--------------,260.0,0.0,262.0,252.0,262.0,2.0,467400,121406600,164,79.4,262,354400,260,87300,5885000000,5885000000,5885000000,0,0,0,0,0
2020-11-10,CAMP,Campina Ice Cream Industry Tbk.,--U-113500000051--------------,260.0,0.0,262.0,252.0,260.0,0.0,591800,154270400,192,78.8,262,56400,260,120900,5885000000,5885000000,5885000000,0,0,0,0,0
2020-11-09,CAMP,Campina Ice Cream Industry Tbk.,--U-113500000051--------------,260.0,0.0,266.0,258.0,260.0,0.0,1706700,447042600,362,78.8,262,96400,260,77800,5885000000,5885000000,5885000000,0,0,0,0,0
2020-11-06,CAMP,Campina Ice Cream Industry Tbk.,--U-113500000051--------------,260.0,0.0,260.0,258.0,260.0,0.0,465700,120534200,146,78.8,260,312700,258,256200,5885000000,5885000000,5885000000,0,0,0,0,0
2020-11-05,CAMP,Campina Ice Cream Industry Tbk.,--U-113500000051--------------,254.0,0.0,260.0,252.0,260.0,6.0,406900,104604200,156,78.8,260,306400,258,9400,5885000000,5885000000,5885000000,0,0,0,0,0
2020-11-04,CAMP,Campina Ice Cream Industry Tbk.,--U-113500000051--------------,260.0,0.0,262.0,252.0,254.0,-6.0,731600,187217000,235,77.0,258,103000,254,83300,5885000000,5885000000,5885000000,0,0,0,0,0
2020-11-03,CAMP,Campina Ice Cream Industry Tbk.,--U-113500000051--------------,256.0,0.0,274.0,256.0,260.0,4.0,674500,175197200,201,78.8,260,253000,258,300,5885000000,5885000000,5885000000,0,0,0,0,0
2020-11-02,CAMP,Campina Ice Cream Industry Tbk.,--U-113500000051--------------,258.0,0.0,262.0,252.0,256.0,-2.0,284200,73459600,143,77.6,260,303100,256,333800,5885000000,5885000000,5885000000,0,0,0,0,0
2020-10-27,CAMP,Campina Ice Cream Industry Tbk.,--U-113500000051--------------,262.0,0.0,262.0,256.0,258.0,-4.0,1583300,409222800,334,78.2,258,62400,256,84900,5885000000,5885000000,5885000000,0,0,0,0,0
2020-10-26,CAMP,Campina Ice Cream Industry Tbk.,--U-113500000051--------------,264.0,0.0,266.0,258.0,262.0,-2.0,500900,131395400,192,79.4,262,118400,260,204400,5885000000,5885000000,5885000000,0,0,0,0,0
2020-10-23,CAMP,Campina Ice Cream Industry Tbk.,--U-113500000051--------------,262.0,0.0,268.0,260.0,264.0,2.0,692000,181851000,218,80.0,264,12100,262,139800,5885000000,5885000000,5885000000,0,0,0,0,0
2020-10-22,CAMP,Campina Ice Cream Industry Tbk.,--U-113500000051--------------,270.0,0.0,270.0,262.0,262.0,-8.0,1033100,273297400,256,79.4,262,306800,260,103300,5885000000,5885000000,5885000000,0,0,0,0,0
2020-10-21,CAMP,Campina Ice Cream Industry Tbk.,--U-113500000051--------------,270.0,0.0,270.0,268.0,270.0,0.0,822100,220677200,142,81.8,270,503200,268,55900,5885000000,5885000000,5885000000,0,0,0,0,0
2020-10-20,CAMP,Campina Ice Cream Industry Tbk.,--U-113500000051--------------,270.0,0.0,274.0,266.0,270.0,0.0,740200,198621800,194,81.8,270,42300,268,29500,5885000000,5885000000,5885000000,0,0,0,0,0
2020-10-19,CAMP,Campina Ice Cream Industry Tbk.,--U-113500000051--------------,270.0,0.0,272.0,268.0,270.0,0.0,1308900,352508800,216,81.8,270,12400,268,364600,5885000000,5885000000,5885000000,0,0,0,0,0
2020-10-16,CAMP,Campina Ice Cream Industry Tbk.,--U-113500000051--------------,272.0,0.0,276.0,268.0,270.0,-2.0,975100,263676800,255,81.8,270,308000,268,691800,5885000000,5885000000,5885000000,0,0,0,0,0
2020-10-15,CAMP,Campina Ice Cream Industry Tbk.,--U-113500000051--------------,270.0,0.0,286.0,268.0,272.0,2.0,4807100,1321075800,746,82.4,274,89300,272,105100,5885000000,5885000000,5885000000,0,0,0,0,0
2020-10-14,CAMP,Campina Ice Cream Industry Tbk.,--U-113500000051--------------,268.0,0.0,272.0,266.0,270.0,2.0,1317200,354068800,300,81.8,270,53700,268,24700,5885000000,5885000000,5885000000,25000,0,0,0,0
2020-10-13,CAMP,Campina Ice Cream Industry Tbk.,--U-113500000051--------------,272.0,0.0,272.0,256.0,268.0,-4.0,1455200,390672800,308,81.2,270,118100,268,29400,5885000000,5885000000,5885000000,0,0,0,0,0
2020-10-12,CAMP,Campina Ice Cream Industry Tbk.,--U-113500000051--------------,270.0,0.0,276.0,254.0,272.0,2.0,1646400,446475800,378,82.4,272,94600,270,1000,5885000000,5885000000,5885000000,0,0,0,0,0
2020-10-09,CAMP,Campina Ice Cream Industry Tbk.,--U-113500000051--------------,268.0,0.0,278.0,264.0,270.0,2.0,4837500,1320062800,707,81.8,272,26000,270,115700,5885000000,5885000000,5885000000,0,0,0,0,0
2020-10-08,CAMP,Campina Ice Cream Industry Tbk.,--U-113500000051--------------,264.0,0.0,288.0,260.0,268.0,4.0,16980300,4715508400,2099,81.2,270,60300,268,840500,5885000000,5885000000,5885000000,0,0,2000,564000,1
2020-10-07,CAMP,Campina Ice Cream Industry Tbk.,--U-113500000051--------------,266.0,0.0,268.0,260.0,264.0,-2.0,1830800,480398200,303,80.0,264,166600,262,140100,5885000000,5885000000,5885000000,1159800,0,0,0,0
2020-10-06,CAMP,Campina Ice Cream Industry Tbk.,--U-113500000051--------------,264.0,0.0,270.0,264.0,266.0,2.0,864800,229962200,311,80.6,266,8200,264,195400,5885000000,5885000000,5885000000,0,0,0,0,0
2020-10-05,CAMP,Campina Ice Cream Industry Tbk.,--U-113500000051--------------,264.0,0.0,270.0,256.0,264.0,0.0,1518400,403903000,427,80.0,264,54300,262,26100,5885000000,5885000000,5885000000,0,0,0,0,0
2020-10-02,CAMP,Campina Ice Cream Industry Tbk.,--U-113500000051--------------,272.0,0.0,276.0,262.0,264.0,-8.0,1711500,457351600,490,80.0,266,97700,264,70600,5885000000,5885000000,5885000000,0,0,0,0,0
2020-10-01,CAMP,Campina Ice Cream Industry Tbk.,--U-113500000051--------------,270.0,0.0,278.0,256.0,272.0,2.0,10337100,2772310600,1333,82.4,274,40800,272,226600,5885000000,5885000000,5885000000,0,0,0,0,0
2020-09-30,CAMP,Campina Ice Cream Industry Tbk.,--U-113500000051--------------,276.0,0.0,284.0,262.0,270.0,-6.0,4390300,1190233000,736,81.8,270,32000,268,10100,5885000000,5885000000,5885000000,0,0,0,0,0
2020-09-29,CAMP,Campina Ice Cream Industry Tbk.,--U-113500000051--------------,286.0,0.0,300.0,276.0,276.0,-10.0,7064400,1994315800,1044,83.6,278,149900,276,228800,5885000000,5885000000,5885000000,0,0,0,0,0
2020-09-28,CAMP,Campina Ice Cream Industry Tbk.,--U-113500000051--------------,260.0,0.0,294.0,258.0,286.0,26.0,14030100,3907193800,1872,86.7,288,59700,286,429400,5885000000,5885000000,5885000000,0,0,0,0,0
2020-09-25,CAMP,Campina Ice Cream Industry Tbk.,--U-113500000051--------------,258.0,0.0,272.0,254.0,260.0,2.0,2540200,670279800,672,78.8,260,26900,258,381400,5885000000,5885000000,5885000000,0,0,0,0,0
2020-09-24,CAMP,Campina Ice Cream Industry Tbk.,--U-113500000051--------------,266.0,0.0,270.0,256.0,258.0,-8.0,1605400,419261600,419,78.2,260,148700,258,4900,5885000000,5885000000,5885000000,0,0,300000,94800000,1
2020-09-23,CAMP,Campina Ice Cream Industry Tbk.,--U-113500000051--------------,260.0,0.0,280.0,258.0,266.0,6.0,4871700,1312547800,1047,80.6,266,170000,264,58800,5885000000,5885000000,5885000000,0,0,0,0,0
2020-09-22,CAMP,Campina Ice Cream Industry Tbk.,--U-113500000051--------------,266.0,0.0,288.0,248.0,260.0,-6.0,16706900,4535411400,3374,78.8,262,196500,260,299400,5885000000,5885000000,5885000000,0,0,0,0,0
2020-09-21,CAMP,Campina Ice Cream Industry Tbk.,--U-113500000051--------------,282.0,0.0,300.0,264.0,266.0,-16.0,7789800,2134649800,1197,80.6,266,214700,264,56600,5885000000,5885000000,5885000000,0,0,0,0,0
2020-09-18,CAMP,Campina Ice Cream Industry Tbk.,--U-113500000051--------------,262.0,0.0,326.0,250.0,282.0,20.0,58569100,18058786800,7009,85.5,284,10100,282,366300,5885000000,5885000000,5885000000,57000,37000,0,0,0
2020-09-17,CAMP,Campina Ice Cream Industry Tbk.,--U-113500000051--------------,266.0,0.0,266.0,254.0,262.0,-4.0,698400,181791000,197,79.4,262,100,256,34300,5885000000,5885000000,5885000000,0,0,0,0,0
2020-09-16,CAMP,Campina Ice Cream Industry Tbk.,--U-113500000051--------------,262.0,0.0,276.0,262.0,266.0,4.0,1103000,296936000,296,80.6,266,13900,264,5000,5885000000,5885000000,5885000000,0,0,0,0,0
2020-09-15,CAMP,Campina Ice Cream Industry Tbk.,--U-113500000051--------------,270.0,0.0,276.0,260.0,262.0,-8.0,701500,185832800,164,79.4,264,9300,262,300,5885000000,5885000000,5885000000,0,0,0,0,0
2020-09-14,CAMP,Campina Ice Cream Industry Tbk.,--U-113500000051--------------,256.0,0.0,272.0,256.0,270.0,14.0,2088100,553582000,480,81.8,272,9000,270,41300,5885000000,5885000000,5885000000,0,0,0,0,0
2020-09-11,CAMP,Campina Ice Cream Industry Tbk.,--U-113500000051--------------,258.0,0.0,268.0,240.0,256.0,-2.0,2380300,595190400,826,77.6,256,5900,254,10000,5885000000,5885000000,5885000000,0,0,0,0,0
2020-09-10,CAMP,Campina Ice Cream Industry Tbk.,--U-113500000051--------------,276.0,0.0,280.0,258.0,258.0,-18.0,621200,162101200,186,78.2,258,933400,0,0,5885000000,5885000000,5885000000,0,0,0,0,0
2020-09-09,CAMP,Campina Ice Cream Industry Tbk.,--U-113500000051--------------,290.0,0.0,290.0,276.0,276.0,-14.0,1505600,423745800,252,83.6,278,5000,276,12500,5885000000,5885000000,5885000000,0,0,0,0,0
2020-09-08,CAMP,Campina Ice Cream Industry Tbk.,--U-113500000051--------------,294.0,0.0,298.0,288.0,290.0,-4.0,1330700,386747800,217,87.9,292,26400,290,41100,5885000000,5885000000,5885000000,0,0,0,0,0
2020-09-07,CAMP,Campina Ice Cream Industry Tbk.,--U-113500000051--------------,296.0,0.0,294.0,282.0,294.0,-2.0,1255300,364163600,307,89.1,294,35300,290,9500,5885000000,5885000000,5885000000,0,0,0,0,0
2020-09-04,CAMP,Campina Ice Cream Industry Tbk.,--U-113500000051--------------,296.0,0.0,296.0,278.0,296.0,0.0,1415900,406369200,307,89.7,296,84500,290,3000,5885000000,5885000000,5885000000,0,0,0,0,0
2020-09-03,CAMP,Campina Ice Cream Industry Tbk.,--U-113500000051--------------,300.0,0.0,306.0,282.0,296.0,-4.0,4024000,1188511600,887,89.7,296,91000,292,2500,5885000000,5885000000,5885000000,12000,30000,0,0,0
2020-09-02,CAMP,Campina Ice Cream Industry Tbk.,--U-113500000051--------------,264.0,0.0,310.0,252.0,300.0,36.0,10705000,3157001000,1990,90.9,300,75900,298,151000,5885000000,5885000000,5885000000,0,12000,0,0,0
2020-09-01,CAMP,Campina Ice Cream Industry Tbk.,--U-113500000051--------------,256.0,0.0,270.0,242.0,264.0,8.0,1556300,404219200,430,80.0,266,5000,264,145500,5885000000,5885000000,5885000000,0,0,0,0,0
2020-08-31,CAMP,Campina Ice Cream Industry Tbk.,--U-113500000051--------------,268.0,0.0,282.0,250.0,256.0,-12.0,3458500,895216400,728,77.6,256,165000,252,104100,5885000000,5885000000,5885000000,45000,0,2500,700000,1
2020-08-28,CAMP,Campina Ice Cream Industry Tbk.,--U-113500000051--------------,288.0,0.0,290.0,268.0,268.0,-20.0,4518800,1230464200,973,81.2,268,106200,0,0,5885000000,5885000000,5885000000,72200,25000,0,0,0
2020-08-27,CAMP,Campina Ice Cream Industry Tbk.,--U-113500000051--------------,282.0,0.0,340.0,282.0,288.0,6.0,34751800,10754457200,5288,87.3,290,27800,288,1000,5885000000,5885000000,5885000000,0,105000,0,0,0
2020-08-26,CAMP,Campina Ice Cream Industry Tbk.,--U-113500000051--------------,226.0,0.0,282.0,226.0,282.0,56.0,24922500,6699124400,2550,85.5,0,0,282,3616800,5885000000,5885000000,5885000000,2400,0,0,0,0
2020-08-25,CAMP,Campina Ice Cream Industry Tbk.,--U-113500000051--------------,214.0,0.0,232.0,214.0,226.0,12.0,7223500,1618314800,964,68.5,228,21700,226,59500,5885000000,5885000000,5885000000,151300,0,0,0,0
2020-08-24,CAMP,Campina Ice Cream Industry Tbk.,--U-113500000051--------------,210.0,0.0,216.0,208.0,214.0,4.0,1652400,352177800,255,64.8,214,13500,212,297900,5885000000,5885000000,5885000000,0,0,0,0,0
2020-08-19,CAMP,Campina Ice Cream Industry Tbk.,--U-113500000051--------------,212.0,0.0,212.0,206.0,210.0,-2.0,345900,72385400,126,63.6,210,191200,208,204000,5885000000,5885000000,5885000000,0,0,0,0,0
2020-08-18,CAMP,Campina Ice Cream Industry Tbk.,--U-113500000051--------------,208.0,0.0,212.0,206.0,212.0,4.0,828500,172711400,186,64.2,212,145200,208,25400,5885000000,5885000000,5885000000,0,0,0,0,0
2020-08-14,CAMP,Campina Ice Cream Industry Tbk.,--U-113500000051--------------,212.0,0.0,214.0,208.0,208.0,-4.0,982800,205412200,181,63.0,208,174400,206,23900,5885000000,5885000000,5885000000,0,0,0,0,0
2020-08-13,CAMP,Campina Ice Cream Industry Tbk.,--U-113500000051--------------,206.0,0.0,218.0,204.0,212.0,6.0,1417500,299179400,355,64.2,212,99000,210,11100,5885000000,5885000000,5885000000,0,0,0,0,0
2020-08-12,CAMP,Campina Ice Cream Industry Tbk.,--U-113500000051--------------,208.0,0.0,210.0,200.0,206.0,-2.0,769200,158046200,190,62.4,208,108300,206,46900,5885000000,5885000000,5885000000,0,0,0,0,0
2020-08-11,CAMP,Campina Ice Cream Industry Tbk.,--U-113500000051--------------,202.0,0.0,224.0,200.0,208.0,6.0,3190000,677316400,579,63.0,210,67500,208,89900,5885000000,5885000000,5885000000,0,0,0,0,0
2020-08-10,CAMP,Campina Ice Cream Industry Tbk.,--U-113500000051--------------,197.0,0.0,204.0,200.0,202.0,5.0,814300,164181000,175,61.2,204,198400,202,20200,5885000000,5885000000,5885000000,0,0,0,0,0
2020-08-07,CAMP,Campina Ice Cream Industry Tbk.,--U-113500000051--------------,197.0,0.0,200.0,196.0,197.0,0.0,125100,24692700,96,59.7,199,2500,197,184300,5885000000,5885000000,5885000000,0,0,0,0,0
2020-08-06,CAMP,Campina Ice Cream Industry Tbk.,--U-113500000051--------------,194.0,0.0,198.0,194.0,197.0,3.0,423200,82859500,110,59.7,198,89300,197,80100,5885000000,5885000000,5885000000,0,42200,0,0,0
2020-08-05,CAMP,Campina Ice Cream Industry Tbk.,--U-113500000051--------------,194.0,0.0,197.0,194.0,194.0,0.0,300400,58786200,105,58.8,195,92900,194,130100,5885000000,5885000000,5885000000,0,0,0,0,0
2020-08-04,CAMP,Campina Ice Cream Industry Tbk.,--U-113500000051--------------,197.0,0.0,198.0,193.0,194.0,-3.0,255800,49943400,133,58.8,197,106000,194,5200,5885000000,5885000000,5885000000,0,0,0,0,0
2020-08-03,CAMP,Campina Ice Cream Industry Tbk.,--U-113500000051--------------,197.0,0.0,199.0,194.0,197.0,0.0,1407000,275678600,187,59.7,197,40000,195,2200,5885000000,5885000000,5885000000,0,0,0,0,0
2020-07-30,CAMP,Campina Ice Cream Industry Tbk.,--U-113500000051--------------,204.0,0.0,204.0,197.0,197.0,-7.0,1053400,209345100,265,59.7,198,10000,197,4500,5885000000,5885000000,5885000000,0,0,0,0,0
2020-07-29,CAMP,Campina Ice Cream Industry Tbk.,--U-113500000051--------------,204.0,0.0,208.0,200.0,204.0,0.0,552300,113037000,83,61.8,204,34300,202,66000,5885000000,5885000000,5885000000,0,0,0,0,0
2020-07-28,CAMP,Campina Ice Cream Industry Tbk.,--U-113500000051--------------,202.0,0.0,204.0,200.0,204.0,2.0,313500,63158800,103,61.8,204,193300,202,21700,5885000000,5885000000,5885000000,0,0,0,0,0
2020-07-27,CAMP,Campina Ice Cream Industry Tbk.,--U-113500000051--------------,206.0,0.0,208.0,202.0,202.0,-4.0,159700,32474800,99,61.2,204,2500,202,101900,5885000000,5885000000,5885000000,0,0,0,0,0
2020-07-24,CAMP,Campina Ice Cream Industry Tbk.,--U-113500000051--------------,204.0,0.0,208.0,200.0,206.0,2.0,1376500,279183600,206,62.4,206,292600,202,27400,5885000000,5885000000,5885000000,0,0,0,0,0
2020-07-23,CAMP,Campina Ice Cream Industry Tbk.,--U-113500000051--------------,206.0,0.0,210.0,204.0,204.0,-2.0,599000,122966600,116,61.8,206,4900,204,65900,5885000000,5885000000,5885000000,0,0,0,0,0
2020-07-22,CAMP,Campina Ice Cream Industry Tbk.,--U-113500000051--------------,206.0,0.0,208.0,202.0,206.0,0.0,442900,90411800,83,62.4,206,600,204,9300,5885000000,5885000000,5885000000,0,0,0,0,0
2020-07-21,CAMP,Campina Ice Cream Industry Tbk.,--U-113500000051--------------,208.0,0.0,210.0,202.0,206.0,-2.0,222500,45411800,68,62.4,206,576400,204,94300,5885000000,5885000000,5885000000,0,0,0,0,0
2020-07-20,CAMP,Campina Ice Cream Industry Tbk.,--U-113500000051--------------,206.0,0.0,208.0,202.0,208.0,2.0,332100,67728200,108,63.0,208,12600,204,31000,5885000000,5885000000,5885000000,0,0,0,0,0
2020-07-17,CAMP,Campina Ice Cream Industry Tbk.,--U-113500000051--------------,206.0,0.0,208.0,204.0,206.0,0.0,182400,37363600,62,62.4,206,5600,204,226300,5885000000,5885000000,5885000000,0,0,0,0,0
2020-07-16,CAMP,Campina Ice Cream Industry Tbk.,--U-113500000051--------------,206.0,0.0,208.0,204.0,206.0,0.0,226500,46378600,67,62.4,206,20400,204,268600,5885000000,5885000000,5885000000,90000,0,0,0,0
2020-07-15,CAMP,Campina Ice Cream Industry Tbk.,--U-113500000051--------------,206.0,0.0,208.0,204.0,206.0,0.0,398700,81517000,90,62.4,206,110700,204,74500,5885000000,5885000000,5885000000,0,0,0,0,0
2020-07-14,CAMP,Campina Ice Cream Industry Tbk.,--U-113500000051--------------,210.0,0.0,210.0,206.0,206.0,-4.0,113900,23547600,60,62.4,208,27000,206,75500,5885000000,5885000000,5885000000,0,0,0,0,0
2020-07-13,CAMP,Campina Ice Cream Industry Tbk.,--U-113500000051--------------,210.0,0.0,212.0,208.0,210.0,0.0,252400,52853600,101,63.6,210,47000,208,7800,5885000000,5885000000,5885000000,0,0,0,0,0
2020-07-10,CAMP,Campina Ice Cream Industry Tbk.,--U-113500000051--------------,206.0,0.0,210.0,204.0,210.0,4.0,621700,129098000,150,63.6,210,240500,206,34500,5885000000,5885000000,5885000000,0,0,0,0,0
2020-07-09,CAMP,Campina Ice Cream Industry Tbk.,--U-113500000051--------------,206.0,0.0,208.0,202.0,206.0,0.0,401500,82318200,89,62.4,206,4600,204,159100,5885000000,5885000000,5885000000,0,0,0,0,0
2020-07-08,CAMP,Campina Ice Cream Industry Tbk.,--U-113500000051--------------,208.0,0.0,208.0,202.0,206.0,-2.0,250100,51199400,118,62.4,208,216200,206,37800,5885000000,5885000000,5885000000,0,0,0,0,0
2020-07-07,CAMP,Campina Ice Cream Industry Tbk.,--U-113500000051--------------,208.0,0.0,208.0,204.0,208.0,0.0,203700,41698400,75,63.0,208,87900,206,500,5885000000,5885000000,5885000000,0,0,0,0,0
2020-07-06,CAMP,Campina Ice Cream Industry Tbk.,--U-113500000051--------------,208.0,0.0,208.0,206.0,208.0,0.0,189100,39068400,44,63.0,208,195200,206,100,5885000000,5885000000,5885000000,0,0,0,0,0
2020-07-03,CAMP,Campina Ice Cream Industry Tbk.,--U5---1,206.0,0.0,208.0,200.0,208.0,2.0,160300,32548600,61,63.0,208,176600,204,1500,5885000000,5885000000,5885000000,0,0,0,0,0
2020-07-02,CAMP,Campina Ice Cream Industry Tbk.,--U5---1,208.0,0.0,206.0,202.0,206.0,-2.0,124300,25383600,67,62.4,206,14900,204,11600,5885000000,5885000000,5885000000,0,0,0,0,0
2020-07-01,CAMP,Campina Ice Cream Industry Tbk.,--U5---1,206.0,0.0,208.0,202.0,208.0,2.0,164000,33757600,48,63.0,208,27000,202,77100,5885000000,5885000000,5885000000,0,0,0,0,0
2020-06-30,CAMP,Campina Ice Cream Industry Tbk.,--U5---1,208.0,0.0,210.0,199.0,206.0,-2.0,435800,88110400,102,62.4,206,42100,202,81100,5885000000,5885000000,5885000000,0,0,0,0,0
2020-06-29,CAMP,Campina Ice Cream Industry Tbk.,--U5---1,206.0,0.0,210.0,202.0,208.0,2.0,807500,165161000,263,63.0,208,2900,206,100,5885000000,5885000000,5885000000,0,0,0,0,0
2020-06-26,CAMP,Campina Ice Cream Industry Tbk.,--U5---1,208.0,0.0,212.0,206.0,206.0,-2.0,114100,23580000,56,62.4,208,6500,206,172700,5885000000,5885000000,5885000000,0,0,0,0,0
2020-06-25,CAMP,Campina Ice Cream Industry Tbk.,--U5---1,210.0,0.0,210.0,206.0,208.0,-2.0,83600,17324400,49,63.0,208,10300,206,38200,5885000000,5885000000,5885000000,0,0,0,0,0
2020-06-24,CAMP,Campina Ice Cream Industry Tbk.,--U5---1,208.0,0.0,212.0,206.0,210.0,2.0,290900,60735400,200,63.6,210,39300,208,3100,5885000000,5885000000,5885000000,0,0,0,0,0
2020-06-23,CAMP,Campina Ice Cream Industry Tbk.,--U5---1,212.0,0.0,212.0,204.0,208.0,-4.0,252300,52116000,78,63.0,208,39700,206,208700,5885000000,5885000000,5885000000,0,0,0,0,0
2020-06-22,CAMP,Campina Ice Cream Industry Tbk.,--U5---1,216.0,0.0,216.0,210.0,212.0,-4.0,398900,84431800,137,64.2,212,342700,210,31400,5885000000,5885000000,5885000000,0,0,0,0,0
2020-06-19,CAMP,Campina Ice Cream Industry Tbk.,--U5---1,216.0,0.0,218.0,214.0,216.0,0.0,254900,54878800,44,65.5,218,106300,216,3600,5885000000,5885000000,5885000000,0,0,0,0,0
2020-06-18,CAMP,Campina Ice Cream Industry Tbk.,--U5---1,220.0,0.0,222.0,216.0,216.0,-4.0,215200,46623800,66,65.5,218,159700,216,8500,5885000000,5885000000,5885000000,0,0,0,0,0
2020-06-17,CAMP,Campina Ice Cream Industry Tbk.,--U5---1,220.0,0.0,222.0,214.0,220.0,0.0,430600,93803600,131,66.7,220,7600,218,50300,5885000000,5885000000,5885000000,0,0,0,0,0
2020-06-16,CAMP,Campina Ice Cream Industry Tbk.,--U5---1,214.0,0.0,220.0,214.0,220.0,6.0,586800,127295200,172,66.7,222,86800,220,12400,5885000000,5885000000,5885000000,0,0,0,0,0
2020-06-15,CAMP,Campina Ice Cream Industry Tbk.,--U5---1,212.0,0.0,220.0,210.0,214.0,2.0,481400,103416400,111,64.8,214,49000,210,124000,5885000000,5885000000,5885000000,0,0,0,0,0
2020-06-12,CAMP,Campina Ice Cream Industry Tbk.,--U5---1,216.0,0.0,212.0,202.0,212.0,-4.0,778200,159794800,204,64.2,214,3800,212,4200,5885000000,5885000000,5885000000,0,0,0,0,0
2020-06-11,CAMP,Campina Ice Cream Industry Tbk.,--U5---1,230.0,0.0,230.0,216.0,216.0,-14.0,812600,177751800,167,65.5,216,114500,214,136400,5885000000,5885000000,5885000000,0,0,0,0,0
2020-06-10,CAMP,Campina Ice Cream Industry Tbk.,--U5---1,232.0,0.0,236.0,220.0,230.0,-2.0,1323600,302918800,217,69.7,230,149400,226,5600,5885000000,5885000000,5885000000,0,100000,0,0,0
2020-06-09,CAMP,Campina Ice Cream Industry Tbk.,--U5---1,210.0,0.0,242.0,208.0,232.0,22.0,6431100,1450669600,821,70.3,232,211800,226,44200,5885000000,5885000000,5885000000,0,0,0,0,0
2020-06-08,CAMP,Campina Ice Cream Industry Tbk.,--U5---1,206.0,0.0,210.0,204.0,210.0,4.0,912800,188981400,211,63.6,210,67300,208,10600,5885000000,5885000000,5885000000,0,0,0,0,0
2020-06-05,CAMP,Campina Ice Cream Industry Tbk.,--U5---1,204.0,0.0,208.0,200.0,206.0,2.0,441400,89360400,137,62.4,206,14700,204,2600,5885000000,5885000000,5885000000,0,0,0,0,0
2020-06-04,CAMP,Campina Ice Cream Industry Tbk.,--U5---1,210.0,0.0,212.0,204.0,204.0,-6.0,748800,155811600,168,61.8,204,108200,202,138500,5885000000,5885000000,5885000000,0,0,0,0,0
2020-06-03,CAMP,Campina Ice Cream Industry Tbk.,--U5---1,208.0,0.0,212.0,206.0,210.0,2.0,200800,41807000,128,63.6,210,313800,208,78500,5885000000,5885000000,5885000000,0,0,0,0,0
2020-06-02,CAMP,Campina Ice Cream Industry Tbk.,--U5---1,206.0,0.0,210.0,204.0,208.0,2.0,376200,77896000,149,63.0,208,22000,206,1400,5885000000,5885000000,5885000000,0,0,0,0,0
2020-05-29,CAMP,Campina Ice Cream Industry Tbk.,--U5---1,204.0,0.0,208.0,204.0,206.0,2.0,602600,124126800,96,62.4,208,44300,206,600,5885000000,5885000000,5885000000,0,0,0,0,0
2020-05-28,CAMP,Campina Ice Cream Industry Tbk.,--U5---1,199.0,0.0,210.0,199.0,204.0,5.0,1205400,244430800,268,61.8,206,35000,204,744900,5885000000,5885000000,5885000000,0,0,0,0,0
2020-05-27,CAMP,Campina Ice Cream Industry Tbk.,--U5---1,199.0,0.0,200.0,198.0,199.0,0.0,141100,28092000,63,60.3,200,38600,199,9500,5885000000,5885000000,5885000000,0,0,0,0,0
2020-05-26,CAMP,Campina Ice Cream Industry Tbk.,--U5---1,200.0,0.0,200.0,195.0,199.0,-1.0,210500,41725900,99,60.3,200,134000,199,800,5885000000,5885000000,5885000000,0,0,0,0,0
2020-05-20,CAMP,Campina Ice Cream Industry Tbk.,--U5---1,198.0,0.0,200.0,197.0,200.0,2.0,349800,69275200,161,60.6,200,43600,197,9600,5885000000,5885000000,5885000000,0,0,0,0,0
2020-05-19,CAMP,Campina Ice Cream Industry Tbk.,--U5---1,194.0,0.0,198.0,190.0,198.0,4.0,305400,59666700,122,60.0,200,42000,198,1100,5885000000,5885000000,5885000000,20000,0,0,0,0
2020-05-18,CAMP,Campina Ice Cream Industry Tbk.,--U5---1,204.0,0.0,204.0,190.0,194.0,-10.0,775100,152244200,201,58.8,196,22500,194,1000,5885000000,5885000000,5885000000,0,0,0,0,0
2020-05-15,CAMP,Campina Ice Cream Industry Tbk.,--U5---1,206.0,0.0,210.0,200.0,204.0,-2.0,755600,153054600,141,61.8,204,36800,202,300,5885000000,5885000000,5885000000,0,0,0,0,0
2020-05-14,CAMP,Campina Ice Cream Industry Tbk.,--U5---1,206.0,0.0,208.0,199.0,206.0,0.0,1755000,359990500,216,62.4,206,260500,202,5400,5885000000,5885000000,5885000000,0,0,0,0,0
2020-05-13,CAMP,Campina Ice Cream Industry Tbk.,--U5---1,208.0,0.0,210.0,199.0,206.0,-2.0,686900,139604800,200,62.4,206,34300,200,2000,5885000000,5885000000,5885000000,0,20000,0,0,0
2020-05-12,CAMP,Campina Ice Cream Industry Tbk.,--U5---1,200.0,0.0,208.0,196.0,208.0,8.0,2094300,422448500,471,63.0,208,2200,204,5000,5885000000,5885000000,5885000000,0,0,0,0,0
2020-05-11,CAMP,Campina Ice Cream Industry Tbk.,--U5---1,198.0,0.0,202.0,198.0,200.0,2.0,488300,97658300,131,60.6,200,17700,199,1900,5885000000,5885000000,5885000000,0,2000,0,0,0
2020-05-08,CAMP,Campina Ice Cream Industry Tbk.,--U5---1,194.0,0.0,198.0,192.0,198.0,4.0,345800,67874000,100,60.0,198,28800,197,1500,5885000000,5885000000,5885000000,20000,0,0,0,0
2020-05-06,CAMP,Campina Ice Cream Industry Tbk.,--U5---1,194.0,0.0,195.0,189.0,194.0,0.0,204400,39152000,99,58.8,194,50400,190,1000,5885000000,5885000000,5885000000,0,0,0,0,0
2020-05-05,CAMP,Campina Ice Cream Industry Tbk.,--U5---1,191.0,0.0,195.0,190.0,194.0,3.0,85000,16270200,44,58.8,195,62200,193,26500,5885000000,5885000000,5885000000,1000,0,0,0,0
2020-05-04,CAMP,Campina Ice Cream Industry Tbk.,--U5---1,193.0,0.0,195.0,189.0,191.0,-2.0,65400,12478100,55,57.9,191,800,190,12000,5885000000,5885000000,5885000000,0,0,0,0,0
2020-04-30,CAMP,Campina Ice Cream Industry Tbk.,--U5---1,192.0,0.0,195.0,189.0,193.0,1.0,73700,14198000,55,58.5,193,7500,191,3700,5885000000,5885000000,5885000000,0,0,0,0,0
2020-04-29,CAMP,Campina Ice Cream Industry Tbk.,--U5---1,188.0,0.0,192.0,188.0,192.0,4.0,35100,6710300,52,58.2,192,17700,191,4800,5885000000,5885000000,5885000000,0,0,0,0,0
2020-04-28,CAMP,Campina Ice Cream Industry Tbk.,--U5---1,188.0,0.0,194.0,187.0,188.0,0.0,74300,14070300,67,57.0,189,1500,188,600,5885000000,5885000000,5885000000,0,0,0,0,0
2020-04-27,CAMP,Campina Ice Cream Industry Tbk.,--U5---1,187.0,0.0,195.0,186.0,188.0,1.0,80800,15115100,54,57.0,188,400,187,4700,5885000000,5885000000,5885000000,0,0,0,0,0
2020-04-24,CAMP,Campina Ice Cream Industry Tbk.,--U5---1,193.0,0.0,195.0,186.0,187.0,-6.0,73500,13880800,41,56.7,187,400,186,28000,5885000000,5885000000,5885000000,0,0,0,0,0
2020-04-23,CAMP,Campina Ice Cream Industry Tbk.,--U5---1,190.0,0.0,198.0,188.0,193.0,3.0,91400,17791900,47,58.5,193,5900,190,200,5885000000,5885000000,5885000000,0,0,0,0,0
2020-04-22,CAMP,Campina Ice Cream Industry Tbk.,--U5---1,187.0,0.0,200.0,176.0,190.0,3.0,269000,49857700,80,57.6,190,30500,187,7000,5885000000,5885000000,5885000000,0,0,0,0,0
2020-04-21,CAMP,Campina Ice Cream Industry Tbk.,--U5---1,198.0,0.0,218.0,185.0,187.0,-11.0,1708400,343121000,343,56.7,189,900,187,9200,5885000000,5885000000,5885000000,0,0,0,0,0
2020-04-20,CAMP,Campina Ice Cream Industry Tbk.,--U5---1,189.0,0.0,198.0,185.0,198.0,9.0,166000,31639000,124,60.0,197,20300,191,100,5885000000,5885000000,5885000000,9900,0,0,0,0
2020-04-17,CAMP,Campina Ice Cream Industry Tbk.,--U5---1,183.0,0.0,191.0,180.0,189.0,6.0,54700,10096200,59,57.3,189,3300,184,20000,5885000000,5885000000,5885000000,4900,0,0,0,0
2020-04-16,CAMP,Campina Ice Cream Industry Tbk.,--U5---1,196.0,0.0,198.0,183.0,183.0,-13.0,449300,82684500,94,55.5,183,272400,0,0,5885000000,5885000000,5885000000,5000,1000,0,0,0
2020-04-15,CAMP,Campina Ice Cream Industry Tbk.,--U5---1,193.0,0.0,197.0,190.0,196.0,3.0,143600,27722400,100,59.4,195,5000,190,100,5885000000,5885000000,5885000000,200,0,0,0,0
2020-04-14,CAMP,Campina Ice Cream Industry Tbk.,--U5---1,186.0,0.0,196.0,184.0,193.0,7.0,116000,22102100,81,58.5,194,4000,193,36800,5885000000,5885000000,5885000000,0,0,0,0,0
2020-04-13,CAMP,Campina Ice Cream Industry Tbk.,--U5---1,189.0,0.0,190.0,184.0,186.0,-3.0,25800,4808100,31,56.4,187,2200,186,3200,5885000000,5885000000,5885000000,0,0,0,0,0
2020-04-09,CAMP,Campina Ice Cream Industry Tbk.,--U5---1,188.0,0.0,192.0,175.0,189.0,1.0,142500,26148300,88,57.3,189,23000,181,500,5885000000,5885000000,5885000000,10000,0,0,0,0
2020-04-08,CAMP,Campina Ice Cream Industry Tbk.,--U5---1,202.0,0.0,206.0,188.0,188.0,-14.0,950400,185489000,153,57.0,188,658000,0,0,5885000000,5885000000,5885000000,0,0,0,0,0
2020-04-07,CAMP,Campina Ice Cream Industry Tbk.,--U5---1,185.0,0.0,202.0,185.0,202.0,17.0,1493900,290652900,323,61.2,202,130300,193,1000,5885000000,5885000000,5885000000,70000,50000,0,0,0
2020-04-06,CAMP,Campina Ice Cream Industry Tbk.,--U5---1,178.0,0.0,185.0,178.0,185.0,7.0,509500,92771900,138,56.1,185,26300,184,200,5885000000,5885000000,5885000000,0,0,0,0,0
2020-04-03,CAMP,Campina Ice Cream Industry Tbk.,--U5---1,165.0,0.0,186.0,163.0,178.0,13.0,1569700,279037600,285,53.9,179,10700,178,8200,5885000000,5885000000,5885000000,0,20000,0,0,0
2020-04-02,CAMP,Campina Ice Cream Industry Tbk.,--U5---1,170.0,0.0,166.0,160.0,165.0,-5.0,308200,50371900,59,50.0,165,10600,164,500,5885000000,5885000000,5885000000,0,0,0,0,0
2020-04-01,CAMP,Campina Ice Cream Industry Tbk.,--U5---1,157.0,0.0,170.0,154.0,170.0,13.0,579000,94870000,165,51.5,170,22400,160,100,5885000000,5885000000,5885000000,0,0,0,0,0
2020-03-31,CAMP,Campina Ice Cream Industry Tbk.,--U5---1,153.0,0.0,162.0,156.0,157.0,4.0,130600,20695400,59,47.6,157,500,156,41000,5885000000,5885000000,5885000000,0,0,0,0,0
2020-03-30,CAMP,Campina Ice Cream Industry Tbk.,--U5---1,163.0,0.0,164.0,152.0,153.0,-10.0,526100,80508400,84,46.4,153,34800,0,0,5885000000,5885000000,5885000000,0,0,0,0,0
2020-03-27,CAMP,Campina Ice Cream Industry Tbk.,--U5---1,147.0,0.0,173.0,138.0,163.0,16.0,1849800,289494900,221,49.4,163,16300,155,7000,5885000000,5885000000,5885000000,50000,90000,0,0,0
2020-03-26,CAMP,Campina Ice Cream Industry Tbk.,--U5---1,125.0,0.0,147.0,129.0,147.0,22.0,1091800,156352600,189,44.5,147,114500,137,35000,5885000000,5885000000,5885000000,0,0,0,0,0
2020-03-24,CAMP,Campina Ice Cream Industry Tbk.,--U5---1,131.0,0.0,140.0,125.0,125.0,-6.0,375700,48716000,125,37.9,126,200000,125,17500,5885000000,5885000000,5885000000,0,0,0,0,0
2020-03-23,CAMP,Campina Ice Cream Industry Tbk.,--U5---1,140.0,0.0,144.0,131.0,131.0,-9.0,283300,37411400,70,39.7,131,145900,0,0,5885000000,5885000000,5885000000,0,0,0,0,0
2020-03-20,CAMP,Campina Ice Cream Industry Tbk.,--U5---1,144.0,0.0,152.0,137.0,140.0,-4.0,1795400,251805000,123,42.4,140,289200,138,207000,5885000000,5885000000,5885000000,0,0,3000000,411000000,1
2020-03-19,CAMP,Campina Ice Cream Industry Tbk.,--U5---1,144.0,0.0,144.0,134.0,144.0,0.0,654100,89787600,111,43.6,144,1900,137,1100,5885000000,5885000000,5885000000,0,0,0,0,0
2020-03-18,CAMP,Campina Ice Cream Industry Tbk.,--U5---1,150.0,0.0,148.0,140.0,144.0,-6.0,850100,119705300,111,43.6,144,8200,141,93100,5885000000,5885000000,5885000000,0,0,0,0,0
2020-03-17,CAMP,Campina Ice Cream Industry Tbk.,--U5---1,161.0,0.0,159.0,150.0,150.0,-11.0,1581800,238253800,266,45.5,152,18800,150,336200,5885000000,5885000000,5885000000,0,0,0,0,0
2020-03-16,CAMP,Campina Ice Cream Industry Tbk.,--U5---1,168.0,0.0,168.0,157.0,161.0,-7.0,818200,130372900,158,48.8,165,5400,161,225500,5885000000,5885000000,5885000000,50000,0,0,0,0
2020-03-13,CAMP,Campina Ice Cream Industry Tbk.,--U5---1,172.0,0.0,172.0,160.0,168.0,-4.0,2294500,370335300,161,50.9,168,34700,163,20700,5885000000,5885000000,5885000000,0,0,0,0,0
2020-03-12,CAMP,Campina Ice Cream Industry Tbk.,--U5---1,175.0,0.0,175.0,171.0,172.0,-3.0,743200,127419700,184,52.1,173,16600,172,1600,5885000000,5885000000,5885000000,45000,0,0,0,0
2020-03-11,CAMP,Campina Ice Cream Industry Tbk.,--U5---1,175.0,0.0,185.0,175.0,175.0,0.0,1254200,224860800,335,53.0,176,5000,175,209300,5885000000,5885000000,5885000000,0,0,0,0,0
2020-03-10,CAMP,Campina Ice Cream Industry Tbk.,--U5---1,173.0,0.0,177.0,170.0,175.0,2.0,1697500,293493500,433,53.0,176,8800,173,230900,5885000000,5885000000,5885000000,0,0,0,0,0
2020-03-09,CAMP,Campina Ice Cream Industry Tbk.,--U5---1,198.0,0.0,196.0,162.0,173.0,-25.0,3770600,660748300,610,52.4,174,15000,173,308200,5885000000,5885000000,5885000000,0,0,0,0,0
2020-03-06,CAMP,Campina Ice Cream Industry Tbk.,--U5---1,210.0,0.0,214.0,196.0,198.0,-12.0,2200500,453438300,530,60.0,198,100000,197,17600,5885000000,5885000000,5885000000,0,0,0,0,0
2020-03-05,CAMP,Campina Ice Cream Industry Tbk.,--U5---1,194.0,0.0,216.0,192.0,210.0,16.0,2514300,511094000,466,63.6,212,27400,210,100,5885000000,5885000000,5885000000,0,0,0,0,0
2020-03-04,CAMP,Campina Ice Cream Industry Tbk.,--U5---1,192.0,0.0,198.0,191.0,194.0,2.0,1962200,378803700,269,58.8,195,700,193,21500,5885000000,5885000000,5885000000,0,10000,0,0,0
2020-03-03,CAMP,Campina Ice Cream Industry Tbk.,--U5---1,190.0,0.0,197.0,190.0,192.0,2.0,1377100,266705000,296,58.2,194,50000,192,30200,5885000000,5885000000,5885000000,0,0,0,0,0
2020-03-02,CAMP,Campina Ice Cream Industry Tbk.,--U5---1,214.0,0.0,232.0,188.0,190.0,-24.0,3074500,612371600,597,57.6,193,4900,190,63800,5885000000,5885000000,5885000000,0,95000,0,0,0
2020-02-28,CAMP,Campina Ice Cream Industry Tbk.,--U5---1,262.0,0.0,258.0,200.0,214.0,-48.0,1428600,307167400,357,64.8,214,55800,212,32900,5885000000,5885000000,5885000000,0,0,0,0,0
2020-02-27,CAMP,Campina Ice Cream Industry Tbk.,--U5---1,280.0,0.0,278.0,260.0,262.0,-18.0,848800,224849400,184,79.4,262,38800,260,1400,5885000000,5885000000,5885000000,0,0,0,0,0
2020-02-26,CAMP,Campina Ice Cream Industry Tbk.,--U5---1,284.0,0.0,288.0,274.0,280.0,-4.0,814000,228657000,127,84.8,280,9900,278,800,5885000000,5885000000,5885000000,0,0,0,0,0
2020-02-25,CAMP,Campina Ice Cream Industry Tbk.,--U5---1,290.0,0.0,288.0,280.0,284.0,-6.0,746300,212451200,107,86.1,286,38200,284,10400,5885000000,5885000000,5885000000,0,0,0,0,0
2020-02-24,CAMP,Campina Ice Cream Industry Tbk.,--U5---1,290.0,0.0,290.0,280.0,290.0,0.0,1054300,298314000,157,87.9,290,45400,286,100,5885000000,5885000000,5885000000,0,0,0,0,0
2020-02-21,CAMP,Campina Ice Cream Industry Tbk.,--U5---1,292.0,0.0,294.0,288.0,290.0,-2.0,179500,52328800,153,87.9,292,2500,290,800,5885000000,5885000000,5885000000,0,0,0,0,0
2020-02-20,CAMP,Campina Ice Cream Industry Tbk.,--U5---1,294.0,0.0,300.0,282.0,292.0,-2.0,829500,241307200,148,88.5,292,27800,288,10900,5885000000,5885000000,5885000000,0,0,0,0,0
2020-02-19,CAMP,Campina Ice Cream Industry Tbk.,--U5---1,298.0,0.0,300.0,282.0,294.0,-4.0,886800,259676000,144,89.1,294,3700,290,4600,5885000000,5885000000,5885000000,0,0,0,0,0
2020-02-18,CAMP,Campina Ice Cream Industry Tbk.,--U5---1,298.0,0.0,300.0,292.0,298.0,0.0,138400,41119800,48,90.3,298,1400,296,500,5885000000,5885000000,5885000000,0,0,0,0,0
2020-02-17,CAMP,Campina Ice Cream Industry Tbk.,--U5---1,300.0,0.0,304.0,294.0,298.0,-2.0,780300,231163200,126,90.3,298,30900,296,600,5885000000,5885000000,5885000000,0,0,0,0,0
2020-02-14,CAMP,Campina Ice Cream Industry Tbk.,--U5---1,306.0,0.0,306.0,298.0,300.0,-6.0,751000,226836800,127,90.9,300,5000,298,100,5885000000,5885000000,5885000000,0,0,0,0,0
2020-02-13,CAMP,Campina Ice Cream Industry Tbk.,--U5---1,302.0,0.0,308.0,298.0,306.0,4.0,850400,255495400,139,92.7,306,15100,302,200,5885000000,5885000000,5885000000,0,0,0,0,0
2020-02-12,CAMP,Campina Ice Cream Industry Tbk.,--U5---1,308.0,0.0,310.0,300.0,302.0,-6.0,741400,223948600,132,91.5,302,46000,300,2600,5885000000,5885000000,5885000000,0,0,0,0,0
2020-02-11,CAMP,Campina Ice Cream Industry Tbk.,--U5---1,300.0,0.0,308.0,300.0,308.0,8.0,166300,50385600,65,93.3,308,1800,302,4000,5885000000,5885000000,5885000000,0,0,0,0,0
2020-02-10,CAMP,Campina Ice Cream Industry Tbk.,--U5---1,310.0,0.0,312.0,300.0,300.0,-10.0,423400,128262400,116,90.9,302,2000,300,7700,5885000000,5885000000,5885000000,0,0,0,0,0
2020-02-07,CAMP,Campina Ice Cream Industry Tbk.,--U5---1,310.0,0.0,314.0,304.0,310.0,0.0,144700,44466400,67,93.9,310,6900,306,9500,5885000000,5885000000,5885000000,0,0,0,0,0
2020-02-06,CAMP,Campina Ice Cream Industry Tbk.,--U5---1,312.0,0.0,314.0,306.0,310.0,-2.0,863000,266065400,104,93.9,310,10100,306,23500,5885000000,5885000000,5885000000,0,0,0,0,0
2020-02-05,CAMP,Campina Ice Cream Industry Tbk.,--U5---1,310.0,0.0,318.0,302.0,312.0,2.0,844800,260034600,136,94.5,312,6600,310,200,5885000000,5885000000,5885000000,0,0,0,0,0
2020-02-04,CAMP,Campina Ice Cream Industry Tbk.,--U5---1,314.0,0.0,316.0,294.0,310.0,-4.0,380400,115674600,224,93.9,310,2400,304,5000,5885000000,5885000000,5885000000,0,0,0,0,0
2020-02-03,CAMP,Campina Ice Cream Industry Tbk.,--U5---1,322.0,0.0,330.0,270.0,314.0,-8.0,1614600,498568800,291,95.2,314,36900,302,4200,5885000000,5885000000,5885000000,0,0,0,0,0
2020-01-31,CAMP,Campina Ice Cream Industry Tbk.,--U5---1,336.0,0.0,340.0,320.0,322.0,-14.0,606800,197794200,133,97.6,322,15700,320,78900,5885000000,5885000000,5885000000,0,0,0,0,0
2020-01-30,CAMP,Campina Ice Cream Industry Tbk.,--U5---1,340.0,0.0,340.0,334.0,336.0,-4.0,732300,244815600,103,101.8,336,7800,332,29800,5885000000,5885000000,5885000000,0,0,0,0,0
2020-01-29,CAMP,Campina Ice Cream Industry Tbk.,--U5---1,346.0,0.0,350.0,330.0,340.0,-6.0,435600,146606400,127,103.0,340,38600,332,19800,5885000000,5885000000,5885000000,0,0,0,0,0
2020-01-28,CAMP,Campina Ice Cream Industry Tbk.,--U5---1,342.0,0.0,348.0,340.0,346.0,4.0,430200,147306000,84,104.8,346,10900,338,3200,5885000000,5885000000,5885000000,0,100000,0,0,0
2020-01-27,CAMP,Campina Ice Cream Industry Tbk.,--U5---1,350.0,0.0,354.0,340.0,342.0,-8.0,404700,139733200,127,103.6,344,3100,342,15300,5885000000,5885000000,5885000000,0,0,0,0,0
2020-01-24,CAMP,Campina Ice Cream Industry Tbk.,--U5---1,348.0,0.0,350.0,346.0,350.0,2.0,698500,243070600,88,106.1,350,5100,348,7100,5885000000,5885000000,5885000000,0,0,0,0,0
2020-01-23,CAMP,Campina Ice Cream Industry Tbk.,--U5---1,346.0,0.0,356.0,346.0,348.0,2.0,746000,258921800,105,105.5,348,45100,346,9000,5885000000,5885000000,5885000000,0,0,0,0,0
2020-01-22,CAMP,Campina Ice Cream Industry Tbk.,--U5---1,346.0,0.0,360.0,346.0,346.0,0.0,456400,160178000,132,104.8,348,44800,346,3900,5885000000,5885000000,5885000000,0,0,0,0,0
2020-01-21,CAMP,Campina Ice Cream Industry Tbk.,--U5---1,346.0,0.0,352.0,326.0,346.0,0.0,840700,290787400,117,104.8,346,31800,344,200,5885000000,5885000000,5885000000,0,0,350000,122500000,1
2020-01-20,CAMP,Campina Ice Cream Industry Tbk.,--U5---1,356.0,0.0,364.0,342.0,346.0,-10.0,1227600,427258600,413,104.8,346,500,344,3000,5885000000,5885000000,5885000000,0,200000,0,0,0
2020-01-17,CAMP,Campina Ice Cream Industry Tbk.,--U5---1,366.0,0.0,366.0,356.0,356.0,-10.0,702800,252421200,222,107.9,362,39300,356,20000,5885000000,5885000000,5885000000,1100,0,0,0,0
2020-01-16,CAMP,Campina Ice Cream Industry Tbk.,--U5---1,366.0,0.0,368.0,360.0,366.0,0.0,1241300,451823800,162,110.9,366,9700,362,3500,5885000000,5885000000,5885000000,0,90000,0,0,0
2020-01-15,CAMP,Campina Ice Cream Industry Tbk.,--U5---1,368.0,0.0,370.0,360.0,366.0,-2.0,825900,299780600,153,110.9,366,44000,362,26100,5885000000,5885000000,5885000000,0,36200,0,0,0
2020-01-14,CAMP,Campina Ice Cream Industry Tbk.,--U5---1,370.0,0.0,370.0,362.0,368.0,-2.0,759100,276793200,187,111.5,370,79600,364,24100,5885000000,5885000000,5885000000,0,0,0,0,0
2020-01-13,CAMP,Campina Ice Cream Industry Tbk.,--U5---1,370.0,0.0,372.0,364.0,370.0,0.0,717500,262189400,156,112.1,370,130600,368,1000,5885000000,5885000000,5885000000,0,0,0,0,0
2020-01-10,CAMP,Campina Ice Cream Industry Tbk.,--U5---1,362.0,0.0,370.0,362.0,370.0,8.0,1147000,420253600,188,112.1,372,42400,370,34000,5885000000,5885000000,5885000000,900,12800,0,0,0
2020-01-09,CAMP,Campina Ice Cream Industry Tbk.,--U5---1,366.0,0.0,370.0,362.0,362.0,-4.0,222900,81401000,91,109.7,366,101800,362,78500,5885000000,5885000000,5885000000,0,7500,0,0,0
2020-01-08,CAMP,Campina Ice Cream Industry Tbk.,--U5---1,366.0,0.0,370.0,364.0,366.0,0.0,473000,172360000,145,110.9,366,148800,364,29400,5885000000,5885000000,5885000000,4500,0,0,0,0
2020-01-07,CAMP,Campina Ice Cream Industry Tbk.,--U5---1,364.0,0.0,372.0,362.0,366.0,2.0,728200,265215800,145,110.9,366,9200,364,9700,5885000000,5885000000,5885000000,0,5400,0,0,0
2020-01-06,CAMP,Campina Ice Cream Industry Tbk.,--U5---1,372.0,0.0,374.0,360.0,364.0,-8.0,1458600,539159000,241,110.3,368,11900,364,47400,5885000000,5885000000,5885000000,100,0,0,0,0
2020-01-03,CAMP,Campina Ice Cream Industry Tbk.,--U5---1,374.0,0.0,372.0,368.0,372.0,-2.0,805400,296761600,181,112.7,372,59000,368,1000,5885000000,5885000000,5885000000,0,90900,0,0,0
2020-01-02,CAMP,Campina Ice Cream Industry Tbk.,--U5---1,374.0,0.0,376.0,370.0,374.0,0.0,969700,360446200,196,113.3,374,65700,370,2500,5885000000,5885000000,5885000000,0,0,0,0,0
