Date,Ticker,Name,Remarks,Previous,Open,High,Low,Close,Change,Volume,Value,Frequency,IndexIndividual,Offer,OfferVolume,Bid,BidVolume,ListedShares,TradebleShares,WeightForIndex,ForeignSell,ForeignBuy,NonRegularVolume,NonRegularValue,NonRegularFrequency
2026-05-13,HEXA,Hexindo Adiperkasa Tbk.,--UO1135000000C141------------,4500.0,4500.0,4500.0,4470.0,4490.0,-10.0,52600,235827000,157,1374.5,4500,6300,4490,700,840000000,840000000,171696000,8100,200,0,0,0
2026-05-12,HEXA,Hexindo Adiperkasa Tbk.,--UO1135000000C141------------,4510.0,4540.0,4540.0,4440.0,4500.0,-10.0,606400,2710629000,349,1377.6,4500,2300,4490,100,840000000,840000000,171696000,23500,282000,0,0,0
2026-05-11,HEXA,Hexindo Adiperkasa Tbk.,--UO1135000000C141------------,4530.0,4530.0,4530.0,4480.0,4510.0,-20.0,221400,997211000,334,1380.6,4520,14600,4510,1100,840000000,840000000,171696000,59800,2600,0,0,0
2026-05-08,HEXA,Hexindo Adiperkasa Tbk.,--UO1135000000C141------------,4510.0,4510.0,4560.0,4500.0,4530.0,20.0,512700,2320331000,338,1386.8,4530,26800,4520,300,840000000,840000000,171696000,103100,146600,0,0,0
2026-05-07,HEXA,Hexindo Adiperkasa Tbk.,--UO1135000000C141------------,4500.0,4500.0,4550.0,4500.0,4510.0,10.0,207600,937821000,267,1380.6,4520,400,4500,26400,840000000,840000000,171696000,400,5900,0,0,0
2026-05-06,HEXA,Hexindo Adiperkasa Tbk.,--UO1135000000C141------------,4460.0,4460.0,4500.0,4460.0,4500.0,40.0,75400,337975000,138,1377.6,4500,66700,4490,10400,840000000,840000000,171696000,8200,0,0,0,0
2026-05-05,HEXA,Hexindo Adiperkasa Tbk.,--UO1135000000C141------------,4440.0,4440.0,4470.0,4410.0,4460.0,20.0,64600,286762000,194,1365.3,4460,3600,4450,1300,840000000,840000000,171696000,6900,5700,0,0,0
2026-05-04,HEXA,Hexindo Adiperkasa Tbk.,--UO1135000000C141------------,4440.0,4440.0,4490.0,4420.0,4440.0,0.0,116600,518808000,258,1359.2,4440,19600,4430,10200,840000000,840000000,171696000,5800,14600,0,0,0
2026-04-30,HEXA,Hexindo Adiperkasa Tbk.,--UO1135000000C141------------,4460.0,4460.0,4470.0,4410.0,4440.0,-20.0,154900,686431000,271,1359.2,4440,1100,4430,200,840000000,840000000,171696000,20900,500,0,0,0
2026-04-29,HEXA,Hexindo Adiperkasa Tbk.,--UO1135000000C141------------,4440.0,4440.0,4470.0,4440.0,4460.0,20.0,83700,372631000,143,1365.3,4480,3500,4460,89100,840000000,840000000,171696000,5500,4600,0,0,0
2026-04-28,HEXA,Hexindo Adiperkasa Tbk.,--UO1135000000C141------------,4460.0,4460.0,4460.0,4380.0,4440.0,-20.0,140200,619206000,258,1359.2,4440,38800,4420,1700,840000000,840000000,171696000,10100,12800,0,0,0
2026-04-27,HEXA,Hexindo Adiperkasa Tbk.,--UO1135000000C141------------,4480.0,4480.0,4480.0,4440.0,4460.0,-20.0,255000,1135939000,345,1365.3,4460,4300,4450,13800,840000000,840000000,171696000,53100,400,0,0,0
2026-04-24,HEXA,Hexindo Adiperkasa Tbk.,--UO1135000000C141------------,4520.0,4520.0,4530.0,4400.0,4480.0,-40.0,291700,1299881000,562,1371.5,4490,4400,4450,100,840000000,840000000,171696000,29700,21000,0,0,0
2026-04-23,HEXA,Hexindo Adiperkasa Tbk.,--UO1135000000C141------------,4530.0,4530.0,4530.0,4510.0,4520.0,-10.0,100700,454939000,204,1383.7,4520,78500,4510,26600,840000000,840000000,171696000,0,8200,0,0,0
2026-04-22,HEXA,Hexindo Adiperkasa Tbk.,--UO1135000000C141------------,4510.0,4520.0,4540.0,4510.0,4530.0,20.0,90700,409953000,155,1386.8,4530,105700,4520,3900,840000000,840000000,171696000,41600,7100,0,0,0
2026-04-21,HEXA,Hexindo Adiperkasa Tbk.,--UO1135000000C141------------,4530.0,4530.0,4530.0,4500.0,4510.0,-20.0,223400,1008990000,286,1380.6,4510,7900,4500,99000,840000000,840000000,171696000,2500,4000,0,0,0
2026-04-20,HEXA,Hexindo Adiperkasa Tbk.,--UO1135000000C141------------,4500.0,4510.0,4530.0,4490.0,4530.0,30.0,307300,1387147000,213,1386.8,4530,37500,4520,87200,840000000,840000000,171696000,82600,2700,0,0,0
2026-04-17,HEXA,Hexindo Adiperkasa Tbk.,--UO1135000000C141------------,4520.0,4520.0,4520.0,4500.0,4500.0,-20.0,322100,1451655000,244,1377.6,4510,11300,4500,40800,840000000,840000000,171696000,36900,4100,0,0,0
2026-04-16,HEXA,Hexindo Adiperkasa Tbk.,--UO1135000000C141------------,4520.0,4520.0,4540.0,4520.0,4520.0,0.0,87600,396546000,176,1383.7,4530,95400,4520,14100,840000000,840000000,171696000,1400,5300,0,0,0
2026-04-15,HEXA,Hexindo Adiperkasa Tbk.,--UO1135000000C141------------,4520.0,4520.0,4540.0,4500.0,4520.0,0.0,203500,918158000,299,1383.7,4520,3300,4510,105600,840000000,840000000,171696000,11200,54400,0,0,0
2026-04-14,HEXA,Hexindo Adiperkasa Tbk.,--UO1135000000C141------------,4510.0,4510.0,4530.0,4510.0,4520.0,10.0,126100,570102000,250,1383.7,4520,15900,4510,32700,840000000,840000000,171696000,2600,5100,0,0,0
2026-04-13,HEXA,Hexindo Adiperkasa Tbk.,--UO1135000000C141------------,4500.0,4500.0,4520.0,4500.0,4510.0,10.0,368800,1661132000,260,1380.6,4510,19900,4500,60200,840000000,840000000,171696000,15600,1200,0,0,0
2026-04-10,HEXA,Hexindo Adiperkasa Tbk.,--UO1135000000C141------------,4410.0,4410.0,4520.0,4410.0,4500.0,90.0,548700,2452831000,387,1377.6,4510,39400,4500,96400,840000000,840000000,171696000,1000,66700,5,22050,1
2026-04-09,HEXA,Hexindo Adiperkasa Tbk.,--UO1135000000C141------------,4390.0,4400.0,4410.0,4390.0,4410.0,20.0,68500,301632000,163,1350.0,4410,100,4400,7900,840000000,840000000,171696000,9500,13400,0,0,0
2026-04-08,HEXA,Hexindo Adiperkasa Tbk.,--UO1135000000C141------------,4370.0,4370.0,4440.0,4360.0,4390.0,20.0,154300,676310000,196,1343.9,4400,10500,4390,400,840000000,840000000,171696000,100500,11700,0,0,0
2026-04-07,HEXA,Hexindo Adiperkasa Tbk.,--UO1135000000C141------------,4400.0,4400.0,4400.0,4300.0,4370.0,-30.0,419000,1817749000,381,1337.8,4370,3400,4360,3800,840000000,840000000,171696000,266100,138000,0,0,0
2026-04-06,HEXA,Hexindo Adiperkasa Tbk.,--UO1135000000C141------------,4390.0,4390.0,4420.0,4380.0,4400.0,10.0,139000,611211000,195,1347.0,4400,22800,4390,6500,840000000,840000000,171696000,30500,8000,0,0,0
2026-04-02,HEXA,Hexindo Adiperkasa Tbk.,--UO1135000000C141------------,4390.0,4400.0,4400.0,4330.0,4390.0,0.0,173400,756968000,297,1343.9,4390,4600,4380,100,840000000,840000000,171696000,17400,12600,0,0,0
2026-04-01,HEXA,Hexindo Adiperkasa Tbk.,--UO1135000000C141------------,4360.0,4360.0,4440.0,4330.0,4390.0,30.0,320200,1402032000,292,1343.9,4400,11500,4390,700,840000000,840000000,171696000,189200,123600,0,0,0
2026-03-31,HEXA,Hexindo Adiperkasa Tbk.,--UO1135000000C141------------,4410.0,4410.0,4410.0,4330.0,4360.0,-50.0,245900,1074111000,518,1334.7,4360,59700,4350,6900,840000000,840000000,171696000,600,20800,0,0,0
2026-03-30,HEXA,Hexindo Adiperkasa Tbk.,--UO1135000000C141------------,4440.0,4440.0,4450.0,4390.0,4410.0,-30.0,213600,943690000,370,1350.0,4410,74200,4400,19800,840000000,840000000,171696000,40300,27400,0,0,0
2026-03-27,HEXA,Hexindo Adiperkasa Tbk.,--UO1135000000C141------------,4440.0,4450.0,4470.0,4440.0,4440.0,0.0,128400,571555000,177,1359.2,4450,3800,4440,57000,840000000,840000000,171696000,40400,5200,0,0,0
2026-03-26,HEXA,Hexindo Adiperkasa Tbk.,--UO1135000000C141------------,4440.0,4440.0,4490.0,4440.0,4440.0,0.0,199400,888053000,269,1359.2,4450,7500,4440,160300,840000000,840000000,171696000,57000,13200,0,0,0
2026-03-25,HEXA,Hexindo Adiperkasa Tbk.,--UO1135000000C141------------,4340.0,4340.0,4450.0,4300.0,4440.0,100.0,322900,1417610000,392,1359.2,4450,15900,4440,22900,840000000,840000000,171696000,46000,157100,0,0,0
2026-03-17,HEXA,Hexindo Adiperkasa Tbk.,--UO1135000000C141------------,4330.0,4330.0,4350.0,4320.0,4340.0,10.0,246900,1070694000,269,1328.6,4350,11000,4340,400,840000000,840000000,171696000,5600,3500,0,0,0
2026-03-16,HEXA,Hexindo Adiperkasa Tbk.,--UO1135000000C141------------,4350.0,4370.0,4380.0,4260.0,4330.0,-20.0,275100,1185140000,441,1325.5,4330,18200,4320,13800,840000000,840000000,171696000,50000,14300,0,0,0
2026-03-13,HEXA,Hexindo Adiperkasa Tbk.,--UO1135000000C141------------,4370.0,4380.0,4380.0,4340.0,4350.0,-20.0,85800,373666000,248,1331.7,4360,500,4350,200,840000000,840000000,171696000,10000,0,0,0,0
2026-03-12,HEXA,Hexindo Adiperkasa Tbk.,--UO1135000000C141------------,4380.0,4380.0,4400.0,4350.0,4370.0,-10.0,176800,774475000,244,1337.8,4380,800,4370,400,840000000,840000000,171696000,2600,1100,0,0,0
2026-03-11,HEXA,Hexindo Adiperkasa Tbk.,--UO1135000000C141------------,4380.0,4390.0,4430.0,4360.0,4380.0,0.0,149400,656646000,266,1340.8,4380,17500,4370,10000,840000000,840000000,171696000,27100,49300,0,0,0
2026-03-10,HEXA,Hexindo Adiperkasa Tbk.,--UO1135000000C141------------,4330.0,4330.0,4400.0,4330.0,4380.0,50.0,127800,557640000,202,1340.8,4390,3700,4380,1400,840000000,840000000,171696000,15300,2200,0,0,0
2026-03-09,HEXA,Hexindo Adiperkasa Tbk.,--UO1135000000C141------------,4400.0,4420.0,4420.0,4330.0,4330.0,-70.0,310900,1354936000,555,1325.5,4340,1200,4330,25200,840000000,840000000,171696000,59800,3800,0,0,0
2026-03-06,HEXA,Hexindo Adiperkasa Tbk.,--UO1135000000C141------------,4410.0,4410.0,4450.0,4400.0,4400.0,-10.0,202700,893899000,228,1347.0,4420,5800,4400,6500,840000000,840000000,171696000,8500,14100,0,0,0
2026-03-05,HEXA,Hexindo Adiperkasa Tbk.,--UO1135000000C141------------,4390.0,4390.0,4450.0,4380.0,4410.0,20.0,353900,1556468000,402,1350.0,4420,6000,4410,200,840000000,840000000,171696000,43300,13000,0,0,0
2026-03-04,HEXA,Hexindo Adiperkasa Tbk.,--UO1135000000C141------------,4470.0,4470.0,4470.0,4350.0,4390.0,-80.0,579800,2545234000,895,1343.9,4390,12100,4380,300,840000000,840000000,171696000,118700,87400,0,0,0
2026-03-03,HEXA,Hexindo Adiperkasa Tbk.,--UO1135000000C141------------,4490.0,4480.0,4480.0,4440.0,4470.0,-20.0,208100,929413000,357,1368.4,4480,65700,4470,5200,840000000,840000000,171696000,16100,8300,0,0,0
2026-03-02,HEXA,Hexindo Adiperkasa Tbk.,--UO1135000000C141------------,4520.0,4500.0,4510.0,4400.0,4490.0,-30.0,238900,1068063000,438,1374.5,4490,12600,4480,10200,840000000,840000000,171696000,10900,24300,0,0,0
2026-02-27,HEXA,Hexindo Adiperkasa Tbk.,--UO1135000000C141------------,4520.0,4520.0,4520.0,4490.0,4520.0,0.0,215300,969554000,279,1383.7,4520,31100,4510,41900,840000000,840000000,171696000,9000,200,0,0,0
2026-02-26,HEXA,Hexindo Adiperkasa Tbk.,--UO1135000000C141------------,4540.0,4510.0,4540.0,4510.0,4520.0,-20.0,178700,808622000,265,1383.7,4530,31300,4520,9400,840000000,840000000,171696000,16900,55900,0,0,0
2026-02-25,HEXA,Hexindo Adiperkasa Tbk.,--UO1135000000C141------------,4530.0,4530.0,4540.0,4520.0,4540.0,10.0,151900,687628000,300,1389.8,4540,14700,4530,700,840000000,840000000,171696000,8800,12700,0,0,0
2026-02-24,HEXA,Hexindo Adiperkasa Tbk.,--UO1135000000C141------------,4530.0,4530.0,4550.0,4510.0,4530.0,0.0,193400,877216000,291,1386.8,4530,1300,4520,1000,840000000,840000000,171696000,12700,16100,0,0,0
2026-02-23,HEXA,Hexindo Adiperkasa Tbk.,--UO1135000000C141------------,4520.0,4530.0,4540.0,4520.0,4530.0,10.0,165700,749974000,282,1386.8,4540,180600,4530,500,840000000,840000000,171696000,1300,27200,0,0,0
2026-02-20,HEXA,Hexindo Adiperkasa Tbk.,--UO1135000000C141------------,4530.0,4530.0,4540.0,4490.0,4520.0,-10.0,402100,1815480000,391,1383.7,4530,1000,4520,4300,840000000,840000000,171696000,39600,14700,0,0,0
2026-02-19,HEXA,Hexindo Adiperkasa Tbk.,--UO1135000000C141------------,4520.0,4520.0,4540.0,4520.0,4530.0,10.0,262400,1188071000,316,1386.8,4530,22000,4520,309400,840000000,840000000,171696000,400,19700,0,0,0
2026-02-18,HEXA,Hexindo Adiperkasa Tbk.,--UO1135000000C141------------,4460.0,4550.0,4550.0,4460.0,4520.0,60.0,575600,2588625000,495,1383.7,4520,40200,4510,100,840000000,840000000,171696000,40600,235300,0,0,0
2026-02-13,HEXA,Hexindo Adiperkasa Tbk.,--UO1135000000C141------------,4460.0,4460.0,4470.0,4450.0,4460.0,0.0,149500,666944000,178,1365.3,4470,56400,4460,3100,840000000,840000000,171696000,2400,20900,0,0,0
2026-02-12,HEXA,Hexindo Adiperkasa Tbk.,--UO1135000000C141------------,4460.0,4460.0,4470.0,4450.0,4460.0,0.0,120500,537381000,222,1365.3,4460,28300,4450,38400,840000000,840000000,171696000,4000,10300,0,0,0
2026-02-11,HEXA,Hexindo Adiperkasa Tbk.,--UO1135000000C141------------,4440.0,4440.0,4470.0,4440.0,4460.0,20.0,160500,714655000,324,1365.3,4460,27200,4450,12600,840000000,840000000,171696000,13700,67200,0,0,0
2026-02-10,HEXA,Hexindo Adiperkasa Tbk.,--UO1135000000C141------------,4400.0,4400.0,4450.0,4400.0,4440.0,40.0,215900,957308000,337,1359.2,4450,41600,4430,10100,840000000,840000000,171696000,5200,119800,0,0,0
2026-02-09,HEXA,Hexindo Adiperkasa Tbk.,--UO1135000000C141------------,4390.0,4400.0,4420.0,4390.0,4400.0,10.0,162200,713680000,229,1347.0,4410,11600,4400,69000,840000000,840000000,171696000,30700,59900,0,0,0
2026-02-06,HEXA,Hexindo Adiperkasa Tbk.,--UO1135000000C141------------,4430.0,4420.0,4420.0,4350.0,4390.0,-40.0,300900,1321711000,376,1343.9,4400,7600,4390,1600,840000000,840000000,171696000,34300,36000,0,0,0
2026-02-05,HEXA,Hexindo Adiperkasa Tbk.,--UO1135000000C141------------,4350.0,4350.0,4430.0,4350.0,4430.0,80.0,538700,2372793000,486,1356.2,4430,160500,4420,5800,840000000,840000000,171696000,69500,32200,0,0,0
2026-02-04,HEXA,Hexindo Adiperkasa Tbk.,--UO1135000000C141------------,4270.0,4300.0,4360.0,4280.0,4350.0,80.0,330500,1428135000,357,1331.7,4360,22000,4350,42500,840000000,840000000,171696000,114800,13600,0,0,0
2026-02-03,HEXA,Hexindo Adiperkasa Tbk.,--UO1135000000C141------------,4250.0,4250.0,4300.0,4240.0,4270.0,20.0,295300,1258377000,492,1307.2,4300,16900,4270,17500,840000000,840000000,171696000,1000,23400,0,0,0
2026-02-02,HEXA,Hexindo Adiperkasa Tbk.,--UO1135000000C141------------,4330.0,4320.0,4320.0,4230.0,4250.0,-80.0,423100,1800106000,772,1301.0,4260,2500,4250,11500,840000000,840000000,171696000,62800,17500,0,0,0
2026-01-30,HEXA,Hexindo Adiperkasa Tbk.,--UO1135000000C141------------,4240.0,4280.0,4380.0,4270.0,4330.0,90.0,299600,1294990000,527,1325.5,4340,8600,4330,4900,840000000,840000000,171696000,47200,31000,0,0,0
2026-01-29,HEXA,Hexindo Adiperkasa Tbk.,--UO1135000000C141------------,4220.0,4220.0,4320.0,4080.0,4240.0,20.0,1270800,5297700000,1364,1298.0,4280,200,4240,7200,840000000,840000000,171696000,31000,271400,0,0,0
2026-01-28,HEXA,Hexindo Adiperkasa Tbk.,--UO1135000000C141------------,4340.0,4330.0,4330.0,4210.0,4220.0,-120.0,952500,4062137000,1899,1291.9,4220,16100,4210,42000,840000000,840000000,171696000,403600,10900,8500,31365000,1
2026-01-27,HEXA,Hexindo Adiperkasa Tbk.,--UO1135000000C141------------,4380.0,4380.0,4400.0,4300.0,4340.0,-40.0,622700,2703559000,1089,1328.6,4350,300,4340,2400,840000000,840000000,171696000,172200,7300,0,0,0
2026-01-26,HEXA,Hexindo Adiperkasa Tbk.,--UO1135000000C141------------,4370.0,4370.0,4400.0,4350.0,4380.0,10.0,476100,2082377000,795,1340.8,4390,100,4380,9400,840000000,840000000,171696000,234600,31000,0,0,0
2026-01-23,HEXA,Hexindo Adiperkasa Tbk.,--UO1135000000C141------------,4430.0,4430.0,4440.0,4370.0,4370.0,-60.0,803800,3520542000,1199,1337.8,4400,4200,4370,16200,840000000,840000000,171696000,481200,118700,0,0,0
2026-01-22,HEXA,Hexindo Adiperkasa Tbk.,--UO1135000000C141------------,4410.0,4410.0,4450.0,4410.0,4430.0,20.0,227200,1007330000,287,1356.2,4440,10000,4430,20500,840000000,840000000,171696000,41000,1700,0,0,0
2026-01-21,HEXA,Hexindo Adiperkasa Tbk.,--UO1135000000C141------------,4450.0,4460.0,4470.0,4390.0,4410.0,-40.0,440400,1949603000,604,1350.0,4410,700,4400,7500,840000000,840000000,171696000,46000,39300,0,0,0
2026-01-20,HEXA,Hexindo Adiperkasa Tbk.,--UO1135000000C141------------,4440.0,4440.0,4500.0,4440.0,4450.0,10.0,475000,2118941000,815,1362.3,4460,4500,4450,8700,840000000,840000000,171696000,241600,68000,0,0,0
2026-01-19,HEXA,Hexindo Adiperkasa Tbk.,--UO1135000000C141------------,4360.0,4380.0,4460.0,4370.0,4440.0,80.0,497900,2198975000,720,1359.2,4460,9000,4440,19600,840000000,840000000,171696000,61500,45300,0,0,0
2026-01-15,HEXA,Hexindo Adiperkasa Tbk.,--UO1135000000C141------------,4330.0,4330.0,4420.0,4330.0,4360.0,30.0,491700,2153960000,662,1334.7,4380,2800,4360,13300,840000000,840000000,171696000,200500,80200,0,0,0
2026-01-14,HEXA,Hexindo Adiperkasa Tbk.,--UO1135000000C141------------,4320.0,4320.0,4380.0,4300.0,4330.0,10.0,587200,2540095000,1157,1325.5,4340,300,4330,200,840000000,840000000,171696000,287200,25900,0,0,0
2026-01-13,HEXA,Hexindo Adiperkasa Tbk.,--UO1135000000C141------------,4340.0,4340.0,4390.0,4310.0,4320.0,-20.0,496800,2150439000,779,1322.5,4340,3700,4320,29400,840000000,840000000,171696000,357000,3100,0,0,0
2026-01-12,HEXA,Hexindo Adiperkasa Tbk.,--UO1135000000C141------------,4390.0,4390.0,4390.0,4340.0,4340.0,-50.0,367200,1598193000,702,1328.6,4350,50000,4340,20700,840000000,840000000,171696000,195000,10600,0,0,0
2026-01-09,HEXA,Hexindo Adiperkasa Tbk.,--UO1135000000C141------------,4400.0,4400.0,4450.0,4360.0,4390.0,-10.0,172700,758893000,327,1343.9,4390,1400,4380,10700,840000000,840000000,171696000,7500,19000,0,0,0
2026-01-08,HEXA,Hexindo Adiperkasa Tbk.,--UO1135000000C141------------,4330.0,4330.0,4500.0,4320.0,4400.0,70.0,739700,3269006000,527,1347.0,4400,10300,4390,6000,840000000,840000000,171696000,30500,455300,0,0,0
2026-01-07,HEXA,Hexindo Adiperkasa Tbk.,--UO1135000000C141------------,4340.0,4340.0,4360.0,4320.0,4330.0,-10.0,354600,1538857000,568,1325.5,4340,29200,4330,4500,840000000,840000000,171696000,61200,95800,0,0,0
2026-01-06,HEXA,Hexindo Adiperkasa Tbk.,--UO1135000000C141------------,4340.0,4340.0,4350.0,4330.0,4340.0,0.0,447000,1941015000,334,1328.6,4350,116000,4340,26300,840000000,840000000,171696000,104900,4500,0,0,0
2026-01-05,HEXA,Hexindo Adiperkasa Tbk.,--UO1135000000C141------------,4350.0,4350.0,4360.0,4330.0,4340.0,-10.0,310300,1349298000,545,1328.6,4350,9800,4340,1700,840000000,840000000,171696000,59900,31100,0,0,0
2026-01-02,HEXA,Hexindo Adiperkasa Tbk.,--UO1135000000C141------------,4300.0,4300.0,4360.0,4300.0,4350.0,50.0,255900,1111874000,315,1331.7,4350,500,4340,11400,840000000,840000000,171696000,124100,27500,0,0,0
2025-12-30,HEXA,Hexindo Adiperkasa Tbk.,--UO1135000000C141------------,4340.0,4340.0,4360.0,4290.0,4300.0,-40.0,508400,2198977000,497,1316.4,4300,27800,4290,33200,840000000,840000000,171696000,467800,67400,0,0,0
2025-12-29,HEXA,Hexindo Adiperkasa Tbk.,--UO1135000000C141------------,4330.0,4330.0,4370.0,4330.0,4340.0,10.0,238400,1036547000,328,1328.6,4350,10200,4340,25400,840000000,840000000,171696000,38500,17000,0,0,0
2025-12-24,HEXA,Hexindo Adiperkasa Tbk.,--UO1135000000C141------------,4290.0,4290.0,4360.0,4290.0,4330.0,40.0,238700,1034562000,392,1325.5,4330,16800,4320,21600,840000000,840000000,171696000,6900,300,6000,26220000,1
2025-12-23,HEXA,Hexindo Adiperkasa Tbk.,--UO1135000000C141------------,4170.0,4170.0,4290.0,4170.0,4290.0,120.0,191800,815422000,381,1313.3,4300,15100,4290,300,840000000,840000000,171696000,18200,8700,0,0,0
2025-12-22,HEXA,Hexindo Adiperkasa Tbk.,--UO1135000000C141------------,4220.0,4220.0,4230.0,4140.0,4170.0,-50.0,1086900,4539237000,1131,1276.6,4170,1200,4150,9100,840000000,840000000,171696000,775300,2900,0,0,0
2025-12-19,HEXA,Hexindo Adiperkasa Tbk.,--UO1135000000C141------------,4240.0,4240.0,4240.0,4200.0,4220.0,-20.0,447700,1886929000,574,1291.9,4220,179800,4210,33600,840000000,840000000,171696000,301000,5100,0,0,0
2025-12-18,HEXA,Hexindo Adiperkasa Tbk.,--UO1135000000C141------------,4240.0,4240.0,4250.0,4230.0,4240.0,0.0,164500,696823000,431,1298.0,4240,14700,4230,41200,840000000,840000000,171696000,96500,100,0,0,0
2025-12-17,HEXA,Hexindo Adiperkasa Tbk.,--UO1135000000C141------------,4230.0,4250.0,4260.0,4220.0,4240.0,10.0,224000,950650000,416,1298.0,4250,2900,4240,5800,840000000,840000000,171696000,67900,0,6000,27120000,1
2025-12-16,HEXA,Hexindo Adiperkasa Tbk.,--UO1135000000C141------------,4230.0,4230.0,4230.0,4180.0,4230.0,0.0,577600,2427002000,846,1294.9,4240,2500,4230,1000,840000000,840000000,171696000,383700,56200,0,0,0
2025-12-15,HEXA,Hexindo Adiperkasa Tbk.,--UO1135000000C141------------,4330.0,4330.0,4330.0,4210.0,4230.0,-100.0,837700,3558407000,1311,1294.9,4250,7300,4230,7200,840000000,840000000,171696000,550300,12600,0,0,0
2025-12-12,HEXA,Hexindo Adiperkasa Tbk.,--UO1135000000C141------------,4400.0,4400.0,4410.0,4300.0,4330.0,-70.0,544900,2361197000,896,1325.5,4330,37300,4320,3700,840000000,840000000,171696000,304400,11900,4948800,21423355200,1
2025-12-11,HEXA,Hexindo Adiperkasa Tbk.,--UO1135000000C141------------,4440.0,4430.0,4430.0,4380.0,4400.0,-40.0,414700,1825239000,810,1347.0,4410,95700,4400,200,840000000,840000000,171696000,171000,600,6000,27120000,1
2025-12-10,HEXA,Hexindo Adiperkasa Tbk.,--UO1135000000C141------------,4480.0,4470.0,4510.0,4420.0,4440.0,-40.0,229700,1022219000,610,1359.2,4450,13100,4440,18100,840000000,840000000,171696000,26500,6500,0,0,0
2025-12-09,HEXA,Hexindo Adiperkasa Tbk.,--UO1135000000C141------------,4530.0,4530.0,4550.0,4470.0,4480.0,-50.0,584500,2623238000,958,1371.5,4480,22700,4470,51100,840000000,840000000,171696000,17300,13100,0,0,0
2025-12-08,HEXA,Hexindo Adiperkasa Tbk.,--UO1135000000C141------------,4540.0,4540.0,4570.0,4530.0,4530.0,-10.0,268800,1220943000,351,1386.8,4550,46800,4530,5700,840000000,840000000,171696000,68500,5000,0,0,0
2025-12-05,HEXA,Hexindo Adiperkasa Tbk.,--UO1135000000C141------------,4560.0,4560.0,4590.0,4520.0,4540.0,-20.0,109400,496982000,240,1389.8,4540,41000,4530,7600,840000000,840000000,171696000,64600,3200,0,0,0
2025-12-04,HEXA,Hexindo Adiperkasa Tbk.,--UO1135000000C141------------,4520.0,4520.0,4590.0,4510.0,4560.0,40.0,383900,1749518000,280,1395.9,4570,1800,4560,5200,840000000,840000000,171696000,185600,5900,0,0,0
2025-12-03,HEXA,Hexindo Adiperkasa Tbk.,--UO1135000000C141------------,4550.0,4550.0,4550.0,4510.0,4520.0,-30.0,180100,815833000,332,1383.7,4520,6800,4510,39500,840000000,840000000,171696000,8600,0,0,0,0
2025-12-02,HEXA,Hexindo Adiperkasa Tbk.,--UO1135000000C141------------,4560.0,4560.0,4570.0,4530.0,4550.0,-10.0,131100,595677000,238,1392.9,4560,3700,4550,7800,840000000,840000000,171696000,11400,0,0,0,0
2025-12-01,HEXA,Hexindo Adiperkasa Tbk.,--UO1135000000C141------------,4570.0,4570.0,4570.0,4540.0,4560.0,-10.0,148800,677255000,385,1395.9,4560,9000,4550,800,840000000,840000000,171696000,5500,12000,0,0,0
2025-11-28,HEXA,Hexindo Adiperkasa Tbk.,--UO1135000000C141------------,4560.0,4560.0,4590.0,4560.0,4570.0,10.0,56800,259518000,147,1399.0,4570,9300,4560,13500,840000000,840000000,171696000,0,2400,0,0,0
2025-11-27,HEXA,Hexindo Adiperkasa Tbk.,--UO1135000000C141------------,4590.0,4580.0,4590.0,4550.0,4560.0,-30.0,122700,560083000,355,1395.9,4570,1600,4560,400,840000000,840000000,171696000,1400,0,0,0,0
2025-11-26,HEXA,Hexindo Adiperkasa Tbk.,--UO1135000000C141------------,4580.0,4580.0,4600.0,4580.0,4590.0,10.0,124600,571408000,246,1405.1,4590,24200,4580,2000,840000000,840000000,171696000,1500,3700,0,0,0
2025-11-25,HEXA,Hexindo Adiperkasa Tbk.,--UO1135000000C141------------,4600.0,4600.0,4610.0,4570.0,4580.0,-20.0,189100,866392000,384,1402.1,4590,15900,4580,1900,840000000,840000000,171696000,200,5400,0,0,0
2025-11-24,HEXA,Hexindo Adiperkasa Tbk.,--UO1135000000C141------------,4600.0,4610.0,4620.0,4590.0,4600.0,0.0,105400,485054000,205,1408.2,4610,4800,4600,9200,840000000,840000000,171696000,7600,100,0,0,0
2025-11-21,HEXA,Hexindo Adiperkasa Tbk.,--UO1135000000C141------------,4600.0,4600.0,4630.0,4590.0,4600.0,0.0,97200,447504000,225,1408.2,4600,2900,4590,45400,840000000,840000000,171696000,0,0,0,0,0
2025-11-20,HEXA,Hexindo Adiperkasa Tbk.,--UO1135000000C141------------,4610.0,4600.0,4620.0,4590.0,4600.0,-10.0,245800,1130069000,348,1408.2,4600,6100,4590,72100,840000000,840000000,171696000,200,600,0,0,0
2025-11-19,HEXA,Hexindo Adiperkasa Tbk.,--UO1135000000C141------------,4610.0,4610.0,4640.0,4600.0,4610.0,0.0,113600,523240000,237,1411.3,4610,125500,4600,92100,840000000,840000000,171696000,15300,0,0,0,0
2025-11-18,HEXA,Hexindo Adiperkasa Tbk.,--UO1135000000C141------------,4620.0,4620.0,4630.0,4600.0,4610.0,-10.0,340100,1570048000,332,1411.3,4620,120400,4610,500,840000000,840000000,171696000,31400,0,0,0,0
2025-11-17,HEXA,Hexindo Adiperkasa Tbk.,--UO1135000000C141------------,4630.0,4630.0,4640.0,4610.0,4620.0,-10.0,244400,1129943000,289,1414.3,4630,11300,4620,6100,840000000,840000000,171696000,20300,600,0,0,0
2025-11-14,HEXA,Hexindo Adiperkasa Tbk.,--UO1135000000C141------------,4650.0,4650.0,4660.0,4610.0,4630.0,-20.0,124100,574819000,146,1417.4,4640,4600,4630,43400,840000000,840000000,171696000,3000,2800,0,0,0
2025-11-13,HEXA,Hexindo Adiperkasa Tbk.,--UO1135000000C141------------,4640.0,4640.0,4650.0,4620.0,4650.0,10.0,213600,990303000,312,1423.5,4650,800,4640,100,840000000,840000000,171696000,30600,31500,0,0,0
2025-11-12,HEXA,Hexindo Adiperkasa Tbk.,--UO1135000000C141------------,4660.0,4660.0,4670.0,4640.0,4640.0,-20.0,117300,545513000,228,1420.4,4650,4800,4640,42000,840000000,840000000,171696000,0,3500,0,0,0
2025-11-11,HEXA,Hexindo Adiperkasa Tbk.,--UO1135000000C141------------,4660.0,4660.0,4660.0,4640.0,4660.0,0.0,115700,537714000,234,1426.6,4660,52100,4650,5500,840000000,840000000,171696000,7200,4700,0,0,0
2025-11-10,HEXA,Hexindo Adiperkasa Tbk.,--UO1135000000C141------------,4650.0,4680.0,4680.0,4640.0,4660.0,10.0,150100,699071000,261,1426.6,4660,400,4650,19400,840000000,840000000,171696000,20500,2900,0,0,0
2025-11-07,HEXA,Hexindo Adiperkasa Tbk.,--UO1135000000C141------------,4640.0,4640.0,4670.0,4640.0,4650.0,10.0,143200,665338000,221,1423.5,4650,5600,4640,14700,840000000,840000000,171696000,0,7100,0,0,0
2025-11-06,HEXA,Hexindo Adiperkasa Tbk.,--UO1135000000C141------------,4650.0,0.0,4670.0,4630.0,4640.0,-10.0,169100,786006000,323,1420.4,4640,33300,4630,19100,840000000,840000000,171696000,15600,3500,0,0,0
2025-11-05,HEXA,Hexindo Adiperkasa Tbk.,--UO1135000000C141------------,4670.0,4670.0,4680.0,4640.0,4650.0,-20.0,124700,580718000,293,1423.5,4660,3300,4650,15000,840000000,840000000,171696000,27700,14000,0,0,0
2025-11-04,HEXA,Hexindo Adiperkasa Tbk.,--UO1135000000C141------------,4670.0,4670.0,4670.0,4650.0,4670.0,0.0,133600,622656000,199,1429.6,4670,26000,4650,45200,840000000,840000000,171696000,22100,4000,0,0,0
2025-11-03,HEXA,Hexindo Adiperkasa Tbk.,--UO1135000000C141------------,4650.0,4650.0,4670.0,4640.0,4670.0,20.0,193600,900096000,344,1429.6,4670,22900,4660,5900,840000000,840000000,171696000,17700,4000,0,0,0
2025-10-31,HEXA,Hexindo Adiperkasa Tbk.,--UO1135000000C141------------,4670.0,4670.0,4690.0,4650.0,4650.0,-20.0,197700,923364000,305,1423.5,4680,900,4650,47700,840000000,840000000,171696000,8100,300,0,0,0
2025-10-30,HEXA,Hexindo Adiperkasa Tbk.,--UO1135000000C141------------,4670.0,4660.0,4690.0,4650.0,4670.0,0.0,222200,1037883000,372,1429.6,4670,27400,4660,7800,840000000,840000000,171696000,1500,28100,0,0,0
2025-10-29,HEXA,Hexindo Adiperkasa Tbk.,--UO1135000000C141------------,4640.0,4640.0,4690.0,4630.0,4670.0,30.0,138900,647617000,222,1429.6,4670,37400,4660,30400,840000000,840000000,171696000,3900,30400,0,0,0
2025-10-28,HEXA,Hexindo Adiperkasa Tbk.,--UO1135000000C141------------,4630.0,0.0,4660.0,4630.0,4640.0,10.0,152100,705848000,253,1420.4,4650,400,4640,1100,840000000,840000000,171696000,100,20900,0,0,0
2025-10-27,HEXA,Hexindo Adiperkasa Tbk.,--UO1135000000C141------------,4670.0,4670.0,4670.0,4580.0,4630.0,-40.0,292300,1351392000,546,1417.4,4630,1500,4620,1100,840000000,840000000,171696000,23700,58200,0,0,0
2025-10-24,HEXA,Hexindo Adiperkasa Tbk.,XDUO1135000000C141------------,4670.0,4670.0,4690.0,4660.0,4670.0,0.0,213600,998925000,373,1429.6,4670,91500,4660,47000,840000000,840000000,171696000,51800,22100,0,0,0
2025-10-23,HEXA,Hexindo Adiperkasa Tbk.,XDUO1135000000C141------------,4650.0,4660.0,4670.0,4640.0,4670.0,20.0,88000,409805000,215,1429.6,4670,49500,4660,11100,840000000,840000000,171696000,800,3000,0,0,0
2025-10-22,HEXA,Hexindo Adiperkasa Tbk.,XDUO1135000000C141------------,4660.0,4660.0,4680.0,4600.0,4650.0,-10.0,222900,1038097000,404,1423.5,4660,2000,4650,2500,840000000,840000000,171696000,80800,3300,0,0,0
2025-10-21,HEXA,Hexindo Adiperkasa Tbk.,XDUO1135000000C141------------,4530.0,4550.0,4660.0,4530.0,4660.0,130.0,392100,1801106000,516,1426.6,4660,2900,4650,2100,840000000,840000000,171696000,18600,83400,0,0,0
2025-10-20,HEXA,Hexindo Adiperkasa Tbk.,XDUO1135000000C141------------,4490.0,4500.0,4550.0,4490.0,4530.0,40.0,331200,1498282000,373,1386.8,4540,400,4530,1300,840000000,840000000,171696000,27300,134000,0,0,0
2025-10-17,HEXA,Hexindo Adiperkasa Tbk.,XDUO1135000000C141------------,4520.0,4520.0,4530.0,4490.0,4490.0,-30.0,329100,1482569000,542,1374.5,4500,47300,4490,74900,840000000,840000000,171696000,87200,0,0,0,0
2025-10-16,HEXA,Hexindo Adiperkasa Tbk.,XDUO1135000000C141------------,4500.0,4480.0,4550.0,4480.0,4520.0,20.0,226100,1019910000,265,1383.7,4530,1900,4520,4000,840000000,840000000,171696000,44300,67000,0,0,0
2025-10-15,HEXA,Hexindo Adiperkasa Tbk.,XDUO1135000000C141------------,4540.0,4540.0,4560.0,4480.0,4500.0,-40.0,336300,1513083000,625,1377.6,4500,3400,4480,15100,840000000,840000000,171696000,67600,2200,0,0,0
2025-10-14,HEXA,Hexindo Adiperkasa Tbk.,XDUO1135000000C141------------,4580.0,4580.0,4600.0,4520.0,4540.0,-40.0,261400,1190676000,491,1389.8,4540,73600,4520,5100,840000000,840000000,171696000,80600,56800,0,0,0
2025-10-13,HEXA,Hexindo Adiperkasa Tbk.,XDUO1135000000C141------------,4600.0,4600.0,4600.0,4570.0,4580.0,-20.0,245800,1126414000,317,1402.1,4580,4600,4570,82000,840000000,840000000,171696000,47600,17500,0,0,0
2025-10-10,HEXA,Hexindo Adiperkasa Tbk.,XDUO1135000000C141------------,4550.0,4570.0,4600.0,4560.0,4600.0,50.0,112400,514600000,239,1408.2,4600,19800,4590,8700,840000000,840000000,171696000,6400,10500,0,0,0
2025-10-09,HEXA,Hexindo Adiperkasa Tbk.,XDUO1135000000C141------------,4510.0,4510.0,4570.0,4510.0,4550.0,40.0,235900,1070274000,387,1392.9,4570,400,4550,2600,840000000,840000000,171696000,3300,98200,0,0,0
2025-10-08,HEXA,Hexindo Adiperkasa Tbk.,XDUO1135000000C141------------,4580.0,4580.0,4600.0,4500.0,4510.0,-70.0,340600,1545757000,550,1380.6,4540,3900,4510,2000,840000000,840000000,171696000,85100,45000,0,0,0
2025-10-07,HEXA,Hexindo Adiperkasa Tbk.,XDUO1135000000C141------------,4560.0,4530.0,4590.0,4520.0,4580.0,20.0,325800,1487608000,453,1402.1,4590,60900,4580,42200,840000000,840000000,171696000,18400,79900,0,0,0
2025-10-06,HEXA,Hexindo Adiperkasa Tbk.,XDUO1135000000C141------------,4690.0,4690.0,4700.0,4490.0,4560.0,-130.0,725500,3320767000,1181,1395.9,4560,54500,4550,73100,840000000,840000000,171696000,40700,41400,0,0,0
2025-10-03,HEXA,Hexindo Adiperkasa Tbk.,XDUO1135000000C141------------,4720.0,4720.0,4720.0,4670.0,4690.0,-30.0,265100,1242974000,629,1435.7,4690,4500,4680,27300,840000000,840000000,171696000,25400,800,0,0,0
2025-10-02,HEXA,Hexindo Adiperkasa Tbk.,XDUO1135000000C141------------,4740.0,4740.0,4740.0,4700.0,4720.0,-20.0,263500,1241113000,474,1444.9,4720,8800,4710,3500,840000000,840000000,171696000,53400,22900,0,0,0
2025-10-01,HEXA,Hexindo Adiperkasa Tbk.,XDUO1135000000C141------------,4770.0,4770.0,4770.0,4720.0,4740.0,-30.0,297900,1413619000,494,1451.1,4740,14200,4720,21300,840000000,840000000,171696000,43200,58100,0,0,0
2025-09-30,HEXA,Hexindo Adiperkasa Tbk.,XDUO1135000000C141------------,4700.0,4710.0,4800.0,4710.0,4770.0,70.0,383400,1824606000,563,1460.2,4770,16600,4760,6900,840000000,840000000,171696000,91800,39900,0,0,0
2025-09-29,HEXA,Hexindo Adiperkasa Tbk.,XDUO1135000000C141------------,4800.0,4790.0,4790.0,4670.0,4700.0,-100.0,908300,4273018000,1581,1438.8,4710,3200,4700,200,840000000,840000000,171696000,25700,7500,0,0,0
2025-09-26,HEXA,Hexindo Adiperkasa Tbk.,--UO1135000000C141------------,4850.0,4850.0,4850.0,4790.0,4800.0,-50.0,1041300,5008094000,1375,1469.4,4810,48900,4800,1200,840000000,840000000,171696000,46200,113200,0,0,0
2025-09-25,HEXA,Hexindo Adiperkasa Tbk.,--UO1135000000C141------------,5325.0,4990.0,4990.0,4810.0,4850.0,-475.0,2168300,10533174000,2781,1484.7,4850,5200,4840,6400,840000000,840000000,171696000,230700,236800,0,0,0
2025-09-24,HEXA,Hexindo Adiperkasa Tbk.,CDUO1135000000C141------------,5350.0,5350.0,5350.0,5225.0,5325.0,-25.0,2289000,12094207500,2013,1630.1,5325,1600,5300,10200,840000000,840000000,171696000,22900,44200,0,0,0
2025-09-23,HEXA,Hexindo Adiperkasa Tbk.,CDUO1135000000C141------------,5400.0,5400.0,5425.0,5275.0,5350.0,-50.0,2039100,10855700000,1783,1637.8,5350,142700,5325,128300,840000000,840000000,171696000,85200,7900,0,0,0
2025-09-22,HEXA,Hexindo Adiperkasa Tbk.,CDUO1135000000C141------------,5425.0,5450.0,5475.0,5375.0,5400.0,-25.0,1665000,9021492500,1386,1653.1,5400,69800,5375,152000,840000000,840000000,171696000,13900,6600,0,0,0
2025-09-19,HEXA,Hexindo Adiperkasa Tbk.,--UO1135000000C141------------,5375.0,5425.0,5475.0,5400.0,5425.0,50.0,1148800,6240032500,1007,1660.7,5450,198400,5425,100,840000000,840000000,171696000,14100,1000,0,0,0
2025-09-18,HEXA,Hexindo Adiperkasa Tbk.,--UO1135000000C141------------,5250.0,5250.0,5425.0,5250.0,5375.0,125.0,992900,5304677500,959,1645.4,5400,6500,5375,28300,840000000,840000000,171696000,26700,10600,0,0,0
2025-09-17,HEXA,Hexindo Adiperkasa Tbk.,--UO1135000000C141------------,5400.0,5400.0,5400.0,5100.0,5250.0,-150.0,1556200,8073640000,2138,1607.2,5250,8100,5225,85000,840000000,840000000,171696000,124400,183900,0,0,0
2025-09-16,HEXA,Hexindo Adiperkasa Tbk.,--UO1135000000C141------------,5550.0,5600.0,5600.0,5350.0,5400.0,-150.0,1275100,6958482500,1361,1653.1,5400,49900,5375,79400,840000000,840000000,171696000,173900,40900,0,0,0
2025-09-15,HEXA,Hexindo Adiperkasa Tbk.,--UO1135000000C141------------,5475.0,5475.0,5550.0,5475.0,5550.0,75.0,662700,3661250000,496,1699.0,5575,24900,5550,12000,840000000,840000000,171696000,6400,190200,0,0,0
2025-09-12,HEXA,Hexindo Adiperkasa Tbk.,--UO1135000000C141------------,5475.0,5475.0,5500.0,5400.0,5475.0,0.0,408000,2231072500,465,1676.1,5500,41300,5475,5300,840000000,840000000,171696000,144500,5300,0,0,0
2025-09-11,HEXA,Hexindo Adiperkasa Tbk.,--UO1135000000C141------------,5450.0,5450.0,5500.0,5450.0,5475.0,25.0,336100,1841905000,439,1676.1,5500,51100,5475,200,840000000,840000000,171696000,178100,6500,0,0,0
2025-09-10,HEXA,Hexindo Adiperkasa Tbk.,--UO1135000000C141------------,5425.0,5425.0,5450.0,5400.0,5450.0,25.0,222600,1208437500,251,1668.4,5475,1800,5450,15400,840000000,840000000,171696000,33500,14500,0,0,0
2025-09-09,HEXA,Hexindo Adiperkasa Tbk.,--UO1135000000C141------------,5500.0,5500.0,5500.0,5375.0,5425.0,-75.0,640700,3477062500,952,1660.7,5425,25200,5400,40200,840000000,840000000,171696000,34000,17900,0,0,0
2025-09-08,HEXA,Hexindo Adiperkasa Tbk.,--UO1135000000C141------------,5525.0,5525.0,5550.0,5500.0,5500.0,-25.0,493900,2728270000,550,1683.7,5525,24400,5500,3000,840000000,840000000,171696000,99000,7300,0,0,0
2025-09-04,HEXA,Hexindo Adiperkasa Tbk.,--UO1135000000C141------------,5550.0,5575.0,5575.0,5500.0,5525.0,-25.0,308300,1704580000,387,1691.4,5550,52500,5525,55700,840000000,840000000,171696000,105700,6800,0,0,0
2025-09-03,HEXA,Hexindo Adiperkasa Tbk.,--UO1135000000C141------------,5500.0,5500.0,5575.0,5500.0,5550.0,50.0,194300,1077652500,294,1699.0,5575,24900,5550,46600,840000000,840000000,171696000,74700,0,0,0,0
2025-09-02,HEXA,Hexindo Adiperkasa Tbk.,--UO1135000000C141------------,5475.0,5475.0,5575.0,5475.0,5500.0,25.0,562500,3114235000,515,1683.7,5525,1000,5500,166500,840000000,840000000,171696000,339000,12100,0,0,0
2025-09-01,HEXA,Hexindo Adiperkasa Tbk.,--UO1135000000C141------------,5625.0,5475.0,5500.0,5250.0,5475.0,-150.0,1247000,6776375000,1371,1676.1,5475,100,5450,130800,840000000,840000000,171696000,138900,159400,0,0,0
2025-08-29,HEXA,Hexindo Adiperkasa Tbk.,--UO1135000000C141------------,5675.0,5600.0,5675.0,5500.0,5625.0,-50.0,1169700,6529497500,1083,1722.0,5625,41000,5600,8300,840000000,840000000,171696000,201400,196100,0,0,0
2025-08-28,HEXA,Hexindo Adiperkasa Tbk.,--UO1135000000C141------------,5650.0,5650.0,5700.0,5650.0,5675.0,25.0,373100,2118912500,519,1737.3,5700,82800,5675,75900,840000000,840000000,171696000,60400,1400,0,0,0
2025-08-27,HEXA,Hexindo Adiperkasa Tbk.,--UO1135000000C141------------,5600.0,5600.0,5650.0,5575.0,5650.0,50.0,256400,1442972500,463,1729.6,5675,33100,5650,13400,840000000,840000000,171696000,19800,400,0,0,0
2025-08-26,HEXA,Hexindo Adiperkasa Tbk.,--UO1135000000C141------------,5575.0,5600.0,5625.0,5550.0,5600.0,25.0,431800,2415172500,517,1714.3,5600,500,5575,82800,840000000,840000000,171696000,13400,30800,0,0,0
2025-08-25,HEXA,Hexindo Adiperkasa Tbk.,--UO1135000000C141------------,5550.0,5550.0,5600.0,5525.0,5575.0,25.0,434200,2416687500,576,1706.7,5600,106500,5575,65700,840000000,840000000,171696000,7400,4400,900,5107500,1
2025-08-22,HEXA,Hexindo Adiperkasa Tbk.,--UO1135000000C141------------,5550.0,5575.0,5575.0,5525.0,5550.0,0.0,238500,1322027500,389,1699.0,5575,122700,5550,58100,840000000,840000000,171696000,18000,5800,0,0,0
2025-08-21,HEXA,Hexindo Adiperkasa Tbk.,--UO1135000000C141------------,5525.0,5550.0,5550.0,5525.0,5550.0,25.0,224900,1244580000,377,1699.0,5550,73200,5525,54300,840000000,840000000,171696000,400,0,0,0,0
2025-08-20,HEXA,Hexindo Adiperkasa Tbk.,--UO1135000000C141------------,5525.0,5500.0,5550.0,5500.0,5525.0,0.0,312600,1724357500,361,1691.4,5525,1800,5500,174300,840000000,840000000,171696000,900,0,0,0,0
2025-08-19,HEXA,Hexindo Adiperkasa Tbk.,--UO1135000000C141------------,5500.0,5500.0,5550.0,5475.0,5525.0,25.0,576200,3175177500,587,1691.4,5525,100,5500,59400,840000000,840000000,171696000,54400,15700,0,0,0
2025-08-15,HEXA,Hexindo Adiperkasa Tbk.,--UO1135000000C141------------,5475.0,5475.0,5500.0,5450.0,5500.0,25.0,414600,2269162500,438,1683.7,5500,133400,5475,74100,840000000,840000000,171696000,1400,2200,0,0,0
2025-08-14,HEXA,Hexindo Adiperkasa Tbk.,--UO1135000000C141------------,5425.0,5425.0,5475.0,5400.0,5475.0,50.0,289200,1576615000,391,1676.1,5475,76900,5450,54500,840000000,840000000,171696000,20100,50900,0,0,0
2025-08-13,HEXA,Hexindo Adiperkasa Tbk.,--UO1135000000C141------------,5425.0,5425.0,5450.0,5400.0,5425.0,0.0,420000,2278837500,366,1660.7,5425,26300,5400,373600,840000000,840000000,171696000,30300,33500,0,0,0
2025-08-12,HEXA,Hexindo Adiperkasa Tbk.,--UO1135000000C141------------,5400.0,5400.0,5425.0,5400.0,5425.0,25.0,465700,2523112500,394,1660.7,5425,12100,5400,148600,840000000,840000000,171696000,70100,136700,0,0,0
2025-08-11,HEXA,Hexindo Adiperkasa Tbk.,--UO1135000000C141------------,5375.0,5400.0,5450.0,5375.0,5400.0,25.0,415700,2250987500,355,1653.1,5425,137700,5400,41500,840000000,840000000,171696000,20000,22900,0,0,0
2025-08-08,HEXA,Hexindo Adiperkasa Tbk.,--UO1135000000C141------------,5350.0,5375.0,5425.0,5350.0,5375.0,25.0,265200,1427965000,343,1645.4,5400,13600,5375,57100,840000000,840000000,171696000,600,500,0,0,0
2025-08-07,HEXA,Hexindo Adiperkasa Tbk.,--UO1135000000C141------------,5350.0,5375.0,5400.0,5350.0,5350.0,0.0,271900,1458540000,272,1637.8,5375,8800,5350,123200,840000000,840000000,171696000,1600,14100,0,0,0
2025-08-06,HEXA,Hexindo Adiperkasa Tbk.,--UO1135000000C141------------,5350.0,5375.0,5375.0,5325.0,5350.0,0.0,145600,780162500,238,1637.8,5375,51200,5350,106200,840000000,840000000,171696000,3500,6000,0,0,0
2025-08-05,HEXA,Hexindo Adiperkasa Tbk.,--UO1135000000C141------------,5375.0,5375.0,5400.0,5350.0,5350.0,-25.0,222000,1191520000,345,1637.8,5375,22100,5350,62800,840000000,840000000,171696000,400,5000,0,0,0
2025-08-04,HEXA,Hexindo Adiperkasa Tbk.,--UO1135000000C141------------,5375.0,5400.0,5400.0,5350.0,5375.0,0.0,251400,1352215000,389,1645.4,5400,157400,5375,6100,840000000,840000000,171696000,7100,1900,0,0,0
2025-08-01,HEXA,Hexindo Adiperkasa Tbk.,--UO1135000000C141------------,5375.0,5375.0,5400.0,5350.0,5375.0,0.0,332000,1784342500,337,1645.4,5400,59900,5375,20700,840000000,840000000,171696000,16500,400,2,10750,1
2025-07-31,HEXA,Hexindo Adiperkasa Tbk.,--UO1135000000C141------------,5400.0,5400.0,5425.0,5250.0,5375.0,-25.0,488800,2607970000,669,1645.4,5375,500,5350,162500,840000000,840000000,171696000,500,0,0,0,0
2025-07-30,HEXA,Hexindo Adiperkasa Tbk.,--UO1135000000C141------------,5400.0,5425.0,5425.0,5375.0,5400.0,0.0,286900,1547502500,421,1653.1,5400,5200,5375,11900,840000000,840000000,171696000,100,0,0,0,0
2025-07-29,HEXA,Hexindo Adiperkasa Tbk.,--UO1135000000C141------------,5425.0,5450.0,5450.0,5400.0,5400.0,-25.0,393500,2130367500,375,1653.1,5425,33300,5400,169300,840000000,840000000,171696000,0,0,0,0,0
2025-07-28,HEXA,Hexindo Adiperkasa Tbk.,--UO1135000000C141------------,5425.0,5425.0,5475.0,5400.0,5425.0,0.0,365900,1989670000,457,1660.7,5425,300,5400,377900,840000000,840000000,171696000,300,4300,0,0,0
2025-07-25,HEXA,Hexindo Adiperkasa Tbk.,--UO1135000000C141------------,5425.0,5450.0,5450.0,5400.0,5425.0,0.0,262100,1422877500,334,1660.7,5425,18000,5400,136600,840000000,840000000,171696000,600,17700,0,0,0
2025-07-24,HEXA,Hexindo Adiperkasa Tbk.,--UO1135000000C141------------,5425.0,5425.0,5450.0,5375.0,5425.0,0.0,475400,2578122500,486,1660.7,5450,49300,5425,16100,840000000,840000000,171696000,100,16200,0,0,0
2025-07-23,HEXA,Hexindo Adiperkasa Tbk.,--UO1135000000C141------------,5400.0,5425.0,5450.0,5375.0,5425.0,25.0,463100,2509565000,508,1660.7,5425,22500,5400,18600,840000000,840000000,171696000,200,1600,0,0,0
2025-07-22,HEXA,Hexindo Adiperkasa Tbk.,--UO1135000000C141------------,5350.0,5375.0,5475.0,5350.0,5400.0,50.0,873100,4722510000,907,1653.1,5400,36400,5375,18500,840000000,840000000,171696000,188400,36700,0,0,0
2025-07-21,HEXA,Hexindo Adiperkasa Tbk.,--UO1135000000C141------------,5250.0,5250.0,5375.0,5250.0,5350.0,100.0,445900,2366742500,732,1637.8,5375,69900,5350,43400,840000000,840000000,171696000,23000,3200,0,0,0
2025-07-18,HEXA,Hexindo Adiperkasa Tbk.,--UO1135000000C141------------,5200.0,5200.0,5250.0,5200.0,5250.0,50.0,273900,1434127500,433,1607.2,5250,164500,5225,101400,840000000,840000000,171696000,7100,17900,0,0,0
2025-07-17,HEXA,Hexindo Adiperkasa Tbk.,--UO1135000000C141------------,5175.0,5175.0,5225.0,5150.0,5200.0,25.0,358800,1862415000,441,1591.9,5200,5700,5175,100300,840000000,840000000,171696000,400,104600,0,0,0
2025-07-16,HEXA,Hexindo Adiperkasa Tbk.,--UO1135000000C141------------,5150.0,5150.0,5175.0,5125.0,5175.0,25.0,205500,1060845000,324,1584.2,5175,103700,5150,181900,840000000,840000000,171696000,300,2400,0,0,0
2025-07-15,HEXA,Hexindo Adiperkasa Tbk.,--UO1135000000C141------------,5125.0,5125.0,5175.0,5100.0,5150.0,25.0,194500,999780000,361,1576.6,5150,7600,5125,31800,840000000,840000000,171696000,12900,2000,0,0,0
2025-07-14,HEXA,Hexindo Adiperkasa Tbk.,--UO1135000000C141------------,5125.0,5125.0,5175.0,5100.0,5125.0,0.0,373400,1916725000,504,1568.9,5125,3100,5100,91200,840000000,840000000,171696000,65600,40700,0,0,0
2025-07-11,HEXA,Hexindo Adiperkasa Tbk.,--UO1135000000C141------------,5075.0,5075.0,5125.0,5075.0,5125.0,50.0,265700,1359570000,404,1568.9,5125,62100,5100,58400,840000000,840000000,171696000,400,12800,0,0,0
2025-07-10,HEXA,Hexindo Adiperkasa Tbk.,--UO1135000000C141------------,4960.0,4960.0,5175.0,4950.0,5075.0,115.0,557100,2834716500,608,1553.6,5100,193900,5075,27400,840000000,840000000,171696000,3900,110700,0,0,0
2025-07-09,HEXA,Hexindo Adiperkasa Tbk.,--UO1135000000C141------------,4960.0,4960.0,4970.0,4950.0,4960.0,0.0,275200,1364432000,311,1518.4,4960,61500,4950,86400,840000000,840000000,171696000,124800,34700,0,0,0
2025-07-08,HEXA,Hexindo Adiperkasa Tbk.,--UO1135000000C141------------,4960.0,4970.0,4970.0,4950.0,4960.0,0.0,143600,712225000,218,1518.4,4960,19100,4950,98500,840000000,840000000,171696000,68100,26300,0,0,0
2025-07-07,HEXA,Hexindo Adiperkasa Tbk.,--UO1135000000C141------------,4960.0,4960.0,4960.0,4940.0,4960.0,0.0,244500,1212070000,217,1518.4,4960,25100,4950,30900,840000000,840000000,171696000,179300,0,0,0,0
2025-07-04,HEXA,Hexindo Adiperkasa Tbk.,--UO1135000000C141------------,4940.0,4940.0,4960.0,4940.0,4960.0,20.0,168800,836189000,197,1518.4,4960,12200,4950,1700,840000000,840000000,171696000,51700,14300,0,0,0
2025-07-03,HEXA,Hexindo Adiperkasa Tbk.,--UO1135000000C141------------,4920.0,4920.0,4950.0,4920.0,4940.0,20.0,119500,589426000,234,1512.3,4940,21400,4930,4000,840000000,840000000,171696000,100,2400,0,0,0
2025-07-02,HEXA,Hexindo Adiperkasa Tbk.,--UO1135000000C141------------,4920.0,4920.0,4930.0,4900.0,4920.0,0.0,123400,606625000,269,1506.2,4930,29100,4920,2600,840000000,840000000,171696000,3900,300,0,0,0
2025-07-01,HEXA,Hexindo Adiperkasa Tbk.,--UO1135000000C141------------,4950.0,4950.0,4950.0,4900.0,4920.0,-30.0,262800,1294910000,396,1506.2,4930,4500,4920,25300,840000000,840000000,171696000,6600,11900,0,0,0
2025-06-30,HEXA,Hexindo Adiperkasa Tbk.,--UO1135000000C141------------,4960.0,4950.0,5000.0,4950.0,4950.0,-10.0,303000,1504084000,552,1515.3,4960,1700,4950,28600,840000000,840000000,171696000,173000,6400,0,0,0
2025-06-26,HEXA,Hexindo Adiperkasa Tbk.,--UO1135000000C141------------,4950.0,4950.0,4980.0,4950.0,4960.0,10.0,167700,831971000,292,1518.4,4970,7200,4960,3600,840000000,840000000,171696000,46200,8500,0,0,0
2025-06-25,HEXA,Hexindo Adiperkasa Tbk.,--UO1135000000C141------------,4960.0,4960.0,5000.0,4940.0,4950.0,-10.0,143900,713857000,241,1515.3,4950,3000,4940,19800,840000000,840000000,171696000,29400,800,0,0,0
2025-06-24,HEXA,Hexindo Adiperkasa Tbk.,--UO1135000000C141------------,4900.0,4900.0,4980.0,4900.0,4960.0,60.0,132300,654461000,246,1518.4,4970,300,4960,400,840000000,840000000,171696000,3800,38500,0,0,0
2025-06-23,HEXA,Hexindo Adiperkasa Tbk.,--UO1135000000C141------------,4990.0,4990.0,4990.0,4800.0,4900.0,-90.0,439400,2156354000,879,1500.0,4900,200,4890,13400,840000000,840000000,171696000,66900,203700,0,0,0
2025-06-20,HEXA,Hexindo Adiperkasa Tbk.,--UO1135000000C141------------,5000.0,5000.0,5000.0,4960.0,4990.0,-10.0,271900,1355808000,452,1527.6,4990,12700,4980,42300,840000000,840000000,171696000,55300,500,0,0,0
2025-06-19,HEXA,Hexindo Adiperkasa Tbk.,--UO1135000000C141------------,5050.0,5050.0,5100.0,5000.0,5000.0,-50.0,510000,2567520000,586,1530.6,5025,7000,5000,23600,840000000,840000000,171696000,16400,28200,0,0,0
2025-06-18,HEXA,Hexindo Adiperkasa Tbk.,--UO1135000000C141------------,5025.0,5025.0,5075.0,5000.0,5050.0,25.0,316900,1601132500,281,1545.9,5075,53100,5050,55300,840000000,840000000,171696000,500,5300,0,0,0
2025-06-17,HEXA,Hexindo Adiperkasa Tbk.,--UO1135000000C141------------,5000.0,5000.0,5050.0,5000.0,5025.0,25.0,144500,726320000,221,1538.3,5025,39200,5000,136700,840000000,840000000,171696000,300,18400,0,0,0
2025-06-16,HEXA,Hexindo Adiperkasa Tbk.,--UO1135000000C141------------,5025.0,5025.0,5025.0,5000.0,5000.0,-25.0,204700,1025147500,341,1530.6,5025,15600,5000,25400,840000000,840000000,171696000,0,6200,0,0,0
2025-06-13,HEXA,Hexindo Adiperkasa Tbk.,--UO1135000000C141------------,5025.0,5025.0,5050.0,5000.0,5025.0,0.0,157900,794077500,236,1538.3,5025,21200,5000,73300,840000000,840000000,171696000,200,12200,0,0,0
2025-06-12,HEXA,Hexindo Adiperkasa Tbk.,--UO1135000000C141------------,5000.0,5000.0,5025.0,4990.0,5025.0,25.0,118500,593347500,199,1538.3,5025,50400,5000,39900,840000000,840000000,171696000,100,4600,0,0,0
2025-06-11,HEXA,Hexindo Adiperkasa Tbk.,--UO1135000000C141------------,5000.0,4990.0,5025.0,4990.0,5000.0,0.0,132400,661821000,286,1530.6,5025,19500,5000,21400,840000000,840000000,171696000,0,11400,0,0,0
2025-06-10,HEXA,Hexindo Adiperkasa Tbk.,--UO1135000000C141------------,4990.0,4990.0,5025.0,4990.0,5000.0,10.0,215700,1078629500,408,1530.6,5000,22200,4990,35200,840000000,840000000,171696000,0,19600,0,0,0
2025-06-05,HEXA,Hexindo Adiperkasa Tbk.,--UO1135000000C141------------,5000.0,5000.0,5025.0,4980.0,4990.0,-10.0,198100,989593000,353,1527.6,4990,700,4980,28900,840000000,840000000,171696000,100,700,0,0,0
2025-06-04,HEXA,Hexindo Adiperkasa Tbk.,--UO1135000000C141------------,5000.0,5025.0,5025.0,4990.0,5000.0,0.0,154400,773044000,269,1530.6,5025,12200,5000,1500,840000000,840000000,171696000,1900,3500,0,0,0
2025-06-03,HEXA,Hexindo Adiperkasa Tbk.,--UO1135000000C141------------,5050.0,5050.0,5050.0,5000.0,5000.0,-50.0,234200,1172525000,370,1530.6,5025,8500,5000,8200,840000000,840000000,171696000,100,100,0,0,0
2025-06-02,HEXA,Hexindo Adiperkasa Tbk.,--UO1135000000C141------------,5050.0,5050.0,5050.0,5000.0,5050.0,0.0,249400,1253165000,384,1545.9,5050,56900,5025,20200,840000000,840000000,171696000,400,3100,0,0,0
2025-05-28,HEXA,Hexindo Adiperkasa Tbk.,--UO1135000000C141------------,5050.0,5050.0,5075.0,5025.0,5050.0,0.0,128500,647790000,228,1545.9,5050,7900,5025,93700,840000000,840000000,171696000,200,100,0,0,0
2025-05-27,HEXA,Hexindo Adiperkasa Tbk.,--UO1135000000C141------------,5075.0,5075.0,5075.0,5025.0,5050.0,-25.0,195800,987120000,275,1545.9,5050,3400,5025,8000,840000000,840000000,171696000,0,400,0,0,0
2025-05-26,HEXA,Hexindo Adiperkasa Tbk.,--UO1135000000C141------------,5075.0,5075.0,5100.0,5025.0,5075.0,0.0,185100,935437500,354,1553.6,5075,13000,5050,800,840000000,840000000,171696000,400,1400,0,0,0
2025-05-23,HEXA,Hexindo Adiperkasa Tbk.,--UO1135000000C141------------,5075.0,5075.0,5100.0,5000.0,5075.0,0.0,174300,881635000,284,1553.6,5075,6000,5050,22300,840000000,840000000,171696000,300,600,0,0,0
2025-05-22,HEXA,Hexindo Adiperkasa Tbk.,--UO1135000000C141------------,5075.0,5075.0,5100.0,5025.0,5075.0,0.0,175600,890130000,296,1553.6,5075,77600,5050,14900,840000000,840000000,171696000,400,2400,0,0,0
2025-05-21,HEXA,Hexindo Adiperkasa Tbk.,--UO1135000000C141------------,5075.0,5075.0,5100.0,5050.0,5075.0,0.0,178600,905565000,442,1553.6,5075,94500,5050,12300,840000000,840000000,171696000,19700,50500,0,0,0
2025-05-20,HEXA,Hexindo Adiperkasa Tbk.,--UO1135000000C141------------,5125.0,5125.0,5200.0,4950.0,5075.0,-50.0,565300,2889169000,930,1553.6,5075,5700,5050,2800,840000000,840000000,171696000,99400,113500,0,0,0
2025-05-19,HEXA,Hexindo Adiperkasa Tbk.,--UO1135000000C141------------,4980.0,4990.0,5175.0,4980.0,5125.0,145.0,560900,2859899500,780,1568.9,5125,7900,5100,9900,840000000,840000000,171696000,20100,169400,0,0,0
2025-05-16,HEXA,Hexindo Adiperkasa Tbk.,--UO1135000000C141------------,4890.0,4890.0,4980.0,4890.0,4980.0,90.0,388400,1923683000,650,1524.5,4980,14200,4970,3300,840000000,840000000,171696000,6900,115300,0,0,0
2025-05-15,HEXA,Hexindo Adiperkasa Tbk.,--UO1135000000C141------------,4720.0,4720.0,4900.0,4720.0,4890.0,170.0,334900,1614430000,573,1497.0,4890,800,4880,3100,840000000,840000000,171696000,8100,108200,0,0,0
2025-05-14,HEXA,Hexindo Adiperkasa Tbk.,--UO1135000000C141------------,4710.0,4700.0,4730.0,4690.0,4720.0,10.0,249000,1171889000,379,1444.9,4730,31800,4720,18000,840000000,840000000,171696000,18600,15200,0,0,0
2025-05-09,HEXA,Hexindo Adiperkasa Tbk.,--UO1135000000C141------------,4700.0,4700.0,4720.0,4690.0,4710.0,10.0,148100,695878000,234,1441.9,4710,3600,4700,2800,840000000,840000000,171696000,100,200,1000,4720000,1
2025-05-08,HEXA,Hexindo Adiperkasa Tbk.,--UO1135000000C141------------,4720.0,4720.0,4730.0,4700.0,4700.0,-20.0,195900,922496000,284,1438.8,4710,23800,4700,35000,840000000,840000000,171696000,31700,3100,0,0,0
2025-05-07,HEXA,Hexindo Adiperkasa Tbk.,--UO1135000000C141------------,4710.0,4720.0,4730.0,4700.0,4720.0,10.0,226200,1066642000,314,1444.9,4720,8000,4710,34700,840000000,840000000,171696000,7400,11600,0,0,0
2025-05-06,HEXA,Hexindo Adiperkasa Tbk.,--UO1135000000C141------------,4720.0,4720.0,4730.0,4710.0,4710.0,-10.0,95400,449961000,218,1441.9,4720,19000,4710,5800,840000000,840000000,171696000,14300,7100,0,0,0
2025-05-05,HEXA,Hexindo Adiperkasa Tbk.,--UO1135000000C141------------,4710.0,4720.0,4750.0,4700.0,4720.0,10.0,332600,1566763000,355,1444.9,4720,52600,4710,1300,840000000,840000000,171696000,110900,32500,0,0,0
2025-05-02,HEXA,Hexindo Adiperkasa Tbk.,--UO1135000000C141------------,4710.0,4710.0,4730.0,4680.0,4710.0,0.0,204400,962016000,357,1441.9,4720,1500,4710,34600,840000000,840000000,171696000,18300,23900,80,376800,1
2025-04-30,HEXA,Hexindo Adiperkasa Tbk.,--MO1135000000C141------------,4740.0,4740.0,4750.0,4650.0,4710.0,-30.0,274400,1289025000,514,1441.9,4710,1000,4700,19800,840000000,840000000,171696000,4400,39900,0,0,0
2025-04-29,HEXA,Hexindo Adiperkasa Tbk.,--MO1135000000C141------------,4720.0,4730.0,4760.0,4730.0,4740.0,20.0,260300,1234754000,333,1451.1,4740,32200,4730,37100,840000000,840000000,171696000,38600,7200,0,0,0
2025-04-28,HEXA,Hexindo Adiperkasa Tbk.,--MO1135000000C141------------,4630.0,4630.0,4770.0,4630.0,4720.0,90.0,249500,1180508000,507,1444.9,4720,1900,4710,15400,840000000,840000000,171696000,2400,41500,0,0,0
2025-04-25,HEXA,Hexindo Adiperkasa Tbk.,--MO1135000000C141------------,4650.0,4650.0,4670.0,4620.0,4630.0,-20.0,197700,916781000,448,1417.4,4630,6500,4620,44500,840000000,840000000,171696000,89500,2700,0,0,0
2025-04-24,HEXA,Hexindo Adiperkasa Tbk.,--MO1135000000C141------------,4550.0,4550.0,4670.0,4550.0,4650.0,100.0,239600,1110534000,512,1423.5,4650,1000,4640,8700,840000000,840000000,171696000,56600,9100,0,0,0
2025-04-23,HEXA,Hexindo Adiperkasa Tbk.,--MO1135000000C141------------,4380.0,4380.0,4550.0,4380.0,4550.0,170.0,211300,949534000,531,1392.9,4550,1200,4530,100,840000000,840000000,171696000,400,51400,0,0,0
2025-04-22,HEXA,Hexindo Adiperkasa Tbk.,--MO1135000000C141------------,4370.0,4370.0,4400.0,4370.0,4380.0,10.0,171100,750319000,297,1340.8,4400,6900,4380,2600,840000000,840000000,171696000,43600,23400,0,0,0
2025-04-21,HEXA,Hexindo Adiperkasa Tbk.,--MO1135000000C141------------,4350.0,4350.0,4390.0,4340.0,4370.0,20.0,103300,450571000,233,1337.8,4370,2000,4360,6300,840000000,840000000,171696000,0,11300,0,0,0
2025-04-17,HEXA,Hexindo Adiperkasa Tbk.,--MO1135000000C141------------,4330.0,4330.0,4370.0,4270.0,4350.0,20.0,114500,494901000,227,1331.7,4350,8700,4330,9700,840000000,840000000,171696000,13500,7500,0,0,0
2025-04-16,HEXA,Hexindo Adiperkasa Tbk.,--MO1135000000C141------------,4360.0,4370.0,4400.0,4300.0,4330.0,-30.0,138400,601662000,371,1325.5,4330,500,4320,100,840000000,840000000,171696000,21500,500,0,0,0
2025-04-15,HEXA,Hexindo Adiperkasa Tbk.,--MO1135000000C141------------,4110.0,4130.0,4480.0,4120.0,4360.0,250.0,586000,2564305000,820,1334.7,4380,1800,4360,8700,840000000,840000000,171696000,74700,111600,0,0,0
2025-04-14,HEXA,Hexindo Adiperkasa Tbk.,--MO1135000000C141------------,4020.0,4030.0,4110.0,4020.0,4110.0,90.0,186700,762816000,359,1258.2,4120,7900,4110,1400,840000000,840000000,171696000,1300,56300,0,0,0
2025-04-11,HEXA,Hexindo Adiperkasa Tbk.,--MO1135000000C141------------,4030.0,4030.0,4050.0,3990.0,4020.0,-10.0,143400,575621000,291,1230.6,4030,1300,4020,9400,840000000,840000000,171696000,8500,24000,0,0,0
2025-04-10,HEXA,Hexindo Adiperkasa Tbk.,--MO1135000000C141------------,3950.0,4000.0,4100.0,4000.0,4030.0,80.0,181700,732196000,287,1233.7,4040,1300,4020,4100,840000000,840000000,171696000,300,4800,0,0,0
2025-04-09,HEXA,Hexindo Adiperkasa Tbk.,--MO1135000000C141------------,3940.0,3940.0,3960.0,3930.0,3950.0,10.0,304300,1202313000,462,1209.2,3960,46300,3950,200,840000000,840000000,171696000,13600,15600,0,0,0
2025-04-08,HEXA,Hexindo Adiperkasa Tbk.,--MO1135000000C141------------,4210.0,4200.0,4200.0,3920.0,3940.0,-270.0,829400,3296932000,1276,1206.1,3940,100,3930,1900,840000000,840000000,171696000,81600,94400,0,0,0
2025-03-27,HEXA,Hexindo Adiperkasa Tbk.,--MO1135000000C141------------,4230.0,4230.0,4260.0,4210.0,4210.0,-20.0,105400,445714000,241,1288.8,4220,6200,4210,13700,840000000,840000000,171696000,0,5000,0,0,0
2025-03-26,HEXA,Hexindo Adiperkasa Tbk.,--MO1135000000C141------------,4110.0,4120.0,4330.0,4110.0,4230.0,120.0,231900,981835000,410,1294.9,4270,3500,4230,1100,840000000,840000000,171696000,45200,5700,0,0,0
2025-03-25,HEXA,Hexindo Adiperkasa Tbk.,--MO1135000000C141------------,4070.0,4070.0,4130.0,4060.0,4110.0,40.0,183700,753046000,269,1258.2,4110,17200,4100,1800,840000000,840000000,171696000,47700,71600,0,0,0
2025-03-24,HEXA,Hexindo Adiperkasa Tbk.,--MO1135000000C141------------,4130.0,4130.0,4180.0,4000.0,4070.0,-60.0,332200,1349928000,590,1245.9,4080,4500,4070,1600,840000000,840000000,171696000,29100,62600,23000,85560000,1
2025-03-21,HEXA,Hexindo Adiperkasa Tbk.,--MO1135000000C141------------,4250.0,4250.0,4270.0,4110.0,4130.0,-120.0,160600,665265000,388,1264.3,4140,13700,4130,900,840000000,840000000,171696000,22600,11700,0,0,0
2025-03-20,HEXA,Hexindo Adiperkasa Tbk.,--MO1135000000C141------------,4390.0,4390.0,4410.0,4220.0,4250.0,-140.0,201200,866156000,407,1301.0,4250,500,4240,1500,840000000,840000000,171696000,27200,2400,0,0,0
2025-03-19,HEXA,Hexindo Adiperkasa Tbk.,--MO1135000000C141------------,4150.0,4150.0,4390.0,4150.0,4390.0,240.0,443000,1890357000,514,1343.9,4390,20700,4330,2200,840000000,840000000,171696000,4800,383100,0,0,0
2025-03-18,HEXA,Hexindo Adiperkasa Tbk.,--MO1135000000C141------------,4180.0,4180.0,4230.0,4110.0,4150.0,-30.0,251100,1042232000,402,1270.4,4150,6100,4140,200,840000000,840000000,171696000,6900,67700,0,0,0
2025-03-17,HEXA,Hexindo Adiperkasa Tbk.,--MO1135000000C141------------,4260.0,4270.0,4300.0,4110.0,4180.0,-80.0,170500,716263000,384,1279.6,4190,2400,4180,1000,840000000,840000000,171696000,100,8400,0,0,0
2025-03-14,HEXA,Hexindo Adiperkasa Tbk.,--MO1135000000C141------------,4250.0,4250.0,4300.0,4210.0,4260.0,10.0,57300,242683000,163,1304.1,4260,3000,4240,100,840000000,840000000,171696000,2700,200,0,0,0
2025-03-13,HEXA,Hexindo Adiperkasa Tbk.,--MO1135000000C141------------,4260.0,0.0,4300.0,4200.0,4250.0,-10.0,106600,453570000,246,1301.0,4250,7600,4210,100,840000000,840000000,171696000,0,23500,0,0,0
2025-03-12,HEXA,Hexindo Adiperkasa Tbk.,--MO1135000000C141------------,4270.0,4270.0,4330.0,4260.0,4260.0,-10.0,63200,271515000,164,1304.1,4270,5000,4260,2500,840000000,840000000,171696000,100,7300,0,0,0
2025-03-11,HEXA,Hexindo Adiperkasa Tbk.,--MO1135000000C141------------,4340.0,4340.0,4340.0,4220.0,4270.0,-70.0,77200,329179000,202,1307.2,4270,800,4250,1300,840000000,840000000,171696000,4700,17700,0,0,0
2025-03-10,HEXA,Hexindo Adiperkasa Tbk.,--MO1135000000C141------------,4440.0,4440.0,4450.0,4300.0,4340.0,-100.0,98200,428444000,273,1328.6,4350,3300,4320,200,840000000,840000000,171696000,22400,9700,0,0,0
2025-03-07,HEXA,Hexindo Adiperkasa Tbk.,--MO1135000000C141------------,4370.0,4370.0,4500.0,4340.0,4440.0,70.0,152200,667548000,243,1359.2,4440,8300,4380,100,840000000,840000000,171696000,17500,2600,0,0,0
2025-03-06,HEXA,Hexindo Adiperkasa Tbk.,--MO1135000000C141------------,4220.0,4220.0,4390.0,4200.0,4370.0,150.0,183100,793031000,357,1337.8,4370,600,4340,2700,840000000,840000000,171696000,5100,22900,0,0,0
2025-03-05,HEXA,Hexindo Adiperkasa Tbk.,--MO1135000000C141------------,4110.0,4110.0,4240.0,4110.0,4220.0,110.0,79100,332825000,238,1291.9,4240,7100,4220,100,840000000,840000000,171696000,1800,4800,0,0,0
2025-03-04,HEXA,Hexindo Adiperkasa Tbk.,--MO1135000000C141------------,4200.0,4200.0,4260.0,4050.0,4110.0,-90.0,171300,715580000,388,1258.2,4110,200,4060,500,840000000,840000000,171696000,36200,3100,0,0,0
2025-03-03,HEXA,Hexindo Adiperkasa Tbk.,--MO1135000000C141------------,4020.0,4020.0,4220.0,4020.0,4200.0,180.0,230100,952513000,543,1285.7,4200,900,4180,7200,840000000,840000000,171696000,100,60200,0,0,0
2025-02-28,HEXA,Hexindo Adiperkasa Tbk.,--MO1135000000C141------------,4220.0,4220.0,4220.0,4000.0,4020.0,-200.0,505900,2061331000,977,1230.6,4030,2800,4020,14400,840000000,840000000,171696000,79500,110400,0,0,0
2025-02-27,HEXA,Hexindo Adiperkasa Tbk.,--MO1135000000C141------------,4360.0,4360.0,4360.0,4220.0,4220.0,-140.0,249900,1072084000,666,1291.9,4220,6500,4210,1000,840000000,840000000,171696000,36900,28000,93,396180,1
2025-02-26,HEXA,Hexindo Adiperkasa Tbk.,--MO1135000000C141------------,4370.0,4370.0,4460.0,4300.0,4360.0,-10.0,235100,1022659000,506,1334.7,4360,700,4350,2100,840000000,840000000,171696000,71300,29600,0,0,0
2025-02-25,HEXA,Hexindo Adiperkasa Tbk.,--MO1135000000C141------------,4470.0,4470.0,4470.0,4350.0,4370.0,-100.0,316500,1392524000,766,1337.8,4380,3400,4370,1900,840000000,840000000,171696000,100,12100,0,0,0
2025-02-24,HEXA,Hexindo Adiperkasa Tbk.,--MO1135000000C141------------,4520.0,4520.0,4550.0,4470.0,4470.0,-50.0,214500,963883000,467,1368.4,4480,14900,4470,34600,840000000,840000000,171696000,8900,5500,0,0,0
2025-02-21,HEXA,Hexindo Adiperkasa Tbk.,--MO1135000000C141------------,4530.0,4530.0,4540.0,4490.0,4520.0,-10.0,187900,847970000,354,1383.7,4530,17600,4520,200,840000000,840000000,171696000,1300,5100,0,0,0
2025-02-20,HEXA,Hexindo Adiperkasa Tbk.,--MO1135000000C141------------,4570.0,4570.0,4590.0,4520.0,4530.0,-40.0,126500,575308000,260,1386.8,4550,800,4530,25600,840000000,840000000,171696000,26900,0,0,0,0
2025-02-19,HEXA,Hexindo Adiperkasa Tbk.,--MO1135000000C141------------,4580.0,4580.0,4610.0,4550.0,4570.0,-10.0,251000,1148235000,364,1399.0,4580,25600,4570,400,840000000,840000000,171696000,111200,2100,0,0,0
2025-02-18,HEXA,Hexindo Adiperkasa Tbk.,--MO1135000000C141------------,4580.0,4590.0,4610.0,4570.0,4580.0,0.0,148500,680861000,296,1402.1,4590,8000,4580,8200,840000000,840000000,171696000,9300,17800,0,0,0
2025-02-17,HEXA,Hexindo Adiperkasa Tbk.,--MO1135000000C141------------,4560.0,4580.0,4600.0,4560.0,4580.0,20.0,204000,935085000,254,1402.1,4580,700,4570,5700,840000000,840000000,171696000,4500,84900,0,0,0
2025-02-14,HEXA,Hexindo Adiperkasa Tbk.,--MO1135000000C141------------,4530.0,4530.0,4600.0,4530.0,4560.0,30.0,145300,664460000,250,1395.9,4580,38100,4560,3200,840000000,840000000,171696000,19500,19400,0,0,0
2025-02-13,HEXA,Hexindo Adiperkasa Tbk.,--MO1135000000C141------------,4520.0,4520.0,4550.0,4480.0,4530.0,10.0,152900,690044000,286,1386.8,4530,12300,4520,3300,840000000,840000000,171696000,12700,18800,0,0,0
2025-02-12,HEXA,Hexindo Adiperkasa Tbk.,--MO1135000000C141------------,4510.0,4500.0,4560.0,4480.0,4520.0,10.0,242300,1092540000,466,1383.7,4520,9400,4510,5700,840000000,840000000,171696000,31500,16800,0,0,0
2025-02-11,HEXA,Hexindo Adiperkasa Tbk.,--MO1135000000C141------------,4640.0,4610.0,4630.0,4500.0,4510.0,-130.0,403700,1834883000,900,1380.6,4510,13800,4500,63700,840000000,840000000,171696000,52700,3800,0,0,0
2025-02-10,HEXA,Hexindo Adiperkasa Tbk.,--MO1135000000C141------------,4650.0,4650.0,4700.0,4630.0,4640.0,-10.0,179200,833288000,385,1420.4,4640,8500,4630,11200,840000000,840000000,171696000,9900,6500,0,0,0
2025-02-07,HEXA,Hexindo Adiperkasa Tbk.,--MO1135000000C141------------,4690.0,4690.0,4730.0,4640.0,4650.0,-40.0,193300,902334000,417,1423.5,4660,300,4650,9500,840000000,840000000,171696000,7800,1200,0,0,0
2025-02-06,HEXA,Hexindo Adiperkasa Tbk.,--MO1135000000C141------------,4770.0,4770.0,4800.0,4680.0,4690.0,-80.0,335700,1580421000,638,1435.7,4700,3500,4690,1800,840000000,840000000,171696000,11600,9900,0,0,0
2025-02-05,HEXA,Hexindo Adiperkasa Tbk.,--MO1135000000C141------------,4760.0,4760.0,4780.0,4750.0,4770.0,10.0,102300,486824000,220,1460.2,4770,149700,4760,18300,840000000,840000000,171696000,1000,15000,0,0,0
2025-02-04,HEXA,Hexindo Adiperkasa Tbk.,--MO1135000000C141------------,4760.0,4760.0,4790.0,4760.0,4760.0,0.0,177400,845722000,323,1457.2,4780,36300,4760,18600,840000000,840000000,171696000,200,6600,0,0,0
2025-02-03,HEXA,Hexindo Adiperkasa Tbk.,--MO1135000000C141------------,4820.0,4810.0,4820.0,4750.0,4760.0,-60.0,403100,1925672000,659,1457.2,4760,1300,4750,12500,840000000,840000000,171696000,800,6000,0,0,0
2025-01-31,HEXA,Hexindo Adiperkasa Tbk.,--MO1135000000C141------------,4800.0,4800.0,4820.0,4790.0,4820.0,20.0,96700,464782000,235,1475.5,4820,6600,4810,2000,840000000,840000000,171696000,600,19500,0,0,0
2025-01-30,HEXA,Hexindo Adiperkasa Tbk.,--MO1135000000C141------------,4840.0,4840.0,4850.0,4790.0,4800.0,-40.0,228600,1100973000,442,1469.4,4800,6100,4790,19700,840000000,840000000,171696000,17700,4700,0,0,0
2025-01-24,HEXA,Hexindo Adiperkasa Tbk.,--MO1135000000C141------------,4830.0,4840.0,4860.0,4830.0,4840.0,10.0,80800,391720000,210,1481.7,4850,2400,4830,22300,840000000,840000000,171696000,1300,16100,0,0,0
2025-01-23,HEXA,Hexindo Adiperkasa Tbk.,--MO1135000000C141------------,4850.0,0.0,4880.0,4830.0,4830.0,-20.0,163700,794205000,290,1478.6,4840,11900,4830,17000,840000000,840000000,171696000,0,6800,0,0,0
2025-01-22,HEXA,Hexindo Adiperkasa Tbk.,--MO1135000000C141------------,4840.0,4840.0,4870.0,4830.0,4850.0,10.0,238300,1154638000,257,1484.7,4860,3900,4850,2200,840000000,840000000,171696000,0,600,0,0,0
2025-01-21,HEXA,Hexindo Adiperkasa Tbk.,--MO1135000000C141------------,4840.0,4840.0,4860.0,4830.0,4840.0,0.0,249200,1206953000,251,1481.7,4840,1000,4830,50700,840000000,840000000,171696000,12900,0,0,0,0
2025-01-20,HEXA,Hexindo Adiperkasa Tbk.,--MO1135000000C141------------,4830.0,4830.0,4900.0,4830.0,4840.0,10.0,165500,801955000,311,1481.7,4850,67200,4840,9300,840000000,840000000,171696000,0,7000,0,0,0
2025-01-17,HEXA,Hexindo Adiperkasa Tbk.,--MO1135000000C141------------,4860.0,4850.0,4860.0,4780.0,4830.0,-30.0,225500,1087664000,348,1478.6,4830,1500,4820,17000,840000000,840000000,171696000,5500,63600,0,0,0
2025-01-16,HEXA,Hexindo Adiperkasa Tbk.,--MO1135000000C141------------,4860.0,4870.0,4890.0,4850.0,4860.0,0.0,221500,1076171000,361,1487.8,4860,29100,4850,30300,840000000,840000000,171696000,0,2000,0,0,0
2025-01-15,HEXA,Hexindo Adiperkasa Tbk.,--MO1135000000C141------------,4750.0,4780.0,4900.0,4750.0,4860.0,110.0,372000,1802711000,409,1487.8,4870,1000,4860,300,840000000,840000000,171696000,0,14500,0,0,0
2025-01-14,HEXA,Hexindo Adiperkasa Tbk.,--MO1135000000C141------------,4760.0,4760.0,4760.0,4710.0,4750.0,-10.0,175100,829830000,429,1454.1,4750,3600,4740,2100,840000000,840000000,171696000,0,800,0,0,0
2025-01-13,HEXA,Hexindo Adiperkasa Tbk.,--MO1135000000C141------------,4800.0,4800.0,4810.0,4710.0,4760.0,-40.0,305000,1450449000,523,1457.2,4770,11200,4760,1200,840000000,840000000,171696000,5900,26400,0,0,0
2025-01-10,HEXA,Hexindo Adiperkasa Tbk.,--MO1135000000C141------------,4810.0,4810.0,4810.0,4780.0,4800.0,-10.0,171600,823793000,304,1469.4,4800,200,4790,5700,840000000,840000000,171696000,2500,18400,0,0,0
2025-01-09,HEXA,Hexindo Adiperkasa Tbk.,--MO1135000000C141------------,4800.0,4800.0,4840.0,4800.0,4810.0,10.0,89700,432380000,185,1472.5,4820,900,4810,1700,840000000,840000000,171696000,14100,10700,0,0,0
2025-01-08,HEXA,Hexindo Adiperkasa Tbk.,--MO1135000000C141------------,4880.0,4880.0,4900.0,4780.0,4800.0,-80.0,279300,1351583000,438,1469.4,4820,1100,4800,4300,840000000,840000000,171696000,114700,55700,0,0,0
2025-01-07,HEXA,Hexindo Adiperkasa Tbk.,--MO1135000000C141------------,4860.0,4860.0,4950.0,4850.0,4880.0,20.0,209000,1015453000,221,1493.9,4880,900,4870,200,840000000,840000000,171696000,40400,19600,0,0,0
2025-01-06,HEXA,Hexindo Adiperkasa Tbk.,--MO1135000000C141------------,4870.0,4870.0,4890.0,4850.0,4860.0,-10.0,166900,812524000,316,1487.8,4860,8200,4850,210000,840000000,840000000,171696000,17700,36300,0,0,0
2025-01-03,HEXA,Hexindo Adiperkasa Tbk.,--MO1135000000C141------------,4850.0,4850.0,4890.0,4830.0,4870.0,20.0,224200,1088214000,331,1490.8,4870,10100,4850,234300,840000000,840000000,171696000,81600,45100,0,0,0
2025-01-02,HEXA,Hexindo Adiperkasa Tbk.,--MO1135000000C141------------,4810.0,4810.0,4850.0,4810.0,4850.0,40.0,148100,715782000,334,1484.7,4850,29400,4820,49500,840000000,840000000,171696000,1100,30500,0,0,0
2024-12-30,HEXA,Hexindo Adiperkasa Tbk.,--MO1135000000C141------------,4800.0,4800.0,4840.0,4770.0,4810.0,10.0,163800,785328000,364,1472.5,4810,26100,4800,5900,840000000,840000000,171696000,23600,6500,0,0,0
2024-12-27,HEXA,Hexindo Adiperkasa Tbk.,--MO1135000000C141------------,4800.0,4800.0,4870.0,4770.0,4800.0,0.0,286800,1379604000,419,1469.4,4800,6100,4790,2100,840000000,840000000,171696000,86000,63300,0,0,0
2024-12-24,HEXA,Hexindo Adiperkasa Tbk.,--MO1135000000C141------------,4800.0,4800.0,4810.0,4780.0,4800.0,0.0,143800,690035000,276,1469.4,4810,8700,4800,11300,840000000,840000000,171696000,22600,48500,0,0,0
2024-12-23,HEXA,Hexindo Adiperkasa Tbk.,--MO1135000000C141------------,4770.0,4770.0,4810.0,4760.0,4800.0,30.0,352500,1689150000,332,1469.4,4800,29600,4770,6200,840000000,840000000,171696000,1900,9900,0,0,0
2024-12-20,HEXA,Hexindo Adiperkasa Tbk.,--MO1135000000C141------------,4710.0,4710.0,4790.0,4710.0,4770.0,60.0,168200,796485000,261,1460.2,4770,2000,4760,1600,840000000,840000000,171696000,5000,52000,0,0,0
2024-12-19,HEXA,Hexindo Adiperkasa Tbk.,--MO1135000000C141------------,4760.0,4760.0,4760.0,4700.0,4710.0,-50.0,222400,1050992000,502,1441.9,4710,5000,4700,43100,840000000,840000000,171696000,21400,33000,0,0,0
2024-12-18,HEXA,Hexindo Adiperkasa Tbk.,--MO1135000000C141------------,4820.0,4820.0,4840.0,4750.0,4760.0,-60.0,507000,2423271000,810,1457.2,4780,100,4760,4500,840000000,840000000,171696000,114900,76800,7,33530,1
2024-12-17,HEXA,Hexindo Adiperkasa Tbk.,--MO1135000000C141------------,4920.0,4920.0,4920.0,4800.0,4820.0,-100.0,296300,1438492000,570,1475.5,4870,600,4820,17000,840000000,840000000,171696000,32300,28800,0,0,0
2024-12-16,HEXA,Hexindo Adiperkasa Tbk.,--MO1135000000C141------------,4950.0,4950.0,4950.0,4900.0,4920.0,-30.0,169500,834831000,428,1506.2,4920,2200,4910,6400,840000000,840000000,171696000,25600,13000,0,0,0
2024-12-13,HEXA,Hexindo Adiperkasa Tbk.,--MO1135000000C141------------,4990.0,5000.0,5025.0,4920.0,4950.0,-40.0,233100,1156676500,468,1515.3,4950,4000,4940,2100,840000000,840000000,171696000,16200,5900,0,0,0
2024-12-12,HEXA,Hexindo Adiperkasa Tbk.,--MO1135000000C141------------,5025.0,5050.0,5075.0,4970.0,4990.0,-35.0,550600,2753207000,713,1527.6,5000,17000,4990,41500,840000000,840000000,171696000,254000,58500,0,0,0
2024-12-11,HEXA,Hexindo Adiperkasa Tbk.,--MO1135000000C141------------,4870.0,4870.0,5100.0,4870.0,5025.0,155.0,917100,4603303000,1264,1538.3,5050,9600,5025,35100,840000000,840000000,171696000,213600,131000,0,0,0
2024-12-10,HEXA,Hexindo Adiperkasa Tbk.,--MO1135000000C141------------,4820.0,4820.0,4870.0,4760.0,4870.0,50.0,490400,2369763000,819,1490.8,4870,31600,4860,28900,840000000,840000000,171696000,80700,64400,0,0,0
2024-12-09,HEXA,Hexindo Adiperkasa Tbk.,--MO1135000000C141------------,4700.0,4700.0,4820.0,4690.0,4820.0,120.0,754500,3584147000,796,1475.5,4820,42800,4810,2000,840000000,840000000,171696000,18900,264100,0,0,0
2024-12-06,HEXA,Hexindo Adiperkasa Tbk.,--M-1135000000C141------------,4700.0,0.0,4700.0,4670.0,4700.0,0.0,478600,2246122000,558,1438.8,4700,51800,4690,2400,840000000,840000000,171696000,57200,55400,0,0,0
2024-12-05,HEXA,Hexindo Adiperkasa Tbk.,--M-1135000000C141------------,4690.0,0.0,4710.0,4670.0,4700.0,10.0,537200,2522586000,480,1438.8,4700,25300,4690,19500,840000000,840000000,171696000,20600,135400,0,0,0
2024-12-04,HEXA,Hexindo Adiperkasa Tbk.,--M-1135000000C141------------,4630.0,0.0,4720.0,4610.0,4690.0,60.0,288900,1353745000,415,1435.7,4700,80800,4690,10500,840000000,840000000,171696000,3400,78700,0,0,0
2024-12-03,HEXA,Hexindo Adiperkasa Tbk.,--M-1135000000C141------------,4650.0,0.0,4700.0,4580.0,4630.0,-20.0,511800,2373309000,989,1417.4,4660,600,4630,8100,840000000,840000000,171696000,98200,62300,0,0,0
2024-12-02,HEXA,Hexindo Adiperkasa Tbk.,--M-1135000000C141------------,4750.0,0.0,4750.0,4640.0,4650.0,-100.0,861000,4037674000,1567,1423.5,4650,7100,4640,5500,840000000,840000000,171696000,125500,30200,0,0,0
2024-11-29,HEXA,Hexindo Adiperkasa Tbk.,--S-1135000000C141------------,4800.0,0.0,4800.0,4730.0,4750.0,-50.0,651900,3109678000,1009,1454.1,4750,25100,4740,3800,840000000,840000000,171696000,1600,1700,0,0,0
2024-11-28,HEXA,Hexindo Adiperkasa Tbk.,--S-1135000000C141------------,4800.0,0.0,4830.0,4780.0,4800.0,0.0,369300,1770803000,524,1469.4,4800,33800,4790,4200,840000000,840000000,171696000,62500,60000,0,0,0
2024-11-26,HEXA,Hexindo Adiperkasa Tbk.,--S-1135000000C141------------,4850.0,0.0,4860.0,4790.0,4800.0,-50.0,514900,2484299000,766,1469.4,4800,17200,4790,32300,840000000,840000000,171696000,151300,36000,0,0,0
2024-11-25,HEXA,Hexindo Adiperkasa Tbk.,--S-1135000000C141------------,4830.0,0.0,4880.0,4800.0,4850.0,20.0,553900,2686160000,675,1484.7,4860,65900,4850,1100,840000000,840000000,171696000,3000,207800,0,0,0
2024-11-22,HEXA,Hexindo Adiperkasa Tbk.,--S-1135000000C141------------,4790.0,0.0,4850.0,4780.0,4830.0,40.0,333500,1601694000,538,1478.6,4830,200,4820,2700,840000000,840000000,171696000,500,5700,0,0,0
2024-11-21,HEXA,Hexindo Adiperkasa Tbk.,--S-1135000000C141------------,4800.0,0.0,4820.0,4780.0,4790.0,-10.0,342600,1642339000,562,1466.4,4800,58500,4790,2800,840000000,840000000,171696000,8600,3400,0,0,0
2024-11-20,HEXA,Hexindo Adiperkasa Tbk.,--S-1135000000C141------------,4790.0,0.0,4850.0,4790.0,4800.0,10.0,291600,1402700000,601,1469.4,4810,800,4800,2200,840000000,840000000,171696000,32600,12700,0,0,0
2024-11-19,HEXA,Hexindo Adiperkasa Tbk.,--S-1135000000C141------------,4800.0,0.0,4850.0,4780.0,4790.0,-10.0,756200,3631066000,1197,1466.4,4800,7500,4790,9100,840000000,840000000,171696000,112700,16800,0,0,0
2024-11-18,HEXA,Hexindo Adiperkasa Tbk.,--S-1135000000C141------------,4870.0,0.0,4900.0,4800.0,4800.0,-70.0,911900,4419325000,1214,1469.4,4810,4000,4800,164100,840000000,840000000,171696000,321600,37700,0,0,0
2024-11-15,HEXA,Hexindo Adiperkasa Tbk.,--S-1135000000C141------------,4900.0,0.0,4970.0,4860.0,4870.0,-30.0,640000,3132026000,1019,1490.8,4880,600,4870,5600,840000000,840000000,171696000,158500,9000,0,0,0
2024-11-14,HEXA,Hexindo Adiperkasa Tbk.,--S-1135000000C141------------,5000.0,0.0,5025.0,4890.0,4900.0,-100.0,678500,3351554500,1033,1500.0,4910,72300,4900,73000,840000000,840000000,171696000,191200,6000,0,0,0
2024-11-13,HEXA,Hexindo Adiperkasa Tbk.,--S-1135000000C141------------,4980.0,0.0,5100.0,4980.0,5000.0,20.0,586700,2941162000,780,1530.6,5000,234400,4990,14900,840000000,840000000,171696000,347500,9600,0,0,0
2024-11-12,HEXA,Hexindo Adiperkasa Tbk.,--S-1135000000C141------------,4870.0,0.0,5050.0,4860.0,4980.0,110.0,950200,4725645500,1089,1524.5,5000,8700,4980,1100,840000000,840000000,171696000,570300,130900,0,0,0
2024-11-11,HEXA,Hexindo Adiperkasa Tbk.,--S-1135000000C141------------,5000.0,0.0,5000.0,4800.0,4870.0,-130.0,1243100,6037412000,2202,1490.8,4880,6700,4870,5300,840000000,840000000,171696000,428400,220200,0,0,0
2024-11-08,HEXA,Hexindo Adiperkasa Tbk.,--S-1135000000C141------------,5050.0,0.0,5050.0,4990.0,5000.0,-50.0,1622500,8129343500,1585,1530.6,5000,102300,4990,92400,840000000,840000000,171696000,335500,363200,0,0,0
2024-11-07,HEXA,Hexindo Adiperkasa Tbk.,--S-1135000000C141------------,5150.0,0.0,5200.0,5025.0,5050.0,-100.0,991400,5064575000,1388,1545.9,5075,2500,5050,18400,840000000,840000000,171696000,300300,97400,0,0,0
2024-11-06,HEXA,Hexindo Adiperkasa Tbk.,--S-1135000000C141------------,5250.0,0.0,5275.0,5150.0,5150.0,-100.0,1612000,8362427500,1701,1576.6,5175,25700,5150,2900,840000000,840000000,171696000,449600,186500,0,0,0
2024-11-05,HEXA,Hexindo Adiperkasa Tbk.,--S-1135000000C141------------,5275.0,0.0,5300.0,5225.0,5250.0,-25.0,840300,4408957500,1219,1607.2,5250,35100,5225,106600,840000000,840000000,171696000,278200,37600,0,0,0
2024-11-04,HEXA,Hexindo Adiperkasa Tbk.,--S-1135000000C141------------,5450.0,0.0,5450.0,5225.0,5275.0,-175.0,2198000,11626552500,2523,1614.8,5275,5000,5250,16900,840000000,840000000,171696000,91200,119900,0,0,0
2024-11-01,HEXA,Hexindo Adiperkasa Tbk.,XDS-1135000000C141------------,5550.0,0.0,5550.0,5375.0,5450.0,-100.0,1600900,8690375000,2192,1668.4,5475,2200,5450,16500,840000000,840000000,171696000,118600,174800,31,168950,1
2024-10-31,HEXA,Hexindo Adiperkasa Tbk.,XDS-1135000000C141------------,5600.0,0.0,5625.0,5475.0,5550.0,-50.0,1191000,6605690000,1825,1699.0,5550,3600,5525,15700,840000000,840000000,171696000,36700,28200,0,0,0
2024-10-30,HEXA,Hexindo Adiperkasa Tbk.,XDS-1135000000C141------------,5625.0,0.0,5625.0,5575.0,5600.0,-25.0,679700,3798537500,899,1714.3,5600,59600,5575,184800,840000000,840000000,171696000,260200,32500,0,0,0
2024-10-29,HEXA,Hexindo Adiperkasa Tbk.,XDS-1135000000C141------------,5650.0,0.0,5650.0,5625.0,5625.0,-25.0,543500,3064902500,686,1722.0,5650,70500,5625,113200,840000000,840000000,171696000,251400,8700,0,0,0
2024-10-28,HEXA,Hexindo Adiperkasa Tbk.,XDS-1135000000C141------------,5700.0,0.0,5725.0,5650.0,5650.0,-50.0,672000,3807367500,1245,1729.6,5675,5100,5650,35800,840000000,840000000,171696000,299200,2800,0,0,0
2024-10-25,HEXA,Hexindo Adiperkasa Tbk.,XDS-1135000000C141------------,5675.0,0.0,5750.0,5675.0,5700.0,25.0,557200,3183652500,1035,1744.9,5725,22500,5700,17400,840000000,840000000,171696000,258600,50500,96,547200,1
2024-10-24,HEXA,Hexindo Adiperkasa Tbk.,XDS-1135000000C141------------,5675.0,0.0,5700.0,5650.0,5675.0,0.0,269100,1527180000,432,1737.3,5700,69500,5675,75100,840000000,840000000,171696000,94800,0,0,0,0
2024-10-23,HEXA,Hexindo Adiperkasa Tbk.,XDS-1135000000C141------------,5700.0,0.0,5725.0,5650.0,5675.0,-25.0,503600,2856010000,853,1737.3,5675,39700,5650,255200,840000000,840000000,171696000,107100,43500,100,567925,2
2024-10-22,HEXA,Hexindo Adiperkasa Tbk.,XDS-1135000000C141------------,5700.0,0.0,5725.0,5675.0,5700.0,0.0,973400,5542207500,1423,1744.9,5700,496600,5675,156800,840000000,840000000,171696000,490400,3800,0,0,0
2024-10-21,HEXA,Hexindo Adiperkasa Tbk.,XDS-1135000000C141------------,5775.0,0.0,5800.0,5700.0,5700.0,-75.0,1233200,7060840000,1562,1744.9,5725,12100,5700,241400,840000000,840000000,171696000,859000,2000,0,0,0
2024-10-18,HEXA,Hexindo Adiperkasa Tbk.,XDS-1135000000C141------------,5775.0,0.0,5775.0,5725.0,5775.0,0.0,409400,2356097500,524,1767.9,5775,829700,5750,146800,840000000,840000000,171696000,177700,18500,55,316250,1
2024-10-17,HEXA,Hexindo Adiperkasa Tbk.,XDS-1135000000C141------------,5775.0,0.0,5800.0,5750.0,5775.0,0.0,497700,2870517500,804,1767.9,5800,107900,5750,157200,840000000,840000000,171696000,250300,4000,0,0,0
2024-10-16,HEXA,Hexindo Adiperkasa Tbk.,XDS-1135000000C141------------,5725.0,0.0,5800.0,5750.0,5775.0,50.0,1333500,7704330000,548,1767.9,5800,52000,5775,22300,840000000,840000000,171696000,870200,1002200,0,0,0
2024-10-15,HEXA,Hexindo Adiperkasa Tbk.,XDS-1135000000C141------------,5750.0,0.0,5775.0,5725.0,5725.0,-25.0,438300,2521380000,744,1752.6,5750,400,5725,261000,840000000,840000000,171696000,74400,4800,0,0,0
2024-10-14,HEXA,Hexindo Adiperkasa Tbk.,XDS-1135000000C141------------,5775.0,0.0,5800.0,5750.0,5750.0,-25.0,328000,1888602500,702,1760.2,5775,39100,5750,146100,840000000,840000000,171696000,53400,7700,0,0,0
2024-10-11,HEXA,Hexindo Adiperkasa Tbk.,XDS-1135000000C141------------,5800.0,0.0,5800.0,5750.0,5775.0,-25.0,289700,1673307500,586,1767.9,5800,156600,5775,2400,840000000,840000000,171696000,58100,10200,0,0,0
2024-10-10,HEXA,Hexindo Adiperkasa Tbk.,XDS-1135000000C141------------,5800.0,0.0,5800.0,5775.0,5800.0,0.0,283400,1638255000,535,1775.5,5800,96100,5775,25200,840000000,840000000,171696000,900,3800,0,0,0
2024-10-09,HEXA,Hexindo Adiperkasa Tbk.,XDS-1135000000C141------------,5800.0,0.0,5800.0,5775.0,5800.0,0.0,393600,2276880000,872,1775.5,5800,64900,5775,53800,840000000,840000000,171696000,114800,7200,0,0,0
2024-10-08,HEXA,Hexindo Adiperkasa Tbk.,XDS-1135000000C141------------,5775.0,0.0,5800.0,5750.0,5800.0,25.0,507100,2932277500,871,1775.5,5800,100900,5775,185600,840000000,840000000,171696000,74100,100,0,0,0
2024-10-07,HEXA,Hexindo Adiperkasa Tbk.,XDS-1135000000C141------------,5725.0,0.0,5800.0,5725.0,5775.0,50.0,626200,3611990000,1055,1767.9,5800,107500,5775,4400,840000000,840000000,171696000,7100,3700,0,0,0
2024-10-04,HEXA,Hexindo Adiperkasa Tbk.,--S-1135000000C141------------,5775.0,0.0,5800.0,5725.0,5725.0,-50.0,766700,4402060000,1509,1752.6,5750,41900,5725,133500,840000000,840000000,171696000,205300,25300,0,0,0
2024-10-03,HEXA,Hexindo Adiperkasa Tbk.,--S-1135000000C141------------,6475.0,0.0,6350.0,5525.0,5775.0,-700.0,3907900,22432695000,4691,1767.9,5800,223800,5775,67200,840000000,840000000,171696000,491600,253100,0,0,0
2024-10-02,HEXA,Hexindo Adiperkasa Tbk.,CDS-1135000000C141------------,6500.0,0.0,6550.0,6450.0,6475.0,-25.0,3198900,20730720000,3152,1982.2,6500,129200,6475,192200,840000000,840000000,171696000,239200,17800,0,0,0
2024-10-01,HEXA,Hexindo Adiperkasa Tbk.,CDS-1135000000C141------------,6525.0,0.0,6525.0,6450.0,6500.0,-25.0,2691100,17457697500,2480,1989.8,6500,115200,6475,111700,840000000,840000000,171696000,284100,21500,0,0,0
2024-09-30,HEXA,Hexindo Adiperkasa Tbk.,CDS-1135000000C141------------,6550.0,0.0,6575.0,6525.0,6525.0,-25.0,2818000,18450062500,2415,1997.5,6550,271000,6525,52400,840000000,840000000,171696000,165200,6100,0,0,0
2024-09-27,HEXA,Hexindo Adiperkasa Tbk.,CDS-1135000000C141------------,6575.0,0.0,6600.0,6550.0,6550.0,-25.0,1307400,8582062500,1547,2005.1,6575,139000,6550,140500,840000000,840000000,171696000,196200,15800,0,0,0
2024-09-26,HEXA,Hexindo Adiperkasa Tbk.,--S-1135000000C141------------,6600.0,0.0,6625.0,6500.0,6575.0,-25.0,2102600,13833082500,1622,2012.8,6600,150700,6575,22500,840000000,840000000,171696000,213000,74700,0,0,0
2024-09-25,HEXA,Hexindo Adiperkasa Tbk.,--S-1135000000C141------------,6575.0,0.0,6650.0,6550.0,6600.0,25.0,2584900,17054930000,1772,2020.4,6600,15800,6575,301200,840000000,840000000,171696000,497600,1900,0,0,0
2024-09-24,HEXA,Hexindo Adiperkasa Tbk.,--S-1135000000C141------------,6600.0,0.0,6625.0,6550.0,6575.0,-25.0,3150900,20732692500,2482,2012.8,6600,26900,6575,18500,840000000,840000000,171696000,332400,210900,0,0,0
2024-09-23,HEXA,Hexindo Adiperkasa Tbk.,--S-1135000000C141------------,6650.0,0.0,6650.0,6550.0,6600.0,-50.0,1201800,7921785000,1102,2020.4,6600,27300,6575,199000,840000000,840000000,171696000,152700,46700,0,0,0
2024-09-20,HEXA,Hexindo Adiperkasa Tbk.,--S-1135000000C141------------,6650.0,0.0,6650.0,6600.0,6650.0,0.0,569900,3767120000,602,2035.8,6650,124200,6625,26500,840000000,840000000,171696000,239100,101900,0,0,0
2024-09-19,HEXA,Hexindo Adiperkasa Tbk.,--S-1135000000C141------------,6725.0,0.0,6800.0,6600.0,6650.0,-75.0,1398700,9302445000,1013,2035.8,6650,212900,6625,25000,840000000,840000000,171696000,533600,5500,0,0,0
2024-09-18,HEXA,Hexindo Adiperkasa Tbk.,--S-1135000000C141------------,6650.0,0.0,6725.0,6650.0,6725.0,75.0,961400,6444252500,991,2058.7,6725,273800,6700,5200,840000000,840000000,171696000,103000,312200,0,0,0
2024-09-17,HEXA,Hexindo Adiperkasa Tbk.,--S-1135000000C141------------,6575.0,0.0,6675.0,6575.0,6650.0,75.0,1118500,7411367500,939,2035.8,6650,48500,6625,32500,840000000,840000000,171696000,101000,403900,0,0,0
2024-09-13,HEXA,Hexindo Adiperkasa Tbk.,--S-1135000000C141------------,6525.0,0.0,6575.0,6500.0,6575.0,50.0,321800,2105980000,322,2012.8,6575,28800,6550,34300,840000000,840000000,171696000,47500,1800,26,169650,1
2024-09-12,HEXA,Hexindo Adiperkasa Tbk.,--S-1135000000C141------------,6500.0,0.0,6550.0,6475.0,6525.0,25.0,325300,2119325000,427,1997.5,6550,18600,6525,14900,840000000,840000000,171696000,51000,22300,30,195000,1
2024-09-11,HEXA,Hexindo Adiperkasa Tbk.,--S-1135000000C141------------,6525.0,0.0,6525.0,6475.0,6500.0,-25.0,368900,2397780000,554,1989.8,6525,26200,6500,13100,840000000,840000000,171696000,79800,25800,15,97500,1
2024-09-10,HEXA,Hexindo Adiperkasa Tbk.,--S-1135000000C141------------,6525.0,0.0,6550.0,6500.0,6525.0,0.0,291000,1894545000,469,1997.5,6525,19000,6500,93900,840000000,840000000,171696000,37700,3000,0,0,0
2024-09-09,HEXA,Hexindo Adiperkasa Tbk.,--S-1135000000C141------------,6500.0,0.0,6550.0,6500.0,6525.0,25.0,276400,1801522500,439,1997.5,6525,69400,6500,135400,840000000,840000000,171696000,47400,4900,0,0,0
2024-09-06,HEXA,Hexindo Adiperkasa Tbk.,--S-1135000000C141------------,6550.0,0.0,6575.0,6500.0,6500.0,-50.0,283500,1849212500,416,1989.8,6550,43100,6500,146800,840000000,840000000,171696000,5700,13600,0,0,0
2024-09-05,HEXA,Hexindo Adiperkasa Tbk.,--S-1135000000C141------------,6575.0,0.0,6650.0,6500.0,6550.0,-25.0,549600,3588635000,785,2005.1,6575,53600,6550,100,840000000,840000000,171696000,101800,137300,0,0,0
2024-09-04,HEXA,Hexindo Adiperkasa Tbk.,--S-1135000000C141------------,6650.0,0.0,6675.0,6525.0,6575.0,-75.0,934900,6140347500,1020,2012.8,6575,27300,6550,39300,840000000,840000000,171696000,57700,38800,0,0,0
2024-09-03,HEXA,Hexindo Adiperkasa Tbk.,--S-1135000000C141------------,6625.0,0.0,6700.0,6600.0,6650.0,25.0,730800,4853130000,776,2035.8,6650,2400,6625,10800,840000000,840000000,171696000,321900,1900,0,0,0
2024-09-02,HEXA,Hexindo Adiperkasa Tbk.,--S-1135000000C141------------,6475.0,0.0,6675.0,6475.0,6625.0,150.0,1098800,7254717500,1129,2028.1,6650,48400,6625,86600,840000000,840000000,171696000,48200,189900,0,0,0
2024-08-30,HEXA,Hexindo Adiperkasa Tbk.,--U-1135000000C141------------,6450.0,0.0,6500.0,6450.0,6475.0,25.0,396200,2564857500,518,1982.2,6500,125300,6475,64500,840000000,840000000,171696000,0,7600,0,0,0
2024-08-29,HEXA,Hexindo Adiperkasa Tbk.,--U-1135000000C141------------,6475.0,0.0,6475.0,6425.0,6450.0,-25.0,594500,3839215000,624,1974.5,6475,77100,6450,206000,840000000,840000000,171696000,34100,25000,0,0,0
2024-08-28,HEXA,Hexindo Adiperkasa Tbk.,--U-1135000000C141------------,6425.0,0.0,6475.0,6400.0,6475.0,50.0,536600,3458615000,553,1982.2,6475,193100,6450,51900,840000000,840000000,171696000,41800,1500,0,0,0
2024-08-27,HEXA,Hexindo Adiperkasa Tbk.,--U-1135000000C141------------,6400.0,0.0,6450.0,6400.0,6425.0,25.0,424000,2722002500,514,1966.9,6425,13000,6400,357300,840000000,840000000,171696000,54700,9900,0,0,0
2024-08-26,HEXA,Hexindo Adiperkasa Tbk.,--U-1135000000C141------------,6400.0,0.0,6475.0,6375.0,6400.0,0.0,430800,2761465000,587,1959.2,6425,8000,6400,304800,840000000,840000000,171696000,75300,18400,0,0,0
2024-08-23,HEXA,Hexindo Adiperkasa Tbk.,--U-1135000000C141------------,6375.0,0.0,6425.0,6375.0,6400.0,25.0,223500,1433857500,350,1959.2,6450,79400,6400,88800,840000000,840000000,171696000,3000,1600,0,0,0
2024-08-22,HEXA,Hexindo Adiperkasa Tbk.,--U-1135000000C141------------,6400.0,0.0,6400.0,6300.0,6375.0,-25.0,465100,2956420000,786,1951.6,6375,19200,6350,53200,840000000,840000000,171696000,61700,24400,100,615000,1
2024-08-21,HEXA,Hexindo Adiperkasa Tbk.,--U-1135000000C141------------,6425.0,0.0,6450.0,6375.0,6400.0,-25.0,652000,4169922500,883,1959.2,6400,12900,6375,134800,840000000,840000000,171696000,155900,2200,0,0,0
2024-08-20,HEXA,Hexindo Adiperkasa Tbk.,--U-1135000000C141------------,6400.0,0.0,6475.0,6400.0,6425.0,25.0,377200,2423012500,727,1966.9,6450,50000,6425,29400,840000000,840000000,171696000,127700,1000,0,0,0
2024-08-19,HEXA,Hexindo Adiperkasa Tbk.,--U-1135000000C141------------,6325.0,0.0,6500.0,6325.0,6400.0,75.0,1038200,6655825000,1047,1959.2,6425,9200,6400,25100,840000000,840000000,171696000,194700,81800,0,0,0
2024-08-16,HEXA,Hexindo Adiperkasa Tbk.,--U-1135000000C141------------,6200.0,0.0,6350.0,6200.0,6325.0,125.0,1006000,6344222500,781,1936.3,6350,98800,6325,100,840000000,840000000,171696000,423400,101800,2000,11400000,1
2024-08-15,HEXA,Hexindo Adiperkasa Tbk.,--U-1135000000C141------------,6225.0,0.0,6250.0,6200.0,6225.0,0.0,447700,2788775000,490,1905.7,6250,21100,6225,21100,840000000,840000000,171696000,60300,95000,0,0,0
2024-08-14,HEXA,Hexindo Adiperkasa Tbk.,--U-1135000000C141------------,6225.0,0.0,6250.0,6200.0,6225.0,0.0,447700,2788775000,490,1905.7,6250,21100,6225,21100,840000000,840000000,171696000,60300,95000,0,0,0
2024-08-13,HEXA,Hexindo Adiperkasa Tbk.,--U-1135000000C141------------,6200.0,0.0,6250.0,6200.0,6225.0,25.0,449900,2797147500,566,1905.7,6225,25200,6200,173200,840000000,840000000,171696000,157000,17600,96,595200,1
2024-08-12,HEXA,Hexindo Adiperkasa Tbk.,--U-1135000000C141------------,6225.0,0.0,6250.0,6175.0,6200.0,-25.0,780900,4839050000,803,1898.0,6200,6700,6175,173500,840000000,840000000,171696000,369000,63700,88,543400,1
2024-08-09,HEXA,Hexindo Adiperkasa Tbk.,--U-1135000000C141------------,6250.0,0.0,6300.0,6175.0,6225.0,-25.0,793300,4918010000,910,1905.7,6225,23000,6200,43600,840000000,840000000,171696000,259500,1300,0,0,0
2024-08-08,HEXA,Hexindo Adiperkasa Tbk.,--U-1135000000C141------------,6225.0,0.0,6300.0,6200.0,6250.0,25.0,696000,4339755000,643,1913.3,6250,11400,6225,106500,840000000,840000000,171696000,143800,76300,0,0,0
2024-08-07,HEXA,Hexindo Adiperkasa Tbk.,--U-1135000000C141------------,6200.0,0.0,6275.0,6200.0,6225.0,25.0,243900,1521060000,442,1905.7,6250,7300,6225,20800,840000000,840000000,171696000,111300,0,0,0,0
2024-08-06,HEXA,Hexindo Adiperkasa Tbk.,--U-1135000000C141------------,6200.0,0.0,6300.0,6100.0,6200.0,0.0,625800,3881270000,799,1898.0,6250,600,6200,21000,840000000,840000000,171696000,150000,105400,0,0,0
2024-08-05,HEXA,Hexindo Adiperkasa Tbk.,--U-1135000000C141------------,6400.0,0.0,6400.0,5975.0,6200.0,-200.0,2701600,16691492500,2738,1898.0,6200,20000,6175,45200,840000000,840000000,171696000,364400,392400,0,0,0
2024-08-02,HEXA,Hexindo Adiperkasa Tbk.,--U-1135000000C141------------,6375.0,0.0,6425.0,6300.0,6400.0,25.0,780600,4981747500,943,1959.2,6425,17700,6400,13500,840000000,840000000,171696000,126700,134100,0,0,0
2024-08-01,HEXA,Hexindo Adiperkasa Tbk.,--U-1135000000C141------------,6700.0,0.0,6650.0,6075.0,6375.0,-325.0,4437700,28261975000,4342,1951.6,6400,200,6375,100,840000000,840000000,171696000,462000,1145000,0,0,0
2024-07-31,HEXA,Hexindo Adiperkasa Tbk.,--U-1135000000C141------------,6650.0,0.0,6700.0,6650.0,6675.0,25.0,339900,2269025000,457,2043.4,6700,342100,6675,2000,840000000,840000000,171696000,42900,205700,0,0,0
2024-07-30,HEXA,Hexindo Adiperkasa Tbk.,--U-1135000000C141------------,6650.0,0.0,6700.0,6650.0,6675.0,25.0,339900,2269025000,457,2043.4,6700,342100,6675,2000,840000000,840000000,171696000,42900,205700,0,0,0
2024-07-29,HEXA,Hexindo Adiperkasa Tbk.,--U-1135000000C141------------,6650.0,0.0,6700.0,6625.0,6650.0,0.0,474700,3158020000,655,2035.8,6675,34600,6650,700,840000000,840000000,171696000,245300,183700,0,0,0
2024-07-26,HEXA,Hexindo Adiperkasa Tbk.,--U-1135000000C141------------,6575.0,0.0,6700.0,6575.0,6650.0,75.0,759700,5043567500,746,2035.8,6650,73800,6625,400,840000000,840000000,171696000,366700,267400,0,0,0
2024-07-25,HEXA,Hexindo Adiperkasa Tbk.,--U-1135000000C141------------,6625.0,0.0,6650.0,6550.0,6575.0,-50.0,1201500,7907592500,1057,2012.8,6600,36700,6575,3300,840000000,840000000,171696000,281400,583100,0,0,0
2024-07-24,HEXA,Hexindo Adiperkasa Tbk.,--U-1135000000C141------------,6625.0,0.0,6700.0,6625.0,6625.0,0.0,446400,2962717500,544,2028.1,6650,29000,6625,98400,840000000,840000000,171696000,198200,142100,0,0,0
2024-07-23,HEXA,Hexindo Adiperkasa Tbk.,--U-1135000000C141------------,6675.0,0.0,6675.0,6600.0,6625.0,-50.0,827500,5496425000,880,2028.1,6650,21400,6625,77700,840000000,840000000,171696000,239100,282300,0,0,0
2024-07-22,HEXA,Hexindo Adiperkasa Tbk.,--U-1135000000C141------------,6675.0,0.0,6700.0,6625.0,6675.0,0.0,737500,4907905000,784,2043.4,6675,95300,6650,46600,840000000,840000000,171696000,145200,180800,0,0,0
2024-07-19,HEXA,Hexindo Adiperkasa Tbk.,--U-1135000000C141------------,6675.0,0.0,6725.0,6650.0,6675.0,0.0,783600,5240272500,923,2043.4,6700,67000,6675,11800,840000000,840000000,171696000,291900,298600,0,0,0
2024-07-18,HEXA,Hexindo Adiperkasa Tbk.,--U-1135000000C141------------,6650.0,0.0,6700.0,6600.0,6675.0,25.0,912500,6079537500,839,2043.4,6700,125700,6675,12900,840000000,840000000,171696000,163800,450800,0,0,0
2024-07-17,HEXA,Hexindo Adiperkasa Tbk.,--U-1135000000C141------------,6650.0,0.0,6700.0,6575.0,6650.0,0.0,850900,5642817500,953,2035.8,6675,67400,6650,2300,840000000,840000000,171696000,197800,475100,0,0,0
2024-07-16,HEXA,Hexindo Adiperkasa Tbk.,--U-1135000000C141------------,6650.0,0.0,6725.0,6650.0,6650.0,0.0,720300,4810072500,750,2035.8,6675,74700,6650,67300,840000000,840000000,171696000,250800,276600,600500,4014943000,1
2024-07-12,HEXA,Hexindo Adiperkasa Tbk.,--U-1135000000C141------------,6500.0,0.0,6575.0,6475.0,6550.0,50.0,877100,5730257500,941,2005.1,6575,119900,6550,2300,840000000,840000000,171696000,102800,403000,0,0,0
2024-07-11,HEXA,Hexindo Adiperkasa Tbk.,--U-1135000000C141------------,6450.0,0.0,6525.0,6450.0,6500.0,50.0,691800,4493155000,730,1989.8,6525,80500,6500,1200,840000000,840000000,171696000,83000,278300,0,0,0
2024-07-10,HEXA,Hexindo Adiperkasa Tbk.,--U-1135000000C141------------,6450.0,0.0,6500.0,6450.0,6450.0,0.0,405800,2625500000,498,1974.5,6475,47500,6450,139500,840000000,840000000,171696000,80700,109100,0,0,0
2024-07-09,HEXA,Hexindo Adiperkasa Tbk.,--U-1135000000C141------------,6375.0,0.0,6450.0,6375.0,6450.0,75.0,538800,3465195000,662,1974.5,6450,21600,6425,122800,840000000,840000000,171696000,0,96300,0,0,0
2024-07-08,HEXA,Hexindo Adiperkasa Tbk.,--U-1135000000C141------------,6300.0,0.0,6400.0,6200.0,6375.0,75.0,511900,3255135000,607,1951.6,6375,73800,6350,38200,840000000,840000000,171696000,23300,160000,0,0,0
2024-07-05,HEXA,Hexindo Adiperkasa Tbk.,--U-1135000000C141------------,6300.0,0.0,6350.0,6250.0,6300.0,0.0,611600,3854225000,491,1928.6,6325,400,6300,122000,840000000,840000000,171696000,200,171100,0,0,0
2024-07-04,HEXA,Hexindo Adiperkasa Tbk.,--U-1135000000C141------------,6275.0,0.0,6300.0,6150.0,6200.0,-75.0,2370600,14719010000,1853,1898.0,6225,700,6200,9700,840000000,840000000,171696000,1825500,244200,0,0,0
2024-07-03,HEXA,Hexindo Adiperkasa Tbk.,--U-1135000000C141------------,6275.0,0.0,6300.0,6150.0,6200.0,-75.0,2370600,14719010000,1853,1898.0,6225,700,6200,9700,840000000,840000000,171696000,1825500,244200,0,0,0
2024-07-02,HEXA,Hexindo Adiperkasa Tbk.,--U-1135000000C141------------,6275.0,0.0,6325.0,6250.0,6275.0,0.0,1574300,9909452500,1110,1921.0,6275,46300,6250,126200,840000000,840000000,171696000,1336800,263000,0,0,0
2024-07-01,HEXA,Hexindo Adiperkasa Tbk.,--U-1135000000C141------------,6175.0,0.0,6600.0,6200.0,6275.0,100.0,1610700,10178145000,1265,1921.0,6275,8100,6250,75500,840000000,840000000,171696000,925200,417500,0,0,0
2024-06-28,HEXA,Hexindo Adiperkasa Tbk.,--U-1135000000C141------------,6175.0,0.0,6200.0,6125.0,6175.0,0.0,213000,1311255000,441,1890.3,6175,2700,6150,10600,840000000,840000000,171696000,8000,69600,0,0,0
2024-06-27,HEXA,Hexindo Adiperkasa Tbk.,--U-1135000000C141------------,6100.0,0.0,6175.0,6075.0,6175.0,75.0,387800,2371177500,506,1890.3,6175,44500,6150,100,840000000,840000000,171696000,1100,143700,0,0,0
2024-06-26,HEXA,Hexindo Adiperkasa Tbk.,--U-1135000000C141------------,6100.0,0.0,6175.0,6075.0,6100.0,0.0,321500,1970450000,518,1867.4,6150,5000,6100,65200,840000000,840000000,171696000,54400,117500,0,0,0
2024-06-25,HEXA,Hexindo Adiperkasa Tbk.,--U-1135000000C141------------,6100.0,0.0,6175.0,6075.0,6100.0,0.0,321500,1970450000,518,1867.4,6150,5000,6100,65200,840000000,840000000,171696000,54400,117500,0,0,0
2024-06-24,HEXA,Hexindo Adiperkasa Tbk.,--U-1135000000C141------------,6250.0,0.0,6275.0,6075.0,6100.0,-150.0,1074600,6617980000,1057,1867.4,6100,10000,6075,66300,840000000,840000000,171696000,852700,271300,0,0,0
2024-06-21,HEXA,Hexindo Adiperkasa Tbk.,--U-1135000000C141------------,6175.0,0.0,6250.0,6175.0,6250.0,75.0,217800,1351730000,303,1913.3,6250,72500,6225,4600,840000000,840000000,171696000,500,94100,0,0,0
2024-06-20,HEXA,Hexindo Adiperkasa Tbk.,--U-1135000000C141------------,6150.0,0.0,6200.0,6125.0,6175.0,25.0,91500,564435000,195,1890.3,6200,67200,6175,4000,840000000,840000000,171696000,13300,18000,0,0,0
2024-06-19,HEXA,Hexindo Adiperkasa Tbk.,--U-1135000000C141------------,6200.0,0.0,6200.0,6125.0,6150.0,-50.0,253200,1556400000,327,1882.7,6175,5300,6150,7900,840000000,840000000,171696000,12000,3200,0,0,0
2024-06-14,HEXA,Hexindo Adiperkasa Tbk.,--U-1135000000C141------------,6175.0,0.0,6200.0,6100.0,6200.0,25.0,244800,1506302500,394,1898.0,6200,6500,6175,600,840000000,840000000,171696000,18600,40800,0,0,0
2024-06-13,HEXA,Hexindo Adiperkasa Tbk.,--U-1135000000C141------------,6175.0,0.0,6250.0,6175.0,6175.0,0.0,292800,1812122500,305,1890.3,6175,115000,6150,40600,840000000,840000000,171696000,48700,5100,0,0,0
2024-06-12,HEXA,Hexindo Adiperkasa Tbk.,--U-1135000000C141------------,6250.0,0.0,6275.0,6150.0,6175.0,-75.0,244800,1515510000,352,1890.3,6225,7000,6175,1000,840000000,840000000,171696000,81000,30700,0,0,0
2024-06-11,HEXA,Hexindo Adiperkasa Tbk.,--U-1135000000C141------------,6225.0,0.0,6300.0,6175.0,6250.0,25.0,401200,2508062500,432,1913.3,6250,5600,6225,2100,840000000,840000000,171696000,119900,5000,0,0,0
2024-06-10,HEXA,Hexindo Adiperkasa Tbk.,--U-1135000000C141------------,6200.0,0.0,6250.0,6175.0,6225.0,25.0,382400,2373400000,660,1905.7,6225,4800,6200,39900,840000000,840000000,171696000,75600,63000,0,0,0
2024-06-07,HEXA,Hexindo Adiperkasa Tbk.,--U-1135000000C141------------,6075.0,0.0,6225.0,6075.0,6200.0,125.0,751100,4631250000,728,1898.0,6200,29400,6175,3200,840000000,840000000,171696000,5500,273600,0,0,0
2024-06-06,HEXA,Hexindo Adiperkasa Tbk.,--U-1135000000C141------------,6025.0,0.0,6075.0,6025.0,6075.0,50.0,226400,1370220000,326,1859.7,6075,20300,6050,5100,840000000,840000000,171696000,0,47900,0,0,0
2024-06-05,HEXA,Hexindo Adiperkasa Tbk.,--U-1135000000C141------------,6000.0,0.0,6050.0,6000.0,6025.0,25.0,194400,1171707500,272,1844.4,6050,4000,6025,3500,840000000,840000000,171696000,100,45300,0,0,0
2024-06-04,HEXA,Hexindo Adiperkasa Tbk.,--U-1135000000C141------------,6000.0,0.0,6075.0,5975.0,6000.0,0.0,727400,4368165000,570,1836.8,6000,100,5975,198200,840000000,840000000,171696000,613800,62600,0,0,0
2024-06-03,HEXA,Hexindo Adiperkasa Tbk.,--U-1135000000C141------------,6050.0,0.0,6150.0,5975.0,6000.0,-50.0,1108100,6682955000,971,1836.8,6000,294400,5975,173200,840000000,840000000,171696000,863500,123500,0,0,0
2024-05-31,HEXA,Hexindo Adiperkasa Tbk.,--U-1135000000C141------------,6075.0,0.0,6100.0,6000.0,6050.0,-25.0,287400,1735737500,364,1852.1,6050,26100,6025,52300,840000000,840000000,171696000,27600,49700,0,0,0
2024-05-30,HEXA,Hexindo Adiperkasa Tbk.,--U-1135000000C141------------,6100.0,0.0,6100.0,6025.0,6075.0,-25.0,299700,1811225000,334,1859.7,6100,38800,6050,8900,840000000,840000000,171696000,4000,14800,0,0,0
2024-05-29,HEXA,Hexindo Adiperkasa Tbk.,--U-1135000000C141------------,6075.0,0.0,6100.0,6050.0,6100.0,25.0,236400,1438832500,232,1867.4,6100,29600,6075,58400,840000000,840000000,171696000,2600,1700,0,0,0
2024-05-28,HEXA,Hexindo Adiperkasa Tbk.,--U-1135000000C141------------,6100.0,0.0,6100.0,6025.0,6075.0,-25.0,464100,2817017500,251,1859.7,6100,31300,6075,2100,840000000,840000000,171696000,201500,42400,0,0,0
2024-05-27,HEXA,Hexindo Adiperkasa Tbk.,--U-1135000000C141------------,6000.0,0.0,6125.0,5950.0,6100.0,100.0,507500,3072592500,420,1867.4,6100,70500,6075,300,840000000,840000000,171696000,53000,7800,0,0,0
2024-05-22,HEXA,Hexindo Adiperkasa Tbk.,--U-1135000000C141------------,6050.0,0.0,6100.0,5975.0,6000.0,-50.0,1011100,6094590000,836,1836.8,6025,2700,5975,94000,840000000,840000000,171696000,664300,202500,0,0,0
2024-05-21,HEXA,Hexindo Adiperkasa Tbk.,--U-1135000000C141------------,6025.0,0.0,6075.0,5975.0,6050.0,25.0,307800,1855960000,529,1852.1,6050,13500,6025,26900,840000000,840000000,171696000,129800,83200,0,0,0
2024-05-20,HEXA,Hexindo Adiperkasa Tbk.,--U-1135000000C141------------,6025.0,0.0,6050.0,5975.0,6025.0,0.0,214800,1292875000,324,1844.4,6050,110200,6025,28500,840000000,840000000,171696000,9400,8100,0,0,0
2024-05-17,HEXA,Hexindo Adiperkasa Tbk.,--U-1135000000C141------------,5975.0,0.0,6025.0,5925.0,6025.0,50.0,179100,1072557500,177,1844.4,6025,35300,6000,6300,840000000,840000000,171696000,1300,62300,0,0,0
2024-05-16,HEXA,Hexindo Adiperkasa Tbk.,--U-1135000000C141------------,5975.0,0.0,6000.0,5925.0,5975.0,0.0,221400,1319382500,256,1829.1,6000,10400,5975,900,840000000,840000000,171696000,5700,21400,0,0,0
2024-05-15,HEXA,Hexindo Adiperkasa Tbk.,--U-1135000000C141------------,5950.0,0.0,6000.0,5950.0,5975.0,25.0,233900,1397812500,248,1829.1,5975,5200,5950,40700,840000000,840000000,171696000,7600,12200,0,0,0
2024-05-14,HEXA,Hexindo Adiperkasa Tbk.,--U-1135000000C141------------,5975.0,0.0,6025.0,5900.0,5950.0,-25.0,148900,891815000,176,1821.5,5975,51200,5950,62300,840000000,840000000,171696000,22900,1100,0,0,0
2024-05-13,HEXA,Hexindo Adiperkasa Tbk.,--U-1135000000C141------------,6000.0,0.0,6000.0,5900.0,5975.0,-25.0,633700,3757347500,725,1829.1,5975,12600,5950,1300,840000000,840000000,171696000,24100,75700,0,0,0
2024-05-08,HEXA,Hexindo Adiperkasa Tbk.,--U-1135000000C141------------,6025.0,0.0,6075.0,5950.0,6000.0,-25.0,177800,1066535000,297,1836.8,6000,1200,5975,5000,840000000,840000000,171696000,14900,2000,0,0,0
2024-05-07,HEXA,Hexindo Adiperkasa Tbk.,--U-1135000000C141------------,6025.0,0.0,6125.0,6000.0,6025.0,0.0,226300,1370362500,257,1844.4,6025,5200,6000,37600,840000000,840000000,171696000,37200,8300,0,0,0
2024-05-06,HEXA,Hexindo Adiperkasa Tbk.,--U-1135000000C141------------,5950.0,0.0,6025.0,5950.0,6025.0,75.0,188800,1131202500,279,1844.4,6025,100,6000,3000,840000000,840000000,171696000,9800,43300,0,0,0
2024-05-03,HEXA,Hexindo Adiperkasa Tbk.,--U-1135000000C141------------,5925.0,0.0,5975.0,5900.0,5950.0,25.0,211100,1253272500,280,1821.5,5975,9000,5925,7000,840000000,840000000,171696000,91300,51900,0,0,0
2024-05-02,HEXA,Hexindo Adiperkasa Tbk.,--U-1135000000C141------------,5900.0,0.0,6000.0,5900.0,5925.0,25.0,278300,1654207500,440,1813.8,5925,50700,5900,93100,840000000,840000000,171696000,12600,30700,0,0,0
2024-04-30,HEXA,Hexindo Adiperkasa Tbk.,--S-1135000000C141------------,6025.0,0.0,6100.0,5875.0,5900.0,-125.0,1313700,7822325000,1322,1806.2,5975,100,5900,29500,840000000,840000000,171696000,1110900,71800,0,0,0
2024-04-29,HEXA,Hexindo Adiperkasa Tbk.,--S-1135000000C141------------,6025.0,0.0,6150.0,6000.0,6025.0,0.0,205600,1241865000,372,1844.4,6050,25600,6025,55300,840000000,840000000,171696000,34600,17900,0,0,0
2024-04-26,HEXA,Hexindo Adiperkasa Tbk.,--S-1135000000C141------------,6150.0,0.0,6150.0,6025.0,6025.0,-125.0,354100,2154395000,443,1844.4,6050,6900,6025,15000,840000000,840000000,171696000,76100,66900,0,0,0
2024-04-25,HEXA,Hexindo Adiperkasa Tbk.,--S-1135000000C141------------,6200.0,0.0,6200.0,6125.0,6150.0,-50.0,149400,920180000,260,1882.7,6150,106000,6125,35600,840000000,840000000,171696000,47800,24500,0,0,0
2024-04-24,HEXA,Hexindo Adiperkasa Tbk.,--S-1135000000C141------------,6200.0,0.0,6225.0,6150.0,6200.0,0.0,139000,861380000,240,1898.0,6200,14400,6175,8400,840000000,840000000,171696000,11100,33600,0,0,0
2024-04-23,HEXA,Hexindo Adiperkasa Tbk.,--S-1135000000C141------------,6175.0,0.0,6225.0,6125.0,6200.0,25.0,158800,983085000,253,1898.0,6200,3800,6175,11600,840000000,840000000,171696000,18700,29600,0,0,0
2024-04-22,HEXA,Hexindo Adiperkasa Tbk.,--S-1135000000C141------------,6025.0,0.0,6175.0,6050.0,6175.0,150.0,269200,1647412500,318,1890.3,6200,63800,6175,10900,840000000,840000000,171696000,57200,40300,0,0,0
2024-04-19,HEXA,Hexindo Adiperkasa Tbk.,--S-1135000000C141------------,6100.0,0.0,6100.0,5975.0,6025.0,-75.0,317100,1910847500,484,1844.4,6050,900,6025,7100,840000000,840000000,171696000,82800,7800,0,0,0
2024-04-18,HEXA,Hexindo Adiperkasa Tbk.,--S-1135000000C141------------,6125.0,0.0,6175.0,6075.0,6100.0,-25.0,535500,3275242500,438,1867.4,6125,13300,6100,3100,840000000,840000000,171696000,20300,73900,0,0,0
2024-04-17,HEXA,Hexindo Adiperkasa Tbk.,--S-1135000000C141------------,6125.0,0.0,6200.0,6100.0,6125.0,0.0,426900,2624347500,360,1875.0,6125,8800,6100,69200,840000000,840000000,171696000,26900,12000,0,0,0
2024-04-16,HEXA,Hexindo Adiperkasa Tbk.,--S-1135000000C141------------,6250.0,0.0,6275.0,6100.0,6125.0,-125.0,789600,4865997500,1036,1875.0,6175,2500,6125,120700,840000000,840000000,171696000,305000,92200,0,0,0
2024-04-05,HEXA,Hexindo Adiperkasa Tbk.,--S-1135000000C141------------,6200.0,0.0,6275.0,6150.0,6250.0,50.0,194400,1211195000,254,1913.3,6250,30900,6225,100,840000000,840000000,171696000,63300,63100,0,0,0
2024-04-04,HEXA,Hexindo Adiperkasa Tbk.,--S-1135000000C141------------,6175.0,0.0,6225.0,6150.0,6200.0,25.0,317400,1962372500,259,1898.0,6200,27600,6175,500,840000000,840000000,171696000,77700,6300,0,0,0
2024-04-03,HEXA,Hexindo Adiperkasa Tbk.,--S-1135000000C141------------,6200.0,0.0,6225.0,6150.0,6175.0,-25.0,349800,2164595000,247,1890.3,6200,24400,6175,800,840000000,840000000,171696000,9900,32800,0,0,0
2024-04-02,HEXA,Hexindo Adiperkasa Tbk.,--S-1135000000C141------------,6150.0,0.0,6275.0,6100.0,6200.0,50.0,646400,3977222500,441,1898.0,6225,10800,6200,1700,840000000,840000000,171696000,56700,90200,0,0,0
2024-04-01,HEXA,Hexindo Adiperkasa Tbk.,--S-1135000000C141------------,6250.0,0.0,6275.0,6125.0,6150.0,-100.0,393200,2438292500,472,1882.7,6175,1800,6150,114200,840000000,840000000,171696000,81100,2100,0,0,0
2024-03-28,HEXA,Hexindo Adiperkasa Tbk.,--S-1135000000C141------------,6300.0,0.0,6325.0,6225.0,6250.0,-50.0,195200,1223172500,281,1913.3,6275,122000,6250,37400,840000000,840000000,171696000,22700,3400,0,0,0
2024-03-27,HEXA,Hexindo Adiperkasa Tbk.,--S-1135000000C141------------,6250.0,0.0,6325.0,6250.0,6300.0,50.0,301600,1899312500,344,1928.6,6325,50100,6300,800,840000000,840000000,171696000,26400,87300,0,0,0
2024-03-26,HEXA,Hexindo Adiperkasa Tbk.,--S-1135000000C141------------,6225.0,0.0,6275.0,6150.0,6250.0,25.0,418200,2602162500,645,1913.3,6250,50700,6225,6700,840000000,840000000,171696000,18700,209500,0,0,0
2024-03-22,HEXA,Hexindo Adiperkasa Tbk.,--S-1135000000C141------------,6350.0,0.0,6400.0,6275.0,6300.0,-50.0,304300,1924667500,447,1928.6,6300,83300,6275,63100,840000000,840000000,171696000,161000,74900,0,0,0
2024-03-21,HEXA,Hexindo Adiperkasa Tbk.,--S-1135000000C141------------,6275.0,0.0,6375.0,6250.0,6350.0,75.0,368500,2333087500,515,1943.9,6375,93200,6350,3200,840000000,840000000,171696000,20000,170100,0,0,0
2024-03-20,HEXA,Hexindo Adiperkasa Tbk.,--S-1135000000C141------------,6225.0,0.0,6275.0,6200.0,6275.0,50.0,296300,1849222500,455,1921.0,6275,85800,6250,500,840000000,840000000,171696000,32800,136500,0,0,0
2024-03-19,HEXA,Hexindo Adiperkasa Tbk.,--S-1135000000C141------------,6200.0,0.0,6275.0,6150.0,6225.0,25.0,735100,4568635000,833,1905.7,6225,6100,6200,5000,840000000,840000000,171696000,126900,229700,0,0,0
2024-03-18,HEXA,Hexindo Adiperkasa Tbk.,--S-1135000000C141------------,6050.0,0.0,6200.0,6050.0,6200.0,150.0,856900,5269067500,717,1898.0,6200,85400,6175,101600,840000000,840000000,171696000,12800,417900,0,0,0
2024-03-15,HEXA,Hexindo Adiperkasa Tbk.,--S-1135000000C141------------,6000.0,0.0,6125.0,6000.0,6050.0,50.0,501200,3047470000,599,1852.1,6075,45000,6050,14500,840000000,840000000,171696000,52400,223000,0,0,0
2024-03-14,HEXA,Hexindo Adiperkasa Tbk.,--S-1135000000C141------------,5975.0,0.0,6050.0,5950.0,6000.0,25.0,203900,1222807500,283,1836.8,6025,19900,5975,13900,840000000,840000000,171696000,12000,120000,0,0,0
2024-03-13,HEXA,Hexindo Adiperkasa Tbk.,--S-1135000000C141------------,5950.0,0.0,6050.0,5950.0,5975.0,25.0,183600,1102190000,329,1829.1,6000,51700,5975,25500,840000000,840000000,171696000,2000,87800,0,0,0
2024-03-08,HEXA,Hexindo Adiperkasa Tbk.,--S-1135000000C141------------,6050.0,0.0,6075.0,5950.0,5950.0,-100.0,616800,3695877500,785,1821.5,5975,1200,5950,27900,840000000,840000000,171696000,56700,168600,0,0,0
2024-03-07,HEXA,Hexindo Adiperkasa Tbk.,--S-1135000000C141------------,6075.0,0.0,6075.0,6025.0,6050.0,-25.0,346200,2092800000,365,1852.1,6050,4000,6025,7400,840000000,840000000,171696000,3300,139400,0,0,0
2024-03-06,HEXA,Hexindo Adiperkasa Tbk.,--S-1135000000C141------------,6075.0,0.0,6100.0,6000.0,6075.0,0.0,132800,802757500,248,1859.7,6075,32200,6025,141800,840000000,840000000,171696000,19100,40800,0,0,0
2024-03-05,HEXA,Hexindo Adiperkasa Tbk.,--S-1135000000C141------------,6075.0,0.0,6100.0,6025.0,6075.0,0.0,220800,1338232500,314,1859.7,6100,96900,6075,10100,840000000,840000000,171696000,11500,57700,0,0,0
2024-03-04,HEXA,Hexindo Adiperkasa Tbk.,--S-1135000000C141------------,6000.0,0.0,6100.0,5950.0,6075.0,75.0,464700,2798505000,625,1859.7,6075,15400,6050,54500,840000000,840000000,171696000,18600,158000,0,0,0
2024-03-01,HEXA,Hexindo Adiperkasa Tbk.,--S-1135000000C141------------,5900.0,0.0,6000.0,5875.0,6000.0,100.0,304700,1803812500,265,1836.8,6000,119100,5975,112800,840000000,840000000,171696000,22300,100100,0,0,0
2024-02-29,HEXA,Hexindo Adiperkasa Tbk.,--S-1135000000C141------------,5950.0,0.0,5975.0,5900.0,5900.0,-50.0,299200,1773847500,394,1806.2,5925,1800,5900,5200,840000000,840000000,171696000,18900,76500,0,0,0
2024-02-28,HEXA,Hexindo Adiperkasa Tbk.,--S-1135000000C141------------,6025.0,0.0,6050.0,5975.0,6025.0,0.0,154100,926450000,246,1844.4,6025,20700,6000,10200,840000000,840000000,171696000,25600,28100,0,0,0
2024-02-27,HEXA,Hexindo Adiperkasa Tbk.,--S-1135000000C141------------,6025.0,0.0,6050.0,5975.0,6025.0,0.0,154100,926450000,246,1844.4,6025,20700,6000,10200,840000000,840000000,171696000,25600,28100,0,0,0
2024-02-26,HEXA,Hexindo Adiperkasa Tbk.,--S-1135000000C141------------,6025.0,0.0,6150.0,6000.0,6025.0,0.0,447900,2707557500,367,1844.4,6025,15600,6000,12100,840000000,840000000,171696000,75300,27600,0,0,0
2024-02-23,HEXA,Hexindo Adiperkasa Tbk.,--S-1135000000C141------------,6000.0,0.0,6100.0,5950.0,6025.0,25.0,692800,4161637500,464,1844.4,6025,13100,6000,25600,840000000,840000000,171696000,7200,85900,0,0,0
2024-02-22,HEXA,Hexindo Adiperkasa Tbk.,--S-1135000000C141------------,5975.0,0.0,6050.0,5950.0,6000.0,25.0,261800,1567682500,284,1836.8,6025,27100,6000,19400,840000000,840000000,171696000,30100,30000,0,0,0
2024-02-21,HEXA,Hexindo Adiperkasa Tbk.,--S-1135000000C141------------,5950.0,0.0,6050.0,5925.0,5975.0,25.0,243200,1454000000,301,1829.1,5975,16600,5950,28900,840000000,840000000,171696000,3400,10700,0,0,0
2024-02-20,HEXA,Hexindo Adiperkasa Tbk.,--S-1135000000C141------------,5925.0,0.0,5975.0,5875.0,5950.0,25.0,138900,822935000,293,1821.5,5950,500,5925,18000,840000000,840000000,171696000,10600,1500,0,0,0
2024-02-19,HEXA,Hexindo Adiperkasa Tbk.,--S-1135000000C141------------,5975.0,0.0,6000.0,5900.0,5925.0,-50.0,212500,1262930000,379,1813.8,5950,10000,5925,9600,840000000,840000000,171696000,52700,11600,0,0,0
2024-02-16,HEXA,Hexindo Adiperkasa Tbk.,--S-1135000000C141------------,5875.0,0.0,6075.0,5850.0,5975.0,100.0,712100,4238792500,574,1829.1,5975,39300,5950,800,840000000,840000000,171696000,71200,115500,0,0,0
2024-02-15,HEXA,Hexindo Adiperkasa Tbk.,--S-1135000000C141------------,5775.0,0.0,5900.0,5750.0,5875.0,100.0,448800,2618215000,393,1798.5,5875,123100,5850,4100,840000000,840000000,171696000,19700,72300,0,0,0
2024-02-13,HEXA,Hexindo Adiperkasa Tbk.,--S-1135000000C141------------,5725.0,0.0,5775.0,5725.0,5775.0,50.0,182000,1046070000,243,1767.9,5775,12300,5750,15000,840000000,840000000,171696000,4200,17800,0,0,0
2024-02-12,HEXA,Hexindo Adiperkasa Tbk.,--S-1135000000C141------------,5725.0,0.0,5775.0,5725.0,5775.0,50.0,182000,1046070000,243,1767.9,5775,12300,5750,15000,840000000,840000000,171696000,4200,17800,0,0,0
2024-02-07,HEXA,Hexindo Adiperkasa Tbk.,--S-1135000000C141------------,5775.0,0.0,5775.0,5725.0,5725.0,-50.0,151200,870822500,242,1752.6,5750,100,5725,25200,840000000,840000000,171696000,92100,40200,0,0,0
2024-02-06,HEXA,Hexindo Adiperkasa Tbk.,--S-1135000000C141------------,5750.0,0.0,5775.0,5725.0,5775.0,25.0,104100,599122500,205,1767.9,5775,18500,5750,2600,840000000,840000000,171696000,6300,32400,0,0,0
2024-02-05,HEXA,Hexindo Adiperkasa Tbk.,--S-1135000000C141------------,5775.0,0.0,5800.0,5750.0,5750.0,-25.0,142600,821937500,262,1760.2,5775,14300,5750,18200,840000000,840000000,171696000,10100,1100,0,0,0
2024-02-02,HEXA,Hexindo Adiperkasa Tbk.,--S-1135200000C141------------,5850.0,0.0,5850.0,5750.0,5775.0,-75.0,244300,1414352500,370,1767.9,5800,6900,5775,1700,840000000,840000000,171696000,96300,5300,0,0,0
2024-02-01,HEXA,Hexindo Adiperkasa Tbk.,--S-1175200000C141------------,5625.0,0.0,5750.0,5625.0,5750.0,125.0,214700,1225580000,347,1760.2,5750,55700,5725,28500,840000000,840000000,171696000,19100,16600,0,0,0
2024-01-31,HEXA,Hexindo Adiperkasa Tbk.,--S-1175200000C141------------,5625.0,0.0,5750.0,5625.0,5750.0,125.0,214700,1225580000,347,1760.2,5750,55700,5725,28500,840000000,840000000,171696000,19100,16600,0,0,0
2024-01-30,HEXA,Hexindo Adiperkasa Tbk.,--S-1175200000C141------------,5550.0,0.0,5650.0,5525.0,5625.0,75.0,167300,934160000,266,1722.0,5625,1100,5600,22100,840000000,840000000,171696000,47600,9100,0,0,0
2024-01-29,HEXA,Hexindo Adiperkasa Tbk.,--S-1175200000C141------------,5550.0,0.0,5625.0,5525.0,5550.0,0.0,111400,618707500,255,1699.0,5575,8400,5550,1100,840000000,840000000,171696000,75200,10700,0,0,0
2024-01-26,HEXA,Hexindo Adiperkasa Tbk.,--S-1175200000C141------------,5600.0,0.0,5675.0,5525.0,5550.0,-50.0,248400,1380272500,367,1699.0,5550,57200,5525,30400,840000000,840000000,171696000,129800,31200,0,0,0
2024-01-25,HEXA,Hexindo Adiperkasa Tbk.,--S-1175200000C141------------,5550.0,0.0,5950.0,5550.0,5600.0,50.0,378500,2128640000,463,1714.3,5600,193200,5575,27600,840000000,840000000,171696000,197000,51900,0,0,0
2024-01-24,HEXA,Hexindo Adiperkasa Tbk.,--S-1175200000C141------------,5750.0,0.0,5875.0,5550.0,5550.0,-200.0,411300,2322087500,660,1699.0,5625,300,5550,51500,840000000,840000000,171696000,211900,62700,0,0,0
2024-01-23,HEXA,Hexindo Adiperkasa Tbk.,--S-1175200000C141------------,5825.0,0.0,5900.0,5675.0,5750.0,-75.0,374900,2152052500,506,1760.2,5775,5400,5750,2300,840000000,840000000,171696000,36900,84600,0,0,0
2024-01-22,HEXA,Hexindo Adiperkasa Tbk.,--S-1175200000C141------------,5925.0,0.0,5950.0,5800.0,5825.0,-100.0,267700,1567125000,474,1783.2,5825,900,5800,23300,840000000,840000000,171696000,40100,54300,0,0,0
2024-01-19,HEXA,Hexindo Adiperkasa Tbk.,--S-1175200000C141------------,5950.0,0.0,6000.0,5875.0,5925.0,-25.0,324400,1932792500,423,1813.8,5950,26800,5925,1500,840000000,840000000,171696000,54200,87600,0,0,0
2024-01-18,HEXA,Hexindo Adiperkasa Tbk.,--S-1175200000C141------------,5975.0,0.0,5975.0,5900.0,5950.0,-25.0,208100,1234105000,376,1821.5,5950,10300,5925,6200,840000000,840000000,171696000,18300,93600,0,0,0
2024-01-17,HEXA,Hexindo Adiperkasa Tbk.,--S-1175200000C141------------,5925.0,0.0,6000.0,5800.0,5975.0,50.0,360400,2137905000,560,1829.1,5975,3700,5950,11600,840000000,840000000,171696000,57700,139900,0,0,0
2024-01-16,HEXA,Hexindo Adiperkasa Tbk.,--S-1175200000C141------------,5975.0,0.0,6050.0,5800.0,5925.0,-50.0,451700,2678200000,607,1813.8,5950,2500,5925,4800,840000000,840000000,171696000,111100,30100,0,0,0
2024-01-15,HEXA,Hexindo Adiperkasa Tbk.,--S-1175200000C141------------,5775.0,0.0,6000.0,5775.0,5975.0,200.0,748900,4418267500,883,1829.1,5975,9000,5950,8900,840000000,840000000,171696000,24500,117200,0,0,0
2024-01-12,HEXA,Hexindo Adiperkasa Tbk.,--S-1175200000C141------------,5725.0,0.0,5800.0,5725.0,5775.0,50.0,430600,2487367500,348,1767.9,5775,400,5750,17200,840000000,840000000,171696000,0,64800,0,0,0
2024-01-11,HEXA,Hexindo Adiperkasa Tbk.,--S-1175200000C141------------,5775.0,0.0,5825.0,5725.0,5725.0,-50.0,331600,1913557500,499,1752.6,5725,14000,5700,13100,840000000,840000000,171696000,63100,13400,0,0,0
2024-01-10,HEXA,Hexindo Adiperkasa Tbk.,--S-1175200000C141------------,5600.0,0.0,5875.0,5575.0,5775.0,175.0,794100,4572002500,838,1767.9,5775,5200,5750,112700,840000000,840000000,171696000,58700,22500,0,0,0
2024-01-09,HEXA,Hexindo Adiperkasa Tbk.,--S-1175200000C141------------,5500.0,0.0,5600.0,5500.0,5600.0,100.0,384100,2139882500,429,1714.3,5600,65700,5575,4700,840000000,840000000,171696000,22000,29800,0,0,0
2024-01-08,HEXA,Hexindo Adiperkasa Tbk.,--S-1175200000C141------------,5425.0,0.0,5525.0,5425.0,5500.0,75.0,410400,2254990000,388,1683.7,5500,3300,5475,44300,840000000,840000000,171696000,2700,61500,0,0,0
2024-01-05,HEXA,Hexindo Adiperkasa Tbk.,--S-1175200000C141------------,5450.0,0.0,5475.0,5425.0,5425.0,-25.0,363100,1977635000,311,1660.7,5475,27500,5425,113300,840000000,840000000,171696000,292500,56500,0,0,0
2024-01-04,HEXA,Hexindo Adiperkasa Tbk.,--S-1175200000C141------------,5450.0,0.0,5475.0,5425.0,5450.0,0.0,418300,2278372500,320,1668.4,5450,41900,5425,51500,840000000,840000000,171696000,335400,75100,2200,12826000,1
2024-01-03,HEXA,Hexindo Adiperkasa Tbk.,--S-1175200000C141------------,5450.0,0.0,5475.0,5400.0,5450.0,0.0,574400,3121902500,511,1668.4,5450,21100,5425,3600,840000000,840000000,171696000,327100,199400,0,0,0
2024-01-02,HEXA,Hexindo Adiperkasa Tbk.,--S-1175200000C141------------,5375.0,0.0,5450.0,5375.0,5450.0,75.0,203400,1103520000,299,1668.4,5450,5500,5425,31500,840000000,840000000,171696000,11500,66800,0,0,0
2023-12-29,HEXA,Hexindo Adiperkasa Tbk.,--S-1175200000C141------------,5400.0,0.0,5450.0,5375.0,5375.0,-25.0,397800,2150055000,343,1645.4,5400,1000,5375,85300,840000000,840000000,171696000,301500,43100,0,0,0
2023-12-28,HEXA,Hexindo Adiperkasa Tbk.,--S-1175200000C141------------,5400.0,0.0,5450.0,5375.0,5400.0,0.0,368200,1992412500,368,1653.1,5400,66500,5375,77600,840000000,840000000,171696000,261700,84300,0,0,0
2023-12-27,HEXA,Hexindo Adiperkasa Tbk.,--S-1175200000C141------------,5400.0,0.0,5450.0,5375.0,5400.0,0.0,386900,2092085000,376,1653.1,5400,200,5375,92600,840000000,840000000,171696000,262900,70300,0,0,0
2023-12-22,HEXA,Hexindo Adiperkasa Tbk.,--S-1175200000C141------------,5400.0,0.0,5425.0,5400.0,5400.0,0.0,85100,460487500,153,1653.1,5425,72800,5400,53800,840000000,840000000,171696000,3700,13300,0,0,0
2023-12-21,HEXA,Hexindo Adiperkasa Tbk.,--S-1175200000C141------------,5400.0,0.0,5425.0,5375.0,5400.0,0.0,105200,568430000,175,1653.1,5425,91300,5400,4700,840000000,840000000,171696000,2600,9800,0,0,0
2023-12-20,HEXA,Hexindo Adiperkasa Tbk.,--S-1175200000C141------------,5375.0,0.0,5425.0,5375.0,5400.0,25.0,127900,689692500,163,1653.1,5400,16200,5375,79400,840000000,840000000,171696000,30100,51100,0,0,0
2023-12-19,HEXA,Hexindo Adiperkasa Tbk.,--S-1175200000C141------------,5375.0,0.0,5400.0,5300.0,5375.0,0.0,428100,2292640000,256,1645.4,5400,53100,5375,21800,840000000,840000000,171696000,10000,35300,40000,246280000,1
2023-12-18,HEXA,Hexindo Adiperkasa Tbk.,--S-1175200000C141------------,5400.0,0.0,5425.0,5350.0,5375.0,-25.0,387100,2078905000,348,1645.4,5400,3200,5375,23600,840000000,840000000,171696000,10600,17500,0,0,0
2023-12-15,HEXA,Hexindo Adiperkasa Tbk.,--S-1175200000C141------------,5375.0,0.0,5425.0,5375.0,5400.0,25.0,107000,578107500,137,1653.1,5425,61400,5400,400,840000000,840000000,171696000,0,23100,0,0,0
2023-12-14,HEXA,Hexindo Adiperkasa Tbk.,--S-1175200000C141------------,5375.0,0.0,5425.0,5375.0,5375.0,0.0,112500,606885000,150,1645.4,5425,32300,5375,49300,840000000,840000000,171696000,20800,4900,0,0,0
2023-12-13,HEXA,Hexindo Adiperkasa Tbk.,--S-1175200000C141------------,5400.0,0.0,5425.0,5350.0,5375.0,-25.0,384100,2070382500,460,1645.4,5425,29100,5375,7700,840000000,840000000,171696000,131700,85700,0,0,0
2023-12-12,HEXA,Hexindo Adiperkasa Tbk.,--S-1175200000C141------------,5400.0,0.0,5450.0,5375.0,5400.0,0.0,170300,920780000,203,1653.1,5425,48600,5400,55500,840000000,840000000,171696000,7800,65100,0,0,0
2023-12-11,HEXA,Hexindo Adiperkasa Tbk.,--S-1175200000C141------------,5400.0,0.0,5475.0,5400.0,5400.0,0.0,219200,1189300000,342,1653.1,5425,2000,5400,25500,840000000,840000000,171696000,33300,44800,0,0,0
2023-12-08,HEXA,Hexindo Adiperkasa Tbk.,--S-1175200000C141------------,5375.0,0.0,5450.0,5375.0,5400.0,25.0,168400,908422500,226,1653.1,5425,206100,5400,500,840000000,840000000,171696000,2500,73200,0,0,0
2023-12-07,HEXA,Hexindo Adiperkasa Tbk.,--S-1175200000C141------------,5400.0,0.0,5425.0,5350.0,5375.0,-25.0,198900,1071637500,291,1645.4,5400,45000,5375,13700,840000000,840000000,171696000,12200,90500,0,0,0
2023-12-06,HEXA,Hexindo Adiperkasa Tbk.,--S-1175200000C141------------,5375.0,0.0,5400.0,5350.0,5400.0,25.0,132400,711207500,240,1653.1,5400,27800,5375,13900,840000000,840000000,171696000,1700,38800,0,0,0
2023-12-05,HEXA,Hexindo Adiperkasa Tbk.,--S-1175200000C141------------,5400.0,0.0,5400.0,5325.0,5375.0,-25.0,437800,2346092500,527,1645.4,5400,46800,5375,4900,840000000,840000000,171696000,4700,43600,0,0,0
2023-12-04,HEXA,Hexindo Adiperkasa Tbk.,--S-1175200000C141------------,5400.0,0.0,5450.0,5375.0,5400.0,0.0,507500,2740100000,470,1653.1,5400,100600,5375,56500,840000000,840000000,171696000,311300,35700,0,0,0
2023-12-01,HEXA,Hexindo Adiperkasa Tbk.,--S-1175200000C141------------,5425.0,0.0,5450.0,5400.0,5400.0,-25.0,260200,1408120000,237,1653.1,5425,100,5400,32600,840000000,840000000,171696000,19100,36000,0,0,0
2023-11-30,HEXA,Hexindo Adiperkasa Tbk.,--S-1175200000C141------------,5400.0,0.0,5425.0,5375.0,5425.0,25.0,113600,614047500,195,1660.7,5425,33900,5400,200,840000000,840000000,171696000,21100,10400,0,0,0
2023-11-29,HEXA,Hexindo Adiperkasa Tbk.,--S-1175200000C141------------,5400.0,0.0,5425.0,5375.0,5400.0,0.0,72800,393210000,156,1653.1,5425,24200,5375,105800,840000000,840000000,171696000,1900,300,0,0,0
2023-11-28,HEXA,Hexindo Adiperkasa Tbk.,--S-1175200000C141------------,5425.0,0.0,5450.0,5375.0,5400.0,-25.0,195300,1055080000,281,1653.1,5425,27300,5400,4800,840000000,840000000,171696000,55000,17500,0,0,0
2023-11-27,HEXA,Hexindo Adiperkasa Tbk.,--S-1175200000C141------------,5450.0,0.0,5450.0,5375.0,5425.0,-25.0,204400,1105647500,346,1660.7,5425,36000,5400,34400,840000000,840000000,171696000,42400,3900,254900,1376460000,1
2023-11-24,HEXA,Hexindo Adiperkasa Tbk.,--S-1175200000C141------------,5425.0,0.0,5475.0,5400.0,5450.0,25.0,164200,891212500,264,1668.4,5450,74000,5425,1000,840000000,840000000,171696000,37300,14700,0,0,0
2023-11-23,HEXA,Hexindo Adiperkasa Tbk.,--S-1175200000C141------------,5375.0,0.0,5425.0,5350.0,5425.0,50.0,163300,878835000,223,1660.7,5425,15400,5400,2900,840000000,840000000,171696000,10800,18100,0,0,0
2023-11-22,HEXA,Hexindo Adiperkasa Tbk.,--S-1175200000C141------------,5375.0,0.0,5425.0,5350.0,5375.0,0.0,134300,724455000,213,1645.4,5400,63900,5375,23700,840000000,840000000,171696000,42600,14100,1630100,8802540000,1
2023-11-21,HEXA,Hexindo Adiperkasa Tbk.,--S-1175200000C141------------,5400.0,0.0,5425.0,5325.0,5375.0,-25.0,361600,1938945000,509,1645.4,5375,3200,5350,26600,840000000,840000000,171696000,16700,22100,0,0,0
2023-11-20,HEXA,Hexindo Adiperkasa Tbk.,--S-1175200000C141------------,5375.0,0.0,5450.0,5375.0,5400.0,25.0,363700,1965432500,313,1653.1,5400,900,5375,85200,840000000,840000000,171696000,11000,58500,0,0,0
2023-11-17,HEXA,Hexindo Adiperkasa Tbk.,--S-1175200000C141------------,5400.0,0.0,5475.0,5375.0,5375.0,-25.0,237700,1285630000,236,1645.4,5400,48000,5375,37800,840000000,840000000,171696000,97700,22700,0,0,0
2023-11-16,HEXA,Hexindo Adiperkasa Tbk.,--S-1175200000C141------------,5400.0,0.0,5475.0,5350.0,5400.0,0.0,2038400,10983832500,524,1653.1,5400,330000,5375,18500,840000000,840000000,171696000,1720300,215500,0,0,0
2023-11-15,HEXA,Hexindo Adiperkasa Tbk.,--S-1175200000C141------------,5425.0,0.0,5475.0,5375.0,5400.0,-25.0,533100,2883582500,535,1653.1,5425,1200,5375,98800,840000000,840000000,171696000,429300,85300,0,0,0
2023-11-14,HEXA,Hexindo Adiperkasa Tbk.,--S-1175200000C141------------,5425.0,0.0,5450.0,5375.0,5425.0,0.0,216400,1172090000,298,1660.7,5425,7100,5400,29500,840000000,840000000,171696000,84000,2700,0,0,0
2023-11-13,HEXA,Hexindo Adiperkasa Tbk.,--S-1175200000C141------------,5400.0,0.0,5450.0,5350.0,5425.0,25.0,233500,1263705000,274,1660.7,5425,2900,5400,85100,840000000,840000000,171696000,88400,14900,0,0,0
2023-11-10,HEXA,Hexindo Adiperkasa Tbk.,--S-1175200000C141------------,5375.0,0.0,5450.0,5375.0,5400.0,25.0,180900,977532500,244,1653.1,5425,6000,5375,74200,840000000,840000000,171696000,51600,3000,0,0,0
2023-11-09,HEXA,Hexindo Adiperkasa Tbk.,--S-1175200000C141------------,5450.0,0.0,5475.0,5350.0,5375.0,-75.0,405900,2189790000,523,1645.4,5400,2900,5375,5600,840000000,840000000,171696000,93500,11300,0,0,0
2023-11-08,HEXA,Hexindo Adiperkasa Tbk.,--S-1175200000C141------------,5475.0,0.0,5525.0,5400.0,5450.0,-25.0,410000,2223967500,455,1668.4,5450,2100,5400,19200,840000000,840000000,171696000,74400,15600,73000,395952000,1
2023-11-07,HEXA,Hexindo Adiperkasa Tbk.,--S-1175200000C141------------,5525.0,0.0,5550.0,5475.0,5475.0,-50.0,261900,1443680000,331,1676.1,5500,19400,5475,25800,840000000,840000000,171696000,65600,26300,0,0,0
2023-11-06,HEXA,Hexindo Adiperkasa Tbk.,--S-1175200000C141------------,5500.0,0.0,5650.0,5475.0,5525.0,25.0,287800,1593840000,503,1691.4,5550,25900,5525,800,840000000,840000000,171696000,77500,3800,0,0,0
2023-11-03,HEXA,Hexindo Adiperkasa Tbk.,XDS-1175200000C141------------,5500.0,0.0,5575.0,5475.0,5500.0,0.0,299400,1648647500,364,1683.7,5525,45900,5475,39400,840000000,840000000,171696000,98300,47900,0,0,0
2023-11-02,HEXA,Hexindo Adiperkasa Tbk.,XDS-1175200000C141------------,5475.0,0.0,5550.0,5450.0,5500.0,25.0,354100,1951460000,472,1683.7,5550,3300,5475,43800,840000000,840000000,171696000,98000,42000,0,0,0
2023-11-01,HEXA,Hexindo Adiperkasa Tbk.,XDS-1175200000C141------------,5550.0,0.0,5600.0,5450.0,5475.0,-75.0,753400,4161180000,782,1676.1,5500,100,5475,200,840000000,840000000,171696000,179100,54100,0,0,0
2023-10-31,HEXA,Hexindo Adiperkasa Tbk.,XDU-1175200000C141------------,5350.0,0.0,5575.0,5225.0,5550.0,200.0,1814800,9880632500,1602,1699.0,5550,20700,5525,105500,840000000,840000000,171696000,784100,99000,0,0,0
2023-10-30,HEXA,Hexindo Adiperkasa Tbk.,XDU-1175200000C141------------,5425.0,0.0,5425.0,5350.0,5350.0,-75.0,313900,1689345000,602,1637.8,5375,2900,5350,24200,840000000,840000000,171696000,86400,800,0,0,0
2023-10-27,HEXA,Hexindo Adiperkasa Tbk.,XDU-1175200000C141------------,5350.0,0.0,5450.0,5350.0,5425.0,75.0,551900,2990365000,551,1660.7,5425,114400,5400,45700,840000000,840000000,171696000,275100,24600,0,0,0
2023-10-26,HEXA,Hexindo Adiperkasa Tbk.,XDU-1175200000C141------------,5450.0,0.0,5450.0,5325.0,5350.0,-100.0,347400,1860670000,500,1637.8,5350,1100,5325,58300,840000000,840000000,171696000,147500,1400,0,0,0
2023-10-25,HEXA,Hexindo Adiperkasa Tbk.,XDU-1175200000C141------------,5275.0,0.0,5450.0,5275.0,5450.0,175.0,458400,2470987500,791,1668.4,5450,55300,5425,5000,840000000,840000000,171696000,57800,117600,0,0,0
2023-10-24,HEXA,Hexindo Adiperkasa Tbk.,XDU-1175200000C141------------,5225.0,0.0,5300.0,5200.0,5275.0,50.0,236200,1242910000,396,1614.8,5275,3000,5250,37700,840000000,840000000,171696000,21500,36600,0,0,0
2023-10-23,HEXA,Hexindo Adiperkasa Tbk.,XDU-1175200000C141------------,5300.0,0.0,5350.0,5200.0,5225.0,-75.0,624000,3275432500,753,1599.5,5225,5900,5200,150100,840000000,840000000,171696000,87100,4700,13,67600,1
2023-10-20,HEXA,Hexindo Adiperkasa Tbk.,XDU-1175200000C141------------,5350.0,0.0,5375.0,5275.0,5300.0,-50.0,430200,2283915000,730,1622.5,5325,19600,5300,7800,840000000,840000000,171696000,91700,41000,0,0,0
2023-10-19,HEXA,Hexindo Adiperkasa Tbk.,XDU-1175200000C141------------,5400.0,0.0,5425.0,5350.0,5350.0,-50.0,345400,1853237500,650,1637.8,5375,22200,5350,900,840000000,840000000,171696000,41400,43900,0,0,0
2023-10-18,HEXA,Hexindo Adiperkasa Tbk.,XDU-1175200000C141------------,5450.0,0.0,5500.0,5375.0,5400.0,-50.0,808800,4378130000,897,1653.1,5400,94400,5375,96600,840000000,840000000,171696000,448500,7700,0,0,0
2023-10-17,HEXA,Hexindo Adiperkasa Tbk.,XDU-1175200000C141------------,5450.0,0.0,5500.0,5425.0,5450.0,0.0,315400,1716885000,545,1668.4,5450,4300,5425,114100,840000000,840000000,171696000,32300,36900,0,0,0
2023-10-16,HEXA,Hexindo Adiperkasa Tbk.,XDU-1175200000C141------------,5500.0,0.0,5550.0,5425.0,5450.0,-50.0,417800,2284597500,707,1668.4,5475,9800,5450,31200,840000000,840000000,171696000,100000,39600,0,0,0
2023-10-13,HEXA,Hexindo Adiperkasa Tbk.,XDU-1175200000C141------------,5525.0,0.0,5575.0,5475.0,5500.0,-25.0,816600,4506060000,762,1683.7,5500,40400,5475,79000,840000000,840000000,171696000,519300,211200,0,0,0
2023-10-12,HEXA,Hexindo Adiperkasa Tbk.,XDU-1175200000C141------------,5600.0,0.0,5625.0,5525.0,5525.0,-75.0,354900,1973340000,585,1691.4,5550,19900,5525,39100,840000000,840000000,171696000,77200,50900,0,0,0
2023-10-11,HEXA,Hexindo Adiperkasa Tbk.,XDU-1175200000C141------------,5600.0,0.0,5650.0,5575.0,5600.0,0.0,424800,2378525000,663,1714.3,5600,7400,5575,38700,840000000,840000000,171696000,110400,53500,0,0,0
2023-10-10,HEXA,Hexindo Adiperkasa Tbk.,XDU-1175200000C141------------,5575.0,0.0,5600.0,5425.0,5600.0,25.0,1944500,10706380000,1700,1714.3,5600,14300,5575,3900,840000000,840000000,171696000,209400,495400,0,0,0
2023-10-09,HEXA,Hexindo Adiperkasa Tbk.,--U-1175200000C141------------,5650.0,0.0,5750.0,5500.0,5575.0,-75.0,1216100,6790300000,1531,1706.7,5600,60700,5575,200,840000000,840000000,171696000,322900,130600,0,0,0
2023-10-06,HEXA,Hexindo Adiperkasa Tbk.,--U-1175200000C141------------,6625.0,0.0,6000.0,5500.0,5650.0,-975.0,3233100,18444317500,3353,1729.6,5675,20000,5650,39800,840000000,840000000,171696000,382700,380200,0,0,0
2023-10-05,HEXA,Hexindo Adiperkasa Tbk.,CDU-1175200000C141------------,6550.0,0.0,6625.0,6550.0,6625.0,75.0,3544800,23402437500,2306,2028.1,6625,231100,6600,28500,840000000,840000000,171696000,140700,132000,0,0,0
2023-10-04,HEXA,Hexindo Adiperkasa Tbk.,CDU-1175200000C141------------,6625.0,0.0,6650.0,6550.0,6550.0,-75.0,2451500,16130157500,1946,2005.1,6550,16300,6525,119700,840000000,840000000,171696000,145600,17600,0,0,0
2023-10-03,HEXA,Hexindo Adiperkasa Tbk.,--U-1175200000C141------------,6650.0,0.0,6825.0,6625.0,6625.0,-25.0,1843500,12255832500,1523,2028.1,6650,96000,6625,94500,840000000,840000000,171696000,104500,6900,0,0,0
2023-10-02,HEXA,Hexindo Adiperkasa Tbk.,--U-1175200000C141------------,6625.0,0.0,6725.0,6600.0,6650.0,25.0,2290700,15235450000,2180,2035.8,6650,13900,6625,119200,840000000,840000000,171696000,174400,64600,0,0,0
2023-09-29,HEXA,Hexindo Adiperkasa Tbk.,--U-1175200000C141------------,6600.0,0.0,6650.0,6450.0,6625.0,25.0,2732800,17896902500,2731,2028.1,6625,15900,6600,458100,840000000,840000000,171696000,403300,168300,10000,60000000,1
2023-09-27,HEXA,Hexindo Adiperkasa Tbk.,--U-1175200000C141------------,6650.0,0.0,6775.0,6600.0,6600.0,-50.0,3634500,24287422500,2967,2020.4,6625,21700,6600,200,840000000,840000000,171696000,1711700,183300,0,0,0
2023-09-26,HEXA,Hexindo Adiperkasa Tbk.,--U-1175200000C141------------,6875.0,0.0,6950.0,6600.0,6650.0,-225.0,4981500,33676817500,3730,2035.8,6675,7400,6650,43600,840000000,840000000,171696000,999700,711400,0,0,0
2023-09-25,HEXA,Hexindo Adiperkasa Tbk.,--U-1175200000C141------------,6825.0,0.0,6900.0,6825.0,6875.0,50.0,1321900,9078905000,979,2104.6,6875,45700,6850,34900,840000000,840000000,171696000,94900,341400,0,0,0
2023-09-22,HEXA,Hexindo Adiperkasa Tbk.,--U-1175200000C141------------,6625.0,0.0,6825.0,6625.0,6825.0,200.0,1707400,11564930000,1101,2089.3,6825,35400,6800,14000,840000000,840000000,171696000,59800,543500,0,0,0
2023-09-21,HEXA,Hexindo Adiperkasa Tbk.,--U-1175200000C141------------,6600.0,0.0,6650.0,6600.0,6625.0,25.0,372000,2465297500,381,2028.1,6625,5800,6600,104500,840000000,840000000,171696000,14300,11200,0,0,0
2023-09-20,HEXA,Hexindo Adiperkasa Tbk.,--U-1175200000C141------------,6700.0,0.0,6750.0,6575.0,6600.0,-100.0,2269100,15042310000,1793,2020.4,6600,143500,6575,208700,840000000,840000000,171696000,1782500,65700,0,0,0
2023-09-19,HEXA,Hexindo Adiperkasa Tbk.,--U-1175200000C141------------,6700.0,0.0,6900.0,6700.0,6700.0,0.0,1661300,11245462500,1372,2051.1,6750,1000,6700,5700,840000000,840000000,171696000,922100,359900,0,0,0
2023-09-18,HEXA,Hexindo Adiperkasa Tbk.,--U-1175200000C141------------,6700.0,0.0,6750.0,6700.0,6700.0,0.0,1061900,7125825000,701,2051.1,6700,50300,6675,59800,840000000,840000000,171696000,758800,42300,0,0,0
2023-09-15,HEXA,Hexindo Adiperkasa Tbk.,--U-1175200000C141------------,6700.0,0.0,6750.0,6675.0,6700.0,0.0,1579800,10602682500,947,2051.1,6700,74100,6675,97200,840000000,840000000,171696000,1077100,205700,0,0,0
2023-09-14,HEXA,Hexindo Adiperkasa Tbk.,--U-1175200000C141------------,6575.0,0.0,6700.0,6575.0,6700.0,125.0,619400,4118150000,542,2051.1,6700,197400,6675,3800,840000000,840000000,171696000,14200,248500,0,0,0
2023-09-13,HEXA,Hexindo Adiperkasa Tbk.,--U-1175200000C141------------,6575.0,0.0,6600.0,6550.0,6575.0,0.0,311700,2052170000,384,2012.8,6600,32500,6575,55800,840000000,840000000,171696000,5800,55200,0,0,0
2023-09-12,HEXA,Hexindo Adiperkasa Tbk.,--U-1175200000C141------------,6575.0,0.0,6650.0,6550.0,6575.0,0.0,318000,2092912500,421,2012.8,6600,55000,6575,38200,840000000,840000000,171696000,1500,11700,0,0,0
2023-09-11,HEXA,Hexindo Adiperkasa Tbk.,--U-1175200000C141------------,6625.0,0.0,6675.0,6575.0,6575.0,-50.0,655500,4333130000,582,2012.8,6600,7900,6575,18000,840000000,840000000,171696000,284000,20100,0,0,0
2023-09-08,HEXA,Hexindo Adiperkasa Tbk.,--U-1175200000C141------------,6600.0,0.0,6650.0,6575.0,6625.0,25.0,373200,2468342500,517,2028.1,6650,119800,6625,7200,840000000,840000000,171696000,69300,12700,0,0,0
2023-09-07,HEXA,Hexindo Adiperkasa Tbk.,--U-1175200000C141------------,6600.0,0.0,6675.0,6575.0,6600.0,0.0,1548100,10245602500,1013,2020.4,6600,53400,6575,131900,840000000,840000000,171696000,978700,44700,0,0,0
2023-09-06,HEXA,Hexindo Adiperkasa Tbk.,--U-1175200000C141------------,6675.0,0.0,6700.0,6575.0,6600.0,-75.0,1033900,6842212500,860,2020.4,6600,21400,6575,130100,840000000,840000000,171696000,728700,28300,0,0,0
2023-09-05,HEXA,Hexindo Adiperkasa Tbk.,--U-1175200000C141------------,6600.0,0.0,6700.0,6600.0,6675.0,75.0,765000,5084257500,625,2043.4,6675,64300,6650,300,840000000,840000000,171696000,393400,113600,0,0,0
2023-09-04,HEXA,Hexindo Adiperkasa Tbk.,--U-1175200000C141------------,6550.0,0.0,6700.0,6525.0,6600.0,50.0,1138800,7541897500,942,2020.4,6600,100,6575,39600,840000000,840000000,171696000,417100,260300,0,0,0
2023-09-01,HEXA,Hexindo Adiperkasa Tbk.,--U-1175200000C141------------,6575.0,0.0,6650.0,6550.0,6550.0,-25.0,365900,2407712500,385,2005.1,6550,1900,6525,23200,840000000,840000000,171696000,12700,19000,0,0,0
2023-08-31,HEXA,Hexindo Adiperkasa Tbk.,--U-1175200000C141------------,6550.0,0.0,6600.0,6525.0,6575.0,25.0,138400,907805000,192,2012.8,6600,12300,6575,27700,840000000,840000000,171696000,60300,16500,0,0,0
2023-08-30,HEXA,Hexindo Adiperkasa Tbk.,--U-1175200000C141------------,6525.0,0.0,6575.0,6525.0,6550.0,25.0,176000,1149740000,238,2005.1,6575,5300,6550,400,840000000,840000000,171696000,1100,55300,0,0,0
2023-08-29,HEXA,Hexindo Adiperkasa Tbk.,--U-1175200000C141------------,6550.0,0.0,6550.0,6475.0,6525.0,-25.0,198500,1292970000,261,1997.5,6525,5300,6500,60700,840000000,840000000,171696000,78000,7600,0,0,0
2023-08-28,HEXA,Hexindo Adiperkasa Tbk.,--U-1175200000C141------------,6425.0,0.0,6550.0,6425.0,6550.0,125.0,346500,2246212500,404,2005.1,6550,4900,6500,200,840000000,840000000,171696000,109400,51800,0,0,0
2023-08-25,HEXA,Hexindo Adiperkasa Tbk.,--U-1175200000C141------------,6425.0,0.0,6600.0,6400.0,6425.0,0.0,354500,2279517500,453,1966.9,6450,18400,6425,34600,840000000,840000000,171696000,57100,71100,0,0,0
2023-08-24,HEXA,Hexindo Adiperkasa Tbk.,--U-1175200000C141------------,6575.0,0.0,6650.0,6375.0,6425.0,-150.0,886400,5751135000,1219,1966.9,6425,2300,6400,24700,840000000,840000000,171696000,87200,126500,0,0,0
2023-08-23,HEXA,Hexindo Adiperkasa Tbk.,--U-1175200000C141------------,6600.0,0.0,6650.0,6550.0,6575.0,-25.0,373700,2462072500,517,2012.8,6575,56000,6550,40600,840000000,840000000,171696000,91700,12300,0,0,0
2023-08-22,HEXA,Hexindo Adiperkasa Tbk.,--U-1175200000C141------------,6650.0,0.0,6725.0,6575.0,6600.0,-50.0,807800,5359325000,680,2020.4,6600,44000,6575,16400,840000000,840000000,171696000,450100,292900,0,0,0
2023-08-21,HEXA,Hexindo Adiperkasa Tbk.,--U-1175200000C141------------,6600.0,0.0,6675.0,6600.0,6650.0,50.0,256800,1704930000,332,2035.8,6675,27300,6650,1800,840000000,840000000,171696000,1900,60000,0,0,0
2023-08-18,HEXA,Hexindo Adiperkasa Tbk.,--U-1175200000C141------------,6675.0,0.0,6700.0,6575.0,6600.0,-75.0,570000,3778577500,743,2020.4,6625,8500,6600,200,840000000,840000000,171696000,353000,73700,0,0,0
2023-08-16,HEXA,Hexindo Adiperkasa Tbk.,--U-1175200000C141------------,6700.0,0.0,6750.0,6650.0,6675.0,-25.0,230700,1541240000,319,2043.4,6675,13200,6650,85300,840000000,840000000,171696000,94400,92000,0,0,0
2023-08-15,HEXA,Hexindo Adiperkasa Tbk.,--U-1175200000C141------------,6700.0,0.0,6800.0,6675.0,6700.0,0.0,457100,3075745000,451,2051.1,6700,100,6675,31000,840000000,840000000,171696000,210200,154100,0,0,0
2023-08-14,HEXA,Hexindo Adiperkasa Tbk.,--U-1175200000C141------------,6675.0,0.0,6700.0,6650.0,6700.0,25.0,233500,1560370000,311,2051.1,6700,900,6675,72800,840000000,840000000,171696000,8600,84100,0,0,0
2023-08-11,HEXA,Hexindo Adiperkasa Tbk.,--U-1175200000C141------------,6700.0,0.0,6725.0,6650.0,6675.0,-25.0,171800,1146672500,230,2043.4,6700,25900,6675,400,840000000,840000000,171696000,17900,32900,0,0,0
2023-08-10,HEXA,Hexindo Adiperkasa Tbk.,--U-1175200000C141------------,6675.0,0.0,6700.0,6625.0,6700.0,25.0,210400,1400332500,233,2051.1,6700,11700,6675,1800,840000000,840000000,171696000,100500,43600,0,0,0
2023-08-09,HEXA,Hexindo Adiperkasa Tbk.,--U-1175200000C141------------,6725.0,0.0,6800.0,6625.0,6675.0,-50.0,520200,3472152500,435,2043.4,6675,67600,6650,27600,840000000,840000000,171696000,410600,73100,0,0,0
2023-08-08,HEXA,Hexindo Adiperkasa Tbk.,--U-1175200000C141------------,6675.0,0.0,6750.0,6675.0,6725.0,50.0,297700,1995702500,323,2058.7,6725,6800,6700,300,840000000,840000000,171696000,4300,55200,0,0,0
2023-08-07,HEXA,Hexindo Adiperkasa Tbk.,--U-1175200000C141------------,6675.0,0.0,6725.0,6675.0,6675.0,0.0,154600,1033810000,271,2043.4,6700,14200,6675,25600,840000000,840000000,171696000,24300,500,0,0,0
2023-08-04,HEXA,Hexindo Adiperkasa Tbk.,--U-1175200000C141------------,6625.0,0.0,6675.0,6625.0,6675.0,50.0,133700,890247500,195,2043.4,6700,35000,6675,14700,840000000,840000000,171696000,4500,400,0,0,0
2023-08-03,HEXA,Hexindo Adiperkasa Tbk.,--U-1175200000C141------------,6625.0,0.0,6625.0,6550.0,6625.0,0.0,138200,910295000,254,2028.1,6650,13000,6600,9700,840000000,840000000,171696000,4500,2900,0,0,0
2023-08-02,HEXA,Hexindo Adiperkasa Tbk.,--U-1175200000C141------------,6650.0,0.0,6725.0,6550.0,6625.0,-25.0,465800,3085352500,455,2028.1,6625,2400,6600,100,840000000,840000000,171696000,87800,99700,0,0,0
2023-08-01,HEXA,Hexindo Adiperkasa Tbk.,--U-1175200000C141------------,6700.0,0.0,6750.0,6625.0,6650.0,-50.0,245900,1638635000,377,2035.8,6675,12600,6650,27300,840000000,840000000,171696000,101100,3100,0,0,0
2023-07-31,HEXA,Hexindo Adiperkasa Tbk.,--U-1135200000C141------------,6500.0,0.0,6725.0,6500.0,6700.0,200.0,849400,5630522500,631,2051.1,6700,100,6675,44600,840000000,840000000,171696000,13900,105800,0,0,0
2023-07-28,HEXA,Hexindo Adiperkasa Tbk.,--U-1135200000C141------------,6575.0,0.0,6600.0,6500.0,6500.0,-75.0,195300,1276050000,311,1989.8,6550,200,6500,52400,840000000,840000000,171696000,11800,8700,0,0,0
2023-07-27,HEXA,Hexindo Adiperkasa Tbk.,--U-1135200000C141------------,6600.0,0.0,6625.0,6500.0,6575.0,-25.0,376900,2470185000,420,2012.8,6575,16300,6525,26100,840000000,840000000,171696000,11800,42600,0,0,0
2023-07-26,HEXA,Hexindo Adiperkasa Tbk.,--U-1135200000C141------------,6525.0,0.0,6625.0,6500.0,6600.0,75.0,594900,3918762500,492,2020.4,6625,16600,6600,10800,840000000,840000000,171696000,152500,49800,0,0,0
2023-07-25,HEXA,Hexindo Adiperkasa Tbk.,--U-1135200000C141------------,6425.0,0.0,6550.0,6425.0,6525.0,100.0,574700,3737315000,637,1997.5,6550,52000,6525,24500,840000000,840000000,171696000,55600,113500,0,0,0
2023-07-24,HEXA,Hexindo Adiperkasa Tbk.,--U-1135200000C141------------,6400.0,0.0,6475.0,6400.0,6425.0,25.0,392000,2526362500,493,1966.9,6450,7900,6425,32000,840000000,840000000,171696000,100900,27800,0,0,0
2023-07-21,HEXA,Hexindo Adiperkasa Tbk.,--U-1135200000C141------------,6350.0,0.0,6400.0,6325.0,6400.0,50.0,282200,1792377500,298,1959.2,6400,49200,6375,18300,840000000,840000000,171696000,19800,35700,0,0,0
2023-07-20,HEXA,Hexindo Adiperkasa Tbk.,--U-1135200000C141------------,6325.0,0.0,6350.0,6300.0,6350.0,25.0,208300,1318442500,273,1943.9,6350,10900,6325,217900,840000000,840000000,171696000,19700,5100,0,0,0
2023-07-18,HEXA,Hexindo Adiperkasa Tbk.,--U-1135200000C141------------,6375.0,0.0,6375.0,6325.0,6325.0,-50.0,225800,1432922500,356,1936.3,6350,30000,6325,123600,840000000,840000000,171696000,34600,11300,0,0,0
2023-07-17,HEXA,Hexindo Adiperkasa Tbk.,--U-1135200000C141------------,6325.0,0.0,6375.0,6325.0,6375.0,50.0,300200,1905462500,397,1951.6,6375,90000,6350,33500,840000000,840000000,171696000,48400,18100,0,0,0
2023-07-14,HEXA,Hexindo Adiperkasa Tbk.,--U-1135200000C141------------,6275.0,0.0,6325.0,6200.0,6325.0,50.0,621900,3885510000,506,1936.3,6325,64700,6300,33900,840000000,840000000,171696000,20800,82400,0,0,0
2023-07-13,HEXA,Hexindo Adiperkasa Tbk.,--U-1135200000C141------------,6350.0,0.0,6375.0,6250.0,6275.0,-75.0,362400,2283510000,462,1921.0,6325,4200,6275,41400,840000000,840000000,171696000,106700,13300,0,0,0
2023-07-12,HEXA,Hexindo Adiperkasa Tbk.,--U-1135200000C141------------,6325.0,0.0,6400.0,6300.0,6350.0,25.0,276100,1750300000,303,1943.9,6350,1200,6325,4500,840000000,840000000,171696000,35600,16200,0,0,0
2023-07-11,HEXA,Hexindo Adiperkasa Tbk.,--U-1135200000C141------------,6375.0,0.0,6500.0,6300.0,6325.0,-50.0,655100,4182345000,719,1936.3,6350,17600,6325,20500,840000000,840000000,171696000,142100,52100,0,0,0
2023-07-10,HEXA,Hexindo Adiperkasa Tbk.,--U-1135200000C141------------,6200.0,0.0,6400.0,6175.0,6375.0,175.0,457700,2857282500,444,1951.6,6375,25700,6350,17500,840000000,840000000,171696000,300,76500,0,0,0
2023-07-07,HEXA,Hexindo Adiperkasa Tbk.,--U-1135200000C141------------,6200.0,0.0,6250.0,6150.0,6200.0,0.0,371800,2302505000,397,1898.0,6200,50800,6175,2700,840000000,840000000,171696000,35100,26600,0,0,0
2023-07-06,HEXA,Hexindo Adiperkasa Tbk.,--U-1135200000C141------------,6075.0,0.0,6275.0,6075.0,6200.0,125.0,476000,2941617500,489,1898.0,6200,600,6175,69700,840000000,840000000,171696000,8000,27500,0,0,0
2023-07-05,HEXA,Hexindo Adiperkasa Tbk.,--U-1135200000C141------------,6150.0,0.0,6175.0,6050.0,6075.0,-75.0,556500,3388605000,666,1859.7,6075,7700,6050,45900,840000000,840000000,171696000,11800,55900,0,0,0
2023-07-04,HEXA,Hexindo Adiperkasa Tbk.,--U-1135200000C141------------,5950.0,0.0,6175.0,5950.0,6150.0,200.0,793100,4809342500,713,1882.7,6150,1200,6125,38200,840000000,840000000,171696000,5000,111100,0,0,0
2023-07-03,HEXA,Hexindo Adiperkasa Tbk.,--U-1135200000C141------------,5800.0,0.0,6000.0,5800.0,5950.0,150.0,726400,4319987500,689,1821.5,5975,190400,5950,101800,840000000,840000000,171696000,67900,99700,0,0,0
2023-06-27,HEXA,Hexindo Adiperkasa Tbk.,--U-1135200000C141------------,5750.0,0.0,5825.0,5725.0,5800.0,50.0,254000,1470645000,338,1775.5,5825,47100,5800,235200,840000000,840000000,171696000,2800,17000,1000,5205000,1
2023-06-26,HEXA,Hexindo Adiperkasa Tbk.,--U-1135200000C141------------,5700.0,0.0,5750.0,5675.0,5750.0,50.0,177200,1015687500,283,1760.2,5750,4200,5725,71800,840000000,840000000,171696000,3000,8800,0,0,0
2023-06-23,HEXA,Hexindo Adiperkasa Tbk.,--U-1135200000C141------------,5675.0,0.0,5700.0,5675.0,5700.0,25.0,249000,1415917500,193,1744.9,5700,8900,5675,42600,840000000,840000000,171696000,1300,18500,0,0,0
2023-06-22,HEXA,Hexindo Adiperkasa Tbk.,--U-1135200000C141------------,5625.0,0.0,5700.0,5625.0,5675.0,50.0,146100,827215000,167,1737.3,5675,25900,5650,15800,840000000,840000000,171696000,0,19300,0,0,0
2023-06-21,HEXA,Hexindo Adiperkasa Tbk.,--U-1135200000C141------------,5700.0,0.0,5725.0,5625.0,5625.0,-75.0,215300,1221870000,353,1722.0,5650,22200,5625,45100,840000000,840000000,171696000,26700,26500,0,0,0
2023-06-20,HEXA,Hexindo Adiperkasa Tbk.,--U-1135200000C141------------,5725.0,0.0,5750.0,5600.0,5700.0,-25.0,169500,962755000,211,1744.9,5725,9600,5700,13500,840000000,840000000,171696000,700,14400,0,0,0
2023-06-19,HEXA,Hexindo Adiperkasa Tbk.,--U-1135200000C141------------,5675.0,0.0,5750.0,5650.0,5725.0,50.0,258900,1477362500,307,1752.6,5725,7100,5700,14000,840000000,840000000,171696000,1700,121200,0,0,0
2023-06-16,HEXA,Hexindo Adiperkasa Tbk.,--U-1135200000C141------------,5625.0,0.0,5725.0,5575.0,5675.0,50.0,249700,1409242500,253,1737.3,5675,11400,5650,34700,840000000,840000000,171696000,14900,58900,0,0,0
2023-06-15,HEXA,Hexindo Adiperkasa Tbk.,--U-1135200000C141------------,5625.0,0.0,5675.0,5575.0,5625.0,0.0,132500,745680000,197,1722.0,5625,2100,5600,15800,840000000,840000000,171696000,500,11300,0,0,0
2023-06-14,HEXA,Hexindo Adiperkasa Tbk.,--U-1135200000C141------------,5575.0,0.0,5625.0,5575.0,5625.0,50.0,98400,551827500,161,1722.0,5650,27100,5625,5500,840000000,840000000,171696000,16700,7800,0,0,0
2023-06-13,HEXA,Hexindo Adiperkasa Tbk.,--U-1135200000C141------------,5550.0,0.0,5625.0,5525.0,5575.0,25.0,212400,1186487500,236,1706.7,5600,1700,5550,35400,840000000,840000000,171696000,47500,25400,0,0,0
2023-06-12,HEXA,Hexindo Adiperkasa Tbk.,--U-1135200000C141------------,5425.0,0.0,5575.0,5425.0,5550.0,125.0,364300,2018380000,208,1699.0,5575,54400,5550,100,840000000,840000000,171696000,0,22300,0,0,0
2023-06-09,HEXA,Hexindo Adiperkasa Tbk.,--U-1135200000C141------------,5475.0,0.0,5500.0,5425.0,5425.0,-50.0,180800,988545000,192,1660.7,5450,100,5425,27400,840000000,840000000,171696000,48700,12000,0,0,0
2023-06-08,HEXA,Hexindo Adiperkasa Tbk.,--U-1135200000C141------------,5500.0,0.0,5525.0,5475.0,5475.0,-25.0,102900,564260000,141,1676.1,5475,5000,5450,23900,840000000,840000000,171696000,30500,4600,0,0,0
2023-06-07,HEXA,Hexindo Adiperkasa Tbk.,--U-1135200000C141------------,5450.0,0.0,5525.0,5475.0,5500.0,50.0,116100,639045000,167,1683.7,5500,33100,5475,24300,840000000,840000000,171696000,12800,9000,0,0,0
2023-06-06,HEXA,Hexindo Adiperkasa Tbk.,--U-1135200000C141------------,5325.0,0.0,5500.0,5350.0,5450.0,125.0,142200,776890000,244,1668.4,5450,1800,5425,6200,840000000,840000000,171696000,21400,5000,0,0,0
2023-06-05,HEXA,Hexindo Adiperkasa Tbk.,--U-1135200000C141------------,5350.0,0.0,5475.0,5300.0,5325.0,-25.0,221600,1189440000,476,1630.1,5350,7000,5325,26800,840000000,840000000,171696000,66100,17500,0,0,0
2023-05-31,HEXA,Hexindo Adiperkasa Tbk.,--U-1135200000C141------------,5425.0,0.0,5425.0,5325.0,5350.0,-75.0,245200,1316950000,378,1637.8,5375,1500,5350,2700,840000000,840000000,171696000,87600,1300,0,0,0
2023-05-30,HEXA,Hexindo Adiperkasa Tbk.,--U-1135200000C141------------,5475.0,0.0,5475.0,5375.0,5425.0,-50.0,117100,635967500,296,1660.7,5425,11700,5400,36100,840000000,840000000,171696000,4000,4000,0,0,0
2023-05-29,HEXA,Hexindo Adiperkasa Tbk.,--U-1135200000C141------------,5525.0,0.0,5575.0,5400.0,5475.0,-50.0,184900,1008242500,330,1676.1,5475,1000,5450,35800,840000000,840000000,171696000,5400,100,0,0,0
2023-05-26,HEXA,Hexindo Adiperkasa Tbk.,--U-1135200000C141------------,5575.0,0.0,5600.0,5500.0,5525.0,-50.0,201400,1111852500,377,1691.4,5575,4900,5525,3800,840000000,840000000,171696000,35700,14500,0,0,0
2023-05-25,HEXA,Hexindo Adiperkasa Tbk.,--U-1135200000C141------------,5600.0,0.0,5650.0,5575.0,5575.0,-25.0,161500,903510000,301,1706.7,5600,6100,5575,3600,840000000,840000000,171696000,10200,19700,0,0,0
2023-05-24,HEXA,Hexindo Adiperkasa Tbk.,--U-1135200000C141------------,5600.0,0.0,5700.0,5575.0,5600.0,0.0,187000,1052822500,314,1714.3,5625,49900,5600,60900,840000000,840000000,171696000,79500,9500,0,0,0
2023-05-23,HEXA,Hexindo Adiperkasa Tbk.,--U-1135200000C141------------,5575.0,0.0,5600.0,5550.0,5600.0,25.0,235500,1311460000,224,1714.3,5600,8000,5575,9100,840000000,840000000,171696000,115900,5200,0,0,0
2023-05-22,HEXA,Hexindo Adiperkasa Tbk.,--U-1135200000C141------------,5600.0,0.0,5650.0,5550.0,5575.0,-25.0,193800,1080017500,336,1706.7,5575,7700,5550,68900,840000000,840000000,171696000,68400,24500,0,0,0
2023-05-19,HEXA,Hexindo Adiperkasa Tbk.,--U-1135200000C141------------,5625.0,0.0,5650.0,5525.0,5600.0,-25.0,254600,1419405000,363,1714.3,5650,5700,5600,700,840000000,840000000,171696000,53000,20900,0,0,0
2023-05-17,HEXA,Hexindo Adiperkasa Tbk.,--U-1135200000C141------------,5675.0,0.0,5725.0,5600.0,5625.0,-50.0,161600,909560000,327,1722.0,5625,6600,5600,49200,840000000,840000000,171696000,47500,4500,0,0,0
2023-05-16,HEXA,Hexindo Adiperkasa Tbk.,--U-1135200000C141------------,5725.0,0.0,5750.0,5625.0,5675.0,-50.0,214500,1215987500,298,1737.3,5700,43100,5675,300,840000000,840000000,171696000,78100,46300,0,0,0
2023-05-15,HEXA,Hexindo Adiperkasa Tbk.,--U-1135200000C141------------,5825.0,0.0,5825.0,5725.0,5725.0,-100.0,199700,1152695000,382,1752.6,5750,100,5725,5000,840000000,840000000,171696000,69600,7100,0,0,0
2023-05-12,HEXA,Hexindo Adiperkasa Tbk.,--U-1135200000C141------------,5750.0,0.0,5900.0,5725.0,5825.0,75.0,290500,1692922500,318,1783.2,5850,36400,5825,300,840000000,840000000,171696000,86900,40700,0,0,0
2023-05-11,HEXA,Hexindo Adiperkasa Tbk.,--U-1135200000C141------------,5775.0,0.0,5800.0,5725.0,5750.0,-25.0,209000,1204557500,268,1760.2,5775,1400,5750,23800,840000000,840000000,171696000,46200,7700,0,0,0
2023-05-10,HEXA,Hexindo Adiperkasa Tbk.,--U-1135200000C141------------,5850.0,0.0,5850.0,5700.0,5775.0,-75.0,225000,1299920000,484,1767.9,5800,5700,5775,3300,840000000,840000000,171696000,47500,500,0,0,0
2023-05-09,HEXA,Hexindo Adiperkasa Tbk.,--U-1135200000C141------------,5600.0,0.0,5900.0,5600.0,5850.0,250.0,782500,4518117500,875,1790.9,5850,9500,5800,20000,840000000,840000000,171696000,12400,81900,0,0,0
2023-05-08,HEXA,Hexindo Adiperkasa Tbk.,--U-1135200000C141------------,5550.0,0.0,5600.0,5500.0,5600.0,50.0,242200,1341432500,274,1714.3,5600,28900,5575,4400,840000000,840000000,171696000,28400,10000,0,0,0
2023-05-05,HEXA,Hexindo Adiperkasa Tbk.,--U-1135200000C141------------,5525.0,0.0,5550.0,5475.0,5550.0,25.0,121500,669482500,257,1699.0,5550,74700,5525,400,840000000,840000000,171696000,12400,22000,0,0,0
2023-05-04,HEXA,Hexindo Adiperkasa Tbk.,--U-1135200000C141------------,5550.0,0.0,5575.0,5500.0,5525.0,-25.0,111200,615057500,277,1691.4,5550,6700,5525,37800,840000000,840000000,171696000,0,13500,0,0,0
2023-05-03,HEXA,Hexindo Adiperkasa Tbk.,--U-1135200000C141------------,5650.0,0.0,5675.0,5500.0,5550.0,-100.0,251500,1395265000,456,1699.0,5575,55600,5550,19800,840000000,840000000,171696000,42700,0,0,0,0
2023-05-02,HEXA,Hexindo Adiperkasa Tbk.,--U-1135200000C141------------,5700.0,0.0,5725.0,5650.0,5650.0,-50.0,314000,1779550000,479,1729.6,5675,15200,5650,134200,840000000,840000000,171696000,3100,16800,0,0,0
2023-04-28,HEXA,Hexindo Adiperkasa Tbk.,--U-1135200000C141------------,5725.0,0.0,5725.0,5600.0,5700.0,-25.0,313300,1771490000,511,1744.9,5700,13500,5675,100,840000000,840000000,171696000,10600,10800,0,0,0
2023-04-27,HEXA,Hexindo Adiperkasa Tbk.,--U-1135200000C141------------,5525.0,0.0,5725.0,5525.0,5725.0,200.0,617000,3495900000,820,1752.6,5725,165700,5700,10400,840000000,840000000,171696000,21400,32500,0,0,0
2023-04-26,HEXA,Hexindo Adiperkasa Tbk.,--U-1135200000C141------------,5225.0,0.0,5525.0,5250.0,5525.0,300.0,629800,3403175000,767,1691.4,5550,12500,5525,9800,840000000,840000000,171696000,99000,124100,0,0,0
2023-04-18,HEXA,Hexindo Adiperkasa Tbk.,--U-1135200000C141------------,5225.0,0.0,5275.0,5200.0,5225.0,0.0,251000,1314927500,248,1599.5,5250,300,5225,97600,840000000,840000000,171696000,105100,2400,0,0,0
2023-04-17,HEXA,Hexindo Adiperkasa Tbk.,--U-1135200000C141------------,5175.0,0.0,5300.0,5175.0,5225.0,50.0,277300,1455167500,326,1599.5,5250,29600,5225,9400,840000000,840000000,171696000,103800,15400,0,0,0
2023-04-14,HEXA,Hexindo Adiperkasa Tbk.,--U-1135200000C141------------,5175.0,0.0,5200.0,5150.0,5175.0,0.0,100100,518275000,177,1584.2,5200,15600,5175,2300,840000000,840000000,171696000,39600,7000,0,0,0
2023-04-13,HEXA,Hexindo Adiperkasa Tbk.,--U-1135200000C141------------,5175.0,0.0,5200.0,5150.0,5175.0,0.0,135500,700480000,149,1584.2,5175,200,5150,60100,840000000,840000000,171696000,3100,1400,0,0,0
2023-04-12,HEXA,Hexindo Adiperkasa Tbk.,--U-1135200000C141------------,5175.0,0.0,5200.0,5150.0,5175.0,0.0,165100,854780000,187,1584.2,5175,2200,5150,35600,840000000,840000000,171696000,0,600,0,0,0
2023-04-11,HEXA,Hexindo Adiperkasa Tbk.,--U-1135200000C141------------,5175.0,0.0,5250.0,5175.0,5175.0,0.0,176100,916482500,179,1584.2,5200,13700,5175,12100,840000000,840000000,171696000,28300,800,0,0,0
2023-04-10,HEXA,Hexindo Adiperkasa Tbk.,--U-1135200000C141------------,5175.0,0.0,5175.0,5125.0,5175.0,0.0,125700,648217500,212,1584.2,5175,27300,5125,46000,840000000,840000000,171696000,18500,6200,0,0,0
2023-04-06,HEXA,Hexindo Adiperkasa Tbk.,--U-1135200000C141------------,5150.0,0.0,5200.0,5150.0,5175.0,25.0,56000,289410000,139,1584.2,5175,10700,5150,15100,840000000,840000000,171696000,0,1200,0,0,0
2023-04-05,HEXA,Hexindo Adiperkasa Tbk.,--U-1135200000C141------------,5150.0,0.0,5200.0,5125.0,5150.0,0.0,92700,477492500,186,1576.6,5150,14200,5125,46500,840000000,840000000,171696000,0,2000,0,0,0
2023-04-04,HEXA,Hexindo Adiperkasa Tbk.,--U-1135200000C141------------,5150.0,0.0,5200.0,5125.0,5150.0,0.0,79200,409372500,181,1576.6,5175,10400,5150,8100,840000000,840000000,171696000,12700,0,0,0,0
2023-04-03,HEXA,Hexindo Adiperkasa Tbk.,--U-1135200000C141------------,5175.0,0.0,5225.0,5150.0,5150.0,-25.0,72800,375267500,244,1576.6,5175,27100,5150,2500,840000000,840000000,171696000,10500,0,0,0,0
2023-03-31,HEXA,Hexindo Adiperkasa Tbk.,--U-1135200000C141------------,5175.0,0.0,5200.0,5100.0,5175.0,0.0,169200,870535000,220,1584.2,5200,6200,5150,22800,840000000,840000000,171696000,23400,43800,0,0,0
2023-03-30,HEXA,Hexindo Adiperkasa Tbk.,--U-1135200000C141------------,5200.0,0.0,5250.0,5175.0,5175.0,-25.0,102500,534380000,216,1584.2,5225,19100,5200,7100,840000000,840000000,171696000,14200,2100,0,0,0
2023-03-29,HEXA,Hexindo Adiperkasa Tbk.,--U-1135200000C141------------,5150.0,0.0,5225.0,5100.0,5200.0,50.0,121600,630412500,167,1591.9,5225,79200,5175,15100,840000000,840000000,171696000,0,6700,0,0,0
2023-03-28,HEXA,Hexindo Adiperkasa Tbk.,--U-1135200000C141------------,5075.0,0.0,5175.0,5050.0,5150.0,75.0,161000,821960000,243,1576.6,5175,12600,5150,9800,840000000,840000000,171696000,22900,800,0,0,0
2023-03-27,HEXA,Hexindo Adiperkasa Tbk.,--U-1135200000C141------------,5050.0,0.0,5075.0,5025.0,5075.0,25.0,94100,475687500,197,1553.6,5075,6300,5050,20300,840000000,840000000,171696000,0,700,0,0,0
2023-03-24,HEXA,Hexindo Adiperkasa Tbk.,--U-1135200000C141------------,5025.0,0.0,5075.0,5025.0,5050.0,25.0,166800,841335000,311,1545.9,5075,9000,5050,7300,840000000,840000000,171696000,10000,17200,0,0,0
2023-03-21,HEXA,Hexindo Adiperkasa Tbk.,--U-1135200000C141------------,5050.0,0.0,5100.0,5025.0,5025.0,-25.0,138100,696810000,283,1538.3,5050,100,5025,34600,840000000,840000000,171696000,59200,100,0,0,0
2023-03-20,HEXA,Hexindo Adiperkasa Tbk.,--U-1135200000C141------------,5075.0,0.0,5100.0,5000.0,5050.0,-25.0,348500,1760255000,344,1545.9,5050,59200,5025,61900,840000000,840000000,171696000,261200,0,0,0,0
2023-03-17,HEXA,Hexindo Adiperkasa Tbk.,--U-1135200000C141------------,5050.0,0.0,5125.0,5000.0,5075.0,25.0,307300,1557015000,413,1553.6,5075,67300,5050,700,840000000,840000000,171696000,262300,9600,0,0,0
2023-03-16,HEXA,Hexindo Adiperkasa Tbk.,--U-1135200000C141------------,5225.0,0.0,5225.0,4990.0,5050.0,-175.0,710600,3596623000,1144,1545.9,5100,6000,5050,4900,840000000,840000000,171696000,132200,19600,0,0,0
2023-03-15,HEXA,Hexindo Adiperkasa Tbk.,--U-1135200000C141------------,5225.0,0.0,5250.0,5200.0,5225.0,0.0,71000,370340000,188,1599.5,5225,8600,5200,36400,840000000,840000000,171696000,4500,0,0,0,0
2023-03-14,HEXA,Hexindo Adiperkasa Tbk.,--U-1135200000C141------------,5225.0,0.0,5225.0,5200.0,5225.0,0.0,117900,614547500,274,1599.5,5225,96700,5200,60700,840000000,840000000,171696000,15500,3600,0,0,0
2023-03-13,HEXA,Hexindo Adiperkasa Tbk.,--U-1135200000C141------------,5250.0,0.0,5250.0,5200.0,5225.0,-25.0,180800,943945000,341,1599.5,5225,17700,5200,108800,840000000,840000000,171696000,39400,22400,0,0,0
2023-03-10,HEXA,Hexindo Adiperkasa Tbk.,--U-1135200000C141------------,5250.0,0.0,5250.0,5200.0,5250.0,0.0,179700,941230000,211,1607.2,5250,131600,5225,39400,840000000,840000000,171696000,43200,1900,0,0,0
2023-03-09,HEXA,Hexindo Adiperkasa Tbk.,--U-1135200000C141------------,5225.0,0.0,5275.0,5225.0,5250.0,25.0,189600,997067500,162,1607.2,5275,11600,5250,16400,840000000,840000000,171696000,300,6900,0,0,0
2023-03-08,HEXA,Hexindo Adiperkasa Tbk.,--U-1135200000C141------------,5250.0,0.0,5275.0,5225.0,5225.0,-25.0,42000,220192500,95,1599.5,5250,29600,5225,184200,840000000,840000000,171696000,0,1600,0,0,0
2023-03-07,HEXA,Hexindo Adiperkasa Tbk.,--U-1135200000C141------------,5250.0,0.0,5275.0,5225.0,5250.0,0.0,131300,687710000,290,1607.2,5250,5700,5225,86500,840000000,840000000,171696000,24500,0,0,0,0
2023-03-06,HEXA,Hexindo Adiperkasa Tbk.,--U-1135200000C141------------,5250.0,0.0,5275.0,5225.0,5250.0,0.0,111000,581690000,200,1607.2,5250,76900,5225,135000,840000000,840000000,171696000,14800,8700,0,0,0
2023-03-03,HEXA,Hexindo Adiperkasa Tbk.,--U-1135200000C141------------,5250.0,0.0,5275.0,5225.0,5250.0,0.0,110700,580277500,177,1607.2,5250,16800,5225,125600,840000000,840000000,171696000,0,400,0,0,0
2023-03-02,HEXA,Hexindo Adiperkasa Tbk.,--U-1135200000C141------------,5250.0,0.0,5275.0,5225.0,5250.0,0.0,129600,680725000,214,1607.2,5275,87800,5250,11500,840000000,840000000,171696000,31500,1600,0,0,0
2023-03-01,HEXA,Hexindo Adiperkasa Tbk.,--U-1135200000C141------------,5225.0,0.0,5275.0,5225.0,5250.0,25.0,114000,598695000,194,1607.2,5275,67400,5250,9500,840000000,840000000,171696000,4000,0,0,0,0
2023-02-28,HEXA,Hexindo Adiperkasa Tbk.,--M-1135200000C141------------,5225.0,0.0,5250.0,5225.0,5225.0,0.0,257700,1349557500,350,1599.5,5250,12400,5225,105500,840000000,840000000,171696000,8200,8000,0,0,0
2023-02-27,HEXA,Hexindo Adiperkasa Tbk.,--M-1135200000C141------------,5250.0,0.0,5250.0,5225.0,5225.0,-25.0,110300,577637500,194,1599.5,5250,49000,5225,98800,840000000,840000000,171696000,19200,500,0,0,0
2023-02-24,HEXA,Hexindo Adiperkasa Tbk.,--M-1135200000C141------------,5250.0,0.0,5275.0,5250.0,5250.0,0.0,94900,498442500,174,1607.2,5275,83900,5250,20100,840000000,840000000,171696000,18100,1700,0,0,0
2023-02-23,HEXA,Hexindo Adiperkasa Tbk.,--M-1135200000C141------------,5250.0,0.0,5275.0,5225.0,5250.0,0.0,184700,968860000,158,1607.2,5275,77000,5250,25500,840000000,840000000,171696000,25600,17300,0,0,0
2023-02-22,HEXA,Hexindo Adiperkasa Tbk.,--M-1135200000C141------------,5275.0,0.0,5275.0,5225.0,5250.0,-25.0,186200,977780000,214,1607.2,5250,30800,5225,122800,840000000,840000000,171696000,40600,44100,0,0,0
2023-02-21,HEXA,Hexindo Adiperkasa Tbk.,--M-1135200000C141------------,5250.0,0.0,5275.0,5225.0,5275.0,25.0,178800,938890000,111,1614.8,5275,133000,5250,40400,840000000,840000000,171696000,7900,2200,0,0,0
2023-02-20,HEXA,Hexindo Adiperkasa Tbk.,--M-1135200000C141------------,5275.0,0.0,5275.0,5225.0,5250.0,-25.0,131100,687532500,178,1607.2,5275,98500,5250,7900,840000000,840000000,171696000,10600,0,0,0,0
2023-02-17,HEXA,Hexindo Adiperkasa Tbk.,--M-1135200000C141------------,5250.0,0.0,5275.0,5250.0,5275.0,25.0,81500,428807500,154,1614.8,5275,69800,5250,21000,840000000,840000000,171696000,10700,2100,0,0,0
2023-02-16,HEXA,Hexindo Adiperkasa Tbk.,--M-1135200000C141------------,5250.0,0.0,5275.0,5225.0,5250.0,0.0,90300,474225000,169,1607.2,5275,70100,5250,12000,840000000,840000000,171696000,7400,700,0,0,0
2023-02-15,HEXA,Hexindo Adiperkasa Tbk.,--M-1135200000C141------------,5250.0,0.0,5300.0,5225.0,5250.0,0.0,74200,389965000,146,1607.2,5275,67500,5250,49400,840000000,840000000,171696000,4000,3000,0,0,0
2023-02-14,HEXA,Hexindo Adiperkasa Tbk.,--M-1135200000C141------------,5250.0,0.0,5275.0,5250.0,5250.0,0.0,85400,449222500,167,1607.2,5275,2700,5250,38200,840000000,840000000,171696000,22600,400,0,0,0
2023-02-13,HEXA,Hexindo Adiperkasa Tbk.,--M-1135200000C141------------,5250.0,0.0,5275.0,5225.0,5250.0,0.0,229500,1205512500,266,1607.2,5275,17800,5250,49500,840000000,840000000,171696000,43000,31600,0,0,0
2023-02-10,HEXA,Hexindo Adiperkasa Tbk.,--M-1135200000C141------------,5250.0,0.0,5275.0,5225.0,5250.0,0.0,185800,974292500,250,1607.2,5275,51300,5250,400,840000000,840000000,171696000,49300,0,0,0,0
2023-02-09,HEXA,Hexindo Adiperkasa Tbk.,--M-1135200000C141------------,5275.0,0.0,5300.0,5250.0,5250.0,-25.0,81600,429690000,161,1607.2,5275,18800,5250,30400,840000000,840000000,171696000,3500,27000,0,0,0
2023-02-08,HEXA,Hexindo Adiperkasa Tbk.,--M-1135200000C141------------,5275.0,0.0,5300.0,5275.0,5275.0,0.0,48700,257507500,128,1614.8,5300,7700,5275,18900,840000000,840000000,171696000,5800,1300,0,0,0
2023-02-07,HEXA,Hexindo Adiperkasa Tbk.,--M-1135200000C141------------,5225.0,0.0,5300.0,5225.0,5275.0,50.0,132900,699805000,176,1614.8,5300,20700,5275,1900,840000000,840000000,171696000,5100,1800,0,0,0
2023-02-03,HEXA,Hexindo Adiperkasa Tbk.,--M-1135200000C141------------,5275.0,0.0,5275.0,5225.0,5275.0,0.0,162900,855745000,339,1614.8,5275,11900,5250,500,840000000,840000000,171696000,4800,8200,0,0,0
2023-02-02,HEXA,Hexindo Adiperkasa Tbk.,--M-1135200000C141------------,5300.0,0.0,5350.0,5250.0,5275.0,-25.0,87200,459947500,242,1614.8,5300,37400,5275,500,840000000,840000000,171696000,4200,3900,0,0,0
2023-02-01,HEXA,Hexindo Adiperkasa Tbk.,--M-1135200000C141------------,5325.0,0.0,5350.0,5225.0,5300.0,-25.0,177200,932000000,319,1622.5,5300,39800,5275,2900,840000000,840000000,171696000,4100,1400,0,0,0
2023-01-31,HEXA,Hexindo Adiperkasa Tbk.,--M-1135200000C141------------,5300.0,0.0,5350.0,5300.0,5325.0,25.0,81400,433030000,166,1630.1,5325,15200,5300,44400,840000000,840000000,171696000,4400,9200,0,0,0
2023-01-30,HEXA,Hexindo Adiperkasa Tbk.,--M-1135200000C141------------,5300.0,0.0,5350.0,5275.0,5300.0,0.0,112400,596940000,202,1622.5,5325,15100,5300,8600,840000000,840000000,171696000,4100,3200,0,0,0
2023-01-27,HEXA,Hexindo Adiperkasa Tbk.,--M-1135200000C141------------,5275.0,0.0,5350.0,5250.0,5300.0,25.0,84100,445675000,227,1622.5,5325,15500,5300,12300,840000000,840000000,171696000,4000,17500,0,0,0
2023-01-26,HEXA,Hexindo Adiperkasa Tbk.,--M-1135200000C141------------,5350.0,0.0,5375.0,5225.0,5275.0,-75.0,283600,1494955000,479,1614.8,5300,14700,5275,10500,840000000,840000000,171696000,141000,32000,0,0,0
2023-01-25,HEXA,Hexindo Adiperkasa Tbk.,--M-1135200000C141------------,5300.0,0.0,5375.0,5300.0,5350.0,50.0,145400,778700000,249,1637.8,5375,9300,5350,1700,840000000,840000000,171696000,5800,2000,0,0,0
2023-01-24,HEXA,Hexindo Adiperkasa Tbk.,--M-1135200000C141------------,5275.0,0.0,5300.0,5250.0,5300.0,25.0,117900,623342500,233,1622.5,5300,9500,5275,69400,840000000,840000000,171696000,12200,7300,0,0,0
2023-01-20,HEXA,Hexindo Adiperkasa Tbk.,--M-1135200000C141------------,5225.0,0.0,5300.0,5200.0,5275.0,50.0,145000,762907500,272,1614.8,5275,8600,5250,10300,840000000,840000000,171696000,8300,50000,0,0,0
2023-01-19,HEXA,Hexindo Adiperkasa Tbk.,--M-1135200000C141------------,5225.0,0.0,5250.0,5200.0,5225.0,0.0,158200,828547500,188,1599.5,5250,37500,5225,19900,840000000,840000000,171696000,25900,200,0,0,0
2023-01-18,HEXA,Hexindo Adiperkasa Tbk.,--M-1135200000C141------------,5250.0,0.0,5275.0,5225.0,5225.0,-25.0,53200,278472500,122,1599.5,5250,11500,5225,26200,840000000,840000000,171696000,2900,1000,0,0,0
2023-01-17,HEXA,Hexindo Adiperkasa Tbk.,--M-1135200000C141------------,5200.0,0.0,5250.0,5150.0,5250.0,50.0,164200,854940000,274,1607.2,5250,38500,5225,6200,840000000,840000000,171696000,8900,4400,0,0,0
2023-01-16,HEXA,Hexindo Adiperkasa Tbk.,--M-1135200000C141------------,5200.0,0.0,5250.0,5175.0,5200.0,0.0,299900,1559330000,239,1591.9,5225,19900,5200,18600,840000000,840000000,171696000,183600,16400,0,0,0
2023-01-13,HEXA,Hexindo Adiperkasa Tbk.,--M-1135200000C141------------,5300.0,0.0,5325.0,5175.0,5200.0,-100.0,160500,838167500,364,1591.9,5200,191100,5175,79400,840000000,840000000,171696000,123800,11700,0,0,0
2023-01-12,HEXA,Hexindo Adiperkasa Tbk.,--M-1135200000C141------------,5225.0,0.0,5300.0,5200.0,5300.0,75.0,57300,300982500,156,1622.5,5300,14800,5275,600,840000000,840000000,171696000,8400,12800,0,0,0
2023-01-11,HEXA,Hexindo Adiperkasa Tbk.,--M-1135200000C141------------,5250.0,0.0,5300.0,5225.0,5225.0,-25.0,90900,476425000,161,1599.5,5250,1200,5225,35800,840000000,840000000,171696000,7900,6000,0,0,0
2023-01-10,HEXA,Hexindo Adiperkasa Tbk.,--M-1135200000C141------------,5300.0,0.0,5325.0,5250.0,5250.0,-50.0,50000,263785000,113,1607.2,5275,16000,5250,62200,840000000,840000000,171696000,1000,2000,523000,2745750000,1
2023-01-09,HEXA,Hexindo Adiperkasa Tbk.,--M-1135200000C141------------,5200.0,0.0,5325.0,5175.0,5300.0,100.0,1181500,6254635000,360,1622.5,5300,101500,5275,1000,840000000,840000000,171696000,995300,1102700,0,0,0
2023-01-06,HEXA,Hexindo Adiperkasa Tbk.,--M-1135200000C141------------,5175.0,0.0,5275.0,5150.0,5200.0,25.0,191600,998277500,367,1591.9,5250,4500,5200,13800,840000000,840000000,171696000,74700,61500,0,0,0
2023-01-05,HEXA,Hexindo Adiperkasa Tbk.,--M-1135200000C141------------,5200.0,0.0,5225.0,5150.0,5175.0,-25.0,330400,1709930000,513,1584.2,5200,10100,5175,10100,840000000,840000000,171696000,27200,101300,0,0,0
2023-01-04,HEXA,Hexindo Adiperkasa Tbk.,--M-1135200000C141------------,5300.0,0.0,5350.0,5175.0,5200.0,-100.0,237000,1244682500,484,1591.9,5250,15000,5200,8200,840000000,840000000,171696000,61600,9500,0,0,0
2023-01-03,HEXA,Hexindo Adiperkasa Tbk.,--M-1135200000C141------------,5300.0,0.0,5425.0,5275.0,5300.0,0.0,172500,917832500,326,1622.5,5300,60700,5275,20800,840000000,840000000,171696000,99700,2000,425000,2252500000,1
2023-01-02,HEXA,Hexindo Adiperkasa Tbk.,--M-1135200000C141------------,5275.0,0.0,5325.0,5225.0,5300.0,25.0,96100,506717500,216,1622.5,5300,2600,5275,12400,840000000,840000000,171696000,3100,0,0,0,0
2022-12-30,HEXA,Hexindo Adiperkasa Tbk.,--M-1135200000C141------------,5225.0,0.0,5300.0,5200.0,5275.0,50.0,159300,838392500,183,1614.8,5275,44200,5250,21100,840000000,840000000,171696000,12500,5000,0,0,0
2022-12-29,HEXA,Hexindo Adiperkasa Tbk.,--M-1135200000C141------------,5225.0,0.0,5250.0,5200.0,5225.0,0.0,109100,568712500,186,1599.5,5250,9500,5225,9600,840000000,840000000,171696000,3400,1600,0,0,0
2022-12-28,HEXA,Hexindo Adiperkasa Tbk.,--M-1135200000C141------------,5225.0,0.0,5275.0,5175.0,5225.0,0.0,152100,793412500,329,1599.5,5225,1700,5200,52100,840000000,840000000,171696000,10600,13100,0,0,0
2022-12-27,HEXA,Hexindo Adiperkasa Tbk.,--M-1135200000C141------------,5250.0,0.0,5275.0,5150.0,5225.0,-25.0,258900,1352657500,447,1599.5,5225,49200,5200,53300,840000000,840000000,171696000,5200,2300,0,0,0
2022-12-26,HEXA,Hexindo Adiperkasa Tbk.,--M-1135200000C141------------,5275.0,0.0,5300.0,5250.0,5250.0,-25.0,147700,777465000,335,1607.2,5250,130500,5225,52900,840000000,840000000,171696000,15700,1500,2000,9850000,1
2022-12-23,HEXA,Hexindo Adiperkasa Tbk.,--M-1135200000C141------------,5325.0,0.0,5325.0,5250.0,5275.0,-50.0,81800,432397500,260,1614.8,5300,2500,5275,4800,840000000,840000000,171696000,3600,200,0,0,0
2022-12-22,HEXA,Hexindo Adiperkasa Tbk.,--M-1135200000C141------------,5300.0,0.0,5325.0,5275.0,5325.0,25.0,72400,383910000,198,1630.1,5300,400,5275,26100,840000000,840000000,171696000,9300,4300,0,0,0
2022-12-21,HEXA,Hexindo Adiperkasa Tbk.,--M-1135200000C141------------,5275.0,0.0,5350.0,5250.0,5300.0,25.0,105800,558915000,216,1622.5,5325,21800,5300,9100,840000000,840000000,171696000,7500,10300,0,0,0
2022-12-20,HEXA,Hexindo Adiperkasa Tbk.,--M-1135200000C141------------,5325.0,0.0,5350.0,5275.0,5275.0,-50.0,148500,786332500,303,1614.8,5300,1100,5275,57400,840000000,840000000,171696000,59400,1300,0,0,0
2022-12-19,HEXA,Hexindo Adiperkasa Tbk.,--M-1135200000C141------------,5325.0,0.0,5350.0,5275.0,5325.0,0.0,62100,330192500,148,1630.1,5350,32300,5325,4600,840000000,840000000,171696000,5900,1200,0,0,0
2022-12-16,HEXA,Hexindo Adiperkasa Tbk.,--M-1135200000C141------------,5300.0,0.0,5350.0,5225.0,5325.0,25.0,114700,605000000,240,1630.1,5325,8000,5300,2100,840000000,840000000,171696000,24300,1500,5,26500,1
2022-12-15,HEXA,Hexindo Adiperkasa Tbk.,--M-1135200000C141------------,5300.0,0.0,5325.0,5250.0,5300.0,0.0,191900,1014210000,298,1622.5,5325,11500,5300,6700,840000000,840000000,171696000,12000,12000,0,0,0
2022-12-14,HEXA,Hexindo Adiperkasa Tbk.,--M-1135200000C141------------,5300.0,0.0,5350.0,5275.0,5300.0,0.0,159000,842365000,298,1622.5,5300,800,5275,56900,840000000,840000000,171696000,117600,55600,0,0,0
2022-12-13,HEXA,Hexindo Adiperkasa Tbk.,--M-1135200000C141------------,5225.0,0.0,5350.0,5225.0,5300.0,75.0,274900,1455482500,317,1622.5,5300,20600,5275,6000,840000000,840000000,171696000,167900,40600,0,0,0
2022-12-12,HEXA,Hexindo Adiperkasa Tbk.,--M-1135200000C141------------,5250.0,0.0,5300.0,5200.0,5225.0,-25.0,165800,867687500,425,1599.5,5250,17200,5225,15000,840000000,840000000,171696000,5000,6400,0,0,0
2022-12-09,HEXA,Hexindo Adiperkasa Tbk.,--M-1135200000C141------------,5325.0,0.0,5375.0,5250.0,5250.0,-75.0,297000,1573200000,569,1607.2,5275,2900,5250,22000,840000000,840000000,171696000,20300,7200,0,0,0
2022-12-08,HEXA,Hexindo Adiperkasa Tbk.,--M-1135200000C141------------,5400.0,0.0,5425.0,5300.0,5325.0,-75.0,372200,1990967500,651,1630.1,5325,187700,5300,24200,840000000,840000000,171696000,150900,7100,0,0,0
2022-12-07,HEXA,Hexindo Adiperkasa Tbk.,--M-1135200000C141------------,5425.0,0.0,5450.0,5400.0,5400.0,-25.0,126600,684317500,340,1653.1,5425,15900,5400,41200,840000000,840000000,171696000,31800,1600,0,0,0
2022-12-06,HEXA,Hexindo Adiperkasa Tbk.,--M-1135200000C141------------,5475.0,0.0,5500.0,5425.0,5425.0,-50.0,174500,950187500,394,1660.7,5450,435200,5425,11000,840000000,840000000,171696000,33000,20300,0,0,0
2022-12-05,HEXA,Hexindo Adiperkasa Tbk.,--M-1135200000C141------------,5450.0,0.0,5550.0,5450.0,5475.0,25.0,106600,583035000,242,1676.1,5475,4600,5450,69700,840000000,840000000,171696000,8600,4300,0,0,0
2022-12-02,HEXA,Hexindo Adiperkasa Tbk.,--M-1135200000C141------------,5500.0,0.0,5550.0,5450.0,5450.0,-50.0,154100,844425000,389,1668.4,5525,16800,5450,108900,840000000,840000000,171696000,41800,9200,0,0,0
2022-12-01,HEXA,Hexindo Adiperkasa Tbk.,--M-1135200000C141------------,5500.0,0.0,5550.0,5500.0,5500.0,0.0,1050300,5782055000,393,1683.7,5500,146900,5475,130700,840000000,840000000,171696000,981300,151600,0,0,0
2022-11-30,HEXA,Hexindo Adiperkasa Tbk.,--M-1135200000C141------------,5475.0,0.0,5550.0,5475.0,5500.0,25.0,142500,787202500,265,1683.7,5550,12700,5500,23600,840000000,840000000,171696000,43700,2400,0,0,0
2022-11-29,HEXA,Hexindo Adiperkasa Tbk.,--M-1135200000C141------------,5500.0,0.0,5575.0,5475.0,5475.0,-25.0,144000,791507500,371,1676.1,5500,20000,5475,29800,840000000,840000000,171696000,43600,15000,0,0,0
2022-11-28,HEXA,Hexindo Adiperkasa Tbk.,--M-1135200000C141------------,5550.0,0.0,5600.0,5475.0,5500.0,-50.0,248400,1368810000,483,1683.7,5500,800,5475,14700,840000000,840000000,171696000,165400,8500,0,0,0
2022-11-25,HEXA,Hexindo Adiperkasa Tbk.,--M-1135200000C141------------,5575.0,0.0,5575.0,5550.0,5550.0,-25.0,60400,335990000,204,1699.0,5575,7500,5550,44300,840000000,840000000,171696000,20600,12000,55,305250,1
2022-11-24,HEXA,Hexindo Adiperkasa Tbk.,--M-1135200000C141------------,5575.0,0.0,5600.0,5575.0,5575.0,0.0,45700,255207500,157,1706.7,5600,30400,5575,13200,840000000,840000000,171696000,10700,12100,0,0,0
2022-11-23,HEXA,Hexindo Adiperkasa Tbk.,--M-1135200000C141------------,5550.0,0.0,5600.0,5500.0,5575.0,25.0,171100,950265000,293,1706.7,5600,15500,5575,1800,840000000,840000000,171696000,54600,4800,0,0,0
2022-11-22,HEXA,Hexindo Adiperkasa Tbk.,--M-1135200000C141------------,5625.0,0.0,5650.0,5525.0,5550.0,-75.0,302500,1686525000,624,1699.0,5550,99900,5525,22000,840000000,840000000,171696000,160900,61600,30000,175830000,2
2022-11-21,HEXA,Hexindo Adiperkasa Tbk.,--M-1135200000C141------------,5500.0,0.0,5625.0,5525.0,5625.0,125.0,204000,1138172500,340,1722.0,5625,9400,5600,44600,840000000,840000000,171696000,15000,21300,0,0,0
2022-11-18,HEXA,Hexindo Adiperkasa Tbk.,--M-1135200000C141------------,5450.0,0.0,5550.0,5400.0,5500.0,50.0,151500,826455000,260,1683.7,5525,8000,5475,1600,840000000,840000000,171696000,32300,31600,0,0,0
2022-11-17,HEXA,Hexindo Adiperkasa Tbk.,--M-1135200000C141------------,5450.0,0.0,5475.0,5350.0,5450.0,0.0,119000,643085000,256,1668.4,5450,1000,5425,3400,840000000,840000000,171696000,19600,13900,0,0,0
2022-11-16,HEXA,Hexindo Adiperkasa Tbk.,--M-1135200000C141------------,5475.0,0.0,5525.0,5450.0,5450.0,-25.0,84000,459512500,235,1668.4,5475,1200,5450,6200,840000000,840000000,171696000,21000,8400,0,0,0
2022-11-15,HEXA,Hexindo Adiperkasa Tbk.,--M-1135200000C141------------,5300.0,0.0,5550.0,5300.0,5475.0,175.0,221600,1205645000,534,1676.1,5475,3800,5450,2600,840000000,840000000,171696000,19800,19400,0,0,0
2022-11-14,HEXA,Hexindo Adiperkasa Tbk.,--M-1135200000C141------------,5400.0,0.0,5400.0,5300.0,5300.0,-100.0,358800,1910315000,630,1622.5,5325,4500,5300,80400,840000000,840000000,171696000,11500,18400,0,0,0
2022-11-11,HEXA,Hexindo Adiperkasa Tbk.,--M-1135200000C141------------,5475.0,0.0,5525.0,5350.0,5400.0,-75.0,490400,2659665000,865,1653.1,5400,3000,5375,17500,840000000,840000000,171696000,14400,3900,0,0,0
2022-11-10,HEXA,Hexindo Adiperkasa Tbk.,--M-1135200000C141------------,5575.0,0.0,5600.0,5475.0,5475.0,-100.0,463600,2554830000,851,1676.1,5500,16500,5475,8800,840000000,840000000,171696000,40600,100,0,0,0
2022-11-09,HEXA,Hexindo Adiperkasa Tbk.,--M-1135200000C141------------,5650.0,0.0,5650.0,5550.0,5575.0,-75.0,349200,1954360000,643,1706.7,5575,9700,5550,90500,840000000,840000000,171696000,35600,900,0,0,0
2022-11-08,HEXA,Hexindo Adiperkasa Tbk.,--M-1135200000C141------------,5600.0,0.0,5650.0,5600.0,5650.0,50.0,112300,631830000,245,1729.6,5650,6400,5625,5100,840000000,840000000,171696000,14500,13900,0,0,0
2022-11-07,HEXA,Hexindo Adiperkasa Tbk.,--M-1135200000C141------------,5625.0,0.0,5675.0,5575.0,5600.0,-25.0,398600,2235925000,633,1714.3,5625,22300,5600,200,840000000,840000000,171696000,24200,40500,0,0,0
2022-11-04,HEXA,Hexindo Adiperkasa Tbk.,--M-1135200000C141------------,5625.0,0.0,5675.0,5575.0,5625.0,0.0,351400,1970337500,441,1722.0,5625,56700,5600,72300,840000000,840000000,171696000,16100,38800,0,0,0
2022-11-03,HEXA,Hexindo Adiperkasa Tbk.,--M-1135200000C141------------,5600.0,0.0,5800.0,5600.0,5625.0,25.0,316900,1793680000,512,1722.0,5625,108900,5600,127400,840000000,840000000,171696000,23900,101500,0,0,0
2022-11-02,HEXA,Hexindo Adiperkasa Tbk.,--M-1135200000C141------------,5775.0,0.0,5775.0,5575.0,5600.0,-175.0,652000,3682652500,1131,1714.3,5650,2500,5600,32300,840000000,840000000,171696000,32600,32700,500,2800000,1
2022-11-01,HEXA,Hexindo Adiperkasa Tbk.,--M-1135200000C141------------,5850.0,0.0,5875.0,5725.0,5775.0,-75.0,240300,1383892500,591,1767.9,5775,5300,5750,600,840000000,840000000,171696000,54200,3700,0,0,0
2022-10-31,HEXA,Hexindo Adiperkasa Tbk.,--M-1135200000C141------------,5750.0,0.0,5900.0,5725.0,5850.0,100.0,273700,1591195000,458,1790.9,5875,15800,5850,39800,840000000,840000000,171696000,54200,16900,0,0,0
2022-10-28,HEXA,Hexindo Adiperkasa Tbk.,XDM-1135200000C141------------,5750.0,0.0,5800.0,5675.0,5750.0,0.0,200500,1154850000,328,1760.2,5775,13700,5750,80900,840000000,840000000,171696000,53500,5600,0,0,0
2022-10-27,HEXA,Hexindo Adiperkasa Tbk.,XDM-1135200000C141------------,5800.0,0.0,5800.0,5675.0,5750.0,-50.0,392700,2253667500,661,1760.2,5775,2400,5750,11700,840000000,840000000,171696000,70300,37900,0,0,0
2022-10-26,HEXA,Hexindo Adiperkasa Tbk.,XDM-1135200000C141------------,5750.0,0.0,5825.0,5700.0,5800.0,50.0,247300,1426055000,410,1775.5,5825,29400,5800,6900,840000000,840000000,171696000,87000,7700,0,0,0
2022-10-25,HEXA,Hexindo Adiperkasa Tbk.,XDM-1135200000C141------------,5800.0,0.0,5850.0,5750.0,5750.0,-50.0,269700,1556655000,591,1760.2,5775,2200,5750,27000,840000000,840000000,171696000,60700,3700,0,0,0
2022-10-24,HEXA,Hexindo Adiperkasa Tbk.,XDM-1135200000C141------------,5825.0,0.0,5900.0,5800.0,5800.0,-25.0,433700,2532912500,795,1775.5,5825,16500,5800,31900,840000000,840000000,171696000,237100,6900,0,0,0
2022-10-21,HEXA,Hexindo Adiperkasa Tbk.,XDM-1135200000C141------------,5775.0,0.0,5825.0,5750.0,5825.0,50.0,306900,1780385000,543,1783.2,5825,24800,5800,31700,840000000,840000000,171696000,210900,114400,0,0,0
2022-10-20,HEXA,Hexindo Adiperkasa Tbk.,XDM-1135200000C141------------,5775.0,0.0,5850.0,5725.0,5775.0,0.0,238800,1383125000,506,1767.9,5800,3300,5775,49700,840000000,840000000,171696000,135500,86400,96,556800,1
2022-10-19,HEXA,Hexindo Adiperkasa Tbk.,XDM-1135200000C141------------,5850.0,0.0,5875.0,5750.0,5775.0,-75.0,556600,3217755000,605,1767.9,5800,34000,5775,600,840000000,840000000,171696000,162000,308600,0,0,0
2022-10-18,HEXA,Hexindo Adiperkasa Tbk.,XDM-1135200000C141------------,5650.0,0.0,5850.0,5600.0,5850.0,200.0,433400,2504227500,703,1790.9,5850,21300,5825,13600,840000000,840000000,171696000,124400,66800,0,0,0
2022-10-17,HEXA,Hexindo Adiperkasa Tbk.,XDM-1135200000C141------------,5625.0,0.0,5675.0,5550.0,5650.0,25.0,500400,2794320000,659,1729.6,5675,105000,5650,21800,840000000,840000000,171696000,42200,146600,0,0,0
2022-10-14,HEXA,Hexindo Adiperkasa Tbk.,XDM-1135200000C141------------,5750.0,0.0,5750.0,5550.0,5625.0,-125.0,1137900,6395720000,1619,1722.0,5650,3700,5625,23200,840000000,840000000,171696000,157100,144300,0,0,0
2022-10-13,HEXA,Hexindo Adiperkasa Tbk.,XDM-1135200000C141------------,5825.0,0.0,5850.0,5700.0,5750.0,-75.0,412500,2377247500,810,1760.2,5750,9200,5725,1800,840000000,840000000,171696000,59400,62000,0,0,0
2022-10-12,HEXA,Hexindo Adiperkasa Tbk.,XDM-1135200000C141------------,5825.0,0.0,5925.0,5750.0,5825.0,0.0,568200,3299547500,1026,1783.2,5850,15200,5800,5000,840000000,840000000,171696000,107000,94400,0,0,0
2022-10-11,HEXA,Hexindo Adiperkasa Tbk.,XDM-1135200000C141------------,5975.0,0.0,6000.0,5800.0,5825.0,-150.0,796200,4668185000,1448,1783.2,5850,14200,5825,33800,840000000,840000000,171696000,172700,39000,0,0,0
2022-10-10,HEXA,Hexindo Adiperkasa Tbk.,XDM-1135200000C141------------,6125.0,0.0,6125.0,5950.0,5975.0,-150.0,596800,3580982500,1422,1829.1,6000,116900,5950,88400,840000000,840000000,171696000,220400,35400,0,0,0
2022-10-07,HEXA,Hexindo Adiperkasa Tbk.,XDM-1135200000C141------------,6200.0,0.0,6200.0,6100.0,6125.0,-75.0,493900,3030002500,1080,1875.0,6125,66200,6100,62100,840000000,840000000,171696000,261300,240300,0,0,0
2022-10-06,HEXA,Hexindo Adiperkasa Tbk.,XDM-1135200000C141------------,6300.0,0.0,6300.0,6175.0,6200.0,-100.0,505200,3143147500,944,1898.0,6200,16200,6175,19700,840000000,840000000,171696000,281600,22700,0,0,0
2022-10-05,HEXA,Hexindo Adiperkasa Tbk.,XDM-1135200000C141------------,6225.0,0.0,6350.0,6200.0,6300.0,75.0,1172400,7379570000,1441,1928.6,6300,116100,6275,69400,840000000,840000000,171696000,264000,565000,0,0,0
2022-10-04,HEXA,Hexindo Adiperkasa Tbk.,XDM-1135200000C141------------,6050.0,0.0,6225.0,5975.0,6225.0,175.0,1312900,8087222500,1686,1905.7,6225,80900,6200,15100,840000000,840000000,171696000,315000,294000,0,0,0
2022-10-03,HEXA,Hexindo Adiperkasa Tbk.,--M-1135200000C141------------,6500.0,0.0,6175.0,6050.0,6050.0,-450.0,1812700,10979570000,2249,1852.1,6050,124300,0,0,840000000,840000000,171696000,384700,42700,0,0,0
2022-09-30,HEXA,Hexindo Adiperkasa Tbk.,--U-1135200000C141------------,6975.0,0.0,6500.0,6500.0,6500.0,-475.0,244000,1586000000,348,1989.8,6500,4606900,0,0,840000000,840000000,171696000,0,1200,0,0,0
2022-09-29,HEXA,Hexindo Adiperkasa Tbk.,CDU-1135200000C141------------,7100.0,0.0,7175.0,6875.0,6975.0,-125.0,3192500,22479610000,2557,2135.2,6975,210500,6950,52600,840000000,840000000,171696000,13500,23900,0,0,0
2022-09-28,HEXA,Hexindo Adiperkasa Tbk.,CDU-1135200000C141------------,7125.0,0.0,7175.0,7075.0,7100.0,-25.0,1972600,14025860000,1450,2173.5,7125,83500,7075,62300,840000000,840000000,171696000,24700,166200,0,0,0
2022-09-27,HEXA,Hexindo Adiperkasa Tbk.,CDU-1135200000C141------------,7175.0,0.0,7225.0,7050.0,7125.0,-50.0,1658200,11800522500,1401,2181.2,7125,18000,7100,2300,840000000,840000000,171696000,101600,182700,0,0,0
2022-09-26,HEXA,Hexindo Adiperkasa Tbk.,CDU-1135200000C141------------,7275.0,0.0,7400.0,7050.0,7175.0,-100.0,2080100,14991075000,2601,2196.5,7200,32300,7175,71000,840000000,840000000,171696000,438900,184100,0,0,0
2022-09-23,HEXA,Hexindo Adiperkasa Tbk.,--U-1135200000C141------------,7100.0,0.0,7300.0,7050.0,7275.0,175.0,1399900,10063442500,1502,2227.1,7300,201400,7275,59800,840000000,840000000,171696000,71100,35700,0,0,0
2022-09-22,HEXA,Hexindo Adiperkasa Tbk.,--U-1135200000C141------------,7450.0,0.0,7550.0,6950.0,7100.0,-350.0,3560000,25479527500,3616,2173.5,7125,28300,7100,370600,840000000,840000000,171696000,620100,269900,0,0,0
2022-09-21,HEXA,Hexindo Adiperkasa Tbk.,--U-1135200000C141------------,7275.0,0.0,7650.0,7225.0,7450.0,175.0,4339000,32451422500,3501,2280.7,7475,9400,7450,1003800,840000000,840000000,171696000,670600,449300,0,0,0
2022-09-20,HEXA,Hexindo Adiperkasa Tbk.,--U-1135200000C141------------,7250.0,0.0,7375.0,7175.0,7275.0,25.0,1219200,8819125000,1104,2227.1,7300,38000,7250,4600,840000000,840000000,171696000,279900,167900,0,0,0
2022-09-19,HEXA,Hexindo Adiperkasa Tbk.,--U-1135200000C141------------,7250.0,0.0,7450.0,7250.0,7250.0,0.0,1486900,10940460000,1247,2219.4,7275,300,7250,51900,840000000,840000000,171696000,623200,29200,0,0,0
2022-09-16,HEXA,Hexindo Adiperkasa Tbk.,--U-1135200000C141------------,7225.0,0.0,7300.0,7150.0,7250.0,25.0,1279200,9231350000,1075,2219.4,7275,44000,7250,82200,840000000,840000000,171696000,433500,243300,0,0,0
2022-09-15,HEXA,Hexindo Adiperkasa Tbk.,--U-1135200000C141------------,6875.0,0.0,7300.0,6875.0,7225.0,350.0,1872300,13353882500,1766,2211.8,7225,47900,7200,16100,840000000,840000000,171696000,186600,393300,0,0,0
2022-09-14,HEXA,Hexindo Adiperkasa Tbk.,--U-1135200000C141------------,6850.0,0.0,6875.0,6800.0,6875.0,25.0,663700,4540665000,1059,2104.6,6875,38300,6850,29600,840000000,840000000,171696000,236300,110200,0,0,0
2022-09-13,HEXA,Hexindo Adiperkasa Tbk.,--U-1135200000C141------------,6825.0,0.0,6850.0,6750.0,6850.0,25.0,700300,4761862500,974,2097.0,6850,67100,6825,600,840000000,840000000,171696000,321400,101100,0,0,0
2022-09-12,HEXA,Hexindo Adiperkasa Tbk.,--U-1135200000C141------------,6850.0,0.0,6975.0,6750.0,6825.0,-25.0,1036900,7082590000,1091,2089.3,6825,62600,6800,2000,840000000,840000000,171696000,122100,236600,0,0,0
2022-09-09,HEXA,Hexindo Adiperkasa Tbk.,--U-1135200000C141------------,6825.0,0.0,6900.0,6825.0,6850.0,25.0,377600,2594077500,529,2097.0,6850,538900,6825,57000,840000000,840000000,171696000,99400,104700,0,0,0
2022-09-08,HEXA,Hexindo Adiperkasa Tbk.,--U-1135200000C141------------,6875.0,0.0,6925.0,6800.0,6825.0,-50.0,415800,2847935000,729,2089.3,6850,100,6825,29000,840000000,840000000,171696000,171200,105600,0,0,0
2022-09-07,HEXA,Hexindo Adiperkasa Tbk.,--U-1135200000C141------------,6925.0,0.0,7000.0,6700.0,6875.0,-50.0,934000,6377415000,1333,2104.6,6875,25500,6850,11400,840000000,840000000,171696000,132500,52900,0,0,0
2022-09-06,HEXA,Hexindo Adiperkasa Tbk.,--U-1135200000C141------------,6800.0,0.0,7025.0,6800.0,6925.0,125.0,1204100,8349517500,1181,2119.9,6925,30000,6900,74800,840000000,840000000,171696000,522900,103300,0,0,0
2022-09-05,HEXA,Hexindo Adiperkasa Tbk.,--U-1135200000C141------------,6550.0,0.0,6875.0,6550.0,6800.0,250.0,2159000,14571820000,1782,2081.7,6825,11200,6800,23500,840000000,840000000,171696000,695100,76300,0,0,0
2022-09-02,HEXA,Hexindo Adiperkasa Tbk.,--U-1135200000C141------------,6350.0,0.0,6550.0,6350.0,6550.0,200.0,1574200,10208357500,950,2005.1,6550,236700,6525,23200,840000000,840000000,171696000,654100,50800,0,0,0
2022-09-01,HEXA,Hexindo Adiperkasa Tbk.,--U-1135200000C141------------,6325.0,0.0,6400.0,6325.0,6350.0,25.0,267400,1699110000,381,1943.9,6375,7900,6350,21100,840000000,840000000,171696000,103500,1300,0,0,0
2022-08-31,HEXA,Hexindo Adiperkasa Tbk.,--U-1135200000C141------------,6350.0,0.0,6400.0,6300.0,6325.0,-25.0,325700,2066787500,487,1936.3,6350,30100,6325,32800,840000000,840000000,171696000,133000,1400,0,0,0
2022-08-30,HEXA,Hexindo Adiperkasa Tbk.,--U-1135200000C141------------,6250.0,0.0,6400.0,6250.0,6350.0,100.0,727100,4615252500,700,1943.9,6375,25800,6350,21200,840000000,840000000,171696000,111300,49800,0,0,0
2022-08-29,HEXA,Hexindo Adiperkasa Tbk.,--U-1135200000C141------------,6275.0,0.0,6300.0,6225.0,6250.0,-25.0,318700,1995547500,477,1913.3,6275,18600,6250,59900,840000000,840000000,171696000,77400,82800,0,0,0
2022-08-26,HEXA,Hexindo Adiperkasa Tbk.,--U-1135200000C141------------,6250.0,0.0,6300.0,6250.0,6275.0,25.0,213500,1339677500,292,1921.0,6300,73800,6275,5500,840000000,840000000,171696000,97000,40700,0,0,0
2022-08-25,HEXA,Hexindo Adiperkasa Tbk.,--U-1135200000C141------------,6200.0,0.0,6275.0,6225.0,6250.0,50.0,126200,789835000,216,1913.3,6275,14400,6250,3800,840000000,840000000,171696000,4300,32300,0,0,0
2022-08-24,HEXA,Hexindo Adiperkasa Tbk.,--U-1135200000C141------------,6275.0,0.0,6350.0,6200.0,6200.0,-75.0,553300,3464757500,529,1898.0,6225,100,6200,89700,840000000,840000000,171696000,81300,43500,0,0,0
2022-08-23,HEXA,Hexindo Adiperkasa Tbk.,--U-1135200000C141------------,6225.0,0.0,6275.0,6225.0,6275.0,50.0,161500,1010020000,253,1921.0,6300,81700,6275,800,840000000,840000000,171696000,12800,15700,0,0,0
2022-08-22,HEXA,Hexindo Adiperkasa Tbk.,--U-1135200000C141------------,6225.0,0.0,6275.0,6200.0,6225.0,0.0,186600,1162795000,388,1905.7,6225,3500,6200,25900,840000000,840000000,171696000,26400,62500,0,0,0
2022-08-19,HEXA,Hexindo Adiperkasa Tbk.,--U-1135200000C141------------,6150.0,0.0,6250.0,6125.0,6225.0,75.0,217100,1345712500,397,1905.7,6225,12600,6200,37200,840000000,840000000,171696000,1800,85500,0,0,0
2022-08-18,HEXA,Hexindo Adiperkasa Tbk.,--U-1135200000C141------------,6275.0,0.0,6300.0,6100.0,6150.0,-125.0,1182800,7278135000,1485,1882.7,6175,2100,6150,36400,840000000,840000000,171696000,89000,121700,0,0,0
2022-08-16,HEXA,Hexindo Adiperkasa Tbk.,--U-1135200000C141------------,6375.0,0.0,6500.0,6225.0,6275.0,-100.0,812000,5132087500,878,1921.0,6300,14300,6275,1000,840000000,840000000,171696000,36200,99600,0,0,0
2022-08-15,HEXA,Hexindo Adiperkasa Tbk.,--U-1135200000C141------------,6350.0,0.0,6400.0,6300.0,6375.0,25.0,482500,3072220000,512,1951.6,6400,36600,6375,4000,840000000,840000000,171696000,43100,45400,0,0,0
2022-08-12,HEXA,Hexindo Adiperkasa Tbk.,--U-1135200000C141------------,6300.0,0.0,6375.0,6300.0,6350.0,50.0,187600,1188052500,329,1943.9,6350,33600,6325,41000,840000000,840000000,171696000,17200,18200,0,0,0
2022-08-11,HEXA,Hexindo Adiperkasa Tbk.,--U-1135200000C141------------,6300.0,0.0,6425.0,6300.0,6300.0,0.0,1167700,7428210000,690,1928.6,6350,20600,6300,12900,840000000,840000000,171696000,335200,28900,0,0,0
2022-08-10,HEXA,Hexindo Adiperkasa Tbk.,--U-1135200000C141------------,6300.0,0.0,6325.0,6250.0,6300.0,0.0,209900,1320930000,273,1928.6,6300,14000,6275,18700,840000000,840000000,171696000,4600,13300,0,0,0
2022-08-09,HEXA,Hexindo Adiperkasa Tbk.,--U-1135200000C141------------,6225.0,0.0,6325.0,6225.0,6300.0,75.0,288700,1803897500,337,1928.6,6300,14500,6250,1400,840000000,840000000,171696000,7500,40700,0,0,0
2022-08-08,HEXA,Hexindo Adiperkasa Tbk.,--U-1135200000C141------------,6200.0,0.0,6250.0,6175.0,6225.0,25.0,249700,1551045000,455,1905.7,6225,10800,6200,4200,840000000,840000000,171696000,99900,42700,0,0,0
2022-08-05,HEXA,Hexindo Adiperkasa Tbk.,--U-1135200000C141------------,6225.0,0.0,6250.0,6200.0,6200.0,-25.0,241600,1503110000,410,1898.0,6225,82400,6200,28400,840000000,840000000,171696000,139600,49700,0,0,0
2022-08-04,HEXA,Hexindo Adiperkasa Tbk.,--U-1135200000C141------------,6275.0,0.0,6300.0,6200.0,6225.0,-50.0,314900,1961890000,470,1905.7,6225,400,6200,24200,840000000,840000000,171696000,90400,59500,0,0,0
2022-08-03,HEXA,Hexindo Adiperkasa Tbk.,--U-1135200000C141------------,6175.0,0.0,6325.0,6175.0,6275.0,100.0,650300,4066295000,669,1921.0,6275,7700,6250,100,840000000,840000000,171696000,205900,178400,0,0,0
2022-08-02,HEXA,Hexindo Adiperkasa Tbk.,--U-1135200000C141------------,6150.0,0.0,6200.0,6125.0,6175.0,25.0,350200,2157202500,378,1890.3,6175,800,6150,2800,840000000,840000000,171696000,138700,79300,0,0,0
2022-08-01,HEXA,Hexindo Adiperkasa Tbk.,--U-1135200000C141------------,6150.0,0.0,6200.0,6100.0,6150.0,0.0,697500,4274940000,826,1882.7,6150,94300,6125,146600,840000000,840000000,171696000,429000,53100,0,0,0
2022-07-29,HEXA,Hexindo Adiperkasa Tbk.,--U-1135200000C141------------,6300.0,0.0,6300.0,6100.0,6150.0,-150.0,1054600,6512330000,1423,1882.7,6150,50600,6125,55900,840000000,840000000,171696000,458300,30300,0,0,0
2022-07-28,HEXA,Hexindo Adiperkasa Tbk.,--U-1135200000C141------------,6275.0,0.0,6325.0,6250.0,6300.0,25.0,421200,2654095000,473,1928.6,6300,4800,6275,76000,840000000,840000000,171696000,167200,93200,0,0,0
2022-07-27,HEXA,Hexindo Adiperkasa Tbk.,--U-1135200000C141------------,6325.0,0.0,6350.0,6225.0,6275.0,-50.0,696300,4373165000,685,1921.0,6300,16900,6275,2800,840000000,840000000,171696000,256100,16700,0,0,0
2022-07-26,HEXA,Hexindo Adiperkasa Tbk.,--U-1135200000C141------------,6375.0,0.0,6400.0,6300.0,6325.0,-50.0,309400,1961275000,439,1936.3,6350,22100,6325,200,840000000,840000000,171696000,107000,4100,0,0,0
2022-07-25,HEXA,Hexindo Adiperkasa Tbk.,--U-1135200000C141------------,6250.0,0.0,6400.0,6250.0,6375.0,125.0,418900,2657565000,521,1951.6,6375,49200,6350,39100,840000000,840000000,171696000,3800,102600,0,0,0
2022-07-22,HEXA,Hexindo Adiperkasa Tbk.,--U-1135200000C141------------,6150.0,0.0,6250.0,6150.0,6250.0,100.0,320700,1997790000,384,1913.3,6250,17500,6225,32400,840000000,840000000,171696000,600,117200,0,0,0
2022-07-21,HEXA,Hexindo Adiperkasa Tbk.,--U-1135200000C141------------,6150.0,0.0,6175.0,6125.0,6150.0,0.0,172500,1062580000,238,1882.7,6175,32900,6150,31600,840000000,840000000,171696000,0,54400,39900,225435000,1
2022-07-20,HEXA,Hexindo Adiperkasa Tbk.,--U-1135200000C141------------,6075.0,0.0,6175.0,6075.0,6150.0,75.0,390600,2396730000,465,1882.7,6150,13700,6125,21000,840000000,840000000,171696000,2700,198900,0,0,0
2022-07-19,HEXA,Hexindo Adiperkasa Tbk.,--U-1135200000C141------------,6050.0,0.0,6100.0,6000.0,6075.0,25.0,98700,598330000,159,1859.7,6100,25300,6075,1300,840000000,840000000,171696000,24200,1300,0,0,0
2022-07-18,HEXA,Hexindo Adiperkasa Tbk.,--U-1135200000C141------------,6075.0,0.0,6100.0,6000.0,6050.0,-25.0,106100,641470000,219,1852.1,6050,8800,6025,45500,840000000,840000000,171696000,15200,0,0,0,0
2022-07-15,HEXA,Hexindo Adiperkasa Tbk.,--U-1135200000C141------------,6125.0,0.0,6150.0,6075.0,6075.0,-50.0,322200,1968320000,326,1859.7,6100,12800,6075,12400,840000000,840000000,171696000,24700,34400,0,0,0
2022-07-14,HEXA,Hexindo Adiperkasa Tbk.,--U-1135200000C141------------,6100.0,0.0,6125.0,6050.0,6125.0,25.0,360600,2201235000,313,1875.0,6150,27100,6125,120300,840000000,840000000,171696000,37000,111400,0,0,0
2022-07-13,HEXA,Hexindo Adiperkasa Tbk.,--U-1135200000C141------------,6100.0,0.0,6100.0,6000.0,6100.0,0.0,253000,1532585000,272,1867.4,6100,36800,6075,11400,840000000,840000000,171696000,11700,25800,0,0,0
2022-07-12,HEXA,Hexindo Adiperkasa Tbk.,--U-1135200000C141------------,6000.0,0.0,6100.0,5975.0,6100.0,100.0,254000,1535767500,345,1867.4,6100,6900,6075,1200,840000000,840000000,171696000,3700,97000,0,0,0
2022-07-11,HEXA,Hexindo Adiperkasa Tbk.,--U-1135200000C141------------,6000.0,0.0,6050.0,5975.0,6000.0,0.0,199000,1194195000,290,1836.8,6000,40900,5975,22500,840000000,840000000,171696000,41000,34200,0,0,0
2022-07-08,HEXA,Hexindo Adiperkasa Tbk.,--U-1135200000C141------------,6000.0,0.0,6075.0,5975.0,6000.0,0.0,206700,1240262500,419,1836.8,6000,6800,5975,32800,840000000,840000000,171696000,41500,32900,0,0,0
2022-07-07,HEXA,Hexindo Adiperkasa Tbk.,--U-1135200000C141------------,5950.0,0.0,6025.0,5950.0,6000.0,50.0,227800,1362315000,376,1836.8,6000,14300,5975,100,840000000,840000000,171696000,76100,34000,0,0,0
2022-07-06,HEXA,Hexindo Adiperkasa Tbk.,--U-1135200000C141------------,6025.0,0.0,6050.0,5925.0,5950.0,-75.0,350900,2094487500,566,1821.5,5950,19700,5925,46900,840000000,840000000,171696000,62100,59700,0,0,0
2022-07-05,HEXA,Hexindo Adiperkasa Tbk.,--U-1135200000C141------------,5800.0,0.0,6200.0,5825.0,6025.0,225.0,498600,2991557500,742,1844.4,6050,6300,6025,600,840000000,840000000,171696000,73600,45100,0,0,0
2022-07-04,HEXA,Hexindo Adiperkasa Tbk.,--U-1135200000C141------------,5675.0,0.0,5900.0,5650.0,5800.0,125.0,693000,4004527500,1000,1775.5,5825,22600,5800,19100,840000000,840000000,171696000,60600,97900,0,0,0
2022-07-01,HEXA,Hexindo Adiperkasa Tbk.,--U-1135200000C141------------,5925.0,0.0,6000.0,5600.0,5675.0,-250.0,1491800,8678742500,2088,1737.3,5700,17700,5675,94100,840000000,840000000,171696000,346700,71500,0,0,0
2022-06-30,HEXA,Hexindo Adiperkasa Tbk.,--U-1135200000C141------------,6000.0,0.0,6075.0,5900.0,5925.0,-75.0,1055200,6315407500,1100,1813.8,5975,6400,5925,2800,840000000,840000000,171696000,235900,87000,0,0,0
2022-06-29,HEXA,Hexindo Adiperkasa Tbk.,--U-1135200000C141------------,6000.0,0.0,6050.0,5950.0,6000.0,0.0,521900,3121360000,847,1836.8,6000,99600,5975,5400,840000000,840000000,171696000,346000,109500,0,0,0
2022-06-28,HEXA,Hexindo Adiperkasa Tbk.,--U-1135200000C141------------,5975.0,0.0,6050.0,5975.0,6000.0,25.0,416000,2496377500,684,1836.8,6025,18300,6000,2300,840000000,840000000,171696000,189400,125000,0,0,0
2022-06-27,HEXA,Hexindo Adiperkasa Tbk.,--U-1135200000C141------------,5950.0,0.0,6050.0,5925.0,5975.0,25.0,787900,4704745000,1127,1829.1,5975,69200,5950,52600,840000000,840000000,171696000,558900,165800,44,260700,1
2022-06-24,HEXA,Hexindo Adiperkasa Tbk.,--U-1135200000C141------------,5925.0,0.0,6025.0,5925.0,5950.0,25.0,1003800,5994445000,1322,1821.5,6000,15400,5950,29100,840000000,840000000,171696000,790400,157900,0,0,0
2022-06-23,HEXA,Hexindo Adiperkasa Tbk.,--U-1135200000C141------------,6100.0,0.0,6150.0,5900.0,5925.0,-175.0,1147400,6857387500,1805,1813.8,5950,62400,5925,37100,840000000,840000000,171696000,652700,127700,0,0,0
2022-06-22,HEXA,Hexindo Adiperkasa Tbk.,--U-1135200000C141------------,6125.0,0.0,6225.0,6100.0,6100.0,-25.0,757900,4654762500,1372,1867.4,6100,500,6075,20000,840000000,840000000,171696000,498300,247200,0,0,0
2022-06-21,HEXA,Hexindo Adiperkasa Tbk.,--U-1135200000C141------------,6000.0,0.0,6150.0,6000.0,6125.0,125.0,740000,4509567500,1380,1875.0,6125,19100,6100,122200,840000000,840000000,171696000,588100,172400,0,0,0
2022-06-20,HEXA,Hexindo Adiperkasa Tbk.,--U-1135200000C141------------,6250.0,0.0,6275.0,5950.0,6000.0,-250.0,1465000,8850635000,2150,1836.8,6025,26300,6000,2600,840000000,840000000,171696000,518300,44600,0,0,0
2022-06-17,HEXA,Hexindo Adiperkasa Tbk.,--U-1135200000C141------------,6475.0,0.0,6475.0,6225.0,6250.0,-225.0,1098100,6921335000,1399,1913.3,6275,200,6250,7500,840000000,840000000,171696000,478800,139400,0,0,0
2022-06-16,HEXA,Hexindo Adiperkasa Tbk.,--U-1135200000C141------------,6350.0,0.0,6575.0,6350.0,6475.0,125.0,584500,3793842500,914,1982.2,6475,14300,6450,1500,840000000,840000000,171696000,158100,156600,0,0,0
2022-06-15,HEXA,Hexindo Adiperkasa Tbk.,--U-1135200000C141------------,6350.0,0.0,6400.0,6325.0,6350.0,0.0,269300,1711170000,361,1943.9,6350,12900,6325,7000,840000000,840000000,171696000,41000,9300,400,2400000,1
2022-06-14,HEXA,Hexindo Adiperkasa Tbk.,--U-1135200000C141------------,6275.0,0.0,6425.0,6200.0,6350.0,75.0,407900,2581220000,470,1943.9,6375,19200,6350,6300,840000000,840000000,171696000,40100,47800,0,0,0
2022-06-13,HEXA,Hexindo Adiperkasa Tbk.,--U-1135200000C141------------,6400.0,0.0,6400.0,6200.0,6275.0,-125.0,482500,3018480000,919,1921.0,6300,11900,6275,89000,840000000,840000000,171696000,67900,15300,0,0,0
2022-06-10,HEXA,Hexindo Adiperkasa Tbk.,--U-1135200000C141------------,6475.0,0.0,6450.0,6350.0,6400.0,-75.0,326900,2093552500,656,1959.2,6425,15500,6400,140200,840000000,840000000,171696000,10900,31800,0,0,0
2022-06-09,HEXA,Hexindo Adiperkasa Tbk.,--U-1135200000C141------------,6550.0,0.0,6550.0,6450.0,6475.0,-75.0,402400,2613555000,616,1982.2,6500,7400,6475,35000,840000000,840000000,171696000,34600,37800,0,0,0
2022-06-08,HEXA,Hexindo Adiperkasa Tbk.,--U-1135200000C141------------,6550.0,0.0,6575.0,6500.0,6550.0,0.0,264900,1730242500,446,2005.1,6550,13100,6525,12900,840000000,840000000,171696000,25600,66900,0,0,0
2022-06-07,HEXA,Hexindo Adiperkasa Tbk.,--U-1135200000C141------------,6600.0,0.0,6650.0,6550.0,6550.0,-50.0,879200,5785392500,670,2005.1,6575,2000,6550,600,840000000,840000000,171696000,43700,74300,0,0,0
2022-06-06,HEXA,Hexindo Adiperkasa Tbk.,--U-1135200000C141------------,6600.0,0.0,6650.0,6575.0,6600.0,0.0,507400,3346560000,593,2020.4,6600,107900,6575,144000,840000000,840000000,171696000,80300,69400,0,0,0
2022-06-03,HEXA,Hexindo Adiperkasa Tbk.,--U-1135200000C141------------,6500.0,0.0,6625.0,6525.0,6600.0,100.0,983700,6465787500,825,2020.4,6625,75600,6600,18500,840000000,840000000,171696000,121000,40600,0,0,0
2022-06-02,HEXA,Hexindo Adiperkasa Tbk.,--U-1135200000C141------------,6350.0,0.0,6550.0,6350.0,6500.0,150.0,1327700,8609637500,1057,1989.8,6525,2600,6500,20500,840000000,840000000,171696000,318800,128200,55,348975,1
2022-05-31,HEXA,Hexindo Adiperkasa Tbk.,--U-1135200000C141------------,6300.0,0.0,6375.0,6275.0,6350.0,50.0,468400,2970035000,465,1943.9,6350,57200,6325,22800,840000000,840000000,171696000,1000,65400,0,0,0
2022-05-30,HEXA,Hexindo Adiperkasa Tbk.,--U-1135200000C141------------,6225.0,0.0,6325.0,6175.0,6300.0,75.0,241500,1518607500,328,1928.6,6325,26300,6300,24500,840000000,840000000,171696000,17900,35300,0,0,0
2022-05-27,HEXA,Hexindo Adiperkasa Tbk.,--U-1135200000C141------------,6250.0,0.0,6300.0,6100.0,6225.0,-25.0,298900,1851635000,542,1905.7,6225,4700,6200,5400,840000000,840000000,171696000,12000,79600,0,0,0
2022-05-25,HEXA,Hexindo Adiperkasa Tbk.,--U-1135200000C141------------,6275.0,0.0,6325.0,6150.0,6250.0,-25.0,262200,1635450000,407,1913.3,6300,20900,6225,12100,840000000,840000000,171696000,200,52000,0,0,0
2022-05-24,HEXA,Hexindo Adiperkasa Tbk.,--U-1135200000C141------------,6125.0,0.0,6275.0,6125.0,6275.0,150.0,275400,1708047500,410,1921.0,6275,9400,6225,9000,840000000,840000000,171696000,37100,37700,0,0,0
2022-05-23,HEXA,Hexindo Adiperkasa Tbk.,--U-1135200000C141------------,6375.0,0.0,6400.0,6125.0,6125.0,-250.0,614100,3838502500,1039,1875.0,6200,100,6125,47600,840000000,840000000,171696000,53800,64400,0,0,0
2022-05-20,HEXA,Hexindo Adiperkasa Tbk.,--U-1135200000C141------------,6325.0,0.0,6400.0,6300.0,6375.0,50.0,467400,2968277500,522,1951.6,6375,99400,6350,8300,840000000,840000000,171696000,46300,102100,0,0,0
2022-05-19,HEXA,Hexindo Adiperkasa Tbk.,--U-1135200000C141------------,6300.0,0.0,6400.0,6200.0,6325.0,25.0,363200,2285620000,565,1936.3,6325,14700,6300,100,840000000,840000000,171696000,10500,100400,0,0,0
2022-05-18,HEXA,Hexindo Adiperkasa Tbk.,--U-1135200000C141------------,6350.0,0.0,6450.0,6225.0,6300.0,-50.0,521000,3299142500,764,1928.6,6350,26800,6300,1900,840000000,840000000,171696000,26600,75100,0,0,0
2022-05-17,HEXA,Hexindo Adiperkasa Tbk.,--U-1135200000C141------------,6025.0,0.0,6425.0,6025.0,6350.0,325.0,1099900,6859595000,1237,1943.9,6350,71000,6325,12500,840000000,840000000,171696000,237300,227300,0,0,0
2022-05-13,HEXA,Hexindo Adiperkasa Tbk.,--U-1135200000C141------------,6000.0,0.0,6075.0,5975.0,6025.0,25.0,133100,802127500,345,1844.4,6050,9400,6025,10700,840000000,840000000,171696000,20300,15100,0,0,0
2022-05-12,HEXA,Hexindo Adiperkasa Tbk.,--U-1135200000C141------------,5975.0,0.0,6125.0,5950.0,6000.0,25.0,416700,2510852500,593,1836.8,6000,21500,5975,9600,840000000,840000000,171696000,25500,64300,0,0,0
2022-05-11,HEXA,Hexindo Adiperkasa Tbk.,--U-1135200000C141------------,5975.0,0.0,6000.0,5950.0,5975.0,0.0,249500,1493467500,405,1829.1,6000,27200,5975,38200,840000000,840000000,171696000,20300,2000,0,0,0
2022-05-10,HEXA,Hexindo Adiperkasa Tbk.,--U-1135200000C141------------,6075.0,0.0,6050.0,5925.0,5975.0,-100.0,568900,3402530000,741,1829.1,5975,1200,5950,43500,840000000,840000000,171696000,48700,40500,0,0,0
2022-05-09,HEXA,Hexindo Adiperkasa Tbk.,--U-1135200000C141------------,6075.0,0.0,6225.0,6025.0,6075.0,0.0,410400,2495867500,668,1859.7,6075,19900,6050,39000,840000000,840000000,171696000,24500,75200,0,0,0
2022-04-28,HEXA,Hexindo Adiperkasa Tbk.,--U-1135200000C141------------,6050.0,0.0,6100.0,6000.0,6075.0,25.0,360000,2185902500,577,1859.7,6100,36800,6075,10300,840000000,840000000,171696000,61400,68500,0,0,0
2022-04-27,HEXA,Hexindo Adiperkasa Tbk.,--U-1135200000C141------------,5975.0,0.0,6100.0,5975.0,6050.0,75.0,419100,2526962500,462,1852.1,6050,4300,6025,10100,840000000,840000000,171696000,82400,56800,0,0,0
2022-04-26,HEXA,Hexindo Adiperkasa Tbk.,--U-1135200000C141------------,5975.0,0.0,6000.0,5950.0,5975.0,0.0,154300,920545000,319,1829.1,5975,9600,5950,56700,840000000,840000000,171696000,12300,45700,0,0,0
2022-04-25,HEXA,Hexindo Adiperkasa Tbk.,--U-1135200000C141------------,5975.0,0.0,6000.0,5950.0,5975.0,0.0,117000,698207500,264,1829.1,5975,10300,5950,54600,840000000,840000000,171696000,39500,1800,0,0,0
2022-04-22,HEXA,Hexindo Adiperkasa Tbk.,--U-1135200000C141------------,5975.0,0.0,6000.0,5950.0,5975.0,0.0,237500,1418022500,370,1829.1,5975,38900,5950,35800,840000000,840000000,171696000,12300,36900,0,0,0
2022-04-21,HEXA,Hexindo Adiperkasa Tbk.,--U-1135200000C141------------,6000.0,0.0,6025.0,5950.0,5975.0,-25.0,354900,2124107500,506,1829.1,5975,4100,5950,41100,840000000,840000000,171696000,21700,106200,0,0,0
2022-04-20,HEXA,Hexindo Adiperkasa Tbk.,--U-1135200000C141------------,6050.0,0.0,6075.0,5875.0,6000.0,-50.0,297100,1773980000,564,1836.8,6000,700,5975,19900,840000000,840000000,171696000,34600,6300,0,0,0
2022-04-19,HEXA,Hexindo Adiperkasa Tbk.,--U-1135200000C141------------,6075.0,0.0,6100.0,6050.0,6050.0,-25.0,127800,775745000,261,1852.1,6075,49300,6050,600,840000000,840000000,171696000,3500,9000,0,0,0
2022-04-18,HEXA,Hexindo Adiperkasa Tbk.,--U-1135200000C141------------,6050.0,0.0,6100.0,6025.0,6075.0,25.0,243800,1478060000,343,1859.7,6075,15300,6050,9500,840000000,840000000,171696000,2100,129700,0,0,0
2022-04-14,HEXA,Hexindo Adiperkasa Tbk.,--U-1135200000C141------------,5975.0,0.0,6100.0,5975.0,6050.0,75.0,231200,1397595000,407,1852.1,6050,8500,6025,2200,840000000,840000000,171696000,3000,51000,0,0,0
2022-04-13,HEXA,Hexindo Adiperkasa Tbk.,--U-1135200000C141------------,5900.0,0.0,6125.0,5925.0,5975.0,75.0,301700,1809302500,512,1829.1,6000,16000,5975,5300,840000000,840000000,171696000,100000,65300,0,0,0
2022-04-12,HEXA,Hexindo Adiperkasa Tbk.,--U-1135200000C141------------,6050.0,0.0,6100.0,5850.0,5900.0,-150.0,528700,3134060000,664,1806.2,5950,1100,5900,10100,840000000,840000000,171696000,8000,28800,0,0,0
2022-04-11,HEXA,Hexindo Adiperkasa Tbk.,--U-1135200000C141------------,6100.0,0.0,6200.0,6025.0,6050.0,-50.0,202500,1238157500,379,1852.1,6075,1800,6050,3500,840000000,840000000,171696000,26300,1800,0,0,0
2022-04-08,HEXA,Hexindo Adiperkasa Tbk.,--U-1135200000C141------------,6200.0,0.0,6225.0,6075.0,6100.0,-100.0,205700,1261632500,399,1867.4,6125,1400,6100,400,840000000,840000000,171696000,34800,100,0,0,0
2022-04-07,HEXA,Hexindo Adiperkasa Tbk.,--U-1135200000C141------------,5900.0,0.0,6225.0,5800.0,6200.0,300.0,398300,2422277500,516,1898.0,6200,35800,6175,16800,840000000,840000000,171696000,114000,124800,5500,32450000,1
2022-04-06,HEXA,Hexindo Adiperkasa Tbk.,--U-1135200000C141------------,6200.0,0.0,6200.0,5875.0,5900.0,-300.0,480300,2903505000,807,1806.2,5900,35500,5875,17400,840000000,840000000,171696000,27600,2700,0,0,0
2022-04-05,HEXA,Hexindo Adiperkasa Tbk.,--U-1135200000C141------------,6275.0,0.0,6300.0,6150.0,6200.0,-75.0,300800,1870350000,458,1898.0,6200,1100,6175,1200,840000000,840000000,171696000,500,33100,0,0,0
2022-04-04,HEXA,Hexindo Adiperkasa Tbk.,--U-1135200000C141------------,6300.0,0.0,6325.0,6000.0,6275.0,-25.0,456100,2805567500,805,1921.0,6275,17300,6200,900,840000000,840000000,171696000,7200,29400,0,0,0
2022-04-01,HEXA,Hexindo Adiperkasa Tbk.,--U-1135200000C141------------,6150.0,0.0,6500.0,6100.0,6300.0,150.0,704700,4469347500,1155,1928.6,6325,3800,6300,20700,840000000,840000000,171696000,27500,5700,0,0,0
2022-03-31,HEXA,Hexindo Adiperkasa Tbk.,--U-1135200000C141------------,5750.0,0.0,6200.0,5675.0,6150.0,400.0,490600,2954175000,845,1882.7,6150,36000,6125,3100,840000000,840000000,438984000,29100,10000,0,0,0
2022-03-30,HEXA,Hexindo Adiperkasa Tbk.,--U-1135200000C141------------,5525.0,0.0,5750.0,5350.0,5750.0,225.0,483300,2705440000,509,1760.2,5750,18000,5675,1600,840000000,840000000,438984000,4500,28100,0,0,0
2022-03-29,HEXA,Hexindo Adiperkasa Tbk.,--U-1135200000C141------------,5400.0,0.0,5550.0,5400.0,5525.0,125.0,366300,2015500000,361,1691.4,5550,79000,5525,6300,840000000,840000000,438984000,1600,31600,0,0,0
2022-03-28,HEXA,Hexindo Adiperkasa Tbk.,--U-1135200000C141------------,5350.0,0.0,5425.0,5350.0,5400.0,50.0,364600,1968500000,389,1653.1,5425,35500,5400,3800,840000000,840000000,438984000,3600,30800,0,0,0
2022-03-25,HEXA,Hexindo Adiperkasa Tbk.,--U-1135200000C141------------,5300.0,0.0,5350.0,5300.0,5350.0,50.0,204200,1089735000,242,1637.8,5350,45600,5325,29000,840000000,840000000,438984000,200,30300,0,0,0
2022-03-24,HEXA,Hexindo Adiperkasa Tbk.,--U-1135200000C141------------,5275.0,0.0,5300.0,5225.0,5300.0,25.0,143900,757490000,232,1622.5,5300,104600,5275,3500,840000000,840000000,438984000,200,11200,0,0,0
2022-03-23,HEXA,Hexindo Adiperkasa Tbk.,--U-1135200000C141------------,5250.0,0.0,5300.0,5225.0,5275.0,25.0,160900,849442500,295,1614.8,5300,51000,5275,22300,840000000,840000000,438984000,0,2100,98,514500,1
2022-03-22,HEXA,Hexindo Adiperkasa Tbk.,--U-1135200000C141------------,5200.0,0.0,5300.0,5225.0,5250.0,50.0,344000,1809297500,296,1607.2,5275,29800,5250,10400,840000000,840000000,438984000,60200,100900,0,0,0
2022-03-21,HEXA,Hexindo Adiperkasa Tbk.,--U-1135200000C141------------,5175.0,0.0,5225.0,5125.0,5200.0,25.0,87700,454412500,212,1591.9,5200,6500,5150,6900,840000000,840000000,438984000,3900,7100,0,0,0
2022-03-18,HEXA,Hexindo Adiperkasa Tbk.,--U-1135200000C141------------,5050.0,0.0,5200.0,5100.0,5175.0,125.0,191900,986025000,252,1584.2,5200,14100,5175,28700,840000000,840000000,438984000,1200,37000,0,0,0
2022-03-17,HEXA,Hexindo Adiperkasa Tbk.,--U-1135200000C141------------,5050.0,0.0,5100.0,5050.0,5050.0,0.0,46700,236947500,137,1545.9,5075,1000,5050,27600,840000000,840000000,438984000,1400,4400,0,0,0
2022-03-16,HEXA,Hexindo Adiperkasa Tbk.,--U-1135200000C141------------,5050.0,0.0,5125.0,5050.0,5050.0,0.0,88700,450327500,145,1545.9,5075,7100,5050,35900,840000000,840000000,438984000,1600,5000,0,0,0
2022-03-15,HEXA,Hexindo Adiperkasa Tbk.,--U-1135200000C141------------,5100.0,0.0,5100.0,5025.0,5050.0,-50.0,75500,381790000,213,1545.9,5050,12800,5025,34700,840000000,840000000,438984000,2400,0,0,0,0
2022-03-14,HEXA,Hexindo Adiperkasa Tbk.,--U-1135200000C141------------,5100.0,0.0,5100.0,5050.0,5100.0,0.0,99000,503472500,235,1561.3,5100,8600,5075,8100,840000000,840000000,438984000,200,19800,0,0,0
2022-03-11,HEXA,Hexindo Adiperkasa Tbk.,--U-1135200000C141------------,5075.0,0.0,5125.0,5050.0,5100.0,25.0,246500,1254995000,153,1561.3,5100,23000,5075,36800,840000000,840000000,438984000,23900,0,0,0,0
2022-03-10,HEXA,Hexindo Adiperkasa Tbk.,--U-1135200000C141------------,5025.0,0.0,5075.0,5025.0,5075.0,50.0,90200,455720000,126,1553.6,5075,61900,5050,91300,840000000,840000000,438984000,31100,6500,0,0,0
2022-03-09,HEXA,Hexindo Adiperkasa Tbk.,--U-1135200000C141------------,5025.0,0.0,5075.0,5025.0,5025.0,0.0,94400,475707500,184,1538.3,5050,100,5025,37500,840000000,840000000,438984000,0,600,0,0,0
2022-03-08,HEXA,Hexindo Adiperkasa Tbk.,--U-1135200000C141------------,5075.0,0.0,5125.0,5000.0,5025.0,-50.0,227700,1148417500,388,1538.3,5025,34100,5000,179100,840000000,840000000,438984000,26900,41000,0,0,0
2022-03-07,HEXA,Hexindo Adiperkasa Tbk.,--U-1135200000C141------------,5075.0,0.0,5125.0,5075.0,5075.0,0.0,170000,866800000,218,1553.6,5100,64600,5075,37300,840000000,840000000,438984000,0,29800,0,0,0
2022-03-04,HEXA,Hexindo Adiperkasa Tbk.,--U-1135200000C141------------,5075.0,0.0,5175.0,5075.0,5075.0,0.0,440900,2245520000,411,1553.6,5100,257200,5075,7500,840000000,840000000,438984000,0,700,0,0,0
2022-03-02,HEXA,Hexindo Adiperkasa Tbk.,--U-1135200000C141------------,5025.0,0.0,5100.0,5025.0,5075.0,50.0,102000,516405000,189,1553.6,5075,9100,5050,28200,840000000,840000000,438984000,0,6200,0,0,0
2022-03-01,HEXA,Hexindo Adiperkasa Tbk.,--U-1135200000C141------------,4990.0,0.0,5100.0,4990.0,5025.0,35.0,156000,783700500,262,1538.3,5050,35600,5025,33000,840000000,840000000,438984000,0,12100,0,0,0
2022-02-25,HEXA,Hexindo Adiperkasa Tbk.,--M-1135200000C141------------,4980.0,0.0,5050.0,4970.0,4990.0,10.0,441300,2206189500,389,1527.6,5000,18600,4990,21700,840000000,840000000,438984000,800,0,0,0,0
2022-02-24,HEXA,Hexindo Adiperkasa Tbk.,--M-1135200000C141------------,5075.0,0.0,5075.0,4920.0,4980.0,-95.0,687300,3440497000,895,1524.5,4990,26900,4980,8500,840000000,840000000,438984000,195200,77100,0,0,0
2022-02-23,HEXA,Hexindo Adiperkasa Tbk.,--M-1135200000C141------------,5150.0,0.0,5150.0,5000.0,5075.0,-75.0,401100,2033397500,483,1553.6,5075,300,5050,28500,840000000,840000000,438984000,165700,15500,0,0,0
2022-02-22,HEXA,Hexindo Adiperkasa Tbk.,--M-1135200000C141------------,5150.0,0.0,5200.0,5100.0,5150.0,0.0,279300,1436872500,299,1576.6,5150,5900,5125,24400,840000000,840000000,438984000,150200,23800,0,0,0
2022-02-21,HEXA,Hexindo Adiperkasa Tbk.,--M-1135200000C141------------,5150.0,0.0,5225.0,5150.0,5150.0,0.0,283100,1465437500,378,1576.6,5175,9400,5150,52100,840000000,840000000,438984000,33400,39100,0,0,0
2022-02-18,HEXA,Hexindo Adiperkasa Tbk.,--M-1135200000C141------------,5100.0,0.0,5200.0,5100.0,5150.0,50.0,291200,1499435000,373,1576.6,5150,6000,5125,13200,840000000,840000000,438984000,10000,46500,0,0,0
2022-02-17,HEXA,Hexindo Adiperkasa Tbk.,--M-1135200000C141------------,5050.0,0.0,5125.0,5050.0,5100.0,50.0,154100,785300000,229,1561.3,5100,11400,5075,9500,840000000,840000000,438984000,19800,5500,0,0,0
2022-02-16,HEXA,Hexindo Adiperkasa Tbk.,--M-1135200000C141------------,5025.0,0.0,5100.0,5000.0,5050.0,25.0,177700,896807500,254,1545.9,5075,23000,5050,100,840000000,840000000,438984000,59400,6100,0,0,0
2022-02-15,HEXA,Hexindo Adiperkasa Tbk.,--M-1135200000C141------------,5050.0,0.0,5050.0,4990.0,5025.0,-25.0,217900,1091566500,375,1538.3,5025,30600,5000,2600,840000000,840000000,438984000,36200,61000,0,0,0
2022-02-14,HEXA,Hexindo Adiperkasa Tbk.,--M-1135200000C141------------,4820.0,0.0,5250.0,4820.0,5050.0,230.0,837900,4192271500,1521,1545.9,5050,7600,5000,100,840000000,840000000,438984000,1800,36100,0,0,0
2022-02-11,HEXA,Hexindo Adiperkasa Tbk.,--M-1135200000C141------------,4790.0,0.0,4820.0,4790.0,4820.0,30.0,178800,860475000,226,1475.5,4820,2000,4810,3900,840000000,840000000,438984000,12100,17600,0,0,0
2022-02-10,HEXA,Hexindo Adiperkasa Tbk.,--M-1135200000C141------------,4780.0,0.0,4810.0,4780.0,4790.0,10.0,34600,165921000,118,1466.4,4800,15200,4790,52000,840000000,840000000,438984000,300,400,0,0,0
2022-02-09,HEXA,Hexindo Adiperkasa Tbk.,--M-1135200000C141------------,4770.0,0.0,4810.0,4770.0,4780.0,10.0,165400,792157000,196,1463.3,4790,3900,4780,7500,840000000,840000000,438984000,53600,4000,0,0,0
2022-02-08,HEXA,Hexindo Adiperkasa Tbk.,--M-1135200000C141------------,4780.0,0.0,4810.0,4770.0,4770.0,-10.0,156900,750475000,207,1460.2,4780,14700,4770,41000,840000000,840000000,438984000,15900,7300,0,0,0
2022-02-07,HEXA,Hexindo Adiperkasa Tbk.,--M-1135200000C141------------,4770.0,0.0,4800.0,4760.0,4780.0,10.0,115900,553470000,254,1463.3,4790,14300,4780,21500,840000000,840000000,438984000,75200,2000,0,0,0
2022-02-04,HEXA,Hexindo Adiperkasa Tbk.,--M-1135200000C141------------,4780.0,0.0,4770.0,4740.0,4770.0,-10.0,166500,792283000,319,1460.2,4770,3200,4760,100,840000000,840000000,438984000,104900,2000,0,0,0
2022-02-03,HEXA,Hexindo Adiperkasa Tbk.,--M-1135000000C141------------,4780.0,0.0,4790.0,4770.0,4780.0,0.0,126200,602868000,241,1463.3,4780,13200,4770,9800,840000000,840000000,438984000,21600,2300,0,0,0
2022-02-02,HEXA,Hexindo Adiperkasa Tbk.,--M-1135000000C141------------,4770.0,0.0,4790.0,4740.0,4780.0,10.0,293000,1393358000,309,1463.3,4780,41900,4770,9900,840000000,840000000,438984000,219000,4500,0,0,0
2022-01-31,HEXA,Hexindo Adiperkasa Tbk.,--M-1135000000C141------------,4770.0,0.0,4780.0,4760.0,4770.0,0.0,169600,809442000,214,1460.2,4770,11500,4760,45500,840000000,840000000,438984000,38000,10300,0,0,0
2022-01-28,HEXA,Hexindo Adiperkasa Tbk.,--M-1135000000C141------------,4750.0,0.0,4800.0,4730.0,4770.0,20.0,66000,313737000,180,1460.2,4770,16200,4760,1800,840000000,840000000,438984000,7800,1000,0,0,0
2022-01-27,HEXA,Hexindo Adiperkasa Tbk.,--M-1135000000C141------------,4760.0,0.0,4790.0,4750.0,4750.0,-10.0,82800,395074000,186,1454.1,4780,400,4750,4400,840000000,840000000,438984000,30000,3300,0,0,0
2022-01-26,HEXA,Hexindo Adiperkasa Tbk.,--M-1135000000C141------------,4730.0,0.0,4830.0,4740.0,4760.0,30.0,98700,471215000,194,1457.2,4780,9000,4760,2800,840000000,840000000,438984000,53400,5600,0,0,0
2022-01-25,HEXA,Hexindo Adiperkasa Tbk.,--M-1135000000C141------------,4730.0,0.0,4800.0,4730.0,4730.0,0.0,116600,555552000,164,1448.0,4750,1300,4730,22900,840000000,840000000,438984000,19000,10800,0,0,0
2022-01-24,HEXA,Hexindo Adiperkasa Tbk.,--M-1135000000C141------------,4690.0,0.0,4830.0,4700.0,4730.0,40.0,157700,748438000,219,1448.0,4730,3500,4710,2400,840000000,840000000,438984000,61100,49300,0,0,0
2022-01-21,HEXA,Hexindo Adiperkasa Tbk.,--M-1135000000C141------------,4690.0,0.0,4700.0,4670.0,4690.0,0.0,69800,326963000,189,1435.7,4700,5900,4690,1500,840000000,840000000,438984000,20600,3900,0,0,0
2022-01-20,HEXA,Hexindo Adiperkasa Tbk.,--M-1135000000C141------------,4690.0,0.0,4690.0,4650.0,4690.0,0.0,147000,686943000,246,1435.7,4690,10900,4680,1000,840000000,840000000,438984000,19800,21100,0,0,0
2022-01-19,HEXA,Hexindo Adiperkasa Tbk.,--M-1135000000C141------------,4790.0,0.0,4820.0,4620.0,4690.0,-100.0,200800,946639000,308,1435.7,4690,22900,4680,2300,840000000,840000000,438984000,113400,1300,0,0,0
2022-01-18,HEXA,Hexindo Adiperkasa Tbk.,--M-1135000000C141------------,4800.0,0.0,4800.0,4720.0,4790.0,-10.0,147400,703819000,309,1466.4,4790,36600,4760,600,840000000,840000000,438984000,33500,52500,0,0,0
2022-01-17,HEXA,Hexindo Adiperkasa Tbk.,--M-1135000000C141------------,4790.0,0.0,4850.0,4780.0,4800.0,10.0,147400,707513000,171,1469.4,4810,21100,4800,1200,840000000,840000000,438984000,22600,48600,0,0,0
2022-01-14,HEXA,Hexindo Adiperkasa Tbk.,--M-1135000000C141------------,4820.0,0.0,4820.0,4780.0,4790.0,-30.0,96200,461538000,178,1466.4,4800,7800,4790,4300,840000000,840000000,438984000,3100,31400,0,0,0
2022-01-13,HEXA,Hexindo Adiperkasa Tbk.,--M-1135000000C141------------,4810.0,0.0,4850.0,4770.0,4820.0,10.0,111200,534770000,217,1475.5,4820,3500,4810,200,840000000,840000000,438984000,1400,44900,0,0,0
2022-01-12,HEXA,Hexindo Adiperkasa Tbk.,--M-1135000000C141------------,4820.0,0.0,4870.0,4800.0,4810.0,-10.0,138400,668306000,316,1472.5,4820,800,4810,500,840000000,840000000,438984000,7600,56500,0,0,0
2022-01-11,HEXA,Hexindo Adiperkasa Tbk.,--M-1135000000C141------------,4760.0,0.0,4860.0,4760.0,4820.0,60.0,258300,1248732000,370,1475.5,4830,3800,4820,9900,840000000,840000000,438984000,600,95200,0,0,0
2022-01-10,HEXA,Hexindo Adiperkasa Tbk.,--M-1135000000C141------------,4650.0,0.0,4820.0,4650.0,4760.0,110.0,224500,1070839000,397,1457.2,4760,6000,4750,600,840000000,840000000,438984000,2100,78500,0,0,0
2022-01-07,HEXA,Hexindo Adiperkasa Tbk.,--M-1135000000C141------------,4600.0,0.0,4670.0,4560.0,4650.0,50.0,115700,535295000,210,1423.5,4650,1900,4620,1000,840000000,840000000,438984000,7800,34800,0,0,0
2022-01-06,HEXA,Hexindo Adiperkasa Tbk.,--M-1135000000C141------------,4550.0,0.0,4630.0,4550.0,4600.0,50.0,177500,812465000,174,1408.2,4610,11800,4600,200,840000000,840000000,438984000,52600,59400,0,0,0
2022-01-05,HEXA,Hexindo Adiperkasa Tbk.,--M-1135000000C141------------,4540.0,0.0,4600.0,4540.0,4550.0,10.0,165500,754353000,311,1392.9,4560,2500,4550,700,840000000,840000000,438984000,500,65400,0,0,0
2022-01-04,HEXA,Hexindo Adiperkasa Tbk.,--M-1135000000C141------------,4550.0,0.0,4590.0,4520.0,4540.0,-10.0,189200,860635000,366,1389.8,4560,8700,4540,53800,840000000,840000000,438984000,10400,7300,0,0,0
2022-01-03,HEXA,Hexindo Adiperkasa Tbk.,--M-1135000000C141------------,4600.0,0.0,4610.0,4540.0,4550.0,-50.0,194700,888697000,338,1392.9,4580,4200,4550,16600,840000000,840000000,438984000,50900,45200,0,0,0
2021-12-30,HEXA,Hexindo Adiperkasa Tbk.,--M-1135000000C141------------,4620.0,0.0,4620.0,4590.0,4600.0,-20.0,82000,377260000,197,1408.2,4610,9100,4600,8500,840000000,840000000,639492000,13800,4500,0,0,0
2021-12-29,HEXA,Hexindo Adiperkasa Tbk.,--M-1135000000C141------------,4620.0,0.0,4680.0,4570.0,4620.0,0.0,87200,400663000,186,1414.3,4630,5900,4620,2000,840000000,840000000,639492000,10700,3700,0,0,0
2021-12-28,HEXA,Hexindo Adiperkasa Tbk.,--M-1135000000C141------------,4570.0,0.0,4650.0,4550.0,4620.0,50.0,299700,1378169000,276,1414.3,4630,3700,4620,300,840000000,840000000,639492000,187400,19800,0,0,0
2021-12-27,HEXA,Hexindo Adiperkasa Tbk.,--M-1135000000C141------------,4540.0,0.0,4590.0,4540.0,4570.0,30.0,118300,540973000,164,1399.0,4580,200,4570,5800,840000000,840000000,639492000,44200,29000,0,0,0
2021-12-24,HEXA,Hexindo Adiperkasa Tbk.,--M-1135000000C141------------,4520.0,0.0,4570.0,4520.0,4540.0,20.0,85100,387319000,174,1389.8,4560,7800,4540,6200,840000000,840000000,639492000,13100,1900,0,0,0
2021-12-23,HEXA,Hexindo Adiperkasa Tbk.,--M-1135000000C141------------,4550.0,0.0,4580.0,4520.0,4520.0,-30.0,121500,553081000,256,1383.7,4530,2100,4520,33900,840000000,840000000,639492000,24200,100,0,0,0
2021-12-22,HEXA,Hexindo Adiperkasa Tbk.,--M-1135000000C141------------,4560.0,0.0,4560.0,4530.0,4550.0,-10.0,144200,655925000,278,1392.9,4550,1500,4540,2700,840000000,840000000,639492000,25100,13800,0,0,0
2021-12-21,HEXA,Hexindo Adiperkasa Tbk.,--M-1135000000C141------------,4620.0,0.0,4620.0,4550.0,4560.0,-60.0,265900,1214427000,401,1395.9,4560,13900,4550,49200,840000000,840000000,639492000,72500,4600,0,0,0
2021-12-20,HEXA,Hexindo Adiperkasa Tbk.,--M-1135000000C141------------,4760.0,0.0,4760.0,4600.0,4620.0,-140.0,477900,2227943000,673,1414.3,4620,12100,4610,2500,840000000,840000000,639492000,88300,100,0,0,0
2021-12-17,HEXA,Hexindo Adiperkasa Tbk.,--M-1135000000C141------------,4770.0,0.0,4800.0,4750.0,4760.0,-10.0,106800,509664000,162,1457.2,4760,6300,4750,5500,840000000,840000000,639492000,14400,45400,0,0,0
2021-12-16,HEXA,Hexindo Adiperkasa Tbk.,--M-1135000000C141------------,4790.0,0.0,4830.0,4720.0,4770.0,-20.0,230400,1100927000,244,1460.2,4790,7300,4770,12700,840000000,840000000,639492000,34100,122800,0,0,0
2021-12-15,HEXA,Hexindo Adiperkasa Tbk.,--M-1135000000C141------------,4710.0,0.0,4800.0,4690.0,4790.0,80.0,204500,970876000,327,1466.4,4800,2400,4790,10500,840000000,840000000,639492000,34500,127300,0,0,0
2021-12-14,HEXA,Hexindo Adiperkasa Tbk.,--M-1135000000C141------------,4760.0,0.0,4780.0,4710.0,4710.0,-50.0,233100,1103824000,328,1441.9,4720,600,4710,8000,840000000,840000000,639492000,34100,2000,0,0,0
2021-12-13,HEXA,Hexindo Adiperkasa Tbk.,--M-1135000000C141------------,4800.0,0.0,4840.0,4740.0,4760.0,-40.0,219500,1050228000,372,1457.2,4770,1500,4760,900,840000000,840000000,639492000,26500,9800,0,0,0
2021-12-10,HEXA,Hexindo Adiperkasa Tbk.,--M-1135000000C141------------,4790.0,0.0,4840.0,4790.0,4800.0,10.0,208300,1002979000,377,1469.4,4830,28300,4800,400,840000000,840000000,639492000,25600,13600,0,0,0
2021-12-09,HEXA,Hexindo Adiperkasa Tbk.,--M-1135000000C141------------,4760.0,0.0,4790.0,4740.0,4790.0,30.0,67100,319515000,196,1466.4,4790,8500,4760,500,840000000,840000000,639492000,33600,9700,0,0,0
2021-12-08,HEXA,Hexindo Adiperkasa Tbk.,--M-1135000000C141------------,4740.0,0.0,4790.0,4710.0,4760.0,20.0,106000,503770000,213,1457.2,4780,900,4760,7400,840000000,840000000,639492000,13800,26400,0,0,0
2021-12-07,HEXA,Hexindo Adiperkasa Tbk.,--M-1135000000C141------------,4750.0,0.0,4800.0,4720.0,4740.0,-10.0,160000,757131000,214,1451.1,4740,3400,4730,8700,840000000,840000000,639492000,71300,3000,0,0,0
2021-12-06,HEXA,Hexindo Adiperkasa Tbk.,--M-1135000000C141------------,4700.0,0.0,4800.0,4680.0,4750.0,50.0,180300,857009000,337,1454.1,4750,14800,4730,8300,840000000,840000000,639492000,1900,9600,0,0,0
2021-12-03,HEXA,Hexindo Adiperkasa Tbk.,--M-1135000000C141------------,4570.0,0.0,4800.0,4570.0,4700.0,130.0,243000,1129469000,319,1438.8,4700,5100,4690,2400,840000000,840000000,639492000,29300,90700,0,0,0
2021-12-02,HEXA,Hexindo Adiperkasa Tbk.,--M-1135000000C141------------,4600.0,0.0,4600.0,4560.0,4570.0,-30.0,209600,959049000,251,1399.0,4600,12800,4570,125400,840000000,840000000,639492000,53000,83600,0,0,0
2021-12-01,HEXA,Hexindo Adiperkasa Tbk.,--M-1135000000C141------------,4600.0,0.0,4620.0,4580.0,4600.0,0.0,91700,420639000,226,1408.2,4600,6000,4590,200,840000000,840000000,639492000,3800,24400,0,0,0
2021-11-30,HEXA,Hexindo Adiperkasa Tbk.,--U-1135000000C141------------,4610.0,0.0,4630.0,4560.0,4600.0,-10.0,211600,973302000,359,1408.2,4600,1000,4590,10000,840000000,840000000,639492000,3100,96800,0,0,0
2021-11-29,HEXA,Hexindo Adiperkasa Tbk.,--U-1135000000C141------------,4600.0,0.0,4620.0,4490.0,4610.0,10.0,317900,1448775000,504,1411.3,4610,66100,4600,32900,840000000,840000000,639492000,4600,108100,0,0,0
2021-11-26,HEXA,Hexindo Adiperkasa Tbk.,--U-1135000000C141------------,4610.0,0.0,4640.0,4500.0,4600.0,-10.0,456300,2087261000,675,1408.2,4600,9700,4590,100,840000000,840000000,639492000,198000,178200,0,0,0
2021-11-25,HEXA,Hexindo Adiperkasa Tbk.,--U-1135000000C141------------,4560.0,0.0,4630.0,4560.0,4610.0,50.0,153800,709871000,309,1411.3,4620,6600,4610,14700,840000000,840000000,639492000,25300,12100,0,0,0
2021-11-24,HEXA,Hexindo Adiperkasa Tbk.,--U-1135000000C141------------,4520.0,0.0,4590.0,4500.0,4560.0,40.0,544200,2468729000,423,1395.9,4560,6000,4530,100,840000000,840000000,639492000,145500,172500,0,0,0
2021-11-23,HEXA,Hexindo Adiperkasa Tbk.,--U-1135000000C141------------,4530.0,0.0,4600.0,4490.0,4520.0,-10.0,106200,480974000,245,1383.7,4530,2900,4520,8200,840000000,840000000,639492000,38700,33000,0,0,0
2021-11-22,HEXA,Hexindo Adiperkasa Tbk.,--U-1135000000C141------------,4530.0,0.0,4600.0,4520.0,4530.0,0.0,225100,1024826000,386,1386.8,4550,2000,4530,18900,840000000,840000000,639492000,45600,69800,0,0,0
2021-11-19,HEXA,Hexindo Adiperkasa Tbk.,--U-1135000000C141------------,4490.0,0.0,4530.0,4450.0,4530.0,40.0,151500,681501000,299,1386.8,4530,4100,4500,3800,840000000,840000000,639492000,9000,54400,0,0,0
2021-11-18,HEXA,Hexindo Adiperkasa Tbk.,--U-1135000000C141------------,4470.0,0.0,4550.0,4440.0,4490.0,20.0,278700,1246832000,357,1374.5,4490,2000,4480,6700,840000000,840000000,639492000,105500,99900,0,0,0
2021-11-17,HEXA,Hexindo Adiperkasa Tbk.,--U-1135000000C141------------,4450.0,0.0,4480.0,4420.0,4470.0,20.0,232800,1037662000,306,1368.4,4470,700,4460,1700,840000000,840000000,639492000,3000,86400,0,0,0
2021-11-16,HEXA,Hexindo Adiperkasa Tbk.,--U-1135000000C141------------,4390.0,0.0,4470.0,4390.0,4450.0,60.0,310100,1376948000,492,1362.3,4450,42000,4440,1300,840000000,840000000,639492000,6200,206200,0,0,0
2021-11-15,HEXA,Hexindo Adiperkasa Tbk.,--U-1135000000C141------------,4380.0,0.0,4420.0,4300.0,4390.0,10.0,381100,1660023000,747,1343.9,4390,50900,4380,3000,840000000,840000000,639492000,12000,186500,0,0,0
2021-11-12,HEXA,Hexindo Adiperkasa Tbk.,--U-1135000000C141------------,4450.0,0.0,4520.0,4350.0,4380.0,-70.0,448200,1978054000,650,1340.8,4390,5600,4380,19400,840000000,840000000,639492000,34900,154800,0,0,0
2021-11-11,HEXA,Hexindo Adiperkasa Tbk.,--U-1135000000C141------------,4510.0,0.0,4550.0,4410.0,4450.0,-60.0,347400,1552188000,597,1362.3,4450,17700,4440,100,840000000,840000000,639492000,23600,94200,0,0,0
2021-11-10,HEXA,Hexindo Adiperkasa Tbk.,--U-1135000000C141------------,4530.0,0.0,4530.0,4460.0,4510.0,-20.0,157600,709716000,345,1380.6,4510,51500,4490,100,840000000,840000000,639492000,8800,29900,0,0,0
2021-11-09,HEXA,Hexindo Adiperkasa Tbk.,--U-1135000000C141------------,4420.0,0.0,4550.0,4420.0,4530.0,110.0,442100,1985762000,627,1386.8,4540,18200,4530,1800,840000000,840000000,639492000,3800,158700,0,0,0
2021-11-08,HEXA,Hexindo Adiperkasa Tbk.,--U-1135000000C141------------,4380.0,0.0,4440.0,4380.0,4420.0,40.0,288600,1271825000,350,1353.1,4420,2500,4400,5000,840000000,840000000,639492000,25500,49900,0,0,0
2021-11-05,HEXA,Hexindo Adiperkasa Tbk.,--U-1135000000C141------------,4430.0,0.0,4430.0,4330.0,4380.0,-50.0,151300,662396000,343,1340.8,4380,400,4370,16700,840000000,840000000,639492000,3200,7900,0,0,0
2021-11-04,HEXA,Hexindo Adiperkasa Tbk.,--U-1135000000C141------------,4430.0,0.0,4480.0,4310.0,4430.0,0.0,580700,2562842000,1008,1356.2,4430,12300,4420,100,840000000,840000000,639492000,82100,210100,0,0,0
2021-11-03,HEXA,Hexindo Adiperkasa Tbk.,--U-1135000000C141------------,4120.0,0.0,4450.0,4110.0,4430.0,310.0,1770300,7591372000,1602,1356.2,4430,18200,4420,100,840000000,840000000,639492000,8800,553100,0,0,0
2021-11-02,HEXA,Hexindo Adiperkasa Tbk.,--U-1135000000C141------------,4120.0,0.0,4200.0,4100.0,4120.0,0.0,155100,640207000,265,1261.3,4120,11200,4110,3800,840000000,840000000,639492000,12200,30000,0,0,0
2021-11-01,HEXA,Hexindo Adiperkasa Tbk.,--U-1135000000C141------------,4050.0,0.0,4200.0,4040.0,4120.0,70.0,571100,2355484000,620,1261.3,4130,4300,4120,3300,840000000,840000000,639492000,262800,132800,0,0,0
2021-10-29,HEXA,Hexindo Adiperkasa Tbk.,--U-1135000000C141------------,4050.0,0.0,4060.0,4000.0,4050.0,0.0,230800,932477000,351,1239.8,4060,7900,4050,3700,840000000,840000000,639492000,27200,47400,0,0,0
2021-10-28,HEXA,Hexindo Adiperkasa Tbk.,XDU-1135000000C141------------,4120.0,0.0,4140.0,4030.0,4050.0,-70.0,306700,1244886000,570,1239.8,4060,4700,4050,24700,840000000,840000000,639492000,74700,49900,0,0,0
2021-10-27,HEXA,Hexindo Adiperkasa Tbk.,XDU-1135000000C141------------,4150.0,0.0,4160.0,4100.0,4120.0,-30.0,160100,660288000,334,1261.3,4120,3800,4110,25200,840000000,840000000,639492000,26000,40900,0,0,0
2021-10-26,HEXA,Hexindo Adiperkasa Tbk.,XDU-1135000000C141------------,4100.0,0.0,4150.0,4100.0,4150.0,50.0,197300,814322000,427,1270.4,4160,5000,4150,400,840000000,840000000,639492000,24000,94000,0,0,0
2021-10-25,HEXA,Hexindo Adiperkasa Tbk.,XDU-1135000000C141------------,4120.0,0.0,4200.0,4100.0,4100.0,-20.0,227500,940355000,467,1255.1,4110,500,4100,2800,840000000,840000000,639492000,30700,69700,0,0,0
2021-10-22,HEXA,Hexindo Adiperkasa Tbk.,XDU-1135000000C141------------,4060.0,0.0,4150.0,4000.0,4120.0,60.0,373900,1515988000,595,1261.3,4130,7200,4110,400,840000000,840000000,639492000,17200,93800,0,0,0
2021-10-21,HEXA,Hexindo Adiperkasa Tbk.,XDU-1135000000C141------------,4200.0,0.0,4210.0,4000.0,4060.0,-140.0,838400,3428937000,1089,1242.9,4070,300,4060,9300,840000000,840000000,639492000,387000,116800,0,0,0
2021-10-19,HEXA,Hexindo Adiperkasa Tbk.,XDU-1135000000C141------------,4160.0,0.0,4290.0,4160.0,4200.0,40.0,382600,1618105000,662,1285.7,4210,200,4200,21900,840000000,840000000,639492000,20000,31200,0,0,0
2021-10-18,HEXA,Hexindo Adiperkasa Tbk.,XDU-1135000000C141------------,4080.0,0.0,4160.0,4080.0,4160.0,80.0,384500,1587185000,574,1273.5,4160,4100,4150,5100,840000000,840000000,639492000,5100,92200,0,0,0
2021-10-15,HEXA,Hexindo Adiperkasa Tbk.,XDU-1135000000C141------------,3960.0,0.0,4080.0,3960.0,4080.0,120.0,596900,2406846000,770,1249.0,4080,13100,4070,7500,840000000,840000000,639492000,7000,158100,0,0,0
2021-10-14,HEXA,Hexindo Adiperkasa Tbk.,XDU-1135000000C141------------,3970.0,0.0,3990.0,3920.0,3960.0,-10.0,427800,1689902000,626,1212.3,3960,3600,3950,11700,840000000,840000000,639492000,51400,65800,0,0,0
2021-10-13,HEXA,Hexindo Adiperkasa Tbk.,XDU-1135000000C141------------,3880.0,0.0,3970.0,3860.0,3970.0,90.0,614000,2416647000,1079,1215.3,3970,14600,3960,21600,840000000,840000000,639492000,6200,250900,0,0,0
2021-10-12,HEXA,Hexindo Adiperkasa Tbk.,XDU-1135000000C141------------,3840.0,0.0,3890.0,3850.0,3880.0,40.0,331900,1284956000,508,1187.8,3880,14200,3870,10700,840000000,840000000,639492000,1700,109700,0,0,0
2021-10-11,HEXA,Hexindo Adiperkasa Tbk.,XDU-1135000000C141------------,3850.0,0.0,3880.0,3840.0,3840.0,-10.0,366600,1413683000,654,1175.5,3850,4600,3840,52000,840000000,840000000,639492000,31000,93800,0,0,0
2021-10-08,HEXA,Hexindo Adiperkasa Tbk.,XDU-1135000000C141------------,3850.0,0.0,3890.0,3830.0,3850.0,0.0,554800,2135646000,759,1178.6,3850,132600,3840,19400,840000000,840000000,639492000,114700,203700,0,0,0
2021-10-07,HEXA,Hexindo Adiperkasa Tbk.,XDU-1135000000C141------------,3890.0,0.0,3900.0,3830.0,3850.0,-40.0,289300,1117919000,580,1178.6,3850,85900,3840,25900,840000000,840000000,639492000,30800,73400,0,0,0
2021-10-06,HEXA,Hexindo Adiperkasa Tbk.,XDU-1135000000C141------------,3860.0,0.0,3910.0,3830.0,3890.0,30.0,722700,2787104000,976,1190.8,3890,7600,3880,29500,840000000,840000000,639492000,88900,223400,0,0,0
2021-10-05,HEXA,Hexindo Adiperkasa Tbk.,XDU-1135000000C141------------,3860.0,0.0,4090.0,3840.0,3860.0,0.0,1365600,5340559000,1599,1181.7,3860,109600,3850,15000,840000000,840000000,639492000,137400,471300,0,0,0
2021-10-04,HEXA,Hexindo Adiperkasa Tbk.,XDU-1135000000C141------------,3750.0,0.0,3890.0,3730.0,3860.0,110.0,1901700,7239394000,1526,1181.7,3870,20100,3860,7100,840000000,840000000,639492000,21000,260400,0,0,0
2021-10-01,HEXA,Hexindo Adiperkasa Tbk.,XDU-1135000000C141------------,3970.0,0.0,4000.0,3700.0,3750.0,-220.0,3506000,13107121000,2719,1148.0,3760,58700,3750,1800,840000000,840000000,639492000,720500,156800,0,0,0
2021-09-30,HEXA,Hexindo Adiperkasa Tbk.,XDU-1135000000C141------------,4260.0,0.0,3970.0,3970.0,3970.0,-290.0,356200,1414114000,349,1215.3,3970,2999900,0,0,840000000,840000000,840000000,0,185600,0,0,0
2021-09-29,HEXA,Hexindo Adiperkasa Tbk.,--U-1135000000C141------------,4570.0,0.0,4260.0,4260.0,4260.0,-310.0,189800,808548000,173,1304.1,4260,6141200,0,0,840000000,840000000,840000000,0,87700,5600,25413000,6
2021-09-28,HEXA,Hexindo Adiperkasa Tbk.,--U-1135000000C141------------,4910.0,0.0,4570.0,4570.0,4570.0,-340.0,75700,345949000,115,1399.0,4570,6832400,0,0,840000000,840000000,840000000,0,1100,0,0,0
2021-09-27,HEXA,Hexindo Adiperkasa Tbk.,CDU-1135000000C141------------,4870.0,0.0,4950.0,4870.0,4910.0,40.0,5103900,25012151000,3037,1503.1,4910,768400,4900,82300,840000000,840000000,840000000,3230300,86100,0,0,0
2021-09-24,HEXA,Hexindo Adiperkasa Tbk.,CDU-1135000000C141------------,4810.0,0.0,4900.0,4680.0,4870.0,60.0,2663800,12751270000,2704,1490.8,4870,126100,4860,12500,840000000,840000000,840000000,986900,61000,0,0,0
2021-09-23,HEXA,Hexindo Adiperkasa Tbk.,CDU-1135000000C141------------,4920.0,0.0,4940.0,4790.0,4810.0,-110.0,2030500,9852923000,2309,1472.5,4810,2400,4800,31300,840000000,840000000,840000000,628600,101500,0,0,0
2021-09-22,HEXA,Hexindo Adiperkasa Tbk.,--U-1135000000C141------------,4960.0,0.0,4960.0,4840.0,4920.0,-40.0,2596900,12792298000,1988,1506.2,4930,24300,4920,1600,840000000,840000000,840000000,1431300,65600,0,0,0
2021-09-21,HEXA,Hexindo Adiperkasa Tbk.,--U-1135000000C141------------,5075.0,0.0,5100.0,4720.0,4960.0,-115.0,2066200,10245098500,2223,1518.4,4960,51000,4950,37600,840000000,840000000,840000000,922700,4400,0,0,0
2021-09-20,HEXA,Hexindo Adiperkasa Tbk.,--U-1135000000C141------------,4570.0,0.0,5325.0,4750.0,5075.0,505.0,4707200,23866554500,3685,1553.6,5075,116400,5050,25800,840000000,840000000,840000000,653200,517600,0,0,0
2021-09-17,HEXA,Hexindo Adiperkasa Tbk.,--U-1135000000C141------------,4090.0,0.0,5025.0,4040.0,4570.0,480.0,5472000,25107758500,4158,1399.0,4570,415900,4560,5800,840000000,840000000,840000000,1599500,342500,0,0,0
2021-09-16,HEXA,Hexindo Adiperkasa Tbk.,--U-1135000000C141------------,3990.0,0.0,4090.0,3990.0,4090.0,100.0,1045800,4212015000,590,1252.1,4100,81200,4090,295100,840000000,840000000,840000000,7100,83200,0,0,0
2021-09-15,HEXA,Hexindo Adiperkasa Tbk.,--U-1135000000C141------------,3960.0,0.0,4020.0,3960.0,3990.0,30.0,599700,2391956000,294,1221.5,3990,149100,3980,15700,840000000,840000000,840000000,1800,101100,0,0,0
2021-09-14,HEXA,Hexindo Adiperkasa Tbk.,--U-1135000000C141------------,4030.0,0.0,4080.0,3940.0,3960.0,-70.0,440100,1754257000,532,1212.3,3980,300,3960,600,840000000,840000000,840000000,3000,2000,0,0,0
2021-09-13,HEXA,Hexindo Adiperkasa Tbk.,--U-1135000000C141------------,4000.0,0.0,4040.0,3970.0,4030.0,30.0,279500,1121244000,316,1233.7,4030,5400,4020,1800,840000000,840000000,840000000,700,0,0,0,0
2021-09-10,HEXA,Hexindo Adiperkasa Tbk.,--U-1135000000C141------------,3930.0,0.0,4020.0,3910.0,4000.0,70.0,437700,1746429000,334,1224.5,4010,16500,4000,7900,840000000,840000000,840000000,5000,600,0,0,0
2021-09-09,HEXA,Hexindo Adiperkasa Tbk.,--U-1135000000C141------------,3880.0,0.0,3930.0,3870.0,3930.0,50.0,189800,741180000,168,1203.1,3940,10500,3930,6900,840000000,840000000,840000000,200,23300,0,0,0
2021-09-08,HEXA,Hexindo Adiperkasa Tbk.,--U-1135000000C141------------,3880.0,0.0,3900.0,3860.0,3880.0,0.0,131300,508810000,171,1187.8,3890,15300,3880,8600,840000000,840000000,840000000,0,5700,0,0,0
2021-09-07,HEXA,Hexindo Adiperkasa Tbk.,--U-1135000000C141------------,3810.0,0.0,3930.0,3810.0,3880.0,70.0,228500,883416000,263,1187.8,3890,5500,3880,200,840000000,840000000,840000000,1000,1800,0,0,0
2021-09-06,HEXA,Hexindo Adiperkasa Tbk.,--U-1135000000C141------------,3740.0,0.0,3810.0,3740.0,3810.0,70.0,283600,1075776000,229,1166.4,3820,25300,3810,145400,840000000,840000000,840000000,11000,20000,0,0,0
2021-09-03,HEXA,Hexindo Adiperkasa Tbk.,--U-1135000000C141------------,3670.0,0.0,3750.0,3700.0,3740.0,70.0,74900,279785000,118,1144.9,3740,40600,3720,4600,840000000,840000000,840000000,600,17400,0,0,0
2021-09-02,HEXA,Hexindo Adiperkasa Tbk.,--U-1135000000C141------------,3700.0,0.0,3700.0,3620.0,3670.0,-30.0,362300,1331446000,222,1123.5,3690,1200,3670,8500,840000000,840000000,840000000,308000,0,0,0,0
2021-09-01,HEXA,Hexindo Adiperkasa Tbk.,--U-1135000000C141------------,3640.0,0.0,3700.0,3650.0,3700.0,60.0,499300,1835996000,235,1132.7,3710,33300,3700,700,840000000,840000000,840000000,302000,221500,0,0,0
2021-08-31,HEXA,Hexindo Adiperkasa Tbk.,--U-1135000000C141------------,3660.0,0.0,3660.0,3620.0,3640.0,-20.0,258900,941414000,143,1114.3,3640,67500,3630,28100,840000000,840000000,840000000,233300,2000,0,0,0
2021-08-30,HEXA,Hexindo Adiperkasa Tbk.,--U-1135000000C141------------,3630.0,0.0,3690.0,3600.0,3660.0,30.0,541600,1973873000,229,1120.4,3660,500,3650,3700,840000000,840000000,840000000,413000,101100,0,0,0
2021-08-27,HEXA,Hexindo Adiperkasa Tbk.,--U-1135000000C141------------,3600.0,0.0,3800.0,3600.0,3630.0,30.0,446200,1627808000,318,1111.2,3630,3700,3620,20600,840000000,840000000,840000000,284000,54900,0,0,0
2021-08-26,HEXA,Hexindo Adiperkasa Tbk.,--U-1135000000C141------------,3590.0,0.0,3620.0,3580.0,3600.0,10.0,267700,965775000,143,1102.1,3600,89300,3590,111300,840000000,840000000,840000000,201500,205400,0,0,0
2021-08-25,HEXA,Hexindo Adiperkasa Tbk.,--U-1135000000C141------------,3590.0,0.0,3590.0,3560.0,3590.0,0.0,96300,344317000,129,1099.0,3590,32800,3580,1000,840000000,840000000,840000000,0,5500,0,0,0
2021-08-24,HEXA,Hexindo Adiperkasa Tbk.,--U-1135000000C141------------,3600.0,0.0,3600.0,3580.0,3590.0,-10.0,81000,290343000,101,1099.0,3590,33200,3580,113100,840000000,840000000,840000000,2500,5400,0,0,0
2021-08-23,HEXA,Hexindo Adiperkasa Tbk.,--U-1135000000C141------------,3600.0,0.0,3600.0,3590.0,3600.0,0.0,74700,268729000,119,1102.1,3600,98300,3590,10700,840000000,840000000,840000000,53300,6600,0,0,0
2021-08-20,HEXA,Hexindo Adiperkasa Tbk.,--U-1135000000C141------------,3590.0,0.0,3600.0,3580.0,3600.0,10.0,64700,232147000,75,1102.1,3600,156400,3590,8100,840000000,840000000,840000000,10900,0,0,0,0
2021-08-19,HEXA,Hexindo Adiperkasa Tbk.,--U-1135000000C141------------,3590.0,0.0,3600.0,3560.0,3590.0,0.0,175100,628746000,155,1099.0,3600,55000,3580,11000,840000000,840000000,840000000,24900,14000,0,0,0
2021-08-18,HEXA,Hexindo Adiperkasa Tbk.,--U-1135000000C141------------,3580.0,0.0,3600.0,3560.0,3590.0,10.0,139800,499768000,181,1099.0,3600,30900,3590,18000,840000000,840000000,840000000,7300,34900,0,0,0
2021-08-16,HEXA,Hexindo Adiperkasa Tbk.,--U-1135000000C141------------,3600.0,0.0,3600.0,3580.0,3580.0,-20.0,173200,621293000,125,1095.9,3590,2000,3580,10700,840000000,840000000,840000000,20600,32800,0,0,0
2021-08-13,HEXA,Hexindo Adiperkasa Tbk.,--U-1135000000C141------------,3620.0,0.0,3620.0,3580.0,3600.0,-20.0,215800,776472000,137,1102.1,3610,42100,3600,8900,840000000,840000000,840000000,144100,17200,0,0,0
2021-08-12,HEXA,Hexindo Adiperkasa Tbk.,--U-1135000000C141------------,3490.0,0.0,3620.0,3500.0,3620.0,130.0,1534600,5510798000,383,1108.2,3620,192300,3600,2900,840000000,840000000,840000000,824400,1001400,0,0,0
2021-08-10,HEXA,Hexindo Adiperkasa Tbk.,--U-1135000000C141------------,3490.0,0.0,3500.0,3480.0,3490.0,0.0,89700,313472000,94,1068.4,3500,95400,3490,50000,840000000,840000000,840000000,25800,50100,0,0,0
2021-08-09,HEXA,Hexindo Adiperkasa Tbk.,--U-1135000000C141------------,3490.0,0.0,3510.0,3470.0,3490.0,0.0,933300,3251781000,314,1068.4,3490,6800,3480,1800,840000000,840000000,840000000,653100,290000,0,0,0
2021-08-06,HEXA,Hexindo Adiperkasa Tbk.,--U-1135000000C141------------,3490.0,0.0,3500.0,3480.0,3490.0,0.0,66000,230309000,103,1068.4,3500,93400,3480,38900,840000000,840000000,840000000,4400,5500,0,0,0
2021-08-05,HEXA,Hexindo Adiperkasa Tbk.,--U-1135000000C141------------,3500.0,0.0,3500.0,3480.0,3490.0,-10.0,103000,359584000,105,1068.4,3500,86900,3490,1500,840000000,840000000,840000000,11900,100,0,0,0
2021-08-04,HEXA,Hexindo Adiperkasa Tbk.,--U-1135000000C141------------,3490.0,0.0,3500.0,3490.0,3500.0,10.0,329100,1148852000,142,1071.5,3500,124600,3490,700,840000000,840000000,840000000,24900,251000,0,0,0
2021-08-03,HEXA,Hexindo Adiperkasa Tbk.,--U-1135000000C141------------,3490.0,0.0,3500.0,3490.0,3490.0,0.0,49200,171783000,61,1068.4,3500,105500,3490,67400,840000000,840000000,840000000,7000,0,0,0,0
2021-08-02,HEXA,Hexindo Adiperkasa Tbk.,--U-1135000000C141------------,3470.0,0.0,3500.0,3480.0,3490.0,20.0,109400,381902000,108,1068.4,3490,16200,3480,18300,840000000,840000000,840000000,13600,500,0,0,0
2021-07-30,HEXA,Hexindo Adiperkasa Tbk.,--U-1135000000C141------------,3500.0,0.0,3500.0,3460.0,3470.0,-30.0,621200,2157848000,318,1062.3,3480,38100,3470,3700,840000000,840000000,840000000,430400,134000,0,0,0
2021-07-29,HEXA,Hexindo Adiperkasa Tbk.,--U-1135000000C141------------,3480.0,0.0,3500.0,3490.0,3500.0,20.0,120100,420024000,85,1071.5,3500,35600,3490,20300,840000000,840000000,840000000,75000,0,0,0,0
2021-07-28,HEXA,Hexindo Adiperkasa Tbk.,--U-1135000000C141------------,3500.0,0.0,3510.0,3480.0,3480.0,-20.0,203600,710427000,122,1065.3,3500,78400,3480,49200,840000000,840000000,840000000,48500,1400,0,0,0
2021-07-27,HEXA,Hexindo Adiperkasa Tbk.,--U-1135000000C141------------,3480.0,0.0,3510.0,3480.0,3500.0,20.0,164500,575075000,112,1071.5,3500,21800,3490,12400,840000000,840000000,840000000,60100,800,0,0,0
2021-07-26,HEXA,Hexindo Adiperkasa Tbk.,--U-1135000000C141------------,3470.0,0.0,3490.0,3460.0,3480.0,10.0,521700,1813835000,209,1065.3,3480,4400,3470,11600,840000000,840000000,840000000,457600,21800,0,0,0
2021-07-23,HEXA,Hexindo Adiperkasa Tbk.,--U-1135000000C141------------,3470.0,0.0,3490.0,3460.0,3470.0,0.0,125900,436642000,179,1062.3,3480,100,3470,21700,840000000,840000000,840000000,25000,0,0,0,0
2021-07-22,HEXA,Hexindo Adiperkasa Tbk.,--U-1135000000C141------------,3470.0,0.0,3510.0,3470.0,3470.0,0.0,282500,983985000,182,1062.3,3470,9900,3460,22700,840000000,840000000,840000000,190300,400,0,0,0
2021-07-21,HEXA,Hexindo Adiperkasa Tbk.,--U-1135000000C141------------,3460.0,0.0,3490.0,3440.0,3470.0,10.0,105600,365508000,191,1062.3,3480,11100,3470,2400,840000000,840000000,840000000,44900,0,0,0,0
2021-07-19,HEXA,Hexindo Adiperkasa Tbk.,--U-1135000000C141------------,3470.0,0.0,3490.0,3460.0,3460.0,-10.0,91600,317553000,198,1059.2,3460,10000,3450,24900,840000000,840000000,840000000,45500,5000,0,0,0
2021-07-16,HEXA,Hexindo Adiperkasa Tbk.,--U-1135000000C141------------,3480.0,0.0,3480.0,3470.0,3470.0,-10.0,76900,267140000,124,1062.3,3480,15100,3460,19800,840000000,840000000,840000000,46200,3500,0,0,0
2021-07-15,HEXA,Hexindo Adiperkasa Tbk.,--U-1135000000C141------------,3480.0,0.0,3490.0,3470.0,3480.0,0.0,40600,141301000,85,1065.3,3480,41200,3470,26600,840000000,840000000,840000000,16900,4600,80,279200,1
2021-07-14,HEXA,Hexindo Adiperkasa Tbk.,--U-1135000000C141------------,3480.0,0.0,3500.0,3470.0,3480.0,0.0,85300,296741000,85,1065.3,3490,200,3480,3400,840000000,840000000,840000000,0,5000,0,0,0
2021-07-13,HEXA,Hexindo Adiperkasa Tbk.,--U-1135000000C141------------,3500.0,0.0,3500.0,3480.0,3480.0,-20.0,95600,333216000,103,1065.3,3500,82200,3480,21400,840000000,840000000,840000000,12500,8600,0,0,0
2021-07-12,HEXA,Hexindo Adiperkasa Tbk.,--U-1135000000C141------------,3500.0,0.0,3500.0,3480.0,3500.0,0.0,68300,238345000,138,1071.5,3500,78700,3490,6100,840000000,840000000,840000000,16800,8200,0,0,0
2021-07-09,HEXA,Hexindo Adiperkasa Tbk.,--U-1135000000C141------------,3500.0,0.0,3510.0,3480.0,3500.0,0.0,119800,418977000,107,1071.5,3500,8600,3490,3600,840000000,840000000,840000000,42100,800,0,0,0
2021-07-08,HEXA,Hexindo Adiperkasa Tbk.,--U-1135000000C141------------,3500.0,0.0,3510.0,3490.0,3500.0,0.0,291200,1019191000,107,1071.5,3500,30400,3490,44000,840000000,840000000,840000000,204400,0,0,0,0
2021-07-07,HEXA,Hexindo Adiperkasa Tbk.,--U-1135000000C141------------,3490.0,0.0,3510.0,3480.0,3500.0,10.0,105900,370388000,110,1071.5,3500,38400,3490,10400,840000000,840000000,840000000,47200,1400,0,0,0
2021-07-06,HEXA,Hexindo Adiperkasa Tbk.,--U-1135000000C141------------,3540.0,0.0,3540.0,3480.0,3490.0,-50.0,347600,1215458000,305,1068.4,3500,24200,3490,11800,840000000,840000000,840000000,52000,2000,0,0,0
2021-07-05,HEXA,Hexindo Adiperkasa Tbk.,--U-1135000000C141------------,3550.0,0.0,3580.0,3500.0,3540.0,-10.0,307100,1077433000,206,1083.7,3540,51300,3500,2600,840000000,840000000,840000000,9800,100,0,0,0
2021-07-02,HEXA,Hexindo Adiperkasa Tbk.,--U-1135000000C141------------,3550.0,0.0,3570.0,3500.0,3550.0,0.0,107300,378671000,124,1086.8,3550,31800,3530,200,840000000,840000000,840000000,1400,1900,0,0,0
2021-07-01,HEXA,Hexindo Adiperkasa Tbk.,--U-1135000000C141------------,3560.0,0.0,3580.0,3540.0,3550.0,-10.0,66900,237825000,72,1086.8,3560,7100,3550,10400,840000000,840000000,840000000,100,0,0,0,0
2021-06-30,HEXA,Hexindo Adiperkasa Tbk.,--U-1135000000C141------------,3560.0,0.0,3560.0,3540.0,3560.0,0.0,33300,117988000,79,1089.8,3570,100,3560,4700,840000000,840000000,840000000,0,0,0,0,0
2021-06-29,HEXA,Hexindo Adiperkasa Tbk.,--U-1135000000C141------------,3570.0,0.0,3580.0,3550.0,3560.0,-10.0,109600,390333000,79,1089.8,3560,1300,3550,5200,840000000,840000000,840000000,1000,0,0,0,0
2021-06-28,HEXA,Hexindo Adiperkasa Tbk.,--U-1135000000C141------------,3570.0,0.0,3600.0,3540.0,3570.0,0.0,65100,232096000,76,1092.9,3570,9100,3560,3200,840000000,840000000,840000000,15800,1000,0,0,0
2021-06-25,HEXA,Hexindo Adiperkasa Tbk.,--U-1135000000C141------------,3540.0,0.0,3600.0,3540.0,3570.0,30.0,113000,405736000,116,1092.9,3570,400,3550,4800,840000000,840000000,840000000,31000,36500,0,0,0
2021-06-24,HEXA,Hexindo Adiperkasa Tbk.,--U-1135000000C141------------,3530.0,0.0,3550.0,3500.0,3540.0,10.0,151300,532112000,102,1083.7,3550,1600,3510,1300,840000000,840000000,840000000,100300,34000,0,0,0
2021-06-23,HEXA,Hexindo Adiperkasa Tbk.,--U-1135000000C141------------,3540.0,0.0,3600.0,3520.0,3530.0,-10.0,130100,463516000,110,1080.6,3590,11500,3540,4700,840000000,840000000,840000000,1300,50000,0,0,0
2021-06-22,HEXA,Hexindo Adiperkasa Tbk.,--U-1135000000C141------------,3530.0,0.0,3590.0,3520.0,3540.0,10.0,76000,268716000,101,1083.7,3580,100,3540,6700,840000000,840000000,840000000,50000,27100,0,0,0
2021-06-21,HEXA,Hexindo Adiperkasa Tbk.,--U-1135000000C141------------,3520.0,0.0,3550.0,3510.0,3530.0,10.0,62800,221936000,107,1080.6,3530,100,3520,9900,840000000,840000000,840000000,500,31600,0,0,0
2021-06-18,HEXA,Hexindo Adiperkasa Tbk.,--U-1135000000C141------------,3570.0,0.0,3590.0,3510.0,3520.0,-50.0,116300,412254000,166,1077.6,3550,9400,3520,8400,840000000,840000000,840000000,0,5000,0,0,0
2021-06-17,HEXA,Hexindo Adiperkasa Tbk.,--U-1135000000C141------------,3570.0,0.0,3580.0,3550.0,3570.0,0.0,69100,246110000,64,1092.9,3580,400,3570,9600,840000000,840000000,840000000,100,6400,0,0,0
2021-06-16,HEXA,Hexindo Adiperkasa Tbk.,--U-1135000000C141------------,3570.0,0.0,3580.0,3560.0,3570.0,0.0,79300,283318000,81,1092.9,3590,8000,3570,4600,840000000,840000000,840000000,700,12500,0,0,0
2021-06-15,HEXA,Hexindo Adiperkasa Tbk.,--U-1135000000C141------------,3580.0,0.0,3580.0,3550.0,3570.0,-10.0,72800,259485000,107,1092.9,3570,26100,3560,20500,840000000,840000000,840000000,0,4900,0,0,0
2021-06-14,HEXA,Hexindo Adiperkasa Tbk.,--U-1135000000C141------------,3590.0,0.0,3600.0,3580.0,3580.0,-10.0,59000,211859000,66,1095.9,3590,6400,3580,26300,840000000,840000000,840000000,10700,19000,0,0,0
2021-06-11,HEXA,Hexindo Adiperkasa Tbk.,--U-1135000000C141------------,3590.0,0.0,3600.0,3590.0,3590.0,0.0,63600,228460000,85,1099.0,3600,36700,3590,700,840000000,840000000,840000000,13600,20000,0,0,0
2021-06-10,HEXA,Hexindo Adiperkasa Tbk.,--U-1135000000C141------------,3570.0,0.0,3620.0,3570.0,3590.0,20.0,339000,1220189000,181,1099.0,3600,10200,3580,28200,840000000,840000000,840000000,104300,95100,0,0,0
2021-06-09,HEXA,Hexindo Adiperkasa Tbk.,--U-1135000000C141------------,3550.0,0.0,3600.0,3550.0,3570.0,20.0,67400,240976000,90,1092.9,3570,10300,3560,13000,840000000,840000000,840000000,4000,0,0,0,0
2021-06-08,HEXA,Hexindo Adiperkasa Tbk.,--U-1135000000C141------------,3550.0,0.0,3600.0,3540.0,3550.0,0.0,79500,284085000,93,1086.8,3550,5400,3540,11000,840000000,840000000,840000000,8900,5500,0,0,0
2021-06-07,HEXA,Hexindo Adiperkasa Tbk.,--U-1135000000C141------------,3530.0,0.0,3560.0,3530.0,3550.0,20.0,105700,374876000,102,1086.8,3560,27300,3550,6300,840000000,840000000,840000000,1000,6300,0,0,0
2021-06-04,HEXA,Hexindo Adiperkasa Tbk.,--U-1135000000C141------------,3550.0,0.0,3570.0,3520.0,3530.0,-20.0,86300,305514000,169,1080.6,3540,300,3530,14800,840000000,840000000,840000000,0,3000,0,0,0
2021-06-03,HEXA,Hexindo Adiperkasa Tbk.,--U-1135000000C141------------,3580.0,0.0,3590.0,3530.0,3550.0,-30.0,220500,783805000,236,1086.8,3570,200,3550,10600,840000000,840000000,840000000,0,300,0,0,0
2021-06-02,HEXA,Hexindo Adiperkasa Tbk.,--U-1135000000C141------------,3590.0,0.0,3650.0,3580.0,3580.0,-10.0,505100,1820070000,242,1095.9,3590,100,3580,15700,840000000,840000000,840000000,358400,127800,0,0,0
2021-05-31,HEXA,Hexindo Adiperkasa Tbk.,--U-1135000000C141------------,3600.0,0.0,3650.0,3580.0,3590.0,-10.0,463400,1670964000,417,1099.0,3590,5500,3580,32900,840000000,840000000,840000000,129100,54000,0,0,0
2021-05-28,HEXA,Hexindo Adiperkasa Tbk.,--U-1135000000C141------------,3590.0,0.0,3690.0,3560.0,3600.0,10.0,257600,930962000,220,1102.1,3610,8900,3600,28100,840000000,840000000,840000000,111100,0,0,0,0
2021-05-27,HEXA,Hexindo Adiperkasa Tbk.,--U-1135000000C141------------,3510.0,0.0,3610.0,3520.0,3590.0,80.0,189300,678117000,147,1099.0,3590,3400,3580,1100,840000000,840000000,840000000,28700,9300,0,0,0
2021-05-25,HEXA,Hexindo Adiperkasa Tbk.,--U-1135000000C141------------,3600.0,0.0,3610.0,3510.0,3510.0,-90.0,160700,572912000,232,1074.5,3570,3400,3510,10100,840000000,840000000,840000000,13100,5700,0,0,0
2021-05-24,HEXA,Hexindo Adiperkasa Tbk.,--U-1135000000C141------------,3510.0,0.0,3600.0,3500.0,3600.0,90.0,326500,1159778000,357,1102.1,3600,33100,3590,2100,840000000,840000000,840000000,200,200,0,0,0
2021-05-22,HEXA,Hexindo Adiperkasa Tbk.,--U-1135000000C141------------,3510.0,0.0,0.0,0.0,3510.0,0.0,0,0,0,1074.5,0,0,0,0,840000000,840000000,840000000,0,0,200,680000,1
2021-05-21,HEXA,Hexindo Adiperkasa Tbk.,--U-1135000000C141------------,3510.0,0.0,3510.0,3500.0,3510.0,0.0,30400,106679000,50,1074.5,3510,8300,3500,22000,840000000,840000000,840000000,0,7500,0,0,0
2021-05-20,HEXA,Hexindo Adiperkasa Tbk.,--U-1135000000C141------------,3500.0,0.0,3510.0,3490.0,3510.0,10.0,42500,148764000,55,1074.5,3510,2700,3500,27000,840000000,840000000,840000000,0,1000,0,0,0
2021-05-19,HEXA,Hexindo Adiperkasa Tbk.,--U-1135000000C141------------,3500.0,0.0,3520.0,3490.0,3500.0,0.0,34700,121247000,58,1071.5,3500,11400,3490,1400,840000000,840000000,840000000,0,14100,0,0,0
2021-05-18,HEXA,Hexindo Adiperkasa Tbk.,--U-1135000000C141------------,3470.0,0.0,3510.0,3460.0,3500.0,30.0,112800,393571000,110,1071.5,3510,1100,3490,1900,840000000,840000000,840000000,0,300,0,0,0
2021-05-17,HEXA,Hexindo Adiperkasa Tbk.,--U-1135000000C141------------,3500.0,0.0,3530.0,3470.0,3470.0,-30.0,106300,371042000,147,1062.3,3480,200,3470,12700,840000000,840000000,840000000,3700,21600,0,0,0
2021-05-11,HEXA,Hexindo Adiperkasa Tbk.,--U-1135000000C141------------,3500.0,0.0,3540.0,3490.0,3500.0,0.0,99300,347723000,121,1071.5,3500,24800,3490,12300,840000000,840000000,840000000,0,1000,0,0,0
2021-05-10,HEXA,Hexindo Adiperkasa Tbk.,--U-1135000000C141------------,3490.0,0.0,3530.0,3470.0,3500.0,10.0,387800,1353749000,159,1071.5,3510,4000,3500,3800,840000000,840000000,840000000,35000,20000,0,0,0
2021-05-07,HEXA,Hexindo Adiperkasa Tbk.,--U-1135000000C141------------,3490.0,0.0,3510.0,3480.0,3490.0,0.0,141500,494079000,147,1068.4,3490,10000,3480,22700,840000000,840000000,840000000,0,10100,0,0,0
2021-05-06,HEXA,Hexindo Adiperkasa Tbk.,--U-1135000000C141------------,3500.0,0.0,3510.0,3490.0,3490.0,-10.0,28400,99498000,53,1068.4,3500,4900,3490,4400,840000000,840000000,840000000,0,9000,0,0,0
2021-05-05,HEXA,Hexindo Adiperkasa Tbk.,--U-1135000000C141------------,3520.0,0.0,3540.0,3500.0,3500.0,-20.0,37200,130428000,69,1071.5,3510,7900,3500,9300,840000000,840000000,840000000,0,7400,0,0,0
2021-05-04,HEXA,Hexindo Adiperkasa Tbk.,--U-1135000000C141------------,3500.0,0.0,3530.0,3490.0,3520.0,20.0,127700,449407000,87,1077.6,3520,71400,3500,4100,840000000,840000000,840000000,0,37900,0,0,0
2021-05-03,HEXA,Hexindo Adiperkasa Tbk.,--U-1135000000C141------------,3510.0,0.0,3530.0,3490.0,3500.0,-10.0,114500,401295000,104,1071.5,3510,2600,3500,10700,840000000,840000000,840000000,1200,3800,0,0,0
2021-04-30,HEXA,Hexindo Adiperkasa Tbk.,--U-1135000000C141------------,3510.0,0.0,3520.0,3500.0,3510.0,0.0,21200,74278000,54,1074.5,3510,3400,3500,400,840000000,840000000,840000000,300,100,0,0,0
2021-04-29,HEXA,Hexindo Adiperkasa Tbk.,--U-1135000000C141------------,3500.0,0.0,3510.0,3460.0,3510.0,10.0,123900,431300000,173,1074.5,3520,6100,3510,1900,840000000,840000000,840000000,700,2200,0,0,0
2021-04-28,HEXA,Hexindo Adiperkasa Tbk.,--U-1135000000C141------------,3500.0,0.0,3520.0,3500.0,3500.0,0.0,32500,113778000,59,1071.5,3510,1900,3500,4600,840000000,840000000,840000000,1200,2600,0,0,0
2021-04-27,HEXA,Hexindo Adiperkasa Tbk.,--U-1135000000C141------------,3500.0,0.0,3520.0,3470.0,3500.0,0.0,57600,201822000,104,1071.5,3510,3700,3500,1100,840000000,840000000,840000000,0,19000,0,0,0
2021-04-26,HEXA,Hexindo Adiperkasa Tbk.,--U-1135000000C141------------,3480.0,0.0,3510.0,3470.0,3500.0,20.0,62900,219609000,103,1071.5,3500,17600,3480,100,840000000,840000000,840000000,1300,2400,0,0,0
2021-04-23,HEXA,Hexindo Adiperkasa Tbk.,--U-1135000000C141------------,3480.0,0.0,3500.0,3470.0,3480.0,0.0,31000,107972000,47,1065.3,3500,19500,3480,12300,840000000,840000000,840000000,5000,0,0,0,0
2021-04-22,HEXA,Hexindo Adiperkasa Tbk.,--U-1135000000C141------------,3470.0,0.0,3500.0,3470.0,3480.0,10.0,52100,181387000,74,1065.3,3500,7000,3480,1300,840000000,840000000,840000000,400,2000,0,0,0
2021-04-21,HEXA,Hexindo Adiperkasa Tbk.,--U-1135000000C141------------,3480.0,0.0,3500.0,3460.0,3470.0,-10.0,75800,263385000,62,1062.3,3500,6700,3480,100,840000000,840000000,840000000,0,0,0,0,0
2021-04-20,HEXA,Hexindo Adiperkasa Tbk.,--U-1135000000C141------------,3490.0,0.0,3520.0,3470.0,3480.0,-10.0,161600,563423000,106,1065.3,3500,100,3480,8100,840000000,840000000,840000000,0,37100,0,0,0
2021-04-19,HEXA,Hexindo Adiperkasa Tbk.,--U-1135000000C141------------,3480.0,0.0,3550.0,3480.0,3490.0,10.0,76100,267046000,81,1068.4,3510,2400,3500,300,840000000,840000000,840000000,0,29000,150000,495000000,1
2021-04-16,HEXA,Hexindo Adiperkasa Tbk.,--U-1135000000C141------------,3480.0,0.0,3530.0,3470.0,3480.0,0.0,81900,285302000,76,1065.3,3490,6400,3480,2600,840000000,840000000,840000000,700,4300,0,0,0
2021-04-15,HEXA,Hexindo Adiperkasa Tbk.,--U-1135000000C141------------,3490.0,0.0,3520.0,3460.0,3480.0,-10.0,43600,151890000,72,1065.3,3500,7600,3480,11100,840000000,840000000,840000000,200,10000,0,0,0
2021-04-14,HEXA,Hexindo Adiperkasa Tbk.,--U-1135000000C141------------,3480.0,0.0,3510.0,3450.0,3490.0,10.0,43500,151177000,94,1068.4,3490,4200,3480,2000,840000000,840000000,840000000,0,2600,0,0,0
2021-04-13,HEXA,Hexindo Adiperkasa Tbk.,--U-1135000000C141------------,3480.0,0.0,3500.0,3430.0,3480.0,0.0,158200,549261000,159,1065.3,3490,1600,3480,4200,840000000,840000000,840000000,0,71300,0,0,0
2021-04-12,HEXA,Hexindo Adiperkasa Tbk.,--U-1135000000C141------------,3540.0,0.0,3550.0,3480.0,3480.0,-60.0,148300,519250000,140,1065.3,3480,26000,3470,19800,840000000,840000000,840000000,100,41500,0,0,0
2021-04-09,HEXA,Hexindo Adiperkasa Tbk.,--U-1135000000C141------------,3530.0,0.0,3580.0,3500.0,3540.0,10.0,110800,390078000,111,1083.7,3540,27500,3510,300,840000000,840000000,840000000,50000,16700,0,0,0
2021-04-08,HEXA,Hexindo Adiperkasa Tbk.,--U-1135000000C141------------,3540.0,0.0,3580.0,3520.0,3530.0,-10.0,162200,574026000,91,1080.6,3550,75700,3520,5900,840000000,840000000,840000000,1000,69600,0,0,0
2021-04-07,HEXA,Hexindo Adiperkasa Tbk.,--U-1135000000C141------------,3540.0,0.0,3590.0,3530.0,3540.0,0.0,30800,109437000,63,1083.7,3540,100,3530,4500,840000000,840000000,840000000,0,0,0,0,0
2021-04-06,HEXA,Hexindo Adiperkasa Tbk.,--U-1135000000C141------------,3500.0,0.0,3550.0,3500.0,3540.0,40.0,80700,284420000,92,1083.7,3550,6100,3540,3600,840000000,840000000,840000000,0,12700,0,0,0
2021-04-05,HEXA,Hexindo Adiperkasa Tbk.,--U-1135000000C141------------,3490.0,0.0,3550.0,3490.0,3500.0,10.0,83200,290997000,79,1071.5,3540,11600,3500,2400,840000000,840000000,840000000,1000,32500,0,0,0
2021-04-01,HEXA,Hexindo Adiperkasa Tbk.,--U-1135000000C141------------,3480.0,0.0,3510.0,3460.0,3490.0,10.0,53700,187661000,82,1068.4,3510,400,3490,300,840000000,840000000,840000000,4200,5300,0,0,0
2021-03-31,HEXA,Hexindo Adiperkasa Tbk.,--M-1135000000C141------------,3530.0,0.0,3530.0,3480.0,3480.0,-50.0,140300,489959000,184,1065.3,3500,18800,3480,31900,840000000,840000000,840000000,600,31100,0,0,0
2021-03-30,HEXA,Hexindo Adiperkasa Tbk.,--M-1135000000C141------------,3520.0,0.0,3600.0,3510.0,3530.0,10.0,46800,166254000,72,1080.6,3540,4300,3520,300,840000000,840000000,840000000,0,0,0,0,0
2021-03-29,HEXA,Hexindo Adiperkasa Tbk.,--M-1135000000C141------------,3530.0,0.0,3610.0,3520.0,3520.0,-10.0,79000,281144000,134,1077.6,3550,1300,3520,3400,840000000,840000000,840000000,200,15500,0,0,0
2021-03-26,HEXA,Hexindo Adiperkasa Tbk.,--M-1135000000C141------------,3510.0,0.0,3530.0,3490.0,3530.0,20.0,39300,137857000,72,1080.6,3530,8300,3500,9600,840000000,840000000,840000000,0,3800,0,0,0
2021-03-25,HEXA,Hexindo Adiperkasa Tbk.,--M-1135000000C141------------,3540.0,0.0,3550.0,3490.0,3510.0,-30.0,107900,378760000,144,1074.5,3530,500,3500,2000,840000000,840000000,840000000,0,11700,0,0,0
2021-03-24,HEXA,Hexindo Adiperkasa Tbk.,--M-1135000000C141------------,3580.0,0.0,3600.0,3540.0,3540.0,-40.0,137300,490335000,118,1083.7,3550,2800,3540,2100,840000000,840000000,840000000,0,25600,0,0,0
2021-03-23,HEXA,Hexindo Adiperkasa Tbk.,--M-1135000000C141------------,3640.0,0.0,3700.0,3580.0,3580.0,-60.0,126900,462276000,161,1095.9,3620,100,3580,6900,840000000,840000000,840000000,100,22700,0,0,0
2021-03-22,HEXA,Hexindo Adiperkasa Tbk.,--M-1135000000C141------------,3510.0,0.0,3740.0,3500.0,3640.0,130.0,553900,2006866000,359,1114.3,3640,2200,3630,200,840000000,840000000,840000000,5300,220300,0,0,0
2021-03-19,HEXA,Hexindo Adiperkasa Tbk.,--M-1135000000C141------------,3500.0,0.0,3510.0,3490.0,3510.0,10.0,69100,241628000,66,1074.5,3510,6700,3490,49000,840000000,840000000,840000000,0,12200,0,0,0
2021-03-18,HEXA,Hexindo Adiperkasa Tbk.,--M-1135000000C141------------,3500.0,0.0,3530.0,3490.0,3500.0,0.0,72900,255190000,69,1071.5,3520,1800,3500,100,840000000,840000000,840000000,0,19400,0,0,0
2021-03-17,HEXA,Hexindo Adiperkasa Tbk.,--M-1135000000C141------------,3480.0,0.0,3510.0,3480.0,3500.0,20.0,77200,269338000,96,1071.5,3510,5100,3500,2300,840000000,840000000,840000000,9500,23900,0,0,0
2021-03-16,HEXA,Hexindo Adiperkasa Tbk.,--M-1135000000C141------------,3500.0,0.0,3520.0,3480.0,3480.0,-20.0,229300,800368000,145,1065.3,3500,7400,3470,8200,840000000,840000000,840000000,0,81700,0,0,0
2021-03-15,HEXA,Hexindo Adiperkasa Tbk.,--M-1135000000C141------------,3500.0,0.0,3520.0,3490.0,3500.0,0.0,337600,1181807000,99,1071.5,3510,5700,3500,21000,840000000,840000000,840000000,0,82500,0,0,0
2021-03-12,HEXA,Hexindo Adiperkasa Tbk.,--M-1135000000C141------------,3500.0,0.0,3510.0,3490.0,3500.0,0.0,118200,413554000,110,1071.5,3500,700,3490,200,840000000,840000000,840000000,1400,17400,0,0,0
2021-03-10,HEXA,Hexindo Adiperkasa Tbk.,--M-1135000000C141------------,3500.0,0.0,3520.0,3460.0,3500.0,0.0,75600,263680000,109,1071.5,3510,7500,3490,100,840000000,840000000,840000000,1800,6000,0,0,0
2021-03-09,HEXA,Hexindo Adiperkasa Tbk.,--M-1135000000C141------------,3510.0,0.0,3550.0,3470.0,3500.0,-10.0,30300,106262000,68,1071.5,3510,11100,3500,100,840000000,840000000,840000000,0,4300,0,0,0
2021-03-08,HEXA,Hexindo Adiperkasa Tbk.,--M-1135000000C141------------,3510.0,0.0,3560.0,3500.0,3510.0,0.0,118500,415193000,112,1074.5,3510,3300,3500,200,840000000,840000000,840000000,600,100,0,0,0
2021-03-05,HEXA,Hexindo Adiperkasa Tbk.,--M-1135000000C141------------,3540.0,0.0,3540.0,3500.0,3510.0,-30.0,44700,157134000,104,1074.5,3510,3600,3500,3800,840000000,840000000,840000000,1500,0,0,0,0
2021-03-04,HEXA,Hexindo Adiperkasa Tbk.,--M-1135000000C141------------,3530.0,0.0,3550.0,3500.0,3540.0,10.0,103400,363798000,109,1083.7,3540,900,3520,1000,840000000,840000000,840000000,700,4300,0,0,0
2021-03-03,HEXA,Hexindo Adiperkasa Tbk.,--M-1135000000C141------------,3530.0,0.0,3550.0,3500.0,3530.0,0.0,53600,188859000,83,1080.6,3540,3800,3510,6600,840000000,840000000,840000000,0,2800,0,0,0
2021-03-02,HEXA,Hexindo Adiperkasa Tbk.,--M-1135000000C141------------,3510.0,0.0,3530.0,3480.0,3530.0,20.0,114000,400033000,144,1080.6,3530,14100,3520,6400,840000000,840000000,840000000,0,5200,0,0,0
2021-03-01,HEXA,Hexindo Adiperkasa Tbk.,--M-1135000000C141------------,3420.0,0.0,3550.0,3420.0,3510.0,90.0,269600,938792000,152,1074.5,3520,5000,3510,8600,840000000,840000000,840000000,600,22000,0,0,0
2021-02-26,HEXA,Hexindo Adiperkasa Tbk.,--U-1135000000C141------------,3430.0,0.0,3470.0,3360.0,3420.0,-10.0,109400,374617000,120,1047.0,3430,900,3420,200,840000000,840000000,840000000,2000,51000,0,0,0
2021-02-25,HEXA,Hexindo Adiperkasa Tbk.,--U-1135000000C141------------,3440.0,0.0,3470.0,3430.0,3430.0,-10.0,100800,348339000,124,1050.0,3430,16200,3420,1400,840000000,840000000,840000000,0,6000,0,0,0
2021-02-24,HEXA,Hexindo Adiperkasa Tbk.,--U-1135000000C141------------,3450.0,0.0,3460.0,3400.0,3440.0,-10.0,254100,875803000,116,1053.1,3450,18700,3440,174500,840000000,840000000,840000000,0,129000,0,0,0
2021-02-23,HEXA,Hexindo Adiperkasa Tbk.,--U-1135000000C141------------,3450.0,0.0,3490.0,3430.0,3450.0,0.0,82400,283960000,92,1056.1,3460,10000,3450,4600,840000000,840000000,840000000,400,100,0,0,0
2021-02-22,HEXA,Hexindo Adiperkasa Tbk.,--U-1135000000C141------------,3440.0,0.0,3480.0,3420.0,3450.0,10.0,139800,482268000,229,1056.1,3450,25100,3440,20700,840000000,840000000,840000000,5400,6900,0,0,0
2021-02-19,HEXA,Hexindo Adiperkasa Tbk.,--U-1135000000C141------------,3410.0,0.0,3440.0,3410.0,3440.0,30.0,97100,332829000,136,1053.1,3440,32000,3420,12200,840000000,840000000,840000000,1800,16800,0,0,0
2021-02-18,HEXA,Hexindo Adiperkasa Tbk.,--U-1135000000C141------------,3400.0,0.0,3420.0,3360.0,3410.0,10.0,185800,632668000,128,1043.9,3420,3100,3410,19300,840000000,840000000,840000000,1400,38500,0,0,0
2021-02-17,HEXA,Hexindo Adiperkasa Tbk.,--U-1135000000C141------------,3400.0,0.0,3450.0,3360.0,3400.0,0.0,144300,490221000,153,1040.8,3410,10700,3400,25800,840000000,840000000,840000000,12300,47600,0,0,0
2021-02-16,HEXA,Hexindo Adiperkasa Tbk.,--U-1135000000C141------------,3390.0,0.0,3450.0,3390.0,3400.0,10.0,401500,1367673000,193,1040.8,3400,1400,3390,35100,840000000,840000000,840000000,175800,6300,0,0,0
2021-02-15,HEXA,Hexindo Adiperkasa Tbk.,--U-1135000000C141------------,3330.0,0.0,3400.0,3320.0,3390.0,60.0,145600,490021000,158,1037.8,3400,13100,3390,41300,840000000,840000000,840000000,11000,9000,0,0,0
2021-02-11,HEXA,Hexindo Adiperkasa Tbk.,--U-1135000000C141------------,3340.0,0.0,3360.0,3320.0,3330.0,-10.0,76600,255881000,110,1019.4,3360,4900,3330,12400,840000000,840000000,840000000,5400,1000,0,0,0
2021-02-10,HEXA,Hexindo Adiperkasa Tbk.,--U-1135000000C141------------,3300.0,0.0,3360.0,3250.0,3340.0,40.0,155200,515935000,139,1022.5,3340,500,3330,500,840000000,840000000,840000000,5300,73000,0,0,0
2021-02-09,HEXA,Hexindo Adiperkasa Tbk.,--U-1135000000C141------------,3300.0,0.0,3350.0,3300.0,3300.0,0.0,172400,571152000,282,1010.2,3300,20800,3290,35200,840000000,840000000,840000000,9500,5700,0,0,0
2021-02-08,HEXA,Hexindo Adiperkasa Tbk.,--U-1135000000C141------------,3280.0,0.0,3310.0,3270.0,3300.0,20.0,183100,603553000,301,1010.2,3300,5000,3290,11900,840000000,840000000,840000000,72000,18300,0,0,0
2021-02-05,HEXA,Hexindo Adiperkasa Tbk.,--U-1135000000C141------------,3250.0,0.0,3310.0,3250.0,3280.0,30.0,914100,2987113000,252,1004.1,3280,13700,3270,33900,840000000,840000000,840000000,750100,371400,0,0,0
2021-02-04,HEXA,Hexindo Adiperkasa Tbk.,--U-1135000000C141------------,3250.0,0.0,3330.0,3250.0,3250.0,0.0,1129700,3682921000,314,994.9,3270,10100,3250,27300,840000000,840000000,840000000,1069900,368200,0,0,0
2021-02-03,HEXA,Hexindo Adiperkasa Tbk.,--U-1135000000C141------------,3240.0,0.0,3340.0,3250.0,3250.0,10.0,465500,1518999000,299,994.9,3250,3600,3240,48700,840000000,840000000,840000000,385900,1500,0,0,0
2021-02-02,HEXA,Hexindo Adiperkasa Tbk.,--U-1135000000C141------------,3250.0,0.0,3320.0,3230.0,3240.0,-10.0,968200,3153456000,382,991.9,3270,1900,3240,10000,840000000,840000000,840000000,808800,636700,0,0,0
2021-02-01,HEXA,Hexindo Adiperkasa Tbk.,--U-1135000000C141------------,3270.0,0.0,3290.0,3240.0,3250.0,-20.0,751400,2443938000,444,994.9,3250,58000,3240,41900,840000000,840000000,840000000,623600,1700,0,0,0
2021-01-29,HEXA,Hexindo Adiperkasa Tbk.,--U-1135000000C141------------,3350.0,0.0,3350.0,3240.0,3270.0,-80.0,650600,2126201000,437,1001.0,3270,192800,3260,5000,840000000,840000000,840000000,451200,353300,0,0,0
2021-01-28,HEXA,Hexindo Adiperkasa Tbk.,--U-1135000000C141------------,3350.0,0.0,3400.0,3340.0,3350.0,0.0,971900,3274266000,210,1025.5,3350,22400,3340,18900,840000000,840000000,840000000,504400,821500,0,0,0
2021-01-27,HEXA,Hexindo Adiperkasa Tbk.,--U-1135000000C141------------,3400.0,0.0,3440.0,3340.0,3350.0,-50.0,1872000,6309443000,260,1025.5,3390,14800,3360,400,840000000,840000000,840000000,1046700,1675500,0,0,0
2021-01-26,HEXA,Hexindo Adiperkasa Tbk.,--U-1135000000C141------------,3490.0,0.0,3510.0,3400.0,3400.0,-90.0,224700,774072000,251,1040.8,3400,1000,3390,5100,840000000,840000000,840000000,55800,4900,0,0,0
2021-01-25,HEXA,Hexindo Adiperkasa Tbk.,--U-1135000000C141------------,3510.0,0.0,3540.0,3470.0,3490.0,-20.0,482000,1683843000,223,1068.4,3500,2000,3480,10500,840000000,840000000,840000000,334500,5600,0,0,0
2021-01-22,HEXA,Hexindo Adiperkasa Tbk.,--U-113500000091--------------,3590.0,0.0,3620.0,3510.0,3510.0,-80.0,582200,2074512000,264,1074.5,3510,484100,3500,67400,840000000,840000000,840000000,0,254100,0,0,0
2021-01-21,HEXA,Hexindo Adiperkasa Tbk.,--U-113500000091--------------,3530.0,0.0,3610.0,3540.0,3590.0,60.0,143500,514003000,183,1099.0,3590,10200,3580,1600,840000000,840000000,840000000,600,50100,0,0,0
2021-01-20,HEXA,Hexindo Adiperkasa Tbk.,--U-113500000091--------------,3520.0,0.0,3550.0,3470.0,3530.0,10.0,178200,626732000,160,1080.6,3560,3800,3530,2900,840000000,840000000,840000000,14000,3800,0,0,0
2021-01-19,HEXA,Hexindo Adiperkasa Tbk.,--U-113500000091--------------,3570.0,0.0,3600.0,3500.0,3520.0,-50.0,251300,887070000,280,1077.6,3570,9700,3510,1100,840000000,840000000,840000000,1200,7600,0,0,0
2021-01-18,HEXA,Hexindo Adiperkasa Tbk.,--U-113500000091--------------,3590.0,0.0,3610.0,3510.0,3570.0,-20.0,170200,607199000,204,1092.9,3590,1800,3570,11900,840000000,840000000,840000000,1800,0,0,0,0
2021-01-15,HEXA,Hexindo Adiperkasa Tbk.,--U-113500000091--------------,3620.0,0.0,3650.0,3560.0,3590.0,-30.0,226000,810531000,246,1099.0,3600,9900,3590,3400,840000000,840000000,840000000,900,5500,0,0,0
2021-01-14,HEXA,Hexindo Adiperkasa Tbk.,--U-113500000091--------------,3600.0,0.0,3650.0,3600.0,3620.0,20.0,176300,637937000,223,1108.2,3630,10800,3620,200,840000000,840000000,840000000,8700,83400,0,0,0
2021-01-13,HEXA,Hexindo Adiperkasa Tbk.,--U-113500000091--------------,3590.0,0.0,3650.0,3580.0,3600.0,10.0,455400,1649579000,350,1102.1,3610,100,3600,1000,840000000,840000000,840000000,74200,1000,0,0,0
2021-01-12,HEXA,Hexindo Adiperkasa Tbk.,--U-113500000091--------------,3470.0,0.0,3700.0,3490.0,3590.0,120.0,672800,2388264000,459,1099.0,3600,100,3590,5300,840000000,840000000,840000000,83300,17100,0,0,0
2021-01-11,HEXA,Hexindo Adiperkasa Tbk.,--U-113500000091--------------,3430.0,0.0,3510.0,3430.0,3470.0,40.0,646500,2243795000,363,1062.3,3480,15000,3470,181900,840000000,840000000,840000000,58500,10500,0,0,0
2021-01-08,HEXA,Hexindo Adiperkasa Tbk.,--U-113500000091--------------,3400.0,0.0,3450.0,3400.0,3430.0,30.0,174500,598558000,178,1050.0,3440,1900,3430,27400,840000000,840000000,840000000,200,0,0,0,0
2021-01-07,HEXA,Hexindo Adiperkasa Tbk.,--U-113500000091--------------,3360.0,0.0,3410.0,3340.0,3400.0,40.0,179600,607635000,140,1040.8,3410,19700,3390,5900,840000000,840000000,840000000,21000,5500,0,0,0
2021-01-06,HEXA,Hexindo Adiperkasa Tbk.,--U-113500000091--------------,3380.0,0.0,3410.0,3330.0,3360.0,-20.0,230500,777865000,283,1028.6,3360,24400,3350,9800,840000000,840000000,840000000,0,2000,0,0,0
2021-01-05,HEXA,Hexindo Adiperkasa Tbk.,--U-113500000091--------------,3360.0,0.0,3390.0,3350.0,3380.0,20.0,219400,740131000,168,1034.7,3390,5100,3380,1000,840000000,840000000,840000000,0,19700,0,0,0
2021-01-04,HEXA,Hexindo Adiperkasa Tbk.,--U-113500000091--------------,3290.0,0.0,3360.0,3290.0,3360.0,70.0,264200,880184000,180,1028.6,3370,11000,3360,43400,840000000,840000000,840000000,0,10700,0,0,0
2020-12-30,HEXA,Hexindo Adiperkasa Tbk.,--U-113500000091--------------,3310.0,0.0,3360.0,3290.0,3290.0,-20.0,407700,1346918000,314,1007.2,3310,1200,3290,47000,840000000,840000000,840000000,135700,109000,0,0,0
2020-12-29,HEXA,Hexindo Adiperkasa Tbk.,--U-113500000091--------------,3330.0,0.0,3370.0,3310.0,3310.0,-20.0,239400,798403000,251,1013.3,3340,14200,3310,16100,840000000,840000000,840000000,98100,41000,0,0,0
2020-12-28,HEXA,Hexindo Adiperkasa Tbk.,--U-113500000091--------------,3300.0,0.0,3360.0,3310.0,3330.0,30.0,185400,619583000,207,1019.4,3350,1700,3330,17200,840000000,840000000,840000000,92100,31500,0,0,0
2020-12-23,HEXA,Hexindo Adiperkasa Tbk.,--U-113500000091--------------,3320.0,0.0,3350.0,3180.0,3300.0,-20.0,332600,1089447000,357,1010.2,3300,11000,3290,13000,840000000,840000000,840000000,117500,500,0,0,0
2020-12-22,HEXA,Hexindo Adiperkasa Tbk.,--U-113500000091--------------,3400.0,0.0,3410.0,3320.0,3320.0,-80.0,270100,905015000,370,1016.3,3320,81500,3310,18800,840000000,840000000,840000000,84300,2300,0,0,0
2020-12-21,HEXA,Hexindo Adiperkasa Tbk.,--U-113500000091--------------,3390.0,0.0,3440.0,3360.0,3400.0,10.0,369600,1255432000,331,1040.8,3420,77400,3400,19000,840000000,840000000,840000000,137300,1500,0,0,0
2020-12-18,HEXA,Hexindo Adiperkasa Tbk.,--U-113500000091--------------,3460.0,0.0,3460.0,3390.0,3390.0,-70.0,468800,1597295000,399,1037.8,3400,50000,3390,45000,840000000,840000000,840000000,212400,20200,0,0,0
2020-12-17,HEXA,Hexindo Adiperkasa Tbk.,--U-113500000091--------------,3500.0,0.0,3530.0,3460.0,3460.0,-40.0,416600,1451448000,261,1059.2,3490,10000,3460,6600,840000000,840000000,840000000,211500,208800,0,0,0
2020-12-16,HEXA,Hexindo Adiperkasa Tbk.,--U-113500000091--------------,3480.0,0.0,3510.0,3480.0,3500.0,20.0,830600,2905801000,281,1071.5,3500,39600,3490,5100,840000000,840000000,840000000,502100,605100,0,0,0
2020-12-15,HEXA,Hexindo Adiperkasa Tbk.,--U-113500000091--------------,3470.0,0.0,3500.0,3450.0,3480.0,10.0,568400,1979282000,186,1065.3,3490,10400,3480,129200,840000000,840000000,840000000,0,287200,0,0,0
2020-12-14,HEXA,Hexindo Adiperkasa Tbk.,--U-113500000091--------------,3490.0,0.0,3540.0,3450.0,3470.0,-20.0,269900,936976000,268,1062.3,3470,1100,3460,29900,840000000,840000000,840000000,5000,34900,0,0,0
2020-12-11,HEXA,Hexindo Adiperkasa Tbk.,--U-113500000091--------------,3440.0,0.0,3540.0,3440.0,3490.0,50.0,364100,1269847000,265,1068.4,3500,500,3490,100000,840000000,840000000,840000000,0,271300,20,69800,1
2020-12-10,HEXA,Hexindo Adiperkasa Tbk.,--U-113500000091--------------,3540.0,0.0,3560.0,3380.0,3440.0,-100.0,561400,1934322000,412,1053.1,3440,2500,3430,10800,840000000,840000000,840000000,500,11500,0,0,0
2020-12-08,HEXA,Hexindo Adiperkasa Tbk.,--U-113500000091--------------,3500.0,0.0,3580.0,3500.0,3540.0,40.0,300000,1062827000,224,1083.7,3550,2500,3540,1600,840000000,840000000,840000000,0,0,0,0,0
2020-12-07,HEXA,Hexindo Adiperkasa Tbk.,--U-113500000091--------------,3460.0,0.0,3540.0,3460.0,3500.0,40.0,361100,1261084000,271,1071.5,3530,3100,3490,9900,840000000,840000000,840000000,0,5300,0,0,0
2020-12-04,HEXA,Hexindo Adiperkasa Tbk.,--U-113500000091--------------,3410.0,0.0,3470.0,3410.0,3460.0,50.0,308700,1066518000,247,1059.2,3460,100,3440,3300,840000000,840000000,840000000,0,5000,0,0,0
2020-12-03,HEXA,Hexindo Adiperkasa Tbk.,--U-113500000091--------------,3380.0,0.0,3420.0,3370.0,3410.0,30.0,333000,1131164000,194,1043.9,3410,15700,3400,800,840000000,840000000,840000000,0,3500,0,0,0
2020-12-02,HEXA,Hexindo Adiperkasa Tbk.,--U-113500000091--------------,3360.0,0.0,3390.0,3340.0,3380.0,20.0,161500,542444000,165,1034.7,3390,16600,3380,2600,840000000,840000000,840000000,700,100,0,0,0
2020-12-01,HEXA,Hexindo Adiperkasa Tbk.,--U-113500000091--------------,3330.0,0.0,3400.0,3320.0,3360.0,30.0,208600,698565000,240,1028.6,3360,49800,3350,4000,840000000,840000000,840000000,0,0,0,0,0
2020-11-30,HEXA,Hexindo Adiperkasa Tbk.,--U-113500000091--------------,3340.0,0.0,3380.0,3300.0,3330.0,-10.0,2088400,6962075000,644,1019.4,3340,8600,3330,231100,840000000,840000000,840000000,1371700,1769000,0,0,0
2020-11-27,HEXA,Hexindo Adiperkasa Tbk.,--U-113500000091--------------,3260.0,0.0,3350.0,3260.0,3340.0,80.0,2368600,7899319000,483,1022.5,3340,571700,3330,14000,840000000,840000000,840000000,1987000,2083200,0,0,0
2020-11-26,HEXA,Hexindo Adiperkasa Tbk.,--U-113500000091--------------,3250.0,0.0,3280.0,3240.0,3260.0,10.0,226000,736465000,234,998.0,3260,40000,3250,25400,840000000,840000000,840000000,50800,3000,0,0,0
2020-11-25,HEXA,Hexindo Adiperkasa Tbk.,--U-113500000091--------------,3250.0,0.0,3320.0,3250.0,3250.0,0.0,548800,1798247000,436,994.9,3250,16600,3240,13500,840000000,840000000,840000000,75900,45800,0,0,0
2020-11-24,HEXA,Hexindo Adiperkasa Tbk.,--U-113500000091--------------,3250.0,0.0,3290.0,3240.0,3250.0,0.0,440000,1434796000,323,994.9,3250,1100,3240,20600,840000000,840000000,840000000,232900,700,0,0,0
2020-11-23,HEXA,Hexindo Adiperkasa Tbk.,--U-113500000091--------------,3220.0,0.0,3300.0,3220.0,3250.0,30.0,760100,2479084000,489,994.9,3270,40000,3250,11600,840000000,840000000,840000000,263400,100,0,0,0
2020-11-20,HEXA,Hexindo Adiperkasa Tbk.,--U-113500000091--------------,3140.0,0.0,3300.0,3150.0,3220.0,80.0,969900,3144819000,782,985.7,3230,400,3220,9300,840000000,840000000,840000000,194800,100,0,0,0
2020-11-19,HEXA,Hexindo Adiperkasa Tbk.,--U-113500000091--------------,3040.0,0.0,3170.0,3040.0,3140.0,100.0,353000,1094849000,429,961.2,3140,55500,3130,1000,840000000,840000000,840000000,77400,1000,0,0,0
2020-11-18,HEXA,Hexindo Adiperkasa Tbk.,--U-113500000091--------------,3030.0,0.0,3050.0,3020.0,3040.0,10.0,99300,301536000,205,930.6,3040,13700,3030,14800,840000000,840000000,840000000,27100,4000,0,0,0
2020-11-17,HEXA,Hexindo Adiperkasa Tbk.,--U-113500000091--------------,3000.0,0.0,3040.0,3000.0,3030.0,30.0,273900,828263000,345,927.6,3030,52400,3010,28100,840000000,840000000,840000000,40900,100,0,0,0
2020-11-16,HEXA,Hexindo Adiperkasa Tbk.,--U-113500000091--------------,2980.0,0.0,3000.0,2970.0,3000.0,20.0,229800,686190000,194,918.4,3000,19900,2990,18400,840000000,840000000,840000000,4400,1500,0,0,0
2020-11-13,HEXA,Hexindo Adiperkasa Tbk.,--U-113500000091--------------,2970.0,0.0,2990.0,2970.0,2980.0,10.0,131300,390614000,173,912.3,2980,13600,2970,3100,840000000,840000000,840000000,36400,100,0,0,0
2020-11-12,HEXA,Hexindo Adiperkasa Tbk.,--U-113500000091--------------,2980.0,0.0,3000.0,2970.0,2970.0,-10.0,146600,436635000,184,909.2,2980,3000,2970,10100,840000000,840000000,840000000,0,1300,0,0,0
2020-11-11,HEXA,Hexindo Adiperkasa Tbk.,--U-113500000091--------------,2970.0,0.0,3010.0,2950.0,2980.0,10.0,579900,1727703000,373,912.3,2980,2000,2970,29300,840000000,840000000,840000000,132600,35700,0,0,0
2020-11-10,HEXA,Hexindo Adiperkasa Tbk.,--U-113500000091--------------,2970.0,0.0,2990.0,2940.0,2970.0,0.0,331200,981893000,347,909.2,2980,18700,2970,11100,840000000,840000000,840000000,166500,6300,0,0,0
2020-11-09,HEXA,Hexindo Adiperkasa Tbk.,--U-113500000091--------------,2960.0,0.0,3010.0,2960.0,2970.0,10.0,288700,860240000,304,909.2,2980,13000,2970,8600,840000000,840000000,840000000,115400,5100,0,0,0
2020-11-06,HEXA,Hexindo Adiperkasa Tbk.,--U-113500000091--------------,2950.0,0.0,2970.0,2930.0,2960.0,10.0,402300,1188018000,401,906.1,2960,19000,2950,77000,840000000,840000000,840000000,92400,107100,0,0,0
2020-11-05,HEXA,Hexindo Adiperkasa Tbk.,--U-113500000091--------------,2970.0,0.0,3000.0,2930.0,2950.0,-20.0,379100,1119906000,506,903.1,2950,6300,2940,28800,840000000,840000000,840000000,59500,19400,0,0,0
2020-11-04,HEXA,Hexindo Adiperkasa Tbk.,--U-113500000091--------------,2980.0,0.0,3000.0,2970.0,2970.0,-10.0,96600,288308000,177,909.2,2970,7400,2960,7700,840000000,840000000,840000000,16000,3000,0,0,0
2020-11-03,HEXA,Hexindo Adiperkasa Tbk.,XDU-113500000091--------------,3000.0,0.0,3020.0,2950.0,2980.0,-20.0,266400,794089000,406,912.3,2980,3100,2970,1600,840000000,840000000,840000000,37600,4100,0,0,0
2020-11-02,HEXA,Hexindo Adiperkasa Tbk.,XDU-113500000091--------------,3040.0,0.0,3070.0,2980.0,3000.0,-40.0,329700,991048000,414,918.4,3000,40000,2990,12700,840000000,840000000,840000000,0,14100,0,0,0
2020-10-27,HEXA,Hexindo Adiperkasa Tbk.,XDU-113500000091--------------,3070.0,0.0,3080.0,3040.0,3040.0,-30.0,261200,798954000,306,930.6,3070,19100,3040,16300,840000000,840000000,840000000,0,23100,0,0,0
2020-10-26,HEXA,Hexindo Adiperkasa Tbk.,XDU-113500000091--------------,3070.0,0.0,3090.0,3050.0,3070.0,0.0,147700,453088000,213,939.8,3070,8000,3060,3100,840000000,840000000,840000000,1000,4300,0,0,0
2020-10-23,HEXA,Hexindo Adiperkasa Tbk.,XDU-113500000091--------------,3080.0,0.0,3090.0,3060.0,3070.0,-10.0,89900,276327000,169,939.8,3080,15600,3070,30000,840000000,840000000,840000000,0,0,0,0,0
2020-10-22,HEXA,Hexindo Adiperkasa Tbk.,XDU-113500000091--------------,3080.0,0.0,3120.0,3050.0,3080.0,0.0,137700,424758000,234,942.9,3080,1000,3070,9000,840000000,840000000,840000000,0,0,0,0,0
2020-10-21,HEXA,Hexindo Adiperkasa Tbk.,XDU-113500000091--------------,3090.0,0.0,3100.0,3070.0,3080.0,-10.0,95300,293634000,183,942.9,3080,1000,3070,8400,840000000,840000000,840000000,100,0,0,0,0
2020-10-20,HEXA,Hexindo Adiperkasa Tbk.,XDU-113500000091--------------,3080.0,0.0,3110.0,3070.0,3090.0,10.0,101300,313000000,168,945.9,3100,9300,3090,5000,840000000,840000000,840000000,0,1200,0,0,0
2020-10-19,HEXA,Hexindo Adiperkasa Tbk.,XDU-113500000091--------------,3080.0,0.0,3120.0,3050.0,3080.0,0.0,124200,382179000,214,942.9,3090,6000,3080,1400,840000000,840000000,840000000,1700,0,0,0,0
2020-10-16,HEXA,Hexindo Adiperkasa Tbk.,XDU-113500000091--------------,3080.0,0.0,3120.0,3050.0,3080.0,0.0,132600,408061000,261,942.9,3100,5800,3080,17500,840000000,840000000,840000000,11900,2000,0,0,0
2020-10-15,HEXA,Hexindo Adiperkasa Tbk.,XDU-113500000091--------------,3120.0,0.0,3150.0,3080.0,3080.0,-40.0,283800,878711000,348,942.9,3090,2500,3080,24400,840000000,840000000,840000000,104500,1000,0,0,0
2020-10-14,HEXA,Hexindo Adiperkasa Tbk.,XDU-113500000091--------------,3150.0,0.0,3160.0,3100.0,3120.0,-30.0,405100,1262279000,377,955.1,3130,18900,3120,10000,840000000,840000000,840000000,52600,100000,0,0,0
2020-10-13,HEXA,Hexindo Adiperkasa Tbk.,XDU-113500000091--------------,3150.0,0.0,3190.0,3130.0,3150.0,0.0,188400,593481000,329,964.3,3160,1900,3150,2700,840000000,840000000,840000000,1400,3000,0,0,0
2020-10-12,HEXA,Hexindo Adiperkasa Tbk.,XDU-113500000091--------------,3070.0,0.0,3150.0,3070.0,3150.0,80.0,348800,1085108000,377,964.3,3150,14000,3140,4000,840000000,840000000,840000000,300,1300,0,0,0
2020-10-09,HEXA,Hexindo Adiperkasa Tbk.,XDU-113500000091--------------,3000.0,0.0,3090.0,3000.0,3070.0,70.0,279100,851907000,295,939.8,3070,1500,3060,6800,840000000,840000000,840000000,900,0,0,0,0
2020-10-08,HEXA,Hexindo Adiperkasa Tbk.,XDU-113500000091--------------,2970.0,0.0,3000.0,2960.0,3000.0,30.0,210900,629677000,207,918.4,3000,70400,2990,1400,840000000,840000000,840000000,5200,500,0,0,0
2020-10-07,HEXA,Hexindo Adiperkasa Tbk.,XDU-113500000091--------------,2980.0,0.0,2990.0,2960.0,2970.0,-10.0,169800,504995000,204,909.2,2980,11000,2970,6500,840000000,840000000,840000000,600,2300,0,0,0
2020-10-06,HEXA,Hexindo Adiperkasa Tbk.,XDU-113500000091--------------,2950.0,0.0,2990.0,2960.0,2980.0,30.0,231900,691395000,277,912.3,2980,1900,2970,16500,840000000,840000000,840000000,0,62500,0,0,0
2020-10-05,HEXA,Hexindo Adiperkasa Tbk.,XDU-113500000091--------------,2940.0,0.0,2980.0,2930.0,2950.0,10.0,331400,977437000,402,903.1,2960,200,2950,1400,840000000,840000000,840000000,0,10500,0,0,0
2020-10-02,HEXA,Hexindo Adiperkasa Tbk.,XDU-113500000091--------------,3010.0,0.0,3060.0,2910.0,2940.0,-70.0,877800,2610725000,918,900.0,2950,1400,2940,8100,840000000,840000000,840000000,164400,205700,0,0,0
2020-10-01,HEXA,Hexindo Adiperkasa Tbk.,XDU-113500000091--------------,3120.0,0.0,3090.0,2910.0,3010.0,-110.0,1177500,3525069000,1116,921.4,3010,4000,3000,43000,840000000,840000000,840000000,70600,119300,0,0,0
2020-09-30,HEXA,Hexindo Adiperkasa Tbk.,--U-113500000091--------------,3350.0,0.0,3120.0,3120.0,3120.0,-230.0,150300,468936000,160,955.1,3120,1057400,0,0,840000000,840000000,840000000,0,1000,44500,149123000,13
2020-09-29,HEXA,Hexindo Adiperkasa Tbk.,--U-113500000091--------------,3600.0,0.0,3350.0,3350.0,3350.0,-250.0,100300,336005000,159,1025.5,3350,3422900,0,0,840000000,840000000,840000000,0,6100,200,692000,2
2020-09-28,HEXA,Hexindo Adiperkasa Tbk.,CDU-113500000091--------------,3610.0,0.0,3740.0,3600.0,3600.0,-10.0,2698400,9807800000,1921,1102.1,3600,19500,3590,22900,840000000,840000000,840000000,50000,41000,0,0,0
2020-09-25,HEXA,Hexindo Adiperkasa Tbk.,CDU-113500000091--------------,3580.0,0.0,3650.0,3520.0,3610.0,30.0,1508900,5419808000,1215,1105.1,3620,9400,3610,33500,840000000,840000000,840000000,483100,10000,0,0,0
2020-09-24,HEXA,Hexindo Adiperkasa Tbk.,CDU-113500000091--------------,3700.0,0.0,3710.0,3560.0,3580.0,-120.0,1641200,5949156000,1526,1095.9,3590,13400,3580,4300,840000000,840000000,840000000,580300,248900,0,0,0
2020-09-23,HEXA,Hexindo Adiperkasa Tbk.,CDU-113500000091--------------,3820.0,0.0,3900.0,3670.0,3700.0,-120.0,1726200,6449507000,1964,1132.7,3710,30600,3700,17400,840000000,840000000,840000000,186400,11900,0,0,0
2020-09-22,HEXA,Hexindo Adiperkasa Tbk.,--U-113500000091--------------,3860.0,0.0,3860.0,3780.0,3820.0,-40.0,985700,3763879000,1036,1169.4,3820,11100,3810,1600,840000000,840000000,840000000,263900,3700,0,0,0
2020-09-21,HEXA,Hexindo Adiperkasa Tbk.,--U-113500000091--------------,3700.0,0.0,4140.0,3780.0,3860.0,160.0,4008000,15717814000,3219,1181.7,3870,10300,3860,2500,840000000,840000000,840000000,51800,0,4500,16380000,1
2020-09-18,HEXA,Hexindo Adiperkasa Tbk.,--U-113500000091--------------,3450.0,0.0,3740.0,3460.0,3700.0,250.0,3099900,11241829000,1962,1132.7,3710,27100,3700,83600,840000000,840000000,840000000,1021600,0,0,0,0
2020-09-17,HEXA,Hexindo Adiperkasa Tbk.,--U-113500000091--------------,3450.0,0.0,3500.0,3430.0,3450.0,0.0,558200,1930027000,468,1056.1,3450,374900,3440,9000,840000000,840000000,840000000,149800,4000,0,0,0
2020-09-16,HEXA,Hexindo Adiperkasa Tbk.,--U-113500000091--------------,3580.0,0.0,3650.0,3410.0,3450.0,-130.0,413700,1462690000,385,1056.1,3540,1500,3450,68600,840000000,840000000,840000000,172900,1600,0,0,0
2020-09-15,HEXA,Hexindo Adiperkasa Tbk.,--U-113500000091--------------,3650.0,0.0,3740.0,3560.0,3580.0,-70.0,1201600,4313008000,551,1095.9,3600,900,3580,300,840000000,840000000,840000000,500500,775100,0,0,0
2020-09-14,HEXA,Hexindo Adiperkasa Tbk.,--U-113500000091--------------,3440.0,0.0,3680.0,3450.0,3650.0,210.0,313000,1124929000,256,1117.4,3650,8400,3640,100,840000000,840000000,840000000,0,27600,0,0,0
2020-09-11,HEXA,Hexindo Adiperkasa Tbk.,--U-113500000091--------------,3440.0,0.0,3500.0,3440.0,3440.0,0.0,1545500,5352827000,484,1053.1,3460,8500,3440,43600,840000000,840000000,840000000,1318900,1005400,0,0,0
2020-09-10,HEXA,Hexindo Adiperkasa Tbk.,--U-113500000091--------------,3580.0,0.0,3580.0,3430.0,3440.0,-140.0,1518200,5235883000,409,1053.1,3450,15000,3440,169000,840000000,840000000,840000000,54700,1186300,0,0,0
2020-09-09,HEXA,Hexindo Adiperkasa Tbk.,--U-113500000091--------------,3580.0,0.0,3620.0,3570.0,3580.0,0.0,567300,2031848000,191,1095.9,3580,140300,3570,151600,840000000,840000000,840000000,142700,347300,0,0,0
2020-09-08,HEXA,Hexindo Adiperkasa Tbk.,--U-113500000091--------------,3590.0,0.0,3640.0,3580.0,3580.0,-10.0,276900,991983000,106,1095.9,3620,200,3580,277500,840000000,840000000,840000000,250000,222700,0,0,0
2020-09-07,HEXA,Hexindo Adiperkasa Tbk.,--U-113500000091--------------,3590.0,0.0,3600.0,3580.0,3590.0,0.0,94900,340788000,78,1099.0,3590,19900,3580,15500,840000000,840000000,840000000,10000,6000,0,0,0
2020-09-04,HEXA,Hexindo Adiperkasa Tbk.,--U-113500000091--------------,3590.0,0.0,3600.0,3520.0,3590.0,0.0,80200,285939000,96,1099.0,3590,542600,3580,2600,840000000,840000000,840000000,10900,0,0,0,0
2020-09-03,HEXA,Hexindo Adiperkasa Tbk.,--U-113500000091--------------,3610.0,0.0,3680.0,3580.0,3590.0,-20.0,172800,620999000,167,1099.0,3590,240800,3580,20000,840000000,840000000,840000000,79700,1500,0,0,0
2020-09-02,HEXA,Hexindo Adiperkasa Tbk.,--U-113500000091--------------,3600.0,0.0,3690.0,3600.0,3610.0,10.0,305800,1108749000,185,1105.1,3610,30400,3600,22700,840000000,840000000,840000000,162200,4000,0,0,0
2020-09-01,HEXA,Hexindo Adiperkasa Tbk.,--U-113500000091--------------,3580.0,0.0,3680.0,3580.0,3600.0,20.0,118300,426940000,138,1102.1,3600,147800,3590,11000,840000000,840000000,840000000,50400,6000,0,0,0
2020-08-31,HEXA,Hexindo Adiperkasa Tbk.,--U-113500000091--------------,3590.0,0.0,3680.0,3550.0,3580.0,-10.0,614500,2208250000,327,1095.9,3580,21900,3570,300,840000000,840000000,840000000,450200,324200,0,0,0
2020-08-28,HEXA,Hexindo Adiperkasa Tbk.,--U-113500000091--------------,3600.0,0.0,3650.0,3590.0,3590.0,-10.0,1036900,3732739000,216,1099.0,3600,2700,3590,5300,840000000,840000000,840000000,999500,809300,3806200,13664258000,1
2020-08-27,HEXA,Hexindo Adiperkasa Tbk.,--U-113500000091--------------,3570.0,0.0,3690.0,3570.0,3600.0,30.0,194200,701008000,226,1102.1,3600,97900,3590,7800,840000000,840000000,840000000,138800,4000,0,0,0
2020-08-26,HEXA,Hexindo Adiperkasa Tbk.,--U-113500000091--------------,3580.0,0.0,3580.0,3550.0,3570.0,-10.0,123500,440187000,158,1092.9,3570,193000,3560,4200,840000000,840000000,840000000,73300,0,0,0,0
2020-08-25,HEXA,Hexindo Adiperkasa Tbk.,--U-113500000091--------------,3590.0,0.0,3600.0,3570.0,3580.0,-10.0,194900,698927000,155,1095.9,3580,37600,3570,10500,840000000,840000000,840000000,126300,0,0,0,0
2020-08-24,HEXA,Hexindo Adiperkasa Tbk.,--U-113500000091--------------,3610.0,0.0,3620.0,3550.0,3590.0,-20.0,189900,682439000,191,1099.0,3600,14900,3590,18000,840000000,840000000,840000000,136300,23900,0,0,0
2020-08-19,HEXA,Hexindo Adiperkasa Tbk.,--U-113500000091--------------,3620.0,0.0,3660.0,3610.0,3610.0,-10.0,156600,568857000,138,1105.1,3630,14400,3610,9200,840000000,840000000,840000000,105000,2000,0,0,0
2020-08-18,HEXA,Hexindo Adiperkasa Tbk.,--U-113500000091--------------,3680.0,0.0,3700.0,3600.0,3620.0,-60.0,369100,1337248000,285,1108.2,3650,10000,3620,100,840000000,840000000,840000000,52400,300,0,0,0
2020-08-14,HEXA,Hexindo Adiperkasa Tbk.,--U-113500000091--------------,3580.0,0.0,3740.0,3580.0,3680.0,100.0,206600,759665000,197,1126.6,3680,22900,3670,300,840000000,840000000,840000000,30400,500,0,0,0
2020-08-13,HEXA,Hexindo Adiperkasa Tbk.,--U-113500000091--------------,3490.0,0.0,3670.0,3500.0,3580.0,90.0,118300,421801000,165,1095.9,3580,20500,3560,3500,840000000,840000000,840000000,200,36200,0,0,0
2020-08-12,HEXA,Hexindo Adiperkasa Tbk.,--U-113500000091--------------,3460.0,0.0,3500.0,3390.0,3490.0,30.0,130300,446555000,126,1068.4,3490,40900,3480,100,840000000,840000000,840000000,43000,22800,0,0,0
2020-08-11,HEXA,Hexindo Adiperkasa Tbk.,--U-113500000091--------------,3460.0,0.0,3480.0,3440.0,3460.0,0.0,39100,134916000,75,1059.2,3470,6100,3460,300,840000000,840000000,840000000,22300,0,0,0,0
2020-08-10,HEXA,Hexindo Adiperkasa Tbk.,--U-113500000091--------------,3450.0,0.0,3470.0,3380.0,3460.0,10.0,66800,230780000,86,1059.2,3470,600,3460,8000,840000000,840000000,840000000,51000,0,0,0,0
2020-08-07,HEXA,Hexindo Adiperkasa Tbk.,--U-113500000091--------------,3470.0,0.0,3480.0,3440.0,3450.0,-20.0,67100,232467000,52,1056.1,3450,4300,3440,1200,840000000,840000000,840000000,5000,2200,0,0,0
2020-08-06,HEXA,Hexindo Adiperkasa Tbk.,--U-113500000091--------------,3450.0,0.0,3510.0,3450.0,3470.0,20.0,30900,106981000,48,1062.3,3470,7600,3450,2800,840000000,840000000,840000000,700,0,0,0,0
2020-08-05,HEXA,Hexindo Adiperkasa Tbk.,--U-113500000091--------------,3450.0,0.0,3460.0,3390.0,3450.0,0.0,34900,119887000,49,1056.1,3460,3100,3450,13900,840000000,840000000,840000000,400,0,0,0,0
2020-08-04,HEXA,Hexindo Adiperkasa Tbk.,--U-113500000091--------------,3220.0,0.0,3460.0,3220.0,3450.0,230.0,98300,328287000,69,1056.1,3450,7400,3370,1000,840000000,840000000,840000000,5100,29100,0,0,0
2020-08-03,HEXA,Hexindo Adiperkasa Tbk.,--U-113500000091-----L--------,3370.0,0.0,3400.0,3140.0,3220.0,-150.0,228200,728367000,225,985.7,3220,1300,3210,1500,840000000,840000000,840000000,6100,7200,0,0,0
2020-07-30,HEXA,Hexindo Adiperkasa Tbk.,--U-113500000091-----L--------,3450.0,0.0,3480.0,3370.0,3370.0,-80.0,106800,363959000,103,1031.7,3390,200,3370,1200,840000000,840000000,840000000,30000,11000,0,0,0
2020-07-29,HEXA,Hexindo Adiperkasa Tbk.,--U-113500000091-----L--------,3470.0,0.0,3480.0,3430.0,3450.0,-20.0,86900,301029000,47,1056.1,3460,43500,3450,11000,840000000,840000000,840000000,0,2000,0,0,0
2020-07-28,HEXA,Hexindo Adiperkasa Tbk.,--U-113500000091-----L--------,3470.0,0.0,3590.0,3470.0,3470.0,0.0,34900,121530000,65,1062.3,3470,4600,3460,2900,840000000,840000000,840000000,0,0,0,0,0
2020-07-27,HEXA,Hexindo Adiperkasa Tbk.,--U-113500000091-----L--------,3500.0,0.0,3600.0,3460.0,3470.0,-30.0,109200,380953000,88,1062.3,3490,20000,3470,200,840000000,840000000,840000000,19700,200,0,0,0
2020-07-24,HEXA,Hexindo Adiperkasa Tbk.,--U-113500000091-----L--------,3570.0,0.0,3590.0,3500.0,3500.0,-70.0,65500,231400000,97,1071.5,3510,6200,3500,3200,840000000,840000000,840000000,10200,0,0,0,0
2020-07-23,HEXA,Hexindo Adiperkasa Tbk.,--U-113500000091-----L--------,3590.0,0.0,3580.0,3550.0,3570.0,-20.0,107700,384497000,90,1092.9,3570,9000,3560,900,840000000,840000000,840000000,45000,6400,0,0,0
2020-07-22,HEXA,Hexindo Adiperkasa Tbk.,--U-113500000091-----L--------,3610.0,0.0,3610.0,3580.0,3590.0,-20.0,60900,219216000,48,1099.0,3590,6900,3580,30100,840000000,840000000,840000000,37600,0,0,0,0
2020-07-21,HEXA,Hexindo Adiperkasa Tbk.,--U-113500000091-----L--------,3640.0,0.0,3630.0,3540.0,3610.0,-30.0,62800,226417000,63,1105.1,3610,4300,3590,400,840000000,840000000,840000000,27500,3600,0,0,0
2020-07-20,HEXA,Hexindo Adiperkasa Tbk.,--U-113500000091-----L--------,3640.0,0.0,3700.0,3600.0,3640.0,0.0,47900,173477000,57,1114.3,3640,36100,3620,100,840000000,840000000,840000000,0,0,0,0,0
2020-07-17,HEXA,Hexindo Adiperkasa Tbk.,--U-113500000091-----L--------,3560.0,0.0,3750.0,3550.0,3640.0,80.0,168400,604620000,157,1114.3,3640,2900,3610,1500,840000000,840000000,840000000,45700,47000,5081000,18494840000,1
2020-07-16,HEXA,Hexindo Adiperkasa Tbk.,--U-113500000091-----L--------,3600.0,0.0,3630.0,3550.0,3560.0,-40.0,129700,462675000,83,1089.8,3560,26200,3550,500,840000000,840000000,840000000,18300,0,0,0,0
2020-07-15,HEXA,Hexindo Adiperkasa Tbk.,--U-113500000091-----L--------,3650.0,0.0,3700.0,3550.0,3600.0,-50.0,113700,408989000,125,1102.1,3620,2200,3600,26700,840000000,840000000,840000000,19100,11500,0,0,0
2020-07-14,HEXA,Hexindo Adiperkasa Tbk.,--U-113500000091-----L--------,3650.0,0.0,3800.0,3650.0,3650.0,0.0,63600,234244000,125,1117.4,3660,500,3650,1600,840000000,840000000,840000000,6000,0,0,0,0
2020-07-13,HEXA,Hexindo Adiperkasa Tbk.,--U-113500000091-----L--------,3500.0,0.0,3680.0,3500.0,3650.0,150.0,136500,490395000,141,1117.4,3650,20500,3630,2500,840000000,840000000,840000000,400,40700,0,0,0
2020-07-10,HEXA,Hexindo Adiperkasa Tbk.,--U-113500000091-----L--------,3500.0,0.0,3520.0,3480.0,3500.0,0.0,154600,538932000,59,1071.5,3520,9600,3500,239300,840000000,840000000,840000000,0,37000,0,0,0
2020-07-09,HEXA,Hexindo Adiperkasa Tbk.,--U-113500000091-----L--------,3410.0,0.0,3540.0,3410.0,3500.0,90.0,210100,732679000,156,1071.5,3510,2600,3500,82700,840000000,840000000,840000000,200,147300,0,0,0
2020-07-08,HEXA,Hexindo Adiperkasa Tbk.,--U-113500000091-----L--------,3250.0,0.0,3490.0,3280.0,3410.0,160.0,143300,479874000,166,1043.9,3420,18100,3410,297600,840000000,840000000,840000000,500,36100,0,0,0
2020-07-07,HEXA,Hexindo Adiperkasa Tbk.,--U-113500000091-----L--------,3270.0,0.0,3270.0,3220.0,3250.0,-20.0,6300,20409000,18,994.9,3250,1800,3230,2500,840000000,840000000,840000000,100,600,0,0,0
2020-07-06,HEXA,Hexindo Adiperkasa Tbk.,--U-113500000091-----L--------,3250.0,0.0,3290.0,3200.0,3270.0,20.0,63500,204273000,38,1001.0,3270,300,3220,10900,840000000,840000000,840000000,20200,33100,0,0,0
2020-07-03,HEXA,Hexindo Adiperkasa Tbk.,--U9---1,3250.0,0.0,3300.0,3200.0,3250.0,0.0,147000,475534000,62,994.9,3250,1800,3210,5200,840000000,840000000,840000000,100,10000,0,0,0
2020-07-02,HEXA,Hexindo Adiperkasa Tbk.,--U9---1,3300.0,0.0,3300.0,3210.0,3250.0,-50.0,12300,39963000,60,994.9,3280,800,3250,700,840000000,840000000,840000000,0,0,0,0,0
2020-07-01,HEXA,Hexindo Adiperkasa Tbk.,--U9---1,3170.0,0.0,3340.0,3180.0,3300.0,130.0,188000,612652000,138,1010.2,3300,1200,3290,4300,840000000,840000000,840000000,49000,14600,0,0,0
2020-06-30,HEXA,Hexindo Adiperkasa Tbk.,--U9---1,3130.0,0.0,3190.0,3130.0,3170.0,40.0,1376400,4354817000,67,970.4,3180,200,3170,48400,840000000,840000000,840000000,909000,1219800,0,0,0
2020-06-29,HEXA,Hexindo Adiperkasa Tbk.,--U9---1,3170.0,0.0,3170.0,3110.0,3130.0,-40.0,600200,1877840000,79,958.2,3150,3100,3130,41200,840000000,840000000,840000000,301300,583800,0,0,0
2020-06-26,HEXA,Hexindo Adiperkasa Tbk.,--U9---1,3140.0,0.0,3180.0,3130.0,3170.0,30.0,1105600,3489697000,76,970.4,3180,200,3170,100,840000000,840000000,840000000,935600,1058100,0,0,0
2020-06-25,HEXA,Hexindo Adiperkasa Tbk.,--U9---1,3170.0,0.0,3190.0,3120.0,3140.0,-30.0,48100,150929000,28,961.2,3140,10000,3130,13200,840000000,840000000,840000000,16300,0,0,0,0
2020-06-24,HEXA,Hexindo Adiperkasa Tbk.,--U9---1,3160.0,0.0,3180.0,3150.0,3170.0,10.0,21200,67259000,27,970.4,3180,39700,3170,5800,840000000,840000000,840000000,7800,5500,0,0,0
2020-06-23,HEXA,Hexindo Adiperkasa Tbk.,--U9---1,3140.0,0.0,3170.0,3130.0,3160.0,20.0,27800,87635000,40,967.4,3160,14900,3140,100,840000000,840000000,840000000,10800,0,0,0,0
2020-06-22,HEXA,Hexindo Adiperkasa Tbk.,--U9---1,3140.0,0.0,3170.0,3120.0,3140.0,0.0,21700,68054000,37,961.2,3150,1500,3140,4900,840000000,840000000,840000000,8300,1000,0,0,0
2020-06-19,HEXA,Hexindo Adiperkasa Tbk.,--U9---1,3140.0,0.0,3160.0,3110.0,3140.0,0.0,11200,35136000,20,961.2,3150,500,3140,1000,840000000,840000000,840000000,4600,0,0,0,0
2020-06-18,HEXA,Hexindo Adiperkasa Tbk.,--U9---1,3140.0,0.0,3140.0,3070.0,3140.0,0.0,58900,181426000,45,961.2,3130,2500,3110,5000,840000000,840000000,840000000,22700,0,0,0,0
2020-06-17,HEXA,Hexindo Adiperkasa Tbk.,--U9---1,3100.0,0.0,3140.0,3080.0,3140.0,40.0,95900,298909000,52,961.2,3140,4200,3130,1000,840000000,840000000,840000000,2000,0,0,0,0
2020-06-16,HEXA,Hexindo Adiperkasa Tbk.,--U9---1,3020.0,0.0,3150.0,3050.0,3100.0,80.0,103000,322955000,37,949.0,3150,10500,3100,1000,840000000,840000000,840000000,0,0,0,0,0
2020-06-15,HEXA,Hexindo Adiperkasa Tbk.,--U9---1,2970.0,0.0,3050.0,2890.0,3020.0,50.0,126400,377383000,72,924.5,3170,12300,3000,900,840000000,840000000,840000000,70700,47000,0,0,0
2020-06-12,HEXA,Hexindo Adiperkasa Tbk.,--U9---1,3060.0,0.0,3000.0,2870.0,2970.0,-90.0,384000,1124647000,152,909.2,3000,40800,2970,19400,840000000,840000000,840000000,84600,211000,0,0,0
2020-06-11,HEXA,Hexindo Adiperkasa Tbk.,--U9---1,3170.0,0.0,3150.0,3050.0,3060.0,-110.0,80900,249357000,82,936.8,3070,100,3060,14000,840000000,840000000,840000000,4500,600,0,0,0
2020-06-10,HEXA,Hexindo Adiperkasa Tbk.,--U9---1,3180.0,0.0,3220.0,3130.0,3170.0,-10.0,336300,1073919000,116,970.4,3170,67400,3130,1200,840000000,840000000,840000000,50000,225100,0,0,0
2020-06-09,HEXA,Hexindo Adiperkasa Tbk.,--U9---1,3230.0,0.0,3260.0,3140.0,3180.0,-50.0,459700,1470578000,190,973.5,3200,23800,3150,200,840000000,840000000,840000000,97900,240100,0,0,0
2020-06-08,HEXA,Hexindo Adiperkasa Tbk.,--U9---1,3110.0,0.0,3250.0,3150.0,3230.0,120.0,166400,532993000,127,988.8,3230,1900,3220,1100,840000000,840000000,840000000,33500,20000,0,0,0
2020-06-05,HEXA,Hexindo Adiperkasa Tbk.,--U9---1,3200.0,0.0,3210.0,3060.0,3110.0,-90.0,125700,393842000,136,952.1,3200,20900,3110,43300,840000000,840000000,840000000,19200,16000,0,0,0
2020-06-04,HEXA,Hexindo Adiperkasa Tbk.,--U9---1,3100.0,0.0,3240.0,3100.0,3200.0,100.0,373300,1193926000,210,979.6,3210,800,3200,38000,840000000,840000000,840000000,141100,234600,0,0,0
2020-06-03,HEXA,Hexindo Adiperkasa Tbk.,--U9---1,3010.0,0.0,3130.0,3010.0,3100.0,90.0,472600,1464851000,139,949.0,3130,5300,3100,10000,840000000,840000000,840000000,161700,357300,0,0,0
2020-06-02,HEXA,Hexindo Adiperkasa Tbk.,--U9---1,2850.0,0.0,3090.0,2890.0,3010.0,160.0,209300,626928000,117,921.4,3030,10000,3010,2900,840000000,840000000,840000000,400,2000,0,0,0
2020-05-29,HEXA,Hexindo Adiperkasa Tbk.,--U9---1,2820.0,0.0,2900.0,2800.0,2850.0,30.0,267300,760978000,93,872.5,2890,3000,2850,4900,840000000,840000000,840000000,37800,142200,0,0,0
2020-05-28,HEXA,Hexindo Adiperkasa Tbk.,--U9---1,2750.0,0.0,2850.0,2770.0,2820.0,70.0,614500,1721143000,128,863.3,2820,19400,2800,300,840000000,840000000,840000000,410000,389300,0,0,0
2020-05-27,HEXA,Hexindo Adiperkasa Tbk.,--U9---1,2700.0,0.0,2790.0,2700.0,2750.0,50.0,63300,173894000,54,841.9,2760,7200,2750,3000,840000000,840000000,840000000,10400,0,0,0,0
2020-05-26,HEXA,Hexindo Adiperkasa Tbk.,--U9---1,2660.0,0.0,2800.0,2650.0,2700.0,40.0,194400,524453000,113,826.5,2720,300,2700,20100,840000000,840000000,840000000,700,76100,0,0,0
2020-05-20,HEXA,Hexindo Adiperkasa Tbk.,--U9---1,2630.0,0.0,2690.0,2590.0,2660.0,30.0,305500,793806000,45,814.3,2660,4700,2650,500,840000000,840000000,840000000,0,230000,0,0,0
2020-05-19,HEXA,Hexindo Adiperkasa Tbk.,--U9---1,2550.0,0.0,2640.0,2550.0,2630.0,80.0,96200,252181000,53,805.1,2630,3000,2600,21000,840000000,840000000,840000000,0,900,0,0,0
2020-05-18,HEXA,Hexindo Adiperkasa Tbk.,--U9---1,2550.0,0.0,2580.0,2550.0,2550.0,0.0,5731200,14616130000,115,780.6,2560,800,2550,5000,840000000,840000000,840000000,5690600,5363700,0,0,0
2020-05-15,HEXA,Hexindo Adiperkasa Tbk.,--U9---1,2540.0,0.0,2550.0,2450.0,2550.0,10.0,916200,2326408000,85,780.6,2580,700,2500,500,840000000,840000000,840000000,563100,790000,0,0,0
2020-05-14,HEXA,Hexindo Adiperkasa Tbk.,--U9---1,2570.0,0.0,2600.0,2540.0,2540.0,-30.0,570000,1456387000,55,777.6,2540,9100,2530,15100,840000000,840000000,840000000,327000,490400,0,0,0
2020-05-13,HEXA,Hexindo Adiperkasa Tbk.,--U9---1,2620.0,0.0,2620.0,2570.0,2570.0,-50.0,319900,828510000,72,786.8,2600,12400,2570,12200,840000000,840000000,840000000,284200,253800,0,0,0
2020-05-12,HEXA,Hexindo Adiperkasa Tbk.,--U9---1,2700.0,0.0,2700.0,2620.0,2620.0,-80.0,763200,2010889000,107,802.1,2660,9900,2620,3700,840000000,840000000,840000000,631900,501100,0,0,0
2020-05-11,HEXA,Hexindo Adiperkasa Tbk.,--U9---1,2700.0,0.0,2750.0,2610.0,2700.0,0.0,661600,1758404000,181,826.5,2700,24800,2690,22100,840000000,840000000,840000000,559000,551600,0,0,0
2020-05-08,HEXA,Hexindo Adiperkasa Tbk.,--U9---1,2540.0,0.0,2700.0,2530.0,2700.0,160.0,1428300,3664085000,256,826.5,2700,30800,2620,300,840000000,840000000,840000000,1218800,1075300,0,0,0
2020-05-06,HEXA,Hexindo Adiperkasa Tbk.,--U9---1,2530.0,0.0,2560.0,2530.0,2540.0,10.0,2904600,7353624000,130,777.6,2540,5000,2530,21900,840000000,840000000,840000000,2573800,2180100,0,0,0
2020-05-05,HEXA,Hexindo Adiperkasa Tbk.,--U9---1,2530.0,0.0,2550.0,2500.0,2530.0,0.0,1343800,3391661000,132,774.5,2530,5000,2520,5100,840000000,840000000,840000000,1253200,1061400,0,0,0
2020-05-04,HEXA,Hexindo Adiperkasa Tbk.,--U9---1,2600.0,0.0,2600.0,2500.0,2530.0,-70.0,467500,1190463000,123,774.5,2540,6600,2520,1300,840000000,840000000,840000000,118400,260900,0,0,0
2020-04-30,HEXA,Hexindo Adiperkasa Tbk.,--U9---1,2530.0,0.0,2620.0,2540.0,2600.0,70.0,166200,431103000,165,795.9,2610,2400,2600,3300,840000000,840000000,840000000,55700,26400,0,0,0
2020-04-29,HEXA,Hexindo Adiperkasa Tbk.,--U9---1,2470.0,0.0,2560.0,2470.0,2530.0,60.0,132000,334143000,85,774.5,2530,23600,2520,800,840000000,840000000,840000000,59400,30200,0,0,0
2020-04-28,HEXA,Hexindo Adiperkasa Tbk.,--U9---1,2370.0,0.0,2690.0,2400.0,2470.0,100.0,647200,1576804000,136,756.1,2500,2500,2470,14200,840000000,840000000,840000000,578900,433500,0,0,0
2020-04-27,HEXA,Hexindo Adiperkasa Tbk.,--U9---1,2390.0,0.0,2400.0,2350.0,2370.0,-20.0,27900,66497000,35,725.5,2390,100,2360,9100,840000000,840000000,840000000,2100,1000,0,0,0
2020-04-24,HEXA,Hexindo Adiperkasa Tbk.,--U9---1,2390.0,0.0,2420.0,2370.0,2390.0,0.0,558500,1335157000,55,731.6,2390,15400,2370,5300,840000000,840000000,840000000,530900,511000,0,0,0
2020-04-23,HEXA,Hexindo Adiperkasa Tbk.,--U9---1,2360.0,0.0,2420.0,2360.0,2390.0,30.0,102200,244678000,63,731.6,2400,7300,2380,4000,840000000,840000000,840000000,23100,0,0,0,0
2020-04-22,HEXA,Hexindo Adiperkasa Tbk.,--U9---1,2330.0,0.0,2370.0,2300.0,2360.0,30.0,40800,95332000,67,722.5,2360,1100,2350,4800,840000000,840000000,840000000,12000,0,0,0,0
2020-04-21,HEXA,Hexindo Adiperkasa Tbk.,--U9---1,2440.0,0.0,2440.0,2330.0,2330.0,-110.0,219600,519735000,144,713.3,2330,31100,2320,7100,840000000,840000000,840000000,32500,74100,0,0,0
2020-04-20,HEXA,Hexindo Adiperkasa Tbk.,--U9---1,2390.0,0.0,2480.0,2400.0,2440.0,50.0,53800,131198000,123,747.0,2440,17200,2410,1400,840000000,840000000,840000000,18000,100,0,0,0
2020-04-17,HEXA,Hexindo Adiperkasa Tbk.,--U9---1,2330.0,0.0,2430.0,2330.0,2390.0,60.0,595500,1400677000,54,731.6,2390,4600,2370,3900,840000000,840000000,840000000,572500,560200,0,0,0
2020-04-16,HEXA,Hexindo Adiperkasa Tbk.,--U9---1,2350.0,0.0,2350.0,2330.0,2330.0,-20.0,158600,370554000,80,713.3,2340,5800,2330,35900,840000000,840000000,840000000,28600,34600,0,0,0
2020-04-15,HEXA,Hexindo Adiperkasa Tbk.,--U9---1,2400.0,0.0,2420.0,2350.0,2350.0,-50.0,396700,945317000,131,719.4,2360,8700,2350,35000,840000000,840000000,840000000,37200,261400,0,0,0
2020-04-14,HEXA,Hexindo Adiperkasa Tbk.,--U9---1,2290.0,0.0,2400.0,2260.0,2400.0,110.0,470500,1097712000,169,734.7,2400,200,2380,600,840000000,840000000,840000000,333000,240200,0,0,0
2020-04-13,HEXA,Hexindo Adiperkasa Tbk.,--U9---1,2260.0,0.0,2300.0,2240.0,2290.0,30.0,410800,925917000,161,701.0,2300,100,2290,11100,840000000,840000000,840000000,373500,267400,0,0,0
2020-04-09,HEXA,Hexindo Adiperkasa Tbk.,--U9---1,2260.0,0.0,2300.0,2250.0,2260.0,0.0,761300,1721332000,193,691.9,2260,85100,2250,37700,840000000,840000000,840000000,735000,500400,0,0,0
2020-04-08,HEXA,Hexindo Adiperkasa Tbk.,--U9---1,2320.0,0.0,2330.0,2260.0,2260.0,-60.0,1284800,2942345000,140,691.9,2260,55800,2250,446300,840000000,840000000,840000000,1177000,1170100,0,0,0
2020-04-07,HEXA,Hexindo Adiperkasa Tbk.,--U9---1,2300.0,0.0,2390.0,2300.0,2320.0,20.0,1436600,3345995000,351,710.2,2320,49800,2310,34500,840000000,840000000,840000000,951300,721000,0,0,0
2020-04-06,HEXA,Hexindo Adiperkasa Tbk.,--U9---1,2250.0,0.0,2390.0,2250.0,2300.0,50.0,642600,1474590000,414,704.1,2300,14700,2290,20500,840000000,840000000,840000000,596200,33200,0,0,0
2020-04-03,HEXA,Hexindo Adiperkasa Tbk.,--U9---1,2200.0,0.0,2300.0,2210.0,2250.0,50.0,531600,1194558000,225,688.8,2250,91600,2240,335300,840000000,840000000,840000000,506400,23400,0,0,0
2020-04-02,HEXA,Hexindo Adiperkasa Tbk.,--U9---1,2220.0,0.0,2260.0,2200.0,2200.0,-20.0,1020300,2251930000,367,673.5,2200,34000,2190,4200,840000000,840000000,840000000,1014300,8900,0,0,0
2020-04-01,HEXA,Hexindo Adiperkasa Tbk.,--U9---1,2260.0,0.0,2380.0,2220.0,2220.0,-40.0,394300,891326000,143,679.6,2250,500,2220,3600,840000000,840000000,840000000,333600,311100,0,0,0
2020-03-31,HEXA,Hexindo Adiperkasa Tbk.,--U9---1,2220.0,0.0,2320.0,2260.0,2260.0,40.0,380100,859988000,68,691.9,2260,23400,2250,200,840000000,840000000,840000000,251600,122000,0,0,0
2020-03-30,HEXA,Hexindo Adiperkasa Tbk.,--U9---1,2370.0,0.0,2300.0,2210.0,2220.0,-150.0,441100,981192000,95,679.6,2220,13900,2210,101500,840000000,840000000,840000000,241100,388200,0,0,0
2020-03-27,HEXA,Hexindo Adiperkasa Tbk.,--U9---1,2250.0,0.0,2490.0,2260.0,2370.0,120.0,434800,1031055000,270,725.5,2370,37700,2340,100,840000000,840000000,840000000,252200,261900,0,0,0
2020-03-26,HEXA,Hexindo Adiperkasa Tbk.,--U9---1,2070.0,0.0,2500.0,2070.0,2250.0,180.0,445000,997648000,224,688.8,2250,7500,2220,900,840000000,840000000,840000000,331600,85300,0,0,0
2020-03-24,HEXA,Hexindo Adiperkasa Tbk.,--U9---1,2050.0,0.0,2150.0,2000.0,2070.0,20.0,865600,1793723000,98,633.7,2070,96400,2060,100,840000000,840000000,840000000,803600,155500,0,0,0
2020-03-23,HEXA,Hexindo Adiperkasa Tbk.,--U9---1,2200.0,0.0,2150.0,2050.0,2050.0,-150.0,334800,688416000,154,627.6,2070,4200,0,0,840000000,840000000,840000000,206600,276300,0,0,0
2020-03-20,HEXA,Hexindo Adiperkasa Tbk.,--U9---1,2020.0,0.0,2400.0,1890.0,2200.0,180.0,298800,643261500,154,673.5,2200,8300,2150,1000,840000000,840000000,840000000,219100,71300,0,0,0
2020-03-19,HEXA,Hexindo Adiperkasa Tbk.,--U9---1,2150.0,0.0,2150.0,2010.0,2020.0,-130.0,52900,108245000,63,618.4,2050,100,2040,100,840000000,840000000,840000000,19600,2600,0,0,0
2020-03-18,HEXA,Hexindo Adiperkasa Tbk.,--U9---1,2280.0,0.0,2280.0,2140.0,2150.0,-130.0,76900,166630000,91,658.2,2170,56000,2150,3800,840000000,840000000,840000000,37500,37900,298000,679440000,1
2020-03-17,HEXA,Hexindo Adiperkasa Tbk.,--U9---1,2450.0,0.0,2320.0,2280.0,2280.0,-170.0,121800,278838000,141,698.0,2280,27000,0,0,840000000,840000000,840000000,69000,40900,0,0,0
2020-03-16,HEXA,Hexindo Adiperkasa Tbk.,--U9---1,2530.0,0.0,2600.0,2410.0,2450.0,-80.0,102300,252782000,84,750.0,2450,11300,2410,6100,840000000,840000000,840000000,33800,5900,0,0,0
2020-03-13,HEXA,Hexindo Adiperkasa Tbk.,--U9---1,2710.0,0.0,2700.0,2530.0,2530.0,-180.0,237900,605621000,196,774.5,2530,112700,0,0,840000000,840000000,840000000,187400,41200,0,0,0
2020-03-12,HEXA,Hexindo Adiperkasa Tbk.,--U9---1,2820.0,0.0,2820.0,2700.0,2710.0,-110.0,90600,248255000,64,829.6,2740,100,2710,5700,840000000,840000000,840000000,6100,65900,0,0,0
2020-03-11,HEXA,Hexindo Adiperkasa Tbk.,--U9---1,2900.0,0.0,3150.0,2820.0,2820.0,-80.0,70700,206300000,73,863.3,2850,1400,2820,700,840000000,840000000,840000000,46000,36600,0,0,0
2020-03-10,HEXA,Hexindo Adiperkasa Tbk.,--U9---1,2880.0,0.0,2910.0,2850.0,2900.0,20.0,321500,931727000,138,887.8,2900,217200,2890,10500,840000000,840000000,840000000,291400,500,0,0,0
2020-03-09,HEXA,Hexindo Adiperkasa Tbk.,--U9---1,3000.0,0.0,3000.0,2860.0,2880.0,-120.0,87900,253830000,114,881.7,2880,57700,2860,10800,840000000,840000000,840000000,55000,30000,0,0,0
2020-03-06,HEXA,Hexindo Adiperkasa Tbk.,--U9---1,3060.0,0.0,3060.0,2980.0,3000.0,-60.0,305000,917115000,49,918.4,3050,4700,3000,226100,840000000,840000000,840000000,287200,0,0,0,0
2020-03-05,HEXA,Hexindo Adiperkasa Tbk.,--U9---1,3000.0,0.0,3070.0,3010.0,3060.0,60.0,25000,76361000,31,936.8,3060,74800,3040,200,840000000,840000000,840000000,500,300,0,0,0
2020-03-04,HEXA,Hexindo Adiperkasa Tbk.,--U9---1,3000.0,0.0,3100.0,2980.0,3000.0,0.0,377900,1133691000,78,918.4,3040,200,3000,13100,840000000,840000000,840000000,370700,3000,0,0,0
2020-03-03,HEXA,Hexindo Adiperkasa Tbk.,--U9---1,2900.0,0.0,3000.0,2900.0,3000.0,100.0,97400,291088000,41,918.4,3000,85900,2990,500,840000000,840000000,840000000,64100,4800,0,0,0
2020-03-02,HEXA,Hexindo Adiperkasa Tbk.,--U9---1,2990.0,0.0,2990.0,2880.0,2900.0,-90.0,230600,670918000,151,887.8,2900,62400,2890,3500,840000000,840000000,840000000,190500,9100,0,0,0
2020-02-28,HEXA,Hexindo Adiperkasa Tbk.,--U9---1,3070.0,0.0,3040.0,2920.0,2990.0,-80.0,250000,738322000,128,915.3,2990,11700,2980,1200,840000000,840000000,840000000,14200,43300,0,0,0
2020-02-27,HEXA,Hexindo Adiperkasa Tbk.,--U9---1,3100.0,0.0,3250.0,3030.0,3070.0,-30.0,181000,559499000,100,939.8,3070,18600,3060,3000,840000000,840000000,840000000,122900,5000,0,0,0
2020-02-26,HEXA,Hexindo Adiperkasa Tbk.,--U9---1,3100.0,0.0,3200.0,3090.0,3100.0,0.0,138100,429535000,44,949.0,3100,487700,3090,7900,840000000,840000000,840000000,119600,10000,0,0,0
2020-02-25,HEXA,Hexindo Adiperkasa Tbk.,--U9---1,3100.0,0.0,3200.0,3090.0,3100.0,0.0,104700,324549000,59,949.0,3100,198900,3090,15300,840000000,840000000,840000000,101100,10000,0,0,0
2020-02-24,HEXA,Hexindo Adiperkasa Tbk.,--U9---1,3180.0,0.0,3190.0,3100.0,3100.0,-80.0,242400,763491000,129,949.0,3140,17200,3100,25000,840000000,840000000,840000000,176900,25000,0,0,0
2020-02-21,HEXA,Hexindo Adiperkasa Tbk.,--U9---1,3200.0,0.0,3200.0,3180.0,3180.0,-20.0,230600,735710000,58,973.5,3180,24600,3170,3700,840000000,840000000,840000000,215600,300,0,0,0
2020-02-20,HEXA,Hexindo Adiperkasa Tbk.,--U9---1,3190.0,0.0,3200.0,3190.0,3200.0,10.0,336100,1075485000,33,979.6,3200,102400,3190,47300,840000000,840000000,840000000,332600,20000,0,0,0
2020-02-19,HEXA,Hexindo Adiperkasa Tbk.,--U9---1,3200.0,0.0,3200.0,3190.0,3190.0,-10.0,17700,56575000,19,976.6,3200,88800,3190,18900,840000000,840000000,840000000,11400,100,0,0,0
2020-02-18,HEXA,Hexindo Adiperkasa Tbk.,--U9---1,3200.0,0.0,3200.0,3180.0,3200.0,0.0,821400,2628437000,47,979.6,3200,289700,3190,19600,840000000,840000000,840000000,814900,10700,0,0,0
2020-02-17,HEXA,Hexindo Adiperkasa Tbk.,--U9---1,3170.0,0.0,3210.0,3180.0,3200.0,30.0,255500,817980000,26,979.6,3200,37200,3180,14100,840000000,840000000,840000000,252600,600,0,0,0
2020-02-14,HEXA,Hexindo Adiperkasa Tbk.,--U9---1,3180.0,0.0,3200.0,3140.0,3170.0,-10.0,52400,166044000,46,970.4,3200,200,3150,4000,840000000,840000000,840000000,10900,20100,0,0,0
2020-02-13,HEXA,Hexindo Adiperkasa Tbk.,--U9---1,3150.0,0.0,3220.0,3180.0,3180.0,30.0,1091800,3494152000,73,973.5,3200,7700,3180,800,840000000,840000000,840000000,924700,866700,0,0,0
2020-02-12,HEXA,Hexindo Adiperkasa Tbk.,--U9---1,3130.0,0.0,3180.0,3130.0,3150.0,20.0,90500,285300000,43,964.3,3180,2500,3150,51700,840000000,840000000,840000000,0,32700,165600,523296000,1
2020-02-11,HEXA,Hexindo Adiperkasa Tbk.,--U9---1,3090.0,0.0,3180.0,3100.0,3130.0,40.0,19000,59401000,31,958.2,3130,5200,3120,4600,840000000,840000000,840000000,0,10200,0,0,0
2020-02-10,HEXA,Hexindo Adiperkasa Tbk.,--U9---1,3140.0,0.0,3200.0,3090.0,3090.0,-50.0,73300,228740000,70,945.9,3180,8800,3090,30700,840000000,840000000,840000000,8700,26200,0,0,0
2020-02-07,HEXA,Hexindo Adiperkasa Tbk.,--U9---1,3100.0,0.0,3180.0,3110.0,3140.0,40.0,13300,41866000,10,961.2,3160,1000,3140,9400,840000000,840000000,840000000,10000,12100,0,0,0
2020-02-06,HEXA,Hexindo Adiperkasa Tbk.,--U9---1,3100.0,0.0,3200.0,3090.0,3100.0,0.0,132400,411226000,43,949.0,3100,19600,3090,11600,840000000,840000000,840000000,89700,80400,0,0,0
2020-02-05,HEXA,Hexindo Adiperkasa Tbk.,--U9---1,3100.0,0.0,3110.0,3090.0,3100.0,0.0,22800,70683000,47,949.0,3150,100,3090,6700,840000000,840000000,840000000,18500,0,0,0,0
2020-02-04,HEXA,Hexindo Adiperkasa Tbk.,--U9---1,3080.0,0.0,3110.0,3080.0,3100.0,20.0,209200,648344000,60,949.0,3100,310000,3090,7000,840000000,840000000,840000000,202000,200000,0,0,0
2020-02-03,HEXA,Hexindo Adiperkasa Tbk.,--U9---1,3100.0,0.0,3110.0,3080.0,3080.0,-20.0,250000,772562000,88,942.9,3100,10700,3080,1600,840000000,840000000,840000000,182300,215000,0,0,0
2020-01-31,HEXA,Hexindo Adiperkasa Tbk.,--U9---1,3140.0,0.0,3150.0,3100.0,3100.0,-40.0,164800,514468000,119,949.0,3100,21400,3090,1200,840000000,840000000,840000000,123100,39300,0,0,0
2020-01-30,HEXA,Hexindo Adiperkasa Tbk.,--U9---1,3180.0,0.0,3180.0,3140.0,3140.0,-40.0,131900,416476000,49,961.2,3150,8700,3140,2500,840000000,840000000,840000000,82900,18500,0,0,0
2020-01-29,HEXA,Hexindo Adiperkasa Tbk.,--U9---1,3170.0,0.0,3180.0,3170.0,3180.0,10.0,650600,2068896000,121,973.5,3180,518400,3170,37600,840000000,840000000,840000000,649400,485100,0,0,0
2020-01-28,HEXA,Hexindo Adiperkasa Tbk.,--U9---1,3170.0,0.0,3200.0,3150.0,3170.0,0.0,228000,725501000,52,970.4,3210,200,3170,200,840000000,840000000,840000000,215600,195000,0,0,0
2020-01-27,HEXA,Hexindo Adiperkasa Tbk.,--U9---1,3240.0,0.0,3250.0,3150.0,3170.0,-70.0,51100,164086000,51,970.4,3190,14900,3160,3000,840000000,840000000,840000000,14000,17400,0,0,0
2020-01-24,HEXA,Hexindo Adiperkasa Tbk.,--U9---1,3350.0,0.0,3330.0,3220.0,3240.0,-110.0,61900,200166000,63,991.9,3250,400,3230,10900,840000000,840000000,840000000,39600,3300,0,0,0
2020-01-23,HEXA,Hexindo Adiperkasa Tbk.,--U9---1,3230.0,0.0,3350.0,3220.0,3350.0,120.0,1500,4923000,9,1025.5,3330,7500,3300,100,840000000,840000000,840000000,500,500,0,0,0
2020-01-22,HEXA,Hexindo Adiperkasa Tbk.,--U9---1,3220.0,0.0,3250.0,3230.0,3230.0,10.0,30500,98964000,37,988.8,3290,10000,3220,700,840000000,840000000,840000000,23900,2000,0,0,0
2020-01-21,HEXA,Hexindo Adiperkasa Tbk.,--U9---1,3300.0,0.0,3300.0,3220.0,3220.0,-80.0,59100,192070000,46,985.7,3320,500,3220,26600,840000000,840000000,840000000,19900,600,0,0,0
2020-01-20,HEXA,Hexindo Adiperkasa Tbk.,--U9---1,3380.0,0.0,3380.0,3300.0,3300.0,-80.0,123700,408516000,32,1010.2,3300,39400,3290,2000,840000000,840000000,840000000,81300,103400,0,0,0
2020-01-17,HEXA,Hexindo Adiperkasa Tbk.,--U9---1,3320.0,0.0,3380.0,3300.0,3380.0,60.0,5700,18882000,13,1034.7,3350,1500,3300,1300,840000000,840000000,840000000,0,0,0,0,0
2020-01-16,HEXA,Hexindo Adiperkasa Tbk.,--U9---1,3340.0,0.0,3340.0,3290.0,3320.0,-20.0,287000,951564000,57,1016.3,3300,1000,3290,3800,840000000,840000000,840000000,272000,206000,0,0,0
2020-01-15,HEXA,Hexindo Adiperkasa Tbk.,--U9---1,3340.0,0.0,3350.0,3320.0,3340.0,0.0,9500,31692000,24,1022.5,3340,1100,3320,8800,840000000,840000000,840000000,3200,400,0,0,0
2020-01-14,HEXA,Hexindo Adiperkasa Tbk.,--U9---1,3290.0,0.0,3360.0,3310.0,3340.0,50.0,7900,26422000,17,1022.5,3340,2700,3320,9300,840000000,840000000,840000000,2800,0,0,0,0
2020-01-13,HEXA,Hexindo Adiperkasa Tbk.,--U9---1,3320.0,0.0,3360.0,3280.0,3290.0,-30.0,189700,628065000,125,1007.2,3330,100,3290,8500,840000000,840000000,840000000,182700,94300,0,0,0
2020-01-10,HEXA,Hexindo Adiperkasa Tbk.,--U9---1,3330.0,0.0,3390.0,3320.0,3320.0,-10.0,68700,229050000,66,1016.3,3380,2500,3320,4100,840000000,840000000,840000000,62900,100,0,0,0
2020-01-09,HEXA,Hexindo Adiperkasa Tbk.,--U9---1,3380.0,0.0,3400.0,3300.0,3330.0,-50.0,168700,567351000,107,1019.4,3350,900,3320,51700,840000000,840000000,840000000,164400,100200,0,0,0
2020-01-08,HEXA,Hexindo Adiperkasa Tbk.,--U9---1,3470.0,0.0,3470.0,3380.0,3380.0,-90.0,187700,637705000,106,1034.7,3460,10200,3380,200,840000000,840000000,840000000,172900,78000,0,0,0
2020-01-07,HEXA,Hexindo Adiperkasa Tbk.,--U9---1,3420.0,0.0,3500.0,3400.0,3470.0,50.0,84400,287530000,26,1062.3,3470,7300,3430,2000,840000000,840000000,840000000,80000,80900,0,0,0
2020-01-06,HEXA,Hexindo Adiperkasa Tbk.,--U9---1,3500.0,0.0,3500.0,3420.0,3420.0,-80.0,126700,433690000,76,1047.0,3450,400,3420,7200,840000000,840000000,840000000,122200,90000,0,0,0
2020-01-03,HEXA,Hexindo Adiperkasa Tbk.,--U9---1,3480.0,0.0,3500.0,3450.0,3500.0,20.0,118700,410660000,37,1071.5,3500,21600,3480,300,840000000,840000000,840000000,400,86100,0,0,0
2020-01-02,HEXA,Hexindo Adiperkasa Tbk.,--U9---1,3470.0,0.0,3480.0,3460.0,3480.0,10.0,47500,164644000,23,1065.3,3480,400,3460,800,840000000,840000000,840000000,0,2900,0,0,0
