Date,Ticker,Name,Remarks,Previous,Open,High,Low,Close,Change,Volume,Value,Frequency,IndexIndividual,Offer,OfferVolume,Bid,BidVolume,ListedShares,TradebleShares,WeightForIndex,ForeignSell,ForeignBuy,NonRegularVolume,NonRegularValue,NonRegularFrequency
2026-03-27,KUAS,Ace Oldfields Tbk.,--UO2130000000C121------------,103.0,91.0,102.0,88.0,88.0,-15.0,205717300,19375715700,11917,45.1,88,207200,0,0,1292808150,1292808150,371294501,13076600,5880900,0,0,0
2026-03-26,KUAS,Ace Oldfields Tbk.,--UO2130000000C121------------,79.0,79.0,103.0,78.0,103.0,24.0,395143300,37452542400,18652,52.8,103,8200,102,600700,1292808150,1292808150,371294501,13652000,16532100,0,0,0
2026-03-25,KUAS,Ace Oldfields Tbk.,--UO2130000000C121------------,73.0,75.0,87.0,75.0,79.0,6.0,102598800,8370273200,5741,40.5,80,200200,79,192400,1292808150,1292808150,371294501,7076700,6074200,0,0,0
2026-03-17,KUAS,Ace Oldfields Tbk.,--UO2130000000C121------------,83.0,76.0,79.0,73.0,73.0,-10.0,74073900,5561097000,4933,37.4,74,107000,73,2605400,1292808150,1292808150,371294501,510400,4529800,0,0,0
2026-03-16,KUAS,Ace Oldfields Tbk.,--UO2130000000C121------------,97.0,87.0,90.0,83.0,83.0,-14.0,66310700,5568952200,3967,42.6,83,15210800,0,0,1292808150,1292808150,371294501,2007300,3284100,0,0,0
2026-03-13,KUAS,Ace Oldfields Tbk.,--UO2130000000C121------------,113.0,119.0,137.0,97.0,97.0,-16.0,1031123800,120847969400,56259,49.7,97,22879500,0,0,1292808150,1292808150,371294501,18391000,19239100,0,0,0
2026-03-12,KUAS,Ace Oldfields Tbk.,--UO2130000000C121------------,87.0,96.0,113.0,90.0,113.0,26.0,716623200,72154924200,33900,57.9,114,572700,113,37315900,1292808150,1292808150,371294501,15176800,15131100,0,0,0
2026-03-11,KUAS,Ace Oldfields Tbk.,--UO2130000000C121------------,72.0,72.0,92.0,71.0,87.0,15.0,237508600,19788497300,10921,44.6,88,511500,87,26150000,1292808150,1292808150,371294501,7331400,6847600,0,0,0
2026-03-10,KUAS,Ace Oldfields Tbk.,--UO2130000000C121------------,71.0,73.0,74.0,71.0,72.0,1.0,6576900,473191500,603,36.9,73,959300,72,119100,1292808150,1292808150,371294501,759800,340200,0,0,0
2026-03-09,KUAS,Ace Oldfields Tbk.,--UO2130000000C121------------,77.0,77.0,77.0,68.0,71.0,-6.0,18552000,1326503600,1282,36.4,72,129900,71,8200,1292808150,1292808150,371294501,701900,2313600,0,0,0
2026-03-06,KUAS,Ace Oldfields Tbk.,--UO2130000000C121------------,82.0,82.0,87.0,75.0,77.0,-5.0,35940000,2925367100,1943,39.5,78,12500,77,12300,1292808150,1292808150,371294501,1286600,2376100,0,0,0
2026-03-05,KUAS,Ace Oldfields Tbk.,--UO2130000000C121------------,83.0,82.0,85.0,77.0,82.0,-1.0,36141100,2910906100,2625,42.1,83,427600,82,57300,1292808150,1292808150,371294501,2525200,658000,0,0,0
2026-03-04,KUAS,Ace Oldfields Tbk.,--UO2130000000C121------------,77.0,77.0,94.0,74.0,83.0,6.0,140047200,11903342000,9232,42.6,83,498300,82,3300,1292808150,1292808150,371294501,9483500,5434000,0,0,0
2026-03-03,KUAS,Ace Oldfields Tbk.,--UO2130000000C121------------,78.0,76.0,78.0,74.0,77.0,-1.0,9532800,731614200,755,39.5,78,509300,77,1210200,1292808150,1292808150,371294501,1425800,1281600,0,0,0
2026-03-02,KUAS,Ace Oldfields Tbk.,--UO2130000000C121------------,87.0,80.0,83.0,77.0,78.0,-9.0,18354400,1463872900,1252,40.0,79,300,78,217000,1292808150,1292808150,371294501,413800,1600700,0,0,0
2026-02-27,KUAS,Ace Oldfields Tbk.,--UO2130000000C121------------,89.0,89.0,89.0,85.0,87.0,-2.0,10550900,913828800,959,44.6,87,152200,86,567900,1292808150,1292808150,371294501,754600,12000,0,0,0
2026-02-26,KUAS,Ace Oldfields Tbk.,--UO2130000000C121------------,93.0,94.0,94.0,85.0,89.0,-4.0,27568800,2494799700,1708,45.6,89,59300,88,2178500,1292808150,1292808150,371294501,1892700,2178900,0,0,0
2026-02-25,KUAS,Ace Oldfields Tbk.,--UO2130000000C121------------,93.0,94.0,99.0,92.0,93.0,0.0,38864200,3701377300,1991,47.7,94,771200,93,1072600,1292808150,1292808150,371294501,2600300,1382400,0,0,0
2026-02-24,KUAS,Ace Oldfields Tbk.,--UO2130000000C121------------,93.0,94.0,98.0,92.0,93.0,0.0,29809900,2816544500,2487,47.7,93,719000,92,960600,1292808150,1292808150,371294501,2480600,932900,0,0,0
2026-02-23,KUAS,Ace Oldfields Tbk.,--UO2130000000C121------------,93.0,93.0,94.0,91.0,93.0,0.0,12378900,1139425100,988,47.7,93,1034400,92,344500,1292808150,1292808150,371294501,36500,847200,0,0,0
2026-02-20,KUAS,Ace Oldfields Tbk.,--UO2130000000C121------------,93.0,93.0,96.0,92.0,93.0,0.0,16539900,1551490600,1426,47.7,94,260800,93,2000,1292808150,1292808150,371294501,2270000,916400,0,0,0
2026-02-19,KUAS,Ace Oldfields Tbk.,--UO2130000000C121------------,90.0,91.0,98.0,90.0,93.0,3.0,39861100,3737100400,3445,47.7,93,816400,92,544700,1292808150,1292808150,371294501,5013300,2384600,0,0,0
2026-02-18,KUAS,Ace Oldfields Tbk.,--UO2130000000C121------------,93.0,93.0,94.0,90.0,90.0,-3.0,19307200,1749804800,1671,46.2,91,179500,90,929900,1292808150,1292808150,371294501,982100,398900,0,0,0
2026-02-13,KUAS,Ace Oldfields Tbk.,--UO2130000000C121------------,93.0,94.0,98.0,92.0,93.0,0.0,37555200,3561641600,3100,47.7,94,649600,93,785900,1292808150,1292808150,371294501,2728700,1353200,0,0,0
2026-02-12,KUAS,Ace Oldfields Tbk.,--UO2130000000C121------------,91.0,92.0,94.0,90.0,93.0,2.0,13778300,1263355700,1317,47.7,94,2006200,93,50300,1292808150,1292808150,371294501,294100,2765600,0,0,0
2026-02-11,KUAS,Ace Oldfields Tbk.,--UO2130000000C121------------,91.0,91.0,94.0,89.0,91.0,0.0,35761500,3254993600,2746,46.7,92,5697600,91,3292200,1292808150,1292808150,371294501,1601800,5670000,0,0,0
2026-02-10,KUAS,Ace Oldfields Tbk.,--UO2130000000C121------------,96.0,96.0,98.0,90.0,91.0,-5.0,36440800,3395013800,2618,46.7,91,4304700,90,992600,1292808150,1292808150,371294501,1085900,2249900,0,0,0
2026-02-09,KUAS,Ace Oldfields Tbk.,--UO2130000000C121------------,94.0,94.0,99.0,93.0,96.0,2.0,33229800,3204424900,3491,49.2,96,4936800,95,51800,1292808150,1292808150,371294501,2819500,1212600,0,0,0
2026-02-06,KUAS,Ace Oldfields Tbk.,--UO2130000000C121------------,97.0,95.0,97.0,92.0,94.0,-3.0,13438600,1266668600,1111,48.2,94,477200,93,1275700,1292808150,1292808150,371294501,352900,1173100,0,0,0
2026-02-05,KUAS,Ace Oldfields Tbk.,--UO2130000000C121------------,100.0,103.0,103.0,95.0,97.0,-3.0,24349100,2394680300,2133,49.7,98,571400,97,33000,1292808150,1292808150,371294501,2854200,854800,0,0,0
2026-02-04,KUAS,Ace Oldfields Tbk.,--UO2130000000C121------------,96.0,99.0,106.0,96.0,100.0,4.0,34707300,3476603800,3637,51.3,101,115000,100,434600,1292808150,1292808150,371294501,5151500,1482500,0,0,0
2026-02-03,KUAS,Ace Oldfields Tbk.,--UO2130000000C121------------,88.0,86.0,98.0,82.0,96.0,8.0,26152900,2425183900,2528,49.2,97,300000,96,124800,1292808150,1292808150,371294501,1827300,9076100,0,0,0
2026-02-02,KUAS,Ace Oldfields Tbk.,--UO2130000000C121------------,103.0,104.0,104.0,88.0,88.0,-15.0,40253400,3798933300,3164,45.1,88,89100,0,0,1292808150,1292808150,371294501,1618300,2330400,0,0,0
2026-01-30,KUAS,Ace Oldfields Tbk.,--UO2130000000C121------------,103.0,107.0,109.0,100.0,103.0,0.0,44429600,4610379800,3636,52.8,104,1501500,103,379500,1292808150,1292808150,371294501,1765600,259800,0,0,0
2026-01-29,KUAS,Ace Oldfields Tbk.,--UO2130000000C121------------,98.0,98.0,112.0,93.0,103.0,5.0,126569600,13012809700,9786,52.8,104,2708800,103,486700,1292808150,1292808150,371294501,4303500,5801100,0,0,0
2026-01-28,KUAS,Ace Oldfields Tbk.,--UO2130000000C121------------,101.0,101.0,115.0,91.0,98.0,-3.0,302809900,31818110400,21499,50.3,98,63900,97,118800,1292808150,1292808150,371294501,13702000,12326800,0,0,0
2026-01-27,KUAS,Ace Oldfields Tbk.,--UO2130000000C121------------,91.0,91.0,116.0,89.0,101.0,10.0,579850800,61116596400,34757,51.8,102,260500,101,1015900,1292808150,1292808150,371294501,24956300,25463000,0,0,0
2026-01-26,KUAS,Ace Oldfields Tbk.,--UO2130000000C121------------,93.0,93.0,94.0,88.0,91.0,-2.0,50137800,4505107000,4451,46.7,91,83400,90,466000,1292808150,1292808150,371294501,171100,285700,0,0,0
2026-01-23,KUAS,Ace Oldfields Tbk.,--UO2130000000C121------------,86.0,87.0,113.0,85.0,93.0,7.0,802315500,83105743700,42339,47.7,94,230500,93,22900,1292808150,1292808150,371294501,17032900,16790900,0,0,0
2026-01-22,KUAS,Ace Oldfields Tbk.,--UO2130000000C121------------,88.0,88.0,91.0,85.0,86.0,-2.0,37144800,3241929300,2987,44.1,86,1291600,85,2089500,1292808150,1292808150,371294501,67000,393800,0,0,0
2026-01-21,KUAS,Ace Oldfields Tbk.,--UO2130000000C121------------,83.0,84.0,97.0,82.0,88.0,5.0,203953500,18427007600,11866,45.1,88,2648000,87,727000,1292808150,1292808150,371294501,3285000,3961200,0,0,0
2026-01-20,KUAS,Ace Oldfields Tbk.,--UO2130000000C121------------,81.0,82.0,85.0,82.0,83.0,2.0,17216200,1440748600,1230,42.6,83,85100,82,1118700,1292808150,1292808150,371294501,183800,131000,0,0,0
2026-01-19,KUAS,Ace Oldfields Tbk.,--UO2130000000C121------------,80.0,81.0,83.0,80.0,81.0,1.0,16389200,1335191100,937,41.5,82,131400,81,3111100,1292808150,1292808150,371294501,68300,147900,0,0,0
2026-01-15,KUAS,Ace Oldfields Tbk.,--UO2130000000C121------------,83.0,85.0,88.0,79.0,80.0,-3.0,64559600,5425233100,8066,41.0,81,230500,80,268600,1292808150,1292808150,371294501,1098800,300000,0,0,0
2026-01-14,KUAS,Ace Oldfields Tbk.,--UO2130000000C121------------,79.0,78.0,87.0,78.0,83.0,4.0,52486500,4324021800,9938,42.6,83,960100,82,4959800,1292808150,1292808150,371294501,31500,1100800,0,0,0
2026-01-13,KUAS,Ace Oldfields Tbk.,--UO2130000000C121------------,79.0,79.0,80.0,78.0,79.0,0.0,9067800,713884100,663,40.5,79,182500,78,72300,1292808150,1292808150,371294501,58800,315800,0,0,0
2026-01-12,KUAS,Ace Oldfields Tbk.,--UO2130000000C121------------,79.0,81.0,81.0,77.0,79.0,0.0,13609600,1070699100,1068,40.5,79,992300,78,326600,1292808150,1292808150,371294501,583500,21300,0,0,0
2026-01-09,KUAS,Ace Oldfields Tbk.,--UO2130000000C121------------,77.0,76.0,82.0,76.0,79.0,2.0,35430100,2825878600,8709,40.5,80,875400,79,487800,1292808150,1292808150,371294501,2300,633200,0,0,0
2026-01-08,KUAS,Ace Oldfields Tbk.,--UO2130000000C121------------,77.0,78.0,79.0,76.0,77.0,0.0,9863600,768703800,737,39.5,78,144200,77,1683900,1292808150,1292808150,371294501,32000,0,0,0,0
2026-01-07,KUAS,Ace Oldfields Tbk.,--UO2130000000C121------------,79.0,80.0,80.0,75.0,77.0,-2.0,18171700,1392851000,1280,39.5,78,817400,77,5100,1292808150,1292808150,371294501,4600,304300,0,0,0
2026-01-06,KUAS,Ace Oldfields Tbk.,--UO2130000000C121------------,79.0,79.0,80.0,77.0,79.0,0.0,9135000,716693900,866,40.5,80,2395700,79,309300,1292808150,1292808150,371294501,60400,270000,0,0,0
2026-01-05,KUAS,Ace Oldfields Tbk.,--UO2130000000C121------------,80.0,79.0,84.0,77.0,79.0,-1.0,27089700,2174640500,3907,40.5,80,1534900,79,450600,1292808150,1292808150,371294501,60100,32900,0,0,0
2026-01-02,KUAS,Ace Oldfields Tbk.,--UO2130000000C121------------,75.0,75.0,81.0,74.0,80.0,5.0,26472900,2056779100,5803,41.0,81,931200,80,531500,1292808150,1292808150,371294501,58500,57000,0,0,0
2025-12-30,KUAS,Ace Oldfields Tbk.,--UO2130000000C121------------,78.0,78.0,78.0,74.0,75.0,-3.0,17636100,1330974500,1878,38.5,76,1370900,75,171300,1292808150,1292808150,371294501,1122900,90400,0,0,0
2025-12-29,KUAS,Ace Oldfields Tbk.,--UO2130000000C121------------,77.0,77.0,84.0,76.0,78.0,1.0,25387200,1994301600,2918,40.0,79,577900,78,25400,1292808150,1292808150,371294501,66500,361600,0,0,0
2025-12-24,KUAS,Ace Oldfields Tbk.,--UO2130000000C121------------,76.0,87.0,96.0,77.0,77.0,1.0,500026100,44608327300,30946,39.5,78,1419800,77,511500,1292808150,1292808150,371294501,1203400,1230000,0,0,0
2025-12-23,KUAS,Ace Oldfields Tbk.,--UO2130000000C121------------,74.0,74.0,79.0,71.0,76.0,2.0,27487400,2065018500,3524,39.0,77,380100,76,6113700,1292808150,1292808150,371294501,38700,61400,0,0,0
2025-12-22,KUAS,Ace Oldfields Tbk.,--UO2130000000C121------------,78.0,77.0,77.0,71.0,74.0,-4.0,34939400,2570533000,2271,37.9,74,852000,73,2102600,1292808150,1292808150,371294501,20200,361900,0,0,0
2025-12-19,KUAS,Ace Oldfields Tbk.,--UO2130000000C121------------,76.0,77.0,88.0,77.0,78.0,2.0,127643900,10355300700,8563,40.0,78,2320700,77,1393300,1292808150,1292808150,371294501,44900,14700,0,0,0
2025-12-18,KUAS,Ace Oldfields Tbk.,--UO2130000000C121------------,72.0,73.0,90.0,71.0,76.0,4.0,112483100,9365982600,3909,39.0,77,72100,76,707400,1292808150,1292808150,371294501,23200,200000,0,0,0
2025-12-17,KUAS,Ace Oldfields Tbk.,--UO2130000000C121------------,71.0,71.0,74.0,71.0,72.0,1.0,6124400,443036500,476,36.9,73,1875200,72,16900,1292808150,1292808150,371294501,24300,23600,0,0,0
2025-12-16,KUAS,Ace Oldfields Tbk.,--UO2130000000C121------------,71.0,71.0,73.0,71.0,71.0,0.0,3963700,283818100,440,36.4,72,52400,71,1669700,1292808150,1292808150,371294501,47000,23500,0,0,0
2025-12-15,KUAS,Ace Oldfields Tbk.,--UO2130000000C121------------,72.0,73.0,74.0,70.0,71.0,-1.0,9132900,652802600,720,36.4,72,300,71,1186700,1292808150,1292808150,371294501,60500,29700,0,0,0
2025-12-12,KUAS,Ace Oldfields Tbk.,--UO2130000000C121------------,76.0,76.0,77.0,72.0,72.0,-4.0,11453700,846815500,1110,36.9,73,736900,72,1285900,1292808150,1292808150,371294501,44100,360200,0,0,0
2025-12-11,KUAS,Ace Oldfields Tbk.,--UO2130000000C121------------,75.0,76.0,79.0,74.0,76.0,1.0,11604200,885924800,902,39.0,76,363500,75,1396300,1292808150,1292808150,371294501,48600,97900,0,0,0
2025-12-10,KUAS,Ace Oldfields Tbk.,--UO2130000000C121------------,79.0,79.0,80.0,75.0,75.0,-4.0,19241800,1470792900,1433,38.5,76,52700,75,910600,1292808150,1292808150,371294501,56700,45700,0,0,0
2025-12-09,KUAS,Ace Oldfields Tbk.,--UO2130000000C121------------,78.0,79.0,86.0,77.0,79.0,1.0,150810400,12344427700,11304,40.5,79,1750500,78,2116600,1292808150,1292808150,371294501,77400,57300,0,0,0
2025-12-08,KUAS,Ace Oldfields Tbk.,--UO2130000000C121------------,75.0,76.0,80.0,75.0,78.0,3.0,26938100,2087239400,1808,40.0,79,2417900,78,2889700,1292808150,1292808150,371294501,90700,85000,0,0,0
2025-12-05,KUAS,Ace Oldfields Tbk.,--UO2130000000C121------------,73.0,73.0,81.0,73.0,75.0,2.0,67385500,5215111300,3219,38.5,76,60000,75,3134600,1292808150,1292808150,371294501,97400,382300,0,0,0
2025-12-04,KUAS,Ace Oldfields Tbk.,--UO2130000000C121------------,74.0,74.0,75.0,73.0,73.0,-1.0,5388900,395179600,585,37.4,74,503800,73,2961000,1292808150,1292808150,371294501,5400,19500,0,0,0
2025-12-03,KUAS,Ace Oldfields Tbk.,--UO2130000000C121------------,74.0,74.0,75.0,73.0,74.0,0.0,8043900,591019600,702,37.9,74,593600,73,1560200,1292808150,1292808150,371294501,22500,40500,0,0,0
2025-12-02,KUAS,Ace Oldfields Tbk.,--UO2130000000C121------------,74.0,74.0,76.0,72.0,74.0,0.0,18586500,1373313200,1316,37.9,74,85600,73,2569200,1292808150,1292808150,371294501,43700,22600,0,0,0
2025-12-01,KUAS,Ace Oldfields Tbk.,--UO2130000000C121------------,74.0,74.0,74.0,72.0,74.0,0.0,8003000,586007800,833,37.9,74,752200,73,2412700,1292808150,1292808150,371294501,35800,24500,0,0,0
2025-11-28,KUAS,Ace Oldfields Tbk.,--UO2130000000C121------------,75.0,75.0,76.0,72.0,74.0,-1.0,18913000,1388388200,1180,37.9,74,569000,73,4403200,1292808150,1292808150,371294501,78200,94900,0,0,0
2025-11-27,KUAS,Ace Oldfields Tbk.,--UO2130000000C121------------,78.0,76.0,76.0,72.0,75.0,-3.0,51162100,3774861900,3638,38.5,75,117700,74,2700100,1292808150,1292808150,371294501,0,106300,0,0,0
2025-11-26,KUAS,Ace Oldfields Tbk.,--UO2130000000C121------------,91.0,86.0,88.0,78.0,78.0,-13.0,161815500,13187046300,9770,40.0,78,2538400,0,0,1292808150,1292808150,371294501,400,9400,0,0,0
2025-11-25,KUAS,Ace Oldfields Tbk.,--UO2130000000C121------------,68.0,68.0,91.0,67.0,91.0,23.0,671250900,56199326800,33103,46.7,0,0,91,185761800,1292808150,1292808150,371294501,500,0,0,0,0
2025-11-24,KUAS,Ace Oldfields Tbk.,--UO2130000000C121------------,68.0,68.0,69.0,67.0,68.0,0.0,3301500,223186200,255,34.9,68,530500,67,696400,1292808150,1292808150,371294501,0,0,0,0,0
2025-11-22,KUAS,Ace Oldfields Tbk.,--UO2130000000C121------------,77.0,77.0,77.0,68.0,71.0,-6.0,18552000,1326503600,1282,36.4,72,129900,71,8200,1292808150,1292808150,371294501,701900,2313600,0,0,0
2025-11-21,KUAS,Ace Oldfields Tbk.,--UO2130000000C121------------,67.0,67.0,68.0,66.0,68.0,1.0,938800,63360300,140,34.9,68,146200,67,355300,1292808150,1292808150,371294501,0,0,0,0,0
2025-11-20,KUAS,Ace Oldfields Tbk.,--UO2130000000C121------------,68.0,68.0,68.0,67.0,67.0,-1.0,1316300,88284400,101,34.4,68,1710000,67,341100,1292808150,1292808150,371294501,0,0,0,0,0
2025-11-19,KUAS,Ace Oldfields Tbk.,--UO2130000000C121------------,68.0,68.0,69.0,66.0,68.0,0.0,3277100,220411800,247,34.9,68,275300,67,332900,1292808150,1292808150,371294501,673700,0,0,0,0
2025-11-18,KUAS,Ace Oldfields Tbk.,--UO2130000000C121------------,68.0,67.0,70.0,66.0,68.0,0.0,6861300,469680600,582,34.9,68,29600,67,461300,1292808150,1292808150,371294501,0,673700,0,0,0
2025-11-17,KUAS,Ace Oldfields Tbk.,--UO2130000000C121------------,68.0,68.0,69.0,67.0,68.0,0.0,2869700,193580000,367,34.9,68,2582300,67,755200,1292808150,1292808150,371294501,0,0,0,0,0
2025-11-14,KUAS,Ace Oldfields Tbk.,--UO2130000000C121------------,67.0,67.0,71.0,67.0,68.0,1.0,20383900,1417815800,5021,34.9,69,1029900,68,1470800,1292808150,1292808150,371294501,0,6000,0,0,0
2025-11-13,KUAS,Ace Oldfields Tbk.,--UO2130000000C121------------,68.0,68.0,69.0,67.0,67.0,-1.0,1922100,129696300,186,34.4,68,1966300,67,493800,1292808150,1292808150,371294501,0,0,0,0,0
2025-11-12,KUAS,Ace Oldfields Tbk.,--UO2130000000C121------------,67.0,67.0,68.0,66.0,68.0,1.0,1608900,107700800,177,34.9,68,1251400,67,22000,1292808150,1292808150,371294501,0,0,0,0,0
2025-11-11,KUAS,Ace Oldfields Tbk.,--UO2130000000C121------------,67.0,67.0,68.0,66.0,67.0,0.0,1843400,122850800,192,34.4,67,286100,66,221600,1292808150,1292808150,371294501,0,0,0,0,0
2025-11-10,KUAS,Ace Oldfields Tbk.,--UO2130000000C121------------,67.0,66.0,68.0,65.0,67.0,0.0,4283300,287896500,270,34.4,67,319700,66,694800,1292808150,1292808150,371294501,0,0,0,0,0
2025-11-07,KUAS,Ace Oldfields Tbk.,--UO2130000000C121------------,66.0,66.0,67.0,65.0,67.0,1.0,916100,60253700,198,34.4,67,1385000,65,925200,1292808150,1292808150,371294501,0,0,0,0,0
2025-11-06,KUAS,Ace Oldfields Tbk.,--UO2130000000C121------------,67.0,68.0,68.0,66.0,66.0,-1.0,3235400,214419600,215,33.8,67,699500,66,1625700,1292808150,1292808150,371294501,0,0,0,0,0
2025-11-05,KUAS,Ace Oldfields Tbk.,--UO2130000000C121------------,65.0,66.0,70.0,65.0,67.0,2.0,13572300,919473800,1976,34.4,68,439100,66,1846500,1292808150,1292808150,371294501,0,0,0,0,0
2025-11-04,KUAS,Ace Oldfields Tbk.,--UO2130000000C121------------,67.0,67.0,72.0,65.0,65.0,-2.0,13148100,895648100,796,33.3,66,1985000,65,1004800,1292808150,1292808150,371294501,0,0,0,0,0
2025-11-03,KUAS,Ace Oldfields Tbk.,--UO2130000000C121------------,65.0,66.0,69.0,65.0,67.0,2.0,4285200,284893800,402,34.4,67,104400,66,800,1292808150,1292808150,371294501,0,0,0,0,0
2025-10-31,KUAS,Ace Oldfields Tbk.,--UO2130000000C121------------,66.0,67.0,67.0,65.0,65.0,-1.0,1408200,92165000,170,33.3,66,20000,65,350600,1292808150,1292808150,371294501,0,0,0,0,0
2025-10-30,KUAS,Ace Oldfields Tbk.,--UO2130000000C121------------,68.0,68.0,68.0,65.0,66.0,-2.0,3315600,219707900,323,33.8,66,24500,65,1223200,1292808150,1292808150,371294501,0,0,0,0,0
2025-10-29,KUAS,Ace Oldfields Tbk.,--UO2130000000C121------------,64.0,65.0,70.0,64.0,68.0,4.0,16043000,1079134700,1424,34.9,68,533500,67,155000,1292808150,1292808150,371294501,0,0,0,0,0
2025-10-28,KUAS,Ace Oldfields Tbk.,--UO2130000000C121------------,64.0,65.0,65.0,63.0,64.0,0.0,1048300,66651800,166,32.8,65,292500,64,349900,1292808150,1292808150,371294501,0,0,0,0,0
2025-10-27,KUAS,Ace Oldfields Tbk.,--UO2130000000C121------------,65.0,66.0,66.0,62.0,64.0,-1.0,2556600,164252300,300,32.8,65,200200,64,22500,1292808150,1292808150,371294501,0,0,0,0,0
2025-10-24,KUAS,Ace Oldfields Tbk.,--UO2130000000C121------------,65.0,65.0,67.0,64.0,65.0,0.0,4110200,269241500,344,33.3,66,124200,65,1108200,1292808150,1292808150,371294501,0,0,0,0,0
2025-10-23,KUAS,Ace Oldfields Tbk.,--UO2130000000C121------------,64.0,65.0,67.0,64.0,65.0,1.0,4185500,272498900,363,33.3,66,365400,65,67000,1292808150,1292808150,371294501,0,0,0,0,0
2025-10-22,KUAS,Ace Oldfields Tbk.,--UO2130000000C121------------,66.0,67.0,67.0,60.0,64.0,-2.0,13821800,868562000,919,32.8,64,80300,63,371900,1292808150,1292808150,371294501,1197800,0,0,0,0
2025-10-21,KUAS,Ace Oldfields Tbk.,--UO2130000000C121------------,67.0,67.0,67.0,66.0,66.0,-1.0,1135600,75129400,255,33.8,67,1677200,66,452900,1292808150,1292808150,371294501,13500,0,0,0,0
2025-10-20,KUAS,Ace Oldfields Tbk.,--UO2130000000C121------------,66.0,66.0,69.0,65.0,67.0,1.0,4211500,280310100,681,34.4,67,349500,66,565100,1292808150,1292808150,371294501,0,0,0,0,0
2025-10-17,KUAS,Ace Oldfields Tbk.,--UO2130000000C121------------,69.0,69.0,69.0,64.0,66.0,-3.0,5408900,360069100,355,33.8,67,250700,66,409100,1292808150,1292808150,371294501,0,0,0,0,0
2025-10-16,KUAS,Ace Oldfields Tbk.,--UO2130000000C121------------,69.0,69.0,69.0,68.0,69.0,0.0,2924900,199415000,268,35.4,69,1443700,68,447300,1292808150,1292808150,371294501,0,0,0,0,0
2025-10-15,KUAS,Ace Oldfields Tbk.,--UO2130000000C121------------,70.0,70.0,70.0,67.0,69.0,-1.0,5756200,395413600,395,35.4,69,1616800,68,6900,1292808150,1292808150,371294501,0,1197800,0,0,0
2025-10-14,KUAS,Ace Oldfields Tbk.,--UO2130000000C121------------,70.0,70.0,75.0,67.0,70.0,0.0,50707700,3654347200,18848,35.9,70,975900,69,294100,1292808150,1292808150,371294501,790000,0,0,0,0
2025-10-13,KUAS,Ace Oldfields Tbk.,--UO2130000000C121------------,70.0,71.0,73.0,70.0,70.0,0.0,7610900,544610600,732,35.9,71,100400,70,2884500,1292808150,1292808150,371294501,0,0,0,0,0
2025-10-10,KUAS,Ace Oldfields Tbk.,--UO2130000000C121------------,71.0,71.0,71.0,69.0,70.0,-1.0,1451000,101540200,156,35.9,71,198100,70,1969600,1292808150,1292808150,371294501,0,0,0,0,0
2025-10-09,KUAS,Ace Oldfields Tbk.,--UO2130000000C121------------,71.0,71.0,72.0,69.0,71.0,0.0,5398900,378320200,397,36.4,71,584200,70,23700,1292808150,1292808150,371294501,0,0,0,0,0
2025-10-08,KUAS,Ace Oldfields Tbk.,--UO2130000000C121------------,71.0,71.0,72.0,70.0,71.0,0.0,4627600,329473900,288,36.4,72,1094800,71,141300,1292808150,1292808150,371294501,0,0,0,0,0
2025-10-07,KUAS,Ace Oldfields Tbk.,--UO2130000000C121------------,72.0,73.0,73.0,71.0,71.0,-1.0,3854600,275175100,291,36.4,72,693700,71,278300,1292808150,1292808150,371294501,0,0,0,0,0
2025-10-06,KUAS,Ace Oldfields Tbk.,--UO2130000000C121------------,72.0,72.0,73.0,71.0,72.0,0.0,2486200,178759200,325,36.9,72,150000,71,939600,1292808150,1292808150,371294501,0,0,0,0,0
2025-10-03,KUAS,Ace Oldfields Tbk.,--UO2130000000C121------------,73.0,73.0,74.0,71.0,72.0,-1.0,5701300,412284500,311,36.9,72,80300,71,1494700,1292808150,1292808150,371294501,0,0,0,0,0
2025-10-02,KUAS,Ace Oldfields Tbk.,--UO2130000000C121------------,71.0,71.0,74.0,71.0,73.0,2.0,7705500,557123900,498,37.4,73,893800,72,572900,1292808150,1292808150,371294501,1480200,0,0,0,0
2025-10-01,KUAS,Ace Oldfields Tbk.,--UO2130000000C121------------,71.0,71.0,74.0,71.0,71.0,0.0,6123500,440694500,347,36.4,72,19600,71,2007900,1292808150,1292808150,371294501,0,0,0,0,0
2025-09-30,KUAS,Ace Oldfields Tbk.,--UO2130000000C121------------,72.0,72.0,73.0,70.0,71.0,-1.0,4634300,331155100,293,36.4,72,18200,71,245400,1292808150,1292808150,371294501,200,0,0,0,0
2025-09-29,KUAS,Ace Oldfields Tbk.,--UO2130000000C121------------,70.0,70.0,72.0,70.0,72.0,2.0,5854900,414004500,355,36.9,72,1009500,71,478900,1292808150,1292808150,371294501,0,1480200,0,0,0
2025-09-26,KUAS,Ace Oldfields Tbk.,--UO2130000000C121------------,70.0,70.0,71.0,69.0,70.0,0.0,3031000,210672300,295,35.9,71,2470100,70,177800,1292808150,1292808150,371294501,0,0,0,0,0
2025-09-25,KUAS,Ace Oldfields Tbk.,--UO2130000000C121------------,72.0,72.0,72.0,69.0,70.0,-2.0,3376500,237995300,319,35.9,71,2021200,70,185100,1292808150,1292808150,371294501,0,0,0,0,0
2025-09-24,KUAS,Ace Oldfields Tbk.,--UO2130000000C121------------,72.0,72.0,73.0,70.0,72.0,0.0,7498400,537186300,427,36.9,73,574100,72,10500,1292808150,1292808150,371294501,0,0,0,0,0
2025-09-23,KUAS,Ace Oldfields Tbk.,--UO2130000000C121------------,72.0,73.0,74.0,72.0,72.0,0.0,6356800,462462000,499,36.9,73,399800,72,407500,1292808150,1292808150,371294501,0,0,0,0,0
2025-09-22,KUAS,Ace Oldfields Tbk.,--UO2130000000C121------------,72.0,72.0,73.0,71.0,72.0,0.0,3488800,250254200,421,36.9,72,342600,71,1297400,1292808150,1292808150,371294501,0,0,0,0,0
2025-09-19,KUAS,Ace Oldfields Tbk.,--UO2130000000C121------------,74.0,75.0,75.0,71.0,72.0,-2.0,6028500,434810900,430,36.9,72,1428700,71,1499700,1292808150,1292808150,371294501,0,89000,0,0,0
2025-09-18,KUAS,Ace Oldfields Tbk.,--UO2130000000C121------------,72.0,73.0,79.0,71.0,74.0,2.0,56344400,4264226900,7502,37.9,74,374000,73,100,1292808150,1292808150,371294501,0,0,0,0,0
2025-09-17,KUAS,Ace Oldfields Tbk.,--UO2130000000C121------------,72.0,73.0,75.0,71.0,72.0,0.0,8369600,608196200,1489,36.9,73,351600,72,19800,1292808150,1292808150,371294501,0,0,0,0,0
2025-09-16,KUAS,Ace Oldfields Tbk.,--UO2130000000C121------------,74.0,75.0,75.0,72.0,72.0,-2.0,10369400,759367500,785,36.9,73,37000,72,60700,1292808150,1292808150,371294501,0,0,0,0,0
2025-09-15,KUAS,Ace Oldfields Tbk.,--UO2130000000C121------------,71.0,71.0,76.0,70.0,74.0,3.0,30225200,2233037700,8243,37.9,74,315900,73,16700,1292808150,1292808150,371294501,400,27000,0,0,0
2025-09-12,KUAS,Ace Oldfields Tbk.,--UO2130000000C121------------,71.0,72.0,73.0,70.0,71.0,0.0,7174900,513157100,601,36.4,71,218800,70,451200,1292808150,1292808150,371294501,0,10000,0,0,0
2025-09-11,KUAS,Ace Oldfields Tbk.,--UO2130000000C121------------,69.0,70.0,72.0,68.0,71.0,2.0,4355700,307367400,401,36.4,71,391600,70,189200,1292808150,1292808150,371294501,0,0,0,0,0
2025-09-10,KUAS,Ace Oldfields Tbk.,--UO2130000000C121------------,69.0,70.0,72.0,68.0,69.0,0.0,3308300,230141700,431,35.4,70,80600,69,134000,1292808150,1292808150,371294501,0,0,0,0,0
2025-09-09,KUAS,Ace Oldfields Tbk.,--UO2130000000C121------------,73.0,73.0,74.0,68.0,69.0,-4.0,11127400,781848800,761,35.4,70,58000,69,246300,1292808150,1292808150,371294501,0,10000,0,0,0
2025-09-08,KUAS,Ace Oldfields Tbk.,--UO2130000000C121------------,73.0,73.0,79.0,71.0,73.0,0.0,48783200,3678625800,2751,37.4,73,1058800,72,1052900,1292808150,1292808150,371294501,15000,0,0,0,0
2025-09-04,KUAS,Ace Oldfields Tbk.,--UO2130000000C121------------,71.0,73.0,75.0,71.0,73.0,2.0,13124800,958437400,962,37.4,73,437400,72,287000,1292808150,1292808150,371294501,46400,0,0,0,0
2025-09-03,KUAS,Ace Oldfields Tbk.,--UO2130000000C121------------,68.0,68.0,76.0,67.0,71.0,3.0,30667200,2211030700,1581,36.4,73,1215400,71,830000,1292808150,1292808150,371294501,48900,43600,0,0,0
2025-09-02,KUAS,Ace Oldfields Tbk.,--UO2130000000C121------------,66.0,66.0,71.0,66.0,68.0,2.0,13100800,892554500,845,34.9,69,158100,68,32000,1292808150,1292808150,371294501,75800,67200,0,0,0
2025-09-01,KUAS,Ace Oldfields Tbk.,--UO2130000000C121------------,67.0,67.0,70.0,60.0,66.0,-1.0,21115100,1397605400,1289,33.8,67,246700,66,19800,1292808150,1292808150,371294501,71900,73600,0,0,0
2025-08-29,KUAS,Ace Oldfields Tbk.,--UO2130000000C121------------,73.0,73.0,73.0,63.0,67.0,-6.0,22826400,1517117600,1198,34.4,68,165000,67,2899200,1292808150,1292808150,371294501,8800,774100,0,0,0
2025-08-28,KUAS,Ace Oldfields Tbk.,--UO2130000000C121------------,74.0,75.0,75.0,72.0,73.0,-1.0,7913100,576400900,596,37.4,73,4610100,72,391500,1292808150,1292808150,371294501,65600,0,0,0,0
2025-08-27,KUAS,Ace Oldfields Tbk.,--UO2130000000C121------------,76.0,76.0,76.0,73.0,74.0,-2.0,7715500,572086700,661,37.9,74,560200,73,1044000,1292808150,1292808150,371294501,230400,22800,0,0,0
2025-08-26,KUAS,Ace Oldfields Tbk.,--UO2130000000C121------------,76.0,76.0,78.0,75.0,76.0,0.0,17270300,1317862300,1504,39.0,76,1716300,75,1642300,1292808150,1292808150,371294501,65400,56600,0,0,0
2025-08-25,KUAS,Ace Oldfields Tbk.,--UO2130000000C121------------,73.0,73.0,78.0,72.0,76.0,3.0,56144700,4244910000,13525,39.0,76,761800,75,802800,1292808150,1292808150,371294501,46300,105300,0,0,0
2025-08-22,KUAS,Ace Oldfields Tbk.,--UO2130000000C121------------,72.0,73.0,76.0,70.0,73.0,1.0,32194700,2378011900,1631,37.4,74,495700,73,13100,1292808150,1292808150,371294501,61000,0,0,0,0
2025-08-21,KUAS,Ace Oldfields Tbk.,--UO2130000000C121------------,71.0,71.0,75.0,70.0,72.0,1.0,23755900,1716895600,1445,36.9,72,228700,71,55900,1292808150,1292808150,371294501,46000,57400,0,0,0
2025-08-20,KUAS,Ace Oldfields Tbk.,--UO2130000000C121------------,68.0,69.0,73.0,68.0,71.0,3.0,35164600,2490164200,1763,36.4,71,495900,70,988200,1292808150,1292808150,371294501,23900,90100,0,0,0
2025-08-19,KUAS,Ace Oldfields Tbk.,--UO2130000000C121------------,70.0,70.0,74.0,64.0,68.0,-2.0,60413100,4179508100,3413,34.9,69,376900,68,3198800,1292808150,1292808150,371294501,200000,29700,0,0,0
2025-08-15,KUAS,Ace Oldfields Tbk.,--UO2130000000C121------------,70.0,71.0,85.0,68.0,70.0,0.0,219797800,16795962400,9794,35.9,71,42700,70,4549100,1292808150,1292808150,371294501,337700,0,0,0,0
2025-08-14,KUAS,Ace Oldfields Tbk.,--UO2130000000C121------------,71.0,72.0,72.0,68.0,70.0,-1.0,14490800,1012547300,1250,35.9,71,632200,70,506800,1292808150,1292808150,371294501,8000,23000,0,0,0
2025-08-13,KUAS,Ace Oldfields Tbk.,--UO2130000000C121------------,72.0,71.0,76.0,67.0,71.0,-1.0,69907600,5026484600,4012,36.4,72,48700,71,2255800,1292808150,1292808150,371294501,999800,326700,0,0,0
2025-08-12,KUAS,Ace Oldfields Tbk.,--UO2130000000C121------------,66.0,66.0,81.0,65.0,72.0,6.0,193898600,14400069300,16956,36.9,72,772100,71,738200,1292808150,1292808150,371294501,1194800,695800,0,0,0
2025-08-11,KUAS,Ace Oldfields Tbk.,--UO2130000000C121------------,67.0,68.0,68.0,62.0,66.0,-1.0,19426800,1258508200,1668,33.8,66,853300,65,10200,1292808150,1292808150,371294501,20900,994800,0,0,0
2025-08-08,KUAS,Ace Oldfields Tbk.,--UO2130000000C121------------,68.0,67.0,70.0,65.0,67.0,-1.0,26711300,1792423800,1569,34.4,67,1480800,66,2346400,1292808150,1292808150,371294501,388400,20900,0,0,0
2025-08-07,KUAS,Ace Oldfields Tbk.,--UO2130000000C121------------,65.0,66.0,70.0,64.0,68.0,3.0,54145900,3643945500,3318,34.9,68,375200,67,89200,1292808150,1292808150,371294501,211100,382800,235000,13865000,1
2025-08-06,KUAS,Ace Oldfields Tbk.,--UO2130000000C121------------,65.0,66.0,71.0,64.0,65.0,0.0,34419500,2288516300,1671,33.3,66,1099500,65,1843800,1292808150,1292808150,371294501,125600,28500,0,0,0
2025-08-05,KUAS,Ace Oldfields Tbk.,--UO2130000000C121------------,68.0,69.0,70.0,63.0,65.0,-3.0,41478600,2746502100,2225,33.3,66,566400,65,3086500,1292808150,1292808150,371294501,300000,13800,0,0,0
2025-08-04,KUAS,Ace Oldfields Tbk.,--UO2130000000C121------------,66.0,64.0,73.0,61.0,68.0,2.0,74342300,5070078100,4405,34.9,69,97300,68,368400,1292808150,1292808150,371294501,771000,571000,0,0,0
2025-08-01,KUAS,Ace Oldfields Tbk.,--UO2130000000C121------------,68.0,82.0,86.0,66.0,66.0,-2.0,212878700,16561170400,11883,33.8,66,458000,65,391600,1292808150,1292808150,371294501,637200,337200,0,0,0
2025-07-31,KUAS,Ace Oldfields Tbk.,--UO2130000000C121------------,51.0,55.0,68.0,54.0,68.0,17.0,130581600,8490210300,5473,34.9,0,0,68,20688100,1292808150,1292808150,371294501,1300000,100000,0,0,0
2025-07-30,KUAS,Ace Oldfields Tbk.,--UO2130000000C121------------,51.0,51.0,52.0,51.0,51.0,0.0,2064500,106539000,99,26.2,52,536200,51,150900,1292808150,1292808150,371294501,0,0,0,0,0
2025-07-29,KUAS,Ace Oldfields Tbk.,--UO2130000000C121------------,52.0,52.0,52.0,51.0,51.0,-1.0,684700,34932400,75,26.2,52,1576500,51,153000,1292808150,1292808150,371294501,0,0,0,0,0
2025-07-28,KUAS,Ace Oldfields Tbk.,--UO2130000000C121------------,50.0,51.0,52.0,50.0,52.0,2.0,3687200,188322400,210,26.7,52,1374500,51,44300,1292808150,1292808150,371294501,0,0,0,0,0
2025-07-25,KUAS,Ace Oldfields Tbk.,--UO2130000000C121------------,50.0,51.0,51.0,50.0,50.0,0.0,459500,23202500,52,25.6,51,859100,50,687500,1292808150,1292808150,371294501,0,220600,0,0,0
2025-07-24,KUAS,Ace Oldfields Tbk.,--UO2130000000C121------------,50.0,51.0,51.0,50.0,50.0,0.0,702300,35122600,45,25.6,51,1070300,50,651300,1292808150,1292808150,371294501,0,0,0,0,0
2025-07-23,KUAS,Ace Oldfields Tbk.,--UO2130000000C121------------,51.0,50.0,51.0,50.0,50.0,-1.0,289600,14492700,28,25.6,51,1070500,50,2536600,1292808150,1292808150,371294501,0,0,0,0,0
2025-07-22,KUAS,Ace Oldfields Tbk.,--UO2130000000C121------------,51.0,51.0,51.0,50.0,51.0,0.0,138400,6996800,23,26.2,51,720300,50,3377400,1292808150,1292808150,371294501,0,0,0,0,0
2025-07-21,KUAS,Ace Oldfields Tbk.,--UO2130000000C121------------,50.0,50.0,51.0,50.0,51.0,1.0,905600,46101100,78,26.2,51,715400,50,1799500,1292808150,1292808150,371294501,0,0,0,0,0
2025-07-18,KUAS,Ace Oldfields Tbk.,--UO2130000000C121------------,51.0,51.0,51.0,50.0,50.0,-1.0,1369900,68517900,55,25.6,51,1159400,50,735800,1292808150,1292808150,371294501,0,0,0,0,0
2025-07-17,KUAS,Ace Oldfields Tbk.,--UO2130000000C121------------,51.0,51.0,51.0,50.0,51.0,0.0,107800,5440900,26,26.2,51,857500,50,2270500,1292808150,1292808150,371294501,0,0,0,0,0
2025-07-16,KUAS,Ace Oldfields Tbk.,--UO2130000000C121------------,51.0,0.0,51.0,50.0,51.0,0.0,1449700,72490000,68,26.2,51,395900,50,2197600,1292808150,1292808150,371294501,0,0,0,0,0
2025-07-15,KUAS,Ace Oldfields Tbk.,--UO2130000000C121------------,51.0,51.0,51.0,50.0,51.0,0.0,175000,8898200,28,26.2,51,143700,50,2061900,1292808150,1292808150,371294501,0,0,0,0,0
2025-07-14,KUAS,Ace Oldfields Tbk.,--UO2130000000C121------------,51.0,50.0,52.0,50.0,51.0,0.0,576100,29442900,51,26.2,52,583200,51,125700,1292808150,1292808150,371294501,0,0,0,0,0
2025-07-11,KUAS,Ace Oldfields Tbk.,XDUO2130000000C121------------,50.0,0.0,51.0,50.0,51.0,1.0,462700,23596700,31,26.2,51,120800,50,1963100,1292808150,1292808150,371294501,0,0,0,0,0
2025-07-10,KUAS,Ace Oldfields Tbk.,XDUO2130000000C121------------,50.0,50.0,52.0,50.0,50.0,0.0,747500,38074100,70,25.6,51,20100,50,1111300,1292808150,1292808150,371294501,0,0,0,0,0
2025-07-09,KUAS,Ace Oldfields Tbk.,XDUO2130000000C121------------,50.0,50.0,51.0,50.0,50.0,0.0,570500,28527500,34,25.6,51,480200,50,552900,1292808150,1292808150,371294501,0,0,0,0,0
2025-07-08,KUAS,Ace Oldfields Tbk.,XDUO2130000000C121------------,50.0,50.0,51.0,50.0,50.0,0.0,51900,2642100,20,25.6,51,638700,50,1512100,1292808150,1292808150,371294501,0,0,0,0,0
2025-07-07,KUAS,Ace Oldfields Tbk.,XDUO2130000000C121------------,51.0,51.0,51.0,50.0,50.0,-1.0,251700,12640800,43,25.6,51,1587600,50,1071300,1292808150,1292808150,371294501,0,0,0,0,0
2025-07-04,KUAS,Ace Oldfields Tbk.,XDUO2130000000C121------------,50.0,51.0,51.0,50.0,51.0,1.0,37300,1879000,31,26.2,51,899800,50,775000,1292808150,1292808150,371294501,0,0,0,0,0
2025-07-03,KUAS,Ace Oldfields Tbk.,XDUO2130000000C121------------,50.0,0.0,51.0,50.0,50.0,0.0,428500,21426200,54,25.6,51,590700,50,714900,1292808150,1292808150,371294501,0,79400,0,0,0
2025-07-02,KUAS,Ace Oldfields Tbk.,XDUO2130000000C121------------,51.0,51.0,51.0,50.0,50.0,-1.0,576600,28874800,49,25.6,51,1427000,50,329200,1292808150,1292808150,371294501,0,0,0,0,0
2025-07-01,KUAS,Ace Oldfields Tbk.,XDUO2130000000C121------------,50.0,51.0,51.0,50.0,51.0,1.0,94500,4787000,17,26.2,51,1283000,50,624700,1292808150,1292808150,371294501,0,0,0,0,0
2025-06-30,KUAS,Ace Oldfields Tbk.,XDUO2130000000C121------------,50.0,51.0,51.0,50.0,50.0,0.0,580200,29125400,61,25.6,51,528900,50,408100,1292808150,1292808150,371294501,0,0,0,0,0
2025-06-26,KUAS,Ace Oldfields Tbk.,XDUO2130000000C121------------,50.0,50.0,51.0,50.0,50.0,0.0,758600,37949600,35,25.6,51,1519000,50,1026900,1292808150,1292808150,371294501,0,0,0,0,0
2025-06-25,KUAS,Ace Oldfields Tbk.,XDUO2130000000C121------------,51.0,51.0,51.0,50.0,50.0,-1.0,503900,25200300,44,25.6,51,2441200,50,94100,1292808150,1292808150,371294501,0,0,0,0,0
2025-06-24,KUAS,Ace Oldfields Tbk.,XDUO2130000000C121------------,50.0,50.0,51.0,50.0,51.0,1.0,141100,7058700,36,26.2,51,2759700,50,248800,1292808150,1292808150,371294501,0,0,0,0,0
2025-06-23,KUAS,Ace Oldfields Tbk.,XDUO2130000000C121------------,51.0,50.0,51.0,50.0,50.0,-1.0,1337400,66971500,77,25.6,50,311500,0,0,1292808150,1292808150,371294501,0,100000,0,0,0
2025-06-20,KUAS,Ace Oldfields Tbk.,--UO2130000000C121------------,50.0,50.0,51.0,50.0,51.0,1.0,1244500,62238800,98,26.2,51,2124600,50,293200,1292808150,1292808150,371294501,0,400000,0,0,0
2025-06-19,KUAS,Ace Oldfields Tbk.,--UO2130000000C121------------,51.0,50.0,51.0,50.0,50.0,-1.0,4522500,226180500,145,25.6,51,1206800,50,539000,1292808150,1292808150,371294501,0,500000,0,0,0
2025-06-18,KUAS,Ace Oldfields Tbk.,CDUO2130000000C121------------,52.0,52.0,52.0,51.0,51.0,-1.0,341100,17532600,48,26.2,52,1545100,51,650100,1292808150,1292808150,371294501,0,0,0,0,0
2025-06-17,KUAS,Ace Oldfields Tbk.,CDUO2130000000C121------------,52.0,52.0,52.0,51.0,52.0,0.0,230100,11818300,40,26.7,52,1821300,51,1487700,1292808150,1292808150,371294501,0,0,0,0,0
2025-06-16,KUAS,Ace Oldfields Tbk.,CDUO2130000000C121------------,52.0,52.0,52.0,51.0,52.0,0.0,1583600,81711100,44,26.7,52,1290600,51,1451900,1292808150,1292808150,371294501,600000,0,0,0,0
2025-06-13,KUAS,Ace Oldfields Tbk.,CDUO2130000000C121------------,51.0,51.0,52.0,51.0,52.0,1.0,850400,43848600,57,26.7,52,1903800,51,496400,1292808150,1292808150,371294501,50000,200000,0,0,0
2025-06-12,KUAS,Ace Oldfields Tbk.,--UO2130000000C121------------,51.0,52.0,52.0,51.0,51.0,0.0,423700,21863900,52,26.2,52,2313500,51,779400,1292808150,1292808150,371294501,29700,0,0,0,0
2025-06-11,KUAS,Ace Oldfields Tbk.,--UO2130000000C121------------,52.0,52.0,53.0,51.0,51.0,-1.0,6897100,352046300,130,26.2,52,2426400,51,84000,1292808150,1292808150,371294501,0,0,0,0,0
2025-06-10,KUAS,Ace Oldfields Tbk.,--UO2130000000C121------------,52.0,51.0,54.0,51.0,52.0,0.0,4286700,223886600,149,26.7,53,270700,52,491600,1292808150,1292808150,371294501,20000,0,0,0,0
2025-06-05,KUAS,Ace Oldfields Tbk.,--UO2130000000C121------------,52.0,52.0,53.0,51.0,52.0,0.0,396600,20615400,43,26.7,52,74300,51,2097400,1292808150,1292808150,371294501,0,0,0,0,0
2025-06-04,KUAS,Ace Oldfields Tbk.,--UO2130000000C121------------,52.0,0.0,53.0,51.0,52.0,0.0,930900,48299300,76,26.7,52,11200,51,1731200,1292808150,1292808150,371294501,0,0,0,0,0
2025-06-03,KUAS,Ace Oldfields Tbk.,--UO2130000000C121------------,52.0,52.0,53.0,51.0,52.0,0.0,392000,20384000,34,26.7,52,73000,51,1505600,1292808150,1292808150,371294501,0,0,0,0,0
2025-06-02,KUAS,Ace Oldfields Tbk.,--UO2130000000C121------------,52.0,51.0,53.0,51.0,52.0,0.0,551000,28651600,72,26.7,52,1000,51,2558300,1292808150,1292808150,371294501,300,0,0,0,0
2025-05-28,KUAS,Ace Oldfields Tbk.,--UO2130000000C121------------,52.0,52.0,52.0,51.0,52.0,0.0,190200,9763300,50,26.7,52,418400,51,1934300,1292808150,1292808150,371294501,0,0,0,0,0
2025-05-27,KUAS,Ace Oldfields Tbk.,--UO2130000000C121------------,52.0,52.0,52.0,51.0,52.0,0.0,416700,21335200,41,26.7,52,452000,51,1188100,1292808150,1292808150,371294501,0,0,0,0,0
2025-05-26,KUAS,Ace Oldfields Tbk.,--UO2130000000C121------------,52.0,52.0,53.0,51.0,52.0,0.0,447700,23166800,76,26.7,52,182100,51,1318600,1292808150,1292808150,371294501,0,0,0,0,0
2025-05-23,KUAS,Ace Oldfields Tbk.,--UO2130000000C121------------,53.0,53.0,53.0,52.0,52.0,-1.0,914900,47606100,82,26.7,53,671700,52,1900,1292808150,1292808150,371294501,0,0,0,0,0
2025-05-22,KUAS,Ace Oldfields Tbk.,--UO2130000000C121------------,52.0,53.0,53.0,52.0,53.0,1.0,514000,26992100,74,27.2,53,538000,52,622600,1292808150,1292808150,371294501,0,0,0,0,0
2025-05-21,KUAS,Ace Oldfields Tbk.,--UO2130000000C121------------,51.0,52.0,55.0,51.0,52.0,1.0,3246500,170579500,280,26.7,53,570600,52,1900,1292808150,1292808150,371294501,0,0,0,0,0
2025-05-20,KUAS,Ace Oldfields Tbk.,--UO2130000000C121------------,52.0,52.0,52.0,51.0,51.0,-1.0,473400,24345600,59,26.2,52,648600,51,1013000,1292808150,1292808150,371294501,0,0,0,0,0
2025-05-19,KUAS,Ace Oldfields Tbk.,--UO2130000000C121------------,51.0,51.0,52.0,51.0,52.0,1.0,421000,21784100,73,26.7,52,450300,51,1278600,1292808150,1292808150,371294501,0,0,0,0,0
2025-05-16,KUAS,Ace Oldfields Tbk.,--UO2130000000C121------------,52.0,52.0,53.0,51.0,51.0,-1.0,1670400,85408600,104,26.2,52,393800,51,1012100,1292808150,1292808150,371294501,0,0,0,0,0
2025-05-15,KUAS,Ace Oldfields Tbk.,--UO2130000000C121------------,53.0,53.0,53.0,52.0,52.0,-1.0,788900,41047300,104,26.7,53,354100,52,61900,1292808150,1292808150,371294501,0,0,0,0,0
2025-05-14,KUAS,Ace Oldfields Tbk.,--UO2130000000C121------------,51.0,51.0,54.0,51.0,53.0,2.0,1749500,91169400,151,27.2,53,339400,52,286800,1292808150,1292808150,371294501,0,0,0,0,0
2025-05-09,KUAS,Ace Oldfields Tbk.,--UO2130000000C121------------,52.0,52.0,54.0,51.0,51.0,-1.0,1867200,96719900,125,26.2,52,2006600,51,2307300,1292808150,1292808150,371294501,0,0,0,0,0
2025-05-08,KUAS,Ace Oldfields Tbk.,--UO2130000000C121------------,51.0,51.0,58.0,50.0,52.0,1.0,36406600,1977170300,1471,26.7,52,800,51,3119800,1292808150,1292808150,371294501,0,0,0,0,0
2025-05-07,KUAS,Ace Oldfields Tbk.,--UO2130000000C121------------,51.0,51.0,52.0,50.0,51.0,0.0,1196100,60922300,77,26.2,52,865800,51,27200,1292808150,1292808150,371294501,0,0,0,0,0
2025-05-06,KUAS,Ace Oldfields Tbk.,--UO2130000000C121------------,50.0,0.0,51.0,50.0,51.0,1.0,531100,26563900,43,26.2,51,771400,50,4687100,1292808150,1292808150,371294501,0,0,0,0,0
2025-05-05,KUAS,Ace Oldfields Tbk.,--UO2130000000C121------------,51.0,51.0,51.0,50.0,50.0,-1.0,297500,14922800,132,25.6,51,781300,50,4826400,1292808150,1292808150,371294501,0,0,0,0,0
2025-05-02,KUAS,Ace Oldfields Tbk.,--UO2130000000C121------------,50.0,51.0,51.0,50.0,51.0,1.0,479200,24237500,42,26.2,51,380900,50,7847700,1292808150,1292808150,371294501,0,0,0,0,0
2025-04-30,KUAS,Ace Oldfields Tbk.,--UO2130000000C121------------,51.0,51.0,51.0,50.0,50.0,-1.0,171900,8704300,129,25.6,51,769700,50,4033500,1292808150,1292808150,371294501,0,0,0,0,0
2025-04-29,KUAS,Ace Oldfields Tbk.,--UO2130000000C121------------,51.0,51.0,52.0,50.0,51.0,0.0,375400,19123700,109,26.2,52,1368200,51,143400,1292808150,1292808150,371294501,0,0,0,0,0
2025-04-28,KUAS,Ace Oldfields Tbk.,--UO2130000000C121------------,51.0,51.0,52.0,50.0,51.0,0.0,874700,44574800,210,26.2,52,1421200,51,331400,1292808150,1292808150,371294501,0,0,0,0,0
2025-04-25,KUAS,Ace Oldfields Tbk.,--UO2130000000C121------------,50.0,0.0,52.0,50.0,51.0,1.0,1207500,61583100,66,26.2,51,214000,50,1444500,1292808150,1292808150,371294501,0,0,0,0,0
2025-04-24,KUAS,Ace Oldfields Tbk.,--UO2130000000C121------------,50.0,50.0,51.0,50.0,50.0,0.0,344600,17370100,129,25.6,51,1184000,50,878500,1292808150,1292808150,371294501,0,0,0,0,0
2025-04-23,KUAS,Ace Oldfields Tbk.,--UO2130000000C121------------,50.0,50.0,51.0,50.0,50.0,0.0,63000,3189000,22,25.6,51,1260800,50,385700,1292808150,1292808150,371294501,0,0,0,0,0
2025-04-22,KUAS,Ace Oldfields Tbk.,--UO2130000000C121------------,50.0,0.0,51.0,50.0,50.0,0.0,60000,3008200,30,25.6,51,963900,50,370500,1292808150,1292808150,371294501,0,0,0,0,0
2025-04-21,KUAS,Ace Oldfields Tbk.,--UO2130000000C121------------,50.0,51.0,51.0,50.0,50.0,0.0,766400,38342100,42,25.6,50,2300,0,0,1292808150,1292808150,371294501,0,0,0,0,0
2025-04-17,KUAS,Ace Oldfields Tbk.,--UO2130000000C121------------,50.0,0.0,51.0,50.0,50.0,0.0,281700,14283100,27,25.6,51,1503900,50,1305100,1292808150,1292808150,371294501,0,0,0,0,0
2025-04-16,KUAS,Ace Oldfields Tbk.,--UO2130000000C121------------,50.0,51.0,51.0,50.0,50.0,0.0,1099500,54982700,42,25.6,51,1611100,50,751900,1292808150,1292808150,371294501,0,0,0,0,0
2025-04-15,KUAS,Ace Oldfields Tbk.,--UO2130000000C121------------,50.0,0.0,51.0,50.0,50.0,0.0,1511600,75605500,113,25.6,51,1741800,50,147600,1292808150,1292808150,371294501,0,111200,0,0,0
2025-04-14,KUAS,Ace Oldfields Tbk.,--UO2130000000C121------------,51.0,51.0,51.0,50.0,50.0,-1.0,1012800,50654200,85,25.6,51,1296500,50,53400,1292808150,1292808150,371294501,0,0,0,0,0
2025-04-11,KUAS,Ace Oldfields Tbk.,--UO2130000000C121------------,50.0,50.0,51.0,50.0,51.0,1.0,397600,19880500,50,26.2,51,1098400,50,128800,1292808150,1292808150,371294501,0,0,0,0,0
2025-04-10,KUAS,Ace Oldfields Tbk.,--UO2130000000C121------------,50.0,50.0,50.0,50.0,50.0,0.0,47200,2360000,16,25.6,50,436500,0,0,1292808150,1292808150,371294501,0,0,0,0,0
2025-04-09,KUAS,Ace Oldfields Tbk.,--UO2130000000C121------------,50.0,50.0,50.0,50.0,50.0,0.0,55600,2780000,33,25.6,50,294200,0,0,1292808150,1292808150,371294501,0,0,0,0,0
2025-04-08,KUAS,Ace Oldfields Tbk.,--UO2130000000C121------------,50.0,51.0,51.0,50.0,50.0,0.0,3659700,185985300,73,25.6,50,465300,0,0,1292808150,1292808150,371294501,0,3000000,200000,10200000,1
2025-03-27,KUAS,Ace Oldfields Tbk.,--UO2130000000C121------------,51.0,51.0,51.0,50.0,50.0,-1.0,800600,40045200,54,25.6,51,768600,50,15000,1292808150,1292808150,380602719,0,0,0,0,0
2025-03-26,KUAS,Ace Oldfields Tbk.,--UO2130000000C121------------,50.0,0.0,51.0,50.0,51.0,1.0,379000,18961900,49,26.2,51,763000,50,58500,1292808150,1292808150,380602719,0,0,0,0,0
2025-03-25,KUAS,Ace Oldfields Tbk.,--UO2130000000C121------------,50.0,0.0,51.0,50.0,50.0,0.0,209300,10473600,25,25.6,51,918300,50,4600,1292808150,1292808150,380602719,0,0,0,0,0
2025-03-24,KUAS,Ace Oldfields Tbk.,--UO2130000000C121------------,50.0,50.0,51.0,50.0,50.0,0.0,359100,17960000,47,25.6,51,1019700,50,10700,1292808150,1292808150,380602719,0,0,0,0,0
2025-03-21,KUAS,Ace Oldfields Tbk.,--UO2130000000C121------------,50.0,0.0,51.0,50.0,50.0,0.0,143400,7170100,17,25.6,50,300,0,0,1292808150,1292808150,380602719,0,0,0,0,0
2025-03-20,KUAS,Ace Oldfields Tbk.,--UO2130000000C121------------,50.0,0.0,51.0,50.0,50.0,0.0,1365900,68388200,45,25.6,50,28200,0,0,1292808150,1292808150,380602719,0,0,0,0,0
2025-03-19,KUAS,Ace Oldfields Tbk.,--UO2130000000C121------------,50.0,0.0,51.0,50.0,50.0,0.0,635400,31770100,37,25.6,51,1223300,50,23600,1292808150,1292808150,380602719,0,0,0,0,0
2025-03-18,KUAS,Ace Oldfields Tbk.,--UO2130000000C121------------,50.0,50.0,51.0,50.0,50.0,0.0,544000,27200800,35,25.6,51,843900,50,374800,1292808150,1292808150,380602719,0,0,0,0,0
2025-03-17,KUAS,Ace Oldfields Tbk.,--UO2130000000C121------------,50.0,0.0,51.0,50.0,50.0,0.0,1567400,78572900,59,25.6,50,115900,0,0,1292808150,1292808150,380602719,0,0,0,0,0
2025-03-14,KUAS,Ace Oldfields Tbk.,--UO2130000000C121------------,51.0,0.0,51.0,50.0,50.0,-1.0,1300600,65042500,73,25.6,51,1828600,50,199900,1292808150,1292808150,380602719,0,0,0,0,0
2025-03-13,KUAS,Ace Oldfields Tbk.,--UO2130000000C121------------,51.0,51.0,51.0,50.0,51.0,0.0,1053700,52882200,82,26.2,51,1008700,50,1859700,1292808150,1292808150,380602719,0,0,0,0,0
2025-03-12,KUAS,Ace Oldfields Tbk.,--UO2130000000C121------------,52.0,52.0,52.0,50.0,51.0,-1.0,1402900,71711100,67,26.2,51,313500,50,1051700,1292808150,1292808150,380602719,0,0,0,0,0
2025-03-11,KUAS,Ace Oldfields Tbk.,--UO2130000000C121------------,51.0,51.0,52.0,50.0,52.0,1.0,876900,44932100,79,26.7,52,512300,51,28300,1292808150,1292808150,380602719,0,0,0,0,0
2025-03-10,KUAS,Ace Oldfields Tbk.,--UO2130000000C121------------,50.0,50.0,53.0,50.0,51.0,1.0,5910600,303512000,539,26.2,51,63200,50,3199600,1292808150,1292808150,380602719,0,0,0,0,0
2025-03-07,KUAS,Ace Oldfields Tbk.,--UO2130000000C121------------,50.0,0.0,50.0,50.0,50.0,0.0,521100,26055000,32,25.6,51,851900,50,1050000,1292808150,1292808150,380602719,0,0,0,0,0
2025-03-06,KUAS,Ace Oldfields Tbk.,--UO2130000000C121------------,50.0,50.0,50.0,50.0,50.0,0.0,808000,40400000,35,25.6,50,480000,0,0,1292808150,1292808150,380602719,0,0,0,0,0
2025-03-05,KUAS,Ace Oldfields Tbk.,--UO2130000000C121------------,50.0,0.0,50.0,50.0,50.0,0.0,384600,19230000,25,25.6,51,1062600,50,696300,1292808150,1292808150,380602719,0,0,0,0,0
2025-03-04,KUAS,Ace Oldfields Tbk.,--UO2130000000C121------------,50.0,50.0,51.0,50.0,50.0,0.0,840200,42010100,27,25.6,51,1338400,50,1168400,1292808150,1292808150,380602719,0,0,0,0,0
2025-03-03,KUAS,Ace Oldfields Tbk.,--UO2130000000C121------------,50.0,0.0,50.0,50.0,50.0,0.0,648700,32435000,37,25.6,50,188300,0,0,1292808150,1292808150,380602719,0,0,0,0,0
2025-02-28,KUAS,Ace Oldfields Tbk.,--UO2130000000C121------------,50.0,50.0,50.0,50.0,50.0,0.0,9900,495000,12,25.6,50,1123800,0,0,1292808150,1292808150,380602719,0,0,0,0,0
2025-02-27,KUAS,Ace Oldfields Tbk.,--UO2130000000C121------------,50.0,0.0,51.0,50.0,50.0,0.0,117500,5875900,37,25.6,50,218300,0,0,1292808150,1292808150,380602719,0,0,0,0,0
2025-02-26,KUAS,Ace Oldfields Tbk.,--UO2130000000C121------------,50.0,50.0,51.0,50.0,50.0,0.0,1817400,90878700,41,25.6,50,80700,0,0,1292808150,1292808150,380602719,0,0,0,0,0
2025-02-25,KUAS,Ace Oldfields Tbk.,--UO2130000000C121------------,50.0,50.0,50.0,50.0,50.0,0.0,296000,14800000,40,25.6,51,1197200,50,190200,1292808150,1292808150,380602719,0,0,0,0,0
2025-02-24,KUAS,Ace Oldfields Tbk.,--UO2130000000C121------------,50.0,51.0,51.0,50.0,50.0,0.0,893000,44660200,85,25.6,51,1174100,0,0,1292808150,1292808150,380602719,0,0,0,0,0
2025-02-21,KUAS,Ace Oldfields Tbk.,--UO2130000000C121------------,50.0,51.0,51.0,50.0,50.0,0.0,739500,36988400,42,25.6,51,1184100,50,177900,1292808150,1292808150,380602719,0,0,0,0,0
2025-02-20,KUAS,Ace Oldfields Tbk.,--UO2130000000C121------------,50.0,50.0,51.0,50.0,50.0,0.0,570300,28516400,34,25.6,51,1165500,50,927900,1292808150,1292808150,380602719,0,0,0,0,0
2025-02-19,KUAS,Ace Oldfields Tbk.,--UO2130000000C121------------,50.0,51.0,51.0,50.0,50.0,0.0,314300,15762400,46,25.6,51,1032700,50,1303400,1292808150,1292808150,380602719,0,0,0,0,0
2025-02-18,KUAS,Ace Oldfields Tbk.,--UO2130000000C121------------,50.0,51.0,51.0,50.0,50.0,0.0,180400,9038100,39,25.6,51,1224800,50,2661900,1292808150,1292808150,380602719,0,0,0,0,0
2025-02-17,KUAS,Ace Oldfields Tbk.,--UO2130000000C121------------,50.0,51.0,51.0,50.0,50.0,0.0,172100,8607500,16,25.6,51,1353800,50,1300400,1292808150,1292808150,380602719,0,0,0,0,0
2025-02-14,KUAS,Ace Oldfields Tbk.,--UO2130000000C121------------,51.0,51.0,51.0,50.0,50.0,-1.0,66800,3352800,27,25.6,51,1005400,50,1058400,1292808150,1292808150,380602719,0,0,0,0,0
2025-02-13,KUAS,Ace Oldfields Tbk.,--UO2130000000C121------------,51.0,51.0,51.0,50.0,51.0,0.0,1118900,55951300,46,26.2,51,991700,50,934700,1292808150,1292808150,380602719,0,0,0,0,0
2025-02-12,KUAS,Ace Oldfields Tbk.,--UO2130000000C121------------,51.0,50.0,51.0,50.0,51.0,0.0,654800,32748800,55,26.2,51,1361300,50,1204900,1292808150,1292808150,380602719,0,0,0,0,0
2025-02-11,KUAS,Ace Oldfields Tbk.,--UO2130000000C121------------,50.0,50.0,51.0,50.0,51.0,1.0,384400,19250200,45,26.2,51,1093500,50,776800,1292808150,1292808150,380602719,0,0,0,0,0
2025-02-10,KUAS,Ace Oldfields Tbk.,--UO2130000000C121------------,51.0,51.0,51.0,50.0,50.0,-1.0,1862500,93141400,81,25.6,51,840300,50,253300,1292808150,1292808150,380602719,0,0,0,0,0
2025-02-07,KUAS,Ace Oldfields Tbk.,--UO2130000000C121------------,50.0,51.0,51.0,50.0,51.0,1.0,628900,32019800,47,26.2,51,851800,50,1314900,1292808150,1292808150,380602719,0,0,0,0,0
2025-02-06,KUAS,Ace Oldfields Tbk.,--UO2130000000C121------------,51.0,51.0,52.0,50.0,50.0,-1.0,3513800,176304400,91,25.6,51,76900,50,276500,1292808150,1292808150,380602719,0,0,40000,10480000,1
2025-02-05,KUAS,Ace Oldfields Tbk.,XDUO2130000000C121------------,52.0,0.0,52.0,51.0,51.0,-1.0,1002900,51287200,51,26.2,52,732700,51,532000,1292808150,1292808150,380602719,0,0,0,0,0
2025-02-04,KUAS,Ace Oldfields Tbk.,XDUO2130000000C121------------,52.0,52.0,52.0,51.0,52.0,0.0,624800,31925600,37,26.7,52,786900,51,1375300,1292808150,1292808150,380602719,0,0,0,0,0
2025-02-03,KUAS,Ace Oldfields Tbk.,XDUO2130000000C121------------,51.0,51.0,53.0,50.0,52.0,1.0,7989700,413265300,5453,26.7,53,980800,52,621600,1292808150,1292808150,380602719,0,0,0,0,0
2025-01-31,KUAS,Ace Oldfields Tbk.,XDUO2130000000C121------------,50.0,50.0,51.0,50.0,51.0,1.0,440000,22032100,56,26.2,51,1345900,50,1806800,1292808150,1292808150,380602719,0,0,0,0,0
2025-01-30,KUAS,Ace Oldfields Tbk.,XDUO2130000000C121------------,52.0,52.0,52.0,50.0,50.0,-2.0,1305600,65369900,61,25.6,51,1290900,50,1351300,1292808150,1292808150,380602719,0,500000,0,0,0
2025-01-24,KUAS,Ace Oldfields Tbk.,XDUO2130000000C121------------,51.0,51.0,52.0,50.0,52.0,1.0,1234300,62936700,71,26.7,52,1598300,51,76800,1292808150,1292808150,380602719,0,0,0,0,0
2025-01-23,KUAS,Ace Oldfields Tbk.,XDUO2130000000C121------------,52.0,0.0,52.0,51.0,51.0,-1.0,651700,33261400,34,26.2,52,1209500,51,1249500,1292808150,1292808150,380602719,0,0,0,0,0
2025-01-22,KUAS,Ace Oldfields Tbk.,XDUO2130000000C121------------,52.0,0.0,52.0,51.0,52.0,0.0,867700,44256600,26,26.7,52,884300,51,1348700,1292808150,1292808150,380602719,0,0,0,0,0
2025-01-21,KUAS,Ace Oldfields Tbk.,XDUO2130000000C121------------,51.0,52.0,52.0,51.0,52.0,1.0,265600,13610400,41,26.7,52,180000,51,1942700,1292808150,1292808150,380602719,0,0,0,0,0
2025-01-20,KUAS,Ace Oldfields Tbk.,XDUO2130000000C121------------,52.0,0.0,52.0,51.0,51.0,-1.0,168100,8608200,33,26.2,52,135100,51,1992400,1292808150,1292808150,380602719,0,0,0,0,0
2025-01-17,KUAS,Ace Oldfields Tbk.,XDUO2130000000C121------------,51.0,51.0,52.0,50.0,52.0,1.0,1305100,66489500,67,26.7,52,325700,51,20600,1292808150,1292808150,380602719,0,0,0,0,0
2025-01-16,KUAS,Ace Oldfields Tbk.,XDUO2130000000C121------------,51.0,51.0,51.0,50.0,51.0,0.0,3526700,176679500,124,26.2,51,563700,50,3644900,1292808150,1292808150,380602719,0,0,0,0,0
2025-01-15,KUAS,Ace Oldfields Tbk.,XDUO2130000000C121------------,51.0,0.0,52.0,51.0,51.0,0.0,1502200,76705500,77,26.2,51,197500,50,1160000,1292808150,1292808150,380602719,0,300000,0,0,0
2025-01-14,KUAS,Ace Oldfields Tbk.,XDUO2130000000C121------------,52.0,0.0,52.0,51.0,51.0,-1.0,180500,9259300,44,26.2,52,469200,51,1082200,1292808150,1292808150,380602719,0,0,51500,1545000,1
2025-01-13,KUAS,Ace Oldfields Tbk.,--UO2130000000C121------------,52.0,53.0,53.0,51.0,52.0,0.0,862000,44548300,62,26.7,52,463400,51,874500,1292808150,1292808150,380602719,0,0,0,0,0
2025-01-10,KUAS,Ace Oldfields Tbk.,--UO2130000000C121------------,53.0,52.0,53.0,52.0,52.0,-1.0,999800,52031000,85,26.7,53,885700,52,81900,1292808150,1292808150,380602719,0,0,0,0,0
2025-01-09,KUAS,Ace Oldfields Tbk.,CDUO2130000000C121------------,54.0,54.0,54.0,52.0,53.0,-1.0,2935100,155593500,183,27.2,54,1554100,53,1400,1292808150,1292808150,380602719,0,400000,0,0,0
2025-01-08,KUAS,Ace Oldfields Tbk.,CDUO2130000000C121------------,53.0,54.0,54.0,53.0,54.0,1.0,1610200,86022700,116,27.7,54,1522100,53,1008600,1292808150,1292808150,380602719,0,41500,0,0,0
2025-01-07,KUAS,Ace Oldfields Tbk.,CDUO2130000000C121------------,54.0,54.0,55.0,53.0,53.0,-1.0,1855900,100548900,289,27.2,54,813600,53,788900,1292808150,1292808150,380602719,0,0,0,0,0
2025-01-06,KUAS,Ace Oldfields Tbk.,CDUO2130000000C121------------,54.0,54.0,55.0,53.0,54.0,0.0,1763000,94922100,395,27.7,54,549000,53,2164600,1292808150,1292808150,380602719,0,0,0,0,0
2025-01-03,KUAS,Ace Oldfields Tbk.,CDUO2130000000C121------------,53.0,54.0,54.0,53.0,54.0,1.0,1438600,76976200,266,27.7,54,907900,53,1125300,1292808150,1292808150,380602719,0,58500,0,0,0
2025-01-02,KUAS,Ace Oldfields Tbk.,--UO2130000000C121------------,52.0,53.0,54.0,52.0,53.0,1.0,2068200,108876900,176,27.2,54,435100,53,1900,1292808150,1292808150,380602719,0,0,0,0,0
2024-12-30,KUAS,Ace Oldfields Tbk.,--UO2130000000C121------------,54.0,54.0,54.0,52.0,52.0,-2.0,4255800,223453800,238,26.7,54,383400,52,524400,1292808150,1292808150,381895528,0,0,0,0,0
2024-12-27,KUAS,Ace Oldfields Tbk.,--UO2130000000C121------------,50.0,50.0,60.0,50.0,54.0,4.0,41689000,2314231000,2208,27.7,55,689500,54,322200,1292808150,1292808150,381895528,0,0,0,0,0
2024-12-24,KUAS,Ace Oldfields Tbk.,--UO2130000000C121------------,50.0,50.0,51.0,50.0,50.0,0.0,1037100,51855100,36,25.6,50,292000,0,0,1292808150,1292808150,381895528,0,0,0,0,0
2024-12-23,KUAS,Ace Oldfields Tbk.,--UO2130000000C121------------,50.0,0.0,51.0,50.0,50.0,0.0,526000,26300100,42,25.6,50,93600,0,0,1292808150,1292808150,381895528,0,0,0,0,0
2024-12-20,KUAS,Ace Oldfields Tbk.,--UO2130000000C121------------,50.0,50.0,51.0,50.0,50.0,0.0,2371600,118580200,31,25.6,51,548800,50,5000,1292808150,1292808150,381895528,0,200000,0,0,0
2024-12-19,KUAS,Ace Oldfields Tbk.,--UO2130000000C121------------,50.0,50.0,50.0,50.0,50.0,0.0,549700,27485000,31,25.6,51,519000,50,1711600,1292808150,1292808150,381895528,0,42100,0,0,0
2024-12-18,KUAS,Ace Oldfields Tbk.,--UO2130000000C121------------,50.0,0.0,52.0,50.0,50.0,0.0,1962000,99046200,41,25.6,51,274300,50,1011900,1292808150,1292808150,381895528,0,11500,0,0,0
2024-12-17,KUAS,Ace Oldfields Tbk.,--UO2130000000C121------------,51.0,50.0,51.0,50.0,50.0,-1.0,3475700,174726100,73,25.6,50,380500,0,0,1292808150,1292808150,381895528,0,0,0,0,0
2024-12-16,KUAS,Ace Oldfields Tbk.,--UO2130000000C121------------,50.0,51.0,51.0,50.0,51.0,1.0,1790200,89568600,38,26.2,51,1062100,50,186100,1292808150,1292808150,381895528,0,106400,0,0,0
2024-12-13,KUAS,Ace Oldfields Tbk.,--UO2130000000C121------------,51.0,51.0,51.0,50.0,50.0,-1.0,1662500,83126800,47,25.6,51,759300,50,10100,1292808150,1292808150,381895528,0,0,0,0,0
2024-12-12,KUAS,Ace Oldfields Tbk.,--UO2130000000C121------------,50.0,0.0,51.0,50.0,51.0,1.0,559400,28505700,43,26.2,51,503000,50,248300,1292808150,1292808150,381895528,0,20000,0,0,0
2024-12-11,KUAS,Ace Oldfields Tbk.,--UO2130000000C121------------,50.0,0.0,51.0,50.0,50.0,0.0,196500,9829200,43,25.6,51,3973400,50,11200,1292808150,1292808150,381895528,0,0,0,0,0
2024-12-10,KUAS,Ace Oldfields Tbk.,--UO2130000000C121------------,50.0,50.0,50.0,50.0,50.0,0.0,1461400,73070000,39,25.6,51,3587400,50,32800,1292808150,1292808150,381895528,0,0,0,0,0
2024-12-09,KUAS,Ace Oldfields Tbk.,--UO2130000000C121------------,51.0,50.0,51.0,50.0,50.0,-1.0,235000,11760800,20,25.6,51,850200,50,658400,1292808150,1292808150,381895528,0,0,0,0,0
2024-12-06,KUAS,Ace Oldfields Tbk.,--U-2130000000C121------------,51.0,0.0,51.0,50.0,51.0,0.0,112400,5622800,21,26.2,51,4343100,50,398500,1292808150,1292808150,381895528,0,0,0,0,0
2024-12-05,KUAS,Ace Oldfields Tbk.,--U-2130000000C121------------,50.0,0.0,51.0,50.0,51.0,1.0,53300,2678700,33,26.2,51,758800,50,259300,1292808150,1292808150,381895528,0,0,0,0,0
2024-12-04,KUAS,Ace Oldfields Tbk.,--U-2130000000C121------------,50.0,0.0,51.0,50.0,50.0,0.0,194000,9701000,38,25.6,51,855900,50,14300,1292808150,1292808150,381895528,0,0,0,0,0
2024-12-03,KUAS,Ace Oldfields Tbk.,--U-2130000000C121------------,50.0,0.0,51.0,50.0,50.0,0.0,963200,48185000,38,25.6,51,967300,50,194200,1292808150,1292808150,381895528,0,0,0,0,0
2024-12-02,KUAS,Ace Oldfields Tbk.,--U-2130000000C121------------,50.0,0.0,51.0,50.0,50.0,0.0,112600,5696300,85,25.6,51,816400,50,11600,1292808150,1292808150,381895528,0,0,0,0,0
2024-11-29,KUAS,Ace Oldfields Tbk.,--U-2130000000C121------------,50.0,0.0,51.0,50.0,50.0,0.0,1018100,50910400,178,25.6,51,4552800,50,565500,1292808150,1292808150,381895528,0,0,0,0,0
2024-11-28,KUAS,Ace Oldfields Tbk.,--U-2130000000C121------------,50.0,0.0,50.0,50.0,50.0,0.0,204800,10240000,29,25.6,50,931000,0,0,1292808150,1292808150,381895528,0,0,0,0,0
2024-11-26,KUAS,Ace Oldfields Tbk.,--U-2130000000C121------------,50.0,0.0,51.0,50.0,50.0,0.0,739200,36962900,56,25.6,51,808700,50,51400,1292808150,1292808150,381895528,0,300,0,0,0
2024-11-25,KUAS,Ace Oldfields Tbk.,--U-2130000000C121------------,51.0,0.0,51.0,50.0,50.0,-1.0,783000,39151100,74,25.6,51,761000,50,10100,1292808150,1292808150,381895528,0,0,20000,1220000,1
2024-11-22,KUAS,Ace Oldfields Tbk.,--U-2130000000C121------------,51.0,0.0,51.0,50.0,51.0,0.0,396300,19820900,39,26.2,51,1185100,50,283200,1292808150,1292808150,381895528,0,0,0,0,0
2024-11-21,KUAS,Ace Oldfields Tbk.,--U-2130000000C121------------,50.0,0.0,51.0,50.0,51.0,1.0,722600,36130100,37,26.2,51,967700,50,1200,1292808150,1292808150,381895528,0,0,0,0,0
2024-11-20,KUAS,Ace Oldfields Tbk.,--U-2130000000C121------------,50.0,0.0,51.0,50.0,50.0,0.0,453400,22682100,32,25.6,50,996600,0,0,1292808150,1292808150,381895528,0,0,0,0,0
2024-11-19,KUAS,Ace Oldfields Tbk.,--U-2130000000C121------------,50.0,0.0,50.0,50.0,50.0,0.0,752900,37645000,757,25.6,50,718100,0,0,1292808150,1292808150,381895528,0,0,0,0,0
2024-11-18,KUAS,Ace Oldfields Tbk.,--U-2130000000C121------------,51.0,0.0,51.0,50.0,50.0,-1.0,840500,42025200,63,25.6,50,1824800,0,0,1292808150,1292808150,381895528,0,0,0,0,0
2024-11-15,KUAS,Ace Oldfields Tbk.,--U-2130000000C121------------,50.0,0.0,51.0,50.0,51.0,1.0,1351700,67585700,68,26.2,51,890000,50,9300,1292808150,1292808150,381895528,0,0,0,0,0
2024-11-14,KUAS,Ace Oldfields Tbk.,--U-2130000000C121------------,51.0,0.0,51.0,50.0,50.0,-1.0,3109300,155578700,87,25.6,51,676300,50,130200,1292808150,1292808150,381895528,0,0,0,0,0
2024-11-13,KUAS,Ace Oldfields Tbk.,--U-2130000000C121------------,51.0,0.0,51.0,50.0,51.0,0.0,558500,27998900,34,26.2,51,701900,50,3449300,1292808150,1292808150,381895528,0,0,0,0,0
2024-11-12,KUAS,Ace Oldfields Tbk.,--U-2130000000C121------------,52.0,0.0,52.0,50.0,51.0,-1.0,4826700,242309300,137,26.2,51,540000,50,1462500,1292808150,1292808150,381895528,0,0,0,0,0
2024-11-11,KUAS,Ace Oldfields Tbk.,--U-2130000000C121------------,52.0,0.0,52.0,50.0,52.0,0.0,1585600,79936700,123,26.7,52,738600,51,93100,1292808150,1292808150,381895528,850100,0,0,0,0
2024-11-08,KUAS,Ace Oldfields Tbk.,--U-2130000000C121------------,51.0,0.0,52.0,51.0,52.0,1.0,77200,3962100,15,26.7,52,678400,51,290700,1292808150,1292808150,381895528,0,0,0,0,0
2024-11-07,KUAS,Ace Oldfields Tbk.,--U-2130000000C121------------,51.0,0.0,52.0,51.0,51.0,0.0,609600,31432100,45,26.2,52,541400,51,678800,1292808150,1292808150,381895528,0,0,0,0,0
2024-11-06,KUAS,Ace Oldfields Tbk.,--U-2130000000C121------------,53.0,0.0,53.0,51.0,51.0,-2.0,1537300,79342400,58,26.2,52,40200,51,1295500,1292808150,1292808150,381895528,0,0,0,0,0
2024-11-05,KUAS,Ace Oldfields Tbk.,--U-2130000000C121------------,51.0,0.0,53.0,51.0,53.0,2.0,914700,47336900,42,27.2,53,663300,52,1805600,1292808150,1292808150,381895528,0,640400,0,0,0
2024-11-04,KUAS,Ace Oldfields Tbk.,--U-2130000000C121------------,53.0,0.0,53.0,51.0,51.0,-2.0,2548900,131257500,89,26.2,52,167300,51,876000,1292808150,1292808150,381895528,0,0,0,0,0
2024-11-01,KUAS,Ace Oldfields Tbk.,--U-2130000000C121------------,53.0,0.0,53.0,52.0,53.0,0.0,402100,21052300,24,27.2,53,499000,52,513000,1292808150,1292808150,381895528,0,0,0,0,0
2024-10-31,KUAS,Ace Oldfields Tbk.,--U-2130000000C121------------,54.0,0.0,54.0,52.0,53.0,-1.0,537000,28461700,52,27.2,53,15000,52,1184600,1292808150,1292808150,381895528,0,0,0,0,0
2024-10-30,KUAS,Ace Oldfields Tbk.,--U-2130000000C121------------,54.0,0.0,54.0,52.0,54.0,0.0,1033500,54886400,63,27.7,54,1304700,53,313800,1292808150,1292808150,381895528,0,0,0,0,0
2024-10-29,KUAS,Ace Oldfields Tbk.,--U-2130000000C121------------,54.0,0.0,54.0,53.0,54.0,0.0,977900,52349000,79,27.7,54,1003400,53,2343800,1292808150,1292808150,381895528,0,0,0,0,0
2024-10-28,KUAS,Ace Oldfields Tbk.,--U-2130000000C121------------,54.0,0.0,54.0,53.0,54.0,0.0,543000,28814600,42,27.7,54,1315900,53,411600,1292808150,1292808150,381895528,0,0,0,0,0
2024-10-25,KUAS,Ace Oldfields Tbk.,--U-2130000000C121------------,54.0,0.0,55.0,53.0,54.0,0.0,864500,46645300,75,27.7,54,548800,53,935500,1292808150,1292808150,381895528,0,0,0,0,0
2024-10-24,KUAS,Ace Oldfields Tbk.,--U-2130000000C121------------,54.0,0.0,55.0,54.0,54.0,0.0,1106700,59973900,86,27.7,55,301800,54,446700,1292808150,1292808150,381895528,0,325100,0,0,0
2024-10-23,KUAS,Ace Oldfields Tbk.,--U-2130000000C121------------,53.0,0.0,55.0,53.0,54.0,1.0,2723800,147766300,220,27.7,55,318500,54,116000,1292808150,1292808150,381895528,0,700000,0,0,0
2024-10-22,KUAS,Ace Oldfields Tbk.,--U-2130000000C121------------,54.0,0.0,54.0,53.0,53.0,-1.0,1179800,62531000,47,27.2,54,366600,53,300,1292808150,1292808150,381895528,0,0,0,0,0
2024-10-21,KUAS,Ace Oldfields Tbk.,--U-2130000000C121------------,53.0,0.0,54.0,52.0,54.0,1.0,1882100,99845300,73,27.7,54,689400,53,38100,1292808150,1292808150,381895528,0,0,0,0,0
2024-10-18,KUAS,Ace Oldfields Tbk.,--U-2130000000C121------------,53.0,0.0,54.0,52.0,53.0,0.0,2083200,109732000,55,27.2,54,359400,53,93600,1292808150,1292808150,381895528,682000,0,0,0,0
2024-10-17,KUAS,Ace Oldfields Tbk.,--U-2130000000C121------------,53.0,0.0,54.0,53.0,53.0,0.0,1148900,61076000,59,27.2,54,1415500,53,2500,1292808150,1292808150,381895528,0,0,0,0,0
2024-10-16,KUAS,Ace Oldfields Tbk.,--U-2130000000C121------------,53.0,0.0,54.0,52.0,53.0,0.0,268700,14164200,36,27.2,54,718100,53,38300,1292808150,1292808150,381895528,0,0,0,0,0
2024-10-15,KUAS,Ace Oldfields Tbk.,--U-2130000000C121------------,53.0,0.0,54.0,53.0,53.0,0.0,358600,19023000,30,27.2,54,476600,53,29700,1292808150,1292808150,381895528,0,0,0,0,0
2024-10-14,KUAS,Ace Oldfields Tbk.,--U-2130000000C121------------,53.0,0.0,54.0,52.0,53.0,0.0,743000,39098000,66,27.2,54,456600,53,10700,1292808150,1292808150,381895528,0,0,0,0,0
2024-10-11,KUAS,Ace Oldfields Tbk.,--U-2130000000C121------------,54.0,0.0,54.0,53.0,53.0,-1.0,3202700,170566500,131,27.2,54,83100,53,400,1292808150,1292808150,381895528,0,0,0,0,0
2024-10-10,KUAS,Ace Oldfields Tbk.,--U-2130000000C121------------,53.0,0.0,57.0,52.0,54.0,1.0,18051400,990679300,11535,27.7,54,1313600,53,453500,1292808150,1292808150,381895528,0,0,0,0,0
2024-10-09,KUAS,Ace Oldfields Tbk.,--U-2130000000C121------------,52.0,0.0,53.0,51.0,53.0,1.0,1510300,79164300,103,27.2,53,605900,52,96900,1292808150,1292808150,381895528,0,0,0,0,0
2024-10-08,KUAS,Ace Oldfields Tbk.,--U-2130000000C121------------,52.0,0.0,52.0,51.0,52.0,0.0,204600,10538900,33,26.7,52,181200,51,2314900,1292808150,1292808150,381895528,0,0,0,0,0
2024-10-07,KUAS,Ace Oldfields Tbk.,--U-2130000000C121------------,51.0,0.0,53.0,51.0,52.0,1.0,781800,40644200,44,26.7,52,138100,51,2829800,1292808150,1292808150,381895528,0,0,0,0,0
2024-10-04,KUAS,Ace Oldfields Tbk.,--U-2130000000C121------------,51.0,0.0,52.0,51.0,51.0,0.0,94000,4810800,20,26.2,52,416900,51,4068800,1292808150,1292808150,381895528,0,0,0,0,0
2024-10-03,KUAS,Ace Oldfields Tbk.,--U-2130000000C121------------,52.0,0.0,53.0,51.0,51.0,-1.0,872400,44566400,54,26.2,52,367800,51,3132100,1292808150,1292808150,381895528,0,0,0,0,0
2024-10-02,KUAS,Ace Oldfields Tbk.,--U-2130000000C121------------,52.0,0.0,53.0,51.0,52.0,0.0,678700,35292200,25,26.7,52,49200,51,604800,1292808150,1292808150,381895528,0,0,0,0,0
2024-10-01,KUAS,Ace Oldfields Tbk.,--U-2130000000C121------------,53.0,0.0,53.0,52.0,52.0,-1.0,103200,5378000,38,26.7,53,655900,52,124200,1292808150,1292808150,381895528,0,0,0,0,0
2024-09-30,KUAS,Ace Oldfields Tbk.,--U-2130000000C121------------,52.0,0.0,53.0,52.0,53.0,1.0,224700,11690800,16,27.2,53,755400,52,166400,1292808150,1292808150,382283370,0,0,0,0,0
2024-09-27,KUAS,Ace Oldfields Tbk.,--U-2130000000C121------------,53.0,0.0,53.0,52.0,52.0,-1.0,445900,23198100,48,26.7,53,744700,52,924300,1292808150,1292808150,382283370,0,0,0,0,0
2024-09-26,KUAS,Ace Oldfields Tbk.,--U-2130000000C121------------,52.0,0.0,53.0,52.0,53.0,1.0,118100,6152300,25,27.2,53,482900,52,283400,1292808150,1292808150,382283370,0,0,0,0,0
2024-09-25,KUAS,Ace Oldfields Tbk.,--U-2130000000C121------------,52.0,0.0,53.0,52.0,52.0,0.0,404200,21212000,38,26.7,53,548300,52,369500,1292808150,1292808150,382283370,0,0,0,0,0
2024-09-24,KUAS,Ace Oldfields Tbk.,--U-2130000000C121------------,53.0,0.0,53.0,52.0,52.0,-1.0,632500,32962000,37,26.7,53,1712200,52,768600,1292808150,1292808150,382283370,0,0,0,0,0
2024-09-23,KUAS,Ace Oldfields Tbk.,--U-2130000000C121------------,53.0,0.0,54.0,52.0,53.0,0.0,968600,51332400,55,27.2,53,1546600,52,898100,1292808150,1292808150,382283370,0,0,0,0,0
2024-09-20,KUAS,Ace Oldfields Tbk.,--U-2130000000C121------------,53.0,0.0,54.0,52.0,53.0,0.0,383000,19937000,29,27.2,53,212300,52,798400,1292808150,1292808150,382283370,0,0,0,0,0
2024-09-19,KUAS,Ace Oldfields Tbk.,--U-2130000000C121------------,54.0,0.0,54.0,52.0,53.0,-1.0,941400,49982800,50,27.2,53,100,52,1273800,1292808150,1292808150,382283370,0,0,0,0,0
2024-09-18,KUAS,Ace Oldfields Tbk.,--U-2130000000C121------------,53.0,0.0,54.0,52.0,54.0,1.0,925200,48754900,159,27.7,54,1120900,53,100,1292808150,1292808150,382283370,0,0,0,0,0
2024-09-17,KUAS,Ace Oldfields Tbk.,--U-2130000000C121------------,53.0,0.0,54.0,53.0,53.0,0.0,1492700,79579000,78,27.2,54,1456600,53,495600,1292808150,1292808150,382283370,0,49000,0,0,0
2024-09-13,KUAS,Ace Oldfields Tbk.,--U-2130000000C121------------,52.0,0.0,54.0,52.0,53.0,1.0,1148000,60571300,81,27.2,53,1598200,52,1036600,1292808150,1292808150,382283370,0,0,0,0,0
2024-09-12,KUAS,Ace Oldfields Tbk.,--U-2130000000C121------------,52.0,0.0,55.0,52.0,52.0,0.0,3046200,162723600,200,26.7,53,2000,52,978700,1292808150,1292808150,382283370,0,640000,0,0,0
2024-09-11,KUAS,Ace Oldfields Tbk.,--U-2130000000C121------------,52.0,0.0,53.0,51.0,52.0,0.0,169200,8796600,50,26.7,52,292100,51,2095900,1292808150,1292808150,382283370,0,0,0,0,0
2024-09-10,KUAS,Ace Oldfields Tbk.,--U-2130000000C121------------,51.0,0.0,53.0,51.0,52.0,1.0,1914900,99313000,95,26.7,52,224400,51,1490800,1292808150,1292808150,382283370,0,0,0,0,0
2024-09-09,KUAS,Ace Oldfields Tbk.,--U-2130000000C121------------,51.0,0.0,52.0,51.0,51.0,0.0,273300,13957900,39,26.2,52,359000,51,1486900,1292808150,1292808150,382283370,0,0,0,0,0
2024-09-06,KUAS,Ace Oldfields Tbk.,--U-2130000000C121------------,51.0,0.0,52.0,51.0,51.0,0.0,270200,13858200,38,26.2,52,512200,51,1989900,1292808150,1292808150,382283370,0,0,0,0,0
2024-09-05,KUAS,Ace Oldfields Tbk.,--U-2130000000C121------------,52.0,0.0,52.0,51.0,51.0,-1.0,446600,22809400,23,26.2,52,308400,51,2210300,1292808150,1292808150,382283370,0,0,0,0,0
2024-09-04,KUAS,Ace Oldfields Tbk.,--U-2130000000C121------------,53.0,0.0,53.0,51.0,52.0,-1.0,1191800,61820000,68,26.7,52,153100,51,2367600,1292808150,1292808150,382283370,0,0,0,0,0
2024-09-03,KUAS,Ace Oldfields Tbk.,--U-2130000000C121------------,52.0,0.0,53.0,51.0,53.0,1.0,712500,37124800,83,27.2,53,1952800,52,500,1292808150,1292808150,382283370,0,0,0,0,0
2024-09-02,KUAS,Ace Oldfields Tbk.,--U-2130000000C121------------,53.0,0.0,53.0,52.0,52.0,-1.0,534500,27812800,90,26.7,53,1203200,52,26900,1292808150,1292808150,382283370,0,0,0,0,0
2024-08-30,KUAS,Ace Oldfields Tbk.,--U-2130000000C121------------,52.0,0.0,53.0,51.0,53.0,1.0,2006100,104042700,145,27.2,53,883800,52,96500,1292808150,1292808150,382283370,0,0,0,0,0
2024-08-29,KUAS,Ace Oldfields Tbk.,--U-2130000000C121------------,52.0,0.0,59.0,51.0,52.0,0.0,12087500,660074300,878,26.7,52,60300,51,2221000,1292808150,1292808150,382283370,0,0,0,0,0
2024-08-28,KUAS,Ace Oldfields Tbk.,--U-2130000000C121------------,52.0,0.0,52.0,51.0,52.0,0.0,323900,16525300,55,26.7,52,1878300,51,13500,1292808150,1292808150,382283370,0,0,0,0,0
2024-08-27,KUAS,Ace Oldfields Tbk.,--U-2130000000C121------------,52.0,0.0,52.0,50.0,52.0,0.0,375300,19162900,63,26.7,52,1501300,50,5436000,1292808150,1292808150,382283370,0,0,0,0,0
2024-08-26,KUAS,Ace Oldfields Tbk.,--U-2130000000C121------------,52.0,0.0,52.0,50.0,52.0,0.0,1226800,62603500,74,26.7,52,1496300,51,69500,1292808150,1292808150,382283370,0,0,0,0,0
2024-08-23,KUAS,Ace Oldfields Tbk.,--U-2130000000C121------------,52.0,0.0,52.0,50.0,52.0,0.0,468400,23905400,81,26.7,52,1603700,51,3500,1292808150,1292808150,382283370,0,0,0,0,0
2024-08-22,KUAS,Ace Oldfields Tbk.,--U-2130000000C121------------,52.0,0.0,52.0,50.0,52.0,0.0,529400,26968900,65,26.7,52,2001400,51,100,1292808150,1292808150,382283370,0,0,0,0,0
2024-08-21,KUAS,Ace Oldfields Tbk.,--U-2130000000C121------------,50.0,0.0,53.0,50.0,52.0,2.0,4212500,215189200,179,26.7,52,1592500,50,3758800,1292808150,1292808150,382283370,0,0,0,0,0
2024-08-20,KUAS,Ace Oldfields Tbk.,--U-2130000000C121------------,51.0,0.0,51.0,50.0,50.0,-1.0,859300,43376200,77,25.6,51,641700,50,978500,1292808150,1292808150,382283370,0,0,0,0,0
2024-08-19,KUAS,Ace Oldfields Tbk.,--U-2130000000C121------------,51.0,0.0,51.0,50.0,51.0,0.0,445600,22285300,66,26.2,51,1666000,50,125000,1292808150,1292808150,382283370,0,0,0,0,0
2024-08-16,KUAS,Ace Oldfields Tbk.,--U-2130000000C121------------,51.0,0.0,51.0,50.0,51.0,0.0,237800,11901100,66,26.2,51,890800,50,590000,1292808150,1292808150,382283370,0,0,0,0,0
2024-08-15,KUAS,Ace Oldfields Tbk.,--U-2130000000C121------------,50.0,0.0,51.0,50.0,51.0,1.0,380500,19025900,66,26.2,51,746700,50,15500,1292808150,1292808150,382283370,0,0,0,0,0
2024-08-14,KUAS,Ace Oldfields Tbk.,--U-2130000000C121------------,50.0,0.0,51.0,50.0,51.0,1.0,380500,19025900,66,26.2,51,746700,50,15500,1292808150,1292808150,382283370,0,0,0,0,0
2024-08-13,KUAS,Ace Oldfields Tbk.,--U-2130000000C121------------,51.0,0.0,51.0,50.0,50.0,-1.0,526100,26325900,148,25.6,51,1116500,0,0,1292808150,1292808150,382283370,0,0,0,0,0
2024-08-12,KUAS,Ace Oldfields Tbk.,--U-2130000000C121------------,50.0,0.0,51.0,50.0,51.0,1.0,1533200,76771600,332,26.2,51,1580100,50,7000,1292808150,1292808150,382283370,0,0,0,0,0
2024-08-09,KUAS,Ace Oldfields Tbk.,--U-2130000000C121------------,50.0,0.0,51.0,50.0,50.0,0.0,736200,36877200,54,25.6,51,428500,50,444100,1292808150,1292808150,382283370,0,0,0,0,0
2024-08-08,KUAS,Ace Oldfields Tbk.,--U-2130000000C121------------,50.0,0.0,51.0,50.0,50.0,0.0,888200,44685700,182,25.6,51,280800,50,135300,1292808150,1292808150,382283370,0,0,0,0,0
2024-08-07,KUAS,Ace Oldfields Tbk.,--U-2130000000C121------------,50.0,0.0,50.0,50.0,50.0,0.0,132200,6610000,32,25.6,50,323300,0,0,1292808150,1292808150,382283370,0,0,0,0,0
2024-08-06,KUAS,Ace Oldfields Tbk.,--U-2130000000C121------------,50.0,0.0,50.0,50.0,50.0,0.0,226200,11310000,21,25.6,50,390200,0,0,1292808150,1292808150,382283370,0,0,0,0,0
2024-08-05,KUAS,Ace Oldfields Tbk.,--U-2130000000C121------------,50.0,0.0,51.0,50.0,50.0,0.0,546500,27333000,60,25.6,50,70600,0,0,1292808150,1292808150,382283370,0,0,0,0,0
2024-08-02,KUAS,Ace Oldfields Tbk.,--U-2130000000C121------------,51.0,0.0,51.0,50.0,50.0,-1.0,511000,25570800,86,25.6,51,986100,50,18200,1292808150,1292808150,382283370,0,0,0,0,0
2024-08-01,KUAS,Ace Oldfields Tbk.,--U-2130000000C121------------,50.0,0.0,51.0,50.0,51.0,1.0,247200,12362500,38,26.2,51,1068900,50,170500,1292808150,1292808150,382283370,0,0,0,0,0
2024-07-31,KUAS,Ace Oldfields Tbk.,--U-2130000000C121------------,50.0,0.0,50.0,50.0,50.0,0.0,206500,10325000,21,25.6,50,2637900,0,0,1292808150,1292808150,382283370,0,0,0,0,0
2024-07-30,KUAS,Ace Oldfields Tbk.,--U-2130000000C121------------,50.0,0.0,50.0,50.0,50.0,0.0,206500,10325000,21,25.6,50,2637900,0,0,1292808150,1292808150,382283370,0,0,0,0,0
2024-07-27,KUAS,Ace Oldfields Tbk.,--U-2130000000C121------------,50.0,0.0,50.0,50.0,50.0,0.0,163700,8185000,22,25.6,50,3359200,0,0,1292808150,1292808150,382283370,0,0,0,0,0
2024-07-26,KUAS,Ace Oldfields Tbk.,--U-2130000000C121------------,50.0,0.0,50.0,50.0,50.0,0.0,163700,8185000,22,25.6,50,3359200,0,0,1292808150,1292808150,382283370,0,0,0,0,0
2024-07-25,KUAS,Ace Oldfields Tbk.,--U-2130000000C121------------,50.0,0.0,50.0,50.0,50.0,0.0,605600,30280000,22,25.6,50,3398100,0,0,1292808150,1292808150,382283370,0,0,0,0,0
2024-07-24,KUAS,Ace Oldfields Tbk.,--U-2130000000C121------------,51.0,0.0,51.0,50.0,50.0,-1.0,1703300,85169600,98,25.6,50,3389300,0,0,1292808150,1292808150,382283370,0,0,0,0,0
2024-07-23,KUAS,Ace Oldfields Tbk.,--U-2130000000C121------------,51.0,0.0,51.0,50.0,51.0,0.0,273800,13717500,41,26.2,51,1034400,50,395700,1292808150,1292808150,382283370,0,0,0,0,0
2024-07-22,KUAS,Ace Oldfields Tbk.,--U-2130000000C121------------,51.0,0.0,51.0,50.0,51.0,0.0,808500,40430200,59,26.2,51,1026100,50,249700,1292808150,1292808150,382283370,0,0,0,0,0
2024-07-19,KUAS,Ace Oldfields Tbk.,--U-2130000000C121------------,50.0,0.0,52.0,50.0,51.0,1.0,641300,32178600,89,26.2,51,686400,50,277400,1292808150,1292808150,382283370,0,0,0,0,0
2024-07-18,KUAS,Ace Oldfields Tbk.,--U-2130000000C121------------,51.0,0.0,51.0,50.0,50.0,-1.0,1515600,75800100,77,25.6,51,973600,50,233500,1292808150,1292808150,382283370,0,0,0,0,0
2024-07-17,KUAS,Ace Oldfields Tbk.,--U-2130000000C121------------,51.0,0.0,52.0,50.0,51.0,0.0,207900,10491800,36,26.2,51,244800,50,1428800,1292808150,1292808150,382283370,0,0,0,0,0
2024-07-16,KUAS,Ace Oldfields Tbk.,--U-2130000000C121------------,52.0,0.0,52.0,50.0,51.0,-1.0,194400,9909600,44,26.2,51,167200,50,1648500,1292808150,1292808150,382283370,0,0,0,0,0
2024-07-12,KUAS,Ace Oldfields Tbk.,--U-2130000000C121------------,50.0,0.0,50.0,50.0,50.0,0.0,733600,36680000,132,25.6,50,239200,0,0,1292808150,1292808150,382283370,0,0,0,0,0
2024-07-11,KUAS,Ace Oldfields Tbk.,--U-2130000000C121------------,50.0,0.0,50.0,50.0,50.0,0.0,891300,44565000,23,25.6,50,866100,0,0,1292808150,1292808150,382283370,0,0,0,0,0
2024-07-10,KUAS,Ace Oldfields Tbk.,--U-2130000000C121------------,50.0,0.0,50.0,50.0,50.0,0.0,710400,35520000,36,25.6,50,1705200,0,0,1292808150,1292808150,382283370,0,200,0,0,0
2024-07-09,KUAS,Ace Oldfields Tbk.,--U-2130000000C121------------,50.0,0.0,50.0,50.0,50.0,0.0,1654400,82720000,126,25.6,50,2169900,0,0,1292808150,1292808150,382283370,0,0,0,0,0
2024-07-08,KUAS,Ace Oldfields Tbk.,--U-2130000000C121------------,50.0,0.0,51.0,50.0,50.0,0.0,637800,31900400,104,25.6,51,309600,50,1000,1292808150,1292808150,382283370,0,0,0,0,0
2024-07-05,KUAS,Ace Oldfields Tbk.,--U-2130000000C121------------,50.0,0.0,53.0,50.0,50.0,0.0,872300,43673400,80,25.6,50,229800,0,0,1292808150,1292808150,382283370,0,0,0,0,0
2024-07-04,KUAS,Ace Oldfields Tbk.,--U-2130000000C121------------,50.0,0.0,51.0,50.0,50.0,0.0,2060800,103143000,297,25.6,50,278000,0,0,1292808150,1292808150,382283370,0,0,0,0,0
2024-07-03,KUAS,Ace Oldfields Tbk.,--U-2130000000C121------------,50.0,0.0,51.0,50.0,50.0,0.0,2060800,103143000,297,25.6,50,278000,0,0,1292808150,1292808150,382283370,0,0,0,0,0
2024-07-02,KUAS,Ace Oldfields Tbk.,--U-2130000000C121------------,50.0,0.0,50.0,50.0,50.0,0.0,147400,7370000,131,25.6,50,924600,0,0,1292808150,1292808150,382283370,0,0,0,0,0
2024-07-01,KUAS,Ace Oldfields Tbk.,--U-2130000000C121------------,50.0,0.0,50.0,50.0,50.0,0.0,291200,14560000,24,25.6,50,662500,0,0,1292808150,1292808150,382283370,0,0,0,0,0
2024-06-28,KUAS,Ace Oldfields Tbk.,--U-2130000000C121------------,50.0,0.0,50.0,50.0,50.0,0.0,17600,880000,10,25.6,50,802500,0,0,1292808150,1292808150,383576178,0,0,0,0,0
2024-06-27,KUAS,Ace Oldfields Tbk.,--U-2130000000C121------------,50.0,0.0,50.0,50.0,50.0,0.0,9600,480000,7,25.6,50,4256800,0,0,1292808150,1292808150,383576178,0,0,0,0,0
2024-06-26,KUAS,Ace Oldfields Tbk.,XDU-2130000000C121------------,50.0,0.0,50.0,50.0,50.0,0.0,171800,8590000,10,25.6,50,1490600,0,0,1292808150,1292808150,383576178,0,0,0,0,0
2024-06-25,KUAS,Ace Oldfields Tbk.,XDU-2130000000C121------------,50.0,0.0,50.0,50.0,50.0,0.0,171800,8590000,10,25.6,50,1490600,0,0,1292808150,1292808150,383576178,0,0,0,0,0
2024-06-24,KUAS,Ace Oldfields Tbk.,XDU-2130000000C121------------,50.0,0.0,50.0,50.0,50.0,0.0,14500,725000,8,25.6,50,1577600,0,0,1292808150,1292808150,383576178,0,0,0,0,0
2024-06-21,KUAS,Ace Oldfields Tbk.,XDU-2130000000C121------------,50.0,0.0,50.0,50.0,50.0,0.0,7900,395000,6,25.6,50,1245500,0,0,1292808150,1292808150,383576178,0,0,0,0,0
2024-06-20,KUAS,Ace Oldfields Tbk.,XDU-2130000000C121------------,50.0,0.0,50.0,50.0,50.0,0.0,26900,1345000,18,25.6,50,1201500,0,0,1292808150,1292808150,383576178,0,0,0,0,0
2024-06-19,KUAS,Ace Oldfields Tbk.,XDU-2130000000C121------------,50.0,0.0,50.0,50.0,50.0,0.0,455500,22775000,25,25.6,50,7691800,0,0,1292808150,1292808150,383576178,0,0,0,0,0
2024-06-14,KUAS,Ace Oldfields Tbk.,XDU-2130000000C121------------,50.0,0.0,50.0,50.0,50.0,0.0,86600,4330000,20,25.6,50,11512200,0,0,1292808150,1292808150,383576178,0,0,0,0,0
2024-06-13,KUAS,Ace Oldfields Tbk.,XDU-2130000000C121------------,50.0,0.0,50.0,50.0,50.0,0.0,5900,295000,7,25.6,50,2890700,0,0,1292808150,1292808150,383576178,0,0,0,0,0
2024-06-12,KUAS,Ace Oldfields Tbk.,XDU-2130000000C121------------,50.0,0.0,50.0,50.0,50.0,0.0,60800,3040000,10,25.6,50,10486700,0,0,1292808150,1292808150,383576178,0,0,0,0,0
2024-06-11,KUAS,Ace Oldfields Tbk.,XDU-2130000000C121------------,50.0,0.0,50.0,50.0,50.0,0.0,18400,920000,16,25.6,50,4411700,0,0,1292808150,1292808150,383576178,0,0,0,0,0
2024-06-10,KUAS,Ace Oldfields Tbk.,XDU-2130000000C121------------,50.0,0.0,51.0,50.0,50.0,0.0,839100,41966900,93,25.6,50,719500,0,0,1292808150,1292808150,383576178,0,0,0,0,0
2024-06-07,KUAS,Ace Oldfields Tbk.,XDU-2130000000C121------------,50.0,0.0,50.0,50.0,50.0,0.0,1120900,56045000,42,25.6,50,268700,0,0,1292808150,1292808150,383576178,0,800,0,0,0
2024-06-06,KUAS,Ace Oldfields Tbk.,XDU-2130000000C121------------,50.0,0.0,50.0,50.0,50.0,0.0,35900,1795000,23,25.6,50,1103600,0,0,1292808150,1292808150,383576178,0,0,0,0,0
2024-06-05,KUAS,Ace Oldfields Tbk.,XDU-2130000000C121------------,50.0,0.0,50.0,50.0,50.0,0.0,684500,34225000,34,25.6,50,873400,0,0,1292808150,1292808150,383576178,0,0,0,0,0
2024-06-04,KUAS,Ace Oldfields Tbk.,XDU-2130000000C121------------,50.0,0.0,50.0,50.0,50.0,0.0,139000,6950000,32,25.6,50,1370200,0,0,1292808150,1292808150,383576178,0,0,0,0,0
2024-06-03,KUAS,Ace Oldfields Tbk.,XDU-2130000000C121------------,50.0,0.0,51.0,50.0,50.0,0.0,1304500,65227400,104,25.6,50,674500,0,0,1292808150,1292808150,383576178,0,0,0,0,0
2024-05-31,KUAS,Ace Oldfields Tbk.,--U-2130000000C121------------,51.0,0.0,51.0,50.0,50.0,-1.0,2376500,118973700,62,25.6,51,267200,50,812700,1292808150,1292808150,383576178,0,0,0,0,0
2024-05-30,KUAS,Ace Oldfields Tbk.,--U-2130000000C121------------,54.0,0.0,53.0,50.0,51.0,-3.0,1578000,80709600,152,26.2,51,195300,50,3307100,1292808150,1292808150,383576178,0,0,0,0,0
2024-05-29,KUAS,Ace Oldfields Tbk.,CDU-2130000000C121------------,54.0,0.0,54.0,52.0,54.0,0.0,1820300,97180100,170,27.7,54,669900,53,148200,1292808150,1292808150,383576178,0,0,0,0,0
2024-05-28,KUAS,Ace Oldfields Tbk.,CDU-2130000000C121------------,53.0,0.0,55.0,53.0,54.0,1.0,1999500,107410200,167,27.7,54,227600,53,567800,1292808150,1292808150,383576178,0,0,0,0,0
2024-05-27,KUAS,Ace Oldfields Tbk.,CDU-2130000000C121------------,53.0,0.0,54.0,53.0,53.0,0.0,1215900,64553500,124,27.2,54,1574700,53,134600,1292808150,1292808150,383576178,0,0,0,0,0
2024-05-22,KUAS,Ace Oldfields Tbk.,CDU-2130000000C121------------,53.0,0.0,54.0,52.0,53.0,0.0,1520600,80184400,183,27.2,53,429200,52,801600,1292808150,1292808150,383576178,0,0,0,0,0
2024-05-21,KUAS,Ace Oldfields Tbk.,CDU-2130000000C121------------,52.0,0.0,54.0,51.0,53.0,1.0,1876000,98640400,261,27.2,53,778900,52,250600,1292808150,1292808150,383576178,0,0,0,0,0
2024-05-20,KUAS,Ace Oldfields Tbk.,--U-2130000000C121------------,51.0,0.0,52.0,51.0,52.0,1.0,210100,10736700,38,26.7,52,535600,51,125500,1292808150,1292808150,383576178,0,0,0,0,0
2024-05-17,KUAS,Ace Oldfields Tbk.,--U-2130000000C121------------,51.0,0.0,53.0,50.0,51.0,0.0,1736300,89040400,148,26.2,52,208800,51,133200,1292808150,1292808150,383576178,5200,0,0,0,0
2024-05-16,KUAS,Ace Oldfields Tbk.,--U-2130000000C121------------,51.0,0.0,51.0,50.0,51.0,0.0,172600,8769400,25,26.2,51,550000,50,1153600,1292808150,1292808150,383576178,0,0,0,0,0
2024-05-15,KUAS,Ace Oldfields Tbk.,--U-2130000000C121------------,51.0,0.0,51.0,50.0,51.0,0.0,124500,6301000,20,26.2,51,727100,50,144400,1292808150,1292808150,383576178,0,0,0,0,0
2024-05-14,KUAS,Ace Oldfields Tbk.,--U-2130000000C121------------,50.0,0.0,51.0,50.0,51.0,1.0,206000,10349800,30,26.2,51,810600,50,86200,1292808150,1292808150,383576178,0,0,0,0,0
2024-05-13,KUAS,Ace Oldfields Tbk.,--U-2130000000C121------------,51.0,0.0,51.0,50.0,50.0,-1.0,913100,45662100,55,25.6,51,871600,50,99900,1292808150,1292808150,383576178,0,0,0,0,0
2024-05-08,KUAS,Ace Oldfields Tbk.,--U-2130000000C121------------,52.0,0.0,52.0,50.0,51.0,-1.0,5461900,273405900,99,26.2,51,708700,50,842200,1292808150,1292808150,383576178,0,0,0,0,0
2024-05-07,KUAS,Ace Oldfields Tbk.,--U-2130000000C121------------,51.0,0.0,52.0,50.0,52.0,1.0,436100,22096300,37,26.7,52,291900,51,319400,1292808150,1292808150,383576178,0,0,0,0,0
2024-05-06,KUAS,Ace Oldfields Tbk.,--U-2130000000C121------------,52.0,0.0,52.0,50.0,51.0,-1.0,248600,12656500,41,26.2,51,282800,50,3201200,1292808150,1292808150,383576178,0,0,0,0,0
2024-05-03,KUAS,Ace Oldfields Tbk.,--U-2130000000C121------------,51.0,0.0,52.0,50.0,52.0,1.0,505100,25778100,89,26.7,52,328900,51,24000,1292808150,1292808150,383576178,0,0,0,0,0
2024-05-02,KUAS,Ace Oldfields Tbk.,--U-2130000000C121------------,51.0,0.0,51.0,50.0,51.0,0.0,3614000,182785400,55,26.2,52,1026200,51,155300,1292808150,1292808150,383576178,0,0,0,0,0
2024-04-30,KUAS,Ace Oldfields Tbk.,--U-2130000000C121------------,51.0,0.0,51.0,50.0,51.0,0.0,187900,9522600,26,26.2,51,1583000,50,3898400,1292808150,1292808150,383576178,0,0,0,0,0
2024-04-29,KUAS,Ace Oldfields Tbk.,--U-2130000000C121------------,50.0,0.0,51.0,50.0,51.0,1.0,120800,6055500,33,26.2,51,1707900,50,6725300,1292808150,1292808150,383576178,0,0,0,0,0
2024-04-26,KUAS,Ace Oldfields Tbk.,--U-2130000000C121------------,51.0,0.0,51.0,50.0,50.0,-1.0,1687100,84392600,42,25.6,51,1315700,50,3077300,1292808150,1292808150,383576178,0,0,0,0,0
2024-04-25,KUAS,Ace Oldfields Tbk.,--U-2130000000C121------------,51.0,0.0,51.0,50.0,51.0,0.0,497100,25024300,33,26.2,51,1544000,50,2156300,1292808150,1292808150,383576178,0,0,0,0,0
2024-04-24,KUAS,Ace Oldfields Tbk.,--U-2130000000C121------------,51.0,0.0,51.0,50.0,51.0,0.0,204800,10240500,16,26.2,51,1382900,50,2683600,1292808150,1292808150,383576178,0,0,0,0,0
2024-04-23,KUAS,Ace Oldfields Tbk.,--U-2130000000C121------------,51.0,0.0,51.0,50.0,51.0,0.0,672300,34061500,42,26.2,51,1168900,50,1217100,1292808150,1292808150,383576178,0,0,0,0,0
2024-04-22,KUAS,Ace Oldfields Tbk.,--U-2130000000C121------------,50.0,0.0,51.0,50.0,51.0,1.0,969900,48502900,74,26.2,51,1289300,50,487100,1292808150,1292808150,383576178,0,0,0,0,0
2024-04-19,KUAS,Ace Oldfields Tbk.,--U-2130000000C121------------,52.0,0.0,52.0,50.0,50.0,-2.0,7204900,360474300,168,25.6,51,3002500,50,413000,1292808150,1292808150,383576178,1580000,300,0,0,0
2024-04-18,KUAS,Ace Oldfields Tbk.,--U-2130000000C121------------,50.0,0.0,52.0,50.0,52.0,2.0,1320800,67396000,41,26.7,52,1012200,51,845700,1292808150,1292808150,383576178,0,0,0,0,0
2024-04-17,KUAS,Ace Oldfields Tbk.,--U-2130000000C121------------,51.0,0.0,51.0,50.0,50.0,-1.0,969300,48564500,43,25.6,51,61100,50,6115200,1292808150,1292808150,383576178,0,0,0,0,0
2024-04-06,KUAS,Ace Oldfields Tbk.,--U-2130000000C121------------,51.0,0.0,51.0,50.0,51.0,0.0,522000,26413100,46,26.2,51,182800,50,6359800,1292808150,1292808150,383576178,0,0,0,0,0
2024-04-05,KUAS,Ace Oldfields Tbk.,--U-2130000000C121------------,51.0,0.0,51.0,50.0,51.0,0.0,522000,26413100,46,26.2,51,182800,50,6359800,1292808150,1292808150,383576178,0,0,0,0,0
2024-04-04,KUAS,Ace Oldfields Tbk.,--U-2130000000C121------------,50.0,0.0,52.0,50.0,51.0,1.0,2828400,142812500,77,26.2,51,39900,50,6903500,1292808150,1292808150,383576178,0,0,0,0,0
2024-04-03,KUAS,Ace Oldfields Tbk.,--U-2130000000C121------------,52.0,0.0,52.0,50.0,50.0,-2.0,2968400,149645000,53,25.6,51,561000,50,6770500,1292808150,1292808150,383576178,0,0,0,0,0
2024-04-02,KUAS,Ace Oldfields Tbk.,--U-2130000000C121------------,51.0,0.0,52.0,50.0,52.0,1.0,1314000,66987000,74,26.7,52,2166900,50,6202400,1292808150,1292808150,383576178,0,0,0,0,0
2024-04-01,KUAS,Ace Oldfields Tbk.,--U-2130000000C121------------,51.0,0.0,52.0,50.0,51.0,0.0,1333000,67805200,89,26.2,51,49900,50,6530800,1292808150,1292808150,383576178,0,0,0,0,0
2024-03-28,KUAS,Ace Oldfields Tbk.,--U-2130000000C121------------,52.0,0.0,53.0,50.0,51.0,-1.0,12110800,618764600,215,26.2,51,541000,50,5905000,1292808150,1292808150,387196041,0,0,0,0,0
2024-03-27,KUAS,Ace Oldfields Tbk.,--U-2130000000C121------------,53.0,0.0,54.0,52.0,52.0,-1.0,393700,20492000,46,26.7,53,779500,52,891900,1292808150,1292808150,387196041,0,0,0,0,0
2024-03-26,KUAS,Ace Oldfields Tbk.,--U-2130000000C121------------,54.0,0.0,54.0,52.0,53.0,-1.0,696600,36924400,66,27.2,54,726700,53,5400,1292808150,1292808150,387196041,0,0,0,0,0
2024-03-22,KUAS,Ace Oldfields Tbk.,--U-2130000000C121------------,53.0,0.0,54.0,53.0,53.0,0.0,519300,27699100,89,27.2,54,334700,53,577100,1292808150,1292808150,387196041,0,0,0,0,0
2024-03-21,KUAS,Ace Oldfields Tbk.,--U-2130000000C121------------,53.0,0.0,57.0,53.0,53.0,0.0,8533000,464661600,318,27.2,54,220400,52,1824100,1292808150,1292808150,387196041,0,0,0,0,0
2024-03-20,KUAS,Ace Oldfields Tbk.,--U-2130000000C121------------,55.0,0.0,56.0,53.0,53.0,-2.0,5404600,290358900,353,27.2,54,414800,53,1911600,1292808150,1292808150,387196041,0,0,0,0,0
2024-03-19,KUAS,Ace Oldfields Tbk.,--U-2130000000C121------------,53.0,0.0,60.0,53.0,55.0,2.0,35972300,2054493600,2379,28.2,56,3500,55,150200,1292808150,1292808150,387196041,0,0,0,0,0
2024-03-18,KUAS,Ace Oldfields Tbk.,--U-2130000000C121------------,52.0,0.0,53.0,52.0,53.0,1.0,51500,2678700,15,27.2,53,879700,52,95100,1292808150,1292808150,387196041,0,0,0,0,0
2024-03-15,KUAS,Ace Oldfields Tbk.,--U-2130000000C121------------,53.0,0.0,53.0,51.0,52.0,-1.0,76500,3973500,26,26.7,53,837600,52,144300,1292808150,1292808150,387196041,0,0,0,0,0
2024-03-14,KUAS,Ace Oldfields Tbk.,--U-2130000000C121------------,52.0,0.0,53.0,52.0,53.0,1.0,337200,17536200,29,27.2,53,816600,52,3000,1292808150,1292808150,387196041,0,0,0,0,0
2024-03-13,KUAS,Ace Oldfields Tbk.,--U-2130000000C121------------,52.0,0.0,52.0,51.0,52.0,0.0,126300,6544300,23,26.7,52,1670800,51,600600,1292808150,1292808150,387196041,0,0,0,0,0
2024-03-08,KUAS,Ace Oldfields Tbk.,--U-2130000000C121------------,52.0,0.0,52.0,50.0,52.0,0.0,122400,6166200,15,26.7,52,191000,51,742400,1292808150,1292808150,387196041,0,0,0,0,0
2024-03-07,KUAS,Ace Oldfields Tbk.,--U-2130000000C121------------,52.0,0.0,52.0,51.0,52.0,0.0,43900,2251600,15,26.7,52,188500,51,614200,1292808150,1292808150,387196041,0,0,0,0,0
2024-03-06,KUAS,Ace Oldfields Tbk.,--U-2130000000C121------------,52.0,0.0,52.0,51.0,52.0,0.0,400500,20427700,18,26.7,52,160200,51,551400,1292808150,1292808150,387196041,0,0,0,0,0
2024-03-05,KUAS,Ace Oldfields Tbk.,--U-2130000000C121------------,52.0,0.0,52.0,51.0,52.0,0.0,445800,22797700,18,26.7,52,198300,51,1100800,1292808150,1292808150,387196041,0,0,0,0,0
2024-03-04,KUAS,Ace Oldfields Tbk.,--U-2130000000C121------------,52.0,0.0,52.0,51.0,52.0,0.0,52600,2686700,14,26.7,52,385600,51,1389300,1292808150,1292808150,387196041,0,0,0,0,0
2024-03-01,KUAS,Ace Oldfields Tbk.,--U-2130000000C121------------,52.0,0.0,53.0,51.0,52.0,0.0,133900,6959700,25,26.7,52,800,51,1498900,1292808150,1292808150,387196041,0,0,0,0,0
2024-02-29,KUAS,Ace Oldfields Tbk.,--U-2130000000C121------------,52.0,0.0,52.0,51.0,52.0,0.0,316900,16424900,45,26.7,52,6300,51,1577700,1292808150,1292808150,387196041,0,0,0,0,0
2024-02-28,KUAS,Ace Oldfields Tbk.,--U-2130000000C121------------,52.0,0.0,52.0,51.0,52.0,0.0,35700,1852400,15,26.7,52,234400,51,1626100,1292808150,1292808150,387196041,0,0,0,0,0
2024-02-27,KUAS,Ace Oldfields Tbk.,--U-2130000000C121------------,52.0,0.0,52.0,51.0,52.0,0.0,35700,1852400,15,26.7,52,234400,51,1626100,1292808150,1292808150,387196041,0,0,0,0,0
2024-02-26,KUAS,Ace Oldfields Tbk.,--U-2130000000C121------------,52.0,0.0,53.0,52.0,52.0,0.0,52900,2761200,17,26.7,52,30000,51,997500,1292808150,1292808150,387196041,0,0,0,0,0
2024-02-23,KUAS,Ace Oldfields Tbk.,--U-2130000000C121------------,53.0,0.0,53.0,52.0,52.0,-1.0,176400,9174100,38,26.7,53,840500,52,6500,1292808150,1292808150,387196041,0,0,0,0,0
2024-02-22,KUAS,Ace Oldfields Tbk.,--U-2130000000C121------------,52.0,0.0,53.0,51.0,53.0,1.0,1572100,81738000,45,27.2,53,880900,52,55200,1292808150,1292808150,387196041,0,0,0,0,0
2024-02-21,KUAS,Ace Oldfields Tbk.,--U-2130000000C121------------,52.0,0.0,52.0,51.0,52.0,0.0,689200,35533500,37,26.7,52,385700,51,2847600,1292808150,1292808150,387196041,0,0,0,0,0
2024-02-20,KUAS,Ace Oldfields Tbk.,--U-2130000000C121------------,52.0,0.0,52.0,51.0,52.0,0.0,363500,18542900,25,26.7,52,1597800,51,1806500,1292808150,1292808150,387196041,0,0,0,0,0
2024-02-19,KUAS,Ace Oldfields Tbk.,--U-2130000000C121------------,51.0,0.0,52.0,51.0,52.0,1.0,305700,15886500,15,26.7,52,645900,51,2784500,1292808150,1292808150,387196041,0,0,0,0,0
2024-02-16,KUAS,Ace Oldfields Tbk.,--U-2130000000C121------------,52.0,0.0,53.0,51.0,51.0,-1.0,4761600,245668100,79,26.2,52,548700,51,3107400,1292808150,1292808150,387196041,0,0,0,0,0
2024-02-15,KUAS,Ace Oldfields Tbk.,--U-2130000000C121------------,52.0,0.0,53.0,51.0,52.0,0.0,2610000,135525300,62,26.7,52,289400,51,2734200,1292808150,1292808150,387196041,0,0,0,0,0
2024-02-13,KUAS,Ace Oldfields Tbk.,--U-2130000000C121------------,51.0,0.0,52.0,51.0,52.0,1.0,195400,9974600,22,26.7,52,1419700,51,1043400,1292808150,1292808150,387196041,0,0,0,0,0
2024-02-12,KUAS,Ace Oldfields Tbk.,--U-2130000000C121------------,51.0,0.0,52.0,51.0,52.0,1.0,195400,9974600,22,26.7,52,1419700,51,1043400,1292808150,1292808150,387196041,0,0,0,0,0
2024-02-07,KUAS,Ace Oldfields Tbk.,--U-2130000000C121------------,51.0,0.0,52.0,51.0,51.0,0.0,318900,16266500,21,26.2,52,1774100,51,540500,1292808150,1292808150,387196041,0,0,0,0,0
2024-02-06,KUAS,Ace Oldfields Tbk.,--U-2130000000C121------------,52.0,0.0,52.0,51.0,51.0,-1.0,994400,50810600,27,26.2,52,1295600,51,263600,1292808150,1292808150,387196041,0,0,0,0,0
2024-02-05,KUAS,Ace Oldfields Tbk.,--U-2130000000C121------------,51.0,0.0,52.0,51.0,52.0,1.0,268300,13685100,20,26.7,52,1637700,51,614500,1292808150,1292808150,387196041,0,0,0,0,0
2024-02-02,KUAS,Ace Oldfields Tbk.,--U-2130000000C121------------,51.0,0.0,52.0,51.0,51.0,0.0,225100,11480500,19,26.2,52,1120800,51,108000,1292808150,1292808150,387196041,0,0,0,0,0
2024-02-01,KUAS,Ace Oldfields Tbk.,--U-2130000000C121------------,52.0,0.0,52.0,51.0,52.0,0.0,173000,8824200,15,26.7,52,1205900,51,397900,1292808150,1292808150,387196041,0,0,0,0,0
2024-01-31,KUAS,Ace Oldfields Tbk.,--U-2130000000C121------------,52.0,0.0,52.0,51.0,52.0,0.0,173000,8824200,15,26.7,52,1205900,51,397900,1292808150,1292808150,387196041,0,0,0,0,0
2024-01-30,KUAS,Ace Oldfields Tbk.,--U-2130000000C121------------,52.0,0.0,52.0,50.0,52.0,0.0,959400,49698000,50,26.7,52,450200,50,1151300,1292808150,1292808150,387196041,0,0,0,0,0
2024-01-29,KUAS,Ace Oldfields Tbk.,--U-2130000000C121------------,52.0,0.0,52.0,51.0,52.0,0.0,887400,45460000,29,26.7,52,1168200,51,50200,1292808150,1292808150,387196041,0,0,0,0,0
2024-01-26,KUAS,Ace Oldfields Tbk.,--U-2130000000C121------------,51.0,0.0,52.0,50.0,52.0,1.0,1236100,62496200,51,26.7,52,1082900,51,3100,1292808150,1292808150,387196041,0,0,0,0,0
2024-01-25,KUAS,Ace Oldfields Tbk.,--U-2130000000C121------------,51.0,0.0,51.0,50.0,51.0,0.0,714900,35777400,33,26.2,51,989500,50,2713200,1292808150,1292808150,387196041,0,0,0,0,0
2024-01-24,KUAS,Ace Oldfields Tbk.,--U-2130000000C121------------,52.0,0.0,52.0,51.0,51.0,-1.0,525800,26816100,25,26.2,51,1003600,50,2475500,1292808150,1292808150,387196041,0,0,0,0,0
2024-01-23,KUAS,Ace Oldfields Tbk.,--U-2130000000C121------------,52.0,0.0,52.0,50.0,52.0,0.0,306400,15556500,54,26.7,52,844500,51,93700,1292808150,1292808150,387196041,0,0,0,0,0
2024-01-22,KUAS,Ace Oldfields Tbk.,--U-2130000000C121------------,51.0,0.0,52.0,50.0,52.0,1.0,486600,24816900,35,26.7,52,920700,51,115900,1292808150,1292808150,387196041,0,0,0,0,0
2024-01-19,KUAS,Ace Oldfields Tbk.,--U-2130000000C121------------,51.0,0.0,52.0,51.0,51.0,0.0,229400,11723200,22,26.2,52,1118700,51,299800,1292808150,1292808150,387196041,0,0,0,0,0
2024-01-18,KUAS,Ace Oldfields Tbk.,--U-2130000000C121------------,52.0,0.0,52.0,51.0,51.0,-1.0,183400,9356100,22,26.2,52,945100,51,373700,1292808150,1292808150,387196041,0,0,0,0,0
2024-01-17,KUAS,Ace Oldfields Tbk.,--U-2130000000C121------------,52.0,0.0,52.0,51.0,52.0,0.0,39500,2031900,16,26.7,52,1139400,51,945400,1292808150,1292808150,387196041,0,0,0,0,0
2024-01-16,KUAS,Ace Oldfields Tbk.,--U-2130000000C121------------,51.0,0.0,52.0,50.0,52.0,1.0,312500,15933300,43,26.7,52,948700,51,149900,1292808150,1292808150,387196041,0,0,0,0,0
2024-01-15,KUAS,Ace Oldfields Tbk.,--U-2130000000C121------------,50.0,0.0,52.0,50.0,51.0,1.0,1182400,60314100,75,26.2,52,1185300,51,2037500,1292808150,1292808150,387196041,0,0,0,0,0
2024-01-12,KUAS,Ace Oldfields Tbk.,--U-2130000000C121------------,51.0,0.0,52.0,50.0,50.0,-1.0,291900,14887600,33,25.6,51,138500,50,6480100,1292808150,1292808150,387196041,0,0,0,0,0
2024-01-11,KUAS,Ace Oldfields Tbk.,--U-2130000000C121------------,51.0,0.0,52.0,50.0,51.0,0.0,398200,20301800,53,26.2,51,281800,50,5067400,1292808150,1292808150,387196041,0,0,0,0,0
2024-01-10,KUAS,Ace Oldfields Tbk.,--U-2130000000C121------------,52.0,0.0,52.0,50.0,51.0,-1.0,475300,24331900,44,26.2,51,314900,50,5011300,1292808150,1292808150,387196041,0,0,0,0,0
2024-01-09,KUAS,Ace Oldfields Tbk.,--U-2130000000C121------------,52.0,0.0,52.0,51.0,52.0,0.0,127700,6513400,15,26.7,52,700200,51,254700,1292808150,1292808150,387196041,0,0,0,0,0
2024-01-08,KUAS,Ace Oldfields Tbk.,--U-2130000000C121------------,52.0,0.0,52.0,51.0,52.0,0.0,561800,28680000,42,26.7,52,484300,51,520200,1292808150,1292808150,387196041,0,0,0,0,0
2024-01-05,KUAS,Ace Oldfields Tbk.,--U-2130000000C121------------,52.0,0.0,52.0,51.0,52.0,0.0,203200,10372100,24,26.7,52,734300,51,291300,1292808150,1292808150,387196041,0,0,0,0,0
2024-01-04,KUAS,Ace Oldfields Tbk.,--U-2130000000C121------------,51.0,0.0,52.0,51.0,52.0,1.0,220900,11268600,53,26.7,52,808000,51,683700,1292808150,1292808150,387196041,0,0,0,0,0
2024-01-03,KUAS,Ace Oldfields Tbk.,--U-2130000000C121------------,50.0,0.0,52.0,50.0,51.0,1.0,427400,21684500,70,26.2,52,408600,51,528600,1292808150,1292808150,387196041,0,0,0,0,0
2024-01-02,KUAS,Ace Oldfields Tbk.,--U-2130000000C121------------,50.0,0.0,53.0,50.0,50.0,0.0,7473300,383396900,4829,25.6,51,124800,50,4645000,1292808150,1292808150,387196041,0,0,0,0,0
2023-12-29,KUAS,Ace Oldfields Tbk.,--U-2130000000C121------------,51.0,0.0,51.0,50.0,50.0,-1.0,909100,45464400,40,25.6,51,565100,50,2690800,1292808150,1292808150,387971726,0,0,0,0,0
2023-12-28,KUAS,Ace Oldfields Tbk.,--U-2130000000C121------------,51.0,0.0,51.0,50.0,51.0,0.0,414500,20963100,117,26.2,51,1135200,50,2479500,1292808150,1292808150,387971726,0,0,0,0,0
2023-12-27,KUAS,Ace Oldfields Tbk.,--U-2130000000C121------------,50.0,0.0,51.0,50.0,51.0,1.0,266700,13378400,25,26.2,51,1412000,50,2255200,1292808150,1292808150,387971726,0,0,0,0,0
2023-12-22,KUAS,Ace Oldfields Tbk.,--U-2130000000C121------------,50.0,0.0,51.0,50.0,50.0,0.0,53700,2687900,15,25.6,51,1030200,50,4095400,1292808150,1292808150,387971726,100,0,0,0,0
2023-12-21,KUAS,Ace Oldfields Tbk.,--U-2130000000C121------------,51.0,0.0,51.0,50.0,50.0,-1.0,475800,23947700,37,25.6,51,664200,50,3838400,1292808150,1292808150,387971726,0,0,0,0,0
2023-12-20,KUAS,Ace Oldfields Tbk.,--U-2130000000C121------------,51.0,0.0,51.0,50.0,51.0,0.0,254500,12963800,31,26.2,51,621500,50,3875800,1292808150,1292808150,387971726,0,0,0,0,0
2023-12-19,KUAS,Ace Oldfields Tbk.,--U-2130000000C121------------,52.0,0.0,52.0,51.0,51.0,-1.0,1275400,65151700,51,26.2,51,207100,50,1625400,1292808150,1292808150,387971726,0,0,0,0,0
2023-12-18,KUAS,Ace Oldfields Tbk.,--U-2130000000C121------------,52.0,0.0,52.0,51.0,52.0,0.0,480300,24623700,41,26.7,52,871200,51,253100,1292808150,1292808150,387971726,0,0,0,0,0
2023-12-15,KUAS,Ace Oldfields Tbk.,--U-2130000000C121------------,51.0,0.0,52.0,50.0,52.0,1.0,1063700,54248700,41,26.7,52,1068700,51,115900,1292808150,1292808150,387971726,0,0,0,0,0
2023-12-14,KUAS,Ace Oldfields Tbk.,--U-2130000000C121------------,50.0,0.0,51.0,50.0,51.0,1.0,2046500,103723800,62,26.2,51,265700,50,3526500,1292808150,1292808150,387971726,0,0,0,0,0
2023-12-13,KUAS,Ace Oldfields Tbk.,--U-2130000000C121------------,50.0,0.0,51.0,50.0,50.0,0.0,1337700,66940800,33,25.6,51,925500,50,3127600,1292808150,1292808150,387971726,0,0,0,0,0
2023-12-12,KUAS,Ace Oldfields Tbk.,--U-2130000000C121------------,51.0,0.0,52.0,50.0,50.0,-1.0,1955600,99368900,50,25.6,51,1085700,50,3986200,1292808150,1292808150,387971726,0,0,0,0,0
2023-12-11,KUAS,Ace Oldfields Tbk.,--U-2130000000C121------------,51.0,0.0,52.0,51.0,51.0,0.0,924400,47147900,53,26.2,51,230500,50,3209300,1292808150,1292808150,387971726,0,0,0,0,0
2023-12-08,KUAS,Ace Oldfields Tbk.,--U-2130000000C121------------,52.0,0.0,52.0,51.0,51.0,-1.0,303300,15469500,36,26.2,52,1358600,51,804600,1292808150,1292808150,387971726,0,0,0,0,0
2023-12-07,KUAS,Ace Oldfields Tbk.,--U-2130000000C121------------,51.0,0.0,52.0,51.0,52.0,1.0,1534400,78265100,291,26.7,52,1765200,51,334300,1292808150,1292808150,387971726,0,0,0,0,0
2023-12-06,KUAS,Ace Oldfields Tbk.,--U-2130000000C121------------,52.0,0.0,52.0,50.0,51.0,-1.0,9981300,509051600,415,26.2,52,1027300,51,366200,1292808150,1292808150,387971726,0,0,0,0,0
2023-12-05,KUAS,Ace Oldfields Tbk.,--U-2130000000C121------------,52.0,0.0,52.0,51.0,52.0,0.0,1176900,60251500,37,26.7,52,642200,51,1305900,1292808150,1292808150,387971726,0,0,0,0,0
2023-12-04,KUAS,Ace Oldfields Tbk.,--U-2130000000C121------------,53.0,0.0,53.0,52.0,52.0,-1.0,539200,28161400,63,26.7,53,1121500,52,80300,1292808150,1292808150,387971726,0,0,0,0,0
2023-12-01,KUAS,Ace Oldfields Tbk.,--U-2130000000C121------------,53.0,0.0,53.0,51.0,53.0,0.0,986700,51154900,54,27.2,53,2472700,52,5800,1292808150,1292808150,387971726,0,0,0,0,0
2023-11-30,KUAS,Ace Oldfields Tbk.,--U-2130000000C121------------,52.0,0.0,53.0,52.0,53.0,1.0,381000,19841700,40,27.2,53,900400,52,237200,1292808150,1292808150,387971726,0,0,0,0,0
2023-11-29,KUAS,Ace Oldfields Tbk.,--U-2130000000C121------------,52.0,0.0,53.0,51.0,52.0,0.0,1201800,62452700,80,26.7,52,70300,51,4083700,1292808150,1292808150,387971726,0,0,0,0,0
2023-11-28,KUAS,Ace Oldfields Tbk.,--U-2130000000C121------------,52.0,0.0,52.0,51.0,52.0,0.0,204800,10602300,40,26.7,52,493100,51,4114200,1292808150,1292808150,387971726,0,0,0,0,0
2023-11-27,KUAS,Ace Oldfields Tbk.,--U-2130000000C121------------,52.0,0.0,53.0,51.0,52.0,0.0,1778600,92196900,116,26.7,52,174300,51,5102400,1292808150,1292808150,387971726,0,0,0,0,0
2023-11-24,KUAS,Ace Oldfields Tbk.,--U-2130000000C121------------,52.0,0.0,52.0,51.0,52.0,0.0,191200,9795600,35,26.7,52,1108000,51,5226200,1292808150,1292808150,387971726,0,0,0,0,0
2023-11-23,KUAS,Ace Oldfields Tbk.,--U-2130000000C121------------,52.0,0.0,52.0,51.0,52.0,0.0,84200,4357900,19,26.7,52,1105800,51,5851100,1292808150,1292808150,387971726,0,0,0,0,0
2023-11-22,KUAS,Ace Oldfields Tbk.,--U-2130000000C121------------,51.0,0.0,52.0,51.0,52.0,1.0,673000,34373600,38,26.7,52,1121900,51,2236700,1292808150,1292808150,387971726,0,0,0,0,0
2023-11-21,KUAS,Ace Oldfields Tbk.,--U-2130000000C121------------,52.0,0.0,52.0,51.0,51.0,-1.0,1040200,53052600,52,26.2,52,1687900,51,927700,1292808150,1292808150,387971726,0,0,0,0,0
2023-11-20,KUAS,Ace Oldfields Tbk.,--U-2130000000C121------------,52.0,0.0,52.0,51.0,52.0,0.0,191600,9815100,42,26.7,52,1155800,51,2581100,1292808150,1292808150,387971726,0,0,0,0,0
2023-11-17,KUAS,Ace Oldfields Tbk.,--U-2130000000C121------------,51.0,0.0,52.0,50.0,52.0,1.0,1397000,71055700,41,26.7,52,772000,51,1648300,1292808150,1292808150,387971726,0,0,0,0,0
2023-11-16,KUAS,Ace Oldfields Tbk.,--U-2130000000C121------------,51.0,0.0,52.0,51.0,51.0,0.0,146500,7474900,15,26.2,52,1019200,51,1496700,1292808150,1292808150,387971726,0,0,0,0,0
2023-11-15,KUAS,Ace Oldfields Tbk.,--U-2130000000C121------------,52.0,0.0,52.0,51.0,51.0,-1.0,229500,11797300,22,26.2,52,1833800,51,3435400,1292808150,1292808150,387971726,0,0,0,0,0
2023-11-14,KUAS,Ace Oldfields Tbk.,--U-2130000000C121------------,52.0,0.0,52.0,51.0,52.0,0.0,459000,23426900,37,26.7,52,1731800,51,1106100,1292808150,1292808150,387971726,0,0,0,0,0
2023-11-13,KUAS,Ace Oldfields Tbk.,--U-2130000000C121------------,51.0,0.0,52.0,51.0,52.0,1.0,754100,38658900,41,26.7,52,2081100,51,460400,1292808150,1292808150,387971726,0,0,0,0,0
2023-11-10,KUAS,Ace Oldfields Tbk.,--U-2130000000C121------------,51.0,0.0,52.0,51.0,51.0,0.0,637100,32563200,43,26.2,52,777500,51,1328700,1292808150,1292808150,387971726,0,0,0,0,0
2023-11-09,KUAS,Ace Oldfields Tbk.,--U-2130000000C121------------,51.0,0.0,52.0,50.0,51.0,0.0,10706600,545691200,105,26.2,52,880400,51,646000,1292808150,1292808150,387971726,0,0,0,0,0
2023-11-08,KUAS,Ace Oldfields Tbk.,--U-2130000000C121------------,52.0,0.0,52.0,51.0,51.0,-1.0,4248700,216728000,101,26.2,52,608500,51,1177700,1292808150,1292808150,387971726,0,0,0,0,0
2023-11-07,KUAS,Ace Oldfields Tbk.,--U-2130000000C121------------,52.0,0.0,53.0,51.0,52.0,0.0,1243500,64648100,61,26.7,52,298300,51,5039500,1292808150,1292808150,387971726,0,0,0,0,0
2023-11-06,KUAS,Ace Oldfields Tbk.,--U-2130000000C121------------,52.0,0.0,53.0,52.0,52.0,0.0,735900,38276200,38,26.7,53,828500,52,1781900,1292808150,1292808150,387971726,0,0,500,26000,1
2023-11-03,KUAS,Ace Oldfields Tbk.,--U-2130000000C121------------,51.0,0.0,53.0,51.0,52.0,1.0,1687400,87654300,336,26.7,53,601900,52,1073200,1292808150,1292808150,387971726,0,0,0,0,0
2023-11-02,KUAS,Ace Oldfields Tbk.,--U-2130000000C121------------,52.0,0.0,52.0,51.0,51.0,-1.0,903300,46214200,56,26.2,52,4566700,51,4143200,1292808150,1292808150,387971726,0,0,0,0,0
2023-11-01,KUAS,Ace Oldfields Tbk.,--U-2130000000C121------------,52.0,0.0,52.0,51.0,52.0,0.0,2548500,130533900,67,26.7,52,1046500,51,2792600,1292808150,1292808150,387971726,0,0,0,0,0
2023-10-31,KUAS,Ace Oldfields Tbk.,--U-2130000000C121------------,52.0,0.0,53.0,51.0,52.0,0.0,3250900,168299300,130,26.7,52,96800,51,2797200,1292808150,1292808150,387971726,0,0,0,0,0
2023-10-30,KUAS,Ace Oldfields Tbk.,--U-2130000000C121------------,52.0,0.0,53.0,52.0,52.0,0.0,1502100,79137400,78,26.7,53,1806500,52,1500300,1292808150,1292808150,387971726,0,0,0,0,0
2023-10-27,KUAS,Ace Oldfields Tbk.,--U-2130000000C121------------,52.0,0.0,53.0,52.0,52.0,0.0,3126000,162560400,60,26.7,53,957000,52,1351900,1292808150,1292808150,387971726,0,0,0,0,0
2023-10-26,KUAS,Ace Oldfields Tbk.,--U-2130000000C121------------,52.0,0.0,53.0,52.0,52.0,0.0,1134300,59246400,74,26.7,53,1006400,52,3898600,1292808150,1292808150,387971726,0,0,0,0,0
2023-10-25,KUAS,Ace Oldfields Tbk.,--U-2130000000C121------------,52.0,0.0,53.0,52.0,52.0,0.0,2279400,119023000,79,26.7,53,1105900,52,4151400,1292808150,1292808150,387971726,0,0,0,0,0
2023-10-24,KUAS,Ace Oldfields Tbk.,--U-2130000000C121------------,52.0,0.0,53.0,52.0,52.0,0.0,1620600,84895200,86,26.7,53,901700,52,5989000,1292808150,1292808150,387971726,0,0,0,0,0
2023-10-23,KUAS,Ace Oldfields Tbk.,--U-2130000000C121------------,54.0,0.0,54.0,52.0,52.0,-2.0,3488500,184304000,180,26.7,53,1013500,52,6134800,1292808150,1292808150,387971726,0,0,0,0,0
2023-10-20,KUAS,Ace Oldfields Tbk.,--U-2130000000C121------------,53.0,0.0,54.0,52.0,54.0,1.0,2531600,134227000,160,27.7,54,1417400,53,219800,1292808150,1292808150,387971726,0,0,0,0,0
2023-10-19,KUAS,Ace Oldfields Tbk.,--U-2130000000C121------------,54.0,0.0,55.0,53.0,53.0,-1.0,3631000,193044000,203,27.2,54,984500,53,1075600,1292808150,1292808150,387971726,0,0,0,0,0
2023-10-18,KUAS,Ace Oldfields Tbk.,--U-2130000000C121------------,52.0,0.0,59.0,52.0,54.0,2.0,38771200,2154564600,10256,27.7,54,162300,53,3835500,1292808150,1292808150,387971726,0,0,0,0,0
2023-10-17,KUAS,Ace Oldfields Tbk.,--U-2130000000C121------------,52.0,0.0,53.0,52.0,52.0,0.0,1256100,65401000,84,26.7,53,1819200,52,1428100,1292808150,1292808150,387971726,0,0,0,0,0
2023-10-16,KUAS,Ace Oldfields Tbk.,--U-2130000000C121------------,53.0,0.0,54.0,52.0,52.0,-1.0,4982700,259276200,226,26.7,53,1229500,52,1816200,1292808150,1292808150,387971726,0,0,0,0,0
2023-10-13,KUAS,Ace Oldfields Tbk.,--U-2130000000C121------------,54.0,0.0,54.0,53.0,53.0,-1.0,7342000,390317100,430,27.2,54,1248700,53,156200,1292808150,1292808150,387971726,0,100,0,0,0
2023-10-12,KUAS,Ace Oldfields Tbk.,--U-2130000000C121------------,52.0,0.0,63.0,52.0,54.0,2.0,82125800,4710448600,9338,27.7,54,1142100,53,1243800,1292808150,1292808150,387971726,3400200,3400300,0,0,0
2023-10-11,KUAS,Ace Oldfields Tbk.,--U-2130000000C121------------,51.0,0.0,53.0,51.0,52.0,1.0,888700,46760300,571,26.7,53,575800,52,439700,1292808150,1292808150,387971726,0,0,0,0,0
2023-10-10,KUAS,Ace Oldfields Tbk.,--U-2130000000C121------------,51.0,0.0,52.0,51.0,51.0,0.0,198500,10184200,25,26.2,52,87700,51,1625200,1292808150,1292808150,387971726,0,0,0,0,0
2023-10-09,KUAS,Ace Oldfields Tbk.,--U-2130000000C121------------,51.0,0.0,52.0,51.0,51.0,0.0,297300,15410900,28,26.2,52,53600,51,1393500,1292808150,1292808150,387971726,0,0,0,0,0
2023-10-06,KUAS,Ace Oldfields Tbk.,--U-2130000000C121------------,51.0,0.0,52.0,51.0,51.0,0.0,555500,28828500,36,26.2,52,46200,51,2491300,1292808150,1292808150,387971726,0,0,0,0,0
2023-10-05,KUAS,Ace Oldfields Tbk.,--U-2130000000C121------------,52.0,0.0,53.0,51.0,51.0,-1.0,5221000,266790200,129,26.2,52,165000,51,1143500,1292808150,1292808150,387971726,0,0,0,0,0
2023-10-04,KUAS,Ace Oldfields Tbk.,--U-2130000000C121------------,52.0,0.0,53.0,52.0,52.0,0.0,707200,37096900,72,26.7,53,401300,52,702800,1292808150,1292808150,387971726,0,0,0,0,0
2023-10-03,KUAS,Ace Oldfields Tbk.,--U-2130000000C121------------,52.0,0.0,54.0,52.0,52.0,0.0,3069100,162574800,92,26.7,53,304100,52,880400,1292808150,1292808150,387971726,0,0,0,0,0
2023-10-02,KUAS,Ace Oldfields Tbk.,--U-2130000000C121------------,52.0,0.0,53.0,51.0,52.0,0.0,419500,21629300,33,26.7,53,776600,52,60600,1292808150,1292808150,387971726,0,0,0,0,0
2023-09-29,KUAS,Ace Oldfields Tbk.,--U-2130000000C121------------,52.0,0.0,53.0,52.0,52.0,0.0,52000,2711200,18,26.7,53,817500,52,369400,1292808150,1292808150,387971726,0,0,0,0,0
2023-09-27,KUAS,Ace Oldfields Tbk.,--U-2130000000C121------------,53.0,0.0,53.0,52.0,52.0,-1.0,1014300,52778400,70,26.7,53,634100,51,1952800,1292808150,1292808150,387971726,0,400000,0,0,0
2023-09-26,KUAS,Ace Oldfields Tbk.,--U-2130000000C121------------,53.0,0.0,53.0,52.0,53.0,0.0,121500,6348400,23,27.2,53,272300,52,342700,1292808150,1292808150,387971726,0,0,0,0,0
2023-09-25,KUAS,Ace Oldfields Tbk.,--U-2130000000C121------------,52.0,0.0,53.0,52.0,53.0,1.0,100900,5284400,17,27.2,53,337500,52,288100,1292808150,1292808150,387971726,0,0,0,0,0
2023-09-22,KUAS,Ace Oldfields Tbk.,--U-2130000000C121------------,52.0,0.0,53.0,51.0,52.0,0.0,384100,19975000,45,26.7,52,104200,51,3189900,1292808150,1292808150,387971726,0,0,0,0,0
2023-09-21,KUAS,Ace Oldfields Tbk.,--U-2130000000C121------------,51.0,0.0,52.0,51.0,52.0,1.0,2283400,117008500,75,26.7,52,51200,51,1999000,1292808150,1292808150,387971726,0,0,0,0,0
2023-09-20,KUAS,Ace Oldfields Tbk.,--U-2130000000C121------------,52.0,0.0,53.0,51.0,51.0,-1.0,1287400,66063400,66,26.2,52,362200,51,1054700,1292808150,1292808150,387971726,791800,1300,0,0,0
2023-09-19,KUAS,Ace Oldfields Tbk.,--U-2130000000C121------------,52.0,0.0,53.0,52.0,52.0,0.0,152000,7904100,24,26.7,53,855100,52,142700,1292808150,1292808150,387971726,0,0,0,0,0
2023-09-18,KUAS,Ace Oldfields Tbk.,--U-2130000000C121------------,52.0,0.0,53.0,52.0,52.0,0.0,173200,9008200,27,26.7,53,823200,52,174200,1292808150,1292808150,387971726,0,0,0,0,0
2023-09-15,KUAS,Ace Oldfields Tbk.,--U-2130000000C121------------,52.0,0.0,53.0,51.0,52.0,0.0,1342900,69832200,82,26.7,53,855700,52,108000,1292808150,1292808150,387971726,0,0,0,0,0
2023-09-14,KUAS,Ace Oldfields Tbk.,--U-2130000000C121------------,53.0,0.0,53.0,52.0,52.0,-1.0,1017900,52940000,40,26.7,53,455500,52,534300,1292808150,1292808150,387971726,0,0,0,0,0
2023-09-13,KUAS,Ace Oldfields Tbk.,--U-2130000000C121------------,53.0,0.0,53.0,52.0,53.0,0.0,216200,11255500,24,27.2,53,1096400,52,2004600,1292808150,1292808150,387971726,0,0,0,0,0
2023-09-12,KUAS,Ace Oldfields Tbk.,--U-2130000000C121------------,53.0,0.0,53.0,52.0,53.0,0.0,83200,4357500,24,27.2,53,459100,52,1687800,1292808150,1292808150,387971726,0,0,0,0,0
2023-09-11,KUAS,Ace Oldfields Tbk.,--U-2130000000C121------------,52.0,0.0,53.0,52.0,53.0,1.0,230000,12139900,19,27.2,53,254500,52,1368100,1292808150,1292808150,387971726,0,0,0,0,0
2023-09-08,KUAS,Ace Oldfields Tbk.,--U-2130000000C121------------,52.0,0.0,53.0,52.0,52.0,0.0,156800,8214300,25,26.7,53,368500,52,1895100,1292808150,1292808150,387971726,0,0,0,0,0
2023-09-07,KUAS,Ace Oldfields Tbk.,--U-2130000000C121------------,52.0,0.0,53.0,52.0,52.0,0.0,449100,23500800,26,26.7,53,150000,52,1509000,1292808150,1292808150,387971726,0,0,0,0,0
2023-09-06,KUAS,Ace Oldfields Tbk.,--U-2130000000C121------------,52.0,0.0,53.0,52.0,52.0,0.0,419200,22044300,36,26.7,53,345000,52,1121500,1292808150,1292808150,387971726,0,0,0,0,0
2023-09-05,KUAS,Ace Oldfields Tbk.,--U-2130000000C121------------,53.0,0.0,54.0,52.0,52.0,-1.0,1343300,70795400,51,26.7,53,278100,52,1532400,1292808150,1292808150,387971726,0,0,0,0,0
2023-09-04,KUAS,Ace Oldfields Tbk.,--U-2130000000C121------------,54.0,0.0,54.0,53.0,53.0,-1.0,584200,31177400,29,27.2,54,604700,53,814500,1292808150,1292808150,387971726,0,0,0,0,0
2023-09-01,KUAS,Ace Oldfields Tbk.,--U-2130000000C121------------,53.0,0.0,54.0,53.0,54.0,1.0,657800,35489800,37,27.7,54,594300,53,707400,1292808150,1292808150,387971726,0,0,0,0,0
2023-08-31,KUAS,Ace Oldfields Tbk.,--U-2130000000C121------------,54.0,0.0,55.0,53.0,53.0,-1.0,992000,53134600,84,27.2,54,330900,53,757700,1292808150,1292808150,387971726,0,0,0,0,0
2023-08-30,KUAS,Ace Oldfields Tbk.,--U-2130000000C121------------,54.0,0.0,55.0,53.0,54.0,0.0,2612300,140136700,95,27.7,55,2249900,54,1300,1292808150,1292808150,387971726,0,0,0,0,0
2023-08-29,KUAS,Ace Oldfields Tbk.,--U-2130000000C121------------,52.0,0.0,55.0,52.0,54.0,2.0,3033700,163115400,164,27.7,54,100,53,1099800,1292808150,1292808150,387971726,0,0,0,0,0
2023-08-28,KUAS,Ace Oldfields Tbk.,--U-2130000000C121------------,52.0,0.0,53.0,51.0,52.0,0.0,902800,46953600,78,26.7,53,681600,52,369600,1292808150,1292808150,387971726,0,0,500,25000,1
2023-08-25,KUAS,Ace Oldfields Tbk.,--U-2130000000C121------------,53.0,0.0,53.0,52.0,52.0,-1.0,2235000,116268100,67,26.7,53,1593300,52,124000,1292808150,1292808150,387971726,0,0,0,0,0
2023-08-24,KUAS,Ace Oldfields Tbk.,--U-2130000000C121------------,53.0,0.0,53.0,52.0,53.0,0.0,235900,12485400,27,27.2,53,224000,52,2189500,1292808150,1292808150,387971726,0,0,0,0,0
2023-08-23,KUAS,Ace Oldfields Tbk.,--U-2130000000C121------------,53.0,0.0,53.0,52.0,53.0,0.0,266900,14052200,28,27.2,53,474400,52,1449300,1292808150,1292808150,387971726,0,0,0,0,0
2023-08-22,KUAS,Ace Oldfields Tbk.,--U-2130000000C121------------,53.0,0.0,53.0,52.0,53.0,0.0,1518500,79138100,77,27.2,53,3449500,52,2393900,1292808150,1292808150,387971726,0,0,0,0,0
2023-08-21,KUAS,Ace Oldfields Tbk.,--U-2130000000C121------------,53.0,0.0,53.0,52.0,53.0,0.0,154900,8175200,49,27.2,53,131200,52,2456200,1292808150,1292808150,387971726,0,0,0,0,0
2023-08-18,KUAS,Ace Oldfields Tbk.,--U-2130000000C121------------,54.0,0.0,54.0,53.0,53.0,-1.0,353400,18744200,28,27.2,54,1204700,53,219400,1292808150,1292808150,387971726,0,0,0,0,0
2023-08-16,KUAS,Ace Oldfields Tbk.,--U-2130000000C121------------,54.0,0.0,54.0,53.0,54.0,0.0,552300,29272400,54,27.7,54,1459800,53,58100,1292808150,1292808150,387971726,0,0,0,0,0
2023-08-15,KUAS,Ace Oldfields Tbk.,--U-2130000000C121------------,53.0,0.0,54.0,53.0,54.0,1.0,511700,27476300,25,27.7,54,1080600,53,615600,1292808150,1292808150,387971726,0,0,0,0,0
2023-08-14,KUAS,Ace Oldfields Tbk.,--U-2130000000C121------------,54.0,0.0,54.0,53.0,53.0,-1.0,386300,20695300,22,27.2,54,1118000,53,586700,1292808150,1292808150,387971726,0,0,0,0,0
2023-08-11,KUAS,Ace Oldfields Tbk.,--U-2130000000C121------------,54.0,0.0,54.0,53.0,54.0,0.0,392000,21024400,19,27.7,54,816400,53,614500,1292808150,1292808150,387971726,0,0,0,0,0
2023-08-10,KUAS,Ace Oldfields Tbk.,--U-2130000000C121------------,54.0,0.0,54.0,53.0,54.0,0.0,254500,13509100,46,27.7,54,1120600,53,419200,1292808150,1292808150,387971726,0,0,0,0,0
2023-08-09,KUAS,Ace Oldfields Tbk.,--U-2130000000C121------------,54.0,0.0,54.0,52.0,54.0,0.0,1211900,64438000,82,27.7,54,990300,53,284900,1292808150,1292808150,387971726,0,0,0,0,0
2023-08-08,KUAS,Ace Oldfields Tbk.,--U-2130000000C121------------,54.0,0.0,54.0,53.0,54.0,0.0,688700,36641300,49,27.7,54,799400,53,421800,1292808150,1292808150,387971726,0,0,0,0,0
2023-08-07,KUAS,Ace Oldfields Tbk.,--U-2130000000C121------------,53.0,0.0,54.0,53.0,54.0,1.0,505800,26922600,19,27.7,54,597800,53,1871600,1292808150,1292808150,387971726,0,0,0,0,0
2023-08-04,KUAS,Ace Oldfields Tbk.,--U-2130000000C121------------,54.0,0.0,54.0,53.0,53.0,-1.0,193100,10256700,24,27.2,54,917100,53,2122400,1292808150,1292808150,387971726,0,0,0,0,0
2023-08-03,KUAS,Ace Oldfields Tbk.,--U-2130000000C121------------,54.0,0.0,54.0,53.0,54.0,0.0,485500,25734200,42,27.7,54,1075800,53,1230700,1292808150,1292808150,387971726,0,0,0,0,0
2023-08-02,KUAS,Ace Oldfields Tbk.,--U-2130000000C121------------,54.0,0.0,55.0,53.0,54.0,0.0,1427700,76661400,55,27.7,54,353600,53,1741600,1292808150,1292808150,387971726,0,0,0,0,0
2023-08-01,KUAS,Ace Oldfields Tbk.,--U-2130000000C121------------,54.0,0.0,55.0,53.0,54.0,0.0,1682900,90501400,59,27.7,54,336200,53,1806100,1292808150,1292808150,387971726,0,0,0,0,0
2023-07-31,KUAS,Ace Oldfields Tbk.,--U-2130000000C121------------,54.0,0.0,55.0,54.0,54.0,0.0,3075200,166391100,182,27.7,55,1058500,54,93700,1292808150,1292808150,387971726,0,0,0,0,0
2023-07-28,KUAS,Ace Oldfields Tbk.,--U-2130000000C121------------,54.0,0.0,55.0,53.0,54.0,0.0,1444700,78091500,95,27.7,54,383900,53,1719200,1292808150,1292808150,387971726,0,0,0,0,0
2023-07-27,KUAS,Ace Oldfields Tbk.,--U-2130000000C121------------,55.0,0.0,56.0,54.0,54.0,-1.0,1247300,68413600,266,27.7,55,3500,54,1600900,1292808150,1292808150,387971726,0,0,0,0,0
2023-07-26,KUAS,Ace Oldfields Tbk.,--U-2130000000C121------------,54.0,0.0,57.0,53.0,55.0,1.0,8116900,446130500,914,28.2,55,300000,54,1243900,1292808150,1292808150,387971726,0,790500,0,0,0
2023-07-25,KUAS,Ace Oldfields Tbk.,--U-2130000000C121------------,54.0,0.0,54.0,53.0,54.0,0.0,42500,2289800,13,27.7,54,2713700,53,389100,1292808150,1292808150,387971726,0,0,0,0,0
2023-07-24,KUAS,Ace Oldfields Tbk.,--U-2130000000C121------------,54.0,0.0,54.0,53.0,54.0,0.0,1968300,104388500,86,27.7,54,646400,53,16800,1292808150,1292808150,387971726,1694000,0,0,0,0
2023-07-21,KUAS,Ace Oldfields Tbk.,--U-2130000000C121------------,54.0,0.0,55.0,53.0,54.0,0.0,1814200,97830800,187,27.7,54,248300,53,2484700,1292808150,1292808150,387971726,306000,0,0,0,0
2023-07-20,KUAS,Ace Oldfields Tbk.,--U-2130000000C121------------,54.0,0.0,54.0,53.0,54.0,0.0,2161500,114561400,138,27.7,54,1120300,53,107900,1292808150,1292808150,387971726,2000000,0,0,0,0
2023-07-18,KUAS,Ace Oldfields Tbk.,--U-2130000000C121------------,54.0,0.0,54.0,53.0,54.0,0.0,27400,1465900,15,27.7,54,1183400,53,414700,1292808150,1292808150,387971726,0,0,0,0,0
2023-07-17,KUAS,Ace Oldfields Tbk.,--U-2130000000C121------------,54.0,0.0,54.0,53.0,54.0,0.0,1149300,61070800,130,27.7,54,1976900,53,310600,1292808150,1292808150,387971726,0,0,0,0,0
2023-07-14,KUAS,Ace Oldfields Tbk.,--U-2130000000C121------------,53.0,0.0,54.0,52.0,54.0,1.0,669100,35464400,53,27.7,54,1318100,53,51700,1292808150,1292808150,387971726,0,0,0,0,0
2023-07-13,KUAS,Ace Oldfields Tbk.,--U-2130000000C121------------,53.0,0.0,54.0,53.0,53.0,0.0,571200,30274800,47,27.2,54,1225600,53,48300,1292808150,1292808150,387971726,0,0,0,0,0
2023-07-12,KUAS,Ace Oldfields Tbk.,--U-2130000000C121------------,53.0,0.0,54.0,53.0,53.0,0.0,216500,11486500,24,27.2,54,1170200,53,567500,1292808150,1292808150,387971726,0,0,0,0,0
2023-07-11,KUAS,Ace Oldfields Tbk.,--U-2130000000C121------------,53.0,0.0,54.0,53.0,53.0,0.0,447200,23815300,26,27.2,54,1378600,53,393700,1292808150,1292808150,387971726,0,0,0,0,0
2023-07-10,KUAS,Ace Oldfields Tbk.,--U-2130000000C121------------,53.0,0.0,54.0,52.0,53.0,0.0,856100,45259900,70,27.2,53,121000,52,2186600,1292808150,1292808150,387971726,0,0,0,0,0
2023-07-07,KUAS,Ace Oldfields Tbk.,--U-2130000000C121------------,53.0,0.0,54.0,53.0,53.0,0.0,246300,13054200,31,27.2,54,1652300,53,443700,1292808150,1292808150,387971726,0,0,0,0,0
2023-07-06,KUAS,Ace Oldfields Tbk.,--U-2130000000C121------------,53.0,0.0,54.0,52.0,53.0,0.0,459500,24357500,24,27.2,54,1311900,53,230400,1292808150,1292808150,387971726,0,0,0,0,0
2023-07-05,KUAS,Ace Oldfields Tbk.,--U-2130000000C121------------,53.0,0.0,53.0,52.0,53.0,0.0,976300,51140700,35,27.2,53,343000,52,2519000,1292808150,1292808150,387971726,0,0,0,0,0
2023-07-04,KUAS,Ace Oldfields Tbk.,--U-2130000000C121------------,54.0,0.0,54.0,52.0,53.0,-1.0,2151500,112865900,167,27.2,53,506600,52,2162800,1292808150,1292808150,387971726,0,0,0,0,0
2023-07-03,KUAS,Ace Oldfields Tbk.,--U-2130000000C121------------,53.0,0.0,54.0,52.0,54.0,1.0,914500,47764800,51,27.7,54,765600,53,200,1292808150,1292808150,387971726,0,0,0,0,0
2023-06-27,KUAS,Ace Oldfields Tbk.,--U-2130000000C121------------,52.0,0.0,54.0,52.0,53.0,1.0,1114500,59070100,157,27.2,54,952900,53,236300,1292808150,1292808150,387971726,0,0,0,0,0
2023-06-26,KUAS,Ace Oldfields Tbk.,--U-2130000000C121------------,52.0,0.0,54.0,52.0,52.0,0.0,2575000,135192100,208,26.7,53,391700,52,1496800,1292808150,1292808150,387971726,0,0,0,0,0
2023-06-23,KUAS,Ace Oldfields Tbk.,--U-2130000000C121------------,53.0,0.0,54.0,52.0,52.0,-1.0,497100,25981500,60,26.7,53,91500,52,1597400,1292808150,1292808150,387971726,0,0,0,0,0
2023-06-22,KUAS,Ace Oldfields Tbk.,--U-2130000000C121------------,54.0,0.0,54.0,52.0,53.0,-1.0,233300,12385500,32,27.2,53,112900,52,2224300,1292808150,1292808150,387971726,0,0,0,0,0
2023-06-21,KUAS,Ace Oldfields Tbk.,--U-2130000000C121------------,54.0,0.0,54.0,53.0,54.0,0.0,329300,17538400,34,27.7,54,752200,53,331800,1292808150,1292808150,387971726,0,0,0,0,0
2023-06-20,KUAS,Ace Oldfields Tbk.,--U-2130000000C121------------,54.0,0.0,54.0,53.0,54.0,0.0,154800,8214000,26,27.7,54,911800,53,374300,1292808150,1292808150,387971726,0,0,0,0,0
2023-06-19,KUAS,Ace Oldfields Tbk.,XDU-2130000000C121------------,54.0,0.0,54.0,53.0,54.0,0.0,549400,29135000,80,27.7,54,811900,53,51300,1292808150,1292808150,387971726,0,0,0,0,0
2023-06-16,KUAS,Ace Oldfields Tbk.,XDU-2130000000C121------------,53.0,0.0,54.0,53.0,54.0,1.0,747600,39656700,64,27.7,54,1008400,53,22900,1292808150,1292808150,387971726,0,0,0,0,0
2023-06-15,KUAS,Ace Oldfields Tbk.,XDU-2130000000C121------------,54.0,0.0,54.0,52.0,53.0,-1.0,1994300,104852900,108,27.2,54,213800,53,429400,1292808150,1292808150,387971726,0,0,0,0,0
2023-06-14,KUAS,Ace Oldfields Tbk.,XDU-2130000000C121------------,53.0,0.0,55.0,53.0,54.0,1.0,529200,28509700,102,27.7,54,20000,53,1044600,1292808150,1292808150,387971726,0,0,0,0,0
2023-06-13,KUAS,Ace Oldfields Tbk.,XDU-2130000000C121------------,53.0,0.0,55.0,52.0,53.0,0.0,3217300,173602100,247,27.2,54,261700,53,1645200,1292808150,1292808150,387971726,264600,0,0,0,0
2023-06-12,KUAS,Ace Oldfields Tbk.,XDU-2130000000C121------------,53.0,0.0,54.0,52.0,53.0,0.0,1559700,82682400,90,27.2,54,925900,53,56600,1292808150,1292808150,387971726,5400,0,0,0,0
2023-06-09,KUAS,Ace Oldfields Tbk.,XDU-2130000000C121------------,53.0,0.0,54.0,52.0,53.0,0.0,740700,38668700,199,27.2,53,663200,52,1695300,1292808150,1292808150,387971726,146300,0,0,0,0
2023-06-08,KUAS,Ace Oldfields Tbk.,XDU-2130000000C121------------,52.0,0.0,54.0,52.0,53.0,1.0,1591800,84259900,110,27.2,53,38300,52,1900700,1292808150,1292808150,387971726,0,0,0,0,0
2023-06-07,KUAS,Ace Oldfields Tbk.,XDU-2130000000C121------------,53.0,0.0,54.0,51.0,52.0,-1.0,2516500,132467200,319,26.7,53,2285600,52,1479400,1292808150,1292808150,387971726,0,0,0,0,0
2023-06-06,KUAS,Ace Oldfields Tbk.,XDU-2130000000C121------------,51.0,0.0,54.0,51.0,53.0,2.0,1493600,78256700,84,27.2,53,1464100,52,229000,1292808150,1292808150,387971726,0,0,0,0,0
2023-06-05,KUAS,Ace Oldfields Tbk.,XDU-2130000000C121------------,52.0,0.0,52.0,51.0,51.0,-1.0,1368600,69881400,73,26.2,52,703100,51,736200,1292808150,1292808150,387971726,0,0,0,0,0
2023-05-31,KUAS,Ace Oldfields Tbk.,XDU-2130000000C121------------,52.0,0.0,52.0,51.0,52.0,0.0,1302400,66498800,76,26.7,52,1627900,51,1775100,1292808150,1292808150,387971726,30000,0,0,0,0
2023-05-30,KUAS,Ace Oldfields Tbk.,XDU-2130000000C121------------,52.0,0.0,53.0,52.0,52.0,0.0,677700,35241400,88,26.7,53,1101600,52,35500,1292808150,1292808150,387971726,0,0,0,0,0
2023-05-29,KUAS,Ace Oldfields Tbk.,XDU-2130000000C121------------,54.0,0.0,55.0,51.0,52.0,-2.0,5378200,278419400,274,26.7,53,1806900,52,200300,1292808150,1292808150,387971726,0,0,0,0,0
2023-05-26,KUAS,Ace Oldfields Tbk.,--U-2130000000C121------------,53.0,0.0,55.0,52.0,54.0,1.0,3550500,189322000,157,27.7,54,488600,53,303100,1292808150,1292808150,387971726,20000,0,0,0,0
2023-05-25,KUAS,Ace Oldfields Tbk.,--U-2130000000C121------------,54.0,0.0,54.0,52.0,53.0,-1.0,1669300,87491800,94,27.2,53,1609300,52,1301500,1292808150,1292808150,387971726,0,0,0,0,0
2023-05-24,KUAS,Ace Oldfields Tbk.,CDU-2130000000C121------------,54.0,0.0,55.0,53.0,54.0,0.0,3281300,176567000,252,27.7,54,169000,53,901500,1292808150,1292808150,387971726,1238500,0,0,0,0
2023-05-23,KUAS,Ace Oldfields Tbk.,CDU-2130000000C121------------,54.0,0.0,55.0,53.0,54.0,0.0,3763100,203183800,183,27.7,54,69000,53,530600,1292808150,1292808150,387971726,597700,0,0,0,0
2023-05-22,KUAS,Ace Oldfields Tbk.,CDU-2130000000C121------------,54.0,0.0,54.0,53.0,54.0,0.0,1593600,84855500,256,27.7,54,1896800,53,112100,1292808150,1292808150,387971726,0,0,20000,1000000,1
2023-05-19,KUAS,Ace Oldfields Tbk.,--U-2130000000C121------------,54.0,0.0,54.0,52.0,54.0,0.0,3865600,205019600,170,27.7,54,1726400,53,67100,1292808150,1292808150,387971726,0,0,0,0,0
2023-05-17,KUAS,Ace Oldfields Tbk.,--U-2130000000C121------------,53.0,0.0,54.0,52.0,54.0,1.0,2825400,149491300,159,27.7,54,2730400,53,19700,1292808150,1292808150,387971726,0,0,0,0,0
2023-05-16,KUAS,Ace Oldfields Tbk.,--U-2130000000C121------------,53.0,0.0,53.0,52.0,53.0,0.0,1872200,98125800,107,27.2,53,1556800,52,884800,1292808150,1292808150,387971726,0,0,0,0,0
2023-05-15,KUAS,Ace Oldfields Tbk.,--U-2130000000C121------------,53.0,0.0,54.0,52.0,53.0,0.0,1601400,84839500,120,27.2,53,147700,52,689200,1292808150,1292808150,387971726,0,0,0,0,0
2023-05-12,KUAS,Ace Oldfields Tbk.,--U-2130000000C121------------,53.0,0.0,53.0,50.0,53.0,0.0,5372600,275115100,193,27.2,53,1741400,52,3201700,1292808150,1292808150,387971726,0,0,0,0,0
2023-05-11,KUAS,Ace Oldfields Tbk.,--U-2130000000C121------------,53.0,0.0,53.0,51.0,53.0,0.0,4468800,232424400,159,27.2,53,1091700,52,269100,1292808150,1292808150,387971726,0,0,0,0,0
2023-05-10,KUAS,Ace Oldfields Tbk.,--U-2130000000C121------------,52.0,0.0,53.0,52.0,53.0,1.0,1805500,93955400,211,27.2,53,5560500,52,133200,1292808150,1292808150,387971726,0,700000,0,0,0
2023-05-09,KUAS,Ace Oldfields Tbk.,--U-2130000000C121------------,52.0,0.0,53.0,52.0,52.0,0.0,1411000,73491200,308,26.7,53,3549900,52,9675300,1292808150,1292808150,387971726,0,0,0,0,0
2023-05-08,KUAS,Ace Oldfields Tbk.,--U-2130000000C121------------,53.0,0.0,55.0,51.0,52.0,-1.0,29770500,1593290500,23709,26.7,53,3359800,52,11855200,1292808150,1292808150,387971726,0,0,0,0,0
2023-05-05,KUAS,Ace Oldfields Tbk.,--U-2130000000C121------------,53.0,0.0,53.0,52.0,53.0,0.0,541900,28210900,141,27.2,53,4197100,52,3135200,1292808150,1292808150,387971726,0,0,0,0,0
2023-05-04,KUAS,Ace Oldfields Tbk.,--U-2130000000C121------------,52.0,0.0,53.0,52.0,53.0,1.0,1334800,70548500,141,27.2,53,24700,52,199700,1292808150,1292808150,387971726,0,0,0,0,0
2023-05-03,KUAS,Ace Oldfields Tbk.,--U-2130000000C121------------,52.0,0.0,53.0,52.0,52.0,0.0,1005100,52285900,61,26.7,53,666600,52,2194400,1292808150,1292808150,387971726,0,0,0,0,0
2023-05-02,KUAS,Ace Oldfields Tbk.,--U-2130000000C121------------,51.0,0.0,54.0,51.0,52.0,1.0,3355300,175100900,152,26.7,52,388000,51,1875900,1292808150,1292808150,387971726,0,0,0,0,0
2023-04-28,KUAS,Ace Oldfields Tbk.,--U-2130000000C121------------,51.0,0.0,52.0,51.0,51.0,0.0,508200,25975500,41,26.2,52,766200,51,615100,1292808150,1292808150,387971726,0,0,10000,500000,1
2023-04-27,KUAS,Ace Oldfields Tbk.,--U-2130000000C121------------,52.0,0.0,52.0,51.0,51.0,-1.0,846700,43249500,64,26.2,52,782500,51,536000,1292808150,1292808150,387971726,0,0,0,0,0
2023-04-26,KUAS,Ace Oldfields Tbk.,--U-2130000000C121------------,51.0,0.0,52.0,51.0,52.0,1.0,451300,23099500,54,26.7,52,756600,51,350800,1292808150,1292808150,387971726,0,0,0,0,0
2023-04-18,KUAS,Ace Oldfields Tbk.,--U-2130000000C121------------,52.0,0.0,53.0,51.0,51.0,-1.0,3133300,160216900,210,26.2,52,611700,51,731500,1292808150,1292808150,387971726,200000,0,0,0,0
2023-04-17,KUAS,Ace Oldfields Tbk.,--U-2130000000C121------------,52.0,0.0,57.0,51.0,52.0,0.0,12093700,647787100,649,26.7,53,1703000,52,691900,1292808150,1292808150,387971726,0,0,0,0,0
2023-04-14,KUAS,Ace Oldfields Tbk.,--U-2130000000C121------------,51.0,0.0,52.0,50.0,52.0,1.0,1432700,73104300,40,26.7,52,2242900,51,366400,1292808150,1292808150,387971726,0,0,0,0,0
2023-04-13,KUAS,Ace Oldfields Tbk.,--U-2130000000C121------------,51.0,0.0,52.0,50.0,51.0,0.0,1277800,65161800,351,26.2,52,1129200,51,504700,1292808150,1292808150,387971726,0,0,0,0,0
2023-04-12,KUAS,Ace Oldfields Tbk.,--U-2130000000C121------------,51.0,0.0,52.0,51.0,51.0,0.0,602900,30930500,60,26.2,52,1099000,51,697600,1292808150,1292808150,387971726,0,0,0,0,0
2023-04-11,KUAS,Ace Oldfields Tbk.,--U-2130000000C121------------,51.0,0.0,52.0,51.0,51.0,0.0,804800,41448900,49,26.2,52,673300,51,778300,1292808150,1292808150,387971726,0,0,0,0,0
2023-04-10,KUAS,Ace Oldfields Tbk.,--U-2130000000C121------------,52.0,0.0,52.0,51.0,51.0,-1.0,1375800,70168000,27,26.2,52,989200,51,760300,1292808150,1292808150,387971726,0,0,0,0,0
2023-04-06,KUAS,Ace Oldfields Tbk.,--U-2130000000C121------------,53.0,0.0,53.0,51.0,52.0,-1.0,1976700,102650100,97,26.7,52,78000,51,2244200,1292808150,1292808150,387971726,0,0,0,0,0
2023-04-05,KUAS,Ace Oldfields Tbk.,--U-2130000000C121------------,52.0,0.0,53.0,51.0,53.0,1.0,581400,30231700,56,27.2,53,897300,52,94700,1292808150,1292808150,387971726,0,146300,0,0,0
2023-04-04,KUAS,Ace Oldfields Tbk.,--U-2130000000C121------------,53.0,0.0,53.0,51.0,52.0,-1.0,1841700,94702200,122,26.7,52,199900,51,1553800,1292808150,1292808150,387971726,0,0,0,0,0
2023-04-03,KUAS,Ace Oldfields Tbk.,--U-2130000000C121------------,53.0,0.0,53.0,52.0,53.0,0.0,3339300,173961100,116,27.2,53,407200,52,75400,1292808150,1292808150,387971726,2525200,1277100,0,0,0
2023-03-31,KUAS,Ace Oldfields Tbk.,--U-2130000000C121------------,52.0,0.0,53.0,52.0,53.0,1.0,1241100,65323800,119,27.2,53,16200,52,460500,1292808150,1292808150,387971726,0,0,0,0,0
2023-03-30,KUAS,Ace Oldfields Tbk.,--U-2130000000C121------------,52.0,0.0,53.0,51.0,52.0,0.0,966400,50023700,78,26.7,52,985500,51,1472400,1292808150,1292808150,387971726,0,0,0,0,0
2023-03-29,KUAS,Ace Oldfields Tbk.,--U-2130000000C121------------,51.0,0.0,53.0,50.0,52.0,1.0,5601300,285729200,230,26.7,52,1616500,51,1253600,1292808150,1292808150,387971726,0,722900,0,0,0
2023-03-28,KUAS,Ace Oldfields Tbk.,--U-2130000000C121------------,50.0,0.0,51.0,50.0,51.0,1.0,396800,19842600,44,26.2,51,616800,50,3110200,1292808150,1292808150,387971726,0,0,0,0,0
2023-03-27,KUAS,Ace Oldfields Tbk.,--U-2130000000C121------------,50.0,0.0,51.0,50.0,50.0,0.0,2577400,128890200,116,25.6,51,540700,50,1037200,1292808150,1292808150,387971726,0,0,0,0,0
2023-03-24,KUAS,Ace Oldfields Tbk.,--U-2130000000C121------------,50.0,0.0,51.0,50.0,50.0,0.0,109600,5519100,31,25.6,51,705500,50,1220000,1292808150,1292808150,387971726,0,0,0,0,0
2023-03-21,KUAS,Ace Oldfields Tbk.,--U-2130000000C121------------,50.0,0.0,51.0,50.0,50.0,0.0,2825500,141278200,130,25.6,50,32000,0,0,1292808150,1292808150,387971726,0,0,0,0,0
2023-03-20,KUAS,Ace Oldfields Tbk.,--U-2130000000C121------------,50.0,0.0,52.0,50.0,50.0,0.0,598600,30307300,71,25.6,51,190000,50,3262700,1292808150,1292808150,387971726,0,200000,0,0,0
2023-03-17,KUAS,Ace Oldfields Tbk.,--U-2130000000C121------------,50.0,0.0,51.0,50.0,50.0,0.0,4953700,247698800,598,25.6,51,136200,50,933300,1292808150,1292808150,387971726,0,0,0,0,0
2023-03-16,KUAS,Ace Oldfields Tbk.,--U-2130000000C121------------,50.0,0.0,51.0,50.0,50.0,0.0,5079700,253987200,212,25.6,50,3777700,0,0,1292808150,1292808150,387971726,0,0,0,0,0
2023-03-15,KUAS,Ace Oldfields Tbk.,--U-2130000000C121------------,51.0,0.0,51.0,50.0,50.0,-1.0,2426300,121743600,120,25.6,51,1025400,50,4632500,1292808150,1292808150,387971726,0,0,0,0,0
2023-03-14,KUAS,Ace Oldfields Tbk.,--U-2130000000C121------------,52.0,0.0,52.0,50.0,51.0,-1.0,4236400,216022300,1004,26.2,52,882100,51,20800,1292808150,1292808150,387971726,0,0,0,0,0
2023-03-13,KUAS,Ace Oldfields Tbk.,--U-2130000000C121------------,52.0,0.0,53.0,51.0,52.0,0.0,3290800,169446400,339,26.7,52,67900,51,891900,1292808150,1292808150,387971726,0,0,0,0,0
2023-03-10,KUAS,Ace Oldfields Tbk.,--U-2130000000C121------------,52.0,0.0,56.0,51.0,52.0,0.0,13830800,740321300,7540,26.7,53,514700,52,38500,1292808150,1292808150,387971726,0,0,0,0,0
2023-03-09,KUAS,Ace Oldfields Tbk.,--U-2130000000C121------------,52.0,0.0,53.0,52.0,52.0,0.0,880900,45827100,698,26.7,52,168200,51,1365900,1292808150,1292808150,387971726,0,0,0,0,0
2023-03-08,KUAS,Ace Oldfields Tbk.,--U-2130000000C121------------,53.0,0.0,53.0,52.0,52.0,-1.0,1041600,54362000,119,26.7,53,580400,52,82900,1292808150,1292808150,387971726,0,0,0,0,0
2023-03-07,KUAS,Ace Oldfields Tbk.,--U-2130000000C121------------,54.0,0.0,54.0,51.0,53.0,-1.0,3150200,165382000,269,27.2,53,775900,52,964000,1292808150,1292808150,387971726,0,0,0,0,0
2023-03-06,KUAS,Ace Oldfields Tbk.,--U-2130000000C121------------,53.0,0.0,54.0,53.0,54.0,1.0,615300,32698000,384,27.7,54,709700,53,333400,1292808150,1292808150,387971726,0,0,0,0,0
2023-03-03,KUAS,Ace Oldfields Tbk.,--U-2130000000C121------------,53.0,0.0,54.0,53.0,53.0,0.0,1655200,88683900,285,27.2,54,143600,53,735400,1292808150,1292808150,387971726,0,0,0,0,0
2023-03-02,KUAS,Ace Oldfields Tbk.,--U-2130000000C121------------,54.0,0.0,55.0,53.0,53.0,-1.0,3718500,199956400,128,27.2,54,80000,53,2724500,1292808150,1292808150,387971726,0,0,0,0,0
2023-03-01,KUAS,Ace Oldfields Tbk.,--U-2130000000C121------------,56.0,0.0,56.0,54.0,54.0,-2.0,1679000,92025900,132,27.7,55,304800,54,2181800,1292808150,1292808150,387971726,0,0,0,0,0
2023-02-28,KUAS,Ace Oldfields Tbk.,--U-2130000000C121------------,53.0,0.0,58.0,53.0,56.0,3.0,15111900,842123600,5927,28.7,57,1310700,56,9600,1292808150,1292808150,387971726,0,0,0,0,0
2023-02-27,KUAS,Ace Oldfields Tbk.,--U-2130000000C121------------,54.0,0.0,54.0,53.0,53.0,-1.0,833200,44306200,179,27.2,54,1385600,53,3012500,1292808150,1292808150,387971726,0,0,0,0,0
2023-02-24,KUAS,Ace Oldfields Tbk.,--U-2130000000C121------------,54.0,0.0,55.0,53.0,54.0,0.0,4390600,235831200,302,27.7,55,464600,54,51800,1292808150,1292808150,387971726,0,0,0,0,0
2023-02-23,KUAS,Ace Oldfields Tbk.,--U-2130000000C121------------,54.0,0.0,57.0,53.0,54.0,0.0,13901400,770596300,14847,27.7,55,228600,54,1028000,1292808150,1292808150,387971726,0,0,0,0,0
2023-02-22,KUAS,Ace Oldfields Tbk.,--U-2130000000C121------------,54.0,0.0,54.0,53.0,54.0,0.0,285400,15172000,61,27.7,54,1331800,53,2330400,1292808150,1292808150,387971726,0,0,0,0,0
2023-02-21,KUAS,Ace Oldfields Tbk.,--U-2130000000C121------------,54.0,0.0,54.0,53.0,54.0,0.0,444900,23696100,72,27.7,54,484100,53,1677700,1292808150,1292808150,387971726,0,0,0,0,0
2023-02-20,KUAS,Ace Oldfields Tbk.,--U-2130000000C121------------,54.0,0.0,55.0,53.0,54.0,0.0,850800,45833700,124,27.7,54,66600,53,2404900,1292808150,1292808150,387971726,0,100,0,0,0
2023-02-17,KUAS,Ace Oldfields Tbk.,--U-2130000000C121------------,55.0,0.0,55.0,53.0,54.0,-1.0,3873800,208753500,182,27.7,55,657000,54,825000,1292808150,1292808150,387971726,0,0,0,0,0
2023-02-16,KUAS,Ace Oldfields Tbk.,--U-2130000000C121------------,56.0,0.0,56.0,54.0,55.0,-1.0,510700,28071200,103,28.2,55,102800,54,1272300,1292808150,1292808150,387971726,0,0,0,0,0
2023-02-15,KUAS,Ace Oldfields Tbk.,--U-2130000000C121------------,56.0,0.0,56.0,55.0,56.0,0.0,835900,46185600,74,28.7,56,617500,55,272800,1292808150,1292808150,387971726,0,0,0,0,0
2023-02-14,KUAS,Ace Oldfields Tbk.,--U-2130000000C121------------,56.0,0.0,56.0,55.0,56.0,0.0,975400,53717500,110,28.7,56,509900,55,488800,1292808150,1292808150,387971726,0,0,0,0,0
2023-02-13,KUAS,Ace Oldfields Tbk.,--U-2130000000C121------------,55.0,0.0,56.0,55.0,56.0,1.0,932600,51442600,190,28.7,56,1016700,55,1691600,1292808150,1292808150,387971726,0,0,0,0,0
2023-02-10,KUAS,Ace Oldfields Tbk.,--U-2130000000C121------------,54.0,0.0,57.0,54.0,55.0,1.0,3650800,200900800,252,28.2,56,556000,55,2388600,1292808150,1292808150,387971726,0,0,0,0,0
2023-02-09,KUAS,Ace Oldfields Tbk.,--U-2130000000C121------------,54.0,0.0,59.0,54.0,54.0,0.0,17183000,967959100,11861,27.7,55,215600,54,1990800,1292808150,1292808150,387971726,67400,0,0,0,0
2023-02-08,KUAS,Ace Oldfields Tbk.,--U-2130000000C121------------,55.0,0.0,56.0,54.0,54.0,-1.0,1002700,54319500,100,27.7,55,584200,54,1207700,1292808150,1292808150,387971726,0,0,0,0,0
2023-02-07,KUAS,Ace Oldfields Tbk.,--U-2130000000C121------------,55.0,0.0,56.0,54.0,55.0,0.0,2084900,114395700,220,28.2,56,698900,55,6300,1292808150,1292808150,387971726,0,0,0,0,0
2023-02-03,KUAS,Ace Oldfields Tbk.,--U-2130000000C121------------,56.0,0.0,57.0,55.0,56.0,0.0,1052100,58537800,291,28.7,56,755200,55,1468700,1292808150,1292808150,387971726,0,0,0,0,0
2023-02-02,KUAS,Ace Oldfields Tbk.,--U-2130000000C121------------,56.0,0.0,57.0,55.0,56.0,0.0,2739600,152604000,180,28.7,56,264300,55,1580000,1292808150,1292808150,387971726,0,0,0,0,0
2023-02-01,KUAS,Ace Oldfields Tbk.,--U-2130000000C121------------,58.0,0.0,59.0,56.0,56.0,-2.0,4502500,257072300,284,28.7,57,209700,56,1009700,1292808150,1292808150,387971726,175000,237800,0,0,0
2023-01-31,KUAS,Ace Oldfields Tbk.,--U-2130000000C121------------,55.0,0.0,58.0,55.0,58.0,3.0,5722200,326548500,372,29.7,58,649100,57,3872700,1292808150,1292808150,387971726,350000,350000,0,0,0
2023-01-30,KUAS,Ace Oldfields Tbk.,--U-2130000000C121------------,55.0,0.0,59.0,54.0,55.0,0.0,11000900,624677000,3138,28.2,56,632000,55,710100,1292808150,1292808150,387971726,175000,179600,0,0,0
2023-01-27,KUAS,Ace Oldfields Tbk.,--U-2130000000C121------------,55.0,0.0,55.0,54.0,55.0,0.0,325500,17635800,43,28.2,55,573800,54,1202200,1292808150,1292808150,387971726,0,0,0,0,0
2023-01-26,KUAS,Ace Oldfields Tbk.,--U-2130000000C121------------,55.0,0.0,56.0,54.0,55.0,0.0,1026600,55575200,68,28.2,55,642600,54,477900,1292808150,1292808150,387971726,0,0,0,0,0
2023-01-25,KUAS,Ace Oldfields Tbk.,--U-2130000000C121------------,53.0,0.0,55.0,53.0,55.0,2.0,1131400,61446700,136,28.2,55,462800,54,163800,1292808150,1292808150,387971726,104200,104200,0,0,0
2023-01-24,KUAS,Ace Oldfields Tbk.,--U-2130000000C121------------,55.0,0.0,56.0,53.0,53.0,-2.0,1322100,71340100,137,27.2,54,90900,53,1896800,1292808150,1292808150,387971726,0,0,0,0,0
2023-01-20,KUAS,Ace Oldfields Tbk.,--U-2130000000C121------------,55.0,0.0,58.0,54.0,55.0,0.0,2317700,130420500,348,28.2,55,200,54,722600,1292808150,1292808150,387971726,400600,225600,0,0,0
2023-01-19,KUAS,Ace Oldfields Tbk.,--U-2130000000C121------------,56.0,0.0,56.0,54.0,55.0,-1.0,1027300,56351400,118,28.2,55,216400,54,1059800,1292808150,1292808150,387971726,0,175000,0,0,0
2023-01-18,KUAS,Ace Oldfields Tbk.,--U-2130000000C121------------,53.0,0.0,56.0,52.0,56.0,3.0,1797000,96640700,321,28.7,56,530300,55,200700,1292808150,1292808150,387971726,9500,9500,0,0,0
2023-01-17,KUAS,Ace Oldfields Tbk.,--U-2130000000C121------------,52.0,0.0,55.0,52.0,53.0,1.0,2672100,142917100,189,27.2,54,361800,53,262000,1292808150,1292808150,387971726,175000,175000,0,0,0
2023-01-16,KUAS,Ace Oldfields Tbk.,--U-2130000000C121------------,53.0,0.0,53.0,51.0,52.0,-1.0,5473500,280876600,463,26.7,53,394500,52,120700,1292808150,1292808150,387971726,0,0,0,0,0
2023-01-13,KUAS,Ace Oldfields Tbk.,--U-2130000000C121------------,53.0,0.0,54.0,51.0,53.0,0.0,4842500,251523000,223,27.2,53,525600,52,137600,1292808150,1292808150,387971726,973200,245000,0,0,0
2023-01-12,KUAS,Ace Oldfields Tbk.,--U-2130000000C121------------,54.0,0.0,55.0,52.0,53.0,-1.0,3528100,187512000,200,27.2,54,260400,53,15400,1292808150,1292808150,387971726,0,0,0,0,0
2023-01-11,KUAS,Ace Oldfields Tbk.,--U-2130000000C121------------,54.0,0.0,55.0,53.0,54.0,0.0,1226500,65755800,91,27.7,54,478700,53,443100,1292808150,1292808150,387971726,0,280000,0,0,0
2023-01-10,KUAS,Ace Oldfields Tbk.,--U-2130000000C121------------,55.0,0.0,56.0,54.0,54.0,-1.0,1003600,54635600,132,27.7,56,666300,54,370400,1292808150,1292808150,387971726,0,0,0,0,0
2023-01-09,KUAS,Ace Oldfields Tbk.,--U-2130000000C121------------,56.0,0.0,56.0,54.0,55.0,-1.0,694400,38127300,130,28.2,56,602100,55,45600,1292808150,1292808150,387971726,9800,9800,0,0,0
2023-01-06,KUAS,Ace Oldfields Tbk.,--U-2130000000C121------------,55.0,0.0,56.0,55.0,56.0,1.0,927100,51124200,90,28.7,56,1335200,55,114000,1292808150,1292808150,387971726,0,0,0,0,0
2023-01-05,KUAS,Ace Oldfields Tbk.,--U-2130000000C121------------,56.0,0.0,57.0,54.0,55.0,-1.0,2052700,112151200,176,28.2,55,32600,54,565600,1292808150,1292808150,387971726,175000,175000,0,0,0
2023-01-04,KUAS,Ace Oldfields Tbk.,--U-2130000000C121------------,56.0,0.0,57.0,55.0,56.0,0.0,1116000,62519900,137,28.7,56,76500,55,636000,1292808150,1292808150,387971726,0,0,0,0,0
2023-01-03,KUAS,Ace Oldfields Tbk.,--U-2130000000C121------------,55.0,0.0,57.0,54.0,56.0,1.0,1911300,106385300,150,28.7,56,35900,55,73900,1292808150,1292808150,387971726,5600,5600,0,0,0
2023-01-02,KUAS,Ace Oldfields Tbk.,--U-2130000000C121------------,55.0,0.0,56.0,54.0,55.0,0.0,1014200,55794400,134,28.2,55,21900,54,880200,1292808150,1292808150,387971726,0,0,0,0,0
2022-12-30,KUAS,Ace Oldfields Tbk.,--U-2130000000C121------------,55.0,0.0,56.0,54.0,55.0,0.0,3255400,178514800,194,28.2,56,224800,55,536800,1292808150,1292808150,387643143,0,0,0,0,0
2022-12-29,KUAS,Ace Oldfields Tbk.,--U-2130000000C121------------,54.0,0.0,55.0,53.0,55.0,1.0,1102900,59350900,1076,28.2,55,240900,54,299000,1292808150,1292808150,387643143,0,0,0,0,0
2022-12-28,KUAS,Ace Oldfields Tbk.,--U-2130000000C121------------,54.0,0.0,56.0,54.0,54.0,0.0,540300,29334000,119,27.7,55,1273300,54,433000,1292808150,1292808150,387643143,0,0,0,0,0
2022-12-27,KUAS,Ace Oldfields Tbk.,--U-2130000000C121------------,53.0,0.0,57.0,53.0,54.0,1.0,1725800,94338500,194,27.7,55,500,54,913100,1292808150,1292808150,387643143,0,27800,0,0,0
2022-12-26,KUAS,Ace Oldfields Tbk.,--U-2130000000C121------------,55.0,0.0,55.0,53.0,53.0,-2.0,1827200,98397100,176,27.2,54,2009300,53,221500,1292808150,1292808150,387643143,0,0,0,0,0
2022-12-23,KUAS,Ace Oldfields Tbk.,--U-2130000000C121------------,54.0,0.0,55.0,54.0,55.0,1.0,699300,38149700,103,28.2,55,511600,54,907100,1292808150,1292808150,387643143,0,0,0,0,0
2022-12-22,KUAS,Ace Oldfields Tbk.,--U-2130000000C121------------,55.0,0.0,56.0,54.0,54.0,-1.0,1456000,79343600,136,27.7,56,142600,54,1143300,1292808150,1292808150,387643143,0,0,0,0,0
2022-12-21,KUAS,Ace Oldfields Tbk.,--U-2130000000C121------------,55.0,0.0,57.0,54.0,55.0,0.0,1439400,79940700,222,28.2,56,225000,55,434200,1292808150,1292808150,387643143,0,0,0,0,0
2022-12-20,KUAS,Ace Oldfields Tbk.,--U-2130000000C121------------,56.0,0.0,57.0,55.0,55.0,-1.0,817000,44993100,96,28.2,56,547900,55,127100,1292808150,1292808150,387643143,0,0,0,0,0
2022-12-19,KUAS,Ace Oldfields Tbk.,--U-2130000000C121------------,57.0,0.0,59.0,56.0,56.0,-1.0,753400,42347200,112,28.7,57,1140500,56,52000,1292808150,1292808150,387643143,0,0,0,0,0
2022-12-16,KUAS,Ace Oldfields Tbk.,--U-2130000000C121------------,56.0,0.0,57.0,55.0,57.0,1.0,794300,44211100,151,29.2,57,272900,56,17100,1292808150,1292808150,387643143,0,70500,0,0,0
2022-12-15,KUAS,Ace Oldfields Tbk.,--U-2130000000C121------------,55.0,0.0,56.0,54.0,56.0,1.0,1952500,108185700,127,28.7,56,170000,55,322800,1292808150,1292808150,387643143,0,229500,0,0,0
2022-12-14,KUAS,Ace Oldfields Tbk.,--U-2130000000C121------------,57.0,0.0,57.0,55.0,55.0,-2.0,2265700,125990700,216,28.2,56,76000,55,1095100,1292808150,1292808150,387643143,175000,175000,0,0,0
2022-12-13,KUAS,Ace Oldfields Tbk.,--U-2130000000C121------------,54.0,0.0,57.0,53.0,57.0,3.0,6118400,332806500,236,29.2,57,23900,56,10100,1292808150,1292808150,387643143,164200,164200,0,0,0
2022-12-12,KUAS,Ace Oldfields Tbk.,--U-2130000000C121------------,56.0,0.0,56.0,53.0,54.0,-2.0,9736600,527998000,358,27.7,55,28800,54,278600,1292808150,1292808150,387643143,175000,375000,0,0,0
2022-12-09,KUAS,Ace Oldfields Tbk.,--U-2130000000C121------------,56.0,0.0,58.0,56.0,56.0,0.0,1543700,87007800,185,28.7,56,2027300,55,272000,1292808150,1292808150,387643143,0,0,0,0,0
2022-12-08,KUAS,Ace Oldfields Tbk.,--U-2130000000C121------------,59.0,0.0,60.0,55.0,56.0,-3.0,7999400,454066100,451,28.7,57,2637900,56,1443400,1292808150,1292808150,387643143,0,0,0,0,0
2022-12-07,KUAS,Ace Oldfields Tbk.,--U-2130000000C121------------,60.0,0.0,61.0,59.0,59.0,-1.0,1334600,78911800,191,30.3,59,1075900,58,684500,1292808150,1292808150,387643143,0,0,0,0,0
2022-12-06,KUAS,Ace Oldfields Tbk.,--U-2130000000C121------------,61.0,0.0,62.0,59.0,60.0,-1.0,5541500,332427300,315,30.8,61,1390500,60,1294300,1292808150,1292808150,387643143,0,0,0,0,0
2022-12-05,KUAS,Ace Oldfields Tbk.,--U-2130000000C121------------,61.0,0.0,62.0,61.0,61.0,0.0,1347800,82443100,183,31.3,62,759200,61,643500,1292808150,1292808150,387643143,0,0,0,0,0
2022-12-02,KUAS,Ace Oldfields Tbk.,--U-2130000000C121------------,62.0,0.0,63.0,61.0,61.0,-1.0,3387100,209756000,216,31.3,62,2753400,61,1777100,1292808150,1292808150,387643143,272400,272400,0,0,0
2022-12-01,KUAS,Ace Oldfields Tbk.,--U-2130000000C121------------,62.0,0.0,62.0,61.0,62.0,0.0,1727900,105583600,137,31.8,62,1287000,61,1863200,1292808150,1292808150,387643143,0,0,0,0,0
2022-11-30,KUAS,Ace Oldfields Tbk.,--U-2130000000C121------------,62.0,0.0,63.0,61.0,62.0,0.0,4831200,297597700,244,31.8,62,1584300,61,1341700,1292808150,1292808150,387643143,150200,0,0,0,0
2022-11-29,KUAS,Ace Oldfields Tbk.,--U-2130000000C121------------,61.0,0.0,64.0,61.0,62.0,1.0,10650100,666165700,637,31.8,63,588400,62,105700,1292808150,1292808150,387643143,350000,1200600,0,0,0
2022-11-28,KUAS,Ace Oldfields Tbk.,--U-2130000000C121------------,62.0,0.0,62.0,61.0,61.0,-1.0,2203400,135329400,157,31.3,62,1410900,61,4058100,1292808150,1292808150,387643143,0,0,0,0,0
2022-11-25,KUAS,Ace Oldfields Tbk.,--U-2130000000C121------------,62.0,0.0,63.0,61.0,62.0,0.0,4939100,302074700,210,31.8,62,3478700,61,3959000,1292808150,1292808150,387643143,1050000,350000,0,0,0
2022-11-24,KUAS,Ace Oldfields Tbk.,--U-2130000000C121------------,62.0,0.0,63.0,62.0,62.0,0.0,3047000,189171400,247,31.8,63,992200,62,5600,1292808150,1292808150,387643143,148300,148300,0,0,0
2022-11-23,KUAS,Ace Oldfields Tbk.,--U-2130000000C121------------,62.0,0.0,63.0,62.0,62.0,0.0,2498600,155702200,284,31.8,63,732000,62,466000,1292808150,1292808150,387643143,0,0,0,0,0
2022-11-22,KUAS,Ace Oldfields Tbk.,--U-2130000000C121------------,61.0,0.0,65.0,61.0,62.0,1.0,29353700,1868810200,9663,31.8,63,314200,62,537400,1292808150,1292808150,387643143,0,0,0,0,0
2022-11-21,KUAS,Ace Oldfields Tbk.,--U-2130000000C121------------,64.0,0.0,64.0,61.0,61.0,-3.0,9190300,571666500,365,31.3,63,730400,61,3482000,1292808150,1292808150,387643143,350000,350000,0,0,0
2022-11-18,KUAS,Ace Oldfields Tbk.,--U-2130000000C121------------,63.0,0.0,64.0,63.0,64.0,1.0,1834300,115669300,216,32.8,64,1001600,63,142000,1292808150,1292808150,387643143,0,0,0,0,0
2022-11-17,KUAS,Ace Oldfields Tbk.,--U-2130000000C121------------,65.0,0.0,65.0,63.0,63.0,-2.0,5357800,339593000,410,32.3,64,959500,63,1602700,1292808150,1292808150,387643143,350000,350000,0,0,0
2022-11-16,KUAS,Ace Oldfields Tbk.,--U-2130000000C121------------,64.0,0.0,66.0,63.0,65.0,1.0,8567500,551595000,548,33.3,65,1201400,64,896000,1292808150,1292808150,387643143,631200,631200,0,0,0
2022-11-15,KUAS,Ace Oldfields Tbk.,--U-2130000000C121------------,63.0,0.0,64.0,62.0,64.0,1.0,3769900,238596400,416,32.8,64,1113900,63,1220400,1292808150,1292808150,387643143,0,0,0,0,0
2022-11-14,KUAS,Ace Oldfields Tbk.,--U-2130000000C121------------,62.0,0.0,68.0,62.0,63.0,1.0,33133000,2154543000,6747,32.3,64,4184600,63,1661500,1292808150,1292808150,387643143,350000,350000,0,0,0
2022-11-11,KUAS,Ace Oldfields Tbk.,--U-2130000000C121------------,62.0,0.0,63.0,61.0,62.0,0.0,4955100,305759300,268,31.8,63,4645800,62,54100,1292808150,1292808150,387643143,350000,350000,0,0,0
2022-11-10,KUAS,Ace Oldfields Tbk.,--U-2130000000C121------------,63.0,0.0,64.0,61.0,62.0,-1.0,6094500,377769100,326,31.8,62,4402100,61,752000,1292808150,1292808150,387643143,0,0,0,0,0
2022-11-09,KUAS,Ace Oldfields Tbk.,--U-2130000000C121------------,62.0,0.0,63.0,61.0,63.0,1.0,2961900,184049600,256,32.3,63,1253100,62,300900,1292808150,1292808150,387643143,0,0,0,0,0
2022-11-08,KUAS,Ace Oldfields Tbk.,--U-2130000000C121------------,63.0,0.0,64.0,62.0,62.0,-1.0,2863900,178650500,320,31.8,63,3339000,62,1173500,1292808150,1292808150,387643143,350000,350000,0,0,0
2022-11-07,KUAS,Ace Oldfields Tbk.,--U-2130000000C121------------,62.0,0.0,65.0,62.0,63.0,1.0,10208400,645521600,476,32.3,64,3842900,63,110600,1292808150,1292808150,387643143,52500,52500,0,0,0
2022-11-04,KUAS,Ace Oldfields Tbk.,--U-2130000000C121------------,66.0,0.0,67.0,62.0,62.0,-4.0,14393400,917715100,854,31.8,63,3583800,62,6251600,1292808150,1292808150,387643143,350000,350000,0,0,0
2022-11-03,KUAS,Ace Oldfields Tbk.,--U-2130000000C121------------,68.0,0.0,68.0,65.0,66.0,-2.0,10097800,667883200,557,33.8,67,1997900,65,2003600,1292808150,1292808150,387643143,350000,350000,0,0,0
2022-11-02,KUAS,Ace Oldfields Tbk.,--U-2130000000C121------------,69.0,0.0,69.0,67.0,68.0,-1.0,9129800,620792900,386,34.9,69,324000,68,341700,1292808150,1292808150,387643143,350000,350000,0,0,0
2022-11-01,KUAS,Ace Oldfields Tbk.,--U-2130000000C121------------,70.0,0.0,71.0,68.0,69.0,-1.0,6990700,485615100,309,35.4,69,153000,68,1894500,1292808150,1292808150,387643143,228600,228600,0,0,0
2022-10-31,KUAS,Ace Oldfields Tbk.,--U-2130000000C121------------,69.0,0.0,71.0,69.0,70.0,1.0,5519700,383274000,319,35.9,70,461200,69,1973700,1292808150,1292808150,387643143,75000,75000,0,0,0
2022-10-28,KUAS,Ace Oldfields Tbk.,--U-2130000000C121------------,70.0,0.0,71.0,68.0,69.0,-1.0,8278200,572528400,394,35.4,70,596400,69,783600,1292808150,1292808150,387643143,75000,75000,0,0,0
2022-10-27,KUAS,Ace Oldfields Tbk.,--U-2130000000C121------------,71.0,0.0,71.0,70.0,70.0,-1.0,6529300,459053600,422,35.9,71,957900,70,2337900,1292575936,1292575936,387643143,50000,50000,0,0,0
2022-10-26,KUAS,Ace Oldfields Tbk.,--U-2130000000C121------------,69.0,0.0,71.0,69.0,71.0,2.0,5411100,379801100,368,36.4,71,795800,70,3649200,1292575936,1292575936,387643143,0,0,0,0,0
2022-10-25,KUAS,Ace Oldfields Tbk.,--U-2130000000C121------------,69.0,0.0,72.0,68.0,69.0,0.0,14198200,995417200,838,35.4,70,410900,69,3028200,1292575936,1292575936,387643143,0,0,0,0,0
2022-10-24,KUAS,Ace Oldfields Tbk.,--U-2130000000C121------------,73.0,0.0,73.0,69.0,69.0,-4.0,31156100,2175837000,1589,35.4,70,661700,69,659900,1292575936,1292575936,387643143,0,0,0,0,0
2022-10-21,KUAS,Ace Oldfields Tbk.,--U-2130000000C121------------,77.0,0.0,77.0,72.0,73.0,-4.0,32927600,2408024900,1621,37.4,73,1517800,72,859400,1292575936,1292575936,387643143,5100,0,0,0,0
2022-10-20,KUAS,Ace Oldfields Tbk.,--U-2130000000C121------------,78.0,0.0,79.0,76.0,77.0,-1.0,17306100,1331494300,668,39.5,77,1425300,76,1106400,1292575870,1292575870,387643143,0,0,0,0,0
2022-10-19,KUAS,Ace Oldfields Tbk.,--U-2130000000C121------------,79.0,0.0,80.0,77.0,78.0,-1.0,9389600,738141100,867,40.0,79,2958800,78,612200,1292575870,1292575870,387643143,2500,0,0,0,0
2022-10-18,KUAS,Ace Oldfields Tbk.,--U-2130000000C121------------,80.0,0.0,81.0,78.0,79.0,-1.0,4985100,393888500,376,40.5,80,645800,79,4067800,1292575870,1292575870,387643143,0,0,0,0,0
2022-10-17,KUAS,Ace Oldfields Tbk.,--U-2130000000C121------------,78.0,0.0,82.0,76.0,80.0,2.0,21339700,1686087900,866,41.0,80,499300,79,298000,1292575570,1292575570,387643143,0,0,0,0,0
2022-10-14,KUAS,Ace Oldfields Tbk.,--U-2130000000C121------------,77.0,0.0,79.0,77.0,78.0,1.0,4606100,359505800,331,40.0,79,446100,78,3582400,1292575570,1292575570,387643143,0,0,0,0,0
2022-10-13,KUAS,Ace Oldfields Tbk.,--U-2130000000C121------------,78.0,0.0,82.0,77.0,77.0,-1.0,30285900,2409458300,7691,39.5,78,100900,77,8066100,1292575569,1292575569,387643143,0,0,0,0,0
2022-10-12,KUAS,Ace Oldfields Tbk.,--U-2130000000C121------------,79.0,0.0,80.0,75.0,78.0,-1.0,14003300,1082582600,765,40.0,78,686000,77,577800,1292575569,1292575569,387643143,100,0,0,0,0
2022-10-11,KUAS,Ace Oldfields Tbk.,--U-2130000000C121------------,79.0,0.0,80.0,78.0,79.0,0.0,8049200,635280700,478,40.5,79,264300,78,950400,1292575569,1292575569,387643143,100000,0,0,0,0
2022-10-10,KUAS,Ace Oldfields Tbk.,--U-2130000000C121------------,80.0,0.0,82.0,79.0,79.0,-1.0,7910800,635655000,521,40.5,80,2101300,79,2600300,1292575569,1292575569,387643143,13500,0,0,0,0
2022-10-07,KUAS,Ace Oldfields Tbk.,--U-2130000000C121------------,81.0,0.0,82.0,79.0,80.0,-1.0,5106700,409872700,326,41.0,81,980200,80,2811500,1292575502,1292575502,387643143,0,5100,0,0,0
2022-10-06,KUAS,Ace Oldfields Tbk.,--U-2130000000C121------------,81.0,0.0,81.0,79.0,81.0,0.0,9314200,745666800,355,41.5,81,1111800,80,567200,1292575502,1292575502,387643143,2100,0,0,0,0
2022-10-05,KUAS,Ace Oldfields Tbk.,--U-2130000000C121------------,82.0,0.0,82.0,80.0,81.0,-1.0,8943200,720391500,595,41.5,81,571500,80,1522800,1292575502,1292575502,387643143,0,15600,0,0,0
2022-10-04,KUAS,Ace Oldfields Tbk.,--U-2130000000C121------------,81.0,0.0,83.0,81.0,82.0,1.0,7333400,600327000,396,42.1,82,2000,81,4777900,1292575492,1292575492,387643143,15500,100000,0,0,0
2022-10-03,KUAS,Ace Oldfields Tbk.,--U-2130000000C121------------,80.0,0.0,84.0,79.0,81.0,1.0,20704300,1690315300,8500,41.5,81,5700,80,2856300,1292575492,1292575492,387643143,34900,15500,0,0,0
2022-09-30,KUAS,Ace Oldfields Tbk.,--U-2130000000C121------------,84.0,0.0,84.0,79.0,80.0,-4.0,22707100,1826449700,1108,41.0,81,209500,80,2073000,1292575492,1292575492,387642135,31100,44800,0,0,0
2022-09-29,KUAS,Ace Oldfields Tbk.,--U-2130000000C121------------,83.0,0.0,84.0,82.0,84.0,1.0,9720300,807518400,546,43.1,84,2031700,83,365100,1292575492,1292575492,387642135,0,21200,0,0,0
2022-09-28,KUAS,Ace Oldfields Tbk.,--U-2130000000C121------------,84.0,0.0,86.0,83.0,83.0,-1.0,14183100,1190873600,915,42.6,84,527600,83,4413400,1292575472,1292575472,387642135,36800,0,0,0,0
2022-09-27,KUAS,Ace Oldfields Tbk.,--U-2130000000C121------------,83.0,0.0,87.0,82.0,84.0,1.0,41368500,3481533700,11285,43.1,85,2056400,84,154700,1292575472,1292575472,387642135,2800,1116900,0,0,0
2022-09-26,KUAS,Ace Oldfields Tbk.,--U-2130000000C121------------,84.0,0.0,85.0,81.0,83.0,-1.0,8963600,738717300,679,42.6,83,1116300,82,5479700,1292575171,1292575171,387642135,1693700,215100,0,0,0
2022-09-23,KUAS,Ace Oldfields Tbk.,--U-2130000000C121------------,83.0,0.0,85.0,83.0,84.0,1.0,10677800,895326000,924,43.1,84,3431600,83,2578200,1292574669,1292574669,387642135,0,21900,0,0,0
2022-09-22,KUAS,Ace Oldfields Tbk.,--U-2130000000C121------------,82.0,0.0,85.0,81.0,83.0,1.0,28305900,2349187300,6527,42.6,83,460900,82,4438600,1292574669,1292574669,387642135,337500,800000,0,0,0
2022-09-21,KUAS,Ace Oldfields Tbk.,--U-2130000000C121------------,83.0,0.0,84.0,81.0,82.0,-1.0,13201400,1085881500,1005,42.1,82,277100,81,3686800,1292574502,1292574502,387642135,27000,147500,0,0,0
2022-09-20,KUAS,Ace Oldfields Tbk.,--U-2130000000C121------------,83.0,0.0,90.0,82.0,83.0,0.0,88059100,7544204900,4540,42.6,83,395500,82,4774200,1292574502,1292574502,387642135,5224000,873700,0,0,0
2022-09-19,KUAS,Ace Oldfields Tbk.,--U-2130000000C121------------,81.0,0.0,87.0,80.0,83.0,2.0,68962000,5786599500,4400,42.6,84,1794000,83,61793900,1292574502,1292574502,387642135,370200,112200,0,0,0
2022-09-16,KUAS,Ace Oldfields Tbk.,--U-2130000000C121------------,79.0,0.0,83.0,78.0,81.0,2.0,38984600,3141119500,5751,41.5,82,2506800,81,557300,1292574502,1292574502,387642135,4600,99300,0,0,0
2022-09-15,KUAS,Ace Oldfields Tbk.,--U-2130000000C121------------,80.0,0.0,81.0,79.0,79.0,-1.0,8288900,657262400,458,40.5,80,1335900,79,14100,1292574502,1292574502,387642135,9500,4600,0,0,0
2022-09-14,KUAS,Ace Oldfields Tbk.,--U-2130000000C121------------,79.0,0.0,81.0,78.0,80.0,1.0,9144300,725888200,821,41.0,80,792800,79,2188600,1292573812,1292573812,387642135,0,9500,0,0,0
2022-09-13,KUAS,Ace Oldfields Tbk.,--U-2130000000C121------------,80.0,0.0,82.0,79.0,79.0,-1.0,11721100,933695300,1222,40.5,80,289000,79,2737300,1292573812,1292573812,387642135,243200,0,0,0,0
2022-09-12,KUAS,Ace Oldfields Tbk.,--U-2130000000C121------------,80.0,0.0,84.0,78.0,80.0,0.0,34170100,2766597900,7977,41.0,80,304100,79,3740700,1292573812,1292573812,387642135,0,0,0,0,0
2022-09-09,KUAS,Ace Oldfields Tbk.,--U-2130000000C121------------,82.0,0.0,85.0,80.0,80.0,-2.0,21070200,1729011800,2060,41.0,80,2580200,79,1030700,1292573778,1292573778,387642135,0,270100,0,0,0
2022-09-08,KUAS,Ace Oldfields Tbk.,--U-2130000000C121------------,77.0,0.0,84.0,77.0,82.0,5.0,51897500,4204197000,4337,42.1,83,1363400,82,394500,1292573778,1292573778,387642135,2006100,0,0,0,0
2022-09-07,KUAS,Ace Oldfields Tbk.,--U-2130000000C121------------,75.0,0.0,79.0,74.0,77.0,2.0,28548800,2202584900,1811,39.5,78,877000,77,135800,1292573711,1292573711,387642135,60800,0,0,0,0
2022-09-06,KUAS,Ace Oldfields Tbk.,--U-2130000000C121------------,74.0,0.0,75.0,74.0,75.0,1.0,8062500,600345000,393,38.5,75,876100,74,2541800,1292573711,1292573711,387642135,0,800000,0,0,0
2022-09-05,KUAS,Ace Oldfields Tbk.,--U-2130000000C121------------,75.0,0.0,76.0,73.0,74.0,-1.0,7927700,587625400,543,37.9,75,6009100,74,958900,1292573711,1292573711,387642135,0,176100,0,0,0
2022-09-02,KUAS,Ace Oldfields Tbk.,--U-2130000000C121------------,75.0,0.0,76.0,74.0,75.0,0.0,15717100,1181684500,985,38.5,75,3175700,74,2555500,1292573711,1292573711,387642135,98500,60800,0,0,0
2022-09-01,KUAS,Ace Oldfields Tbk.,--U-2130000000C121------------,73.0,0.0,78.0,73.0,75.0,2.0,66486700,5044808800,12024,38.5,76,1336000,75,836700,1292573644,1292573644,387642135,5900,38500,0,0,0
2022-08-31,KUAS,Ace Oldfields Tbk.,--U-2130000000C121------------,73.0,0.0,74.0,72.0,73.0,0.0,4743900,346301800,325,37.4,74,2053200,73,3902500,1292573644,1292573644,387642135,14600,0,0,0,0
2022-08-30,KUAS,Ace Oldfields Tbk.,--U-2130000000C121------------,74.0,0.0,74.0,72.0,73.0,-1.0,5337500,390112000,300,37.4,73,627900,72,6520000,1292573312,1292573312,387642135,0,0,0,0,0
2022-08-29,KUAS,Ace Oldfields Tbk.,--U-2130000000C121------------,72.0,0.0,74.0,72.0,74.0,2.0,8243000,605195500,527,37.9,74,1380300,73,746700,1292573312,1292573312,387642135,0,2000,0,0,0
2022-08-26,KUAS,Ace Oldfields Tbk.,--U-2130000000C121------------,73.0,0.0,73.0,72.0,72.0,-1.0,3014600,218243900,330,36.9,73,5945700,72,2557400,1292573312,1292573312,387642135,0,14600,0,0,0
2022-08-25,KUAS,Ace Oldfields Tbk.,--U-2130000000C121------------,73.0,0.0,74.0,72.0,73.0,0.0,5030200,366502100,231,37.4,73,943100,72,2287700,1292573312,1292573312,387642135,7300,0,0,0,0
2022-08-24,KUAS,Ace Oldfields Tbk.,--U-2130000000C121------------,72.0,0.0,74.0,72.0,73.0,1.0,6863500,498841400,410,37.4,73,945500,72,2894000,1292573312,1292573312,387642135,0,0,0,0,0
2022-08-23,KUAS,Ace Oldfields Tbk.,--U-2130000000C121------------,73.0,0.0,73.0,72.0,72.0,-1.0,9488000,685285400,303,36.9,73,2170000,72,3270500,1292573179,1292573179,387642135,1000,7300,0,0,0
2022-08-22,KUAS,Ace Oldfields Tbk.,--U-2130000000C121------------,73.0,0.0,74.0,72.0,73.0,0.0,6007300,435330300,266,37.4,73,1830800,72,1041900,1292573079,1292573079,387642135,0,1000,0,0,0
2022-08-19,KUAS,Ace Oldfields Tbk.,--U-2130000000C121------------,72.0,0.0,77.0,72.0,73.0,1.0,20229500,1501573200,1266,37.4,74,1600200,73,2393500,1292573079,1292573079,387642135,4400,0,0,0,0
2022-08-18,KUAS,Ace Oldfields Tbk.,--U-2130000000C121------------,73.0,0.0,74.0,72.0,72.0,-1.0,4998900,363698500,210,36.9,73,437600,72,4149700,1292573079,1292573079,387642135,0,0,0,0,0
2022-08-16,KUAS,Ace Oldfields Tbk.,--U-2130000000C121------------,73.0,0.0,74.0,72.0,73.0,0.0,4632400,338935100,310,37.4,74,3164200,73,1390300,1292573079,1292573079,387642135,12300,4400,0,0,0
2022-08-15,KUAS,Ace Oldfields Tbk.,--U-2130000000C121------------,73.0,0.0,74.0,72.0,73.0,0.0,7501000,547532400,316,37.4,74,2042300,73,1471700,1292572946,1292572946,387642135,0,12300,0,0,0
2022-08-12,KUAS,Ace Oldfields Tbk.,--U-2130000000C121------------,74.0,0.0,74.0,73.0,73.0,-1.0,7220200,527520500,278,37.4,73,3517400,72,4938500,1292572946,1292572946,387642135,17700,45000,0,0,0
2022-08-11,KUAS,Ace Oldfields Tbk.,--U-2130000000C121------------,73.0,0.0,74.0,72.0,74.0,1.0,6803400,493200800,360,37.9,74,1623700,73,2405000,1292572946,1292572946,387642135,11600,17800,0,0,0
2022-08-10,KUAS,Ace Oldfields Tbk.,--U-2130000000C121------------,72.0,0.0,74.0,72.0,73.0,1.0,7181300,521520700,315,37.4,73,3087200,72,4283800,1292572946,1292572946,387642135,10600,11600,0,0,0
2022-08-09,KUAS,Ace Oldfields Tbk.,--U-2130000000C121------------,73.0,0.0,74.0,72.0,72.0,-1.0,13276200,961171100,850,36.9,73,506100,72,7251000,1292572780,1292572780,387642135,3500,10600,0,0,0
2022-08-08,KUAS,Ace Oldfields Tbk.,--U-2130000000C121------------,74.0,0.0,75.0,73.0,73.0,-1.0,6226000,457842400,3380,37.4,74,618000,73,3453600,1292572780,1292572780,387642135,0,3500,0,0,0
2022-08-05,KUAS,Ace Oldfields Tbk.,--U-2130000000C121------------,73.0,0.0,75.0,73.0,74.0,1.0,15976300,1178630000,2604,37.9,74,1744200,73,2025700,1292571947,1292571947,387642135,0,0,0,0,0
2022-08-04,KUAS,Ace Oldfields Tbk.,--U-2130000000C121------------,72.0,0.0,78.0,72.0,73.0,1.0,44198900,3274773600,2731,37.4,74,6784000,73,503200,1292571947,1292571947,387642135,0,0,0,0,0
2022-08-03,KUAS,Ace Oldfields Tbk.,--U-2130000000C121------------,72.0,0.0,73.0,71.0,72.0,0.0,10645800,766661700,585,36.9,73,4170600,72,151500,1292571946,1292571946,387642135,0,0,0,0,0
2022-08-02,KUAS,Ace Oldfields Tbk.,--U-2130000000C121------------,74.0,0.0,74.0,72.0,72.0,-2.0,8291000,600989500,493,36.9,73,1250000,72,2955300,1292571946,1292571946,387642135,0,700000,0,0,0
2022-08-01,KUAS,Ace Oldfields Tbk.,--U-2130000000C121------------,73.0,0.0,74.0,72.0,74.0,1.0,9396300,684515200,570,37.9,74,2622600,73,1348400,1292571946,1292571946,387642135,0,0,0,0,0
2022-07-29,KUAS,Ace Oldfields Tbk.,--U-2130000000C121------------,74.0,0.0,76.0,72.0,73.0,-1.0,34032500,2497115900,1725,37.4,74,3051900,73,3571200,1292571946,1292571946,387642135,0,680000,0,0,0
2022-07-28,KUAS,Ace Oldfields Tbk.,--U-2130000000C121------------,76.0,0.0,77.0,72.0,74.0,-2.0,35018800,2598868800,3789,37.9,74,645300,73,2249000,1292571946,1292571946,387642135,0,0,0,0,0
2022-07-27,KUAS,Ace Oldfields Tbk.,--U-2130000000C121------------,81.0,0.0,83.0,76.0,76.0,-5.0,80907600,6295490100,4572,39.0,76,6594900,0,0,1292571946,1292571946,387642135,0,8800,0,0,0
2022-07-26,KUAS,Ace Oldfields Tbk.,--U-2130000000C121------------,87.0,0.0,95.0,81.0,81.0,-6.0,171620900,15168491600,30292,41.5,81,8454800,0,0,1292571946,1292571946,387642135,0,285000,0,0,0
2022-07-25,KUAS,Ace Oldfields Tbk.,--U-2130000000C121------------,72.0,0.0,92.0,71.0,87.0,15.0,269836400,22742542600,59980,44.6,87,2523400,86,82626300,1292571946,1292571946,387642135,508700,0,0,0,0
2022-07-22,KUAS,Ace Oldfields Tbk.,--U-2130000000C121------------,71.0,0.0,72.0,71.0,72.0,1.0,2837600,202284400,255,36.9,72,2206200,71,1936700,1292571946,1292571946,387642135,0,0,0,0,0
2022-07-21,KUAS,Ace Oldfields Tbk.,--U-2130000000C121------------,70.0,0.0,72.0,70.0,71.0,1.0,2497300,176488200,249,36.4,71,305100,70,4316400,1292571946,1292571946,387642135,0,0,0,0,0
2022-07-20,KUAS,Ace Oldfields Tbk.,--U-2130000000C121------------,70.0,0.0,73.0,70.0,70.0,0.0,11712300,832428600,1226,35.9,71,798100,70,4741100,1292571946,1292571946,387642135,0,0,0,0,0
2022-07-19,KUAS,Ace Oldfields Tbk.,--U-2130000000C121------------,70.0,0.0,71.0,70.0,70.0,0.0,4337900,303704500,211,35.9,71,930300,70,2017200,1292571946,1292571946,387642135,760000,0,0,0,0
2022-07-18,KUAS,Ace Oldfields Tbk.,--U-2130000000C121------------,71.0,0.0,72.0,70.0,70.0,-1.0,3964300,280994100,180,35.9,71,167800,70,4394100,1292571946,1292571946,387642135,540000,0,0,0,0
2022-07-15,KUAS,Ace Oldfields Tbk.,--U-2130000000C121------------,71.0,0.0,72.0,70.0,71.0,0.0,2640800,187531700,212,36.4,72,3841500,71,1732000,1292571912,1292571912,387642135,0,0,0,0,0
2022-07-14,KUAS,Ace Oldfields Tbk.,--U-2130000000C121------------,71.0,0.0,73.0,71.0,71.0,0.0,8311200,596217200,676,36.4,71,2254000,70,2865700,1292571912,1292571912,387642135,277700,0,0,0,0
2022-07-13,KUAS,Ace Oldfields Tbk.,--U-2130000000C121------------,71.0,0.0,73.0,70.0,71.0,0.0,7834800,558429500,461,36.4,72,276600,71,243900,1292571912,1292571912,387642135,0,0,0,0,0
2022-07-12,KUAS,Ace Oldfields Tbk.,--U-2130000000C121------------,71.0,0.0,76.0,70.0,71.0,0.0,31836400,2326796000,3436,36.4,72,749000,71,409600,1292571479,1292571479,387642135,0,0,0,0,0
2022-07-11,KUAS,Ace Oldfields Tbk.,--U-2130000000C121------------,72.0,0.0,73.0,70.0,71.0,-1.0,5739500,411249100,1573,36.4,72,678100,71,930900,1292571479,1292571479,387642135,0,0,0,0,0
2022-07-08,KUAS,Ace Oldfields Tbk.,--U-2130000000C121------------,71.0,0.0,73.0,71.0,72.0,1.0,6852700,490495200,393,36.9,73,162800,72,801000,1292571479,1292571479,387642135,0,338500,0,0,0
2022-07-07,KUAS,Ace Oldfields Tbk.,--U-2130000000C121------------,71.0,0.0,73.0,70.0,71.0,0.0,6642700,471560500,630,36.4,72,2625800,71,591900,1292571479,1292571479,387642135,0,0,0,0,0
2022-07-06,KUAS,Ace Oldfields Tbk.,--U-2130000000C121------------,71.0,0.0,72.0,70.0,71.0,0.0,5507100,388512800,362,36.4,71,2792600,70,739500,1292571479,1292571479,387642135,0,0,0,0,0
2022-07-05,KUAS,Ace Oldfields Tbk.,--U-2130000000C121------------,73.0,0.0,74.0,71.0,71.0,-2.0,9070000,648242200,1544,36.4,71,2205700,70,2008600,1292571476,1292571476,387642135,0,0,0,0,0
2022-07-04,KUAS,Ace Oldfields Tbk.,--U-2130000000C121------------,72.0,0.0,74.0,70.0,73.0,1.0,8682400,621962900,1560,37.4,73,45300,72,124300,1292571376,1292571376,387642135,0,0,0,0,0
2022-07-01,KUAS,Ace Oldfields Tbk.,--U-2130000000C121------------,75.0,0.0,77.0,71.0,72.0,-3.0,24721000,1796306000,1191,36.9,72,317500,71,689500,1292571376,1292571376,387642135,0,500000,0,0,0
2022-06-30,KUAS,Ace Oldfields Tbk.,--U-2100000000C121------------,78.0,0.0,79.0,75.0,75.0,-3.0,13417800,1026416700,798,38.5,76,149400,75,3242500,1292571376,1292571376,388158933,13800,1050500,0,0,0
2022-06-29,KUAS,Ace Oldfields Tbk.,--U-2100000000C121------------,80.0,0.0,80.0,77.0,78.0,-2.0,7722500,603242600,1760,40.0,79,1640500,78,3833000,1292571376,1292571376,388158933,0,0,130000,11310000,1
2022-06-28,KUAS,Ace Oldfields Tbk.,--U-2100000000C121------------,78.0,0.0,80.0,78.0,80.0,2.0,5765400,454834900,2213,41.0,80,2509600,79,665400,1292571343,1292571343,388158933,0,0,0,0,0
2022-06-27,KUAS,Ace Oldfields Tbk.,--U-2100000000C121------------,80.0,0.0,80.0,78.0,78.0,-2.0,6862300,540085700,484,40.0,79,188600,78,262000,1292571343,1292571343,388158933,0,0,0,0,0
2022-06-24,KUAS,Ace Oldfields Tbk.,XDU-2100000000C121------------,80.0,0.0,81.0,78.0,80.0,0.0,10059000,796317300,671,41.0,80,1844200,79,661700,1292571343,1292571343,388158933,0,0,0,0,0
2022-06-23,KUAS,Ace Oldfields Tbk.,XDU-2100000000C121------------,76.0,0.0,81.0,75.0,80.0,4.0,55491600,4411582800,6405,41.0,80,2283700,79,815300,1292571343,1292571343,388158933,0,0,0,0,0
2022-06-22,KUAS,Ace Oldfields Tbk.,XDU-2100000000C121------------,77.0,0.0,78.0,75.0,76.0,-1.0,11856700,904453000,730,39.0,77,590200,76,69700,1292571308,1292571308,388158933,0,0,0,0,0
2022-06-21,KUAS,Ace Oldfields Tbk.,XDU-2100000000C121------------,75.0,0.0,80.0,74.0,77.0,2.0,35871100,2790336700,1899,39.5,77,387500,76,8391300,1292571308,1292571308,388158933,5000,0,0,0,0
2022-06-20,KUAS,Ace Oldfields Tbk.,XDU-2100000000C121------------,73.0,0.0,78.0,73.0,75.0,2.0,29185000,2191050900,1439,38.5,75,435100,74,998600,1292570939,1292570939,388158933,0,0,0,0,0
2022-06-17,KUAS,Ace Oldfields Tbk.,XDU-2100000000C121------------,72.0,0.0,77.0,71.0,73.0,1.0,42868000,3166033100,2925,37.4,74,1512900,73,1566400,1292570939,1292570939,388158933,250000,0,0,0,0
2022-06-16,KUAS,Ace Oldfields Tbk.,XDU-2100000000C121------------,73.0,0.0,74.0,72.0,72.0,-1.0,10609100,764825600,422,36.9,73,815200,72,454000,1292570939,1292570939,388158933,0,0,0,0,0
2022-06-15,KUAS,Ace Oldfields Tbk.,XDU-2100000000C121------------,74.0,0.0,75.0,71.0,73.0,-1.0,14520100,1056846400,835,37.4,73,7588700,72,195200,1292570939,1292570939,388158933,0,915500,0,0,0
2022-06-14,KUAS,Ace Oldfields Tbk.,XDU-2100000000C121------------,74.0,0.0,76.0,73.0,74.0,0.0,10480200,777781400,672,37.9,74,200,73,1371200,1292570939,390000399,388158933,0,281600,0,0,0
2022-06-13,KUAS,Ace Oldfields Tbk.,XDU-2100000000C121------------,76.0,0.0,78.0,72.0,74.0,-2.0,21105200,1579124700,3783,37.9,74,227500,73,569200,1292570939,390000399,388158933,0,250000,0,0,0
2022-06-10,KUAS,Ace Oldfields Tbk.,XDU-2100000000C121------------,81.0,0.0,83.0,76.0,76.0,-5.0,35889800,2804063300,2058,39.0,76,1788700,0,0,1292570939,390000399,388158933,0,0,0,0,0
2022-06-09,KUAS,Ace Oldfields Tbk.,XDU-2100000000C121------------,76.0,0.0,81.0,74.0,81.0,5.0,44566900,3472109600,2468,41.5,81,1145400,80,204900,1292570939,390000399,388158933,233000,0,0,0,0
2022-06-08,KUAS,Ace Oldfields Tbk.,XDU-2100000000C121------------,81.0,0.0,83.0,76.0,76.0,-5.0,56844500,4477992000,3827,39.0,76,846900,0,0,1292570939,390000399,388158933,0,233000,0,0,0
2022-06-07,KUAS,Ace Oldfields Tbk.,XDU-2100000000C121------------,75.0,0.0,92.0,75.0,81.0,6.0,403640800,34740133900,23173,41.5,82,481400,81,549700,1292570939,390000399,388158933,1832300,220500,0,0,0
2022-06-06,KUAS,Ace Oldfields Tbk.,XDU-2100000000C121------------,73.0,0.0,76.0,71.0,75.0,2.0,14065800,1041364500,3492,38.5,76,2145500,75,2198100,1292570939,390000399,388158933,500000,0,0,0,0
2022-06-03,KUAS,Ace Oldfields Tbk.,XDU-2100000000C121------------,73.0,0.0,73.0,71.0,73.0,0.0,4429800,319170500,1390,37.4,73,1819500,72,2139200,1292570807,390000267,388158933,0,0,0,0,0
2022-06-02,KUAS,Ace Oldfields Tbk.,XDU-2100000000C121------------,73.0,0.0,74.0,71.0,73.0,0.0,4148600,299200300,254,37.4,73,3200400,72,3200400,1292570708,390000168,388158933,0,0,0,0,0
2022-05-31,KUAS,Ace Oldfields Tbk.,--U-2100000000C121------------,72.0,0.0,73.0,71.0,73.0,1.0,2400700,172889000,219,37.4,73,1291100,72,2734700,1292570708,390000168,388158933,0,0,0,0,0
2022-05-30,KUAS,Ace Oldfields Tbk.,--U-2100000000C121------------,72.0,0.0,76.0,71.0,72.0,0.0,14215300,1040976600,2135,36.9,73,2111000,72,242200,1292570708,390000168,388158933,0,0,0,0,0
2022-05-27,KUAS,Ace Oldfields Tbk.,CDU-2100000000C121------------,72.0,0.0,74.0,71.0,72.0,0.0,5938900,431064900,342,36.9,73,1069500,72,1869100,1292570674,390000134,388158933,0,300000,0,0,0
2022-05-25,KUAS,Ace Oldfields Tbk.,CDU-2100000000C121------------,73.0,0.0,74.0,72.0,72.0,-1.0,5059900,366330900,487,36.9,73,3567700,72,78300,1292570674,390000134,388158933,0,0,0,0,0
2022-05-24,KUAS,Ace Oldfields Tbk.,CDU-2100000000C121------------,71.0,0.0,76.0,71.0,73.0,2.0,20885900,1535120900,993,37.4,74,262200,73,2537600,1292570674,390000134,388158933,0,0,0,0,0
2022-05-23,KUAS,Ace Oldfields Tbk.,--U-2100000000C121------------,72.0,0.0,73.0,71.0,71.0,-1.0,5398800,385519800,192,36.4,72,500300,71,3039300,1292570674,390000134,388158933,0,190300,0,0,0
2022-05-20,KUAS,Ace Oldfields Tbk.,--U-2100000000C121------------,71.0,0.0,73.0,70.0,72.0,1.0,2996300,213371800,144,36.9,72,1265900,71,1218100,1292570674,390000134,388158933,0,0,0,0,0
2022-05-19,KUAS,Ace Oldfields Tbk.,--U-2100000000C121------------,72.0,0.0,73.0,70.0,71.0,-1.0,5082100,361002500,385,36.4,72,1344400,71,2834300,1292570674,390000134,388158933,0,0,0,0,0
2022-05-18,KUAS,Ace Oldfields Tbk.,--U-2100000000C121------------,71.0,0.0,72.0,71.0,72.0,1.0,2213400,158303700,123,36.9,72,1467200,71,1183600,1292570674,390000134,388158933,0,0,0,0,0
2022-05-17,KUAS,Ace Oldfields Tbk.,--U-2100000000C121------------,71.0,0.0,74.0,71.0,71.0,0.0,6388400,455836900,257,36.4,72,167200,71,229300,1292570540,390000000,388158933,0,0,0,0,0
2022-05-13,KUAS,Ace Oldfields Tbk.,--U-2100000000C121------------,73.0,0.0,73.0,70.0,71.0,-2.0,3293800,235593700,255,36.4,72,346800,70,2561000,1292570540,390000000,388158933,0,634000,0,0,0
2022-05-12,KUAS,Ace Oldfields Tbk.,--U-2100000000C121------------,71.0,0.0,75.0,70.0,73.0,2.0,13535200,975841700,1473,37.4,73,2546600,72,165000,1292570540,390000000,388158933,0,0,0,0,0
2022-05-11,KUAS,Ace Oldfields Tbk.,--U-2100000000C121------------,70.0,0.0,72.0,69.0,71.0,1.0,4356300,309140700,226,36.4,71,452500,70,349000,1292570540,390000000,388158933,0,20000,0,0,0
2022-05-10,KUAS,Ace Oldfields Tbk.,--U-2100000000C121------------,72.0,0.0,72.0,69.0,70.0,-2.0,6088500,425366700,322,35.9,71,815200,70,1426700,1292570540,390000000,388158933,0,0,0,0,0
2022-05-09,KUAS,Ace Oldfields Tbk.,--U-2100000000C121------------,72.0,0.0,75.0,71.0,72.0,0.0,5247600,379722000,436,36.9,73,325400,72,30000,1292570540,390000000,388158933,0,0,0,0,0
2022-04-28,KUAS,Ace Oldfields Tbk.,--U-2100000000C121------------,74.0,0.0,74.0,72.0,72.0,-2.0,5305600,385306300,302,36.9,73,35400,72,3283200,1292570540,390000000,388158933,0,0,0,0,0
2022-04-27,KUAS,Ace Oldfields Tbk.,--U-2100000000C121------------,73.0,0.0,74.0,72.0,74.0,1.0,4774300,348186200,315,37.9,74,84200,73,250300,1292570540,390000000,388158933,0,0,0,0,0
2022-04-26,KUAS,Ace Oldfields Tbk.,--U-2100000000C121------------,74.0,0.0,77.0,73.0,73.0,-1.0,15325800,1147369100,678,37.4,74,550000,73,4245000,1292570540,390000000,388158933,0,0,0,0,0
2022-04-25,KUAS,Ace Oldfields Tbk.,--U-2100000000C121------------,75.0,0.0,78.0,73.0,74.0,-1.0,20003800,1509149300,5326,37.9,75,301500,74,5309900,1292570540,390000000,388158933,0,100000,0,0,0
2022-04-22,KUAS,Ace Oldfields Tbk.,--U-2100000000C121------------,76.0,0.0,80.0,74.0,75.0,-1.0,13981900,1074569500,3999,38.5,76,236400,75,1391500,1292570540,390000000,388158933,500000,500000,0,0,0
2022-04-21,KUAS,Ace Oldfields Tbk.,--U-2100000000C121------------,77.0,0.0,77.0,74.0,76.0,-1.0,8049400,609019900,743,39.0,76,1068300,75,2724200,1292570540,390000000,388158933,0,0,0,0,0
2022-04-20,KUAS,Ace Oldfields Tbk.,--U-2100000000C121------------,78.0,0.0,81.0,75.0,77.0,-1.0,14961000,1161440500,1435,39.5,77,240900,76,833500,1292570540,390000000,388158933,0,510000,0,0,0
2022-04-19,KUAS,Ace Oldfields Tbk.,--U-2100000000C121------------,76.0,0.0,79.0,75.0,78.0,2.0,10210800,787306000,807,40.0,78,1337300,77,578200,1292570540,390000000,388158933,0,61500,0,0,0
2022-04-18,KUAS,Ace Oldfields Tbk.,--U-2100000000C121------------,73.0,0.0,80.0,73.0,76.0,3.0,40773700,3131806800,2241,39.0,77,1442700,76,191600,1292570540,390000000,388158933,500000,1653300,0,0,0
2022-04-14,KUAS,Ace Oldfields Tbk.,--U-2100000000C121------------,71.0,0.0,75.0,71.0,73.0,2.0,17472700,1272396800,505,37.4,74,799200,73,937200,1292570540,390000000,388158933,0,0,0,0,0
2022-04-13,KUAS,Ace Oldfields Tbk.,--U-2100000000C121------------,74.0,0.0,75.0,70.0,71.0,-3.0,10848700,779098600,511,36.4,72,148600,71,3421100,1292570540,390000000,388158933,1500000,60000,0,0,0
2022-04-12,KUAS,Ace Oldfields Tbk.,--U-2100000000C121------------,70.0,0.0,75.0,70.0,74.0,4.0,28861900,2111475000,1613,37.9,75,1086400,74,181400,1292570540,390000000,388158933,200,410800,0,0,0
2022-04-11,KUAS,Ace Oldfields Tbk.,--U-2100000000C121------------,72.0,0.0,73.0,70.0,70.0,-2.0,8986200,635048900,823,35.9,71,13100,70,1250000,1292570540,390000000,388158933,0,0,0,0,0
2022-04-08,KUAS,Ace Oldfields Tbk.,--U-2100000000C121------------,74.0,0.0,76.0,70.0,72.0,-2.0,12958100,936959600,775,36.9,73,513900,72,3237100,1292570540,390000000,388158933,210000,10000,0,0,0
2022-04-07,KUAS,Ace Oldfields Tbk.,--U-2100000000C121------------,69.0,0.0,77.0,69.0,74.0,5.0,52168700,3841371100,4151,37.9,74,1519700,73,170100,1292570540,390000000,388158933,0,1518500,0,0,0
2022-04-06,KUAS,Ace Oldfields Tbk.,--U-2100000000C121------------,69.0,0.0,71.0,69.0,69.0,0.0,4076000,284583600,636,35.4,70,264400,69,4774500,1292570540,390000000,388158933,0,0,0,0,0
2022-04-05,KUAS,Ace Oldfields Tbk.,--U-2100000000C121------------,70.0,0.0,70.0,69.0,69.0,-1.0,2362800,164093500,217,35.4,70,4310500,69,3711800,1292570540,390000000,388158933,0,0,0,0,0
2022-04-04,KUAS,Ace Oldfields Tbk.,--U-2100000000C121------------,70.0,0.0,70.0,69.0,70.0,0.0,3563400,248453300,221,35.9,70,4208000,69,3291000,1292570540,390000000,388158933,582000,0,0,0,0
2022-04-01,KUAS,Ace Oldfields Tbk.,--U-2100000000C121------------,70.0,0.0,70.0,68.0,70.0,0.0,3213300,222996700,260,35.9,70,165900,69,1272500,1292570540,390000000,388158933,0,0,0,0,0
2022-03-31,KUAS,Ace Oldfields Tbk.,--U-2100000000C121------------,70.0,0.0,71.0,69.0,70.0,0.0,2431600,170077200,207,35.9,71,1307500,70,1048700,1292570540,390000000,750983484,0,0,0,0,0
2022-03-30,KUAS,Ace Oldfields Tbk.,--U-2100000000C121------------,69.0,0.0,71.0,69.0,70.0,1.0,4622200,324158300,412,35.9,71,1498500,70,980400,1292570540,390000000,750983484,0,0,0,0,0
2022-03-29,KUAS,Ace Oldfields Tbk.,--U-2100000000C121------------,69.0,0.0,70.0,68.0,69.0,0.0,2107400,146044800,212,35.4,70,950600,69,1057500,1292570540,390000000,750983484,0,0,0,0,0
2022-03-28,KUAS,Ace Oldfields Tbk.,--U-2100000000C121------------,70.0,0.0,71.0,68.0,69.0,-1.0,4933900,340878400,323,35.4,70,821700,68,1709500,1292570540,390000000,750983484,0,0,0,0,0
2022-03-25,KUAS,Ace Oldfields Tbk.,--U-2100000000C121------------,70.0,0.0,71.0,69.0,70.0,0.0,2745400,192134600,567,35.9,71,547200,70,340500,1292570540,390000000,750983484,0,0,0,0,0
2022-03-24,KUAS,Ace Oldfields Tbk.,--U-2100000000C121------------,71.0,0.0,72.0,70.0,70.0,-1.0,2466800,173304900,297,35.9,71,605100,70,100,1292570540,390000000,750983484,0,0,0,0,0
2022-03-23,KUAS,Ace Oldfields Tbk.,--U-2100000000C121------------,70.0,0.0,73.0,69.0,71.0,1.0,9285600,655522600,1658,36.4,71,123600,70,1483400,1292570540,390000000,750983484,0,0,0,0,0
2022-03-22,KUAS,Ace Oldfields Tbk.,--U-2100000000C121------------,70.0,0.0,71.0,69.0,70.0,0.0,2500500,173687500,268,35.9,70,451500,69,399500,1292570540,390000000,750983484,0,0,0,0,0
2022-03-21,KUAS,Ace Oldfields Tbk.,--U-2100000000C121------------,69.0,0.0,70.0,68.0,70.0,1.0,2893300,199402400,453,35.9,70,683300,69,174900,1292570540,390000000,750983484,0,0,0,0,0
2022-03-18,KUAS,Ace Oldfields Tbk.,--U-2100000000C121------------,69.0,0.0,70.0,68.0,69.0,0.0,2908400,200924400,306,35.4,70,1182200,69,63300,1292570540,390000000,750983484,0,0,0,0,0
2022-03-17,KUAS,Ace Oldfields Tbk.,--U-2100000000C121------------,70.0,0.0,71.0,68.0,69.0,-1.0,4327500,299404900,309,35.4,70,855100,69,1831500,1292570540,390000000,750983484,0,0,0,0,0
2022-03-16,KUAS,Ace Oldfields Tbk.,--U-2100000000C121------------,72.0,0.0,74.0,68.0,70.0,-2.0,22700500,1588070100,1115,35.9,70,804900,69,2073900,1292570540,390000000,750983484,0,0,0,0,0
2022-03-15,KUAS,Ace Oldfields Tbk.,--U-2100000000C121------------,73.0,0.0,73.0,71.0,72.0,-1.0,4092200,293820100,342,36.9,72,4444400,71,129800,1292570540,390000000,750983484,0,186500,0,0,0
2022-03-14,KUAS,Ace Oldfields Tbk.,--U-2100000000C121------------,72.0,0.0,73.0,71.0,73.0,1.0,2987000,215693000,315,37.4,73,597100,72,41500,1292570540,390000000,750983484,0,100000,0,0,0
2022-03-11,KUAS,Ace Oldfields Tbk.,--U-2100000000C121------------,72.0,0.0,75.0,70.0,72.0,0.0,4530000,329357500,497,36.9,73,52700,72,203000,1292570540,390000000,750983484,0,0,0,0,0
2022-03-10,KUAS,Ace Oldfields Tbk.,--U-2100000000C121------------,71.0,0.0,77.0,70.0,72.0,1.0,3381800,242251000,262,36.9,72,211900,71,353500,1292570540,390000000,750983484,0,0,70000,4900000,1
2022-03-09,KUAS,Ace Oldfields Tbk.,--U-2100000000C121------------,70.0,0.0,77.0,70.0,71.0,1.0,3407100,243331600,373,36.4,72,517100,71,51100,1292570540,390000000,750983484,0,0,0,0,0
2022-03-08,KUAS,Ace Oldfields Tbk.,--U-2100000000C121------------,70.0,0.0,73.0,68.0,70.0,0.0,6864200,481506900,525,35.9,71,309100,70,246600,1292570540,390000000,750983484,0,0,0,0,0
2022-03-07,KUAS,Ace Oldfields Tbk.,--U-2100000000C121------------,74.0,0.0,75.0,69.0,70.0,-4.0,10059900,715364900,725,35.9,71,97600,70,125000,1292570540,390000000,750983484,110000,0,0,0,0
2022-03-04,KUAS,Ace Oldfields Tbk.,--U-2100000000C121------------,73.0,0.0,76.0,72.0,74.0,1.0,5510600,407866500,682,37.9,74,918600,73,1270600,1292570540,390000000,750983484,0,50000,0,0,0
2022-03-02,KUAS,Ace Oldfields Tbk.,--U-2100000000C121------------,75.0,0.0,76.0,73.0,73.0,-2.0,4432400,328425100,402,37.4,74,270000,73,2892400,1292570540,390000000,750983484,0,0,0,0,0
2022-03-01,KUAS,Ace Oldfields Tbk.,--U-2100000000C121------------,75.0,0.0,80.0,73.0,75.0,0.0,3719400,281164500,517,38.5,76,448800,75,112700,1292570540,390000000,750983484,0,0,0,0,0
2022-02-25,KUAS,Ace Oldfields Tbk.,--U-2100000000C121------------,75.0,0.0,80.0,74.0,75.0,0.0,11386400,863550800,780,38.5,76,70400,75,19300,1292570540,390000000,750983484,0,50000,0,0,0
2022-02-24,KUAS,Ace Oldfields Tbk.,--U-2100000000C121------------,80.0,0.0,82.0,75.0,75.0,-5.0,27306700,2125806100,1754,38.5,76,108400,75,2151700,1292570540,390000000,750983484,1625400,562100,0,0,0
2022-02-23,KUAS,Ace Oldfields Tbk.,--U-2100000000C121------------,79.0,0.0,81.0,77.0,80.0,1.0,14363300,1145663500,1003,41.0,80,517200,79,855900,1292570540,390000000,750983484,0,0,0,0,0
2022-02-22,KUAS,Ace Oldfields Tbk.,--U-2100000000C121------------,80.0,0.0,81.0,78.0,79.0,-1.0,10098900,796833400,722,40.5,79,999900,78,3302200,1292570540,390000000,750983484,0,0,0,0,0
2022-02-21,KUAS,Ace Oldfields Tbk.,--U-2100000000C121------------,81.0,0.0,82.0,80.0,80.0,-1.0,8461800,679893300,760,41.0,81,688500,80,17000,1292570540,390000000,750983484,0,0,0,0,0
2022-02-18,KUAS,Ace Oldfields Tbk.,--U-2100000000C121------------,82.0,0.0,85.0,81.0,81.0,-1.0,25661600,2129518000,2116,41.5,82,612900,81,242800,1292570540,390000000,750983484,0,75600,2499000,207417000,1
2022-02-17,KUAS,Ace Oldfields Tbk.,--U-2100000000C121------------,78.0,0.0,84.0,79.0,82.0,4.0,33926400,2764530600,2568,42.1,82,1999900,81,102200,1292570540,390000000,750983484,0,1167700,0,0,0
2022-02-16,KUAS,Ace Oldfields Tbk.,--U-2100000000C121------------,79.0,0.0,81.0,78.0,78.0,-1.0,14678300,1153852200,1305,40.0,79,48500,78,2568900,1292570540,390000000,750983484,190000,220000,0,0,0
2022-02-15,KUAS,Ace Oldfields Tbk.,--U-2100000000C121------------,81.0,0.0,83.0,78.0,79.0,-2.0,17334400,1372915500,1270,40.5,79,7300,78,1721000,1292570540,390000000,750983484,363600,100000,0,0,0
2022-02-14,KUAS,Ace Oldfields Tbk.,--U-2100000000C121------------,85.0,0.0,87.0,80.0,81.0,-4.0,32850700,2699387200,2695,41.5,82,105600,81,2041600,1292570540,390000000,750983484,50000,38600,0,0,0
2022-02-11,KUAS,Ace Oldfields Tbk.,--U-2100000000C121------------,78.0,0.0,90.0,78.0,85.0,7.0,171704500,14763706900,10076,43.6,86,2124800,85,190600,1292570540,390000000,750983484,1421700,1003200,0,0,0
2022-02-10,KUAS,Ace Oldfields Tbk.,--U-2100000000C121------------,78.0,0.0,79.0,77.0,78.0,0.0,8079300,628605300,753,40.0,78,347300,77,2360900,1292570540,390000000,750983484,0,100000,0,0,0
2022-02-09,KUAS,Ace Oldfields Tbk.,--U-2100000000C121------------,77.0,0.0,79.0,76.0,78.0,1.0,11229000,869023700,1284,40.0,78,1441100,77,975400,1292570540,390000000,750983484,891100,100900,0,0,0
2022-02-08,KUAS,Ace Oldfields Tbk.,--U-2100000000C121------------,76.0,0.0,78.0,76.0,77.0,1.0,7568600,580275200,542,39.5,78,1745600,77,190000,1292570540,390000000,750983484,730000,550000,0,0,0
2022-02-07,KUAS,Ace Oldfields Tbk.,--U-2100000000C121------------,76.0,0.0,78.0,75.0,76.0,0.0,11305300,863756600,831,39.0,77,552300,76,3309800,1292570540,390000000,750983484,280000,426000,0,0,0
2022-02-04,KUAS,Ace Oldfields Tbk.,--U-2100000000C121------------,76.0,0.0,78.0,76.0,76.0,0.0,8431700,647675100,791,39.0,77,603500,76,5147400,1292570540,390000000,750983484,60100,5000,0,0,0
2022-02-03,KUAS,Ace Oldfields Tbk.,--U-2100000000C121------------,75.0,0.0,79.0,74.0,76.0,1.0,29568400,2264991000,2231,39.0,77,241200,76,3654000,1292570540,390000000,750983484,0,500000,0,0,0
2022-02-02,KUAS,Ace Oldfields Tbk.,--U-2100000000C121------------,77.0,0.0,78.0,74.0,75.0,-2.0,15208400,1146146000,1201,38.5,75,768900,74,1494100,1292570540,390000000,750983484,0,541100,0,0,0
2022-01-31,KUAS,Ace Oldfields Tbk.,--U-2100000000C121------------,78.0,0.0,79.0,76.0,77.0,-1.0,9479100,731814000,863,39.5,78,1413900,77,71700,1292570540,390000000,750983484,0,10000,0,0,0
2022-01-28,KUAS,Ace Oldfields Tbk.,--U-2100000000C121------------,79.0,0.0,80.0,77.0,78.0,-1.0,11616700,904838400,1018,40.0,79,1344500,78,171600,1292570540,390000000,750983484,0,100000,0,0,0
2022-01-27,KUAS,Ace Oldfields Tbk.,--U-2100000000C121------------,78.0,0.0,82.0,77.0,79.0,1.0,18166400,1443799000,1806,40.5,80,557700,79,334200,1292570540,390000000,750983484,0,0,0,0,0
2022-01-26,KUAS,Ace Oldfields Tbk.,--U-2100000000C121------------,80.0,0.0,81.0,77.0,78.0,-2.0,14690600,1149576900,1259,40.0,79,599200,78,209200,1292570540,390000000,750983484,0,471000,0,0,0
2022-01-25,KUAS,Ace Oldfields Tbk.,--U-2100000000C121------------,78.0,0.0,86.0,77.0,80.0,2.0,78220000,6440962900,4840,41.0,81,518500,80,137500,1292570540,390000000,750983484,1470000,20000,0,0,0
2022-01-24,KUAS,Ace Oldfields Tbk.,--U-2100000000C121------------,81.0,0.0,81.0,77.0,78.0,-3.0,16974200,1323707600,1219,40.0,78,398700,77,3716000,1292570540,390000000,750983484,0,1455000,0,0,0
2022-01-21,KUAS,Ace Oldfields Tbk.,--U-2100000000C121------------,85.0,0.0,85.0,80.0,81.0,-4.0,37195800,3014887000,2245,41.5,81,353500,80,2180400,1292570540,390000000,750983484,0,6000,0,0,0
2022-01-20,KUAS,Ace Oldfields Tbk.,--U-2100000000C121------------,87.0,0.0,88.0,85.0,85.0,-2.0,14901700,1279480300,1004,43.6,86,1199500,85,2021400,1292570540,390000000,750983484,0,0,0,0,0
2022-01-19,KUAS,Ace Oldfields Tbk.,--U-2100000000C121------------,87.0,0.0,89.0,85.0,87.0,0.0,26607100,2307856600,1643,44.6,88,1506100,87,225500,1292570540,390000000,750983484,0,0,0,0,0
2022-01-18,KUAS,Ace Oldfields Tbk.,--U-2100000000C121------------,84.0,0.0,91.0,84.0,87.0,3.0,84907100,7413304500,5473,44.6,88,2413400,87,83000,1292570540,390000000,750983484,0,170000,0,0,0
2022-01-17,KUAS,Ace Oldfields Tbk.,--U-2100000000C121------------,84.0,0.0,89.0,81.0,84.0,0.0,29299500,2490749000,2275,43.1,84,864600,83,80900,1292570540,390000000,750983484,0,60000,0,0,0
2022-01-14,KUAS,Ace Oldfields Tbk.,--U-2100000000C121------------,81.0,0.0,85.0,81.0,84.0,3.0,12050400,999779700,1332,43.1,84,234400,83,904200,1292570540,390000000,750983484,0,150000,0,0,0
2022-01-13,KUAS,Ace Oldfields Tbk.,--U-2100000000C121------------,82.0,0.0,89.0,80.0,81.0,-1.0,45479500,3816977000,2770,41.5,82,310200,81,1761500,1292570540,390000000,750983484,150000,210000,0,0,0
2022-01-12,KUAS,Ace Oldfields Tbk.,--U-2100000000C121------------,77.0,0.0,91.0,77.0,82.0,5.0,173656200,14897574400,12471,42.1,83,1774500,82,620700,1292570540,390000000,750983484,300000,300000,512800,41024000,1
2022-01-11,KUAS,Ace Oldfields Tbk.,--U-2100000000C121------------,82.0,0.0,83.0,77.0,77.0,-5.0,28006800,2193550900,2220,39.5,78,617800,77,2117300,1292570540,390000000,750983484,0,235000,0,0,0
2022-01-10,KUAS,Ace Oldfields Tbk.,--U-2100000000C121------------,88.0,0.0,90.0,82.0,82.0,-6.0,44551900,3774300900,3958,42.1,82,1276900,0,0,1292570540,390000000,750983484,0,0,0,0,0
2022-01-07,KUAS,Ace Oldfields Tbk.,--U-2100000000C121------------,81.0,0.0,94.0,81.0,88.0,7.0,180166500,16087940300,12135,45.1,88,1969200,87,1108000,1292570540,390000000,750983484,1156500,3972700,0,0,0
2022-01-06,KUAS,Ace Oldfields Tbk.,--U-2100000000C121------------,86.0,0.0,84.0,80.0,81.0,-5.0,41587300,3359799400,2946,41.5,81,93200,80,321100,1292570540,390000000,750983484,0,803000,0,0,0
2022-01-05,KUAS,Ace Oldfields Tbk.,--U-2100000000C121------------,92.0,0.0,94.0,86.0,86.0,-6.0,76514200,6695481800,5901,44.1,86,9999900,0,0,1292570540,390000000,750983484,0,0,0,0,0
2022-01-04,KUAS,Ace Oldfields Tbk.,--U-2100000000C121------------,73.0,0.0,95.0,73.0,92.0,19.0,665343500,58530963200,35114,47.2,93,3076600,92,5469800,1292570540,390000000,750983484,2265000,1175700,0,0,0
2022-01-03,KUAS,Ace Oldfields Tbk.,--U-2100000000C121------------,72.0,0.0,76.0,69.0,73.0,1.0,31170700,2256704000,3286,37.4,73,588900,72,633200,1292570540,390000000,750983484,0,300000,0,0,0
2021-12-30,KUAS,Ace Oldfields Tbk.,--U-2100000000C121------------,74.0,0.0,77.0,69.0,72.0,-2.0,70310400,5012629100,4636,36.9,72,1900200,71,419400,1292570540,390000000,1021799378,90000,290000,0,0,0
2021-12-29,KUAS,Ace Oldfields Tbk.,--U-2100000000C121------------,79.0,0.0,79.0,74.0,74.0,-5.0,38168800,2836309900,2058,37.9,74,3369100,0,0,1292570540,390000000,1021799378,0,10000,769500,69255000,1
2021-12-28,KUAS,Ace Oldfields Tbk.,--U-2100000000C121------------,84.0,0.0,85.0,79.0,79.0,-5.0,47494700,3796612600,2910,40.5,79,16747000,0,0,1292570540,390000000,1021799378,0,600000,0,0,0
2021-12-27,KUAS,Ace Oldfields Tbk.,--U-2100000000C121------------,90.0,0.0,93.0,84.0,84.0,-6.0,99564200,8677466800,12498,43.1,84,1888800,0,0,1292570540,390000000,1021799378,20000,32000,0,0,0
2021-12-24,KUAS,Ace Oldfields Tbk.,--U-2100000000C121------------,96.0,0.0,99.0,90.0,90.0,-6.0,248641700,22958885400,11148,46.2,90,9629700,0,0,1292570540,390000000,1021799378,1100000,1110000,0,0,0
2021-12-23,KUAS,Ace Oldfields Tbk.,--U-2100000000C121------------,103.0,0.0,117.0,96.0,96.0,-7.0,121455500,12500363100,6032,49.2,96,8735100,0,0,1292570540,390000000,1021799378,11453500,555400,0,0,0
2021-12-22,KUAS,Ace Oldfields Tbk.,--U-2100000000C121------------,107.0,0.0,109.0,102.0,103.0,-4.0,63868000,6702125300,1748,52.8,104,1190500,103,616700,1292570540,390000000,1021799378,0,7695400,0,0,0
2021-12-21,KUAS,Ace Oldfields Tbk.,--U-2100000000C121------------,114.0,0.0,115.0,107.0,107.0,-7.0,26537800,2887671400,1375,54.9,107,3321000,0,0,1292570540,390000000,1021799378,0,3257800,0,0,0
2021-12-20,KUAS,Ace Oldfields Tbk.,--U-2100000000C121------------,117.0,0.0,121.0,113.0,114.0,-3.0,8020700,932907600,941,58.5,115,369900,114,167700,1292570540,390000000,1021799378,414200,10000,0,0,0
2021-12-17,KUAS,Ace Oldfields Tbk.,--U-2100000000C121------------,118.0,0.0,124.0,113.0,117.0,-1.0,8739100,1041039700,1157,60.0,118,134400,117,141700,1292570540,390000000,1021799378,691600,91300,18720800,2995328000,1
2021-12-16,KUAS,Ace Oldfields Tbk.,--U-2100000000C121------------,123.0,0.0,124.0,116.0,118.0,-5.0,10618900,1266267900,1314,60.5,119,308900,118,9600,1292570540,390000000,1021799378,600,1075100,0,0,0
2021-12-15,KUAS,Ace Oldfields Tbk.,--U-2100000000C121------------,131.0,0.0,136.0,122.0,123.0,-8.0,39385100,4910755500,2392,63.1,124,348000,123,253300,1292570540,390000000,1021799378,7700,54800,0,0,0
2021-12-14,KUAS,Ace Oldfields Tbk.,--U-2100000000C121------------,140.0,0.0,142.0,131.0,131.0,-9.0,47131200,6326959000,5252,67.2,131,1516200,0,0,1292570540,390000000,1021799378,172900,73000,0,0,0
2021-12-13,KUAS,Ace Oldfields Tbk.,--U-2100000000C121------------,150.0,0.0,143.0,140.0,140.0,-10.0,27433000,3841798600,1128,71.8,140,9448300,0,0,1292570540,390000000,1021799378,0,0,0,0,0
2021-12-10,KUAS,Ace Oldfields Tbk.,--U-2100000000C121------------,161.0,0.0,158.0,150.0,150.0,-11.0,12831500,1925003600,1429,76.9,150,24012700,0,0,1292570540,390000000,1021799378,0,0,0,0,0
2021-12-09,KUAS,Ace Oldfields Tbk.,--U-2100000000C121------------,173.0,0.0,174.0,161.0,161.0,-12.0,223749000,36871951700,3604,82.6,161,41587700,0,0,1292570540,390000000,1021799378,1000700,1020000,0,0,0
2021-12-08,KUAS,Ace Oldfields Tbk.,--U-2100000000C121------------,186.0,0.0,191.0,173.0,173.0,-13.0,1248198200,221047190400,10604,88.7,173,7758700,0,0,1292570540,390000000,1021799378,36950000,37096000,512800,99996000,1
2021-12-07,KUAS,Ace Oldfields Tbk.,--U-2100000000C121------------,200.0,0.0,212.0,186.0,186.0,-14.0,1319011400,267876702500,10797,95.4,187,247200,186,26600,1292570540,390000000,1021799378,34550000,34561000,0,0,0
2021-12-06,KUAS,Ace Oldfields Tbk.,--U-2100000000C121------------,208.0,0.0,212.0,200.0,200.0,-8.0,66123000,13613928000,1242,102.6,200,397700,199,2103300,1292570540,390000000,1021799378,244600,244600,1538500,300007500,1
2021-12-03,KUAS,Ace Oldfields Tbk.,--U-2100000000C121------------,222.0,0.0,230.0,208.0,208.0,-14.0,1923192500,422664398800,13657,106.7,210,963500,208,962200,1292570540,390000000,1021799378,77507800,78965000,0,0,0
2021-12-02,KUAS,Ace Oldfields Tbk.,--U-2100000000C121------------,236.0,0.0,238.0,222.0,222.0,-14.0,467645000,105944325600,5363,113.8,222,1372300,220,5333900,1292570540,390000000,1021799378,15236600,14959700,0,0,0
2021-12-01,KUAS,Ace Oldfields Tbk.,--U-2100000000C121------------,242.0,0.0,248.0,226.0,236.0,-6.0,23577000,5647356800,1238,121.0,236,3000,234,82100,1292570540,390000000,1021799378,1250900,454400,0,0,0
2021-11-30,KUAS,Ace Oldfields Tbk.,--U-2100000000C121------------,226.0,0.0,242.0,216.0,242.0,16.0,53697300,12650062800,2033,124.1,244,1610100,242,121300,1292570540,390000000,1021799378,2587600,1428700,0,0,0
2021-11-29,KUAS,Ace Oldfields Tbk.,--U-2100000000C121------------,236.0,0.0,236.0,220.0,226.0,-10.0,285450800,64342112200,2665,115.9,226,703200,224,208100,1292570540,390000000,1021799378,8122700,8122700,0,0,0
2021-11-26,KUAS,Ace Oldfields Tbk.,--U-2100000000C121------------,236.0,0.0,238.0,220.0,236.0,0.0,55181000,12636538800,1120,121.0,236,9101000,234,432000,1292570540,390000000,1021799378,2097800,1000000,0,0,0
2021-11-25,KUAS,Ace Oldfields Tbk.,--U-2100000000C121------------,238.0,0.0,240.0,226.0,236.0,-2.0,16082100,3795000400,645,121.0,236,2224600,234,5000,1292570540,390000000,1021799378,1166600,500000,0,0,0
2021-11-24,KUAS,Ace Oldfields Tbk.,--U-2100000000C121------------,238.0,0.0,248.0,230.0,238.0,0.0,8636200,2081796800,597,122.1,240,784300,238,209700,1292570540,390000000,1021799378,0,0,0,0,0
2021-11-23,KUAS,Ace Oldfields Tbk.,--U-2100000000C121------------,230.0,0.0,238.0,226.0,238.0,8.0,9770600,2290846000,1044,122.1,238,11399200,236,249800,1292570540,390000000,1021799378,300,10000,0,0,0
2021-11-22,KUAS,Ace Oldfields Tbk.,--U-2100000000C121------------,232.0,0.0,238.0,226.0,230.0,-2.0,12454800,2898071000,935,117.9,230,79800,228,13100,1292570540,390000000,1021799378,483300,153600,0,0,0
2021-11-19,KUAS,Ace Oldfields Tbk.,--U-2100000000C121------------,224.0,0.0,232.0,216.0,232.0,8.0,10413700,2361004200,631,119.0,232,1959200,230,448900,1292570540,390000000,1021799378,300000,300000,0,0,0
2021-11-18,KUAS,Ace Oldfields Tbk.,--U-2100000000C121------------,216.0,0.0,232.0,210.0,224.0,8.0,13781200,3095506800,945,114.9,224,262400,220,125000,1292570540,390000000,1021799378,50000,0,1628700,361571400,2
2021-11-17,KUAS,Ace Oldfields Tbk.,--U-2100000000C121------------,222.0,0.0,222.0,214.0,216.0,-6.0,2169600,473538400,389,110.8,216,264000,214,396000,1292570540,390000000,1021799378,0,0,0,0,0
2021-11-16,KUAS,Ace Oldfields Tbk.,--U-2100000000C121------------,216.0,0.0,238.0,208.0,222.0,6.0,32524800,7449898800,1475,113.8,222,84600,220,283500,1292570540,390000000,1021799378,2380200,350100,0,0,0
2021-11-15,KUAS,Ace Oldfields Tbk.,--U-2100000000C121------------,226.0,0.0,226.0,216.0,216.0,-10.0,3553600,776677400,490,110.8,218,71100,216,68000,1292570540,390000000,1021799378,0,0,158000,35708000,1
2021-11-12,KUAS,Ace Oldfields Tbk.,--U-2100000000C121------------,226.0,0.0,232.0,218.0,226.0,0.0,24437800,5581893000,824,115.9,226,745700,224,118100,1292570540,390000000,1021799378,587400,0,0,0,0
2021-11-11,KUAS,Ace Oldfields Tbk.,--U-2100000000C121------------,230.0,0.0,230.0,220.0,226.0,-4.0,4573100,1027752600,722,115.9,226,255600,224,29500,1292570540,390000000,1021799378,12100,0,0,0,0
2021-11-10,KUAS,Ace Oldfields Tbk.,--U-2100000000C121------------,244.0,0.0,244.0,228.0,230.0,-14.0,40642000,9665284400,1738,117.9,230,329600,228,928900,1292570540,390000000,1021799378,976600,988700,0,0,0
2021-11-09,KUAS,Ace Oldfields Tbk.,--U-2100000000C121------------,242.0,0.0,252.0,226.0,244.0,2.0,46056300,11035383400,2236,125.1,244,7044400,242,112900,1292570540,390000000,1021799378,1015500,2990700,0,0,0
2021-11-08,KUAS,Ace Oldfields Tbk.,--U-2100000000C121------------,242.0,0.0,254.0,228.0,242.0,0.0,35247000,8549006200,3493,124.1,242,1733300,240,2300,1292570540,390000000,1021799378,448100,0,0,0,0
2021-11-05,KUAS,Ace Oldfields Tbk.,--U-2100000000C121------------,212.0,0.0,256.0,204.0,242.0,30.0,141866700,33839973200,9652,124.1,242,348900,240,193000,1292570540,390000000,1021799378,5494800,220000,0,0,0
2021-11-04,KUAS,Ace Oldfields Tbk.,--U-2100000000C121------------,196.0,0.0,212.0,195.0,212.0,16.0,64288500,13140863600,3776,108.7,212,3178200,210,93200,1292570540,390000000,1021799378,2444300,1126300,0,0,0
2021-11-03,KUAS,Ace Oldfields Tbk.,--U-2100000000C121------------,192.0,0.0,199.0,192.0,196.0,4.0,36364900,7102238900,2228,100.5,196,851000,195,99900,1292570540,390000000,1021799378,1500000,380000,0,0,0
2021-11-02,KUAS,Ace Oldfields Tbk.,--U-2100000000C121------------,204.0,0.0,216.0,190.0,192.0,-12.0,74375700,14705518700,6041,98.5,193,19100,192,180100,1292570540,390000000,1021799378,60000,4831500,658800,178534800,1
2021-11-01,KUAS,Ace Oldfields Tbk.,--U-2100000000C121------------,218.0,0.0,224.0,204.0,204.0,-14.0,27560900,5718880600,2529,104.6,204,8953200,0,0,1292570540,390000000,1021799378,128500,3288000,66800,18036000,1
2021-10-29,KUAS,Ace Oldfields Tbk.,--U-2100000000C121------------,234.0,0.0,238.0,218.0,218.0,-16.0,16210000,3585910600,2840,111.8,218,3431100,0,0,1292570540,390000000,1021799378,0,300,0,0,0
2021-10-28,KUAS,Ace Oldfields Tbk.,--U-2100000000C121------------,250.0,0.0,254.0,234.0,234.0,-16.0,14509700,3454531000,2075,120.0,236,252800,234,1450200,1292570540,390000000,1021799378,0,3321600,12926300,2528601000,4
2021-10-27,KUAS,Ace Oldfields Tbk.,--U-2100000000C121------------,250.0,0.0,256.0,234.0,250.0,0.0,97477400,23773497800,8758,128.2,250,1775300,248,85400,1292570540,390000000,1021799378,3675200,3567600,2934500,794087400,12
2021-10-26,KUAS,Ace Oldfields Tbk.,--U-2100000000C121------------,262.0,0.0,300.0,244.0,250.0,-12.0,458605800,123002049200,43933,128.2,250,1167500,248,493500,1292570540,390000000,1021799378,16543200,15285100,22050000,5380200000,2
2021-10-25,KUAS,Ace Oldfields Tbk.,--U-2100000000C121------------,195.0,0.0,262.0,262.0,262.0,67.0,76419000,20021778000,4705,134.4,0,0,262,68781700,1292570540,390000000,1021799378,70200,5245000,1051700,254360000,29
