Date,Ticker,Name,Remarks,Previous,Open,High,Low,Close,Change,Volume,Value,Frequency,IndexIndividual,Offer,OfferVolume,Bid,BidVolume,ListedShares,TradebleShares,WeightForIndex,ForeignSell,ForeignBuy,NonRegularVolume,NonRegularValue,NonRegularFrequency
2026-04-07,MSTI,Mastersystem Infotama Tbk.,--MO1135000000I211------------,1410.0,1405.0,1430.0,1405.0,1420.0,10.0,1742500,2466957000,949,104.8,1420,900,1415,3100,3139416200,3139416200,445169217,391700,739400,0,0,0
2026-04-06,MSTI,Mastersystem Infotama Tbk.,--MO1135000000I211------------,1400.0,1400.0,1425.0,1400.0,1410.0,10.0,1314700,1857511000,564,104.1,1415,800,1410,44300,3139416200,3139416200,445169217,129700,155200,0,0,0
2026-04-02,MSTI,Mastersystem Infotama Tbk.,--MO1135000000I211------------,1385.0,1385.0,1405.0,1365.0,1400.0,15.0,2582600,3599715500,864,103.3,1400,4200,1395,2100,3139416200,3139416200,445169217,576300,1506300,0,0,0
2026-04-01,MSTI,Mastersystem Infotama Tbk.,--MO1135000000I211------------,1375.0,1375.0,1400.0,1375.0,1385.0,10.0,1709000,2377285500,685,102.2,1390,3500,1385,157600,3139416200,3139416200,445169217,45100,459900,0,0,0
2026-03-31,MSTI,Mastersystem Infotama Tbk.,--MO1135000000I211------------,1370.0,1370.0,1395.0,1365.0,1375.0,5.0,923200,1273307500,638,101.5,1375,14800,1370,3200,3139416200,3139416200,452389874,132200,205400,0,0,0
2026-03-30,MSTI,Mastersystem Infotama Tbk.,--MO1135000000I211------------,1380.0,1380.0,1380.0,1350.0,1370.0,-10.0,1678100,2296221000,698,101.1,1375,3000,1370,13300,3139416200,3139416200,452389874,143100,753300,0,0,0
2026-03-27,MSTI,Mastersystem Infotama Tbk.,--MO1135000000I211------------,1370.0,1375.0,1390.0,1365.0,1380.0,10.0,1846700,2546851500,540,101.8,1380,105400,1370,40200,3139416200,3139416200,452389874,304700,672100,0,0,0
2026-03-26,MSTI,Mastersystem Infotama Tbk.,--MO1135000000I211------------,1355.0,1355.0,1380.0,1355.0,1370.0,15.0,1685700,2307920500,426,101.1,1375,4200,1365,29600,3139416200,3139416200,452389874,14800,270000,0,0,0
2026-03-25,MSTI,Mastersystem Infotama Tbk.,--MO1135000000I211------------,1315.0,1315.0,1355.0,1315.0,1355.0,40.0,1793000,2407964500,526,100.0,1355,116500,1350,5600,3139416200,3139416200,452389874,49800,407700,0,0,0
2026-03-17,MSTI,Mastersystem Infotama Tbk.,--MO1135000000I211------------,1310.0,1305.0,1315.0,1300.0,1315.0,5.0,831800,1088067500,236,97.0,1315,115000,1310,600,3139416200,3139416200,452389874,27400,22200,0,0,0
2026-03-16,MSTI,Mastersystem Infotama Tbk.,--MO1135000000I211------------,1310.0,1310.0,1310.0,1290.0,1310.0,0.0,1283200,1665882000,588,96.7,1315,12200,1310,5200,3139416200,3139416200,452389874,95700,72500,0,0,0
2026-03-13,MSTI,Mastersystem Infotama Tbk.,--MO1135000000I211------------,1315.0,1315.0,1325.0,1300.0,1310.0,-5.0,892900,1172571500,472,96.7,1315,98500,1310,10000,3139416200,3139416200,452389874,114000,16400,0,0,0
2026-03-12,MSTI,Mastersystem Infotama Tbk.,--MO1135000000I211------------,1300.0,1310.0,1325.0,1300.0,1315.0,15.0,818500,1072817500,537,97.0,1325,3900,1315,56100,3139416200,3139416200,452389874,165800,20200,0,0,0
2026-03-11,MSTI,Mastersystem Infotama Tbk.,--MO1135000000I211------------,1300.0,1325.0,1325.0,1300.0,1300.0,0.0,526300,687431000,632,95.9,1310,14600,1300,210800,3139416200,3139416200,452389874,91500,5400,0,0,0
2026-03-10,MSTI,Mastersystem Infotama Tbk.,--MO1135000000I211------------,1310.0,1315.0,1330.0,1300.0,1300.0,-10.0,793600,1041019000,523,95.9,1320,100,1300,68200,3139416200,3139416200,452389874,223900,127100,0,0,0
2026-03-09,MSTI,Mastersystem Infotama Tbk.,--MO1135000000I211------------,1345.0,1325.0,1325.0,1290.0,1310.0,-35.0,1038800,1358618000,579,96.7,1325,4400,1310,27400,3139416200,3139416200,452389874,270800,39300,0,0,0
2026-03-06,MSTI,Mastersystem Infotama Tbk.,--MO1135000000I211------------,1330.0,1330.0,1355.0,1310.0,1345.0,15.0,2184000,2916238000,1301,99.3,1345,23900,1335,700,3139416200,3139416200,452389874,141300,182700,0,0,0
2026-03-05,MSTI,Mastersystem Infotama Tbk.,--MO1135000000I211------------,1290.0,1290.0,1335.0,1290.0,1330.0,40.0,1182100,1557098000,1223,98.2,1335,67800,1330,100,3139416200,3139416200,452389874,63600,41600,0,0,0
2026-03-04,MSTI,Mastersystem Infotama Tbk.,--MO1135000000I211------------,1320.0,1315.0,1320.0,1270.0,1290.0,-30.0,4356000,5623268500,1731,95.2,1290,4200,1285,700,3139416200,3139416200,452389874,604500,393300,0,0,0
2026-03-03,MSTI,Mastersystem Infotama Tbk.,--MO1135000000I211------------,1315.0,1315.0,1335.0,1300.0,1320.0,5.0,2529100,3310820000,824,97.4,1320,20000,1315,50000,3139416200,3139416200,452389874,73900,373300,0,0,0
2026-03-02,MSTI,Mastersystem Infotama Tbk.,--MO1135000000I211------------,1340.0,1305.0,1345.0,1305.0,1315.0,-25.0,2131600,2825972000,748,97.0,1315,19000,1310,77400,3139416200,3139416200,452389874,339000,66600,0,0,0
2026-02-27,MSTI,Mastersystem Infotama Tbk.,--MO1135000000I211------------,1320.0,1305.0,1340.0,1305.0,1340.0,20.0,1339600,1772597000,454,98.9,1340,68500,1335,2900,3139416200,3139416200,452389874,28200,230100,0,0,0
2026-02-26,MSTI,Mastersystem Infotama Tbk.,--MO1135000000I211------------,1330.0,1330.0,1340.0,1295.0,1320.0,-10.0,5656300,7409815000,3628,97.4,1320,16000,1310,1700,3139416200,3139416200,452389874,1987100,127200,100,132000,2
2026-02-25,MSTI,Mastersystem Infotama Tbk.,--MO1135000000I211------------,1320.0,1320.0,1340.0,1320.0,1330.0,10.0,2622400,3474156500,1359,98.2,1335,25700,1330,2700,3139416200,3139416200,452389874,2222900,12000,0,0,0
2026-02-24,MSTI,Mastersystem Infotama Tbk.,--MO1135000000I211------------,1355.0,1355.0,1360.0,1315.0,1320.0,-35.0,6157000,8213520000,2765,97.4,1330,1100,1320,12400,3139416200,3139416200,452389874,3960000,11800,0,0,0
2026-02-23,MSTI,Mastersystem Infotama Tbk.,--MO1135000000I211------------,1360.0,1360.0,1370.0,1350.0,1355.0,-5.0,2403100,3263472000,1121,100.0,1355,731500,1350,196400,3139416200,3139416200,452389874,1801200,16300,0,0,0
2026-02-20,MSTI,Mastersystem Infotama Tbk.,--MO1135000000I211------------,1385.0,1385.0,1395.0,1350.0,1360.0,-25.0,3768800,5146029500,1189,100.4,1360,53700,1355,110400,3139416200,3139416200,452389874,2095000,403600,0,0,0
2026-02-19,MSTI,Mastersystem Infotama Tbk.,--MO1135000000I211------------,1395.0,1395.0,1420.0,1380.0,1385.0,-10.0,3828600,5321866000,1027,102.2,1390,48700,1380,55600,3139416200,3139416200,452389874,2207800,813700,300000,415500000,1
2026-02-18,MSTI,Mastersystem Infotama Tbk.,--MO1135000000I211------------,1380.0,1380.0,1405.0,1375.0,1395.0,15.0,2522500,3505609000,574,103.0,1400,70600,1395,76000,3139416200,3139416200,452389874,4000,1233600,0,0,0
2026-02-13,MSTI,Mastersystem Infotama Tbk.,--MO1135000000I211------------,1405.0,1405.0,1405.0,1375.0,1380.0,-25.0,1028400,1424246500,724,101.8,1390,400,1380,32500,3139416200,3139416200,452389874,540300,205800,0,0,0
2026-02-12,MSTI,Mastersystem Infotama Tbk.,--MO1135000000I211------------,1345.0,1355.0,1445.0,1345.0,1405.0,60.0,3790400,5313852000,1344,103.7,1405,4400,1385,900,3139416200,3139416200,452389874,549200,1053600,0,0,0
2026-02-11,MSTI,Mastersystem Infotama Tbk.,--MO1135000000I211------------,1355.0,1360.0,1360.0,1345.0,1345.0,-10.0,1492600,2013251000,972,99.3,1355,24500,1345,26900,3139416200,3139416200,452389874,1055500,272200,0,0,0
2026-02-10,MSTI,Mastersystem Infotama Tbk.,--MO1135000000I211------------,1350.0,1355.0,1360.0,1345.0,1355.0,5.0,1289000,1741525500,451,100.0,1355,14200,1350,49600,3139416200,3139416200,452389874,868800,294700,0,0,0
2026-02-09,MSTI,Mastersystem Infotama Tbk.,--MO1135000000I211------------,1350.0,1355.0,1360.0,1335.0,1350.0,0.0,1447700,1948554500,535,99.6,1355,2400,1350,42300,3139416200,3139416200,452389874,726000,319700,0,0,0
2026-02-06,MSTI,Mastersystem Infotama Tbk.,--MO1135000000I211------------,1355.0,1355.0,1355.0,1340.0,1350.0,-5.0,1643200,2211115500,750,99.6,1350,4600,1345,4000,3139416200,3139416200,452389874,686800,282200,0,0,0
2026-02-05,MSTI,Mastersystem Infotama Tbk.,--MO1135000000I211------------,1360.0,1360.0,1365.0,1350.0,1355.0,-5.0,1508200,2050338500,861,100.0,1365,1800,1355,20300,3139416200,3139416200,452389874,860200,398900,0,0,0
2026-02-04,MSTI,Mastersystem Infotama Tbk.,--MO1135000000I211------------,1365.0,1345.0,1365.0,1345.0,1360.0,-5.0,3052800,4123649000,1051,100.4,1360,28000,1350,3600,3139416200,3139416200,452389874,1675500,526600,0,0,0
2026-02-03,MSTI,Mastersystem Infotama Tbk.,--MO1135000000I211------------,1340.0,1335.0,1365.0,1335.0,1365.0,25.0,1305200,1764612500,936,100.7,1365,12700,1360,300,3139416200,3139416200,452389874,705400,448500,0,0,0
2026-02-02,MSTI,Mastersystem Infotama Tbk.,--MO1135000000I211------------,1365.0,1370.0,1380.0,1330.0,1340.0,-25.0,3130100,4204596500,1521,98.9,1345,21600,1335,300,3139416200,3139416200,452389874,1455500,865200,0,0,0
2026-01-30,MSTI,Mastersystem Infotama Tbk.,--MO1135000000I211------------,1360.0,1360.0,1385.0,1350.0,1365.0,5.0,3041000,4146632000,1230,100.7,1365,493400,1360,53000,3139416200,3139416200,452389874,1379600,854600,0,0,0
2026-01-29,MSTI,Mastersystem Infotama Tbk.,--MO1135000000I211------------,1380.0,1380.0,1385.0,1350.0,1360.0,-20.0,5497000,7501115500,1739,100.4,1365,3200,1355,37300,3139416200,3139416200,452389874,2659400,1774800,0,0,0
2026-01-28,MSTI,Mastersystem Infotama Tbk.,--MO1135000000I211------------,1425.0,1420.0,1420.0,1375.0,1380.0,-45.0,3412500,4754066000,1439,101.8,1385,400,1380,376900,3139416200,3139416200,452389874,262500,646200,0,0,0
2026-01-27,MSTI,Mastersystem Infotama Tbk.,--MO1135000000I211------------,1410.0,1410.0,1425.0,1400.0,1425.0,15.0,1265500,1786254000,667,105.2,1425,53600,1420,5300,3139416200,3139416200,452389874,94800,194600,720100,1016781200,1
2026-01-26,MSTI,Mastersystem Infotama Tbk.,--MO1135000000I211------------,1420.0,1425.0,1425.0,1410.0,1410.0,-10.0,1265500,1790163500,553,104.1,1415,16400,1410,11100,3139416200,3139416200,452389874,150000,185000,2250400,3177564800,1
2026-01-23,MSTI,Mastersystem Infotama Tbk.,--MO1135000000I211------------,1410.0,1415.0,1420.0,1400.0,1420.0,10.0,967900,1362988000,381,104.8,1420,7100,1415,1100,3139416200,3139416200,452389874,113600,152900,0,0,0
2026-01-22,MSTI,Mastersystem Infotama Tbk.,--MO1135000000I211------------,1410.0,1405.0,1430.0,1400.0,1410.0,0.0,1535000,2160692500,836,104.1,1415,4200,1410,2400,3139416200,3139416200,452389874,612500,242800,3131000,4389662000,1
2026-01-21,MSTI,Mastersystem Infotama Tbk.,--MO1135000000I211------------,1425.0,1445.0,1445.0,1405.0,1410.0,-15.0,2285400,3223683500,752,104.1,1415,50500,1410,130600,3139416200,3139416200,452389874,138300,443400,1700000,2400400000,3
2026-01-20,MSTI,Mastersystem Infotama Tbk.,--MO1135000000I211------------,1445.0,1445.0,1465.0,1415.0,1425.0,-20.0,2400400,3445294500,1182,105.2,1440,500,1425,3400,3139416200,3139416200,452389874,211400,158400,0,0,0
2026-01-19,MSTI,Mastersystem Infotama Tbk.,--MO1135000000I211------------,1405.0,1405.0,1450.0,1405.0,1445.0,40.0,2687700,3842802000,907,106.6,1445,13200,1430,17000,3139416200,3139416200,452389874,896200,445000,1729500,2473185000,1
2026-01-15,MSTI,Mastersystem Infotama Tbk.,--MO1135000000I211------------,1415.0,1415.0,1415.0,1395.0,1405.0,-10.0,1783300,2505447000,741,103.7,1415,11200,1405,361700,3139416200,3139416200,452389874,651800,427100,17215700,24222489900,5
2026-01-14,MSTI,Mastersystem Infotama Tbk.,--MO1135000000I211------------,1405.0,1410.0,1425.0,1400.0,1415.0,10.0,1423300,2007466000,659,104.4,1420,38500,1415,7500,3139416200,3139416200,452389874,534000,322600,0,0,0
2026-01-13,MSTI,Mastersystem Infotama Tbk.,--MO1135000000I211------------,1415.0,1410.0,1415.0,1400.0,1405.0,-10.0,1530400,2152519500,848,103.7,1410,1000,1405,6200,3139416200,3139416200,452389874,925500,501200,0,0,0
2026-01-12,MSTI,Mastersystem Infotama Tbk.,--MO1135000000I211------------,1425.0,1425.0,1430.0,1395.0,1415.0,-10.0,2792200,3924367000,1191,104.4,1415,9800,1410,100,3139416200,3139416200,452389874,1675000,583800,0,0,0
2026-01-09,MSTI,Mastersystem Infotama Tbk.,--MO1135000000I211------------,1405.0,1415.0,1425.0,1405.0,1425.0,20.0,694200,983065000,256,105.2,1425,57300,1420,5100,3139416200,3139416200,452389874,20200,401300,0,0,0
2026-01-08,MSTI,Mastersystem Infotama Tbk.,--MO1135000000I211------------,1440.0,1445.0,1445.0,1405.0,1405.0,-35.0,1863800,2649171000,1004,103.7,1410,1400,1405,203500,3139416200,3139416200,452389874,799400,599200,0,0,0
2026-01-07,MSTI,Mastersystem Infotama Tbk.,XDMO1135000000I211------------,1455.0,1455.0,1465.0,1435.0,1440.0,-15.0,1269700,1837824500,658,106.3,1445,21900,1440,6300,3139416200,3139416200,452389874,282200,191700,0,0,0
2026-01-06,MSTI,Mastersystem Infotama Tbk.,XDMO1135000000I211------------,1485.0,1485.0,1485.0,1450.0,1455.0,-30.0,1575400,2304674500,888,107.4,1460,800,1455,125600,3139416200,3139416200,452389874,69600,288100,0,0,0
2026-01-05,MSTI,Mastersystem Infotama Tbk.,XDMO1135000000I211------------,1485.0,1485.0,1520.0,1475.0,1485.0,0.0,1379800,2049458500,606,109.6,1490,100,1485,10400,3139416200,3139416200,452389874,151000,352700,0,0,0
2026-01-02,MSTI,Mastersystem Infotama Tbk.,XDMO1135000000I211------------,1550.0,1500.0,1500.0,1450.0,1485.0,-65.0,1115500,1655412000,699,109.6,1490,10100,1485,3100,3139416200,3139416200,452389874,90600,188300,0,0,0
2025-12-30,MSTI,Mastersystem Infotama Tbk.,XDMO1135000000I211------------,1500.0,1535.0,1550.0,1440.0,1550.0,50.0,5878400,8835079000,1588,114.4,1550,233800,1495,13400,3139416200,3139416200,439518268,631900,958600,0,0,0
2025-12-29,MSTI,Mastersystem Infotama Tbk.,XDMO1135000000I211------------,1415.0,1415.0,1500.0,1415.0,1500.0,85.0,2842900,4130076000,1022,110.7,1500,9900,1495,1000,3139416200,3139416200,439518268,164500,924700,0,0,0
2025-12-24,MSTI,Mastersystem Infotama Tbk.,XDMO1135000000I211------------,1420.0,1425.0,1425.0,1405.0,1415.0,-5.0,1000200,1412585500,464,104.4,1415,9300,1410,10200,3139416200,3139416200,439518268,271900,282800,0,0,0
2025-12-23,MSTI,Mastersystem Infotama Tbk.,XDMO1135000000I211------------,1425.0,1430.0,1430.0,1405.0,1420.0,-5.0,706200,1000372500,287,104.8,1425,32300,1420,800,3139416200,3139416200,439518268,104300,115000,0,0,0
2025-12-22,MSTI,Mastersystem Infotama Tbk.,XDMO1135000000I211------------,1410.0,1425.0,1430.0,1400.0,1425.0,15.0,1263300,1784996500,449,105.2,1425,5600,1420,5000,3139416200,3139416200,439518268,83100,25100,0,0,0
2025-12-19,MSTI,Mastersystem Infotama Tbk.,XDMO1135000000I211------------,1410.0,1410.0,1415.0,1395.0,1410.0,0.0,872300,1224161000,281,104.1,1410,7300,1405,1400,3139416200,3139416200,439518268,155900,318500,0,0,0
2025-12-18,MSTI,Mastersystem Infotama Tbk.,XDMO1135000000I211------------,1410.0,1415.0,1415.0,1405.0,1410.0,0.0,627400,883440000,315,104.1,1415,184900,1405,2100,3139416200,3139416200,439518268,22800,12700,0,0,0
2025-12-17,MSTI,Mastersystem Infotama Tbk.,XDMO1135000000I211------------,1385.0,1395.0,1410.0,1385.0,1410.0,25.0,855000,1192065500,367,104.1,1410,47600,1405,100,3139416200,3139416200,439518268,27700,137100,894800,1241087600,1
2025-12-16,MSTI,Mastersystem Infotama Tbk.,XDMO1135000000I211------------,1400.0,1385.0,1390.0,1380.0,1385.0,-15.0,1182400,1637929000,634,102.2,1385,67400,1380,293700,3139416200,3139416200,439518268,437400,393200,10635600,14751577200,1
2025-12-15,MSTI,Mastersystem Infotama Tbk.,XDMO1135000000I211------------,1375.0,1380.0,1400.0,1375.0,1400.0,25.0,1744000,2420198500,635,103.3,1400,2800,1390,32900,3139416200,3139416200,439518268,595800,563500,0,0,0
2025-12-12,MSTI,Mastersystem Infotama Tbk.,--MO1135000000I211------------,1405.0,1405.0,1405.0,1375.0,1375.0,-30.0,1774000,2463426000,989,101.5,1390,2800,1375,102800,3139416200,3139416200,439518268,501400,150300,0,0,0
2025-12-11,MSTI,Mastersystem Infotama Tbk.,--MO1135000000I211------------,1420.0,1415.0,1420.0,1395.0,1405.0,-15.0,2351700,3304925500,910,103.7,1410,1000,1405,1000,3139416200,3139416200,439518268,755700,464600,0,0,0
2025-12-10,MSTI,Mastersystem Infotama Tbk.,CDMO1135000000I211------------,1405.0,1410.0,1425.0,1410.0,1420.0,15.0,1136500,1613435000,487,104.8,1425,44600,1420,59000,3139416200,3139416200,439518268,118100,200000,0,0,0
2025-12-09,MSTI,Mastersystem Infotama Tbk.,CDMO1135000000I211------------,1420.0,1420.0,1425.0,1395.0,1405.0,-15.0,3169600,4457527500,1708,103.7,1410,9500,1405,127100,3139416200,3139416200,439518268,2236100,193500,0,0,0
2025-12-08,MSTI,Mastersystem Infotama Tbk.,CDMO1135000000I211------------,1415.0,1420.0,1430.0,1415.0,1420.0,5.0,2186600,3112558500,767,104.8,1430,126400,1420,1800,3139416200,3139416200,439518268,861100,743900,0,0,0
2025-12-05,MSTI,Mastersystem Infotama Tbk.,CDMO1135000000I211------------,1425.0,1425.0,1430.0,1415.0,1415.0,-10.0,2013800,2858169000,707,104.4,1420,28000,1415,49000,3139416200,3139416200,439518268,792100,600000,2700,4185000,1
2025-12-04,MSTI,Mastersystem Infotama Tbk.,--MO1135000000I211------------,1430.0,1430.0,1440.0,1420.0,1425.0,-5.0,2339400,3339574000,649,105.2,1425,22000,1420,336000,3139416200,3139416200,439518268,1575100,680200,0,0,0
2025-12-03,MSTI,Mastersystem Infotama Tbk.,--MO1135000000I211------------,1425.0,1430.0,1445.0,1430.0,1430.0,5.0,1563800,2241392500,486,105.5,1430,123800,1425,257200,3139416200,3139416200,439518268,662500,289200,0,0,0
2025-12-02,MSTI,Mastersystem Infotama Tbk.,--MO1135000000I211------------,1430.0,1430.0,1430.0,1420.0,1425.0,-5.0,721000,1028877000,422,105.2,1430,3500,1425,192800,3139416200,3139416200,439518268,160800,71300,0,0,0
2025-12-01,MSTI,Mastersystem Infotama Tbk.,--MO1135000000I211------------,1430.0,1430.0,1445.0,1425.0,1430.0,0.0,1631300,2340432000,824,105.5,1435,30400,1425,275700,3139416200,3139416200,439518268,631500,266200,0,0,0
2025-11-28,MSTI,Mastersystem Infotama Tbk.,--MO1135001000I211------------,1425.0,1430.0,1430.0,1415.0,1430.0,5.0,551200,784589000,165,105.5,1430,78400,1425,102600,3139416200,3139416200,439518268,108000,149400,0,0,0
2025-11-27,MSTI,Mastersystem Infotama Tbk.,--MO1135001000I211------------,1430.0,1425.0,1425.0,1415.0,1425.0,-5.0,1070500,1521318000,262,105.2,1425,687300,1420,151800,3139416200,3139416200,439518268,330200,481300,0,0,0
2025-11-26,MSTI,Mastersystem Infotama Tbk.,--MO1135001000I211------------,1410.0,1410.0,1430.0,1410.0,1430.0,20.0,956000,1361837000,300,105.5,1430,514500,1425,400,3139416200,3139416200,439518268,80900,411100,0,0,0
2025-11-25,MSTI,Mastersystem Infotama Tbk.,--MO1135001000I211------------,1430.0,1430.0,1430.0,1410.0,1410.0,-20.0,1544100,2190612500,649,104.1,1415,2600,1410,3800,3139416200,3139416200,439518268,278800,17000,0,0,0
2025-11-24,MSTI,Mastersystem Infotama Tbk.,--MO1135001000I211------------,1420.0,1420.0,1435.0,1420.0,1430.0,10.0,1805400,2573444000,439,105.5,1430,12200,1420,13000,3139416200,3139416200,439518268,261700,508900,0,0,0
2025-11-21,MSTI,Mastersystem Infotama Tbk.,--MO1135001000I211------------,1430.0,1430.0,1430.0,1415.0,1420.0,-10.0,1187700,1691041500,440,104.8,1430,1100,1420,123700,3139416200,3139416200,439518268,538900,342400,0,0,0
2025-11-20,MSTI,Mastersystem Infotama Tbk.,--MO1135001000I211------------,1430.0,1430.0,1440.0,1425.0,1430.0,0.0,888300,1270862000,385,105.5,1435,27300,1430,112600,3139416200,3139416200,439518268,307800,195900,0,0,0
2025-11-19,MSTI,Mastersystem Infotama Tbk.,--MO1135001000I211------------,1430.0,1430.0,1445.0,1430.0,1430.0,0.0,1089500,1563250500,281,105.5,1435,11600,1430,27100,3139416200,3139416200,439518268,470700,254200,0,0,0
2025-11-18,MSTI,Mastersystem Infotama Tbk.,--MO1135001000I211------------,1430.0,1425.0,1435.0,1420.0,1430.0,0.0,776500,1109125500,321,105.5,1430,175600,1425,443000,3139416200,3139416200,439518268,339000,154600,265100,379093000,1
2025-11-17,MSTI,Mastersystem Infotama Tbk.,--MO1135001000I211------------,1425.0,1430.0,1430.0,1420.0,1430.0,5.0,1197000,1707918000,392,105.5,1430,25800,1425,11600,3139416200,3139416200,439518268,415900,227400,0,0,0
2025-11-14,MSTI,Mastersystem Infotama Tbk.,--MO1135001000I211------------,1435.0,1425.0,1430.0,1420.0,1425.0,-10.0,2646700,3777438500,598,105.2,1435,700,1425,1600,3139416200,3139416200,439518268,1127300,859400,0,0,0
2025-11-13,MSTI,Mastersystem Infotama Tbk.,--MO1135001000I211------------,1450.0,1430.0,1445.0,1425.0,1435.0,-15.0,4224600,6059271500,771,105.9,1435,4400,1430,5400,3139416200,3139416200,439518268,3135000,1060900,0,0,0
2025-11-12,MSTI,Mastersystem Infotama Tbk.,--MO1135001000I211------------,1450.0,1450.0,1455.0,1425.0,1450.0,0.0,2282100,3305138000,1100,107.0,1450,9900,1445,2500,3139416200,3139416200,439518268,1536700,105500,0,0,0
2025-11-11,MSTI,Mastersystem Infotama Tbk.,--MO1135001000I211------------,1425.0,1430.0,1450.0,1420.0,1450.0,25.0,3048700,4387234500,690,107.0,1450,10900,1430,5300,3139416200,3139416200,439518268,2278600,156300,0,0,0
2025-11-10,MSTI,Mastersystem Infotama Tbk.,--MO1135001000I211------------,1420.0,1420.0,1460.0,1420.0,1425.0,5.0,1037800,1483420500,656,105.2,1430,900,1425,8400,3139416200,3139416200,439518268,204500,180700,0,0,0
2025-11-07,MSTI,Mastersystem Infotama Tbk.,--MO1135001000I211------------,1450.0,1455.0,1455.0,1420.0,1420.0,-30.0,953200,1369538000,504,104.8,1430,2000,1420,42100,3139416200,3139416200,439518268,318400,158500,0,0,0
2025-11-06,MSTI,Mastersystem Infotama Tbk.,--MO1135001000I211------------,1410.0,1410.0,1460.0,1410.0,1450.0,40.0,2075600,2988809000,807,107.0,1455,71800,1450,800,3139416200,3139416200,439518268,326000,326100,77,111265,1
2025-11-05,MSTI,Mastersystem Infotama Tbk.,--MO1135001000I211------------,1405.0,1380.0,1430.0,1380.0,1410.0,5.0,1800300,2538553500,669,104.1,1415,20400,1410,55800,3139416200,3139416200,439518268,512300,100700,0,0,0
2025-11-04,MSTI,Mastersystem Infotama Tbk.,--MO1135001000I211------------,1440.0,1445.0,1450.0,1400.0,1405.0,-35.0,3364900,4768292000,1358,103.7,1410,10300,1405,554100,3139416200,3139416200,439518268,2746900,259800,0,0,0
2025-11-03,MSTI,Mastersystem Infotama Tbk.,--MO1135001000I211------------,1405.0,1425.0,1440.0,1415.0,1440.0,35.0,1192100,1706739500,617,106.3,1440,47300,1435,2900,3139416200,3139416200,439518268,70000,128800,0,0,0
2025-10-31,MSTI,Mastersystem Infotama Tbk.,--MO1135001000I211------------,1460.0,1465.0,1465.0,1400.0,1405.0,-55.0,4447900,6325015500,1731,103.7,1410,3000,1405,151900,3139416200,3139416200,439518268,229600,171100,0,0,0
2025-10-30,MSTI,Mastersystem Infotama Tbk.,--MO1135001000I211------------,1510.0,1460.0,1500.0,1430.0,1460.0,-50.0,5263000,7650262000,2005,107.7,1465,2000,1460,79800,3139416200,3139416200,439518268,1532800,1347200,0,0,0
2025-10-29,MSTI,Mastersystem Infotama Tbk.,--MO1135001000I211------------,1515.0,1515.0,1520.0,1505.0,1510.0,-5.0,2181800,3294400000,648,111.4,1515,9900,1505,161600,3139416200,3139416200,439518268,753800,204200,0,0,0
2025-10-28,MSTI,Mastersystem Infotama Tbk.,--MO1135001000I211------------,1535.0,1535.0,1545.0,1505.0,1515.0,-20.0,3918000,5941327500,923,111.8,1520,1800,1510,2700,3139416200,3139416200,439518268,990900,170900,0,0,0
2025-10-27,MSTI,Mastersystem Infotama Tbk.,--MO1135001000I211------------,1535.0,1540.0,1545.0,1510.0,1535.0,0.0,2737300,4182787500,919,113.3,1535,9400,1525,5200,3139416200,3139416200,439518268,1380000,1214500,0,0,0
2025-10-24,MSTI,Mastersystem Infotama Tbk.,--MO1135001000I211------------,1525.0,1525.0,1550.0,1525.0,1535.0,10.0,1125300,1729473000,533,113.3,1550,8900,1535,28300,3139416200,3139416200,439518268,452500,149000,0,0,0
2025-10-23,MSTI,Mastersystem Infotama Tbk.,--MO1135001000I211------------,1550.0,1550.0,1575.0,1525.0,1525.0,-25.0,2929900,4530201500,1162,112.5,1540,200,1525,245900,3139416200,3139416200,439518268,1050800,910100,0,0,0
2025-10-22,MSTI,Mastersystem Infotama Tbk.,--MO1135001000I211------------,1595.0,1595.0,1595.0,1545.0,1550.0,-45.0,1788700,2796977500,1087,114.4,1550,1500,1545,21100,3139416200,3139416200,439518268,810600,100400,0,0,0
2025-10-21,MSTI,Mastersystem Infotama Tbk.,--MO1135001000I211------------,1590.0,1595.0,1620.0,1585.0,1595.0,5.0,1910400,3059803000,777,117.7,1595,1000,1585,3100,3139416200,3139416200,439518268,233700,1167900,0,0,0
2025-10-20,MSTI,Mastersystem Infotama Tbk.,--MO1135001000I211------------,1565.0,1575.0,1620.0,1575.0,1590.0,25.0,1488300,2379061000,780,117.3,1595,44900,1590,19300,3139416200,3139416200,439518268,104200,311000,0,0,0
2025-10-17,MSTI,Mastersystem Infotama Tbk.,--MO1135001000I211------------,1575.0,1580.0,1605.0,1540.0,1565.0,-10.0,2910900,4570658000,1167,115.5,1570,400,1565,6500,3139416200,3139416200,439518268,371900,1040200,0,0,0
2025-10-16,MSTI,Mastersystem Infotama Tbk.,--MO1135001000I211------------,1580.0,1590.0,1600.0,1570.0,1575.0,-5.0,1913600,3035285000,1014,116.2,1575,3900,1570,12200,3139416200,3139416200,439518268,255600,1029600,0,0,0
2025-10-15,MSTI,Mastersystem Infotama Tbk.,--MO1135001000I211------------,1565.0,1580.0,1610.0,1570.0,1580.0,15.0,2500900,3968512000,1377,116.6,1580,2300,1575,900,3139416200,3139416200,439518268,297400,853900,0,0,0
2025-10-14,MSTI,Mastersystem Infotama Tbk.,--MO1135001000I211------------,1580.0,1585.0,1605.0,1565.0,1565.0,-15.0,2403000,3800458500,1057,115.5,1595,10400,1565,82700,3139416200,3139416200,439518268,370600,895900,14625300,23107974000,2
2025-10-13,MSTI,Mastersystem Infotama Tbk.,--MO1135001000I211------------,1595.0,1595.0,1665.0,1560.0,1580.0,-15.0,5823500,9400954000,2634,116.6,1585,2000,1580,500,3139416200,3139416200,439518268,1100000,2071800,0,0,0
2025-10-10,MSTI,Mastersystem Infotama Tbk.,--MO1135001000I211------------,1565.0,1575.0,1600.0,1565.0,1595.0,30.0,2069600,3284508000,942,117.7,1600,60800,1595,17200,3139416200,3139416200,439518268,303000,534700,100000,159100000,1
2025-10-09,MSTI,Mastersystem Infotama Tbk.,--MO1135001000I211------------,1520.0,1520.0,1600.0,1520.0,1565.0,45.0,4603300,7193106000,1809,115.5,1570,5000,1565,157800,3139416200,3139416200,439518268,553200,1806600,0,0,0
2025-10-08,MSTI,Mastersystem Infotama Tbk.,--MO1135001000I211------------,1540.0,1530.0,1545.0,1500.0,1520.0,-20.0,3747600,5683235500,1355,112.2,1525,1800,1520,14100,3139416200,3139416200,439518268,158000,1605900,0,0,0
2025-10-07,MSTI,Mastersystem Infotama Tbk.,--MO1135001000I211------------,1530.0,1535.0,1555.0,1525.0,1540.0,10.0,1808300,2779916000,700,113.7,1540,100,1535,4200,3139416200,3139416200,439518268,102200,1167400,0,0,0
2025-10-06,MSTI,Mastersystem Infotama Tbk.,--MO1135001000I211------------,1560.0,1560.0,1560.0,1515.0,1530.0,-30.0,2564200,3924978000,968,112.9,1530,94000,1525,52900,3139416200,3139416200,439518268,286700,1457800,0,0,0
2025-10-03,MSTI,Mastersystem Infotama Tbk.,--MO1135001000I211------------,1595.0,1595.0,1615.0,1560.0,1560.0,-35.0,2004300,3193666000,1211,115.1,1585,1300,1560,30900,3139416200,3139416200,439518268,311700,913000,0,0,0
2025-10-02,MSTI,Mastersystem Infotama Tbk.,--MO1135001000I211------------,1585.0,1595.0,1635.0,1570.0,1595.0,10.0,3359100,5371248000,1232,117.7,1600,49500,1595,200,3139416200,3139416200,439518268,1018600,1748600,0,0,0
2025-10-01,MSTI,Mastersystem Infotama Tbk.,--MO1135001000I211------------,1565.0,1565.0,1595.0,1550.0,1585.0,20.0,1566500,2466030000,651,117.0,1590,5500,1585,2000,3139416200,3139416200,439518268,165900,657300,0,0,0
2025-09-30,MSTI,Mastersystem Infotama Tbk.,--MO1135001000I211------------,1550.0,1560.0,1565.0,1545.0,1565.0,15.0,1076400,1673810500,537,115.5,1565,172600,1560,3400,3139416200,3139416200,447366809,65400,395300,0,0,0
2025-09-29,MSTI,Mastersystem Infotama Tbk.,--MO1135001000I211------------,1540.0,1545.0,1560.0,1540.0,1550.0,10.0,878000,1360397500,1057,114.4,1560,48200,1550,105000,3139416200,3139416200,447366809,123900,381500,0,0,0
2025-09-26,MSTI,Mastersystem Infotama Tbk.,--MO1135001000I211------------,1550.0,1550.0,1565.0,1530.0,1540.0,-10.0,1729200,2684879500,575,113.7,1540,14000,1535,46500,3139416200,3139416200,447366809,343600,493400,0,0,0
2025-09-25,MSTI,Mastersystem Infotama Tbk.,--MO1135001000I211------------,1525.0,1535.0,1565.0,1530.0,1550.0,25.0,2471000,3822868000,857,114.4,1550,3400,1545,101600,3139416200,3139416200,447366809,289800,931500,764900,1185595000,40
2025-09-24,MSTI,Mastersystem Infotama Tbk.,--MO1135001000I211------------,1525.0,1530.0,1540.0,1515.0,1525.0,0.0,787800,1202038000,450,112.5,1535,26000,1525,88100,3139416200,3139416200,447366809,48500,320900,0,0,0
2025-09-23,MSTI,Mastersystem Infotama Tbk.,--MO1135001000I211------------,1515.0,1505.0,1535.0,1505.0,1525.0,10.0,739200,1126084500,586,112.5,1525,3200,1515,59200,3139416200,3139416200,447366809,112500,277900,50000,90000000,1
2025-09-22,MSTI,Mastersystem Infotama Tbk.,--MO1135001000I211------------,1545.0,1550.0,1555.0,1510.0,1515.0,-30.0,2336700,3553007000,860,111.8,1515,1100,1510,8000,3139416200,3139416200,447366809,502800,934100,0,0,0
2025-09-19,MSTI,Mastersystem Infotama Tbk.,--MO1135001000I211------------,1550.0,1550.0,1565.0,1530.0,1545.0,-5.0,1710700,2653686000,1709,114.0,1545,29100,1540,57600,3139416200,3139416200,447366809,373300,1028600,0,0,0
2025-09-18,MSTI,Mastersystem Infotama Tbk.,--MO1135001000I211------------,1565.0,1565.0,1570.0,1540.0,1550.0,-15.0,2864000,4459772500,920,114.4,1565,1100,1545,5100,3139416200,3139416200,447366809,1188800,1579300,0,0,0
2025-09-17,MSTI,Mastersystem Infotama Tbk.,--MO1135001000I211------------,1535.0,1535.0,1565.0,1530.0,1565.0,30.0,1549600,2403469000,583,115.5,1565,400,1550,1600,3139416200,3139416200,447366809,273000,681100,0,0,0
2025-09-16,MSTI,Mastersystem Infotama Tbk.,--MO1135001000I211------------,1530.0,1530.0,1550.0,1525.0,1535.0,5.0,628300,965024000,352,113.3,1535,1600,1530,500,3139416200,3139416200,447366809,74300,178400,0,0,0
2025-09-15,MSTI,Mastersystem Infotama Tbk.,--MO1135001000I211------------,1530.0,1530.0,1540.0,1525.0,1530.0,0.0,689300,1055466000,488,112.9,1535,14800,1525,13100,3139416200,3139416200,447366809,74100,232000,0,0,0
2025-09-12,MSTI,Mastersystem Infotama Tbk.,--MO1135001000I211------------,1540.0,0.0,1550.0,1510.0,1530.0,-10.0,875300,1338940000,377,112.9,1530,16300,1525,7700,3139416200,3139416200,447366809,146300,415300,0,0,0
2025-09-11,MSTI,Mastersystem Infotama Tbk.,--MO1135001000I211------------,1540.0,0.0,1585.0,1535.0,1540.0,0.0,1483100,2298692000,487,113.7,1540,3600,1535,12400,3139416200,3139416200,447366809,248100,604400,0,0,0
2025-09-10,MSTI,Mastersystem Infotama Tbk.,--MO1135001000I211------------,1525.0,1525.0,1550.0,1525.0,1540.0,15.0,921300,1413736500,540,113.7,1545,20000,1530,4300,3139416200,3139416200,447366809,256200,269900,0,0,0
2025-09-09,MSTI,Mastersystem Infotama Tbk.,--MO1135001000I211------------,1510.0,1510.0,1535.0,1485.0,1525.0,15.0,1285900,1949447500,543,112.5,1530,4800,1515,3400,3139416200,3139416200,447366809,223000,774700,0,0,0
2025-09-08,MSTI,Mastersystem Infotama Tbk.,--MO1135001000I211------------,1550.0,1550.0,1550.0,1505.0,1510.0,-40.0,2522500,3852898500,829,111.4,1510,41800,1505,13300,3139416200,3139416200,447366809,637700,1431900,0,0,0
2025-09-04,MSTI,Mastersystem Infotama Tbk.,--MO1135001000I211------------,1560.0,0.0,1575.0,1540.0,1550.0,-10.0,1130400,1751992500,479,114.4,1555,6800,1550,12600,3139416200,3139416200,447366809,502000,469200,0,0,0
2025-09-03,MSTI,Mastersystem Infotama Tbk.,--MO1135001000I211------------,1580.0,1575.0,1575.0,1550.0,1560.0,-20.0,1700900,2656069000,821,115.1,1560,7300,1555,45600,3139416200,3139416200,447366809,716400,714900,0,0,0
2025-09-02,MSTI,Mastersystem Infotama Tbk.,--MO1135001000I211------------,1550.0,1545.0,1585.0,1535.0,1580.0,30.0,1324400,2067053500,459,116.6,1580,5200,1575,3200,3139416200,3139416200,447366809,526200,647200,0,0,0
2025-09-01,MSTI,Mastersystem Infotama Tbk.,--MO1135001000I211------------,1605.0,1575.0,1585.0,1500.0,1550.0,-55.0,2844800,4399875500,922,114.4,1555,45500,1550,4000,3139416200,3139416200,447366809,854300,927700,0,0,0
2025-08-29,MSTI,Mastersystem Infotama Tbk.,--MO1135001000I211------------,1620.0,1615.0,1630.0,1575.0,1605.0,-15.0,4685200,7487058500,1643,118.5,1610,55800,1605,5800,3139416200,3139416200,447366809,703500,2865700,0,0,0
2025-08-28,MSTI,Mastersystem Infotama Tbk.,--MO1135001000I211------------,1620.0,1620.0,1650.0,1610.0,1620.0,0.0,3055800,4962880000,733,119.6,1620,4300,1615,30200,3139416200,3139416200,447366809,295100,1813200,0,0,0
2025-08-27,MSTI,Mastersystem Infotama Tbk.,--MO1135001000I211------------,1620.0,1620.0,1625.0,1610.0,1620.0,0.0,2517400,4072001500,598,119.6,1620,9000,1615,12900,3139416200,3139416200,447366809,343900,1764200,0,0,0
2025-08-26,MSTI,Mastersystem Infotama Tbk.,--MO1135001000I211------------,1625.0,1620.0,1625.0,1615.0,1620.0,-5.0,4519300,7322526000,885,119.6,1620,1100,1615,11900,3139416200,3139416200,447366809,998800,3834500,0,0,0
2025-08-25,MSTI,Mastersystem Infotama Tbk.,--MO1135001000I211------------,1625.0,1630.0,1660.0,1615.0,1625.0,0.0,4235900,6896480500,1121,119.9,1635,100,1620,121200,3139416200,3139416200,447366809,418200,2406200,0,0,0
2025-08-22,MSTI,Mastersystem Infotama Tbk.,--MO1135001000I211------------,1630.0,1635.0,1640.0,1620.0,1625.0,-5.0,2707200,4407048500,715,119.9,1630,400,1625,83700,3139416200,3139416200,447366809,274800,1325900,0,0,0
2025-08-21,MSTI,Mastersystem Infotama Tbk.,--MO1135001000I211------------,1635.0,1640.0,1650.0,1625.0,1630.0,-5.0,1758800,2874902000,570,120.3,1635,5500,1630,3700,3139416200,3139416200,447366809,184400,975000,0,0,0
2025-08-20,MSTI,Mastersystem Infotama Tbk.,--MO1135001000I211------------,1625.0,1640.0,1640.0,1620.0,1635.0,10.0,2161200,3516974500,617,120.7,1640,53000,1635,3600,3139416200,3139416200,447366809,434100,1531100,0,0,0
2025-08-19,MSTI,Mastersystem Infotama Tbk.,--MO1135001000I211------------,1625.0,1625.0,1640.0,1610.0,1625.0,0.0,2193800,3567647500,557,119.9,1635,15300,1625,130000,3139416200,3139416200,447366809,211500,1522200,0,0,0
2025-08-15,MSTI,Mastersystem Infotama Tbk.,--MO1135001000I211------------,1655.0,1660.0,1660.0,1615.0,1625.0,-30.0,2862300,4653253000,1474,119.9,1630,100,1625,100,3139416200,3139416200,447366809,789500,1631600,8588400,13805362500,10
2025-08-14,MSTI,Mastersystem Infotama Tbk.,--MO1135001000I211------------,1655.0,1655.0,1680.0,1640.0,1655.0,0.0,4949600,8222669000,1443,122.1,1660,14700,1655,1000,3139416200,3139416200,447366809,1586800,3454300,100,165500,1
2025-08-13,MSTI,Mastersystem Infotama Tbk.,--MO1135001000I211------------,1655.0,1655.0,1680.0,1640.0,1655.0,0.0,3492300,5793154000,753,122.1,1655,43200,1650,2500,3139416200,3139416200,447366809,1265500,2744500,0,0,0
2025-08-12,MSTI,Mastersystem Infotama Tbk.,--MO1135001000I211------------,1670.0,1670.0,1680.0,1640.0,1655.0,-15.0,2334700,3866681500,815,122.1,1655,17100,1650,8300,3139416200,3139416200,447366809,648100,1582300,0,0,0
2025-08-11,MSTI,Mastersystem Infotama Tbk.,--MO1135001000I211------------,1655.0,1665.0,1700.0,1650.0,1670.0,15.0,3929000,6570827500,1058,123.2,1675,60000,1670,1600,3139416200,3139416200,447366809,678400,2122900,0,0,0
2025-08-08,MSTI,Mastersystem Infotama Tbk.,--MO1135001000I211------------,1655.0,1655.0,1670.0,1635.0,1655.0,0.0,1787600,2956876500,842,122.1,1660,100,1655,121200,3139416200,3139416200,447366809,291600,695400,0,0,0
2025-08-07,MSTI,Mastersystem Infotama Tbk.,--MO1135001000I211------------,1650.0,1650.0,1690.0,1645.0,1655.0,5.0,4441600,7410712500,1112,122.1,1660,40100,1655,274400,3139416200,3139416200,447366809,1475400,2944500,0,0,0
2025-08-06,MSTI,Mastersystem Infotama Tbk.,--MO1135001000I211------------,1630.0,1630.0,1670.0,1630.0,1650.0,20.0,4120100,6789404000,1124,121.8,1650,3300,1645,24000,3139416200,3139416200,447366809,2258000,2835900,0,0,0
2025-08-05,MSTI,Mastersystem Infotama Tbk.,--MO1135001000I211------------,1675.0,1680.0,1680.0,1580.0,1630.0,-45.0,10492900,17146907000,2226,120.3,1630,105800,1620,100,3139416200,3139416200,447366809,3810100,8707100,13400,21842000,1
2025-08-04,MSTI,Mastersystem Infotama Tbk.,--MO1135001000I211------------,1575.0,1600.0,1775.0,1575.0,1675.0,100.0,12600400,21005989500,2926,123.6,1680,10100,1675,10800,3139416200,3139416200,447366809,4738800,9087300,0,0,0
2025-08-01,MSTI,Mastersystem Infotama Tbk.,--MO1135001000I211------------,1535.0,1540.0,1615.0,1530.0,1575.0,40.0,7297800,11396416000,1586,116.2,1575,99700,1565,100200,3139416200,3139416200,447366809,3510600,5090400,0,0,0
2025-07-31,MSTI,Mastersystem Infotama Tbk.,--MO1135001000I211------------,1525.0,1530.0,1555.0,1510.0,1535.0,10.0,4531400,6947658000,1440,113.3,1540,9400,1535,300,3139416200,3139416200,447366809,1556300,3189000,0,0,0
2025-07-30,MSTI,Mastersystem Infotama Tbk.,--MO1135001000I211------------,1540.0,1545.0,1545.0,1500.0,1525.0,-15.0,5093100,7765776000,937,112.5,1535,200,1520,3000,3139416200,3139416200,447366809,1159700,3397900,0,0,0
2025-07-29,MSTI,Mastersystem Infotama Tbk.,--MO1135001000I211------------,1530.0,1535.0,1545.0,1525.0,1540.0,10.0,3480200,5348050500,721,113.7,1540,800,1530,39900,3139416200,3139416200,447366809,918600,2618200,0,0,0
2025-07-28,MSTI,Mastersystem Infotama Tbk.,--MO1135001000I211------------,1490.0,1495.0,1560.0,1495.0,1530.0,40.0,6135500,9397324000,1507,112.9,1535,4200,1530,1100,3139416200,3139416200,447366809,1272000,4398900,0,0,0
2025-07-25,MSTI,Mastersystem Infotama Tbk.,--MO1135001000I211------------,1470.0,1470.0,1495.0,1465.0,1490.0,20.0,2436900,3621982500,779,110.0,1495,146500,1490,600,3139416200,3139416200,447366809,852200,1417600,0,0,0
2025-07-24,MSTI,Mastersystem Infotama Tbk.,--MO1135001000I211------------,1495.0,1495.0,1510.0,1460.0,1470.0,-25.0,3515500,5229007500,1143,108.5,1470,27800,1465,2700,3139416200,3139416200,447366809,677800,1865200,0,0,0
2025-07-23,MSTI,Mastersystem Infotama Tbk.,--MO1135001000I211------------,1520.0,1520.0,1535.0,1480.0,1495.0,-25.0,3817300,5752393500,1281,110.3,1495,163300,1490,6000,3139416200,3139416200,447366809,937800,2188200,0,0,0
2025-07-22,MSTI,Mastersystem Infotama Tbk.,--MO1135001000I211------------,1465.0,1465.0,1520.0,1465.0,1520.0,55.0,4529500,6750494000,1343,112.2,1520,108700,1515,5100,3139416200,3139416200,447366809,1346200,2025300,447300,668266200,1
2025-07-21,MSTI,Mastersystem Infotama Tbk.,--MO1135001000I211------------,1460.0,1460.0,1490.0,1450.0,1465.0,5.0,3924400,5776191500,1583,108.1,1465,15300,1460,100,3139416200,3139416200,447366809,350400,2121900,10000,14650000,1
2025-07-18,MSTI,Mastersystem Infotama Tbk.,--MO1135001000I211------------,1450.0,1450.0,1485.0,1440.0,1460.0,10.0,3779400,5536362000,1546,107.7,1460,8500,1455,200,3139416200,3139416200,447366809,839200,2031200,0,0,0
2025-07-17,MSTI,Mastersystem Infotama Tbk.,--MO1135001000I211------------,1470.0,1475.0,1475.0,1440.0,1450.0,-20.0,2879400,4213197500,1454,107.0,1450,36000,1445,1000,3139416200,3139416200,447366809,559500,1442300,0,0,0
2025-07-16,MSTI,Mastersystem Infotama Tbk.,--MO1135001000I211------------,1450.0,1450.0,1485.0,1450.0,1470.0,20.0,3207500,4716790000,1098,108.5,1475,29600,1470,14800,3139416200,3139416200,447366809,973000,1678200,0,0,0
2025-07-15,MSTI,Mastersystem Infotama Tbk.,--MO1135001000I211------------,1425.0,1410.0,1450.0,1410.0,1450.0,25.0,5477400,7890166000,996,107.0,1450,91200,1445,1600,3139416200,3139416200,447366809,1443400,4149600,0,0,0
2025-07-14,MSTI,Mastersystem Infotama Tbk.,--MO1135001000I211------------,1415.0,1415.0,1435.0,1415.0,1425.0,10.0,4266900,6080707000,1114,105.2,1425,156300,1410,5200,3139416200,3139416200,447366809,648800,2627300,0,0,0
2025-07-11,MSTI,Mastersystem Infotama Tbk.,--MO1135001000I211------------,1375.0,1375.0,1420.0,1375.0,1415.0,40.0,3727200,5239768000,1082,104.4,1415,135200,1405,9500,3139416200,3139416200,447366809,397300,2519700,0,0,0
2025-07-10,MSTI,Mastersystem Infotama Tbk.,--MO1135001000I211------------,1345.0,1345.0,1385.0,1340.0,1375.0,30.0,2885400,3952847000,1131,101.5,1380,12100,1375,3600,3139416200,3139416200,447366809,330300,1340200,0,0,0
2025-07-09,MSTI,Mastersystem Infotama Tbk.,--MO1135001000I211------------,1300.0,1305.0,1350.0,1305.0,1345.0,45.0,3081100,4052244000,923,99.3,1345,30800,1340,2900,3139416200,3139416200,447366809,625000,896200,0,0,0
2025-07-08,MSTI,Mastersystem Infotama Tbk.,--MO1135001000I211------------,1295.0,1300.0,1310.0,1285.0,1300.0,5.0,2382600,3086376000,960,95.9,1305,187100,1300,109800,3139416200,3139416200,447366809,386800,293300,0,0,0
2025-07-07,MSTI,Mastersystem Infotama Tbk.,--MO1135001000I211------------,1300.0,1305.0,1305.0,1290.0,1295.0,-5.0,1993900,2585951500,919,95.6,1300,1700,1290,119600,3139416200,3139416200,447366809,393600,247300,0,0,0
2025-07-04,MSTI,Mastersystem Infotama Tbk.,XDMO1135001000I211------------,1295.0,1300.0,1310.0,1295.0,1300.0,5.0,3432100,4465578000,977,95.9,1300,2000,1295,62900,3139416200,3139416200,447366809,288500,1153200,0,0,0
2025-07-03,MSTI,Mastersystem Infotama Tbk.,XDMO1135001000I211------------,1320.0,1330.0,1330.0,1280.0,1295.0,-25.0,7478900,9744477000,2157,95.6,1300,1100,1295,28900,3139416200,3139416200,447366809,1124600,1239600,0,0,0
2025-07-02,MSTI,Mastersystem Infotama Tbk.,XDMO1135001000I211------------,1345.0,1345.0,1350.0,1315.0,1320.0,-25.0,3410900,4540636000,1212,97.4,1320,40000,1315,175400,3139416200,3139416200,447366809,565300,1071700,0,0,0
2025-07-01,MSTI,Mastersystem Infotama Tbk.,XDMO1135001000I211------------,1355.0,1355.0,1370.0,1345.0,1345.0,-10.0,2095800,2846556500,691,99.3,1350,2200,1345,82500,3139416200,3139416200,447366809,165200,585900,0,0,0
2025-06-30,MSTI,Mastersystem Infotama Tbk.,XDMO1135001000I211------------,1350.0,1350.0,1375.0,1335.0,1355.0,5.0,1884400,2558178500,831,100.0,1355,57400,1350,27600,3139416200,3139416200,469342722,9500,307000,0,0,0
2025-06-26,MSTI,Mastersystem Infotama Tbk.,XDMO1135001000I211------------,1320.0,1325.0,1365.0,1325.0,1350.0,30.0,2085400,2815565000,937,99.6,1360,10500,1350,200,3139416200,3139416200,469342722,177800,359600,0,0,0
2025-06-25,MSTI,Mastersystem Infotama Tbk.,XDMO1135001000I211------------,1350.0,1355.0,1360.0,1320.0,1320.0,-30.0,2047300,2740737500,912,97.4,1335,20500,1325,15400,3139416200,3139416200,469342722,419700,201700,0,0,0
2025-06-24,MSTI,Mastersystem Infotama Tbk.,XDMO1135001000I211------------,1350.0,1355.0,1385.0,1350.0,1350.0,0.0,2683700,3673114500,890,99.6,1365,10000,1350,1800,3139416200,3139416200,469342722,126000,418800,0,0,0
2025-06-23,MSTI,Mastersystem Infotama Tbk.,XDMO1135001000I211------------,1325.0,1325.0,1365.0,1305.0,1350.0,25.0,2995500,3996194000,1181,99.6,1350,600,1345,5000,3139416200,3139416200,469342722,924200,1199300,0,0,0
2025-06-20,MSTI,Mastersystem Infotama Tbk.,XDMO1135001000I211------------,1330.0,1330.0,1340.0,1315.0,1325.0,-5.0,2445000,3244706500,962,97.8,1330,42300,1325,20500,3139416200,3139416200,469342722,193000,218000,0,0,0
2025-06-19,MSTI,Mastersystem Infotama Tbk.,XDMO1135001000I211------------,1365.0,1365.0,1370.0,1330.0,1330.0,-35.0,2112600,2856845500,1036,98.2,1335,200,1330,25000,3139416200,3139416200,469342722,302000,27500,0,0,0
2025-06-18,MSTI,Mastersystem Infotama Tbk.,XDMO1135001000I211------------,1355.0,1360.0,1365.0,1340.0,1365.0,10.0,3022700,4087343500,976,100.7,1365,23000,1355,23200,3139416200,3139416200,469342722,381000,1300,0,0,0
2025-06-17,MSTI,Mastersystem Infotama Tbk.,XDMO1135001000I211------------,1350.0,1350.0,1360.0,1350.0,1355.0,5.0,1961300,2657909000,827,100.0,1355,97700,1350,52300,3139416200,3139416200,469342722,340800,33300,0,0,0
2025-06-16,MSTI,Mastersystem Infotama Tbk.,XDMO1135001000I211------------,1370.0,1370.0,1370.0,1340.0,1350.0,-20.0,2736000,3704082000,1115,99.6,1355,1500,1350,126700,3139416200,3139416200,469342722,793100,6000,0,0,0
2025-06-13,MSTI,Mastersystem Infotama Tbk.,--MO1135001000I211------------,1390.0,1390.0,1390.0,1355.0,1370.0,-20.0,2885600,3954880000,1238,101.1,1375,20200,1370,17400,3139416200,3139416200,469342722,507400,742900,0,0,0
2025-06-12,MSTI,Mastersystem Infotama Tbk.,--MO1135001000I211------------,1470.0,1390.0,1405.0,1380.0,1390.0,-80.0,6022100,8382895000,1746,102.6,1390,18300,1385,351600,3139416200,3139416200,469342722,1112300,727800,0,0,0
2025-06-11,MSTI,Mastersystem Infotama Tbk.,CDMO1135001000I211------------,1465.0,1470.0,1485.0,1460.0,1470.0,5.0,6168900,9086149000,1700,108.5,1475,36500,1470,655800,3139416200,3139416200,469342722,910200,1032600,0,0,0
2025-06-10,MSTI,Mastersystem Infotama Tbk.,CDMO1135001000I211------------,1425.0,1430.0,1470.0,1430.0,1465.0,40.0,4011100,5825150500,1247,108.1,1465,60500,1460,64700,3139416200,3139416200,469342722,509600,1012800,0,0,0
2025-06-05,MSTI,Mastersystem Infotama Tbk.,CDMO1135001000I211------------,1415.0,1420.0,1435.0,1415.0,1425.0,10.0,3572700,5085942500,945,105.2,1430,93000,1425,33300,3139416200,3139416200,469342722,3600,238600,0,0,0
2025-06-04,MSTI,Mastersystem Infotama Tbk.,--MO1135001000I211------------,1420.0,1420.0,1430.0,1415.0,1415.0,-5.0,4976600,7065977000,1218,104.4,1420,1400,1415,37500,3139416200,3139416200,469342722,5700,474000,16151600,22635272000,3
2025-06-03,MSTI,Mastersystem Infotama Tbk.,--MO1135001000I211------------,1415.0,1430.0,1435.0,1415.0,1420.0,5.0,2983100,4241162000,700,104.8,1420,1400,1415,517500,3139416200,3139416200,469342722,154700,509900,0,0,0
2025-06-02,MSTI,Mastersystem Infotama Tbk.,--MO1135001000I211------------,1440.0,1445.0,1455.0,1415.0,1415.0,-25.0,5649100,8071366000,2348,104.4,1420,1100,1415,192600,3139416200,3139416200,469342722,402100,527300,0,0,0
2025-05-28,MSTI,Mastersystem Infotama Tbk.,--MO1135000000I211------------,1425.0,1435.0,1490.0,1430.0,1440.0,15.0,13233400,19254941000,3813,106.3,1450,1000,1440,114800,3139416200,3139416200,469342722,1297900,1144400,0,0,0
2025-05-27,MSTI,Mastersystem Infotama Tbk.,--MO1135000000I211------------,1415.0,1415.0,1450.0,1410.0,1425.0,10.0,4257300,6065775000,1127,105.2,1430,41800,1420,138000,3139416200,3139416200,469342722,8300,575800,1434400,2041379600,2
2025-05-26,MSTI,Mastersystem Infotama Tbk.,--MO1135000000I211------------,1420.0,1425.0,1425.0,1405.0,1415.0,-5.0,3242000,4574379500,835,104.4,1415,27000,1410,3900,3139416200,3139416200,469342722,395200,227500,0,0,0
2025-05-23,MSTI,Mastersystem Infotama Tbk.,--MO1135000000I211------------,1425.0,1420.0,1430.0,1415.0,1420.0,-5.0,2581900,3670633500,1472,104.8,1425,38900,1420,700,3139416200,3139416200,469342722,240500,310400,0,0,0
2025-05-22,MSTI,Mastersystem Infotama Tbk.,--MO1135000000I211------------,1420.0,0.0,1445.0,1415.0,1425.0,5.0,3136300,4490160500,1049,105.2,1430,70300,1420,23200,3139416200,3139416200,469342722,71800,447100,0,0,0
2025-05-21,MSTI,Mastersystem Infotama Tbk.,--MO1135000000I211------------,1405.0,1410.0,1420.0,1400.0,1420.0,15.0,2383700,3353253500,778,104.8,1420,48900,1415,100,3139416200,3139416200,469342722,12400,134400,0,0,0
2025-05-20,MSTI,Mastersystem Infotama Tbk.,--MO1135000000I211------------,1420.0,1420.0,1430.0,1405.0,1405.0,-15.0,3798900,5391838500,1100,103.7,1415,300,1405,432000,3139416200,3139416200,469342722,500400,416700,0,0,0
2025-05-19,MSTI,Mastersystem Infotama Tbk.,--MO1135000000I211------------,1415.0,1415.0,1435.0,1415.0,1420.0,5.0,1399400,1987489000,265,104.8,1420,900,1415,161100,3139416200,3139416200,469342722,10400,83700,0,0,0
2025-05-16,MSTI,Mastersystem Infotama Tbk.,--MO1135000000I211------------,1435.0,1435.0,1450.0,1405.0,1415.0,-20.0,3141500,4433363000,835,104.4,1420,25700,1415,50400,3139416200,3139416200,469342722,73900,201300,0,0,0
2025-05-15,MSTI,Mastersystem Infotama Tbk.,--MO1135000000I211------------,1450.0,1450.0,1460.0,1430.0,1435.0,-15.0,1319000,1896315500,317,105.9,1445,20100,1435,2000,3139416200,3139416200,469342722,132300,100400,0,0,0
2025-05-14,MSTI,Mastersystem Infotama Tbk.,--MO1135000000I211------------,1425.0,1430.0,1455.0,1430.0,1450.0,25.0,495800,715953000,148,107.0,1455,9000,1450,46500,3139416200,3139416200,469342722,800,180600,0,0,0
2025-05-09,MSTI,Mastersystem Infotama Tbk.,--MO1135000000I211------------,1460.0,1460.0,1475.0,1410.0,1425.0,-35.0,997800,1428552000,365,105.2,1430,8000,1420,5500,3139416200,3139416200,469342722,2300,8900,504700,714150500,1
2025-05-08,MSTI,Mastersystem Infotama Tbk.,--MO1135000000I211------------,1460.0,1485.0,1485.0,1450.0,1460.0,0.0,524900,768163500,309,107.7,1460,10000,1455,500,3139416200,3139416200,469342722,200,8000,0,0,0
2025-05-07,MSTI,Mastersystem Infotama Tbk.,--MO1135000000I211------------,1455.0,1465.0,1485.0,1445.0,1460.0,5.0,940400,1386545000,381,107.7,1480,4800,1460,17100,3139416200,3139416200,469342722,708800,721900,0,0,0
2025-05-06,MSTI,Mastersystem Infotama Tbk.,--MO1135000000I211------------,1455.0,0.0,1480.0,1450.0,1455.0,0.0,366600,536761000,284,107.4,1455,1200,1450,3900,3139416200,3139416200,469342722,167600,11000,0,0,0
2025-05-05,MSTI,Mastersystem Infotama Tbk.,--MO1135000000I211------------,1445.0,1445.0,1475.0,1440.0,1455.0,10.0,881800,1279916000,369,107.4,1460,100,1440,241900,3139416200,3139416200,469342722,298100,45100,0,0,0
2025-05-02,MSTI,Mastersystem Infotama Tbk.,--MO1135000000I211------------,1450.0,1450.0,1465.0,1445.0,1445.0,-5.0,358500,521505500,237,106.6,1460,21400,1450,1400,3139416200,3139416200,469342722,126000,10000,0,0,0
2025-04-30,MSTI,Mastersystem Infotama Tbk.,--MO1135000000I211------------,1435.0,1440.0,1460.0,1440.0,1450.0,15.0,680500,987514000,428,107.0,1450,251600,1445,20000,3139416200,3139416200,469342722,487700,11100,0,0,0
2025-04-29,MSTI,Mastersystem Infotama Tbk.,--MO1135000000I211------------,1440.0,0.0,1460.0,1435.0,1435.0,-5.0,611800,880827500,173,105.9,1445,500,1440,100,3139416200,3139416200,469342722,439800,14800,0,0,0
2025-04-28,MSTI,Mastersystem Infotama Tbk.,--MO1135000000I211------------,1440.0,1440.0,1460.0,1435.0,1440.0,0.0,2424400,3495549000,685,106.3,1445,99800,1440,100,3139416200,3139416200,469342722,964600,12000,0,0,0
2025-04-25,MSTI,Mastersystem Infotama Tbk.,--MO1135000000I211------------,1440.0,1440.0,1450.0,1435.0,1440.0,0.0,1113900,1604985000,380,106.3,1445,1000,1440,317700,3139416200,3139416200,469342722,949000,62500,0,0,0
2025-04-24,MSTI,Mastersystem Infotama Tbk.,--MO1135000000I211------------,1430.0,1435.0,1445.0,1425.0,1440.0,10.0,529900,760418500,147,106.3,1440,5500,1425,75800,3139416200,3139416200,469342722,340600,12300,0,0,0
2025-04-23,MSTI,Mastersystem Infotama Tbk.,--MO1135000000I211------------,1415.0,1440.0,1445.0,1425.0,1430.0,15.0,768200,1104109000,430,105.5,1440,129700,1430,35900,3139416200,3139416200,469342722,455500,72500,0,0,0
2025-04-22,MSTI,Mastersystem Infotama Tbk.,--MO1135000000I211------------,1410.0,1415.0,1445.0,1410.0,1415.0,5.0,925700,1323293000,385,104.4,1425,27000,1415,232400,3139416200,3139416200,469342722,618800,16100,0,0,0
2025-04-21,MSTI,Mastersystem Infotama Tbk.,--MO1135000000I211------------,1420.0,1410.0,1430.0,1405.0,1410.0,-10.0,300500,424268500,278,104.1,1425,3200,1405,21500,3139416200,3139416200,469342722,231500,10400,0,0,0
2025-04-17,MSTI,Mastersystem Infotama Tbk.,--MO1135000000I211------------,1410.0,1405.0,1430.0,1400.0,1420.0,10.0,240300,338206000,300,104.8,1415,800,1405,5000,3139416200,3139416200,469342722,180800,1700,0,0,0
2025-04-16,MSTI,Mastersystem Infotama Tbk.,--MO1135000000I211------------,1420.0,1430.0,1430.0,1400.0,1410.0,-10.0,290700,410386000,157,104.1,1420,7100,1410,27600,3139416200,3139416200,469342722,270500,125400,0,0,0
2025-04-15,MSTI,Mastersystem Infotama Tbk.,--MO1135000000I211------------,1405.0,1430.0,1430.0,1400.0,1420.0,15.0,214100,300277500,181,104.8,1420,2800,1400,144700,3139416200,3139416200,469342722,172100,700,0,0,0
2025-04-14,MSTI,Mastersystem Infotama Tbk.,--MO1135000000I211------------,1380.0,1390.0,1440.0,1390.0,1405.0,25.0,364000,512496500,297,103.7,1405,700,1400,50000,3139416200,3139416200,469342722,180500,76100,0,0,0
2025-04-11,MSTI,Mastersystem Infotama Tbk.,--MO1135000000I211------------,1370.0,1350.0,1420.0,1350.0,1380.0,10.0,251300,346701500,269,101.8,1390,2300,1380,300,3139416200,3139416200,469342722,211400,51200,0,0,0
2025-04-10,MSTI,Mastersystem Infotama Tbk.,--MO1135000000I211------------,1320.0,0.0,1400.0,1350.0,1370.0,50.0,708800,971133000,357,101.1,1375,1000,1370,37400,3139416200,3139416200,469342722,335700,74600,0,0,0
2025-04-09,MSTI,Mastersystem Infotama Tbk.,--MO1135000000I211------------,1320.0,1315.0,1330.0,1315.0,1320.0,0.0,574300,757788500,177,97.4,1330,10400,1320,97400,3139416200,3139416200,469342722,295000,17100,0,0,0
2025-04-08,MSTI,Mastersystem Infotama Tbk.,--MO1135000000I211------------,1405.0,1350.0,1365.0,1275.0,1320.0,-85.0,1387800,1825423500,472,97.4,1330,4100,1320,19300,3139416200,3139416200,469342722,999600,67300,0,0,0
2025-03-27,MSTI,Mastersystem Infotama Tbk.,--MO1135000000I211------------,1410.0,1415.0,1430.0,1405.0,1405.0,-5.0,407600,575810000,99,103.7,1420,13400,1410,500,3139416200,3139416200,470912430,204900,10000,0,0,0
2025-03-26,MSTI,Mastersystem Infotama Tbk.,--MO1135000000I211------------,1400.0,0.0,1435.0,1400.0,1410.0,10.0,996300,1419405000,198,104.1,1430,100,1410,8600,3139416200,3139416200,470912430,521900,574000,0,0,0
2025-03-25,MSTI,Mastersystem Infotama Tbk.,--MO1135000000I211------------,1380.0,1400.0,1430.0,1385.0,1400.0,20.0,450600,635164500,221,103.3,1400,100,1395,3800,3139416200,3139416200,470912430,198200,44000,0,0,0
2025-03-24,MSTI,Mastersystem Infotama Tbk.,--MO1135000000I211------------,1400.0,1400.0,1400.0,1320.0,1380.0,-20.0,992000,1359762000,363,101.8,1395,8900,1380,46200,3139416200,3139416200,470912430,568000,83300,0,0,0
2025-03-21,MSTI,Mastersystem Infotama Tbk.,--MO1135000000I211------------,1425.0,0.0,1440.0,1395.0,1400.0,-25.0,819000,1153155500,162,103.3,1400,500,1395,200300,3139416200,3139416200,470912430,0,0,0,0,0
2025-03-20,MSTI,Mastersystem Infotama Tbk.,--MO1135000000I211------------,1430.0,0.0,1440.0,1425.0,1425.0,-5.0,354100,506946500,152,105.2,1435,8200,1425,3700,3139416200,3139416200,470912430,0,0,0,0,0
2025-03-19,MSTI,Mastersystem Infotama Tbk.,--MO1135000000I211------------,1420.0,0.0,1450.0,1420.0,1430.0,10.0,500000,721348000,251,105.5,1440,12500,1430,13100,3139416200,3139416200,470912430,0,156600,0,0,0
2025-03-18,MSTI,Mastersystem Infotama Tbk.,--MO1135000000I211------------,1425.0,0.0,1450.0,1380.0,1420.0,-5.0,1004200,1440325500,247,104.8,1420,300,1415,600,3139416200,3139416200,470912430,13100,16000,18437800,25720731000,3
2025-03-17,MSTI,Mastersystem Infotama Tbk.,--MO1135000000I211------------,1395.0,0.0,1440.0,1400.0,1425.0,30.0,417200,598051000,195,105.2,1425,45600,1420,5000,3139416200,3139416200,470912430,100500,0,0,0,0
2025-03-14,MSTI,Mastersystem Infotama Tbk.,--MO1135000000I211------------,1440.0,1445.0,1445.0,1375.0,1395.0,-45.0,270700,381786000,285,103.0,1430,800,1395,71300,3139416200,3139416200,470912430,0,30900,0,0,0
2025-03-13,MSTI,Mastersystem Infotama Tbk.,--MO1135000000I211------------,1435.0,0.0,1475.0,1435.0,1440.0,5.0,810400,1168306000,304,106.3,1440,600,1435,299500,3139416200,3139416200,470912430,0,0,0,0,0
2025-03-12,MSTI,Mastersystem Infotama Tbk.,--MO1135000000I211------------,1435.0,0.0,1440.0,1415.0,1435.0,0.0,264800,377744000,290,105.9,1435,1800,1425,31000,3139416200,3139416200,470912430,0,82700,0,0,0
2025-03-11,MSTI,Mastersystem Infotama Tbk.,--MO1135000000I211------------,1440.0,0.0,1445.0,1415.0,1435.0,-5.0,453200,650082000,234,105.9,1435,700,1420,600,3139416200,3139416200,470912430,48200,0,0,0,0
2025-03-10,MSTI,Mastersystem Infotama Tbk.,--MO1135000000I211------------,1450.0,1450.0,1480.0,1415.0,1440.0,-10.0,365500,526223000,271,106.3,1445,74700,1440,100,3139416200,3139416200,470912430,42800,1200,0,0,0
2025-03-07,MSTI,Mastersystem Infotama Tbk.,--MO1135000000I211------------,1460.0,0.0,1480.0,1425.0,1450.0,-10.0,401000,584051500,270,107.0,1460,500,1450,41800,3139416200,3139416200,470912430,4300,9300,0,0,0
2025-03-06,MSTI,Mastersystem Infotama Tbk.,--MO1135000000I211------------,1445.0,1450.0,1480.0,1450.0,1460.0,15.0,408600,596871000,353,107.7,1465,5400,1455,100,3139416200,3139416200,470912430,36400,800,34400,52764300,3
2025-03-05,MSTI,Mastersystem Infotama Tbk.,--MO1135000000I211------------,1405.0,1410.0,1455.0,1410.0,1445.0,40.0,850700,1224197500,681,106.6,1450,2000,1435,100,3139416200,3139416200,470912430,900,114600,0,0,0
2025-03-04,MSTI,Mastersystem Infotama Tbk.,--MO1135000000I211------------,1410.0,1410.0,1435.0,1390.0,1405.0,-5.0,332400,469853000,318,103.7,1405,28500,1400,35500,3139416200,3139416200,470912430,7200,3700,0,0,0
2025-03-03,MSTI,Mastersystem Infotama Tbk.,--MO1135000000I211------------,1380.0,1380.0,1425.0,1380.0,1410.0,30.0,204200,285454500,188,104.1,1410,4800,1395,10600,3139416200,3139416200,470912430,0,7200,0,0,0
2025-02-28,MSTI,Mastersystem Infotama Tbk.,--MO1135000000I211------------,1435.0,0.0,1430.0,1355.0,1380.0,-55.0,1070800,1479322500,523,101.8,1380,9600,1370,20100,3139416200,3139416200,470912430,0,0,0,0,0
2025-02-27,MSTI,Mastersystem Infotama Tbk.,--MO1135000000I211------------,1445.0,0.0,1470.0,1425.0,1435.0,-10.0,600900,866864000,382,105.9,1435,3900,1430,300,3139416200,3139416200,470912430,5000,0,0,0,0
2025-02-26,MSTI,Mastersystem Infotama Tbk.,--MO1135000000I211------------,1445.0,1445.0,1485.0,1425.0,1445.0,0.0,963200,1394356000,560,106.6,1445,7300,1435,2800,3139416200,3139416200,470912430,27300,22100,0,0,0
2025-02-25,MSTI,Mastersystem Infotama Tbk.,--MO1135000000I211------------,1555.0,1560.0,1565.0,1420.0,1445.0,-110.0,2032800,2994370500,965,106.6,1445,14100,1440,1000,3139416200,3139416200,470912430,130100,34100,0,0,0
2025-02-24,MSTI,Mastersystem Infotama Tbk.,--MO1135000000I211------------,1535.0,1570.0,1600.0,1540.0,1555.0,20.0,4174900,6548633000,1676,114.8,1555,115600,1550,13800,3139416200,3139416200,470912430,851800,89600,0,0,0
2025-02-21,MSTI,Mastersystem Infotama Tbk.,--MO1135000000I211------------,1440.0,1440.0,1650.0,1430.0,1535.0,95.0,2007500,3074719500,1237,113.3,1540,200100,1535,36200,3139416200,3139416200,470912430,205100,160200,0,0,0
2025-02-20,MSTI,Mastersystem Infotama Tbk.,--MO1135000000I211------------,1415.0,0.0,1440.0,1400.0,1440.0,25.0,265400,375097500,174,106.3,1445,3200,1440,3500,3139416200,3139416200,470912430,0,0,0,0,0
2025-02-19,MSTI,Mastersystem Infotama Tbk.,--MO1135000000I211------------,1445.0,1445.0,1445.0,1410.0,1415.0,-30.0,848700,1201596000,431,104.4,1445,500,1410,49500,3139416200,3139416200,470912430,20500,56500,0,0,0
2025-02-18,MSTI,Mastersystem Infotama Tbk.,--MO1135000000I211------------,1475.0,1480.0,1480.0,1425.0,1445.0,-30.0,99100,143891500,135,106.6,1470,21200,1445,500,3139416200,3139416200,470912430,0,0,0,0,0
2025-02-17,MSTI,Mastersystem Infotama Tbk.,--MO1135000000I211------------,1435.0,1445.0,1490.0,1355.0,1475.0,40.0,476300,670196000,346,108.9,1475,40100,1470,1000,3139416200,3139416200,470912430,4800,20500,0,0,0
2025-02-14,MSTI,Mastersystem Infotama Tbk.,--MO1135000000I211------------,1420.0,1420.0,1445.0,1420.0,1435.0,15.0,72000,103327000,100,105.9,1440,7300,1435,2900,3139416200,3139416200,470912430,4100,0,0,0,0
2025-02-13,MSTI,Mastersystem Infotama Tbk.,--MO1135000000I211------------,1420.0,0.0,1445.0,1415.0,1420.0,0.0,147200,208644000,103,104.8,1420,2700,1415,15100,3139416200,3139416200,470912430,0,0,0,0,0
2025-02-12,MSTI,Mastersystem Infotama Tbk.,--MO1135000000I211------------,1420.0,1425.0,1440.0,1400.0,1420.0,0.0,447800,633364500,188,104.8,1420,9700,1410,24400,3139416200,3139416200,470912430,500,0,0,0,0
2025-02-11,MSTI,Mastersystem Infotama Tbk.,--MO1135000000I211------------,1440.0,1440.0,1440.0,1415.0,1420.0,-20.0,144200,204432000,125,104.8,1420,11100,1415,31200,3139416200,3139416200,470912430,0,0,0,0,0
2025-02-10,MSTI,Mastersystem Infotama Tbk.,--MO1135000000I211------------,1430.0,1430.0,1455.0,1400.0,1440.0,10.0,532000,753803500,220,106.3,1440,21000,1415,1200,3139416200,3139416200,470912430,0,0,0,0,0
2025-02-07,MSTI,Mastersystem Infotama Tbk.,--MO1135000000I211------------,1435.0,1440.0,1460.0,1430.0,1430.0,-5.0,475000,681103000,178,105.5,1440,100,1430,100,3139416200,3139416200,470912430,500,0,0,0,0
2025-02-06,MSTI,Mastersystem Infotama Tbk.,--MO1135000000I211------------,1475.0,0.0,1465.0,1430.0,1435.0,-40.0,272400,394752000,222,105.9,1435,300,1430,12700,3139416200,3139416200,470912430,0,0,0,0,0
2025-02-05,MSTI,Mastersystem Infotama Tbk.,--MO1135000000I211------------,1470.0,1470.0,1475.0,1460.0,1475.0,5.0,46000,67461000,89,108.9,1475,150300,1460,5200,3139416200,3139416200,470912430,1000,0,0,0,0
2025-02-04,MSTI,Mastersystem Infotama Tbk.,--MO1135000000I211------------,1455.0,1455.0,1485.0,1450.0,1470.0,15.0,198400,291890500,170,108.5,1470,1800,1465,3500,3139416200,3139416200,470912430,0,0,0,0,0
2025-02-03,MSTI,Mastersystem Infotama Tbk.,--MO1135000000I211------------,1490.0,1490.0,1490.0,1445.0,1455.0,-35.0,269200,393347000,163,107.4,1470,75000,1455,35100,3139416200,3139416200,470912430,0,0,0,0,0
2025-01-31,MSTI,Mastersystem Infotama Tbk.,--MO1135000000I211------------,1470.0,1470.0,1490.0,1465.0,1490.0,20.0,297900,441607500,240,110.0,1490,76600,1485,500,3139416200,3139416200,470912430,800,0,0,0,0
2025-01-30,MSTI,Mastersystem Infotama Tbk.,--MO1135000000I211------------,1465.0,1455.0,1500.0,1450.0,1470.0,5.0,469700,700154000,121,108.5,1485,36400,1470,200,3139416200,3139416200,470912430,0,0,0,0,0
2025-01-24,MSTI,Mastersystem Infotama Tbk.,--MO1135000000I211------------,1495.0,1455.0,1465.0,1455.0,1465.0,-30.0,296100,431449000,104,108.1,1465,800,1460,2000,3139416200,3139416200,470912430,2300,0,0,0,0
2025-01-23,MSTI,Mastersystem Infotama Tbk.,--MO1135000000I211------------,1440.0,1450.0,1505.0,1445.0,1495.0,55.0,768100,1129143500,271,110.3,1495,12800,1485,1900,3139416200,3139416200,470912430,7100,0,0,0,0
2025-01-22,MSTI,Mastersystem Infotama Tbk.,--MO1135000000I211------------,1440.0,1420.0,1440.0,1420.0,1440.0,0.0,97000,139148500,121,106.3,1445,10000,1440,2000,3139416200,3139416200,470912430,0,0,0,0,0
2025-01-21,MSTI,Mastersystem Infotama Tbk.,--MO1135000000I211------------,1450.0,1465.0,1465.0,1420.0,1440.0,-10.0,333600,478463000,238,106.3,1440,14300,1420,2800,3139416200,3139416200,470912430,88600,0,0,0,0
2025-01-20,MSTI,Mastersystem Infotama Tbk.,--MO1135000000I211------------,1470.0,0.0,1470.0,1410.0,1450.0,-20.0,480100,688993500,158,107.0,1450,73900,1445,100,3139416200,3139416200,470912430,0,99600,0,0,0
2025-01-17,MSTI,Mastersystem Infotama Tbk.,--MO1135000000I211------------,1490.0,0.0,1490.0,1450.0,1470.0,-20.0,319200,464669000,181,108.5,1470,41400,1465,100,3139416200,3139416200,470912430,5600,0,0,0,0
2025-01-16,MSTI,Mastersystem Infotama Tbk.,--MO1135000000I211------------,1455.0,1445.0,1545.0,1440.0,1490.0,35.0,264000,391496000,277,110.0,1490,16400,1470,600,3139416200,3139416200,470912430,5900,0,0,0,0
2025-01-15,MSTI,Mastersystem Infotama Tbk.,--MO1135000000I211------------,1455.0,1455.0,1470.0,1455.0,1455.0,0.0,379300,553042000,128,107.4,1455,1200,1450,112400,3139416200,3139416200,470912430,13800,0,0,0,0
2025-01-14,MSTI,Mastersystem Infotama Tbk.,--MO1135000000I211------------,1465.0,1455.0,1470.0,1455.0,1455.0,-10.0,85200,124133000,62,107.4,1465,10500,1455,198300,3139416200,3139416200,470912430,50800,0,0,0,0
2025-01-13,MSTI,Mastersystem Infotama Tbk.,--MO1135000000I211------------,1460.0,1450.0,1465.0,1410.0,1465.0,5.0,517100,745540000,321,108.1,1465,24200,1430,1200,3139416200,3139416200,470912430,85900,7300,0,0,0
2025-01-10,MSTI,Mastersystem Infotama Tbk.,--MO1135000000I211------------,1470.0,1460.0,1470.0,1455.0,1460.0,-10.0,439800,642548500,230,107.7,1465,105100,1455,45300,3139416200,3139416200,470912430,56400,10500,0,0,0
2025-01-09,MSTI,Mastersystem Infotama Tbk.,--MO1135000000I211------------,1510.0,0.0,1490.0,1460.0,1470.0,-40.0,514100,757444500,266,108.5,1470,30400,1465,300,3139416200,3139416200,470912430,63200,1900,0,0,0
2025-01-08,MSTI,Mastersystem Infotama Tbk.,--MO1135000000I211------------,1490.0,1490.0,1515.0,1480.0,1510.0,20.0,275900,410707500,176,111.4,1510,21300,1490,100,3139416200,3139416200,470912430,52300,1000,0,0,0
2025-01-07,MSTI,Mastersystem Infotama Tbk.,--MO1135000000I211------------,1530.0,1530.0,1530.0,1490.0,1490.0,-40.0,102600,154012500,140,110.0,1500,6900,1490,78000,3139416200,3139416200,470912430,37300,0,0,0,0
2025-01-06,MSTI,Mastersystem Infotama Tbk.,--MO1135000000I211------------,1510.0,1510.0,1530.0,1485.0,1530.0,20.0,708000,1060895000,354,112.9,1530,677100,1520,400,3139416200,3139416200,470912430,48000,0,0,0,0
2025-01-03,MSTI,Mastersystem Infotama Tbk.,--MO1135000000I211------------,1540.0,1550.0,1550.0,1505.0,1510.0,-30.0,130700,199612000,152,111.4,1515,45700,1510,7200,3139416200,3139416200,470912430,30300,600,0,0,0
2025-01-02,MSTI,Mastersystem Infotama Tbk.,--MO1135000000I211------------,1685.0,1560.0,1560.0,1525.0,1540.0,-145.0,476400,733363000,446,113.7,1540,25300,1535,800,3139416200,3139416200,470912430,55900,0,0,0,0
2024-12-30,MSTI,Mastersystem Infotama Tbk.,--MO1135000000I211------------,1535.0,1535.0,1685.0,1500.0,1685.0,150.0,2850300,4698248000,469,124.4,1685,1948800,1545,1000,3139416200,3139416200,470823540,433700,0,326900,501791500,1
2024-12-27,MSTI,Mastersystem Infotama Tbk.,--MO1135000000I211------------,1500.0,1500.0,1560.0,1500.0,1535.0,35.0,511400,782423500,231,113.3,1540,2600,1515,5000,3139416200,3139416200,470823540,40300,11400,0,0,0
2024-12-24,MSTI,Mastersystem Infotama Tbk.,--MO1135000000I211------------,1490.0,1490.0,1510.0,1485.0,1500.0,10.0,169800,254563500,119,110.7,1500,55300,1490,21400,3139416200,3139416200,470823540,15700,0,0,0,0
2024-12-23,MSTI,Mastersystem Infotama Tbk.,--MO1135000000I211------------,1500.0,1495.0,1500.0,1485.0,1490.0,-10.0,308400,460094000,200,110.0,1495,1300,1485,35000,3139416200,3139416200,470823540,27300,0,0,0,0
2024-12-20,MSTI,Mastersystem Infotama Tbk.,--MO1135000000I211------------,1500.0,1500.0,1505.0,1490.0,1500.0,0.0,260700,390609500,176,110.7,1510,100000,1500,100,3139416200,3139416200,470823540,18000,0,0,0,0
2024-12-19,MSTI,Mastersystem Infotama Tbk.,--MO1135000000I211------------,1535.0,0.0,1530.0,1490.0,1500.0,-35.0,264800,398796500,205,110.7,1505,500,1500,81500,3139416200,3139416200,470823540,21000,0,0,0,0
2024-12-18,MSTI,Mastersystem Infotama Tbk.,--MO1135000000I211------------,1535.0,0.0,1545.0,1525.0,1535.0,0.0,199800,306408500,94,113.3,1540,4100,1525,6200,3139416200,3139416200,470823540,29500,0,0,0,0
2024-12-17,MSTI,Mastersystem Infotama Tbk.,--MO1135000000I211------------,1545.0,1545.0,1545.0,1530.0,1535.0,-10.0,180400,276866000,164,113.3,1540,10800,1535,157700,3139416200,3139416200,470823540,20300,0,618200,948937000,1
2024-12-16,MSTI,Mastersystem Infotama Tbk.,--MO1135000000I211------------,1545.0,1545.0,1550.0,1535.0,1545.0,0.0,250200,385816000,96,114.0,1545,300,1540,10300,3138878900,3138878900,470823540,21800,0,0,0,0
2024-12-13,MSTI,Mastersystem Infotama Tbk.,--MO1135000000I211------------,1575.0,1570.0,1575.0,1545.0,1545.0,-30.0,86100,133787500,94,114.0,1550,100,1545,23200,3138878900,3138878900,470823540,19400,15900,0,0,0
2024-12-12,MSTI,Mastersystem Infotama Tbk.,--MO1135000000I211------------,1550.0,0.0,1650.0,1545.0,1575.0,25.0,951500,1495599500,304,116.2,1590,4200,1575,19900,3138878900,3138878900,470823540,399100,501300,1689300,2669094000,11
2024-12-11,MSTI,Mastersystem Infotama Tbk.,--MO1135000000I211------------,1535.0,1545.0,1555.0,1530.0,1550.0,15.0,408400,627473500,250,114.4,1550,15000,1545,100,3138878900,3138878900,470823540,21100,0,0,0,0
2024-12-10,MSTI,Mastersystem Infotama Tbk.,--MO1135000000I211------------,1545.0,1550.0,1550.0,1530.0,1535.0,-10.0,321900,495072000,226,113.3,1545,3600,1530,15400,3138878900,3138878900,470823540,24300,0,0,0,0
2024-12-09,MSTI,Mastersystem Infotama Tbk.,--MO1135000000I211------------,1550.0,1550.0,1555.0,1535.0,1545.0,-5.0,186000,287166000,115,114.0,1550,16300,1540,11400,3138878900,3138878900,470823540,20600,0,0,0,0
2024-12-06,MSTI,Mastersystem Infotama Tbk.,--M-1135000000I211------------,1550.0,0.0,1560.0,1535.0,1550.0,0.0,140600,216813500,121,114.4,1555,2800,1545,200,3138878900,3138878900,470823540,22500,0,0,0,0
2024-12-05,MSTI,Mastersystem Infotama Tbk.,--M-1135000000I211------------,1555.0,0.0,1560.0,1540.0,1550.0,-5.0,107600,166684000,99,114.4,1555,1100,1540,30500,3138878900,3138878900,470823540,30100,0,0,0,0
2024-12-04,MSTI,Mastersystem Infotama Tbk.,--M-1135000000I211------------,1560.0,0.0,1575.0,1550.0,1555.0,-5.0,107500,167747500,122,114.8,1555,1600,1550,1000,3138878900,3138878900,470823540,70500,0,0,0,0
2024-12-03,MSTI,Mastersystem Infotama Tbk.,--M-1135000000I211------------,1550.0,0.0,1560.0,1540.0,1560.0,10.0,386000,599484000,136,115.1,1560,1000,1540,16700,3138878900,3138878900,470823540,100200,0,0,0,0
2024-12-02,MSTI,Mastersystem Infotama Tbk.,--M-1135000000I211------------,1555.0,0.0,1560.0,1540.0,1550.0,-5.0,939400,1458887000,220,114.4,1555,61600,1550,2400,3138878900,3138878900,470823540,182600,0,0,0,0
2024-11-29,MSTI,Mastersystem Infotama Tbk.,--M-1135000000I211------------,1580.0,0.0,1580.0,1550.0,1555.0,-25.0,227300,354270500,88,114.8,1560,56200,1555,46700,3138878900,3138878900,470823540,125900,0,0,0,0
2024-11-28,MSTI,Mastersystem Infotama Tbk.,--M-1135000000I211------------,1560.0,0.0,1580.0,1550.0,1580.0,20.0,213400,331590000,154,116.6,1580,16200,1560,3100,3138823600,3138823600,470823540,11300,5900,0,0,0
2024-11-26,MSTI,Mastersystem Infotama Tbk.,--M-1135000000I211------------,1570.0,0.0,1580.0,1550.0,1560.0,-10.0,243000,378415500,103,115.1,1560,100,1555,15400,3138823600,3138823600,470823540,100300,22000,0,0,0
2024-11-25,MSTI,Mastersystem Infotama Tbk.,--M-1135000000I211------------,1560.0,0.0,1585.0,1540.0,1570.0,10.0,396800,620125000,179,115.9,1570,11200,1555,2100,3138823600,3138823600,470823540,62200,0,0,0,0
2024-11-22,MSTI,Mastersystem Infotama Tbk.,--M-1135000000I211------------,1550.0,0.0,1565.0,1550.0,1560.0,10.0,69700,108644000,61,115.1,1560,35800,1555,1400,3138823600,3138823600,470823540,15700,0,0,0,0
2024-11-21,MSTI,Mastersystem Infotama Tbk.,--M-1135000000I211------------,1560.0,0.0,1555.0,1540.0,1550.0,-10.0,400400,620200000,180,114.4,1550,200,1540,10400,3138823600,3138823600,470823540,0,18700,0,0,0
2024-11-20,MSTI,Mastersystem Infotama Tbk.,--M-1135000000I211------------,1565.0,0.0,1575.0,1555.0,1560.0,-5.0,1022100,1598950000,238,115.1,1570,11500,1555,32300,3138823600,3138823600,470823540,248700,6900,10000,15600000,1
2024-11-19,MSTI,Mastersystem Infotama Tbk.,--M-1135000000I211------------,1555.0,0.0,1575.0,1525.0,1565.0,10.0,485300,756164500,306,115.5,1565,22200,1560,20100,3138823600,3138823600,470823540,219300,46200,0,0,0
2024-11-18,MSTI,Mastersystem Infotama Tbk.,--M-1135000000I211------------,1530.0,0.0,1565.0,1525.0,1555.0,25.0,905200,1395713000,336,114.8,1555,15100,1535,3000,3138823600,3138823600,470823540,59500,7000,0,0,0
2024-11-15,MSTI,Mastersystem Infotama Tbk.,--M-1135000000I211------------,1545.0,0.0,1545.0,1525.0,1530.0,-15.0,485400,743746000,397,112.9,1545,16500,1530,23500,3138823600,3138823600,470823540,16900,9300,1279800,1958094000,2
2024-11-14,MSTI,Mastersystem Infotama Tbk.,--M-1135000000I211------------,1540.0,0.0,1545.0,1525.0,1545.0,5.0,467100,716280000,378,114.0,1545,3000,1530,15900,3138823600,3138823600,470823540,15800,0,3208000,4956360000,4
2024-11-13,MSTI,Mastersystem Infotama Tbk.,--M-1135000000I211------------,1560.0,0.0,1560.0,1540.0,1540.0,-20.0,246100,381885500,150,113.7,1550,20400,1540,8000,3138823600,3138823600,470823540,18800,6800,0,0,0
2024-11-12,MSTI,Mastersystem Infotama Tbk.,--M-1135000000I211------------,1550.0,0.0,1570.0,1545.0,1560.0,10.0,324600,504769000,133,115.1,1560,20300,1550,100,3138823600,3138823600,470823540,137600,8500,0,0,0
2024-11-11,MSTI,Mastersystem Infotama Tbk.,--M-1135000000I211------------,1555.0,0.0,1560.0,1520.0,1550.0,-5.0,894700,1381523000,377,114.4,1550,4600,1545,500,3138823600,3138823600,470823540,16500,145800,0,0,0
2024-11-08,MSTI,Mastersystem Infotama Tbk.,--M-1135000000I211------------,1550.0,0.0,1555.0,1495.0,1555.0,5.0,1615200,2471930500,898,114.8,1555,9900,1550,2700,3138823600,3138823600,470823540,140600,231200,0,0,0
2024-11-07,MSTI,Mastersystem Infotama Tbk.,--M-1135000000I211------------,1540.0,0.0,1565.0,1535.0,1550.0,10.0,411100,637503000,252,114.4,1560,6400,1550,1500,3138823600,3138823600,470823540,71500,3900,0,0,0
2024-11-06,MSTI,Mastersystem Infotama Tbk.,--M-1135000000I211------------,1560.0,0.0,1565.0,1535.0,1540.0,-20.0,936200,1447905500,299,113.7,1550,20000,1540,1000,3138823600,3138823600,470823540,51600,1000,0,0,0
2024-11-05,MSTI,Mastersystem Infotama Tbk.,--M-1135000000I211------------,1580.0,0.0,1585.0,1555.0,1560.0,-20.0,510700,799915000,287,115.1,1560,34300,1555,21900,3138823600,3138823600,470823540,224900,22500,0,0,0
2024-11-04,MSTI,Mastersystem Infotama Tbk.,--M-1135000000I211------------,1590.0,0.0,1595.0,1555.0,1580.0,-10.0,1337400,2104449000,341,116.6,1585,49800,1580,9000,3138823600,3138823600,470823540,731500,9800,0,0,0
2024-11-01,MSTI,Mastersystem Infotama Tbk.,--M-1135000000I211------------,1640.0,0.0,1640.0,1575.0,1590.0,-50.0,777400,1234137000,296,117.3,1590,23400,1585,16300,3138823600,3138823600,470823540,223400,36800,0,0,0
2024-10-31,MSTI,Mastersystem Infotama Tbk.,--M-1135000000I211------------,1595.0,0.0,1640.0,1560.0,1640.0,45.0,1665200,2669993000,523,121.0,1640,39300,1595,100,3138823600,3138823600,470823540,887800,77800,0,0,0
2024-10-30,MSTI,Mastersystem Infotama Tbk.,--M-1135000000I211------------,1645.0,0.0,1655.0,1570.0,1595.0,-50.0,1197000,1915481000,719,117.7,1595,61200,1590,9000,3138823600,3138823600,470823540,530300,52800,0,0,0
2024-10-29,MSTI,Mastersystem Infotama Tbk.,--M-1135000000I211------------,1525.0,0.0,1710.0,1550.0,1645.0,120.0,4329900,7136939000,1833,121.4,1645,480800,1630,4700,3138823600,3138823600,470823540,1616800,294900,13000,21307000,1
2024-10-28,MSTI,Mastersystem Infotama Tbk.,--M-1135000000I211------------,1550.0,0.0,1580.0,1520.0,1525.0,-25.0,904000,1397259500,487,112.5,1550,200,1525,1200,3138823600,3138823600,470823540,220800,63300,0,0,0
2024-10-25,MSTI,Mastersystem Infotama Tbk.,--M-1135000000I211------------,1580.0,0.0,1600.0,1550.0,1550.0,-30.0,495100,775026000,272,114.4,1575,200,1550,32400,3138823600,3138823600,470823540,141800,0,0,0,0
2024-10-24,MSTI,Mastersystem Infotama Tbk.,--M-1135000000I211------------,1595.0,0.0,1615.0,1555.0,1580.0,-15.0,551900,875967000,334,116.6,1580,14500,1570,6300,3138823600,3138823600,470823540,309700,0,0,0,0
2024-10-23,MSTI,Mastersystem Infotama Tbk.,--M-1135000000I211------------,1560.0,0.0,1620.0,1555.0,1595.0,35.0,1503200,2394847500,546,117.7,1605,2600,1590,11400,3138823600,3138823600,470823540,657600,15800,0,0,0
2024-10-22,MSTI,Mastersystem Infotama Tbk.,--M-1135000000I211------------,1555.0,0.0,1570.0,1550.0,1560.0,5.0,500600,779425500,200,115.1,1560,14700,1555,6300,3138823600,3138823600,470823540,51700,2600,0,0,0
2024-10-21,MSTI,Mastersystem Infotama Tbk.,--M-1135000000I211------------,1560.0,0.0,1585.0,1550.0,1555.0,-5.0,235900,369185000,153,114.8,1555,62200,1550,62200,3138823600,3138823600,470823540,62600,6700,0,0,0
2024-10-18,MSTI,Mastersystem Infotama Tbk.,--M-1135000000I211------------,1575.0,0.0,1590.0,1550.0,1560.0,-15.0,671900,1052285000,326,115.1,1570,15500,1555,8900,3138823600,3138823600,470823540,147700,0,0,0,0
2024-10-17,MSTI,Mastersystem Infotama Tbk.,--M-1135000000I211------------,1570.0,0.0,1575.0,1555.0,1575.0,5.0,194600,304067500,135,116.2,1575,33200,1565,10000,3138823600,3138823600,470823540,45200,0,0,0,0
2024-10-16,MSTI,Mastersystem Infotama Tbk.,--M-1135000000I211------------,1565.0,0.0,1570.0,1555.0,1570.0,5.0,70700,110590500,63,115.9,1570,15100,1560,53700,3138823600,3138823600,470823540,16600,0,0,0,0
2024-10-15,MSTI,Mastersystem Infotama Tbk.,--M-1135000000I211------------,1575.0,0.0,1580.0,1550.0,1565.0,-10.0,588200,918296000,341,115.5,1565,33100,1560,19200,3138823600,3138823600,470823540,116400,0,0,0,0
2024-10-14,MSTI,Mastersystem Infotama Tbk.,--M-1135000000I211------------,1575.0,0.0,1585.0,1550.0,1575.0,0.0,111600,174668000,143,116.2,1575,14600,1560,3100,3138823600,3138823600,470823540,61900,0,0,0,0
2024-10-11,MSTI,Mastersystem Infotama Tbk.,--M-1135000000I211------------,1565.0,0.0,1580.0,1555.0,1575.0,10.0,68300,106902500,44,116.2,1570,2500,1565,7400,3138823600,3138823600,470823540,48000,0,0,0,0
2024-10-10,MSTI,Mastersystem Infotama Tbk.,--M-1135000000I211------------,1560.0,0.0,1570.0,1545.0,1565.0,5.0,118900,184908500,142,115.5,1565,4800,1555,31100,3138823600,3138823600,470823540,39600,5300,0,0,0
2024-10-09,MSTI,Mastersystem Infotama Tbk.,--M-1135000000I211------------,1550.0,0.0,1560.0,1525.0,1560.0,10.0,439800,679376500,300,115.1,1565,1000,1550,1400,3138823600,3138823600,470823540,51100,4400,0,0,0
2024-10-08,MSTI,Mastersystem Infotama Tbk.,--M-1135000000I211------------,1550.0,0.0,1565.0,1550.0,1550.0,0.0,184400,285955000,75,114.4,1555,400,1550,71000,3138823600,3138823600,470823540,1600,0,0,0,0
2024-10-07,MSTI,Mastersystem Infotama Tbk.,--M-1135000000I211------------,1585.0,0.0,1585.0,1550.0,1550.0,-35.0,446900,698444000,236,114.4,1565,13400,1550,3700,3138823600,3138823600,470823540,172900,32200,0,0,0
2024-10-04,MSTI,Mastersystem Infotama Tbk.,--M-1135000000I211------------,1595.0,0.0,1605.0,1585.0,1585.0,-10.0,215700,344232500,156,117.0,1585,6800,1580,7500,3138823600,3138823600,470823540,44700,9100,0,0,0
2024-10-03,MSTI,Mastersystem Infotama Tbk.,--M-1135000000I211------------,1600.0,0.0,1600.0,1565.0,1595.0,-5.0,502300,797401500,167,117.7,1600,7000,1595,3000,3138823600,3138823600,470823540,305300,74000,0,0,0
2024-10-02,MSTI,Mastersystem Infotama Tbk.,--M-1135000000I211------------,1600.0,0.0,1635.0,1580.0,1600.0,0.0,5020700,8047779500,586,118.1,1600,481000,1595,12200,3138823600,3138823600,470823540,66100,1483400,0,0,0
2024-10-01,MSTI,Mastersystem Infotama Tbk.,--M-1135000000I211------------,1580.0,0.0,1605.0,1575.0,1600.0,20.0,1111500,1773482500,258,118.1,1600,100,1590,5600,3138823600,3138823600,470823540,225800,138600,0,0,0
2024-09-30,MSTI,Mastersystem Infotama Tbk.,--M-1135000000I211------------,1600.0,0.0,1600.0,1570.0,1580.0,-20.0,449700,711267500,301,116.6,1585,29200,1580,52800,3138823600,3138823600,470823540,175800,1400,0,0,0
2024-09-27,MSTI,Mastersystem Infotama Tbk.,--M-1135000000I211------------,1530.0,0.0,1610.0,1525.0,1600.0,70.0,776900,1222895000,508,118.1,1600,1800,1595,4600,3138823600,3138823600,470823540,47800,31700,0,0,0
2024-09-26,MSTI,Mastersystem Infotama Tbk.,--M-1135000000I211------------,1500.0,0.0,1530.0,1485.0,1530.0,30.0,999200,1504699500,882,112.9,1535,3400,1510,6600,3138823600,3138823600,470823540,17600,225300,0,0,0
2024-09-25,MSTI,Mastersystem Infotama Tbk.,--M-1135000000I211------------,1525.0,0.0,1540.0,1500.0,1500.0,-25.0,3135000,4772883000,703,110.7,1510,100,1500,160000,3138823600,3138823600,470823540,9300,488300,0,0,0
2024-09-24,MSTI,Mastersystem Infotama Tbk.,--M-1135000000I211------------,1550.0,0.0,1565.0,1525.0,1525.0,-25.0,3630400,5566910000,684,112.5,1540,100,1525,600,3138823600,3138823600,470823540,79400,182000,0,0,0
2024-09-23,MSTI,Mastersystem Infotama Tbk.,--M-1135000000I211------------,1550.0,0.0,1560.0,1500.0,1550.0,0.0,3185400,4908336500,1434,114.4,1550,1104800,1545,400,3138823600,3138823600,470823540,180400,222200,0,0,0
2024-09-20,MSTI,Mastersystem Infotama Tbk.,--M-1135000000I211------------,1595.0,0.0,1595.0,1540.0,1550.0,-45.0,2059500,3215310500,971,114.4,1555,800,1545,1600,3138823600,3138823600,470823540,508000,58500,0,0,0
2024-09-19,MSTI,Mastersystem Infotama Tbk.,--M-1135000000I211------------,1595.0,0.0,1600.0,1585.0,1595.0,0.0,658700,1048049000,459,117.7,1595,800,1590,200,3138823600,3138823600,470823540,96000,400,0,0,0
2024-09-18,MSTI,Mastersystem Infotama Tbk.,--M-1135000000I211------------,1600.0,0.0,1610.0,1590.0,1595.0,-5.0,593100,949045500,294,117.7,1605,1500,1595,600,3138823600,3138823600,470823540,100100,24200,0,0,0
2024-09-17,MSTI,Mastersystem Infotama Tbk.,--M-1135000000I211------------,1610.0,0.0,1615.0,1595.0,1600.0,-10.0,610700,979297000,319,118.1,1600,2200,1595,24900,3138823600,3138823600,470823540,36100,30100,0,0,0
2024-09-13,MSTI,Mastersystem Infotama Tbk.,--M-1135000000I211------------,1615.0,0.0,1615.0,1605.0,1610.0,-5.0,876400,1410862000,439,118.8,1615,300,1605,34200,3138823600,3138823600,470823540,16900,183900,0,0,0
2024-09-12,MSTI,Mastersystem Infotama Tbk.,--M-1135000000I211------------,1640.0,0.0,1645.0,1605.0,1615.0,-25.0,341300,551297000,311,119.2,1635,11300,1615,1000,3138823600,3138823600,470823540,122000,1000,0,0,0
2024-09-11,MSTI,Mastersystem Infotama Tbk.,--M-1135000000I211------------,1630.0,0.0,1645.0,1620.0,1640.0,10.0,513600,841719500,214,121.0,1645,24700,1640,9900,3138823600,3138823600,470823540,276100,900,0,0,0
2024-09-10,MSTI,Mastersystem Infotama Tbk.,--M-1135000000I211------------,1630.0,0.0,1650.0,1620.0,1630.0,0.0,579600,953017000,369,120.3,1630,500,1625,13300,3138823600,3138823600,470823540,204300,32700,0,0,0
2024-09-09,MSTI,Mastersystem Infotama Tbk.,--M-1135000000I211------------,1625.0,0.0,1650.0,1610.0,1630.0,5.0,560600,914849000,463,120.3,1635,400,1615,12900,3138823600,3138823600,470823540,172300,20600,0,0,0
2024-09-06,MSTI,Mastersystem Infotama Tbk.,--M-1135000000I211------------,1595.0,0.0,1645.0,1600.0,1625.0,30.0,972700,1581673000,386,119.9,1640,4600,1620,3000,3138823600,3138823600,470823540,118700,271600,0,0,0
2024-09-05,MSTI,Mastersystem Infotama Tbk.,--M-1135000000I211------------,1640.0,0.0,1640.0,1580.0,1595.0,-45.0,1094500,1754486000,626,117.7,1610,700,1595,200,3138823600,3138823600,470823540,30900,161800,0,0,0
2024-09-04,MSTI,Mastersystem Infotama Tbk.,--M-1135000000I211------------,1640.0,0.0,1665.0,1620.0,1640.0,0.0,723300,1186549000,328,121.0,1645,3000,1630,500,3138823600,3138823600,470823540,229100,85100,108400,177776000,1
2024-09-03,MSTI,Mastersystem Infotama Tbk.,--M-1135000000I211------------,1635.0,0.0,1680.0,1625.0,1640.0,5.0,1448600,2389322000,482,121.0,1640,1500,1635,52600,3138823600,3138823600,470823540,242900,289600,729200,1195888000,1
2024-09-02,MSTI,Mastersystem Infotama Tbk.,--M-1135000000I211------------,1600.0,0.0,1705.0,1595.0,1635.0,35.0,3189000,5295824000,761,120.7,1635,6300,1630,52300,3138823600,3138823600,470823540,763000,420600,765200,1251102000,1
2024-08-30,MSTI,Mastersystem Infotama Tbk.,--M-1135000000I211------------,1650.0,0.0,1650.0,1590.0,1600.0,-50.0,1408800,2263176000,922,118.1,1600,20800,1595,8600,3138823600,3138823600,470823540,16000,304100,0,0,0
2024-08-29,MSTI,Mastersystem Infotama Tbk.,--M-1135000000I211------------,1690.0,0.0,1690.0,1610.0,1650.0,-40.0,1224300,2015068000,880,121.8,1650,1004800,1630,700,3138823600,3138823600,470823540,384400,70500,400000,653600000,1
2024-08-28,MSTI,Mastersystem Infotama Tbk.,--M-1135000000I211------------,1670.0,0.0,1700.0,1665.0,1690.0,20.0,1721400,2906049500,454,124.7,1690,9800,1685,700,3138823600,3138823600,470823540,1039500,173200,0,0,0
2024-08-27,MSTI,Mastersystem Infotama Tbk.,--M-1135000000I211------------,1670.0,0.0,1690.0,1655.0,1670.0,0.0,471600,785424500,351,123.2,1670,100,1660,200,3138823600,3138823600,470823540,221900,189900,0,0,0
2024-08-26,MSTI,Mastersystem Infotama Tbk.,--M-1135000000I211------------,1645.0,0.0,1675.0,1620.0,1670.0,25.0,385800,638111500,386,123.2,1670,26300,1665,3900,3138823600,3138823600,470823540,159500,110000,0,0,0
2024-08-23,MSTI,Mastersystem Infotama Tbk.,--M-1135000000I211------------,1655.0,0.0,1680.0,1640.0,1645.0,-10.0,593800,980752500,361,121.4,1660,500,1645,10300,3138823600,3138823600,470823540,147700,161600,0,0,0
2024-08-22,MSTI,Mastersystem Infotama Tbk.,--M-1135000000I211------------,1675.0,0.0,1710.0,1640.0,1655.0,-20.0,655700,1092705500,1699,122.1,1665,10000,1655,400,3138823600,3138823600,470823540,95200,12200,0,0,0
2024-08-21,MSTI,Mastersystem Infotama Tbk.,--M-1135000000I211------------,1685.0,0.0,1690.0,1655.0,1675.0,-10.0,398800,665133500,381,123.6,1680,3500,1675,100,3138823600,3138823600,470823540,83000,57000,0,0,0
2024-08-20,MSTI,Mastersystem Infotama Tbk.,--M-1135000000I211------------,1710.0,0.0,1730.0,1670.0,1685.0,-25.0,650300,1098642500,384,124.4,1690,500,1685,22500,3138823600,3138823600,470823540,72300,210100,0,0,0
2024-08-19,MSTI,Mastersystem Infotama Tbk.,--M-1135000000I211------------,1730.0,0.0,1740.0,1665.0,1710.0,-20.0,2684800,4561970000,1094,126.2,1710,6800,1705,100,3138823600,3138823600,470823540,302200,442300,0,0,0
2024-08-16,MSTI,Mastersystem Infotama Tbk.,--M-1135000000I211------------,1655.0,0.0,1755.0,1650.0,1730.0,75.0,2385000,4098282500,1173,127.7,1730,6600,1720,300,3138823600,3138823600,470823540,119800,704900,0,0,0
2024-08-15,MSTI,Mastersystem Infotama Tbk.,--M-1135000000I211------------,1695.0,0.0,1725.0,1615.0,1660.0,-35.0,2397800,3973359000,1608,122.5,1665,2300,1655,500,3138823600,3138823600,470823540,159700,289600,400,676000,1
2024-08-14,MSTI,Mastersystem Infotama Tbk.,--M-1135000000I211------------,1695.0,0.0,1725.0,1615.0,1660.0,-35.0,2397800,3973359000,1608,122.5,1665,2300,1655,500,3138823600,3138823600,470823540,159700,289600,400,676000,1
2024-08-13,MSTI,Mastersystem Infotama Tbk.,--M-1135000000I211------------,1600.0,0.0,1925.0,1590.0,1695.0,95.0,4882700,8568521000,2838,125.1,1695,60000,1690,6700,3138823600,3138823600,470823540,476400,537100,0,0,0
2024-08-12,MSTI,Mastersystem Infotama Tbk.,--M-1135000000I211------------,1550.0,0.0,1640.0,1540.0,1600.0,50.0,1187900,1891313000,735,118.1,1605,16500,1600,22000,3138823600,3138823600,470823540,59100,253800,0,0,0
2024-08-09,MSTI,Mastersystem Infotama Tbk.,--M-1135000000I211------------,1530.0,0.0,1565.0,1540.0,1550.0,20.0,656400,1020095000,392,114.4,1555,100,1550,45000,3138823600,3138823600,470823540,75100,155800,0,0,0
2024-08-08,MSTI,Mastersystem Infotama Tbk.,--M-1135000000I211------------,1490.0,0.0,1595.0,1490.0,1530.0,40.0,3099400,4789967500,2098,112.9,1545,200,1530,7100,3138823600,3138823600,470823540,214900,259800,0,0,0
2024-08-07,MSTI,Mastersystem Infotama Tbk.,--M-1135000000I211------------,1490.0,0.0,1575.0,1470.0,1490.0,0.0,270000,402947000,327,110.0,1490,4900,1485,500,3138823600,3138823600,470823540,100,27400,0,0,0
2024-08-06,MSTI,Mastersystem Infotama Tbk.,--M-1135000000I211------------,1500.0,0.0,1510.0,1470.0,1490.0,-10.0,1077700,1606295500,976,110.0,1500,25200,1480,1000,3138823600,3138823600,470823540,74400,147900,0,0,0
2024-08-05,MSTI,Mastersystem Infotama Tbk.,--M-1135000000I211------------,1535.0,0.0,1535.0,1500.0,1500.0,-35.0,1211900,1848253500,1945,110.7,1505,100,1500,100,3138823600,3138823600,470823540,93400,83600,2394900,3652222500,1
2024-08-02,MSTI,Mastersystem Infotama Tbk.,--M-1130000000I211------------,1535.0,0.0,1585.0,1500.0,1535.0,0.0,1924700,2965695000,3149,113.3,1550,100100,1535,127000,3138823600,3138823600,470823540,64900,115400,0,0,0
2024-08-01,MSTI,Mastersystem Infotama Tbk.,--M-1130000000I211------------,1495.0,0.0,1545.0,1470.0,1535.0,40.0,1184800,1779091000,1951,113.3,1535,175300,1515,800,3138823600,3138823600,470823540,26000,201700,0,0,0
2024-07-31,MSTI,Mastersystem Infotama Tbk.,--M-1130000000I211------------,1560.0,0.0,1560.0,1500.0,1515.0,-45.0,2891600,4386542000,1779,111.8,1515,156200,1510,500,3138823600,3138823600,470823540,126100,15400,0,0,0
2024-07-30,MSTI,Mastersystem Infotama Tbk.,--M-1130000000I211------------,1560.0,0.0,1560.0,1500.0,1515.0,-45.0,2891600,4386542000,1779,111.8,1515,156200,1510,500,3138823600,3138823600,470823540,126100,15400,0,0,0
2024-07-29,MSTI,Mastersystem Infotama Tbk.,--M-1130000000I211------------,1570.0,0.0,1585.0,1555.0,1560.0,-10.0,269500,420535000,150,115.1,1570,35300,1555,31700,3138823600,3138823600,470823540,3200,5200,0,0,0
2024-07-26,MSTI,Mastersystem Infotama Tbk.,--M-1130000000I211------------,1580.0,0.0,1585.0,1570.0,1570.0,-10.0,376400,593849000,225,115.9,1570,1100,1565,16700,3138823600,3138823600,470823540,45500,166500,0,0,0
2024-07-25,MSTI,Mastersystem Infotama Tbk.,--M-1130000000I211------------,1560.0,0.0,1580.0,1550.0,1580.0,20.0,225800,354915500,147,116.6,1585,11700,1580,7900,3138823600,3138823600,470823540,12800,182800,0,0,0
2024-07-24,MSTI,Mastersystem Infotama Tbk.,--M-1130000000I211------------,1560.0,0.0,1575.0,1545.0,1560.0,0.0,343600,535176500,182,115.1,1565,10700,1560,13200,3138823600,3138823600,470823540,44500,13200,0,0,0
2024-07-23,MSTI,Mastersystem Infotama Tbk.,--M-1130000000I211------------,1575.0,0.0,1585.0,1560.0,1560.0,-15.0,264200,413666000,123,115.1,1585,2500,1555,38200,3138823600,3138823600,470823540,1000,55900,0,0,0
2024-07-22,MSTI,Mastersystem Infotama Tbk.,--M-1130000000I211------------,1560.0,0.0,1585.0,1530.0,1575.0,15.0,1231300,1930231500,291,116.2,1580,37600,1565,16200,3138823600,3138823600,470823540,318400,688100,0,0,0
2024-07-19,MSTI,Mastersystem Infotama Tbk.,--M-1130000000I211------------,1560.0,0.0,1570.0,1545.0,1560.0,0.0,1251400,1949038000,207,115.1,1570,200,1560,50500,3138823600,3138823600,470823540,1800,86600,0,0,0
2024-07-18,MSTI,Mastersystem Infotama Tbk.,--M-1130000000I211------------,1570.0,0.0,1570.0,1555.0,1560.0,-10.0,1144700,1788475500,291,115.1,1565,1200,1555,12600,3138823600,3138823600,470823540,119300,32800,0,0,0
2024-07-17,MSTI,Mastersystem Infotama Tbk.,--M-1130000000I211------------,1565.0,0.0,1605.0,1555.0,1570.0,5.0,879800,1392167500,333,115.9,1580,1000,1565,65800,3138823600,3138823600,470823540,17300,88200,0,0,0
2024-07-16,MSTI,Mastersystem Infotama Tbk.,--M-1130000000I211------------,1585.0,0.0,1610.0,1560.0,1565.0,-20.0,784000,1234308000,429,115.5,1565,200,1560,35300,3138823600,3138823600,470823540,43600,148200,0,0,0
2024-07-12,MSTI,Mastersystem Infotama Tbk.,--M-1130000000I211------------,1420.0,0.0,1545.0,1420.0,1470.0,50.0,920400,1373616500,507,108.5,1485,200,1470,11900,3138823600,3138823600,470823540,145900,131500,0,0,0
2024-07-11,MSTI,Mastersystem Infotama Tbk.,--M-1130000000I211------------,1435.0,0.0,1445.0,1415.0,1420.0,-15.0,2277400,3256040000,191,104.8,1445,7200,1420,200,3138823600,3138823600,470823540,294400,22500,0,0,0
2024-07-10,MSTI,Mastersystem Infotama Tbk.,--M-1130000000I211------------,1425.0,0.0,1465.0,1420.0,1435.0,10.0,1013000,1458935500,585,105.9,1450,35900,1435,4800,3138823600,3138823600,470823540,868600,29100,0,0,0
2024-07-09,MSTI,Mastersystem Infotama Tbk.,--M-1130000000I211------------,1440.0,0.0,1440.0,1400.0,1425.0,-15.0,1256500,1791034500,441,105.2,1425,202300,1420,1300,3138823600,3138823600,470823540,470400,27800,20700,29323700,3
2024-07-08,MSTI,Mastersystem Infotama Tbk.,--M-1130000000I211------------,1390.0,0.0,1440.0,1390.0,1440.0,50.0,618000,872392000,505,106.3,1440,3100,1410,500,3138823600,3138823600,470823540,82200,126800,0,0,0
2024-07-05,MSTI,Mastersystem Infotama Tbk.,XDM-1130000000I211------------,1400.0,0.0,1430.0,1370.0,1390.0,-10.0,3009300,4168864500,1156,102.6,1390,329400,1380,200,3138823600,3138823600,470823540,2632100,0,0,0,0
2024-07-04,MSTI,Mastersystem Infotama Tbk.,XDM-1130000000I211------------,1445.0,0.0,1475.0,1445.0,1450.0,5.0,364300,529661000,276,107.0,1455,800,1450,3500,3138823600,3138823600,470823540,142900,99800,0,0,0
2024-07-03,MSTI,Mastersystem Infotama Tbk.,XDM-1130000000I211------------,1445.0,0.0,1475.0,1445.0,1450.0,5.0,364300,529661000,276,107.0,1455,800,1450,3500,3138823600,3138823600,470823540,142900,99800,0,0,0
2024-07-02,MSTI,Mastersystem Infotama Tbk.,XDM-1130000000I211------------,1445.0,0.0,1450.0,1435.0,1445.0,0.0,602900,868591500,110,106.6,1450,200,1445,100,3138823600,3138823600,470823540,419500,158100,0,0,0
2024-07-01,MSTI,Mastersystem Infotama Tbk.,XDM-1130000000I211------------,1445.0,0.0,1475.0,1435.0,1445.0,0.0,1647200,2377565500,1139,106.6,1450,3500,1440,1000,3138823600,3138823600,470823540,930300,134100,0,0,0
2024-06-28,MSTI,Mastersystem Infotama Tbk.,XDM-1130000000I211------------,1465.0,0.0,1480.0,1465.0,1470.0,5.0,95500,140508500,146,108.5,1475,179700,1470,208100,3138823600,3138823600,470823540,24200,0,600,881400,1
2024-06-27,MSTI,Mastersystem Infotama Tbk.,XDM-1130000000I211------------,1470.0,0.0,1475.0,1460.0,1465.0,-5.0,739600,1086728000,198,108.1,1470,550600,1465,2200,3138823600,3138823600,470823540,53600,0,0,0,0
2024-06-26,MSTI,Mastersystem Infotama Tbk.,XDM-1130000000I211------------,1465.0,0.0,1490.0,1465.0,1470.0,5.0,103400,152518500,165,108.5,1480,22500,1470,100,3138823600,3138823600,470823540,37300,0,0,0,0
2024-06-25,MSTI,Mastersystem Infotama Tbk.,XDM-1130000000I211------------,1465.0,0.0,1490.0,1465.0,1470.0,5.0,103400,152518500,165,108.5,1480,22500,1470,100,3138823600,3138823600,470823540,37300,0,0,0,0
2024-06-24,MSTI,Mastersystem Infotama Tbk.,XDM-1130000000I211------------,1500.0,0.0,1500.0,1465.0,1465.0,-35.0,208600,308740000,290,108.1,1480,700,1465,11900,3138823600,3138823600,470823540,137900,0,0,0,0
2024-06-21,MSTI,Mastersystem Infotama Tbk.,XDM-1130000000I211------------,1500.0,0.0,1550.0,1480.0,1500.0,0.0,1657100,2491898000,755,110.7,1500,1200,1495,1700,3138823600,3138823600,470823540,192800,216500,0,0,0
2024-06-20,MSTI,Mastersystem Infotama Tbk.,XDM-1130000000I211------------,1450.0,0.0,1525.0,1420.0,1500.0,50.0,2939600,4390062500,654,110.7,1510,188600,1490,100,3138823600,3138823600,470823540,328700,286800,50000,74200000,1
2024-06-19,MSTI,Mastersystem Infotama Tbk.,XDM-1130000000I211------------,1460.0,0.0,1470.0,1450.0,1450.0,-10.0,1454600,2110362000,268,107.0,1450,212000,1440,3200,3138823600,3138823600,470823540,115600,7800,0,0,0
2024-06-14,MSTI,Mastersystem Infotama Tbk.,XDM-1130000000I211------------,1470.0,0.0,1470.0,1450.0,1460.0,-10.0,102600,149903000,168,107.7,1465,9600,1455,57700,3138823600,3138823600,470823540,12400,0,0,0,0
2024-06-13,MSTI,Mastersystem Infotama Tbk.,XDM-1130000000I211------------,1460.0,0.0,1485.0,1455.0,1470.0,10.0,261000,382529500,165,108.5,1470,400,1465,100,3138823600,3138823600,470823540,82200,2500,0,0,0
2024-06-12,MSTI,Mastersystem Infotama Tbk.,XDM-1130000000I211------------,1470.0,0.0,1485.0,1450.0,1460.0,-10.0,397500,584820500,451,107.7,1465,7700,1460,23700,3138823600,3138823600,470823540,133700,19900,0,0,0
2024-06-11,MSTI,Mastersystem Infotama Tbk.,XDM-1130000000I211------------,1480.0,0.0,1500.0,1465.0,1470.0,-10.0,1590200,2341053500,283,108.5,1480,2500,1470,10300,3138823600,3138823600,470823540,7100,82600,0,0,0
2024-06-10,MSTI,Mastersystem Infotama Tbk.,XDM-1130000000I211------------,1500.0,0.0,1535.0,1470.0,1480.0,-20.0,839200,1254794000,666,109.2,1500,2771100,1480,24000,3138823600,3138823600,470823540,311400,38300,0,0,0
2024-06-07,MSTI,Mastersystem Infotama Tbk.,--M-1130000000I211------------,1540.0,0.0,1565.0,1495.0,1500.0,-40.0,1457400,2199369000,949,110.7,1505,12000,1500,105800,3138823600,3138823600,470823540,72200,172500,0,0,0
2024-06-06,MSTI,Mastersystem Infotama Tbk.,--M-1130000000I211------------,1535.0,0.0,1555.0,1465.0,1540.0,5.0,3854800,5809312500,1602,113.7,1540,663700,1535,5000,3138823600,3138823600,470823540,33300,518000,0,0,0
2024-06-05,MSTI,Mastersystem Infotama Tbk.,CDM-1130000000I211------------,1530.0,0.0,1545.0,1505.0,1535.0,5.0,2311100,3554491500,574,113.3,1540,268400,1535,3200,3138823600,3138823600,470823540,2000,398600,0,0,0
2024-06-04,MSTI,Mastersystem Infotama Tbk.,CDM-1130000000I211------------,1540.0,0.0,1550.0,1500.0,1530.0,-10.0,1334200,2054231500,411,112.9,1540,290800,1530,100,3138823600,3138823600,470823540,11700,160400,0,0,0
2024-06-03,MSTI,Mastersystem Infotama Tbk.,CDM-1130000000I211------------,1530.0,0.0,1555.0,1530.0,1540.0,10.0,1070000,1651128000,260,113.7,1545,281800,1540,32600,3138823600,3138823600,470823540,2100,140300,0,0,0
2024-05-31,MSTI,Mastersystem Infotama Tbk.,--M-1130000000I211------------,1560.0,0.0,1575.0,1520.0,1530.0,-30.0,1906700,2921434500,616,112.9,1545,53000,1530,5300,3138823600,3138823600,470823540,50100,32600,1624100,2483248900,37
2024-05-30,MSTI,Mastersystem Infotama Tbk.,--M-1130000000I211------------,1530.0,0.0,1560.0,1505.0,1560.0,30.0,1092200,1682721500,1073,115.1,1565,500,1560,20000,3138823600,3138823600,470823540,568200,127400,1500000,2305500000,14
2024-05-29,MSTI,Mastersystem Infotama Tbk.,--M-1130000000I211------------,1500.0,0.0,1650.0,1500.0,1530.0,30.0,5345500,8367843000,1693,112.9,1575,2400,1530,600300,3138823600,3138823600,470823540,1825300,886500,4630000,7060750000,17
2024-05-28,MSTI,Mastersystem Infotama Tbk.,--M-1130000000I211------------,1530.0,0.0,1545.0,1495.0,1500.0,-30.0,2513600,3811468500,844,110.7,1525,24600,1500,12000,3138823600,3138823600,470823540,1008800,532100,0,0,0
2024-05-27,MSTI,Mastersystem Infotama Tbk.,--M-1130000000I211------------,1425.0,0.0,1590.0,1475.0,1530.0,105.0,2928100,4538228500,1424,112.9,1530,1063000,1525,2000,3138823600,3138823600,470823540,911500,501400,2000000,3094000000,1
2024-05-22,MSTI,Mastersystem Infotama Tbk.,--M-1130000000I211------------,1425.0,0.0,1440.0,1400.0,1425.0,0.0,525500,742179500,142,105.2,1425,1400,1410,400,3138823600,3138823600,470823540,5900,9700,0,0,0
2024-05-21,MSTI,Mastersystem Infotama Tbk.,--M-1130000000I211------------,1440.0,0.0,1470.0,1405.0,1425.0,-15.0,942400,1360280000,402,105.2,1460,300,1425,2100,3138823600,3138823600,470823540,413700,13900,0,0,0
2024-05-20,MSTI,Mastersystem Infotama Tbk.,--M-1130000000I211------------,1500.0,0.0,1500.0,1440.0,1440.0,-60.0,2083300,3031176500,663,106.3,1455,300,1440,3800,3138823600,3138823600,470823540,1122900,12100,0,0,0
2024-05-17,MSTI,Mastersystem Infotama Tbk.,--M-1130000000I211------------,1500.0,0.0,1500.0,1470.0,1500.0,0.0,2097700,3138061500,1229,110.7,1500,295800,1490,200,3138823600,3138823600,470823540,1414800,1665500,0,0,0
2024-05-16,MSTI,Mastersystem Infotama Tbk.,--M-1130000000I211------------,1460.0,0.0,1515.0,1425.0,1500.0,40.0,1006500,1505480000,728,110.7,1500,600,1490,200,3138823600,3138823600,470823540,329800,656100,0,0,0
2024-05-15,MSTI,Mastersystem Infotama Tbk.,--M-1130000000I211------------,1500.0,0.0,1530.0,1460.0,1460.0,-40.0,1187900,1785956000,515,107.7,1460,5000,1455,1100,3138823600,3138823600,470823540,832100,612100,0,0,0
2024-05-14,MSTI,Mastersystem Infotama Tbk.,--M-1130000000I211------------,1500.0,0.0,1515.0,1475.0,1500.0,0.0,701900,1052472500,239,110.7,1505,4200,1500,36500,3138823600,3138823600,470823540,107200,253000,0,0,0
2024-05-13,MSTI,Mastersystem Infotama Tbk.,--M-1130000000I211------------,1515.0,0.0,1530.0,1500.0,1500.0,-15.0,153700,231207500,155,110.7,1510,6100,1500,100200,3138823600,3138823600,470823540,0,41700,0,0,0
2024-05-08,MSTI,Mastersystem Infotama Tbk.,--M-1130000000I211------------,1510.0,0.0,1520.0,1495.0,1515.0,5.0,428800,643992500,159,111.8,1520,9500,1515,7900,3138823600,3138823600,470823540,0,232100,0,0,0
2024-05-07,MSTI,Mastersystem Infotama Tbk.,--M-1130000000I211------------,1490.0,0.0,1550.0,1490.0,1510.0,20.0,1505500,2286294500,353,111.4,1515,100,1510,400,3138823600,3138823600,470823540,166500,430100,0,0,0
2024-05-06,MSTI,Mastersystem Infotama Tbk.,--M-1130000000I211------------,1505.0,0.0,1505.0,1480.0,1490.0,-15.0,294800,440041000,200,110.0,1495,26000,1490,4100,3138823600,3138823600,470823540,10600,236500,0,0,0
2024-05-03,MSTI,Mastersystem Infotama Tbk.,--M-1130000000I211------------,1480.0,0.0,1510.0,1460.0,1505.0,25.0,1672900,2510978500,550,111.1,1505,2300,1490,3300,3138823600,3138823600,470823540,173900,730300,0,0,0
2024-05-02,MSTI,Mastersystem Infotama Tbk.,--M-1130000000I211------------,1490.0,0.0,1550.0,1430.0,1480.0,-10.0,972700,1423806500,260,109.2,1490,500,1480,7700,3138823600,3138823600,470823540,0,83500,0,0,0
2024-04-30,MSTI,Mastersystem Infotama Tbk.,--M-1130000000I211------------,1450.0,0.0,1570.0,1470.0,1490.0,40.0,3077800,4719365000,807,110.0,1495,200,1490,138700,3138823600,3138823600,470823540,200800,290200,0,0,0
2024-04-29,MSTI,Mastersystem Infotama Tbk.,--M-1130000000I211------------,1445.0,0.0,1460.0,1410.0,1450.0,5.0,468600,677963500,257,107.0,1450,1000,1435,300,3138823600,3138823600,470823540,50500,46200,0,0,0
2024-04-26,MSTI,Mastersystem Infotama Tbk.,--M-1130000000I211------------,1450.0,0.0,1490.0,1435.0,1445.0,-5.0,227900,330515500,419,106.6,1450,40000,1435,4000,3138823600,3138823600,470823540,13000,0,0,0,0
2024-04-25,MSTI,Mastersystem Infotama Tbk.,--M-1130000000I211------------,1455.0,0.0,1455.0,1430.0,1450.0,-5.0,139500,201938000,132,107.0,1455,20800,1450,260900,3138823600,3138823600,470823540,13100,0,0,0,0
2024-04-24,MSTI,Mastersystem Infotama Tbk.,--M-1130000000I211------------,1450.0,0.0,1515.0,1450.0,1455.0,5.0,371100,543012000,727,107.4,1460,5000,1455,100,3138823600,3138823600,470823540,45000,14300,0,0,0
2024-04-23,MSTI,Mastersystem Infotama Tbk.,--M-1130000000I211------------,1380.0,0.0,1470.0,1360.0,1450.0,70.0,325200,463666000,301,107.0,1455,16900,1410,300,3138823600,3138823600,470823540,49000,24000,0,0,0
2024-04-22,MSTI,Mastersystem Infotama Tbk.,--M-1130000000I211------------,1400.0,0.0,1415.0,1355.0,1380.0,-20.0,362900,502017000,310,101.8,1395,3500,1380,1800,3138823600,3138823600,470823540,130500,165800,67184700,93386733000,81
2024-04-19,MSTI,Mastersystem Infotama Tbk.,--M-1130000000I211------------,1420.0,0.0,1435.0,1355.0,1400.0,-20.0,656800,921345500,293,103.3,1415,100,1400,200,3138823600,3138823600,470823540,42600,143400,21967800,30535242000,3
2024-04-18,MSTI,Mastersystem Infotama Tbk.,--M-1130000000I211------------,1445.0,0.0,1455.0,1400.0,1420.0,-25.0,203400,291302500,190,104.8,1430,300,1420,37600,3138823600,3138823600,470823540,14300,21700,0,0,0
2024-04-17,MSTI,Mastersystem Infotama Tbk.,--M-1130000000I211------------,1505.0,0.0,1550.0,1395.0,1445.0,-60.0,669700,969532000,496,106.6,1445,1800,1435,7200,3138823600,3138823600,470823540,7500,128100,0,0,0
2024-04-16,MSTI,Mastersystem Infotama Tbk.,--M-1130000000I211------------,1520.0,0.0,1520.0,1415.0,1505.0,-15.0,678800,1002714000,472,111.1,1505,10600,1490,1100,3138823600,3138823600,470823540,44400,44000,0,0,0
2024-04-05,MSTI,Mastersystem Infotama Tbk.,--M-1130000000I211------------,1500.0,0.0,1570.0,1465.0,1520.0,20.0,2365700,3615547500,1000,112.2,1520,59500,1505,7900,3138823600,3138823600,470823540,179500,147000,0,0,0
2024-04-04,MSTI,Mastersystem Infotama Tbk.,--M-1130000000I211------------,1390.0,0.0,1500.0,1375.0,1500.0,110.0,3307700,4793243500,912,110.7,1500,8700,1495,21300,3138823600,3138823600,470823540,109300,347700,0,0,0
2024-04-03,MSTI,Mastersystem Infotama Tbk.,--M-1130000000I211------------,1400.0,0.0,1410.0,1385.0,1390.0,-10.0,565300,786732500,232,102.6,1395,900,1390,7500,3138823600,3138823600,470823540,0,270000,0,0,0
2024-04-02,MSTI,Mastersystem Infotama Tbk.,--M-1130000000I211------------,1415.0,0.0,1415.0,1380.0,1400.0,-15.0,563800,789300500,298,103.3,1405,117200,1395,2600,3138823600,3138823600,470823540,121300,116300,130000,181660000,5
2024-04-01,MSTI,Mastersystem Infotama Tbk.,--M-1130000000I211------------,1420.0,0.0,1480.0,1385.0,1415.0,-5.0,1151600,1642830000,789,104.4,1420,4200,1415,33700,3138823600,3138823600,470823540,56900,127700,0,0,0
2024-03-28,MSTI,Mastersystem Infotama Tbk.,--M-1130000000I211------------,1435.0,0.0,1520.0,1370.0,1420.0,-15.0,5435000,7836622500,2000,104.8,1420,17400,1410,200,3138823600,3138823600,470823540,404300,1103300,0,0,0
2024-03-27,MSTI,Mastersystem Infotama Tbk.,--M-1130000000I211------------,1300.0,0.0,1440.0,1320.0,1435.0,135.0,3183500,4407368000,1220,105.9,1440,122700,1435,246200,3138823600,3138823600,470823540,62300,1373400,0,0,0
2024-03-26,MSTI,Mastersystem Infotama Tbk.,--M-1130000000I211------------,1230.0,0.0,1315.0,1235.0,1300.0,70.0,1006900,1294989500,439,95.9,1305,100,1300,800,3138823600,3138823600,470823540,60500,263900,82500,99165000,1
2024-03-22,MSTI,Mastersystem Infotama Tbk.,--M-1130000000I211------------,1180.0,0.0,1280.0,1180.0,1195.0,15.0,1729400,2112301000,702,88.2,1195,6200,1190,1000,3138823600,3138823600,470823540,123500,140100,0,0,0
2024-03-21,MSTI,Mastersystem Infotama Tbk.,--M-1130000000I211------------,1085.0,0.0,1290.0,1095.0,1180.0,95.0,2263700,2711927000,1030,87.1,1200,100,1180,2800,3138823600,3138823600,470823540,100600,158000,0,0,0
2024-03-20,MSTI,Mastersystem Infotama Tbk.,--M-1130000000I211------------,1225.0,0.0,1225.0,1085.0,1085.0,-140.0,1240500,1437308000,823,80.1,1165,21700,1085,134200,3138823600,3138823600,470823540,93300,24500,0,0,0
2024-03-19,MSTI,Mastersystem Infotama Tbk.,--M-1130000000I211------------,1280.0,0.0,1275.0,1225.0,1225.0,-55.0,1011700,1268735500,496,90.4,1225,21600,1205,500,3138823600,3138823600,470823540,10900,104900,0,0,0
2024-03-18,MSTI,Mastersystem Infotama Tbk.,--M-1130000000I211------------,1280.0,0.0,1280.0,1265.0,1280.0,0.0,328100,418257500,126,94.5,1285,13200,1275,25800,3138823600,3138823600,470823540,0,0,0,0,0
2024-03-15,MSTI,Mastersystem Infotama Tbk.,--M-1130000000I211------------,1280.0,0.0,1285.0,1255.0,1280.0,0.0,1039800,1320853000,396,94.5,1280,30200,1275,108100,3138823600,3138823600,470823540,9100,0,0,0,0
2024-03-14,MSTI,Mastersystem Infotama Tbk.,--M-1130000000I211------------,1285.0,0.0,1290.0,1260.0,1280.0,-5.0,1532100,1950814000,479,94.5,1280,21500,1275,27600,3138823600,3138823600,470823540,13500,0,0,0,0
2024-03-13,MSTI,Mastersystem Infotama Tbk.,--M-1130000000I211------------,1290.0,0.0,1290.0,1275.0,1285.0,-5.0,1180500,1512340000,281,94.8,1285,73800,1280,150000,3138823600,3138823600,470823540,22200,6100,0,0,0
2024-03-08,MSTI,Mastersystem Infotama Tbk.,--M-1130000000I211------------,1295.0,0.0,1300.0,1275.0,1290.0,-5.0,1734600,2225930500,359,95.2,1290,32300,1285,8500,3138823600,3138823600,470823540,71900,19200,0,0,0
2024-03-07,MSTI,Mastersystem Infotama Tbk.,--M-1130000000I211------------,1300.0,0.0,1300.0,1285.0,1295.0,-5.0,1159000,1494901000,310,95.6,1295,57800,1290,301700,3138823600,3138823600,470823540,42400,8800,0,0,0
2024-03-06,MSTI,Mastersystem Infotama Tbk.,--M-1130000000I211------------,1300.0,0.0,1300.0,1280.0,1300.0,0.0,1157700,1491056500,274,95.9,1300,92800,1295,270000,3138823600,3138823600,470823540,74500,32000,0,0,0
2024-03-05,MSTI,Mastersystem Infotama Tbk.,--M-1130000000I211------------,1300.0,0.0,1300.0,1285.0,1300.0,0.0,129400,167534500,95,95.9,1300,41400,1295,500,3138823600,3138823600,470823540,5600,9600,0,0,0
2024-03-04,MSTI,Mastersystem Infotama Tbk.,--M-1130000000I211------------,1310.0,0.0,1305.0,1285.0,1300.0,-10.0,612700,791983000,232,95.9,1300,27300,1295,5000,3138823600,3138823600,470823540,36300,10400,0,0,0
2024-03-01,MSTI,Mastersystem Infotama Tbk.,--M-1130000000I211------------,1335.0,0.0,1335.0,1300.0,1310.0,-25.0,1311400,1717525000,399,96.7,1310,400,1305,40600,3138823600,3138823600,470823540,180100,95600,0,0,0
2024-02-29,MSTI,Mastersystem Infotama Tbk.,--U-1130000000I211------------,1335.0,0.0,1335.0,1310.0,1335.0,0.0,1049700,1389351500,212,98.5,1335,58300,1310,32100,3138823600,3138823600,470823540,97100,0,0,0,0
2024-02-28,MSTI,Mastersystem Infotama Tbk.,--U-1130000000I211------------,1340.0,0.0,1340.0,1320.0,1335.0,-5.0,204400,271527000,118,98.5,1335,24900,1325,15800,3138823600,3138823600,470823540,0,25100,0,0,0
2024-02-27,MSTI,Mastersystem Infotama Tbk.,--U-1130000000I211------------,1340.0,0.0,1340.0,1320.0,1335.0,-5.0,204400,271527000,118,98.5,1335,24900,1325,15800,3138823600,3138823600,470823540,0,25100,0,0,0
2024-02-26,MSTI,Mastersystem Infotama Tbk.,--U-1130000000I211------------,1345.0,0.0,1350.0,1315.0,1340.0,-5.0,630000,836887000,193,98.9,1340,21500,1335,8300,3138823600,3138823600,470823540,14200,44200,0,0,0
2024-02-23,MSTI,Mastersystem Infotama Tbk.,--U-1130000000I211------------,1345.0,0.0,1345.0,1325.0,1345.0,0.0,449100,599191000,213,99.3,1345,7200,1340,19300,3138823600,3138823600,470823540,25400,9000,0,0,0
2024-02-22,MSTI,Mastersystem Infotama Tbk.,--U-1130000000I211------------,1350.0,0.0,1350.0,1310.0,1345.0,-5.0,697100,928807500,384,99.3,1345,8400,1340,37700,3138823600,3138823600,470823540,0,194100,0,0,0
2024-02-21,MSTI,Mastersystem Infotama Tbk.,--U-1130000000I211------------,1275.0,0.0,1370.0,1270.0,1350.0,75.0,1505000,1985028500,1270,99.6,1355,800,1350,21000,3138823600,3138823600,470823540,40900,68700,0,0,0
2024-02-20,MSTI,Mastersystem Infotama Tbk.,--U-1130000000I211------------,1290.0,0.0,1295.0,1265.0,1275.0,-15.0,1446200,1855620000,485,94.1,1280,2000,1275,113200,3138823600,3138823600,470823540,68200,85100,0,0,0
2024-02-19,MSTI,Mastersystem Infotama Tbk.,--U-1130000000I211------------,1300.0,0.0,1300.0,1270.0,1290.0,-10.0,1312400,1686542500,602,95.2,1290,20200,1285,1200,3138823600,3138823600,470823540,0,67000,0,0,0
2024-02-16,MSTI,Mastersystem Infotama Tbk.,--U-1130000000I211------------,1305.0,0.0,1300.0,1260.0,1300.0,-5.0,3631700,4644339000,758,95.9,1300,93300,1280,100,3138823600,3138823600,470823540,142700,18100,0,0,0
2024-02-15,MSTI,Mastersystem Infotama Tbk.,--U-1130000000I211------------,1320.0,0.0,1320.0,1295.0,1305.0,-15.0,671000,874133000,285,96.3,1305,17500,1300,3700,3138823600,3138823600,470823540,26600,11900,0,0,0
2024-02-13,MSTI,Mastersystem Infotama Tbk.,--U-1130000000I211------------,1300.0,0.0,1320.0,1280.0,1320.0,20.0,661300,857236000,411,97.4,1320,25500,1295,100200,3138823600,3138823600,470823540,18400,9500,0,0,0
2024-02-12,MSTI,Mastersystem Infotama Tbk.,--U-1130000000I211------------,1300.0,0.0,1320.0,1280.0,1320.0,20.0,661300,857236000,411,97.4,1320,25500,1295,100200,3138823600,3138823600,470823540,18400,9500,0,0,0
2024-02-07,MSTI,Mastersystem Infotama Tbk.,--U-1130000000I211------------,1300.0,0.0,1305.0,1280.0,1300.0,0.0,1740200,2254234000,431,95.9,1300,700,1295,79300,3138823600,3138823600,470823540,35200,1300,0,0,0
2024-02-06,MSTI,Mastersystem Infotama Tbk.,--U-1130000000I211------------,1320.0,0.0,1310.0,1285.0,1300.0,-20.0,1604400,2080441500,390,95.9,1300,32500,1295,47200,3138823600,3138823600,470823540,0,39800,0,0,0
2024-02-05,MSTI,Mastersystem Infotama Tbk.,--U-1130000000I211------------,1320.0,0.0,1320.0,1290.0,1320.0,0.0,4098400,5340588000,404,97.4,1320,46300,1305,12400,3138823600,3138823600,470823540,0,117200,0,0,0
2024-02-02,MSTI,Mastersystem Infotama Tbk.,--U-1130000000I211------------,1330.0,0.0,1325.0,1310.0,1320.0,-10.0,708400,932454000,235,97.4,1320,46100,1310,7200,3138823600,3138823600,470823540,85400,5300,0,0,0
2024-02-01,MSTI,Mastersystem Infotama Tbk.,--U-1130000000I211------------,1340.0,0.0,1335.0,1325.0,1330.0,-10.0,961400,1278814000,339,98.2,1330,1400,1325,247900,3138823600,3138823600,470823540,0,357000,0,0,0
2024-01-31,MSTI,Mastersystem Infotama Tbk.,--U-1130000000I211------------,1340.0,0.0,1335.0,1325.0,1330.0,-10.0,961400,1278814000,339,98.2,1330,1400,1325,247900,3138823600,3138823600,470823540,0,357000,0,0,0
2024-01-30,MSTI,Mastersystem Infotama Tbk.,--U-1130000000I211------------,1340.0,0.0,1340.0,1330.0,1340.0,0.0,1033100,1379712500,367,98.9,1340,46500,1330,258700,3138823600,3138823600,470823540,0,436300,0,0,0
2024-01-29,MSTI,Mastersystem Infotama Tbk.,--U-1130000000I211------------,1340.0,0.0,1340.0,1330.0,1340.0,0.0,205500,274349000,131,98.9,1340,85400,1335,13500,3138823600,3138823600,470823540,0,102200,0,0,0
2024-01-26,MSTI,Mastersystem Infotama Tbk.,--U-1130000000I211------------,1340.0,0.0,1340.0,1330.0,1340.0,0.0,356200,475444500,144,98.9,1340,259000,1335,700,3138823600,3138823600,470823540,300,60700,0,0,0
2024-01-25,MSTI,Mastersystem Infotama Tbk.,--U-1130000000I211------------,1340.0,0.0,1340.0,1330.0,1340.0,0.0,1260400,1679379000,303,98.9,1340,405300,1330,142900,3138823600,3138823600,470823540,77400,222900,0,0,0
2024-01-24,MSTI,Mastersystem Infotama Tbk.,--U-1130000000I211------------,1340.0,0.0,1340.0,1330.0,1340.0,0.0,449500,599942000,385,98.9,1340,138400,1330,100300,3138823600,3138823600,470823540,1800,59000,0,0,0
2024-01-23,MSTI,Mastersystem Infotama Tbk.,--U-1130000000I211------------,1340.0,0.0,1340.0,1325.0,1340.0,0.0,762000,1015150500,452,98.9,1340,140100,1330,101000,3138823600,3138823600,470823540,118800,82500,0,0,0
2024-01-22,MSTI,Mastersystem Infotama Tbk.,--U-1130000000I211------------,1340.0,0.0,1340.0,1320.0,1340.0,0.0,700300,930527000,310,98.9,1340,141200,1330,60300,3138823600,3138823600,470823540,251900,0,0,0,0
2024-01-19,MSTI,Mastersystem Infotama Tbk.,--U-1130000000I211------------,1345.0,0.0,1340.0,1330.0,1340.0,-5.0,732100,978850000,171,98.9,1340,68400,1330,38200,3138823600,3138823600,470823540,52800,0,0,0,0
2024-01-18,MSTI,Mastersystem Infotama Tbk.,--U-1130000000I211------------,1340.0,0.0,1345.0,1325.0,1345.0,5.0,463900,619292000,253,99.3,1345,61500,1335,800,3138823600,3138823600,470823540,99800,0,0,0,0
2024-01-17,MSTI,Mastersystem Infotama Tbk.,--U-1130000000I211------------,1345.0,0.0,1345.0,1330.0,1340.0,-5.0,358300,479102500,270,98.9,1340,9900,1335,100,3138823600,3138823600,470823540,66000,0,0,0,0
2024-01-16,MSTI,Mastersystem Infotama Tbk.,--U-1130000000I211------------,1345.0,0.0,1345.0,1335.0,1345.0,0.0,292100,391087000,217,99.3,1345,65500,1335,25100,3138823600,3138823600,470823540,88800,0,0,0,0
2024-01-15,MSTI,Mastersystem Infotama Tbk.,--U-1130000000I211------------,1350.0,0.0,1345.0,1330.0,1345.0,-5.0,729600,975420000,357,99.3,1345,109900,1335,1500,3138823600,3138823600,470823540,89000,50200,0,0,0
2024-01-12,MSTI,Mastersystem Infotama Tbk.,--U-1130000000I211------------,1345.0,0.0,1350.0,1335.0,1350.0,5.0,761400,1022716500,303,99.6,1350,53500,1340,100,3138823600,3138823600,470823540,118100,96400,0,0,0
2024-01-11,MSTI,Mastersystem Infotama Tbk.,--U-1130000000I211------------,1345.0,0.0,1355.0,1340.0,1345.0,0.0,348300,468808500,194,99.3,1350,239700,1345,229600,3138823600,3138823600,470823540,0,85400,0,0,0
2024-01-10,MSTI,Mastersystem Infotama Tbk.,--U-1130000000I211------------,1345.0,0.0,1360.0,1345.0,1345.0,0.0,776300,1050347500,268,99.3,1350,54600,1345,454400,3138823600,3138823600,470823540,9600,395900,0,0,0
2024-01-09,MSTI,Mastersystem Infotama Tbk.,--U-1130000000I211------------,1345.0,0.0,1350.0,1330.0,1345.0,0.0,1368500,1837130500,535,99.3,1350,10100,1340,559600,3138823600,3138823600,470823540,29100,125500,0,0,0
2024-01-08,MSTI,Mastersystem Infotama Tbk.,--U-1130000000I211------------,1345.0,0.0,1345.0,1325.0,1345.0,0.0,1138200,1522286500,450,99.3,1345,36400,1330,10800,3138823600,3138823600,470823540,114700,97700,0,0,0
2024-01-05,MSTI,Mastersystem Infotama Tbk.,--U-1130000000I211------------,1350.0,0.0,1345.0,1335.0,1345.0,-5.0,593500,795097500,235,99.3,1345,29300,1340,127900,3138823600,3138823600,470823540,30600,75600,0,0,0
2024-01-04,MSTI,Mastersystem Infotama Tbk.,--U-1130000000I211------------,1345.0,0.0,1355.0,1335.0,1350.0,5.0,400400,537762000,355,99.6,1350,18500,1345,115200,3138823600,3138823600,470823540,55700,30700,0,0,0
2024-01-03,MSTI,Mastersystem Infotama Tbk.,--U-1130000000I211------------,1350.0,0.0,1350.0,1330.0,1345.0,-5.0,443100,593943500,325,99.3,1350,95900,1345,161900,3138823600,3138823600,470823540,29000,42000,0,0,0
2024-01-02,MSTI,Mastersystem Infotama Tbk.,--U-1130000000I211------------,1400.0,0.0,1380.0,1350.0,1350.0,-50.0,484300,657203500,449,99.6,1350,57000,1345,13200,3138823600,3138823600,470823540,47400,37000,0,0,0
2023-12-29,MSTI,Mastersystem Infotama Tbk.,--U-1130000000I211------------,1350.0,0.0,1400.0,1340.0,1400.0,50.0,7978700,11141844500,669,103.3,1400,2271500,1345,100,3138823600,3138823600,470823600,312300,91300,0,0,0
2023-12-28,MSTI,Mastersystem Infotama Tbk.,--U-1130000000I211------------,1350.0,0.0,1350.0,1325.0,1350.0,0.0,1940300,2590313000,409,99.6,1350,557600,1345,381900,3138823600,3138823600,470823600,914400,87300,0,0,0
2023-12-27,MSTI,Mastersystem Infotama Tbk.,--U-1130000000I211------------,1350.0,0.0,1350.0,1330.0,1350.0,0.0,1328300,1782261000,419,99.6,1350,445000,1345,33100,3138823600,3138823600,470823600,41500,134800,0,0,0
2023-12-22,MSTI,Mastersystem Infotama Tbk.,--U-1130000000I211------------,1350.0,0.0,1350.0,1330.0,1350.0,0.0,1497800,2012209000,339,99.6,1350,409700,1345,241600,3138823600,3138823600,470823600,26500,84700,0,0,0
2023-12-21,MSTI,Mastersystem Infotama Tbk.,--U-1130000000I211------------,1350.0,0.0,1350.0,1250.0,1350.0,0.0,2048100,2725278500,673,99.6,1350,379000,1345,639800,3138823600,3138823600,470823600,28700,151700,0,0,0
2023-12-20,MSTI,Mastersystem Infotama Tbk.,--U-1130000000I211------------,1350.0,0.0,1355.0,1335.0,1350.0,0.0,2500300,3355994500,575,99.6,1350,830400,1345,594500,3138823600,3138823600,470823600,127100,4700,0,0,0
2023-12-19,MSTI,Mastersystem Infotama Tbk.,--U-1130000000I211------------,1350.0,0.0,1355.0,1335.0,1350.0,0.0,2033700,2731758500,679,99.6,1350,26200,1345,37000,3138823600,3138823600,470823600,155000,1500,0,0,0
2023-12-18,MSTI,Mastersystem Infotama Tbk.,--U-1130000000I211------------,1355.0,0.0,1355.0,1340.0,1350.0,-5.0,3274200,4410885500,569,99.6,1350,71200,1345,461000,3138823600,3138823600,470823600,26500,2300,0,0,0
2023-12-15,MSTI,Mastersystem Infotama Tbk.,--U-1130000000I211------------,1355.0,0.0,1360.0,1315.0,1355.0,0.0,3036800,4107448000,413,100.0,1355,2009100,1350,812400,3138823600,3138823600,470823600,1052900,0,0,0,0
2023-12-14,MSTI,Mastersystem Infotama Tbk.,--U-1130000000I211------------,1365.0,0.0,1360.0,1350.0,1355.0,-10.0,4841500,6551687500,1036,100.0,1355,32000,1350,866600,3138823600,3138823600,470823600,3442200,118100,0,0,0
2023-12-13,MSTI,Mastersystem Infotama Tbk.,--U-1130000000I211------------,1360.0,0.0,1380.0,1355.0,1365.0,5.0,1304100,1775200000,874,100.7,1365,76300,1360,100,3138823600,3138823600,470823600,58100,91500,0,0,0
2023-12-12,MSTI,Mastersystem Infotama Tbk.,--U-1130000000I211------------,1360.0,0.0,1360.0,1355.0,1360.0,0.0,2553800,3461339000,1478,100.4,1360,134100,1355,589500,3138823600,3138823600,470823600,27000,300,0,0,0
2023-12-11,MSTI,Mastersystem Infotama Tbk.,--U-1130000000I211------------,1360.0,0.0,1370.0,1355.0,1360.0,0.0,2502800,3393512500,825,100.4,1360,51600,1355,436000,3138823600,3138823600,470823600,26400,124300,0,0,0
2023-12-08,MSTI,Mastersystem Infotama Tbk.,--U-1130000000I211------------,1360.0,0.0,1360.0,1355.0,1360.0,0.0,1923400,2607762500,686,100.4,1360,179200,1355,429300,3138823600,3138823600,470823600,221300,2700,0,0,0
2023-12-07,MSTI,Mastersystem Infotama Tbk.,--U-1130000000I211------------,1360.0,0.0,1370.0,1355.0,1360.0,0.0,3159800,4285858500,917,100.4,1360,56900,1355,800400,3138823600,3138823600,470823600,56700,50500,0,0,0
2023-12-06,MSTI,Mastersystem Infotama Tbk.,--U-1130000000I211------------,1360.0,0.0,1365.0,1350.0,1360.0,0.0,4467300,6047690500,794,100.4,1360,181100,1355,640700,3138823600,3138823600,470823600,18600,5700,0,0,0
2023-12-05,MSTI,Mastersystem Infotama Tbk.,--U-1130000000I211------------,1360.0,0.0,1370.0,1355.0,1360.0,0.0,1584700,2152660500,710,100.4,1360,4000,1355,457500,3138823600,3138823600,470823600,0,8200,0,0,0
2023-12-04,MSTI,Mastersystem Infotama Tbk.,--U-1130000000I211------------,1370.0,0.0,1375.0,1355.0,1360.0,-10.0,4794800,6523213500,1031,100.4,1360,7800,1355,1099700,3138823600,3138823600,470823600,166500,0,0,0,0
2023-12-01,MSTI,Mastersystem Infotama Tbk.,--U-1130000000I211------------,1370.0,0.0,1370.0,1355.0,1370.0,0.0,1953100,2659925500,755,101.1,1370,4600,1365,1400,3138823600,3138823600,470823600,89800,1000,0,0,0
2023-11-30,MSTI,Mastersystem Infotama Tbk.,--U-1130000000I211------------,1370.0,0.0,1375.0,1355.0,1370.0,0.0,2663600,3627334500,964,101.1,1370,418900,1365,2400,3138823600,3138823600,470823600,69100,7400,0,0,0
2023-11-29,MSTI,Mastersystem Infotama Tbk.,--U-1130000000I211------------,1370.0,0.0,1380.0,1365.0,1370.0,0.0,1464300,2004686000,682,101.1,1370,155800,1365,281100,3138823600,3138823600,470823600,2300,900,0,0,0
2023-11-28,MSTI,Mastersystem Infotama Tbk.,--U-1130000000I211------------,1390.0,0.0,1390.0,1370.0,1370.0,-20.0,2200600,3020982500,972,101.1,1375,3500,1370,172500,3138823600,3138823600,470823600,6300,30300,0,0,0
2023-11-27,MSTI,Mastersystem Infotama Tbk.,--U-1130000000I211------------,1390.0,0.0,1405.0,1370.0,1390.0,0.0,2539400,3503580000,1210,102.6,1390,617500,1385,7000,3138823600,3138823600,470823600,45700,7000,33800,46508800,1
2023-11-24,MSTI,Mastersystem Infotama Tbk.,--U-1130000000I211------------,1400.0,0.0,1425.0,1370.0,1390.0,-10.0,4834400,6737522500,1941,102.6,1390,52200,1385,441700,3138823600,3138823600,470823600,19700,57700,0,0,0
2023-11-23,MSTI,Mastersystem Infotama Tbk.,--U-1130000000I211------------,1360.0,0.0,1430.0,1350.0,1400.0,40.0,12081300,16720663500,4009,103.3,1400,84500,1395,400,3138823600,3138823600,470823600,49800,111000,0,0,0
2023-11-22,MSTI,Mastersystem Infotama Tbk.,--U-1130000000I211------------,1360.0,0.0,1385.0,1350.0,1360.0,0.0,2980100,4039420000,1021,100.4,1360,38400,1355,2300,3138823600,3138823600,470823600,6200,102900,0,0,0
2023-11-21,MSTI,Mastersystem Infotama Tbk.,--U-1130000000I211------------,1360.0,0.0,1385.0,1350.0,1360.0,0.0,4854500,6592966500,2130,100.4,1365,35200,1360,78500,3138823600,3138823600,470823600,554100,5800,0,0,0
2023-11-20,MSTI,Mastersystem Infotama Tbk.,--U-1130000000I211------------,1360.0,0.0,1360.0,1345.0,1360.0,0.0,8114500,10970078500,2583,100.4,1360,204700,1355,130300,3138823600,3138823600,470823600,3200,104400,0,0,0
2023-11-17,MSTI,Mastersystem Infotama Tbk.,--U-1130000000I211------------,1360.0,0.0,1370.0,1325.0,1360.0,0.0,4888500,6619122000,1746,100.4,1360,274300,1355,56600,3138823600,3138823600,470823600,311200,0,0,0,0
2023-11-16,MSTI,Mastersystem Infotama Tbk.,--U-1130000000I211------------,1365.0,0.0,1375.0,1350.0,1360.0,-5.0,11488600,15580035500,2641,100.4,1360,162600,1355,15600,3138823600,3138823600,470823600,0,6700,0,0,0
2023-11-15,MSTI,Mastersystem Infotama Tbk.,--U-1130000000I211------------,1385.0,0.0,1395.0,1360.0,1365.0,-20.0,7972100,10896465500,2860,100.7,1365,207100,1360,3311400,3138823600,3138823600,470823600,8700,7800,0,0,0
2023-11-14,MSTI,Mastersystem Infotama Tbk.,--U-1130000000I211------------,1360.0,0.0,1400.0,1355.0,1385.0,25.0,13875400,19093783500,4035,102.2,1385,176700,1380,19000,3138823600,3138823600,470823600,0,101000,0,0,0
2023-11-13,MSTI,Mastersystem Infotama Tbk.,--U-1130000000I211------------,1370.0,0.0,1410.0,1350.0,1360.0,-10.0,14834800,20355066000,5223,100.4,1360,196000,1355,5796300,3138823600,3138823600,470823600,0,373200,0,0,0
2023-11-10,MSTI,Mastersystem Infotama Tbk.,--U-1130000000I211------------,1370.0,0.0,1430.0,1360.0,1370.0,0.0,14815900,20444544000,7283,101.1,1370,285700,1365,302400,3138823600,3138823600,470823600,120300,800,0,0,0
2023-11-09,MSTI,Mastersystem Infotama Tbk.,--U-1130000000I211------------,1450.0,0.0,1465.0,1325.0,1370.0,-80.0,63438200,87244382000,19487,101.1,1370,190800,1365,50100,3138823600,3138823600,470823600,3200000,6743100,2400,3936000,3
2023-11-08,MSTI,Mastersystem Infotama Tbk.,--U-1130000000I211------------,1355.0,0.0,1690.0,1390.0,1450.0,95.0,189232400,289350509000,80287,107.0,1455,20200,1450,782300,3138823600,3138823600,470823600,19774700,5466100,11100,15310100,3
