Date,Ticker,Name,Remarks,Previous,Open,High,Low,Close,Change,Volume,Value,Frequency,IndexIndividual,Offer,OfferVolume,Bid,BidVolume,ListedShares,TradebleShares,WeightForIndex,ForeignSell,ForeignBuy,NonRegularVolume,NonRegularValue,NonRegularFrequency
2026-03-17,SPMA,Suparma Tbk.,--UO2130000000B131------------,206.0,204.0,208.0,204.0,206.0,0.0,544400,112033400,147,178.2,206,1400,204,20000,4100317438,4100317438,307933840,0,0,0,0,0
2026-03-16,SPMA,Suparma Tbk.,--UO2130000000B131------------,208.0,210.0,210.0,202.0,206.0,-2.0,674400,138543800,199,178.2,206,49300,204,2500,4100317438,4100317438,307933840,0,0,0,0,0
2026-03-13,SPMA,Suparma Tbk.,--UO2130000000B131------------,214.0,214.0,218.0,206.0,208.0,-6.0,166400,34702000,211,179.9,208,19700,206,1500,4100317438,4100317438,307933840,38800,0,0,0,0
2026-03-12,SPMA,Suparma Tbk.,--UO2130000000B131------------,214.0,0.0,218.0,212.0,214.0,0.0,85900,18251600,42,185.1,214,55500,212,174800,4100317438,4100317438,307933840,26500,0,0,0,0
2026-03-11,SPMA,Suparma Tbk.,--UO2130000000B131------------,212.0,0.0,220.0,212.0,214.0,2.0,105300,22469000,70,185.1,214,146000,212,39900,4100317438,4100317438,307933840,9700,0,0,0,0
2026-03-10,SPMA,Suparma Tbk.,--UO2130000000B131------------,214.0,0.0,220.0,210.0,212.0,-2.0,235100,50175600,56,183.4,214,20000,212,219400,4100317438,4100317438,307933840,32500,0,0,0,0
2026-03-09,SPMA,Suparma Tbk.,--UO2130000000B131------------,216.0,216.0,220.0,204.0,214.0,-2.0,249500,52533800,185,185.1,214,16700,210,1400,4100317438,4100317438,307933840,47300,0,0,0,0
2026-03-06,SPMA,Suparma Tbk.,--UO2130000000B131------------,216.0,216.0,222.0,212.0,216.0,0.0,119500,25827000,86,186.9,216,3400,214,9700,4100317438,4100317438,307933840,18000,0,0,0,0
2026-03-05,SPMA,Suparma Tbk.,--UO2130000000B131------------,214.0,212.0,220.0,210.0,216.0,2.0,469300,100168400,227,186.9,216,7600,214,40200,4100317438,4100317438,307933840,0,0,0,0,0
2026-03-04,SPMA,Suparma Tbk.,--UO2130000000B131------------,228.0,228.0,228.0,202.0,214.0,-14.0,1373600,294332000,429,185.1,216,11900,214,700,4100317438,4100317438,307933840,0,0,13,2938,1
2026-03-03,SPMA,Suparma Tbk.,--UO2130000000B131------------,224.0,224.0,236.0,218.0,228.0,4.0,419400,95081800,129,197.2,228,29400,226,6200,4100317438,4100317438,307933840,15100,0,0,0,0
2026-03-02,SPMA,Suparma Tbk.,--UO2130000000B131------------,228.0,224.0,230.0,218.0,224.0,-4.0,981000,219261600,201,193.8,226,7700,224,18600,4100317438,4100317438,307933840,1400,0,0,0,0
2026-02-27,SPMA,Suparma Tbk.,--UO2130000000B131------------,230.0,232.0,232.0,228.0,228.0,-2.0,181400,41427800,76,197.2,230,100,226,493400,4100317438,4100317438,307933840,10900,0,0,0,0
2026-02-26,SPMA,Suparma Tbk.,--UO2130000000B131------------,238.0,238.0,240.0,224.0,230.0,-8.0,895700,205673600,216,199.0,232,11200,230,343100,4100317438,4100317438,307933840,0,0,0,0,0
2026-02-25,SPMA,Suparma Tbk.,--UO2130000000B131------------,230.0,230.0,240.0,228.0,238.0,8.0,1336600,313251200,321,205.9,240,83300,238,93300,4100317438,4100317438,307933840,800,0,0,0,0
2026-02-24,SPMA,Suparma Tbk.,--UO2130000000B131------------,230.0,230.0,232.0,228.0,230.0,0.0,387900,89019800,117,199.0,230,10000,228,4300,4100317438,4100317438,307933840,0,38700,0,0,0
2026-02-23,SPMA,Suparma Tbk.,--UO2130000000B131------------,224.0,226.0,230.0,226.0,230.0,6.0,321000,73072600,106,199.0,230,162400,226,74200,4100317438,4100317438,307933840,0,0,0,0,0
2026-02-20,SPMA,Suparma Tbk.,--UO2130000000B131------------,224.0,226.0,228.0,222.0,224.0,0.0,424900,95446600,161,193.8,226,2600,224,27600,4100317438,4100317438,307933840,200,0,0,0,0
2026-02-19,SPMA,Suparma Tbk.,--UO2130000000B131------------,232.0,232.0,232.0,210.0,224.0,-8.0,3646800,800159600,497,193.8,226,36500,224,252700,4100317438,4100317438,307933840,0,0,0,0,0
2026-02-18,SPMA,Suparma Tbk.,--UO2130000000B131------------,232.0,232.0,236.0,228.0,232.0,0.0,173900,40049600,106,200.7,232,53600,230,7600,4100317438,4100317438,307933840,200,0,0,0,0
2026-02-13,SPMA,Suparma Tbk.,--UO2130000000B131------------,234.0,236.0,236.0,226.0,232.0,-2.0,223100,51248000,94,200.7,234,216300,232,225000,4100317438,4100317438,307933840,7900,0,0,0,0
2026-02-12,SPMA,Suparma Tbk.,--UO2130000000B131------------,228.0,228.0,234.0,228.0,234.0,6.0,345000,79625600,148,202.4,234,36500,230,45600,4100317438,4100317438,307933840,0,0,0,0,0
2026-02-11,SPMA,Suparma Tbk.,--UO2130000000B131------------,228.0,228.0,232.0,226.0,228.0,0.0,219000,50061000,144,197.2,228,82100,226,106600,4100317438,4100317438,307933840,0,70000,0,0,0
2026-02-10,SPMA,Suparma Tbk.,--UO2130000000B131------------,226.0,226.0,230.0,226.0,228.0,2.0,236300,54003000,82,197.2,230,71600,226,104000,4100317438,4100317438,307933840,6700,0,0,0,0
2026-02-09,SPMA,Suparma Tbk.,--UO2130000000B131------------,226.0,226.0,228.0,222.0,226.0,0.0,287300,64292600,82,195.5,228,12200,226,28600,4100317438,4100317438,307933840,39200,0,0,0,0
2026-02-06,SPMA,Suparma Tbk.,--UO2130000000B131------------,234.0,232.0,232.0,224.0,226.0,-8.0,439800,99557600,146,195.5,230,35300,226,6500,4100317438,4100317438,307933840,51400,0,0,0,0
2026-02-05,SPMA,Suparma Tbk.,--UO2130000000B131------------,226.0,226.0,236.0,226.0,234.0,8.0,442100,101934400,194,202.4,234,51500,232,200,4100317438,4100317438,307933840,20200,0,0,0,0
2026-02-04,SPMA,Suparma Tbk.,--UO2130000000B131------------,232.0,232.0,234.0,212.0,226.0,-6.0,1890400,421993600,338,195.5,228,40000,226,29100,4100317438,4100317438,307933840,34900,0,0,0,0
2026-02-03,SPMA,Suparma Tbk.,--UO2130000000B131------------,226.0,228.0,238.0,224.0,232.0,6.0,266900,61665600,124,200.7,234,68200,230,42200,4100317438,4100317438,307933840,26000,0,0,0,0
2026-02-02,SPMA,Suparma Tbk.,--UO2130000000B131------------,236.0,236.0,238.0,224.0,226.0,-10.0,1031700,233508800,251,195.5,226,20700,224,459400,4100317438,4100317438,307933840,68200,0,0,0,0
2026-01-30,SPMA,Suparma Tbk.,--UO2130000000B131------------,230.0,232.0,242.0,230.0,236.0,6.0,477800,112033200,171,204.2,236,57400,234,30000,4100317438,4100317438,307933840,26200,0,0,0,0
2026-01-29,SPMA,Suparma Tbk.,--UO2130000000B131------------,238.0,236.0,242.0,212.0,230.0,-8.0,2351400,533863000,408,199.0,240,4300,230,75200,4100317438,4100317438,307933840,194200,0,0,0,0
2026-01-28,SPMA,Suparma Tbk.,--UO2130000000B131------------,252.0,254.0,256.0,230.0,238.0,-14.0,3450700,818768200,737,205.9,240,2700,238,8100,4100317438,4100317438,307933840,181500,102700,0,0,0
2026-01-27,SPMA,Suparma Tbk.,--UO2130000000B131------------,246.0,246.0,280.0,246.0,252.0,6.0,8252800,2128089800,1989,218.0,254,12000,252,58000,4100317438,4100317438,307933840,0,3400,51,12546,1
2026-01-26,SPMA,Suparma Tbk.,--UO2130000000B131------------,242.0,244.0,248.0,244.0,246.0,4.0,800300,196234600,294,212.8,246,253600,244,116500,4100317438,4100317438,307933840,600,300,0,0,0
2026-01-23,SPMA,Suparma Tbk.,--UO2130000000B131------------,244.0,248.0,248.0,242.0,242.0,-2.0,809300,196396800,149,209.3,244,35600,242,83200,4100317438,4100317438,307933840,13200,100000,0,0,0
2026-01-22,SPMA,Suparma Tbk.,--UO2130000000B131------------,240.0,242.0,246.0,240.0,244.0,4.0,660400,160232400,116,211.1,246,106000,244,18500,4100317438,4100317438,307933840,3900,0,0,0,0
2026-01-21,SPMA,Suparma Tbk.,--UO2130000000B131------------,244.0,246.0,246.0,240.0,240.0,-4.0,1502900,362977400,192,207.6,242,1200,240,462700,4100317438,4100317438,307933840,49900,2500,0,0,0
2026-01-20,SPMA,Suparma Tbk.,--UO2130000000B131------------,246.0,248.0,248.0,244.0,244.0,-2.0,1167300,286056600,201,211.1,246,259800,244,9700,4100317438,4100317438,307933840,4200,0,0,0,0
2026-01-19,SPMA,Suparma Tbk.,--UO2130000000B131------------,242.0,244.0,248.0,242.0,246.0,4.0,564400,138013200,207,212.8,246,188400,244,127700,4100317438,4100317438,307933840,11600,0,0,0,0
2026-01-15,SPMA,Suparma Tbk.,--UO2130000000B131------------,244.0,246.0,246.0,240.0,242.0,-2.0,976300,236789200,146,209.3,244,14000,240,509000,4100317438,4100317438,307933840,3400,0,0,0,0
2026-01-14,SPMA,Suparma Tbk.,--UO2130000000B131------------,242.0,242.0,248.0,240.0,244.0,2.0,690300,167968800,162,211.1,246,81900,244,149100,4100317438,4100317438,307933840,1500,0,0,0,0
2026-01-13,SPMA,Suparma Tbk.,--UO2130000000B131------------,240.0,240.0,246.0,240.0,242.0,2.0,1450500,352742000,194,209.3,242,84400,240,33400,4100317438,4100317438,307933840,0,0,0,0,0
2026-01-12,SPMA,Suparma Tbk.,--UO2130000000B131------------,244.0,244.0,246.0,238.0,240.0,-4.0,1204700,290166400,194,207.6,242,1400,240,371400,4100317438,4100317438,307933840,0,900,60,14400,1
2026-01-09,SPMA,Suparma Tbk.,--UO2130000000B131------------,242.0,242.0,246.0,240.0,244.0,2.0,857500,207648200,162,211.1,244,17300,242,52000,4100317438,4100317438,307933840,34400,2400,0,0,0
2026-01-08,SPMA,Suparma Tbk.,--UO2130000000B131------------,246.0,246.0,248.0,240.0,242.0,-4.0,865900,209993000,214,209.3,244,61300,242,178200,4100317438,4100317438,307933840,300,0,0,0,0
2026-01-07,SPMA,Suparma Tbk.,--UO2130000000B131------------,242.0,242.0,248.0,240.0,246.0,4.0,1770700,431116800,279,212.8,246,10000,244,748700,4100317438,4100317438,307933840,0,300,0,0,0
2026-01-06,SPMA,Suparma Tbk.,--UO2130000000B131------------,246.0,246.0,248.0,238.0,242.0,-4.0,1216500,293408000,274,209.3,244,104700,242,28700,4100317438,4100317438,307933840,4000,0,0,0,0
2026-01-05,SPMA,Suparma Tbk.,--UO2130000000B131------------,244.0,248.0,252.0,238.0,246.0,2.0,532600,130402200,241,212.8,246,190800,244,1300,4100317438,4100317438,307933840,9700,0,4110,1006950,1
2026-01-02,SPMA,Suparma Tbk.,--UO2130000000B131------------,240.0,240.0,246.0,236.0,244.0,4.0,2028400,489304200,290,211.1,244,173100,242,71700,4100317438,4100317438,307933840,0,177900,0,0,0
2025-12-30,SPMA,Suparma Tbk.,--UO2130000000B131------------,238.0,242.0,244.0,236.0,240.0,2.0,641100,153748800,189,207.6,242,40700,240,4000,4100317438,4100317438,307934023,0,46800,0,0,0
2025-12-29,SPMA,Suparma Tbk.,--UO2130000000B131------------,238.0,238.0,242.0,234.0,238.0,0.0,498900,117858600,209,205.9,238,33600,236,64300,4100317438,4100317438,307934023,0,4800,0,0,0
2025-12-24,SPMA,Suparma Tbk.,--UO2130000000B131------------,240.0,240.0,240.0,238.0,238.0,-2.0,737000,175700200,105,205.9,240,76200,238,609400,4100317438,4100317438,307934023,0,3000,0,0,0
2025-12-23,SPMA,Suparma Tbk.,--UO2130000000B131------------,238.0,242.0,244.0,238.0,240.0,2.0,309000,74348600,140,207.6,242,62300,240,4400,4100317438,4100317438,307934023,1200,0,0,0,0
2025-12-22,SPMA,Suparma Tbk.,--UO2130000000B131------------,244.0,246.0,246.0,236.0,238.0,-6.0,712500,169974800,234,205.9,240,600,238,20100,4100317438,4100317438,307934023,29800,0,0,0,0
2025-12-19,SPMA,Suparma Tbk.,--UO2130000000B131------------,250.0,252.0,252.0,242.0,244.0,-6.0,286000,70148600,143,211.1,246,12800,244,83500,4100317438,4100317438,307934023,25700,0,0,0,0
2025-12-18,SPMA,Suparma Tbk.,--UO2130000000B131------------,250.0,252.0,256.0,250.0,250.0,0.0,1364300,343743600,311,216.3,252,294200,250,1229600,4100317438,4100317438,307934023,25300,0,0,0,0
2025-12-17,SPMA,Suparma Tbk.,--UO2130000000B131------------,236.0,240.0,260.0,238.0,250.0,14.0,4423500,1098482400,917,216.3,252,152900,250,22400,4100317438,4100317438,307934023,0,779700,0,0,0
2025-12-16,SPMA,Suparma Tbk.,--UO2130000000B131------------,234.0,234.0,238.0,230.0,236.0,2.0,1200600,281615200,264,204.2,238,300,236,1475600,4100317438,4100317438,307934023,0,415400,0,0,0
2025-12-15,SPMA,Suparma Tbk.,--UO2130000000B131------------,234.0,234.0,238.0,228.0,234.0,0.0,1002800,230204000,339,202.4,234,84500,232,1000,4100317438,4100317438,307934023,0,169000,0,0,0
2025-12-12,SPMA,Suparma Tbk.,--UO2130000000B131------------,234.0,236.0,240.0,234.0,234.0,0.0,657900,155491800,177,202.4,238,390200,234,442000,4100317438,4100317438,307934023,35200,31900,32,7616,1
2025-12-11,SPMA,Suparma Tbk.,--UO2130000000B131------------,238.0,236.0,242.0,228.0,234.0,-4.0,2543600,601278200,450,202.4,238,100,234,1100,4100317438,4100317438,307934023,1183000,69600,0,0,0
2025-12-10,SPMA,Suparma Tbk.,--UO2130000000B131------------,240.0,242.0,242.0,236.0,238.0,-2.0,1102600,263397000,252,205.9,240,79900,238,55600,4100317438,4100317438,307934023,36400,107700,0,0,0
2025-12-09,SPMA,Suparma Tbk.,--UO2130000000B131------------,244.0,246.0,248.0,238.0,240.0,-4.0,1126500,272481200,259,207.6,240,112900,238,251900,4100317438,4100317438,307934023,70200,19300,0,0,0
2025-12-08,SPMA,Suparma Tbk.,--UO2130000000B131------------,240.0,238.0,244.0,236.0,244.0,4.0,1550900,371337600,302,211.1,244,21100,242,9800,4100317438,4100317438,307934023,0,448500,0,0,0
2025-12-05,SPMA,Suparma Tbk.,--UO2130000000B131------------,240.0,240.0,242.0,238.0,240.0,0.0,927400,221958000,201,207.6,240,369600,238,96500,4100317438,4100317438,307934023,0,18900,0,0,0
2025-12-04,SPMA,Suparma Tbk.,--UO2130000000B131------------,240.0,246.0,246.0,238.0,240.0,0.0,1213900,291486600,304,207.6,240,31200,238,523100,4100317438,4100317438,307934023,0,11200,30,7260,1
2025-12-03,SPMA,Suparma Tbk.,--UO2130000000B131------------,242.0,242.0,248.0,240.0,240.0,-2.0,684800,165361600,252,207.6,244,39000,240,469500,4100317438,4100317438,307934023,0,1600,0,0,0
2025-12-02,SPMA,Suparma Tbk.,XDUO2130000000B131------------,246.0,248.0,248.0,242.0,242.0,-4.0,916100,223854800,268,209.3,244,11500,240,692000,4100317438,4100317438,307934023,63400,0,0,0,0
2025-12-01,SPMA,Suparma Tbk.,XDUO2130000000B131------------,248.0,250.0,250.0,244.0,246.0,-2.0,686600,168847800,239,212.8,246,9800,244,51000,4100317438,4100317438,307934023,47600,0,0,0,0
2025-11-28,SPMA,Suparma Tbk.,XDUO2130000000B131------------,254.0,258.0,258.0,244.0,248.0,-6.0,504300,125949800,289,214.5,248,11500,246,449800,4100317438,4100317438,307934023,81200,0,0,0,0
2025-11-27,SPMA,Suparma Tbk.,XDUO2130000000B131------------,242.0,242.0,256.0,240.0,254.0,12.0,1068600,265734800,400,219.7,254,15200,252,100,4100317438,4100317438,307934023,20400,46800,0,0,0
2025-11-26,SPMA,Suparma Tbk.,XDUO2130000000B131------------,248.0,248.0,248.0,238.0,242.0,-6.0,2472900,597362800,631,209.3,242,2000,240,89100,4100317438,4100317438,307934023,14300,101200,0,0,0
2025-11-25,SPMA,Suparma Tbk.,XDUO2130000000B131------------,262.0,256.0,262.0,248.0,248.0,-14.0,3829200,961782200,1031,214.5,252,1200,246,103200,4100317438,4100317438,307934023,90400,216200,0,0,0
2025-11-24,SPMA,Suparma Tbk.,XDUO2130000000B131------------,262.0,264.0,266.0,258.0,262.0,0.0,949900,248056600,211,226.6,264,96400,260,80900,3154092216,3154092216,307934023,0,61900,0,0,0
2025-11-22,SPMA,Suparma Tbk.,--UO2130000000B131------------,216.0,216.0,220.0,204.0,214.0,-2.0,249500,52533800,185,185.1,214,16700,210,1400,4100317438,4100317438,307933840,47300,0,0,0,0
2025-11-21,SPMA,Suparma Tbk.,XDUO2130000000B131------------,264.0,266.0,266.0,262.0,262.0,-2.0,168800,44320800,127,226.6,262,86100,260,85600,3154092216,3154092216,307934023,0,0,0,0,0
2025-11-20,SPMA,Suparma Tbk.,XDUO2130000000B131------------,262.0,262.0,268.0,260.0,264.0,2.0,505400,133211800,214,228.4,266,28400,262,126400,3154092216,3154092216,307934023,5900,0,0,0,0
2025-11-19,SPMA,Suparma Tbk.,XDUO2130000000B131------------,262.0,268.0,270.0,260.0,262.0,0.0,916000,242136000,281,226.6,262,160000,260,173500,3154092216,3154092216,307934023,12800,0,0,0,0
2025-11-18,SPMA,Suparma Tbk.,XDUO2130000000B131------------,262.0,264.0,268.0,262.0,262.0,0.0,434500,115161800,166,226.6,268,262600,262,69000,3154092216,3154092216,307934023,2900,40300,0,0,0
2025-11-17,SPMA,Suparma Tbk.,XDUO2130000000B131------------,268.0,268.0,268.0,260.0,262.0,-6.0,1157100,304527800,358,226.6,264,81300,262,268600,3154092216,3154092216,307934023,3100,140000,0,0,0
2025-11-14,SPMA,Suparma Tbk.,XDUO2130000000B131------------,272.0,272.0,272.0,266.0,268.0,-4.0,764400,204844800,346,231.8,268,147700,266,28900,3154092216,3154092216,307934023,3900,0,0,0,0
2025-11-13,SPMA,Suparma Tbk.,XDUO2130000000B131------------,278.0,278.0,280.0,270.0,272.0,-6.0,2190400,597882400,444,235.3,272,104900,270,80400,3154092216,3154092216,307934023,15500,0,0,0,0
2025-11-12,SPMA,Suparma Tbk.,XDUO2130000000B131------------,282.0,282.0,282.0,272.0,278.0,-4.0,1819200,503780400,402,240.5,278,14000,276,100,3154092216,3154092216,307934023,70100,0,0,0,0
2025-11-11,SPMA,Suparma Tbk.,--UO2130000000B131------------,272.0,274.0,284.0,274.0,282.0,10.0,3174800,891506400,486,244.0,282,212000,278,35200,3154092216,3154092216,307934023,46300,24400,0,0,0
2025-11-10,SPMA,Suparma Tbk.,--UO2130000000B131------------,284.0,284.0,288.0,250.0,272.0,-12.0,4008200,1107102800,1070,235.3,272,63300,270,25500,3154092216,3154092216,307934022,51700,156300,0,0,0
2025-11-07,SPMA,Suparma Tbk.,CDUO2130000000B131------------,370.0,370.0,376.0,352.0,368.0,-2.0,3880900,1417537000,772,245.7,370,550500,368,26300,3154092216,3154092216,236872325,466100,43400,0,0,0
2025-11-06,SPMA,Suparma Tbk.,CDUO2130000000B131------------,370.0,370.0,378.0,368.0,370.0,0.0,3058100,1137607400,499,247.0,372,1500,370,1100,3154092216,3154092216,236872325,15000,16400,0,0,0
2025-11-05,SPMA,Suparma Tbk.,CDUO2130000000B131------------,368.0,372.0,400.0,366.0,370.0,2.0,4876100,1853205000,1158,247.0,372,24700,370,31800,3154092216,3154092216,236872325,43600,33100,0,0,0
2025-11-04,SPMA,Suparma Tbk.,--UO2130000000B131------------,370.0,374.0,380.0,368.0,368.0,-2.0,1774600,663068200,408,245.7,372,152000,368,95400,3154092216,3154092216,236872325,0,13600,0,0,0
2025-11-03,SPMA,Suparma Tbk.,--UO2130000000B131------------,366.0,378.0,382.0,368.0,370.0,4.0,2019200,759625200,360,247.0,376,34200,370,25200,3154092216,3154092216,236872325,0,237200,0,0,0
2025-10-31,SPMA,Suparma Tbk.,--UO2130000000B131------------,368.0,370.0,376.0,362.0,366.0,-2.0,644600,238262000,237,244.3,370,416200,366,3700,3154092216,3154092216,236872325,88800,17400,0,0,0
2025-10-30,SPMA,Suparma Tbk.,--UO2130000000B131------------,380.0,380.0,384.0,362.0,368.0,-12.0,2542000,936802600,536,245.7,368,16100,366,4800,3154092216,3154092216,236872325,35100,35100,0,0,0
2025-10-29,SPMA,Suparma Tbk.,--UO2130000000B131------------,376.0,386.0,386.0,370.0,380.0,4.0,1190100,448426800,292,253.7,380,362900,378,64500,3154092216,3154092216,236872325,51500,51500,0,0,0
2025-10-28,SPMA,Suparma Tbk.,--UO2130000000B131------------,384.0,384.0,390.0,372.0,376.0,-8.0,676800,256075800,277,251.0,376,68600,374,21400,3154092216,3154092216,236872325,19400,25500,0,0,0
2025-10-27,SPMA,Suparma Tbk.,--UO2130000000B131------------,380.0,382.0,396.0,374.0,384.0,4.0,2824200,1086193400,599,256.4,386,35400,384,100,3154092216,3154092216,236872325,147600,285900,0,0,0
2025-10-24,SPMA,Suparma Tbk.,--UO2130000000B131------------,384.0,396.0,396.0,368.0,380.0,-4.0,2257300,860111400,537,253.7,382,1500,380,5200,3154092216,3154092216,236872325,184000,192600,80,26880,1
2025-10-23,SPMA,Suparma Tbk.,--UO2130000000B131------------,358.0,360.0,400.0,358.0,384.0,26.0,6955900,2656565600,1551,256.4,386,602500,384,5500,3154092216,3154092216,236872325,486300,400900,0,0,0
2025-10-22,SPMA,Suparma Tbk.,--UO2130000000B131------------,350.0,352.0,360.0,350.0,358.0,8.0,806400,286063200,310,239.0,360,126500,356,70800,3154092216,3154092216,236872325,0,0,0,0,0
2025-10-21,SPMA,Suparma Tbk.,--UO2130000000B131------------,348.0,350.0,356.0,348.0,350.0,2.0,520300,182300000,198,233.7,350,50000,348,75100,3154092216,3154092216,236872325,2700,51000,0,0,0
2025-10-20,SPMA,Suparma Tbk.,--UO2130000000B131------------,348.0,344.0,354.0,342.0,348.0,0.0,815400,283954600,223,232.3,350,17400,346,3800,3154092216,3154092216,236872325,178800,43200,0,0,0
2025-10-17,SPMA,Suparma Tbk.,--UO2130000000B131------------,352.0,356.0,366.0,340.0,348.0,-4.0,1251600,440584200,401,232.3,350,28600,348,101000,3154092216,3154092216,236872325,147900,98900,0,0,0
2025-10-16,SPMA,Suparma Tbk.,--UO2130000000B131------------,340.0,350.0,362.0,340.0,352.0,12.0,1385800,489663600,334,235.0,354,600,352,87400,3154092216,3154092216,236872325,55900,32800,0,0,0
2025-10-15,SPMA,Suparma Tbk.,--UO2130000000B131------------,350.0,350.0,354.0,334.0,340.0,-10.0,949000,323106800,345,227.0,342,100,340,100300,3154092216,3154092216,236872325,41500,34500,0,0,0
2025-10-14,SPMA,Suparma Tbk.,--UO2130000000B131------------,364.0,364.0,366.0,342.0,350.0,-14.0,2119100,743554600,512,233.7,350,3200,348,1019400,3154092216,3154092216,236872325,163000,228200,0,0,0
2025-10-13,SPMA,Suparma Tbk.,--UO2130000000B131------------,356.0,356.0,368.0,346.0,364.0,8.0,3371300,1220885200,726,243.0,364,84800,362,10300,3154092216,3154092216,236872325,162500,236300,0,0,0
2025-10-10,SPMA,Suparma Tbk.,--UO2130000000B131------------,356.0,362.0,364.0,354.0,356.0,0.0,1647700,590384200,439,237.7,356,106300,354,131500,3154092216,3154092216,236872325,30800,0,0,0,0
2025-10-09,SPMA,Suparma Tbk.,--UO2130000000B131------------,340.0,342.0,360.0,340.0,356.0,16.0,2052400,717635200,659,237.7,356,27500,350,97700,3154092216,3154092216,236872325,203700,88300,0,0,0
2025-10-08,SPMA,Suparma Tbk.,--UO2130000000B131------------,334.0,334.0,340.0,322.0,340.0,6.0,1083800,356490200,307,227.0,342,49500,340,24200,3154092216,3154092216,236872325,15700,116900,0,0,0
2025-10-07,SPMA,Suparma Tbk.,--UO2130000000B131------------,336.0,340.0,342.0,332.0,334.0,-2.0,612900,206184000,266,223.0,336,117100,334,25000,3154092216,3154092216,236872325,42100,0,0,0,0
2025-10-06,SPMA,Suparma Tbk.,--UO2130000000B131------------,332.0,336.0,344.0,322.0,336.0,4.0,1651400,554193400,467,224.3,338,200,336,29800,3154092216,3154092216,236872325,189300,67800,0,0,0
2025-10-03,SPMA,Suparma Tbk.,--UO2130000000B131------------,334.0,330.0,334.0,324.0,332.0,-2.0,1060200,347200000,357,221.6,332,135100,330,3700,3154092216,3154092216,236872325,5500,5700,0,0,0
2025-10-02,SPMA,Suparma Tbk.,--UO2130000000B131------------,330.0,330.0,336.0,328.0,334.0,4.0,1806700,598186600,378,223.0,336,226400,330,8600,3154092216,3154092216,236872325,3600,149500,0,0,0
2025-10-01,SPMA,Suparma Tbk.,--UO2130000000B131------------,346.0,346.0,350.0,326.0,330.0,-16.0,5105600,1704565800,1006,220.3,330,28700,328,106500,3154092216,3154092216,236872325,277700,276700,0,0,0
2025-09-30,SPMA,Suparma Tbk.,--UO2130000000B131------------,350.0,346.0,358.0,342.0,346.0,-4.0,2281100,792707200,726,231.0,346,1300,344,5000,3154092216,3154092216,236872325,163600,9700,0,0,0
2025-09-29,SPMA,Suparma Tbk.,--UO2130000000B131------------,364.0,362.0,362.0,342.0,350.0,-14.0,3995200,1393503400,1169,233.7,352,6300,348,4400,3154092216,3154092216,236872325,167900,254300,0,0,0
2025-09-26,SPMA,Suparma Tbk.,--UO2130000000B131------------,374.0,374.0,376.0,362.0,364.0,-10.0,1943800,715443000,626,243.0,366,5600,364,100200,3154092216,3154092216,236872325,254100,147200,0,0,0
2025-09-25,SPMA,Suparma Tbk.,--UO2130000000B131------------,378.0,388.0,390.0,360.0,374.0,-4.0,5313900,1969479000,1656,249.7,374,48000,372,1500,3154092216,3154092216,236872325,207100,349600,0,0,0
2025-09-24,SPMA,Suparma Tbk.,--UO2130000000B131------------,360.0,402.0,440.0,372.0,378.0,18.0,50592800,21028242400,10131,252.4,380,46400,378,40500,3154092216,3154092216,236872325,1947300,1357100,0,0,0
2025-09-23,SPMA,Suparma Tbk.,--UO2130000000B131------------,288.0,292.0,360.0,284.0,360.0,72.0,16859800,5930838600,2590,240.3,0,0,360,1105500,3154092216,3154092216,236872325,533500,411800,0,0,0
2025-09-22,SPMA,Suparma Tbk.,--UO2130000000B131------------,282.0,282.0,288.0,280.0,288.0,6.0,335400,94769600,63,192.3,288,60100,284,11400,3154092216,3154092216,236872325,0,14100,0,0,0
2025-09-19,SPMA,Suparma Tbk.,--UO2130000000B131------------,282.0,0.0,288.0,280.0,282.0,0.0,159200,44907800,58,188.3,288,37000,282,2000,3154092216,3154092216,236872325,900,0,0,0,0
2025-09-18,SPMA,Suparma Tbk.,--UO2130000000B131------------,286.0,286.0,292.0,280.0,282.0,-4.0,239600,68255800,91,188.3,284,74400,282,32900,3154092216,3154092216,236872325,7200,0,0,0,0
2025-09-17,SPMA,Suparma Tbk.,--UO2130000000B131------------,284.0,0.0,292.0,278.0,286.0,2.0,482000,136023800,120,190.9,288,40500,278,156500,3154092216,3154092216,236872325,13900,0,0,0,0
2025-09-16,SPMA,Suparma Tbk.,--UO2130000000B131------------,288.0,272.0,288.0,272.0,284.0,-4.0,201600,56106400,94,189.6,284,95600,282,16900,3154092216,3154092216,236872325,15400,0,0,0,0
2025-09-15,SPMA,Suparma Tbk.,--UO2130000000B131------------,284.0,286.0,290.0,282.0,288.0,4.0,129900,37149800,87,192.3,288,103200,284,10900,3154092216,3154092216,236872325,100,0,0,0,0
2025-09-12,SPMA,Suparma Tbk.,--UO2130000000B131------------,286.0,290.0,290.0,282.0,284.0,-2.0,329500,93882200,138,189.6,284,100,282,95700,3154092216,3154092216,236872325,0,32300,52,14872,1
2025-09-11,SPMA,Suparma Tbk.,--UO2130000000B131------------,288.0,288.0,290.0,286.0,286.0,-2.0,58000,16631600,63,190.9,290,239000,286,22200,3154092216,3154092216,236872325,0,0,0,0,0
2025-09-10,SPMA,Suparma Tbk.,--UO2130000000B131------------,280.0,280.0,290.0,280.0,288.0,8.0,87900,24937400,76,192.3,288,26400,284,30900,3154092216,3154092216,236872325,0,0,0,0,0
2025-09-09,SPMA,Suparma Tbk.,--UO2130000000B131------------,290.0,0.0,294.0,280.0,280.0,-10.0,477100,134866400,102,186.9,282,146700,280,106300,3154092216,3154092216,236872325,31100,140000,0,0,0
2025-09-08,SPMA,Suparma Tbk.,--UO2130000000B131------------,292.0,292.0,292.0,288.0,290.0,-2.0,243900,70624400,67,193.6,290,112900,288,48800,3154092216,3154092216,236872325,0,29100,0,0,0
2025-09-04,SPMA,Suparma Tbk.,--UO2130000000B131------------,294.0,294.0,294.0,288.0,292.0,-2.0,97900,28386000,41,194.9,292,81900,290,28100,3154092216,3154092216,236872325,0,0,0,0,0
2025-09-03,SPMA,Suparma Tbk.,--UO2130000000B131------------,290.0,0.0,298.0,288.0,294.0,4.0,148500,43406200,50,196.3,294,10400,292,100,3154092216,3154092216,236872325,10600,0,0,0,0
2025-09-02,SPMA,Suparma Tbk.,--UO2130000000B131------------,286.0,0.0,292.0,286.0,290.0,4.0,102300,29579800,58,193.6,292,7000,290,69500,3154092216,3154092216,236872325,0,0,0,0,0
2025-09-01,SPMA,Suparma Tbk.,--UO2130000000B131------------,290.0,288.0,292.0,280.0,286.0,-4.0,198200,56099400,73,190.9,290,23500,286,18200,3154092216,3154092216,236872325,0,63300,0,0,0
2025-08-29,SPMA,Suparma Tbk.,--UO2130000000B131------------,296.0,296.0,298.0,282.0,290.0,-6.0,552100,158837800,156,193.6,290,30500,288,4800,3154092216,3154092216,236872325,30300,77300,0,0,0
2025-08-28,SPMA,Suparma Tbk.,--UO2130000000B131------------,290.0,290.0,298.0,290.0,296.0,6.0,529100,155792000,138,197.6,296,6800,292,36500,3154092216,3154092216,236872325,17300,15000,0,0,0
2025-08-27,SPMA,Suparma Tbk.,--UO2130000000B131------------,296.0,288.0,296.0,288.0,290.0,-6.0,410100,118760400,141,193.6,292,25600,290,5500,3154092216,3154092216,236872325,36400,0,0,0,0
2025-08-26,SPMA,Suparma Tbk.,--UO2130000000B131------------,296.0,300.0,300.0,294.0,296.0,0.0,124200,36793800,69,197.6,298,56500,296,500,3154092216,3154092216,236872325,30900,0,0,0,0
2025-08-25,SPMA,Suparma Tbk.,--UO2130000000B131------------,300.0,300.0,302.0,292.0,296.0,-4.0,406500,120157800,128,197.6,298,70000,296,1500,3154092216,3154092216,236872325,35000,28300,0,0,0
2025-08-22,SPMA,Suparma Tbk.,--UO2130000000B131------------,300.0,0.0,304.0,292.0,300.0,0.0,300300,88970400,158,200.3,300,700,294,12500,3154092216,3154092216,236872325,41000,51700,0,0,0
2025-08-21,SPMA,Suparma Tbk.,--UO2130000000B131------------,298.0,298.0,300.0,288.0,300.0,2.0,372200,109527600,134,200.3,300,64800,294,70000,3154092216,3154092216,236872325,7500,46000,0,0,0
2025-08-20,SPMA,Suparma Tbk.,--UO2130000000B131------------,296.0,296.0,302.0,292.0,298.0,2.0,953600,282972200,165,198.9,298,46200,296,27900,3154092216,3154092216,236872325,137700,45100,0,0,0
2025-08-19,SPMA,Suparma Tbk.,--UO2130000000B131------------,278.0,278.0,306.0,278.0,296.0,18.0,3146700,921144800,509,197.6,296,72500,294,15400,3154092216,3154092216,236872325,38000,459000,0,0,0
2025-08-15,SPMA,Suparma Tbk.,--UO2130000000B131------------,278.0,278.0,284.0,276.0,278.0,0.0,385600,108009600,109,185.6,282,19700,278,79500,3154092216,3154092216,236872325,10800,0,0,0,0
2025-08-14,SPMA,Suparma Tbk.,--UO2130000000B131------------,278.0,278.0,284.0,276.0,278.0,0.0,549500,153473600,177,185.6,278,3900,276,111900,3154092216,3154092216,236872325,436900,0,93062284,25871314952,2
2025-08-13,SPMA,Suparma Tbk.,--UO2130000000B131------------,276.0,0.0,282.0,276.0,278.0,2.0,266900,74723200,88,185.6,282,21800,278,35400,3154092216,3154092216,236872325,38100,0,0,0,0
2025-08-12,SPMA,Suparma Tbk.,--UO2130000000B131------------,278.0,278.0,280.0,274.0,276.0,-2.0,234500,64883800,57,184.3,278,11700,276,5200,3154092216,3154092216,236872325,0,0,0,0,0
2025-08-11,SPMA,Suparma Tbk.,--UO2130000000B131------------,272.0,0.0,278.0,272.0,278.0,6.0,167200,46340200,63,185.6,278,25100,276,13000,3154092216,3154092216,236872325,0,0,0,0,0
2025-08-08,SPMA,Suparma Tbk.,--UO2130000000B131------------,276.0,0.0,276.0,272.0,272.0,-4.0,425200,115794000,60,181.6,276,10000,272,20500,3154092216,3154092216,236872325,0,0,0,0,0
2025-08-07,SPMA,Suparma Tbk.,--UO2130000000B131------------,278.0,278.0,278.0,272.0,276.0,-2.0,327800,90075200,64,184.3,278,153500,274,700,3154092216,3154092216,236872325,0,0,0,0,0
2025-08-06,SPMA,Suparma Tbk.,--UO2130000000B131------------,278.0,0.0,282.0,276.0,278.0,0.0,553200,154163000,107,185.6,282,19800,278,17200,3154092216,3154092216,236872325,0,0,0,0,0
2025-08-05,SPMA,Suparma Tbk.,--UO2130000000B131------------,276.0,280.0,280.0,272.0,278.0,2.0,223800,62095200,78,185.6,280,74600,278,29100,3154092216,3154092216,236872325,0,0,0,0,0
2025-08-04,SPMA,Suparma Tbk.,--UO2130000000B131------------,272.0,274.0,284.0,274.0,276.0,4.0,1360000,379944000,178,184.3,280,22600,276,99300,3154092216,3154092216,236872325,0,25800,0,0,0
2025-08-01,SPMA,Suparma Tbk.,--UO2130000000B131------------,272.0,264.0,274.0,264.0,272.0,0.0,74100,19932000,43,181.6,274,71500,272,11600,3154092216,3154092216,236872325,0,0,0,0,0
2025-07-31,SPMA,Suparma Tbk.,--UO2130000000B131------------,276.0,276.0,280.0,270.0,272.0,-4.0,489400,134049000,70,181.6,274,14900,272,151200,3154092216,3154092216,236872325,16700,247600,0,0,0
2025-07-30,SPMA,Suparma Tbk.,--UO2130000000B131------------,272.0,272.0,276.0,270.0,276.0,4.0,160700,43724400,79,184.3,276,132500,270,127400,3154092216,3154092216,236872325,0,61200,0,0,0
2025-07-29,SPMA,Suparma Tbk.,--UO2130000000B131------------,276.0,280.0,280.0,268.0,272.0,-4.0,516200,141896000,171,181.6,272,3000,270,201500,3154092216,3154092216,236872325,10900,6400,0,0,0
2025-07-28,SPMA,Suparma Tbk.,--UO2130000000B131------------,260.0,0.0,282.0,258.0,276.0,16.0,2167600,591469800,429,184.3,276,7700,268,21300,3154092216,3154092216,236872325,53400,58500,0,0,0
2025-07-25,SPMA,Suparma Tbk.,--UO2130000000B131------------,258.0,258.0,260.0,256.0,260.0,2.0,35000,9006200,28,173.6,258,40600,256,25100,3154092216,3154092216,236872325,0,0,0,0,0
2025-07-24,SPMA,Suparma Tbk.,--UO2130000000B131------------,260.0,260.0,260.0,256.0,258.0,-2.0,106600,27482400,39,172.2,258,21000,256,62700,3154092216,3154092216,236872325,0,0,0,0,0
2025-07-23,SPMA,Suparma Tbk.,--UO2130000000B131------------,260.0,0.0,262.0,254.0,260.0,0.0,336300,86662400,55,173.6,258,8500,256,5300,3154092216,3154092216,236872325,0,0,0,0,0
2025-07-22,SPMA,Suparma Tbk.,--UO2130000000B131------------,260.0,260.0,260.0,254.0,260.0,0.0,162600,41819800,56,173.6,260,129900,256,81000,3154092216,3154092216,236872325,5900,5900,0,0,0
2025-07-21,SPMA,Suparma Tbk.,--UO2130000000B131------------,262.0,0.0,262.0,252.0,260.0,-2.0,498400,126520600,89,173.6,260,94100,256,22100,3154092216,3154092216,236872325,0,7000,0,0,0
2025-07-18,SPMA,Suparma Tbk.,--UO2130000000B131------------,260.0,260.0,262.0,256.0,262.0,2.0,281800,72289000,61,174.9,260,14600,258,106600,3154092216,3154092216,236872325,0,50700,0,0,0
2025-07-17,SPMA,Suparma Tbk.,--UO2130000000B131------------,262.0,0.0,262.0,260.0,260.0,-2.0,16900,4404400,26,173.6,264,80100,260,6500,3154092216,3154092216,236872325,0,0,0,0,0
2025-07-16,SPMA,Suparma Tbk.,--UO2130000000B131------------,260.0,0.0,262.0,260.0,262.0,2.0,57100,14878400,30,174.9,262,10800,260,3000,3154092216,3154092216,236872325,0,0,0,0,0
2025-07-15,SPMA,Suparma Tbk.,--UO2130000000B131------------,262.0,0.0,262.0,260.0,260.0,-2.0,195600,50870600,30,173.6,262,105100,260,39600,3154092216,3154092216,236872325,0,0,0,0,0
2025-07-14,SPMA,Suparma Tbk.,--UO2130000000B131------------,260.0,0.0,268.0,260.0,262.0,2.0,137500,35920400,64,174.9,264,49700,260,188500,3154092216,3154092216,236872325,20800,0,0,0,0
2025-07-11,SPMA,Suparma Tbk.,--UO2130000000B131------------,260.0,0.0,264.0,258.0,260.0,0.0,33600,8788000,35,173.6,260,26500,258,24100,3154092216,3154092216,236872325,0,0,30,7620,1
2025-07-10,SPMA,Suparma Tbk.,--UO2130000000B131------------,254.0,254.0,262.0,254.0,260.0,6.0,642700,167288600,146,173.6,262,300,258,297000,3154092216,3154092216,236872325,10400,88100,0,0,0
2025-07-09,SPMA,Suparma Tbk.,--UO2130000000B131------------,254.0,0.0,256.0,252.0,254.0,0.0,151400,38434200,40,169.6,254,48300,252,19100,3154092216,3154092216,236872325,0,0,0,0,0
2025-07-08,SPMA,Suparma Tbk.,--UO2130000000B131------------,254.0,0.0,254.0,252.0,254.0,0.0,47500,12017400,33,169.6,254,139400,252,1000,3154092216,3154092216,236872325,0,0,0,0,0
2025-07-07,SPMA,Suparma Tbk.,--UO2130000000B131------------,252.0,252.0,254.0,250.0,254.0,2.0,118500,29879000,74,169.6,254,110400,250,102100,3154092216,3154092216,236872325,0,9700,0,0,0
2025-07-04,SPMA,Suparma Tbk.,--UO2130000000B131------------,252.0,252.0,254.0,250.0,252.0,0.0,73700,18560800,44,168.2,252,74700,250,19100,3154092216,3154092216,236872325,0,0,0,0,0
2025-07-03,SPMA,Suparma Tbk.,--UO2130000000B131------------,254.0,0.0,256.0,248.0,252.0,-2.0,887900,222017000,115,168.2,252,3100,250,12100,3154092216,3154092216,236872325,0,16400,0,0,0
2025-07-02,SPMA,Suparma Tbk.,--UO2130000000B131------------,256.0,256.0,256.0,250.0,254.0,-2.0,492500,123781200,96,169.6,254,200,252,30000,3154092216,3154092216,236872325,0,0,0,0,0
2025-07-01,SPMA,Suparma Tbk.,--UO2130000000B131------------,256.0,256.0,258.0,252.0,256.0,0.0,115000,29300600,70,170.9,256,24900,254,1000,3154092216,3154092216,236872325,0,0,0,0,0
2025-06-30,SPMA,Suparma Tbk.,--UO2130000000B131------------,254.0,256.0,258.0,250.0,256.0,2.0,213000,53907600,97,170.9,256,24000,254,4500,3154092216,3154092216,236872325,0,19200,0,0,0
2025-06-26,SPMA,Suparma Tbk.,--UO2130000000B131------------,258.0,0.0,258.0,250.0,254.0,-4.0,180100,45383400,82,169.6,258,11300,254,100,3154092216,3154092216,236872325,0,19600,0,0,0
2025-06-25,SPMA,Suparma Tbk.,--UO2130000000B131------------,260.0,256.0,260.0,254.0,258.0,-2.0,52900,13513200,46,172.2,258,18700,256,2300,3154092216,3154092216,236872325,0,0,0,0,0
2025-06-24,SPMA,Suparma Tbk.,--UO2130000000B131------------,254.0,254.0,262.0,252.0,260.0,6.0,202200,51454200,52,173.6,260,11500,256,100,3154092216,3154092216,236872325,1900,0,0,0,0
2025-06-23,SPMA,Suparma Tbk.,--UO2130000000B131------------,262.0,262.0,262.0,250.0,254.0,-8.0,230800,58487400,70,169.6,256,52000,254,2500,3154092216,3154092216,236872325,400,0,0,0,0
2025-06-20,SPMA,Suparma Tbk.,--UO2130000000B131------------,256.0,256.0,264.0,256.0,262.0,6.0,67900,17606800,38,174.9,262,43200,260,5900,3154092216,3154092216,236872325,19600,2300,0,0,0
2025-06-19,SPMA,Suparma Tbk.,--UO2130000000B131------------,268.0,0.0,270.0,250.0,256.0,-12.0,767800,201414000,165,170.9,264,300,256,34200,3154092216,3154092216,236872325,41600,27900,0,0,0
2025-06-18,SPMA,Suparma Tbk.,--UO2130000000B131------------,272.0,270.0,270.0,266.0,268.0,-4.0,102900,27575000,40,178.9,268,2000,266,22900,3154092216,3154092216,236872325,27000,0,0,0,0
2025-06-17,SPMA,Suparma Tbk.,--UO2130000000B131------------,270.0,0.0,272.0,266.0,272.0,2.0,59600,15975200,46,181.6,270,300,268,3100,3154092216,3154092216,236872325,0,0,0,0,0
2025-06-16,SPMA,Suparma Tbk.,--UO2130000000B131------------,270.0,272.0,276.0,268.0,270.0,0.0,45400,12281800,42,180.3,272,100,270,3800,3154092216,3154092216,236872325,22300,0,0,0,0
2025-06-13,SPMA,Suparma Tbk.,--UO2130000000B131------------,272.0,272.0,276.0,270.0,270.0,-2.0,343000,93677600,66,180.3,270,20400,268,35800,3154092216,3154092216,236872325,4500,0,0,0,0
2025-06-12,SPMA,Suparma Tbk.,--UO2130000000B131------------,276.0,278.0,278.0,268.0,272.0,-4.0,113800,30972200,103,181.6,272,5700,270,3000,3154092216,3154092216,236872325,9800,0,0,0,0
2025-06-11,SPMA,Suparma Tbk.,--UO2130000000B131------------,272.0,274.0,280.0,266.0,276.0,4.0,341000,92141800,164,184.3,278,70700,270,2100,3154092216,3154092216,236872325,3100,0,0,0,0
2025-06-10,SPMA,Suparma Tbk.,--UO2130000000B131------------,280.0,0.0,282.0,270.0,272.0,-8.0,408400,111396800,154,181.6,276,3700,272,20900,3154092216,3154092216,236872325,0,0,0,0,0
2025-06-05,SPMA,Suparma Tbk.,--UO2130000000B131------------,280.0,280.0,282.0,276.0,280.0,0.0,348400,96940400,91,186.9,280,92100,278,38300,3154092216,3154092216,236872325,0,0,129500000,36260000000,1
2025-06-04,SPMA,Suparma Tbk.,--UO2130000000B131------------,272.0,272.0,282.0,272.0,280.0,8.0,909700,251386000,173,186.9,280,75300,278,66100,3154092216,3154092216,236872325,0,0,0,0,0
2025-06-03,SPMA,Suparma Tbk.,--UO2130000000B131------------,268.0,0.0,276.0,266.0,272.0,4.0,935100,253521400,207,181.6,272,144300,270,3400,3154092216,3154092216,236872325,0,441200,0,0,0
2025-06-02,SPMA,Suparma Tbk.,--UO2130000000B131------------,272.0,272.0,272.0,268.0,268.0,-4.0,222300,60144800,58,178.9,270,164800,268,89100,3154092216,3154092216,236872325,0,0,0,0,0
2025-05-28,SPMA,Suparma Tbk.,--UO2130000000B131------------,270.0,272.0,272.0,268.0,272.0,2.0,423500,114405600,104,181.6,272,53700,270,82000,3154092216,3154092216,236872325,0,364500,0,0,0
2025-05-27,SPMA,Suparma Tbk.,--UO2130000000B131------------,266.0,0.0,274.0,266.0,270.0,4.0,719000,194077600,196,180.3,272,107400,270,88500,3154092216,3154092216,236872325,0,366500,114171894,30369723804,1
2025-05-26,SPMA,Suparma Tbk.,--UO2130000000B131------------,270.0,270.0,272.0,264.0,266.0,-4.0,167500,44808400,125,177.6,266,3900,264,58600,3154092216,3154092216,236872325,0,0,0,0,0
2025-05-23,SPMA,Suparma Tbk.,--UO2130000000B131------------,268.0,268.0,272.0,266.0,270.0,2.0,737200,198044000,159,180.3,270,24900,268,96600,3154092216,3154092216,236872325,0,352200,0,0,0
2025-05-22,SPMA,Suparma Tbk.,--UO2130000000B131------------,266.0,268.0,268.0,258.0,268.0,2.0,528700,139447000,149,178.9,268,46600,266,1000,3154092216,3154092216,236872325,0,228700,0,0,0
2025-05-21,SPMA,Suparma Tbk.,--UO2130000000B131------------,270.0,272.0,274.0,260.0,266.0,-4.0,1664500,447085200,261,177.6,266,105300,264,68300,3154092216,3154092216,236872325,0,0,0,0,0
2025-05-20,SPMA,Suparma Tbk.,--UO2130000000B131------------,260.0,0.0,282.0,260.0,270.0,10.0,4430300,1191224600,643,180.3,270,118700,268,7600,3154092216,3154092216,236872325,9900,289900,1545700044,401882011528,2
2025-05-19,SPMA,Suparma Tbk.,--UO2130000000B131------------,262.0,262.0,264.0,258.0,260.0,-2.0,257200,66693000,75,173.6,262,28900,260,8200,3154092216,3154092216,236872325,0,6500,0,0,0
2025-05-16,SPMA,Suparma Tbk.,--UO2130000000B131------------,260.0,260.0,262.0,258.0,262.0,2.0,29300,7623600,48,174.9,262,76500,260,300,3154092216,3154092216,236872325,0,0,0,0,0
2025-05-15,SPMA,Suparma Tbk.,--UO2130000000B131------------,258.0,0.0,260.0,258.0,260.0,2.0,194700,50576000,57,173.6,260,22000,258,137900,3154092216,3154092216,236872325,0,16800,0,0,0
2025-05-14,SPMA,Suparma Tbk.,--UO2130000000B131------------,256.0,256.0,258.0,256.0,258.0,2.0,241200,61773200,56,172.2,258,19400,256,74600,3154092216,3154092216,236872325,0,0,0,0,0
2025-05-09,SPMA,Suparma Tbk.,--UO2130000000B131------------,258.0,254.0,260.0,254.0,256.0,-2.0,81000,20776200,49,170.9,258,10900,254,33200,3154092216,3154092216,236872325,20000,0,0,0,0
2025-05-08,SPMA,Suparma Tbk.,--UO2130000000B131------------,254.0,258.0,258.0,254.0,258.0,4.0,101200,25953600,66,172.2,260,114600,256,1400,3154092216,3154092216,236872325,0,0,0,0,0
2025-05-07,SPMA,Suparma Tbk.,--UO2130000000B131------------,260.0,260.0,262.0,252.0,254.0,-6.0,438000,111647600,203,169.6,256,9800,254,175800,3154092216,3154092216,236872325,500,0,0,0,0
2025-05-06,SPMA,Suparma Tbk.,--UO2130000000B131------------,260.0,262.0,262.0,250.0,260.0,0.0,462600,118597400,135,173.6,260,68000,256,1400,3154092216,3154092216,236872325,0,0,0,0,0
2025-05-05,SPMA,Suparma Tbk.,--UO2130000000B131------------,260.0,256.0,262.0,254.0,260.0,0.0,267100,69032800,114,173.6,262,12600,258,14700,3154092216,3154092216,236872325,0,0,0,0,0
2025-05-02,SPMA,Suparma Tbk.,--UO2130000000B131------------,266.0,264.0,264.0,250.0,260.0,-6.0,1659200,422506400,286,173.6,260,38800,256,2700,3154092216,3154092216,236872325,0,59900,0,0,0
2025-04-30,SPMA,Suparma Tbk.,--UO2130000000B131------------,264.0,266.0,266.0,262.0,266.0,2.0,373600,99355400,49,177.6,266,111500,264,22300,3154092216,3154092216,236872325,0,0,0,0,0
2025-04-29,SPMA,Suparma Tbk.,--UO2130000000B131------------,266.0,266.0,266.0,258.0,264.0,-2.0,647600,169028200,172,176.2,266,233300,262,100,3154092216,3154092216,236872325,19500,0,0,0,0
2025-04-28,SPMA,Suparma Tbk.,--UO2130000000B131------------,268.0,0.0,268.0,264.0,266.0,-2.0,234100,61938200,73,177.6,266,21700,264,35500,3154092216,3154092216,236872325,200,0,0,0,0
2025-04-25,SPMA,Suparma Tbk.,--UO2130000000B131------------,264.0,264.0,270.0,264.0,268.0,4.0,112300,30063400,37,178.9,268,43800,266,3200,3154092216,3154092216,236872325,0,0,0,0,0
2025-04-24,SPMA,Suparma Tbk.,--UO2130000000B131------------,266.0,0.0,268.0,264.0,264.0,-2.0,201800,53394600,53,176.2,266,13800,264,100,3154092216,3154092216,236872325,0,0,0,0,0
2025-04-23,SPMA,Suparma Tbk.,--UO2130000000B131------------,268.0,268.0,270.0,264.0,266.0,-2.0,28600,7582400,41,177.6,266,38500,264,30200,3154092216,3154092216,236872325,0,0,0,0,0
2025-04-22,SPMA,Suparma Tbk.,--UO2130000000B131------------,268.0,0.0,268.0,250.0,268.0,0.0,386300,100037200,119,178.9,268,32500,264,26200,3154092216,3154092216,236872325,0,10400,0,0,0
2025-04-21,SPMA,Suparma Tbk.,--UO2130000000B131------------,266.0,0.0,270.0,266.0,268.0,2.0,9300,2488200,11,178.9,268,19400,264,25400,3154092216,3154092216,236872325,0,0,0,0,0
2025-04-17,SPMA,Suparma Tbk.,--UO2130000000B131------------,268.0,268.0,268.0,264.0,266.0,-2.0,57000,15175600,37,177.6,266,22200,264,2600,3154092216,3154092216,236872325,0,0,0,0,0
2025-04-16,SPMA,Suparma Tbk.,--UO2130000000B131------------,264.0,264.0,270.0,264.0,268.0,4.0,97300,25914600,36,178.9,268,26200,264,7600,3154092216,3154092216,236872325,0,0,67,16080,1
2025-04-15,SPMA,Suparma Tbk.,--UO2130000000B131------------,264.0,270.0,270.0,264.0,264.0,0.0,112600,29980000,28,176.2,266,2400,264,8100,3154092216,3154092216,236872325,0,0,0,0,0
2025-04-14,SPMA,Suparma Tbk.,--UO2130000000B131------------,266.0,270.0,270.0,260.0,264.0,-2.0,106700,28273800,58,176.2,266,4900,264,11600,3154092216,3154092216,236872325,6700,4200,0,0,0
2025-04-11,SPMA,Suparma Tbk.,--UO2130000000B131------------,262.0,0.0,276.0,262.0,266.0,4.0,37700,9987800,36,177.6,266,32900,264,100,3154092216,3154092216,236872325,100,0,0,0,0
2025-04-10,SPMA,Suparma Tbk.,--UO2130000000B131------------,262.0,268.0,268.0,260.0,262.0,0.0,56000,14781400,40,174.9,264,500,262,12700,3154092216,3154092216,236872325,100,0,0,0,0
2025-04-09,SPMA,Suparma Tbk.,--UO2130000000B131------------,260.0,260.0,274.0,260.0,262.0,2.0,306700,80097000,54,174.9,262,13600,260,7500,3154092216,3154092216,236872325,14200,18400,0,0,0
2025-04-08,SPMA,Suparma Tbk.,--UO2130000000B131------------,272.0,268.0,268.0,260.0,260.0,-12.0,186400,48634600,63,173.6,264,9700,260,148200,3154092216,3154092216,236872325,10100,0,0,0,0
2025-03-27,SPMA,Suparma Tbk.,--UO2130000000B131------------,268.0,0.0,286.0,270.0,272.0,4.0,283300,78700800,50,181.6,278,200,274,22700,3154092216,3154092216,236872325,7500,0,0,0,0
2025-03-26,SPMA,Suparma Tbk.,--UO2130000000B131------------,268.0,270.0,274.0,268.0,268.0,0.0,13700,3710000,25,178.9,272,100,270,100,3154092216,3154092216,236872325,0,0,0,0,0
2025-03-25,SPMA,Suparma Tbk.,--UO2130000000B131------------,272.0,0.0,272.0,264.0,268.0,-4.0,116800,31176400,47,178.9,270,3700,268,6600,3154092216,3154092216,236872325,8700,61600,0,0,0
2025-03-24,SPMA,Suparma Tbk.,--UO2130000000B131------------,262.0,0.0,274.0,260.0,272.0,10.0,140200,36859400,55,181.6,272,10300,266,22000,3154092216,3154092216,236872325,5100,41400,0,0,0
2025-03-21,SPMA,Suparma Tbk.,--UO2130000000B131------------,272.0,0.0,272.0,260.0,262.0,-10.0,68100,18282800,23,174.9,272,16200,262,1300,3154092216,3154092216,236872325,0,0,0,0,0
2025-03-20,SPMA,Suparma Tbk.,--UO2130000000B131------------,272.0,0.0,274.0,266.0,272.0,0.0,17000,4616400,25,181.6,272,18500,270,6100,3154092216,3154092216,236872325,3300,0,0,0,0
2025-03-19,SPMA,Suparma Tbk.,--UO2130000000B131------------,268.0,272.0,276.0,266.0,272.0,4.0,85900,23340400,44,181.6,274,100,272,4400,3154092216,3154092216,236872325,3900,4200,0,0,0
2025-03-18,SPMA,Suparma Tbk.,--UO2130000000B131------------,272.0,0.0,276.0,266.0,268.0,-4.0,133300,35740600,53,178.9,270,21500,266,100,3154092216,3154092216,236872325,11100,0,338000000,91936000000,1
2025-03-17,SPMA,Suparma Tbk.,--UO2130000000B131------------,272.0,272.0,278.0,272.0,272.0,0.0,37700,10272400,30,181.6,274,13600,272,132800,3154092216,3154092216,236872325,0,0,0,0,0
2025-03-14,SPMA,Suparma Tbk.,--UO2130000000B131------------,268.0,268.0,274.0,268.0,272.0,4.0,50200,13568000,21,181.6,272,15600,270,54300,3154092216,3154092216,236872325,0,0,0,0,0
2025-03-13,SPMA,Suparma Tbk.,--UO2130000000B131------------,266.0,0.0,274.0,266.0,268.0,2.0,282300,76538400,49,178.9,272,500,270,100,3154092216,3154092216,236872325,15500,0,0,0,0
2025-03-12,SPMA,Suparma Tbk.,--UO2130000000B131------------,268.0,0.0,268.0,260.0,266.0,-2.0,169500,44481400,50,177.6,268,38600,266,400,3154092216,3154092216,236872325,100,10000,0,0,0
2025-03-11,SPMA,Suparma Tbk.,--UO2130000000B131------------,268.0,0.0,268.0,264.0,268.0,0.0,87000,23096000,32,178.9,268,58000,266,18200,3154092216,3154092216,236872325,2700,0,0,0,0
2025-03-10,SPMA,Suparma Tbk.,--UO2130000000B131------------,266.0,0.0,270.0,266.0,268.0,2.0,77400,20693200,54,178.9,270,700,268,400,3154092216,3154092216,236872325,100,7200,0,0,0
2025-03-07,SPMA,Suparma Tbk.,--UO2130000000B131------------,268.0,0.0,272.0,266.0,266.0,-2.0,28900,7746200,30,177.6,272,19400,268,14300,3154092216,3154092216,236872325,0,0,0,0,0
2025-03-06,SPMA,Suparma Tbk.,--UO2130000000B131------------,262.0,0.0,270.0,262.0,268.0,6.0,82300,22067800,17,178.9,270,55300,268,100,3154092216,3154092216,236872325,0,0,0,0,0
2025-03-05,SPMA,Suparma Tbk.,--UO2130000000B131------------,262.0,0.0,270.0,262.0,262.0,0.0,95300,25121000,48,174.9,268,600,262,60000,3154092216,3154092216,236872325,100,0,0,0,0
2025-03-04,SPMA,Suparma Tbk.,--UO2130000000B131------------,268.0,0.0,272.0,262.0,262.0,-6.0,356700,94913400,69,174.9,268,952200,262,12300,3154092216,3154092216,236872325,4000,0,0,0,0
2025-03-03,SPMA,Suparma Tbk.,--UO2130000000B131------------,268.0,268.0,278.0,266.0,268.0,0.0,77300,21114600,42,178.9,276,26200,268,25100,3154092216,3154092216,236872325,4900,0,0,0,0
2025-02-28,SPMA,Suparma Tbk.,--UO2130000000B131------------,280.0,278.0,278.0,266.0,268.0,-12.0,139400,38009400,56,178.9,268,11100,266,96700,3154092216,3154092216,236872325,9200,0,0,0,0
2025-02-27,SPMA,Suparma Tbk.,--UO2130000000B131------------,276.0,0.0,280.0,266.0,280.0,4.0,654500,178469600,95,186.9,280,37000,278,139500,3154092216,3154092216,236872325,0,300,30797000,8499972000,1
2025-02-26,SPMA,Suparma Tbk.,--UO2130000000B131------------,272.0,0.0,288.0,270.0,276.0,4.0,537500,150828600,80,184.3,276,18200,274,50300,3154092216,3154092216,236872325,4900,0,0,0,0
2025-02-25,SPMA,Suparma Tbk.,--UO2130000000B131------------,278.0,282.0,282.0,272.0,272.0,-6.0,514400,141023800,77,181.6,278,9300,272,47900,3154092216,3154092216,236872325,2900,0,70,19600,1
2025-02-24,SPMA,Suparma Tbk.,--UO2130000000B131------------,282.0,280.0,282.0,278.0,278.0,-4.0,185800,51809800,54,185.6,282,56000,278,44200,3154092216,3154092216,236872325,0,600,0,0,0
2025-02-21,SPMA,Suparma Tbk.,--UO2130000000B131------------,276.0,280.0,286.0,276.0,282.0,6.0,586800,165212200,69,188.3,282,24500,278,700,3154092216,3154092216,236872325,68600,0,0,0,0
2025-02-20,SPMA,Suparma Tbk.,--UO2130000000B131------------,280.0,0.0,280.0,276.0,276.0,-4.0,359700,99949600,72,184.3,282,48300,276,15300,3154092216,3154092216,236872325,700,0,0,0,0
2025-02-19,SPMA,Suparma Tbk.,--UO2130000000B131------------,286.0,286.0,288.0,272.0,280.0,-6.0,1920600,537389600,354,186.9,282,50400,278,42900,3154092216,3154092216,236872325,43200,0,0,0,0
2025-02-18,SPMA,Suparma Tbk.,--UO2130000000B131------------,286.0,288.0,288.0,284.0,286.0,0.0,112800,32310200,47,190.9,286,50100,284,155900,3154092216,3154092216,236872325,0,18700,0,0,0
2025-02-17,SPMA,Suparma Tbk.,--UO2130000000B131------------,288.0,0.0,290.0,282.0,286.0,-2.0,322500,91915600,56,190.9,288,56900,286,10300,3154092216,3154092216,236872325,0,100,0,0,0
2025-02-14,SPMA,Suparma Tbk.,--UO2130000000B131------------,286.0,288.0,292.0,286.0,288.0,2.0,32900,9473000,22,192.3,292,2200,288,1400,3154092216,3154092216,236872325,0,0,0,0,0
2025-02-13,SPMA,Suparma Tbk.,--UO2130000000B131------------,296.0,0.0,294.0,286.0,286.0,-10.0,60600,17590400,35,190.9,292,1000,288,3000,3154092216,3154092216,236872325,8600,0,67,19430,1
2025-02-12,SPMA,Suparma Tbk.,--UO2130000000B131------------,292.0,0.0,296.0,290.0,296.0,4.0,176200,51819200,40,197.6,296,76800,294,800,3154092216,3154092216,236872325,8000,161700,0,0,0
2025-02-11,SPMA,Suparma Tbk.,--UO2130000000B131------------,292.0,292.0,298.0,290.0,292.0,0.0,503100,146574600,113,194.9,292,18800,288,6900,3154092216,3154092216,236872325,7500,447700,0,0,0
2025-02-10,SPMA,Suparma Tbk.,--UO2130000000B131------------,296.0,300.0,304.0,288.0,292.0,-4.0,306500,89845800,103,194.9,292,900,290,5500,3154092216,3154092216,236872325,13700,131000,0,0,0
2025-02-07,SPMA,Suparma Tbk.,--UO2130000000B131------------,290.0,290.0,312.0,288.0,296.0,6.0,739800,220799200,357,197.6,300,59100,296,2800,3154092216,3154092216,236872325,12100,500900,0,0,0
2025-02-06,SPMA,Suparma Tbk.,--UO2130000000B131------------,284.0,288.0,290.0,282.0,290.0,6.0,399800,114939000,118,193.6,290,52100,286,100,3154092216,3154092216,236872325,53300,359700,0,0,0
2025-02-05,SPMA,Suparma Tbk.,--UO2130000000B131------------,288.0,0.0,290.0,282.0,284.0,-4.0,128900,36572000,44,189.6,284,500,282,69200,3154092216,3154092216,236872325,1400,0,0,0,0
2025-02-04,SPMA,Suparma Tbk.,--UO2130000000B131------------,286.0,0.0,292.0,284.0,288.0,2.0,384500,111037400,57,192.3,290,24700,288,311100,3154092216,3154092216,236872325,1600,108900,0,0,0
2025-02-03,SPMA,Suparma Tbk.,--UO2130000000B131------------,288.0,0.0,290.0,282.0,286.0,-2.0,340400,97335400,79,190.9,288,20000,286,700,3154092216,3154092216,236872325,2600,51900,0,0,0
2025-01-31,SPMA,Suparma Tbk.,--UO2130000000B131------------,288.0,286.0,296.0,284.0,288.0,0.0,336600,97885200,81,192.3,296,9900,288,29300,3154092216,3154092216,236872325,6500,0,0,0,0
2025-01-30,SPMA,Suparma Tbk.,--UO2130000000B131------------,290.0,290.0,292.0,286.0,288.0,-2.0,121000,34911200,60,192.3,288,86300,286,43000,3154092216,3154092216,236872325,32800,0,0,0,0
2025-01-24,SPMA,Suparma Tbk.,--UO2130000000B131------------,292.0,0.0,296.0,290.0,290.0,-2.0,25400,7461600,26,193.6,296,39500,290,58000,3154092216,3154092216,236872325,4500,0,0,0,0
2025-01-23,SPMA,Suparma Tbk.,--UO2130000000B131------------,290.0,292.0,296.0,290.0,292.0,2.0,33000,9647800,37,194.9,294,1200,292,10000,3154092216,3154092216,236872325,4300,0,0,0,0
2025-01-22,SPMA,Suparma Tbk.,--UO2130000000B131------------,292.0,0.0,296.0,290.0,290.0,-2.0,112700,32943600,51,193.6,292,3900,290,22800,3154092216,3154092216,236872325,15700,0,0,0,0
2025-01-21,SPMA,Suparma Tbk.,--UO2130000000B131------------,296.0,298.0,298.0,292.0,292.0,-4.0,37100,10909000,28,194.9,296,15200,292,30100,3154092216,3154092216,236872325,3500,0,0,0,0
2025-01-20,SPMA,Suparma Tbk.,--UO2130000000B131------------,290.0,0.0,298.0,280.0,296.0,6.0,453500,129359200,148,197.6,298,30000,296,312300,3154092216,3154092216,236872325,10400,150000,0,0,0
2025-01-17,SPMA,Suparma Tbk.,--UO2130000000B131------------,290.0,292.0,292.0,290.0,290.0,0.0,232000,67392800,35,193.6,292,8100,290,58500,3154092216,3154092216,236872325,5100,0,0,0,0
2025-01-16,SPMA,Suparma Tbk.,--UO2130000000B131------------,294.0,294.0,294.0,290.0,290.0,-4.0,94900,27718800,48,193.6,294,62900,290,196500,3154092216,3154092216,236872325,100,0,0,0,0
2025-01-15,SPMA,Suparma Tbk.,--UO2130000000B131------------,292.0,290.0,294.0,290.0,294.0,2.0,117800,34263600,51,196.3,294,37100,292,10900,3154092216,3154092216,236872325,1900,0,0,0,0
2025-01-14,SPMA,Suparma Tbk.,--UO2130000000B131------------,296.0,0.0,294.0,290.0,292.0,-4.0,92000,26887800,33,194.9,294,18000,292,84300,3154092216,3154092216,236872325,8600,0,90,26280,1
2025-01-13,SPMA,Suparma Tbk.,--UO2130000000B131------------,292.0,0.0,296.0,292.0,296.0,4.0,42300,12440800,27,197.6,296,24200,292,55100,3154092216,3154092216,236872325,1000,0,0,0,0
2025-01-10,SPMA,Suparma Tbk.,--UO2130000000B131------------,296.0,0.0,298.0,292.0,292.0,-4.0,71100,21013200,40,194.9,298,301700,292,136200,3154092216,3154092216,236872325,5500,0,0,0,0
2025-01-09,SPMA,Suparma Tbk.,--UO2130000000B131------------,296.0,0.0,300.0,294.0,296.0,0.0,199400,58805400,33,197.6,300,37900,296,321900,3154092216,3154092216,236872325,8000,83700,0,0,0
2025-01-08,SPMA,Suparma Tbk.,--UO2130000000B131------------,292.0,0.0,302.0,292.0,296.0,4.0,6400,1907800,21,197.6,300,358000,296,3200,3154092216,3154092216,236872325,0,0,0,0,0
2025-01-07,SPMA,Suparma Tbk.,--UO2130000000B131------------,300.0,0.0,298.0,292.0,292.0,-8.0,322400,95598400,51,194.9,298,80000,292,20500,3154092216,3154092216,236872325,71000,312300,0,0,0
2025-01-06,SPMA,Suparma Tbk.,--UO2130000000B131------------,296.0,298.0,300.0,290.0,300.0,4.0,152300,44793400,80,200.3,300,47700,296,14900,3154092216,3154092216,236872325,100,0,0,0,0
2025-01-03,SPMA,Suparma Tbk.,--UO2130000000B131------------,300.0,0.0,302.0,296.0,296.0,-4.0,60700,18102200,38,197.6,302,124400,296,39500,3154092216,3154092216,236872325,100,3000,0,0,0
2025-01-02,SPMA,Suparma Tbk.,--UO2130000000B131------------,296.0,0.0,302.0,296.0,300.0,4.0,44700,13387200,21,200.3,302,49000,300,55400,3154092216,3154092216,236872325,5700,0,0,0,0
2024-12-30,SPMA,Suparma Tbk.,--UO2130000000B131------------,302.0,0.0,302.0,278.0,296.0,-6.0,439200,129910400,131,197.6,300,62300,296,24400,3154092216,3154092216,236872325,0,25400,0,0,0
2024-12-27,SPMA,Suparma Tbk.,--UO2130000000B131------------,300.0,300.0,304.0,300.0,302.0,2.0,61900,18708400,36,201.6,304,100000,302,14500,3154092216,3154092216,236872325,0,13100,91,27118,1
2024-12-24,SPMA,Suparma Tbk.,--UO2130000000B131------------,298.0,0.0,302.0,298.0,300.0,2.0,87200,26136000,41,200.3,302,69100,300,367700,3154092216,3154092216,236872325,0,49500,0,0,0
2024-12-23,SPMA,Suparma Tbk.,--UO2130000000B131------------,298.0,0.0,302.0,296.0,298.0,0.0,273100,81140200,55,198.9,300,100,298,9400,3154092216,3154092216,236872325,300,190900,0,0,0
2024-12-20,SPMA,Suparma Tbk.,--UO2130000000B131------------,300.0,0.0,302.0,298.0,298.0,-2.0,567200,170117000,58,198.9,300,75600,298,32300,3154092216,3154092216,236872325,200,400000,0,0,0
2024-12-19,SPMA,Suparma Tbk.,--UO2130000000B131------------,302.0,0.0,304.0,298.0,300.0,-2.0,509300,152919600,58,200.3,302,14000,300,6900,3154092216,3154092216,236872325,47400,377400,0,0,0
2024-12-18,SPMA,Suparma Tbk.,--UO2130000000B131------------,300.0,300.0,308.0,300.0,302.0,2.0,125200,37926600,57,201.6,304,37700,302,2600,3154092216,3154092216,236872325,100,17400,0,0,0
2024-12-17,SPMA,Suparma Tbk.,--UO2130000000B131------------,300.0,0.0,302.0,300.0,300.0,0.0,80500,24207800,33,200.3,302,16700,300,129400,3154092216,3154092216,236872325,6300,54400,0,0,0
2024-12-16,SPMA,Suparma Tbk.,--UO2130000000B131------------,302.0,302.0,302.0,298.0,300.0,-2.0,104800,31441400,44,200.3,302,21300,300,11100,3154092216,3154092216,236872325,0,78500,0,0,0
2024-12-13,SPMA,Suparma Tbk.,--UO2130000000B131------------,302.0,302.0,302.0,300.0,302.0,0.0,67900,20394600,47,201.6,302,27100,300,14500,3154092216,3154092216,236872325,0,30900,0,0,0
2024-12-12,SPMA,Suparma Tbk.,--UO2130000000B131------------,300.0,0.0,302.0,300.0,302.0,2.0,169800,51133600,38,201.6,302,383800,300,4700,3154092216,3154092216,236872325,0,47700,0,0,0
2024-12-11,SPMA,Suparma Tbk.,--UO2130000000B131------------,302.0,0.0,302.0,298.0,300.0,-2.0,183100,54965000,54,200.3,302,53000,300,39300,3154092216,3154092216,236872325,0,95000,5,1490,1
2024-12-10,SPMA,Suparma Tbk.,--UO2130000000B131------------,300.0,300.0,302.0,298.0,302.0,2.0,267900,80373000,52,201.6,302,104100,300,8700,3154092216,3154092216,236872325,3700,230100,0,0,0
2024-12-09,SPMA,Suparma Tbk.,--UO2130000000B131------------,302.0,300.0,300.0,296.0,300.0,-2.0,654600,196018200,152,200.3,300,5800,298,4100,3154092216,3154092216,236872325,100,417300,75,22500,1
2024-12-06,SPMA,Suparma Tbk.,--U-2130000000B131------------,296.0,0.0,302.0,296.0,302.0,6.0,433300,129901000,110,201.6,300,300,298,1800,3154092216,3154092216,236872325,0,395200,0,0,0
2024-12-05,SPMA,Suparma Tbk.,--U-2130000000B131------------,300.0,0.0,302.0,296.0,296.0,-4.0,279900,83576800,54,197.6,298,33600,296,63000,3154092216,3154092216,236872325,0,2700,0,0,0
2024-12-04,SPMA,Suparma Tbk.,--U-2130000000B131------------,294.0,0.0,302.0,292.0,300.0,6.0,643700,191831200,182,200.3,300,54700,298,40000,3154092216,3154092216,236872325,17200,431800,0,0,0
2024-12-03,SPMA,Suparma Tbk.,--U-2130000000B131------------,294.0,0.0,302.0,294.0,294.0,0.0,406500,121895200,157,196.3,300,7100,294,100300,3154092216,3154092216,236872325,16900,400000,0,0,0
2024-12-02,SPMA,Suparma Tbk.,--U-2130000000B131------------,300.0,0.0,300.0,292.0,294.0,-6.0,609200,181480600,121,196.3,296,36800,294,1600,3154092216,3154092216,236872325,29800,424100,0,0,0
2024-11-29,SPMA,Suparma Tbk.,--U-2130000000B131------------,298.0,0.0,302.0,296.0,300.0,2.0,53100,15837200,37,200.3,300,25100,298,200,3154092216,3154092216,236872325,0,0,0,0,0
2024-11-28,SPMA,Suparma Tbk.,--U-2130000000B131------------,298.0,0.0,304.0,298.0,298.0,0.0,19100,5737400,18,198.9,302,132300,298,15000,3154092216,3154092216,236872325,5800,0,0,0,0
2024-11-26,SPMA,Suparma Tbk.,--U-2130000000B131------------,300.0,0.0,304.0,298.0,298.0,-2.0,267300,80384000,43,198.9,302,10500,298,23600,3154092216,3154092216,236872325,0,0,0,0,0
2024-11-25,SPMA,Suparma Tbk.,--U-2130000000B131------------,302.0,0.0,304.0,298.0,300.0,-2.0,95700,28619200,34,200.3,300,11500,298,17600,3154092216,3154092216,236872325,100,0,0,0,0
2024-11-22,SPMA,Suparma Tbk.,--U-2130000000B131------------,294.0,0.0,304.0,296.0,302.0,8.0,144000,43674200,37,201.6,302,600,300,51200,3154092216,3154092216,236872325,1700,4700,0,0,0
2024-11-21,SPMA,Suparma Tbk.,--U-2130000000B131------------,300.0,0.0,304.0,294.0,294.0,-6.0,124800,37077600,66,196.3,300,3200,294,10100,3154092216,3154092216,236872325,1700,6900,0,0,0
2024-11-20,SPMA,Suparma Tbk.,--U-2130000000B131------------,298.0,0.0,304.0,300.0,300.0,2.0,57600,17372200,39,200.3,302,89700,300,22300,3154092216,3154092216,236872325,1600,0,0,0,0
2024-11-19,SPMA,Suparma Tbk.,--U-2130000000B131------------,296.0,0.0,320.0,298.0,298.0,2.0,443000,133140200,90,198.9,298,12000,296,40200,3154092216,3154092216,236872325,100,0,0,0,0
2024-11-18,SPMA,Suparma Tbk.,--U-2130000000B131------------,300.0,0.0,300.0,292.0,296.0,-4.0,251600,74333200,106,197.6,296,52600,292,10500,3154092216,3154092216,236872325,10600,0,0,0,0
2024-11-15,SPMA,Suparma Tbk.,--U-2130000000B131------------,300.0,0.0,304.0,300.0,300.0,0.0,524200,157338400,88,200.3,300,41700,298,25500,3154092216,3154092216,236872325,0,407600,0,0,0
2024-11-14,SPMA,Suparma Tbk.,--U-2130000000B131------------,302.0,0.0,304.0,300.0,300.0,-2.0,297100,89440800,64,200.3,304,16000,300,73700,3154092216,3154092216,236872325,9600,1200,0,0,0
2024-11-13,SPMA,Suparma Tbk.,--U-2130000000B131------------,304.0,0.0,310.0,300.0,302.0,-2.0,174200,52496600,80,201.6,302,11000,300,20600,3154092216,3154092216,236872325,8800,0,674342106,205000000224,1
2024-11-12,SPMA,Suparma Tbk.,--U-2130000000B131------------,304.0,0.0,310.0,300.0,304.0,0.0,97500,29454600,72,203.0,304,300,302,191400,3154092216,3154092216,236872325,0,12200,0,0,0
2024-11-11,SPMA,Suparma Tbk.,--U-2130000000B131------------,312.0,0.0,316.0,300.0,304.0,-8.0,172300,52323000,86,203.0,308,3200,304,500,3154092216,3154092216,236872325,9800,0,0,0,0
2024-11-08,SPMA,Suparma Tbk.,--U-2130000000B131------------,316.0,0.0,316.0,310.0,312.0,-4.0,118800,37046800,42,208.3,312,11200,310,177100,3154092216,3154092216,236872325,7200,15000,0,0,0
2024-11-07,SPMA,Suparma Tbk.,--U-2130000000B131------------,318.0,0.0,318.0,310.0,316.0,-2.0,131200,40821400,49,211.0,316,167000,312,13800,3154092216,3154092216,236872325,0,24700,0,0,0
2024-11-06,SPMA,Suparma Tbk.,--U-2130000000B131------------,318.0,0.0,322.0,316.0,318.0,0.0,54400,17342600,27,212.3,320,411900,316,11900,3154092216,3154092216,236872325,0,100,0,0,0
2024-11-05,SPMA,Suparma Tbk.,--U-2130000000B131------------,318.0,0.0,322.0,314.0,318.0,0.0,181900,58084200,42,212.3,318,117900,316,2100,3154092216,3154092216,236872325,35700,0,0,0,0
2024-11-04,SPMA,Suparma Tbk.,--U-2130000000B131------------,322.0,0.0,324.0,314.0,318.0,-4.0,195800,62125000,80,212.3,318,12200,316,52000,3154092216,3154092216,236872325,28500,0,0,0,0
2024-11-01,SPMA,Suparma Tbk.,--U-2130000000B131------------,324.0,0.0,328.0,318.0,322.0,-2.0,339500,109392200,84,215.0,324,120500,320,3400,3154092216,3154092216,236872325,22400,0,0,0,0
2024-10-31,SPMA,Suparma Tbk.,--U-2130000000B131------------,322.0,0.0,334.0,320.0,324.0,2.0,690600,225727800,133,216.3,324,119600,322,7300,3154092216,3154092216,236872325,23100,0,0,0,0
2024-10-30,SPMA,Suparma Tbk.,--U-2130000000B131------------,326.0,0.0,328.0,320.0,322.0,-4.0,309300,99924400,99,215.0,324,38800,320,77100,3154092216,3154092216,236872325,400,0,0,0,0
2024-10-29,SPMA,Suparma Tbk.,--U-2130000000B131------------,320.0,0.0,330.0,318.0,326.0,6.0,958000,311555800,146,217.6,326,159300,324,75900,3154092216,3154092216,236872325,7600,0,0,0,0
2024-10-28,SPMA,Suparma Tbk.,--U-2130000000B131------------,314.0,0.0,330.0,310.0,320.0,6.0,986200,319057400,275,213.6,322,24000,318,133300,3154092216,3154092216,236872325,66800,5900,0,0,0
2024-10-25,SPMA,Suparma Tbk.,--U-2130000000B131------------,312.0,0.0,316.0,312.0,314.0,2.0,93300,29304200,46,209.6,314,13000,312,97000,3154092216,3154092216,236872325,0,1000,0,0,0
2024-10-24,SPMA,Suparma Tbk.,--U-2130000000B131------------,312.0,0.0,316.0,312.0,312.0,0.0,177600,56010200,50,208.3,316,25700,312,14400,3154092216,3154092216,236872325,8800,0,0,0,0
2024-10-23,SPMA,Suparma Tbk.,--U-2130000000B131------------,312.0,0.0,318.0,312.0,312.0,0.0,156100,48873200,72,208.3,314,61200,312,15100,3154092216,3154092216,236872325,7600,0,50,15000,1
2024-10-22,SPMA,Suparma Tbk.,--U-2130000000B131------------,316.0,0.0,318.0,308.0,312.0,-4.0,472200,147289000,95,208.3,314,25100,312,98400,3154092216,3154092216,236872325,53200,29100,0,0,0
2024-10-21,SPMA,Suparma Tbk.,--U-2130000000B131------------,316.0,0.0,324.0,300.0,316.0,0.0,75900,24055000,55,211.0,318,16500,316,4300,3154092216,3154092216,236872325,1800,15900,0,0,0
2024-10-18,SPMA,Suparma Tbk.,--U-2130000000B131------------,316.0,0.0,320.0,308.0,316.0,0.0,334300,105524600,101,211.0,318,18100,316,97500,3154092216,3154092216,236872325,0,4700,0,0,0
2024-10-17,SPMA,Suparma Tbk.,--U-2130000000B131------------,314.0,0.0,316.0,312.0,316.0,2.0,107900,33802000,47,211.0,316,12000,314,100,3154092216,3154092216,236872325,0,2300,0,0,0
2024-10-16,SPMA,Suparma Tbk.,--U-2130000000B131------------,316.0,0.0,318.0,312.0,314.0,-2.0,103000,32433800,54,209.6,314,8800,312,24400,3154092216,3154092216,236872325,2500,0,0,0,0
2024-10-15,SPMA,Suparma Tbk.,--U-2130000000B131------------,318.0,0.0,320.0,312.0,316.0,-2.0,259100,81615200,70,211.0,316,1200,314,30300,3154092216,3154092216,236872325,5300,0,0,0,0
2024-10-14,SPMA,Suparma Tbk.,--U-2130000000B131------------,316.0,0.0,320.0,316.0,318.0,2.0,255200,81095800,59,212.3,318,115800,316,81300,3154092216,3154092216,236872325,0,13900,0,0,0
2024-10-11,SPMA,Suparma Tbk.,--U-2130000000B131------------,316.0,0.0,320.0,316.0,316.0,0.0,97600,30860000,35,211.0,318,38200,316,123000,3154092216,3154092216,236872325,0,0,0,0,0
2024-10-10,SPMA,Suparma Tbk.,--U-2130000000B131------------,318.0,0.0,320.0,316.0,316.0,-2.0,182700,58098800,40,211.0,318,24900,316,129300,3154092216,3154092216,236872325,300,30000,0,0,0
2024-10-09,SPMA,Suparma Tbk.,--U-2130000000B131------------,322.0,0.0,322.0,316.0,318.0,-4.0,204500,65243400,57,212.3,318,108700,316,282100,3154092216,3154092216,236872325,30000,100,0,0,0
2024-10-08,SPMA,Suparma Tbk.,--U-2130000000B131------------,326.0,0.0,326.0,316.0,322.0,-4.0,115800,36946400,61,215.0,322,6700,318,48200,3154092216,3154092216,236872325,0,2100,0,0,0
2024-10-07,SPMA,Suparma Tbk.,--U-2130000000B131------------,328.0,0.0,330.0,314.0,326.0,-2.0,197700,63192000,103,217.6,326,9700,320,40000,3154092216,3154092216,236872325,16200,41700,0,0,0
2024-10-04,SPMA,Suparma Tbk.,--U-2130000000B131------------,324.0,0.0,328.0,308.0,328.0,4.0,1040700,329272800,257,219.0,328,133700,326,53100,3154092216,3154092216,236872325,0,160200,0,0,0
2024-10-03,SPMA,Suparma Tbk.,--U-2130000000B131------------,326.0,0.0,332.0,322.0,324.0,-2.0,153000,49804200,82,216.3,326,11800,324,2300,3154092216,3154092216,236872325,0,12200,0,0,0
2024-10-02,SPMA,Suparma Tbk.,--U-2130000000B131------------,328.0,0.0,332.0,322.0,326.0,-2.0,548300,179484800,136,217.6,326,58300,322,114000,3154092216,3154092216,236872325,0,2700,0,0,0
2024-10-01,SPMA,Suparma Tbk.,--U-2130000000B131------------,330.0,0.0,332.0,326.0,328.0,-2.0,195600,64411400,79,219.0,330,144600,328,155900,3154092216,3154092216,236872325,0,2400,0,0,0
2024-09-30,SPMA,Suparma Tbk.,--U-2130000000B131------------,338.0,0.0,342.0,326.0,330.0,-8.0,1550300,514603200,296,220.3,332,21900,330,150900,3154092216,3154092216,236872325,183300,37400,0,0,0
2024-09-27,SPMA,Suparma Tbk.,--U-2130000000B131------------,310.0,0.0,348.0,310.0,338.0,28.0,4259500,1409256200,938,225.7,338,354500,336,11400,3154092216,3154092216,236872325,312700,247600,0,0,0
2024-09-26,SPMA,Suparma Tbk.,--U-2130000000B131------------,306.0,0.0,318.0,304.0,310.0,4.0,945300,293839600,168,207.0,310,700,308,142200,3154092216,3154092216,236872325,500,50100,0,0,0
2024-09-25,SPMA,Suparma Tbk.,--U-2130000000B131------------,302.0,0.0,308.0,304.0,306.0,4.0,109700,33488400,45,204.3,306,70400,304,53800,3154092216,3154092216,236872325,0,500,0,0,0
2024-09-24,SPMA,Suparma Tbk.,--U-2130000000B131------------,304.0,0.0,306.0,300.0,302.0,-2.0,223700,67866600,60,201.6,304,34400,302,37300,3154092216,3154092216,236872325,200,0,0,0,0
2024-09-23,SPMA,Suparma Tbk.,--U-2130000000B131------------,304.0,0.0,306.0,302.0,304.0,0.0,86300,26191600,38,203.0,304,61900,302,86700,3154092216,3154092216,236872325,0,3000,0,0,0
2024-09-20,SPMA,Suparma Tbk.,--U-2130000000B131------------,300.0,0.0,304.0,300.0,304.0,4.0,154500,46812400,27,203.0,304,34900,302,65800,3154092216,3154092216,236872325,0,0,0,0,0
2024-09-19,SPMA,Suparma Tbk.,--U-2130000000B131------------,302.0,0.0,304.0,300.0,300.0,-2.0,693600,209950400,77,200.3,302,20000,300,252600,3154092216,3154092216,236872325,1500,39900,0,0,0
2024-09-18,SPMA,Suparma Tbk.,--U-2130000000B131------------,302.0,0.0,302.0,298.0,302.0,0.0,155800,46679200,58,201.6,302,228000,300,89000,3154092216,3154092216,236872325,0,2000,0,0,0
2024-09-17,SPMA,Suparma Tbk.,--U-2130000000B131------------,302.0,0.0,304.0,300.0,302.0,0.0,62500,18811200,47,201.6,302,117700,300,56600,3154092216,3154092216,236872325,0,5600,0,0,0
2024-09-13,SPMA,Suparma Tbk.,--U-2130000000B131------------,300.0,0.0,304.0,300.0,302.0,2.0,78800,23754200,39,201.6,302,84300,300,89300,3154092216,3154092216,236872325,0,6300,0,0,0
2024-09-12,SPMA,Suparma Tbk.,--U-2130000000B131------------,302.0,0.0,304.0,298.0,300.0,-2.0,412600,123745800,64,200.3,302,77800,300,5000,3154092216,3154092216,236872325,31500,8500,0,0,0
2024-09-11,SPMA,Suparma Tbk.,--U-2130000000B131------------,302.0,0.0,304.0,300.0,302.0,0.0,301700,91099200,35,201.6,302,38000,300,142300,3154092216,3154092216,236872325,0,3800,0,0,0
2024-09-10,SPMA,Suparma Tbk.,--U-2130000000B131------------,302.0,0.0,304.0,300.0,302.0,0.0,485800,146761600,67,201.6,304,245300,302,29400,3154092216,3154092216,236872325,0,2200,0,0,0
2024-09-09,SPMA,Suparma Tbk.,--U-2130000000B131------------,304.0,0.0,306.0,300.0,302.0,-2.0,191100,58130600,62,201.6,306,71700,302,14800,3154092216,3154092216,236872325,40900,0,0,0,0
2024-09-06,SPMA,Suparma Tbk.,--U-2130000000B131------------,302.0,0.0,304.0,300.0,304.0,2.0,159200,47966600,62,203.0,304,26800,300,275200,3154092216,3154092216,236872325,0,6500,0,0,0
2024-09-05,SPMA,Suparma Tbk.,--U-2130000000B131------------,302.0,0.0,302.0,300.0,302.0,0.0,107000,32186200,59,201.6,302,10500,300,73100,3154092216,3154092216,236872325,0,7400,0,0,0
2024-09-04,SPMA,Suparma Tbk.,--U-2130000000B131------------,304.0,0.0,308.0,298.0,302.0,-2.0,184300,55343800,72,201.6,302,5400,300,10000,3154092216,3154092216,236872325,0,19000,0,0,0
2024-09-03,SPMA,Suparma Tbk.,--U-2130000000B131------------,302.0,0.0,304.0,300.0,304.0,2.0,199500,60224800,60,203.0,304,138100,300,246400,3154092216,3154092216,236872325,600,23800,0,0,0
2024-09-02,SPMA,Suparma Tbk.,--U-2130000000B131------------,300.0,0.0,306.0,300.0,302.0,2.0,397200,120590000,107,201.6,302,9100,300,38000,3154092216,3154092216,236872325,0,21600,0,0,0
2024-08-30,SPMA,Suparma Tbk.,--U-2130000000B131------------,302.0,0.0,304.0,296.0,300.0,-2.0,323000,96146600,200,200.3,302,36200,300,1300,3154092216,3154092216,236872325,0,19400,0,0,0
2024-08-29,SPMA,Suparma Tbk.,--U-2130000000B131------------,302.0,0.0,302.0,296.0,302.0,0.0,167200,50072400,209,201.6,302,97200,300,23000,3154092216,3154092216,236872325,0,11300,0,0,0
2024-08-28,SPMA,Suparma Tbk.,--U-2130000000B131------------,306.0,0.0,306.0,300.0,302.0,-4.0,286500,86866600,66,201.6,304,39600,302,32900,3154092216,3154092216,236872325,17600,10400,0,0,0
2024-08-27,SPMA,Suparma Tbk.,--U-2130000000B131------------,302.0,0.0,306.0,302.0,306.0,4.0,195400,59460400,63,204.3,306,243200,304,2400,3154092216,3154092216,236872325,0,11300,0,0,0
2024-08-26,SPMA,Suparma Tbk.,--U-2130000000B131------------,304.0,0.0,306.0,302.0,302.0,-2.0,699100,212032800,84,201.6,302,8700,300,126100,3154092216,3154092216,236872325,100,8400,0,0,0
2024-08-23,SPMA,Suparma Tbk.,--U-2130000000B131------------,302.0,0.0,304.0,300.0,304.0,2.0,583600,176211000,59,203.0,304,68500,302,11000,3154092216,3154092216,236872325,77300,22700,50,11400,1
2024-08-22,SPMA,Suparma Tbk.,--U-2130000000B131------------,304.0,0.0,304.0,298.0,302.0,-2.0,326700,97991400,97,201.6,302,22200,300,1300,3154092216,3154092216,236872325,0,1100,0,0,0
2024-08-21,SPMA,Suparma Tbk.,--U-2130000000B131------------,300.0,0.0,306.0,300.0,304.0,4.0,523300,158731400,89,203.0,304,80500,302,110700,3154092216,3154092216,236872325,0,200,0,0,0
2024-08-20,SPMA,Suparma Tbk.,--U-2130000000B131------------,298.0,0.0,306.0,296.0,300.0,2.0,1177200,354627000,145,200.3,304,139100,300,20300,3154092216,3154092216,236872325,0,38200,0,0,0
2024-08-19,SPMA,Suparma Tbk.,--U-2130000000B131------------,296.0,0.0,300.0,294.0,298.0,2.0,260400,77442000,90,198.9,298,135200,296,37400,3154092216,3154092216,236872325,0,500,0,0,0
2024-08-16,SPMA,Suparma Tbk.,--U-2130000000B131------------,294.0,0.0,298.0,288.0,296.0,2.0,240200,70364000,114,197.6,298,32200,294,116200,3154092216,3154092216,236872325,0,21100,0,0,0
2024-08-15,SPMA,Suparma Tbk.,--U-2130000000B131------------,290.0,0.0,296.0,288.0,292.0,2.0,186200,53993400,94,194.9,292,4500,290,94300,3154092216,3154092216,236872325,0,35200,0,0,0
2024-08-14,SPMA,Suparma Tbk.,--U-2130000000B131------------,290.0,0.0,296.0,288.0,292.0,2.0,186200,53993400,94,194.9,292,4500,290,94300,3154092216,3154092216,236872325,0,35200,0,0,0
2024-08-13,SPMA,Suparma Tbk.,--U-2130000000B131------------,292.0,0.0,298.0,290.0,290.0,-2.0,152800,44962200,39,193.6,292,310100,290,15900,3154092216,3154092216,236872325,30000,0,0,0,0
2024-08-12,SPMA,Suparma Tbk.,--U-2130000000B131------------,292.0,0.0,300.0,290.0,292.0,0.0,97800,28930400,53,194.9,292,23200,290,33000,3154092216,3154092216,236872325,22400,0,0,0,0
2024-08-09,SPMA,Suparma Tbk.,--U-2130000000B131------------,294.0,0.0,298.0,292.0,292.0,-2.0,44200,12941000,30,194.9,294,14400,292,1100,3154092216,3154092216,236872325,17900,0,0,0,0
2024-08-08,SPMA,Suparma Tbk.,--U-2130000000B131------------,290.0,0.0,296.0,294.0,294.0,4.0,4300,1269400,14,196.3,296,16900,294,12500,3154092216,3154092216,236872325,0,0,0,0,0
2024-08-07,SPMA,Suparma Tbk.,--U-2130000000B131------------,292.0,0.0,298.0,280.0,290.0,-2.0,812000,229448400,88,193.6,296,100,290,58300,3154092216,3154092216,236872325,0,64800,0,0,0
2024-08-06,SPMA,Suparma Tbk.,--U-2130000000B131------------,290.0,0.0,300.0,290.0,292.0,2.0,70700,20625400,44,194.9,294,2000,292,200,3154092216,3154092216,236872325,0,0,0,0,0
2024-08-05,SPMA,Suparma Tbk.,--U-2130000000B131------------,300.0,0.0,300.0,288.0,290.0,-10.0,334900,98297400,121,193.6,290,1700,288,27600,3154092216,3154092216,236872325,0,0,0,0,0
2024-08-02,SPMA,Suparma Tbk.,--U-2135000000B131------------,298.0,0.0,300.0,294.0,300.0,2.0,82300,24378400,44,200.3,300,16400,298,200,3154092216,3154092216,236872325,8600,0,0,0,0
2024-08-01,SPMA,Suparma Tbk.,--U-2135000000B131------------,298.0,0.0,304.0,296.0,298.0,0.0,389600,116482600,64,198.9,300,500,298,500,3154092216,3154092216,236872325,26100,0,0,0,0
2024-07-31,SPMA,Suparma Tbk.,--U-2135000000B131------------,302.0,0.0,306.0,296.0,298.0,-4.0,271400,81336800,107,198.9,300,14900,298,300,3154092216,3154092216,236872325,14900,0,0,0,0
2024-07-30,SPMA,Suparma Tbk.,--U-2135000000B131------------,302.0,0.0,306.0,296.0,298.0,-4.0,271400,81336800,107,198.9,300,14900,298,300,3154092216,3154092216,236872325,14900,0,0,0,0
2024-07-27,SPMA,Suparma Tbk.,--U-2135000000B131------------,298.0,0.0,306.0,296.0,304.0,6.0,72500,21963400,21,203.0,304,56500,302,70100,3154092216,3154092216,236872325,10600,0,0,0,0
2024-07-26,SPMA,Suparma Tbk.,--U-2135000000B131------------,298.0,0.0,306.0,296.0,304.0,6.0,72500,21963400,21,203.0,304,56500,302,70100,3154092216,3154092216,236872325,10600,0,0,0,0
2024-07-25,SPMA,Suparma Tbk.,--U-2135000000B131------------,302.0,0.0,304.0,296.0,298.0,-4.0,59900,17937400,56,198.9,304,65800,298,12000,3154092216,3154092216,236872325,0,0,0,0,0
2024-07-24,SPMA,Suparma Tbk.,--U-2135000000B131------------,302.0,0.0,306.0,302.0,302.0,0.0,94700,28804600,32,201.6,304,1900,302,14700,3154092216,3154092216,236872325,0,0,0,0,0
2024-07-23,SPMA,Suparma Tbk.,--U-2135000000B131------------,302.0,0.0,304.0,298.0,302.0,0.0,238400,71889600,27,201.6,302,29100,300,5400,3154092216,3154092216,236872325,0,0,0,0,0
2024-07-22,SPMA,Suparma Tbk.,--U-2135000000B131------------,304.0,0.0,304.0,294.0,302.0,-2.0,646000,192775000,86,201.6,302,45100,300,300,3154092216,3154092216,236872325,0,55000,0,0,0
2024-07-19,SPMA,Suparma Tbk.,--U-2135000000B131------------,302.0,0.0,306.0,300.0,304.0,2.0,186800,56257800,40,203.0,306,300,304,8100,3154092216,3154092216,236872325,0,0,0,0,0
2024-07-18,SPMA,Suparma Tbk.,--U-2135000000B131------------,304.0,0.0,302.0,298.0,302.0,-2.0,847300,254084000,86,201.6,302,10000,300,7400,3154092216,3154092216,236872325,0,50600,0,0,0
2024-07-17,SPMA,Suparma Tbk.,--U-2135000000B131------------,300.0,0.0,304.0,300.0,304.0,4.0,196400,58993800,42,203.0,304,108000,302,100,3154092216,3154092216,236872325,0,0,0,0,0
2024-07-16,SPMA,Suparma Tbk.,--U-2135000000B131------------,306.0,0.0,308.0,300.0,300.0,-6.0,117800,35766600,55,200.3,302,7900,300,60600,3154092216,3154092216,236872325,26100,0,0,0,0
2024-07-12,SPMA,Suparma Tbk.,XDU-2135000000B131------------,292.0,0.0,294.0,288.0,292.0,0.0,112200,32610600,42,194.9,292,2900,290,87700,3154092216,3154092216,236872325,0,0,0,0,0
2024-07-11,SPMA,Suparma Tbk.,XDU-2135000000B131------------,292.0,0.0,296.0,290.0,292.0,0.0,236000,68902400,79,194.9,294,300,292,29000,3154092216,3154092216,236872325,0,0,0,0,0
2024-07-10,SPMA,Suparma Tbk.,XDU-2135000000B131------------,290.0,0.0,294.0,290.0,292.0,2.0,298000,86692000,68,194.9,292,86200,290,122500,3154092216,3154092216,236872325,0,28600,0,0,0
2024-07-09,SPMA,Suparma Tbk.,XDU-2135000000B131------------,290.0,0.0,294.0,288.0,290.0,0.0,544400,157723400,124,193.6,290,2900,288,70700,3154092216,3154092216,236872325,0,31300,0,0,0
2024-07-08,SPMA,Suparma Tbk.,XDU-2135000000B131------------,288.0,0.0,292.0,288.0,290.0,2.0,376600,108534200,120,193.6,290,87900,288,41900,3154092216,3154092216,236872325,0,0,0,0,0
2024-07-05,SPMA,Suparma Tbk.,XDU-2135000000B131------------,290.0,0.0,292.0,286.0,288.0,-2.0,322900,92666000,153,192.3,288,18100,286,55600,3154092216,3154092216,236872325,0,0,0,0,0
2024-07-04,SPMA,Suparma Tbk.,XDU-2135000000B131------------,282.0,0.0,288.0,282.0,286.0,4.0,76500,21792000,55,190.9,286,13600,284,20400,3154092216,3154092216,236872325,0,0,0,0,0
2024-07-03,SPMA,Suparma Tbk.,XDU-2135000000B131------------,282.0,0.0,288.0,282.0,286.0,4.0,76500,21792000,55,190.9,286,13600,284,20400,3154092216,3154092216,236872325,0,0,0,0,0
2024-07-02,SPMA,Suparma Tbk.,XDU-2135000000B131------------,278.0,0.0,284.0,276.0,282.0,4.0,252800,70681000,126,188.3,284,10900,282,59600,3154092216,3154092216,236872325,0,20900,0,0,0
2024-07-01,SPMA,Suparma Tbk.,XDU-2135000000B131------------,278.0,0.0,284.0,276.0,278.0,0.0,426600,119262200,124,185.6,278,12100,276,33000,3154092216,3154092216,236872325,0,17500,0,0,0
2024-06-28,SPMA,Suparma Tbk.,--U-2135000000B131------------,288.0,0.0,280.0,276.0,278.0,-10.0,523100,145604000,133,185.6,280,157600,278,83000,3154092216,3154092216,236872325,0,0,0,0,0
2024-06-27,SPMA,Suparma Tbk.,CDU-2135000000B131------------,288.0,0.0,292.0,288.0,288.0,0.0,773500,223153400,164,192.3,292,63700,288,5000,3154092216,3154092216,236872325,0,60700,0,0,0
2024-06-26,SPMA,Suparma Tbk.,CDU-2135000000B131------------,284.0,0.0,300.0,288.0,288.0,4.0,87900,25538000,75,192.3,290,111000,288,27100,3154092216,3154092216,236872325,39700,0,0,0,0
2024-06-25,SPMA,Suparma Tbk.,CDU-2135000000B131------------,284.0,0.0,300.0,288.0,288.0,4.0,87900,25538000,75,192.3,290,111000,288,27100,3154092216,3154092216,236872325,39700,0,0,0,0
2024-06-24,SPMA,Suparma Tbk.,CDU-2135000000B131------------,288.0,0.0,292.0,284.0,284.0,-4.0,248400,71014800,86,189.6,290,3300,284,23800,3154092216,3154092216,236872325,15200,0,0,0,0
2024-06-21,SPMA,Suparma Tbk.,CDU-2135000000B131------------,286.0,0.0,290.0,282.0,288.0,2.0,141500,40542600,81,192.3,288,86400,286,1000,3154092216,3154092216,236872325,0,0,0,0,0
2024-06-20,SPMA,Suparma Tbk.,CDU-2135000000B131------------,278.0,0.0,298.0,276.0,286.0,8.0,230100,64236800,100,190.9,286,2400,282,4000,3154092216,3154092216,236872325,0,67000,0,0,0
2024-06-19,SPMA,Suparma Tbk.,--U-2135000000B131------------,282.0,0.0,284.0,276.0,278.0,-4.0,136000,37793600,102,185.6,278,66100,274,23600,3154092216,3154092216,236872325,11100,0,0,0,0
2024-06-14,SPMA,Suparma Tbk.,--U-2135000000B131------------,282.0,0.0,286.0,278.0,282.0,0.0,96300,27187600,53,188.3,284,8000,282,1800,3154092216,3154092216,236872325,0,8300,0,0,0
2024-06-13,SPMA,Suparma Tbk.,--U-2135000000B131------------,284.0,0.0,284.0,272.0,282.0,-2.0,92000,25862200,104,188.3,284,81300,282,6800,3154092216,3154092216,236872325,0,0,0,0,0
2024-06-12,SPMA,Suparma Tbk.,--U-2135000000B131------------,282.0,0.0,288.0,280.0,284.0,2.0,74500,20994400,57,189.6,284,39800,280,2400,3154092216,3154092216,236872325,0,0,0,0,0
2024-06-11,SPMA,Suparma Tbk.,--U-2135000000B131------------,282.0,0.0,288.0,280.0,282.0,0.0,71300,20113400,47,188.3,282,25300,280,34200,3154092216,3154092216,236872325,0,0,0,0,0
2024-06-10,SPMA,Suparma Tbk.,--U-2135000000B131------------,296.0,0.0,302.0,280.0,282.0,-14.0,479000,135500800,152,188.3,286,30000,282,8300,3154092216,3154092216,236872325,0,0,0,0,0
2024-06-07,SPMA,Suparma Tbk.,--U-2135000000B131------------,292.0,0.0,300.0,292.0,296.0,4.0,69600,20434600,34,197.6,298,7700,294,5400,3154092216,3154092216,236872325,14600,0,0,0,0
2024-06-06,SPMA,Suparma Tbk.,--U-2135000000B131------------,294.0,0.0,306.0,286.0,292.0,-2.0,36200,10612800,42,194.9,298,300,292,33300,3154092216,3154092216,236872325,0,0,0,0,0
2024-06-05,SPMA,Suparma Tbk.,--U-2135000000B131------------,290.0,0.0,312.0,292.0,294.0,4.0,301200,90022800,116,196.3,294,200,292,3600,3154092216,3154092216,236872325,27200,7300,0,0,0
2024-06-04,SPMA,Suparma Tbk.,--U-2135000000B131------------,292.0,0.0,292.0,284.0,290.0,-2.0,182500,52380000,59,193.6,290,400,288,1600,3154092216,3154092216,236872325,10700,0,0,0,0
2024-06-03,SPMA,Suparma Tbk.,--U-2135000000B131------------,288.0,0.0,298.0,284.0,292.0,4.0,242200,70129600,105,194.9,292,6000,288,100,3154092216,3154092216,236872325,14100,24400,0,0,0
2024-05-31,SPMA,Suparma Tbk.,--U-2135000000B131------------,294.0,0.0,298.0,280.0,288.0,-6.0,881800,247891800,159,192.3,288,30100,286,5200,3154092216,3154092216,236872325,0,21000,0,0,0
2024-05-30,SPMA,Suparma Tbk.,--U-1135000000B131------------,294.0,0.0,294.0,290.0,294.0,0.0,198600,57837000,44,196.3,294,103800,292,300,3154092216,3154092216,236872325,7900,0,0,0,0
2024-05-29,SPMA,Suparma Tbk.,--U-1135000000B131------------,302.0,0.0,300.0,292.0,294.0,-8.0,94600,27855600,64,196.3,294,79000,292,14200,3154092216,3154092216,236872325,6000,15200,0,0,0
2024-05-28,SPMA,Suparma Tbk.,--U-1135000000B131------------,306.0,0.0,308.0,300.0,302.0,-4.0,335600,100709600,37,201.6,302,60600,300,2500,3154092216,3154092216,236872325,5800,0,0,0,0
2024-05-27,SPMA,Suparma Tbk.,--U-1135000000B131------------,302.0,0.0,308.0,302.0,306.0,4.0,130200,39362000,50,204.3,306,2900,302,8500,3154092216,3154092216,236872325,0,0,0,0,0
2024-05-22,SPMA,Suparma Tbk.,--U-1135000000B131------------,298.0,0.0,306.0,298.0,302.0,4.0,32300,9792400,31,201.6,306,75900,300,10400,3154092216,3154092216,236872325,0,0,0,0,0
2024-05-21,SPMA,Suparma Tbk.,--U-1135000000B131------------,300.0,0.0,310.0,290.0,298.0,-2.0,20000,5962000,50,198.9,304,21900,296,2100,3154092216,3154092216,236872325,0,0,0,0,0
2024-05-20,SPMA,Suparma Tbk.,--U-1135000000B131------------,296.0,0.0,316.0,294.0,300.0,4.0,241200,71743600,68,200.3,302,200,300,100,3154092216,3154092216,236872325,5600,170000,0,0,0
2024-05-17,SPMA,Suparma Tbk.,--U-1135000000B131------------,296.0,0.0,296.0,294.0,296.0,0.0,11600,3412600,15,197.6,296,8700,294,1000,3154092216,3154092216,236872325,0,0,0,0,0
2024-05-16,SPMA,Suparma Tbk.,--U-1135000000B131------------,292.0,0.0,298.0,290.0,296.0,4.0,464100,134847200,150,197.6,296,3400,290,2100,3154092216,3154092216,236872325,5000,0,0,0,0
2024-05-15,SPMA,Suparma Tbk.,--U-1135000000B131------------,298.0,0.0,296.0,280.0,292.0,-6.0,149600,42666400,67,194.9,292,25900,290,14000,3154092216,3154092216,236872325,0,0,0,0,0
2024-05-14,SPMA,Suparma Tbk.,--U-1135000000B131------------,294.0,0.0,300.0,290.0,298.0,4.0,371800,109531600,71,198.9,298,6700,294,6700,3154092216,3154092216,236872325,39200,0,0,0,0
2024-05-13,SPMA,Suparma Tbk.,--U-1135000000B131------------,294.0,0.0,298.0,284.0,294.0,0.0,790600,229334400,123,196.3,296,2000,294,628600,3154092216,3154092216,236872325,50500,471800,0,0,0
2024-05-08,SPMA,Suparma Tbk.,--U-1135000000B131------------,298.0,0.0,300.0,290.0,294.0,-4.0,32900,9706800,39,196.3,296,5800,292,4600,3154092216,3154092216,236872325,7100,0,0,0,0
2024-05-07,SPMA,Suparma Tbk.,--U-1135000000B131------------,288.0,0.0,308.0,290.0,298.0,10.0,414100,122434800,106,198.9,298,24100,294,2300,3154092216,3154092216,236872325,0,0,136,80512,1
2024-05-06,SPMA,Suparma Tbk.,--U-1135000000B131------------,302.0,0.0,302.0,280.0,288.0,-14.0,1741600,500856600,329,192.3,290,13900,288,600,3154092216,3154092216,236872325,15100,0,0,0,0
2024-05-03,SPMA,Suparma Tbk.,--U-1135000000B131------------,308.0,0.0,308.0,300.0,302.0,-6.0,635200,191486200,135,201.6,302,1600,300,444300,3154092216,3154092216,236872325,0,5000,0,0,0
2024-05-02,SPMA,Suparma Tbk.,--U-1135000000B131------------,320.0,0.0,318.0,300.0,308.0,-12.0,945300,288537200,262,205.6,310,18400,306,200,3154092216,3154092216,236872325,62500,304100,155,49290,2
2024-04-30,SPMA,Suparma Tbk.,--U-1135000000B131------------,318.0,0.0,330.0,314.0,320.0,2.0,365000,116075400,112,213.6,320,3600,318,1100,3154092216,3154092216,236872325,19300,114200,0,0,0
2024-04-29,SPMA,Suparma Tbk.,--U-1135000000B131------------,322.0,0.0,330.0,310.0,318.0,-4.0,317000,103439600,104,212.3,320,61800,318,1000,3154092216,3154092216,236872325,0,220000,0,0,0
2024-04-26,SPMA,Suparma Tbk.,--U-1135000000B131------------,326.0,0.0,330.0,318.0,322.0,-4.0,109400,35316200,34,215.0,322,2600,320,10300,3154092216,3154092216,236872325,29800,10700,0,0,0
2024-04-25,SPMA,Suparma Tbk.,--U-1135000000B131------------,324.0,0.0,328.0,324.0,326.0,2.0,14200,4607200,24,217.6,326,100,324,500,3154092216,3154092216,236872325,0,0,0,0,0
2024-04-24,SPMA,Suparma Tbk.,--U-1135000000B131------------,322.0,0.0,334.0,320.0,324.0,2.0,81300,26341600,71,216.3,324,500,320,40400,3154092216,3154092216,236872325,0,0,0,0,0
2024-04-23,SPMA,Suparma Tbk.,--U-1135000000B131------------,320.0,0.0,348.0,318.0,322.0,2.0,221300,73106400,79,215.0,330,300,322,17400,3154092216,3154092216,236872325,51200,52000,0,0,0
2024-04-22,SPMA,Suparma Tbk.,--U-1135000000B131------------,324.0,0.0,324.0,316.0,320.0,-4.0,150300,48107200,89,213.6,320,300,318,198300,3154092216,3154092216,236872325,27400,0,0,0,0
2024-04-19,SPMA,Suparma Tbk.,--U-1135000000B131------------,330.0,0.0,330.0,322.0,324.0,-6.0,152900,49717000,71,216.3,324,1300,322,35700,3154092216,3154092216,236872325,5100,0,0,0,0
2024-04-18,SPMA,Suparma Tbk.,--U-1135000000B131------------,336.0,0.0,336.0,328.0,330.0,-6.0,74100,24712000,63,220.3,330,400,328,9600,3154092216,3154092216,236872325,6200,0,0,0,0
2024-04-17,SPMA,Suparma Tbk.,--U-1135000000B131------------,338.0,0.0,338.0,324.0,336.0,-2.0,246600,81480000,94,224.3,336,34600,334,15600,3154092216,3154092216,236872325,0,43700,0,0,0
2024-04-06,SPMA,Suparma Tbk.,--U-1135000000B131------------,340.0,0.0,340.0,330.0,336.0,-4.0,508900,169791000,171,224.3,336,8500,334,12100,3154092216,3154092216,236872325,1900,0,0,0,0
2024-04-05,SPMA,Suparma Tbk.,--U-1135000000B131------------,340.0,0.0,340.0,330.0,336.0,-4.0,508900,169791000,171,224.3,336,8500,334,12100,3154092216,3154092216,236872325,1900,0,0,0,0
2024-04-04,SPMA,Suparma Tbk.,--U-1135000000B131------------,342.0,0.0,344.0,338.0,340.0,-2.0,87200,29607200,97,227.0,340,32300,338,3500,3154092216,3154092216,236872325,0,5000,0,0,0
2024-04-03,SPMA,Suparma Tbk.,--U-1135000000B131------------,344.0,0.0,348.0,336.0,342.0,-2.0,204000,69295200,124,228.3,342,500,340,200,3154092216,3154092216,236872325,0,27300,0,0,0
2024-04-02,SPMA,Suparma Tbk.,--U-1135000000B131------------,348.0,0.0,348.0,340.0,344.0,-4.0,73300,25292000,49,229.7,344,13100,342,3300,3154092216,3154092216,236872325,13700,0,0,0,0
2024-04-01,SPMA,Suparma Tbk.,--U-1135000000B131------------,344.0,0.0,350.0,330.0,348.0,4.0,310700,105742800,102,232.3,348,11600,340,300,3154092216,3154092216,236872325,12800,5000,0,0,0
2024-03-28,SPMA,Suparma Tbk.,--U-1135000000B131------------,348.0,0.0,350.0,340.0,344.0,-4.0,198500,67665400,77,229.7,348,2000,346,100,3154092216,3154092216,236872325,0,9300,0,0,0
2024-03-27,SPMA,Suparma Tbk.,--U-1135000000B131------------,350.0,0.0,350.0,342.0,348.0,-2.0,358400,123078200,88,232.3,350,69800,348,1400,3154092216,3154092216,236872325,10100,0,0,0,0
2024-03-26,SPMA,Suparma Tbk.,--U-1135000000B131------------,350.0,0.0,350.0,344.0,350.0,0.0,364800,125954000,81,233.7,346,148500,344,500,3154092216,3154092216,236872325,0,22300,0,0,0
2024-03-22,SPMA,Suparma Tbk.,--U-1135000000B131------------,348.0,0.0,350.0,344.0,346.0,-2.0,259700,90629200,59,231.0,348,7000,346,9600,3154092216,3154092216,236872325,7700,0,0,0,0
2024-03-21,SPMA,Suparma Tbk.,--U-1135000000B131------------,348.0,0.0,350.0,346.0,348.0,0.0,71000,24680200,66,232.3,348,11000,346,700,3154092216,3154092216,236872325,12900,0,0,0,0
2024-03-20,SPMA,Suparma Tbk.,--U-1135000000B131------------,346.0,0.0,350.0,344.0,348.0,2.0,182900,63426000,80,232.3,350,46600,346,1100,3154092216,3154092216,236872325,22400,6700,0,0,0
2024-03-19,SPMA,Suparma Tbk.,--U-1135000000B131------------,350.0,0.0,350.0,344.0,346.0,-4.0,48700,16925400,76,231.0,350,34900,346,2600,3154092216,3154092216,236872325,0,0,0,0,0
2024-03-18,SPMA,Suparma Tbk.,--U-1135000000B131------------,350.0,0.0,354.0,344.0,350.0,0.0,108000,37581800,82,233.7,350,118100,348,200,3154092216,3154092216,236872325,0,0,0,0,0
2024-03-15,SPMA,Suparma Tbk.,--U-1135000000B131------------,350.0,0.0,360.0,348.0,350.0,0.0,113300,39845000,52,233.7,350,100,348,400,3154092216,3154092216,236872325,30400,0,0,0,0
2024-03-14,SPMA,Suparma Tbk.,--U-1135000000B131------------,346.0,0.0,362.0,344.0,350.0,4.0,203000,70349600,101,233.7,356,200,350,1100,3154092216,3154092216,236872325,10800,6700,0,0,0
2024-03-13,SPMA,Suparma Tbk.,--U-1135000000B131------------,352.0,0.0,354.0,342.0,346.0,-6.0,460500,159681200,127,231.0,350,3000,346,13100,3154092216,3154092216,236872325,20600,0,0,0,0
2024-03-08,SPMA,Suparma Tbk.,--U-1135000000B131------------,350.0,0.0,370.0,350.0,352.0,2.0,24200,8641200,33,235.0,352,52200,350,8600,3154092216,3154092216,236872325,7800,0,0,0,0
2024-03-07,SPMA,Suparma Tbk.,--U-1135000000B131------------,350.0,0.0,356.0,350.0,350.0,0.0,41800,14654200,24,233.7,352,500,350,100,3154092216,3154092216,236872325,7400,0,0,0,0
2024-03-06,SPMA,Suparma Tbk.,--U-1135000000B131------------,348.0,0.0,370.0,346.0,350.0,2.0,49900,17597400,47,233.7,354,4300,350,1600,3154092216,3154092216,236872325,0,0,0,0,0
2024-03-05,SPMA,Suparma Tbk.,--U-1135000000B131------------,348.0,0.0,352.0,344.0,348.0,0.0,34400,11934600,44,232.3,350,44200,346,46600,3154092216,3154092216,236872325,0,0,0,0,0
2024-03-04,SPMA,Suparma Tbk.,--U-1135000000B131------------,350.0,0.0,352.0,348.0,348.0,-2.0,61900,21680200,42,232.3,350,1200,348,8500,3154092216,3154092216,236872325,5900,0,0,0,0
2024-03-01,SPMA,Suparma Tbk.,--U-1135000000B131------------,354.0,0.0,358.0,332.0,350.0,-4.0,220600,76287200,127,233.7,352,1000,344,7500,3154092216,3154092216,236872325,0,0,0,0,0
2024-02-29,SPMA,Suparma Tbk.,--U-1135000000B131------------,350.0,0.0,358.0,350.0,354.0,4.0,120300,42494800,41,236.3,358,4800,354,18600,3154092216,3154092216,236872325,6600,0,0,0,0
2024-02-28,SPMA,Suparma Tbk.,--U-1135000000B131------------,350.0,0.0,368.0,352.0,358.0,8.0,155500,55749600,52,239.0,358,17200,356,1200,3154092216,3154092216,236872325,0,0,0,0,0
2024-02-27,SPMA,Suparma Tbk.,--U-1135000000B131------------,350.0,0.0,368.0,352.0,358.0,8.0,155500,55749600,52,239.0,358,17200,356,1200,3154092216,3154092216,236872325,0,0,0,0,0
2024-02-26,SPMA,Suparma Tbk.,--U-1135000000B131------------,354.0,0.0,358.0,350.0,350.0,-4.0,159100,56567200,38,233.7,356,25300,350,76700,3154092216,3154092216,236872325,0,0,0,0,0
2024-02-23,SPMA,Suparma Tbk.,--U-1135000000B131------------,350.0,0.0,364.0,350.0,354.0,4.0,196000,68896800,62,236.3,356,14100,354,3000,3154092216,3154092216,236872325,0,0,0,0,0
2024-02-22,SPMA,Suparma Tbk.,--U-1135000000B131------------,344.0,0.0,350.0,346.0,350.0,6.0,37100,12882800,35,233.7,350,44100,348,31200,3154092216,3154092216,236872325,0,6700,0,0,0
2024-02-21,SPMA,Suparma Tbk.,--U-1135000000B131------------,350.0,0.0,350.0,342.0,344.0,-6.0,48500,16732800,72,229.7,350,9400,344,1600,3154092216,3154092216,236872325,7700,0,0,0,0
2024-02-20,SPMA,Suparma Tbk.,--U-1135000000B131------------,352.0,0.0,352.0,348.0,350.0,-2.0,121500,42581600,53,233.7,350,41200,348,87400,3154092216,3154092216,236872325,0,0,0,0,0
2024-02-19,SPMA,Suparma Tbk.,--U-1135000000B131------------,352.0,0.0,356.0,350.0,352.0,0.0,128300,45184200,46,235.0,352,54200,350,7900,3154092216,3154092216,236872325,0,8100,0,0,0
2024-02-16,SPMA,Suparma Tbk.,--U-1135000000B131------------,350.0,0.0,356.0,350.0,352.0,2.0,46400,16347600,27,235.0,354,300,352,500,3154092216,3154092216,236872325,0,0,0,0,0
2024-02-15,SPMA,Suparma Tbk.,--U-1135000000B131------------,356.0,0.0,360.0,350.0,350.0,-6.0,388400,136953200,93,233.7,356,1900,352,19000,3154092216,3154092216,236872325,0,57200,0,0,0
2024-02-13,SPMA,Suparma Tbk.,--U-1135000000B131------------,354.0,0.0,360.0,352.0,356.0,2.0,5900,2102600,16,237.7,358,1500,356,10900,3154092216,3154092216,236872325,0,0,0,0,0
2024-02-12,SPMA,Suparma Tbk.,--U-1135000000B131------------,354.0,0.0,360.0,352.0,356.0,2.0,5900,2102600,16,237.7,358,1500,356,10900,3154092216,3154092216,236872325,0,0,0,0,0
2024-02-07,SPMA,Suparma Tbk.,--U-1135000000B131------------,358.0,0.0,360.0,352.0,354.0,-4.0,41500,14766200,37,236.3,358,32000,352,2500,3154092216,3154092216,236872325,15600,0,0,0,0
2024-02-06,SPMA,Suparma Tbk.,--U-1135000000B131------------,358.0,0.0,358.0,348.0,358.0,0.0,185000,64954000,60,239.0,358,100,352,600,3154092216,3154092216,236872325,0,44800,0,0,0
2024-02-05,SPMA,Suparma Tbk.,--U-1135000000B131------------,360.0,0.0,360.0,356.0,358.0,-2.0,11700,4187400,22,239.0,360,13800,358,1200,3154092216,3154092216,236872325,0,0,0,0,0
2024-02-02,SPMA,Suparma Tbk.,--U-1135000000B131------------,352.0,0.0,360.0,350.0,360.0,8.0,54700,19433200,33,240.3,360,60400,354,3400,3154092216,3154092216,236872325,0,0,0,0,0
2024-02-01,SPMA,Suparma Tbk.,--U-1135000000B131------------,350.0,0.0,358.0,350.0,352.0,2.0,434300,152852600,65,235.0,358,13200,352,1400,3154092216,3154092216,236872325,0,0,0,0,0
2024-01-31,SPMA,Suparma Tbk.,--U-1135000000B131------------,350.0,0.0,358.0,350.0,352.0,2.0,434300,152852600,65,235.0,358,13200,352,1400,3154092216,3154092216,236872325,0,0,0,0,0
2024-01-30,SPMA,Suparma Tbk.,--U-1135000000B131------------,354.0,0.0,362.0,350.0,350.0,-4.0,101200,35825800,48,233.7,352,100,350,26000,3154092216,3154092216,236872325,0,0,0,0,0
2024-01-29,SPMA,Suparma Tbk.,--U-1135000000B131------------,354.0,0.0,364.0,352.0,354.0,0.0,377200,133411400,70,236.3,354,114800,352,26800,3154092216,3154092216,236872325,51500,0,0,0,0
2024-01-26,SPMA,Suparma Tbk.,--U-1135000000B131------------,356.0,0.0,356.0,352.0,354.0,-2.0,72700,25764400,37,236.3,354,10800,352,34700,3154092216,3154092216,236872325,8500,0,0,0,0
2024-01-25,SPMA,Suparma Tbk.,--U-1135000000B131------------,356.0,0.0,366.0,352.0,356.0,0.0,39200,13908800,49,237.7,356,20000,354,4600,3154092216,3154092216,236872325,0,0,0,0,0
2024-01-24,SPMA,Suparma Tbk.,--U-1135000000B131------------,362.0,0.0,364.0,350.0,356.0,-6.0,534700,189694000,89,237.7,360,83100,358,1500,3154092216,3154092216,236872325,55600,0,101,101,1
2024-01-23,SPMA,Suparma Tbk.,--U-1135000000B131------------,364.0,0.0,364.0,356.0,362.0,-2.0,292200,105036000,82,241.7,362,7300,360,6000,3154092216,3154092216,236872325,0,0,0,0,0
2024-01-22,SPMA,Suparma Tbk.,--U-1135000000B131------------,368.0,0.0,372.0,364.0,364.0,-4.0,159200,58303600,78,243.0,366,110600,362,40900,3154092216,3154092216,236872325,0,0,0,0,0
2024-01-19,SPMA,Suparma Tbk.,--U-1135000000B131------------,370.0,0.0,374.0,366.0,368.0,-2.0,106600,39314600,42,245.7,372,2600,368,2700,3154092216,3154092216,236872325,0,22100,0,0,0
2024-01-18,SPMA,Suparma Tbk.,--U-1135000000B131------------,374.0,0.0,374.0,368.0,370.0,-4.0,133900,49721600,48,247.0,374,16200,372,500,3154092216,3154092216,236872325,24500,0,0,0,0
2024-01-17,SPMA,Suparma Tbk.,--U-1135000000B131------------,380.0,0.0,380.0,372.0,374.0,-6.0,95500,35705200,56,249.7,374,5400,372,26900,3154092216,3154092216,236872325,6800,0,0,0,0
2024-01-16,SPMA,Suparma Tbk.,--U-1135000000B131------------,376.0,0.0,380.0,376.0,380.0,4.0,135200,51012600,56,253.7,380,48500,374,18400,3154092216,3154092216,236872325,23200,0,0,0,0
2024-01-15,SPMA,Suparma Tbk.,--U-1135000000B131------------,372.0,0.0,376.0,370.0,376.0,4.0,205300,76725600,41,251.0,376,52200,374,10000,3154092216,3154092216,236872325,0,0,0,0,0
2024-01-12,SPMA,Suparma Tbk.,--U-1135000000B131------------,374.0,0.0,374.0,370.0,372.0,-2.0,79300,29469800,43,248.4,372,52400,370,57900,3154092216,3154092216,236872325,0,0,0,0,0
2024-01-11,SPMA,Suparma Tbk.,--U-1135000000B131------------,370.0,0.0,374.0,370.0,374.0,4.0,64700,24002600,43,249.7,374,145000,370,23800,3154092216,3154092216,236872325,0,12100,98,36848,1
2024-01-10,SPMA,Suparma Tbk.,--U-1135000000B131------------,376.0,0.0,384.0,370.0,370.0,-6.0,145500,54516600,78,247.0,376,6000,370,56300,3154092216,3154092216,236872325,12100,0,0,0,0
2024-01-09,SPMA,Suparma Tbk.,--U-1135000000B131------------,374.0,0.0,390.0,374.0,376.0,2.0,216800,81896600,110,251.0,376,33400,374,31400,3154092216,3154092216,236872325,6000,7700,0,0,0
2024-01-08,SPMA,Suparma Tbk.,--U-1135000000B131------------,384.0,0.0,390.0,374.0,374.0,-10.0,477500,181243000,163,249.7,380,5000,374,26700,3154092216,3154092216,236872325,37000,33100,0,0,0
2024-01-05,SPMA,Suparma Tbk.,--U-1135000000B131------------,356.0,0.0,402.0,356.0,384.0,28.0,1966500,754497000,635,256.4,384,156100,382,2500,3154092216,3154092216,236872325,81500,73700,0,0,0
2024-01-04,SPMA,Suparma Tbk.,--U-1135000000B131------------,356.0,0.0,360.0,354.0,356.0,0.0,63700,22762400,57,237.7,360,13600,356,11100,3154092216,3154092216,236872325,0,7100,0,0,0
2024-01-03,SPMA,Suparma Tbk.,--U-1135000000B131------------,354.0,0.0,356.0,352.0,356.0,2.0,381300,134958600,64,237.7,358,21200,356,5200,3154092216,3154092216,236872325,5500,137000,0,0,0
2024-01-02,SPMA,Suparma Tbk.,--U-1135000000B131------------,348.0,0.0,354.0,350.0,354.0,6.0,79200,27907800,64,236.3,354,225300,350,39200,3154092216,3154092216,236872325,0,0,0,0,0
2023-12-29,SPMA,Suparma Tbk.,--U-1135000000B131------------,348.0,0.0,352.0,346.0,348.0,0.0,113600,39634000,61,232.3,348,64600,346,49700,3154092216,3154092216,236872325,32700,0,0,0,0
2023-12-28,SPMA,Suparma Tbk.,--U-1135000000B131------------,346.0,0.0,350.0,346.0,348.0,2.0,133800,46434200,81,232.3,350,84900,348,54700,3154092216,3154092216,236872325,20700,0,0,0,0
2023-12-27,SPMA,Suparma Tbk.,--U-1135000000B131------------,352.0,0.0,354.0,346.0,346.0,-6.0,552900,193042400,160,231.0,348,1700,346,45800,3154092216,3154092216,236872325,0,16400,0,0,0
2023-12-22,SPMA,Suparma Tbk.,--U-1135000000B131------------,354.0,0.0,358.0,350.0,352.0,-2.0,400500,141399600,63,235.0,354,62300,352,12800,3154092216,3154092216,236872325,25700,0,0,0,0
2023-12-21,SPMA,Suparma Tbk.,--U-1135000000B131------------,350.0,0.0,354.0,348.0,354.0,4.0,97100,33997000,48,236.3,352,62400,350,21800,3154092216,3154092216,236872325,0,0,225000,59400000,1
2023-12-20,SPMA,Suparma Tbk.,--U-1135000000B131------------,350.0,0.0,352.0,348.0,350.0,0.0,91200,31959000,50,233.7,350,5300,348,39700,3154092216,3154092216,236872325,0,0,0,0,0
2023-12-19,SPMA,Suparma Tbk.,--U-1135000000B131------------,348.0,0.0,352.0,346.0,350.0,2.0,54200,18872600,56,233.7,350,14100,348,100,3154092216,3154092216,236872325,0,8900,0,0,0
2023-12-18,SPMA,Suparma Tbk.,--U-1135000000B131------------,348.0,0.0,354.0,348.0,348.0,0.0,143300,50045400,51,232.3,350,20000,348,4400,3154092216,3154092216,236872325,0,27600,0,0,0
2023-12-15,SPMA,Suparma Tbk.,--U-1135000000B131------------,354.0,0.0,352.0,346.0,348.0,-6.0,109800,38306400,61,232.3,350,1500,348,1300,3154092216,3154092216,236872325,25600,0,0,0,0
2023-12-14,SPMA,Suparma Tbk.,--U-1135000000B131------------,352.0,0.0,356.0,350.0,354.0,2.0,59400,20844600,72,236.3,354,36900,350,3300,3154092216,3154092216,236872325,0,8900,0,0,0
2023-12-13,SPMA,Suparma Tbk.,--U-1135000000B131------------,352.0,0.0,356.0,348.0,352.0,0.0,493700,175039600,79,235.0,356,57700,350,1900,3154092216,3154092216,236872325,43000,0,0,0,0
2023-12-12,SPMA,Suparma Tbk.,--U-1135000000B131------------,354.0,0.0,354.0,350.0,352.0,-2.0,42100,14820200,50,235.0,352,34800,350,33500,3154092216,3154092216,236872325,0,0,0,0,0
2023-12-11,SPMA,Suparma Tbk.,--U-1135000000B131------------,356.0,0.0,356.0,350.0,354.0,-2.0,267700,94155800,88,236.3,354,8600,350,28600,3154092216,3154092216,236872325,69900,15200,0,0,0
2023-12-08,SPMA,Suparma Tbk.,--U-1135000000B131------------,358.0,0.0,358.0,354.0,356.0,-2.0,35200,12572800,43,237.7,358,48000,354,7200,3154092216,3154092216,236872325,0,0,0,0,0
2023-12-07,SPMA,Suparma Tbk.,--U-1135000000B131------------,356.0,0.0,358.0,352.0,358.0,2.0,143300,50811000,100,239.0,358,27800,356,7700,3154092216,3154092216,236872325,0,9600,0,0,0
2023-12-06,SPMA,Suparma Tbk.,--U-1135000000B131------------,362.0,0.0,362.0,352.0,356.0,-6.0,324200,115365000,123,237.7,362,20200,356,10600,3154092216,3154092216,236872325,37600,0,0,0,0
2023-12-05,SPMA,Suparma Tbk.,--U-1135000000B131------------,360.0,0.0,362.0,356.0,362.0,2.0,210400,75664000,72,241.7,362,39600,360,8400,3154092216,3154092216,236872325,64900,0,0,0,0
2023-12-04,SPMA,Suparma Tbk.,--U-1135000000B131------------,360.0,0.0,364.0,358.0,360.0,0.0,75000,27049600,42,240.3,362,117100,360,75100,3154092216,3154092216,236872325,8000,0,0,0,0
2023-12-01,SPMA,Suparma Tbk.,--U-1135000000B131------------,362.0,0.0,362.0,360.0,360.0,-2.0,173500,62532400,38,240.3,362,28800,360,1800,3154092216,3154092216,236872325,0,0,0,0,0
2023-11-30,SPMA,Suparma Tbk.,--U-1135000000B131------------,358.0,0.0,362.0,356.0,362.0,4.0,234800,84443600,75,241.7,362,12200,360,300,3154092216,3154092216,236872325,0,0,0,0,0
2023-11-29,SPMA,Suparma Tbk.,--U-1135000000B131------------,358.0,0.0,360.0,358.0,358.0,0.0,71700,25682400,57,239.0,360,9300,358,39000,3154092216,3154092216,236872325,0,0,0,0,0
2023-11-28,SPMA,Suparma Tbk.,--U-1135000000B131------------,360.0,0.0,364.0,356.0,358.0,-2.0,65800,23660000,59,239.0,360,66300,358,38200,3154092216,3154092216,236872325,0,0,0,0,0
2023-11-27,SPMA,Suparma Tbk.,--U-1135000000B131------------,360.0,0.0,364.0,358.0,360.0,0.0,247200,89017600,53,240.3,360,11900,358,18500,3154092216,3154092216,236872325,43500,0,0,0,0
2023-11-24,SPMA,Suparma Tbk.,--U-1135000000B131------------,360.0,0.0,364.0,358.0,360.0,0.0,103400,37158400,45,240.3,360,207700,358,4300,3154092216,3154092216,236872325,0,0,0,0,0
2023-11-23,SPMA,Suparma Tbk.,--U-1135000000B131------------,364.0,0.0,366.0,360.0,360.0,-4.0,183600,66366800,61,240.3,364,1000,362,100,3154092216,3154092216,236872325,0,0,0,0,0
2023-11-22,SPMA,Suparma Tbk.,--U-1135000000B131------------,364.0,0.0,366.0,362.0,364.0,0.0,68700,25001200,35,243.0,364,15000,362,20500,3154092216,3154092216,236872325,600,0,0,0,0
2023-11-21,SPMA,Suparma Tbk.,--U-1135000000B131------------,362.0,0.0,366.0,362.0,364.0,2.0,144100,52453000,28,243.0,364,8900,362,42900,3154092216,3154092216,236872325,0,0,0,0,0
2023-11-20,SPMA,Suparma Tbk.,--U-1135000000B131------------,362.0,0.0,376.0,360.0,362.0,0.0,227300,83300400,126,241.7,366,1000,362,7300,3154092216,3154092216,236872325,0,0,0,0,0
2023-11-17,SPMA,Suparma Tbk.,--U-1135000000B131------------,360.0,0.0,364.0,358.0,362.0,2.0,140500,50467600,75,241.7,362,6800,360,100,3154092216,3154092216,236872325,0,14000,10,3600,1
2023-11-16,SPMA,Suparma Tbk.,--U-1135000000B131------------,360.0,0.0,364.0,360.0,360.0,0.0,38200,13806000,40,240.3,362,8300,360,14100,3154092216,3154092216,236872325,0,0,0,0,0
2023-11-15,SPMA,Suparma Tbk.,--U-1135000000B131------------,360.0,0.0,364.0,352.0,360.0,0.0,83300,29596000,119,240.3,362,6500,360,2700,3154092216,3154092216,236872325,1700,0,0,0,0
2023-11-14,SPMA,Suparma Tbk.,--U-1135000000B131------------,362.0,0.0,366.0,354.0,360.0,-2.0,88700,31850200,62,240.3,362,3500,360,200,3154092216,3154092216,236872325,0,0,0,0,0
2023-11-13,SPMA,Suparma Tbk.,--U-1135000000B131------------,360.0,0.0,366.0,360.0,362.0,2.0,112900,40950000,60,241.7,362,17400,360,35500,3154092216,3154092216,236872325,200,0,0,0,0
2023-11-10,SPMA,Suparma Tbk.,--U-1135000000B131------------,362.0,0.0,364.0,360.0,360.0,-2.0,116500,42121400,60,240.3,366,3500,362,10100,3154092216,3154092216,236872325,0,0,0,0,0
2023-11-09,SPMA,Suparma Tbk.,--U-1135000000B131------------,358.0,0.0,364.0,362.0,362.0,4.0,28600,10371600,22,241.7,364,20300,362,1500,3154092216,3154092216,236872325,0,0,0,0,0
2023-11-08,SPMA,Suparma Tbk.,--U-1135000000B131------------,366.0,0.0,368.0,358.0,358.0,-8.0,102700,37130400,78,239.0,362,4800,358,12300,3154092216,3154092216,236872325,0,0,0,0,0
2023-11-07,SPMA,Suparma Tbk.,--U-1135000000B131------------,368.0,0.0,368.0,364.0,366.0,-2.0,41300,15082200,73,244.3,366,1000,364,5300,3154092216,3154092216,236872325,0,0,0,0,0
2023-11-06,SPMA,Suparma Tbk.,--U-1135000000B131------------,366.0,0.0,368.0,360.0,368.0,2.0,70300,25502600,72,245.7,368,2300,366,900,3154092216,3154092216,236872325,0,0,0,0,0
2023-11-03,SPMA,Suparma Tbk.,--U-1135000000B131------------,340.0,0.0,374.0,340.0,366.0,26.0,674700,241129200,329,244.3,368,100,366,200,3154092216,3154092216,236872325,125900,201600,0,0,0
2023-11-02,SPMA,Suparma Tbk.,--U-1135000000B131------------,338.0,0.0,346.0,336.0,340.0,2.0,394400,133578400,132,227.0,344,10000,340,21400,3154092216,3154092216,236872325,5600,20000,0,0,0
2023-11-01,SPMA,Suparma Tbk.,--U-1135000000B131------------,338.0,0.0,348.0,330.0,338.0,0.0,729500,246595200,244,225.7,340,34300,336,8200,3154092216,3154092216,236872325,7800,0,37,12210,1
2023-10-31,SPMA,Suparma Tbk.,--U-1135000000B131------------,364.0,0.0,366.0,328.0,338.0,-26.0,4125300,1412063400,830,225.7,340,250600,338,154100,3154092216,3154092216,236872325,447400,76400,36,12168,1
2023-10-30,SPMA,Suparma Tbk.,--U-1135000000B131------------,404.0,0.0,410.0,360.0,364.0,-40.0,4727000,1787521000,760,243.0,364,138900,362,13900,3154092216,3154092216,236872325,346500,220100,0,0,0
2023-10-27,SPMA,Suparma Tbk.,--U-1135000000B131------------,400.0,0.0,406.0,400.0,404.0,4.0,106300,42925800,72,269.7,404,600,402,5000,3154092216,3154092216,236872325,8900,0,0,0,0
2023-10-26,SPMA,Suparma Tbk.,--U-1135000000B131------------,398.0,0.0,400.0,398.0,400.0,2.0,174000,69318800,72,267.0,402,10100,400,60400,3154092216,3154092216,236872325,3300,0,0,0,0
2023-10-25,SPMA,Suparma Tbk.,--U-1135000000B131------------,398.0,0.0,406.0,390.0,398.0,0.0,872100,343361600,328,265.7,398,1900,396,14300,3154092216,3154092216,236872325,0,92100,0,0,0
2023-10-24,SPMA,Suparma Tbk.,--U-1135000000B131------------,400.0,0.0,400.0,390.0,398.0,-2.0,442700,175134000,192,265.7,400,9300,398,102900,3154092216,3154092216,236872325,28100,0,575000,235750000,1
2023-10-23,SPMA,Suparma Tbk.,--U-1135000000B131------------,406.0,0.0,410.0,398.0,400.0,-6.0,1284400,514127400,233,267.0,400,24700,398,27300,3154092216,3154092216,236872325,0,31700,0,0,0
2023-10-20,SPMA,Suparma Tbk.,--U-1135000000B131------------,416.0,0.0,416.0,400.0,406.0,-10.0,2806000,1130756600,267,271.0,410,5400,404,8700,3154092216,3154092216,236872325,12600,173400,0,0,0
2023-10-19,SPMA,Suparma Tbk.,--U-1135000000B131------------,418.0,0.0,422.0,410.0,416.0,-2.0,1025200,422523200,221,277.7,418,30500,416,1700,3154092216,3154092216,236872325,1000,0,0,0,0
2023-10-18,SPMA,Suparma Tbk.,--U-1135000000B131------------,420.0,0.0,426.0,418.0,418.0,-2.0,300800,126472600,121,279.1,422,10000,418,50600,3154092216,3154092216,236872325,17200,0,0,0,0
2023-10-17,SPMA,Suparma Tbk.,--U-1135000000B131------------,422.0,0.0,426.0,420.0,420.0,-2.0,102200,43165000,89,280.4,424,900,420,75200,3154092216,3154092216,236872325,0,0,0,0,0
2023-10-16,SPMA,Suparma Tbk.,--U-1135000000B131------------,428.0,0.0,428.0,420.0,422.0,-6.0,390100,165069000,182,281.7,424,1000,420,160100,3154092216,3154092216,236872325,0,42000,0,0,0
2023-10-13,SPMA,Suparma Tbk.,--U-1135000000B131------------,430.0,0.0,432.0,426.0,428.0,-2.0,139500,59675800,82,285.7,428,30100,426,21000,3154092216,3154092216,236872325,0,0,0,0,0
2023-10-12,SPMA,Suparma Tbk.,--U-1135000000B131------------,428.0,0.0,430.0,426.0,430.0,2.0,606800,259703600,103,287.1,430,15900,428,300,3154092216,3154092216,236872325,0,0,0,0,0
2023-10-11,SPMA,Suparma Tbk.,--U-1135000000B131------------,436.0,0.0,436.0,428.0,428.0,-8.0,701600,302187800,185,285.7,428,102900,426,37300,3154092216,3154092216,236872325,85800,16500,0,0,0
2023-10-10,SPMA,Suparma Tbk.,--U-1135000000B131------------,440.0,0.0,440.0,436.0,436.0,-4.0,133200,58263200,59,291.1,438,51000,436,22000,3154092216,3154092216,236872325,0,0,0,0,0
2023-10-09,SPMA,Suparma Tbk.,--U-1135000000B131------------,442.0,0.0,444.0,436.0,440.0,-2.0,75700,33255800,68,293.7,440,13100,438,400,3154092216,3154092216,236872325,6800,0,0,0,0
2023-10-06,SPMA,Suparma Tbk.,--U-1135000000B131------------,440.0,0.0,444.0,440.0,442.0,2.0,247500,109293600,50,295.1,444,144700,442,156600,3154092216,3154092216,236872325,77600,0,0,0,0
2023-10-05,SPMA,Suparma Tbk.,--U-1135000000B131------------,440.0,0.0,450.0,440.0,440.0,0.0,276000,122397000,65,293.7,444,97600,440,2100,3154092216,3154092216,236872325,44800,27900,0,0,0
2023-10-04,SPMA,Suparma Tbk.,--U-1135000000B131------------,436.0,0.0,444.0,436.0,440.0,4.0,610300,267516200,57,293.7,440,63700,438,573400,3154092216,3154092216,236872325,0,0,0,0,0
2023-10-03,SPMA,Suparma Tbk.,--U-1135000000B131------------,442.0,0.0,442.0,436.0,436.0,-6.0,201600,88536200,73,291.1,440,10500,436,11100,3154092216,3154092216,236872325,0,6500,0,0,0
2023-10-02,SPMA,Suparma Tbk.,--U-1135000000B131------------,442.0,0.0,448.0,438.0,442.0,0.0,775900,341470200,86,295.1,442,3200,440,14900,3154092216,3154092216,236872325,0,107800,0,0,0
2023-09-29,SPMA,Suparma Tbk.,--U-1135000000B131------------,444.0,0.0,450.0,440.0,442.0,-2.0,688300,306836200,145,295.1,448,25100,442,395400,3154092216,3154092216,233087415,0,0,0,0,0
2023-09-27,SPMA,Suparma Tbk.,--U-1135000000B131------------,442.0,0.0,446.0,440.0,444.0,2.0,163000,72438000,39,296.4,444,53900,442,34100,3154092216,3154092216,233087415,0,18800,0,0,0
2023-09-26,SPMA,Suparma Tbk.,--U-1135000000B131------------,444.0,0.0,448.0,440.0,442.0,-2.0,540800,238435400,74,295.1,442,87000,440,108100,3154092216,3154092216,233087415,0,3900,0,0,0
2023-09-25,SPMA,Suparma Tbk.,--U-1135000000B131------------,450.0,0.0,458.0,444.0,444.0,-6.0,1543800,690589200,178,296.4,446,125700,444,82800,3154092216,3154092216,233087415,154900,102600,0,0,0
2023-09-22,SPMA,Suparma Tbk.,--U-1135000000B131------------,452.0,0.0,458.0,450.0,450.0,-2.0,1309800,592846200,130,300.4,454,20000,450,98100,3154092216,3154092216,233087415,150500,8700,0,0,0
2023-09-21,SPMA,Suparma Tbk.,--U-1135000000B131------------,456.0,0.0,466.0,452.0,452.0,-4.0,1688800,772540800,211,301.8,456,14500,452,55600,3154092216,3154092216,233087415,74300,88000,0,0,0
2023-09-20,SPMA,Suparma Tbk.,--U-1135000000B131------------,460.0,0.0,470.0,454.0,456.0,-4.0,1303200,599988000,223,304.4,456,13100,454,142900,3154092216,3154092216,233087415,154600,0,0,0,0
2023-09-19,SPMA,Suparma Tbk.,--U-1135000000B131------------,452.0,0.0,472.0,450.0,460.0,8.0,3057700,1411741800,496,307.1,464,12400,460,300,3154092216,3154092216,233087415,24700,11200,3500000,1470000000,1
2023-09-18,SPMA,Suparma Tbk.,--U-1135000000B131------------,446.0,0.0,452.0,440.0,452.0,6.0,1184900,529522200,135,301.8,454,42700,452,41600,3154092216,3154092216,233087415,6500,0,0,0,0
2023-09-15,SPMA,Suparma Tbk.,--U-1135000000B131------------,444.0,0.0,446.0,438.0,446.0,2.0,373900,165516000,45,297.8,446,5700,444,4500,3154092216,3154092216,233087415,0,0,0,0,0
2023-09-14,SPMA,Suparma Tbk.,--U-1135000000B131------------,442.0,0.0,450.0,440.0,444.0,2.0,1583400,702830600,116,296.4,444,15900,440,166200,3154092216,3154092216,233087415,0,66000,0,0,0
2023-09-13,SPMA,Suparma Tbk.,--U-1135000000B131------------,442.0,0.0,450.0,438.0,442.0,0.0,1173500,520938200,222,295.1,446,95000,442,6900,3154092216,3154092216,233087415,0,186700,0,0,0
2023-09-12,SPMA,Suparma Tbk.,--U-1135000000B131------------,436.0,0.0,442.0,430.0,442.0,6.0,753800,328296400,124,295.1,442,13100,436,1500,3154092216,3154092216,233087415,0,0,0,0,0
2023-09-11,SPMA,Suparma Tbk.,--U-1135000000B131------------,440.0,0.0,442.0,436.0,436.0,-4.0,122200,53502200,60,291.1,440,32700,436,48200,3154092216,3154092216,233087415,200,0,0,0,0
2023-09-08,SPMA,Suparma Tbk.,--U-1135000000B131------------,438.0,0.0,442.0,438.0,440.0,2.0,64700,28469800,26,293.7,440,14000,438,24600,3154092216,3154092216,233087415,0,0,0,0,0
2023-09-07,SPMA,Suparma Tbk.,--U-1135000000B131------------,438.0,0.0,442.0,436.0,438.0,0.0,63000,27658600,41,292.4,440,14200,438,5800,3154092216,3154092216,233087415,0,100,0,0,0
2023-09-06,SPMA,Suparma Tbk.,--U-1135000000B131------------,438.0,0.0,444.0,434.0,438.0,0.0,255300,111952800,81,292.4,438,500,436,22700,3154092216,3154092216,233087415,77100,44400,0,0,0
2023-09-05,SPMA,Suparma Tbk.,--U-1135000000B131------------,444.0,0.0,444.0,438.0,438.0,-6.0,270000,119256800,69,292.4,440,23300,438,6700,3154092216,3154092216,233087415,98300,0,0,0,0
2023-09-04,SPMA,Suparma Tbk.,--U-1135000000B131------------,440.0,0.0,450.0,440.0,444.0,4.0,499500,221709000,144,296.4,444,35700,442,2500,3154092216,3154092216,233087415,91200,0,0,0,0
2023-09-01,SPMA,Suparma Tbk.,--U-1135000000B131------------,430.0,0.0,454.0,430.0,440.0,10.0,1538300,682513800,326,293.7,440,151200,438,300,3154092216,3154092216,233087415,12000,275200,0,0,0
2023-08-31,SPMA,Suparma Tbk.,--U-1135000000B131------------,428.0,0.0,430.0,428.0,430.0,2.0,399400,171500600,73,287.1,430,316900,428,6400,3154092216,3154092216,233087415,0,15500,0,0,0
2023-08-30,SPMA,Suparma Tbk.,--U-1135000000B131------------,434.0,0.0,434.0,428.0,428.0,-6.0,290100,124737000,118,285.7,432,7800,428,51800,3154092216,3154092216,233087415,0,13000,0,0,0
2023-08-29,SPMA,Suparma Tbk.,--U-1135000000B131------------,434.0,0.0,434.0,430.0,434.0,0.0,239000,103379600,56,289.7,434,47300,432,10000,3154092216,3154092216,233087415,14500,0,0,0,0
2023-08-28,SPMA,Suparma Tbk.,--U-1135000000B131------------,434.0,0.0,434.0,426.0,434.0,0.0,155600,66990000,95,289.7,434,116900,430,15800,3154092216,3154092216,233087415,0,0,0,0,0
2023-08-25,SPMA,Suparma Tbk.,--U-1135000000B131------------,430.0,0.0,434.0,428.0,434.0,4.0,150500,64662600,73,289.7,434,86400,432,1000,3154092216,3154092216,233087415,0,24600,0,0,0
2023-08-24,SPMA,Suparma Tbk.,--U-1135000000B131------------,432.0,0.0,432.0,426.0,430.0,-2.0,231100,99051600,83,287.1,432,52900,430,1400,3154092216,3154092216,233087415,0,0,0,0,0
2023-08-23,SPMA,Suparma Tbk.,--U-1135000000B131------------,434.0,0.0,436.0,432.0,432.0,-2.0,136600,59122800,79,288.4,432,400,430,274300,3154092216,3154092216,233087415,8600,0,0,0,0
2023-08-22,SPMA,Suparma Tbk.,--U-1135000000B131------------,432.0,0.0,436.0,428.0,434.0,2.0,154600,66656000,84,289.7,434,10000,432,14900,3154092216,3154092216,233087415,0,24100,0,0,0
2023-08-21,SPMA,Suparma Tbk.,--U-1135000000B131------------,438.0,0.0,438.0,432.0,432.0,-6.0,139800,60749000,112,288.4,434,8800,432,7200,3154092216,3154092216,233087415,18500,0,0,0,0
2023-08-18,SPMA,Suparma Tbk.,--U-1135000000B131------------,436.0,0.0,438.0,434.0,438.0,2.0,114000,49660000,67,292.4,438,19500,436,4300,3154092216,3154092216,233087415,16400,0,0,0,0
2023-08-16,SPMA,Suparma Tbk.,--U-1135000000B131------------,438.0,0.0,442.0,434.0,436.0,-2.0,117500,51295800,83,291.1,438,18200,436,10500,3154092216,3154092216,233087415,400,0,0,0,0
2023-08-15,SPMA,Suparma Tbk.,--U-1135000000B131------------,438.0,0.0,444.0,432.0,438.0,0.0,334800,146832200,100,292.4,440,9400,438,2400,3154092216,3154092216,233087415,92900,2800,0,0,0
2023-08-14,SPMA,Suparma Tbk.,--U-1135000000B131------------,438.0,0.0,446.0,438.0,438.0,0.0,174200,76930200,94,292.4,438,100,436,35000,3154092216,3154092216,233087415,36300,0,0,0,0
2023-08-11,SPMA,Suparma Tbk.,--U-1135000000B131------------,440.0,0.0,440.0,434.0,438.0,-2.0,156200,68559600,61,292.4,440,3200,438,39700,3154092216,3154092216,233087415,49100,0,0,0,0
2023-08-10,SPMA,Suparma Tbk.,--U-1135000000B131------------,442.0,0.0,448.0,434.0,440.0,-2.0,330000,145252400,128,293.7,440,7500,434,6400,3154092216,3154092216,233087415,28200,0,0,0,0
2023-08-09,SPMA,Suparma Tbk.,--U-1135000000B131------------,434.0,0.0,448.0,436.0,442.0,8.0,757200,333409400,237,295.1,444,60500,442,10000,3154092216,3154092216,233087415,34300,12000,0,0,0
2023-08-08,SPMA,Suparma Tbk.,--U-1135000000B131------------,426.0,0.0,436.0,422.0,434.0,8.0,840500,360056600,196,289.7,436,35000,434,6500,3154092216,3154092216,233087415,32700,173300,0,0,0
2023-08-07,SPMA,Suparma Tbk.,--U-1135000000B131------------,428.0,0.0,428.0,422.0,426.0,-2.0,659600,280196200,149,284.4,426,37800,424,162900,3154092216,3154092216,233087415,37500,71600,0,0,0
2023-08-04,SPMA,Suparma Tbk.,--U-1135000000B131------------,424.0,0.0,430.0,424.0,428.0,4.0,313900,134049400,102,285.7,428,200,426,103600,3154092216,3154092216,233087415,0,8100,0,0,0
2023-08-03,SPMA,Suparma Tbk.,--U-1135000000B131------------,426.0,0.0,428.0,408.0,424.0,-2.0,1916700,797773800,353,283.1,426,44900,422,1800,3154092216,3154092216,233087415,0,0,0,0,0
2023-08-02,SPMA,Suparma Tbk.,--U-1135000000B131------------,424.0,0.0,428.0,420.0,426.0,2.0,261400,110994000,122,284.4,426,7700,424,30100,3154092216,3154092216,233087415,23500,0,0,0,0
2023-08-01,SPMA,Suparma Tbk.,--U-1135000000B131------------,438.0,0.0,438.0,414.0,424.0,-14.0,2691600,1143429600,440,283.1,424,14800,422,900,3154092216,3154092216,233087415,61200,78400,0,0,0
2023-07-31,SPMA,Suparma Tbk.,--U-1135000000B131------------,448.0,0.0,446.0,420.0,438.0,-10.0,2664100,1142416000,549,292.4,440,160900,438,58100,3154092216,3154092216,233087415,55100,53700,0,0,0
2023-07-28,SPMA,Suparma Tbk.,--U-1135000000B131------------,454.0,0.0,456.0,440.0,448.0,-6.0,1411200,628680200,228,299.1,448,4500,446,50000,3154092216,3154092216,233087415,111500,51700,0,0,0
2023-07-27,SPMA,Suparma Tbk.,--U-1135000000B131------------,450.0,0.0,454.0,448.0,454.0,4.0,363400,163793000,85,303.1,454,33900,452,3000,3154092216,3154092216,233087415,22200,0,0,0,0
2023-07-26,SPMA,Suparma Tbk.,--U-1135000000B131------------,452.0,0.0,454.0,448.0,450.0,-2.0,619500,278347200,102,300.4,452,28500,448,30900,3154092216,3154092216,233087415,0,0,0,0,0
2023-07-25,SPMA,Suparma Tbk.,--U-1135000000B131------------,450.0,0.0,454.0,448.0,452.0,2.0,477000,214997400,110,301.8,452,23700,450,87700,3154092216,3154092216,233087415,218300,0,0,0,0
2023-07-24,SPMA,Suparma Tbk.,--U-1135000000B131------------,450.0,0.0,458.0,444.0,450.0,0.0,984000,443058400,212,300.4,452,500,450,700,3154092216,3154092216,233087415,0,20600,0,0,0
2023-07-21,SPMA,Suparma Tbk.,--U-1135000000B131------------,456.0,0.0,458.0,448.0,450.0,-6.0,574300,259552200,138,300.4,454,24000,450,199200,3154092216,3154092216,233087415,0,0,0,0,0
2023-07-20,SPMA,Suparma Tbk.,--U-1135000000B131------------,458.0,0.0,460.0,452.0,456.0,-2.0,487300,222395000,104,304.4,460,127600,454,24000,3154092216,3154092216,233087415,0,0,0,0,0
2023-07-18,SPMA,Suparma Tbk.,--U-1135000000B131------------,462.0,0.0,462.0,456.0,458.0,-4.0,250400,114822800,89,305.8,458,55200,456,42400,3154092216,3154092216,233087415,5100,0,0,0,0
2023-07-17,SPMA,Suparma Tbk.,--U-1135000000B131------------,462.0,0.0,468.0,458.0,462.0,0.0,271800,125163200,85,308.4,462,24500,460,400,3154092216,3154092216,233087415,3700,0,0,0,0
2023-07-14,SPMA,Suparma Tbk.,--U-1135000000B131------------,458.0,0.0,466.0,456.0,462.0,4.0,499300,230680600,85,308.4,464,11200,460,10000,3154092216,3154092216,233087415,5300,0,0,0,0
2023-07-13,SPMA,Suparma Tbk.,--U-1135000000B131------------,456.0,0.0,462.0,450.0,458.0,2.0,883400,399684400,195,305.8,458,19800,452,25400,3154092216,3154092216,233087415,236800,0,0,0,0
2023-07-12,SPMA,Suparma Tbk.,--U-1135000000B131------------,466.0,0.0,472.0,454.0,456.0,-10.0,632300,291622000,179,304.4,456,800,454,12800,3154092216,3154092216,233087415,91400,5400,0,0,0
2023-07-11,SPMA,Suparma Tbk.,--U-1135000000B131------------,462.0,0.0,474.0,462.0,466.0,4.0,504000,235261800,177,311.1,466,100,464,64400,3154092216,3154092216,233087415,32900,0,0,0,0
2023-07-10,SPMA,Suparma Tbk.,--U-1135000000B131------------,456.0,0.0,470.0,456.0,462.0,6.0,788700,365086600,240,308.4,464,400,462,4300,3154092216,3154092216,233087415,31900,63200,0,0,0
2023-07-07,SPMA,Suparma Tbk.,--U-1135000000B131------------,458.0,0.0,460.0,450.0,456.0,-2.0,485500,221450800,223,304.4,458,14000,454,36200,3154092216,3154092216,233087415,10000,0,0,0,0
2023-07-06,SPMA,Suparma Tbk.,--U-1135000000B131------------,440.0,0.0,460.0,440.0,458.0,18.0,1228500,555839600,392,305.8,458,43400,456,1100,3154092216,3154092216,233087415,0,209900,0,0,0
2023-07-05,SPMA,Suparma Tbk.,--U-1135000000B131------------,436.0,0.0,444.0,432.0,440.0,4.0,368400,161184600,151,293.7,442,700,438,72600,3154092216,3154092216,233087415,20200,0,0,0,0
2023-07-04,SPMA,Suparma Tbk.,--U-1135000000B131------------,436.0,0.0,438.0,432.0,436.0,0.0,190700,82990800,104,291.1,436,3900,434,14200,3154092216,3154092216,233087415,16300,0,0,0,0
2023-07-03,SPMA,Suparma Tbk.,--U-1135000000B131------------,426.0,0.0,438.0,426.0,436.0,10.0,430100,186002800,136,291.1,436,2100,434,100,3154092216,3154092216,233087415,10900,15600,0,0,0
2023-06-27,SPMA,Suparma Tbk.,--U-1135000000B131------------,426.0,0.0,432.0,420.0,426.0,0.0,339100,145093600,137,284.4,430,2100,426,112500,3154092216,3154092216,233087415,15600,0,0,0,0
2023-06-26,SPMA,Suparma Tbk.,--U-1135000000B131------------,414.0,0.0,436.0,420.0,426.0,12.0,794600,342050400,322,284.4,430,2900,426,54600,3154092216,3154092216,233087415,42800,32100,0,0,0
2023-06-23,SPMA,Suparma Tbk.,--U-1135000000B131------------,444.0,0.0,444.0,410.0,414.0,-30.0,2895500,1236617600,567,276.4,420,50100,414,326600,3154092216,3154092216,233087415,0,59800,0,0,0
2023-06-22,SPMA,Suparma Tbk.,--U-1135000000B131------------,444.0,0.0,446.0,442.0,444.0,0.0,299000,132638200,56,296.4,444,27600,442,86300,3154092216,3154092216,233087415,0,28400,0,0,0
2023-06-21,SPMA,Suparma Tbk.,--U-1135000000B131------------,444.0,0.0,446.0,440.0,444.0,0.0,383600,169998200,81,296.4,444,41000,442,27300,3154092216,3154092216,233087415,90000,0,0,0,0
2023-06-20,SPMA,Suparma Tbk.,--U-1135000000B131------------,444.0,0.0,446.0,440.0,444.0,0.0,167900,74397200,64,296.4,446,100100,444,260100,3154092216,3154092216,233087415,0,0,0,0,0
2023-06-19,SPMA,Suparma Tbk.,--U-1135000000B131------------,440.0,0.0,446.0,440.0,444.0,4.0,443400,196533800,101,296.4,444,11400,442,85500,3154092216,3154092216,233087415,4400,0,0,0,0
2023-06-16,SPMA,Suparma Tbk.,--U-1135000000B131------------,446.0,0.0,448.0,440.0,440.0,-6.0,351100,154842000,154,293.7,444,34900,440,10500,3154092216,3154092216,233087415,20700,0,0,0,0
2023-06-15,SPMA,Suparma Tbk.,--U-1135000000B131------------,446.0,0.0,452.0,442.0,446.0,0.0,394200,175620000,160,297.8,446,4200,444,500,3154092216,3154092216,233087415,0,51400,0,0,0
2023-06-14,SPMA,Suparma Tbk.,--U-1135000000B131------------,440.0,0.0,448.0,436.0,446.0,6.0,382500,169123200,150,297.8,446,21100,442,500,3154092216,3154092216,233087415,200,25200,0,0,0
2023-06-13,SPMA,Suparma Tbk.,--U-1135000000B131------------,442.0,0.0,446.0,434.0,440.0,-2.0,936700,410735200,361,293.7,442,20700,440,7500,3154092216,3154092216,233087415,51000,20000,0,0,0
2023-06-12,SPMA,Suparma Tbk.,--U-1135000000B131------------,454.0,0.0,454.0,440.0,442.0,-12.0,2548200,1134886800,537,295.1,444,15400,442,78500,3154092216,3154092216,233087415,62200,39800,0,0,0
2023-06-09,SPMA,Suparma Tbk.,--U-1135000000B131------------,472.0,0.0,474.0,450.0,454.0,-18.0,1375100,629561200,359,303.1,454,11300,452,24300,3154092216,3154092216,233087415,1000,8700,91,42224,1
2023-06-08,SPMA,Suparma Tbk.,--U-1135000000B131------------,464.0,0.0,476.0,464.0,472.0,8.0,467500,219015600,161,315.1,474,17900,472,41000,3154092216,3154092216,233087415,200,1000,0,0,0
2023-06-07,SPMA,Suparma Tbk.,--U-1135000000B131------------,464.0,0.0,466.0,460.0,464.0,0.0,169700,78438000,82,309.8,464,9400,460,148700,3154092216,3154092216,233087415,0,20000,0,0,0
2023-06-06,SPMA,Suparma Tbk.,--U-1135000000B131------------,466.0,0.0,466.0,460.0,464.0,-2.0,81800,37860000,65,309.8,464,19600,462,21600,3154092216,3154092216,233087415,0,0,0,0,0
2023-06-05,SPMA,Suparma Tbk.,--U-1135000000B131------------,460.0,0.0,468.0,456.0,466.0,6.0,397300,182449000,119,311.1,466,22300,460,15900,3154092216,3154092216,233087415,9600,0,0,0,0
2023-05-31,SPMA,Suparma Tbk.,--M-1135000000B131------------,470.0,0.0,472.0,454.0,460.0,-10.0,286400,132400600,163,307.1,462,15000,460,11800,3154092216,3154092216,233087415,4100,7000,0,0,0
2023-05-30,SPMA,Suparma Tbk.,--M-1135000000B131------------,448.0,0.0,470.0,446.0,470.0,22.0,582300,270061200,303,313.8,470,32300,468,100,3154092216,3154092216,233087415,32500,58000,0,0,0
2023-05-29,SPMA,Suparma Tbk.,--M-1135000000B131------------,444.0,0.0,448.0,444.0,448.0,4.0,83800,37447200,48,299.1,448,1400,446,70600,3154092216,3154092216,233087415,0,0,0,0,0
2023-05-26,SPMA,Suparma Tbk.,--M-1135000000B131------------,450.0,0.0,450.0,444.0,444.0,-6.0,80400,35881600,69,296.4,446,11800,444,137300,3154092216,3154092216,233087415,0,0,0,0,0
2023-05-25,SPMA,Suparma Tbk.,--M-1135000000B131------------,444.0,0.0,450.0,444.0,450.0,6.0,139200,62174600,80,300.4,450,76700,446,10700,3154092216,3154092216,233087415,0,0,0,0,0
2023-05-24,SPMA,Suparma Tbk.,--M-1135000000B131------------,444.0,0.0,450.0,442.0,444.0,0.0,262500,117103000,141,296.4,444,6800,442,82400,3154092216,3154092216,233087415,0,11300,0,0,0
2023-05-23,SPMA,Suparma Tbk.,--M-1135000000B131------------,446.0,0.0,450.0,444.0,444.0,-2.0,1125600,502456400,87,296.4,448,21700,446,1500,3154092216,3154092216,233087415,10300,0,0,0,0
2023-05-22,SPMA,Suparma Tbk.,--M-1135000000B131------------,448.0,0.0,448.0,444.0,446.0,-2.0,210400,93734800,108,297.8,446,128800,444,56500,3154092216,3154092216,233087415,0,0,0,0,0
2023-05-19,SPMA,Suparma Tbk.,--M-1135000000B131------------,446.0,0.0,450.0,446.0,448.0,2.0,237400,106224000,80,299.1,448,228100,446,51500,3154092216,3154092216,233087415,11800,0,0,0,0
2023-05-17,SPMA,Suparma Tbk.,--M-1135000000B131------------,446.0,0.0,450.0,442.0,446.0,0.0,416200,185328200,117,297.8,446,44800,444,82900,3154092216,3154092216,233087415,0,0,0,0,0
2023-05-16,SPMA,Suparma Tbk.,--M-1135000000B131------------,448.0,0.0,448.0,444.0,446.0,-2.0,173900,77602000,93,297.8,446,35800,444,70400,3154092216,3154092216,233087415,0,10000,0,0,0
2023-05-15,SPMA,Suparma Tbk.,--M-1135000000B131------------,450.0,0.0,450.0,442.0,448.0,-2.0,634700,283222200,166,299.1,448,70400,446,16200,3154092216,3154092216,233087415,0,200,0,0,0
2023-05-12,SPMA,Suparma Tbk.,--M-1135000000B131------------,450.0,0.0,452.0,444.0,450.0,0.0,207600,93367000,71,300.4,450,73400,448,58300,3154092216,3154092216,233087415,0,0,0,0,0
2023-05-11,SPMA,Suparma Tbk.,--M-1135000000B131------------,448.0,0.0,452.0,444.0,450.0,2.0,399900,178879600,156,300.4,450,125900,444,25900,3154092216,3154092216,233087415,0,0,0,0,0
2023-05-10,SPMA,Suparma Tbk.,--M-1135000000B131------------,450.0,0.0,454.0,446.0,448.0,-2.0,339100,152107800,138,299.1,448,16000,446,74600,3154092216,3154092216,233087415,0,0,0,0,0
2023-05-09,SPMA,Suparma Tbk.,--M-1135000000B131------------,452.0,0.0,454.0,446.0,450.0,-2.0,375300,168753200,149,300.4,452,300,450,2100,3154092216,3154092216,233087415,18300,10000,0,0,0
2023-05-08,SPMA,Suparma Tbk.,--M-1135000000B131------------,448.0,0.0,466.0,446.0,452.0,4.0,391200,175833800,145,301.8,452,29200,450,6300,3154092216,3154092216,233087415,0,0,0,0,0
2023-05-05,SPMA,Suparma Tbk.,--M-1135000000B131------------,446.0,0.0,454.0,446.0,448.0,2.0,273400,122580400,114,299.1,448,13600,446,62700,3154092216,3154092216,233087415,0,11000,0,0,0
2023-05-04,SPMA,Suparma Tbk.,--M-1135000000B131------------,440.0,0.0,452.0,440.0,446.0,6.0,218700,97338400,87,297.8,448,17700,446,7600,3154092216,3154092216,233087415,57100,0,0,0,0
2023-05-03,SPMA,Suparma Tbk.,--M-1135000000B131------------,442.0,0.0,458.0,440.0,440.0,-2.0,915500,406312600,236,293.7,442,45300,440,91800,3154092216,3154092216,233087415,61300,7400,0,0,0
2023-05-02,SPMA,Suparma Tbk.,--M-1135000000B131------------,470.0,0.0,468.0,440.0,442.0,-28.0,2823700,1268261000,701,295.1,448,5100,442,1100,3154092216,3154092216,233087415,46800,142100,0,0,0
2023-04-28,SPMA,Suparma Tbk.,--M-1135000000B131------------,476.0,0.0,478.0,460.0,470.0,-6.0,705600,329945800,261,313.8,470,600,468,11100,3154092216,3154092216,233087415,0,0,0,0,0
2023-04-27,SPMA,Suparma Tbk.,--M-1135000000B131------------,472.0,0.0,484.0,470.0,476.0,4.0,361700,172230400,173,317.8,476,4900,474,30300,3154092216,3154092216,233087415,0,21400,0,0,0
2023-04-26,SPMA,Suparma Tbk.,--M-1135000000B131------------,460.0,0.0,472.0,458.0,472.0,12.0,348500,161891800,179,315.1,472,48200,468,107300,3154092216,3154092216,233087415,0,0,0,0,0
2023-04-18,SPMA,Suparma Tbk.,--M-1135000000B131------------,460.0,0.0,464.0,452.0,460.0,0.0,369300,168657600,169,307.1,462,20000,460,16700,3154092216,3154092216,233087415,1000,0,0,0,0
2023-04-17,SPMA,Suparma Tbk.,--M-1135000000B131------------,462.0,0.0,464.0,456.0,460.0,-2.0,114500,52620600,98,307.1,462,10500,460,8800,3154092216,3154092216,233087415,1900,0,0,0,0
2023-04-14,SPMA,Suparma Tbk.,--M-1135000000B131------------,462.0,0.0,464.0,454.0,462.0,0.0,539900,247956800,117,308.4,462,20900,460,11900,3154092216,3154092216,233087415,900,39200,0,0,0
2023-04-13,SPMA,Suparma Tbk.,--M-1135000000B131------------,460.0,0.0,466.0,458.0,462.0,2.0,237200,109151800,118,308.4,462,151100,460,1200,3154092216,3154092216,233087415,12000,2800,0,0,0
2023-04-12,SPMA,Suparma Tbk.,--M-1135000000B131------------,462.0,0.0,470.0,458.0,460.0,-2.0,861200,397034000,198,307.1,466,5800,458,44300,3154092216,3154092216,233087415,0,13200,0,0,0
2023-04-11,SPMA,Suparma Tbk.,--M-1135000000B131------------,460.0,0.0,468.0,458.0,462.0,2.0,361300,166065000,149,308.4,464,10000,462,19200,3154092216,3154092216,233087415,0,58100,0,0,0
2023-04-10,SPMA,Suparma Tbk.,--M-1135000000B131------------,462.0,0.0,468.0,460.0,460.0,-2.0,301700,139505400,151,307.1,468,30200,460,49800,3154092216,3154092216,233087415,0,0,0,0,0
2023-04-06,SPMA,Suparma Tbk.,--M-1135000000B131------------,474.0,0.0,476.0,460.0,462.0,-12.0,511100,239134400,240,308.4,466,500,460,55500,3154092216,3154092216,233087415,0,0,0,0,0
2023-04-05,SPMA,Suparma Tbk.,--M-1135000000B131------------,470.0,0.0,494.0,466.0,474.0,4.0,495200,233242200,183,316.4,474,55700,470,72700,3154092216,3154092216,233087415,17800,0,0,0,0
2023-04-04,SPMA,Suparma Tbk.,--M-1135000000B131------------,470.0,0.0,474.0,466.0,470.0,0.0,526400,246865400,214,313.8,470,7000,468,3500,3154092216,3154092216,233087415,8000,8000,0,0,0
2023-04-03,SPMA,Suparma Tbk.,--M-1135000000B131------------,496.0,0.0,500.0,462.0,470.0,-26.0,4680700,2198234800,1158,313.8,470,6600,468,25300,3154092216,3154092216,233087415,21700,25100,0,0,0
2023-03-31,SPMA,Suparma Tbk.,--M-1135000000B131------------,496.0,0.0,510.0,494.0,496.0,0.0,251500,125344600,93,331.1,498,6000,496,24500,3154092216,3154092216,233087415,0,0,0,0,0
2023-03-30,SPMA,Suparma Tbk.,--M-1135000000B131------------,494.0,0.0,500.0,494.0,496.0,2.0,516100,255998000,111,331.1,496,7600,492,62100,3154092216,3154092216,233087415,0,14400,0,0,0
2023-03-29,SPMA,Suparma Tbk.,--M-1135000000B131------------,496.0,0.0,500.0,494.0,494.0,-2.0,231700,115131200,103,329.8,496,100800,494,13900,3154092216,3154092216,233087415,0,10000,0,0,0
2023-03-28,SPMA,Suparma Tbk.,--M-1135000000B131------------,496.0,0.0,498.0,494.0,496.0,0.0,37700,18744000,41,331.1,496,10100,494,12000,3154092216,3154092216,233087415,0,0,0,0,0
2023-03-27,SPMA,Suparma Tbk.,--M-1135000000B131------------,498.0,0.0,498.0,494.0,496.0,-2.0,108600,53916400,62,331.1,496,32900,494,25500,3154092216,3154092216,233087415,0,0,0,0,0
2023-03-24,SPMA,Suparma Tbk.,--M-1135000000B131------------,500.0,0.0,505.0,498.0,498.0,-2.0,51700,25816500,35,332.5,500,47500,498,700,3154092216,3154092216,233087415,0,0,0,0,0
2023-03-21,SPMA,Suparma Tbk.,--M-1135000000B131------------,500.0,0.0,500.0,496.0,500.0,0.0,41400,20603400,39,333.8,500,91300,498,600,3154092216,3154092216,233087415,0,0,0,0,0
2023-03-20,SPMA,Suparma Tbk.,--M-1135000000B131------------,500.0,0.0,500.0,494.0,500.0,0.0,91000,45331200,37,333.8,500,55600,496,1000,3154092216,3154092216,233087415,0,0,0,0,0
2023-03-17,SPMA,Suparma Tbk.,--M-1135000000B131------------,492.0,0.0,500.0,484.0,500.0,8.0,115700,57062000,68,333.8,500,81500,498,3500,3154092216,3154092216,233087415,0,0,0,0,0
2023-03-16,SPMA,Suparma Tbk.,--M-1135000000B131------------,500.0,0.0,500.0,490.0,492.0,-8.0,263900,130170000,125,328.5,496,79400,492,100,3154092216,3154092216,233087415,0,0,0,0,0
2023-03-15,SPMA,Suparma Tbk.,--M-1135000000B131------------,494.0,0.0,505.0,492.0,500.0,6.0,224000,111434900,75,333.8,505,27800,500,700,3154092216,3154092216,233087415,0,0,0,0,0
2023-03-14,SPMA,Suparma Tbk.,--M-1135000000B131------------,500.0,0.0,505.0,492.0,494.0,-6.0,124000,61641000,81,329.8,496,39700,492,12200,3154092216,3154092216,233087415,0,0,0,0,0
2023-03-13,SPMA,Suparma Tbk.,--M-1135000000B131------------,505.0,0.0,510.0,496.0,500.0,-5.0,457200,228296000,142,333.8,500,8800,498,38800,3154092216,3154092216,233087415,0,14100,0,0,0
2023-03-10,SPMA,Suparma Tbk.,--M-1135000000B131------------,515.0,0.0,515.0,505.0,505.0,-10.0,161700,81769500,66,337.1,510,54500,505,9700,3154092216,3154092216,233087415,0,0,0,0,0
2023-03-09,SPMA,Suparma Tbk.,--M-1135000000B131------------,515.0,0.0,515.0,505.0,515.0,0.0,52300,26720000,47,343.8,515,49800,505,110700,3154092216,3154092216,233087415,0,0,0,0,0
2023-03-08,SPMA,Suparma Tbk.,--M-1135000000B131------------,510.0,0.0,515.0,505.0,515.0,5.0,164400,83616000,47,343.8,515,34600,510,2800,3154092216,3154092216,233087415,0,17600,0,0,0
2023-03-07,SPMA,Suparma Tbk.,--M-1135000000B131------------,520.0,0.0,520.0,510.0,510.0,-10.0,192400,98399000,64,340.5,515,8200,510,73200,3154092216,3154092216,233087415,0,0,0,0,0
2023-03-06,SPMA,Suparma Tbk.,--M-1135000000B131------------,515.0,0.0,520.0,505.0,520.0,5.0,369200,190610500,119,347.2,520,24700,515,47100,3154092216,3154092216,233087415,0,0,0,0,0
2023-03-03,SPMA,Suparma Tbk.,--M-1135000000B131------------,520.0,0.0,520.0,505.0,515.0,-5.0,623500,316723000,161,343.8,515,35400,505,134100,3154092216,3154092216,233087415,0,0,0,0,0
2023-03-02,SPMA,Suparma Tbk.,--M-1135000000B131------------,515.0,0.0,520.0,510.0,520.0,5.0,104400,53567500,59,347.2,520,69400,515,8400,3154092216,3154092216,233087415,0,0,0,0,0
2023-03-01,SPMA,Suparma Tbk.,--M-1135000000B131------------,515.0,0.0,520.0,505.0,515.0,0.0,119100,60684500,43,343.8,515,74800,510,1100,3154092216,3154092216,233087415,0,0,0,0,0
2023-02-28,SPMA,Suparma Tbk.,--M-1135000000B131------------,510.0,0.0,520.0,510.0,515.0,5.0,106800,54823000,54,343.8,515,6200,510,51100,3154092216,3154092216,233087415,0,0,0,0,0
2023-02-27,SPMA,Suparma Tbk.,--M-1135000000B131------------,515.0,0.0,530.0,510.0,510.0,-5.0,222600,115249000,99,340.5,515,12500,510,105100,3154092216,3154092216,233087415,2400,0,0,0,0
2023-02-24,SPMA,Suparma Tbk.,--M-1135000000B131------------,510.0,0.0,525.0,510.0,515.0,5.0,169600,87919000,65,343.8,515,139300,510,55800,3154092216,3154092216,233087415,0,0,0,0,0
2023-02-23,SPMA,Suparma Tbk.,--M-1135000000B131------------,520.0,0.0,520.0,510.0,510.0,-10.0,152300,77794500,66,340.5,515,63200,510,23900,3154092216,3154092216,233087415,400,0,0,0,0
2023-02-22,SPMA,Suparma Tbk.,--M-1135000000B131------------,515.0,0.0,520.0,510.0,520.0,5.0,207300,106298000,57,347.2,520,116100,515,500,3154092216,3154092216,233087415,1800,0,0,0,0
2023-02-21,SPMA,Suparma Tbk.,--M-1135000000B131------------,505.0,0.0,520.0,510.0,515.0,10.0,112700,57824500,49,343.8,515,16500,510,23300,3154092216,3154092216,233087415,2300,0,0,0,0
2023-02-20,SPMA,Suparma Tbk.,--M-1135000000B131------------,515.0,0.0,515.0,505.0,505.0,-10.0,190100,96792000,88,337.1,510,100,505,50900,3154092216,3154092216,233087415,6200,0,0,0,0
2023-02-17,SPMA,Suparma Tbk.,--M-1135000000B131------------,510.0,0.0,515.0,500.0,515.0,5.0,268100,137057500,62,343.8,515,8200,510,2200,3154092216,3154092216,233087415,4000,0,0,0,0
2023-02-16,SPMA,Suparma Tbk.,--M-1135000000B131------------,505.0,0.0,510.0,505.0,510.0,5.0,194200,98329500,80,340.5,510,24200,505,10200,3154092216,3154092216,233087415,0,0,0,0,0
2023-02-15,SPMA,Suparma Tbk.,--M-1135000000B131------------,510.0,0.0,510.0,505.0,505.0,-5.0,69500,35244500,48,337.1,510,18600,505,33600,3154092216,3154092216,233087415,3000,0,0,0,0
2023-02-14,SPMA,Suparma Tbk.,--M-1135000000B131------------,505.0,0.0,520.0,500.0,510.0,5.0,855600,431152000,156,340.5,510,86400,505,9100,3154092216,3154092216,233087415,0,0,0,0,0
2023-02-13,SPMA,Suparma Tbk.,--M-1135000000B131------------,505.0,0.0,545.0,505.0,505.0,0.0,1237400,639867000,212,337.1,525,30300,505,25400,3154092216,3154092216,233087415,0,20100,0,0,0
2023-02-10,SPMA,Suparma Tbk.,--M-1135000000B131------------,520.0,0.0,520.0,505.0,505.0,-15.0,225200,114506000,81,337.1,515,14000,505,32400,3154092216,3154092216,233087415,0,0,0,0,0
2023-02-09,SPMA,Suparma Tbk.,--M-1135000000B131------------,520.0,0.0,530.0,510.0,520.0,0.0,324000,169779000,86,347.2,525,3100,520,7100,3154092216,3154092216,233087415,0,100,0,0,0
2023-02-08,SPMA,Suparma Tbk.,--M-1135000000B131------------,520.0,0.0,530.0,510.0,520.0,0.0,77300,40099000,45,347.2,520,6500,515,1600,3154092216,3154092216,233087415,0,0,0,0,0
2023-02-07,SPMA,Suparma Tbk.,--M-1135000000B131------------,525.0,0.0,535.0,510.0,520.0,-5.0,210700,109728500,91,347.2,525,10000,520,500,3154092216,3154092216,233087415,0,0,0,0,0
2023-02-03,SPMA,Suparma Tbk.,--M-1135000000B131------------,515.0,0.0,515.0,505.0,515.0,0.0,78300,39984000,55,343.8,515,96100,510,107200,3154092216,3154092216,233087415,0,0,0,0,0
2023-02-02,SPMA,Suparma Tbk.,--M-1135000000B131------------,510.0,0.0,515.0,505.0,515.0,5.0,86300,44038500,40,343.8,515,137200,510,51300,3154092216,3154092216,233087415,0,0,0,0,0
2023-02-01,SPMA,Suparma Tbk.,--M-1135000000B131------------,505.0,0.0,515.0,510.0,510.0,5.0,462000,236481500,65,340.5,515,138600,510,15000,3154092216,3154092216,233087415,0,0,0,0,0
2023-01-31,SPMA,Suparma Tbk.,--M-1135000000B131------------,515.0,0.0,515.0,505.0,505.0,-10.0,104100,52722500,67,337.1,505,6800,500,75900,3154092216,3154092216,233087415,0,0,66,31680,1
2023-01-30,SPMA,Suparma Tbk.,--M-1135000000B131------------,510.0,0.0,515.0,505.0,515.0,5.0,61300,31166000,40,343.8,515,3000,510,15700,3154092216,3154092216,233087415,0,0,0,0,0
2023-01-27,SPMA,Suparma Tbk.,--M-1135000000B131------------,505.0,0.0,515.0,505.0,510.0,5.0,92000,46810500,49,340.5,510,79400,505,69800,3154092216,3154092216,233087415,0,0,0,0,0
2023-01-26,SPMA,Suparma Tbk.,--M-1135000000B131------------,520.0,0.0,520.0,500.0,505.0,-15.0,521300,264851000,131,337.1,510,16600,505,20400,3154092216,3154092216,233087415,0,0,0,0,0
2023-01-25,SPMA,Suparma Tbk.,--M-1135000000B131------------,520.0,0.0,525.0,510.0,520.0,0.0,179000,92731500,74,347.2,520,13300,515,100,3154092216,3154092216,233087415,0,0,0,0,0
2023-01-24,SPMA,Suparma Tbk.,--M-1135000000B131------------,515.0,0.0,525.0,510.0,520.0,5.0,264500,136858500,104,347.2,520,59400,515,96500,3154092216,3154092216,233087415,0,0,0,0,0
2023-01-20,SPMA,Suparma Tbk.,--M-1135000000B131------------,505.0,0.0,515.0,500.0,515.0,10.0,234400,119824500,99,343.8,515,42300,510,5700,3154092216,3154092216,233087415,0,0,0,0,0
2023-01-19,SPMA,Suparma Tbk.,--M-1135000000B131------------,500.0,0.0,505.0,492.0,505.0,5.0,494700,247741200,92,337.1,505,25500,498,4700,3154092216,3154092216,233087415,900,0,0,0,0
2023-01-18,SPMA,Suparma Tbk.,--M-1135000000B131------------,494.0,0.0,505.0,494.0,500.0,6.0,219200,109360100,78,333.8,500,10400,498,9400,3154092216,3154092216,233087415,2100,0,113,74580,1
2023-01-17,SPMA,Suparma Tbk.,--M-1135000000B131------------,488.0,0.0,494.0,488.0,494.0,6.0,157500,77404200,69,329.8,494,200,492,17000,3154092216,3154092216,233087415,0,0,0,0,0
2023-01-16,SPMA,Suparma Tbk.,--M-1135000000B131------------,488.0,0.0,500.0,488.0,488.0,0.0,195100,95585400,70,325.8,490,4800,488,7900,3154092216,3154092216,233087415,0,94200,0,0,0
2023-01-13,SPMA,Suparma Tbk.,--M-1135000000B131------------,484.0,0.0,490.0,482.0,488.0,4.0,91300,44169600,54,325.8,488,14700,484,100,3154092216,3154092216,233087415,1300,0,0,0,0
2023-01-12,SPMA,Suparma Tbk.,--M-1135000000B131------------,484.0,0.0,494.0,480.0,484.0,0.0,142200,68940400,68,323.1,486,41000,484,24300,3154092216,3154092216,233087415,200,0,0,0,0
2023-01-11,SPMA,Suparma Tbk.,--M-1135000000B131------------,480.0,0.0,496.0,482.0,484.0,4.0,156500,75840800,52,323.1,484,1900,482,11400,3154092216,3154092216,233087415,1800,0,0,0,0
2023-01-10,SPMA,Suparma Tbk.,--M-1135000000B131------------,474.0,0.0,496.0,476.0,480.0,6.0,133300,64351800,75,320.5,480,3700,478,8500,3154092216,3154092216,233087415,0,0,0,0,0
2023-01-09,SPMA,Suparma Tbk.,--M-1135000000B131------------,482.0,0.0,500.0,474.0,474.0,-8.0,446100,215223600,145,316.4,486,1000,474,39700,3154092216,3154092216,233087415,0,6300,0,0,0
2023-01-06,SPMA,Suparma Tbk.,--M-1135000000B131------------,480.0,0.0,515.0,476.0,482.0,2.0,439600,212076000,139,321.8,482,6700,480,13700,3154092216,3154092216,233087415,0,0,0,0,0
2023-01-05,SPMA,Suparma Tbk.,--M-1135000000B131------------,494.0,0.0,496.0,478.0,480.0,-14.0,1277300,617928200,231,320.5,480,500,478,124600,3154092216,3154092216,233087415,0,0,0,0,0
2023-01-04,SPMA,Suparma Tbk.,--M-1135000000B131------------,500.0,0.0,505.0,486.0,494.0,-6.0,227600,113114900,140,329.8,500,114700,494,51800,3154092216,3154092216,233087415,0,0,4042050,1616820000,1
2023-01-03,SPMA,Suparma Tbk.,--M-1135000000B131------------,496.0,0.0,510.0,496.0,500.0,4.0,187400,94070100,84,333.8,505,27000,500,100,3154092216,3154092216,233087415,0,0,0,0,0
2023-01-02,SPMA,Suparma Tbk.,--M-1135000000B131------------,496.0,0.0,498.0,490.0,496.0,0.0,142300,70284800,73,331.1,498,7500,494,13900,3154092216,3154092216,233087415,0,0,0,0,0
2022-12-30,SPMA,Suparma Tbk.,--M-1135000000B131------------,492.0,0.0,498.0,492.0,496.0,4.0,137500,68010400,76,331.1,498,25800,496,99300,3154092216,3154092216,233087415,0,0,0,0,0
2022-12-29,SPMA,Suparma Tbk.,--M-1135000000B131------------,494.0,0.0,494.0,484.0,492.0,-2.0,569300,277983200,130,328.5,494,39800,492,2800,3154092216,3154092216,233087415,0,0,0,0,0
2022-12-28,SPMA,Suparma Tbk.,--M-1135000000B131------------,500.0,0.0,505.0,494.0,494.0,-6.0,273900,135838000,149,329.8,494,657100,492,36200,3154092216,3154092216,233087415,0,0,23,10718,1
2022-12-27,SPMA,Suparma Tbk.,--M-1135000000B131------------,505.0,0.0,520.0,500.0,500.0,-5.0,275300,139060500,131,333.8,510,62200,500,17100,3154092216,3154092216,233087415,0,0,0,0,0
2022-12-26,SPMA,Suparma Tbk.,--M-1135000000B131------------,505.0,0.0,510.0,500.0,505.0,0.0,171500,86337500,86,337.1,505,10000,500,23500,3154092216,3154092216,233087415,0,0,0,0,0
2022-12-23,SPMA,Suparma Tbk.,--M-1135000000B131------------,515.0,0.0,515.0,498.0,505.0,-10.0,785700,393657500,159,337.1,510,31300,505,2000,3154092216,3154092216,233087415,0,0,0,0,0
2022-12-22,SPMA,Suparma Tbk.,--M-1135000000B131------------,515.0,0.0,520.0,496.0,515.0,0.0,1273900,642497600,213,343.8,515,66500,505,9900,3154092216,3154092216,233087415,0,0,0,0,0
2022-12-21,SPMA,Suparma Tbk.,--M-1135000000B131------------,525.0,0.0,525.0,505.0,515.0,-10.0,347700,178696500,121,343.8,520,20500,515,2500,3154092216,3154092216,233087415,0,0,5,2625,1
2022-12-20,SPMA,Suparma Tbk.,--M-1135000000B131------------,520.0,0.0,525.0,515.0,525.0,5.0,136300,70759500,67,350.5,525,3300,520,48200,3154092216,3154092216,233087415,0,0,0,0,0
2022-12-19,SPMA,Suparma Tbk.,--M-1135000000B131------------,520.0,0.0,525.0,515.0,520.0,0.0,126900,65680000,71,347.2,520,15000,515,28100,3154092216,3154092216,233087415,0,0,0,0,0
2022-12-16,SPMA,Suparma Tbk.,--M-1135000000B131------------,535.0,0.0,545.0,515.0,520.0,-15.0,127400,66275000,58,347.2,525,10200,520,30000,3154092216,3154092216,233087415,0,0,0,0,0
2022-12-15,SPMA,Suparma Tbk.,--M-1135000000B131------------,520.0,0.0,535.0,510.0,535.0,15.0,586800,304161000,89,357.2,535,88000,520,100,3154092216,3154092216,233087415,13500,0,0,0,0
2022-12-14,SPMA,Suparma Tbk.,--M-1135000000B131------------,530.0,0.0,535.0,520.0,520.0,-10.0,260800,136646000,113,347.2,525,486500,520,48200,3154092216,3154092216,233087415,0,0,120,30500,2
2022-12-13,SPMA,Suparma Tbk.,--M-1135000000B131------------,540.0,0.0,545.0,530.0,530.0,-10.0,217000,115664500,123,353.8,535,56700,530,3100,3154092216,3154092216,233087415,500,0,0,0,0
2022-12-12,SPMA,Suparma Tbk.,--M-1135000000B131------------,515.0,0.0,540.0,505.0,540.0,25.0,369300,193642500,181,360.5,540,10300,535,29900,3154092216,3154092216,233087415,0,14000,0,0,0
2022-12-09,SPMA,Suparma Tbk.,--M-1135000000B131------------,535.0,0.0,535.0,515.0,515.0,-20.0,519100,269736000,168,343.8,515,14100,510,78800,3154092216,3154092216,233087415,0,0,0,0,0
2022-12-08,SPMA,Suparma Tbk.,--M-1135000000B131------------,545.0,0.0,545.0,510.0,535.0,-10.0,2467900,1279554500,350,357.2,535,49000,530,28900,3154092216,3154092216,233087415,0,0,90,9000,1
2022-12-07,SPMA,Suparma Tbk.,--M-1135000000B131------------,545.0,0.0,545.0,530.0,545.0,0.0,221500,119860500,68,363.8,545,7700,540,10000,3154092216,3154092216,233087415,0,0,0,0,0
2022-12-06,SPMA,Suparma Tbk.,--M-1135000000B131------------,545.0,0.0,550.0,520.0,545.0,0.0,481800,256763500,195,363.8,545,100,540,7800,3154092216,3154092216,233087415,0,0,0,0,0
2022-12-05,SPMA,Suparma Tbk.,--M-1135000000B131------------,550.0,0.0,570.0,545.0,545.0,-5.0,284300,156944000,128,363.8,550,66100,545,2000,3154092216,3154092216,233087415,0,0,0,0,0
2022-12-02,SPMA,Suparma Tbk.,--M-1135000000B131------------,570.0,0.0,575.0,545.0,550.0,-20.0,755500,418482000,279,367.2,555,21000,550,449200,3154092216,3154092216,233087415,0,0,0,0,0
2022-12-01,SPMA,Suparma Tbk.,--M-1135000000B131------------,575.0,0.0,595.0,565.0,570.0,-5.0,606300,347661000,174,380.5,570,5900,565,54900,3154092216,3154092216,233087415,0,0,0,0,0
2022-11-30,SPMA,Suparma Tbk.,--M-1135000000B131------------,565.0,0.0,585.0,565.0,575.0,10.0,980500,565520000,207,383.9,580,17900,575,5900,3154092216,3154092216,233087415,0,0,0,0,0
2022-11-29,SPMA,Suparma Tbk.,--M-1135000000B131------------,585.0,0.0,590.0,565.0,565.0,-20.0,523500,298852500,205,377.2,575,50500,565,93000,3154092216,3154092216,233087415,0,0,0,0,0
2022-11-28,SPMA,Suparma Tbk.,--M-1135000000B131------------,575.0,0.0,590.0,565.0,585.0,10.0,814800,470809500,230,390.6,585,92200,580,25100,3154092216,3154092216,233087415,0,0,0,0,0
2022-11-25,SPMA,Suparma Tbk.,--M-1135000000B131------------,575.0,0.0,590.0,565.0,575.0,0.0,743300,428765000,236,383.9,575,8700,570,16500,3154092216,3154092216,233087415,0,0,0,0,0
2022-11-24,SPMA,Suparma Tbk.,--M-1135000000B131------------,575.0,0.0,580.0,565.0,575.0,0.0,1253700,719320000,214,383.9,575,27200,570,41400,3154092216,3154092216,233087415,0,0,0,0,0
2022-11-23,SPMA,Suparma Tbk.,--M-1135000000B131------------,565.0,0.0,575.0,560.0,575.0,10.0,810500,461483000,226,383.9,575,198200,570,7100,3154092216,3154092216,233087415,0,0,0,0,0
2022-11-22,SPMA,Suparma Tbk.,--M-1135000000B131------------,560.0,0.0,580.0,555.0,565.0,5.0,836000,473807500,211,377.2,565,49000,560,133300,3154092216,3154092216,233087415,0,0,0,0,0
2022-11-21,SPMA,Suparma Tbk.,--M-1135000000B131------------,560.0,0.0,610.0,540.0,560.0,0.0,3531200,2034429500,1114,373.9,560,15300,555,25400,3154092216,3154092216,233087415,0,0,0,0,0
2022-11-18,SPMA,Suparma Tbk.,--M-1135000000B131------------,535.0,0.0,585.0,535.0,560.0,25.0,2707600,1531872000,746,373.9,560,12100,555,10600,3154092216,3154092216,233087415,0,0,0,0,0
2022-11-17,SPMA,Suparma Tbk.,--M-1135000000B131------------,535.0,0.0,545.0,525.0,535.0,0.0,1090000,583318500,197,357.2,540,100,535,77100,3154092216,3154092216,233087415,0,0,0,0,0
2022-11-16,SPMA,Suparma Tbk.,--M-1135000000B131------------,545.0,0.0,550.0,515.0,535.0,-10.0,1194400,635130000,287,357.2,535,16600,530,73900,3154092216,3154092216,233087415,0,0,0,0,0
2022-11-15,SPMA,Suparma Tbk.,--M-1135000000B131------------,550.0,0.0,560.0,545.0,545.0,-5.0,1293100,709659500,175,363.8,545,13800,540,420200,3154092216,3154092216,233087415,0,0,0,0,0
2022-11-14,SPMA,Suparma Tbk.,--M-1135000000B131------------,565.0,0.0,575.0,540.0,550.0,-15.0,1933100,1061982500,341,367.2,555,6700,550,500,3154092216,3154092216,233087415,0,0,20,11300,1
2022-11-11,SPMA,Suparma Tbk.,--M-1135000000B131------------,540.0,0.0,585.0,540.0,565.0,25.0,1977000,1106526000,334,377.2,565,81700,560,6100,3154092216,3154092216,233087415,0,0,0,0,0
2022-11-10,SPMA,Suparma Tbk.,--M-1135000000B131------------,550.0,0.0,560.0,540.0,540.0,-10.0,696200,379835500,221,360.5,545,69300,540,83900,3154092216,3154092216,233087415,0,0,0,0,0
2022-11-09,SPMA,Suparma Tbk.,--M-1135000000B131------------,545.0,0.0,555.0,535.0,550.0,5.0,1189800,647666000,285,367.2,555,86800,550,23700,3154092216,3154092216,233087415,0,0,0,0,0
2022-11-08,SPMA,Suparma Tbk.,--M-1135000000B131------------,555.0,0.0,560.0,540.0,545.0,-10.0,1074200,588227500,279,363.8,550,75600,545,177600,3154092216,3154092216,233087415,0,0,0,0,0
2022-11-07,SPMA,Suparma Tbk.,--M-1135000000B131------------,570.0,0.0,585.0,550.0,555.0,-15.0,1486100,836195500,539,370.5,560,42100,555,3400,3154092216,3154092216,233087415,0,0,0,0,0
2022-11-04,SPMA,Suparma Tbk.,--M-1135000000B131------------,540.0,0.0,575.0,540.0,570.0,30.0,4151300,2332228000,993,380.5,575,158900,570,3000,3154092216,3154092216,233087415,7000,0,0,0,0
2022-11-03,SPMA,Suparma Tbk.,--M-1135000000B131------------,560.0,0.0,560.0,525.0,540.0,-20.0,2130600,1149640500,613,360.5,545,94900,540,206500,3154092216,3154092216,233087415,0,0,0,0,0
2022-11-02,SPMA,Suparma Tbk.,--M-1135000000B131------------,555.0,0.0,610.0,525.0,560.0,5.0,11648400,6463305500,2395,373.9,560,139500,555,101300,3154092216,3154092216,233087415,23500,0,0,0,0
2022-11-01,SPMA,Suparma Tbk.,--M-1135000000B131------------,444.0,0.0,555.0,480.0,555.0,111.0,18810300,10199805200,2953,370.5,0,0,555,3155900,3154092216,3154092216,233087415,23000,7000,23,12765,1
2022-10-31,SPMA,Suparma Tbk.,--M-1135000000B131------------,440.0,0.0,448.0,438.0,444.0,4.0,495900,220440000,128,296.4,444,33800,442,15000,3154092216,3154092216,233087415,200000,0,0,0,0
2022-10-28,SPMA,Suparma Tbk.,--M-1135000000B131------------,446.0,0.0,452.0,440.0,440.0,-6.0,159500,71082200,195,293.7,444,8000,440,100,3154092216,3154092216,233087415,0,0,0,0,0
2022-10-27,SPMA,Suparma Tbk.,--M-1135000000B131------------,436.0,0.0,450.0,436.0,446.0,10.0,246200,109706000,148,297.8,446,164700,442,6500,3154092216,3154092216,233087415,0,0,0,0,0
2022-10-26,SPMA,Suparma Tbk.,--M-1135000000B131------------,438.0,0.0,446.0,428.0,436.0,-2.0,415700,182578600,196,291.1,436,36300,434,5400,3154092216,3154092216,233087415,0,225000,0,0,0
2022-10-25,SPMA,Suparma Tbk.,--M-1135000000B131------------,438.0,0.0,444.0,434.0,438.0,0.0,261900,114848000,146,292.4,438,1200,436,36100,3154092216,3154092216,233087415,0,0,0,0,0
2022-10-24,SPMA,Suparma Tbk.,--M-1135000000B131------------,430.0,0.0,442.0,434.0,438.0,8.0,427600,187591000,175,292.4,438,18700,436,65300,3154092216,3154092216,233087415,0,0,0,0,0
2022-10-21,SPMA,Suparma Tbk.,--M-1135000000B131------------,426.0,0.0,436.0,428.0,430.0,4.0,375800,162304200,135,287.1,432,12900,430,1000,3154092216,3154092216,233087415,0,0,0,0,0
2022-10-20,SPMA,Suparma Tbk.,--M-1135000000B131------------,414.0,0.0,432.0,414.0,426.0,12.0,556100,236963600,203,284.4,426,51400,424,21000,3154092216,3154092216,233087415,247600,0,0,0,0
2022-10-19,SPMA,Suparma Tbk.,--M-1135000000B131------------,410.0,0.0,416.0,406.0,414.0,4.0,130400,53708600,114,276.4,416,57200,412,100,3154092216,3154092216,233087415,20000,0,0,0,0
2022-10-18,SPMA,Suparma Tbk.,--M-1135000000B131------------,408.0,0.0,414.0,404.0,410.0,2.0,253900,103828600,145,273.7,410,14100,408,156000,3154092216,3154092216,233087415,0,0,0,0,0
2022-10-17,SPMA,Suparma Tbk.,--M-1135000000B131------------,422.0,0.0,422.0,402.0,408.0,-14.0,1524800,622872400,470,272.4,410,10100,408,2600,3154092216,3154092216,233087415,96700,150100,0,0,0
2022-10-14,SPMA,Suparma Tbk.,--M-1135000000B131------------,434.0,0.0,440.0,404.0,422.0,-12.0,1837000,774739200,477,281.7,422,34700,420,700,3154092216,3154092216,233087415,0,19700,0,0,0
2022-10-13,SPMA,Suparma Tbk.,--M-1135000000B131------------,448.0,0.0,454.0,434.0,434.0,-14.0,1168400,512013400,328,289.7,438,5000,434,400,3154092216,3154092216,233087415,0,216000,0,0,0
2022-10-12,SPMA,Suparma Tbk.,--M-1135000000B131------------,454.0,0.0,454.0,444.0,448.0,-6.0,503800,225237200,172,299.1,448,22400,446,9500,3154092216,3154092216,233087415,0,0,0,0,0
2022-10-11,SPMA,Suparma Tbk.,--M-1135000000B131------------,458.0,0.0,458.0,450.0,454.0,-4.0,438700,198367000,138,303.1,454,1400,452,13600,3154092216,3154092216,233087415,0,0,0,0,0
2022-10-10,SPMA,Suparma Tbk.,--M-1135000000B131------------,464.0,0.0,464.0,452.0,458.0,-6.0,316700,144425800,180,305.8,458,15600,456,300,3154092216,3154092216,233087415,0,0,0,0,0
2022-10-07,SPMA,Suparma Tbk.,--M-1135000000B131------------,466.0,0.0,468.0,462.0,464.0,-2.0,895000,415503000,126,309.8,466,6100,464,15600,3154092216,3154092216,233087415,150000,0,0,0,0
2022-10-06,SPMA,Suparma Tbk.,--M-1135000000B131------------,474.0,0.0,476.0,458.0,466.0,-8.0,1127900,525273400,334,311.1,468,700,466,140600,3154092216,3154092216,233087415,0,150000,0,0,0
2022-10-05,SPMA,Suparma Tbk.,--M-1135000000B131------------,464.0,0.0,476.0,466.0,474.0,10.0,707400,331744600,195,316.4,474,11000,468,92300,3154092216,3154092216,233087415,0,0,100,46400,1
2022-10-04,SPMA,Suparma Tbk.,--M-1135000000B131------------,456.0,0.0,470.0,456.0,464.0,8.0,1010400,467077000,362,309.8,466,1200,464,15200,3154092216,3154092216,233087415,0,0,0,0,0
2022-10-03,SPMA,Suparma Tbk.,--M-1135000000B131------------,446.0,0.0,494.0,440.0,456.0,10.0,8662800,4091001600,2198,304.4,458,13500,456,2000,3154092216,3154092216,233087415,171000,0,0,0,0
2022-09-30,SPMA,Suparma Tbk.,--M-1135000000B131------------,450.0,0.0,464.0,440.0,446.0,-4.0,1145900,510950000,394,297.8,446,299700,444,41400,3154092216,3154092216,206272133,0,0,0,0,0
2022-09-29,SPMA,Suparma Tbk.,--M-1135000000B131------------,454.0,0.0,468.0,450.0,450.0,-4.0,749900,339448200,239,300.4,452,28900,450,93000,3154092216,3154092216,206272133,0,0,0,0,0
2022-09-28,SPMA,Suparma Tbk.,--M-1135000000B131------------,464.0,0.0,464.0,454.0,454.0,-10.0,994800,455797400,386,303.1,456,134300,454,38800,3154092216,3154092216,206272133,0,0,0,0,0
2022-09-27,SPMA,Suparma Tbk.,--M-1135000000B131------------,468.0,0.0,468.0,462.0,464.0,-4.0,544300,252780800,206,309.8,464,126000,462,85800,3154092216,3154092216,206272133,90400,0,0,0,0
2022-09-26,SPMA,Suparma Tbk.,--M-1135000000B131------------,472.0,0.0,472.0,464.0,468.0,-4.0,419300,195726400,174,312.4,468,44600,466,200,3154092216,3154092216,206272133,0,0,0,0,0
2022-09-23,SPMA,Suparma Tbk.,--M-1135000000B131------------,470.0,0.0,472.0,468.0,472.0,2.0,197100,92733200,170,315.1,472,17800,470,9200,3154092216,3154092216,206272133,0,0,0,0,0
2022-09-22,SPMA,Suparma Tbk.,--M-1135000000B131------------,470.0,0.0,474.0,460.0,470.0,0.0,414100,193162400,245,313.8,472,2000,470,30500,3154092216,3154092216,206272133,0,0,0,0,0
2022-09-21,SPMA,Suparma Tbk.,--M-1135000000B131------------,478.0,0.0,480.0,470.0,470.0,-8.0,327300,154844800,201,313.8,472,267200,470,134000,3154092216,3154092216,206272133,0,0,85,40800,1
2022-09-20,SPMA,Suparma Tbk.,--M-1135000000B131------------,476.0,0.0,482.0,476.0,478.0,2.0,314500,150255400,154,319.1,478,3800,476,37700,3154092216,3154092216,206272133,0,0,0,0,0
2022-09-19,SPMA,Suparma Tbk.,--M-1135000000B131------------,486.0,0.0,490.0,472.0,476.0,-10.0,904700,432958200,357,317.8,476,327400,474,33100,3154092216,3154092216,206272133,0,0,0,0,0
2022-09-16,SPMA,Suparma Tbk.,--M-1135000000B131------------,482.0,0.0,498.0,486.0,486.0,4.0,1758400,859134600,350,324.5,486,6100,484,146900,3154092216,3154092216,206272133,30000,0,0,0,0
2022-09-15,SPMA,Suparma Tbk.,--M-1135000000B131------------,480.0,0.0,492.0,480.0,482.0,2.0,1097600,530495600,260,321.8,484,44400,482,62200,3154092216,3154092216,206272133,0,0,0,0,0
2022-09-14,SPMA,Suparma Tbk.,--M-1135000000B131------------,484.0,0.0,484.0,480.0,480.0,-4.0,605600,291630000,220,320.5,482,141500,480,265100,3154092216,3154092216,206272133,0,0,0,0,0
2022-09-13,SPMA,Suparma Tbk.,--M-1135000000B131------------,486.0,0.0,488.0,480.0,484.0,-2.0,837300,404979000,308,323.1,486,63200,484,54300,3154092216,3154092216,206272133,0,0,0,0,0
2022-09-12,SPMA,Suparma Tbk.,--M-1135000000B131------------,470.0,0.0,500.0,472.0,486.0,16.0,2188900,1061864200,660,324.5,486,151200,484,71400,3154092216,3154092216,206272133,0,40000,0,0,0
2022-09-09,SPMA,Suparma Tbk.,--M-1135000000B131------------,478.0,0.0,478.0,466.0,470.0,-8.0,1522800,716043600,398,313.8,470,131300,468,242100,3154092216,3154092216,206272133,0,0,0,0,0
2022-09-08,SPMA,Suparma Tbk.,--M-1135000000B131------------,458.0,0.0,484.0,458.0,478.0,20.0,2895400,1375217600,826,319.1,478,344000,474,38100,3154092216,3154092216,206272133,106200,0,0,0,0
2022-09-07,SPMA,Suparma Tbk.,--M-1135000000B131------------,468.0,0.0,470.0,458.0,458.0,-10.0,2291800,1057787800,662,305.8,458,182300,456,186400,3154092216,3154092216,206272133,0,0,0,0,0
2022-09-06,SPMA,Suparma Tbk.,--M-1135000000B131------------,480.0,0.0,488.0,462.0,468.0,-12.0,2615200,1229753800,795,312.4,468,33500,466,51200,3154092216,3154092216,206272133,11900,15000,0,0,0
2022-09-05,SPMA,Suparma Tbk.,--M-1135000000B131------------,500.0,0.0,500.0,466.0,480.0,-20.0,5962100,2860049200,1270,320.5,480,53600,478,64600,3154092216,3154092216,206272133,197700,201000,0,0,0
2022-09-02,SPMA,Suparma Tbk.,--M-1135000000B131------------,510.0,0.0,515.0,498.0,500.0,-10.0,2431700,1222186300,709,333.8,505,832800,500,5800,3154092216,3154092216,206272133,60600,0,0,0,0
2022-09-01,SPMA,Suparma Tbk.,--M-1135000000B131------------,520.0,0.0,525.0,505.0,510.0,-10.0,1598200,814741500,473,340.5,510,318400,505,75200,3154092216,3154092216,206272133,90500,0,0,0,0
2022-08-31,SPMA,Suparma Tbk.,--M-1135000000B131------------,530.0,0.0,530.0,515.0,520.0,-10.0,577900,301066000,243,347.2,520,107700,515,208800,3154092216,3154092216,206272133,27900,0,0,0,0
2022-08-30,SPMA,Suparma Tbk.,--M-1135000000B131------------,525.0,0.0,530.0,520.0,530.0,5.0,366300,191420000,220,353.8,530,46700,525,200,3154092216,3154092216,206272133,23300,0,0,0,0
2022-08-29,SPMA,Suparma Tbk.,--M-1135000000B131------------,530.0,0.0,535.0,520.0,525.0,-5.0,494700,258301000,285,350.5,530,71700,525,500,3154092216,3154092216,206272133,18900,0,0,0,0
2022-08-26,SPMA,Suparma Tbk.,--M-1135000000B131------------,530.0,0.0,535.0,525.0,530.0,0.0,409700,217292500,157,353.8,535,302300,530,46100,3154092216,3154092216,206272133,18000,0,0,0,0
2022-08-25,SPMA,Suparma Tbk.,--M-1135000000B131------------,530.0,0.0,535.0,520.0,530.0,0.0,548500,289287500,226,353.8,530,38000,525,300,3154092216,3154092216,206272133,15400,0,0,0,0
2022-08-24,SPMA,Suparma Tbk.,--M-1135000000B131------------,525.0,0.0,535.0,525.0,530.0,5.0,453400,239781500,200,353.8,530,37300,525,127900,3154092216,3154092216,206272133,15300,0,0,0,0
2022-08-23,SPMA,Suparma Tbk.,--M-1135000000B131------------,525.0,0.0,535.0,520.0,525.0,0.0,449300,237073500,200,350.5,530,194900,525,370900,3154092216,3154092216,206272133,15300,0,0,0,0
2022-08-22,SPMA,Suparma Tbk.,--M-1135000000B131------------,535.0,0.0,540.0,525.0,525.0,-10.0,744600,393599000,331,350.5,525,106400,520,232100,3154092216,3154092216,206272133,15500,0,0,0,0
2022-08-19,SPMA,Suparma Tbk.,--M-1135000000B131------------,535.0,0.0,545.0,535.0,535.0,0.0,283100,151743000,164,357.2,540,60800,535,103800,3154092216,3154092216,206272133,17000,0,0,0,0
2022-08-18,SPMA,Suparma Tbk.,--M-1135000000B131------------,545.0,0.0,550.0,530.0,535.0,-10.0,944700,505022500,416,357.2,540,29200,535,75200,3154092216,3154092216,206272133,17200,0,0,0,0
2022-08-16,SPMA,Suparma Tbk.,--M-1135000000B131------------,545.0,0.0,550.0,540.0,545.0,0.0,150100,81412000,157,363.8,545,51900,540,199100,3154092216,3154092216,206272133,20500,0,0,0,0
2022-08-15,SPMA,Suparma Tbk.,--M-1135000000B131------------,545.0,0.0,555.0,540.0,545.0,0.0,609000,333722500,237,363.8,545,64700,540,154700,3154092216,3154092216,206272133,23100,0,0,0,0
2022-08-12,SPMA,Suparma Tbk.,--M-1135000000B131------------,540.0,0.0,555.0,540.0,545.0,5.0,428000,233944500,173,363.8,550,104000,545,36300,3154092216,3154092216,206272133,23600,0,0,0,0
2022-08-11,SPMA,Suparma Tbk.,--M-1135000000B131------------,545.0,0.0,550.0,525.0,540.0,-5.0,1363300,731071500,480,360.5,545,67000,540,39200,3154092216,3154092216,206272133,22500,200,0,0,0
2022-08-10,SPMA,Suparma Tbk.,--M-1135000000B131------------,550.0,0.0,555.0,535.0,545.0,-5.0,740600,400150500,334,363.8,545,51700,540,14700,3154092216,3154092216,206272133,22800,0,0,0,0
2022-08-09,SPMA,Suparma Tbk.,--M-1135000000B131------------,550.0,0.0,570.0,540.0,550.0,0.0,895100,491552500,355,367.2,555,22400,550,93200,3154092216,3154092216,206272133,24100,0,0,0,0
2022-08-08,SPMA,Suparma Tbk.,--M-1135000000B131------------,560.0,0.0,565.0,545.0,550.0,-10.0,1381300,761369000,339,367.2,555,246000,550,224800,3154092216,3154092216,206272133,20800,0,0,0,0
2022-08-05,SPMA,Suparma Tbk.,--M-1135000000B131------------,570.0,0.0,570.0,555.0,560.0,-10.0,458900,256093500,315,373.9,565,148900,560,9100,3154092216,3154092216,206272133,23400,0,0,0,0
2022-08-04,SPMA,Suparma Tbk.,--M-1135000000B131------------,565.0,0.0,570.0,560.0,570.0,5.0,608300,343244500,276,380.5,570,205400,565,13500,3154092216,3154092216,206272133,26600,0,0,0,0
2022-08-03,SPMA,Suparma Tbk.,--M-1135000000B131------------,550.0,0.0,570.0,550.0,565.0,15.0,1065300,597639000,409,377.2,570,279800,565,14100,3154092216,3154092216,206272133,26900,0,0,0,0
2022-08-02,SPMA,Suparma Tbk.,--M-1135000000B131------------,550.0,0.0,560.0,515.0,550.0,0.0,6372100,3391444500,1321,367.2,555,46300,550,65300,3154092216,3154092216,206272133,205500,0,53,29575,3
2022-08-01,SPMA,Suparma Tbk.,--M-1135000000B131------------,590.0,0.0,580.0,550.0,550.0,-40.0,2541600,1410176000,593,367.2,550,4206400,0,0,3154092216,3154092216,206272133,0,0,0,0,0
2022-07-29,SPMA,Suparma Tbk.,--M-1135000000B131------------,630.0,0.0,610.0,590.0,590.0,-40.0,6559300,3888793000,1239,393.9,590,5878900,0,0,3154092216,3154092216,206272133,9600,0,0,0,0
2022-07-28,SPMA,Suparma Tbk.,--M-1135000000B131------------,615.0,0.0,635.0,615.0,630.0,15.0,940000,590607500,301,420.6,630,9600,625,73900,3154092216,3154092216,206272133,125000,0,0,0,0
2022-07-27,SPMA,Suparma Tbk.,--M-1135000000B131------------,620.0,0.0,625.0,605.0,615.0,-5.0,605000,371821500,215,410.6,615,5200,610,157600,3154092216,3154092216,206272133,51400,5000,0,0,0
2022-07-26,SPMA,Suparma Tbk.,--M-1135000000B131------------,615.0,0.0,625.0,605.0,620.0,5.0,669400,408793000,245,413.9,620,3100,615,19500,3154092216,3154092216,206272133,105700,0,0,0,0
2022-07-25,SPMA,Suparma Tbk.,--M-1135000000B131------------,615.0,0.0,620.0,600.0,615.0,0.0,288900,176364500,173,410.6,620,46300,615,1100,3154092216,3154092216,206272133,32800,0,0,0,0
2022-07-22,SPMA,Suparma Tbk.,--M-1135000000B131------------,625.0,0.0,630.0,615.0,615.0,-10.0,300000,186185500,149,410.6,620,11700,615,78900,3154092216,3154092216,206272133,35300,0,0,0,0
2022-07-21,SPMA,Suparma Tbk.,--M-1135000000B131------------,620.0,0.0,625.0,610.0,625.0,5.0,134100,83272500,138,417.3,625,48200,620,1200,3154092216,3154092216,206272133,13700,200,0,0,0
2022-07-20,SPMA,Suparma Tbk.,--M-1135000000B131------------,605.0,0.0,625.0,605.0,620.0,15.0,533700,329951000,217,413.9,625,47600,620,65500,3154092216,3154092216,206272133,88000,0,0,0,0
2022-07-19,SPMA,Suparma Tbk.,--M-1135000000B131------------,600.0,0.0,615.0,600.0,605.0,5.0,252000,152798500,149,403.9,610,17000,605,3200,3154092216,3154092216,206272133,32600,0,0,0,0
2022-07-18,SPMA,Suparma Tbk.,--M-1135000000B131------------,600.0,0.0,615.0,600.0,600.0,0.0,256800,155242500,150,400.6,605,113900,600,78700,3154092216,3154092216,206272133,38700,0,0,0,0
2022-07-15,SPMA,Suparma Tbk.,XBM-1135000000B131------------,605.0,0.0,620.0,595.0,600.0,-5.0,662600,401520500,204,400.6,605,23600,600,9000,3154092216,3154092216,206272133,101200,4700,0,0,0
2022-07-14,SPMA,Suparma Tbk.,XBM-1135000000B131------------,600.0,0.0,605.0,595.0,605.0,5.0,559900,334868000,166,403.9,605,1400,600,31200,3154092216,3154092216,206272133,47700,5700,0,0,0
2022-07-13,SPMA,Suparma Tbk.,XBM-1135000000B131------------,610.0,0.0,610.0,600.0,600.0,-10.0,841000,505843500,268,400.6,605,118600,600,132700,3154092216,3154092216,206272133,83500,17900,0,0,0
2022-07-12,SPMA,Suparma Tbk.,XBM-1135000000B131------------,610.0,0.0,620.0,600.0,610.0,0.0,315600,191639500,207,407.2,615,33900,610,29500,3154092216,3154092216,206272133,33900,8500,0,0,0
2022-07-11,SPMA,Suparma Tbk.,XBM-1135000000B131------------,620.0,0.0,625.0,605.0,610.0,-10.0,507800,310459000,294,407.2,610,5900,605,157800,3154092216,3154092216,206272133,56300,15000,0,0,0
2022-07-08,SPMA,Suparma Tbk.,XBM-1135000000B131------------,620.0,0.0,625.0,600.0,620.0,0.0,472400,290831000,271,413.9,620,132300,615,32900,3154092216,3154092216,206272133,68900,15300,0,0,0
2022-07-07,SPMA,Suparma Tbk.,XBM-1135000000B131------------,610.0,0.0,635.0,605.0,620.0,10.0,322700,200476000,138,413.9,620,4000,615,4000,2791233198,2791233198,206272133,54100,200,0,0,0
2022-07-06,SPMA,Suparma Tbk.,XBM-1135000000B131------------,625.0,0.0,625.0,605.0,610.0,-15.0,402000,246219500,177,407.2,615,5200,610,7900,2791233198,2791233198,206272133,32600,0,0,0,0
2022-07-05,SPMA,Suparma Tbk.,XBM-1135000000B131------------,600.0,0.0,625.0,600.0,625.0,25.0,381600,234828000,167,417.3,625,5200,620,52200,2791233198,2791233198,206272133,0,7600,0,0,0
2022-07-04,SPMA,Suparma Tbk.,XBM-1135000000B131------------,600.0,0.0,610.0,590.0,600.0,0.0,1428600,857258500,301,400.6,605,40600,600,7500,2791233198,2791233198,206272133,129900,12300,0,0,0
2022-07-01,SPMA,Suparma Tbk.,XBM-1135000000B131------------,610.0,0.0,610.0,595.0,600.0,-10.0,661000,395990500,286,400.6,605,1000,600,19700,2791233198,2791233198,206272133,60200,22100,0,0,0
2022-06-30,SPMA,Suparma Tbk.,XBM-1135000000B131------------,630.0,0.0,640.0,595.0,610.0,-20.0,1185200,725634000,403,407.2,610,2400,605,33800,2791233198,2791233198,233087510,90300,0,0,0,0
2022-06-29,SPMA,Suparma Tbk.,XBM-1135000000B131------------,640.0,0.0,640.0,630.0,630.0,-10.0,167700,106444500,115,420.6,640,59500,630,96900,2791233198,2791233198,233087510,7900,20000,0,0,0
2022-06-28,SPMA,Suparma Tbk.,XBM-1135000000B131------------,640.0,0.0,650.0,635.0,640.0,0.0,440200,282439500,166,427.3,640,19700,635,80700,2791233198,2791233198,233087510,36600,13500,0,0,0
2022-06-27,SPMA,Suparma Tbk.,XBM-1135000000B131------------,640.0,0.0,650.0,630.0,640.0,0.0,710900,453352000,266,427.3,645,55000,640,39900,2791233198,2791233198,233087510,76900,14100,0,0,0
2022-06-24,SPMA,Suparma Tbk.,XBM-1135000000B131------------,640.0,0.0,650.0,640.0,640.0,0.0,552500,356368000,191,427.3,645,2300,640,133200,2791233198,2791233198,233087510,40700,1900,0,0,0
2022-06-23,SPMA,Suparma Tbk.,XBM-1135000000B131------------,660.0,0.0,660.0,630.0,640.0,-20.0,1418300,905377500,296,427.3,640,21600,635,41900,2791233198,2791233198,233087510,115300,6000,0,0,0
2022-06-22,SPMA,Suparma Tbk.,XBM-1135000000B131------------,655.0,0.0,665.0,650.0,660.0,5.0,862500,568415000,295,440.6,660,88500,650,162000,2791233198,2791233198,233087510,88000,21200,0,0,0
2022-06-21,SPMA,Suparma Tbk.,XBM-1135000000B131------------,635.0,0.0,655.0,635.0,655.0,20.0,620400,399452500,173,437.3,655,34900,650,53600,2791233198,2791233198,233087510,27900,0,0,0,0
2022-06-20,SPMA,Suparma Tbk.,XBM-1135000000B131------------,625.0,0.0,645.0,625.0,635.0,10.0,288100,182330000,171,423.9,640,20100,635,8900,2791233198,2791233198,233087510,63800,0,0,0,0
2022-06-17,SPMA,Suparma Tbk.,XBM-1135000000B131------------,645.0,0.0,645.0,625.0,625.0,-20.0,1400200,885236500,429,417.3,625,667100,620,157200,2791233198,2791233198,233087510,520900,15400,0,0,0
2022-06-16,SPMA,Suparma Tbk.,--M-1135000000B131------------,630.0,0.0,655.0,625.0,645.0,15.0,1346100,869604500,351,430.6,650,69700,645,45100,2791233198,2791233198,233087510,118300,84200,0,0,0
2022-06-15,SPMA,Suparma Tbk.,--M-1135000000B131------------,620.0,0.0,690.0,630.0,630.0,10.0,2459000,1585764000,667,420.6,635,3000,630,272800,2791233198,2791233198,233087510,335800,20200,0,0,0
2022-06-14,SPMA,Suparma Tbk.,CBM-1135000000B131------------,685.0,0.0,705.0,670.0,700.0,15.0,1270900,883343500,410,413.9,705,99600,700,111800,2791233198,2791233198,206272133,47000,53200,0,0,0
2022-06-13,SPMA,Suparma Tbk.,CBM-1135000000B131------------,720.0,0.0,725.0,670.0,685.0,-35.0,3517600,2402205000,987,405.0,690,38300,685,25800,2791233198,2791233198,206272133,119000,49400,0,0,0
2022-06-10,SPMA,Suparma Tbk.,CBM-1135000000B131------------,690.0,0.0,730.0,680.0,720.0,30.0,2167600,1536361500,644,425.7,725,18700,720,13300,2791233198,2791233198,206272133,700,94900,0,0,0
2022-06-09,SPMA,Suparma Tbk.,--M-1135000000B131------------,710.0,0.0,720.0,690.0,690.0,-20.0,2895300,2028457000,719,408.0,690,62400,685,168500,2791233198,2791233198,206272133,9400,646800,0,0,0
2022-06-08,SPMA,Suparma Tbk.,--M-1135000000B131------------,730.0,0.0,750.0,690.0,710.0,-20.0,2434000,1728078500,748,419.8,710,94100,705,59200,2791233198,2791233198,206272133,39000,216300,0,0,0
2022-06-07,SPMA,Suparma Tbk.,--M-1135000000B131------------,740.0,0.0,760.0,715.0,730.0,-10.0,3693100,2689265000,945,431.7,735,262700,730,1200,2791233198,2791233198,206272133,78800,294500,0,0,0
2022-06-06,SPMA,Suparma Tbk.,--M-1135000000B131------------,745.0,0.0,765.0,735.0,740.0,-5.0,1375800,1031746000,565,437.6,745,1000,740,2100,2791233198,2791233198,206272133,104200,1900,0,0,0
2022-06-03,SPMA,Suparma Tbk.,--M-1135000000B131------------,725.0,0.0,750.0,715.0,745.0,20.0,1607800,1179647000,462,440.5,750,86400,745,67400,2791233198,2791233198,206272133,0,239200,0,0,0
2022-06-02,SPMA,Suparma Tbk.,--M-1135000000B131------------,735.0,0.0,760.0,715.0,725.0,-10.0,1808000,1320035000,637,428.7,730,106300,725,90700,2791233198,2791233198,206272133,57800,172700,0,0,0
2022-05-31,SPMA,Suparma Tbk.,--M-1135000000B131------------,755.0,0.0,770.0,730.0,735.0,-20.0,1797300,1340082500,672,434.6,735,146500,730,145100,2791233198,2791233198,206272133,74800,7700,84,59640,1
2022-05-30,SPMA,Suparma Tbk.,--M-1135000000B131------------,725.0,0.0,770.0,725.0,755.0,30.0,3814700,2863713000,790,446.4,760,42000,755,121600,2791233198,2791233198,206272133,58700,134100,0,0,0
2022-05-27,SPMA,Suparma Tbk.,--M-1135000000B131------------,705.0,0.0,730.0,705.0,725.0,20.0,1710700,1232341000,468,428.7,725,145500,720,43100,2791233198,2791233198,206272133,27000,54100,70000,45850000,2
2022-05-25,SPMA,Suparma Tbk.,--M-1135000000B131------------,700.0,0.0,730.0,690.0,705.0,5.0,2544300,1816341500,834,416.9,710,17400,705,4600,2791233198,2791233198,206272133,333300,4800,70000,45850000,2
2022-05-24,SPMA,Suparma Tbk.,--M-1135000000B131------------,650.0,0.0,710.0,645.0,700.0,50.0,4187000,2877625500,1053,413.9,705,79900,700,168700,2791233198,2791233198,206272133,124900,120800,35000,22925000,1
2022-05-23,SPMA,Suparma Tbk.,--M-1135000000B131------------,645.0,0.0,660.0,640.0,650.0,5.0,707200,458401000,267,384.4,650,20500,645,38700,2791233198,2791233198,206272133,54900,100,10000,6750000,1
2022-05-20,SPMA,Suparma Tbk.,--M-1135000000B131------------,640.0,0.0,660.0,640.0,645.0,5.0,1430200,925649000,284,381.4,650,54000,645,146400,2791233198,2791233198,206272133,0,255400,10000,6750000,1
2022-05-19,SPMA,Suparma Tbk.,--M-1135000000B131------------,645.0,0.0,655.0,630.0,640.0,-5.0,1138000,728512500,341,378.4,640,69800,635,19300,2791233198,2791233198,206272133,56000,52500,15000,10125000,2
2022-05-18,SPMA,Suparma Tbk.,--M-1135000000B131------------,665.0,0.0,680.0,635.0,645.0,-20.0,2120700,1381179500,647,381.4,650,85100,645,12600,2791233198,2791233198,206272133,114900,0,0,0,0
2022-05-17,SPMA,Suparma Tbk.,--M-1135000000B131------------,605.0,0.0,670.0,605.0,665.0,60.0,2862400,1852017500,753,393.2,670,68500,665,1200,2791233198,2791233198,206272133,16000,79800,0,0,0
2022-05-13,SPMA,Suparma Tbk.,--M-1135000000B131------------,595.0,0.0,605.0,585.0,605.0,10.0,1680500,1002193500,434,357.7,605,3800,595,41700,2791233198,2791233198,206272133,31000,13300,0,0,0
2022-05-12,SPMA,Suparma Tbk.,--M-1135000000B131------------,635.0,0.0,640.0,595.0,595.0,-40.0,4339300,2630790500,981,351.8,600,219600,595,8500,2791233198,2791233198,206272133,118700,30800,0,0,0
2022-05-11,SPMA,Suparma Tbk.,--M-1135000000B131------------,630.0,0.0,655.0,620.0,635.0,5.0,1108500,709971500,361,375.5,635,105200,630,278400,2791233198,2791233198,206272133,0,8100,15000,10075000,2
2022-05-10,SPMA,Suparma Tbk.,--M-1135000000B131------------,655.0,0.0,660.0,615.0,630.0,-25.0,2038000,1285071000,648,372.5,645,23300,630,52600,2791233198,2791233198,206272133,82000,121000,0,0,0
2022-05-09,SPMA,Suparma Tbk.,--M-1135000000B131------------,665.0,0.0,700.0,650.0,655.0,-10.0,2868300,1893064000,628,387.3,655,389600,650,176600,2791233198,2791233198,206272133,68300,327700,0,0,0
2022-04-28,SPMA,Suparma Tbk.,--M-1135000000B131------------,645.0,0.0,675.0,645.0,665.0,20.0,1446400,961983000,465,393.2,670,96500,665,51800,2791233198,2791233198,206272133,2400,372000,0,0,0
2022-04-27,SPMA,Suparma Tbk.,--M-1135000000B131------------,675.0,0.0,695.0,640.0,645.0,-30.0,3084000,2048227500,869,381.4,650,53400,645,59100,2791233198,2791233198,206272133,276500,166900,5000,3325000,1
2022-04-26,SPMA,Suparma Tbk.,--M-1135000000B131------------,630.0,0.0,690.0,630.0,675.0,45.0,3555100,2330092000,1053,399.1,680,70300,675,142000,2791233198,2791233198,206272133,315700,295300,5000,3325000,1
2022-04-25,SPMA,Suparma Tbk.,--M-1135000000B131------------,605.0,0.0,695.0,590.0,630.0,25.0,6110700,3881982000,1345,372.5,630,3400,625,21700,2791233198,2791233198,206272133,448100,289000,5000,3425000,1
2022-04-22,SPMA,Suparma Tbk.,--M-1135000000B131------------,615.0,0.0,615.0,590.0,605.0,-10.0,1770700,1067995000,548,357.7,615,66900,605,3000,2791233198,2791233198,206272133,0,236800,5000,3325000,1
2022-04-21,SPMA,Suparma Tbk.,--M-1135000000B131------------,630.0,0.0,635.0,590.0,615.0,-15.0,5578600,3368199000,1174,363.7,615,112100,610,790600,2791233198,2791233198,206272133,0,1002600,5000,3325000,1
2022-04-20,SPMA,Suparma Tbk.,--M-1135000000B131------------,655.0,0.0,655.0,625.0,630.0,-25.0,4009100,2554173500,785,372.5,635,101500,630,9400,2791233198,2791233198,206272133,17100,471500,0,0,0
2022-04-19,SPMA,Suparma Tbk.,--M-1135000000B131------------,680.0,0.0,680.0,650.0,655.0,-25.0,2060400,1360960500,748,387.3,660,212100,655,28000,2791233198,2791233198,206272133,174900,485200,5000,3325000,1
2022-04-18,SPMA,Suparma Tbk.,--M-1135000000B131------------,680.0,0.0,710.0,675.0,680.0,0.0,1214700,831777500,404,402.1,685,59000,675,134100,2791233198,2791233198,206272133,49500,30400,5000,3325000,1
2022-04-14,SPMA,Suparma Tbk.,--M-1135000000B131------------,685.0,0.0,695.0,675.0,680.0,-5.0,354300,241629500,264,402.1,685,85500,680,106200,2791233198,2791233198,206272133,0,34500,0,0,0
2022-04-13,SPMA,Suparma Tbk.,--M-1135000000B131------------,695.0,0.0,700.0,655.0,685.0,-10.0,2216800,1499612000,621,405.0,685,32000,680,44400,2791233198,2791233198,206272133,18800,75600,0,0,0
2022-04-12,SPMA,Suparma Tbk.,--M-1135000000B131------------,665.0,0.0,695.0,620.0,695.0,30.0,7146400,4692101000,1488,411.0,695,7100,690,41200,2791233198,2791233198,206272133,169300,305300,0,0,0
2022-04-11,SPMA,Suparma Tbk.,--M-1135000000B131------------,695.0,0.0,695.0,665.0,665.0,-30.0,5007000,3387874000,1049,393.2,665,108700,660,136600,2791233198,2791233198,206272133,37900,9300,0,0,0
2022-04-08,SPMA,Suparma Tbk.,--M-1135000000B131------------,700.0,0.0,710.0,685.0,695.0,-5.0,2992700,2071531500,550,411.0,700,143100,695,40300,2791233198,2791233198,206272133,0,33500,0,0,0
2022-04-07,SPMA,Suparma Tbk.,--M-1135000000B131------------,690.0,0.0,705.0,685.0,700.0,10.0,957600,668148500,342,413.9,705,32400,700,200,2791233198,2791233198,206272133,0,6000,0,0,0
2022-04-06,SPMA,Suparma Tbk.,--M-1135000000B131------------,730.0,0.0,745.0,690.0,690.0,-40.0,6107800,4290198500,1275,408.0,690,73400,685,196600,2791233198,2791233198,206272133,0,249000,0,0,0
2022-04-05,SPMA,Suparma Tbk.,--M-1135000000B131------------,710.0,0.0,735.0,705.0,730.0,20.0,1856600,1328245500,563,431.7,735,93300,725,4900,2791233198,2791233198,206272133,0,100000,0,0,0
2022-04-04,SPMA,Suparma Tbk.,--M-1135000000B131------------,720.0,0.0,720.0,705.0,710.0,-10.0,1625800,1157253500,439,419.8,710,101600,705,519200,2791233198,2791233198,206272133,0,77600,0,0,0
2022-04-01,SPMA,Suparma Tbk.,--M-1135000000B131------------,735.0,0.0,750.0,710.0,720.0,-15.0,2537300,1831825000,517,425.7,725,291500,720,75000,2791233198,2791233198,206272133,9700,19800,0,0,0
2022-03-31,SPMA,Suparma Tbk.,--M-1135000000B131------------,735.0,0.0,755.0,720.0,735.0,0.0,2475700,1810048500,587,434.6,735,98600,730,16200,2791233198,2791233198,1240424033,9200,229800,0,0,0
2022-03-30,SPMA,Suparma Tbk.,--M-1135000000B131------------,770.0,0.0,775.0,735.0,735.0,-35.0,3463700,2593603000,881,434.6,735,73200,730,134400,2791233198,2791233198,1240424033,47000,220700,0,0,0
2022-03-29,SPMA,Suparma Tbk.,--M-1135000000B131------------,785.0,0.0,800.0,760.0,770.0,-15.0,2631400,2034376000,662,455.3,780,133300,770,174900,2791233198,2791233198,1240424033,13500,29100,0,0,0
2022-03-28,SPMA,Suparma Tbk.,--M-1135000000B131------------,820.0,0.0,885.0,765.0,785.0,-35.0,11968500,9788715500,2392,464.2,790,1200,785,26100,2791233198,2791233198,1240424033,36100,27700,0,0,0
2022-03-25,SPMA,Suparma Tbk.,--M-1135000000B131------------,805.0,0.0,830.0,795.0,820.0,15.0,1700100,1380230500,427,484.9,820,57800,815,98600,2791233198,2791233198,1240424033,0,88000,0,0,0
2022-03-24,SPMA,Suparma Tbk.,--M-1135000000B131------------,800.0,0.0,820.0,750.0,805.0,5.0,2807800,2248147000,1164,476.0,810,16400,805,25710400,2791233198,2791233198,1240424033,0,136300,0,0,0
2022-03-23,SPMA,Suparma Tbk.,--M-1135000000B131------------,695.0,0.0,820.0,690.0,800.0,105.0,6215300,4816400500,1692,473.0,805,37600,800,9996100,2791233198,2791233198,1240424033,20000,134900,0,0,0
2022-03-22,SPMA,Suparma Tbk.,--M-1135000000B131------------,680.0,0.0,700.0,670.0,695.0,15.0,1331500,921617500,282,411.0,700,41400,695,10200,2791233198,2791233198,1240424033,3500,24300,0,0,0
2022-03-21,SPMA,Suparma Tbk.,--M-1135000000B131------------,700.0,0.0,705.0,675.0,680.0,-20.0,1661600,1139244500,659,402.1,685,67700,680,19200,2791233198,2791233198,1240424033,174600,300,0,0,0
2022-03-18,SPMA,Suparma Tbk.,--M-1135000000B131------------,710.0,0.0,720.0,690.0,700.0,-10.0,1358900,952716000,337,413.9,705,76400,700,37500,2791233198,2791233198,1240424033,151600,6000,0,0,0
2022-03-17,SPMA,Suparma Tbk.,--M-1135000000B131------------,720.0,0.0,720.0,705.0,710.0,-10.0,153400,109232000,123,419.8,715,1600,710,60000,2791233198,2791233198,1240424033,23300,0,0,0,0
2022-03-16,SPMA,Suparma Tbk.,--M-1135000000B131------------,715.0,0.0,725.0,705.0,720.0,5.0,412600,294981500,189,425.7,720,19100,715,1100,2791233198,2791233198,1240424033,84200,0,0,0,0
2022-03-15,SPMA,Suparma Tbk.,--M-1135000000B131------------,715.0,0.0,730.0,705.0,715.0,0.0,331200,236401000,205,422.8,720,1700,715,12800,2791233198,2791233198,1240424033,78300,0,0,0,0
2022-03-14,SPMA,Suparma Tbk.,--M-1135000000B131------------,720.0,0.0,730.0,715.0,715.0,-5.0,231400,166327500,188,422.8,720,700,715,155500,2791233198,2791233198,1240424033,41000,0,0,0,0
2022-03-11,SPMA,Suparma Tbk.,--M-1135000000B131------------,740.0,0.0,750.0,720.0,720.0,-20.0,431600,314854500,222,425.7,720,5800,715,82100,2791233198,2791233198,1240424033,40200,6100,0,0,0
2022-03-10,SPMA,Suparma Tbk.,--M-1135000000B131------------,735.0,0.0,755.0,725.0,740.0,5.0,965000,716224500,294,437.6,740,209700,735,2500,2791233198,2791233198,1240424033,162400,9000,0,0,0
2022-03-09,SPMA,Suparma Tbk.,--M-1135000000B131------------,745.0,0.0,745.0,725.0,735.0,-10.0,993200,727478000,243,434.6,740,17900,735,7800,2791233198,2791233198,1240424033,125800,0,0,0,0
2022-03-08,SPMA,Suparma Tbk.,--M-1135000000B131------------,760.0,0.0,775.0,710.0,745.0,-15.0,1167100,854367000,464,440.5,740,15000,725,600,2791233198,2791233198,1240424033,168800,0,0,0,0
2022-03-07,SPMA,Suparma Tbk.,--M-1135000000B131------------,715.0,0.0,765.0,710.0,760.0,45.0,2557000,1902680000,745,449.4,760,501500,750,300,2791233198,2791233198,1240424033,289900,56500,0,0,0
2022-03-04,SPMA,Suparma Tbk.,--M-1135000000B131------------,715.0,0.0,725.0,705.0,715.0,0.0,1256300,894472500,254,422.8,720,5400,715,81200,2791233198,2791233198,1240424033,203700,11900,60,42900,1
2022-03-02,SPMA,Suparma Tbk.,--M-1135000000B131------------,720.0,0.0,725.0,700.0,715.0,-5.0,943300,673414000,257,422.8,720,5700,715,57900,2791233198,2791233198,1240424033,156100,3300,0,0,0
2022-03-01,SPMA,Suparma Tbk.,--M-1135000000B131------------,725.0,0.0,755.0,715.0,720.0,-5.0,788300,577876500,350,425.7,720,22700,715,37700,2791233198,2791233198,1240424033,102300,31600,0,0,0
2022-02-25,SPMA,Suparma Tbk.,--M-1135000000B131------------,690.0,0.0,725.0,670.0,725.0,35.0,1848100,1297885500,439,428.7,725,30200,720,14000,2791233198,2791233198,1240424033,278400,24200,206500,146615000,1
2022-02-24,SPMA,Suparma Tbk.,--M-1135000000B131------------,735.0,0.0,750.0,685.0,690.0,-45.0,4694200,3339071000,880,408.0,690,10700,685,247900,2791233198,2791233198,1240424033,566100,21200,0,0,0
2022-02-23,SPMA,Suparma Tbk.,--M-1135000000B131------------,745.0,0.0,750.0,725.0,735.0,-10.0,971600,715968000,279,434.6,740,200,735,27800,2791233198,2791233198,1240424033,159700,18700,6500,5135000,1
2022-02-22,SPMA,Suparma Tbk.,--M-1135000000B131------------,750.0,0.0,760.0,735.0,745.0,-5.0,636900,473579500,191,440.5,745,6900,740,171000,2791233198,2791233198,1240424033,79500,9000,52800,52800,1
2022-02-21,SPMA,Suparma Tbk.,--M-1135000000B131------------,740.0,0.0,770.0,725.0,750.0,10.0,1156900,865924000,367,443.5,750,23500,740,20000,2791233198,2791233198,1240424033,144300,27800,0,0,0
2022-02-18,SPMA,Suparma Tbk.,--M-1135000000B131------------,770.0,0.0,775.0,730.0,740.0,-30.0,2569100,1904681000,644,437.6,740,76200,735,92700,2791233198,2791233198,1240424033,312300,25000,0,0,0
2022-02-17,SPMA,Suparma Tbk.,--M-1135000000B131------------,790.0,0.0,800.0,760.0,770.0,-20.0,1325100,1028822500,482,455.3,775,100200,770,100,2791233198,2791233198,1240424033,73700,13400,0,0,0
2022-02-16,SPMA,Suparma Tbk.,--M-1135000000B131------------,730.0,0.0,790.0,730.0,790.0,60.0,2653700,2028665000,704,467.1,790,1500,785,64600,2791233198,2791233198,1240424033,92200,35700,0,0,0
2022-02-15,SPMA,Suparma Tbk.,--M-1135000000B131------------,710.0,0.0,730.0,700.0,730.0,20.0,866800,617495000,283,431.7,730,4300,720,500,2791233198,2791233198,1240424033,78800,29900,0,0,0
2022-02-14,SPMA,Suparma Tbk.,--M-1135000000B131------------,740.0,0.0,750.0,705.0,710.0,-30.0,2166100,1554222500,494,419.8,710,28500,705,247700,2791233198,2791233198,1240424033,265500,5800,0,0,0
2022-02-11,SPMA,Suparma Tbk.,--M-1135000000B131------------,740.0,0.0,750.0,740.0,740.0,0.0,491200,365969000,185,437.6,745,10100,740,76300,2791233198,2791233198,1240424033,2100,28100,0,0,0
2022-02-10,SPMA,Suparma Tbk.,--M-1135000000B131------------,740.0,0.0,750.0,735.0,740.0,0.0,1018600,755947000,233,437.6,745,20200,740,14600,2791233198,2791233198,1240424033,25000,35200,0,0,0
2022-02-09,SPMA,Suparma Tbk.,--M-1135000000B131------------,740.0,0.0,760.0,740.0,740.0,0.0,771200,574727500,272,437.6,740,27500,735,48700,2791233198,2791233198,1240424033,5800,32100,0,0,0
2022-02-08,SPMA,Suparma Tbk.,--M-1135000000B131------------,730.0,0.0,740.0,730.0,740.0,10.0,296000,218032500,227,437.6,740,4100,730,50800,2791233198,2791233198,1240424033,39600,21700,0,0,0
2022-02-07,SPMA,Suparma Tbk.,--M-1135000000B131------------,720.0,0.0,745.0,710.0,730.0,10.0,746300,540618500,331,431.7,730,17300,725,10700,2791233198,2791233198,1240424033,45700,26900,0,0,0
2022-02-04,SPMA,Suparma Tbk.,--M-1135000000B131------------,725.0,0.0,740.0,710.0,720.0,-5.0,808500,585454000,381,425.7,725,41500,720,67600,2791233198,2791233198,1240424033,34300,65100,0,0,0
2022-02-03,SPMA,Suparma Tbk.,--M-1130000000B131------------,735.0,0.0,740.0,725.0,725.0,-10.0,744300,542273500,294,428.7,730,1600,725,2500,2791233198,2791233198,1240424033,35200,40100,0,0,0
2022-02-02,SPMA,Suparma Tbk.,--M-1130000000B131------------,740.0,0.0,765.0,730.0,735.0,-5.0,1172100,871954500,441,434.6,735,800,730,116000,2791233198,2791233198,1240424033,86700,62700,0,0,0
2022-01-31,SPMA,Suparma Tbk.,--M-1130000000B131------------,725.0,0.0,755.0,725.0,740.0,15.0,1762900,1305602500,524,437.6,740,51600,735,12500,2791233198,2791233198,1240424033,224300,0,0,0,0
2022-01-28,SPMA,Suparma Tbk.,--M-1130000000B131------------,700.0,0.0,745.0,665.0,725.0,25.0,3765800,2646835000,933,428.7,735,100,725,9400,2791233198,2791233198,1240424033,71900,26700,0,0,0
2022-01-27,SPMA,Suparma Tbk.,--M-1130000000B131------------,705.0,0.0,735.0,700.0,700.0,-5.0,1188400,847726500,507,413.9,705,7900,700,12900,2791233198,2791233198,1240424033,61200,0,0,0,0
2022-01-26,SPMA,Suparma Tbk.,--M-1130000000B131------------,740.0,0.0,740.0,690.0,705.0,-35.0,3373700,2389100000,741,416.9,710,100,705,130700,2791233198,2791233198,1240424033,84700,70400,52,39728,1
2022-01-25,SPMA,Suparma Tbk.,--M-1130000000B131------------,795.0,0.0,795.0,740.0,740.0,-55.0,3555300,2677610000,1168,437.6,740,193000,0,0,2791233198,2791233198,1240424033,152400,0,0,0,0
2022-01-24,SPMA,Suparma Tbk.,--M-1130000000B131------------,805.0,0.0,815.0,780.0,795.0,-10.0,1260800,1008987000,439,470.1,795,52300,790,145800,2791233198,2791233198,1240424033,17400,0,0,0,0
2022-01-21,SPMA,Suparma Tbk.,--M-1130000000B131------------,795.0,0.0,810.0,755.0,805.0,10.0,3648900,2849754000,956,476.0,805,15200,800,45900,2791233198,2791233198,1240424033,135500,0,0,0,0
2022-01-20,SPMA,Suparma Tbk.,--M-1130000000B131------------,810.0,0.0,815.0,785.0,795.0,-15.0,1439600,1148844500,332,470.1,795,3200,790,178700,2791233198,2791233198,1240424033,11600,0,0,0,0
2022-01-19,SPMA,Suparma Tbk.,--M-1130000000B131------------,800.0,0.0,815.0,780.0,810.0,10.0,2428600,1934287500,530,479.0,810,10900,805,7100,2791233198,2791233198,1240424033,11100,277200,0,0,0
2022-01-18,SPMA,Suparma Tbk.,--M-1130000000B131------------,810.0,0.0,820.0,795.0,800.0,-10.0,1435000,1151998000,449,473.0,800,22900,795,173100,2791233198,2791233198,1240424033,109400,31300,0,0,0
2022-01-17,SPMA,Suparma Tbk.,--M-1130000000B131------------,815.0,0.0,820.0,800.0,810.0,-5.0,1485700,1200305500,463,479.0,810,700,805,38800,2791233198,2791233198,1240424033,82100,256600,0,0,0
2022-01-14,SPMA,Suparma Tbk.,--M-1130000000B131------------,820.0,0.0,825.0,780.0,815.0,-5.0,1994600,1594309000,663,481.9,820,123500,815,27500,2791233198,2791233198,1240424033,156800,38800,0,0,0
2022-01-13,SPMA,Suparma Tbk.,--M-1130000000B131------------,835.0,0.0,850.0,810.0,820.0,-15.0,1686500,1390851500,667,484.9,825,30100,815,97400,2791233198,2791233198,1240424033,263400,30500,0,0,0
2022-01-12,SPMA,Suparma Tbk.,--M-1130000000B131------------,810.0,0.0,840.0,815.0,835.0,25.0,2641400,2185510000,891,493.7,835,17000,830,68600,2791233198,2791233198,1240424033,27500,758900,0,0,0
2022-01-11,SPMA,Suparma Tbk.,--M-1130000000B131------------,805.0,0.0,830.0,795.0,810.0,5.0,1200300,969480500,550,479.0,815,27700,810,130700,2791233198,2791233198,1240424033,109200,91000,0,0,0
2022-01-10,SPMA,Suparma Tbk.,--M-1130000000B131------------,800.0,0.0,820.0,780.0,805.0,5.0,2168100,1734664500,851,476.0,810,58400,805,1400,2791233198,2791233198,1240424033,351900,75200,0,0,0
2022-01-07,SPMA,Suparma Tbk.,--M-1130000000B131------------,800.0,0.0,865.0,800.0,800.0,0.0,4353900,3599290500,1461,473.0,835,44300,800,84800,2791233198,2791233198,1240424033,97900,207800,0,0,0
2022-01-06,SPMA,Suparma Tbk.,--M-1130000000B131------------,815.0,0.0,820.0,780.0,800.0,-15.0,2583800,2068757000,933,473.0,805,18700,800,70300,2791233198,2791233198,1240424033,23900,275600,0,0,0
2022-01-05,SPMA,Suparma Tbk.,--M-1130000000B131------------,840.0,0.0,855.0,800.0,815.0,-25.0,3968600,3258955000,1725,481.9,820,3500,815,36200,2791233198,2791233198,1240424033,73400,197600,0,0,0
2022-01-04,SPMA,Suparma Tbk.,--M-1130000000B131------------,740.0,0.0,855.0,740.0,840.0,100.0,14871400,11952751000,3577,496.7,845,111700,840,102300,2791233198,2791233198,1240424033,52900,1583000,0,0,0
2022-01-03,SPMA,Suparma Tbk.,--M-1130000000B131------------,700.0,0.0,740.0,660.0,740.0,40.0,3681900,2588343000,840,437.6,740,74400,735,30400,2791233198,2791233198,1240424033,2000,334200,0,0,0
2021-12-30,SPMA,Suparma Tbk.,--M-1130000000B131------------,735.0,0.0,740.0,700.0,700.0,-35.0,1878600,1335845000,764,413.9,700,116900,695,113700,2791233198,2791233198,2041507961,251400,18600,217,154070,1
2021-12-29,SPMA,Suparma Tbk.,--M-1130000000B131------------,745.0,0.0,760.0,720.0,735.0,-10.0,1385800,1018359500,706,434.6,735,43300,730,100900,2791233198,2791233198,2041507961,95400,121500,0,0,0
2021-12-28,SPMA,Suparma Tbk.,--M-1130000000B131------------,735.0,0.0,755.0,730.0,745.0,10.0,1972800,1471228500,649,440.5,745,14800,740,10200,2791233198,2791233198,2041507961,0,297600,0,0,0
2021-12-27,SPMA,Suparma Tbk.,--M-1130000000B131------------,715.0,0.0,770.0,715.0,735.0,20.0,3652300,2688911500,938,434.6,740,21500,735,2800,2791233198,2791233198,2041507961,0,422000,0,0,0
2021-12-24,SPMA,Suparma Tbk.,--M-1130000000B131------------,730.0,0.0,750.0,700.0,715.0,-15.0,2025800,1450485000,842,422.8,715,79900,710,17100,2791233198,2791233198,2041507961,261200,13700,0,0,0
2021-12-23,SPMA,Suparma Tbk.,--M-1130000000B131------------,695.0,0.0,740.0,690.0,730.0,35.0,2327100,1682278500,922,431.7,735,83000,730,108200,2791233198,2791233198,2041507961,0,335700,0,0,0
2021-12-22,SPMA,Suparma Tbk.,--M-1130000000B131------------,730.0,0.0,750.0,690.0,695.0,-35.0,4089300,2898745000,1260,411.0,705,1000,690,374800,2791233198,2791233198,2041507961,8500,307800,0,0,0
2021-12-21,SPMA,Suparma Tbk.,--M-1130000000B131------------,740.0,0.0,750.0,715.0,730.0,-10.0,1518200,1105379000,723,431.7,730,32300,725,215200,2791233198,2791233198,2041507961,46500,50200,0,0,0
2021-12-20,SPMA,Suparma Tbk.,--M-1130000000B131------------,735.0,0.0,805.0,710.0,740.0,5.0,8680900,6563764500,3473,437.6,740,50100,735,225200,2791233198,2791233198,2041507961,695700,211200,0,0,0
2021-12-17,SPMA,Suparma Tbk.,--M-1130000000B131------------,650.0,0.0,735.0,650.0,735.0,85.0,7655700,5419436000,1716,434.6,740,298600,735,49000,2791233198,2791233198,2041507961,20000,661000,502562000,326665300000,2
2021-12-16,SPMA,Suparma Tbk.,--M-1130000000B131------------,650.0,0.0,680.0,640.0,650.0,0.0,1227500,806092500,774,384.4,655,11600,650,61200,2791233198,2791233198,2041507961,130200,10800,0,0,0
2021-12-15,SPMA,Suparma Tbk.,--M-1130000000B131------------,670.0,0.0,680.0,635.0,650.0,-20.0,2325400,1518483500,955,384.4,655,7000,650,63100,2791233198,2791233198,2041507961,244900,16600,0,0,0
2021-12-14,SPMA,Suparma Tbk.,--M-1130000000B131------------,680.0,0.0,695.0,660.0,670.0,-10.0,1342900,908309500,512,396.2,680,63900,670,18800,2791233198,2791233198,2041507961,88100,28700,0,0,0
2021-12-13,SPMA,Suparma Tbk.,--M-1130000000B131------------,685.0,0.0,695.0,660.0,680.0,-5.0,1498700,1022159000,577,402.1,680,21400,675,8900,2791233198,2791233198,2041507961,238900,11100,0,0,0
2021-12-10,SPMA,Suparma Tbk.,--M-1130000000B131------------,645.0,0.0,690.0,645.0,685.0,40.0,3470000,2346137000,1044,405.0,685,345000,680,4000,2791233198,2791233198,2041507961,0,476800,0,0,0
2021-12-09,SPMA,Suparma Tbk.,--M-1130000000B131------------,640.0,0.0,645.0,630.0,645.0,5.0,791100,505091000,336,381.4,645,408700,640,5700,2791233198,2791233198,2041507961,0,111600,0,0,0
2021-12-08,SPMA,Suparma Tbk.,--M-1130000000B131------------,635.0,0.0,645.0,625.0,640.0,5.0,1456400,928034500,462,378.4,640,343500,635,100,2791233198,2791233198,2041507961,47200,219100,0,0,0
2021-12-07,SPMA,Suparma Tbk.,--M-1130000000B131------------,650.0,0.0,660.0,610.0,635.0,-15.0,2522000,1591835000,867,375.5,635,180700,625,25800,2791233198,2791233198,2041507961,359700,50700,34,20400,1
2021-12-06,SPMA,Suparma Tbk.,--M-1130000000B131------------,590.0,0.0,655.0,570.0,650.0,60.0,4425500,2754467000,1459,384.4,650,1200,645,200000,2791233198,2791233198,2041507961,76500,564300,0,0,0
2021-12-03,SPMA,Suparma Tbk.,--M-1130000000B131------------,610.0,0.0,630.0,590.0,590.0,-20.0,1617800,975752000,605,348.9,595,7400,585,86900,2791233198,2791233198,2041507961,186100,26700,0,0,0
2021-12-02,SPMA,Suparma Tbk.,--M-1130000000B131------------,630.0,0.0,655.0,610.0,610.0,-20.0,1567600,973951000,558,360.7,615,117600,610,33300,2791233198,2791233198,2041507961,95400,33700,0,0,0
2021-12-01,SPMA,Suparma Tbk.,--M-1130000000B131------------,645.0,0.0,655.0,615.0,630.0,-15.0,1788400,1141063000,826,372.5,640,29700,630,49200,2791233198,2791233198,2041507961,160800,21300,0,0,0
2021-11-30,SPMA,Suparma Tbk.,--M-1130000000B131------------,580.0,0.0,670.0,585.0,645.0,65.0,8320200,5336876500,2387,381.4,650,234000,645,22100,2791233198,2791233198,2041507961,46300,897400,0,0,0
2021-11-29,SPMA,Suparma Tbk.,--M-1130000000B131------------,575.0,0.0,580.0,540.0,580.0,5.0,1623600,913460000,451,343.0,580,100500,575,26400,2791233198,2791233198,2041507961,1100,87500,0,0,0
2021-11-26,SPMA,Suparma Tbk.,--M-1130000000B131------------,590.0,0.0,600.0,560.0,575.0,-15.0,3588900,2088240000,637,340.0,575,27700,570,22200,2791233198,2791233198,2041507961,0,5600,0,0,0
2021-11-25,SPMA,Suparma Tbk.,--M-1130000000B131------------,585.0,0.0,595.0,550.0,590.0,5.0,4008300,2322741000,961,348.9,595,482500,590,6900,2791233198,2791233198,2041507961,0,28300,0,0,0
2021-11-24,SPMA,Suparma Tbk.,--M-1130000000B131------------,530.0,0.0,585.0,525.0,585.0,55.0,7936800,4471423500,1612,345.9,585,145000,580,74500,2791233198,2791233198,2041507961,0,25100,0,0,0
2021-11-23,SPMA,Suparma Tbk.,--M-1130000000B131------------,515.0,0.0,535.0,515.0,530.0,15.0,2129400,1115475500,394,313.4,530,333600,525,21000,2791233198,2791233198,2041507961,3000,269500,0,0,0
2021-11-22,SPMA,Suparma Tbk.,--M-1130000000B131------------,515.0,0.0,535.0,500.0,515.0,0.0,2103500,1076194000,501,304.5,520,104200,515,89000,2791233198,2791233198,2041507961,429000,42600,0,0,0
2021-11-19,SPMA,Suparma Tbk.,--M-1130000000B131------------,498.0,0.0,525.0,498.0,515.0,17.0,5778900,2961538700,693,304.5,515,235100,510,181400,2791233198,2791233198,2041507961,40000,20200,0,0,0
2021-11-18,SPMA,Suparma Tbk.,--M-1130000000B131------------,490.0,0.0,500.0,476.0,498.0,8.0,1139700,562208600,285,294.5,498,13800,494,10000,2791233198,2791233198,2041507961,0,36100,0,0,0
2021-11-17,SPMA,Suparma Tbk.,--M-1130000000B131------------,480.0,0.0,494.0,480.0,490.0,10.0,689900,336498800,271,289.7,490,2600,488,39900,2791233198,2791233198,2041507961,0,0,0,0,0
2021-11-16,SPMA,Suparma Tbk.,--M-1130000000B131------------,488.0,0.0,494.0,458.0,480.0,-8.0,2683200,1275996800,649,283.8,484,14800,480,25900,2791233198,2791233198,2041507961,15000,0,0,0,0
2021-11-15,SPMA,Suparma Tbk.,--M-1130000000B131------------,496.0,0.0,505.0,488.0,488.0,-8.0,1564600,773144700,426,288.6,488,13500,486,78900,2791233198,2791233198,2041507961,23200,40000,0,0,0
2021-11-12,SPMA,Suparma Tbk.,--M-1130000000B131------------,500.0,0.0,510.0,494.0,496.0,-4.0,1609900,799818500,367,293.3,498,18000,496,237500,2791233198,2791233198,2041507961,0,8200,0,0,0
2021-11-11,SPMA,Suparma Tbk.,--M-1130000000B131------------,510.0,0.0,515.0,492.0,500.0,-10.0,1851900,924962800,622,295.7,505,192200,500,69500,2791233198,2791233198,2041507961,31300,8800,0,0,0
2021-11-10,SPMA,Suparma Tbk.,--M-1130000000B131------------,520.0,0.0,530.0,494.0,510.0,-10.0,3125400,1587937600,798,301.6,510,201100,505,180700,2791233198,2791233198,2041507961,52600,55300,0,0,0
2021-11-09,SPMA,Suparma Tbk.,--M-1130000000B131------------,470.0,0.0,545.0,472.0,520.0,50.0,10354700,5241746300,2796,307.5,520,52300,510,102500,2791233198,2791233198,2041507961,47500,20300,26400,12408000,1
2021-11-08,SPMA,Suparma Tbk.,--M-1130000000B131------------,422.0,0.0,470.0,424.0,470.0,48.0,8810800,3978452400,1958,277.9,470,130000,466,151200,2791233198,2791233198,2041507961,100000,20000,0,0,0
2021-11-05,SPMA,Suparma Tbk.,--M-1130000000B131------------,408.0,0.0,432.0,410.0,422.0,14.0,4823300,2028088800,1614,249.5,422,37900,420,27300,2791233198,2791233198,2041507961,0,22300,0,0,0
2021-11-04,SPMA,Suparma Tbk.,--M-1130000000B131------------,398.0,0.0,420.0,396.0,408.0,10.0,6545600,2661061800,665,241.3,410,81000,408,151700,2791233198,2791233198,2041507961,0,24600,0,0,0
2021-11-03,SPMA,Suparma Tbk.,--M-1130000000B131------------,408.0,0.0,410.0,388.0,398.0,-10.0,3098500,1222738000,554,235.3,400,11300,398,174000,2791233198,2791233198,2041507961,0,0,0,0,0
2021-11-02,SPMA,Suparma Tbk.,--M-1130000000B131------------,422.0,0.0,426.0,400.0,408.0,-14.0,4245100,1731530400,739,241.3,408,142300,406,44600,2791233198,2791233198,2041507961,0,200000,0,0,0
2021-11-01,SPMA,Suparma Tbk.,--M-1130000000B131------------,368.0,0.0,440.0,380.0,422.0,54.0,7068800,2965290000,1741,249.5,424,12900,422,558000,2791233198,2791233198,2041507961,1000,0,0,0,0
2021-10-29,SPMA,Suparma Tbk.,--M-1130000000B131------------,362.0,0.0,380.0,362.0,368.0,6.0,302200,111967200,104,217.6,368,47400,366,1000,2791233198,2791233198,2041507961,0,0,0,0,0
2021-10-28,SPMA,Suparma Tbk.,--M-1130000000B131------------,366.0,0.0,368.0,362.0,362.0,-4.0,405000,147013200,134,214.1,364,10400,362,150400,2791233198,2791233198,2041507961,0,0,0,0,0
2021-10-27,SPMA,Suparma Tbk.,--M-1130000000B131------------,366.0,0.0,372.0,362.0,366.0,0.0,1388000,505821600,245,216.4,368,3300,366,2900,2791233198,2791233198,2041507961,0,60000,0,0,0
2021-10-26,SPMA,Suparma Tbk.,--M-1130000000B131------------,368.0,0.0,372.0,364.0,366.0,-2.0,228000,83507600,80,216.4,368,54500,366,71800,2791233198,2791233198,2041507961,0,0,0,0,0
2021-10-25,SPMA,Suparma Tbk.,--M-1130000000B131------------,368.0,0.0,372.0,364.0,368.0,0.0,522500,192352200,185,217.6,370,79400,368,23200,2791233198,2791233198,2041507961,0,0,0,0,0
2021-10-22,SPMA,Suparma Tbk.,--M-1130000000B131------------,370.0,0.0,372.0,362.0,368.0,-2.0,1856800,678179400,127,217.6,370,28900,368,25700,2791233198,2791233198,2041507961,0,0,0,0,0
2021-10-21,SPMA,Suparma Tbk.,--M-1130000000B131------------,362.0,0.0,374.0,364.0,370.0,8.0,1140500,420371600,201,218.8,370,132300,368,69300,2791233198,2791233198,2041507961,0,0,0,0,0
2021-10-19,SPMA,Suparma Tbk.,--M-1130000000B131------------,364.0,0.0,366.0,358.0,362.0,-2.0,992800,359158600,158,214.1,362,80100,360,27000,2791233198,2791233198,2041507961,0,0,0,0,0
2021-10-18,SPMA,Suparma Tbk.,--M-1130000000B131------------,362.0,0.0,370.0,362.0,364.0,2.0,524000,191103200,159,215.2,368,123600,364,24900,2791233198,2791233198,2041507961,0,0,0,0,0
2021-10-15,SPMA,Suparma Tbk.,--M-1130000000B131------------,364.0,0.0,364.0,360.0,362.0,-2.0,136800,49580200,84,214.1,362,27300,360,199300,2791233198,2791233198,2041507961,0,0,0,0,0
2021-10-14,SPMA,Suparma Tbk.,--M-1130000000B131------------,362.0,0.0,366.0,354.0,364.0,2.0,515400,185564600,165,215.2,366,138300,364,2900,2791233198,2791233198,2041507961,0,0,0,0,0
2021-10-13,SPMA,Suparma Tbk.,--M-1130000000B131------------,362.0,0.0,366.0,362.0,362.0,0.0,629900,229237200,197,214.1,364,55000,362,108300,2791233198,2791233198,2041507961,0,0,0,0,0
2021-10-12,SPMA,Suparma Tbk.,--M-1130000000B131------------,358.0,0.0,362.0,358.0,362.0,4.0,557300,200406800,132,214.1,364,17600,360,118900,2791233198,2791233198,2041507961,0,0,0,0,0
2021-10-08,SPMA,Suparma Tbk.,--M-1130000000B131------------,354.0,0.0,380.0,356.0,358.0,4.0,1114800,404156800,304,211.7,360,5600,358,50800,2791233198,2791233198,2041507961,0,0,0,0,0
2021-10-07,SPMA,Suparma Tbk.,--M-1130000000B131------------,354.0,0.0,356.0,352.0,354.0,0.0,368100,130365800,101,209.3,354,45200,352,126100,2791233198,2791233198,2041507961,0,0,0,0,0
2021-10-06,SPMA,Suparma Tbk.,--M-1130000000B131------------,358.0,0.0,360.0,352.0,354.0,-4.0,388200,137420800,188,209.3,356,298400,354,15000,2791233198,2791233198,2041507961,0,0,0,0,0
2021-10-05,SPMA,Suparma Tbk.,--M-1130000000B131------------,360.0,0.0,362.0,352.0,358.0,-2.0,370700,132612200,167,211.7,358,35100,356,1000,2791233198,2791233198,2041507961,0,0,0,0,0
2021-10-04,SPMA,Suparma Tbk.,--M-1130000000B131------------,358.0,0.0,360.0,354.0,360.0,2.0,762800,272624600,235,212.9,362,1900,360,8300,2791233198,2791233198,2041507961,0,0,0,0,0
2021-10-01,SPMA,Suparma Tbk.,--M-1130000000B131------------,362.0,0.0,368.0,356.0,358.0,-4.0,688700,247794200,241,211.7,360,13100,358,43900,2791233198,2791233198,2041507961,0,13900,0,0,0
2021-09-30,SPMA,Suparma Tbk.,--M-1130000000B131------------,350.0,0.0,364.0,350.0,362.0,12.0,1709000,613607600,324,214.1,362,13800,360,9700,2791233198,2791233198,2791233198,0,0,0,0,0
2021-09-29,SPMA,Suparma Tbk.,--M-1130000000B131------------,340.0,0.0,356.0,340.0,350.0,10.0,923000,322915800,224,207.0,350,27300,348,25700,2791233198,2791233198,2791233198,0,0,0,0,0
2021-09-28,SPMA,Suparma Tbk.,--M-1130000000B131------------,344.0,0.0,346.0,340.0,340.0,-4.0,641400,219472800,260,201.0,342,20100,338,167600,2791233198,2791233198,2791233198,0,20000,0,0,0
2021-09-27,SPMA,Suparma Tbk.,--M-1130000000B131------------,344.0,0.0,346.0,342.0,344.0,0.0,345100,118678800,158,203.4,346,82700,344,68600,2791233198,2791233198,2791233198,0,0,0,0,0
2021-09-24,SPMA,Suparma Tbk.,--M-1130000000B131------------,346.0,0.0,350.0,344.0,344.0,-2.0,360800,124540400,180,203.4,346,30000,344,3300,2791233198,2791233198,2791233198,0,0,0,0,0
2021-09-23,SPMA,Suparma Tbk.,--M-1130000000B131------------,352.0,0.0,352.0,342.0,346.0,-6.0,375900,130226000,212,204.6,348,37800,346,20600,2791233198,2791233198,2791233198,0,0,0,0,0
2021-09-22,SPMA,Suparma Tbk.,--M-1130000000B131------------,350.0,0.0,360.0,344.0,352.0,2.0,1618700,570098400,265,208.1,352,8400,350,47100,2791233198,2791233198,2791233198,0,0,0,0,0
2021-09-21,SPMA,Suparma Tbk.,--M-1130000000B131------------,348.0,0.0,350.0,342.0,350.0,2.0,400100,138289200,149,207.0,350,40600,348,18100,2791233198,2791233198,2791233198,0,0,0,0,0
2021-09-20,SPMA,Suparma Tbk.,--M-1130000000B131------------,360.0,0.0,360.0,346.0,348.0,-12.0,1157100,404367800,392,205.8,348,51500,346,175800,2791233198,2791233198,2791233198,0,0,0,0,0
2021-09-17,SPMA,Suparma Tbk.,--M-1130000000B131------------,360.0,0.0,364.0,358.0,360.0,0.0,164400,59350200,75,212.9,360,65100,358,51800,2791233198,2791233198,2791233198,0,0,0,0,0
2021-09-16,SPMA,Suparma Tbk.,--M-1130000000B131------------,360.0,0.0,362.0,358.0,360.0,0.0,251300,90318600,116,212.9,360,37500,358,13600,2791233198,2791233198,2791233198,0,0,0,0,0
2021-09-15,SPMA,Suparma Tbk.,--M-1130000000B131------------,362.0,0.0,366.0,360.0,360.0,-2.0,397200,143729200,96,212.9,362,10100,360,25000,2791233198,2791233198,2791233198,0,0,0,0,0
2021-09-14,SPMA,Suparma Tbk.,--M-1130000000B131------------,358.0,0.0,362.0,358.0,362.0,4.0,267400,96583000,72,214.1,364,27400,362,23700,2791233198,2791233198,2791233198,0,0,0,0,0
2021-09-13,SPMA,Suparma Tbk.,--M-1130000000B131------------,358.0,0.0,364.0,358.0,358.0,0.0,244100,87677200,126,211.7,364,2600,358,129400,2791233198,2791233198,2791233198,0,0,0,0,0
2021-09-10,SPMA,Suparma Tbk.,--M-1130000000B131------------,364.0,0.0,364.0,358.0,358.0,-6.0,697700,251044800,205,211.7,362,6600,358,38000,2791233198,2791233198,2791233198,0,0,0,0,0
2021-09-09,SPMA,Suparma Tbk.,--M-1130000000B131------------,366.0,0.0,366.0,360.0,364.0,-2.0,493100,178184200,207,215.2,364,3700,360,6500,2791233198,2791233198,2791233198,0,0,0,0,0
2021-09-08,SPMA,Suparma Tbk.,--M-1130000000B131------------,366.0,0.0,374.0,366.0,366.0,0.0,679300,250204800,189,216.4,368,100600,366,3600,2791233198,2791233198,2791233198,0,27500,0,0,0
2021-09-07,SPMA,Suparma Tbk.,--M-1130000000B131------------,364.0,0.0,368.0,364.0,366.0,2.0,405800,148662800,128,216.4,366,135400,364,204300,2791233198,2791233198,2791233198,0,0,0,0,0
2021-09-06,SPMA,Suparma Tbk.,--M-1130000000B131------------,366.0,0.0,366.0,360.0,364.0,-2.0,383200,139461800,139,215.2,366,5500,364,16000,2791233198,2791233198,2791233198,0,0,0,0,0
2021-09-03,SPMA,Suparma Tbk.,--M-1130000000B131------------,366.0,0.0,368.0,362.0,366.0,0.0,277200,101029600,140,216.4,366,15100,364,1500,2791233198,2791233198,2791233198,0,0,0,0,0
2021-09-02,SPMA,Suparma Tbk.,--M-1130000000B131------------,362.0,0.0,368.0,358.0,366.0,4.0,733800,265199600,191,216.4,368,75200,366,400,2791233198,2791233198,2791233198,0,0,0,0,0
2021-09-01,SPMA,Suparma Tbk.,--M-1130000000B131------------,368.0,0.0,376.0,362.0,362.0,-6.0,776700,284394600,249,214.1,366,1400,362,102700,2791233198,2791233198,2791233198,0,0,0,0,0
2021-08-31,SPMA,Suparma Tbk.,--M-1130000000B131------------,364.0,0.0,376.0,356.0,368.0,4.0,718000,262586000,236,217.6,368,30000,366,4100,2791233198,2791233198,2791233198,0,0,0,0,0
2021-08-30,SPMA,Suparma Tbk.,--M-1130000000B131------------,370.0,0.0,378.0,364.0,364.0,-6.0,1034200,382965000,349,215.2,366,110300,364,6200,2791233198,2791233198,2791233198,0,0,0,0,0
2021-08-27,SPMA,Suparma Tbk.,--M-1130000000B131------------,376.0,0.0,402.0,370.0,370.0,-6.0,3226300,1235415800,794,218.8,374,9500,370,108000,2791233198,2791233198,2791233198,0,0,0,0,0
2021-08-26,SPMA,Suparma Tbk.,--M-1130000000B131------------,362.0,0.0,400.0,364.0,376.0,14.0,5407800,2062599200,1254,222.3,378,400,376,42200,2791233198,2791233198,2791233198,0,0,0,0,0
2021-08-25,SPMA,Suparma Tbk.,--M-1130000000B131------------,354.0,0.0,364.0,356.0,362.0,8.0,1198700,432732800,195,214.1,362,70900,360,436500,2791233198,2791233198,2791233198,0,605200,0,0,0
2021-08-24,SPMA,Suparma Tbk.,--M-1130000000B131------------,354.0,0.0,364.0,354.0,354.0,0.0,378800,135672400,185,209.3,360,1200,354,49400,2791233198,2791233198,2791233198,0,0,0,0,0
2021-08-23,SPMA,Suparma Tbk.,--M-1130000000B131------------,350.0,0.0,356.0,342.0,354.0,4.0,946500,332913200,182,209.3,356,20000,354,40300,2791233198,2791233198,2791233198,0,0,0,0,0
2021-08-20,SPMA,Suparma Tbk.,--M-1130000000B131------------,348.0,0.0,356.0,346.0,350.0,2.0,261600,91235400,164,207.0,350,48900,348,8400,2791233198,2791233198,2791233198,0,0,0,0,0
2021-08-19,SPMA,Suparma Tbk.,--M-1130000000B131------------,346.0,0.0,356.0,344.0,348.0,2.0,445300,155620400,185,205.8,348,260200,346,200,2791233198,2791233198,2791233198,10000,0,0,0,0
2021-08-18,SPMA,Suparma Tbk.,--M-1130000000B131------------,358.0,0.0,358.0,338.0,346.0,-12.0,1003300,346494000,411,204.6,346,20900,344,4200,2791233198,2791233198,2791233198,0,0,0,0,0
2021-08-16,SPMA,Suparma Tbk.,--M-1130000000B131------------,358.0,0.0,368.0,358.0,358.0,0.0,847500,305817200,223,211.7,358,216700,356,6800,2791233198,2791233198,2791233198,0,0,0,0,0
2021-08-13,SPMA,Suparma Tbk.,--M-1130000000B131------------,350.0,0.0,370.0,346.0,358.0,8.0,939800,337175800,1041,211.7,360,7800,358,139600,2791233198,2791233198,2791233198,15700,0,0,0,0
2021-08-12,SPMA,Suparma Tbk.,--M-1130000000B131------------,352.0,0.0,360.0,348.0,350.0,-2.0,488800,172614000,212,207.0,352,12000,350,18300,2791233198,2791233198,2791233198,181100,0,0,0,0
2021-08-10,SPMA,Suparma Tbk.,--M-1130000000B131------------,348.0,0.0,360.0,344.0,352.0,4.0,476000,167910600,185,208.1,352,20900,350,8000,2791233198,2791233198,2791233198,0,0,0,0,0
2021-08-09,SPMA,Suparma Tbk.,--M-1130000000B131------------,350.0,0.0,356.0,346.0,348.0,-2.0,626000,220992600,200,205.8,350,11900,348,18000,2791233198,2791233198,2791233198,0,0,0,0,0
2021-08-06,SPMA,Suparma Tbk.,--M-1130000000B131------------,352.0,0.0,360.0,348.0,350.0,-2.0,469100,164907400,259,207.0,352,14600,350,30300,2791233198,2791233198,2791233198,0,1500,0,0,0
2021-08-05,SPMA,Suparma Tbk.,--M-1130000000B131------------,356.0,0.0,362.0,352.0,352.0,-4.0,763500,271647400,285,208.1,356,7700,352,11500,2791233198,2791233198,2791233198,0,6200,0,0,0
2021-08-04,SPMA,Suparma Tbk.,--M-1130000000B131------------,360.0,0.0,372.0,350.0,356.0,-4.0,858300,308161800,334,210.5,360,57000,356,34700,2791233198,2791233198,2791233198,0,31800,0,0,0
2021-08-03,SPMA,Suparma Tbk.,--M-1130000000B131------------,354.0,0.0,372.0,344.0,360.0,6.0,866600,311713800,410,212.9,364,500,360,21500,2791233198,2791233198,2791233198,0,0,0,0,0
2021-08-02,SPMA,Suparma Tbk.,--M-1130000000B131------------,374.0,0.0,378.0,350.0,354.0,-20.0,1765600,631265400,561,209.3,354,125600,352,66400,2791233198,2791233198,2791233198,19000,85400,0,0,0
2021-07-30,SPMA,Suparma Tbk.,--M-1130000000B131------------,390.0,0.0,402.0,370.0,374.0,-16.0,3731700,1421251400,860,221.1,376,1400,374,3000,2791233198,2791233198,2791233198,120000,73900,0,0,0
2021-07-29,SPMA,Suparma Tbk.,--M-1130000000B131------------,374.0,0.0,450.0,374.0,390.0,16.0,19305700,7915376000,4242,230.6,390,82500,388,145400,2791233198,2791233198,2791233198,0,150000,0,0,0
2021-07-28,SPMA,Suparma Tbk.,--M-1130000000B131------------,320.0,0.0,386.0,322.0,374.0,54.0,8216100,2994126000,2317,221.1,376,800,374,4650500,2791233198,2791233198,2791233198,10000,0,0,0,0
2021-07-27,SPMA,Suparma Tbk.,--M-1130000000B131------------,328.0,0.0,332.0,314.0,320.0,-8.0,248600,80531600,190,189.2,324,50000,320,49800,2791233198,2791233198,2791233198,0,0,0,0,0
2021-07-26,SPMA,Suparma Tbk.,--M-1130000000B131------------,328.0,0.0,338.0,326.0,328.0,0.0,543600,178850200,161,193.9,330,291900,328,4700,2791233198,2791233198,2791233198,0,1300,0,0,0
2021-07-23,SPMA,Suparma Tbk.,--M-1130000000B131------------,328.0,0.0,332.0,326.0,328.0,0.0,419800,138088600,106,193.9,330,227400,328,1900,2791233198,2791233198,2791233198,0,4700,0,0,0
2021-07-22,SPMA,Suparma Tbk.,--M-1130000000B131------------,322.0,0.0,332.0,322.0,328.0,6.0,423800,138719800,185,193.9,328,81900,326,24000,2791233198,2791233198,2791233198,0,0,0,0,0
2021-07-21,SPMA,Suparma Tbk.,--M-1130000000B131------------,314.0,0.0,330.0,312.0,322.0,8.0,875500,279384800,276,190.4,324,600,322,65300,2791233198,2791233198,2791233198,0,0,0,0,0
2021-07-19,SPMA,Suparma Tbk.,--M-1130000000B131------------,314.0,0.0,322.0,310.0,314.0,0.0,595500,186850400,198,185.7,314,103300,312,49100,2791233198,2791233198,2791233198,0,0,0,0,0
2021-07-16,SPMA,Suparma Tbk.,--M-1130000000B131------------,316.0,0.0,320.0,310.0,314.0,-2.0,1131600,356118200,181,185.7,314,150900,312,163300,2791233198,2791233198,2791233198,0,0,0,0,0
2021-07-15,SPMA,Suparma Tbk.,XDM-1130000000B131------------,328.0,0.0,332.0,312.0,316.0,-12.0,1405100,448786200,299,186.9,316,57300,314,35100,2791233198,2791233198,2791233198,0,0,0,0,0
2021-07-14,SPMA,Suparma Tbk.,XDM-1130000000B131------------,332.0,0.0,350.0,326.0,328.0,-4.0,556900,183730400,187,193.9,332,63400,328,77700,2791233198,2791233198,2791233198,0,0,0,0,0
2021-07-13,SPMA,Suparma Tbk.,XAM-1130000000B131------------,338.0,0.0,338.0,328.0,332.0,-6.0,691700,229209600,192,196.3,334,120000,330,18000,2791233198,2791233198,2791233198,100,10000,0,0,0
2021-07-12,SPMA,Suparma Tbk.,XAM-1130000000B131------------,340.0,0.0,346.0,326.0,338.0,-2.0,492700,164767000,212,199.9,342,18100,338,7900,2791233198,2791233198,2791233198,8000,8000,0,0,0
2021-07-09,SPMA,Suparma Tbk.,XAM-1130000000B131------------,360.0,0.0,360.0,340.0,340.0,-20.0,1607700,552581400,454,201.0,344,25000,338,174800,2791233198,2791233198,2791233198,0,0,144,48384,2
2021-07-08,SPMA,Suparma Tbk.,XAM-1130000000B131------------,378.0,0.0,380.0,360.0,360.0,-18.0,1983900,722056400,550,212.9,360,49900,358,35500,2791233198,2791233198,2791233198,0,2500,0,0,0
2021-07-07,SPMA,Suparma Tbk.,XAM-1130000000B131------------,380.0,0.0,382.0,370.0,378.0,-2.0,525500,197036000,173,223.5,378,57700,376,1000,2114570958,2114570958,2791233664,0,0,0,0,0
2021-07-06,SPMA,Suparma Tbk.,XAM-1130000000B131------------,380.0,0.0,392.0,376.0,380.0,0.0,322800,122114400,138,224.7,380,225700,378,88200,2114570958,2114570958,2791233664,0,0,0,0,0
2021-07-05,SPMA,Suparma Tbk.,XAM-1130000000B131------------,380.0,0.0,394.0,376.0,380.0,0.0,645100,246863600,175,224.7,380,317600,378,44000,2114570958,2114570958,2791233664,0,1000,0,0,0
2021-07-02,SPMA,Suparma Tbk.,XAM-1130000000B131------------,384.0,0.0,396.0,380.0,380.0,-4.0,467800,178998200,242,224.7,380,266500,378,50200,2114570958,2114570958,2791233664,0,0,0,0,0
2021-07-01,SPMA,Suparma Tbk.,XAM-1130000000B131------------,396.0,0.0,408.0,384.0,384.0,-12.0,1077500,425199200,282,227.1,386,1100,384,1000,2114570958,2114570958,2791233664,0,0,0,0,0
2021-06-30,SPMA,Suparma Tbk.,CAU-1130000000B131------------,378.0,0.0,408.0,380.0,396.0,18.0,599800,235527000,297,234.2,400,7300,396,132100,2114570958,2114570958,2791233664,0,0,0,0,0
2021-06-29,SPMA,Suparma Tbk.,CAU-1130000000B131------------,398.0,0.0,406.0,372.0,378.0,-20.0,1444600,554008000,623,223.5,384,4000,378,34000,2114570958,2114570958,2791233664,0,0,0,0,0
2021-06-28,SPMA,Suparma Tbk.,XDU-1130000000B131------------,540.0,0.0,550.0,505.0,525.0,-15.0,789000,419283500,399,235.3,530,2700,525,18600,2114570958,2114570958,2114570958,0,0,0,0,0
2021-06-25,SPMA,Suparma Tbk.,XDU-1130000000B131------------,530.0,0.0,545.0,530.0,540.0,10.0,636900,341744500,199,242.1,545,10300,540,3700,2114570958,2114570958,2114570958,0,0,0,0,0
2021-06-24,SPMA,Suparma Tbk.,XDU-1130000000B131------------,535.0,0.0,545.0,520.0,530.0,-5.0,330400,175798000,187,237.6,530,3400,520,29300,2114570958,2114570958,2114570958,0,0,0,0,0
2021-06-23,SPMA,Suparma Tbk.,XDU-1130000000B131------------,535.0,0.0,570.0,530.0,535.0,0.0,841300,457894000,311,239.8,535,200,530,67700,2114570958,2114570958,2114570958,0,0,0,0,0
2021-06-22,SPMA,Suparma Tbk.,XDU-1130000000B131------------,520.0,0.0,560.0,530.0,535.0,15.0,398600,216989500,226,239.8,535,300,530,29700,2114570958,2114570958,2114570958,0,0,0,0,0
2021-06-21,SPMA,Suparma Tbk.,XDU-1130000000B131------------,530.0,0.0,530.0,505.0,520.0,-10.0,351600,180587500,196,233.1,525,100,520,6500,2114570958,2114570958,2114570958,0,0,0,0,0
2021-06-18,SPMA,Suparma Tbk.,XDU-1130000000B131------------,555.0,0.0,570.0,520.0,530.0,-25.0,430100,229960000,227,237.6,535,7300,530,8100,2114570958,2114570958,2114570958,0,0,0,0,0
2021-06-17,SPMA,Suparma Tbk.,--U-1130000000B131------------,525.0,0.0,570.0,520.0,555.0,30.0,1090900,600339000,311,248.8,555,39300,550,11600,2114570958,2114570958,2114570958,0,0,0,0,0
2021-06-16,SPMA,Suparma Tbk.,--U-1130000000B131------------,550.0,0.0,540.0,520.0,525.0,-25.0,1091500,576511000,351,235.3,525,27200,520,215000,2114570958,2114570958,2114570958,0,0,0,0,0
2021-06-15,SPMA,Suparma Tbk.,CDU-1130000000B131------------,580.0,0.0,585.0,550.0,550.0,-30.0,1539800,867274000,681,246.5,550,162200,545,26100,2114570958,2114570958,2114570958,0,0,0,0,0
2021-06-14,SPMA,Suparma Tbk.,CDU-1130000000B131------------,570.0,0.0,590.0,570.0,580.0,10.0,1552800,900549500,415,260.0,580,19200,575,130900,2114570958,2114570958,2114570958,0,0,0,0,0
2021-06-11,SPMA,Suparma Tbk.,CDU-1130000000B131------------,565.0,0.0,580.0,565.0,570.0,5.0,732500,417732500,294,255.5,570,20500,565,18900,2114570958,2114570958,2114570958,0,0,0,0,0
2021-06-10,SPMA,Suparma Tbk.,--U-1130000000B131------------,575.0,0.0,600.0,550.0,565.0,-10.0,1191300,674069500,505,253.3,570,16000,565,9400,2114570958,2114570958,2114570958,0,0,0,0,0
2021-06-09,SPMA,Suparma Tbk.,--U-1130000000B131------------,605.0,0.0,605.0,575.0,575.0,-30.0,891100,519224500,274,257.8,575,18300,570,101900,2114570958,2114570958,2114570958,0,0,0,0,0
2021-06-08,SPMA,Suparma Tbk.,--U-1130000000B131------------,610.0,0.0,635.0,585.0,605.0,-5.0,1295200,799255500,457,271.2,605,650000,600,291600,2114570958,2114570958,2114570958,0,0,0,0,0
2021-06-07,SPMA,Suparma Tbk.,--U-1130000000B131------------,620.0,0.0,635.0,595.0,610.0,-10.0,626200,384557500,227,273.4,610,16900,605,1100,2114570958,2114570958,2114570958,100,0,0,0,0
2021-06-04,SPMA,Suparma Tbk.,--U-1130000000B131------------,605.0,0.0,620.0,585.0,620.0,15.0,615200,367245500,238,277.9,620,158300,610,6600,2114570958,2114570958,2114570958,0,0,0,0,0
2021-06-03,SPMA,Suparma Tbk.,--U-1130000000B131------------,625.0,0.0,640.0,595.0,605.0,-20.0,1674600,1034891000,347,271.2,605,76800,600,269100,2114570958,2114570958,2114570958,0,0,0,0,0
2021-06-02,SPMA,Suparma Tbk.,--U-1130000000B131------------,610.0,0.0,660.0,580.0,625.0,15.0,3508000,2167706500,1024,280.2,625,319500,620,10000,2114570958,2114570958,2114570958,0,100,10000,6300000,1
2021-05-31,SPMA,Suparma Tbk.,--U-1130000000B131------------,545.0,0.0,610.0,545.0,610.0,65.0,1852100,1102027500,450,273.4,615,79800,610,647700,2114570958,2114570958,2114570958,0,0,0,0,0
2021-05-28,SPMA,Suparma Tbk.,--U-1130000000B131------------,520.0,0.0,545.0,520.0,545.0,25.0,378000,202766000,98,244.3,550,15600,545,989600,2114570958,2114570958,2114570958,0,0,0,0,0
2021-05-27,SPMA,Suparma Tbk.,--U-1130000000B131------------,520.0,0.0,530.0,515.0,520.0,0.0,250000,130797000,81,233.1,525,3000,520,9700,2114570958,2114570958,2114570958,0,0,0,0,0
2021-05-25,SPMA,Suparma Tbk.,--U-1130000000B131------------,545.0,0.0,545.0,510.0,520.0,-25.0,806200,418229500,193,233.1,520,4300,515,3200,2114570958,2114570958,2114570958,0,0,0,0,0
2021-05-24,SPMA,Suparma Tbk.,--U-1130000000B131------------,550.0,0.0,555.0,515.0,545.0,-5.0,682700,360528500,316,244.3,545,149000,525,8100,2114570958,2114570958,2114570958,0,0,0,0,0
2021-05-22,SPMA,Suparma Tbk.,--U-1130000000B131------------,550.0,0.0,0.0,0.0,550.0,0.0,0,0,0,246.5,0,0,0,0,2114570958,2114570958,2114570958,0,0,0,0,0
2021-05-21,SPMA,Suparma Tbk.,--U-1130000000B131------------,555.0,0.0,555.0,530.0,550.0,-5.0,554700,302523500,131,246.5,550,140700,545,49700,2114570958,2114570958,2114570958,0,0,0,0,0
2021-05-20,SPMA,Suparma Tbk.,--U-1130000000B131------------,560.0,0.0,570.0,540.0,555.0,-5.0,544100,298361000,128,248.8,560,54800,555,37500,2114570958,2114570958,2114570958,0,0,0,0,0
2021-05-19,SPMA,Suparma Tbk.,--U-1130000000B131------------,565.0,0.0,565.0,550.0,560.0,-5.0,145600,81025000,83,251.0,565,49300,560,16300,2114570958,2114570958,2114570958,0,0,0,0,0
2021-05-18,SPMA,Suparma Tbk.,--U-1130000000B131------------,550.0,0.0,570.0,550.0,565.0,15.0,468800,262429000,96,253.3,570,66400,565,6100,2114570958,2114570958,2114570958,0,0,0,0,0
2021-05-17,SPMA,Suparma Tbk.,--U-1130000000B131------------,585.0,0.0,585.0,545.0,550.0,-35.0,758200,417717500,249,246.5,555,3000,550,25600,2114570958,2114570958,2114570958,0,0,0,0,0
2021-05-11,SPMA,Suparma Tbk.,--U-1130000000B131------------,575.0,0.0,595.0,565.0,585.0,10.0,700400,405204500,189,262.2,585,262000,575,2800,2114570958,2114570958,2114570958,0,0,0,0,0
2021-05-10,SPMA,Suparma Tbk.,--U-1130000000B131------------,555.0,0.0,575.0,540.0,575.0,20.0,379400,211971000,460,257.8,575,80300,565,100,2114570958,2114570958,2114570958,0,0,0,0,0
2021-05-07,SPMA,Suparma Tbk.,--U-1130000000B131------------,555.0,0.0,585.0,545.0,555.0,0.0,208200,116899000,156,248.8,555,19300,545,20400,2114570958,2114570958,2114570958,0,0,0,0,0
2021-05-06,SPMA,Suparma Tbk.,--U-1130000000B131------------,570.0,0.0,585.0,540.0,555.0,-15.0,577700,323876000,515,248.8,555,219700,550,35700,2114570958,2114570958,2114570958,0,0,0,0,0
2021-05-05,SPMA,Suparma Tbk.,--U-1130000000B131------------,600.0,0.0,610.0,560.0,570.0,-30.0,1256500,717595500,460,255.5,570,58800,565,1400,2114570958,2114570958,2114570958,0,0,0,0,0
2021-05-04,SPMA,Suparma Tbk.,--U-1130000000B131------------,585.0,0.0,615.0,570.0,600.0,15.0,1983500,1173484000,404,269.0,600,314600,585,55600,2114570958,2114570958,2114570958,50000,0,0,0,0
2021-05-03,SPMA,Suparma Tbk.,--U-1130000000B131------------,545.0,0.0,620.0,545.0,585.0,40.0,2708300,1584918500,1056,262.2,585,69200,580,30000,2114570958,2114570958,2114570958,0,0,0,0,0
2021-04-30,SPMA,Suparma Tbk.,--U-1130000000B131------------,565.0,0.0,590.0,530.0,545.0,-20.0,1688300,910363500,593,244.3,545,63100,535,30700,2114570958,2114570958,2114570958,0,0,0,0,0
2021-04-29,SPMA,Suparma Tbk.,--U-1130000000B131------------,580.0,0.0,590.0,540.0,565.0,-15.0,1958900,1080027000,715,253.3,565,24200,560,18200,2114570958,2114570958,2114570958,0,0,0,0,0
2021-04-28,SPMA,Suparma Tbk.,--U-1130000000B131------------,520.0,0.0,645.0,550.0,580.0,60.0,11502700,6933846500,3628,260.0,580,185900,575,1000,2114570958,2114570958,2114570958,131800,52000,0,0,0
2021-04-27,SPMA,Suparma Tbk.,--U-1130000000B131------------,416.0,0.0,520.0,430.0,520.0,104.0,3532200,1801720400,429,233.1,0,0,520,1222100,2114570958,2114570958,2114570958,0,4000,0,0,0
2021-04-26,SPMA,Suparma Tbk.,--U-1130000000B131------------,420.0,0.0,424.0,412.0,416.0,-4.0,173300,72368600,110,186.5,416,2100,414,3000,2114570958,2114570958,2114570958,0,0,0,0,0
2021-04-23,SPMA,Suparma Tbk.,--U-1130000000B131------------,404.0,0.0,422.0,402.0,420.0,16.0,202800,83809400,122,188.3,422,22800,420,400,2114570958,2114570958,2114570958,0,0,0,0,0
2021-04-22,SPMA,Suparma Tbk.,--U-1130000000B131------------,418.0,0.0,418.0,402.0,404.0,-14.0,262900,107649200,107,181.1,406,13600,404,40800,2114570958,2114570958,2114570958,0,0,0,0,0
2021-04-21,SPMA,Suparma Tbk.,--U-1130000000B131------------,414.0,0.0,422.0,412.0,418.0,4.0,119800,49690800,76,187.4,418,19400,412,9800,2114570958,2114570958,2114570958,0,0,0,0,0
2021-04-20,SPMA,Suparma Tbk.,--U-1130000000B131------------,414.0,0.0,416.0,412.0,414.0,0.0,91500,37815600,80,185.6,416,6100,414,6700,2114570958,2114570958,2114570958,0,0,0,0,0
2021-04-19,SPMA,Suparma Tbk.,--U-1130000000B131------------,422.0,0.0,422.0,414.0,414.0,-8.0,291100,121919800,127,185.6,420,40800,414,32600,2114570958,2114570958,2114570958,0,8000,0,0,0
2021-04-16,SPMA,Suparma Tbk.,--U-1130000000B131------------,426.0,0.0,426.0,420.0,422.0,-4.0,113000,47898800,68,189.2,426,69500,422,44100,2114570958,2114570958,2114570958,0,0,0,0,0
2021-04-15,SPMA,Suparma Tbk.,--U-1130000000B131------------,420.0,0.0,444.0,420.0,426.0,6.0,386400,165561200,139,191.0,426,75900,424,28300,2114570958,2114570958,2114570958,0,0,0,0,0
2021-04-14,SPMA,Suparma Tbk.,--U-1130000000B131------------,422.0,0.0,430.0,410.0,420.0,-2.0,466000,196086800,139,188.3,422,33700,420,9800,2114570958,2114570958,2114570958,0,0,0,0,0
2021-04-13,SPMA,Suparma Tbk.,--U-1130000000B131------------,428.0,0.0,444.0,418.0,422.0,-6.0,580300,248529600,236,189.2,422,3700,420,14600,2114570958,2114570958,2114570958,0,0,0,0,0
2021-04-12,SPMA,Suparma Tbk.,--U-1130000000B131------------,414.0,0.0,444.0,414.0,428.0,14.0,1329400,569902400,300,191.9,428,20100,426,25400,2114570958,2114570958,2114570958,0,0,0,0,0
2021-04-09,SPMA,Suparma Tbk.,--U-1130000000B131------------,400.0,0.0,414.0,400.0,414.0,14.0,431700,176704400,117,185.6,416,5000,414,2100,2114570958,2114570958,2114570958,0,0,0,0,0
2021-04-08,SPMA,Suparma Tbk.,--U-1130000000B131------------,396.0,0.0,410.0,396.0,400.0,4.0,133200,53124400,96,179.3,402,1100,400,9300,2114570958,2114570958,2114570958,0,0,0,0,0
2021-04-07,SPMA,Suparma Tbk.,--U-1130000000B131------------,392.0,0.0,410.0,388.0,396.0,4.0,549700,219933600,144,177.5,396,2200,394,2500,2114570958,2114570958,2114570958,0,7500,0,0,0
2021-04-06,SPMA,Suparma Tbk.,--U-1130000000B131------------,376.0,0.0,396.0,376.0,392.0,16.0,389600,151691600,107,175.7,392,175000,388,2500,2114570958,2114570958,2114570958,36200,24800,0,0,0
2021-04-05,SPMA,Suparma Tbk.,--U-1130000000B131------------,372.0,0.0,388.0,372.0,376.0,4.0,588900,220719200,96,168.5,378,2400,376,103000,2114570958,2114570958,2114570958,0,0,0,0,0
2021-04-01,SPMA,Suparma Tbk.,--U-1130000000B131------------,388.0,0.0,390.0,370.0,372.0,-16.0,765100,287033400,126,166.8,374,100,372,28000,2114570958,2114570958,2114570958,0,0,0,0,0
2021-03-31,SPMA,Suparma Tbk.,--U-1130000000B131------------,398.0,0.0,406.0,372.0,388.0,-10.0,972100,372087000,208,173.9,388,10900,380,5100,2114570958,2114570958,2114570958,33000,0,0,0,0
2021-03-30,SPMA,Suparma Tbk.,--U-1130000000B131------------,398.0,0.0,420.0,390.0,398.0,0.0,665900,267885200,308,178.4,398,31600,390,14300,2114570958,2114570958,2114570958,0,0,0,0,0
2021-03-29,SPMA,Suparma Tbk.,--U-1130000000B131------------,370.0,0.0,450.0,374.0,398.0,28.0,5340000,2248303600,1355,178.4,400,134100,398,28000,2114570958,2114570958,2114570958,0,0,0,0,0
2021-03-26,SPMA,Suparma Tbk.,--U-1130000000B131------------,316.0,0.0,378.0,320.0,370.0,54.0,12729900,4514324000,636,165.9,372,9300,370,185400,2114570958,2114570958,2114570958,0,0,0,0,0
2021-03-25,SPMA,Suparma Tbk.,--U-1130000000B131------------,316.0,0.0,316.0,314.0,316.0,0.0,40200,12675000,22,141.7,316,8100,314,2600,2114570958,2114570958,2114570958,0,0,0,0,0
2021-03-24,SPMA,Suparma Tbk.,--U-1130000000B131------------,314.0,0.0,316.0,312.0,316.0,2.0,427900,134976400,18,141.7,316,10000,314,1100,2114570958,2114570958,2114570958,0,0,0,0,0
2021-03-23,SPMA,Suparma Tbk.,--U-1130000000B131------------,316.0,0.0,316.0,314.0,314.0,-2.0,21100,6625600,5,140.8,316,1100,314,43400,2114570958,2114570958,2114570958,0,0,0,0,0
2021-03-22,SPMA,Suparma Tbk.,--U-1130000000B131------------,316.0,0.0,320.0,314.0,316.0,0.0,6300,1995000,14,141.7,318,4500,316,1000,2114570958,2114570958,2114570958,0,0,0,0,0
2021-03-19,SPMA,Suparma Tbk.,--U-1130000000B131------------,314.0,0.0,316.0,314.0,316.0,2.0,25100,7903200,11,141.7,316,500,314,5900,2114570958,2114570958,2114570958,0,0,0,0,0
2021-03-18,SPMA,Suparma Tbk.,--U-1130000000B131------------,312.0,0.0,318.0,312.0,314.0,2.0,5300,1665600,10,140.8,314,2300,312,52300,2114570958,2114570958,2114570958,0,0,0,0,0
2021-03-17,SPMA,Suparma Tbk.,--U-1130000000B131------------,316.0,0.0,314.0,312.0,312.0,-4.0,8500,2663400,5,139.9,316,36000,312,57300,2114570958,2114570958,2114570958,0,0,0,0,0
2021-03-16,SPMA,Suparma Tbk.,--U-1130000000B131------------,314.0,0.0,316.0,314.0,316.0,2.0,7500,2364600,16,141.7,316,13000,314,4200,2114570958,2114570958,2114570958,0,0,0,0,0
2021-03-15,SPMA,Suparma Tbk.,--U-1130000000B131------------,314.0,0.0,316.0,312.0,314.0,0.0,23300,7311600,16,140.8,316,2800,314,1200,2114570958,2114570958,2114570958,0,0,0,0,0
2021-03-12,SPMA,Suparma Tbk.,--U-1130000000B131------------,314.0,0.0,314.0,314.0,314.0,0.0,11800,3705200,15,140.8,318,4500,314,700,2114570958,2114570958,2114570958,0,0,0,0,0
2021-03-10,SPMA,Suparma Tbk.,--U-1130000000B131------------,310.0,0.0,318.0,310.0,314.0,4.0,5200,1623600,5,140.8,314,1300,310,20300,2114570958,2114570958,2114570958,0,0,0,0,0
2021-03-09,SPMA,Suparma Tbk.,--U-1130000000B131------------,310.0,0.0,316.0,310.0,310.0,0.0,32900,10268000,20,139.0,312,23700,310,5500,2114570958,2114570958,2114570958,0,0,0,0,0
2021-03-08,SPMA,Suparma Tbk.,--U-1130000000B131------------,306.0,0.0,312.0,306.0,310.0,4.0,16100,4930000,7,139.0,310,4800,308,300,2114570958,2114570958,2114570958,0,0,0,0,0
2021-03-05,SPMA,Suparma Tbk.,--U-1130000000B131------------,308.0,0.0,310.0,306.0,306.0,-2.0,4200,1297400,6,137.2,310,3300,306,110500,2114570958,2114570958,2114570958,0,0,0,0,0
2021-03-04,SPMA,Suparma Tbk.,--U-1130000000B131------------,306.0,0.0,310.0,306.0,308.0,2.0,27500,8471200,11,138.1,310,20600,308,33200,2114570958,2114570958,2114570958,0,0,0,0,0
2021-03-03,SPMA,Suparma Tbk.,--U-1130000000B131------------,308.0,0.0,308.0,306.0,306.0,-2.0,3200,979800,8,137.2,306,3400,304,2200,2114570958,2114570958,2114570958,0,0,0,0,0
2021-03-02,SPMA,Suparma Tbk.,--U-1130000000B131------------,314.0,0.0,314.0,304.0,308.0,-6.0,33500,10276400,32,138.1,308,1700,304,70100,2114570958,2114570958,2114570958,0,0,0,0,0
2021-03-01,SPMA,Suparma Tbk.,--U-1130000000B131------------,316.0,0.0,314.0,306.0,314.0,-2.0,3200,994000,18,140.8,314,14000,312,1000,2114570958,2114570958,2114570958,0,0,0,0,0
2021-02-26,SPMA,Suparma Tbk.,--U-1130000000B131------------,336.0,0.0,336.0,314.0,316.0,-20.0,58100,18279800,38,141.7,316,1900,314,55600,2114570958,2114570958,2114570958,0,0,0,0,0
2021-02-25,SPMA,Suparma Tbk.,--U-1130000000B131------------,306.0,0.0,336.0,306.0,336.0,30.0,11100,3447800,9,150.6,332,13900,308,300,2114570958,2114570958,2114570958,0,0,0,0,0
2021-02-24,SPMA,Suparma Tbk.,--U-1130000000B131------------,306.0,0.0,308.0,306.0,306.0,0.0,14900,4559800,9,137.2,308,1300,306,6200,2114570958,2114570958,2114570958,0,0,0,0,0
2021-02-23,SPMA,Suparma Tbk.,--U-1130000000B131------------,300.0,0.0,306.0,300.0,306.0,6.0,3200,964600,9,137.2,306,7400,300,2500,2114570958,2114570958,2114570958,0,0,0,0,0
2021-02-22,SPMA,Suparma Tbk.,--U-1130000000B131------------,302.0,0.0,302.0,300.0,300.0,-2.0,19000,5709200,11,134.5,302,1300,300,7900,2114570958,2114570958,2114570958,0,0,0,0,0
2021-02-19,SPMA,Suparma Tbk.,--U-1130000000B131------------,310.0,0.0,310.0,296.0,302.0,-8.0,69200,20967000,23,135.4,304,2500,302,100,2114570958,2114570958,2114570958,0,0,0,0,0
2021-02-18,SPMA,Suparma Tbk.,--U-1130000000B131------------,310.0,0.0,310.0,300.0,310.0,0.0,5100,1565000,12,139.0,310,15400,302,10000,2114570958,2114570958,2114570958,0,0,0,0,0
2021-02-17,SPMA,Suparma Tbk.,--U-1130000000B131------------,310.0,0.0,310.0,308.0,310.0,0.0,1600,494400,7,139.0,310,4600,308,30500,2114570958,2114570958,2114570958,0,0,0,0,0
2021-02-16,SPMA,Suparma Tbk.,--U-1130000000B131------------,314.0,0.0,314.0,308.0,310.0,-4.0,26700,8308200,17,139.0,310,7500,308,104900,2114570958,2114570958,2114570958,0,0,0,0,0
2021-02-15,SPMA,Suparma Tbk.,--U-1130000000B131------------,312.0,0.0,316.0,312.0,314.0,2.0,63700,19897000,21,140.8,314,23200,312,15800,2114570958,2114570958,2114570958,0,0,0,0,0
2021-02-11,SPMA,Suparma Tbk.,--U-1130000000B131------------,304.0,0.0,312.0,304.0,312.0,8.0,5700,1744400,13,139.9,312,221300,304,600,2114570958,2114570958,2114570958,0,0,0,0,0
2021-02-10,SPMA,Suparma Tbk.,--U-1130000000B131------------,302.0,0.0,312.0,302.0,304.0,2.0,24700,7629400,21,136.3,310,6200,306,1300,2114570958,2114570958,2114570958,0,0,0,0,0
2021-02-09,SPMA,Suparma Tbk.,--U-1130000000B131------------,300.0,0.0,304.0,298.0,302.0,2.0,665700,200860200,20,135.4,304,18100,302,131600,2114570958,2114570958,2114570958,0,0,0,0,0
2021-02-08,SPMA,Suparma Tbk.,--U-1130000000B131------------,304.0,0.0,306.0,298.0,300.0,-4.0,60100,18188000,25,134.5,302,3400,300,100,2114570958,2114570958,2114570958,0,0,0,0,0
2021-02-05,SPMA,Suparma Tbk.,--U-1130000000B131------------,302.0,0.0,306.0,300.0,304.0,2.0,33300,10081600,25,136.3,306,35200,304,700,2114570958,2114570958,2114570958,0,0,0,0,0
2021-02-04,SPMA,Suparma Tbk.,--U-1130000000B131------------,296.0,0.0,302.0,280.0,302.0,6.0,366800,109780600,44,135.4,304,5200,302,100,2114570958,2114570958,2114570958,0,0,0,0,0
2021-02-03,SPMA,Suparma Tbk.,--U-1130000000B131------------,300.0,0.0,298.0,296.0,296.0,-4.0,3700,1098200,9,132.7,296,25400,294,1300,2114570958,2114570958,2114570958,0,0,0,0,0
2021-02-02,SPMA,Suparma Tbk.,--U-1130000000B131------------,296.0,0.0,300.0,296.0,300.0,4.0,4000,1191400,16,134.5,300,23700,298,1000,2114570958,2114570958,2114570958,0,0,0,0,0
2021-02-01,SPMA,Suparma Tbk.,--U-1130000000B131------------,288.0,0.0,296.0,288.0,296.0,8.0,4900,1419800,12,132.7,296,1300,286,100,2114570958,2114570958,2114570958,0,0,0,0,0
2021-01-29,SPMA,Suparma Tbk.,--U-1130000000B131------------,276.0,0.0,288.0,278.0,288.0,12.0,96100,27192400,18,129.1,288,3400,278,1500,2114570958,2114570958,2114570958,0,0,0,0,0
2021-01-28,SPMA,Suparma Tbk.,--U-1130000000B131------------,294.0,0.0,300.0,276.0,276.0,-18.0,47900,13686200,30,123.7,278,4300,276,5400,2114570958,2114570958,2114570958,0,0,0,0,0
2021-01-27,SPMA,Suparma Tbk.,--U-1130000000B131------------,294.0,0.0,302.0,290.0,294.0,0.0,17100,4993000,23,131.8,294,500,292,1300,2114570958,2114570958,2114570958,0,0,0,0,0
2021-01-26,SPMA,Suparma Tbk.,--U-1130000000B131------------,300.0,0.0,302.0,294.0,294.0,-6.0,87100,25803000,29,131.8,296,1300,294,13800,2114570958,2114570958,2114570958,0,0,0,0,0
2021-01-25,SPMA,Suparma Tbk.,--U-1130000000B131------------,302.0,0.0,302.0,298.0,300.0,-2.0,183900,55197600,29,134.5,300,93800,298,56800,2114570958,2114570958,2114570958,0,0,0,0,0
2021-01-22,SPMA,Suparma Tbk.,--U-113000000038--------------,302.0,0.0,308.0,300.0,302.0,0.0,69500,21041800,33,135.4,304,5600,302,600,2114570958,2114570958,2114570958,0,0,0,0,0
2021-01-21,SPMA,Suparma Tbk.,--U-113000000038--------------,302.0,0.0,304.0,300.0,302.0,0.0,38400,11541200,34,135.4,302,8500,300,84200,2114570958,2114570958,2114570958,0,0,0,0,0
2021-01-20,SPMA,Suparma Tbk.,--U-113000000038--------------,310.0,0.0,304.0,298.0,302.0,-8.0,222100,66624800,35,135.4,304,5300,302,4700,2114570958,2114570958,2114570958,0,0,0,0,0
2021-01-19,SPMA,Suparma Tbk.,--U-113000000038--------------,318.0,0.0,316.0,300.0,310.0,-8.0,103500,31386400,15,139.0,306,183400,304,20300,2114570958,2114570958,2114570958,0,0,0,0,0
2021-01-18,SPMA,Suparma Tbk.,--U-113000000038--------------,318.0,0.0,322.0,308.0,318.0,0.0,22900,7272600,20,142.5,318,13900,310,3200,2114570958,2114570958,2114570958,0,0,0,0,0
2021-01-15,SPMA,Suparma Tbk.,--U-113000000038--------------,316.0,0.0,318.0,312.0,318.0,2.0,27500,8648200,13,142.5,318,1100,306,2500,2114570958,2114570958,2114570958,0,0,0,0,0
2021-01-14,SPMA,Suparma Tbk.,--U-113000000038--------------,318.0,0.0,316.0,308.0,316.0,-2.0,7500,2348000,7,141.7,318,15100,304,2500,2114570958,2114570958,2114570958,0,0,0,0,0
2021-01-13,SPMA,Suparma Tbk.,--U-113000000038--------------,308.0,0.0,320.0,300.0,318.0,10.0,38600,11740800,20,142.5,314,30600,310,500,2114570958,2114570958,2114570958,0,0,0,0,0
2021-01-12,SPMA,Suparma Tbk.,--U-113000000038--------------,316.0,0.0,320.0,306.0,308.0,-8.0,9100,2847600,10,138.1,308,100,306,4600,2114570958,2114570958,2114570958,0,0,0,0,0
2021-01-11,SPMA,Suparma Tbk.,--U-113000000038--------------,304.0,0.0,318.0,304.0,316.0,12.0,35500,10905400,17,141.7,312,12400,306,600,2114570958,2114570958,2114570958,0,0,0,0,0
2021-01-08,SPMA,Suparma Tbk.,--U-113000000038--------------,302.0,0.0,318.0,302.0,304.0,2.0,49200,15218200,37,136.3,308,25200,304,83000,2114570958,2114570958,2114570958,0,0,0,0,0
2021-01-07,SPMA,Suparma Tbk.,--U-113000000038--------------,304.0,0.0,308.0,300.0,302.0,-2.0,638800,191825000,41,135.4,302,13100,300,111400,2114570958,2114570958,2114570958,0,0,0,0,0
2021-01-06,SPMA,Suparma Tbk.,--U-113000000038--------------,300.0,0.0,310.0,298.0,304.0,4.0,103800,31116400,26,136.3,304,3600,300,1100,2114570958,2114570958,2114570958,80000,0,0,0,0
2021-01-05,SPMA,Suparma Tbk.,--U-113000000038--------------,318.0,0.0,320.0,300.0,300.0,-18.0,71500,22701000,9,134.5,320,14400,302,8800,2114570958,2114570958,2114570958,0,0,0,0,0
2021-01-04,SPMA,Suparma Tbk.,--U-113000000038--------------,310.0,0.0,318.0,302.0,318.0,8.0,3500,1069800,7,142.5,318,1400,302,9000,2114570958,2114570958,2114570958,0,0,0,0,0
2020-12-30,SPMA,Suparma Tbk.,--U-113000000038--------------,322.0,0.0,320.0,310.0,310.0,-12.0,80700,25750000,15,139.0,320,10000,310,4600,2114570958,2114570958,2114570958,0,0,0,0,0
2020-12-29,SPMA,Suparma Tbk.,--U-113000000038--------------,316.0,0.0,322.0,316.0,322.0,6.0,53100,16913600,13,144.3,322,65900,316,10500,2114570958,2114570958,2114570958,0,0,0,0,0
2020-12-28,SPMA,Suparma Tbk.,--U-113000000038--------------,318.0,0.0,318.0,300.0,316.0,-2.0,18600,5681400,11,141.7,316,1300,310,100,2114570958,2114570958,2114570958,0,0,0,0,0
2020-12-23,SPMA,Suparma Tbk.,--U-113000000038--------------,314.0,0.0,320.0,310.0,318.0,4.0,21600,6711200,9,142.5,316,9900,310,100,2114570958,2114570958,2114570958,0,0,0,0,0
2020-12-22,SPMA,Suparma Tbk.,--U-113000000038--------------,310.0,0.0,324.0,312.0,314.0,4.0,14500,4573400,6,140.8,314,9900,312,40300,2114570958,2114570958,2114570958,0,0,0,0,0
2020-12-21,SPMA,Suparma Tbk.,--U-113000000038--------------,316.0,0.0,320.0,310.0,310.0,-6.0,27500,8551400,17,139.0,322,20700,310,14600,2114570958,2114570958,2114570958,0,0,0,0,0
2020-12-18,SPMA,Suparma Tbk.,--U-113000000038--------------,306.0,0.0,320.0,310.0,316.0,10.0,5300,1680400,9,141.7,318,8200,316,100,2114570958,2114570958,2114570958,0,0,0,0,0
2020-12-17,SPMA,Suparma Tbk.,--U-113000000038--------------,326.0,0.0,326.0,304.0,306.0,-20.0,81400,25051400,21,137.2,320,16000,306,700,2114570958,2114570958,2114570958,0,0,0,0,0
2020-12-16,SPMA,Suparma Tbk.,--U-113000000038--------------,326.0,0.0,0.0,0.0,326.0,0.0,0,0,0,146.1,324,5100,314,3500,2114570958,2114570958,2114570958,0,0,0,0,0
2020-12-15,SPMA,Suparma Tbk.,--U-113000000038--------------,326.0,0.0,326.0,312.0,326.0,0.0,2500,812200,4,146.1,324,500,312,1300,2114570958,2114570958,2114570958,0,0,0,0,0
2020-12-14,SPMA,Suparma Tbk.,--U-113000000038--------------,316.0,0.0,326.0,316.0,326.0,10.0,4600,1471600,13,146.1,324,10000,318,10100,2114570958,2114570958,2114570958,0,0,0,0,0
2020-12-11,SPMA,Suparma Tbk.,--U-113000000038--------------,310.0,0.0,316.0,306.0,316.0,6.0,11800,3638200,23,141.7,316,1200,310,100,2114570958,2114570958,2114570958,0,0,0,0,0
2020-12-10,SPMA,Suparma Tbk.,--U-113000000038--------------,328.0,0.0,320.0,310.0,310.0,-18.0,141400,44229200,30,139.0,320,69200,310,30900,2114570958,2114570958,2114570958,8100,0,0,0,0
2020-12-08,SPMA,Suparma Tbk.,--U-113000000038--------------,330.0,0.0,332.0,328.0,328.0,-2.0,10100,3331200,14,147.0,328,18400,326,1000,2114570958,2114570958,2114570958,0,0,0,0,0
2020-12-07,SPMA,Suparma Tbk.,--U-113000000038--------------,324.0,0.0,334.0,310.0,330.0,6.0,307700,101508600,30,147.9,330,21100,320,3000,2114570958,2114570958,2114570958,0,0,0,0,0
2020-12-04,SPMA,Suparma Tbk.,--U-113000000038--------------,320.0,0.0,326.0,310.0,324.0,4.0,13300,4160800,13,145.2,324,24500,310,4900,2114570958,2114570958,2114570958,600,0,0,0,0
2020-12-03,SPMA,Suparma Tbk.,--U-113000000038--------------,330.0,0.0,330.0,320.0,320.0,-10.0,10600,3400000,14,143.4,320,4100,312,1200,2114570958,2114570958,2114570958,0,0,0,0,0
2020-12-02,SPMA,Suparma Tbk.,--U-113000000038--------------,330.0,0.0,330.0,330.0,330.0,0.0,300,99000,3,147.9,330,87600,320,400,2114570958,2114570958,2114570958,0,0,0,0,0
2020-12-01,SPMA,Suparma Tbk.,--U-113000000038--------------,330.0,0.0,330.0,320.0,330.0,0.0,12400,4014000,7,147.9,328,30200,324,300,2114570958,2114570958,2114570958,0,0,0,0,0
2020-11-30,SPMA,Suparma Tbk.,--U-113000000038--------------,326.0,0.0,334.0,320.0,330.0,4.0,248500,79672200,28,147.9,330,35000,320,100100,2114570958,2114570958,2114570958,0,0,0,0,0
2020-11-27,SPMA,Suparma Tbk.,--U-113000000038--------------,336.0,0.0,336.0,326.0,326.0,-10.0,66600,21726600,13,146.1,334,66500,326,10100,2114570958,2114570958,2114570958,0,0,0,0,0
2020-11-26,SPMA,Suparma Tbk.,--U-113000000038--------------,336.0,0.0,340.0,328.0,336.0,0.0,39600,13017800,13,150.6,336,109900,330,1600,2114570958,2114570958,2114570958,0,0,0,0,0
2020-11-25,SPMA,Suparma Tbk.,--U-113000000038--------------,330.0,0.0,340.0,330.0,336.0,6.0,177100,59345400,35,150.6,336,200600,328,80000,2114570958,2114570958,2114570958,0,0,0,0,0
2020-11-24,SPMA,Suparma Tbk.,--U-113000000038--------------,328.0,0.0,330.0,318.0,330.0,2.0,132200,42728400,16,147.9,330,21400,322,85600,2114570958,2114570958,2114570958,0,0,0,0,0
2020-11-23,SPMA,Suparma Tbk.,--U-113000000038--------------,316.0,0.0,330.0,316.0,328.0,12.0,216300,70978200,20,147.0,328,3900,320,700,2114570958,2114570958,2114570958,0,0,0,0,0
2020-11-20,SPMA,Suparma Tbk.,--U-113000000038--------------,324.0,0.0,324.0,316.0,316.0,-8.0,111700,35568200,9,141.7,322,3000,316,15300,2114570958,2114570958,2114570958,0,0,0,0,0
2020-11-19,SPMA,Suparma Tbk.,--U-113000000038--------------,318.0,0.0,326.0,318.0,324.0,6.0,63700,20286800,7,145.2,324,63700,318,15200,2114570958,2114570958,2114570958,0,0,0,0,0
2020-11-18,SPMA,Suparma Tbk.,--U-113000000038--------------,312.0,0.0,330.0,312.0,318.0,6.0,306800,98962600,37,142.5,326,49800,318,18800,2114570958,2114570958,2114570958,0,0,0,0,0
2020-11-17,SPMA,Suparma Tbk.,--U-113000000038--------------,328.0,0.0,328.0,312.0,312.0,-16.0,231400,72638800,18,139.9,318,28900,310,500,2114570958,2114570958,2114570958,0,0,0,0,0
2020-11-16,SPMA,Suparma Tbk.,--U-113000000038--------------,302.0,0.0,336.0,300.0,328.0,26.0,326100,106195600,63,147.0,328,4900,316,1000,2114570958,2114570958,2114570958,0,0,0,0,0
2020-11-13,SPMA,Suparma Tbk.,--U-113000000038--------------,294.0,0.0,304.0,296.0,302.0,8.0,400600,120799600,33,135.4,304,5400,302,20900,2114570958,2114570958,2114570958,0,0,0,0,0
2020-11-12,SPMA,Suparma Tbk.,--U-113000000038--------------,296.0,0.0,296.0,290.0,294.0,-2.0,17600,5203400,10,131.8,294,900,286,1000,2114570958,2114570958,2114570958,0,0,0,0,0
2020-11-11,SPMA,Suparma Tbk.,--U-113000000038--------------,292.0,0.0,300.0,292.0,296.0,4.0,68900,20518200,23,132.7,296,34600,292,26600,2114570958,2114570958,2114570958,0,0,0,0,0
2020-11-10,SPMA,Suparma Tbk.,--U-113000000038--------------,292.0,0.0,292.0,292.0,292.0,0.0,15400,4496800,10,130.9,294,41400,292,6200,2114570958,2114570958,2114570958,0,0,0,0,0
2020-11-09,SPMA,Suparma Tbk.,--U-113000000038--------------,292.0,0.0,294.0,282.0,292.0,0.0,143900,40787000,12,130.9,294,42400,284,500,2114570958,2114570958,2114570958,0,0,0,0,0
2020-11-06,SPMA,Suparma Tbk.,--U-113000000038--------------,282.0,0.0,294.0,280.0,292.0,10.0,109700,30825800,13,130.9,292,32500,280,103900,2114570958,2114570958,2114570958,0,0,0,0,0
2020-11-05,SPMA,Suparma Tbk.,--U-113000000038--------------,282.0,0.0,288.0,282.0,282.0,0.0,21400,6040600,16,126.4,284,1500,282,20800,2114570958,2114570958,2114570958,0,0,0,0,0
2020-11-04,SPMA,Suparma Tbk.,--U-113000000038--------------,280.0,0.0,282.0,282.0,282.0,2.0,173200,48842400,11,126.4,284,5000,282,47100,2114570958,2114570958,2114570958,0,0,0,0,0
2020-11-03,SPMA,Suparma Tbk.,--U-113000000038--------------,280.0,0.0,280.0,280.0,280.0,0.0,2000,560000,2,125.5,280,26500,274,2500,2114570958,2114570958,2114570958,0,0,0,0,0
2020-11-02,SPMA,Suparma Tbk.,--U-113000000038--------------,280.0,0.0,280.0,272.0,280.0,0.0,27100,7448000,12,125.5,280,19800,274,2300,2114570958,2114570958,2114570958,0,0,0,0,0
2020-10-27,SPMA,Suparma Tbk.,--U-113000000038--------------,282.0,0.0,280.0,272.0,280.0,-2.0,32900,8961800,19,125.5,280,4100,272,373100,2114570958,2114570958,2114570958,0,0,0,0,0
2020-10-26,SPMA,Suparma Tbk.,--U-113000000038--------------,278.0,0.0,282.0,272.0,282.0,4.0,414600,114846200,18,126.4,282,4000,270,55000,2114570958,2114570958,2114570958,0,0,0,0,0
2020-10-23,SPMA,Suparma Tbk.,--U-113000000038--------------,278.0,0.0,282.0,278.0,278.0,0.0,10700,2975000,12,124.6,282,6000,276,11400,2114570958,2114570958,2114570958,0,0,0,0,0
2020-10-22,SPMA,Suparma Tbk.,--U-113000000038--------------,276.0,0.0,284.0,276.0,278.0,2.0,78900,22230200,25,124.6,282,100,278,10300,2114570958,2114570958,2114570958,0,0,0,0,0
2020-10-21,SPMA,Suparma Tbk.,--U-113000000038--------------,276.0,0.0,284.0,276.0,276.0,0.0,381200,105215200,16,123.7,276,21300,274,300,2114570958,2114570958,2114570958,0,0,0,0,0
2020-10-20,SPMA,Suparma Tbk.,--U-113000000038--------------,282.0,0.0,284.0,276.0,276.0,-6.0,2300,646000,5,123.7,280,3000,276,1900,2114570958,2114570958,2114570958,0,0,0,0,0
2020-10-19,SPMA,Suparma Tbk.,--U-113000000038--------------,280.0,0.0,290.0,278.0,282.0,2.0,56500,16242400,17,126.4,284,2800,278,1500,2114570958,2114570958,2114570958,0,0,0,0,0
2020-10-16,SPMA,Suparma Tbk.,--U-113000000038--------------,280.0,0.0,284.0,280.0,280.0,0.0,2000,560400,5,125.5,280,8000,276,1500,2114570958,2114570958,2114570958,0,0,0,0,0
2020-10-15,SPMA,Suparma Tbk.,--U-113000000038--------------,280.0,0.0,284.0,280.0,280.0,0.0,2200,617600,11,125.5,280,15300,278,1800,2114570958,2114570958,2114570958,0,0,0,0,0
2020-10-14,SPMA,Suparma Tbk.,--U-113000000038--------------,280.0,0.0,284.0,280.0,280.0,0.0,74100,20752400,13,125.5,280,33400,278,500,2114570958,2114570958,2114570958,0,0,0,0,0
2020-10-13,SPMA,Suparma Tbk.,--U-113000000038--------------,280.0,0.0,286.0,280.0,280.0,0.0,9100,2550800,14,125.5,280,1600,278,6000,2114570958,2114570958,2114570958,0,0,0,0,0
2020-10-12,SPMA,Suparma Tbk.,--U-113000000038--------------,286.0,0.0,286.0,280.0,280.0,-6.0,52800,15096600,7,125.5,286,18600,280,1500,2114570958,2114570958,2114570958,0,0,0,0,0
2020-10-09,SPMA,Suparma Tbk.,--U-113000000038--------------,286.0,0.0,288.0,274.0,286.0,0.0,33100,9466400,13,128.2,286,68400,274,6600,2114570958,2114570958,2114570958,0,0,0,0,0
2020-10-08,SPMA,Suparma Tbk.,--U-113000000038--------------,286.0,0.0,286.0,286.0,286.0,0.0,1100,314600,2,128.2,286,27000,278,5000,2114570958,2114570958,2114570958,0,0,0,0,0
2020-10-07,SPMA,Suparma Tbk.,--U-113000000038--------------,286.0,0.0,286.0,284.0,286.0,0.0,1900,542600,5,128.2,286,2600,278,3500,2114570958,2114570958,2114570958,0,0,0,0,0
2020-10-06,SPMA,Suparma Tbk.,--U-113000000038--------------,284.0,0.0,288.0,272.0,286.0,2.0,408800,114234400,11,128.2,286,1600,276,1500,2114570958,2114570958,2114570958,0,0,0,0,0
2020-10-05,SPMA,Suparma Tbk.,--U-113000000038--------------,284.0,0.0,284.0,284.0,284.0,0.0,200,56800,2,127.3,284,4800,276,6000,2114570958,2114570958,2114570958,0,0,0,0,0
2020-10-02,SPMA,Suparma Tbk.,--U-113000000038--------------,280.0,0.0,288.0,266.0,284.0,4.0,488600,134960000,27,127.3,284,5700,274,5000,2114570958,2114570958,2114570958,0,0,0,0,0
2020-10-01,SPMA,Suparma Tbk.,--U-113000000038--------------,284.0,0.0,282.0,270.0,280.0,-4.0,4900,1370400,10,125.5,280,31000,272,13900,2114570958,2114570958,2114570958,0,0,0,0,0
2020-09-30,SPMA,Suparma Tbk.,--U-113000000038--------------,288.0,0.0,288.0,272.0,284.0,-4.0,162700,45392200,10,127.3,282,2000,274,200,2114570958,2114570958,2114570958,0,0,0,0,0
2020-09-29,SPMA,Suparma Tbk.,--U-113000000038--------------,288.0,0.0,288.0,278.0,288.0,0.0,700,200600,5,129.1,288,5100,278,54900,2114570958,2114570958,2114570958,0,0,0,0,0
2020-09-28,SPMA,Suparma Tbk.,--U-113000000038--------------,286.0,0.0,290.0,276.0,288.0,2.0,990400,279794000,26,129.1,288,55200,278,200,2114570958,2114570958,2114570958,0,0,0,0,0
2020-09-25,SPMA,Suparma Tbk.,--U-113000000038--------------,274.0,0.0,288.0,260.0,286.0,12.0,204600,55880800,14,128.2,286,5300,278,1000,2114570958,2114570958,2114570958,0,0,0,0,0
2020-09-24,SPMA,Suparma Tbk.,--U-113000000038--------------,270.0,0.0,288.0,262.0,274.0,4.0,206500,56379000,16,122.8,276,4800,272,7500,2114570958,2114570958,2114570958,0,0,0,0,0
2020-09-23,SPMA,Suparma Tbk.,--U-113000000038--------------,290.0,0.0,294.0,270.0,270.0,-20.0,291400,81865400,22,121.0,286,150000,270,140200,2114570958,2114570958,2114570958,0,0,0,0,0
2020-09-22,SPMA,Suparma Tbk.,--U-113000000038--------------,288.0,0.0,294.0,286.0,290.0,2.0,174900,50040400,15,130.0,290,3900,282,2500,2114570958,2114570958,2114570958,0,0,0,0,0
2020-09-21,SPMA,Suparma Tbk.,--U-113000000038--------------,292.0,0.0,300.0,280.0,288.0,-4.0,762500,220408400,39,129.1,290,2900,288,1700,2114570958,2114570958,2114570958,0,0,0,0,0
2020-09-18,SPMA,Suparma Tbk.,--U-113000000038--------------,290.0,0.0,300.0,282.0,292.0,2.0,629200,182489200,37,130.9,294,3000,292,100,2114570958,2114570958,2114570958,0,0,0,0,0
2020-09-17,SPMA,Suparma Tbk.,--U-113000000038--------------,270.0,0.0,292.0,272.0,290.0,20.0,459900,130905400,46,130.0,290,21000,284,3000,2114570958,2114570958,2114570958,0,0,0,0,0
2020-09-16,SPMA,Suparma Tbk.,--U-113000000038--------------,286.0,0.0,286.0,270.0,270.0,-16.0,23600,6748000,11,121.0,288,800,270,6000,2114570958,2114570958,2114570958,0,0,0,0,0
2020-09-15,SPMA,Suparma Tbk.,--U-113000000038--------------,284.0,0.0,286.0,280.0,286.0,2.0,17600,4976800,12,128.2,286,1400,280,12600,2114570958,2114570958,2114570958,100,0,0,0,0
2020-09-14,SPMA,Suparma Tbk.,--U-113000000038--------------,280.0,0.0,288.0,282.0,284.0,4.0,43900,12578200,13,127.3,288,22800,280,5300,2114570958,2114570958,2114570958,0,0,0,0,0
2020-09-11,SPMA,Suparma Tbk.,--U-113000000038--------------,266.0,0.0,288.0,254.0,280.0,14.0,48900,13049000,18,125.5,280,2800,270,20500,2114570958,2114570958,2114570958,0,0,0,0,0
2020-09-10,SPMA,Suparma Tbk.,--U-113000000038--------------,280.0,0.0,280.0,262.0,266.0,-14.0,27300,7257800,20,119.2,276,6600,266,1500,2114570958,2114570958,2114570958,0,0,0,0,0
2020-09-09,SPMA,Suparma Tbk.,--U-113000000038--------------,284.0,0.0,292.0,276.0,280.0,-4.0,24000,6859400,26,125.5,280,6300,276,5200,2114570958,2114570958,2114570958,0,0,0,0,0
2020-09-08,SPMA,Suparma Tbk.,--U-113000000038--------------,266.0,0.0,288.0,266.0,284.0,18.0,633500,176537200,105,127.3,284,12800,280,35400,2114570958,2114570958,2114570958,0,77300,0,0,0
2020-09-07,SPMA,Suparma Tbk.,--U-113000000038--------------,260.0,0.0,266.0,260.0,266.0,6.0,53800,14073600,17,119.2,266,13500,262,33000,2114570958,2114570958,2114570958,0,0,0,0,0
2020-09-04,SPMA,Suparma Tbk.,--U-113000000038--------------,252.0,0.0,260.0,256.0,260.0,8.0,11200,2892000,8,116.6,260,11700,258,9700,2114570958,2114570958,2114570958,0,0,0,0,0
2020-09-03,SPMA,Suparma Tbk.,--U-113000000038--------------,252.0,0.0,260.0,250.0,252.0,0.0,119700,30006400,19,113.0,256,9800,254,200,2114570958,2114570958,2114570958,0,0,0,0,0
2020-09-02,SPMA,Suparma Tbk.,--U-113000000038--------------,256.0,0.0,260.0,252.0,252.0,-4.0,20500,5194400,15,113.0,258,10100,252,4100,2114570958,2114570958,2114570958,0,0,0,0,0
2020-09-01,SPMA,Suparma Tbk.,--U-113000000038--------------,260.0,0.0,260.0,254.0,256.0,-4.0,76300,19533000,18,114.8,256,69000,254,22500,2114570958,2114570958,2114570958,0,0,70,17780,1
2020-08-31,SPMA,Suparma Tbk.,--U-113000000038--------------,262.0,0.0,262.0,256.0,260.0,-2.0,11300,2940600,7,116.6,260,700,256,14500,2114570958,2114570958,2114570958,0,0,0,0,0
2020-08-28,SPMA,Suparma Tbk.,--U-113000000038--------------,264.0,0.0,264.0,262.0,262.0,-2.0,800,210000,4,117.4,260,100,258,500,2114570958,2114570958,2114570958,0,0,0,0,0
2020-08-27,SPMA,Suparma Tbk.,--U-113000000038--------------,264.0,0.0,264.0,256.0,264.0,0.0,24900,6400000,11,118.3,264,134100,256,8100,2114570958,2114570958,2114570958,0,0,0,0,0
2020-08-26,SPMA,Suparma Tbk.,--U-113000000038--------------,264.0,0.0,264.0,258.0,264.0,0.0,16800,4375000,7,118.3,264,192600,258,6800,2114570958,2114570958,2114570958,0,0,0,0,0
2020-08-25,SPMA,Suparma Tbk.,--U-113000000038--------------,260.0,0.0,266.0,254.0,264.0,4.0,55300,14363400,30,118.3,262,100,256,15800,2114570958,2114570958,2114570958,0,0,0,0,0
2020-08-24,SPMA,Suparma Tbk.,--U-113000000038--------------,260.0,0.0,260.0,260.0,260.0,0.0,7000,1820000,3,116.6,260,151000,256,1200,2114570958,2114570958,2114570958,0,0,0,0,0
2020-08-19,SPMA,Suparma Tbk.,--U-113000000038--------------,260.0,0.0,260.0,258.0,260.0,0.0,19900,5172400,9,116.6,260,137900,258,5600,2114570958,2114570958,2114570958,0,0,0,0,0
2020-08-18,SPMA,Suparma Tbk.,--U-113000000038--------------,256.0,0.0,260.0,252.0,260.0,4.0,67600,17129400,20,116.6,260,160600,254,5500,2114570958,2114570958,2114570958,0,0,0,0,0
2020-08-14,SPMA,Suparma Tbk.,--U-113000000038--------------,258.0,0.0,262.0,256.0,256.0,-2.0,8600,2221000,11,114.8,258,156100,256,49800,2114570958,2114570958,2114570958,0,0,0,0,0
2020-08-13,SPMA,Suparma Tbk.,--U-113000000038--------------,258.0,0.0,262.0,258.0,258.0,0.0,19600,5082600,11,115.7,258,4400,256,2000,2114570958,2114570958,2114570958,0,0,0,0,0
2020-08-12,SPMA,Suparma Tbk.,--U-113000000038--------------,256.0,0.0,258.0,256.0,258.0,2.0,7600,1956800,7,115.7,258,22800,256,600,2114570958,2114570958,2114570958,0,0,0,0,0
2020-08-11,SPMA,Suparma Tbk.,--U-113000000038--------------,254.0,0.0,260.0,256.0,256.0,2.0,61300,15695400,12,114.8,258,10000,256,23900,2114570958,2114570958,2114570958,0,0,0,0,0
2020-08-10,SPMA,Suparma Tbk.,--U-113000000038--------------,258.0,0.0,260.0,252.0,254.0,-4.0,9100,2322200,6,113.9,258,2100,254,1500,2114570958,2114570958,2114570958,0,0,0,0,0
2020-08-07,SPMA,Suparma Tbk.,--U-113000000038--------------,250.0,0.0,260.0,250.0,258.0,8.0,32000,8025800,10,115.7,258,6700,252,100,2114570958,2114570958,2114570958,0,0,0,0,0
2020-08-06,SPMA,Suparma Tbk.,--U-113000000038--------------,246.0,0.0,254.0,246.0,250.0,4.0,113800,28453200,23,112.1,252,300,250,29700,2114570958,2114570958,2114570958,0,0,0,0,0
2020-08-05,SPMA,Suparma Tbk.,--U-113000000038--------------,244.0,0.0,246.0,244.0,246.0,2.0,77500,19060000,6,110.3,248,19500,246,15700,2114570958,2114570958,2114570958,0,0,0,0,0
2020-08-04,SPMA,Suparma Tbk.,--U-113000000038--------------,242.0,0.0,246.0,242.0,244.0,2.0,20000,4854800,11,109.4,246,10200,244,8000,2114570958,2114570958,2114570958,0,0,0,0,0
2020-08-03,SPMA,Suparma Tbk.,--U-113000000038--------------,252.0,0.0,252.0,236.0,242.0,-10.0,128300,30965200,42,108.5,242,500,238,500,2114570958,2114570958,2114570958,0,0,0,0,0
2020-07-30,SPMA,Suparma Tbk.,--U-113000000038--------------,246.0,0.0,254.0,250.0,252.0,6.0,138200,34604200,18,113.0,252,39200,250,5000,2114570958,2114570958,2114570958,0,0,0,0,0
2020-07-29,SPMA,Suparma Tbk.,--U-113000000038--------------,250.0,0.0,260.0,246.0,246.0,-4.0,65400,16313000,20,110.3,246,18300,242,11600,2114570958,2114570958,2114570958,0,0,0,0,0
2020-07-28,SPMA,Suparma Tbk.,--U-113000000038--------------,246.0,0.0,262.0,248.0,250.0,4.0,14900,3742600,12,112.1,254,9900,250,11900,2114570958,2114570958,2114570958,0,0,0,0,0
2020-07-27,SPMA,Suparma Tbk.,--U-113000000038--------------,254.0,0.0,254.0,240.0,246.0,-8.0,58500,14456000,23,110.3,248,29400,246,2300,2114570958,2114570958,2114570958,0,0,0,0,0
2020-07-24,SPMA,Suparma Tbk.,--U-113000000038--------------,258.0,0.0,266.0,254.0,254.0,-4.0,63500,16524800,27,113.9,254,15400,252,20100,2114570958,2114570958,2114570958,0,0,0,0,0
2020-07-23,SPMA,Suparma Tbk.,--U-113000000038--------------,254.0,0.0,258.0,252.0,258.0,4.0,108400,27560400,20,115.7,258,13500,252,100600,2114570958,2114570958,2114570958,0,0,0,0,0
2020-07-22,SPMA,Suparma Tbk.,--U-113000000038--------------,258.0,0.0,258.0,246.0,254.0,-4.0,243100,60554800,55,113.9,254,33500,250,88000,2114570958,2114570958,2114570958,5700,0,0,0,0
2020-07-21,SPMA,Suparma Tbk.,--U-113000000038--------------,246.0,0.0,258.0,258.0,258.0,12.0,100,25800,1,115.7,254,15100,242,12000,2114570958,2114570958,2114570958,0,0,0,0,0
2020-07-20,SPMA,Suparma Tbk.,--U-113000000038--------------,256.0,0.0,254.0,246.0,246.0,-10.0,62100,15337000,19,110.3,246,6800,242,5500,2114570958,2114570958,2114570958,0,0,0,0,0
2020-07-17,SPMA,Suparma Tbk.,--U-113000000038--------------,258.0,0.0,258.0,256.0,256.0,-2.0,20000,5153000,5,114.8,260,10000,250,800,2114570958,2114570958,2114570958,0,0,0,0,0
2020-07-16,SPMA,Suparma Tbk.,--U-113000000038--------------,264.0,0.0,260.0,248.0,258.0,-6.0,23700,6079000,13,115.7,260,27000,258,200,2114570958,2114570958,2114570958,0,0,0,0,0
2020-07-15,SPMA,Suparma Tbk.,--U-113000000038--------------,260.0,0.0,264.0,262.0,264.0,4.0,1100,288400,2,118.3,260,20000,248,10200,2114570958,2114570958,2114570958,0,0,0,0,0
2020-07-14,SPMA,Suparma Tbk.,--U-113000000038--------------,262.0,0.0,260.0,260.0,260.0,-2.0,500,130000,1,116.6,260,10100,248,3000,2114570958,2114570958,2114570958,0,0,0,0,0
2020-07-13,SPMA,Suparma Tbk.,--U-113000000038--------------,260.0,0.0,264.0,254.0,262.0,2.0,72600,18853800,12,117.4,262,19900,254,22200,2114570958,2114570958,2114570958,0,0,0,0,0
2020-07-10,SPMA,Suparma Tbk.,--U-113000000038--------------,260.0,0.0,260.0,260.0,260.0,0.0,25000,6500000,4,116.6,260,20000,250,23100,2114570958,2114570958,2114570958,0,0,0,0,0
2020-07-09,SPMA,Suparma Tbk.,--U-113000000038--------------,260.0,0.0,262.0,258.0,260.0,0.0,67200,17468000,12,116.6,262,30000,260,100,2114570958,2114570958,2114570958,0,0,0,0,0
2020-07-08,SPMA,Suparma Tbk.,--U-113000000038--------------,258.0,0.0,260.0,250.0,260.0,2.0,17700,4527800,9,116.6,260,2900,250,37200,2114570958,2114570958,2114570958,0,0,0,0,0
2020-07-07,SPMA,Suparma Tbk.,--U-113000000038--------------,246.0,0.0,260.0,256.0,258.0,12.0,2700,692400,6,115.7,258,12600,248,700,2114570958,2114570958,2114570958,0,0,0,0,0
2020-07-06,SPMA,Suparma Tbk.,--U-113000000038--------------,262.0,0.0,258.0,244.0,246.0,-16.0,260300,63951000,42,110.3,258,10000,246,28200,2114570958,2114570958,2114570958,0,0,0,0,0
2020-07-03,SPMA,Suparma Tbk.,--U3---1,254.0,0.0,268.0,244.0,262.0,8.0,13800,3590200,10,117.4,262,17500,242,34200,2114570958,2114570958,2114570958,0,0,0,0,0
2020-07-02,SPMA,Suparma Tbk.,--U3---1,258.0,0.0,254.0,254.0,254.0,-4.0,1900,482600,3,113.9,254,5000,246,200,2114570958,2114570958,2114570958,0,0,4000,800000,1
2020-07-01,SPMA,Suparma Tbk.,--U3---1,266.0,0.0,262.0,254.0,258.0,-8.0,13100,3370600,7,115.7,258,96300,250,55300,2114570958,2114570958,2114570958,0,0,0,0,0
2020-06-30,SPMA,Suparma Tbk.,--U3---1,266.0,0.0,266.0,250.0,266.0,0.0,7800,2012800,4,119.2,262,5000,260,35000,2114570958,2114570958,2114570958,0,0,0,0,0
2020-06-29,SPMA,Suparma Tbk.,--U3---1,260.0,0.0,270.0,250.0,266.0,6.0,6300,1611600,8,119.2,264,15000,246,1200,2114570958,2114570958,2114570958,0,0,0,0,0
2020-06-26,SPMA,Suparma Tbk.,--U3---1,268.0,0.0,268.0,260.0,260.0,-8.0,104600,27223800,7,116.6,268,49900,252,11800,2114570958,2114570958,2114570958,0,0,0,0,0
2020-06-25,SPMA,Suparma Tbk.,--U3---1,260.0,0.0,268.0,268.0,268.0,8.0,20700,5547600,10,120.1,268,200,252,1200,2114570958,2114570958,2114570958,0,0,0,0,0
2020-06-24,SPMA,Suparma Tbk.,--U3---1,276.0,0.0,274.0,260.0,260.0,-16.0,2000,534400,4,116.6,268,10000,260,111700,2114570958,2114570958,2114570958,0,0,0,0,0
2020-06-23,SPMA,Suparma Tbk.,--U3---1,268.0,0.0,276.0,256.0,276.0,8.0,17800,4576000,12,123.7,274,30000,258,400,2114570958,2114570958,2114570958,0,0,0,0,0
2020-06-22,SPMA,Suparma Tbk.,--U3---1,278.0,0.0,272.0,260.0,268.0,-10.0,154600,40359000,29,120.1,268,26300,264,100,2114570958,2114570958,2114570958,0,0,0,0,0
2020-06-19,SPMA,Suparma Tbk.,--U3---1,278.0,0.0,278.0,278.0,278.0,0.0,700,194600,2,124.6,278,291000,270,100,2114570958,2114570958,2114570958,0,0,0,0,0
2020-06-18,SPMA,Suparma Tbk.,--U3---1,278.0,0.0,278.0,266.0,278.0,0.0,800,214000,3,124.6,278,3700,266,5100,2114570958,2114570958,2114570958,0,0,0,0,0
2020-06-17,SPMA,Suparma Tbk.,--U3---1,278.0,0.0,278.0,266.0,278.0,0.0,4800,1302400,10,124.6,278,4200,266,800,2114570958,2114570958,2114570958,0,0,0,0,0
2020-06-16,SPMA,Suparma Tbk.,--U3---1,278.0,0.0,278.0,264.0,278.0,0.0,800,219600,3,124.6,278,6100,264,8600,2114570958,2114570958,2114570958,0,0,0,0,0
2020-06-15,SPMA,Suparma Tbk.,--U3---1,278.0,0.0,278.0,278.0,278.0,0.0,3300,917400,4,124.6,278,6400,262,19100,2114570958,2114570958,2114570958,0,0,0,0,0
2020-06-12,SPMA,Suparma Tbk.,--U3---1,260.0,0.0,278.0,278.0,278.0,18.0,600,166800,2,124.6,278,9500,262,100,2114570958,2114570958,2114570958,0,0,0,0,0
2020-06-11,SPMA,Suparma Tbk.,--U3---1,278.0,0.0,280.0,260.0,260.0,-18.0,152500,39931000,21,116.6,274,8900,260,31300,2114570958,2114570958,2114570958,0,0,0,0,0
2020-06-10,SPMA,Suparma Tbk.,--U3---1,262.0,0.0,280.0,278.0,278.0,16.0,1000,278600,5,124.6,278,7700,266,1000,2114570958,2114570958,2114570958,0,0,0,0,0
2020-06-09,SPMA,Suparma Tbk.,--U3---1,278.0,0.0,278.0,262.0,262.0,-16.0,138700,37115800,28,117.4,276,7000,262,43500,2114570958,2114570958,2114570958,100400,0,0,0,0
2020-06-08,SPMA,Suparma Tbk.,--U3---1,274.0,0.0,280.0,274.0,278.0,4.0,5200,1446000,5,124.6,278,1400,272,100,2114570958,2114570958,2114570958,0,0,0,0,0
2020-06-05,SPMA,Suparma Tbk.,--U3---1,278.0,0.0,278.0,274.0,274.0,-4.0,15800,4330400,5,122.8,278,1100,268,10000,2114570958,2114570958,2114570958,0,0,0,0,0
2020-06-04,SPMA,Suparma Tbk.,--U3---1,274.0,0.0,278.0,268.0,278.0,4.0,16600,4601800,11,124.6,278,6200,276,500,2114570958,2114570958,2114570958,0,0,0,0,0
2020-06-03,SPMA,Suparma Tbk.,--U3---1,268.0,0.0,278.0,266.0,274.0,6.0,107200,28655800,13,122.8,274,17800,268,5300,2114570958,2114570958,2114570958,0,0,0,0,0
2020-06-02,SPMA,Suparma Tbk.,--U3---1,278.0,0.0,280.0,268.0,268.0,-10.0,4600,1234000,4,120.1,278,800,268,51500,2114570958,2114570958,2114570958,0,0,0,0,0
2020-05-29,SPMA,Suparma Tbk.,--U3---1,280.0,0.0,280.0,278.0,278.0,-2.0,1100,307600,3,124.6,278,49900,268,5000,2114570958,2114570958,2114570958,0,0,0,0,0
2020-05-28,SPMA,Suparma Tbk.,--U3---1,280.0,0.0,280.0,272.0,280.0,0.0,55600,15146400,10,125.5,278,100,268,5000,2114570958,2114570958,2114570958,0,0,0,0,0
2020-05-27,SPMA,Suparma Tbk.,--U3---1,280.0,0.0,280.0,280.0,280.0,0.0,400,112000,1,125.5,270,1900,266,3000,2114570958,2114570958,2114570958,0,0,0,0,0
2020-05-26,SPMA,Suparma Tbk.,--U3---1,280.0,0.0,280.0,280.0,280.0,0.0,2100,588000,4,125.5,280,88500,262,1500,2114570958,2114570958,2114570958,0,0,0,0,0
2020-05-20,SPMA,Suparma Tbk.,--U3---1,280.0,0.0,280.0,280.0,280.0,0.0,500,140000,1,125.5,280,49400,262,12600,2114570958,2114570958,2114570958,0,0,0,0,0
2020-05-19,SPMA,Suparma Tbk.,--U3---1,268.0,0.0,280.0,268.0,280.0,12.0,800,219200,4,125.5,280,61000,262,2700,2114570958,2114570958,2114570958,0,0,0,0,0
2020-05-18,SPMA,Suparma Tbk.,--U3---1,276.0,0.0,280.0,260.0,268.0,-8.0,24900,6535400,16,120.1,268,4700,264,700,2114570958,2114570958,2114570958,0,0,0,0,0
2020-05-15,SPMA,Suparma Tbk.,--U3---1,278.0,0.0,276.0,264.0,276.0,-2.0,4400,1167400,5,123.7,272,600,266,5100,2114570958,2114570958,2114570958,0,0,0,0,0
2020-05-14,SPMA,Suparma Tbk.,--U3---1,278.0,0.0,278.0,264.0,278.0,0.0,1500,413800,8,124.6,278,1100,268,500,2114570958,2114570958,2114570958,0,0,0,0,0
2020-05-13,SPMA,Suparma Tbk.,--U3---1,278.0,0.0,278.0,262.0,278.0,0.0,20100,5271200,6,124.6,278,25600,264,3200,2114570958,2114570958,2114570958,0,0,0,0,0
2020-05-12,SPMA,Suparma Tbk.,--U3---1,276.0,0.0,280.0,262.0,278.0,2.0,228900,62190600,22,124.6,278,30800,264,43200,2114570958,2114570958,2114570958,0,0,0,0,0
2020-05-11,SPMA,Suparma Tbk.,--U3---1,280.0,0.0,278.0,264.0,276.0,-4.0,400,109400,4,123.7,278,10600,264,12400,2114570958,2114570958,2114570958,0,0,0,0,0
2020-05-08,SPMA,Suparma Tbk.,--U3---1,276.0,0.0,280.0,276.0,280.0,4.0,1400,386800,2,125.5,278,10700,266,2800,2114570958,2114570958,2114570958,0,0,0,0,0
2020-05-06,SPMA,Suparma Tbk.,--U3---1,276.0,0.0,276.0,276.0,276.0,0.0,1400,386400,3,123.7,276,27900,262,1000,2114570958,2114570958,2114570958,0,0,0,0,0
2020-05-05,SPMA,Suparma Tbk.,--U3---1,276.0,0.0,276.0,258.0,276.0,0.0,12900,3365600,12,123.7,276,23700,268,1000,2114570958,2114570958,2114570958,0,0,0,0,0
2020-05-04,SPMA,Suparma Tbk.,--U3---1,268.0,0.0,280.0,266.0,276.0,8.0,5700,1524800,7,123.7,276,10700,266,10000,2114570958,2114570958,2114570958,0,0,0,0,0
2020-04-30,SPMA,Suparma Tbk.,--U3---1,248.0,0.0,270.0,250.0,268.0,20.0,121300,30922200,23,120.1,268,27300,260,10000,2114570958,2114570958,2114570958,0,0,0,0,0
2020-04-29,SPMA,Suparma Tbk.,--U3---1,260.0,0.0,260.0,248.0,248.0,-12.0,11600,2885200,7,111.2,260,85400,248,24600,2114570958,2114570958,2114570958,0,0,0,0,0
2020-04-28,SPMA,Suparma Tbk.,--U3---1,260.0,0.0,260.0,250.0,260.0,0.0,800,207000,6,116.6,260,43000,252,500,2114570958,2114570958,2114570958,0,0,0,0,0
2020-04-27,SPMA,Suparma Tbk.,--U3---1,258.0,0.0,260.0,246.0,260.0,2.0,5600,1443800,8,116.6,260,38700,246,20700,2114570958,2114570958,2114570958,0,0,0,0,0
2020-04-24,SPMA,Suparma Tbk.,--U3---1,276.0,0.0,276.0,258.0,258.0,-18.0,36800,9576400,11,115.7,260,28800,258,1700,2114570958,2114570958,2114570958,0,0,0,0,0
2020-04-23,SPMA,Suparma Tbk.,--U3---1,278.0,0.0,276.0,276.0,276.0,-2.0,1500,414000,4,123.7,276,11700,260,1800,2114570958,2114570958,2114570958,0,0,0,0,0
2020-04-22,SPMA,Suparma Tbk.,--U3---1,278.0,0.0,0.0,0.0,278.0,0.0,0,0,0,124.6,278,12800,276,200,2114570958,2114570958,2114570958,0,0,0,0,0
2020-04-21,SPMA,Suparma Tbk.,--U3---1,276.0,0.0,278.0,278.0,278.0,2.0,9100,2529800,4,124.6,276,10000,266,1000,2114570958,2114570958,2114570958,0,0,0,0,0
2020-04-20,SPMA,Suparma Tbk.,--U3---1,262.0,0.0,280.0,276.0,276.0,14.0,5300,1471000,8,123.7,276,20800,264,800,2114570958,2114570958,2114570958,0,0,0,0,0
2020-04-17,SPMA,Suparma Tbk.,--U3---1,280.0,0.0,280.0,262.0,262.0,-18.0,2000,545600,5,117.4,278,800,262,2300,2114570958,2114570958,2114570958,0,0,0,0,0
2020-04-16,SPMA,Suparma Tbk.,--U3---1,280.0,0.0,280.0,280.0,280.0,0.0,1100,308000,2,125.5,280,39100,264,800,2114570958,2114570958,2114570958,0,0,0,0,0
2020-04-15,SPMA,Suparma Tbk.,--U3---1,280.0,0.0,280.0,280.0,280.0,0.0,900,252000,4,125.5,280,9100,266,1000,2114570958,2114570958,2114570958,0,0,0,0,0
2020-04-14,SPMA,Suparma Tbk.,--U3---1,288.0,0.0,290.0,270.0,280.0,-8.0,3700,1017000,5,125.5,280,13300,272,2000,2114570958,2114570958,2114570958,0,0,0,0,0
2020-04-13,SPMA,Suparma Tbk.,--U3---1,274.0,0.0,290.0,276.0,288.0,14.0,17900,5143800,13,129.1,288,68000,284,1000,2114570958,2114570958,2114570958,0,0,0,0,0
2020-04-09,SPMA,Suparma Tbk.,--U3---1,274.0,0.0,274.0,258.0,274.0,0.0,300,80600,3,122.8,274,800,258,3500,2114570958,2114570958,2114570958,0,0,0,0,0
2020-04-08,SPMA,Suparma Tbk.,--U3---1,264.0,0.0,278.0,246.0,274.0,10.0,9000,2396600,12,122.8,276,12900,274,100,2114570958,2114570958,2114570958,0,0,0,0,0
2020-04-07,SPMA,Suparma Tbk.,--U3---1,256.0,0.0,266.0,256.0,264.0,8.0,20800,5481400,7,118.3,266,13000,264,1300,2114570958,2114570958,2114570958,0,0,0,0,0
2020-04-06,SPMA,Suparma Tbk.,--U3---1,270.0,0.0,272.0,256.0,256.0,-14.0,18000,4748400,14,114.8,258,2000,256,300,2114570958,2114570958,2114570958,0,0,0,0,0
2020-04-03,SPMA,Suparma Tbk.,--U3---1,258.0,0.0,276.0,258.0,270.0,12.0,4400,1165800,9,121.0,270,24300,260,500,2114570958,2114570958,2114570958,0,0,0,0,0
2020-04-02,SPMA,Suparma Tbk.,--U3---1,264.0,0.0,258.0,258.0,258.0,-6.0,600,154800,2,115.7,258,1400,246,10000,2114570958,2114570958,2114570958,0,0,0,0,0
2020-04-01,SPMA,Suparma Tbk.,--U3---1,240.0,0.0,264.0,236.0,264.0,24.0,91700,21969600,11,118.3,262,3000,238,48000,2114570958,2114570958,2114570958,0,0,0,0,0
2020-03-31,SPMA,Suparma Tbk.,--U3---1,238.0,0.0,248.0,238.0,240.0,2.0,445000,106787800,12,107.6,240,48100,222,15000,2114570958,2114570958,2114570958,0,0,0,0,0
2020-03-30,SPMA,Suparma Tbk.,--U3---1,232.0,0.0,238.0,238.0,238.0,6.0,3500,833000,1,106.7,238,230500,0,0,2114570958,2114570958,2114570958,0,0,0,0,0
2020-03-27,SPMA,Suparma Tbk.,--U3---1,220.0,0.0,240.0,230.0,232.0,12.0,36100,8314000,7,104.0,232,5200,230,400,2114570958,2114570958,2114570958,0,0,0,0,0
2020-03-26,SPMA,Suparma Tbk.,--U3---1,210.0,0.0,240.0,210.0,220.0,10.0,96800,21143000,19,98.6,228,1000,220,5400,2114570958,2114570958,2114570958,0,0,0,0,0
2020-03-24,SPMA,Suparma Tbk.,--U3---1,210.0,0.0,0.0,0.0,210.0,0.0,0,0,0,94.1,258,100,224,2500,2114570958,2114570958,2114570958,0,0,0,0,0
2020-03-23,SPMA,Suparma Tbk.,--U3---1,214.0,0.0,210.0,204.0,210.0,-4.0,2600,545400,5,94.1,226,5000,210,9600,2114570958,2114570958,2114570958,0,0,0,0,0
2020-03-20,SPMA,Suparma Tbk.,--U3---1,214.0,0.0,228.0,214.0,214.0,0.0,3200,702600,7,95.9,224,100,214,3400,2114570958,2114570958,2114570958,0,0,0,0,0
2020-03-19,SPMA,Suparma Tbk.,--U3---1,230.0,0.0,240.0,214.0,214.0,-16.0,251500,54191000,12,95.9,214,48800,0,0,2114570958,2114570958,2114570958,0,0,0,0,0
2020-03-18,SPMA,Suparma Tbk.,--U3---1,218.0,0.0,230.0,204.0,230.0,12.0,78900,16116000,18,103.1,228,3700,204,200,2114570958,2114570958,2114570958,0,0,0,0,0
2020-03-17,SPMA,Suparma Tbk.,--U3---1,228.0,0.0,228.0,214.0,218.0,-10.0,120100,26097400,20,97.7,240,4000,218,1000,2114570958,2114570958,2114570958,0,0,0,0,0
2020-03-16,SPMA,Suparma Tbk.,--U3---1,244.0,0.0,230.0,228.0,228.0,-16.0,69600,15870400,10,102.2,230,8500,228,1500,2114570958,2114570958,2114570958,0,0,0,0,0
2020-03-13,SPMA,Suparma Tbk.,--U3---1,256.0,0.0,244.0,240.0,244.0,-12.0,102100,24583000,15,109.4,246,5000,244,100,2114570958,2114570958,2114570958,0,0,0,0,0
2020-03-12,SPMA,Suparma Tbk.,--U3---1,278.0,0.0,272.0,252.0,256.0,-22.0,17000,4302200,7,114.8,260,100,256,300,2114570958,2114570958,2114570958,0,0,0,0,0
2020-03-11,SPMA,Suparma Tbk.,--U3---1,276.0,0.0,278.0,272.0,278.0,2.0,29800,8206400,8,124.6,276,5000,272,81900,2114570958,2114570958,2114570958,0,0,0,0,0
2020-03-10,SPMA,Suparma Tbk.,--U3---1,272.0,0.0,278.0,274.0,276.0,4.0,116000,31823800,11,123.7,276,9900,274,4100,2114570958,2114570958,2114570958,0,0,0,0,0
2020-03-09,SPMA,Suparma Tbk.,--U3---1,286.0,0.0,282.0,270.0,272.0,-14.0,234200,65312800,28,121.9,272,14100,270,33500,2114570958,2114570958,2114570958,3000,0,0,0,0
2020-03-06,SPMA,Suparma Tbk.,--U3---1,296.0,0.0,294.0,280.0,286.0,-10.0,55900,15858600,7,128.2,294,29600,286,6900,2114570958,2114570958,2114570958,0,0,0,0,0
2020-03-05,SPMA,Suparma Tbk.,--U3---1,294.0,0.0,300.0,284.0,296.0,2.0,42700,12267800,8,132.7,298,15900,288,100,2114570958,2114570958,2114570958,0,0,0,0,0
2020-03-04,SPMA,Suparma Tbk.,--U3---1,298.0,0.0,300.0,282.0,294.0,-4.0,18100,5244200,14,131.8,296,10000,294,100,2114570958,2114570958,2114570958,0,0,0,0,0
2020-03-03,SPMA,Suparma Tbk.,--U3---1,296.0,0.0,300.0,298.0,298.0,2.0,1100,328000,2,133.6,298,88300,296,10000,2114570958,2114570958,2114570958,0,0,0,0,0
2020-03-02,SPMA,Suparma Tbk.,--U3---1,298.0,0.0,300.0,274.0,296.0,-2.0,37600,11184800,15,132.7,296,19900,278,2000,2114570958,2114570958,2114570958,0,0,0,0,0
2020-02-28,SPMA,Suparma Tbk.,--U3---1,292.0,0.0,298.0,270.0,298.0,6.0,29500,8146000,7,133.6,296,300,274,1100,2114570958,2114570958,2114570958,0,0,0,0,0
2020-02-27,SPMA,Suparma Tbk.,--U3---1,302.0,0.0,308.0,292.0,292.0,-10.0,136000,40977000,20,130.9,304,40000,292,30900,2114570958,2114570958,2114570958,0,0,0,0,0
2020-02-26,SPMA,Suparma Tbk.,--U3---1,304.0,0.0,304.0,292.0,302.0,-2.0,48000,14191000,10,135.4,302,8000,292,51000,2114570958,2114570958,2114570958,0,0,0,0,0
2020-02-25,SPMA,Suparma Tbk.,--U3---1,292.0,0.0,306.0,292.0,304.0,12.0,65800,20069800,10,136.3,304,4300,292,700,2114570958,2114570958,2114570958,0,0,0,0,0
2020-02-24,SPMA,Suparma Tbk.,--U3---1,296.0,0.0,308.0,292.0,292.0,-4.0,39200,11622000,6,130.9,304,20200,292,27700,2114570958,2114570958,2114570958,0,0,0,0,0
2020-02-21,SPMA,Suparma Tbk.,--U3---1,306.0,0.0,304.0,292.0,296.0,-10.0,40400,11895400,8,132.7,304,900,296,1900,2114570958,2114570958,2114570958,0,0,0,0,0
2020-02-20,SPMA,Suparma Tbk.,--U3---1,304.0,0.0,306.0,304.0,306.0,2.0,50100,15330400,8,137.2,306,21900,300,50000,2114570958,2114570958,2114570958,0,0,0,0,0
2020-02-19,SPMA,Suparma Tbk.,--U3---1,306.0,0.0,306.0,304.0,304.0,-2.0,19600,5958600,6,136.3,306,10400,304,7000,2114570958,2114570958,2114570958,0,0,0,0,0
2020-02-18,SPMA,Suparma Tbk.,--U3---1,306.0,0.0,306.0,292.0,306.0,0.0,14000,4214800,9,137.2,306,19400,292,9000,2114570958,2114570958,2114570958,0,0,0,0,0
2020-02-17,SPMA,Suparma Tbk.,--U3---1,290.0,0.0,306.0,288.0,306.0,16.0,67700,20304000,19,137.2,306,16600,300,50000,2114570958,2114570958,2114570958,0,0,0,0,0
2020-02-14,SPMA,Suparma Tbk.,--U3---1,302.0,0.0,302.0,290.0,290.0,-12.0,22500,6750000,7,130.0,296,700,294,100,2114570958,2114570958,2114570958,0,0,0,0,0
2020-02-13,SPMA,Suparma Tbk.,--U3---1,306.0,0.0,302.0,302.0,302.0,-4.0,14400,4348800,7,135.4,304,20000,302,3500,2114570958,2114570958,2114570958,0,0,0,0,0
2020-02-12,SPMA,Suparma Tbk.,--U3---1,306.0,0.0,306.0,290.0,306.0,0.0,8200,2431200,6,137.2,306,23100,298,12400,2114570958,2114570958,2114570958,0,0,0,0,0
2020-02-11,SPMA,Suparma Tbk.,--U3---1,306.0,0.0,308.0,294.0,306.0,0.0,23000,6949800,8,137.2,306,66500,296,3000,2114570958,2114570958,2114570958,0,0,0,0,0
2020-02-10,SPMA,Suparma Tbk.,--U3---1,306.0,0.0,308.0,290.0,306.0,0.0,8200,2495400,8,137.2,304,200,302,1000,2114570958,2114570958,2114570958,0,0,0,0,0
2020-02-07,SPMA,Suparma Tbk.,--U3---1,304.0,0.0,308.0,306.0,306.0,2.0,800,245000,4,137.2,306,7500,304,900,2114570958,2114570958,2114570958,0,0,0,0,0
2020-02-06,SPMA,Suparma Tbk.,--U3---1,298.0,0.0,310.0,298.0,304.0,6.0,24900,7561400,8,136.3,310,206000,304,700,2114570958,2114570958,2114570958,0,0,0,0,0
2020-02-05,SPMA,Suparma Tbk.,--U3---1,300.0,0.0,302.0,296.0,298.0,-2.0,23900,7156000,12,133.6,298,8700,296,4000,2114570958,2114570958,2114570958,0,0,0,0,0
2020-02-04,SPMA,Suparma Tbk.,--U3---1,308.0,0.0,304.0,286.0,300.0,-8.0,96100,27881400,17,134.5,300,9900,292,100,2114570958,2114570958,2114570958,0,0,0,0,0
2020-02-03,SPMA,Suparma Tbk.,--U3---1,294.0,0.0,310.0,288.0,308.0,14.0,74100,22052600,16,138.1,308,34300,290,1000,2114570958,2114570958,2114570958,0,0,0,0,0
2020-01-31,SPMA,Suparma Tbk.,--U3---1,298.0,0.0,310.0,294.0,294.0,-4.0,10600,3184200,16,131.8,306,6600,294,600,2114570958,2114570958,2114570958,0,0,0,0,0
2020-01-30,SPMA,Suparma Tbk.,--U3---1,310.0,0.0,310.0,298.0,298.0,-12.0,12300,3720800,11,133.6,298,1600,294,12000,2114570958,2114570958,2114570958,0,0,0,0,0
2020-01-29,SPMA,Suparma Tbk.,--U3---1,310.0,0.0,310.0,300.0,310.0,0.0,11300,3402000,5,139.0,310,261700,300,10900,2114570958,2114570958,2114570958,0,0,0,0,0
2020-01-28,SPMA,Suparma Tbk.,--U3---1,312.0,0.0,310.0,310.0,310.0,-2.0,300,93000,1,139.0,308,5000,294,5000,2114570958,2114570958,2114570958,0,0,0,0,0
2020-01-27,SPMA,Suparma Tbk.,--U3---1,310.0,0.0,314.0,300.0,312.0,2.0,24500,7408400,16,139.9,312,1200,290,1000,2114570958,2114570958,2114570958,0,0,0,0,0
2020-01-24,SPMA,Suparma Tbk.,--U3---1,310.0,0.0,310.0,300.0,310.0,0.0,20200,6139200,14,139.0,310,9700,304,1000,2114570958,2114570958,2114570958,0,0,0,0,0
2020-01-23,SPMA,Suparma Tbk.,--U3---1,312.0,0.0,312.0,300.0,310.0,-2.0,135000,41236800,16,139.0,310,22400,302,7300,2114570958,2114570958,2114570958,0,0,0,0,0
2020-01-22,SPMA,Suparma Tbk.,--U3---1,314.0,0.0,314.0,312.0,312.0,-2.0,17400,5429400,6,139.9,310,8200,302,1600,2114570958,2114570958,2114570958,0,0,0,0,0
2020-01-21,SPMA,Suparma Tbk.,--U3---1,318.0,0.0,316.0,306.0,314.0,-4.0,3600,1116200,9,140.8,314,19700,306,300,2114570958,2114570958,2114570958,0,0,0,0,0
2020-01-20,SPMA,Suparma Tbk.,--U3---1,314.0,0.0,318.0,304.0,318.0,4.0,5900,1810200,4,142.5,314,2500,306,300,2114570958,2114570958,2114570958,0,0,0,0,0
2020-01-17,SPMA,Suparma Tbk.,--U3---1,318.0,0.0,318.0,310.0,314.0,-4.0,70900,22162000,28,140.8,314,10600,310,13400,2114570958,2114570958,2114570958,0,0,0,0,0
2020-01-16,SPMA,Suparma Tbk.,--U3---1,304.0,0.0,320.0,302.0,318.0,14.0,131800,40348800,28,142.5,314,500,302,7700,2114570958,2114570958,2114570958,0,2000,0,0,0
2020-01-15,SPMA,Suparma Tbk.,--U3---1,310.0,0.0,310.0,304.0,304.0,-6.0,43300,13242400,28,136.3,306,60400,304,5100,2114570958,2114570958,2114570958,0,0,0,0,0
2020-01-14,SPMA,Suparma Tbk.,--U3---1,306.0,0.0,314.0,308.0,310.0,4.0,23600,7374600,23,139.0,310,44800,308,4000,2114570958,2114570958,2114570958,0,0,0,0,0
2020-01-13,SPMA,Suparma Tbk.,--U3---1,306.0,0.0,316.0,306.0,306.0,0.0,41000,12679600,29,137.2,316,500,306,23400,2114570958,2114570958,2114570958,0,0,0,0,0
2020-01-10,SPMA,Suparma Tbk.,--U3---1,328.0,0.0,320.0,304.0,306.0,-22.0,208000,63572000,87,137.2,314,11500,306,74400,2114570958,2114570958,2114570958,0,0,0,0,0
2020-01-09,SPMA,Suparma Tbk.,--U3---1,308.0,0.0,330.0,302.0,328.0,20.0,122200,37575400,25,147.0,320,40000,308,7400,2114570958,2114570958,2114570958,0,0,0,0,0
2020-01-08,SPMA,Suparma Tbk.,--U3---1,336.0,0.0,336.0,302.0,308.0,-28.0,220200,68126600,67,138.1,308,22300,306,3200,2114570958,2114570958,2114570958,0,0,0,0,0
2020-01-07,SPMA,Suparma Tbk.,--U3---1,336.0,0.0,0.0,0.0,336.0,0.0,0,0,0,150.6,334,13500,320,3500,2114570958,2114570958,2114570958,0,0,0,0,0
2020-01-06,SPMA,Suparma Tbk.,--U3---1,332.0,0.0,336.0,320.0,336.0,4.0,5000,1655600,8,150.6,336,3800,320,2300,2114570958,2114570958,2114570958,0,0,0,0,0
2020-01-03,SPMA,Suparma Tbk.,--U3---1,334.0,0.0,334.0,320.0,332.0,-2.0,4300,1419000,16,148.8,330,100,322,1100,2114570958,2114570958,2114570958,0,100,0,0,0
2020-01-02,SPMA,Suparma Tbk.,--U3---1,334.0,0.0,334.0,316.0,334.0,0.0,21300,7095800,13,149.7,334,3500,318,6700,2114570958,2114570958,2114570958,0,0,0,0,0
