Date,Ticker,Name,Remarks,Previous,Open,High,Low,Close,Change,Volume,Value,Frequency,IndexIndividual,Offer,OfferVolume,Bid,BidVolume,ListedShares,TradebleShares,WeightForIndex,ForeignSell,ForeignBuy,NonRegularVolume,NonRegularValue,NonRegularFrequency
2026-03-11,ADHI,Adhi Karya (Persero) Tbk.,--MO1135350000J211------------,210,210,214,210,210,0,3082600,651965600,485,180.7,212,241900,210,10100,8407608979,8407608979,2993949557,72700,272400,1500,312000,1
2026-03-10,ADHI,Adhi Karya (Persero) Tbk.,--MO1135350000J211------------,210,212,214,208,210,0,3262900,688391800,645,180.7,212,162300,210,52500,8407608979,8407608979,2993949557,642900,117000,0,0,0
2026-03-09,ADHI,Adhi Karya (Persero) Tbk.,--MO1135350000J211------------,218,216,220,206,210,-8,17417700,3733940400,1293,180.7,210,626600,208,1700,8407608979,8407608979,2993949557,1442700,503600,0,0,0
2026-03-06,ADHI,Adhi Karya (Persero) Tbk.,--MO1135350000J211------------,222,224,224,218,218,-4,4129200,906327000,642,187.6,220,20200,218,293500,8407608979,8407608979,2993949557,339800,673600,10000,2160000,1
2026-03-05,ADHI,Adhi Karya (Persero) Tbk.,--MO1135350000J211------------,218,220,226,220,222,4,4203400,938346400,717,191.0,224,115600,222,40800,8407608979,8407608979,2993949557,457700,954100,0,0,0
2026-03-04,ADHI,Adhi Karya (Persero) Tbk.,--MO1135350000J211------------,234,232,234,216,218,-16,29196000,6538765000,1864,187.6,220,241600,218,350800,8407608979,8407608979,2993949557,2439600,2309100,5000,1100000,1
2026-03-03,ADHI,Adhi Karya (Persero) Tbk.,--MO1135350000J211------------,228,228,238,228,234,6,13998900,3279406000,1368,201.3,234,917400,232,186900,8407608979,8407608979,2993949557,2303300,414300,0,0,0
2026-03-02,ADHI,Adhi Karya (Persero) Tbk.,--MO1135350000J211------------,242,238,238,228,228,-14,19834500,4579511600,1633,196.2,230,170400,228,440500,8407608979,8407608979,2993949557,3452900,3403700,0,0,0
2026-02-27,ADHI,Adhi Karya (Persero) Tbk.,--MO1135350000J211------------,240,240,242,236,242,2,6489700,1547308000,809,208.2,244,278500,242,279300,8407608979,8407608979,2993949557,119700,198900,20000,4720000,1
2026-02-26,ADHI,Adhi Karya (Persero) Tbk.,--MO1135350000J211------------,246,246,246,238,240,-6,15358400,3704689400,1141,206.5,242,277100,240,663800,8407608979,8407608979,2993949557,4328900,95000,0,0,0
2026-02-25,ADHI,Adhi Karya (Persero) Tbk.,--MO1135350000J211------------,256,256,258,244,246,-10,30864500,7669519600,2487,211.7,248,201400,246,3241000,8407608979,8407608979,2993949557,6783000,1142400,0,0,0
2026-02-24,ADHI,Adhi Karya (Persero) Tbk.,--MO1135350000J211------------,238,238,256,238,256,18,43782200,10939821400,3292,220.3,256,12200,254,3312400,8407608979,8407608979,2993949557,5696100,4311300,0,0,0
2026-02-23,ADHI,Adhi Karya (Persero) Tbk.,--MO1135350000J211------------,238,238,242,236,238,0,6405400,1533012600,874,204.8,240,326000,238,925900,8407608979,8407608979,2993949557,126100,799300,0,0,0
2026-02-20,ADHI,Adhi Karya (Persero) Tbk.,--MO1135350000J211------------,240,240,242,236,238,-2,2608400,620963600,555,204.8,240,757100,238,288700,8407608979,8407608979,2993949557,428300,323400,0,0,0
2026-02-19,ADHI,Adhi Karya (Persero) Tbk.,--MO1135350000J211------------,238,238,242,236,240,2,6657700,1590423200,845,206.5,240,1168600,238,489700,8407608979,8407608979,2993949557,223600,1416000,0,0,0
2026-02-18,ADHI,Adhi Karya (Persero) Tbk.,--MO1135350000J211------------,236,234,240,234,238,2,3129700,742087600,978,204.8,240,867200,238,900,8407608979,8407608979,2993949557,204800,329100,0,0,0
2026-02-13,ADHI,Adhi Karya (Persero) Tbk.,--MO1135350000J211------------,240,238,238,234,236,-4,2369400,560825800,631,203.1,238,78600,236,83500,8407608979,8407608979,2993949557,309200,303600,0,0,0
2026-02-12,ADHI,Adhi Karya (Persero) Tbk.,--MO1135350000J211------------,236,238,242,234,240,4,5818800,1381561400,1058,206.5,242,441200,240,2700,8407608979,8407608979,2993949557,597000,1005600,0,0,0
2026-02-11,ADHI,Adhi Karya (Persero) Tbk.,--MO1135350000J211------------,230,234,238,234,236,6,7611700,1792181800,1358,203.1,238,793500,236,129200,8407608979,8407608979,2993949557,193300,2321100,162200,162200,1
2026-02-10,ADHI,Adhi Karya (Persero) Tbk.,--MO1135350000J211------------,228,228,234,228,230,2,4705600,1085690000,743,197.9,234,654700,230,607100,8407608979,8407608979,2993949557,144500,1482900,0,0,0
2026-02-09,ADHI,Adhi Karya (Persero) Tbk.,--MO1135350000J211------------,228,228,232,226,228,0,5186800,1184423000,781,196.2,230,25400,228,841700,8407608979,8407608979,2993949557,1189800,106600,0,0,0
2026-02-06,ADHI,Adhi Karya (Persero) Tbk.,--MO1135350000J211------------,236,230,234,224,228,-8,14558100,3328044000,1043,196.2,230,753600,228,1260700,8407608979,8407608979,2993949557,2222100,1519500,0,0,0
2026-02-05,ADHI,Adhi Karya (Persero) Tbk.,--MO1135350000J211------------,232,232,238,230,236,4,14237700,3345965600,1766,203.1,238,360500,236,264500,8407608979,8407608979,2993949557,991100,868500,0,0,0
2026-02-04,ADHI,Adhi Karya (Persero) Tbk.,--MO1135350000J211------------,230,232,234,230,232,2,4698100,1087702600,748,199.6,234,1213500,232,134400,8407608979,8407608979,2993949557,614000,1008000,0,0,0
2026-02-03,ADHI,Adhi Karya (Persero) Tbk.,--MO1135750000J211------------,226,228,232,220,230,4,5572500,1275349200,1030,197.9,232,511600,230,552100,8407608979,8407608979,2993949557,1804900,1548800,0,0,0
2026-02-02,ADHI,Adhi Karya (Persero) Tbk.,--MO1135750000J211------------,234,240,244,226,226,-8,10449200,2433530800,1713,194.5,228,950200,226,737400,8407608979,8407608979,2993949557,3815900,803700,0,0,0
2026-01-30,ADHI,Adhi Karya (Persero) Tbk.,--MO1135750000J211------------,226,226,242,226,234,8,19405900,4558822800,1773,201.3,236,162200,232,403200,8407608979,8407608979,2993949557,4486900,1659600,10000,2340000,1
2026-01-29,ADHI,Adhi Karya (Persero) Tbk.,--MO1135750000J211------------,230,226,228,198,226,-4,23781400,5022970700,2262,194.5,226,191400,224,67000,8407608979,8407608979,2993949557,6179500,7067200,0,0,0
2026-01-28,ADHI,Adhi Karya (Persero) Tbk.,--MO1135750000J211------------,246,242,246,224,230,-16,35483900,8321745800,2686,197.9,230,59700,228,938500,8407608979,8407608979,2993949557,14548400,2240400,0,0,0
2026-01-27,ADHI,Adhi Karya (Persero) Tbk.,--MO1135750000J211------------,248,248,250,244,246,-2,6973700,1723859600,1245,211.7,248,27000,246,618400,8407608979,8407608979,2993949557,2500900,322600,0,0,0
2026-01-26,ADHI,Adhi Karya (Persero) Tbk.,--MO1135750000J211------------,250,252,254,246,248,-2,13554800,3377764000,1501,213.4,248,697300,246,3336200,8407608979,8407608979,2993949557,4648500,182800,0,0,0
2026-01-23,ADHI,Adhi Karya (Persero) Tbk.,--MO1135750000J211------------,252,252,254,246,250,-2,11099200,2762256400,1414,215.1,252,204900,250,329100,8407608979,8407608979,2993949557,3863000,409900,0,0,0
2026-01-22,ADHI,Adhi Karya (Persero) Tbk.,--MO1135750000J211------------,250,252,258,250,252,2,11811200,2992172200,1351,216.8,254,1653500,252,443700,8407608979,8407608979,2993949557,2490800,1846800,0,0,0
2026-01-21,ADHI,Adhi Karya (Persero) Tbk.,--MO1135750000J211------------,258,260,262,250,250,-8,19733500,4998054400,2003,215.1,252,1200,250,7502300,8407608979,8407608979,2993949557,5725700,260900,0,0,0
2026-01-20,ADHI,Adhi Karya (Persero) Tbk.,--MO1135750000J211------------,258,260,262,258,258,0,10418300,2700304800,1302,222.0,260,917300,258,3260200,8407608979,8407608979,2993949557,883800,1525200,0,0,0
2026-01-19,ADHI,Adhi Karya (Persero) Tbk.,--MO1135750000J211------------,262,262,262,254,258,-4,20106500,5193029400,2366,222.0,260,67300,258,349600,8407608979,8407608979,2993949557,3148200,3190100,50,12900,1
2026-01-15,ADHI,Adhi Karya (Persero) Tbk.,--MO1135750000J211------------,266,266,268,262,262,-4,16845700,4454010000,1982,225.4,264,57700,262,380700,8407608979,8407608979,2993949557,2121200,2797000,0,0,0
2026-01-14,ADHI,Adhi Karya (Persero) Tbk.,--MO1135750000J211------------,274,274,274,266,266,-8,17492200,4693609200,2088,228.9,268,803900,266,625700,8407608979,8407608979,2993949557,6685500,238600,0,0,0
2026-01-13,ADHI,Adhi Karya (Persero) Tbk.,--MO1135750000J211------------,268,268,276,268,274,6,23812800,6457561800,2548,235.8,274,159200,272,2200,8407608979,8407608979,2993949557,2143700,12710700,0,0,0
2026-01-12,ADHI,Adhi Karya (Persero) Tbk.,--MO1135750000J211------------,270,272,276,258,268,-2,36298100,9707652000,3547,230.6,270,1689200,268,112500,8407608979,8407608979,2993949557,9266400,11409100,0,0,0
2026-01-09,ADHI,Adhi Karya (Persero) Tbk.,--MO1135750000J211------------,268,270,280,268,270,2,54107100,14863185000,2975,232.3,270,600,268,2261700,8407608979,8407608979,2993949557,10652800,14141200,0,0,0
2026-01-08,ADHI,Adhi Karya (Persero) Tbk.,--MO1135750000J211------------,272,276,286,268,268,-4,53563300,14827657800,4151,230.6,270,422700,268,322100,8407608979,8407608979,2993949557,7829400,10585000,0,0,0
2026-01-07,ADHI,Adhi Karya (Persero) Tbk.,--MO1135750000J211------------,270,270,276,268,272,2,17203400,4646879000,2160,234.0,272,990800,270,412000,8407608979,8407608979,2993949557,2035000,4360500,210000,52500000,1
2026-01-06,ADHI,Adhi Karya (Persero) Tbk.,--MO1135750000J211------------,268,270,278,266,270,2,33150100,8988145000,3347,232.3,272,886300,270,297000,8407608979,8407608979,2993949557,3735800,10973000,0,0,0
2026-01-05,ADHI,Adhi Karya (Persero) Tbk.,--MO1135750000J211------------,272,272,272,266,268,-4,20734200,5562571800,2515,230.6,270,2487800,268,48100,8407608979,8407608979,2993949557,1077500,10203400,5,1160,1
2026-01-02,ADHI,Adhi Karya (Persero) Tbk.,--MO1135750000J211------------,268,272,276,268,272,4,23439300,6360859400,2184,234.0,272,1754500,270,453700,8407608979,8407608979,2993949557,921600,7865300,0,0,0
2025-12-30,ADHI,Adhi Karya (Persero) Tbk.,--MO113F750000J211------------,272,272,276,266,268,-4,20847700,5650094400,2371,230.6,270,51500,268,172700,8407608979,8407608979,2993949557,1851600,6488900,0,0,0
2025-12-29,ADHI,Adhi Karya (Persero) Tbk.,--MO113F750000J211------------,260,260,280,256,272,12,59890000,16126451200,4656,234.0,272,1365600,270,265700,8407608979,8407608979,2993949557,5984200,15577600,0,0,0
2025-12-24,ADHI,Adhi Karya (Persero) Tbk.,--MO113F750000J211------------,250,264,274,260,260,10,138280200,36817870000,7115,223.7,262,332000,260,3484900,8407608979,8407608979,2993949557,4556000,10897600,0,0,0
2025-12-23,ADHI,Adhi Karya (Persero) Tbk.,--MO113F750000J211------------,250,252,254,246,250,0,13351100,3333075800,1536,215.1,252,856100,250,365500,8407608979,8407608979,2993949557,2038900,403000,0,0,0
2025-12-22,ADHI,Adhi Karya (Persero) Tbk.,--MO113F750000J211------------,254,254,268,250,250,-4,55337200,14283279800,2923,215.1,252,11300,250,1596300,8407608979,8407608979,2993949557,713200,2998500,0,0,0
2025-12-19,ADHI,Adhi Karya (Persero) Tbk.,--MO113F750000J211------------,254,256,264,252,254,0,61062600,15759773600,2081,218.6,254,29200,252,280500,8407608979,8407608979,2993949557,1165300,955200,0,0,0
2025-12-18,ADHI,Adhi Karya (Persero) Tbk.,--MO113F750000J211------------,258,264,268,254,254,-4,44791000,11682158600,2310,218.6,256,15500,254,1075300,8407608979,8407608979,2993949557,2855600,4141400,0,0,0
2025-12-17,ADHI,Adhi Karya (Persero) Tbk.,--MO113F750000J211------------,260,260,268,254,258,-2,32702700,8491988400,2989,222.0,258,940000,256,169900,8407608979,8407608979,2993949557,2370500,3026200,5000,1270000,1
2025-12-16,ADHI,Adhi Karya (Persero) Tbk.,--MO113F750000J211------------,248,268,286,252,260,12,188582400,50541192400,11861,223.7,260,97500,258,51100,8407608979,8407608979,2993949557,19875400,12581800,6000,1545000,3
2025-12-15,ADHI,Adhi Karya (Persero) Tbk.,--MO113F750000J211------------,240,244,252,240,248,8,30379100,7523325800,1716,213.4,248,522000,246,4132000,8407608979,8407608979,2993949557,271100,8209800,0,0,0
2025-12-12,ADHI,Adhi Karya (Persero) Tbk.,--MO113F750000J211------------,246,246,252,238,240,-6,51817800,12750425200,1954,206.5,242,72900,240,858800,8407608979,8407608979,2993949557,638600,346400,0,0,0
2025-12-11,ADHI,Adhi Karya (Persero) Tbk.,--MO113F750000J211------------,248,250,250,240,246,-2,10821500,2635265400,1440,211.7,246,535500,244,38200,8407608979,8407608979,2993949557,2457300,685500,0,0,0
2025-12-10,ADHI,Adhi Karya (Persero) Tbk.,--MO113F750000J211------------,246,248,250,244,248,2,6646200,1636215600,1183,213.4,248,408000,246,28900,8407608979,8407608979,2993949557,1005100,59600,56,14000,1
2025-12-09,ADHI,Adhi Karya (Persero) Tbk.,--MO113F750000J211------------,250,250,250,246,246,-4,10445400,2585804600,1278,211.7,248,53500,246,2146800,8407608979,8407608979,2993949557,943300,621700,0,0,0
2025-12-08,ADHI,Adhi Karya (Persero) Tbk.,--MO113F750000J211------------,248,248,252,246,250,2,17072800,4249515800,1865,215.1,250,1735300,248,424600,8407608979,8407608979,2993949557,968200,2432200,0,0,0
2025-12-05,ADHI,Adhi Karya (Persero) Tbk.,--MO113F750000J211------------,246,248,256,244,248,2,68962500,17361190200,2801,213.4,250,2951000,248,124500,8407608979,8407608979,2993949557,1160200,2313500,0,0,0
2025-12-04,ADHI,Adhi Karya (Persero) Tbk.,--MO113F750000J211------------,242,244,252,242,246,4,68712300,17013481800,2749,211.7,248,676800,246,393100,8407608979,8407608979,2993949557,1131800,1648200,0,0,0
2025-12-03,ADHI,Adhi Karya (Persero) Tbk.,--MO113F750000J211------------,238,238,250,238,242,4,94374400,23143824400,2757,208.2,244,1035600,242,227900,8407608979,8407608979,2993949557,4870700,1350000,130,31080,2
2025-12-02,ADHI,Adhi Karya (Persero) Tbk.,--MO113F750000J211------------,244,244,244,238,238,-6,16017700,3837322000,1700,204.8,240,1116300,238,2863200,8407608979,8407608979,2993949557,961400,545400,0,0,0
2025-12-01,ADHI,Adhi Karya (Persero) Tbk.,--MO113F750000J211------------,250,250,250,238,244,-6,21218600,5160821800,1961,210.0,244,2804600,242,79800,8407608979,8407608979,2993949557,387900,3564200,0,0,0
2025-11-28,ADHI,Adhi Karya (Persero) Tbk.,--MO113F750000J211M-----------,250,250,252,246,250,0,13002200,3217074400,1370,215.1,250,533600,248,58700,8407608979,8407608979,2993949557,26300,1534000,0,0,0
2025-11-27,ADHI,Adhi Karya (Persero) Tbk.,--MO113F750000J211M-----------,252,252,254,250,250,-2,11452500,2878079000,1125,215.1,252,321700,250,133300,8407608979,8407608979,2993949557,142400,478700,0,0,0
2025-11-26,ADHI,Adhi Karya (Persero) Tbk.,--MO113F750000J211M-----------,250,252,260,250,252,2,59852000,15256218000,1874,216.8,254,915400,252,1422300,8407608979,8407608979,2993949557,288600,5287200,0,0,0
2025-11-25,ADHI,Adhi Karya (Persero) Tbk.,--MO113F750000J211------------,256,256,260,248,250,-6,58400000,14826566000,1992,215.1,252,136000,250,4825200,8407608979,8407608979,2993949557,1096100,1149700,66,17028,1
2025-11-24,ADHI,Adhi Karya (Persero) Tbk.,--MO113F750000J211------------,258,258,262,254,256,-2,29296300,7599996200,1468,220.3,256,87100,254,509600,8407608979,8407608979,2993949557,140100,62800,0,0,0
2025-11-22,ADHI,Adhi Karya (Persero) Tbk.,--MO1135350000J211------------,218,216,220,206,210,-8,17417700,3733940400,1293,180.7,210,626600,208,1700,8407608979,8407608979,2993949557,1442700,503600,0,0,0
2025-11-21,ADHI,Adhi Karya (Persero) Tbk.,--MO113F750000J211------------,260,260,264,258,258,-2,12651600,3289108000,1031,222.0,260,165200,258,484200,8407608979,8407608979,2993949557,991500,269600,0,0,0
2025-11-20,ADHI,Adhi Karya (Persero) Tbk.,--MO113F750000J211------------,256,256,274,256,260,4,122531600,32450258000,4000,223.7,260,356800,258,497000,8407608979,8407608979,2993949557,3162800,1324700,0,0,0
2025-11-19,ADHI,Adhi Karya (Persero) Tbk.,--MO113F750000J211------------,258,258,260,256,256,-2,4647900,1196439800,655,220.3,258,210700,256,1838600,8407608979,8407608979,2993949557,155100,31600,1500,390000,1
2025-11-18,ADHI,Adhi Karya (Persero) Tbk.,--MO113F750000J211------------,260,260,260,256,258,-2,6037700,1552449400,825,222.0,258,1054300,256,1202600,8407608979,8407608979,2993949557,432400,625900,0,0,0
2025-11-17,ADHI,Adhi Karya (Persero) Tbk.,--MO113F750000J211------------,258,260,260,256,260,2,10697600,2752571200,1084,223.7,260,1593300,258,194600,8407608979,8407608979,2993949557,263400,1096800,0,0,0
2025-11-14,ADHI,Adhi Karya (Persero) Tbk.,--MO113F750000J211------------,258,258,262,258,258,0,6921900,1798367200,883,222.0,260,744100,258,1792200,8407608979,8407608979,2993949557,1126900,9700,65500,16955000,3
2025-11-13,ADHI,Adhi Karya (Persero) Tbk.,--MO113F750000J211------------,260,260,264,256,258,-2,7911500,2060208600,1086,222.0,260,287600,258,1035900,8407608979,8407608979,2993949557,958800,113900,0,0,0
2025-11-12,ADHI,Adhi Karya (Persero) Tbk.,--MO113F750000J211------------,264,264,266,260,260,-4,7620000,1996452800,996,223.7,262,1100,260,2931900,8407608979,8407608979,2993949557,188700,1251800,0,0,0
2025-11-11,ADHI,Adhi Karya (Persero) Tbk.,--MO113F750000J211------------,266,266,268,262,264,-2,10325200,2726426000,1022,227.2,264,2501400,262,262100,8407608979,8407608979,2993949557,556000,107900,25,6625,1
2025-11-10,ADHI,Adhi Karya (Persero) Tbk.,--MO113F750000J211------------,268,268,270,264,266,-2,13897000,3706263800,1158,228.9,266,161300,264,1374500,8407608979,8407608979,2993949557,5399300,3247300,0,0,0
2025-11-07,ADHI,Adhi Karya (Persero) Tbk.,--MO113F750000J211------------,268,268,270,264,268,0,6951800,1852738000,669,230.6,268,1124100,266,256800,8407608979,8407608979,2993949557,309400,357700,0,0,0
2025-11-06,ADHI,Adhi Karya (Persero) Tbk.,--MO113F750000J211------------,266,266,268,264,268,2,5559100,1474362000,657,230.6,268,528300,266,24600,8407608979,8407608979,2993949557,1158600,20500,0,0,0
2025-11-05,ADHI,Adhi Karya (Persero) Tbk.,--MO113F750000J211------------,268,266,268,264,266,-2,8215400,2175538200,822,228.9,266,692900,264,1681500,8407608979,8407608979,2993949557,781900,345800,0,0,0
2025-11-04,ADHI,Adhi Karya (Persero) Tbk.,--MO113F750000J211------------,264,266,272,264,268,4,18951300,5103822200,1672,230.6,268,89200,266,1811300,8407608979,8407608979,2993949557,3958000,107300,0,0,0
2025-11-03,ADHI,Adhi Karya (Persero) Tbk.,--MO113F750000J211------------,262,262,268,262,264,2,9094800,2400193000,931,227.2,266,232100,262,1977100,8407608979,8407608979,2993949557,1389900,544200,0,0,0
2025-10-31,ADHI,Adhi Karya (Persero) Tbk.,--MO113F750000J211------------,268,268,268,262,262,-6,4612800,1218063600,917,225.4,264,248100,262,1087900,8407608979,8407608979,2993949557,964700,111900,0,0,0
2025-10-30,ADHI,Adhi Karya (Persero) Tbk.,--MO113F750000J211------------,266,266,270,264,268,2,15326100,4096044400,1444,230.6,268,2092200,266,77000,8407608979,8407608979,2993949557,2514300,122000,0,0,0
2025-10-29,ADHI,Adhi Karya (Persero) Tbk.,--MO113F750000J211------------,268,270,270,262,266,-2,10383700,2745904800,1287,228.9,268,600600,266,28500,8407608979,8407608979,2993949557,3366200,150800,0,0,0
2025-10-28,ADHI,Adhi Karya (Persero) Tbk.,--MO113F750000J211------------,264,264,278,262,268,4,69475900,18973853000,2703,230.6,270,299900,268,658700,8407608979,8407608979,2993949557,8421800,2108800,0,0,0
2025-10-27,ADHI,Adhi Karya (Persero) Tbk.,--MO113F750000J211------------,268,268,272,260,264,-4,20311200,5380601200,1834,227.2,266,334900,264,65100,8407608979,8407608979,2993949557,2705500,5295200,0,0,0
2025-10-24,ADHI,Adhi Karya (Persero) Tbk.,--MO113F750000J211------------,270,268,274,264,268,-2,17060600,4588966200,2015,230.6,270,362400,268,620700,8407608979,8407608979,2993949557,3723300,3718200,0,0,0
2025-10-23,ADHI,Adhi Karya (Persero) Tbk.,--MO113F750000J211------------,278,272,276,268,270,-8,27467600,7448624800,2637,232.3,272,486200,270,100200,8407608979,8407608979,2993949557,4566400,3652400,83,8300,1
2025-10-22,ADHI,Adhi Karya (Persero) Tbk.,--MO113F750000J211------------,266,268,282,262,278,12,52258600,14334579000,3281,239.2,280,655000,278,762400,8407608979,8407608979,2993949557,4878200,9002200,0,0,0
2025-10-21,ADHI,Adhi Karya (Persero) Tbk.,--MO113F750000J211------------,258,260,272,260,266,8,15489400,4103316800,1491,228.9,266,1587700,264,320900,8407608979,8407608979,2993949557,1024700,5751700,0,0,0
2025-10-20,ADHI,Adhi Karya (Persero) Tbk.,--MO113F750000J211------------,248,248,262,248,258,10,6192100,1589393000,1108,222.0,260,2026200,258,138800,8407608979,8407608979,2993949557,550100,1616500,0,0,0
2025-10-17,ADHI,Adhi Karya (Persero) Tbk.,--MO113F750000J211------------,258,260,260,246,248,-10,21739000,5432365800,1587,213.4,250,89000,248,140100,8407608979,8407608979,2993949557,4893000,1109000,100,25600,2
2025-10-16,ADHI,Adhi Karya (Persero) Tbk.,--MO113F750000J211------------,256,258,260,256,258,2,3551800,916924600,737,222.0,260,637400,258,852900,8407608979,8407608979,2993949557,883300,208400,0,0,0
2025-10-15,ADHI,Adhi Karya (Persero) Tbk.,--MO113F750000J211------------,262,262,262,256,256,-6,7821100,2018100800,1067,220.3,258,2400,256,1114100,8407608979,8407608979,2993949557,1939000,212400,0,0,0
2025-10-14,ADHI,Adhi Karya (Persero) Tbk.,--MO113F750000J211------------,264,268,268,256,262,-2,17591800,4617322400,2074,225.4,262,1553800,260,609000,8407608979,8407608979,2993949557,3161200,4123800,0,0,0
2025-10-13,ADHI,Adhi Karya (Persero) Tbk.,--MO113F750000J211------------,266,264,268,258,264,-2,7864000,2077754800,1277,227.2,264,70300,262,769800,8407608979,8407608979,2993949557,1211800,1083200,0,0,0
2025-10-10,ADHI,Adhi Karya (Persero) Tbk.,--MO113F750000J211------------,266,270,270,264,266,0,7160300,1901043800,1103,228.9,266,469300,264,236700,8407608979,8407608979,2993949557,1456300,119700,0,0,0
2025-10-09,ADHI,Adhi Karya (Persero) Tbk.,--MO113F750000J211------------,260,262,276,262,266,6,35210000,9471374600,2959,228.9,266,37800,264,1401900,8407608979,8407608979,2993949557,6709400,1938800,0,0,0
2025-10-08,ADHI,Adhi Karya (Persero) Tbk.,--MO113F750000J211------------,262,262,264,254,260,-2,10245100,2659904400,1529,223.7,262,62800,260,792000,8407608979,8407608979,2993949557,2304000,1079600,0,0,0
2025-10-07,ADHI,Adhi Karya (Persero) Tbk.,--MO113F750000J211------------,266,266,268,258,262,-4,19908100,5205269600,2279,225.4,262,192400,260,136400,8407608979,8407608979,2993949557,4684000,2039000,0,0,0
2025-10-06,ADHI,Adhi Karya (Persero) Tbk.,--MO113F750000J211------------,276,278,280,264,266,-10,28670900,7781180000,2743,228.9,268,319300,266,47900,8407608979,8407608979,2993949557,6550400,2609500,0,0,0
2025-10-03,ADHI,Adhi Karya (Persero) Tbk.,--MO113F750000J211------------,280,282,282,274,276,-4,20102600,5567907400,1740,237.5,276,504900,274,1245400,8407608979,8407608979,2993949557,4523000,292400,0,0,0
2025-10-02,ADHI,Adhi Karya (Persero) Tbk.,--MO113F750000J211------------,278,282,286,276,280,2,15688000,4395880600,1543,240.9,280,450400,278,153200,8407608979,8407608979,2993949557,3103500,272600,0,0,0
2025-10-01,ADHI,Adhi Karya (Persero) Tbk.,--MO1135750000J211------------,280,284,288,278,278,-2,44261800,12550519200,2532,239.2,280,96000,278,898400,8407608979,8407608979,2993949557,7960600,2522000,0,0,0
2025-09-30,ADHI,Adhi Karya (Persero) Tbk.,--MO1135750000J211------------,278,280,286,278,280,2,29101800,8228265000,1849,240.9,282,75700,280,39600,8407608979,8407608979,2998153362,4442100,275600,0,0,0
2025-09-29,ADHI,Adhi Karya (Persero) Tbk.,--MO1135750000J211------------,278,280,284,276,278,0,25081700,7014897600,1738,239.2,278,433900,276,2584300,8407608979,8407608979,2998153362,2320300,3272300,17,33779,1
2025-09-26,ADHI,Adhi Karya (Persero) Tbk.,--MO1135750000J211------------,276,276,288,276,278,2,19037400,5373098400,1225,239.2,280,166300,278,419900,8407608979,8407608979,2998153362,5025600,159600,0,0,0
2025-09-25,ADHI,Adhi Karya (Persero) Tbk.,--MO1135750000J211------------,278,280,294,276,276,-2,31021600,8839153200,2101,237.5,278,20100,276,825300,8407608979,8407608979,2998153362,8192300,2196200,0,0,0
2025-09-24,ADHI,Adhi Karya (Persero) Tbk.,--MO1135750000J211------------,280,280,284,276,278,-2,15859700,4442544600,1561,239.2,280,14500,278,2662200,8407608979,8407608979,2998153362,6300700,3653300,0,0,0
2025-09-23,ADHI,Adhi Karya (Persero) Tbk.,--MO1135750000J211------------,282,284,286,278,280,-2,18269800,5134746600,1669,240.9,282,188300,280,1557800,8407608979,8407608979,2998153362,1082200,2550100,0,0,0
2025-09-22,ADHI,Adhi Karya (Persero) Tbk.,--MO1135750000J211------------,286,288,290,282,282,-4,14279900,4051096400,1823,242.6,284,127800,282,17300,8407608979,8407608979,2998153362,1321200,1336200,0,0,0
2025-09-19,ADHI,Adhi Karya (Persero) Tbk.,--MO1135750000J211------------,292,294,294,284,286,-6,15791700,4528394200,1557,246.1,288,492700,286,100,8407608979,8407608979,2998153362,3113500,2175700,0,0,0
2025-09-18,ADHI,Adhi Karya (Persero) Tbk.,--MO1135750000J211------------,294,300,308,290,292,-2,89517500,26812530800,5143,251.3,294,176900,292,478300,8407608979,8407608979,2998153362,19275700,3768200,0,0,0
2025-09-17,ADHI,Adhi Karya (Persero) Tbk.,--MO1135750000J211------------,284,288,298,284,294,10,55243100,16159344600,3161,253.0,294,245100,292,712700,8407608979,8407608979,2998153362,8025800,11731800,0,0,0
2025-09-16,ADHI,Adhi Karya (Persero) Tbk.,--MO1135750000J211------------,284,288,298,282,284,0,52973600,15436739000,3266,244.4,284,62300,282,1203600,8407608979,8407608979,2998153362,7792900,15502500,0,0,0
2025-09-15,ADHI,Adhi Karya (Persero) Tbk.,--MO1135750000J211------------,276,280,292,278,284,8,57388100,16528395000,2231,244.4,286,20900,284,880200,8407608979,8407608979,2998153362,4069300,4066300,0,0,0
2025-09-12,ADHI,Adhi Karya (Persero) Tbk.,--MO1135750000J211------------,280,280,282,276,276,-4,8835500,2463159400,997,237.5,278,60800,276,876000,8407608979,8407608979,2998153362,2244800,293300,0,0,0
2025-09-11,ADHI,Adhi Karya (Persero) Tbk.,--MO1135750000J211------------,272,274,284,274,280,8,38406000,10778672200,1665,240.9,280,1030700,278,155900,8407608979,8407608979,2998153362,5606800,2026600,0,0,0
2025-09-10,ADHI,Adhi Karya (Persero) Tbk.,--MO1135750000J211------------,278,278,280,270,272,-6,11699600,3197224200,1408,234.0,274,14800,272,422800,8407608979,8407608979,2998153362,2075800,712700,0,0,0
2025-09-09,ADHI,Adhi Karya (Persero) Tbk.,--MO1135750000J211------------,282,282,290,274,278,-4,27529500,7704128200,2111,239.2,280,363000,278,9000,8407608979,8407608979,2998153362,4525100,9778200,163,46728,3
2025-09-08,ADHI,Adhi Karya (Persero) Tbk.,--MO1135750000J211------------,290,292,296,280,282,-8,30383600,8764571600,2556,242.6,282,1248900,280,222500,8407608979,8407608979,2998153362,7366900,5890800,0,0,0
2025-09-04,ADHI,Adhi Karya (Persero) Tbk.,--MO1135750000J211------------,294,296,300,290,290,-4,45994600,13486022200,3468,249.5,292,1327700,290,1765400,8407608979,8407608979,2998153362,6827400,15638200,1500,435000,1
2025-09-03,ADHI,Adhi Karya (Persero) Tbk.,--MO1135750000J211------------,268,268,300,266,294,26,130272900,37521311800,6564,253.0,294,811100,292,462000,8407608979,8407608979,2998153362,14950900,35386900,4000,1086000,2
2025-09-02,ADHI,Adhi Karya (Persero) Tbk.,--MO1135750000J211------------,260,264,272,264,268,8,22875200,6127005600,1757,230.6,268,1669500,266,221200,8407608979,8407608979,2998153362,7198700,3656400,0,0,0
2025-09-01,ADHI,Adhi Karya (Persero) Tbk.,--MO1135750000J211------------,270,252,266,246,260,-10,30334700,7817826000,2658,223.7,262,48200,260,424000,8407608979,8407608979,2998153362,5190600,9367000,4500,1173000,2
2025-08-29,ADHI,Adhi Karya (Persero) Tbk.,--MO1135750000J211------------,290,286,286,260,270,-20,72937200,19835411600,4611,232.3,270,315700,268,578500,8407608979,8407608979,2998153362,11400000,15769700,0,0,0
2025-08-28,ADHI,Adhi Karya (Persero) Tbk.,--MO1135750000J211------------,292,292,300,286,290,-2,38887200,11351532600,2845,249.5,290,289900,288,3863700,8407608979,8407608979,2998153362,3994800,4685700,0,0,0
2025-08-27,ADHI,Adhi Karya (Persero) Tbk.,--MO1135750000J211------------,294,298,300,288,292,-2,32429600,9441875800,2301,251.3,292,1446300,290,195500,8407608979,8407608979,2998153362,5787700,1588300,0,0,0
2025-08-26,ADHI,Adhi Karya (Persero) Tbk.,--MO1135750000J211------------,292,294,304,288,294,2,77367600,22856322200,4441,253.0,296,1361000,294,10180100,8407608979,8407608979,2998153362,10706500,14464100,0,0,0
2025-08-25,ADHI,Adhi Karya (Persero) Tbk.,--MO1135750000J211------------,290,292,300,286,292,2,62521700,18231195400,3167,251.3,292,635900,290,533600,8407608979,8407608979,2998153362,2571400,6348300,3000,858000,1
2025-08-22,ADHI,Adhi Karya (Persero) Tbk.,--MO1135750000J211------------,296,296,306,288,290,-6,151822800,44933194000,4205,249.5,292,736700,290,43100,8407608979,8407608979,2998153362,11954400,6203700,0,0,0
2025-08-21,ADHI,Adhi Karya (Persero) Tbk.,--MO1135750000J211------------,284,286,318,286,296,12,358321400,108222575000,13801,254.7,296,1691900,294,188200,8407608979,8407608979,2998153362,27022100,28877200,0,0,0
2025-08-20,ADHI,Adhi Karya (Persero) Tbk.,--MO1135750000J211------------,280,282,288,276,284,4,35431200,9946012800,2663,244.4,286,158200,284,1217400,8407608979,8407608979,2998153362,5251300,6587100,0,0,0
2025-08-19,ADHI,Adhi Karya (Persero) Tbk.,--MO1135750000J211------------,272,274,290,272,280,8,66321400,18750762600,2694,240.9,282,1791100,280,184700,8407608979,8407608979,2998153362,3582500,4523900,0,0,0
2025-08-15,ADHI,Adhi Karya (Persero) Tbk.,--MO1135750000J211------------,284,286,290,270,272,-12,79184500,22351592400,3716,234.0,272,11100,270,244700,8407608979,8407608979,2998153362,5033600,2951500,0,0,0
2025-08-14,ADHI,Adhi Karya (Persero) Tbk.,--MO1135750000J211------------,280,284,298,282,284,4,195408400,56826473800,6817,244.4,286,427100,284,678900,8407608979,8407608979,2998153362,6642300,5231000,0,0,0
2025-08-13,ADHI,Adhi Karya (Persero) Tbk.,--MO1135750000J211------------,284,288,288,278,280,-4,36277200,10225906000,3577,240.9,280,2690100,278,1101700,8407608979,8407608979,2998153362,2918100,3969400,6000,1656000,1
2025-08-12,ADHI,Adhi Karya (Persero) Tbk.,--MO1135750000J211------------,282,286,296,274,284,2,198888200,57015779800,11564,244.4,284,490300,282,763000,8407608979,8407608979,2998153362,19936000,11524000,15000,4200000,1
2025-08-11,ADHI,Adhi Karya (Persero) Tbk.,--MO1135750000J211------------,250,252,284,252,282,32,136291300,37391771200,9898,242.6,284,3522300,282,1050000,8407608979,8407608979,2998153362,13477500,21876400,0,0,0
2025-08-08,ADHI,Adhi Karya (Persero) Tbk.,--MO1135750000J211------------,258,258,258,250,250,-8,9065500,2282200400,960,215.1,252,1148500,250,1803600,8407608979,8407608979,2998153362,2783900,283100,0,0,0
2025-08-07,ADHI,Adhi Karya (Persero) Tbk.,--MO1135750000J211------------,262,262,262,256,258,-4,7902600,2041898800,896,222.0,258,201300,256,1284300,8407608979,8407608979,2998153362,1269500,1300800,60056,13214672,2
2025-08-06,ADHI,Adhi Karya (Persero) Tbk.,--MO1135750000J211------------,260,262,262,254,262,2,16939100,4392835800,1422,225.4,262,502100,260,245400,8407608979,8407608979,2998153362,1043400,2799000,0,0,0
2025-08-05,ADHI,Adhi Karya (Persero) Tbk.,--MO1135750000J211------------,262,266,266,252,260,-2,26288600,6804257000,2835,223.7,260,711800,258,238300,8407608979,8407608979,2998153362,4940300,2842600,0,0,0
2025-08-04,ADHI,Adhi Karya (Persero) Tbk.,--MO1135750000J211------------,246,248,262,244,262,16,67262300,17223448000,3210,225.4,264,585800,262,60300,8407608979,8407608979,2998153362,4320300,11772300,0,0,0
2025-08-01,ADHI,Adhi Karya (Persero) Tbk.,--MO1135750000J211------------,242,242,254,240,246,4,32552800,8176570200,1224,211.7,246,22100,244,15700,8407608979,8407608979,2998153362,5541100,1134000,0,0,0
2025-07-31,ADHI,Adhi Karya (Persero) Tbk.,--MO1135750000J211------------,246,246,250,240,242,-4,8364900,2033353800,1167,208.2,242,1117400,240,1161700,8407608979,8407608979,2998153362,2657900,180500,0,0,0
2025-07-30,ADHI,Adhi Karya (Persero) Tbk.,--MO1135750000J211------------,252,252,254,246,246,-6,11660500,2893427000,1339,211.7,248,1635100,246,334800,8407608979,8407608979,2998153362,1497000,988000,564000,134796000,1
2025-07-29,ADHI,Adhi Karya (Persero) Tbk.,--MO1135750000J211------------,254,254,256,250,252,-2,10232600,2582782600,923,216.8,252,1249600,250,1296600,8407608979,8407608979,2998153362,3132900,153400,6000,1488000,1
2025-07-28,ADHI,Adhi Karya (Persero) Tbk.,--MO1135750000J211------------,250,254,258,250,254,4,5440200,1382906600,879,218.6,254,439400,252,562600,8407608979,8407608979,2998153362,465700,1095000,0,0,0
2025-07-25,ADHI,Adhi Karya (Persero) Tbk.,--MO1135750000J211------------,252,252,258,250,250,-2,17095500,4324318400,1280,215.1,254,5900,250,672000,8407608979,8407608979,2998153362,1551600,4183900,0,0,0
2025-07-24,ADHI,Adhi Karya (Persero) Tbk.,--MO1135750000J211------------,260,260,264,252,252,-8,14934100,3855135600,1482,216.8,254,369700,252,842100,8407608979,8407608979,2998153362,1561300,2204200,0,0,0
2025-07-23,ADHI,Adhi Karya (Persero) Tbk.,--MO1135750000J211------------,258,264,266,254,260,2,10173500,2651369200,1425,223.7,260,1389300,258,24200,8407608979,8407608979,2998153362,1822000,1547700,0,0,0
2025-07-22,ADHI,Adhi Karya (Persero) Tbk.,--MO1135750000J211------------,270,270,270,258,258,-12,15416200,4055812800,1974,222.0,260,24800,258,1175400,8407608979,8407608979,2998153362,1703100,3554900,0,0,0
2025-07-21,ADHI,Adhi Karya (Persero) Tbk.,--MO1135750000J211------------,264,266,274,262,270,6,42339200,11409905800,2160,232.3,270,1152500,268,112500,8407608979,8407608979,2998153362,2295300,5895600,3000,786000,1
2025-07-18,ADHI,Adhi Karya (Persero) Tbk.,--MO1135750000J211------------,264,266,272,260,264,0,19828500,5290708200,1953,227.2,264,112900,262,144400,8407608979,8407608979,2998153362,1388000,3487700,0,0,0
2025-07-17,ADHI,Adhi Karya (Persero) Tbk.,--MO1135750000J211------------,260,260,268,258,264,4,22198200,5830309400,2174,227.2,264,3780100,262,260200,8407608979,8407608979,2998153362,964700,4939900,0,0,0
2025-07-16,ADHI,Adhi Karya (Persero) Tbk.,--MO1135750000J211------------,256,258,262,256,260,4,17347400,4497201400,1402,223.7,260,859000,258,188300,8407608979,8407608979,2998153362,1161000,5196000,7640800,1826151200,10
2025-07-15,ADHI,Adhi Karya (Persero) Tbk.,--MO1135750000J211------------,248,248,258,246,256,8,14964500,3787365600,1460,220.3,258,1226800,256,57700,8407608979,8407608979,2998153362,4013400,3864900,0,0,0
2025-07-14,ADHI,Adhi Karya (Persero) Tbk.,--MO1135750000J211------------,256,258,260,246,248,-8,20385000,5115917400,1989,213.4,250,638300,248,201500,8407608979,8407608979,2998153362,1631600,5264000,0,0,0
2025-07-11,ADHI,Adhi Karya (Persero) Tbk.,--MO1135750000J211------------,256,258,266,254,256,0,17308400,4479990000,1710,220.3,256,178000,254,161200,8407608979,8407608979,2998153362,1534000,3557800,0,0,0
2025-07-10,ADHI,Adhi Karya (Persero) Tbk.,--MO1135750000J211------------,250,250,262,250,256,6,50580100,13003499000,3339,220.3,256,186800,254,947600,8407608979,8407608979,2998153362,2571600,3460100,0,0,0
2025-07-09,ADHI,Adhi Karya (Persero) Tbk.,--MO1135750000J211------------,232,236,252,234,250,18,71259700,17592816200,4265,215.1,252,1192600,250,400400,8407608979,8407608979,2998153362,7097000,5042000,0,0,0
2025-07-08,ADHI,Adhi Karya (Persero) Tbk.,--MO1135750000J211------------,232,234,240,230,232,0,13189700,3110039200,1090,199.6,234,21900,232,327700,8407608979,8407608979,2998153362,2188700,1191700,0,0,0
2025-07-07,ADHI,Adhi Karya (Persero) Tbk.,--MO1135750000J211------------,230,230,236,228,232,2,4993000,1155796200,648,199.6,232,610100,230,6400,8407608979,8407608979,2998153362,1656600,665600,4500,1026000,1
2025-07-04,ADHI,Adhi Karya (Persero) Tbk.,--MO1135750000J211------------,232,232,236,228,230,-2,7304700,1695579800,735,197.9,230,426300,228,852000,8407608979,8407608979,2998153362,1362000,179300,1500,342000,1
2025-07-03,ADHI,Adhi Karya (Persero) Tbk.,--MO1135750000J211------------,224,228,238,226,232,8,20070900,4661573800,1556,199.6,232,470400,230,167300,8407608979,8407608979,2998153362,2587400,2384200,0,0,0
2025-07-02,ADHI,Adhi Karya (Persero) Tbk.,--MO1135750000J211------------,232,232,236,224,224,-8,6050500,1379679600,1111,192.7,226,61100,224,346600,8407608979,8407608979,2998153362,350100,2023000,5000,1140000,1
2025-07-01,ADHI,Adhi Karya (Persero) Tbk.,--MO1135750000J211------------,236,238,240,232,232,-4,5188700,1221940200,743,199.6,234,11100,232,1145000,8407608979,8407608979,2998153362,811800,591700,0,0,0
2025-06-30,ADHI,Adhi Karya (Persero) Tbk.,--MO1135750000J211------------,234,236,240,232,236,2,9079400,2145503800,1006,203.1,238,299500,236,58200,8407608979,8407608979,2998153362,503500,2785600,10000,2310000,2
2025-06-26,ADHI,Adhi Karya (Persero) Tbk.,--MO1135750000J211------------,238,238,244,232,234,-4,19333600,4605565600,1162,201.3,236,639500,234,305200,8407608979,8407608979,2998153362,1104800,3350400,0,0,0
2025-06-25,ADHI,Adhi Karya (Persero) Tbk.,--MO1135750000J211------------,234,236,244,232,238,4,23966400,5702359400,1383,204.8,238,556400,236,279500,8407608979,8407608979,2998153362,4722000,525200,0,0,0
2025-06-24,ADHI,Adhi Karya (Persero) Tbk.,--MO1135750000J211------------,222,226,236,226,234,12,25789600,5947952600,1413,201.3,234,909400,232,1548700,8407608979,8407608979,2998153362,5554600,6751300,0,0,0
2025-06-23,ADHI,Adhi Karya (Persero) Tbk.,--MO1135750000J211------------,232,228,228,214,222,-10,35581600,7791592800,2012,191.0,222,208300,220,374100,8407608979,8407608979,2998153362,5813400,6131600,0,0,0
2025-06-20,ADHI,Adhi Karya (Persero) Tbk.,--MO1135750000J211------------,244,244,244,230,232,-12,29170200,6891302200,1801,199.6,234,13000,232,118700,8407608979,8407608979,2998153362,3677300,5911800,0,0,0
2025-06-19,ADHI,Adhi Karya (Persero) Tbk.,--MO1135750000J211------------,264,264,266,242,244,-20,56046500,13865479800,3946,210.0,246,703500,244,912600,8407608979,8407608979,2998153362,6456700,7015600,10000,2440000,1
2025-06-18,ADHI,Adhi Karya (Persero) Tbk.,--MO1135750000J211------------,262,262,270,258,264,2,35986600,9540414800,2562,227.2,264,396800,262,3277800,8407608979,8407608979,2998153362,2757000,2722300,1000000,282000000,1
2025-06-17,ADHI,Adhi Karya (Persero) Tbk.,--MO1135750000J211------------,260,262,266,256,262,2,22292100,5803384600,2108,225.4,262,177600,260,1798200,8407608979,8407608979,2998153362,1212900,1561900,0,0,0
2025-06-16,ADHI,Adhi Karya (Persero) Tbk.,--MO1135750000J211------------,270,268,268,258,260,-10,40775100,10672480800,3323,223.7,262,241900,260,5276600,8407608979,8407608979,2998153362,2798100,2802100,4500,1161000,1
2025-06-13,ADHI,Adhi Karya (Persero) Tbk.,--MO1135750000J211------------,280,280,288,268,270,-10,97623100,27149053000,5947,232.3,270,4081800,268,1993500,8407608979,8407608979,2998153362,18712600,7464300,27500,7614000,5
2025-06-12,ADHI,Adhi Karya (Persero) Tbk.,--MO1135750000J211------------,268,270,286,264,280,12,119526500,33039314600,6420,240.9,282,2356400,280,256200,8407608979,8407608979,2998153362,23723100,11213600,0,0,0
2025-06-11,ADHI,Adhi Karya (Persero) Tbk.,--MO1135750000J211------------,258,258,276,258,268,10,79534000,21367885200,4728,230.6,270,1640200,268,54800,8407608979,8407608979,2998153362,11445500,10408500,1500,384000,1
2025-06-10,ADHI,Adhi Karya (Persero) Tbk.,--MO1135750000J211------------,262,262,266,256,258,-4,17308900,4512376800,1539,222.0,260,30900,258,305000,8407608979,8407608979,2998153362,1716400,4797100,5000,1310000,1
2025-06-05,ADHI,Adhi Karya (Persero) Tbk.,--MO1135750000J211------------,266,268,270,258,262,-4,12883400,3385781000,1326,225.4,262,415700,260,1555700,8407608979,8407608979,2998153362,2194100,1072400,15000,3870000,1
2025-06-04,ADHI,Adhi Karya (Persero) Tbk.,--MO1135750000J211------------,254,256,268,254,266,12,46758600,12258152600,2537,228.9,266,1469200,264,2285700,8407608979,8407608979,2998153362,2860100,14247500,7000,1778000,1
2025-06-03,ADHI,Adhi Karya (Persero) Tbk.,--MO1135750000J211------------,262,260,262,252,254,-8,18121800,4645224000,1401,218.6,256,45000,254,4076200,8407608979,8407608979,2998153362,2161100,4220000,0,0,0
2025-06-02,ADHI,Adhi Karya (Persero) Tbk.,--MO1135750000J211------------,266,266,266,256,262,-4,18122400,4702818000,1899,225.4,262,1106200,260,1323800,8407608979,8407608979,2998153362,3224900,1191100,0,0,0
2025-05-28,ADHI,Adhi Karya (Persero) Tbk.,--MO1135750000J211------------,266,268,278,262,266,0,48383700,13066799200,3540,228.9,266,403100,264,1925600,8407608979,8407608979,2998153362,8287600,6858700,0,0,0
2025-05-27,ADHI,Adhi Karya (Persero) Tbk.,--MO1135750000J211------------,260,262,278,262,266,6,62556800,16813799200,4245,228.9,266,549000,264,4236900,8407608979,8407608979,2998153362,12398200,14963100,0,0,0
2025-05-26,ADHI,Adhi Karya (Persero) Tbk.,--MO1135750000J211------------,248,248,260,248,260,12,41491000,10591527000,3129,223.7,260,840900,258,237800,8407608979,8407608979,2998153362,4542000,3790400,0,0,0
2025-05-23,ADHI,Adhi Karya (Persero) Tbk.,--MO1135750000J211------------,254,254,260,246,248,-6,40889600,10245408000,2602,213.4,250,383000,248,16624900,8407608979,8407608979,2998153362,3551900,11153300,37,9620,1
2025-05-22,ADHI,Adhi Karya (Persero) Tbk.,--MO1135750000J211------------,260,260,264,252,254,-6,40338300,10361188200,3340,218.6,254,1483100,252,7768800,8407608979,8407608979,2998153362,2179000,4299500,1000063,260016506,2
2025-05-21,ADHI,Adhi Karya (Persero) Tbk.,--MO1135750000J211------------,266,270,270,260,260,-6,31868100,8392144000,2579,223.7,264,71300,260,15240900,8407608979,8407608979,2998153362,2190200,1282500,21,5736,2
2025-05-20,ADHI,Adhi Karya (Persero) Tbk.,--MO1135750000J211------------,272,276,280,264,266,-6,90303200,24618072400,4068,228.9,268,77700,266,7551500,8407608979,8407608979,2998153362,11132500,4555600,122,32940,2
2025-05-19,ADHI,Adhi Karya (Persero) Tbk.,--MO1135750000J211------------,268,264,274,262,272,4,50791100,13669197800,3058,234.0,274,2527200,272,14392000,8407608979,8407608979,2998153362,3800900,5074600,0,0,0
2025-05-16,ADHI,Adhi Karya (Persero) Tbk.,--MO1135750000J211------------,276,276,278,268,268,-8,50106200,13662578200,3147,230.6,270,353500,268,101900,8407608979,8407608979,2998153362,3019500,1242800,0,0,0
2025-05-15,ADHI,Adhi Karya (Persero) Tbk.,--MO1135750000J211------------,276,280,284,270,276,0,96991200,26971629400,5112,237.5,278,2242100,276,1000,8407608979,8407608979,2998153362,1834300,3774200,0,0,0
2025-05-14,ADHI,Adhi Karya (Persero) Tbk.,--MO1135750000J211------------,278,284,286,274,276,-2,26008700,7224191000,3834,237.5,276,100600,274,1859500,8407608979,8407608979,2998153362,1735300,1657200,0,0,0
2025-05-09,ADHI,Adhi Karya (Persero) Tbk.,--MO1135750000J211------------,274,280,282,272,278,4,48278300,13392134200,2240,239.2,280,1145800,278,5049400,8407608979,8407608979,2998153362,4655100,3149500,0,0,0
2025-05-08,ADHI,Adhi Karya (Persero) Tbk.,--MO1135750000J211------------,272,278,288,272,274,2,64179600,17946053200,3837,235.8,276,65400,274,114100,8407608979,8407608979,2998153362,6024300,4932300,14400,3888000,1
2025-05-07,ADHI,Adhi Karya (Persero) Tbk.,--MO1135750000J211------------,274,276,284,272,272,-2,32660400,9069143200,2510,234.0,274,414300,272,290100,8407608979,8407608979,2998153362,800000,1087000,0,0,0
2025-05-06,ADHI,Adhi Karya (Persero) Tbk.,--MO1135750000J211------------,276,276,280,270,274,-2,34816700,9612476800,2388,235.8,274,91700,272,2217600,8407608979,8407608979,2998153362,429900,1275100,100,28000,2
2025-05-05,ADHI,Adhi Karya (Persero) Tbk.,--MO1135750000J211------------,276,278,282,270,276,0,45742100,12653646600,3140,237.5,276,1488500,274,1087700,8407608979,8407608979,2998153362,4240100,2171900,0,0,0
2025-05-02,ADHI,Adhi Karya (Persero) Tbk.,--MO1135750000J211------------,292,292,294,268,276,-16,55027500,15236674200,4535,237.5,276,283500,274,750200,8407608979,8407608979,2998153362,4964000,3881500,0,0,0
2025-04-30,ADHI,Adhi Karya (Persero) Tbk.,--MO1135750000J211------------,290,290,294,280,292,2,60868700,17610206000,4716,251.3,292,1975200,290,100,8407608979,8407608979,2998153362,9250000,3623000,0,0,0
2025-04-29,ADHI,Adhi Karya (Persero) Tbk.,--MO1135750000J211------------,268,270,306,262,290,22,239163700,68977652600,12670,249.5,290,2255200,288,376500,8407608979,8407608979,2998153362,15479100,20788100,0,0,0
2025-04-28,ADHI,Adhi Karya (Persero) Tbk.,--MO1135750000J211------------,256,258,272,256,268,12,55464500,14604264800,3284,230.6,268,1601400,266,77800,8407608979,8407608979,2998153362,4950600,1472500,0,0,0
2025-04-25,ADHI,Adhi Karya (Persero) Tbk.,--MO1135750000J211------------,252,256,262,252,256,4,34715100,8954230400,2078,220.3,258,41500,256,10897600,8407608979,8407608979,2998153362,1430200,6955900,0,0,0
2025-04-24,ADHI,Adhi Karya (Persero) Tbk.,--MO1135750000J211------------,246,250,264,246,252,6,57942000,14867293800,4261,216.8,252,551700,250,1123300,8407608979,8407608979,2998153362,6276200,4022700,0,0,0
2025-04-23,ADHI,Adhi Karya (Persero) Tbk.,--MO1135750000J211------------,248,250,254,244,246,-2,19740300,4905183600,1844,211.7,246,507600,244,194800,8407608979,8407608979,2998153362,3312100,2965100,0,0,0
2025-04-22,ADHI,Adhi Karya (Persero) Tbk.,--MO1135750000J211------------,238,240,258,240,248,10,95846600,23965918200,6701,213.4,248,565200,246,648600,8407608979,8407608979,2998153362,10474000,4743500,0,0,0
2025-04-21,ADHI,Adhi Karya (Persero) Tbk.,--MO1135750000J211------------,240,240,242,234,238,-2,17907400,4248593000,1519,204.8,238,367100,236,132800,8407608979,8407608979,2998153362,1886800,1522800,0,0,0
2025-04-17,ADHI,Adhi Karya (Persero) Tbk.,--MO1135750000J211------------,228,228,250,228,240,12,85510200,20458028600,4655,206.5,242,102700,240,7362400,8407608979,8407608979,2998153362,10039500,4296800,31900,7337000,1
2025-04-16,ADHI,Adhi Karya (Persero) Tbk.,--MO1135750000J211------------,232,236,236,228,228,-4,9607600,2224097000,1391,196.2,230,146300,228,208100,8407608979,8407608979,2998153362,1173000,1977600,0,0,0
2025-04-15,ADHI,Adhi Karya (Persero) Tbk.,--MO1135750000J211------------,232,234,242,230,232,0,21835300,5157119600,2462,199.6,234,159500,230,459600,8407608979,8407608979,2998153362,2508500,1618500,0,0,0
2025-04-14,ADHI,Adhi Karya (Persero) Tbk.,--MO1135750000J211------------,216,218,232,218,232,16,21723500,4960899600,2451,199.6,232,562300,230,175800,8407608979,8407608979,2998153362,870800,2906700,500000,135000000,1
2025-04-11,ADHI,Adhi Karya (Persero) Tbk.,--MO1135750000J211------------,216,216,222,208,216,0,13408700,2895594600,1505,185.9,216,1000900,214,129700,8407608979,8407608979,2998153362,645000,1834500,2800,614400,2
2025-04-10,ADHI,Adhi Karya (Persero) Tbk.,--MO1135750000J211------------,196,214,222,202,216,20,48790700,10367566800,3297,185.9,218,329500,216,120200,8407608979,8407608979,2998153362,898000,7041700,0,0,0
2025-04-09,ADHI,Adhi Karya (Persero) Tbk.,--MO1135750000J211------------,208,208,220,194,196,-12,39578500,8059442700,3576,168.7,197,103900,196,240400,8407608979,8407608979,2998153362,3828900,3992600,0,0,0
2025-04-08,ADHI,Adhi Karya (Persero) Tbk.,--MO1135750000J211------------,240,204,224,204,208,-32,46140500,9615627400,4310,179.0,208,1390300,206,358400,8407608979,8407608979,2998153362,711600,4478700,0,0,0
2025-03-27,ADHI,Adhi Karya (Persero) Tbk.,--MO1135750000J211------------,226,230,274,230,240,14,246576600,61975356600,18859,206.5,242,267700,240,17800,8407608979,8407608979,2998153362,3459100,1353600,0,0,0
2025-03-26,ADHI,Adhi Karya (Persero) Tbk.,--MO1135750000J211------------,168,169,226,169,226,58,110075300,23437097800,6763,194.5,0,0,226,33653600,8407608979,8407608979,2998153362,4676200,445300,2500,445000,1
2025-03-25,ADHI,Adhi Karya (Persero) Tbk.,--MO1135750000J211------------,163,163,168,161,168,5,5630700,929211500,528,144.6,169,152300,168,50500,8407608979,8407608979,2998153362,6000,1012800,0,0,0
2025-03-24,ADHI,Adhi Karya (Persero) Tbk.,--MO1135750000J211------------,165,164,165,156,163,-2,5853300,943430500,668,140.3,164,157500,163,6300,8407608979,8407608979,2998153362,705200,625100,200000,29600000,1
2025-03-21,ADHI,Adhi Karya (Persero) Tbk.,--MO1135750000J211------------,169,169,170,164,165,-4,2418200,401298600,390,142.0,167,371300,165,7900,8407608979,8407608979,2998153362,249600,11800,0,0,0
2025-03-20,ADHI,Adhi Karya (Persero) Tbk.,--MO1135750000J211------------,168,168,174,167,169,1,3630700,617697900,707,145.4,169,145900,168,30500,8407608979,8407608979,2998153362,145200,62200,0,0,0
2025-03-19,ADHI,Adhi Karya (Persero) Tbk.,--MO1135750000J211------------,160,160,170,159,168,8,6407500,1064873600,744,144.6,168,81300,167,49000,8407608979,8407608979,2998153362,1000,1977600,0,0,0
2025-03-18,ADHI,Adhi Karya (Persero) Tbk.,--MO1135750000J211------------,172,173,173,150,160,-12,14717100,2366156600,1579,137.7,161,51300,160,7500,8407608979,8407608979,2998153362,3326100,1464800,0,0,0
2025-03-17,ADHI,Adhi Karya (Persero) Tbk.,--MO1135750000J211------------,175,175,175,170,172,-3,8422200,1445211800,654,148.0,173,335900,172,162300,8407608979,8407608979,2998153362,1354600,55500,0,0,0
2025-03-14,ADHI,Adhi Karya (Persero) Tbk.,--MO1135750000J211------------,178,178,179,173,175,-3,4153000,726386800,505,150.6,175,31900,174,293100,8407608979,8407608979,2998153362,758200,214200,0,0,0
2025-03-13,ADHI,Adhi Karya (Persero) Tbk.,--MO1135750000J211------------,179,178,180,176,178,-1,2155300,381961000,434,153.2,178,109300,177,30700,8407608979,8407608979,2998153362,134500,58200,0,0,0
2025-03-12,ADHI,Adhi Karya (Persero) Tbk.,--MO1135750000J211------------,178,180,183,176,179,1,2322600,413677800,528,154.0,179,283300,178,22400,8407608979,8407608979,2998153362,230500,87200,0,0,0
2025-03-11,ADHI,Adhi Karya (Persero) Tbk.,--MO1135750000J211------------,181,181,182,173,178,-3,9784200,1726888000,657,153.2,179,13500,177,1000,8407608979,8407608979,2998153362,442500,2047700,0,0,0
2025-03-10,ADHI,Adhi Karya (Persero) Tbk.,--MO1135750000J211------------,187,189,190,180,181,-6,3294700,599195800,625,155.7,181,47000,180,2173500,8407608979,8407608979,2998153362,197900,831800,0,0,0
2025-03-07,ADHI,Adhi Karya (Persero) Tbk.,--MO1135750000J211------------,184,186,190,182,187,3,4680900,870905000,704,160.9,187,56600,186,13800,8407608979,8407608979,2998153362,500000,553100,0,0,0
2025-03-06,ADHI,Adhi Karya (Persero) Tbk.,--MO1135750000J211------------,182,185,187,183,184,2,5684200,1051949100,659,158.3,185,95900,184,127500,8407608979,8407608979,2998153362,104900,685700,0,0,0
2025-03-05,ADHI,Adhi Karya (Persero) Tbk.,--MO1135750000J211------------,178,180,189,180,182,4,6462100,1187422100,817,156.6,183,241200,182,238100,8407608979,8407608979,2998153362,340300,2303400,0,0,0
2025-03-04,ADHI,Adhi Karya (Persero) Tbk.,--MO1135750000J211------------,181,178,181,175,178,-3,3496600,619924900,643,153.2,178,2700,176,480500,8407608979,8407608979,2998153362,396000,339900,0,0,0
2025-03-03,ADHI,Adhi Karya (Persero) Tbk.,--MO1135750000J211------------,170,172,183,172,181,11,10726700,1923997700,1120,155.7,181,26500,180,40600,8407608979,8407608979,2998153362,1727500,1216200,0,0,0
2025-02-28,ADHI,Adhi Karya (Persero) Tbk.,--MO1135750000J211------------,181,181,181,167,170,-11,12491000,2147765700,1091,146.3,170,307100,169,1357700,8407608979,8407608979,2998153362,622800,972200,0,0,0
2025-02-27,ADHI,Adhi Karya (Persero) Tbk.,--MO1135750000J211------------,188,188,189,180,181,-7,8029200,1467207100,949,155.7,182,357600,181,50300,8407608979,8407608979,2998153362,1065900,328700,3000,555000,1
2025-02-26,ADHI,Adhi Karya (Persero) Tbk.,--MO1135750000J211------------,189,189,192,186,188,-1,4564700,860118000,703,161.8,189,233700,188,195900,8407608979,8407608979,2998153362,602500,379900,0,0,0
2025-02-25,ADHI,Adhi Karya (Persero) Tbk.,--MO1135750000J211------------,196,196,199,187,189,-7,6436500,1222432100,818,162.6,189,509000,188,399600,8407608979,8407608979,2998153362,2179400,839100,1000,188000,1
2025-02-24,ADHI,Adhi Karya (Persero) Tbk.,--MO1135750000J211------------,198,200,200,193,196,-2,4388800,855029600,737,168.7,196,72900,195,24100,8407608979,8407608979,2998153362,250200,943500,0,0,0
2025-02-21,ADHI,Adhi Karya (Persero) Tbk.,--MO1135750000J211------------,199,199,202,197,198,-1,4153500,826234900,396,170.4,200,124100,198,433900,8407608979,8407608979,2998153362,8500,373700,0,0,0
2025-02-20,ADHI,Adhi Karya (Persero) Tbk.,--MO1135750000J211------------,202,202,204,198,199,-3,4239100,845888400,581,171.2,199,257000,198,51300,8407608979,8407608979,2998153362,521900,811600,0,0,0
2025-02-19,ADHI,Adhi Karya (Persero) Tbk.,--MO1135750000J211------------,202,204,204,199,202,0,6260600,1260293000,585,173.8,204,687300,202,54000,8407608979,8407608979,2998153362,92700,813500,0,0,0
2025-02-18,ADHI,Adhi Karya (Persero) Tbk.,--MO1135750000J211------------,206,208,214,202,202,-4,9821600,2029497400,1091,173.8,204,67300,202,75700,8407608979,8407608979,2998153362,729100,818700,6500,1927000,3
2025-02-17,ADHI,Adhi Karya (Persero) Tbk.,--MO1135750000J211------------,194,194,206,194,206,12,10686500,2156990500,1030,177.3,206,305500,202,328900,8407608979,8407608979,2998153362,8700,2769500,1600,319900,2
2025-02-14,ADHI,Adhi Karya (Persero) Tbk.,--MO1135750000J211------------,194,194,199,192,194,0,7871500,1538635800,672,166.9,194,100,193,665800,8407608979,8407608979,2998153362,1318800,857600,0,0,0
2025-02-13,ADHI,Adhi Karya (Persero) Tbk.,--MO1135750000J211------------,195,193,197,190,194,-1,7774200,1502856800,633,166.9,194,168300,193,700,8407608979,8407608979,2998153362,942900,1034800,25586,4825340,3
2025-02-12,ADHI,Adhi Karya (Persero) Tbk.,--MO1135750000J211------------,183,183,195,182,195,12,8583400,1635221000,1307,167.8,196,118100,195,484000,8407608979,8407608979,2998153362,821400,1572100,10000,1885000,3
2025-02-11,ADHI,Adhi Karya (Persero) Tbk.,--MO1135750000J211------------,196,196,198,180,183,-13,14972100,2773569700,1386,157.5,184,49200,183,479300,8407608979,8407608979,2998153362,566500,1632800,0,0,0
2025-02-10,ADHI,Adhi Karya (Persero) Tbk.,--MO1135750000J211------------,202,202,204,196,196,-6,6993800,1387919600,883,168.7,197,100,196,1670500,8407608979,8407608979,2998153362,359900,232200,0,0,0
2025-02-07,ADHI,Adhi Karya (Persero) Tbk.,--MO1135750000J211------------,206,208,208,197,202,-4,11548400,2333601600,684,173.8,204,39200,202,290700,8407608979,8407608979,2998153362,219000,989900,0,0,0
2025-02-06,ADHI,Adhi Karya (Persero) Tbk.,--MO1135750000J211------------,212,212,214,206,206,-6,8838700,1844901800,656,177.3,208,103800,206,939700,8407608979,8407608979,2998153362,728400,96600,0,0,0
2025-02-05,ADHI,Adhi Karya (Persero) Tbk.,--MO1135750000J211------------,214,216,216,206,212,-2,9836400,2074608600,768,182.4,214,597200,212,745900,8407608979,8407608979,2998153362,48000,380100,0,0,0
2025-02-04,ADHI,Adhi Karya (Persero) Tbk.,--MO1135750000J211------------,216,218,222,214,214,-2,6953300,1511234400,662,184.1,216,43900,214,387800,8407608979,8407608979,2998153362,28900,369000,0,0,0
2025-02-03,ADHI,Adhi Karya (Persero) Tbk.,--MO1135750000J211------------,218,220,222,210,216,-2,5675200,1218910200,823,185.9,216,278500,214,298300,8407608979,8407608979,2998153362,57500,91700,0,0,0
2025-01-31,ADHI,Adhi Karya (Persero) Tbk.,--MO1135750000J211------------,220,220,224,218,218,-2,7093900,1556327600,555,187.6,220,165000,218,432900,8407608979,8407608979,2998153362,11200,69600,0,0,0
2025-01-30,ADHI,Adhi Karya (Persero) Tbk.,--MO1135750000J211------------,224,224,228,216,220,-4,6373900,1403300200,887,189.3,220,199800,218,1342000,8407608979,8407608979,2998153362,6700,14400,0,0,0
2025-01-24,ADHI,Adhi Karya (Persero) Tbk.,--MO1135750000J211------------,228,232,232,224,224,-4,4446800,1007949800,612,192.7,228,15800,224,120500,8407608979,8407608979,2998153362,7200,117900,3500,784000,1
2025-01-23,ADHI,Adhi Karya (Persero) Tbk.,--MO1135750000J211------------,228,230,236,228,228,0,12503900,2905546600,1666,196.2,230,71500,228,1024300,8407608979,8407608979,2998153362,25700,36900,0,0,0
2025-01-22,ADHI,Adhi Karya (Persero) Tbk.,--MO1135750000J211------------,234,234,242,228,228,-6,21798100,5093891000,1137,196.2,230,419000,228,1604100,8407608979,8407608979,2998153362,1020700,206000,60,10920,1
2025-01-21,ADHI,Adhi Karya (Persero) Tbk.,--MO1135750000J211------------,234,234,236,232,234,0,2989200,696613800,379,201.3,234,363900,232,503500,8407608979,8407608979,2998153362,458900,10800,0,0,0
2025-01-20,ADHI,Adhi Karya (Persero) Tbk.,--MO1135750000J211------------,234,234,236,230,234,0,6235000,1444870600,577,201.3,234,123900,232,105800,8407608979,8407608979,2998153362,500400,8800,60100,601000,1
2025-01-17,ADHI,Adhi Karya (Persero) Tbk.,--MO1135750000J211------------,236,236,238,232,234,-2,5923100,1383777400,601,201.3,236,25700,234,4400,8407608979,8407608979,2998153362,267600,69500,0,0,0
2025-01-16,ADHI,Adhi Karya (Persero) Tbk.,--MO1135750000J211------------,234,236,248,234,236,2,15885800,3812625800,1298,203.1,236,91200,234,273000,8407608979,8407608979,2998153362,1021600,692600,0,0,0
2025-01-15,ADHI,Adhi Karya (Persero) Tbk.,--MO1135750000J211------------,238,238,238,228,234,-4,12753100,2959316800,1195,201.3,236,326800,234,123600,8407608979,8407608979,2998153362,1456500,742500,0,0,0
2025-01-14,ADHI,Adhi Karya (Persero) Tbk.,--MO1135750000J211------------,224,224,252,220,238,14,62650400,15153359600,3432,204.8,240,227900,238,400,8407608979,8407608979,2998153362,3720200,4066000,1500,345000,1
2025-01-13,ADHI,Adhi Karya (Persero) Tbk.,--MO1135750000J211------------,228,228,230,220,224,-4,4542800,1009960800,685,192.7,224,481200,222,9300,8407608979,8407608979,2998153362,157900,245500,0,0,0
2025-01-10,ADHI,Adhi Karya (Persero) Tbk.,--MO1135750000J211------------,230,230,232,226,228,-2,3460100,794776400,564,196.2,228,400,226,271300,8407608979,8407608979,2998153362,36100,309000,4348000,1000040000,1
2025-01-09,ADHI,Adhi Karya (Persero) Tbk.,--MO1135750000J211------------,228,228,232,226,230,2,2667300,610910800,403,197.9,230,23700,228,553300,8407608979,8407608979,2998153362,20200,15500,0,0,0
2025-01-08,ADHI,Adhi Karya (Persero) Tbk.,--MO1135750000J211------------,232,232,236,226,228,-4,5352500,1235167800,753,196.2,230,382000,228,38800,8407608979,8407608979,2998153362,1065900,469000,30,6900,1
2025-01-07,ADHI,Adhi Karya (Persero) Tbk.,--MO1135750000J211------------,244,244,246,232,232,-12,6580100,1554002200,798,199.6,234,100800,232,1243100,8407608979,8407608979,2998153362,560000,97800,0,0,0
2025-01-06,ADHI,Adhi Karya (Persero) Tbk.,--MO1135750000J211------------,248,250,252,240,244,-4,10679100,2619639600,1360,210.0,244,132200,242,211300,8407608979,8407608979,2998153362,1548800,76100,4500,1085000,2
2025-01-03,ADHI,Adhi Karya (Persero) Tbk.,--MO1135750000J211------------,228,230,248,228,248,20,22575700,5409424600,1969,213.4,248,862200,246,31200,8407608979,8407608979,2998153362,371100,1229000,0,0,0
2025-01-02,ADHI,Adhi Karya (Persero) Tbk.,--MO1135750000J211------------,212,212,230,210,228,16,11498700,2573487000,1314,196.2,230,1175500,228,870400,8407608979,8407608979,2998153362,347000,2323700,0,0,0
2024-12-30,ADHI,Adhi Karya (Persero) Tbk.,--MO113F750000J211------------,214,216,216,208,212,-2,5379500,1135676600,728,182.4,214,426500,212,199500,8407608979,8407608979,2998994123,73800,1100300,20000,4080000,2
2024-12-27,ADHI,Adhi Karya (Persero) Tbk.,--MO113F750000J211------------,216,216,220,212,214,-2,8887700,1907339000,711,184.1,216,750900,214,855700,8407608979,8407608979,2998994123,267900,254100,0,0,0
2024-12-24,ADHI,Adhi Karya (Persero) Tbk.,--MO113F750000J211------------,220,220,222,216,216,-4,4687000,1025743400,612,185.9,218,63700,216,230300,8407608979,8407608979,2998994123,47700,403200,0,0,0
2024-12-23,ADHI,Adhi Karya (Persero) Tbk.,--MO113F750000J211------------,220,220,226,216,220,0,4978000,1094367200,691,189.3,220,1521200,218,210700,8407608979,8407608979,2998994123,465500,393500,38863100,7772920000,5
2024-12-20,ADHI,Adhi Karya (Persero) Tbk.,--MO113F750000J211------------,222,222,226,220,220,-2,5391800,1192001400,549,189.3,222,480400,220,650800,8407608979,8407608979,2998994123,447100,407300,0,0,0
2024-12-19,ADHI,Adhi Karya (Persero) Tbk.,--MO113F750000J211------------,236,236,238,218,222,-14,11303500,2515284600,1121,191.0,224,39600,222,100,8407608979,8407608979,2998994123,1169900,1226200,0,0,0
2024-12-18,ADHI,Adhi Karya (Persero) Tbk.,--MO113F750000J211------------,242,244,246,234,236,-6,6755900,1613655200,702,203.1,238,541000,236,555700,8407608979,8407608979,2998994123,39400,50900,0,0,0
2024-12-17,ADHI,Adhi Karya (Persero) Tbk.,--MO113F750000J211------------,250,250,250,242,242,-8,10027400,2443400800,788,208.2,244,778500,242,183900,8407608979,8407608979,2998994123,139000,201000,0,0,0
2024-12-16,ADHI,Adhi Karya (Persero) Tbk.,--MO113F750000J211------------,254,254,254,248,250,-4,3807000,947452400,685,215.1,250,1967200,248,209000,8407608979,8407608979,2998994123,79400,100100,0,0,0
2024-12-13,ADHI,Adhi Karya (Persero) Tbk.,--MO113F750000J211------------,258,258,258,252,254,-4,2776700,707069400,512,218.6,256,1060700,252,714400,8407608979,8407608979,2998994123,56700,140400,23700,4668900,1
2024-12-12,ADHI,Adhi Karya (Persero) Tbk.,--MO113F750000J211------------,262,262,266,256,258,-4,4674900,1205316200,611,222.0,258,293600,256,225300,8407608979,8407608979,2998994123,183100,648400,0,0,0
2024-12-11,ADHI,Adhi Karya (Persero) Tbk.,--MO113F750000J211------------,262,262,268,260,262,0,10390300,2747339800,1053,225.4,262,41200,260,292700,8407608979,8407608979,2998994123,1737000,495300,0,0,0
2024-12-10,ADHI,Adhi Karya (Persero) Tbk.,--MO113F750000J211------------,260,262,266,260,262,2,7534100,1975167600,976,225.4,264,877600,262,37800,8407608979,8407608979,2998994123,1056200,226500,56700,14431800,2
2024-12-09,ADHI,Adhi Karya (Persero) Tbk.,--MO113F750000J211------------,250,250,260,248,260,10,10863300,2793535400,929,223.7,260,154400,258,160200,8407608979,8407608979,2998994123,87700,407300,0,0,0
2024-12-06,ADHI,Adhi Karya (Persero) Tbk.,--M-113F750000J211------------,254,0,256,248,250,-4,3642200,911437600,641,215.1,252,506100,250,560200,8407608979,8407608979,2998994123,807800,6300,30,7500,1
2024-12-05,ADHI,Adhi Karya (Persero) Tbk.,--M-113F750000J211------------,258,0,258,250,254,-4,4041100,1019070600,696,218.6,254,556400,252,207300,8407608979,8407608979,2998994123,242000,167200,0,0,0
2024-12-04,ADHI,Adhi Karya (Persero) Tbk.,--M-113F750000J211------------,250,0,258,250,258,8,8714800,2214523600,817,222.0,258,972700,256,52100,8407608979,8407608979,2998994123,9600,1274400,0,0,0
2024-12-03,ADHI,Adhi Karya (Persero) Tbk.,--M-113F750000J211------------,250,0,254,246,250,0,7461100,1863352400,663,215.1,250,79800,248,582200,8407608979,8407608979,2998994123,764200,639100,0,0,0
2024-12-02,ADHI,Adhi Karya (Persero) Tbk.,--M-113F750000J211------------,254,0,256,244,250,-4,11654700,2883652400,901,215.1,250,964300,248,1400,8407608979,8407608979,2998994123,814900,1775500,64,15104,1
2024-11-29,ADHI,Adhi Karya (Persero) Tbk.,--S-113F750000J211------------,256,0,260,250,254,-2,8386500,2124005400,639,218.6,254,3554200,252,274400,8407608979,8407608979,2998994123,1070400,700,0,0,0
2024-11-28,ADHI,Adhi Karya (Persero) Tbk.,--S-113F750000J211------------,258,0,262,256,256,-2,3962700,1019055800,488,220.3,258,667000,256,2015200,8407608979,8407608979,2998994123,462700,407000,0,0,0
2024-11-26,ADHI,Adhi Karya (Persero) Tbk.,--S-113F750000J211------------,266,0,268,258,258,-8,5876200,1532837800,809,222.0,260,1540500,258,908100,8407608979,8407608979,2998994123,762900,666000,20000,5155000,2
2024-11-25,ADHI,Adhi Karya (Persero) Tbk.,--S-113F750000J211------------,264,0,268,256,266,2,7683200,2025739400,662,228.9,268,1066500,266,93400,8407608979,8407608979,2998994123,191000,932600,0,0,0
2024-11-22,ADHI,Adhi Karya (Persero) Tbk.,--S-113F750000J211------------,266,0,276,262,264,-2,4630400,1225836000,654,227.2,266,1683900,262,5227900,8407608979,8407608979,2998994123,243600,402900,0,0,0
2024-11-21,ADHI,Adhi Karya (Persero) Tbk.,--S-113F750000J211------------,264,0,270,266,266,2,8865400,2362627800,538,228.9,268,548500,266,9249100,8407608979,8407608979,2998994123,54800,68600,0,0,0
2024-11-20,ADHI,Adhi Karya (Persero) Tbk.,--S-113F750000J211------------,260,0,274,260,264,4,31715200,8527939000,2069,227.2,266,106200,264,12959200,8407608979,8407608979,2998994123,3692900,1115700,1500,396000,1
2024-11-19,ADHI,Adhi Karya (Persero) Tbk.,--S-113F750000J211------------,252,0,262,252,260,8,9087700,2349786400,1219,223.7,260,327000,258,661200,8407608979,8407608979,2998994123,576600,1838600,10000,2550000,2
2024-11-18,ADHI,Adhi Karya (Persero) Tbk.,--S-113F750000J211------------,256,0,260,250,252,-4,9643600,2441437400,827,216.8,252,835200,250,1763200,8407608979,8407608979,2998994123,432700,1745600,0,0,0
2024-11-15,ADHI,Adhi Karya (Persero) Tbk.,--S-113F750000J211------------,264,0,266,254,256,-8,9944100,2554733400,1166,220.3,258,1631300,256,53000,8407608979,8407608979,2998994123,46400,158500,7500,1905000,1
2024-11-14,ADHI,Adhi Karya (Persero) Tbk.,--S-113F750000J211------------,272,0,276,262,264,-8,19778900,5259642800,1639,227.2,264,184800,262,835800,8407608979,8407608979,2998994123,1031300,974300,0,0,0
2024-11-13,ADHI,Adhi Karya (Persero) Tbk.,--S-113F750000J211------------,274,0,278,272,272,-2,9650800,2647543800,789,234.0,274,590500,272,274900,8407608979,8407608979,2998994123,81700,1526000,0,0,0
2024-11-12,ADHI,Adhi Karya (Persero) Tbk.,--S-113F750000J211------------,272,0,280,270,274,2,23873700,6546792000,3219,235.8,274,1067400,272,1392800,8407608979,8407608979,2998994123,1610500,2033000,0,0,0
2024-11-11,ADHI,Adhi Karya (Persero) Tbk.,--S-113F750000J211------------,276,0,278,270,272,-4,11727000,3184626800,904,234.0,272,3081400,270,2170000,8407608979,8407608979,2998994123,1503700,267000,27500,7395000,2
2024-11-08,ADHI,Adhi Karya (Persero) Tbk.,--S-113F750000J211------------,272,0,284,272,276,4,9720600,2705336800,792,237.5,276,542700,274,546500,8407608979,8407608979,2998994123,578300,29400,0,0,0
2024-11-07,ADHI,Adhi Karya (Persero) Tbk.,--S-113F750000J211------------,278,0,280,266,272,-6,16093100,4364466400,1316,234.0,274,453200,272,123100,8407608979,8407608979,2998994123,1169800,3253400,10000,2660000,1
2024-11-06,ADHI,Adhi Karya (Persero) Tbk.,--S-113F750000J211------------,276,0,286,274,278,2,20094900,5637407400,1428,239.2,278,144000,276,2659900,8407608979,8407608979,2998994123,1215100,436600,19800,5542800,4
2024-11-05,ADHI,Adhi Karya (Persero) Tbk.,--S-113F750000J211------------,278,0,284,270,276,-2,26290600,7222880000,1545,237.5,276,458100,274,39300,8407608979,8407608979,2998994123,908200,1127200,20000,5520000,1
2024-11-04,ADHI,Adhi Karya (Persero) Tbk.,--S-113F750000J211------------,286,0,286,276,278,-8,17347800,4841743600,1447,239.2,280,350700,278,1191400,8407608979,8407608979,2998994123,3577600,353000,0,0,0
2024-11-01,ADHI,Adhi Karya (Persero) Tbk.,--S-113F750000J211------------,288,0,298,282,286,-2,40228500,11693840800,2047,246.1,286,382700,284,486200,8407608979,8407608979,2998994123,9467700,1205900,0,0,0
2024-10-31,ADHI,Adhi Karya (Persero) Tbk.,--S-113M750000J211------------,286,0,292,284,288,2,7484200,2153648400,1042,247.8,290,974100,286,351300,8407608979,8407608979,2998994123,1728000,1397900,0,0,0
2024-10-30,ADHI,Adhi Karya (Persero) Tbk.,--S-113M750000J211------------,296,0,300,286,286,-10,18568100,5405372000,1771,246.1,288,200,286,767800,8407608979,8407608979,2998994123,6961100,988400,31560,9101400,5
2024-10-29,ADHI,Adhi Karya (Persero) Tbk.,--S-113M750000J211------------,284,0,302,284,296,12,67087000,19864240400,3132,254.7,298,1070800,296,401900,8407608979,8407608979,2998994123,594000,12344400,6000,1759000,3
2024-10-28,ADHI,Adhi Karya (Persero) Tbk.,--S-113M750000J211------------,282,0,288,274,284,2,21572900,6062368800,1573,244.4,286,669800,284,5159400,8407608979,8407608979,2998994123,635800,3185600,15000,4140000,1
2024-10-25,ADHI,Adhi Karya (Persero) Tbk.,--S-113M750000J211------------,290,0,296,278,282,-8,19710600,5631705200,1739,242.6,282,445400,280,3440100,8407608979,8407608979,2998994123,2482100,377500,35000,10120000,3
2024-10-24,ADHI,Adhi Karya (Persero) Tbk.,--S-113M750000J211------------,294,0,298,290,290,-4,12995000,3807116800,1104,249.5,292,18900,290,1450600,8407608979,8407608979,2998994123,137800,1592800,17500,5075000,3
2024-10-23,ADHI,Adhi Karya (Persero) Tbk.,--S-113M750000J211------------,294,0,300,292,294,0,14675700,4329507400,1056,253.0,296,2701300,294,2600,8407608979,8407608979,2998994123,1494100,2157700,38,11172,1
2024-10-22,ADHI,Adhi Karya (Persero) Tbk.,--S-113M750000J211------------,298,0,300,290,294,-4,25416200,7431929800,1955,253.0,294,396800,292,2044300,8407608979,8407608979,2998994123,101400,4073900,57500,16650000,6
2024-10-21,ADHI,Adhi Karya (Persero) Tbk.,--S-113M750000J211------------,304,0,310,294,298,-6,33057600,9929892600,2477,256.4,298,1417400,296,3004100,8407608979,8407608979,2998994123,4242500,1157100,20000,5935000,5
2024-10-18,ADHI,Adhi Karya (Persero) Tbk.,--S-113M750000J211------------,302,0,308,300,304,2,23661900,7181304400,1453,261.6,304,416300,302,2844700,8407608979,8407608979,2998994123,3003900,2638200,0,0,0
2024-10-17,ADHI,Adhi Karya (Persero) Tbk.,--S-113M750000J211------------,300,0,306,298,302,2,21303300,6401697400,1635,259.9,304,2418500,302,420600,8407608979,8407608979,2998994123,2030200,1174500,0,0,0
2024-10-16,ADHI,Adhi Karya (Persero) Tbk.,--S-113M750000J211------------,294,0,306,294,300,6,60693800,18366063000,4521,258.1,302,121300,300,94200,8407608979,8407608979,2998994123,3049900,4577400,4000,1202000,2
2024-10-15,ADHI,Adhi Karya (Persero) Tbk.,--S-113M750000J211------------,288,0,298,290,294,6,25150400,7381446400,1874,253.0,296,3328900,294,99700,8407608979,8407608979,2998994123,604800,1941700,0,0,0
2024-10-14,ADHI,Adhi Karya (Persero) Tbk.,--S-113M750000J211------------,290,0,294,286,288,-2,15537700,4497731800,1288,247.8,290,666900,288,187800,8407608979,8407608979,2998994123,769000,263400,10000,2850000,2
2024-10-11,ADHI,Adhi Karya (Persero) Tbk.,--S-113M750000J211------------,294,0,296,288,290,-4,22103800,6434869600,1871,249.5,292,426000,290,84800,8407608979,8407608979,2998994123,745200,329600,30,8820,1
2024-10-10,ADHI,Adhi Karya (Persero) Tbk.,--S-113M750000J211------------,296,0,302,288,294,-2,55514900,16382261000,3934,253.0,294,5901100,292,500,8407608979,8407608979,2998994123,7454200,1528800,17500,5110000,3
2024-10-09,ADHI,Adhi Karya (Persero) Tbk.,--S-113M750000J211------------,282,0,296,280,296,14,98055400,28690849200,6404,254.7,296,1527800,294,1823300,8407608979,8407608979,2998994123,11408900,9885700,1500,438000,2
2024-10-08,ADHI,Adhi Karya (Persero) Tbk.,--S-113M750000J211------------,276,0,284,276,282,6,18513400,5188818600,1200,242.6,282,1275400,280,283200,8407608979,8407608979,2998994123,678500,3975800,25000,6900000,4
2024-10-07,ADHI,Adhi Karya (Persero) Tbk.,--S-113M750000J211------------,278,0,282,272,276,-2,12700000,3506687400,1133,237.5,278,268500,276,193100,8407608979,8407608979,2998994123,409400,415000,0,0,0
2024-10-04,ADHI,Adhi Karya (Persero) Tbk.,--S-113M750000J211------------,282,0,284,276,278,-4,12862400,3585322600,767,239.2,280,284500,278,27200,8407608979,8407608979,2998994123,1663300,2334500,10000,2780000,1
2024-10-03,ADHI,Adhi Karya (Persero) Tbk.,--S-113M750000J211------------,276,0,282,274,282,6,9672200,2700998200,996,242.6,282,2416400,280,15300,8407608979,8407608979,2998994123,587500,1387600,0,0,0
2024-10-02,ADHI,Adhi Karya (Persero) Tbk.,--S-113M750000J211------------,282,0,288,274,276,-6,23456400,6574663600,1857,237.5,278,164800,276,36200,8407608979,8407608979,2998994123,3795000,2640600,0,0,0
2024-10-01,ADHI,Adhi Karya (Persero) Tbk.,--S-113M750000J211------------,270,0,282,270,282,12,19520200,5423969800,1447,242.6,282,1487100,280,298200,8407608979,8407608979,2998994123,2578000,1409500,0,0,0
2024-09-30,ADHI,Adhi Karya (Persero) Tbk.,--S-113M750000J211------------,278,0,282,270,270,-8,20650200,5646064000,1523,232.3,272,207800,270,4055600,8407608979,8407608979,2998994123,4324000,2443600,0,0,0
2024-09-27,ADHI,Adhi Karya (Persero) Tbk.,--S-113M750000J211------------,280,0,284,276,278,-2,15073800,4206418200,1108,239.2,280,352900,278,274000,8407608979,8407608979,2998994123,676700,4051900,0,0,0
2024-09-26,ADHI,Adhi Karya (Persero) Tbk.,--S-113M750000J211M-----------,280,0,284,278,280,0,13512400,3793166200,1256,240.9,282,345200,278,1832500,8407608979,8407608979,2998994123,686700,872800,0,0,0
2024-09-25,ADHI,Adhi Karya (Persero) Tbk.,--S-113M750000J211M-----------,282,0,284,276,280,-2,29849200,8368316200,1534,240.9,280,37800,278,2269700,8407608979,8407608979,2998994123,2338400,5074000,0,0,0
2024-09-24,ADHI,Adhi Karya (Persero) Tbk.,--S-113M750000J211M-----------,278,0,288,272,282,4,64847600,18125334400,3335,242.6,282,3116400,280,888000,8407608979,8407608979,2998994123,11939000,14956500,530750,98193200,2
2024-09-23,ADHI,Adhi Karya (Persero) Tbk.,--S-113M750000J211M-----------,284,0,288,278,278,-6,25936900,7298030000,1896,239.2,280,15000,278,1463300,8407608979,8407608979,2998994123,4289200,3302000,0,0,0
2024-09-20,ADHI,Adhi Karya (Persero) Tbk.,--S-113M750000J211M-----------,290,0,294,284,284,-6,16179400,4626067000,1339,244.4,286,4706500,284,1166600,8407608979,8407608979,2998994123,2334200,36400,0,0,0
2024-09-19,ADHI,Adhi Karya (Persero) Tbk.,--S-113M750000J211M-----------,286,0,292,286,290,4,17655100,5104581200,1254,249.5,290,3729600,288,1143400,8407608979,8407608979,2998994123,433900,5775600,3448200,999978000,1
2024-09-18,ADHI,Adhi Karya (Persero) Tbk.,--S-113M750000J211M-----------,286,0,292,282,286,0,20798900,5960690000,1876,246.1,288,1124400,286,107100,8407608979,8407608979,2998994123,2549100,1029100,0,0,0
2024-09-17,ADHI,Adhi Karya (Persero) Tbk.,--S-113M750000J211M-----------,284,0,290,284,286,2,17800400,5106122800,1547,246.1,286,1008600,284,1867900,8407608979,8407608979,2998994123,658500,3649200,0,0,0
2024-09-13,ADHI,Adhi Karya (Persero) Tbk.,--S-113M750000J211M-----------,282,0,294,280,284,2,37603600,10805119400,2606,244.4,284,1505100,282,2780900,8407608979,8407608979,2998994123,3717100,3558600,0,0,0
2024-09-12,ADHI,Adhi Karya (Persero) Tbk.,--S-113M750000J211M-----------,282,0,288,272,282,0,73296700,20416502000,4391,242.6,284,772300,282,449800,8407608979,8407608979,2998994123,5363100,5251100,91,25571,1
2024-09-11,ADHI,Adhi Karya (Persero) Tbk.,--S-113M750000J211M-----------,308,0,312,278,282,-26,146385000,42579495000,8484,242.6,284,137900,282,259800,8407608979,8407608979,2998994123,27549400,9866500,0,0,0
2024-09-10,ADHI,Adhi Karya (Persero) Tbk.,--S-113M750000J211------------,304,0,320,304,308,4,60077500,18885449000,4172,265.0,310,226300,308,2840300,8407608979,8407608979,2998994123,6283600,9650400,3,930,1
2024-09-09,ADHI,Adhi Karya (Persero) Tbk.,--S-113M750000J211------------,308,0,312,302,304,-4,20890500,6383878800,2598,261.6,306,531500,304,36700,8407608979,8407608979,2998994123,3202900,571700,0,0,0
2024-09-06,ADHI,Adhi Karya (Persero) Tbk.,--S-113M750000J211------------,314,0,318,306,308,-6,30674000,9532105400,2286,265.0,310,1094400,308,375400,8407608979,8407608979,2998994123,3260600,4011800,0,0,0
2024-09-05,ADHI,Adhi Karya (Persero) Tbk.,--S-113M750000J211------------,308,0,316,300,314,6,40088600,12414682400,2631,270.2,314,445700,312,75000,8407608979,8407608979,2998994123,1815900,6136600,0,0,0
2024-09-04,ADHI,Adhi Karya (Persero) Tbk.,--S-113M750000J211------------,310,0,316,304,308,-2,46209000,14344848600,3396,265.0,308,124900,306,867700,8407608979,8407608979,2998994123,7882000,5384800,0,0,0
2024-09-03,ADHI,Adhi Karya (Persero) Tbk.,--S-113M750000J211------------,318,0,328,310,310,-8,100179800,31957293400,5757,266.7,312,751800,310,3477800,8407608979,8407608979,2998994123,12155000,8784800,0,0,0
2024-09-02,ADHI,Adhi Karya (Persero) Tbk.,--S-113M750000J211------------,304,0,344,304,318,14,417282100,137589715800,20668,273.6,320,732400,318,2704300,8407608979,8407608979,2998994123,53490800,45597000,0,0,0
2024-08-30,ADHI,Adhi Karya (Persero) Tbk.,--S-113M750000J211------------,302,0,308,296,304,2,64637200,19609765400,3141,261.6,306,2675500,304,7308900,8407608979,8407608979,2998994123,8089500,9543000,0,0,0
2024-08-29,ADHI,Adhi Karya (Persero) Tbk.,--S-113M750000J211------------,296,0,306,296,302,6,42419200,12764021400,2562,259.9,302,2690000,300,303500,8407608979,8407608979,2998994123,7947000,5304100,0,0,0
2024-08-28,ADHI,Adhi Karya (Persero) Tbk.,--S-113M750000J211------------,300,0,306,296,296,-4,28861700,8656275800,2233,254.7,298,461700,296,1857100,8407608979,8407608979,2998994123,1626700,2127900,0,0,0
2024-08-27,ADHI,Adhi Karya (Persero) Tbk.,--S-113M750000J211------------,308,0,312,300,300,-8,38410400,11681014200,2825,258.1,302,332500,300,1300600,8407608979,8407608979,2998994123,3553600,2475100,0,0,0
2024-08-26,ADHI,Adhi Karya (Persero) Tbk.,--S-113M750000J211------------,298,0,310,298,308,10,86013000,26231039200,4555,265.0,310,6695800,308,2189200,8407608979,8407608979,2998994123,6041400,25866700,0,0,0
2024-08-23,ADHI,Adhi Karya (Persero) Tbk.,--S-113M750000J211------------,286,0,304,284,298,12,77167800,23119101400,4106,256.4,298,2478100,296,1429200,8407608979,8407608979,2998994123,7150600,6474900,0,0,0
2024-08-22,ADHI,Adhi Karya (Persero) Tbk.,--S-113M750000J211------------,292,0,296,284,286,-6,28363100,8180283800,2519,246.1,288,974200,286,165900,8407608979,8407608979,2998994123,3302100,1144700,0,0,0
2024-08-21,ADHI,Adhi Karya (Persero) Tbk.,--S-113M750000J211------------,296,0,302,292,292,-4,52302000,15507890000,3847,251.3,294,123800,292,3422000,8407608979,8407608979,2998994123,5695200,5723800,0,0,0
2024-08-20,ADHI,Adhi Karya (Persero) Tbk.,--S-113M750000J211------------,296,0,304,284,296,0,66110600,19425898400,5232,254.7,298,982300,296,306800,8407608979,8407608979,2998994123,7507900,6792700,8333300,2499990000,1
2024-08-19,ADHI,Adhi Karya (Persero) Tbk.,--S-113M750000J211------------,292,0,312,290,296,4,105226400,31794446600,7318,254.7,298,1563700,296,295700,8407608979,8407608979,2998994123,6405500,12497900,0,0,0
2024-08-16,ADHI,Adhi Karya (Persero) Tbk.,--S-113M750000J211------------,292,0,302,290,292,0,56528700,16678487200,4362,251.3,292,1592200,290,759100,8407608979,8407608979,2998994123,4335700,1958800,0,0,0
2024-08-15,ADHI,Adhi Karya (Persero) Tbk.,--S-113M750000J211------------,314,0,320,296,302,-12,429883800,133099403200,20947,259.9,302,7495600,300,1099700,8407608979,8407608979,2998994123,46860400,31425500,23700,8295000,1
2024-08-14,ADHI,Adhi Karya (Persero) Tbk.,--S-113M750000J211------------,314,0,320,296,302,-12,429883800,133099403200,20947,259.9,302,7495600,300,1099700,8407608979,8407608979,2998994123,46860400,31425500,23700,8295000,1
2024-08-13,ADHI,Adhi Karya (Persero) Tbk.,--S-113M750000J211------------,256,0,314,256,314,58,418021800,123116320200,21303,270.2,314,10293600,312,2080400,8407608979,8407608979,2998994123,16463600,60578100,0,0,0
2024-08-12,ADHI,Adhi Karya (Persero) Tbk.,--S-113M750000J211------------,252,0,262,252,256,4,26190200,6743232200,2380,220.3,256,1289100,254,17500,8407608979,8407608979,2998994123,6520300,1503700,0,0,0
2024-08-09,ADHI,Adhi Karya (Persero) Tbk.,--S-113M750000J211------------,236,0,258,236,252,16,71205700,17905076200,4078,216.8,254,1215500,252,458800,8407608979,8407608979,2998994123,1703100,19805500,0,0,0
2024-08-08,ADHI,Adhi Karya (Persero) Tbk.,--S-113M750000J211------------,238,0,242,234,236,-2,6718300,1592991000,762,203.1,238,77600,236,894900,8407608979,8407608979,2998994123,1179900,308200,0,0,0
2024-08-07,ADHI,Adhi Karya (Persero) Tbk.,--S-113M750000J211------------,238,0,244,236,238,0,19014900,4553757400,1079,204.8,240,1054700,238,328100,8407608979,8407608979,2998994123,1376500,2377800,0,0,0
2024-08-06,ADHI,Adhi Karya (Persero) Tbk.,--S-113M750000J211------------,232,0,240,230,238,6,16545100,3897417000,1122,204.8,238,1144800,236,613200,8407608979,8407608979,2998994123,2382400,2247800,41,9594,1
2024-08-05,ADHI,Adhi Karya (Persero) Tbk.,--S-113M750000J211------------,242,0,246,230,232,-10,27481400,6486202800,1903,199.6,234,257900,232,300800,8407608979,8407608979,2998994123,865600,447400,0,0,0
2024-08-02,ADHI,Adhi Karya (Persero) Tbk.,--S-113M750000J211------------,248,0,250,242,242,-6,13831300,3384417000,1445,208.2,242,100,240,1008700,8407608979,8407608979,2998994123,3172200,336400,0,0,0
2024-08-01,ADHI,Adhi Karya (Persero) Tbk.,--S-113M750000J211------------,236,0,252,234,248,12,82397800,20360624200,3177,213.4,248,11300,246,444400,8407608979,8407608979,2998994123,1456500,3935600,5530000,2156700000,1
2024-07-31,ADHI,Adhi Karya (Persero) Tbk.,--S-183M750000J211------------,248,0,248,240,240,-8,8770200,2130386600,1074,206.5,242,173400,240,476200,8407608979,8407608979,2998994123,2162700,0,0,0,0
2024-07-30,ADHI,Adhi Karya (Persero) Tbk.,--S-183M750000J211------------,248,0,248,240,240,-8,8770200,2130386600,1074,206.5,242,173400,240,476200,8407608979,8407608979,2998994123,2162700,0,0,0,0
2024-07-27,ADHI,Adhi Karya (Persero) Tbk.,--S-183M750000J211------------,242,0,250,240,244,2,16246200,3987730600,1274,210.0,246,677600,244,1600,8407608979,8407608979,2998994123,418300,1682500,0,0,0
2024-07-26,ADHI,Adhi Karya (Persero) Tbk.,--S-183M750000J211------------,242,0,250,240,244,2,16246200,3987730600,1274,210.0,246,677600,244,1600,8407608979,8407608979,2998994123,418300,1682500,0,0,0
2024-07-25,ADHI,Adhi Karya (Persero) Tbk.,--S-183M750000J211------------,240,0,250,236,242,2,17136100,4166966400,1683,208.2,244,351100,240,922600,8407608979,8407608979,2998994123,1830100,1935200,0,0,0
2024-07-24,ADHI,Adhi Karya (Persero) Tbk.,--S-183M750000J211------------,252,0,256,238,240,-12,31302900,7690886400,2470,206.5,242,228900,240,686800,8407608979,8407608979,2998994123,2107200,1075500,0,0,0
2024-07-23,ADHI,Adhi Karya (Persero) Tbk.,--S-183M750000J211------------,254,0,258,250,252,-2,14073400,3542708200,1208,216.8,254,1499300,252,58800,8407608979,8407608979,2998994123,1024900,174500,0,0,0
2024-07-22,ADHI,Adhi Karya (Persero) Tbk.,--S-183M750000J211------------,252,0,260,248,254,2,37583700,9557012000,2332,218.6,256,1710800,254,231900,8407608979,8407608979,2998994123,1975200,1552500,0,0,0
2024-07-19,ADHI,Adhi Karya (Persero) Tbk.,--S-183M750000J211------------,256,0,258,248,252,-4,21461700,5398377000,1716,216.8,252,635200,250,217800,8407608979,8407608979,2998994123,1592500,433600,0,0,0
2024-07-18,ADHI,Adhi Karya (Persero) Tbk.,--S-183M750000J211------------,260,0,266,254,256,-4,31999200,8299683400,2277,220.3,258,497800,256,258100,8407608979,8407608979,2998994123,4562200,211400,0,0,0
2024-07-17,ADHI,Adhi Karya (Persero) Tbk.,--S-183M750000J211------------,248,0,260,248,260,12,52984500,13638410400,3187,223.7,260,1515500,258,1211900,8407608979,8407608979,2998994123,2570600,7136900,0,0,0
2024-07-16,ADHI,Adhi Karya (Persero) Tbk.,--S-183M750000J211------------,256,0,258,248,248,-8,29521600,7422714200,2481,213.4,250,571800,248,631700,8407608979,8407608979,2998994123,2938800,1420700,0,0,0
2024-07-12,ADHI,Adhi Karya (Persero) Tbk.,--S-183M750000J211------------,248,0,268,230,262,14,138657900,36243126200,6035,225.4,264,2884400,262,25007600,8407608979,8407608979,2998994123,24842300,9316200,0,0,0
2024-07-11,ADHI,Adhi Karya (Persero) Tbk.,--S-183M750000J211------------,250,0,258,244,248,-2,37656800,9432530000,2736,213.4,248,2500,246,115100,8407608979,8407608979,2998994123,5220800,3142500,0,0,0
2024-07-10,ADHI,Adhi Karya (Persero) Tbk.,--S-183M750000J211------------,260,0,272,246,250,-10,80145800,20607226600,4845,215.1,252,757600,250,45600,8407608979,8407608979,2998994123,6483200,12287800,49065,12756900,1
2024-07-09,ADHI,Adhi Karya (Persero) Tbk.,--S-183M750000J211------------,264,0,282,256,260,-4,245161100,66207615600,11286,223.7,262,1277500,260,91500,8407608979,8407608979,2998994123,45593700,16952700,400,104800,1
2024-07-08,ADHI,Adhi Karya (Persero) Tbk.,--S-183M750000J211------------,222,0,270,222,264,42,265836300,67213353000,12471,227.2,264,702800,262,853300,8407608979,8407608979,2998994123,10323700,29159400,497,111740,2
2024-07-05,ADHI,Adhi Karya (Persero) Tbk.,--S-183M750000J211------------,224,0,232,222,222,-2,36849800,8375285800,1957,191.0,224,110000,222,1889800,8407608979,8407608979,2998994123,2867700,2335100,0,0,0
2024-07-04,ADHI,Adhi Karya (Persero) Tbk.,--S-183M750000J211------------,220,0,244,218,232,12,138120300,32244957600,6841,199.6,232,2285500,230,2148400,8407608979,8407608979,2998994123,14374900,12725500,0,0,0
2024-07-03,ADHI,Adhi Karya (Persero) Tbk.,--S-183M750000J211------------,220,0,244,218,232,12,138120300,32244957600,6841,199.6,232,2285500,230,2148400,8407608979,8407608979,2998994123,14374900,12725500,0,0,0
2024-07-02,ADHI,Adhi Karya (Persero) Tbk.,--S-183M750000J211------------,212,0,228,212,220,8,87530200,19358310400,4570,189.3,222,3442500,220,2282900,8407608979,8407608979,2998994123,13366800,10073600,5500,1194000,2
2024-07-01,ADHI,Adhi Karya (Persero) Tbk.,--S-183M750000J211------------,197,0,220,196,212,15,93592300,19631235500,4522,182.4,214,158800,210,524700,8407608979,8407608979,2998994123,4269300,9593000,64,12928,1
2024-06-28,ADHI,Adhi Karya (Persero) Tbk.,--S-183M750000J211------------,194,0,196,191,192,-2,7362600,1424082100,919,165.2,192,31000,191,405400,8407608979,8407608979,2998994123,1831500,1548300,0,0,0
2024-06-27,ADHI,Adhi Karya (Persero) Tbk.,--S-183M750000J211------------,194,0,197,194,194,0,3782200,738578500,789,166.9,195,3100,194,55900,8407608979,8407608979,2998994123,694000,581100,0,0,0
2024-06-26,ADHI,Adhi Karya (Persero) Tbk.,--S-183M750000J211------------,200,0,202,193,194,-6,7025600,1379060200,1040,166.9,195,21700,194,1039200,8407608979,8407608979,2998994123,1196500,1280000,0,0,0
2024-06-25,ADHI,Adhi Karya (Persero) Tbk.,--S-183M750000J211------------,200,0,202,193,194,-6,7025600,1379060200,1040,166.9,195,21700,194,1039200,8407608979,8407608979,2998994123,1196500,1280000,0,0,0
2024-06-24,ADHI,Adhi Karya (Persero) Tbk.,--S-183M750000J211------------,196,0,204,195,200,4,15825400,3170936200,1416,172.1,200,803700,199,181400,8407608979,8407608979,2998994123,1673400,6585800,0,0,0
2024-06-21,ADHI,Adhi Karya (Persero) Tbk.,--S-183M750000J211------------,183,0,197,184,196,13,26103900,5018109800,1914,168.7,196,543300,195,120300,8407608979,8407608979,2998994123,278500,12385300,0,0,0
2024-06-20,ADHI,Adhi Karya (Persero) Tbk.,--S-183M750000J211------------,177,0,189,168,183,6,21387100,3918310900,1866,157.5,184,576000,183,942000,8407608979,8407608979,2998994123,791200,4330400,0,0,0
2024-06-19,ADHI,Adhi Karya (Persero) Tbk.,--S-183M750000J211------------,192,0,194,176,177,-15,30875100,5675622700,2499,152.3,178,4500,177,1109900,8407608979,8407608979,2998994123,1233800,2279800,0,0,0
2024-06-14,ADHI,Adhi Karya (Persero) Tbk.,--S-183M750000J211------------,198,0,204,191,192,-6,16603800,3255021600,1833,165.2,192,19900,191,131600,8407608979,8407608979,2998994123,1147400,308900,86,17372,1
2024-06-13,ADHI,Adhi Karya (Persero) Tbk.,--S-183M750000J211------------,199,0,204,197,198,-1,12300100,2457869600,1206,170.4,200,1209500,198,969800,8407608979,8407608979,2998994123,736900,373800,0,0,0
2024-06-12,ADHI,Adhi Karya (Persero) Tbk.,--S-183M750000J211------------,206,0,210,199,199,-7,23706100,4764964700,1813,171.2,200,41700,199,618700,8407608979,8407608979,2998994123,4022800,137700,0,0,0
2024-06-11,ADHI,Adhi Karya (Persero) Tbk.,--S-183M750000J211------------,210,0,214,206,206,-4,12496300,2603931800,1128,177.3,208,149500,206,859400,8407608979,8407608979,2998994123,2546700,243600,0,0,0
2024-06-10,ADHI,Adhi Karya (Persero) Tbk.,--S-183M750000J211------------,218,0,222,210,210,-8,17245400,3696473400,1470,180.7,212,329700,210,3352300,8407608979,8407608979,2998994123,5579500,67000,45000,9450000,1
2024-06-07,ADHI,Adhi Karya (Persero) Tbk.,--S-183M750000J211------------,214,0,226,214,218,4,16811100,3720231800,1725,187.6,218,873000,216,837000,8407608979,8407608979,2998994123,1763600,3074500,4000,872000,1
2024-06-06,ADHI,Adhi Karya (Persero) Tbk.,--S-183M750000J211------------,210,0,216,210,214,4,17614600,3762542400,1052,184.1,216,331600,214,218500,8407608979,8407608979,2998994123,1554800,1887800,63,13545,1
2024-06-05,ADHI,Adhi Karya (Persero) Tbk.,--S-183M750000J211------------,216,0,220,210,210,-6,11074700,2352599400,966,180.7,212,171100,210,2402500,8407608979,8407608979,2998994123,3306700,42000,5000,1060000,1
2024-06-04,ADHI,Adhi Karya (Persero) Tbk.,--S-183M750000J211------------,208,0,222,206,216,8,31982500,6887100400,1696,185.9,216,426300,214,130000,8407608979,8407608979,2998994123,1955700,5314300,2548,549984,2
2024-06-03,ADHI,Adhi Karya (Persero) Tbk.,--S-183M750000J211------------,208,0,218,206,208,0,22094300,4690011200,1725,179.0,210,323400,208,319000,8407608979,8407608979,2998994123,2547200,1292000,10025,2104150,3
2024-05-31,ADHI,Adhi Karya (Persero) Tbk.,--S-180M700000J211------------,210,0,212,206,208,-2,8740600,1821689800,873,179.0,208,211600,206,1358200,8407608979,8407608979,2998994123,3756000,569200,0,0,0
2024-05-30,ADHI,Adhi Karya (Persero) Tbk.,--S-180M700000J211------------,214,0,222,208,210,-4,14160200,2979121000,1373,180.7,212,533200,210,18700,8407608979,8407608979,2998994123,6149800,313000,0,0,0
2024-05-29,ADHI,Adhi Karya (Persero) Tbk.,--S-180M700000J211------------,222,0,224,214,214,-8,15326300,3309086400,1543,184.1,214,242800,212,1107400,8407608979,8407608979,2998994123,6816100,443300,95,20330,1
2024-05-28,ADHI,Adhi Karya (Persero) Tbk.,--S-180M700000J211------------,212,0,230,200,222,10,54793700,12208754200,3687,191.0,222,27700,220,4172000,8407608979,8407608979,2998994123,6476300,7249300,0,0,0
2024-05-27,ADHI,Adhi Karya (Persero) Tbk.,--S-180M700000J211------------,224,0,226,210,212,-12,26765000,5765761000,2459,182.4,212,249500,210,3130200,8407608979,8407608979,2998994123,5992000,658100,0,0,0
2024-05-22,ADHI,Adhi Karya (Persero) Tbk.,--S-180M700000J211------------,226,0,228,222,224,-2,7423400,1664126400,962,192.7,226,416300,224,1979400,8407608979,8407608979,2998994123,3674100,463000,63,14616,1
2024-05-21,ADHI,Adhi Karya (Persero) Tbk.,--S-180M700000J211------------,232,0,232,224,226,-6,15886500,3610044800,1570,194.5,228,608800,226,200,8407608979,8407608979,2998994123,9792700,335600,10000,2220000,1
2024-05-20,ADHI,Adhi Karya (Persero) Tbk.,--S-180M700000J211------------,228,0,240,228,232,4,39729600,9358797800,1992,199.6,232,566000,230,2108200,8407608979,8407608979,2998994123,5484500,1403900,0,0,0
2024-05-17,ADHI,Adhi Karya (Persero) Tbk.,--S-180M700000J211------------,228,0,232,226,228,0,10567200,2420079600,1375,196.2,230,1100,228,1276200,8407608979,8407608979,2998994123,4447400,3136100,0,0,0
2024-05-16,ADHI,Adhi Karya (Persero) Tbk.,--S-180M700000J211------------,222,0,232,222,228,6,17054700,3882909200,1382,196.2,228,251400,226,551800,8407608979,8407608979,2998994123,4109700,6475500,0,0,0
2024-05-15,ADHI,Adhi Karya (Persero) Tbk.,--S-180M700000J211------------,222,0,228,218,222,0,15553200,3457643200,1463,191.0,224,173000,222,283800,8407608979,8407608979,2998994123,7747800,2012500,0,0,0
2024-05-14,ADHI,Adhi Karya (Persero) Tbk.,--S-180M700000J211------------,224,0,228,222,222,-2,5947400,1330356200,1042,191.0,222,130300,220,1262300,8407608979,8407608979,2998994123,1317000,1905400,2131000,475213000,1
2024-05-13,ADHI,Adhi Karya (Persero) Tbk.,--S-180M700000J211------------,224,0,228,220,224,0,18683200,4185929800,1738,192.7,224,302000,222,1242600,8407608979,8407608979,2998994123,4044100,6566100,0,0,0
2024-05-08,ADHI,Adhi Karya (Persero) Tbk.,--S-180M700000J211------------,238,0,240,222,224,-14,33618900,7695107400,2977,192.7,226,74200,224,1058900,8407608979,8407608979,2998994123,8537300,885200,16950000,4000200000,1
2024-05-07,ADHI,Adhi Karya (Persero) Tbk.,--S-180M700000J211------------,236,0,242,236,238,2,12016100,2878115400,1221,204.8,240,229000,238,272400,8407608979,8407608979,2998994123,4464600,2864400,0,0,0
2024-05-06,ADHI,Adhi Karya (Persero) Tbk.,--S-180M700000J211------------,240,0,246,234,236,-4,17994200,4291233600,1732,203.1,238,515900,236,776100,8407608979,8407608979,2998994123,5499000,971100,0,0,0
2024-05-03,ADHI,Adhi Karya (Persero) Tbk.,--S-180M700000J211------------,248,0,250,240,240,-8,15419600,3731616800,1829,206.5,242,201900,240,492600,8407608979,8407608979,2998994123,4301500,68500,0,0,0
2024-05-02,ADHI,Adhi Karya (Persero) Tbk.,--S-180M700000J211------------,258,0,260,246,248,-10,23380200,5873502400,2245,213.4,250,43300,248,106000,8407608979,8407608979,2998994123,9825800,242400,0,0,0
2024-04-30,ADHI,Adhi Karya (Persero) Tbk.,--S-180M700000J211------------,254,0,262,254,258,4,19154900,4956033400,1582,222.0,260,883900,258,15400,8407608979,8407608979,2998994123,5041400,3188500,0,0,0
2024-04-29,ADHI,Adhi Karya (Persero) Tbk.,--S-180M700000J211------------,254,0,260,252,254,0,8946000,2288216000,1139,218.6,256,87500,254,156400,8407608979,8407608979,2998994123,659600,1066000,0,0,0
2024-04-26,ADHI,Adhi Karya (Persero) Tbk.,--S-180M700000J211------------,260,0,266,254,254,-6,11955200,3086880200,1279,218.6,256,400,254,185800,8407608979,8407608979,2998994123,1974700,833200,8000,2064000,1
2024-04-25,ADHI,Adhi Karya (Persero) Tbk.,--S-180M700000J211------------,268,0,270,260,260,-8,12412300,3267876800,1458,223.7,262,30000,260,142700,8407608979,8407608979,2998994123,907300,1228400,0,0,0
2024-04-24,ADHI,Adhi Karya (Persero) Tbk.,--S-180M700000J211------------,272,0,276,266,268,-4,8868000,2399002400,1304,230.6,268,175100,266,1257000,8407608979,8407608979,2998994123,2488500,758000,88,23584,1
2024-04-23,ADHI,Adhi Karya (Persero) Tbk.,--S-180M700000J211------------,274,0,280,270,272,-2,9375000,2580482400,1422,234.0,274,540000,272,6300,8407608979,8407608979,2998994123,2839800,1373400,43,11997,1
2024-04-22,ADHI,Adhi Karya (Persero) Tbk.,--S-180M700000J211------------,262,0,278,260,274,12,26949300,7349202800,2074,235.8,274,300,272,343000,8407608979,8407608979,2998994123,944200,3054400,25000,6750000,3
2024-04-19,ADHI,Adhi Karya (Persero) Tbk.,--S-180M700000J211------------,272,0,276,256,262,-10,19353100,5083217200,2193,225.4,262,2100,260,537800,8407608979,8407608979,2998994123,1817900,1285700,0,0,0
2024-04-18,ADHI,Adhi Karya (Persero) Tbk.,--S-180M700000J211------------,276,0,280,272,272,-4,8075200,2220032600,1196,234.0,274,2500,272,340500,8407608979,8407608979,2998994123,1428100,944600,0,0,0
2024-04-17,ADHI,Adhi Karya (Persero) Tbk.,--S-180M700000J211------------,276,0,284,276,276,0,11115500,3112020200,1386,237.5,278,209600,276,447600,8407608979,8407608979,2998994123,1872600,1028600,7541,2096480,3
2024-04-06,ADHI,Adhi Karya (Persero) Tbk.,--S-180M700000J211------------,282,0,286,278,282,0,23564600,6637419600,1505,242.6,282,369900,280,1648000,8407608979,8407608979,2998994123,4161100,2395800,0,0,0
2024-04-05,ADHI,Adhi Karya (Persero) Tbk.,--S-180M700000J211------------,282,0,286,278,282,0,23564600,6637419600,1505,242.6,282,369900,280,1648000,8407608979,8407608979,2998994123,4161100,2395800,0,0,0
2024-04-04,ADHI,Adhi Karya (Persero) Tbk.,--S-180M700000J211------------,282,0,288,266,282,0,30424500,8601951600,2021,242.6,284,8000,282,601400,8407608979,8407608979,2998994123,8195400,2631100,0,0,0
2024-04-03,ADHI,Adhi Karya (Persero) Tbk.,--S-180M700000J211------------,288,0,290,282,282,-6,17992900,5097331800,1940,242.6,284,373300,282,6253700,8407608979,8407608979,2998994123,6503400,45000,0,0,0
2024-04-02,ADHI,Adhi Karya (Persero) Tbk.,--S-180M700000J211------------,288,0,296,284,288,0,17874800,5138049000,1793,247.8,290,336000,288,402200,8407608979,8407608979,2998994123,5920600,1543000,0,0,0
2024-04-01,ADHI,Adhi Karya (Persero) Tbk.,--S-180M700000J211------------,292,0,296,284,288,-4,28703600,8279921400,2741,247.8,290,6700,288,21000,8407608979,8407608979,2998994123,4847400,1309100,27,7803,1
2024-03-28,ADHI,Adhi Karya (Persero) Tbk.,--S-180M700000J211------------,302,0,304,292,292,-10,28532400,8397030000,2540,251.3,292,588000,290,3695200,8407608979,8407608979,2998994123,14418300,744400,0,0,0
2024-03-27,ADHI,Adhi Karya (Persero) Tbk.,--S-180M700000J211------------,302,0,308,298,302,0,17001900,5139881800,1625,259.9,304,1630600,302,63900,8407608979,8407608979,2998994123,1931600,2027200,0,0,0
2024-03-26,ADHI,Adhi Karya (Persero) Tbk.,--S-180M700000J211------------,306,0,308,300,302,-4,15607700,4729807600,1180,259.9,304,895500,302,1489300,8407608979,8407608979,2998994123,952000,2753700,0,0,0
2024-03-22,ADHI,Adhi Karya (Persero) Tbk.,--S-180M700000J211------------,308,0,312,304,308,0,17153200,5272570600,1382,265.0,308,831000,306,1881300,8407608979,8407608979,2998994123,918000,4789700,0,0,0
2024-03-21,ADHI,Adhi Karya (Persero) Tbk.,--S-180M700000J211------------,302,0,312,302,308,6,32759000,10048946800,3172,265.0,308,59000,306,504900,8407608979,8407608979,2998994123,1983000,14881700,2500,760000,1
2024-03-20,ADHI,Adhi Karya (Persero) Tbk.,--S-180M700000J211------------,310,0,316,298,302,-8,71070900,21852029400,4140,259.9,302,137900,300,718200,8407608979,8407608979,2998994123,12020900,1770600,0,0,0
2024-03-19,ADHI,Adhi Karya (Persero) Tbk.,--S-180M700000J211------------,302,0,320,298,310,8,90201200,28044503800,5627,266.7,312,1170400,310,4589400,8407608979,8407608979,2998994123,6018600,12418700,0,0,0
2024-03-18,ADHI,Adhi Karya (Persero) Tbk.,--S-180M700000J211------------,290,0,304,290,302,12,46691400,13975855800,3312,259.9,302,2411900,300,709600,8407608979,8407608979,2998994123,2174800,12701400,5000,1480000,1
2024-03-15,ADHI,Adhi Karya (Persero) Tbk.,--S-180M700000J211------------,300,0,302,290,290,-10,77585700,22614344600,2080,249.5,296,58000,290,3661100,8407608979,8407608979,2998994123,62587700,47242200,0,0,0
2024-03-14,ADHI,Adhi Karya (Persero) Tbk.,--S-180M700000J211------------,296,0,302,294,300,4,15375500,4579441400,1770,258.1,300,813900,298,1061500,8407608979,8407608979,2998994123,361100,5205000,0,0,0
2024-03-13,ADHI,Adhi Karya (Persero) Tbk.,--S-180M700000J211------------,298,0,310,296,296,-2,25862400,7728389200,2442,254.7,298,423700,296,1443500,8407608979,8407608979,2998994123,805800,553000,2600,773400,2
2024-03-08,ADHI,Adhi Karya (Persero) Tbk.,--S-180M700000J211------------,292,0,322,296,298,6,160852300,49887839200,10263,256.4,300,294700,298,1188200,8407608979,8407608979,2998994123,11561300,7311600,2500,780000,1
2024-03-07,ADHI,Adhi Karya (Persero) Tbk.,--S-180M700000J211------------,292,0,294,288,292,0,9204100,2679024200,1119,251.3,292,348100,290,261300,8407608979,8407608979,2998994123,730400,264900,0,0,0
2024-03-06,ADHI,Adhi Karya (Persero) Tbk.,--S-180M700000J211------------,290,0,294,288,292,2,18696700,5420463400,1743,251.3,292,613000,290,702400,8407608979,8407608979,2998994123,214500,1592600,0,0,0
2024-03-05,ADHI,Adhi Karya (Persero) Tbk.,--S-180M700000J211------------,284,0,308,284,290,6,119270500,35477512000,6426,249.5,292,398500,290,1253500,8407608979,8407608979,2998994123,35646600,7569400,21500,6390000,4
2024-03-04,ADHI,Adhi Karya (Persero) Tbk.,--S-180M700000J211------------,292,0,296,282,284,-8,24064900,6882899600,2450,244.4,286,683300,284,957600,8407608979,8407608979,2998994123,6281400,433100,0,0,0
2024-03-01,ADHI,Adhi Karya (Persero) Tbk.,--S-180M700000J211------------,296,0,298,290,292,-4,10438800,3061834400,1434,251.3,294,503300,292,180900,8407608979,8407608979,2998994123,3774100,267100,4600,1370800,1
2024-02-29,ADHI,Adhi Karya (Persero) Tbk.,--S-180M700000J211------------,292,0,306,290,296,4,40545400,12138321400,3275,254.7,296,33800,294,650200,8407608979,8407608979,2998994123,12916800,2632100,0,0,0
2024-02-28,ADHI,Adhi Karya (Persero) Tbk.,--S-180M700000J211------------,298,0,300,292,292,-6,10038100,2949873400,1510,251.3,294,10000,292,1044500,8407608979,8407608979,2998994123,1663000,269700,0,0,0
2024-02-27,ADHI,Adhi Karya (Persero) Tbk.,--S-180M700000J211------------,298,0,300,292,292,-6,10038100,2949873400,1510,251.3,294,10000,292,1044500,8407608979,8407608979,2998994123,1663000,269700,0,0,0
2024-02-26,ADHI,Adhi Karya (Persero) Tbk.,--S-180M700000J211------------,300,0,306,296,298,-2,16814100,5037635600,1926,256.4,298,119700,296,1273700,8407608979,8407608979,2998994123,5955700,298200,0,0,0
2024-02-23,ADHI,Adhi Karya (Persero) Tbk.,--S-180M700000J211------------,298,0,304,294,300,2,14637800,4344795600,1584,258.1,300,908200,298,287300,8407608979,8407608979,2998994123,6264500,270000,700,207200,1
2024-02-22,ADHI,Adhi Karya (Persero) Tbk.,--S-180M700000J211------------,296,0,304,296,298,2,21912400,6570169800,2028,256.4,300,1612600,298,800700,8407608979,8407608979,2998994123,3056400,4404800,20500,6068000,1
2024-02-21,ADHI,Adhi Karya (Persero) Tbk.,--S-180M700000J211------------,304,0,308,294,296,-8,32439200,9706441800,2726,254.7,296,261900,294,3015100,8407608979,8407608979,2998994123,6423500,2035100,0,0,0
2024-02-20,ADHI,Adhi Karya (Persero) Tbk.,--S-180M700000J211------------,298,0,310,290,304,6,48335500,14645113000,3786,261.6,306,160300,304,577200,8407608979,8407608979,2998994123,2367400,10735700,0,0,0
2024-02-19,ADHI,Adhi Karya (Persero) Tbk.,--S-180M700000J211------------,322,0,326,294,298,-24,92089000,28115084600,6716,256.4,300,449600,298,350900,8407608979,8407608979,2998994123,4974900,4159700,0,0,0
2024-02-16,ADHI,Adhi Karya (Persero) Tbk.,--S-180M700000J211------------,352,0,364,320,322,-30,269187000,89468403400,14429,277.1,324,385200,322,9379100,8407608979,8407608979,2998994123,51267800,11018400,0,0,0
2024-02-15,ADHI,Adhi Karya (Persero) Tbk.,--S-180M700000J211------------,292,0,362,294,352,60,513955600,174678742400,28632,302.9,354,1220600,352,1649200,8407608979,8407608979,2998994123,71275300,46244300,45574,14706048,11
2024-02-13,ADHI,Adhi Karya (Persero) Tbk.,--S-180M700000J211------------,284,0,290,282,284,0,16528500,4727103000,1233,244.4,286,35000,284,1170600,8407608979,8407608979,2998994123,8963200,997800,0,0,0
2024-02-12,ADHI,Adhi Karya (Persero) Tbk.,--S-180M700000J211------------,284,0,290,282,284,0,16528500,4727103000,1233,244.4,286,35000,284,1170600,8407608979,8407608979,2998994123,8963200,997800,0,0,0
2024-02-07,ADHI,Adhi Karya (Persero) Tbk.,--S-180M700000J211------------,286,0,290,282,284,-2,9708400,2763792000,765,244.4,286,40700,284,439700,8407608979,8407608979,2998994123,3454200,557500,0,0,0
2024-02-06,ADHI,Adhi Karya (Persero) Tbk.,--S-180M700000J211------------,286,0,292,284,286,0,20182500,5795965000,1193,246.1,288,85500,286,4848600,8407608979,8407608979,2998994123,3916800,2529600,12500,3560000,2
2024-02-05,ADHI,Adhi Karya (Persero) Tbk.,--S-180M700000J211------------,282,0,304,280,286,4,49830400,14583524200,3205,246.1,286,1161900,284,418800,8407608979,8407608979,2998994123,5939300,3164000,0,0,0
2024-02-02,ADHI,Adhi Karya (Persero) Tbk.,--S-180M700000J211------------,282,0,284,280,282,0,4191200,1183074000,570,242.6,284,71900,282,735400,8407608979,8407608979,2998994123,597000,36100,0,0,0
2024-02-01,ADHI,Adhi Karya (Persero) Tbk.,--S-180M700000J211------------,282,0,288,280,282,0,9308300,2637037200,1106,242.6,284,191600,282,41300,8407608979,8407608979,2998994123,1678300,792900,0,0,0
2024-01-31,ADHI,Adhi Karya (Persero) Tbk.,--S-180M700000J211------------,282,0,288,280,282,0,9308300,2637037200,1106,242.6,284,191600,282,41300,8407608979,8407608979,2998994123,1678300,792900,0,0,0
2024-01-30,ADHI,Adhi Karya (Persero) Tbk.,--S-180M700000J211------------,286,0,290,280,282,-4,10775500,3048363800,1219,242.6,284,17400,282,423100,8407608979,8407608979,2998994123,4049900,476100,87,24534,1
2024-01-29,ADHI,Adhi Karya (Persero) Tbk.,--S-180M700000J211------------,286,0,294,284,286,0,15033900,4340844800,1324,246.1,288,60200,286,372700,8407608979,8407608979,2998994123,2395900,796600,0,0,0
2024-01-26,ADHI,Adhi Karya (Persero) Tbk.,--S-180M700000J211------------,290,0,292,284,286,-4,7631100,2189656000,1142,246.1,288,339200,286,73600,8407608979,8407608979,2998994123,1293700,121400,0,0,0
2024-01-25,ADHI,Adhi Karya (Persero) Tbk.,--S-180M700000J211------------,290,0,298,286,290,0,6874500,2016597800,1172,249.5,292,237900,290,1042100,8407608979,8407608979,2998994123,2110000,1105800,5100,1479200,2
2024-01-24,ADHI,Adhi Karya (Persero) Tbk.,--S-180M700000J211------------,302,0,304,286,290,-12,27490300,8004403600,2961,249.5,292,436100,290,757000,8407608979,8407608979,2998994123,4685000,445300,0,0,0
2024-01-23,ADHI,Adhi Karya (Persero) Tbk.,--S-180M700000J211------------,302,0,306,298,302,0,11105000,3352538200,1606,259.9,304,744800,302,1208500,8407608979,8407608979,2998994123,2201800,351000,2500,750000,1
2024-01-22,ADHI,Adhi Karya (Persero) Tbk.,--S-180M700000J211------------,320,0,322,298,302,-18,40852400,12487879200,3330,259.9,304,276700,302,1098000,8407608979,8407608979,2998994123,1699800,714000,0,0,0
2024-01-19,ADHI,Adhi Karya (Persero) Tbk.,--S-180M700000J211------------,322,0,324,318,320,-2,6217700,1990305200,657,275.3,322,482000,320,49900,8407608979,8407608979,2998994123,560500,382000,0,0,0
2024-01-18,ADHI,Adhi Karya (Persero) Tbk.,--S-180M700000J211------------,322,0,326,316,322,0,13630800,4358488800,1649,277.1,322,204800,320,1079300,8407608979,8407608979,2998994123,4087400,119500,0,0,0
2024-01-17,ADHI,Adhi Karya (Persero) Tbk.,--S-180M700000J211------------,318,0,336,318,322,4,35956100,11787377400,3562,277.1,324,753900,322,661800,8407608979,8407608979,2998994123,5942900,3585300,6000,1944000,1
2024-01-16,ADHI,Adhi Karya (Persero) Tbk.,--S-180M700000J211------------,314,0,320,314,318,4,9596400,3053746600,1043,273.6,318,19100,316,934200,8407608979,8407608979,2998994123,136300,5288600,0,0,0
2024-01-15,ADHI,Adhi Karya (Persero) Tbk.,--S-180M700000J211------------,316,0,320,312,314,-2,11583600,3660083600,875,270.2,316,520800,314,1466300,8407608979,8407608979,2998994123,638900,584700,0,0,0
2024-01-12,ADHI,Adhi Karya (Persero) Tbk.,--S-180M700000J211------------,318,0,320,312,316,-2,8501700,2677043000,1002,271.9,316,251600,314,284400,8407608979,8407608979,2998994123,838300,66100,0,0,0
2024-01-11,ADHI,Adhi Karya (Persero) Tbk.,--S-180M700000J211------------,312,0,320,312,318,6,13311200,4219016200,1521,273.6,318,1561100,316,205900,8407608979,8407608979,2998994123,351800,3769000,84,26544,1
2024-01-10,ADHI,Adhi Karya (Persero) Tbk.,--S-180M700000J211------------,308,0,316,308,312,4,12351900,3861314400,1184,268.5,314,249900,312,1224500,8407608979,8407608979,2998994123,2658100,943600,0,0,0
2024-01-09,ADHI,Adhi Karya (Persero) Tbk.,--S-180M700000J211------------,312,0,314,308,308,-4,9866200,3063562800,1169,265.0,310,3800,308,3686100,8407608979,8407608979,2998994123,4797800,190700,30000,7020000,1
2024-01-08,ADHI,Adhi Karya (Persero) Tbk.,--S-180M700000J211------------,318,0,326,310,312,-6,30303000,9599646400,2605,268.5,314,65500,312,59900,8407608979,8407608979,2998994123,7893400,3081800,0,0,0
2024-01-05,ADHI,Adhi Karya (Persero) Tbk.,--S-180M700000J211------------,318,0,322,318,318,0,4647900,1483803600,1096,273.6,320,1500300,318,428100,8407608979,8407608979,2998994123,520600,65900,0,0,0
2024-01-04,ADHI,Adhi Karya (Persero) Tbk.,--S-180M700000J211------------,318,0,322,316,318,0,14994000,4785462000,1258,273.6,320,2666500,318,295200,8407608979,8407608979,2998994123,2404200,2512900,0,0,0
2024-01-03,ADHI,Adhi Karya (Persero) Tbk.,--S-180M700000J211------------,318,0,320,312,318,0,11082700,3509886400,980,273.6,318,204700,316,1184800,8407608979,8407608979,2998994123,950000,2774400,0,0,0
2024-01-02,ADHI,Adhi Karya (Persero) Tbk.,--S-180M700000J211------------,312,0,324,310,318,6,22853100,7300916600,2015,273.6,318,115000,316,198600,8407608979,8407608979,2998994123,997300,6230100,53,17066,1
2023-12-29,ADHI,Adhi Karya (Persero) Tbk.,--S-1809700000J211------------,312,0,314,308,312,0,9563000,2974102400,1052,268.5,312,1421800,310,440800,8407608979,8407608979,2998994123,2347800,512300,0,0,0
2023-12-28,ADHI,Adhi Karya (Persero) Tbk.,--S-1809700000J211------------,312,0,318,310,312,0,9444400,2955149600,1233,268.5,312,176600,310,1178600,8407608979,8407608979,2998994123,1284200,1798700,0,0,0
2023-12-27,ADHI,Adhi Karya (Persero) Tbk.,--S-1809700000J211------------,310,0,324,306,312,2,17569000,5549688800,1711,268.5,314,302600,312,306000,8407608979,8407608979,2998994123,1258900,7657600,40,12880,1
2023-12-22,ADHI,Adhi Karya (Persero) Tbk.,--S-1809700000J211------------,316,0,318,306,310,-6,25740800,8012166000,2355,266.7,312,82000,310,3200,8407608979,8407608979,2998994123,4183500,8733000,0,0,0
2023-12-21,ADHI,Adhi Karya (Persero) Tbk.,--S-1809700000J211------------,322,0,322,314,316,-6,13124500,4151636800,1748,271.9,316,369800,314,1457300,8407608979,8407608979,2998994123,2132700,4738200,0,0,0
2023-12-20,ADHI,Adhi Karya (Persero) Tbk.,--S-1809700000J211------------,318,0,326,318,322,4,11040900,3557210600,1381,277.1,322,980100,320,1100400,8407608979,8407608979,2998994123,579900,3726100,28500,9123000,9
2023-12-19,ADHI,Adhi Karya (Persero) Tbk.,--S-1809700000J211------------,324,0,326,312,318,-6,24873000,7874466800,2874,273.6,320,360300,318,19000,8407608979,8407608979,2998994123,3047700,1430200,9000,2842000,3
2023-12-18,ADHI,Adhi Karya (Persero) Tbk.,--S-1809700000J211------------,340,0,346,322,324,-16,37012800,12229201000,3525,278.8,326,299900,324,738700,8407608979,8407608979,2998994123,2611500,1674200,0,0,0
2023-12-15,ADHI,Adhi Karya (Persero) Tbk.,--S-1809700000J211------------,346,0,360,340,340,-6,63903000,22307313000,4846,292.6,340,962600,338,657700,8407608979,8407608979,2998994123,7823600,8422300,4500,1557000,1
2023-12-14,ADHI,Adhi Karya (Persero) Tbk.,--S-1809700000J211------------,330,0,364,330,346,16,183872100,64538012000,9622,297.7,348,151100,346,73100,8407608979,8407608979,2998994123,10024800,16545900,17000,6056000,3
2023-12-13,ADHI,Adhi Karya (Persero) Tbk.,--S-1809700000J211------------,330,0,340,326,330,0,23432300,7789679000,2284,284.0,330,60300,328,1574200,8407608979,8407608979,2998994123,1396200,6867700,0,0,0
2023-12-12,ADHI,Adhi Karya (Persero) Tbk.,--S-1809700000J211------------,338,0,346,324,330,-8,30963500,10272435400,2622,284.0,330,134000,328,70200,8407608979,8407608979,2998994123,2028900,8952600,0,0,0
2023-12-11,ADHI,Adhi Karya (Persero) Tbk.,--S-1809700000J211------------,350,0,356,336,338,-12,24594500,8409244600,2709,290.8,340,754500,338,17500,8407608979,8407608979,2998994123,2394600,6193900,30000,10200000,1
2023-12-08,ADHI,Adhi Karya (Persero) Tbk.,--S-1809700000J211------------,354,0,356,350,350,-4,14919200,5242380200,1718,301.2,352,356100,350,406700,8407608979,8407608979,2998994123,292100,3602000,0,0,0
2023-12-07,ADHI,Adhi Karya (Persero) Tbk.,--S-1809700000J211------------,368,0,370,352,354,-14,19548900,7001917800,2662,304.6,356,1233100,352,1594700,8407608979,8407608979,2998994123,1113900,2253000,0,0,0
2023-12-06,ADHI,Adhi Karya (Persero) Tbk.,--S-1809700000J211------------,372,0,380,366,368,-4,14989200,5565745400,2445,316.6,368,920000,366,590300,8407608979,8407608979,2998994123,612400,2198000,0,0,0
2023-12-05,ADHI,Adhi Karya (Persero) Tbk.,--S-1809700000J211------------,376,0,384,372,372,-4,7596900,2851302600,1761,320.1,374,470700,372,1809500,8407608979,8407608979,2998994123,1011800,2126900,0,0,0
2023-12-04,ADHI,Adhi Karya (Persero) Tbk.,--S-1809700000J211------------,382,0,388,376,376,-6,21609900,8228100800,3034,323.5,376,379000,374,1705000,8407608979,8407608979,2998994123,777200,2612800,188,74448,1
2023-12-01,ADHI,Adhi Karya (Persero) Tbk.,--S-1809700000J211------------,392,0,394,380,382,-10,32025800,12334970000,2936,328.7,384,105000,382,1763700,8407608979,8407608979,2998994123,3038200,1047100,0,0,0
2023-11-30,ADHI,Adhi Karya (Persero) Tbk.,--S-1809700000J211------------,396,0,400,390,392,-4,17319400,6811239800,1729,337.3,392,707200,390,1646600,8407608979,8407608979,2998994123,224600,75300,0,0,0
2023-11-29,ADHI,Adhi Karya (Persero) Tbk.,--S-1809700000J211------------,404,0,406,396,396,-8,11718000,4667650800,1685,340.7,398,2218700,396,239400,8407608979,8407608979,2998994123,2380200,10000,0,0,0
2023-11-28,ADHI,Adhi Karya (Persero) Tbk.,--S-1809700000J211------------,394,0,408,394,404,10,37386600,15072647000,2848,347.6,404,1252500,402,134800,8407608979,8407608979,2998994123,725900,2785200,0,0,0
2023-11-27,ADHI,Adhi Karya (Persero) Tbk.,--S-1809700000J211------------,394,0,402,392,394,0,13731800,5444445800,1495,339.0,394,486900,392,880300,8407608979,8407608979,2998994123,521400,534900,0,0,0
2023-11-24,ADHI,Adhi Karya (Persero) Tbk.,--S-1809700000J211------------,400,0,402,392,394,-6,14495100,5737755200,1606,339.0,394,1445500,392,1206800,8407608979,8407608979,2998994123,342900,953800,0,0,0
2023-11-23,ADHI,Adhi Karya (Persero) Tbk.,--S-1809700000J211------------,398,0,406,394,400,2,10608900,4234232600,1325,344.2,402,352400,400,784100,8407608979,8407608979,2998994123,78300,1162100,0,0,0
2023-11-22,ADHI,Adhi Karya (Persero) Tbk.,--S-1809700000J211------------,404,0,406,396,398,-6,6210300,2477267400,1261,342.5,400,436600,398,201300,8407608979,8407608979,2998994123,571600,125300,0,0,0
2023-11-21,ADHI,Adhi Karya (Persero) Tbk.,--S-1809700000J211------------,410,0,414,402,404,-6,8577800,3471715800,1611,347.6,404,269300,402,1302900,8407608979,8407608979,2998994123,850700,382600,0,0,0
2023-11-20,ADHI,Adhi Karya (Persero) Tbk.,--S-1809700000J211------------,412,0,420,406,410,-2,15455700,6380685200,1936,352.8,410,97100,408,637500,8407608979,8407608979,2998994123,1619200,573200,0,0,0
2023-11-17,ADHI,Adhi Karya (Persero) Tbk.,--S-1809700000J211------------,414,0,426,412,412,-2,27340600,11454994000,2618,354.5,414,159600,412,11200,8407608979,8407608979,2998994123,4728800,541400,32,13312,1
2023-11-16,ADHI,Adhi Karya (Persero) Tbk.,--S-1809700000J211------------,404,0,420,402,414,10,18655800,7707420200,2427,356.2,416,190700,414,208000,8407608979,8407608979,2998994123,577900,2001400,0,0,0
2023-11-15,ADHI,Adhi Karya (Persero) Tbk.,--S-1809700000J211------------,394,0,404,396,404,10,8574200,3440651800,1316,347.6,404,128500,402,32700,8407608979,8407608979,2998994123,131500,2103800,0,0,0
2023-11-14,ADHI,Adhi Karya (Persero) Tbk.,--S-1809700000J211------------,394,0,404,390,394,0,17046800,6794398600,2189,339.0,396,500,394,623500,8407608979,8407608979,2998994123,367400,1984200,0,0,0
2023-11-13,ADHI,Adhi Karya (Persero) Tbk.,--S-1809700000J211------------,400,0,406,394,394,-6,6098000,2427800600,1255,339.0,394,333900,392,413000,8407608979,8407608979,2998994123,475900,569600,0,0,0
2023-11-10,ADHI,Adhi Karya (Persero) Tbk.,--S-1809700000J211------------,406,0,408,398,400,-6,4951700,1993144200,1182,344.2,402,163700,400,97500,8407608979,8407608979,2998994123,872000,43300,0,0,0
2023-11-09,ADHI,Adhi Karya (Persero) Tbk.,--S-1809700000J211------------,406,0,416,404,406,0,6018800,2461684800,948,349.3,408,347800,406,73800,8407608979,8407608979,2998994123,1073400,364100,0,0,0
2023-11-08,ADHI,Adhi Karya (Persero) Tbk.,--S-1809700000J211------------,406,0,418,398,406,0,12571400,5118157800,1711,349.3,408,49100,406,169200,8407608979,8407608979,2998994123,1053700,869800,0,0,0
2023-11-07,ADHI,Adhi Karya (Persero) Tbk.,--S-1809700000J211------------,414,0,418,406,406,-8,4939400,2026695800,993,349.3,408,3000,406,344100,8407608979,8407608979,2998994123,1000900,227600,0,0,0
2023-11-06,ADHI,Adhi Karya (Persero) Tbk.,--S-1809700000J211------------,416,0,424,412,414,-2,7231200,3020144200,1315,356.2,416,24200,414,188900,8407608979,8407608979,2998994123,582900,202500,0,0,0
2023-11-03,ADHI,Adhi Karya (Persero) Tbk.,--S-1809700000J211------------,402,0,424,402,416,14,18743100,7838921400,2428,358.0,416,1006600,414,264600,8407608979,8407608979,2998994123,588700,2303400,0,0,0
2023-11-02,ADHI,Adhi Karya (Persero) Tbk.,--S-1809700000J211------------,392,0,406,392,402,10,8287600,3314597000,1245,345.9,402,16500,400,858800,8407608979,8407608979,2998994123,800200,1453100,0,0,0
2023-11-01,ADHI,Adhi Karya (Persero) Tbk.,--S-1809700000J211------------,402,0,408,390,392,-10,9856600,3921839400,1596,337.3,394,65000,392,110200,8407608979,8407608979,2998994123,1832800,240500,0,0,0
2023-10-31,ADHI,Adhi Karya (Persero) Tbk.,--S-1805700000J211------------,402,0,410,398,402,0,10278100,4138162200,1324,345.9,404,51800,402,228800,8407608979,8407608979,2998994123,251500,1223000,0,0,0
2023-10-30,ADHI,Adhi Karya (Persero) Tbk.,--S-1805700000J211------------,412,0,424,396,402,-10,12054100,4882652200,1910,345.9,404,122700,402,461300,8407608979,8407608979,2998994123,974900,230600,0,0,0
2023-10-27,ADHI,Adhi Karya (Persero) Tbk.,--S-1805700000J211------------,418,0,424,408,412,-6,14373100,5971324200,1954,354.5,412,44100,410,950900,8407608979,8407608979,2998994123,1274100,1788500,0,0,0
2023-10-26,ADHI,Adhi Karya (Persero) Tbk.,--S-1805700000J211------------,448,0,448,414,418,-30,34295600,14707839200,3533,359.7,420,105100,418,497400,8407608979,8407608979,2998994123,7236800,360700,27,11340,1
2023-10-25,ADHI,Adhi Karya (Persero) Tbk.,--S-1805700000J211------------,450,0,454,444,448,-2,5818300,2607067800,1086,385.5,450,211100,448,12800,8407608979,8407608979,2998994123,304100,286800,0,0,0
2023-10-24,ADHI,Adhi Karya (Persero) Tbk.,--S-1805700000J211------------,446,0,456,444,450,4,7776800,3501908200,1145,387.2,450,203200,448,15400,8407608979,8407608979,2998994123,340500,465800,0,0,0
2023-10-23,ADHI,Adhi Karya (Persero) Tbk.,--S-1805700000J211------------,454,0,458,440,446,-8,11775300,5247450400,1667,383.8,446,205900,444,225800,8407608979,8407608979,2998994123,1282200,1236700,0,0,0
2023-10-20,ADHI,Adhi Karya (Persero) Tbk.,--S-1805700000J211------------,452,0,460,450,454,2,8916700,4056512000,1219,390.6,456,107400,454,500,8407608979,8407608979,2998994123,1108800,830500,0,0,0
2023-10-19,ADHI,Adhi Karya (Persero) Tbk.,--S-1805700000J211------------,466,0,470,450,452,-14,17798000,8121930000,2261,388.9,452,2146100,450,271300,8407608979,8407608979,2998994123,5364900,29200,9200,3450000,1
2023-10-18,ADHI,Adhi Karya (Persero) Tbk.,--S-1805700000J211------------,478,0,480,464,466,-12,11114400,5226353600,1791,401.0,468,92700,466,269200,8407608979,8407608979,2998994123,2029200,692200,0,0,0
2023-10-17,ADHI,Adhi Karya (Persero) Tbk.,--S-1805700000J211------------,452,0,482,454,478,26,31254100,14711660800,2992,411.3,478,998900,476,30100,8407608979,8407608979,2998994123,806700,7365100,0,0,0
2023-10-16,ADHI,Adhi Karya (Persero) Tbk.,--S-1805700000J211------------,468,0,472,448,452,-16,21938400,9967036600,2418,388.9,454,26500,452,399200,8407608979,8407608979,2998994123,3944900,726100,0,0,0
2023-10-13,ADHI,Adhi Karya (Persero) Tbk.,--S-1805700000J211------------,470,0,490,464,468,-2,29768800,14208769000,2824,402.7,470,706200,468,50900,8407608979,8407608979,2998994123,3576300,2131500,0,0,0
2023-10-12,ADHI,Adhi Karya (Persero) Tbk.,--S-1805700000J211------------,478,0,484,468,470,-8,15750200,7451395800,1834,404.4,472,688200,470,820300,8407608979,8407608979,2998994123,2442400,821800,0,0,0
2023-10-11,ADHI,Adhi Karya (Persero) Tbk.,--S-1805700000J211------------,464,0,488,464,478,14,38864800,18574043800,3248,411.3,480,257700,478,271600,8407608979,8407608979,2998994123,2227300,8936400,0,0,0
2023-10-10,ADHI,Adhi Karya (Persero) Tbk.,--S-1805700000J211------------,448,0,466,448,464,16,23802700,10931829600,1754,399.3,464,823500,462,35500,8407608979,8407608979,2998994123,480500,2503600,0,0,0
2023-10-09,ADHI,Adhi Karya (Persero) Tbk.,--S-1805700000J211------------,444,0,456,444,448,4,13444300,6052903000,1433,385.5,450,45400,448,251400,8407608979,8407608979,2998994123,1552200,1506300,0,0,0
2023-10-06,ADHI,Adhi Karya (Persero) Tbk.,--S-1805700000J211------------,458,0,462,444,444,-14,14687100,6598650400,1783,382.0,446,40800,444,677900,8407608979,8407608979,2998994123,532400,773700,5000,1800000,1
2023-10-05,ADHI,Adhi Karya (Persero) Tbk.,--S-1805700000J211------------,440,0,466,440,458,18,30595300,13939806600,2483,394.1,460,128100,458,192500,8407608979,8407608979,2998994123,810300,3056700,0,0,0
2023-10-04,ADHI,Adhi Karya (Persero) Tbk.,--S-1805700000J211------------,458,0,462,440,440,-18,33397000,14885816800,3343,378.6,442,104600,440,3000,8407608979,8407608979,2998994123,3068000,940100,0,0,0
2023-10-03,ADHI,Adhi Karya (Persero) Tbk.,--S-1805700000J211------------,474,0,480,458,458,-16,37329200,17384672800,4052,394.1,460,76400,458,320200,8407608979,8407608979,2998994123,3122900,1459800,0,0,0
2023-10-02,ADHI,Adhi Karya (Persero) Tbk.,--S-1805700000J211------------,476,0,480,460,474,-2,39300800,18490865600,3783,407.9,474,375600,472,645000,8407608979,8407608979,2998994123,2993400,2804700,0,0,0
2023-09-29,ADHI,Adhi Karya (Persero) Tbk.,--S-1805700000J211------------,480,0,492,474,476,-4,27585700,13300904600,2541,409.6,478,13500,476,1943100,8407608979,8407608979,2998994123,3251100,754200,0,0,0
2023-09-27,ADHI,Adhi Karya (Persero) Tbk.,--S-1805700000J211------------,480,0,492,476,480,0,26094600,12627556600,2738,413.0,482,32100,480,602300,8407608979,8407608979,2998994123,4661300,513600,0,0,0
2023-09-26,ADHI,Adhi Karya (Persero) Tbk.,--S-1805700000J211------------,490,0,510,472,480,-10,49669400,24346590000,4285,413.0,480,2225900,478,326200,8407608979,8407608979,2998994123,4632300,1431700,1000,505000,1
2023-09-25,ADHI,Adhi Karya (Persero) Tbk.,--S-1805700000J211------------,505,0,515,490,490,-15,39845200,19832169300,4668,421.6,490,216000,488,1154000,8407608979,8407608979,2998994123,6625200,1435600,0,0,0
2023-09-22,ADHI,Adhi Karya (Persero) Tbk.,--S-1805700000J211------------,466,0,510,464,505,39,117818400,58425725800,7732,434.5,505,1233900,500,294300,8407608979,8407608979,2998994123,3190300,20571700,0,0,0
2023-09-21,ADHI,Adhi Karya (Persero) Tbk.,--S-1805700000J211------------,482,0,484,464,466,-16,22067800,10411408200,2598,401.0,468,140900,466,1177000,8407608979,8407608979,2998994123,3282400,278900,0,0,0
2023-09-20,ADHI,Adhi Karya (Persero) Tbk.,--S-1805700000J211------------,474,0,494,474,482,8,45073300,21879421800,4099,414.7,482,623400,480,304000,8407608979,8407608979,2998994123,5948800,4594800,0,0,0
2023-09-19,ADHI,Adhi Karya (Persero) Tbk.,--S-1805700000J211------------,458,0,478,458,474,16,27821000,13171921400,3099,407.9,474,1144500,472,208900,8407608979,8407608979,2998994123,2763000,3478000,2500,1175000,1
2023-09-18,ADHI,Adhi Karya (Persero) Tbk.,--S-1805700000J211------------,460,0,468,456,458,-2,14406500,6657516200,2036,394.1,460,858300,458,1405400,8407608979,8407608979,2998994123,2656000,63800,500,231000,1
2023-09-15,ADHI,Adhi Karya (Persero) Tbk.,--S-1805700000J211------------,476,0,482,460,460,-16,28396800,13272796800,3033,395.8,466,5400,460,1699000,8407608979,8407608979,2998994123,12534500,2823800,0,0,0
2023-09-14,ADHI,Adhi Karya (Persero) Tbk.,--S-1805700000J211------------,486,0,490,474,476,-10,29333200,14072507000,3659,409.6,478,20600,476,696500,8407608979,8407608979,2998994123,5172200,1144700,0,0,0
2023-09-13,ADHI,Adhi Karya (Persero) Tbk.,--S-1805700000J211------------,454,0,488,458,486,32,69206400,32964663800,5994,418.2,486,282300,484,523200,8407608979,8407608979,2998994123,1331200,10543000,0,0,0
2023-09-12,ADHI,Adhi Karya (Persero) Tbk.,--S-1805700000J211------------,460,0,468,450,454,-6,33573300,15265634800,3348,390.6,456,288900,454,64500,8407608979,8407608979,2998994123,2479300,2144700,0,0,0
2023-09-11,ADHI,Adhi Karya (Persero) Tbk.,--S-1805700000J211------------,468,0,494,456,460,-8,75314700,36114866000,7649,395.8,462,190500,460,891100,8407608979,8407608979,2998994123,12522100,665100,0,0,0
2023-09-08,ADHI,Adhi Karya (Persero) Tbk.,--S-1805700000J211------------,434,0,486,434,468,34,108223500,51005933000,9104,402.7,470,171400,468,384400,8407608979,8407608979,2998994123,4915200,13723900,0,0,0
2023-09-07,ADHI,Adhi Karya (Persero) Tbk.,--S-1805700000J211------------,440,0,446,432,434,-6,10217000,4479511600,1312,373.4,434,28600,432,539500,8407608979,8407608979,2998994123,1345700,796800,0,0,0
2023-09-06,ADHI,Adhi Karya (Persero) Tbk.,--S-1805700000J211------------,424,0,446,424,440,16,23532500,10327044800,3056,378.6,442,132900,440,35700,8407608979,8407608979,2998994123,428600,2521500,0,0,0
2023-09-05,ADHI,Adhi Karya (Persero) Tbk.,--S-1805700000J211------------,422,0,432,420,424,2,12565300,5343316800,1491,364.8,426,441000,424,534900,8407608979,8407608979,2998994123,311100,893900,0,0,0
2023-09-04,ADHI,Adhi Karya (Persero) Tbk.,--S-1805700000J211------------,434,0,438,420,422,-12,13412300,5701297200,2222,363.1,424,1095300,422,411200,8407608979,8407608979,2998994123,1484600,364400,0,0,0
2023-09-01,ADHI,Adhi Karya (Persero) Tbk.,--S-1805700000J211------------,432,0,440,432,434,2,7888000,3432083400,1218,373.4,434,2300,432,77900,8407608979,8407608979,2998994123,202900,1407100,0,0,0
2023-08-31,ADHI,Adhi Karya (Persero) Tbk.,--S-1805700000J211------------,442,0,446,430,432,-10,9885700,4307416200,1804,371.7,434,108400,432,13500,8407608979,8407608979,2998994123,1765900,109600,0,0,0
2023-08-30,ADHI,Adhi Karya (Persero) Tbk.,--S-1805700000J211------------,446,0,454,440,442,-4,17977800,8044556400,2148,380.3,442,286100,440,780400,8407608979,8407608979,2998994123,2841700,755900,61,27206,1
2023-08-29,ADHI,Adhi Karya (Persero) Tbk.,--S-1805700000J211------------,420,0,452,422,446,26,37311400,16469886200,4172,383.8,448,99800,446,443500,8407608979,8407608979,2998994123,1099600,5962600,0,0,0
2023-08-28,ADHI,Adhi Karya (Persero) Tbk.,--S-1805700000J211------------,418,0,426,420,420,2,4950700,2086746200,919,361.4,422,68100,420,4800,8407608979,8407608979,2998994123,229600,1024800,0,0,0
2023-08-25,ADHI,Adhi Karya (Persero) Tbk.,--S-1805700000J211------------,418,0,422,416,418,0,3527400,1474554000,760,359.7,420,258100,418,5400,8407608979,8407608979,2998994123,112900,164100,0,0,0
2023-08-24,ADHI,Adhi Karya (Persero) Tbk.,--S-1805700000J211------------,422,0,426,416,418,-4,6361100,2665838200,1266,359.7,418,216000,416,1076800,8407608979,8407608979,2998994123,695100,355200,90900,49995000,1
2023-08-23,ADHI,Adhi Karya (Persero) Tbk.,--S-1805700000J211------------,420,0,430,418,422,2,9204500,3895935600,1448,363.1,424,371000,422,27000,8407608979,8407608979,2998994123,218800,274500,0,0,0
2023-08-22,ADHI,Adhi Karya (Persero) Tbk.,--S-1805700000J211------------,430,0,432,416,420,-10,20529400,8631851600,2638,361.4,422,344800,420,26600,8407608979,8407608979,2998994123,461800,885500,0,0,0
2023-08-21,ADHI,Adhi Karya (Persero) Tbk.,--S-1805700000J211------------,442,0,446,430,430,-12,10730200,4668327200,1910,370.0,432,980900,430,539900,8407608979,8407608979,2998994123,2016400,403300,0,0,0
2023-08-18,ADHI,Adhi Karya (Persero) Tbk.,--S-1805700000J211------------,448,0,454,440,442,-6,10783300,4819760600,1391,380.3,444,185900,442,80700,8407608979,8407608979,2998994123,315100,1084100,0,0,0
2023-08-16,ADHI,Adhi Karya (Persero) Tbk.,--S-1805700000J211------------,452,0,458,446,448,-4,8518900,3848352800,1634,385.5,450,257800,448,232300,8407608979,8407608979,2998994123,1225600,574500,0,0,0
2023-08-15,ADHI,Adhi Karya (Persero) Tbk.,--S-1805700000J211------------,440,0,452,440,452,12,13441100,6017077000,1459,388.9,452,271700,450,38000,8407608979,8407608979,2998994123,456400,2055600,0,0,0
2023-08-14,ADHI,Adhi Karya (Persero) Tbk.,--S-1805700000J211------------,446,0,450,438,440,-6,7844600,3462293000,1471,378.6,442,425300,440,132700,8407608979,8407608979,2998994123,2318800,17500,0,0,0
2023-08-11,ADHI,Adhi Karya (Persero) Tbk.,--S-1805700000J211------------,434,0,454,434,446,12,19871500,8895102600,2533,383.8,448,197400,446,58200,8407608979,8407608979,2998994123,2051400,1815300,60,26880,1
2023-08-10,ADHI,Adhi Karya (Persero) Tbk.,--S-1805700000J211------------,430,0,440,428,434,4,9202600,4011211600,1317,373.4,436,153000,434,53900,8407608979,8407608979,2998994123,549400,2091500,0,0,0
2023-08-09,ADHI,Adhi Karya (Persero) Tbk.,--S-1805700000J211------------,434,0,438,428,430,-4,12794900,5515974000,1843,370.0,432,270800,430,388800,8407608979,8407608979,2998994123,1007400,613500,89,39338,1
2023-08-08,ADHI,Adhi Karya (Persero) Tbk.,--S-1805700000J211------------,442,0,446,432,434,-8,16323600,7133457800,2526,373.4,434,138800,432,2639900,8407608979,8407608979,2998994123,1422900,1304400,0,0,0
2023-08-07,ADHI,Adhi Karya (Persero) Tbk.,--S-1805700000J211------------,458,0,460,442,442,-16,24758600,11059911200,3295,380.3,442,54900,440,1338600,8407608979,8407608979,2998994123,4216800,166400,27001300,12366595400,1
2023-08-04,ADHI,Adhi Karya (Persero) Tbk.,--S-1805700000J211------------,452,0,466,454,458,6,8699900,3996067600,1464,394.1,460,718500,458,187300,8407608979,8407608979,2998994123,1180200,1253700,0,0,0
2023-08-03,ADHI,Adhi Karya (Persero) Tbk.,--S-1805700000J211------------,456,0,462,450,452,-4,15225100,6919364600,2055,388.9,454,4700,452,69900,8407608979,8407608979,2998994123,1576200,1467800,0,0,0
2023-08-02,ADHI,Adhi Karya (Persero) Tbk.,--S-1805700000J211------------,470,0,472,452,456,-14,16127400,7407284000,2123,392.4,456,71200,454,756900,8407608979,8407608979,2998994123,2046800,680700,0,0,0
2023-08-01,ADHI,Adhi Karya (Persero) Tbk.,--S-1805700000J211------------,476,0,482,454,470,-6,32916600,15251878800,3219,404.4,472,252300,470,13800,8407608979,8407608979,2998994123,3976100,3980500,0,0,0
2023-07-31,ADHI,Adhi Karya (Persero) Tbk.,--S-1805700000J211------------,476,0,488,474,476,0,12659800,6109359400,2104,409.6,478,8400,476,845000,8407608979,8407608979,2998994123,1383900,2564000,0,0,0
2023-07-28,ADHI,Adhi Karya (Persero) Tbk.,--S-1805700000J211------------,488,0,490,472,476,-12,13648700,6528521600,2136,409.6,476,200200,474,996800,8407608979,8407608979,2998994123,2533400,13700,130000,62660000,1
2023-07-27,ADHI,Adhi Karya (Persero) Tbk.,--S-1805700000J211------------,484,0,494,484,488,4,9646500,4717365400,2197,419.9,488,34500,486,107800,8407608979,8407608979,2998994123,1144700,1712200,0,0,0
2023-07-26,ADHI,Adhi Karya (Persero) Tbk.,--S-1805700000J211------------,490,0,494,482,484,-6,14867600,7234994800,2550,416.5,486,645500,484,72700,8407608979,8407608979,2998994123,1469500,1096800,0,0,0
2023-07-25,ADHI,Adhi Karya (Persero) Tbk.,--S-1805700000J211------------,498,0,505,482,490,-8,29345300,14437968600,3560,421.6,492,174400,490,1579400,8407608979,8407608979,2998994123,4295000,1351500,0,0,0
2023-07-24,ADHI,Adhi Karya (Persero) Tbk.,--S-1805700000J211------------,496,0,515,494,498,2,30012600,15093722500,2497,428.5,500,44500,498,376200,8407608979,8407608979,2998994123,1576800,3717200,0,0,0
2023-07-21,ADHI,Adhi Karya (Persero) Tbk.,--S-1805700000J211------------,505,0,515,492,496,-9,16936500,8442542800,2462,426.8,498,125100,496,183900,8407608979,8407608979,2998994123,1165600,1221000,4,1400,1
2023-07-20,ADHI,Adhi Karya (Persero) Tbk.,--S-1805700000J211------------,515,0,530,500,505,-10,20281300,10318521500,2258,434.5,510,1158200,505,642400,8407608979,8407608979,2998994123,3336500,888200,0,0,0
2023-07-18,ADHI,Adhi Karya (Persero) Tbk.,--S-1805700000J211------------,525,0,535,498,515,-10,63126500,32219691200,6067,443.1,515,5196200,510,314700,8407608979,8407608979,2998994123,8813100,1712100,0,0,0
2023-07-17,ADHI,Adhi Karya (Persero) Tbk.,--S-1805700000J211------------,488,0,525,488,525,37,99957500,50614117800,7352,451.7,525,272500,520,148200,8407608979,8407608979,2998994123,2395900,15595400,0,0,0
2023-07-14,ADHI,Adhi Karya (Persero) Tbk.,--S-1805700000J211------------,474,0,488,472,488,14,53651900,25795986200,5135,419.9,488,550400,486,28900,8407608979,8407608979,2998994123,8223500,1869000,5200,2464800,1
2023-07-13,ADHI,Adhi Karya (Persero) Tbk.,--S-1805700000J211------------,452,0,476,452,474,22,40254800,18794201400,4492,407.9,476,1692400,474,311300,8407608979,8407608979,2998994123,137400,4050900,70,24500,1
2023-07-12,ADHI,Adhi Karya (Persero) Tbk.,--S-1805700000J211------------,448,0,460,446,452,4,10877700,4930918400,1844,388.9,452,12900,450,376500,8407608979,8407608979,2998994123,600700,2039600,130037,53576798,2
2023-07-11,ADHI,Adhi Karya (Persero) Tbk.,--S-1805700000J211------------,454,0,458,448,448,-6,11746700,5302402800,2060,385.5,450,17200,448,138000,8407608979,8407608979,2998994123,1604100,26600,0,0,0
2023-07-10,ADHI,Adhi Karya (Persero) Tbk.,--S-1805700000J211------------,456,0,466,452,454,-2,15185000,6965987800,2346,390.6,454,195200,452,442100,8407608979,8407608979,2998994123,1266200,896400,0,0,0
2023-07-07,ADHI,Adhi Karya (Persero) Tbk.,--S-1805700000J211------------,454,0,460,452,456,2,6758000,3083044000,1493,392.4,458,803000,454,273600,8407608979,8407608979,2998994123,634200,628500,0,0,0
2023-07-06,ADHI,Adhi Karya (Persero) Tbk.,--S-1805700000J211------------,466,0,470,454,454,-12,21659200,9970379600,3278,390.6,456,60000,454,49400,8407608979,8407608979,2998994123,4679300,48000,0,0,0
2023-07-05,ADHI,Adhi Karya (Persero) Tbk.,--S-1805700000J211------------,448,0,474,442,466,18,35181500,16206233800,5286,401.0,468,539300,466,74500,8407608979,8407608979,2998994123,3017800,3477400,0,0,0
2023-07-04,ADHI,Adhi Karya (Persero) Tbk.,--S-1805700000J211------------,450,0,458,442,448,-2,11368700,5117594400,2193,385.5,450,235100,448,187500,8407608979,8407608979,2998994123,911700,1821200,0,0,0
2023-07-03,ADHI,Adhi Karya (Persero) Tbk.,--S-1805700000J211------------,450,0,460,450,450,0,9713100,4408853000,1773,387.2,452,162900,450,897500,8407608979,8407608979,2998994123,3056000,1055700,0,0,0
2023-06-27,ADHI,Adhi Karya (Persero) Tbk.,--S-1805700000J211------------,456,0,462,450,450,-6,14329800,6500003600,1987,387.2,452,4800,450,730900,8407608979,8407608979,2998994123,430200,1252200,4386000,2000016000,1
2023-06-26,ADHI,Adhi Karya (Persero) Tbk.,--S-1805700000J211------------,460,0,466,450,456,-4,22628500,10350725600,2032,392.4,458,557100,456,474200,8407608979,8407608979,2998994123,2006000,3866900,0,0,0
2023-06-23,ADHI,Adhi Karya (Persero) Tbk.,--S-1805700000J211------------,472,0,476,454,460,-12,27159000,12549668800,3533,395.8,460,834400,458,769900,8407608979,8407608979,2998994123,3396700,2399900,0,0,0
2023-06-22,ADHI,Adhi Karya (Persero) Tbk.,--S-1805700000J211------------,482,0,492,472,472,-10,23254300,11126426200,3229,406.1,474,218700,472,63300,8407608979,8407608979,2998994123,5067900,46900,0,0,0
2023-06-21,ADHI,Adhi Karya (Persero) Tbk.,--S-1805700000J211------------,476,0,496,474,482,6,33014000,15972156400,3896,414.7,484,196500,482,348800,8407608979,8407608979,2998994123,1030600,2274100,0,0,0
2023-06-20,ADHI,Adhi Karya (Persero) Tbk.,--S-1805700000J211------------,492,0,505,474,476,-16,64296900,31452900600,6878,409.6,478,119200,476,900,8407608979,8407608979,2998994123,12402100,2770400,0,0,0
2023-06-19,ADHI,Adhi Karya (Persero) Tbk.,--S-1805700000J211------------,444,0,496,444,492,48,79455500,37995538600,9047,423.3,494,959100,492,2127000,8407608979,8407608979,2998994123,4300800,4638300,2249,1020556,3
2023-06-16,ADHI,Adhi Karya (Persero) Tbk.,--S-1805700000J211------------,452,0,454,438,444,-8,40242300,17879793200,2797,382.0,444,93500,442,146100,8407608979,8407608979,2998994123,23364900,24654200,0,0,0
2023-06-15,ADHI,Adhi Karya (Persero) Tbk.,--S-1805700000J211------------,472,0,474,442,452,-20,32416000,14822309800,4076,388.9,452,170200,450,379200,8407608979,8407608979,2998994123,3142900,2184100,0,0,0
2023-06-14,ADHI,Adhi Karya (Persero) Tbk.,--S-1805700000J211------------,462,0,476,456,472,10,39828000,18622713400,5042,406.1,474,170200,472,446000,8407608979,8407608979,2998994123,4875500,1579900,0,0,0
2023-06-13,ADHI,Adhi Karya (Persero) Tbk.,--S-1805700000J211------------,420,0,462,414,462,42,76747900,34181137400,6768,397.5,462,525500,460,159000,8407608979,8407608979,2998994123,1383600,9542900,0,0,0
2023-06-12,ADHI,Adhi Karya (Persero) Tbk.,--S-1805700000J211------------,422,0,432,406,420,-2,37381300,15675526000,4125,361.4,420,870700,418,351800,8407608979,8407608979,2998994123,1735200,6912300,14220000,6000840000,1
2023-06-09,ADHI,Adhi Karya (Persero) Tbk.,--S-1805700000J211------------,408,0,428,408,422,14,52176600,21917655000,4919,363.1,422,633800,420,289500,8407608979,8407608979,2998994123,2980800,7309900,0,0,0
2023-06-08,ADHI,Adhi Karya (Persero) Tbk.,--S-1805700000J211------------,378,0,412,376,408,30,73954900,29350611000,5640,351.1,410,1271700,408,150900,8407608979,8407608979,2998994123,4057500,5907200,11,4246,1
2023-06-07,ADHI,Adhi Karya (Persero) Tbk.,--S-1805700000J211------------,378,0,388,364,378,0,48907600,18398576000,11483,325.3,378,60000,376,589100,8407608979,8407608979,2998994123,6192500,6305400,20000,6960000,1
2023-06-06,ADHI,Adhi Karya (Persero) Tbk.,--S-1805700000J211------------,348,0,400,348,378,30,90234600,34300695000,7750,325.3,378,117400,376,161100,8407608979,8407608979,2998994123,8455200,15655300,0,0,0
2023-06-05,ADHI,Adhi Karya (Persero) Tbk.,--S-1805700000J211------------,338,0,352,336,348,10,10348400,3578898800,1409,299.4,348,969800,346,255200,8407608979,8407608979,2998994123,360000,5742900,0,0,0
2023-05-31,ADHI,Adhi Karya (Persero) Tbk.,--S-1805700000J211------------,342,0,346,336,338,-4,3893300,1319522000,872,290.8,338,62900,336,265300,8407608979,8407608979,2998994123,99100,16600,6900000,2346000000,7
2023-05-30,ADHI,Adhi Karya (Persero) Tbk.,--S-1805700000J211------------,334,0,348,332,342,8,8901100,3041074000,1204,294.3,344,78600,340,86200,8407608979,8407608979,2998994123,213200,601600,10234000,3500028000,1
2023-05-29,ADHI,Adhi Karya (Persero) Tbk.,--S-1805700000J211------------,342,0,344,330,334,-8,7363100,2467069200,1401,287.4,334,47900,332,1018900,8407608979,8407608979,2998994123,159000,108300,0,0,0
2023-05-26,ADHI,Adhi Karya (Persero) Tbk.,--S-1805700000J211------------,342,0,348,342,342,0,2653800,913251600,743,294.3,344,101200,342,214700,8407608979,8407608979,2998994123,9900,152600,0,0,0
2023-05-25,ADHI,Adhi Karya (Persero) Tbk.,--S-1805700000J211------------,344,0,348,340,342,-2,5200800,1789736200,864,294.3,344,122800,342,165600,8407608979,8407608979,2998994123,204400,2300,0,0,0
2023-05-24,ADHI,Adhi Karya (Persero) Tbk.,--S-1805700000J211------------,348,0,352,344,344,-4,5867000,2033070200,1015,296.0,346,30600,344,244800,8407608979,8407608979,2998994123,490100,20700,107,36808,1
2023-05-23,ADHI,Adhi Karya (Persero) Tbk.,--S-1805700000J211------------,346,0,356,344,348,2,10293500,3609517800,1255,299.4,348,66500,346,1370000,8407608979,8407608979,2998994123,365300,454100,906,313500,3
2023-05-22,ADHI,Adhi Karya (Persero) Tbk.,--S-1805700000J211------------,346,0,350,330,346,0,19995200,6801989800,2045,297.7,346,858800,344,161400,8407608979,8407608979,2998994123,1583000,2091800,505,173710,2
2023-05-19,ADHI,Adhi Karya (Persero) Tbk.,--S-1805700000J211------------,370,0,380,346,346,-24,37182100,13027129400,3932,297.7,346,355700,0,0,8407608979,8407608979,2998994123,313200,229900,38200,14668800,1
2023-05-17,ADHI,Adhi Karya (Persero) Tbk.,--S-1805700000J211------------,382,0,384,370,370,-12,13074700,4905435000,1774,318.4,372,42600,370,1958100,8407608979,8407608979,2998994123,64100,221900,0,0,0
2023-05-16,ADHI,Adhi Karya (Persero) Tbk.,--S-1805700000J211------------,384,0,388,380,382,-2,9676800,3709834000,1133,328.7,382,137300,380,1766300,8407608979,8407608979,2998994123,2001500,523000,0,0,0
2023-05-15,ADHI,Adhi Karya (Persero) Tbk.,--S-1805700000J211------------,384,0,388,382,384,0,7102300,2734334800,1007,330.4,386,206200,384,362600,8407608979,8407608979,2998994123,316100,895100,126200,91495000,1
2023-05-12,ADHI,Adhi Karya (Persero) Tbk.,--S-1805700000J211------------,384,0,388,380,384,0,9618400,3684650400,1389,330.4,386,50000,384,876000,8407608979,8407608979,2998994123,1348100,92300,0,0,0
2023-05-11,ADHI,Adhi Karya (Persero) Tbk.,--S-1805700000J211------------,396,0,398,384,384,-12,16118100,6237215000,2662,330.4,386,380700,384,717000,8407608979,8407608979,2998994123,5201400,47600,0,0,0
2023-05-10,ADHI,Adhi Karya (Persero) Tbk.,--S-1805700000J211------------,400,0,404,394,396,-4,7117800,2831424400,1284,340.7,398,39200,396,836100,8407608979,8407608979,2998994123,179700,698700,0,0,0
2023-05-09,ADHI,Adhi Karya (Persero) Tbk.,--S-1805700000J211------------,388,0,402,388,400,12,10355200,4079939000,1556,344.2,400,200,398,408000,8407608979,8407608979,2998994123,713500,2996500,0,0,0
2023-05-08,ADHI,Adhi Karya (Persero) Tbk.,--S-1805700000J211------------,392,0,398,388,388,-4,15518700,6071789800,2392,333.9,390,247800,388,617700,8407608979,8407608979,2998994123,2913800,227000,0,0,0
2023-05-05,ADHI,Adhi Karya (Persero) Tbk.,--S-1805700000J211------------,408,0,410,392,392,-16,19567500,7778813800,2434,337.3,394,13100,392,1353000,8407608979,8407608979,2998994123,5314100,817300,50,20200,1
2023-05-04,ADHI,Adhi Karya (Persero) Tbk.,--S-1805700000J211------------,402,0,412,402,408,6,8459800,3448891200,1228,351.1,408,1108300,406,1209300,8407608979,8407608979,2998994123,436000,2765500,0,0,0
2023-05-03,ADHI,Adhi Karya (Persero) Tbk.,--S-1805700000J211------------,414,0,414,400,402,-12,16331500,6600704400,1987,345.9,404,134900,402,1700,8407608979,8407608979,2998994123,7063500,304900,0,0,0
2023-05-02,ADHI,Adhi Karya (Persero) Tbk.,--S-1805700000J211------------,436,0,438,412,414,-22,15241100,6406774400,2596,356.2,416,122100,414,752600,8407608979,8407608979,2998994123,4555900,555100,0,0,0
2023-04-28,ADHI,Adhi Karya (Persero) Tbk.,--S-1805700000J211------------,434,0,438,430,436,2,11637200,5059687200,1272,375.2,436,667400,434,282000,8407608979,8407608979,2998994123,893200,800000,4511300,1957904200,2
2023-04-27,ADHI,Adhi Karya (Persero) Tbk.,--S-1805700000J211------------,420,0,444,420,434,14,30417700,13224410600,3295,373.4,436,249700,434,156600,8407608979,8407608979,2998994123,174300,6840300,0,0,0
2023-04-26,ADHI,Adhi Karya (Persero) Tbk.,--S-1805700000J211------------,404,0,426,398,420,16,21454500,8884995200,2247,361.4,422,375500,420,40600,8407608979,8407608979,2998994123,4102200,7221600,0,0,0
2023-04-18,ADHI,Adhi Karya (Persero) Tbk.,--S-1805700000J211------------,404,0,408,400,404,0,6115600,2465353200,940,347.6,404,18400,402,131900,8407608979,8407608979,2998994123,375900,815100,12500,4725000,1
2023-04-17,ADHI,Adhi Karya (Persero) Tbk.,--S-1805700000J211------------,398,0,412,398,404,6,10534800,4281601800,1345,347.6,404,235000,402,477700,8407608979,8407608979,2998994123,1215900,1720000,0,0,0
2023-04-14,ADHI,Adhi Karya (Persero) Tbk.,--S-1805700000J211------------,404,0,410,396,398,-6,7232100,2896363400,1308,342.5,400,194700,398,238600,8407608979,8407608979,2998994123,2095300,568800,0,0,0
2023-04-13,ADHI,Adhi Karya (Persero) Tbk.,--S-1805700000J211------------,404,0,416,402,404,0,12462600,5102146800,1889,347.6,406,6100,404,34700,8407608979,8407608979,2998994123,918300,3606800,0,0,0
2023-04-12,ADHI,Adhi Karya (Persero) Tbk.,--S-1805700000J211------------,388,0,406,386,404,16,23927500,9555347200,2436,347.6,404,404900,402,461300,8407608979,8407608979,2998994123,118700,7399600,2,800,2
2023-04-11,ADHI,Adhi Karya (Persero) Tbk.,--S-1805700000J211------------,400,0,404,374,388,-12,50349900,19343685200,4035,333.9,390,36900,388,200300,8407608979,8407608979,2998994123,3320000,4118000,0,0,0
2023-04-10,ADHI,Adhi Karya (Persero) Tbk.,--S-1805700000J211------------,408,0,410,396,400,-8,12589200,5043572800,1636,344.2,400,599600,398,1043800,8407608979,8407608979,2998994123,1296600,138400,0,0,0
2023-04-06,ADHI,Adhi Karya (Persero) Tbk.,--S-1805700000J211------------,408,0,410,404,408,0,4682900,1905146400,891,351.1,408,363100,406,363900,8407608979,8407608979,2998994123,499600,2100,0,0,0
2023-04-05,ADHI,Adhi Karya (Persero) Tbk.,--S-1805700000J211------------,416,0,418,408,408,-8,6368300,2623542400,1226,351.1,412,57900,406,393000,8407608979,8407608979,2998994123,1690800,590400,0,0,0
2023-04-04,ADHI,Adhi Karya (Persero) Tbk.,--S-1805700000J211------------,418,0,420,412,416,-2,4385800,1818782800,977,358.0,416,40800,414,277700,8407608979,8407608979,2998994123,601800,123300,0,0,0
2023-04-03,ADHI,Adhi Karya (Persero) Tbk.,--S-1805700000J211------------,416,0,420,414,418,2,4055200,1693944000,666,359.7,418,570700,416,799700,8407608979,8407608979,2998994123,54700,437700,0,0,0
2023-03-31,ADHI,Adhi Karya (Persero) Tbk.,--M-1805700000J211------------,424,0,428,416,416,-8,5565600,2348616800,994,358.0,416,45400,414,188800,8407608979,8407608979,2998994123,586300,591500,0,0,0
2023-03-30,ADHI,Adhi Karya (Persero) Tbk.,--M-1805700000J211------------,422,0,428,422,424,2,4689800,1987215000,828,364.8,424,70200,422,550800,8407608979,8407608979,2998994123,262500,235900,0,0,0
2023-03-29,ADHI,Adhi Karya (Persero) Tbk.,--M-1805700000J211------------,414,0,426,414,422,8,8540800,3600269200,1431,363.1,424,489000,422,354400,8407608979,8407608979,2998994123,23300,374400,0,0,0
2023-03-28,ADHI,Adhi Karya (Persero) Tbk.,--M-1805700000J211------------,406,0,418,406,414,8,5325400,2198367000,1976,356.2,416,85700,414,51100,8407608979,8407608979,2998994123,9800,1647400,19512200,8000002000,1
2023-03-27,ADHI,Adhi Karya (Persero) Tbk.,--M-1805700000J211------------,406,0,410,404,406,0,2876400,1168574000,587,349.3,408,620400,406,571400,8407608979,8407608979,2998994123,0,21600,0,0,0
2023-03-24,ADHI,Adhi Karya (Persero) Tbk.,--M-1805700000J211------------,408,0,412,406,406,-2,4306200,1756010000,764,349.3,408,471700,406,888700,8407608979,8407608979,2998994123,15200,884700,0,0,0
2023-03-21,ADHI,Adhi Karya (Persero) Tbk.,--M-1805700000J211------------,402,0,408,400,408,6,6956100,2817361000,985,351.1,408,435600,406,362800,8407608979,8407608979,2998994123,314000,262400,0,0,0
2023-03-20,ADHI,Adhi Karya (Persero) Tbk.,--M-1805700000J211------------,404,0,408,400,402,-2,5901400,2381384000,2509,345.9,404,698600,402,500,8407608979,8407608979,2998994123,43300,12000,2000,804000,1
2023-03-17,ADHI,Adhi Karya (Persero) Tbk.,--M-1805700000J211------------,402,0,410,402,404,2,6971500,2837534400,980,347.6,406,400,404,1201800,8407608979,8407608979,2998994123,21900,199800,0,0,0
2023-03-16,ADHI,Adhi Karya (Persero) Tbk.,--M-1805700000J211------------,414,0,416,400,402,-12,11667000,4711415600,1796,345.9,404,229300,402,454300,8407608979,8407608979,2998994123,165100,379700,0,0,0
2023-03-15,ADHI,Adhi Karya (Persero) Tbk.,--M-1805700000J211------------,412,0,422,410,414,2,7756700,3223804800,1227,356.2,416,125200,414,445800,8407608979,8407608979,2998994123,61500,112300,964900,482450000,1
2023-03-14,ADHI,Adhi Karya (Persero) Tbk.,--M-1805700000J211------------,428,0,434,410,412,-16,15456700,6449641400,2402,354.5,414,182700,412,131300,8407608979,8407608979,2998994123,588300,120600,0,0,0
2023-03-13,ADHI,Adhi Karya (Persero) Tbk.,--M-1805700000J211------------,424,0,444,424,428,4,22050600,9606180000,2550,368.3,430,22500,428,775100,8407608979,8407608979,2998994123,824400,332600,0,0,0
2023-03-10,ADHI,Adhi Karya (Persero) Tbk.,--M-1805700000J211------------,432,0,434,424,424,-8,3633800,1548971000,925,364.8,426,45100,424,123300,8407608979,8407608979,2998994123,36300,12900,0,0,0
2023-03-09,ADHI,Adhi Karya (Persero) Tbk.,--M-1805700000J211------------,424,0,434,424,432,8,6614200,2851033200,872,371.7,432,111800,430,274800,8407608979,8407608979,2998994123,21700,428800,0,0,0
2023-03-08,ADHI,Adhi Karya (Persero) Tbk.,--M-1805700000J211------------,432,0,436,424,424,-8,10458500,4466785000,1497,364.8,426,11900,424,5558400,8407608979,8407608979,2998994123,100400,518600,0,0,0
2023-03-07,ADHI,Adhi Karya (Persero) Tbk.,--M-1805700000J211------------,438,0,444,432,432,-6,7704500,3369588800,1604,371.7,432,32700,430,3605200,8407608979,8407608979,2998994123,23600,78400,10000,4260000,1
2023-03-06,ADHI,Adhi Karya (Persero) Tbk.,--M-1805700000J211------------,454,0,458,436,438,-16,13453200,5977818200,2380,376.9,440,96800,438,30000,8407608979,8407608979,2998994123,1888800,18500,0,0,0
2023-03-03,ADHI,Adhi Karya (Persero) Tbk.,--M-1805700000J211------------,450,0,462,450,454,4,6455800,2934278600,1371,390.6,454,42300,452,116200,8407608979,8407608979,2998994123,404700,411100,0,0,0
2023-03-02,ADHI,Adhi Karya (Persero) Tbk.,--M-1805700000J211------------,442,0,454,442,450,8,7456700,3351363000,1274,387.2,450,262700,448,41000,8407608979,8407608979,2998994123,34800,0,10000,4420000,1
2023-03-01,ADHI,Adhi Karya (Persero) Tbk.,--M-1805700000J211------------,442,0,448,440,442,0,4197300,1861209000,966,380.3,444,258500,442,560800,8407608979,8407608979,2998994123,16600,453600,0,0,0
2023-02-28,ADHI,Adhi Karya (Persero) Tbk.,--M-1805700000J211------------,450,0,454,440,442,-8,7897600,3518884200,1483,380.3,444,132800,442,416100,8407608979,8407608979,2998994123,801200,47400,7630500,3435652800,2
2023-02-27,ADHI,Adhi Karya (Persero) Tbk.,--M-1805700000J211------------,452,0,458,450,450,-2,4182200,1896537400,942,387.2,452,91600,450,132900,8407608979,8407608979,2998994123,148600,200700,0,0,0
2023-02-24,ADHI,Adhi Karya (Persero) Tbk.,--M-1805700000J211------------,448,0,456,448,452,4,2859500,1297021600,731,388.9,454,20000,452,383300,8407608979,8407608979,2998994123,19800,541200,0,0,0
2023-02-23,ADHI,Adhi Karya (Persero) Tbk.,--M-1805700000J211------------,458,0,460,446,448,-10,9399100,4244134600,1797,385.5,450,40400,448,562200,8407608979,8407608979,2998994123,1577700,41500,0,0,0
2023-02-22,ADHI,Adhi Karya (Persero) Tbk.,--M-1805700000J211------------,468,0,468,456,458,-10,11224300,5169465800,1654,394.1,458,42200,456,877600,8407608979,8407608979,2998994123,1521500,1033900,0,0,0
2023-02-21,ADHI,Adhi Karya (Persero) Tbk.,--M-1805700000J211------------,474,0,476,466,468,-6,5464400,2565605200,1244,402.7,468,898000,466,1411000,8407608979,8407608979,2998994123,1351100,16000,0,0,0
2023-02-20,ADHI,Adhi Karya (Persero) Tbk.,--M-1805700000J211------------,468,0,478,466,474,6,9109200,4311343200,1250,407.9,474,396300,472,1201300,8407608979,8407608979,2998994123,382700,2244900,8430300,3995962200,1
2023-02-17,ADHI,Adhi Karya (Persero) Tbk.,--M-1805700000J211------------,460,0,472,450,468,8,9134400,4254519600,1651,402.7,468,20700,466,165500,8407608979,8407608979,2998994123,1013000,2653200,0,0,0
2023-02-16,ADHI,Adhi Karya (Persero) Tbk.,--M-1805700000J211------------,476,0,480,454,460,-16,20398500,9423673000,3448,395.8,462,118400,460,2762200,8407608979,8407608979,2998994123,1825000,1089600,0,0,0
2023-02-15,ADHI,Adhi Karya (Persero) Tbk.,--M-1805700000J211------------,482,0,486,474,476,-6,8767800,4195419800,1666,409.6,476,88100,474,603000,8407608979,8407608979,2998994123,2795100,75000,0,0,0
2023-02-14,ADHI,Adhi Karya (Persero) Tbk.,--M-1805700000J211------------,482,0,492,482,482,0,7585400,3683962800,1305,414.7,484,297100,482,333200,8407608979,8407608979,2998994123,498100,1995100,0,0,0
2023-02-13,ADHI,Adhi Karya (Persero) Tbk.,--M-1805700000J211------------,478,0,486,478,482,4,6294400,3039362400,1258,414.7,484,940000,482,506400,8407608979,8407608979,2998994123,169800,1987100,6250000,3000000000,1
2023-02-10,ADHI,Adhi Karya (Persero) Tbk.,--M-1805700000J211------------,490,0,492,472,478,-12,22726700,10868354000,2652,411.3,480,309100,478,1280000,8407608979,8407608979,2998994123,1934700,465200,6250000,3000000000,1
2023-02-09,ADHI,Adhi Karya (Persero) Tbk.,--M-1805700000J211------------,492,0,505,490,490,-2,15906700,7914510800,1917,421.6,492,82800,490,1150900,8407608979,8407608979,2998994123,525700,2937300,0,0,0
2023-02-08,ADHI,Adhi Karya (Persero) Tbk.,--M-1805700000J211------------,492,0,496,490,492,0,5113000,2517235400,1129,423.3,492,143000,490,549500,8407608979,8407608979,2998994123,712600,46000,0,0,0
2023-02-07,ADHI,Adhi Karya (Persero) Tbk.,--M-1805700000J211------------,500,0,505,486,492,-8,16815200,8294861200,2149,423.3,492,626300,490,1184000,8407608979,8407608979,2998994123,2036500,149500,0,0,0
2023-02-03,ADHI,Adhi Karya (Persero) Tbk.,--M-1805700000J211------------,482,0,505,482,498,16,26773600,13228723600,3193,428.5,500,988300,498,638300,8407608979,8407608979,2998994123,1423100,3473500,0,0,0
2023-02-02,ADHI,Adhi Karya (Persero) Tbk.,--M-1805700000J211------------,472,0,484,472,482,10,11312700,5437108600,1461,414.7,484,582000,482,7700,8407608979,8407608979,2998994123,330600,3054100,0,0,0
2023-02-01,ADHI,Adhi Karya (Persero) Tbk.,--M-1805700000J211------------,480,0,484,472,472,-8,9469500,4509231200,1950,406.1,474,900100,472,129600,8407608979,8407608979,2998994123,3025000,15200,0,0,0
2023-01-31,ADHI,Adhi Karya (Persero) Tbk.,--M-1805L00000J211------------,480,0,492,476,480,0,12034600,5815804600,1805,413.0,482,180700,480,425700,8407608979,8407608979,2998994123,2515400,1011700,0,0,0
2023-01-30,ADHI,Adhi Karya (Persero) Tbk.,--M-1805L00000J211------------,486,0,496,476,480,-6,15321500,7404252000,2353,413.0,482,189600,480,526000,8407608979,8407608979,2998994123,2817900,707100,0,0,0
2023-01-27,ADHI,Adhi Karya (Persero) Tbk.,--M-1805L00000J211------------,462,0,490,460,486,24,28750500,13823873600,3502,418.2,486,169100,484,936800,8407608979,8407608979,2998994123,305400,5057500,0,0,0
2023-01-26,ADHI,Adhi Karya (Persero) Tbk.,--M-1805L00000J211------------,466,0,476,458,462,-4,11418600,5336605600,2192,397.5,464,773000,462,181900,8407608979,8407608979,2998994123,3546600,133900,0,0,0
2023-01-25,ADHI,Adhi Karya (Persero) Tbk.,--M-1805L00000J211------------,452,0,478,446,466,14,19227900,8946736200,2690,401.0,468,147800,466,119100,8407608979,8407608979,2998994123,1086400,3238300,0,0,0
2023-01-24,ADHI,Adhi Karya (Persero) Tbk.,--M-1805L00000J211------------,452,0,458,450,452,0,8215400,3733277600,1676,388.9,452,449600,450,1191000,8407608979,8407608979,2998994123,2714400,729100,0,0,0
2023-01-20,ADHI,Adhi Karya (Persero) Tbk.,--M-1805L00000J211------------,438,0,454,438,452,14,9887000,4420180800,1742,388.9,452,179400,450,455300,8407608979,8407608979,2998994123,66400,625900,0,0,0
2023-01-19,ADHI,Adhi Karya (Persero) Tbk.,--M-1805L00000J211------------,422,0,442,422,438,16,15984400,6940997200,1864,376.9,440,1202900,438,272800,8407608979,8407608979,2998994123,1331200,5293000,0,0,0
2023-01-18,ADHI,Adhi Karya (Persero) Tbk.,--M-1805L00000J211------------,432,0,434,420,422,-10,14359900,6110931400,1513,363.1,424,3700,422,862000,8407608979,8407608979,2998994123,2054000,1438300,0,0,0
2023-01-17,ADHI,Adhi Karya (Persero) Tbk.,--M-1805L00000J211------------,430,0,436,428,432,2,6215200,2692111400,1061,371.7,432,1417800,430,1247900,8407608979,8407608979,2998994123,54000,479100,0,0,0
2023-01-16,ADHI,Adhi Karya (Persero) Tbk.,--M-1805L00000J211------------,428,0,436,424,430,2,6820500,2942019600,1117,370.0,432,772800,430,385100,8407608979,8407608979,2998994123,84600,1419500,0,0,0
2023-01-13,ADHI,Adhi Karya (Persero) Tbk.,--M-1805L00000J211------------,424,0,428,420,428,4,6404000,2720349800,1020,368.3,428,127900,426,98800,8407608979,8407608979,2998994123,747700,7300,0,0,0
2023-01-12,ADHI,Adhi Karya (Persero) Tbk.,--M-1805L00000J211------------,418,0,428,416,424,6,11379100,4835391800,1367,364.8,426,330500,424,911000,8407608979,8407608979,2998994123,63500,2014500,0,0,0
2023-01-11,ADHI,Adhi Karya (Persero) Tbk.,--M-1805L00000J211------------,416,0,424,408,418,2,12280200,5108242200,1679,359.7,418,172000,416,262600,8407608979,8407608979,2998994123,279400,1145700,0,0,0
2023-01-10,ADHI,Adhi Karya (Persero) Tbk.,--M-1805L00000J211------------,438,0,440,408,416,-22,28807300,12094725600,3208,358.0,418,255400,416,497000,8407608979,8407608979,2998994123,2135300,2302300,65,25870,1
2023-01-09,ADHI,Adhi Karya (Persero) Tbk.,--M-1805L00000J211------------,452,0,458,432,438,-14,20029300,8859050400,2915,376.9,438,144200,436,297000,8407608979,8407608979,2998994123,3329800,1497100,0,0,0
2023-01-06,ADHI,Adhi Karya (Persero) Tbk.,--M-1805L00000J211------------,454,0,458,442,452,-2,11530500,5198331000,2127,388.9,454,158000,452,90800,8407608979,8407608979,2998994123,2506000,1018500,0,0,0
2023-01-05,ADHI,Adhi Karya (Persero) Tbk.,--M-1805L00000J211------------,484,0,486,452,454,-30,36504700,16977877800,4988,390.6,456,221500,454,2123100,8407608979,8407608979,2998994123,6893100,354300,0,0,0
2023-01-04,ADHI,Adhi Karya (Persero) Tbk.,--M-1805L00000J211------------,488,0,496,482,484,-4,18592800,9087652200,2302,416.5,486,108100,484,75000,8407608979,8407608979,2998994123,4731000,1743800,0,0,0
2023-01-03,ADHI,Adhi Karya (Persero) Tbk.,--M-1805L00000J211------------,484,0,490,482,488,4,15083700,7319255200,2042,419.9,490,264100,488,2411300,8407608979,8407608979,2998994123,2899400,296800,0,0,0
2023-01-02,ADHI,Adhi Karya (Persero) Tbk.,--M-1805L00000J211------------,484,0,492,484,484,0,5944500,2897027400,1409,416.5,486,111800,484,1208100,8407608979,8407608979,2998994123,116000,19500,0,0,0
2022-12-30,ADHI,Adhi Karya (Persero) Tbk.,--M-1805L00000J211------------,486,0,490,484,484,-2,4959200,2414814200,1355,416.5,486,84900,484,350200,8407608979,8407608979,5196626550,951700,376400,500,244000,1
2022-12-29,ADHI,Adhi Karya (Persero) Tbk.,--M-1805L00000J211------------,484,0,490,484,486,2,5729100,2791105600,1428,418.2,488,11100,486,839900,8407608979,8407608979,5196626550,1175400,369500,0,0,0
2022-12-28,ADHI,Adhi Karya (Persero) Tbk.,--M-1805L00000J211------------,494,0,498,480,484,-10,26174500,12717931400,3252,416.5,486,26400,484,2792400,8407608979,8407608979,5196626550,4714700,4264400,930000,475700000,2
2022-12-27,ADHI,Adhi Karya (Persero) Tbk.,--M-1805L00000J211------------,510,0,515,494,494,-16,15934000,7953798600,2178,425.1,496,56200,494,429100,8407608979,8407608979,5196626550,1793500,1443900,60,30600,1
2022-12-26,ADHI,Adhi Karya (Persero) Tbk.,--M-1805L00000J211------------,520,0,520,500,510,-10,11174600,5683449500,1180,438.8,510,854000,505,319800,8407608979,8407608979,5196626550,1302200,2270800,0,0,0
2022-12-23,ADHI,Adhi Karya (Persero) Tbk.,--M-1805L00000J211------------,520,0,520,510,520,0,5480000,2834487000,1037,447.4,520,798400,515,545700,8407608979,8407608979,5196626550,619200,2513100,1505000,782600000,1
2022-12-22,ADHI,Adhi Karya (Persero) Tbk.,--M-1805L00000J211------------,500,0,520,500,520,20,25223600,12937979500,2597,447.4,520,395600,515,567800,8407608979,8407608979,5196626550,236600,8197000,0,0,0
2022-12-21,ADHI,Adhi Karya (Persero) Tbk.,--M-1805L00000J211------------,492,0,505,492,500,8,9193300,4580939600,1823,430.2,500,239800,498,181900,8407608979,8407608979,5196626550,120800,5771600,0,0,0
2022-12-20,ADHI,Adhi Karya (Persero) Tbk.,--M-1805L00000J211------------,498,0,498,492,492,-6,4583900,2266142800,1647,423.3,494,9500,492,68100,8407608979,8407608979,5196626550,857900,1490800,0,0,0
2022-12-19,ADHI,Adhi Karya (Persero) Tbk.,--M-1805L00000J211------------,500,0,505,494,498,-2,3947100,1960668500,1105,428.5,498,381000,496,240700,8407608979,8407608979,5196626550,846800,1125900,1950000,1004250000,2
2022-12-16,ADHI,Adhi Karya (Persero) Tbk.,--M-1805L00000J211------------,500,0,500,494,500,0,7475100,3728026200,951,430.2,505,2018600,500,2713300,8407608979,8407608979,5196626550,689000,3752400,0,0,0
2022-12-15,ADHI,Adhi Karya (Persero) Tbk.,--M-1805L00000J211------------,496,0,510,498,500,4,16454700,8267786100,1255,430.2,500,82100,498,730200,8407608979,8407608979,5196626550,213100,4545000,0,0,0
2022-12-14,ADHI,Adhi Karya (Persero) Tbk.,--M-1805L00000J211------------,500,0,505,490,496,-4,14448700,7152407500,1907,426.8,498,342700,496,1117500,8407608979,8407608979,5196626550,1683600,1802600,0,0,0
2022-12-13,ADHI,Adhi Karya (Persero) Tbk.,--M-1805L00000J211------------,500,0,505,500,500,0,5616100,2814651000,1561,430.2,505,2088500,500,3631500,8407608979,8407608979,5196626550,26500,2092200,2450000,1237250000,1
2022-12-12,ADHI,Adhi Karya (Persero) Tbk.,--M-1805L00000J211------------,505,0,505,498,500,-5,7656700,3835567800,1129,430.2,505,483800,500,617100,8407608979,8407608979,5196626550,469900,1876100,1000,496000,1
2022-12-09,ADHI,Adhi Karya (Persero) Tbk.,--M-1805L00000J211------------,505,0,510,496,505,0,10465300,5262120900,1385,434.5,505,1335500,500,71600,8407608979,8407608979,5196626550,2464500,2430100,5000,2400000,1
2022-12-08,ADHI,Adhi Karya (Persero) Tbk.,--M-1805L00000J211------------,486,0,505,480,505,19,20653000,10221347600,2554,434.5,505,177800,500,1001600,8407608979,8407608979,5196626550,152700,7930700,3,1458,1
2022-12-07,ADHI,Adhi Karya (Persero) Tbk.,--M-1805L00000J211------------,482,0,490,474,486,4,25696900,12389320400,2548,418.2,488,11400,486,134500,8407608979,8407608979,5196626550,90400,4538300,0,0,0
2022-12-06,ADHI,Adhi Karya (Persero) Tbk.,--M-1805L00000J211------------,515,0,515,480,482,-33,62352800,30688141300,5199,414.7,482,5700,480,4015300,8407608979,8407608979,5196626550,271200,422600,2468200,1283416000,2
2022-12-05,ADHI,Adhi Karya (Persero) Tbk.,--M-1805L00000J211------------,520,0,525,515,515,-5,11462500,5924282500,1616,443.1,515,426400,510,3781000,8407608979,8407608979,5196626550,41600,0,0,0,0
2022-12-02,ADHI,Adhi Karya (Persero) Tbk.,--M-1805L00000J211------------,525,0,525,515,520,-5,16376500,8491561000,2299,447.4,525,2912000,520,1900900,8407608979,8407608979,5196626550,157800,24500,1593,780750,2
2022-12-01,ADHI,Adhi Karya (Persero) Tbk.,--M-1805L00000J211------------,520,0,525,520,525,5,6134900,3206077000,988,451.7,525,1882000,520,2203400,8407608979,8407608979,5196626550,4500,853100,39,20475,2
2022-11-30,ADHI,Adhi Karya (Persero) Tbk.,--M-1835V50000J211------------,525,0,530,515,520,-5,26602700,13860219000,2338,447.4,525,846300,520,156100,8407608979,8407608979,5196626550,697400,505100,46386300,24353037500,3
2022-11-29,ADHI,Adhi Karya (Persero) Tbk.,--M-1835V50000J211------------,530,0,535,520,525,-5,15361200,8072207000,1939,451.7,530,1496700,525,13223100,8407608979,8407608979,5196626550,3818200,17600,2351500,1258015000,2
2022-11-28,ADHI,Adhi Karya (Persero) Tbk.,--M-1835V50000J211------------,540,0,550,530,530,-10,31365800,16868729500,2054,456.0,535,1245600,530,5506700,8407608979,8407608979,5196626550,5892000,488600,21965147,11861179145,2
2022-11-25,ADHI,Adhi Karya (Persero) Tbk.,--M-1835V50000J211------------,545,0,555,540,540,-5,24746500,13493671000,1984,464.6,540,1025100,535,17092400,8407608979,8407608979,5196626550,1227800,3844100,0,0,0
2022-11-24,ADHI,Adhi Karya (Persero) Tbk.,--M-1835V50000J211------------,535,0,550,535,545,10,36077600,19642196000,2142,469.0,550,6542500,545,80700,8407608979,8407608979,5196626550,758200,7428600,0,0,0
2022-11-23,ADHI,Adhi Karya (Persero) Tbk.,--M-1835V50000J211------------,535,0,540,530,535,0,11198200,5988660000,1252,460.3,540,3996100,535,1106600,8407608979,8407608979,5196626550,188200,1581500,16000,8045000,2
2022-11-22,ADHI,Adhi Karya (Persero) Tbk.,--M-1835V50000J211------------,535,0,545,530,535,0,14920600,8000406000,1306,460.3,535,392000,530,3987300,8407608979,8407608979,5196626550,13500,450400,4200000,2268000000,1
2022-11-21,ADHI,Adhi Karya (Persero) Tbk.,--M-1835V50000J211------------,535,0,540,535,535,0,7328900,3934719000,2435,460.3,540,2066200,535,10365300,8407608979,8407608979,5196626550,21400,659100,0,0,0
2022-11-18,ADHI,Adhi Karya (Persero) Tbk.,--M-1835V50000J211------------,540,0,545,530,535,-5,11808100,6325518000,1458,460.3,540,2282000,535,282500,8407608979,8407608979,5196626550,1216000,1077300,0,0,0
2022-11-17,ADHI,Adhi Karya (Persero) Tbk.,--M-1835V50000J211------------,520,0,545,520,540,20,28502900,15268435000,2591,464.6,540,774200,535,8799300,8407608979,8407608979,5196626550,3060600,3131700,0,0,0
2022-11-16,ADHI,Adhi Karya (Persero) Tbk.,--M-1835V50000J211------------,525,0,530,520,520,-5,20980600,10945407500,2583,447.4,525,451900,520,2229500,8407608979,8407608979,5196626550,4068100,582600,0,0,0
2022-11-15,ADHI,Adhi Karya (Persero) Tbk.,--M-1835V50000J211------------,535,0,540,520,525,-10,32420100,17063385500,4247,451.7,530,1088100,525,5333600,8407608979,8407608979,5196626550,5093700,1922500,0,0,0
2022-11-14,ADHI,Adhi Karya (Persero) Tbk.,--M-1835V50000J211------------,535,0,545,530,535,0,17614000,9437050000,2880,460.3,535,1090400,530,4394800,8407608979,8407608979,5196626550,1832200,721900,0,0,0
2022-11-11,ADHI,Adhi Karya (Persero) Tbk.,--M-1835V50000J211------------,520,0,545,520,535,15,66274900,35372629500,4158,460.3,540,209700,535,13943400,8407571648,8407571648,5196626550,2925700,5751100,700000,385000000,1
2022-11-10,ADHI,Adhi Karya (Persero) Tbk.,--M-1835V50000J211------------,540,0,545,515,520,-20,132115200,69130818000,6440,447.4,520,3503600,515,20257400,8407571648,8407571648,5196626550,14856600,644200,0,0,0
2022-11-09,ADHI,Adhi Karya (Persero) Tbk.,--M-1835V50000J211------------,555,0,555,540,540,-15,125980100,68725431500,6602,464.6,545,2969600,540,793000,7876337564,7876337564,5196626550,19020200,2045900,0,0,0
2022-11-08,ADHI,Adhi Karya (Persero) Tbk.,XRM-1835V50000J211------------,560,0,565,550,555,-5,131389000,73118797000,3063,477.6,555,23934300,550,25212300,7647512804,7647512804,5196626550,1994800,9136200,24700,13585000,2
2022-11-07,ADHI,Adhi Karya (Persero) Tbk.,XRM-1835V50000J211------------,550,0,560,550,560,10,137183100,76218510000,4053,481.9,560,20460300,555,24406300,7589377994,7589377994,5196626550,3017400,28460400,1100,605000,1
2022-11-04,ADHI,Adhi Karya (Persero) Tbk.,XRM-1835V50000J211------------,555,0,555,550,550,-5,23983100,13269832000,1534,473.3,555,10692000,550,16801800,7472714829,7472714829,5196626550,741400,4720400,0,0,0
2022-11-03,ADHI,Adhi Karya (Persero) Tbk.,XRM-1835V50000J211------------,560,0,560,550,555,-5,38774600,21541741500,2178,477.6,555,9671600,550,31462500,7383220565,7383220565,5196626550,251600,222200,0,0,0
2022-11-02,ADHI,Adhi Karya (Persero) Tbk.,XRM-1835V50000J211------------,550,0,590,545,560,10,68916000,38388838500,3126,481.9,565,951700,560,65000,7373216839,7373216839,5196626550,93500,3657700,0,0,0
2022-11-01,ADHI,Adhi Karya (Persero) Tbk.,XRM-1835V50000J211------------,555,0,555,535,550,-5,49404700,27140747500,3136,473.3,555,10084700,550,33600,7316684918,7316684918,5196626550,269000,3041500,0,0,0
2022-10-31,ADHI,Adhi Karya (Persero) Tbk.,XRM-1835V50000J211------------,555,0,560,550,555,0,36832900,20409963000,3101,477.6,555,5811400,550,18836800,3560849376,3560849376,5196626550,757600,2690500,5000,2625000,1
2022-10-28,ADHI,Adhi Karya (Persero) Tbk.,XRM-1835V50000J211------------,590,0,595,555,555,-35,72428900,40756258500,6533,477.6,555,2266100,550,14066200,3560849376,3560849376,5196626550,1770200,2756100,0,0,0
2022-10-27,ADHI,Adhi Karya (Persero) Tbk.,XRM-1835V50000J211------------,625,0,635,585,590,-35,47726500,28718102000,6140,507.7,590,1615900,585,5851500,3560849376,3560849376,5196626550,273500,1856300,0,0,0
2022-10-26,ADHI,Adhi Karya (Persero) Tbk.,--M-1835V50000J211------------,605,0,645,605,625,20,24389300,15264429000,2987,537.8,630,1313400,625,81800,3560849376,3560849376,5196626550,1497500,2426700,0,0,0
2022-10-25,ADHI,Adhi Karya (Persero) Tbk.,--M-1835V50000J211------------,575,0,620,575,605,30,28248700,16872916500,3703,520.6,610,664300,605,29300,3560849376,3560849376,5196626550,1292000,1712700,0,0,0
2022-10-24,ADHI,Adhi Karya (Persero) Tbk.,CRM-1835V50000J211------------,620,0,635,620,630,10,14666900,9235939000,1932,494.8,635,1187500,630,203200,3560849376,3560849376,1744816194,508700,1872100,4400,3616800,1
2022-10-21,ADHI,Adhi Karya (Persero) Tbk.,CRM-1835V50000J211------------,615,0,625,605,620,5,24095900,14838646500,2537,486.9,625,1423500,620,119900,3560849376,3560849376,1744816194,418300,2366500,0,0,0
2022-10-20,ADHI,Adhi Karya (Persero) Tbk.,CRM-1835V50000J211------------,620,0,635,610,615,-5,18569600,11577204000,3684,483.0,620,403300,615,3050700,3560849376,3560849376,1744816194,739300,1922700,0,0,0
2022-10-19,ADHI,Adhi Karya (Persero) Tbk.,CRM-1835V50000J211------------,655,0,655,610,620,-35,37841300,23585162000,5884,486.9,625,250900,620,4383800,3560849376,3560849376,1744816194,1312500,980800,0,0,0
2022-10-18,ADHI,Adhi Karya (Persero) Tbk.,--M-1835V50000J211------------,700,0,710,655,655,-45,33168700,22058204000,4522,514.4,655,6973600,0,0,3560849376,3560849376,1744816194,1004000,1177800,0,0,0
2022-10-17,ADHI,Adhi Karya (Persero) Tbk.,--M-1835V50000J211------------,720,0,720,695,700,-20,8824300,6200247000,1579,549.7,700,44600,695,1278200,3560849376,3560849376,1744816194,35500,100300,0,0,0
2022-10-14,ADHI,Adhi Karya (Persero) Tbk.,--M-1835V50000J211------------,720,0,735,715,720,0,7829300,5649712500,988,565.4,720,525200,715,514400,3560849376,3560849376,1744816194,111500,22700,0,0,0
2022-10-13,ADHI,Adhi Karya (Persero) Tbk.,--M-1835V50000J211------------,715,0,725,715,720,5,2333800,1679411500,590,565.4,725,396800,720,22700,3560849376,3560849376,1744816194,6700,205200,0,0,0
2022-10-12,ADHI,Adhi Karya (Persero) Tbk.,--M-1835V50000J211------------,735,0,745,715,715,-20,5648100,4088781000,987,561.5,720,41100,715,1993500,3560849376,3560849376,1744816194,149700,162900,0,0,0
2022-10-11,ADHI,Adhi Karya (Persero) Tbk.,--M-1835V50000J211------------,725,0,740,715,735,10,4097700,2989593000,851,577.2,735,211800,730,95300,3560849376,3560849376,1744816194,93400,694700,0,0,0
2022-10-10,ADHI,Adhi Karya (Persero) Tbk.,--M-1835V50000J211------------,735,0,735,715,725,-10,4509300,3252460500,956,569.4,725,138800,720,998800,3560849376,3560849376,1744816194,347200,159500,0,0,0
2022-10-07,ADHI,Adhi Karya (Persero) Tbk.,--M-1835V50000J211------------,740,0,745,725,735,-5,3018700,2211355000,826,577.2,735,367400,730,295600,3560849376,3560849376,1744816194,517200,203000,0,0,0
2022-10-06,ADHI,Adhi Karya (Persero) Tbk.,--M-1835V50000J211------------,745,0,755,730,740,-5,10486100,7798514000,1463,581.2,745,236300,740,520200,3560849376,3560849376,1744816194,380600,261800,0,0,0
2022-10-05,ADHI,Adhi Karya (Persero) Tbk.,--M-1835V50000J211------------,745,0,755,735,745,0,7568200,5626865000,1273,585.1,745,1020200,740,28300,3560849376,3560849376,1744816194,83700,67800,0,0,0
2022-10-04,ADHI,Adhi Karya (Persero) Tbk.,--M-1835V50000J211------------,735,0,750,735,745,10,2327900,1730875500,783,585.1,745,278400,740,555400,3560849376,3560849376,1744816194,153800,200,0,0,0
2022-10-03,ADHI,Adhi Karya (Persero) Tbk.,--M-1835V50000J211------------,715,0,740,715,735,20,5575700,4068083500,1060,577.2,735,153000,730,30100,3560849376,3560849376,1744816194,626400,70100,0,0,0
2022-09-30,ADHI,Adhi Karya (Persero) Tbk.,--M-1835V50000J211------------,730,0,730,695,715,-15,12487900,8897654500,1871,561.5,715,143200,710,646800,3560849376,3560849376,1744816194,167800,1069300,0,0,0
2022-09-29,ADHI,Adhi Karya (Persero) Tbk.,--M-1835V50000J211------------,740,0,755,730,730,-10,6842800,5042919000,1462,573.3,735,138000,730,470000,3560849376,3560849376,1744816194,190300,27000,0,0,0
2022-09-28,ADHI,Adhi Karya (Persero) Tbk.,--M-1835V50000J211------------,760,0,760,740,740,-20,10859600,8082572500,1917,581.2,740,86800,735,706600,3560849376,3560849376,1744816194,356300,215500,0,0,0
2022-09-27,ADHI,Adhi Karya (Persero) Tbk.,--M-1835V50000J211------------,765,0,770,750,760,-5,12583200,9522316000,2391,596.9,760,108700,755,684700,3560849376,3560849376,1744816194,482000,798300,0,0,0
2022-09-26,ADHI,Adhi Karya (Persero) Tbk.,--M-1835V50000J211------------,800,0,800,750,765,-35,27779200,21193489500,5087,600.8,765,844600,760,327500,3560849376,3560849376,1744816194,1455500,2015100,0,0,0
2022-09-23,ADHI,Adhi Karya (Persero) Tbk.,--M-1835V50000J211------------,800,0,820,800,800,0,7521400,6078275000,1460,628.3,805,99200,800,704900,3560849376,3560849376,1744816194,80900,79600,0,0,0
2022-09-22,ADHI,Adhi Karya (Persero) Tbk.,--M-1835V50000J211------------,805,0,800,770,800,-5,15067600,11910109000,2589,628.3,805,354500,800,446400,3560849376,3560849376,1744816194,1246500,500900,0,0,0
2022-09-21,ADHI,Adhi Karya (Persero) Tbk.,--M-1835V50000J211------------,850,0,850,800,805,-45,20626500,16785153500,3954,632.2,810,6300,805,1160200,3560849376,3560849376,1744816194,2488300,371000,0,0,0
2022-09-20,ADHI,Adhi Karya (Persero) Tbk.,--M-1835V50000J211------------,850,0,860,835,850,0,12281100,10366231000,1859,667.5,850,889400,845,90000,3560849376,3560849376,1744816194,1687400,26600,82,69700,1
2022-09-19,ADHI,Adhi Karya (Persero) Tbk.,--M-1835V50000J211------------,850,0,870,840,850,0,16331500,13909717000,2431,667.5,850,212000,845,214800,3560849376,3560849376,1744816194,4488700,404000,0,0,0
2022-09-16,ADHI,Adhi Karya (Persero) Tbk.,--M-1835V50000J211------------,850,0,875,835,850,0,26299000,22408261500,3463,667.5,855,296400,850,1681600,3560849376,3560849376,1744816194,1458500,2409000,0,0,0
2022-09-15,ADHI,Adhi Karya (Persero) Tbk.,--M-1835V50000J211------------,855,0,880,850,850,-5,33387700,28876362500,5350,667.5,855,206200,850,13000,3560849376,3560849376,1744816194,2760500,2149800,0,0,0
2022-09-14,ADHI,Adhi Karya (Persero) Tbk.,--M-1835V50000J211------------,855,0,870,835,855,0,31363400,26826428500,5164,671.5,860,1307700,855,279600,3560849376,3560849376,1744816194,5230200,1074000,0,0,0
2022-09-13,ADHI,Adhi Karya (Persero) Tbk.,--M-1835V50000J211------------,815,0,855,810,855,40,39775800,33372653500,6524,671.5,860,2068600,855,116900,3560849376,3560849376,1744816194,1271000,3584800,0,0,0
2022-09-12,ADHI,Adhi Karya (Persero) Tbk.,--M-1835V50000J211------------,810,0,815,800,815,5,6546700,5277236500,1199,640.1,815,1370800,810,44500,3560849376,3560849376,1744816194,382300,769500,0,0,0
2022-09-09,ADHI,Adhi Karya (Persero) Tbk.,--M-1835V50000J211------------,810,0,820,805,810,0,9275000,7516107500,1283,636.1,810,157900,805,262500,3560849376,3560849376,1744816194,159800,1449900,0,0,0
2022-09-08,ADHI,Adhi Karya (Persero) Tbk.,--M-1835V50000J211------------,800,0,820,795,810,10,10618000,8592976000,1355,636.1,815,1360500,810,751800,3560849376,3560849376,1744816194,270700,2004200,0,0,0
2022-09-07,ADHI,Adhi Karya (Persero) Tbk.,--M-1835V50000J211------------,815,0,820,795,800,-15,9870000,7929863500,1796,628.3,800,280300,795,1423500,3560849376,3560849376,1744816194,1285100,199800,0,0,0
2022-09-06,ADHI,Adhi Karya (Persero) Tbk.,--M-1835V50000J211------------,820,0,835,810,815,-5,14094400,11593461500,2237,640.1,820,441800,815,303900,3560849376,3560849376,1744816194,1510900,880900,0,0,0
2022-09-05,ADHI,Adhi Karya (Persero) Tbk.,--M-1835V50000J211------------,815,0,825,805,820,5,15829100,12947104000,2450,644.0,825,1823100,820,914200,3560849376,3560849376,1744816194,539800,748000,1400,1121400,1
2022-09-02,ADHI,Adhi Karya (Persero) Tbk.,--M-1835V50000J211------------,805,0,820,805,815,10,9053400,7355942500,1572,640.1,815,1268700,810,327100,3560849376,3560849376,1744816194,103200,773300,0,0,0
2022-09-01,ADHI,Adhi Karya (Persero) Tbk.,--M-1835V50000J211------------,810,0,820,800,805,-5,9844200,7963525500,1802,632.2,810,258400,805,4100,3560849376,3560849376,1744816194,999900,759500,0,0,0
2022-08-31,ADHI,Adhi Karya (Persero) Tbk.,--M-1835V50000J211------------,790,0,825,790,810,20,32903800,26702367000,5138,636.1,815,1274100,810,532000,3560849376,3560849376,1744816194,1710400,4784200,0,0,0
2022-08-30,ADHI,Adhi Karya (Persero) Tbk.,--M-1835V50000J211------------,760,0,800,760,790,30,10485100,8214661000,2078,620.4,795,497700,790,192400,3560849376,3560849376,1744816194,241400,1611000,0,0,0
2022-08-29,ADHI,Adhi Karya (Persero) Tbk.,--M-1835V50000J211------------,775,0,770,735,760,-15,9933800,7518335000,1794,596.9,765,202600,760,7000,3560849376,3560849376,1744816194,1074900,1057300,0,0,0
2022-08-26,ADHI,Adhi Karya (Persero) Tbk.,--M-1835V50000J211------------,785,0,790,770,775,-10,7312000,5694419500,1429,608.6,780,41600,775,1281600,3560849376,3560849376,1744816194,1554400,18600,0,0,0
2022-08-25,ADHI,Adhi Karya (Persero) Tbk.,--M-1835V50000J211------------,795,0,805,780,785,-10,9370200,7368919000,1954,616.5,790,119600,785,43500,3560849376,3560849376,1744816194,2163500,4200,0,0,0
2022-08-24,ADHI,Adhi Karya (Persero) Tbk.,--M-1835V50000J211------------,785,0,820,785,795,10,17977300,14432677000,2831,624.3,800,635700,795,369600,3560849376,3560849376,1744816194,958900,1331500,0,0,0
2022-08-23,ADHI,Adhi Karya (Persero) Tbk.,--M-1835V50000J211------------,770,0,795,750,785,15,10880800,8520887500,1740,616.5,785,75500,780,253600,3560849376,3560849376,1744816194,573900,2850400,0,0,0
2022-08-22,ADHI,Adhi Karya (Persero) Tbk.,--M-1835V50000J211------------,800,0,805,770,770,-30,15335100,11964236000,3038,604.7,770,396400,765,977400,3560849376,3560849376,1744816194,1220100,988700,0,0,0
2022-08-19,ADHI,Adhi Karya (Persero) Tbk.,--M-1835V50000J211------------,815,0,820,800,800,-15,9527700,7681920500,1908,628.3,805,138800,800,801800,3560849376,3560849376,1744816194,451000,468100,0,0,0
2022-08-18,ADHI,Adhi Karya (Persero) Tbk.,--M-1835V50000J211------------,800,0,825,795,815,15,23151200,18734464000,3040,640.1,815,220600,810,158300,3560849376,3560849376,1744816194,3347300,632300,0,0,0
2022-08-16,ADHI,Adhi Karya (Persero) Tbk.,--M-1835V50000J211------------,805,0,815,790,800,-5,17297400,13797650000,2730,628.3,800,372100,795,479600,3560849376,3560849376,1744816194,612200,1683000,0,0,0
2022-08-15,ADHI,Adhi Karya (Persero) Tbk.,--M-1835V50000J211------------,790,0,825,790,805,15,47501000,38521629500,5587,632.2,810,409300,805,1637400,3560849376,3560849376,1744816194,3886800,3386900,0,0,0
2022-08-12,ADHI,Adhi Karya (Persero) Tbk.,--M-1835V50000J211------------,755,0,800,755,790,35,37175900,29228944500,4441,620.4,790,1282500,785,348600,3560849376,3560849376,1744816194,635200,2638000,0,0,0
2022-08-11,ADHI,Adhi Karya (Persero) Tbk.,--M-1835V50000J211------------,745,0,770,745,755,10,8232300,6234117000,1361,592.9,760,623400,755,89900,3560849376,3560849376,1744816194,324000,1400800,0,0,0
2022-08-10,ADHI,Adhi Karya (Persero) Tbk.,--M-1835V50000J211------------,755,0,760,740,745,-10,5965100,4460542000,1215,585.1,745,884800,740,1266500,3560849376,3560849376,1744816194,77900,852100,0,0,0
2022-08-09,ADHI,Adhi Karya (Persero) Tbk.,--M-1835V50000J211------------,765,0,775,750,755,-10,8751200,6637417000,1814,592.9,760,363800,755,882200,3560849376,3560849376,1744816194,165400,1108900,27,20790,1
2022-08-08,ADHI,Adhi Karya (Persero) Tbk.,--M-1835V50000J211------------,775,0,795,765,765,-10,24097300,18732846500,3458,600.8,770,168600,765,559300,3560849376,3560849376,1744816194,1801300,138500,0,0,0
2022-08-05,ADHI,Adhi Karya (Persero) Tbk.,--M-1835V50000J211------------,745,0,785,740,775,30,33046300,25382794000,4283,608.6,775,310000,770,2742400,3560849376,3560849376,1744816194,557200,2775100,0,0,0
2022-08-04,ADHI,Adhi Karya (Persero) Tbk.,--M-1835V50000J211------------,730,0,750,730,745,15,6637800,4909725000,1283,585.1,745,184400,740,81700,3560849376,3560849376,1744816194,50000,571200,0,0,0
2022-08-03,ADHI,Adhi Karya (Persero) Tbk.,--M-1835V50000J211------------,735,0,740,720,730,-5,4652300,3395309000,1063,573.3,730,204400,725,36300,3560849376,3560849376,1744816194,0,253400,0,0,0
2022-08-02,ADHI,Adhi Karya (Persero) Tbk.,--M-1835V50000J211------------,740,0,745,720,735,-5,5163800,3770761000,1260,577.2,735,162500,730,185300,3560849376,3560849376,1744816194,191800,56800,0,0,0
2022-08-01,ADHI,Adhi Karya (Persero) Tbk.,--M-1835V50000J211------------,740,0,760,735,740,0,6891400,5146759500,1237,581.2,745,154200,740,180900,3560849376,3560849376,1744816194,96500,502700,0,0,0
2022-07-29,ADHI,Adhi Karya (Persero) Tbk.,--M-1835K50000J211------------,755,0,765,735,740,-15,8488100,6345443000,1820,581.2,745,179500,740,25400,3560849376,3560849376,1744816194,295500,164300,0,0,0
2022-07-28,ADHI,Adhi Karya (Persero) Tbk.,--M-1835K50000J211------------,740,0,765,740,755,15,6151600,4618012500,1420,592.9,755,662800,750,159200,3560849376,3560849376,1744816194,539200,497800,0,0,0
2022-07-27,ADHI,Adhi Karya (Persero) Tbk.,--M-1835K50000J211------------,745,0,755,730,740,-5,5188100,3840417500,1421,581.2,745,377300,740,9900,3560849376,3560849376,1744816194,331600,53500,0,0,0
2022-07-26,ADHI,Adhi Karya (Persero) Tbk.,--M-1835K50000J211------------,765,0,775,745,745,-20,9638600,7289958500,2107,585.1,750,22000,745,1073600,3560849376,3560849376,1744816194,912800,377000,0,0,0
2022-07-25,ADHI,Adhi Karya (Persero) Tbk.,--M-1835K50000J211------------,730,0,770,720,765,35,16247900,12122315000,2382,600.8,765,75800,760,115600,3560849376,3560849376,1744816194,242500,784400,16204900,11910601500,2
2022-07-22,ADHI,Adhi Karya (Persero) Tbk.,--M-1835K50000J211------------,755,0,760,730,730,-25,8221400,6083598000,2009,573.3,735,80100,730,232700,3560849376,3560849376,1744816194,394700,205700,0,0,0
2022-07-21,ADHI,Adhi Karya (Persero) Tbk.,--M-1835K50000J211------------,750,0,755,730,755,5,10321400,7673861500,1701,592.9,755,1544700,750,116900,3560849376,3560849376,1744816194,653400,270100,0,0,0
2022-07-20,ADHI,Adhi Karya (Persero) Tbk.,--M-1835K50000J211------------,710,0,750,715,750,40,16108300,11914006500,2684,589.0,750,1161200,745,51800,3560849376,3560849376,1744816194,189200,1618200,0,0,0
2022-07-19,ADHI,Adhi Karya (Persero) Tbk.,--M-1835K50000J211------------,705,0,715,700,710,5,5255100,3725757500,1042,557.6,710,78000,705,2302300,3560849376,3560849376,1744816194,88700,69900,200000,142000000,1
2022-07-18,ADHI,Adhi Karya (Persero) Tbk.,--M-1835K50000J211------------,720,0,740,695,705,-15,7833200,5564637000,1648,553.7,710,23400,705,390800,3560849376,3560849376,1744816194,121100,102800,206300,138504500,2
2022-07-15,ADHI,Adhi Karya (Persero) Tbk.,--M-1835K50000J211------------,720,0,725,705,720,0,4246300,3041394500,749,565.4,720,672800,715,6000,3560849376,3560849376,1744816194,109400,343000,0,0,0
2022-07-14,ADHI,Adhi Karya (Persero) Tbk.,--M-1835K50000J211------------,720,0,725,715,720,0,3154100,2273317000,633,565.4,725,668400,720,236300,3560849376,3560849376,1744816194,10800,71300,0,0,0
2022-07-13,ADHI,Adhi Karya (Persero) Tbk.,--M-1835K50000J211------------,720,0,730,715,720,0,5188900,3744250000,1062,565.4,720,98900,715,418400,3560849376,3560849376,1744816194,157000,167700,100000,93500000,1
2022-07-12,ADHI,Adhi Karya (Persero) Tbk.,--M-1835K50000J211------------,710,0,720,710,720,10,4047700,2894147000,701,565.4,720,418000,715,691100,3560849376,3560849376,1744816194,0,0,0,0,0
2022-07-11,ADHI,Adhi Karya (Persero) Tbk.,--M-1835K50000J211------------,715,0,725,705,710,-5,2606800,1851931500,638,557.6,710,390500,705,1049200,3560849376,3560849376,1744816194,76300,74500,0,0,0
2022-07-08,ADHI,Adhi Karya (Persero) Tbk.,--M-1835K50000J211------------,720,0,725,710,715,-5,3635500,2603226000,898,561.5,720,126200,715,316100,3560849376,3560849376,1744816194,160200,827900,0,0,0
2022-07-07,ADHI,Adhi Karya (Persero) Tbk.,--M-1835K50000J211------------,705,0,725,705,720,15,3861300,2762535000,1055,565.4,720,566500,715,402100,3560849376,3560849376,1744816194,410100,534100,0,0,0
2022-07-06,ADHI,Adhi Karya (Persero) Tbk.,--M-1835K50000J211------------,715,0,720,695,705,-10,9543000,6735840500,1682,553.7,710,230900,705,1078700,3560849376,3560849376,1744816194,1120500,1084200,0,0,0
2022-07-05,ADHI,Adhi Karya (Persero) Tbk.,--M-1835K50000J211------------,710,0,730,705,715,5,10516400,7550476500,1669,561.5,715,116700,710,1779200,3560849376,3560849376,1744816194,2643300,90700,0,0,0
2022-07-04,ADHI,Adhi Karya (Persero) Tbk.,--M-1835K50000J211------------,755,0,765,705,710,-45,26354500,19028721500,4062,557.6,715,332600,710,381900,3560849376,3560849376,1744816194,4845100,916400,0,0,0
2022-07-01,ADHI,Adhi Karya (Persero) Tbk.,--M-1835K50000J211------------,770,0,775,730,755,-15,23520700,17635205000,3550,592.9,755,17400,750,148500,3560849376,3560849376,1744816194,155500,3239600,0,0,0
2022-06-30,ADHI,Adhi Karya (Persero) Tbk.,--M-1835K52000J211------------,800,0,815,770,770,-30,16191100,12712374500,3753,604.7,770,20900,765,818500,3560849376,3560849376,1744816194,723100,1192900,0,0,0
2022-06-29,ADHI,Adhi Karya (Persero) Tbk.,--M-1835K52000J211------------,820,0,830,800,800,-20,22185800,17924950500,3206,628.3,805,405100,800,2623400,3560849376,3560849376,1744816194,1632900,1399600,0,0,0
2022-06-28,ADHI,Adhi Karya (Persero) Tbk.,--M-1835K52000J211------------,805,0,840,795,820,15,33827200,27848288500,5265,644.0,825,324600,820,125600,3560849376,3560849376,1744816194,3576900,4425200,0,0,0
2022-06-27,ADHI,Adhi Karya (Persero) Tbk.,--M-1835K52000J211------------,815,0,830,790,805,-10,21599400,17348713500,4140,632.2,810,314700,805,144800,3560849376,3560849376,1744816194,961300,1860100,0,0,0
2022-06-24,ADHI,Adhi Karya (Persero) Tbk.,--M-1835K52000J211------------,790,0,835,790,815,25,51536600,42069754000,8635,640.1,815,737400,810,639500,3560849376,3560849376,1744816194,5185000,2902800,0,0,0
2022-06-23,ADHI,Adhi Karya (Persero) Tbk.,--M-1835K52000J211------------,730,0,800,725,790,60,36024700,27754043000,5931,620.4,790,439500,785,184600,3560849376,3560849376,1744816194,1261100,4297500,0,0,0
2022-06-22,ADHI,Adhi Karya (Persero) Tbk.,--M-1835K52000J211------------,735,0,740,720,730,-5,5505900,4017453000,867,573.3,730,134000,725,98000,3560849376,3560849376,1744816194,458100,395500,0,0,0
2022-06-21,ADHI,Adhi Karya (Persero) Tbk.,--M-1835K52000J211------------,735,0,760,735,735,0,5034200,3751193500,1309,577.2,740,117800,735,313700,3560849376,3560849376,1744816194,267600,546900,0,0,0
2022-06-20,ADHI,Adhi Karya (Persero) Tbk.,--M-1835K52000J211------------,725,0,740,720,735,10,6506700,4755011000,1123,577.2,740,1048400,735,229200,3560849376,3560849376,1744816194,14300,57300,0,0,0
2022-06-17,ADHI,Adhi Karya (Persero) Tbk.,--M-1835K52000J211------------,735,0,735,715,725,-10,4537900,3275617500,872,569.4,730,813100,725,317200,3560849376,3560849376,1744816194,370500,313400,0,0,0
2022-06-16,ADHI,Adhi Karya (Persero) Tbk.,--M-1835K52000J211------------,710,0,750,710,735,25,12016300,8813388500,2200,577.2,740,577300,735,1438200,3560849376,3560849376,1744816194,170400,202000,0,0,0
2022-06-15,ADHI,Adhi Karya (Persero) Tbk.,--M-1835K52000J211------------,710,0,720,695,710,0,11729200,8276498000,1382,557.6,710,92700,705,58700,3560849376,3560849376,1744816194,1266700,120500,0,0,0
2022-06-14,ADHI,Adhi Karya (Persero) Tbk.,--M-1835K52000J211------------,710,0,715,690,710,0,9886300,6956617500,1689,557.6,715,198200,710,345600,3560849376,3560849376,1744816194,1612000,605600,0,0,0
2022-06-13,ADHI,Adhi Karya (Persero) Tbk.,--M-1835K52000J211------------,755,0,755,705,710,-45,18626800,13273620500,3611,557.6,710,309200,705,2583800,3560849376,3560849376,1744816194,2485400,499800,0,0,0
2022-06-10,ADHI,Adhi Karya (Persero) Tbk.,--M-1835K52000J211------------,770,0,775,750,755,-15,7959900,6032195500,1986,592.9,755,585300,750,1786500,3560849376,3560849376,1744816194,1204300,564100,0,0,0
2022-06-09,ADHI,Adhi Karya (Persero) Tbk.,--M-1835K52000J211------------,775,0,790,765,770,-5,21595100,16788071000,4626,604.7,770,674000,765,271200,3560849376,3560849376,1744816194,4076300,533600,0,0,0
2022-06-08,ADHI,Adhi Karya (Persero) Tbk.,--M-1835K52000J211------------,720,0,775,720,775,55,44960700,34175584000,6294,608.6,775,445400,770,160300,3560849376,3560849376,1744816194,1798800,2052300,0,0,0
2022-06-07,ADHI,Adhi Karya (Persero) Tbk.,--M-1835K52000J211------------,725,0,730,720,720,-5,4464000,3219029000,913,565.4,725,546700,720,239900,3560849376,3560849376,1744816194,125700,1469700,0,0,0
2022-06-06,ADHI,Adhi Karya (Persero) Tbk.,--M-1835K52000J211------------,730,0,730,715,725,-5,7230900,5227808000,1667,569.4,730,1809900,725,109100,3560849376,3560849376,1744816194,1143700,860900,462500,330375000,3
2022-06-03,ADHI,Adhi Karya (Persero) Tbk.,--M-1835K52000J211------------,725,0,740,720,730,5,9879100,7208226500,1579,573.3,730,270400,725,426200,3560849376,3560849376,1744816194,153000,1671900,362500,262812500,1
2022-06-02,ADHI,Adhi Karya (Persero) Tbk.,--M-1835K52000J211------------,725,0,740,715,725,0,9346300,6801984500,2015,569.4,725,41700,720,57700,3560849376,3560849376,1744816194,1205100,1955900,0,0,0
2022-05-31,ADHI,Adhi Karya (Persero) Tbk.,--M-1835K52000J211------------,730,0,740,715,725,-5,7041400,5111890000,1567,569.4,730,835400,725,945600,3560849376,3560849376,1744816194,447300,1313700,1700,1249500,1
2022-05-30,ADHI,Adhi Karya (Persero) Tbk.,--M-1835K52000J211------------,715,0,735,700,730,15,12505000,9081386000,2548,573.3,730,661400,725,528900,3560849376,3560849376,1744816194,971500,1120200,0,0,0
2022-05-27,ADHI,Adhi Karya (Persero) Tbk.,--M-1835K52000J211------------,685,0,715,690,715,30,11502300,8143726500,2177,561.5,715,1275200,710,161100,3560849376,3560849376,1744816194,1154700,2009000,427800,295182000,1
2022-05-25,ADHI,Adhi Karya (Persero) Tbk.,--M-1835K52000J211------------,685,0,700,680,685,0,9533100,6602966000,1699,538.0,690,204400,685,252300,3560849376,3560849376,1744816194,813000,464500,428000,293182000,2
2022-05-24,ADHI,Adhi Karya (Persero) Tbk.,--M-1835K52000J211------------,655,0,695,660,685,30,14586800,9966604000,2162,538.0,690,590600,685,852800,3560849376,3560849376,1744816194,338300,811200,0,0,0
2022-05-23,ADHI,Adhi Karya (Persero) Tbk.,--M-1835K52000J211------------,670,0,675,655,655,-15,7778300,5140133000,1804,514.4,660,385500,655,2928600,3560849376,3560849376,1744816194,0,2500,0,0,0
2022-05-20,ADHI,Adhi Karya (Persero) Tbk.,--M-1835K52000J211------------,675,0,680,650,670,-5,11276000,7515341500,2115,526.2,675,423000,670,79100,3560849376,3560849376,1744816194,869100,426100,0,0,0
2022-05-19,ADHI,Adhi Karya (Persero) Tbk.,--M-1835K52000J211------------,680,0,680,670,675,-5,3468200,2341640000,1022,530.1,675,190100,670,1089300,3560849376,3560849376,1744816194,341700,542300,423500,290265000,2
2022-05-18,ADHI,Adhi Karya (Persero) Tbk.,--M-1835K52000J211------------,685,0,695,680,680,-5,3783800,2594877500,1015,534.0,685,288800,680,2119000,3560849376,3560849376,1744816194,580300,628600,423514,287988960,2
2022-05-17,ADHI,Adhi Karya (Persero) Tbk.,--M-1835K52000J211------------,685,0,695,680,685,0,3699200,2542636500,857,538.0,685,93900,680,685800,3560849376,3560849376,1744816194,0,112300,0,0,0
2022-05-13,ADHI,Adhi Karya (Persero) Tbk.,--M-1835K52000J211------------,680,0,685,670,685,5,4573700,3098460000,1152,538.0,685,640100,680,444600,3560849376,3560849376,1744816194,148700,167700,740700,499972500,1
2022-05-12,ADHI,Adhi Karya (Persero) Tbk.,--M-1835K52000J211------------,695,0,700,675,680,-15,5490700,3742740500,1557,534.0,685,241800,680,43500,3560849376,3560849376,1744816194,105400,118500,0,0,0
2022-05-11,ADHI,Adhi Karya (Persero) Tbk.,--M-1835K52000J211------------,690,0,700,680,695,5,4696100,3253808500,1308,545.8,695,511000,690,832300,3560849376,3560849376,1744816194,36100,16300,413200,285042000,2
2022-05-10,ADHI,Adhi Karya (Persero) Tbk.,--M-1835K52000J211------------,695,0,695,665,690,-5,14223200,9637481500,2802,541.9,695,162500,690,518900,3560849376,3560849376,1744816194,1609200,398700,413200,283042000,1
2022-05-09,ADHI,Adhi Karya (Persero) Tbk.,--M-1835K52000J211------------,720,0,720,690,695,-25,8240900,5777144000,2428,545.8,700,389400,695,453800,3560849376,3560849376,1744816194,1181700,848800,0,0,0
2022-04-28,ADHI,Adhi Karya (Persero) Tbk.,--M-1835K52000J211------------,715,0,730,710,720,5,5910100,4255892500,1367,565.4,720,1889200,715,323400,3560849376,3560849376,1744816194,14000,1540500,0,0,0
2022-04-27,ADHI,Adhi Karya (Persero) Tbk.,--M-1835K52000J211------------,715,0,725,705,715,0,5446900,3903742000,1665,561.5,720,563100,715,338800,3560849376,3560849376,1744816194,85600,190300,200000,144000000,1
2022-04-26,ADHI,Adhi Karya (Persero) Tbk.,--M-1835K52000J211------------,705,0,720,700,715,10,7743700,5498932500,1430,561.5,720,744500,715,411500,3560849376,3560849376,1744816194,29500,9300,544200,387561000,2
2022-04-25,ADHI,Adhi Karya (Persero) Tbk.,--M-1835K52000J211------------,720,0,725,700,705,-15,5837100,4116180000,1530,553.7,705,50800,700,3329200,3560849376,3560849376,1744816194,392600,23100,420000,297000000,2
2022-04-22,ADHI,Adhi Karya (Persero) Tbk.,--M-1835K52000J211------------,725,0,740,710,720,-5,6992300,5043367000,2016,565.4,720,597800,715,320200,3560849376,3560849376,1744816194,1191800,0,1379300,999992500,1
2022-04-21,ADHI,Adhi Karya (Persero) Tbk.,--M-1835K52000J211------------,700,0,740,700,725,25,21184200,15410290500,3369,569.4,730,180000,725,1206300,3560849376,3560849376,1744816194,1020200,1656300,0,0,0
2022-04-20,ADHI,Adhi Karya (Persero) Tbk.,--M-1835K52000J211------------,705,0,715,700,700,-5,4132600,2909806000,991,549.7,705,181900,700,1133000,3560849376,3560849376,1744816194,184300,94100,0,0,0
2022-04-19,ADHI,Adhi Karya (Persero) Tbk.,--M-1835K52000J211------------,705,0,710,700,705,0,4576100,3229828000,1210,553.7,710,2036200,705,1526000,3560849376,3560849376,1744816194,283300,300300,390019,274962445,2
2022-04-18,ADHI,Adhi Karya (Persero) Tbk.,--M-1835K52000J211------------,700,0,710,695,705,5,4491400,3161468500,1156,553.7,705,444600,700,510700,3560849376,3560849376,1744816194,364900,532500,390000,273000000,1
2022-04-14,ADHI,Adhi Karya (Persero) Tbk.,--M-1835K52000J211------------,700,0,705,690,700,0,5125700,3578095500,1328,549.7,700,240500,695,1894300,3560849376,3560849376,1744816194,66100,164100,0,0,0
2022-04-13,ADHI,Adhi Karya (Persero) Tbk.,--M-1835K52000J211------------,695,0,710,695,700,5,4965200,3471105500,1298,549.7,700,871100,695,1550900,3560849376,3560849376,1744816194,232300,500,0,0,0
2022-04-12,ADHI,Adhi Karya (Persero) Tbk.,--M-1835K52000J211------------,700,0,720,695,695,-5,7741900,5438246500,1821,545.8,700,32800,695,927500,3560849376,3560849376,1744816194,450300,998700,0,0,0
2022-04-11,ADHI,Adhi Karya (Persero) Tbk.,--M-1835K52000J211------------,710,0,715,690,700,-10,7540300,5266822000,2280,549.7,700,853600,695,964300,3560849376,3560849376,1744816194,186400,590500,0,0,0
2022-04-08,ADHI,Adhi Karya (Persero) Tbk.,--M-1835K52000J211------------,715,0,725,705,710,-5,13636100,9710556500,2247,557.6,715,251200,710,899900,3560849376,3560849376,1744816194,33000,577200,24500,25235000,1
2022-04-07,ADHI,Adhi Karya (Persero) Tbk.,--M-1835K52000J211------------,730,0,730,715,715,-15,9920300,7135837500,1807,561.5,720,29100,715,582500,3560849376,3560849376,1744816194,352100,53200,0,0,0
2022-04-06,ADHI,Adhi Karya (Persero) Tbk.,--M-1835K52000J211------------,730,0,740,720,730,0,4173100,3036045500,1221,573.3,730,488700,725,83900,3560849376,3560849376,1744816194,1115300,224900,0,0,0
2022-04-05,ADHI,Adhi Karya (Persero) Tbk.,--M-1835K52000J211------------,725,0,740,725,730,5,4604400,3374388000,1097,573.3,735,579500,730,400700,3560849376,3560849376,1744816194,290500,316500,1164700,850231000,1
2022-04-04,ADHI,Adhi Karya (Persero) Tbk.,--M-1835K52000J211------------,725,0,730,715,725,0,4886300,3533946000,1488,569.4,730,250800,725,354700,3560849376,3560849376,1744816194,335300,100600,0,0,0
2022-04-01,ADHI,Adhi Karya (Persero) Tbk.,--M-1835K52000J211------------,740,0,745,725,725,-15,7995300,5831590500,1906,569.4,730,267100,725,593300,3560849376,3560849376,1744816194,1146900,10000,20000,13900000,1
2022-03-31,ADHI,Adhi Karya (Persero) Tbk.,--M-1835K52000J211------------,750,0,760,740,740,-10,4046500,3015664000,1146,581.2,745,228300,740,1448000,3560849376,3560849376,2471229467,368200,0,30000,22050000,1
2022-03-30,ADHI,Adhi Karya (Persero) Tbk.,--M-1835K52000J211------------,740,0,770,740,750,10,14372600,10876990500,2533,589.0,755,450000,750,207800,3560849376,3560849376,2471229467,1405300,3777900,0,0,0
2022-03-29,ADHI,Adhi Karya (Persero) Tbk.,--M-1835K52000J211------------,740,0,755,735,740,0,8658700,6447927000,1484,581.2,745,626100,740,171700,3560849376,3560849376,2471229467,1886400,832700,0,0,0
2022-03-28,ADHI,Adhi Karya (Persero) Tbk.,--M-1835K52000J211------------,735,0,745,735,740,5,4457600,3286462500,1060,581.2,740,691900,735,338300,3560849376,3560849376,2471229467,141200,1569800,0,0,0
2022-03-25,ADHI,Adhi Karya (Persero) Tbk.,--M-1835K52000J211------------,740,0,745,725,735,-5,6607500,4842166000,1577,577.2,735,299700,730,508400,3560849376,3560849376,2471229467,1366900,414000,0,0,0
2022-03-24,ADHI,Adhi Karya (Persero) Tbk.,--M-1835K52000J211------------,715,0,745,715,740,25,14495000,10681040500,2570,581.2,745,881900,740,289900,3560849376,3560849376,2471229467,403700,1658200,0,0,0
2022-03-23,ADHI,Adhi Karya (Persero) Tbk.,--M-1835K52000J211------------,735,0,745,715,715,-20,15938200,11571770500,3097,561.5,720,752500,715,3044100,3560849376,3560849376,2471229467,780200,1038200,0,0,0
2022-03-22,ADHI,Adhi Karya (Persero) Tbk.,--M-1835K52000J211------------,735,0,755,725,735,0,16758600,12309536000,2274,577.2,735,5102400,730,1296000,3560849376,3560849376,2471229467,1097800,4397500,0,0,0
2022-03-21,ADHI,Adhi Karya (Persero) Tbk.,--M-1835K52000J211------------,760,0,765,735,735,-25,12365600,9175868500,3056,577.2,740,47400,735,524000,3560849376,3560849376,2471229467,865800,1666600,0,0,0
2022-03-18,ADHI,Adhi Karya (Persero) Tbk.,--M-1835K52000J211------------,790,0,805,750,760,-30,24024500,18360926000,5306,596.9,760,7945100,755,782400,3560849376,3560849376,2471229467,1150700,2876900,0,0,0
2022-03-17,ADHI,Adhi Karya (Persero) Tbk.,--M-1835K52000J211------------,780,0,800,785,790,10,11764700,9353729500,1829,620.4,795,539700,790,285500,3560849376,3560849376,2471229467,923000,1484500,40100,40100,1
2022-03-16,ADHI,Adhi Karya (Persero) Tbk.,--M-1835K52000J211------------,770,0,790,760,780,10,7508700,5837171000,1624,612.6,785,441600,780,444600,3560849376,3560849376,2471229467,1197100,924800,0,0,0
2022-03-15,ADHI,Adhi Karya (Persero) Tbk.,--M-1835K52000J211------------,805,0,815,760,770,-35,16719400,13022116500,3778,604.7,770,48900,765,163000,3560849376,3560849376,2471229467,1426400,1273000,0,0,0
2022-03-14,ADHI,Adhi Karya (Persero) Tbk.,--M-1835K52000J211------------,825,0,830,800,805,-20,19920300,16093367500,4102,632.2,810,111800,805,92300,3560849376,3560849376,2471229467,2894200,1931700,0,0,0
2022-03-11,ADHI,Adhi Karya (Persero) Tbk.,--M-1835K52000J211------------,790,0,835,760,825,35,40695100,33044367500,6281,647.9,830,999800,825,3014800,3560849376,3560849376,2471229467,4030200,5340100,0,0,0
2022-03-10,ADHI,Adhi Karya (Persero) Tbk.,--M-1835K52000J211------------,790,0,820,775,790,0,24109500,19220824500,5229,620.4,790,100500,785,374600,3560849376,3560849376,2471229467,4686700,624200,0,0,0
2022-03-09,ADHI,Adhi Karya (Persero) Tbk.,--M-1835K52000J211------------,715,0,790,720,790,75,32904000,25261810000,5642,620.4,795,1180800,790,891100,3560849376,3560849376,2471229467,3825700,6919600,0,0,0
2022-03-08,ADHI,Adhi Karya (Persero) Tbk.,--M-1835K52000J211------------,695,0,755,680,715,20,25770500,18693936000,4975,561.5,720,47100,715,127000,3560849376,3560849376,2471229467,2467000,2892000,0,0,0
2022-03-07,ADHI,Adhi Karya (Persero) Tbk.,--M-1835K52000J211------------,720,0,720,685,695,-25,16415200,11478548500,3265,545.8,700,351500,695,6800,3560849376,3560849376,2471229467,1098200,815900,0,0,0
2022-03-04,ADHI,Adhi Karya (Persero) Tbk.,--M-1835K52000J211------------,735,0,745,700,720,-15,22230700,15830973000,4607,565.4,725,206700,720,51300,3560849376,3560849376,2471229467,1617700,3034500,0,0,0
2022-03-02,ADHI,Adhi Karya (Persero) Tbk.,--M-1835K52000J211------------,765,0,770,735,735,-30,16724200,12480127500,3713,577.2,735,84200,730,1569800,3560849376,3560849376,2471229467,269500,487000,0,0,0
2022-03-01,ADHI,Adhi Karya (Persero) Tbk.,--M-1835K52000J211------------,760,0,785,760,765,5,15540100,11947680500,3019,600.8,765,176200,760,2261500,3560849376,3560849376,2471229467,353300,353700,0,0,0
2022-02-25,ADHI,Adhi Karya (Persero) Tbk.,--M-1835K52000J211------------,780,0,790,750,760,-20,48581900,37488546000,7039,596.9,765,820600,760,109400,3560849376,3560849376,2471229467,1887100,4179600,0,0,0
2022-02-24,ADHI,Adhi Karya (Persero) Tbk.,--M-1835K52000J211------------,835,0,835,780,780,-55,53589400,42288966500,9003,612.6,780,12853300,0,0,3560849376,3560849376,2471229467,918000,1020100,221600,186584500,2
2022-02-23,ADHI,Adhi Karya (Persero) Tbk.,--M-1835K52000J211------------,895,0,900,835,835,-60,62380400,52825834000,9965,655.8,835,1607900,0,0,3560849376,3560849376,2471229467,2430800,448300,221600,185036000,1
2022-02-22,ADHI,Adhi Karya (Persero) Tbk.,--M-1835K52000J211------------,930,0,930,890,895,-35,26317600,23769024000,4237,702.9,895,401500,890,1749200,3560849376,3560849376,2471229467,3405100,146900,21080200,25406859000,2
2022-02-21,ADHI,Adhi Karya (Persero) Tbk.,--M-1835K52000J211------------,935,0,950,925,930,-5,22608500,21177321000,3289,730.4,930,44500,925,2552700,3560849376,3560849376,2471229467,1612600,198800,1181500,1111372500,3
2022-02-18,ADHI,Adhi Karya (Persero) Tbk.,--M-1835K52000J211------------,930,0,940,925,935,5,15645100,14591475000,2510,734.3,935,182700,930,806600,3560849376,3560849376,2471229467,160700,1330100,0,0,0
2022-02-17,ADHI,Adhi Karya (Persero) Tbk.,--M-1835K52000J211------------,935,0,955,925,930,-5,19850400,18643554500,4482,730.4,930,114400,925,1296700,3560849376,3560849376,2471229467,1507400,516800,0,0,0
2022-02-16,ADHI,Adhi Karya (Persero) Tbk.,--M-1835K52000J211------------,900,0,945,900,935,35,35837700,33224054500,3851,734.3,935,3466900,930,2862300,3560849376,3560849376,2471229467,528800,4394500,200000,182300000,2
2022-02-15,ADHI,Adhi Karya (Persero) Tbk.,--M-1835K52000J211------------,895,0,905,890,900,5,4653000,4176364000,984,706.8,900,2675400,895,247100,3560849376,3560849376,2471229467,386900,169000,1250125,1126202650,5
2022-02-14,ADHI,Adhi Karya (Persero) Tbk.,--M-1835K52000J211------------,920,0,915,885,895,-25,7682400,6849583000,1530,702.9,895,540000,890,554100,3560849376,3560849376,2471229467,1329900,254500,0,0,0
2022-02-11,ADHI,Adhi Karya (Persero) Tbk.,--M-1835K52000J211------------,920,0,920,895,920,0,5284000,4792739000,1354,722.5,920,244200,915,74400,3560849376,3560849376,2471229467,27500,306000,0,0,0
2022-02-10,ADHI,Adhi Karya (Persero) Tbk.,--M-1835K52000J211------------,930,0,935,905,920,-10,7583700,6965123000,2117,722.5,920,193600,915,400,3560849376,3560849376,2471229467,396500,395800,0,0,0
2022-02-09,ADHI,Adhi Karya (Persero) Tbk.,--M-1835K52000J211------------,910,0,935,910,930,20,10839600,10037871000,2951,730.4,930,263000,925,237900,3560849376,3560849376,2471229467,268300,350100,0,0,0
2022-02-08,ADHI,Adhi Karya (Persero) Tbk.,--M-1835K52000J211------------,885,0,915,880,910,25,19229100,17299742500,3515,714.7,910,88100,905,38400,3560849376,3560849376,2471229467,241800,2156900,0,0,0
2022-02-07,ADHI,Adhi Karya (Persero) Tbk.,--M-1835K52000J211------------,865,0,885,865,885,20,13974000,12290002000,1906,695.0,890,908600,885,683000,3560849376,3560849376,2471229467,99900,1441600,0,0,0
2022-02-04,ADHI,Adhi Karya (Persero) Tbk.,--M-1835K52000J211------------,875,0,900,860,865,-10,23601200,20712635500,2764,679.3,870,672400,865,1510800,3560849376,3560849376,2471229467,2483200,297400,0,0,0
2022-02-03,ADHI,Adhi Karya (Persero) Tbk.,--M-1835K52000J211------------,855,0,890,840,875,20,20950600,18255321000,2806,687.2,880,23600,875,295300,3560849376,3560849376,2471229467,801400,817900,0,0,0
2022-02-02,ADHI,Adhi Karya (Persero) Tbk.,--M-1835K52000J211------------,830,0,880,830,855,25,8280900,7048553500,2002,671.5,860,949600,855,14900,3560849376,3560849376,2471229467,276700,1018000,0,0,0
2022-01-31,ADHI,Adhi Karya (Persero) Tbk.,--M-1835V52000J211------------,810,0,840,815,830,20,10114400,8397827500,1451,651.8,830,515500,825,227400,3560849376,3560849376,2471229467,593700,999000,2490000,2041800000,1
2022-01-28,ADHI,Adhi Karya (Persero) Tbk.,--M-1835V52000J211------------,810,0,820,805,810,0,3378300,2744970000,924,636.1,815,112300,810,740100,3560849376,3560849376,2471229467,0,450800,600,483000,1
2022-01-27,ADHI,Adhi Karya (Persero) Tbk.,--M-1835V52000J211------------,810,0,825,805,810,0,5335900,4332239500,832,636.1,815,496500,810,369500,3560849376,3560849376,2471229467,438900,219500,0,0,0
2022-01-26,ADHI,Adhi Karya (Persero) Tbk.,--M-1835V52000J211------------,805,0,830,795,810,5,6897200,5603330500,1492,636.1,815,209800,810,356900,3560849376,3560849376,2471229467,50000,136400,47,37506,1
2022-01-25,ADHI,Adhi Karya (Persero) Tbk.,--M-1835V52000J211------------,835,0,835,800,805,-30,4925000,3995731000,1415,632.2,810,31800,805,40800,3560849376,3560849376,2471229467,60200,61600,0,0,0
2022-01-24,ADHI,Adhi Karya (Persero) Tbk.,--M-1835V52000J211------------,840,0,850,825,835,-5,5844400,4879374000,1051,655.8,840,574100,835,4300,3560849376,3560849376,2471229467,134800,382700,0,0,0
2022-01-21,ADHI,Adhi Karya (Persero) Tbk.,--M-1835V52000J211------------,835,0,850,815,840,5,10370200,8679202000,1690,659.7,845,437100,840,972900,3560849376,3560849376,2471229467,314500,176300,0,0,0
2022-01-20,ADHI,Adhi Karya (Persero) Tbk.,--M-1835V52000J211------------,825,0,845,820,835,10,9453000,7896190000,1621,655.8,840,206700,835,26200,3560849376,3560849376,2471229467,111200,19100,200,166000,1
2022-01-19,ADHI,Adhi Karya (Persero) Tbk.,--M-1835V52000J211------------,825,0,835,795,825,0,10991400,9008673500,1466,647.9,825,352300,820,53200,3560849376,3560849376,2471229467,848200,203900,0,0,0
2022-01-18,ADHI,Adhi Karya (Persero) Tbk.,--M-1835V52000J211------------,830,0,840,785,825,-5,23627700,19077239500,3649,647.9,830,142600,825,127900,3560849376,3560849376,2471229467,448900,301000,7500,6225000,1
2022-01-17,ADHI,Adhi Karya (Persero) Tbk.,--M-1835V52000J211------------,890,0,900,830,830,-60,30743900,25963528000,4816,651.8,830,237200,0,0,3560849376,3560849376,2471229467,131100,135500,0,0,0
2022-01-14,ADHI,Adhi Karya (Persero) Tbk.,--M-1835V52000J211------------,900,0,900,880,890,-10,7039100,6253532500,1493,699.0,895,159700,890,682800,3560849376,3560849376,2471229467,50500,600,0,0,0
2022-01-13,ADHI,Adhi Karya (Persero) Tbk.,--M-1835V52000J211------------,890,0,915,880,900,10,11461600,10315244000,1743,706.8,900,203300,895,139800,3560849376,3560849376,2471229467,8100,75100,0,0,0
2022-01-12,ADHI,Adhi Karya (Persero) Tbk.,--M-1835V52000J211------------,900,0,910,850,890,-10,16172700,14310429500,2746,699.0,895,315700,890,10700,3560849376,3560849376,2471229467,141000,161400,0,0,0
2022-01-11,ADHI,Adhi Karya (Persero) Tbk.,--M-1835V52000J211------------,925,0,925,885,900,-25,14200800,12777728000,2539,706.8,900,518100,895,52100,3560849376,3560849376,2471229467,242300,0,0,0,0
2022-01-10,ADHI,Adhi Karya (Persero) Tbk.,--M-1835V52000J211------------,935,0,940,920,925,-10,6853800,6352687500,1328,726.4,925,234800,920,434600,3560849376,3560849376,2471229467,545900,215000,0,0,0
2022-01-07,ADHI,Adhi Karya (Persero) Tbk.,--M-1835V52000J211------------,920,0,950,910,935,15,13667900,12739626500,2452,734.3,940,650600,935,140500,3560849376,3560849376,2471229467,431900,2125900,0,0,0
2022-01-06,ADHI,Adhi Karya (Persero) Tbk.,--M-1835V52000J211------------,905,0,920,890,920,15,11274200,10211696500,1773,722.5,925,236500,920,174100,3560849376,3560849376,2471229467,383400,2813000,0,0,0
2022-01-05,ADHI,Adhi Karya (Persero) Tbk.,--M-1835V52000J211------------,925,0,930,905,905,-20,5589700,5105775500,1401,710.7,910,637900,905,680400,3560849376,3560849376,2471229467,400500,110600,0,0,0
2022-01-04,ADHI,Adhi Karya (Persero) Tbk.,--M-1835V52000J211------------,920,0,930,905,925,5,10613300,9747107500,2119,726.4,930,681400,925,158600,3560849376,3560849376,2471229467,334100,427100,0,0,0
2022-01-03,ADHI,Adhi Karya (Persero) Tbk.,--M-1835V52000J211------------,895,0,925,890,920,25,18570500,16863877000,3398,722.5,925,486000,920,32600,3560849376,3560849376,2471229467,7129800,1131800,0,0,0
2021-12-30,ADHI,Adhi Karya (Persero) Tbk.,--M-1835V52000J211------------,910,0,920,895,895,-15,6074400,5475403000,1395,702.9,900,127500,895,91500,3560849376,3560849376,3016039421,376800,900,0,0,0
2021-12-29,ADHI,Adhi Karya (Persero) Tbk.,--M-1835V52000J211------------,920,0,920,890,910,-10,15705100,14204772000,2415,714.7,910,467900,905,96900,3560849376,3560849376,3016039421,367400,477900,34977400,38122797000,4
2021-12-28,ADHI,Adhi Karya (Persero) Tbk.,--M-1835V52000J211------------,960,0,975,910,920,-40,27526200,25837785000,4452,722.5,925,229200,920,106300,3560849376,3560849376,3016039421,2361000,578900,100,96000,1
2021-12-27,ADHI,Adhi Karya (Persero) Tbk.,--M-1835V52000J211------------,900,0,960,905,960,60,18381100,17186710000,3504,753.9,965,471800,960,1453000,3560849376,3560849376,3016039421,1540100,1657300,50000,56250000,1
2021-12-24,ADHI,Adhi Karya (Persero) Tbk.,--M-1835V52000J211------------,885,0,910,880,900,15,10191100,9137275500,1822,706.8,905,1467000,900,357200,3560849376,3560849376,3016039421,1057100,856100,0,0,0
2021-12-23,ADHI,Adhi Karya (Persero) Tbk.,--M-1835V52000J211------------,905,0,910,880,885,-20,13861800,12328590000,3149,695.0,885,112700,880,836700,3560849376,3560849376,3016039421,619000,935300,300,264000,1
2021-12-22,ADHI,Adhi Karya (Persero) Tbk.,--M-1835V52000J211------------,930,0,940,905,905,-25,18890100,17409881500,2908,710.7,910,368800,905,1000,3560849376,3560849376,3016039421,2396500,161300,0,0,0
2021-12-21,ADHI,Adhi Karya (Persero) Tbk.,--M-1835V52000J211------------,925,0,955,915,930,5,33134500,30889659000,4371,730.4,935,146300,930,1081200,3560849376,3560849376,3016039421,3724700,4616900,0,0,0
2021-12-20,ADHI,Adhi Karya (Persero) Tbk.,--M-1835V52000J211------------,980,0,980,915,925,-55,36477000,34137579500,6659,726.4,925,1350400,920,218300,3560849376,3560849376,3016039421,1653800,3101900,0,0,0
2021-12-17,ADHI,Adhi Karya (Persero) Tbk.,--M-1835V50000J211------------,1010,0,1010,955,980,-30,24282800,23853374000,5716,769.6,985,283400,980,1456100,3560849376,3560849376,3016039421,1098200,2302900,0,0,0
2021-12-16,ADHI,Adhi Karya (Persero) Tbk.,--M-1835V50000J211------------,1025,0,1040,1000,1010,-15,12036100,12221431000,2803,793.2,1015,393400,1010,194100,3560849376,3560849376,3016039421,418500,476400,0,0,0
2021-12-15,ADHI,Adhi Karya (Persero) Tbk.,--M-1835V50000J211------------,1040,0,1055,1020,1025,-15,13004400,13435675500,2095,805.0,1030,90200,1025,975200,3560849376,3560849376,3016039421,1175600,413600,0,0,0
2021-12-14,ADHI,Adhi Karya (Persero) Tbk.,--M-1835V50000J211------------,1060,0,1060,1025,1040,-20,12134000,12548697000,2874,816.8,1040,180100,1035,163000,3560849376,3560849376,3016039421,496300,544400,0,0,0
2021-12-13,ADHI,Adhi Karya (Persero) Tbk.,--M-1835V50000J211------------,1060,0,1070,1050,1060,0,4847600,5138493500,1379,832.5,1060,1558300,1055,125000,3560849376,3560849376,3016039421,529100,196400,0,0,0
2021-12-10,ADHI,Adhi Karya (Persero) Tbk.,--M-1835V50000J211------------,1075,0,1075,1050,1060,-15,10382300,11015747500,1916,832.5,1060,1354300,1055,832800,3560849376,3560849376,3016039421,820300,405100,0,0,0
2021-12-09,ADHI,Adhi Karya (Persero) Tbk.,--M-1835V50000J211------------,1085,0,1090,1060,1075,-10,10302800,11023353000,2442,844.2,1080,187600,1075,444200,3560849376,3560849376,3016039421,418500,576400,0,0,0
2021-12-08,ADHI,Adhi Karya (Persero) Tbk.,--M-1835V50000J211------------,1090,0,1110,1065,1085,-5,15642000,16997122500,3178,852.1,1085,335700,1080,37900,3560849376,3560849376,3016039421,3150000,282200,0,0,0
2021-12-07,ADHI,Adhi Karya (Persero) Tbk.,--M-1835V50000J211------------,1035,0,1095,1040,1090,55,27844900,29932909500,4267,856.0,1090,775000,1085,289100,3560849376,3560849376,3016039421,680400,3579600,100000,104000000,1
2021-12-06,ADHI,Adhi Karya (Persero) Tbk.,--M-1835V50000J211------------,1025,0,1045,1015,1035,10,12002800,12398731500,1750,812.8,1040,339200,1035,617100,3560849376,3560849376,3016039421,718700,1270600,0,0,0
2021-12-03,ADHI,Adhi Karya (Persero) Tbk.,--M-1835V50000J211------------,1030,0,1070,1010,1025,-5,13844200,14170048500,2222,805.0,1030,266400,1025,203100,3560849376,3560849376,3016039421,2077600,663300,0,0,0
2021-12-02,ADHI,Adhi Karya (Persero) Tbk.,--M-1835V50000J211------------,1020,0,1040,975,1030,10,31440700,31636867500,5596,808.9,1035,451600,1030,98600,3560849376,3560849376,3016039421,1578100,3067000,0,0,0
2021-12-01,ADHI,Adhi Karya (Persero) Tbk.,--M-1835V50000J211------------,1025,0,1055,1015,1020,-5,20673900,21353583000,4178,801.0,1025,129300,1020,560100,3560849376,3560849376,3016039421,2045700,1822400,27,27540,1
2021-11-30,ADHI,Adhi Karya (Persero) Tbk.,--M-1835V50000J211------------,1075,0,1095,1015,1025,-50,35599200,37214954500,6432,805.0,1025,1100,1020,641600,3560849376,3560849376,3016039421,2443000,1189200,0,0,0
2021-11-29,ADHI,Adhi Karya (Persero) Tbk.,--M-1835V50000J211------------,1095,0,1105,1035,1075,-20,39807100,42731182000,6376,844.2,1080,21500,1075,666500,3560849376,3560849376,3016039421,4272700,5191300,4054,8149020,2
2021-11-26,ADHI,Adhi Karya (Persero) Tbk.,--M-1835V50000J211------------,1155,0,1160,1085,1095,-60,40782200,45295633000,7210,859.9,1100,637100,1095,1651900,3560849376,3560849376,3016039421,1350400,1339100,22,25190,1
2021-11-25,ADHI,Adhi Karya (Persero) Tbk.,--M-1835V50000J211------------,1135,0,1165,1135,1155,20,21211500,24442296000,3927,907.1,1155,1488400,1150,2761100,3560849376,3560849376,3016039421,1577800,1099400,0,0,0
2021-11-24,ADHI,Adhi Karya (Persero) Tbk.,--M-1835V50000J211------------,1135,0,1160,1125,1135,0,22024600,25178713500,3916,891.4,1135,800400,1130,1573700,3560849376,3560849376,3016039421,749100,2134400,0,0,0
2021-11-23,ADHI,Adhi Karya (Persero) Tbk.,--M-1835V50000J211------------,1140,0,1145,1125,1135,-5,14342900,16258114000,2439,891.4,1135,1129700,1130,259900,3560849376,3560849376,3016039421,721400,41400,0,0,0
2021-11-22,ADHI,Adhi Karya (Persero) Tbk.,--M-1835V50000J211------------,1115,0,1175,1115,1140,25,41953600,47985648000,6511,895.3,1140,238500,1135,1040600,3560849376,3560849376,3016039421,4634100,5462300,0,0,0
2021-11-19,ADHI,Adhi Karya (Persero) Tbk.,--M-1835V50000J211------------,1115,0,1125,1110,1115,0,10396300,11593924000,2192,875.7,1120,1084900,1115,852500,3560849376,3560849376,3016039421,204100,139800,0,0,0
2021-11-18,ADHI,Adhi Karya (Persero) Tbk.,--M-1835V50000J211------------,1110,0,1120,1105,1115,5,16596000,18491113500,2747,875.7,1115,37000,1110,89000,3560849376,3560849376,3016039421,388300,197600,0,0,0
2021-11-17,ADHI,Adhi Karya (Persero) Tbk.,--M-1835V50000J211------------,1095,0,1125,1090,1110,15,21322300,23684521000,3273,871.7,1115,501900,1110,405900,3560849376,3560849376,3016039421,1413900,1345900,0,0,0
2021-11-16,ADHI,Adhi Karya (Persero) Tbk.,--M-1835V50000J211------------,1090,0,1110,1080,1095,5,11623700,12741424000,2054,859.9,1100,916600,1095,218400,3560849376,3560849376,3016039421,698200,567000,7306000,8000070000,1
2021-11-15,ADHI,Adhi Karya (Persero) Tbk.,--M-1835V50000J211------------,1110,0,1115,1080,1090,-20,10159300,11095492500,2266,856.0,1095,201900,1090,205200,3560849376,3560849376,3016039421,362900,140200,0,0,0
2021-11-12,ADHI,Adhi Karya (Persero) Tbk.,--M-1835V50000J211------------,1130,0,1140,1090,1110,-20,30136300,33327119500,5304,871.7,1110,554500,1105,159600,3560849376,3560849376,3016039421,1069200,1232700,0,0,0
2021-11-11,ADHI,Adhi Karya (Persero) Tbk.,--M-1835V50000J211------------,1140,0,1150,1120,1130,-10,18595500,21014776000,3459,887.4,1135,926300,1130,192500,3560849376,3560849376,3016039421,1746400,39400,0,0,0
2021-11-10,ADHI,Adhi Karya (Persero) Tbk.,--M-1835V50000J211------------,1120,0,1160,1110,1140,20,42404700,48351843000,6667,895.3,1145,1050900,1140,107000,3560849376,3560849376,3016039421,3535500,5258400,47500,53200000,1
2021-11-09,ADHI,Adhi Karya (Persero) Tbk.,--M-1835V50000J211------------,1080,0,1125,1080,1120,40,21895800,24342928500,4053,879.6,1125,2580400,1120,621500,3560849376,3560849376,3016039421,392600,973700,185700,186754500,2
2021-11-08,ADHI,Adhi Karya (Persero) Tbk.,--M-1835V50000J211------------,1085,0,1105,1080,1080,-5,13533000,14741978000,2272,848.2,1085,9600,1080,1193600,3560849376,3560849376,3016039421,1208700,672200,0,0,0
2021-11-05,ADHI,Adhi Karya (Persero) Tbk.,--M-1835V50000J211------------,1110,0,1115,1080,1085,-25,15086300,16446100500,3133,852.1,1090,33600,1085,2866800,3560849376,3560849376,3016039421,1138600,122500,100000,109000000,1
2021-11-04,ADHI,Adhi Karya (Persero) Tbk.,--M-1835V50000J211------------,1100,0,1135,1100,1110,10,39298400,43990624000,5464,871.7,1110,656100,1105,1281500,3560849376,3560849376,3016039421,2088200,1465100,200,223000,1
2021-11-03,ADHI,Adhi Karya (Persero) Tbk.,--M-1835V50000J211------------,1040,0,1105,1040,1100,60,38617600,41618345500,6013,863.9,1105,604400,1100,1490800,3560849376,3560849376,3016039421,3571600,11294100,239300,249318500,2
2021-11-02,ADHI,Adhi Karya (Persero) Tbk.,--M-1835V50000J211------------,1060,0,1075,1030,1040,-20,11463100,11984658500,2808,816.8,1040,424400,1035,420900,3560849376,3560849376,3016039421,408800,272600,245800,254175500,2
2021-11-01,ADHI,Adhi Karya (Persero) Tbk.,--M-1835V50000J211------------,1050,0,1085,1035,1060,10,22411000,23790919500,3614,832.5,1060,42100,1055,513800,3560849376,3560849376,3016039421,2869900,764900,200,208000,1
2021-10-29,ADHI,Adhi Karya (Persero) Tbk.,--M-1835V50000J211------------,1020,0,1065,1020,1050,30,27325900,28511535500,4301,824.6,1055,495700,1050,1372900,3560849376,3560849376,3016039421,7719100,3714000,0,0,0
2021-10-28,ADHI,Adhi Karya (Persero) Tbk.,--M-1835V50000J211------------,1040,0,1070,1000,1020,-20,47566600,48874281500,7585,801.0,1025,766400,1020,370700,3560849376,3560849376,3016039421,7611200,12060200,0,0,0
2021-10-27,ADHI,Adhi Karya (Persero) Tbk.,--M-1835V50000J211------------,1095,0,1105,1040,1040,-55,48552300,51826143500,8836,816.8,1040,618400,1035,268400,3560849376,3560849376,3016039421,3221600,5189400,0,0,0
2021-10-26,ADHI,Adhi Karya (Persero) Tbk.,--M-1835V50000J211------------,1125,0,1135,1090,1095,-30,33443100,36972119500,6110,859.9,1100,162100,1095,917400,3560849376,3560849376,3016039421,1226300,730800,0,0,0
2021-10-25,ADHI,Adhi Karya (Persero) Tbk.,--M-1835V50000J211------------,1155,0,1175,1120,1125,-30,34782800,39718878000,6044,883.5,1130,349000,1125,1351500,3560849376,3560849376,3016039421,5280700,1690900,0,0,0
2021-10-22,ADHI,Adhi Karya (Persero) Tbk.,--M-1835V50000J211------------,1110,0,1160,1040,1155,45,96568100,106634322000,13403,907.1,1155,301600,1150,175000,3560849376,3560849376,3016039421,9729300,13005600,0,0,0
2021-10-21,ADHI,Adhi Karya (Persero) Tbk.,--M-1835V50000J211------------,1190,0,1205,1110,1110,-80,69676100,79251850000,13505,871.7,1110,4477700,0,0,3560849376,3560849376,3016039421,1148300,1664200,100,119000,1
2021-10-19,ADHI,Adhi Karya (Persero) Tbk.,--M-1835V50000J211------------,1190,0,1210,1190,1190,0,14910400,17835637000,3444,934.6,1195,933400,1190,1351200,3560849376,3560849376,3016039421,629300,344800,23,27485,1
2021-10-18,ADHI,Adhi Karya (Persero) Tbk.,--M-1835V50000J211------------,1185,0,1220,1185,1190,5,31581600,37892815500,6114,934.6,1195,572500,1190,173600,3560849376,3560849376,3016039421,3252000,1386200,0,0,0
2021-10-15,ADHI,Adhi Karya (Persero) Tbk.,--M-1835V50000J211------------,1180,0,1195,1165,1185,5,32617100,38484287000,5232,930.6,1190,1837500,1185,2179100,3560849376,3560849376,3016039421,3566000,450100,0,0,0
2021-10-14,ADHI,Adhi Karya (Persero) Tbk.,--M-1835V50000J211------------,1150,0,1200,1150,1180,30,44452600,52540347500,7769,926.7,1180,410900,1175,545200,3560849376,3560849376,3016039421,2272700,4668100,0,0,0
2021-10-13,ADHI,Adhi Karya (Persero) Tbk.,--M-1835V50000J211------------,1140,0,1155,1125,1150,10,28028500,31942755000,4585,903.1,1150,689800,1145,340600,3560849376,3560849376,3016039421,4248900,905100,0,0,0
2021-10-12,ADHI,Adhi Karya (Persero) Tbk.,--M-1835V50000J211------------,1090,0,1170,1075,1140,50,76551700,87447460500,11507,895.3,1145,1391800,1140,1185600,3560849376,3560849376,3016039421,5942000,7868000,0,0,0
2021-10-08,ADHI,Adhi Karya (Persero) Tbk.,--M-1835V50000J211------------,1095,0,1115,1080,1100,5,26977000,29562344500,4674,863.9,1100,4784400,1095,236300,3560849376,3560849376,3016039421,571000,2094900,0,0,0
2021-10-07,ADHI,Adhi Karya (Persero) Tbk.,--M-1835V50000J211------------,1105,0,1135,1080,1095,-10,36252100,40160381500,5787,859.9,1095,880600,1090,632500,3560849376,3560849376,3016039421,2945000,2400700,1000,1458000,1
2021-10-06,ADHI,Adhi Karya (Persero) Tbk.,--M-1835V50000J211------------,1075,0,1140,1085,1105,30,46008000,51399553000,7348,867.8,1105,388500,1100,2127300,3560849376,3560849376,3016039421,5374900,4845500,0,0,0
2021-10-05,ADHI,Adhi Karya (Persero) Tbk.,--M-1835V50000J211------------,1095,0,1140,1065,1075,-20,49356700,54521739000,9133,844.2,1080,30500,1075,1562600,3560849376,3560849376,3016039421,3331600,2079400,500,567500,1
2021-10-04,ADHI,Adhi Karya (Persero) Tbk.,--M-1835V50000J211------------,1060,0,1115,1060,1095,35,46702700,51154513500,8984,859.9,1100,474400,1095,1902000,3560849376,3560849376,3016039421,4665400,2337400,0,0,0
2021-10-01,ADHI,Adhi Karya (Persero) Tbk.,--M-1835V50000J211------------,965,0,1095,955,1060,95,98360000,102478815000,15117,832.5,1065,86800,1060,3626400,3560849376,3560849376,3016039421,6509100,9114300,30000,32100000,1
2021-09-30,ADHI,Adhi Karya (Persero) Tbk.,--M-1835V50000J211------------,940,0,965,940,965,25,32731700,31304258500,5697,757.9,965,1020200,960,684500,3560849376,3560849376,3560849376,783400,6731200,0,0,0
2021-09-29,ADHI,Adhi Karya (Persero) Tbk.,--M-1835V50000J211------------,920,0,965,905,940,20,56209400,52977469000,6970,738.2,945,1424700,940,183000,3560849376,3560849376,3560849376,1452900,1829100,0,0,0
2021-09-28,ADHI,Adhi Karya (Persero) Tbk.,--M-1835V50000J211------------,925,0,930,915,920,-5,16081000,14806764000,2512,722.5,920,188900,915,2447700,3560849376,3560849376,3560849376,900,50900,0,0,0
2021-09-27,ADHI,Adhi Karya (Persero) Tbk.,--M-1835V50000J211------------,905,0,940,905,925,20,24069900,22262279500,3778,726.4,930,3026600,925,984200,3560849376,3560849376,3560849376,550600,190400,0,0,0
2021-09-24,ADHI,Adhi Karya (Persero) Tbk.,--M-1835V50000J211------------,905,0,920,895,905,0,19744700,17884390500,3445,710.7,910,720400,905,785700,3560849376,3560849376,3560849376,1473400,25200,0,0,0
2021-09-23,ADHI,Adhi Karya (Persero) Tbk.,--M-1835V50000J211------------,885,0,935,890,905,20,64453700,59007202500,7466,710.7,910,234200,905,1149500,3560849376,3560849376,3560849376,1781700,3079800,0,0,0
2021-09-22,ADHI,Adhi Karya (Persero) Tbk.,--M-1835V50000J211------------,895,0,905,885,885,-10,23804300,21240314500,3799,695.0,890,1040000,885,285300,3560849376,3560849376,3560849376,1814900,364900,0,0,0
2021-09-21,ADHI,Adhi Karya (Persero) Tbk.,--M-1835V50000J211------------,860,0,895,825,895,35,40243600,34946333000,5315,702.9,900,2345000,895,237000,3560849376,3560849376,3560849376,2324300,900700,0,0,0
2021-09-20,ADHI,Adhi Karya (Persero) Tbk.,--M-1835V50000J211------------,880,0,900,855,860,-20,36535800,31971912500,5857,675.4,865,129300,860,106300,3560849376,3560849376,3560849376,2424800,3400,22000,9460000,1
2021-09-17,ADHI,Adhi Karya (Persero) Tbk.,--M-1835V50000J211------------,860,0,905,855,880,20,61477900,54427637500,6520,691.1,885,999500,880,1194900,3560849376,3560849376,3560849376,4404500,364800,0,0,0
2021-09-16,ADHI,Adhi Karya (Persero) Tbk.,--M-1835V50000J211------------,895,0,905,860,860,-35,47318300,41602930000,7537,675.4,865,1935800,860,2857500,3560849376,3560849376,3560849376,4147700,92000,0,0,0
2021-09-15,ADHI,Adhi Karya (Persero) Tbk.,--M-1835V50000J211------------,835,0,895,825,895,60,70856300,61428143500,8620,702.9,895,1005700,890,552900,3560849376,3560849376,3560849376,6515400,1865000,1500,1360500,1
2021-09-14,ADHI,Adhi Karya (Persero) Tbk.,--M-1835V50000J211------------,815,0,860,815,835,20,40674200,34206047500,5257,655.8,835,56000,830,636300,3560849376,3560849376,3560849376,6995100,2599000,0,0,0
2021-09-13,ADHI,Adhi Karya (Persero) Tbk.,--M-1835V50000J211------------,820,0,825,790,815,-5,14767200,11936401500,2671,640.1,815,25900,810,264700,3560849376,3560849376,3560849376,1695900,1575900,0,0,0
2021-09-10,ADHI,Adhi Karya (Persero) Tbk.,--M-1835V50000J211------------,815,0,830,810,820,5,15876400,13022278500,2561,644.0,825,1268500,820,689000,3560849376,3560849376,3560849376,1547200,1812700,0,0,0
2021-09-09,ADHI,Adhi Karya (Persero) Tbk.,--M-1835V50000J211------------,825,0,850,775,815,-10,42375000,34326162500,6229,640.1,820,299300,815,514600,3560849376,3560849376,3560849376,2705100,1092900,0,0,0
2021-09-08,ADHI,Adhi Karya (Persero) Tbk.,--M-1835V50000J211------------,825,0,850,815,825,0,40563200,33741288000,5472,647.9,830,225300,825,415900,3560849376,3560849376,3560849376,3047500,2176400,0,0,0
2021-09-07,ADHI,Adhi Karya (Persero) Tbk.,--M-1835V50000J211------------,840,0,870,805,825,-15,83417800,69893030500,12807,647.9,825,697400,820,977800,3560849376,3560849376,3560849376,7213000,2400800,0,0,0
2021-09-06,ADHI,Adhi Karya (Persero) Tbk.,--M-1835V50000J211------------,740,0,840,740,840,100,86155800,69215573000,12644,659.7,845,1106700,840,2928100,3560849376,3560849376,3560849376,1060900,3216800,53,37100,1
2021-09-03,ADHI,Adhi Karya (Persero) Tbk.,--M-1835V50000J211------------,715,0,745,715,740,25,12909500,9477857000,1875,581.2,740,352300,735,388500,3560849376,3560849376,3560849376,429400,528600,0,0,0
2021-09-02,ADHI,Adhi Karya (Persero) Tbk.,--M-1835V50000J211------------,730,0,740,715,715,-15,9542800,6860864000,1535,561.5,715,206900,710,1896600,3560849376,3560849376,3560849376,8000,6200,0,0,0
2021-09-01,ADHI,Adhi Karya (Persero) Tbk.,--M-1835V50000J211------------,735,0,745,725,730,-5,8437200,6183142000,1717,573.3,735,400800,730,100600,3560849376,3560849376,3560849376,143700,866200,0,0,0
2021-08-31,ADHI,Adhi Karya (Persero) Tbk.,--M-1835V50000J211------------,730,0,740,720,735,5,10164000,7421822500,1767,577.2,735,755900,730,866200,3560849376,3560849376,3560849376,306800,247100,0,0,0
2021-08-30,ADHI,Adhi Karya (Persero) Tbk.,--M-1835V50000J211------------,715,0,740,715,730,15,18815600,13726552000,2614,573.3,735,541800,730,566400,3560849376,3560849376,3560849376,434800,428900,0,0,0
2021-08-27,ADHI,Adhi Karya (Persero) Tbk.,--M-1835V50000J211------------,710,0,720,700,715,5,5805900,4134862500,1138,561.5,720,607000,715,203500,3560849376,3560849376,3560849376,124200,249000,0,0,0
2021-08-26,ADHI,Adhi Karya (Persero) Tbk.,--M-1835V50000J211------------,720,0,725,700,710,-10,8242900,5850857000,1400,557.6,715,385800,705,1451300,3560849376,3560849376,3560849376,534600,68400,0,0,0
2021-08-25,ADHI,Adhi Karya (Persero) Tbk.,--M-1835V50000J211------------,705,0,745,705,720,15,36070800,26239123500,3980,565.4,725,248900,720,358400,3560849376,3560849376,3560849376,637500,1602100,0,0,0
2021-08-24,ADHI,Adhi Karya (Persero) Tbk.,--M-1835V50000J211------------,700,0,720,700,705,5,15910500,11285319000,2095,553.7,705,119800,700,1580400,3560849376,3560849376,3560849376,1567500,2503300,0,0,0
2021-08-23,ADHI,Adhi Karya (Persero) Tbk.,--M-1835V50000J211------------,670,0,705,675,700,30,13006200,9060469500,2094,549.7,705,1670200,700,843300,3560849376,3560849376,3560849376,98000,3381100,0,0,0
2021-08-20,ADHI,Adhi Karya (Persero) Tbk.,--M-1835V50000J211------------,680,0,685,660,670,-10,17556200,11727523000,2905,526.2,675,387500,670,268400,3560849376,3560849376,3560849376,3933000,90700,0,0,0
2021-08-19,ADHI,Adhi Karya (Persero) Tbk.,--M-1835V50000J211------------,700,0,700,675,680,-20,14811100,10146890000,3089,534.0,685,153800,680,645900,3560849376,3560849376,3560849376,5518400,14100,172000,120400000,1
2021-08-18,ADHI,Adhi Karya (Persero) Tbk.,--M-1835V50000J211------------,700,0,710,685,700,0,14852000,10360715500,2159,549.7,700,282200,695,1012000,3560849376,3560849376,3560849376,2056400,1932200,0,0,0
2021-08-16,ADHI,Adhi Karya (Persero) Tbk.,--M-1835V50000J211------------,705,0,715,695,700,-5,9107600,6385534500,1316,549.7,705,101500,700,1698100,3560849376,3560849376,3560849376,2343300,14900,0,0,0
2021-08-13,ADHI,Adhi Karya (Persero) Tbk.,--M-1835V50000J211------------,715,0,725,700,705,-10,7679500,5454022000,1544,553.7,710,98100,705,875000,3560849376,3560849376,3560849376,435400,48600,0,0,0
2021-08-12,ADHI,Adhi Karya (Persero) Tbk.,--M-1835V50000J211------------,700,0,725,695,715,15,16506100,11764885500,2625,561.5,715,608000,710,664900,3560849376,3560849376,3560849376,447600,666700,0,0,0
2021-08-10,ADHI,Adhi Karya (Persero) Tbk.,--M-1835V50000J211------------,695,0,700,685,700,5,8033500,5563092500,1434,549.7,700,151800,695,131300,3560849376,3560849376,3560849376,372300,95000,0,0,0
2021-08-09,ADHI,Adhi Karya (Persero) Tbk.,--M-1835V50000J211------------,700,0,710,690,695,-5,11253700,7889036500,2091,545.8,700,130500,695,81200,3560849376,3560849376,3560849376,446000,761300,0,0,0
2021-08-06,ADHI,Adhi Karya (Persero) Tbk.,--M-1835V50000J211------------,700,0,710,695,700,0,8188600,5744098500,1735,549.7,705,629100,700,506300,3560849376,3560849376,3560849376,362800,1167100,0,0,0
2021-08-05,ADHI,Adhi Karya (Persero) Tbk.,--M-1835V50000J211------------,700,0,715,685,700,0,27391700,19212863500,2704,549.7,705,240000,700,98000,3560849376,3560849376,3560849376,1044000,1440800,0,0,0
2021-08-04,ADHI,Adhi Karya (Persero) Tbk.,--M-1835V50000J211------------,720,0,725,690,700,-20,26683800,18785223000,3689,549.7,700,5451300,695,2461200,3560849376,3560849376,3560849376,1608900,286300,0,0,0
2021-08-03,ADHI,Adhi Karya (Persero) Tbk.,--M-1835F50000J211------------,700,0,720,700,720,20,11797200,8387514500,1663,565.4,720,5508500,715,113900,3560849376,3560849376,3560849376,600300,1504100,9000,6165000,1
2021-08-02,ADHI,Adhi Karya (Persero) Tbk.,--M-1835F50000J211------------,685,0,715,670,700,15,22003300,15210669000,2802,549.7,705,182500,700,586300,3560849376,3560849376,3560849376,1945100,2364800,0,0,0
2021-07-30,ADHI,Adhi Karya (Persero) Tbk.,--M-1135400000J211------------,700,0,705,680,685,-15,21011400,14548544500,2272,538.0,685,775900,680,2135600,3560849376,3560849376,3560849376,595500,366900,0,0,0
2021-07-29,ADHI,Adhi Karya (Persero) Tbk.,--M-1135400000J211------------,705,0,715,690,700,-5,14755300,10344488000,2221,549.7,700,990500,695,1215800,3560849376,3560849376,3560849376,857800,798600,18778000,13238445000,3
2021-07-28,ADHI,Adhi Karya (Persero) Tbk.,--M-1135400000J211------------,740,0,745,700,705,-35,14432200,10370757500,2596,553.7,710,129800,705,511800,3560849376,3560849376,3560849376,2223200,720700,0,0,0
2021-07-27,ADHI,Adhi Karya (Persero) Tbk.,--M-1135400000J211------------,730,0,775,730,740,10,14850600,11123805000,2085,581.2,740,1457600,735,2821700,3560849376,3560849376,3560849376,563100,950800,0,0,0
2021-07-26,ADHI,Adhi Karya (Persero) Tbk.,--M-1135400000J211------------,740,0,750,725,730,-10,13701500,10067146500,2323,573.3,730,2000,725,1243800,3560849376,3560849376,3560849376,881300,795600,0,0,0
2021-07-23,ADHI,Adhi Karya (Persero) Tbk.,--M-1135400000J211------------,760,0,780,735,740,-20,25931800,19359610500,3722,581.2,740,1207000,735,2128500,3560849376,3560849376,3560849376,1022300,2536000,13900,10379000,3
2021-07-22,ADHI,Adhi Karya (Persero) Tbk.,--M-1135400000J211------------,755,0,800,750,760,5,45804800,35419849000,7307,596.9,765,481300,760,535500,3560849376,3560849376,3560849376,8018900,1130900,0,0,0
2021-07-21,ADHI,Adhi Karya (Persero) Tbk.,--M-1135400000J211------------,690,0,775,690,755,65,70175100,52379662000,9761,592.9,760,928000,755,1774500,3560849376,3560849376,3560849376,4524100,1807800,0,0,0
2021-07-19,ADHI,Adhi Karya (Persero) Tbk.,--M-1135400000J211------------,680,0,695,670,690,10,10167300,6968207000,1743,541.9,695,537500,690,72100,3560849376,3560849376,3560849376,1588100,961400,0,0,0
2021-07-16,ADHI,Adhi Karya (Persero) Tbk.,--M-1135400000J211------------,660,0,690,665,680,20,20198600,13627819000,2696,534.0,685,264900,680,28600,3560849376,3560849376,3560849376,7400,2861500,0,0,0
2021-07-15,ADHI,Adhi Karya (Persero) Tbk.,--M-1135400000J211------------,670,0,685,660,660,-10,19696000,13203939000,2814,518.3,665,50700,660,2219100,3560849376,3560849376,3560849376,1025000,1218800,0,0,0
2021-07-14,ADHI,Adhi Karya (Persero) Tbk.,--M-1135400000J211------------,690,0,700,670,670,-20,22914500,15585286500,3075,526.2,675,381200,670,731100,3560849376,3560849376,3560849376,2510800,1545400,800,560000,1
2021-07-13,ADHI,Adhi Karya (Persero) Tbk.,--M-1135400000J211------------,710,0,720,685,690,-20,17097500,11912717500,2832,541.9,690,514300,685,1801200,3560849376,3560849376,3560849376,1200300,920900,0,0,0
2021-07-12,ADHI,Adhi Karya (Persero) Tbk.,--M-1135400000J211------------,715,0,730,710,710,-5,15710300,11320226500,2169,557.6,715,247700,710,659700,3560849376,3560849376,3560849376,1284600,1549800,0,0,0
2021-07-09,ADHI,Adhi Karya (Persero) Tbk.,--M-1135400000J211------------,700,0,720,700,715,15,18797000,13338380000,1976,561.5,720,827000,715,49100,3560849376,3560849376,3560849376,599000,4067100,0,0,0
2021-07-08,ADHI,Adhi Karya (Persero) Tbk.,--M-1135400000J211------------,715,0,720,700,700,-15,18801200,13342734500,2312,549.7,705,70900,700,2694400,3560849376,3560849376,3560849376,500300,3375900,163,116575,2
2021-07-07,ADHI,Adhi Karya (Persero) Tbk.,--M-1135400000J211------------,715,0,730,700,715,0,24442000,17492021000,2751,561.5,715,408700,710,602800,3560849376,3560849376,3560849376,894800,2698400,0,0,0
2021-07-06,ADHI,Adhi Karya (Persero) Tbk.,--M-1135400000J211------------,730,0,740,710,715,-15,31237300,22459733000,3410,561.5,715,80000,710,1293100,3560849376,3560849376,3560849376,2481100,2480800,0,0,0
2021-07-05,ADHI,Adhi Karya (Persero) Tbk.,--M-1135400000J211------------,775,0,780,730,730,-45,25305800,18790730000,4045,573.3,735,274500,730,623100,3560849376,3560849376,3560849376,1224000,459400,0,0,0
2021-07-02,ADHI,Adhi Karya (Persero) Tbk.,--M-1135400000J211------------,755,0,785,755,775,20,17157400,13236915000,2374,608.6,780,452100,775,1898000,3560849376,3560849376,3560849376,87400,846700,0,0,0
2021-07-01,ADHI,Adhi Karya (Persero) Tbk.,--M-1135400000J211------------,755,0,780,750,755,0,18496600,14169609500,3766,592.9,760,363300,755,55000,3560849376,3560849376,3560849376,279400,1952300,0,0,0
2021-06-30,ADHI,Adhi Karya (Persero) Tbk.,--M-1135400000J211------------,740,0,770,735,755,15,18456500,13895632000,3775,592.9,755,224300,750,320300,3560849376,3560849376,3560849376,383800,3296500,0,0,0
2021-06-29,ADHI,Adhi Karya (Persero) Tbk.,--M-1135400000J211------------,740,0,790,730,740,0,37159900,28173708500,6503,581.2,740,1370200,735,692600,3560849376,3560849376,3560849376,833600,3434300,7947000,5999985000,1
2021-06-28,ADHI,Adhi Karya (Persero) Tbk.,--M-1135400000J211------------,780,0,790,740,740,-40,14737600,11206701000,3109,581.2,745,17800,740,2327700,3560849376,3560849376,3560849376,423500,1769100,0,0,0
2021-06-25,ADHI,Adhi Karya (Persero) Tbk.,--M-1135400000J211------------,810,0,810,775,780,-30,26912100,21264720000,4185,612.6,785,63200,780,121400,3560849376,3560849376,3560849376,953700,4313600,0,0,0
2021-06-24,ADHI,Adhi Karya (Persero) Tbk.,--M-1135400000J211------------,845,0,855,810,810,-35,19223200,15777962500,2723,636.1,815,9500,810,1036100,3560849376,3560849376,3560849376,3457500,3507900,100,86500,1
2021-06-23,ADHI,Adhi Karya (Persero) Tbk.,--M-1135400000J211------------,865,0,880,845,845,-20,9175700,7903809000,2136,663.6,845,3435000,840,710500,3560849376,3560849376,3560849376,165300,1444200,7126500,6199675000,6
2021-06-22,ADHI,Adhi Karya (Persero) Tbk.,--M-1135400000J211------------,865,0,900,865,865,0,12257300,10751640000,3223,679.3,870,14000,865,1977500,3560849376,3560849376,3560849376,540800,1789200,200,178000,1
2021-06-21,ADHI,Adhi Karya (Persero) Tbk.,--M-1135400000J211------------,870,0,865,825,865,-5,13253600,11214083000,2377,679.3,865,97400,860,180300,3560849376,3560849376,3560849376,1078200,1985300,0,0,0
2021-06-18,ADHI,Adhi Karya (Persero) Tbk.,--M-1135400000J211------------,920,0,920,860,870,-50,19709400,17241849500,4110,683.2,875,32200,870,63300,3560849376,3560849376,3560849376,7387100,1402400,200,182000,1
2021-06-17,ADHI,Adhi Karya (Persero) Tbk.,--M-1135400000J211------------,945,0,945,900,920,-25,24006400,21955816000,3502,722.5,920,1542000,915,400,3560849376,3560849376,3560849376,7480700,336300,0,0,0
2021-06-16,ADHI,Adhi Karya (Persero) Tbk.,--M-1135400000J211------------,970,0,975,940,945,-25,12118500,11536914000,2522,742.1,945,238000,940,223600,3560849376,3560849376,3560849376,7223100,508600,0,0,0
2021-06-15,ADHI,Adhi Karya (Persero) Tbk.,--M-1135400000J211------------,985,0,1000,950,970,-15,9383200,9074890500,2925,761.8,975,51000,965,205500,3560849376,3560849376,3560849376,4111300,73100,0,0,0
2021-06-14,ADHI,Adhi Karya (Persero) Tbk.,--M-1135400000J211------------,1005,0,1010,985,985,-20,5957000,5911773000,1723,773.6,990,109100,985,397900,3560849376,3560849376,3560849376,886400,631400,0,0,0
2021-06-11,ADHI,Adhi Karya (Persero) Tbk.,--M-1135400000J211------------,990,0,1010,985,1005,15,10502900,10498532000,1659,789.3,1010,795900,1005,9000,3560849376,3560849376,3560849376,5049400,2171900,0,0,0
2021-06-10,ADHI,Adhi Karya (Persero) Tbk.,--M-1135400000J211------------,980,0,1010,975,990,10,7795000,7757524000,1587,777.5,990,2747800,985,411100,3560849376,3560849376,3560849376,2282100,1824200,0,0,0
2021-06-09,ADHI,Adhi Karya (Persero) Tbk.,--M-1135400000J211------------,980,0,995,975,980,0,7837300,7693208000,1538,769.6,980,1555200,975,419600,3560849376,3560849376,3560849376,4807000,740200,0,0,0
2021-06-08,ADHI,Adhi Karya (Persero) Tbk.,--M-1135400000J211------------,1015,0,1025,980,980,-35,8576200,8513607000,2225,769.6,980,4733000,975,448200,3560849376,3560849376,3560849376,1066800,244000,0,0,0
2021-06-07,ADHI,Adhi Karya (Persero) Tbk.,--M-1135400000J211------------,1025,0,1045,1005,1015,-10,6841000,7027875500,1378,797.1,1015,161300,1010,260100,3560849376,3560849376,3560849376,299900,1022200,0,0,0
2021-06-04,ADHI,Adhi Karya (Persero) Tbk.,--M-1135400000J211------------,1015,0,1035,1005,1025,10,5528400,5641046500,1161,805.0,1025,579500,1020,19200,3560849376,3560849376,3560849376,157200,872300,0,0,0
2021-06-03,ADHI,Adhi Karya (Persero) Tbk.,--M-1135400000J211------------,1025,0,1035,1005,1015,-10,11416800,11607387000,1855,797.1,1020,229100,1015,266900,3560849376,3560849376,3560849376,5392400,1701900,3500,3605000,1
2021-06-02,ADHI,Adhi Karya (Persero) Tbk.,--M-1135400000J211------------,975,0,1030,975,1025,50,21047100,21277615000,2958,805.0,1025,46800,1020,83600,3560849376,3560849376,3560849376,5010900,5217400,0,0,0
2021-05-31,ADHI,Adhi Karya (Persero) Tbk.,--M-1135400000J211------------,980,0,995,970,975,-5,12869100,12604460000,1956,765.7,975,936800,970,1091600,3560849376,3560849376,3560849376,9219600,760500,10204100,10000018000,1
2021-05-28,ADHI,Adhi Karya (Persero) Tbk.,--M-1135400000J211------------,990,0,1005,980,980,-10,4727700,4676527000,1644,769.6,985,9100,980,377300,3560849376,3560849376,3560849376,663700,168800,7202200,7131651000,4
2021-05-27,ADHI,Adhi Karya (Persero) Tbk.,--M-1135400000J211------------,1000,0,1025,985,990,-10,11758600,11744506500,2470,777.5,990,575000,985,550700,3560849376,3560849376,3560849376,6746900,481900,2000,2500000,1
2021-05-25,ADHI,Adhi Karya (Persero) Tbk.,--M-1135400000J211------------,975,0,1015,970,1000,25,17449700,17413583000,2870,785.3,1005,289100,1000,96900,3560849376,3560849376,3560849376,7012000,1969300,0,0,0
2021-05-24,ADHI,Adhi Karya (Persero) Tbk.,--M-1135400000J211------------,960,0,985,945,975,15,13577600,13119712000,3022,765.7,975,222300,965,17100,3560849376,3560849376,3560849376,298400,1865800,0,0,0
2021-05-22,ADHI,Adhi Karya (Persero) Tbk.,--M-1135400000J211------------,960,0,980,960,960,0,600,578000,3,753.9,0,0,0,0,3560849376,3560849376,3560849376,0,0,200,190000,1
2021-05-21,ADHI,Adhi Karya (Persero) Tbk.,--M-1135400000J211------------,1015,0,1020,945,960,-55,19441900,18690265500,3907,753.9,960,1488600,955,87700,3560849376,3560849376,3560849376,1044800,562900,80000,80000000,1
2021-05-20,ADHI,Adhi Karya (Persero) Tbk.,--M-1135400000J211------------,1015,0,1025,1000,1015,0,4406200,4447013000,1541,797.1,1015,828400,1010,1000,3560849376,3560849376,3560849376,561000,266400,0,0,0
2021-05-19,ADHI,Adhi Karya (Persero) Tbk.,--M-1135400000J211------------,1060,0,1065,1005,1015,-45,5331100,5462556000,1577,797.1,1015,202500,1010,287500,3560849376,3560849376,3560849376,626800,133200,0,0,0
2021-05-18,ADHI,Adhi Karya (Persero) Tbk.,--M-1135400000J211------------,1050,0,1075,1020,1060,10,5712600,5977085000,1638,832.5,1065,39100,1060,98200,3560849376,3560849376,3560849376,671900,660600,0,0,0
2021-05-17,ADHI,Adhi Karya (Persero) Tbk.,--M-1135400000J211------------,1125,0,1140,1050,1050,-75,14257900,15233295500,3270,824.6,1055,94300,1050,2038500,3560849376,3560849376,3560849376,4053500,60700,0,0,0
2021-05-11,ADHI,Adhi Karya (Persero) Tbk.,--M-1135400000J211------------,1185,0,1180,1125,1125,-60,20825500,23803215000,2876,883.5,1130,308500,1125,816200,3560849376,3560849376,3560849376,9606000,106000,0,0,0
2021-05-10,ADHI,Adhi Karya (Persero) Tbk.,--M-1135400000J211------------,1165,0,1200,1160,1185,20,10447000,12335917000,1552,930.6,1190,141400,1185,900,3560849376,3560849376,3560849376,450900,373400,0,0,0
2021-05-07,ADHI,Adhi Karya (Persero) Tbk.,--M-1135400000J211------------,1175,0,1190,1160,1165,-10,4047700,4738886000,1210,914.9,1170,36400,1165,361100,3560849376,3560849376,3560849376,541700,72300,0,0,0
2021-05-06,ADHI,Adhi Karya (Persero) Tbk.,--M-1135400000J211------------,1165,0,1195,1160,1175,10,8477400,9983714500,1637,922.8,1180,45600,1175,686200,3560849376,3560849376,3560849376,474600,370700,0,0,0
2021-05-05,ADHI,Adhi Karya (Persero) Tbk.,--M-1135400000J211------------,1170,0,1170,1155,1165,-5,2516300,2921552000,1014,914.9,1170,137000,1165,38800,3560849376,3560849376,3560849376,54000,113700,0,0,0
2021-05-04,ADHI,Adhi Karya (Persero) Tbk.,--M-1135400000J211------------,1150,0,1175,1125,1170,20,10082200,11625865000,2205,918.9,1175,347400,1170,113600,3560849376,3560849376,3560849376,598000,107200,77600,93120000,1
2021-05-03,ADHI,Adhi Karya (Persero) Tbk.,--M-1135400000J211------------,1155,0,1175,1130,1150,-5,7678700,8800141500,2085,903.1,1155,278500,1150,632200,3560849376,3560849376,3560849376,788500,338600,0,0,0
2021-04-30,ADHI,Adhi Karya (Persero) Tbk.,--M-1135400000J211------------,1160,0,1170,1140,1155,-5,3839400,4427941500,1124,907.1,1160,167300,1155,181500,3560849376,3560849376,3560849376,1366700,25700,0,0,0
2021-04-29,ADHI,Adhi Karya (Persero) Tbk.,--M-1135400000J211------------,1145,0,1170,1140,1160,15,7241700,8393420500,1869,911.0,1165,376000,1160,350300,3560849376,3560849376,3560849376,1213100,618600,0,0,0
2021-04-28,ADHI,Adhi Karya (Persero) Tbk.,--M-1135400000J211------------,1150,0,1160,1110,1145,-5,6274600,7122307500,1538,899.2,1150,658000,1145,744400,3560849376,3560849376,3560849376,843300,176600,0,0,0
2021-04-27,ADHI,Adhi Karya (Persero) Tbk.,--M-1135400000J211------------,1145,0,1160,1130,1150,5,8439600,9642931500,1709,903.1,1150,455800,1145,1425000,3560849376,3560849376,3560849376,1421000,429700,3015700,3437898000,1
2021-04-26,ADHI,Adhi Karya (Persero) Tbk.,--M-1135400000J211------------,1105,0,1150,1110,1145,40,18820200,21392222500,3105,899.2,1145,724400,1140,251300,3560849376,3560849376,3560849376,1621900,2066400,0,0,0
2021-04-23,ADHI,Adhi Karya (Persero) Tbk.,--M-1135400000J211------------,1100,0,1115,1090,1105,5,3829900,4215592000,991,867.8,1105,176600,1100,83900,3560849376,3560849376,3560849376,460400,188300,0,0,0
2021-04-22,ADHI,Adhi Karya (Persero) Tbk.,--M-1135400000J211------------,1105,0,1125,1085,1100,-5,4447000,4900201000,1365,863.9,1105,200200,1100,187800,3560849376,3560849376,3560849376,473300,729100,0,0,0
2021-04-21,ADHI,Adhi Karya (Persero) Tbk.,--M-1135400000J211------------,1085,0,1110,1070,1105,20,5915800,6441208000,1506,867.8,1105,637600,1100,264500,3560849376,3560849376,3560849376,244200,759300,0,0,0
2021-04-20,ADHI,Adhi Karya (Persero) Tbk.,--M-1135400000J211------------,1090,0,1100,1075,1085,-5,2833600,3075952000,861,852.1,1090,131500,1085,102800,3560849376,3560849376,3560849376,17500,817900,0,0,0
2021-04-19,ADHI,Adhi Karya (Persero) Tbk.,--M-1135400000J211------------,1065,0,1115,1065,1090,25,9201800,10046010000,1934,856.0,1090,391300,1085,111000,3560849376,3560849376,3560849376,506500,2093900,0,0,0
2021-04-16,ADHI,Adhi Karya (Persero) Tbk.,--M-1135400000J211------------,1085,0,1105,1065,1065,-20,5910900,6369617000,1732,836.4,1070,191000,1065,1081300,3560849376,3560849376,3560849376,1772200,334400,0,0,0
2021-04-15,ADHI,Adhi Karya (Persero) Tbk.,--M-1135400000J211------------,1110,0,1130,1085,1085,-25,10986600,12149416500,2049,852.1,1090,28400,1085,213800,3560849376,3560849376,3560849376,2644600,2059800,0,0,0
2021-04-14,ADHI,Adhi Karya (Persero) Tbk.,--M-1135400000J211------------,1100,0,1130,1080,1110,10,14857900,16396520500,2978,871.7,1110,324400,1105,1500,3560849376,3560849376,3560849376,3637100,897300,54,55080,1
2021-04-13,ADHI,Adhi Karya (Persero) Tbk.,--M-1135400000J211------------,1065,0,1110,1005,1100,35,17507600,18802205000,3961,863.9,1100,511200,1095,1900,3560849376,3560849376,3560849376,3771300,2891200,0,0,0
2021-04-12,ADHI,Adhi Karya (Persero) Tbk.,--M-1135400000J211------------,1115,0,1120,1060,1065,-50,12159200,13130745000,2649,836.4,1070,40900,1065,668700,3560849376,3560849376,3560849376,4134100,1441300,3300,2161500,1
2021-04-09,ADHI,Adhi Karya (Persero) Tbk.,--M-1135400000J211------------,1075,0,1145,1065,1115,40,17034600,19078003000,3961,875.7,1120,527200,1115,232900,3560849376,3560849376,3560849376,2892100,4038800,4,4300,1
2021-04-08,ADHI,Adhi Karya (Persero) Tbk.,--M-1135400000J211------------,1050,0,1085,1045,1075,25,9333100,9958431000,1795,844.2,1075,280500,1070,66700,3560849376,3560849376,3560849376,3191100,3463000,0,0,0
2021-04-07,ADHI,Adhi Karya (Persero) Tbk.,--M-1135400000J211------------,1110,0,1115,1050,1050,-60,13209700,14131954000,2916,824.6,1055,645300,1050,520400,3560849376,3560849376,3560849376,4656000,863700,99,102960,1
2021-04-06,ADHI,Adhi Karya (Persero) Tbk.,--M-1135400000J211------------,1045,0,1115,985,1110,65,25293000,26557292000,4501,871.7,1115,260100,1110,119400,3560849376,3560849376,3560849376,2634100,10102000,340223,355531885,2
2021-04-05,ADHI,Adhi Karya (Persero) Tbk.,--M-1135400000J211------------,1120,0,1160,1045,1045,-75,19087600,20426590000,3995,820.7,1045,436900,0,0,3560849376,3560849376,3560849376,5118700,4150700,6200,6760000,3
2021-04-01,ADHI,Adhi Karya (Persero) Tbk.,--M-1135400000J211------------,1095,0,1125,1085,1120,25,11418000,12654351000,2318,879.6,1125,196600,1120,514900,3560849376,3560849376,3560849376,1782400,4228900,0,0,0
2021-03-31,ADHI,Adhi Karya (Persero) Tbk.,--M-1135400000J211------------,1105,0,1180,1055,1095,-10,27654100,30789361000,5387,859.9,1105,47100,1095,1522500,3560849376,3560849376,3560849376,4371300,8468300,0,0,0
2021-03-30,ADHI,Adhi Karya (Persero) Tbk.,--M-1135400000J211------------,1180,0,1180,1100,1105,-75,28157900,31639653500,5669,867.8,1105,875400,1100,1002300,3560849376,3560849376,3560849376,4117200,7787500,1724208,2000083300,3
2021-03-29,ADHI,Adhi Karya (Persero) Tbk.,--M-1135400000J211------------,1220,0,1235,1180,1180,-40,10312200,12384218000,2815,926.7,1180,169900,1175,155200,3560849376,3560849376,3560849376,2368000,2414900,1660000,2033500000,1
2021-03-26,ADHI,Adhi Karya (Persero) Tbk.,--M-1135400000J211------------,1200,0,1235,1195,1220,20,10198400,12431018500,2083,958.1,1225,466800,1220,252800,3560849376,3560849376,3560849376,579300,4027200,0,0,0
2021-03-25,ADHI,Adhi Karya (Persero) Tbk.,--M-1135400000J211------------,1235,0,1250,1185,1200,-35,15625000,18867618500,3321,942.4,1205,44600,1200,173100,3560849376,3560849376,3560849376,2816900,2579300,0,0,0
2021-03-24,ADHI,Adhi Karya (Persero) Tbk.,--M-1135400000J211------------,1245,0,1275,1225,1235,-10,14199400,17754859000,3215,969.9,1240,56400,1235,9900,3560849376,3560849376,3560849376,2221500,2250700,0,0,0
2021-03-23,ADHI,Adhi Karya (Persero) Tbk.,--M-1135400000J211------------,1310,0,1320,1245,1245,-65,18520500,23507067000,4360,977.8,1255,13000,1245,7329100,3560849376,3560849376,3560849376,1821600,302900,0,0,0
2021-03-22,ADHI,Adhi Karya (Persero) Tbk.,--M-1135400000J211------------,1320,0,1330,1300,1310,-10,6433100,8431085000,1788,1028.8,1310,46400,1305,319300,3560849376,3560849376,3560849376,760300,2557900,0,0,0
2021-03-19,ADHI,Adhi Karya (Persero) Tbk.,--M-1135400000J211------------,1315,0,1325,1300,1320,5,5751700,7534664000,1752,1036.7,1320,311100,1315,3100,3560849376,3560849376,3560849376,404100,301000,3200,1984000,1
2021-03-18,ADHI,Adhi Karya (Persero) Tbk.,--M-1135400000J211------------,1330,0,1350,1315,1315,-15,9873500,13132563500,3093,1032.7,1320,51000,1315,756100,3560849376,3560849376,3560849376,312700,1678800,0,0,0
2021-03-17,ADHI,Adhi Karya (Persero) Tbk.,--M-1135400000J211------------,1285,0,1345,1290,1330,45,28690100,38012018000,5032,1044.5,1335,156800,1330,1488300,3560849376,3560849376,3560849376,1982800,5674000,0,0,0
2021-03-16,ADHI,Adhi Karya (Persero) Tbk.,--M-1135400000J211------------,1315,0,1335,1280,1285,-30,14777500,19229117500,5463,1009.2,1285,8041700,1280,580600,3560849376,3560849376,3560849376,3556200,1061600,0,0,0
2021-03-15,ADHI,Adhi Karya (Persero) Tbk.,--M-1135400000J211------------,1300,0,1350,1305,1315,15,17315600,22805092000,3193,1032.7,1320,41900,1315,263800,3560849376,3560849376,3560849376,1026600,3373400,0,0,0
2021-03-12,ADHI,Adhi Karya (Persero) Tbk.,--M-1135400000J211------------,1270,0,1325,1275,1300,30,18608300,24198709500,3367,1020.9,1305,400,1300,56100,3560849376,3560849376,3560849376,354000,2982300,0,0,0
2021-03-10,ADHI,Adhi Karya (Persero) Tbk.,--M-1135400000J211------------,1305,0,1330,1255,1270,-35,12624300,16230565000,3625,997.4,1270,1216200,1265,253700,3560849376,3560849376,3560849376,992200,777900,0,0,0
2021-03-09,ADHI,Adhi Karya (Persero) Tbk.,--M-1135400000J211------------,1315,0,1360,1290,1305,-10,14507600,19122221000,3354,1024.9,1310,26200,1305,43600,3560849376,3560849376,3560849376,1599700,1629600,0,0,0
2021-03-08,ADHI,Adhi Karya (Persero) Tbk.,--M-1135400000J211------------,1320,0,1355,1300,1315,-5,11310000,14933869500,3185,1032.7,1315,5800,1310,30100,3560849376,3560849376,3560849376,834300,439200,100,129500,1
2021-03-05,ADHI,Adhi Karya (Persero) Tbk.,--M-1135400000J211------------,1380,0,1375,1305,1320,-60,31736000,42278438000,5428,1036.7,1325,47000,1320,836300,3560849376,3560849376,3560849376,2152900,2236200,132500,194419700,3
2021-03-04,ADHI,Adhi Karya (Persero) Tbk.,--M-1135400000J211------------,1415,0,1415,1370,1380,-35,13307600,18448748000,3729,1083.8,1385,59800,1380,571900,3560849376,3560849376,3560849376,1568000,1645100,102700,133037500,2
2021-03-03,ADHI,Adhi Karya (Persero) Tbk.,--M-1135400000J211------------,1450,0,1460,1400,1415,-35,11240400,16032519500,2964,1111.3,1420,38400,1415,75700,3560849376,3560849376,3560849376,482200,1192100,0,0,0
2021-03-02,ADHI,Adhi Karya (Persero) Tbk.,--M-1135400000J211------------,1470,0,1505,1435,1450,-20,18021200,26345313000,5375,1138.7,1450,4424400,1445,157200,3560849376,3560849376,3560849376,2912100,966400,0,0,0
2021-03-01,ADHI,Adhi Karya (Persero) Tbk.,--M-1135400000J211------------,1385,0,1470,1375,1470,85,34146300,49236650500,6671,1154.5,1475,266400,1470,2123100,3560849376,3560849376,3560849376,3587900,3271400,1069756,1692143600,3
2021-02-26,ADHI,Adhi Karya (Persero) Tbk.,--M-1135400000J211------------,1415,0,1415,1355,1385,-30,15811700,21878901500,4475,1087.7,1390,233200,1385,1628100,3560849376,3560849376,3560849376,1029500,696200,135400,234949000,2
2021-02-25,ADHI,Adhi Karya (Persero) Tbk.,--M-1135400000J211------------,1415,0,1450,1405,1415,0,16117600,22999260000,3135,1111.3,1420,10900,1415,1017400,3560849376,3560849376,3560849376,1458100,2603100,32400,46494000,1
2021-02-24,ADHI,Adhi Karya (Persero) Tbk.,--M-1135400000J211------------,1430,0,1450,1400,1415,-15,9780600,13899870000,2654,1111.3,1420,290900,1415,381000,3560849376,3560849376,3560849376,1108100,692400,0,0,0
2021-02-23,ADHI,Adhi Karya (Persero) Tbk.,--M-1135400000J211------------,1440,0,1465,1410,1430,-10,12375600,17855167500,3024,1123.0,1435,93300,1430,300200,3560849376,3560849376,3560849376,1308800,1166200,80,80000,1
2021-02-22,ADHI,Adhi Karya (Persero) Tbk.,--M-1135400000J211------------,1420,0,1465,1430,1440,20,19725000,28498213500,4571,1130.9,1445,44700,1440,414000,3560849376,3560849376,3560849376,2715800,2541600,1750004,2537505720,2
2021-02-19,ADHI,Adhi Karya (Persero) Tbk.,--M-1135400000J211------------,1430,0,1435,1360,1420,-10,15991000,22575259000,4286,1115.2,1425,24800,1420,315100,3560849376,3560849376,3560849376,989800,1757000,0,0,0
2021-02-18,ADHI,Adhi Karya (Persero) Tbk.,--M-1135400000J211------------,1465,0,1495,1430,1430,-35,18053600,26299702500,5012,1123.0,1440,61300,1430,764400,3560849376,3560849376,3560849376,1493800,793600,770000,1139750000,2
2021-02-17,ADHI,Adhi Karya (Persero) Tbk.,--M-1135400000J211------------,1525,0,1550,1455,1465,-60,28459800,42548112000,6423,1150.5,1465,1013400,1460,215000,3560849376,3560849376,3560849376,2537000,2762400,100200,140600000,2
2021-02-16,ADHI,Adhi Karya (Persero) Tbk.,--M-1135400000J211------------,1545,0,1600,1520,1525,-20,50486700,78579102500,10633,1197.6,1530,249600,1525,968000,3560849376,3560849376,3560849376,4760700,4566800,0,0,0
2021-02-15,ADHI,Adhi Karya (Persero) Tbk.,--M-1135400000J211------------,1495,0,1615,1480,1545,50,57426200,89495849000,11319,1213.4,1550,207800,1545,825300,3560849376,3560849376,3560849376,6273100,5573300,1054900,1698010000,2
2021-02-11,ADHI,Adhi Karya (Persero) Tbk.,--M-1135400000J211------------,1500,0,1510,1470,1495,-5,16028100,23950537500,3429,1174.1,1495,82500,1490,894900,3560849376,3560849376,3560849376,1044700,1670700,0,0,0
2021-02-10,ADHI,Adhi Karya (Persero) Tbk.,--M-1135400000J211------------,1460,0,1515,1420,1500,40,27362300,40444639000,5512,1178.0,1505,172300,1500,5001700,3560849376,3560849376,3560849376,4410200,4532300,660814,1057302400,1
2021-02-09,ADHI,Adhi Karya (Persero) Tbk.,--M-1135400000J211------------,1530,0,1560,1450,1460,-70,49854300,75484493000,11567,1146.6,1465,71100,1460,718800,3560849376,3560849376,3560849376,8012000,4308400,420000,651000000,2
2021-02-08,ADHI,Adhi Karya (Persero) Tbk.,--M-1135400000J211------------,1400,0,1530,1400,1530,130,61269700,90928093000,10720,1201.6,1535,494000,1530,4239300,3560849376,3560849376,3560849376,4816000,7975300,964900,1543840000,2
2021-02-05,ADHI,Adhi Karya (Persero) Tbk.,--M-1135400000J211------------,1370,0,1415,1360,1400,30,16795700,23385082000,3341,1099.5,1405,188400,1400,275100,3560849376,3560849376,3560849376,2292200,1469600,0,0,0
2021-02-04,ADHI,Adhi Karya (Persero) Tbk.,--M-1135400000J211------------,1405,0,1435,1350,1370,-35,25290300,35169366500,6248,1075.9,1375,78100,1370,602200,3560849376,3560849376,3560849376,2985600,3104300,0,0,0
2021-02-03,ADHI,Adhi Karya (Persero) Tbk.,--M-1135400000J211------------,1385,0,1470,1355,1405,20,24822400,34907142500,6030,1103.4,1405,74200,1390,100,3560849376,3560849376,3560849376,3369800,2679200,64095,90446575,6
2021-02-02,ADHI,Adhi Karya (Persero) Tbk.,--M-1135400000J211------------,1485,0,1520,1385,1385,-100,47191800,68060640000,9267,1087.7,1390,319000,1385,3127900,3560849376,3560849376,3560849376,9630900,4475800,0,0,0
2021-02-01,ADHI,Adhi Karya (Persero) Tbk.,--M-1135400000J211------------,1365,0,1485,1270,1485,120,66519900,91788694500,10438,1166.2,1490,223500,1485,463100,3560849376,3560849376,3560849376,9697600,13120100,300,420000,1
2021-01-29,ADHI,Adhi Karya (Persero) Tbk.,--M-1835800000J211------------,1465,0,1500,1365,1365,-100,60159200,83047950500,7605,1072.0,1365,393200,0,0,3560849376,3560849376,3560849376,5633700,4517300,1285778,2057244800,1
2021-01-28,ADHI,Adhi Karya (Persero) Tbk.,--M-1835800000J211------------,1570,0,1570,1465,1465,-105,52390900,78088212500,8341,1150.5,1465,7533500,0,0,3560849376,3560849376,3560849376,10008400,2700100,0,0,0
2021-01-27,ADHI,Adhi Karya (Persero) Tbk.,--M-1835800000J211------------,1465,0,1570,1365,1570,105,195582800,286563019500,24780,1233.0,1575,596300,1570,1121000,3560849376,3560849376,3560849376,16964500,25044900,443900,678723100,1
2021-01-26,ADHI,Adhi Karya (Persero) Tbk.,--M-1835800000J211------------,1575,0,1610,1465,1465,-110,65129700,99590011000,10913,1150.5,1465,7941900,0,0,3560849376,3560849376,3560849376,9602700,8000400,0,0,0
2021-01-25,ADHI,Adhi Karya (Persero) Tbk.,--M-1835800000J211------------,1690,0,1680,1575,1575,-115,63859600,101592922000,9356,1236.9,1575,6090400,0,0,3560849376,3560849376,3560849376,4068000,4321000,0,0,0
2021-01-22,ADHI,Adhi Karya (Persero) Tbk.,--M-183580000062--------------,1815,0,1815,1690,1690,-125,72575700,124749845000,10479,1327.2,1690,1714400,0,0,3560849376,3560849376,3560849376,6426800,2874500,0,0,0
2021-01-21,ADHI,Adhi Karya (Persero) Tbk.,--M-183580000062--------------,1795,0,1915,1805,1815,20,58962900,109318453500,11334,1425.4,1820,279500,1815,749400,3560849376,3560849376,3560849376,5589100,7378500,0,0,0
2021-01-20,ADHI,Adhi Karya (Persero) Tbk.,--M-183580000062--------------,1735,0,1795,1615,1795,60,81756000,140498406000,13465,1409.7,1800,1510400,1795,1982000,3560849376,3560849376,3560849376,4116500,14699800,0,0,0
2021-01-19,ADHI,Adhi Karya (Persero) Tbk.,--M-183580000062--------------,1860,0,1890,1730,1735,-125,141099000,247957576000,21035,1362.6,1740,395900,1735,1103600,3560849376,3560849376,3560849376,13050300,15226000,1054477,2003506300,1
2021-01-18,ADHI,Adhi Karya (Persero) Tbk.,--M-183580000062--------------,1870,0,2040,1855,1860,-10,143708500,280878981500,26514,1460.7,1865,37800,1860,4024300,3560849376,3560849376,3560849376,12676600,11819100,1833158,3505930800,2
2021-01-15,ADHI,Adhi Karya (Persero) Tbk.,--M-183580000062--------------,1770,0,1885,1745,1870,100,121750800,224040146000,18080,1468.6,1875,651600,1870,12135200,3560849376,3560849376,3560849376,10576900,14436300,3103000,5659164000,4
2021-01-14,ADHI,Adhi Karya (Persero) Tbk.,--M-183580000062--------------,1805,0,1835,1755,1770,-35,34210000,61197969500,8092,1390.1,1775,217400,1770,2538200,3560849376,3560849376,3560849376,3133800,2249400,0,0,0
2021-01-13,ADHI,Adhi Karya (Persero) Tbk.,--M-183580000062--------------,1770,0,1870,1780,1805,35,60467900,110446065000,10510,1417.5,1810,77800,1805,5807800,3560849376,3560849376,3560849376,3535400,4111400,72,131040,1
2021-01-12,ADHI,Adhi Karya (Persero) Tbk.,--M-183580000062--------------,1795,0,1915,1760,1770,-25,115812100,210633577000,20539,1390.1,1775,243000,1770,1689200,3560849376,3560849376,3560849376,15110300,5369800,660800,1171628500,3
2021-01-11,ADHI,Adhi Karya (Persero) Tbk.,--M-183580000062--------------,1795,0,0,0,1795,0,0,0,0,1409.7,0,0,0,0,3560849376,3560849376,3560849376,0,0,0,0,0
2021-01-08,ADHI,Adhi Karya (Persero) Tbk.,--M-183580000062--------------,1795,0,0,0,1795,0,0,0,0,1409.7,0,0,0,0,3560849376,3560849376,3560849376,0,0,400000,660000000,1
2021-01-07,ADHI,Adhi Karya (Persero) Tbk.,--M-183580000062--------------,1795,0,0,0,1795,0,0,0,0,1409.7,0,0,0,0,3560849376,3560849376,3560849376,0,0,0,0,0
2021-01-06,ADHI,Adhi Karya (Persero) Tbk.,--M-183580000062--------------,1675,0,1810,1580,1795,120,135375600,233946496500,18549,1409.7,1795,1789300,1790,236200,3560849376,3560849376,3560849376,6389600,18914100,1082500,1870395000,2
2021-01-05,ADHI,Adhi Karya (Persero) Tbk.,--M-183580000062--------------,1610,0,1675,1610,1675,65,82820200,137031341500,12819,1315.4,1680,1902300,1675,150900,3560849376,3560849376,3560849376,3344400,6125200,12000011,21000018238,2
2021-01-04,ADHI,Adhi Karya (Persero) Tbk.,--M-183580000062--------------,1535,0,1610,1505,1610,75,46208500,72763918500,6425,1264.4,1615,534200,1610,868400,3560849376,3560849376,3560849376,1994900,1518100,0,0,0
2020-12-30,ADHI,Adhi Karya (Persero) Tbk.,--M-183F80000062--------------,1590,0,1630,1525,1535,-55,87568700,138480498500,13442,1205.5,1535,520400,1530,487100,3560849376,3560849376,3560849376,8183300,6004600,0,0,0
2020-12-29,ADHI,Adhi Karya (Persero) Tbk.,--M-183F80000062--------------,1550,0,1635,1530,1590,40,146513200,233129933000,18915,1248.7,1595,435000,1590,547100,3560849376,3560849376,3560849376,13018800,13451100,422500,865000500,3
2020-12-28,ADHI,Adhi Karya (Persero) Tbk.,--M-183F80000062--------------,1555,0,1620,1505,1550,-5,43853600,68213215000,6814,1217.3,1555,321900,1550,150400,3560849376,3560849376,3560849376,5763500,2235300,1156300,1794659500,6
2020-12-23,ADHI,Adhi Karya (Persero) Tbk.,--M-183F80000062--------------,1565,0,1615,1465,1555,-10,77456700,120495914000,12767,1221.2,1560,155300,1555,548100,3560849376,3560849376,3560849376,7660900,8195100,19090000,31744000000,2
2020-12-22,ADHI,Adhi Karya (Persero) Tbk.,--M-183F80000062--------------,1650,0,1670,1535,1565,-85,99142000,157054476000,13516,1229.1,1570,105700,1565,256000,3560849376,3560849376,3560849376,6701200,2978600,12000102,20400163042,3
2020-12-21,ADHI,Adhi Karya (Persero) Tbk.,--M-183F80000062--------------,1650,0,0,0,1650,0,0,0,0,1295.8,0,0,0,0,3560849376,3560849376,3560849376,0,0,756000,1248000000,2
2020-12-18,ADHI,Adhi Karya (Persero) Tbk.,--M-183F80000062--------------,1480,0,1665,1480,1650,170,184785700,295699191000,25340,1295.8,1650,1131700,1645,76100,3560849376,3560849376,3560849376,11514700,7085600,800300,1275795000,3
2020-12-17,ADHI,Adhi Karya (Persero) Tbk.,--M-183F80000062--------------,1290,0,1515,1305,1480,190,212706100,305086645500,27248,1162.3,1485,175100,1480,214000,3560849376,3560849376,3560849376,10922000,35719700,400000,528000000,1
2020-12-16,ADHI,Adhi Karya (Persero) Tbk.,--M-183F80000062--------------,1280,0,1320,1280,1290,10,56724000,73550899000,5986,1013.1,1295,482900,1290,279300,3560849376,3560849376,3560849376,15705500,4008900,807800,1027521600,1
2020-12-15,ADHI,Adhi Karya (Persero) Tbk.,--M-183F80000062--------------,1295,0,1305,1260,1280,-15,29427000,37677310500,4157,1005.2,1280,3130100,1275,889200,3560849376,3560849376,3560849376,7863000,859900,4,5040,1
2020-12-14,ADHI,Adhi Karya (Persero) Tbk.,--M-183F80000062--------------,1235,0,1295,1235,1295,60,44379500,56571849500,6272,1017.0,1295,468300,1290,136000,3560849376,3560849376,3560849376,2706800,2898600,0,0,0
2020-12-11,ADHI,Adhi Karya (Persero) Tbk.,--M-183F80000062--------------,1260,0,1275,1225,1235,-25,26760900,33249896000,4641,969.9,1240,86300,1235,48800,3560849376,3560849376,3560849376,2699900,1242400,88,110880,1
2020-12-10,ADHI,Adhi Karya (Persero) Tbk.,--M-183F80000062--------------,1275,0,1300,1215,1260,-15,38235400,48115927500,6008,989.5,1260,94900,1255,107700,3560849376,3560849376,3560849376,3578500,4245700,300029,382536366,2
2020-12-08,ADHI,Adhi Karya (Persero) Tbk.,--M-183F80000062--------------,1305,0,1315,1255,1275,-30,31176600,39931507000,5923,1001.3,1280,488700,1275,2511700,3560849376,3560849376,3560849376,1371600,1079700,0,0,0
2020-12-07,ADHI,Adhi Karya (Persero) Tbk.,--M-183F80000062--------------,1275,0,1330,1285,1305,30,45264900,58968995000,6648,1024.9,1310,489500,1305,1803700,3560849376,3560849376,3560849376,3153600,6021700,550000,717750000,1
2020-12-04,ADHI,Adhi Karya (Persero) Tbk.,--M-183F80000062--------------,1280,0,1350,1250,1275,-5,51850500,66977338000,8007,1001.3,1275,340000,1270,1502700,3560849376,3560849376,3560849376,5202500,4172000,500000,640000000,1
2020-12-03,ADHI,Adhi Karya (Persero) Tbk.,--M-183F80000062--------------,1200,0,1310,1210,1280,80,123069000,155946063500,13499,1005.2,1285,349200,1280,94100,3560849376,3560849376,3560849376,9228900,9420000,13500000,14350000000,3
2020-12-02,ADHI,Adhi Karya (Persero) Tbk.,--M-183F80000062--------------,1135,0,1200,1125,1200,65,95311900,111409157000,9555,942.4,1200,944700,1195,653000,3560849376,3560849376,3560849376,4992500,5328400,2753200,3047792400,3
2020-12-01,ADHI,Adhi Karya (Persero) Tbk.,--M-183F80000062--------------,1090,0,1145,1055,1135,45,69868000,77636816500,7867,891.4,1140,845100,1135,908400,3560849376,3560849376,3560849376,5025800,5507200,0,0,0
2020-11-30,ADHI,Adhi Karya (Persero) Tbk.,--M-18AF80000062--------------,1170,0,1195,1090,1090,-80,98568300,110957427000,11193,856.0,1090,3187300,0,0,3560849376,3560849376,3560849376,8773500,4219200,53,62328,1
2020-11-27,ADHI,Adhi Karya (Persero) Tbk.,--M-18AF80000062--------------,1120,0,1180,1105,1170,50,98376900,112510110000,9287,918.9,1170,776700,1165,161300,3560849376,3560849376,3560849376,6477000,4728800,39,45630,1
2020-11-26,ADHI,Adhi Karya (Persero) Tbk.,--M-18AF80000062--------------,1070,0,1120,1070,1120,50,67423100,74190040500,7105,879.6,1120,1009100,1115,510700,3560849376,3560849376,3560849376,13277900,2720700,0,0,0
2020-11-25,ADHI,Adhi Karya (Persero) Tbk.,--M-18AF80000062--------------,1075,0,1125,1050,1070,-5,85115700,92353884000,10056,840.3,1070,636400,1065,538800,3560849376,3560849376,3560849376,4331700,5083600,109700,125470000,4
2020-11-24,ADHI,Adhi Karya (Persero) Tbk.,--M-18AF80000062--------------,1025,0,1115,1005,1075,50,174124800,185381960500,17248,844.2,1080,300300,1075,4349700,3560849376,3560849376,3560849376,8453200,5095200,0,0,0
2020-11-23,ADHI,Adhi Karya (Persero) Tbk.,--M-18AF80000062--------------,920,0,1025,915,1025,105,207261300,202446971500,17456,805.0,1030,737000,1025,11157600,3560849376,3560849376,3560849376,3383700,5365100,300000,303200000,3
2020-11-20,ADHI,Adhi Karya (Persero) Tbk.,--M-18AF80000062--------------,925,0,935,905,920,-5,44739600,41085349500,4209,722.5,920,2814300,915,1871800,3560849376,3560849376,3560849376,3969600,1940000,0,0,0
2020-11-19,ADHI,Adhi Karya (Persero) Tbk.,--M-18AF80000062--------------,920,0,940,910,925,5,67505600,62439997000,6139,726.4,930,1521600,925,520100,3560849376,3560849376,3560849376,425400,508000,0,0,0
2020-11-18,ADHI,Adhi Karya (Persero) Tbk.,--M-18AF80000062--------------,910,0,950,885,920,10,91152600,83657648500,9449,722.5,925,2100400,920,1455900,3560849376,3560849376,3560849376,2163800,30000,25200,23060000,3
2020-11-17,ADHI,Adhi Karya (Persero) Tbk.,--M-18AF80000062--------------,820,0,975,830,910,90,334269400,307330064000,34217,714.7,915,599600,910,1108500,3560849376,3560849376,3560849376,3942000,733100,100082,94177080,2
2020-11-16,ADHI,Adhi Karya (Persero) Tbk.,--M-18AF80000062--------------,700,0,820,710,820,120,173602300,133485830500,13868,644.0,825,353400,820,12875100,3560849376,3560849376,3560849376,729000,2412400,3603000,2162175000,2
2020-11-13,ADHI,Adhi Karya (Persero) Tbk.,--M-18AF80000062--------------,680,0,715,670,700,20,36301000,25166936500,3217,549.7,705,2405600,700,2410000,3560849376,3560849376,3560849376,204200,1620100,2941100,2058770000,1
2020-11-12,ADHI,Adhi Karya (Persero) Tbk.,--M-18AF80000062--------------,685,0,715,675,680,-5,59863000,41532611500,4645,534.0,685,9252300,680,2896600,3560849376,3560849376,3560849376,31000,387600,10347304,7087266764,4
2020-11-11,ADHI,Adhi Karya (Persero) Tbk.,--M-18AF80000062--------------,670,0,700,670,685,15,82319500,56449848500,5819,538.0,685,4591800,680,3223500,3560849376,3560849376,3560849376,1689900,4907600,19276874,13011890629,5
2020-11-10,ADHI,Adhi Karya (Persero) Tbk.,--M-18AF80000062--------------,630,0,680,635,670,40,62650900,41213904000,5045,526.2,670,1020100,665,687800,3560849376,3560849376,3560849376,215400,1637100,0,0,0
2020-11-09,ADHI,Adhi Karya (Persero) Tbk.,--M-18AF80000062--------------,600,0,640,600,630,30,51367400,32125247000,4381,494.8,635,4755900,630,5177200,3560849376,3560849376,3560849376,4795500,256100,0,0,0
2020-11-06,ADHI,Adhi Karya (Persero) Tbk.,--M-18AF80000062--------------,590,0,600,585,600,10,14587200,8654502500,1517,471.2,600,1896300,595,179200,3560849376,3560849376,3560849376,0,1643100,100,61000,1
2020-11-05,ADHI,Adhi Karya (Persero) Tbk.,--M-18AF80000062--------------,580,0,595,580,590,10,14543100,8572985500,946,463.4,590,872900,585,2080700,3560849376,3560849376,3560849376,35700,213100,1002500,581350000,2
2020-11-04,ADHI,Adhi Karya (Persero) Tbk.,--M-18AF80000062--------------,585,0,595,575,580,-5,8626800,5039768500,839,455.5,580,185600,575,839700,3560849376,3560849376,3560849376,137500,398300,0,0,0
2020-11-03,ADHI,Adhi Karya (Persero) Tbk.,--M-18AF80000062--------------,575,0,595,580,585,10,6538500,3834932500,782,459.4,585,100000,580,906000,3560849376,3560849376,3560849376,491600,80100,0,0,0
2020-11-02,ADHI,Adhi Karya (Persero) Tbk.,--M-18AF80000062--------------,575,0,580,565,575,0,4694200,2698608500,828,451.6,575,221500,570,2098100,3560849376,3560849376,3560849376,475500,20300,0,0,0
2020-10-27,ADHI,Adhi Karya (Persero) Tbk.,--M-18AF80000062--------------,585,0,585,575,575,-10,6513500,3778866500,817,451.6,580,115500,575,2668600,3560849376,3560849376,3560849376,220100,0,2565000,1500525000,1
2020-10-26,ADHI,Adhi Karya (Persero) Tbk.,--M-18AF80000062--------------,590,0,595,585,585,-5,6667700,3937662500,772,459.4,590,995400,585,1691100,3560849376,3560849376,3560849376,231000,5100,0,0,0
2020-10-23,ADHI,Adhi Karya (Persero) Tbk.,--M-18AF80000062--------------,575,0,595,575,590,15,11333400,6642110500,1003,463.4,590,1714900,585,59300,3560849376,3560849376,3560849376,244000,4197700,80,46096,2
2020-10-22,ADHI,Adhi Karya (Persero) Tbk.,--M-18AF80000062--------------,590,0,605,575,575,-15,25719700,15187432500,1750,451.6,585,10000,575,3165100,3560849376,3560849376,3560849376,7838300,220600,74,40700,1
2020-10-21,ADHI,Adhi Karya (Persero) Tbk.,--M-18AF80000062--------------,585,0,610,580,590,5,27177300,16325070000,2057,463.4,595,101700,590,1117500,3560849376,3560849376,3560849376,2752200,329800,251000,149335000,4
2020-10-20,ADHI,Adhi Karya (Persero) Tbk.,--M-18AF80000062--------------,595,0,595,580,585,-10,4963300,2915941000,883,459.4,590,985300,585,123400,3560849376,3560849376,3560849376,200700,151600,0,0,0
2020-10-19,ADHI,Adhi Karya (Persero) Tbk.,--M-18AF80000062--------------,585,0,605,590,595,10,10813000,6413780000,1054,467.3,595,435500,590,1055500,3560849376,3560849376,3560849376,1613200,631500,0,0,0
2020-10-16,ADHI,Adhi Karya (Persero) Tbk.,--M-18AF80000062--------------,580,0,600,580,585,5,10501700,6199616500,1162,459.4,590,161000,585,808300,3560849376,3560849376,3560849376,102800,373000,0,0,0
2020-10-15,ADHI,Adhi Karya (Persero) Tbk.,--M-18AF80000062--------------,595,0,600,575,580,-15,16205400,9484002500,1587,455.5,585,173400,580,1819500,3560849376,3560849376,3560849376,154900,3113100,0,0,0
2020-10-14,ADHI,Adhi Karya (Persero) Tbk.,--M-18AF80000062--------------,600,0,620,590,595,-5,31122200,18765444500,2868,467.3,600,810500,595,1631800,3560849376,3560849376,3560849376,9983000,43300,0,0,0
2020-10-13,ADHI,Adhi Karya (Persero) Tbk.,--M-18AF80000062--------------,565,0,600,560,600,35,28102500,16421834500,2783,471.2,600,694600,595,104600,3560849376,3560849376,3560849376,73200,1088000,5310078,3000173400,2
2020-10-12,ADHI,Adhi Karya (Persero) Tbk.,--M-18AF80000062--------------,555,0,575,550,565,10,12253800,6943203500,1504,443.7,570,411900,565,2741300,3560849376,3560849376,3560849376,128800,43800,0,0,0
2020-10-09,ADHI,Adhi Karya (Persero) Tbk.,--M-18AF80000062--------------,540,0,565,535,555,15,15018300,8333690000,1592,435.9,560,891300,555,10412100,3560849376,3560849376,3560849376,276500,49200,0,0,0
2020-10-08,ADHI,Adhi Karya (Persero) Tbk.,--M-18AF80000062--------------,525,0,545,525,540,15,5906500,3167591000,983,424.1,540,817600,535,113200,3560849376,3560849376,3560849376,140800,1100,0,0,0
2020-10-07,ADHI,Adhi Karya (Persero) Tbk.,--M-18AF80000062--------------,525,0,530,515,525,0,5734600,2995895000,743,412.3,530,268400,525,399900,3560849376,3560849376,3560849376,64800,158000,0,0,0
2020-10-06,ADHI,Adhi Karya (Persero) Tbk.,--M-18AF80000062--------------,505,0,535,510,525,20,11640000,6097983000,1359,412.3,530,1037500,525,8700,3560849376,3560849376,3560849376,682000,79900,0,0,0
2020-10-05,ADHI,Adhi Karya (Persero) Tbk.,--M-18AF80000062--------------,500,0,510,500,505,5,1982200,998371000,671,396.6,510,423900,505,325800,3560849376,3560849376,3560849376,458100,21200,0,0,0
2020-10-02,ADHI,Adhi Karya (Persero) Tbk.,--M-18AF80000062--------------,510,0,515,500,500,-10,4345200,2196619000,618,392.7,505,184700,500,1047300,3560849376,3560849376,3560849376,192200,22200,0,0,0
2020-10-01,ADHI,Adhi Karya (Persero) Tbk.,--M-18AF80000062--------------,500,0,515,500,510,10,3711800,1884648000,648,400.5,510,21100,505,455400,3560849376,3560849376,3560849376,481200,0,0,0,0
2020-09-30,ADHI,Adhi Karya (Persero) Tbk.,--M-18AF80000062--------------,500,0,500,490,500,0,4102300,2038917400,628,392.7,500,1904800,498,48200,3560849376,3560849376,3560849376,394400,534100,0,0,0
2020-09-29,ADHI,Adhi Karya (Persero) Tbk.,--M-18AF80000062--------------,505,0,515,498,500,-5,5287600,2670580900,824,392.7,500,14500,498,573100,3560849376,3560849376,3560849376,489000,1000,0,0,0
2020-09-28,ADHI,Adhi Karya (Persero) Tbk.,--M-18AF80000062--------------,500,0,510,496,505,5,5151800,2585327900,801,396.6,510,643000,505,100700,3560849376,3560849376,3560849376,444500,60400,0,0,0
2020-09-25,ADHI,Adhi Karya (Persero) Tbk.,--M-18AF80000062--------------,490,0,505,488,500,10,9966000,4967925800,959,392.7,505,454500,500,5242000,3560849376,3560849376,3560849376,682200,135100,0,0,0
2020-09-24,ADHI,Adhi Karya (Persero) Tbk.,--M-18AF80000062--------------,505,0,498,488,490,-15,8988000,4424927800,1099,384.8,492,70300,490,327500,3560849376,3560849376,3560849376,704000,21700,0,0,0
2020-09-23,ADHI,Adhi Karya (Persero) Tbk.,--M-18AF80000062--------------,510,0,525,500,505,-5,6193100,3142968000,908,396.6,510,132600,505,136600,3560849376,3560849376,3560849376,891400,10000,0,0,0
2020-09-22,ADHI,Adhi Karya (Persero) Tbk.,--M-18AF80000062--------------,515,0,520,498,510,-5,5031500,2563046300,765,400.5,515,146600,510,177800,3560849376,3560849376,3560849376,482100,104300,0,0,0
2020-09-21,ADHI,Adhi Karya (Persero) Tbk.,--M-18AF80000062--------------,530,0,545,515,515,-15,9408700,4972256000,1568,404.5,520,187800,515,28200,3560849376,3560849376,3560849376,410600,120400,10,5410,1
2020-09-18,ADHI,Adhi Karya (Persero) Tbk.,--M-18AF80000062--------------,545,0,555,530,530,-15,6791700,3683935000,1042,416.2,545,1200,530,2111900,3560849376,3560849376,3560849376,4825500,52000,91,49595,1
2020-09-17,ADHI,Adhi Karya (Persero) Tbk.,--M-18AF80000062--------------,555,0,565,540,545,-10,5282100,2894040000,783,428.0,550,78500,545,112900,3560849376,3560849376,3560849376,376300,5000,0,0,0
2020-09-16,ADHI,Adhi Karya (Persero) Tbk.,--M-18AF80000062--------------,565,0,570,550,555,-10,2959700,1646854000,655,435.9,560,301400,555,164700,3560849376,3560849376,3560849376,346800,55000,0,0,0
2020-09-15,ADHI,Adhi Karya (Persero) Tbk.,--M-18AF80000062--------------,575,0,580,565,565,-10,2967600,1691761500,586,443.7,570,1104200,565,458700,3560849376,3560849376,3560849376,94800,2600,0,0,0
2020-09-14,ADHI,Adhi Karya (Persero) Tbk.,--M-18AF80000062--------------,555,0,590,570,575,20,7915100,4557389500,937,451.6,580,929800,575,402200,3560849376,3560849376,3560849376,487700,500,10100221,5807632600,3
2020-09-11,ADHI,Adhi Karya (Persero) Tbk.,--M-18AF80000062--------------,545,0,575,510,555,10,12751100,6860522500,1700,435.9,555,8200,550,546600,3560849376,3560849376,3560849376,772600,109700,0,0,0
2020-09-10,ADHI,Adhi Karya (Persero) Tbk.,--M-18AF80000062--------------,585,0,570,545,545,-40,15658100,8559851500,1782,428.0,545,1575800,0,0,3560849376,3560849376,3560849376,300000,103700,0,0,0
2020-09-09,ADHI,Adhi Karya (Persero) Tbk.,--M-18AF80000062--------------,595,0,595,570,585,-10,6695800,3890687000,1405,459.4,585,1309400,580,285900,3560849376,3560849376,3560849376,175600,1400,3350007,1993254095,2
2020-09-08,ADHI,Adhi Karya (Persero) Tbk.,--M-18AF80000062--------------,595,0,605,595,595,0,4541700,2715643000,672,467.3,600,662500,595,407400,3560849376,3560849376,3560849376,129400,2500,21,12495,1
2020-09-07,ADHI,Adhi Karya (Persero) Tbk.,--M-18AF80000062--------------,600,0,610,590,595,-5,3301900,1969516500,1122,467.3,600,557100,595,29200,3560849376,3560849376,3560849376,682100,20000,0,0,0
2020-09-04,ADHI,Adhi Karya (Persero) Tbk.,--M-18AF80000062--------------,605,0,600,585,600,-5,6850300,4074434000,823,471.2,600,263300,595,352900,3560849376,3560849376,3560849376,508200,2000,0,0,0
2020-09-03,ADHI,Adhi Karya (Persero) Tbk.,--M-18AF80000062--------------,610,0,615,600,605,-5,3714200,2244969500,618,475.1,605,522700,600,1378100,3560849376,3560849376,3560849376,307600,90000,0,0,0
2020-09-02,ADHI,Adhi Karya (Persero) Tbk.,--M-18AF80000062--------------,605,0,615,600,610,5,4872800,2968033000,685,479.1,610,712200,605,1524500,3560849376,3560849376,3560849376,368700,34200,1652800,999944000,1
2020-09-01,ADHI,Adhi Karya (Persero) Tbk.,--M-18AF80000062--------------,595,0,605,590,605,10,6385500,3822216500,756,475.1,605,129400,600,1019200,3560849376,3560849376,3560849376,921200,170600,2100,1172000,2
2020-08-31,ADHI,Adhi Karya (Persero) Tbk.,--M-18AF80000062--------------,610,0,615,595,595,-15,13184100,7959137000,2045,467.3,600,689200,595,1404500,3560849376,3560849376,3560849376,1222500,17600,62,37510,1
2020-08-28,ADHI,Adhi Karya (Persero) Tbk.,--M-18AF80000062--------------,610,0,620,610,610,0,5955600,3644770000,850,479.1,615,1141700,610,518200,3560849376,3560849376,3560849376,623500,162200,0,0,0
2020-08-27,ADHI,Adhi Karya (Persero) Tbk.,--M-18AF80000062--------------,615,0,625,610,610,-5,7982000,4922103000,1095,479.1,615,120100,610,2216400,3560849376,3560849376,3560849376,382900,440100,60,37200,1
2020-08-26,ADHI,Adhi Karya (Persero) Tbk.,--M-18AF80000062--------------,620,0,620,615,615,-5,6011700,3702846000,1046,483.0,620,847700,615,769400,3560849376,3560849376,3560849376,176700,411900,0,0,0
2020-08-25,ADHI,Adhi Karya (Persero) Tbk.,--M-18AF80000062--------------,615,0,625,615,620,5,10522200,6523921500,1277,486.9,625,2075600,620,488600,3560849376,3560849376,3560849376,431800,482600,0,0,0
2020-08-24,ADHI,Adhi Karya (Persero) Tbk.,--M-18AF80000062--------------,610,0,625,605,615,5,17820000,10965863000,1147,483.0,620,2838500,615,1384400,3560849376,3560849376,3560849376,1661800,684700,0,0,0
2020-08-19,ADHI,Adhi Karya (Persero) Tbk.,--M-18AF80000062--------------,615,0,620,605,610,-5,10054300,6132833500,869,479.1,615,2409900,610,827100,3560849376,3560849376,3560849376,100,136200,0,0,0
2020-08-18,ADHI,Adhi Karya (Persero) Tbk.,--M-18AF80000062--------------,600,0,625,600,615,15,24594900,15139376500,2366,483.0,620,963800,615,819300,3560849376,3560849376,3560849376,3336100,419600,0,0,0
2020-08-14,ADHI,Adhi Karya (Persero) Tbk.,--M-18AF80000062--------------,600,0,605,600,600,0,4495700,2702305500,769,471.2,605,1799100,600,4200,3560849376,3560849376,3560849376,137000,10000,0,0,0
2020-08-13,ADHI,Adhi Karya (Persero) Tbk.,--M-18AF80000062--------------,610,0,615,600,600,-10,7059300,4269901500,863,471.2,605,908700,600,3323900,3560849376,3560849376,3560849376,1320300,200,0,0,0
2020-08-12,ADHI,Adhi Karya (Persero) Tbk.,--M-18AF80000062--------------,605,0,620,595,610,5,16348000,9950734000,1552,479.1,610,964000,605,2006800,3560849376,3560849376,3560849376,1443900,202400,0,0,0
2020-08-11,ADHI,Adhi Karya (Persero) Tbk.,--M-18AF80000062--------------,585,0,610,580,605,20,25356500,15221701500,1901,475.1,610,1863000,605,1415600,3560849376,3560849376,3560849376,1406100,254600,1709660,1000150300,2
2020-08-10,ADHI,Adhi Karya (Persero) Tbk.,--M-18AF80000062--------------,585,0,590,580,585,0,5814600,3404170000,736,459.4,585,315700,580,1427200,3560849376,3560849376,3560849376,465200,10000,0,0,0
2020-08-07,ADHI,Adhi Karya (Persero) Tbk.,--M-18AF80000062--------------,590,0,590,580,585,-5,5864300,3422998500,938,459.4,590,747000,585,168900,3560849376,3560849376,3560849376,854300,10000,0,0,0
2020-08-06,ADHI,Adhi Karya (Persero) Tbk.,--M-18AF80000062--------------,585,0,600,585,590,5,10244800,6045484500,1308,463.4,590,1236600,585,3363100,3560849376,3560849376,3560849376,1034700,100100,15800000,9315000000,2
2020-08-05,ADHI,Adhi Karya (Persero) Tbk.,--M-18AF80000062--------------,565,0,590,560,585,20,21759400,12452245000,1865,459.4,590,706900,585,1032200,3560849376,3560849376,3560849376,1813200,127300,0,0,0
2020-08-04,ADHI,Adhi Karya (Persero) Tbk.,--M-18AF80000062--------------,565,0,575,550,565,0,12291800,6945905500,1560,443.7,565,1867800,560,1221300,3560849376,3560849376,3560849376,797800,106000,0,0,0
2020-08-03,ADHI,Adhi Karya (Persero) Tbk.,--M-18AF80000062--------------,600,0,605,560,565,-35,33961400,19252208500,3731,443.7,565,1787400,560,239300,3560849376,3560849376,3560849376,602500,27900,0,0,0
2020-07-30,ADHI,Adhi Karya (Persero) Tbk.,--M-18AFK0000062--------------,630,0,635,600,600,-30,33301500,20248565500,3308,471.2,605,1137100,600,89100,3560849376,3560849376,3560849376,267600,90200,0,0,0
2020-07-29,ADHI,Adhi Karya (Persero) Tbk.,--M-18AFK0000062--------------,630,0,645,620,630,0,11514900,7271338000,1216,494.8,630,407300,625,2320900,3560849376,3560849376,3560849376,167600,23000,23,2300,1
2020-07-28,ADHI,Adhi Karya (Persero) Tbk.,--M-18AFK0000062--------------,635,0,640,625,630,-5,8104400,5116243000,993,494.8,635,1663400,630,25000,3560849376,3560849376,3560849376,990500,50000,2063400,1299942000,1
2020-07-27,ADHI,Adhi Karya (Persero) Tbk.,--M-18AFK0000062--------------,640,0,645,630,635,-5,10078400,6404122500,806,498.7,635,732300,630,2254000,3560849376,3560849376,3560849376,812000,161900,8,5080,1
2020-07-24,ADHI,Adhi Karya (Persero) Tbk.,--M-18AFK0000062--------------,645,0,645,630,640,-5,25235700,16110402500,1298,502.6,640,4893600,635,3069800,3560849376,3560849376,3560849376,1370600,279000,0,0,0
2020-07-23,ADHI,Adhi Karya (Persero) Tbk.,--M-18AFK0000062--------------,630,0,655,600,645,15,44004700,28314382500,3872,506.5,650,2755000,645,515200,3560849376,3560849376,3560849376,4290400,277500,0,0,0
2020-07-22,ADHI,Adhi Karya (Persero) Tbk.,--M-18AFK0000062--------------,630,0,640,625,630,0,12852500,8104516000,1363,494.8,630,3061400,625,1143200,3560849376,3560849376,3560849376,3258300,106000,0,0,0
2020-07-21,ADHI,Adhi Karya (Persero) Tbk.,--M-18AFK0000062--------------,625,0,640,615,630,5,23191600,14590978000,1738,494.8,635,1238700,630,364500,3560849376,3560849376,3560849376,8440400,278400,0,0,0
2020-07-20,ADHI,Adhi Karya (Persero) Tbk.,--M-18AFK0000062--------------,635,0,640,615,625,-10,20330300,12729398000,1975,490.8,625,3329800,620,98900,3560849376,3560849376,3560849376,5533400,35600,11000000,6985000000,1
2020-07-17,ADHI,Adhi Karya (Persero) Tbk.,--M-18AFK0000062--------------,645,0,650,635,635,-10,10187000,6501376500,1304,498.7,640,1384700,635,4597200,3560849376,3560849376,3560849376,584300,0,9302300,5999983500,1
2020-07-16,ADHI,Adhi Karya (Persero) Tbk.,--M-18AFK0000062--------------,640,0,655,640,645,5,15812300,10236234500,1853,506.5,645,469600,640,1551200,3560849376,3560849376,3560849376,790600,88400,59,25560,2
2020-07-15,ADHI,Adhi Karya (Persero) Tbk.,XDM-18AFK0000062--------------,635,0,650,630,640,5,24389900,15610968500,2012,502.6,640,406100,635,2549600,3560849376,3560849376,3560849376,1582700,53700,3,1920,1
2020-07-14,ADHI,Adhi Karya (Persero) Tbk.,XDM-18AFK0000062--------------,640,0,645,630,635,-5,11947900,7618059000,1448,498.7,635,1268500,630,1382500,3560849376,3560849376,3560849376,1697200,7000,0,0,0
2020-07-13,ADHI,Adhi Karya (Persero) Tbk.,XDM-18AFK0000062--------------,635,0,645,635,640,5,7932800,5078325000,1176,502.6,645,3634800,640,243400,3560849376,3560849376,3560849376,964500,187100,0,0,0
2020-07-10,ADHI,Adhi Karya (Persero) Tbk.,XDM-18AFK0000062--------------,640,0,645,630,635,-5,8511500,5404063000,1258,498.7,640,1082100,635,7100,3560849376,3560849376,3560849376,545300,83300,0,0,0
2020-07-09,ADHI,Adhi Karya (Persero) Tbk.,XDM-18AFK0000062--------------,635,0,655,635,640,5,38608500,24900773500,3938,502.6,645,646100,640,123500,3560849376,3560849376,3560849376,3910500,904500,0,0,0
2020-07-08,ADHI,Adhi Karya (Persero) Tbk.,XDM-18AFK0000062--------------,625,0,645,625,635,10,19479900,12413541000,1685,498.7,640,530800,635,2302100,3560849376,3560849376,3560849376,335800,311100,0,0,0
2020-07-07,ADHI,Adhi Karya (Persero) Tbk.,XDM-18AFK0000062--------------,640,0,650,625,625,-15,17727200,11224201500,1513,490.8,630,795000,625,959200,3560849376,3560849376,3560849376,317500,77000,50000,37500000,1
2020-07-06,ADHI,Adhi Karya (Persero) Tbk.,XDM-18AFK0000062--------------,640,0,655,625,640,0,30947100,19798413000,2342,502.6,645,180700,640,3755100,3560849376,3560849376,3560849376,2755700,701300,0,0,0
2020-07-03,ADHI,Adhi Karya (Persero) Tbk.,XDM6K--1,665,0,690,635,640,-25,86652000,57619998000,6592,502.6,640,247000,635,2177500,3560849376,3560849376,3560849376,4777400,842600,0,0,0
2020-07-02,ADHI,Adhi Karya (Persero) Tbk.,XDM6K--1,605,0,665,605,665,60,60490500,38910733000,4253,522.3,670,1158600,665,16424400,3560849376,3560849376,3560849376,980800,2039300,0,0,0
2020-07-01,ADHI,Adhi Karya (Persero) Tbk.,XDM6K--1,610,0,620,600,605,-5,13464500,8160546000,1612,475.1,610,795200,605,474300,3560849376,3560849376,3560849376,4213700,3653600,94,56925,2
2020-06-30,ADHI,Adhi Karya (Persero) Tbk.,XDM6K--1,610,0,630,610,610,0,10615200,6558020500,1332,479.1,615,2276000,610,467900,3560849376,3560849376,3560849376,925000,3357900,0,0,0
2020-06-29,ADHI,Adhi Karya (Persero) Tbk.,XDM6K--1,610,0,620,595,610,0,5474900,3344433500,1045,479.1,615,190200,610,611100,3560849376,3560849376,3560849376,267600,1851800,0,0,0
2020-06-26,ADHI,Adhi Karya (Persero) Tbk.,XDM6K--1,605,0,630,605,610,5,16506200,10165073500,1557,479.1,615,205800,610,3179100,3560849376,3560849376,3560849376,2188900,411800,0,0,0
2020-06-25,ADHI,Adhi Karya (Persero) Tbk.,XDM6K--1,615,0,620,600,605,-10,13463300,8182753000,1241,475.1,610,210900,605,249900,3560849376,3560849376,3560849376,451600,596300,15121700,9073020000,1
2020-06-24,ADHI,Adhi Karya (Persero) Tbk.,XDM6K--1,605,0,635,605,615,10,21767800,13535574000,2296,483.0,620,365400,615,469600,3560849376,3560849376,3560849376,1739800,1234600,0,0,0
2020-06-23,ADHI,Adhi Karya (Persero) Tbk.,XDM6K--1,605,0,615,600,605,0,9679300,5862081000,1128,475.1,610,746500,605,249500,3560849376,3560849376,3560849376,2415100,325500,0,0,0
2020-06-22,ADHI,Adhi Karya (Persero) Tbk.,XDM6K--1,625,0,630,605,605,-20,11291000,6899821000,1324,475.1,610,187200,605,13799500,3560849376,3560849376,3560849376,1730300,10500,0,0,0
2020-06-19,ADHI,Adhi Karya (Persero) Tbk.,XDM6K--1,635,0,645,620,625,-10,7720100,4846277500,1164,490.8,630,130200,625,135100,3560849376,3560849376,3560849376,1788100,251000,0,0,0
2020-06-18,ADHI,Adhi Karya (Persero) Tbk.,XDM6K--1,630,0,645,620,635,5,21028500,13341541500,1691,498.7,635,5035200,630,1617900,3560849376,3560849376,3560849376,557900,2385800,0,0,0
2020-06-17,ADHI,Adhi Karya (Persero) Tbk.,XDM6K--1,630,0,640,615,630,0,17957500,11228309500,1553,494.8,635,1696300,630,34300,3560849376,3560849376,3560849376,751700,145900,32,20000,1
2020-06-16,ADHI,Adhi Karya (Persero) Tbk.,--M6K--1,600,0,630,605,630,30,25772200,16094542000,1768,494.8,630,1543900,625,969200,3560849376,3560849376,3560849376,423200,1010500,32,24960,1
2020-06-15,ADHI,Adhi Karya (Persero) Tbk.,--M6K--1,620,0,635,590,600,-20,29203700,17837329500,2852,471.2,600,583700,595,414400,3560849376,3560849376,3560849376,1879100,270400,0,0,0
2020-06-12,ADHI,Adhi Karya (Persero) Tbk.,--M6K--1,605,0,620,570,620,15,36832100,22064607000,2903,486.9,625,527100,620,1876700,3560849376,3560849376,3560849376,1154000,3998900,0,0,0
2020-06-11,ADHI,Adhi Karya (Persero) Tbk.,--M6K--1,640,0,645,600,605,-35,32013300,19752319500,2692,475.1,605,888300,600,3785900,3560849376,3560849376,3560849376,620900,991800,0,0,0
2020-06-10,ADHI,Adhi Karya (Persero) Tbk.,--M6K--1,660,0,670,625,640,-20,33337400,21472938500,3659,502.6,640,431100,635,2681000,3560849376,3560849376,3560849376,743500,2234800,0,0,0
2020-06-09,ADHI,Adhi Karya (Persero) Tbk.,--M6K--1,660,0,705,650,660,0,121097600,82050073000,8181,518.3,660,3806300,655,1382500,3560849376,3560849376,3560849376,2333300,3609900,2030133,1380641308,4
2020-06-08,ADHI,Adhi Karya (Persero) Tbk.,--M6K--1,625,0,685,635,660,35,121616500,80255793500,7860,518.3,660,988300,655,701300,3560849376,3560849376,3560849376,1845800,4850200,65000,42425000,2
2020-06-05,ADHI,Adhi Karya (Persero) Tbk.,--M6K--1,590,0,630,590,625,35,75503300,46192270500,5080,490.8,630,1726800,625,2538100,3560849376,3560849376,3560849376,7752000,793000,0,0,0
2020-06-04,ADHI,Adhi Karya (Persero) Tbk.,--M6K--1,535,0,640,540,590,55,144799600,85946820500,9938,463.4,595,759200,590,3331400,3560849376,3560849376,3560849376,16671600,5431200,150081,81049410,3
2020-06-03,ADHI,Adhi Karya (Persero) Tbk.,--M6K--1,515,0,540,515,535,20,34716300,18472673500,2462,420.2,540,483000,535,2541000,3560849376,3560849376,3560849376,9673900,3083200,0,0,0
2020-06-02,ADHI,Adhi Karya (Persero) Tbk.,--M6K--1,500,0,525,500,515,15,26157900,13480927500,1718,404.5,520,617300,515,823200,3560849376,3560849376,3560849376,7460300,1478700,50157,25129720,4
2020-05-29,ADHI,Adhi Karya (Persero) Tbk.,--M6K--1,530,0,530,500,500,-30,35426600,17952971000,2020,392.7,500,5484500,498,2023100,3560849376,3560849376,3560849376,26372300,8656000,1140032,800296000,2
2020-05-28,ADHI,Adhi Karya (Persero) Tbk.,--M6K--1,515,0,545,515,530,15,40467800,21431602000,3095,416.2,530,481800,525,1440900,3560849376,3560849376,3560849376,162800,931400,0,0,0
2020-05-27,ADHI,Adhi Karya (Persero) Tbk.,--M6K--1,510,0,520,505,515,5,20719900,10587279000,1937,404.5,515,581400,510,1177400,3560849376,3560849376,3560849376,5200,936700,0,0,0
2020-05-26,ADHI,Adhi Karya (Persero) Tbk.,--M6K--1,496,0,510,494,510,14,30512400,15280892100,2451,400.5,515,744700,510,1388300,3560849376,3560849376,3560849376,5023000,488800,44,17600,1
2020-05-20,ADHI,Adhi Karya (Persero) Tbk.,--M6K--1,492,0,498,492,496,4,5111100,2527414600,719,389.5,498,164100,496,67100,3560849376,3560849376,3560849376,112200,882200,0,0,0
2020-05-19,ADHI,Adhi Karya (Persero) Tbk.,--M6K--1,476,0,496,482,492,16,8475600,4159251200,1279,386.4,492,88200,490,213000,3560849376,3560849376,3560849376,1892900,884200,62,30380,1
2020-05-18,ADHI,Adhi Karya (Persero) Tbk.,--M6K--1,486,0,490,474,476,-10,8077800,3876462400,1358,373.8,480,62000,476,897800,3560849376,3560849376,3560849376,4445900,20100,0,0,0
2020-05-15,ADHI,Adhi Karya (Persero) Tbk.,--M6K--1,490,0,498,484,486,-4,8357700,4073886000,1368,381.7,488,84700,486,75300,3560849376,3560849376,3560849376,3448300,327200,0,0,0
2020-05-14,ADHI,Adhi Karya (Persero) Tbk.,--M6K--1,492,0,500,488,490,-2,8454300,4174491000,1754,384.8,490,25300,488,253600,3560849376,3560849376,3560849376,888900,75800,0,0,0
2020-05-13,ADHI,Adhi Karya (Persero) Tbk.,--M6K--1,515,0,515,492,492,-23,24717500,12340281400,2522,386.4,496,308500,492,5618900,3560849376,3560849376,3560849376,2039600,1095500,0,0,0
2020-05-12,ADHI,Adhi Karya (Persero) Tbk.,--M6K--1,540,0,540,510,515,-25,10246800,5348230000,1450,404.5,515,4380300,510,2026800,3560849376,3560849376,3560849376,759700,7000,0,0,0
2020-05-11,ADHI,Adhi Karya (Persero) Tbk.,--M6K--1,530,0,560,535,540,10,17595100,9637150500,1616,424.1,540,287100,535,1272700,3560849376,3560849376,3560849376,413500,444200,0,0,0
2020-05-08,ADHI,Adhi Karya (Persero) Tbk.,--M6K--1,530,0,545,525,530,0,8115900,4340821000,835,416.2,535,453500,530,233800,3560849376,3560849376,3560849376,280900,1000,22000,11860000,2
2020-05-06,ADHI,Adhi Karya (Persero) Tbk.,--M6K--1,535,0,545,525,530,-5,7991800,4258103500,781,416.2,530,2000,525,1237100,3560849376,3560849376,3560849376,17900,187900,0,0,0
2020-05-05,ADHI,Adhi Karya (Persero) Tbk.,--M6K--1,525,0,540,520,535,10,14606600,7719944000,1061,420.2,535,714200,530,780400,3560849376,3560849376,3560849376,531200,4900,0,0,0
2020-05-04,ADHI,Adhi Karya (Persero) Tbk.,--M6K--1,550,0,550,520,525,-25,8464900,4487532000,1075,412.3,530,396700,525,480200,3560849376,3560849376,3560849376,258600,456400,0,0,0
2020-04-30,ADHI,Adhi Karya (Persero) Tbk.,--M6K--1,525,0,565,530,550,25,22336200,12313556000,2100,431.9,555,5523100,550,59700,3560849376,3560849376,3560849376,89700,1238700,0,0,0
2020-04-29,ADHI,Adhi Karya (Persero) Tbk.,--M6K--1,520,0,540,520,525,5,8704200,4614907500,986,412.3,525,927200,520,647700,3560849376,3560849376,3560849376,20000,738500,0,0,0
2020-04-28,ADHI,Adhi Karya (Persero) Tbk.,--M6K--1,515,0,535,505,520,5,23680100,12366985500,1574,408.4,520,3638600,515,286000,3560849376,3560849376,3560849376,1852900,939800,0,0,0
2020-04-27,ADHI,Adhi Karya (Persero) Tbk.,--M6K--1,535,0,540,498,515,-20,20459500,10418803300,1838,404.5,520,161700,515,62700,3560849376,3560849376,3560849376,715800,192500,0,0,0
2020-04-24,ADHI,Adhi Karya (Persero) Tbk.,--M6K--1,570,0,570,535,535,-35,15803800,8545929500,1614,420.2,535,10234600,0,0,3560849376,3560849376,3560849376,1390300,222000,0,0,0
2020-04-23,ADHI,Adhi Karya (Persero) Tbk.,--M6K--1,585,0,600,570,570,-15,5648300,3283525000,1102,447.6,570,333300,565,232500,3560849376,3560849376,3560849376,633600,33500,0,0,0
2020-04-22,ADHI,Adhi Karya (Persero) Tbk.,--M6K--1,585,0,595,560,585,0,13997900,8146728000,971,459.4,585,214900,580,570100,3560849376,3560849376,3560849376,509600,648500,0,0,0
2020-04-21,ADHI,Adhi Karya (Persero) Tbk.,--M6K--1,615,0,615,580,585,-30,12538500,7521041000,1003,459.4,585,290200,580,685500,3560849376,3560849376,3560849376,919500,4026400,0,0,0
2020-04-20,ADHI,Adhi Karya (Persero) Tbk.,--M6K--1,635,0,650,615,615,-20,9081800,5739969000,1038,483.0,620,374400,615,541100,3560849376,3560849376,3560849376,743100,1214600,0,0,0
2020-04-17,ADHI,Adhi Karya (Persero) Tbk.,--M6K--1,600,0,640,595,635,35,12451300,7770187500,1405,498.7,635,836700,630,453900,3560849376,3560849376,3560849376,1352900,785100,0,0,0
2020-04-16,ADHI,Adhi Karya (Persero) Tbk.,--M6K--1,630,0,635,595,600,-30,18779800,11408700000,1553,471.2,605,28400,600,73200,3560849376,3560849376,3560849376,1702100,616800,13700,8631000,1
2020-04-15,ADHI,Adhi Karya (Persero) Tbk.,--M6K--1,650,0,670,625,630,-20,36865200,23778441000,2099,494.8,630,41700,625,724600,3560849376,3560849376,3560849376,6717400,636100,0,0,0
2020-04-14,ADHI,Adhi Karya (Persero) Tbk.,--M6K--1,635,0,665,635,650,15,27384700,17911864000,2261,510.5,655,438000,650,921400,3560849376,3560849376,3560849376,4608000,1160300,171800,115488000,2
2020-04-13,ADHI,Adhi Karya (Persero) Tbk.,--M6K--1,590,0,650,575,635,45,24294300,15254498500,3031,498.7,635,842600,630,783300,3560849376,3560849376,3560849376,620800,4061900,200,122000,1
2020-04-09,ADHI,Adhi Karya (Persero) Tbk.,--M6K--1,590,0,610,555,590,0,11960100,6930161500,1317,463.4,595,335400,590,101700,3560849376,3560849376,3560849376,2449900,424200,0,0,0
2020-04-08,ADHI,Adhi Karya (Persero) Tbk.,--M6K--1,630,0,640,590,590,-40,42114700,25304262000,2782,463.4,590,493000,0,0,3560849376,3560849376,3560849376,8990600,195300,0,0,0
2020-04-07,ADHI,Adhi Karya (Persero) Tbk.,--M6K--1,640,0,695,615,630,-10,82456800,53945823000,6401,494.8,635,949500,630,5035000,3560849376,3560849376,3560849376,12187700,973000,600009,355206156,2
2020-04-06,ADHI,Adhi Karya (Persero) Tbk.,--M6K--1,520,0,645,525,640,120,87880100,52745616500,6493,502.6,640,6379600,635,814800,3560849376,3560849376,3560849376,9052100,4442800,0,0,0
2020-04-03,ADHI,Adhi Karya (Persero) Tbk.,--M6K--1,505,0,530,505,520,15,30412600,15827887500,1778,408.4,525,499200,520,410500,3560849376,3560849376,3560849376,6082900,920400,0,0,0
2020-04-02,ADHI,Adhi Karya (Persero) Tbk.,--M6K--1,505,0,510,470,505,0,32733100,16074144500,2351,396.6,510,283100,505,728000,3560849376,3560849376,3560849376,6870600,1609300,0,0,0
2020-04-01,ADHI,Adhi Karya (Persero) Tbk.,--M6K--1,535,0,555,500,505,-30,29961000,15743461000,2280,396.6,510,152900,505,133000,3560849376,3560849376,3560849376,13729500,199400,155810,190081380,2
2020-03-31,ADHI,Adhi Karya (Persero) Tbk.,--M6K--1,525,0,595,525,535,10,7002200,3836454000,1310,420.2,540,153600,535,215100,3560849376,3560849376,3560849376,1399000,1000,0,0,0
2020-03-30,ADHI,Adhi Karya (Persero) Tbk.,--M6K--1,560,0,550,525,525,-35,26850800,14362528000,1134,412.3,525,15000,0,0,3560849376,3560849376,3560849376,1023300,96400,0,0,0
2020-03-27,ADHI,Adhi Karya (Persero) Tbk.,--M6K--1,456,0,560,466,560,104,34551100,18203104400,4424,439.8,560,426800,545,7000,3560849376,3560849376,3560849376,1469200,11718200,30,16200,1
2020-03-26,ADHI,Adhi Karya (Persero) Tbk.,--M6K--1,386,0,462,386,456,70,26510900,11730589000,3133,358.1,458,185400,456,92000,3560849376,3560849376,3560849376,342600,9983900,0,0,0
2020-03-24,ADHI,Adhi Karya (Persero) Tbk.,--M6K--1,388,0,406,362,386,-2,24887700,9724011400,3462,303.1,388,21000,386,75400,3560849376,3560849376,3560849376,2911400,2412800,67,25996,1
2020-03-23,ADHI,Adhi Karya (Persero) Tbk.,--M6K--1,416,0,416,388,388,-28,5890200,2287323000,1398,304.7,388,2900900,0,0,3560849376,3560849376,3560849376,2339600,332700,0,0,0
2020-03-20,ADHI,Adhi Karya (Persero) Tbk.,--M6K--1,444,0,444,414,416,-28,25146700,10435247800,2246,326.7,416,310500,414,439200,3560849376,3560849376,3560849376,5797000,1231400,0,0,0
2020-03-19,ADHI,Adhi Karya (Persero) Tbk.,--M6K--1,476,0,458,444,444,-32,5352100,2378140600,380,348.7,444,8943900,0,0,3560849376,3560849376,3560849376,27400,128300,0,0,0
2020-03-18,ADHI,Adhi Karya (Persero) Tbk.,--M6K--1,510,0,510,476,476,-34,10571000,5067588400,1284,373.8,476,4066700,0,0,3560849376,3560849376,3560849376,3923800,89500,0,0,0
2020-03-17,ADHI,Adhi Karya (Persero) Tbk.,--M6K--1,545,0,545,510,510,-35,7467600,3821954500,932,400.5,510,1930200,0,0,3560849376,3560849376,3560849376,2056300,51800,0,0,0
2020-03-16,ADHI,Adhi Karya (Persero) Tbk.,--M6K--1,585,0,585,545,545,-40,10475400,5770265500,1623,428.0,545,2146800,0,0,3560849376,3560849376,3560849376,618600,1569500,15500,8447500,1
2020-03-13,ADHI,Adhi Karya (Persero) Tbk.,--M6K--1,580,0,595,540,585,5,17313800,9654969000,2163,459.4,585,138700,580,213900,3560849376,3560849376,3560849376,1945400,212000,0,0,0
2020-03-12,ADHI,Adhi Karya (Persero) Tbk.,--M6K--1,630,0,610,570,580,-50,19345300,11349728500,2317,455.5,580,118800,575,91600,3560849376,3560849376,3560849376,3265100,349500,0,0,0
2020-03-11,ADHI,Adhi Karya (Persero) Tbk.,--M6K--1,680,0,690,620,630,-50,12926300,8460995500,2046,494.8,635,40500,630,214400,3560849376,3560849376,3560849376,924800,136400,0,0,0
2020-03-10,ADHI,Adhi Karya (Persero) Tbk.,--M6K--1,670,0,715,670,680,10,24627400,17136077500,2423,534.0,685,108800,680,638600,3560849376,3560849376,3560849376,11321900,950600,10100000,7070000000,2
2020-03-09,ADHI,Adhi Karya (Persero) Tbk.,--M6K--1,765,0,755,660,670,-95,16802700,11649371000,2940,526.2,670,144100,665,54700,3560849376,3560849376,3560849376,7805500,578400,1090000,888350000,1
2020-03-06,ADHI,Adhi Karya (Persero) Tbk.,--M6K--1,790,0,790,760,765,-25,4834400,3714652500,832,600.8,765,7100,760,468200,3560849376,3560849376,3560849376,1209700,122400,0,0,0
2020-03-05,ADHI,Adhi Karya (Persero) Tbk.,--M6K--1,790,0,815,785,790,0,19703100,15744987500,2015,620.4,790,194100,785,689300,3560849376,3560849376,3560849376,4666900,6427000,21829400,17320226000,3
2020-03-04,ADHI,Adhi Karya (Persero) Tbk.,--M6K--1,760,0,800,735,790,30,16716700,13116103000,2464,620.4,795,101900,790,299600,3560849376,3560849376,3560849376,4431900,2691700,0,0,0
2020-03-03,ADHI,Adhi Karya (Persero) Tbk.,--M6K--1,745,0,785,755,760,15,10774600,8257787000,1572,596.9,760,15200,755,522700,3560849376,3560849376,3560849376,4637900,793100,0,0,0
2020-03-02,ADHI,Adhi Karya (Persero) Tbk.,--S6K--1,755,0,780,735,745,-10,13466000,10221314500,2784,585.1,750,17000,745,94000,3560849376,3560849376,3560849376,1748500,1037600,0,0,0
2020-02-28,ADHI,Adhi Karya (Persero) Tbk.,--U6K--1,780,0,755,705,755,-25,18820700,13747214000,2986,592.9,760,116700,755,60400,3560849376,3560849376,3560849376,999800,6658500,0,0,0
2020-02-27,ADHI,Adhi Karya (Persero) Tbk.,--U6K--1,835,0,835,765,780,-55,17196600,13632146000,2778,612.6,785,145000,780,221500,3560849376,3560849376,3560849376,5930200,984900,0,0,0
2020-02-26,ADHI,Adhi Karya (Persero) Tbk.,--U6K--1,870,0,865,830,835,-35,8219600,6956571000,1651,655.8,835,660800,830,653800,3560849376,3560849376,3560849376,562000,634700,1149400,999978000,1
2020-02-25,ADHI,Adhi Karya (Persero) Tbk.,--U6K--1,885,0,890,850,870,-15,8429900,7354227500,1230,683.2,875,2200,870,221900,3560849376,3560849376,3560849376,2935300,258600,0,0,0
2020-02-24,ADHI,Adhi Karya (Persero) Tbk.,--U6K--1,940,0,930,880,885,-55,14428600,13004216500,2132,695.0,890,4600,885,595500,3560849376,3560849376,3560849376,4533900,97500,700000,682500000,1
2020-02-21,ADHI,Adhi Karya (Persero) Tbk.,--U6K--1,970,0,975,935,940,-30,8038700,7622428500,1551,738.2,945,446700,940,102900,3560849376,3560849376,3560849376,2504100,175800,0,0,0
2020-02-20,ADHI,Adhi Karya (Persero) Tbk.,--U6K--1,995,0,1005,970,970,-25,5876900,5802047500,1247,761.8,975,23400,970,651400,3560849376,3560849376,3560849376,364600,136500,0,0,0
2020-02-19,ADHI,Adhi Karya (Persero) Tbk.,--U6K--1,970,0,1020,970,995,25,13476900,13472653000,2090,781.4,995,4046200,990,510100,3560849376,3560849376,3560849376,163500,2148200,1000,980000,1
2020-02-18,ADHI,Adhi Karya (Persero) Tbk.,--U6K--1,940,0,980,935,970,30,12449100,11968492500,1643,761.8,975,336800,970,3996500,3560849376,3560849376,3560849376,632800,711500,0,0,0
2020-02-17,ADHI,Adhi Karya (Persero) Tbk.,--U6K--1,925,0,960,915,940,15,11010900,10376594000,1611,738.2,940,216700,935,596700,3560849376,3560849376,3560849376,152400,271300,0,0,0
2020-02-14,ADHI,Adhi Karya (Persero) Tbk.,--U6K--1,925,0,935,910,925,0,4804900,4430969500,926,726.4,930,36400,925,313100,3560849376,3560849376,3560849376,438800,1005000,14003,10222760,2
2020-02-13,ADHI,Adhi Karya (Persero) Tbk.,--U6K--1,970,0,975,920,925,-45,10653500,9970095500,1800,726.4,930,35200,925,3281400,3560849376,3560849376,3560849376,236900,1040500,8100,7492500,1
2020-02-12,ADHI,Adhi Karya (Persero) Tbk.,--U6K--1,985,0,990,970,970,-15,4816700,4702811000,1155,761.8,975,94600,970,260000,3560849376,3560849376,3560849376,1835100,104300,10,9800,1
2020-02-11,ADHI,Adhi Karya (Persero) Tbk.,--U6K--1,985,0,995,965,985,0,5882900,5766890500,1384,773.6,990,202400,985,7000,3560849376,3560849376,3560849376,1909400,47300,0,0,0
2020-02-10,ADHI,Adhi Karya (Persero) Tbk.,--U6K--1,1030,0,1030,980,985,-45,8251900,8218291500,2027,773.6,990,141400,985,36300,3560849376,3560849376,3560849376,2285500,162200,0,0,0
2020-02-07,ADHI,Adhi Karya (Persero) Tbk.,--U6K--1,1045,0,1055,1030,1030,-15,3352000,3485020000,822,808.9,1035,68300,1030,53800,3560849376,3560849376,3560849376,142800,50400,0,0,0
2020-02-06,ADHI,Adhi Karya (Persero) Tbk.,--U6K--1,1020,0,1050,1015,1045,25,6677900,6910221500,954,820.7,1045,214500,1040,12700,3560849376,3560849376,3560849376,51300,248200,2964567,3764525875,4
2020-02-05,ADHI,Adhi Karya (Persero) Tbk.,--U6K--1,1015,0,1030,1015,1020,5,3505200,3582211500,549,801.0,1025,492100,1020,67100,3560849376,3560849376,3560849376,243700,90300,0,0,0
2020-02-04,ADHI,Adhi Karya (Persero) Tbk.,--U6K--1,1015,0,1035,1005,1015,0,1942000,1967294000,689,797.1,1015,5000,1010,82300,3560849376,3560849376,3560849376,700,700,0,0,0
2020-02-03,ADHI,Adhi Karya (Persero) Tbk.,--U6K--1,1030,0,1030,995,1015,-15,5370400,5445523000,991,797.1,1015,22400,1010,276400,3560849376,3560849376,3560849376,70800,15600,0,0,0
2020-01-31,ADHI,Adhi Karya (Persero) Tbk.,--U6K--1,1030,0,1070,1010,1030,0,4842500,4996934500,1070,808.9,1030,258200,1025,102700,3560849376,3560849376,3560849376,779200,0,0,0,0
2020-01-30,ADHI,Adhi Karya (Persero) Tbk.,--U6K--1,1050,0,1050,1020,1030,-20,1763800,1822760500,637,808.9,1035,137900,1025,13400,3560849376,3560849376,3560849376,22400,0,0,0,0
2020-01-29,ADHI,Adhi Karya (Persero) Tbk.,--U6K--1,1045,0,1065,1045,1050,5,3039800,3205756500,1038,824.6,1050,123100,1045,171500,3560849376,3560849376,3560849376,368600,202100,557000,582065000,1
2020-01-28,ADHI,Adhi Karya (Persero) Tbk.,--U6K--1,1025,0,1050,995,1045,20,5576600,5745293500,1232,820.7,1050,181700,1045,4865400,3560849376,3560849376,3560849376,270300,28900,0,0,0
2020-01-27,ADHI,Adhi Karya (Persero) Tbk.,--U6K--1,1085,0,1090,1025,1025,-60,11548600,12183459500,1717,805.0,1030,102500,1025,88900,3560849376,3560849376,3560849376,1304000,26000,550000,495000000,3
2020-01-24,ADHI,Adhi Karya (Persero) Tbk.,--U6K--1,1090,0,1100,1085,1085,-5,2544100,2774639000,637,852.1,1090,91500,1085,224000,3560849376,3560849376,3560849376,308300,100,0,0,0
2020-01-23,ADHI,Adhi Karya (Persero) Tbk.,--U6K--1,1100,0,1115,1090,1090,-10,2692100,2952557000,774,856.0,1100,1000,1090,72500,3560849376,3560849376,3560849376,231000,0,48,52320,1
2020-01-22,ADHI,Adhi Karya (Persero) Tbk.,--U6K--1,1100,0,1130,1100,1100,0,4966100,5526756000,1172,863.9,1105,16200,1100,158500,3560849376,3560849376,3560849376,588400,100000,4,4400,1
2020-01-21,ADHI,Adhi Karya (Persero) Tbk.,--U6K--1,1125,0,1135,1100,1100,-25,6708300,7458641000,1350,863.9,1105,68100,1100,173100,3560849376,3560849376,3560849376,2381100,109500,0,0,0
2020-01-20,ADHI,Adhi Karya (Persero) Tbk.,--U6K--1,1165,0,1175,1125,1125,-40,5347300,6095885000,1501,883.5,1130,64900,1125,376300,3560849376,3560849376,3560849376,530600,399800,7228,8420620,1
2020-01-17,ADHI,Adhi Karya (Persero) Tbk.,--U6K--1,1170,0,1185,1165,1165,-5,3477400,4082339000,671,914.9,1170,179400,1165,154300,3560849376,3560849376,3560849376,149200,190300,30,34950,1
2020-01-16,ADHI,Adhi Karya (Persero) Tbk.,--U6K--1,1175,0,1190,1170,1170,-5,1818200,2136407500,632,918.9,1175,8600,1170,160900,3560849376,3560849376,3560849376,143000,0,30,35100,1
2020-01-15,ADHI,Adhi Karya (Persero) Tbk.,--U6K--1,1205,0,1215,1165,1175,-30,8980800,10594686000,1433,922.8,1180,85400,1175,5763600,3560849376,3560849376,3560849376,1627900,198600,130000,152750000,1
2020-01-14,ADHI,Adhi Karya (Persero) Tbk.,--U6K--1,1215,0,1230,1205,1205,-10,6358800,7751843500,1472,946.3,1215,329400,1205,149200,3560849376,3560849376,3560849376,657800,261300,30,36150,1
2020-01-13,ADHI,Adhi Karya (Persero) Tbk.,--U6K--1,1180,0,1220,1180,1215,35,13062400,15746587500,1435,954.2,1215,94200,1210,3795500,3560849376,3560849376,3560849376,44800,944300,30,36450,1
2020-01-10,ADHI,Adhi Karya (Persero) Tbk.,--U6K--1,1175,0,1200,1180,1180,5,4117000,4888121000,867,926.7,1185,79700,1180,358900,3560849376,3560849376,3560849376,600,236100,30,35400,1
2020-01-09,ADHI,Adhi Karya (Persero) Tbk.,--U6K--1,1160,0,1185,1170,1175,15,3519200,4143098500,784,922.8,1180,112100,1175,160100,3560849376,3560849376,3560849376,258900,62600,30,35250,1
2020-01-08,ADHI,Adhi Karya (Persero) Tbk.,--U6K--1,1185,0,1185,1160,1160,-25,4249300,4956336000,1244,911.0,1165,87200,1160,40600,3560849376,3560849376,3560849376,483200,52000,3570030,3605534800,3
2020-01-07,ADHI,Adhi Karya (Persero) Tbk.,--U6K--1,1185,0,1200,1180,1185,0,5072100,6030810500,1155,930.6,1190,733500,1185,253700,3560849376,3560849376,3560849376,296200,985500,62030,75365550,3
2020-01-06,ADHI,Adhi Karya (Persero) Tbk.,--U6K--1,1210,0,1210,1185,1185,-25,13004900,15548853500,2839,930.6,1190,32500,1185,15300,3560849376,3560849376,3560849376,2829800,4060400,90,106650,1
2020-01-03,ADHI,Adhi Karya (Persero) Tbk.,--U6K--1,1170,0,1215,1175,1210,40,13514500,16218397500,2276,950.3,1210,61900,1205,88700,3560849376,3560849376,3560849376,722500,1048600,90,108900,1
2020-01-02,ADHI,Adhi Karya (Persero) Tbk.,--U6K--1,1175,0,1190,1155,1170,-5,5113900,5995637500,1224,918.9,1175,658700,1170,877400,3560849376,3560849376,3560849376,376100,117200,379465,445870550,3
