Date,Ticker,Name,Remarks,Previous,Open,High,Low,Close,Change,Volume,Value,Frequency,IndexIndividual,Offer,OfferVolume,Bid,BidVolume,ListedShares,TradebleShares,WeightForIndex,ForeignSell,ForeignBuy,NonRegularVolume,NonRegularValue,NonRegularFrequency
2026-03-12,AKRA,AKR Corporindo Tbk.,--MO1H3TUNS200A112------------,1235,1240,1260,1230,1235,0,13237400,16447607500,5044,4921.5,1235,281900,1230,914700,20073474600,20073474600,6551982109,5711200,1818400,0,0,0
2026-03-11,AKRA,AKR Corporindo Tbk.,--MO1H3TUNS200A112------------,1245,1260,1265,1235,1235,-10,13908300,17363880000,4038,4921.5,1240,15200,1235,636800,20073474600,20073474600,6551982109,8387300,2084500,724500,904900500,1
2026-03-10,AKRA,AKR Corporindo Tbk.,--MO1H3TUNS200A112------------,1260,1260,1275,1225,1245,-15,26337900,32866601500,7418,4961.3,1250,3400,1245,85200,20073474600,20073474600,6551982109,10074700,3766400,0,0,0
2026-03-09,AKRA,AKR Corporindo Tbk.,--MO1H3TUNS200A112------------,1255,1300,1315,1235,1260,5,39440500,49984628000,11156,5021.1,1265,22200,1260,900,20073474600,20073474600,6551982109,22458000,6576900,0,0,0
2026-03-06,AKRA,AKR Corporindo Tbk.,--MO1H3TUNS200A112------------,1265,1270,1290,1250,1255,-10,13930400,17580584500,4001,5001.2,1265,118900,1255,1272000,20073474600,20073474600,6551982109,3181400,1444400,0,0,0
2026-03-05,AKRA,AKR Corporindo Tbk.,--MO1H3TUNS200A112------------,1220,1250,1280,1250,1265,45,22903600,28995062500,5857,5041.0,1270,96300,1265,1034000,20073474600,20073474600,6551982109,10226300,4288900,0,0,0
2026-03-04,AKRA,AKR Corporindo Tbk.,--MO1H3TUNS200A112------------,1325,1330,1340,1215,1220,-105,50510000,64236726500,13136,4861.7,1225,11700,1220,1687000,20073474600,20073474600,6551982109,12717600,12927500,0,0,0
2026-03-03,AKRA,AKR Corporindo Tbk.,--MO1H3TUNS200A112------------,1370,1390,1395,1315,1325,-45,49467300,66800471000,11706,5280.1,1330,46600,1325,617500,20073474600,20073474600,6551982109,19390200,3975800,0,0,0
2026-03-02,AKRA,AKR Corporindo Tbk.,--MO1H3TUNS200A112------------,1295,1335,1380,1315,1370,75,90256700,121812283000,16047,5459.5,1375,1167300,1370,1756400,20073474600,20073474600,6551982109,32288000,21129600,222000,301920000,1
2026-02-27,AKRA,AKR Corporindo Tbk.,--MO1H3TUNS000A112------------,1250,1250,1305,1230,1295,45,32420200,41256657000,5680,5160.6,1295,35400,1290,554400,20073474600,20073474600,6551982109,22176800,6808600,36,46620,1
2026-02-26,AKRA,AKR Corporindo Tbk.,--MO1H3TUNS000A112------------,1305,1310,1310,1250,1250,-55,19849100,25171335000,6298,4981.3,1255,178800,1250,2752400,20073474600,20073474600,6551982109,11138000,2363900,0,0,0
2026-02-25,AKRA,AKR Corporindo Tbk.,--MO1H3TUNS000A112------------,1300,1305,1320,1295,1305,5,16435600,21410228500,3548,5200.4,1305,6000,1300,68100,20073474600,20073474600,6551982109,5278000,9375200,0,0,0
2026-02-24,AKRA,AKR Corporindo Tbk.,--MO1H3TUNS000A112------------,1325,1325,1330,1295,1300,-25,17807800,23387365000,4415,5180.5,1305,8300,1300,164000,20073474600,20073474600,6551982109,10153600,2992900,0,0,0
2026-02-23,AKRA,AKR Corporindo Tbk.,--MO1H3TUNS000A112------------,1315,1315,1340,1305,1325,10,25765700,34121789500,5174,5280.1,1330,1158800,1325,97500,20073474600,20073474600,6551982109,3072400,2159500,2245800,2975685000,3
2026-02-20,AKRA,AKR Corporindo Tbk.,--MO1H3TUNS000A112------------,1315,1325,1330,1310,1315,0,15049000,19868828000,4213,5240.3,1320,158200,1315,104700,20073474600,20073474600,6551982109,2503500,5452000,0,0,0
2026-02-19,AKRA,AKR Corporindo Tbk.,--MO1H3TUNS000A112------------,1300,1315,1330,1300,1315,15,28703000,37764051000,6089,5240.3,1320,652100,1315,79800,20073474600,20073474600,6551982109,7391700,9457000,0,0,0
2026-02-18,AKRA,AKR Corporindo Tbk.,--MO1H3TUNS000A112------------,1280,1295,1315,1260,1300,20,25572400,32793044000,8536,5180.5,1305,256900,1300,1350300,20073474600,20073474600,6551982109,4869900,3240700,32,40640,1
2026-02-13,AKRA,AKR Corporindo Tbk.,--MO1H3TUNS000A112------------,1285,1290,1300,1270,1280,-5,13391300,17147528000,4054,5100.8,1280,152200,1275,44400,20073474600,20073474600,6551982109,4026700,4694200,0,0,0
2026-02-12,AKRA,AKR Corporindo Tbk.,--MO1H3TUNS000A112------------,1295,1300,1310,1280,1285,-10,15789900,20347517000,5123,5120.7,1285,57100,1280,649800,20073474600,20073474600,6551982109,5268400,4898200,0,0,0
2026-02-11,AKRA,AKR Corporindo Tbk.,--MO1H3TUNS000A112------------,1305,1315,1330,1285,1295,-10,23827400,30991436500,6514,5160.6,1295,106400,1290,760100,20073474600,20073474600,6551982109,9954900,10934300,19,24605,1
2026-02-10,AKRA,AKR Corporindo Tbk.,--MO1H3TUNS000A112------------,1265,1270,1320,1270,1305,40,22474900,29315221000,5379,5200.4,1310,176200,1305,2400,20073474600,20073474600,6551982109,10955500,18601100,0,0,0
2026-02-09,AKRA,AKR Corporindo Tbk.,--MO1H3TUNS000A112------------,1270,1290,1290,1255,1265,-5,9115400,11608424000,2537,5041.0,1265,4000,1260,194500,20073474600,20073474600,6551982109,5948200,3917000,7450200,9409602600,4
2026-02-06,AKRA,AKR Corporindo Tbk.,--MO1H3TUNS000A112------------,1285,1265,1275,1240,1270,-15,11725200,14811908000,4677,5061.0,1270,164800,1265,18000,20073474600,20073474600,6551982109,7277300,3701600,2121500,2679457500,2
2026-02-05,AKRA,AKR Corporindo Tbk.,--MO1H3TUNS000A112------------,1295,1295,1305,1280,1285,-10,15925300,20578460000,4259,5120.7,1290,47600,1285,2600,20073474600,20073474600,6551982109,11028300,9329500,0,0,0
2026-02-04,AKRA,AKR Corporindo Tbk.,--MO1H3TUNS000A112------------,1325,1320,1320,1285,1295,-30,26679200,34575304000,5477,5160.6,1300,48000,1295,1200,20073474600,20073474600,6551982109,9479300,9298900,7902780,10335570300,8
2026-02-03,AKRA,AKR Corporindo Tbk.,--MO1H3TUNS000A112------------,1240,1245,1330,1230,1325,85,32116500,41751682500,7633,5280.1,1325,53000,1320,230400,20073474600,20073474600,6551982109,15811600,5049900,86,110520,2
2026-02-02,AKRA,AKR Corporindo Tbk.,--MO1H3TUNS000A112------------,1260,1260,1285,1230,1240,-20,28654200,36036153500,8417,4941.4,1245,1000,1240,209000,20073474600,20073474600,6551982109,13120400,6974600,19350145,24187680920,3
2026-01-30,AKRA,AKR Corporindo Tbk.,--MO1H3TUNS000A112------------,1205,1220,1285,1220,1260,55,39841500,50109700500,9125,5021.1,1265,3800,1260,1079600,20073474600,20073474600,6551982109,12171900,14081100,117,147420,2
2026-01-29,AKRA,AKR Corporindo Tbk.,--MO1H3TUNS000A112------------,1280,1250,1255,1100,1205,-75,47307300,56064511500,14073,4801.9,1210,12600,1205,218900,20073474600,20073474600,6551982109,28124900,17471600,0,0,0
2026-01-28,AKRA,AKR Corporindo Tbk.,--MO1H3TUNS000A112------------,1345,1340,1340,1245,1280,-65,32893000,42037744500,9993,5100.8,1280,226900,1275,4700,20073474600,20073474600,6551982109,10722400,10938100,0,0,0
2026-01-27,AKRA,AKR Corporindo Tbk.,--MO1H3TUNS000A112------------,1355,1360,1395,1340,1345,-10,53544800,72926237000,11865,5359.8,1350,100,1345,98300,20073474600,20073474600,6551982109,18723300,24765400,0,0,0
2026-01-26,AKRA,AKR Corporindo Tbk.,--MO1H3TUNS000A112------------,1305,1305,1360,1300,1355,50,55555100,74611025000,12493,5399.7,1360,2497900,1355,411400,20073474600,20073474600,6551982109,15256800,23880400,930000,1256430000,2
2026-01-23,AKRA,AKR Corporindo Tbk.,--MO1H3TUNS000A112------------,1320,1320,1320,1275,1305,-15,16404900,21195949000,4986,5200.4,1305,312300,1300,164600,20073474600,20073474600,6551982109,7131700,8226300,10741900,13888434800,2
2026-01-22,AKRA,AKR Corporindo Tbk.,--MO1H3TUNS000A112------------,1295,1310,1330,1285,1320,25,38302600,50001463000,12170,5260.2,1320,787900,1315,100,20073474600,20073474600,6551982109,16299300,19802800,31390800,40808040000,1
2026-01-21,AKRA,AKR Corporindo Tbk.,--MO1H3TUNS000A112------------,1330,1330,1335,1275,1295,-35,25481500,32946494000,7184,5160.6,1300,901100,1295,95000,20073474600,20073474600,6551982109,12119800,11293400,177300,228330500,2
2026-01-20,AKRA,AKR Corporindo Tbk.,--MO1H3TUNS000A112------------,1295,1295,1345,1285,1330,35,68297900,90116584000,14332,5300.1,1335,1151300,1330,153600,20073474600,20073474600,6551982109,15195900,28915100,0,0,0
2026-01-19,AKRA,AKR Corporindo Tbk.,--MO1H3TUNS000A112------------,1250,1250,1295,1250,1295,45,20894500,26619579500,6981,5160.6,1295,1441800,1290,154400,20073474600,20073474600,6551982109,4555900,7503700,0,0,0
2026-01-15,AKRA,AKR Corporindo Tbk.,--MO1H3TUNS000A112------------,1245,1250,1275,1245,1250,5,39551500,49848324000,9545,4981.3,1255,13500,1250,17500,20073474600,20073474600,6551982109,10110900,20359900,0,0,0
2026-01-14,AKRA,AKR Corporindo Tbk.,--MO1H3TUNS000A112------------,1240,1245,1270,1235,1245,5,27776600,34649913500,6560,4961.3,1250,380700,1245,111200,20073474600,20073474600,6551982109,4355000,8600700,0,0,0
2026-01-13,AKRA,AKR Corporindo Tbk.,--MO1H3TUNS000A112------------,1245,1250,1255,1230,1240,-5,20385700,25238442500,8124,4941.4,1245,477700,1240,42700,20073474600,20073474600,6551982109,2916300,8286400,0,0,0
2026-01-12,AKRA,AKR Corporindo Tbk.,--MO1H3TUNS000A112------------,1235,1235,1255,1225,1245,10,37991500,47114953500,15740,4961.3,1250,297000,1245,200,20073474600,20073474600,6551982109,4930800,17547600,2000000,2894000000,1
2026-01-09,AKRA,AKR Corporindo Tbk.,--MO1H3TUNS000A112------------,1245,1255,1270,1230,1235,-10,21258800,26421069000,6893,4921.5,1235,27700,1230,1462100,20073474600,20073474600,6551982109,2864200,6865700,0,0,0
2026-01-08,AKRA,AKR Corporindo Tbk.,--MO1H3TUNS000A112------------,1265,1275,1290,1240,1245,-20,25047200,31507115500,14534,4961.3,1250,48800,1245,158200,20073474600,20073474600,6551982109,2507200,14542500,91,116935,1
2026-01-07,AKRA,AKR Corporindo Tbk.,--MO1H3TUNS000A112------------,1285,1300,1300,1255,1265,-20,22245500,28375562000,8538,5041.0,1270,181300,1265,86000,20073474600,20073474600,6551982109,4954600,10491200,20,25300,1
2026-01-06,AKRA,AKR Corporindo Tbk.,--MO1H3TUNS000A112------------,1300,1300,1305,1280,1285,-15,25818500,33365526000,7203,5120.7,1290,12700,1285,201600,20073474600,20073474600,6551982109,7118300,18840900,0,0,0
2026-01-05,AKRA,AKR Corporindo Tbk.,--MO1H3TUNS000A112------------,1280,1300,1315,1290,1300,20,25834000,33516370500,8537,5180.5,1300,1003300,1295,30900,20073474600,20073474600,6551982109,8996700,9856500,89,113030,1
2026-01-02,AKRA,AKR Corporindo Tbk.,--MO1H3TUNS000A112------------,1260,1270,1285,1265,1280,20,9488900,12111849000,3573,5100.8,1285,459300,1280,163500,20073474600,20073474600,6551982109,3954100,3254300,853300,1093930600,1
2025-12-30,AKRA,AKR Corporindo Tbk.,--MO1H3TUNS000A112------------,1250,1255,1285,1255,1260,10,20228300,25698713000,4468,5021.1,1265,55400,1260,177900,20073474600,20073474600,6551982109,3384400,13131700,0,0,0
2025-12-29,AKRA,AKR Corporindo Tbk.,--MO1H3TUNS000A112------------,1250,1250,1265,1240,1250,0,11655600,14567103000,3291,4981.3,1255,110000,1250,18400,20073474600,20073474600,6551982109,1500000,8286600,0,0,0
2025-12-24,AKRA,AKR Corporindo Tbk.,--MO1H3TUNS000A112------------,1250,1255,1265,1235,1250,0,12171000,15159208000,3248,4981.3,1250,175900,1245,3300,20073474600,20073474600,6551982109,8279200,6827800,0,0,0
2025-12-23,AKRA,AKR Corporindo Tbk.,--MO1H3TUNS000A112------------,1240,1240,1255,1240,1250,10,6134700,7656488000,1803,4981.3,1255,748900,1250,110400,20073474600,20073474600,6551982109,1059000,4107900,0,0,0
2025-12-22,AKRA,AKR Corporindo Tbk.,--MO1H3TUNS000A112------------,1230,1235,1245,1225,1240,10,12689000,15669956000,3584,4941.4,1245,164500,1240,8100,20073474600,20073474600,6551982109,2992900,7515200,0,0,0
2025-12-19,AKRA,AKR Corporindo Tbk.,--MO1H3TUNS000A112------------,1235,1235,1250,1230,1230,-5,5983900,7396352000,2444,4901.6,1235,1700,1230,1581600,20073474600,20073474600,6551982109,2841600,3007900,31873,39679290,3
2025-12-18,AKRA,AKR Corporindo Tbk.,--MO1H3TUNS000A112------------,1245,1255,1270,1235,1235,-10,10384500,12924759500,2610,4921.5,1245,10100,1235,28700,20073474600,20073474600,6551982109,3451800,6001400,27955600,34525166000,2
2025-12-17,AKRA,AKR Corporindo Tbk.,--MO1H3TUNS000A112------------,1235,1235,1260,1235,1245,10,7818800,9764790000,2456,4961.3,1250,153400,1245,102300,20073474600,20073474600,6551982109,2163600,4024100,0,0,0
2025-12-16,AKRA,AKR Corporindo Tbk.,--MO1H3TUNS000A112------------,1235,1235,1245,1225,1235,0,5710500,7048403000,2224,4921.5,1235,1000,1230,306400,20073474600,20073474600,6551982109,1887300,1645600,0,0,0
2025-12-15,AKRA,AKR Corporindo Tbk.,--MO1H3TUNS000A112------------,1235,1250,1260,1225,1235,0,10227300,12685453000,3720,4921.5,1240,15300,1235,74500,20073474600,20073474600,6551982109,4024100,4265700,0,0,0
2025-12-12,AKRA,AKR Corporindo Tbk.,--MO1H3TUNS000A112------------,1235,1240,1260,1230,1235,0,7208300,8963717500,2424,4921.5,1240,15200,1235,432300,20073474600,20073474600,6551982109,2837600,2145800,0,0,0
2025-12-11,AKRA,AKR Corporindo Tbk.,--MO1H3TUNS000A112------------,1270,1275,1280,1225,1235,-35,9875600,12295010500,3341,4921.5,1240,199700,1235,23400,20073474600,20073474600,6551982109,4295100,1762500,0,0,0
2025-12-10,AKRA,AKR Corporindo Tbk.,--MO1H3TUNS000A112------------,1235,1250,1275,1240,1270,35,16992600,21436132500,4145,5061.0,1270,181500,1265,131600,20073474600,20073474600,6551982109,9795800,5382700,0,0,0
2025-12-09,AKRA,AKR Corporindo Tbk.,--MO1H3TUNS000A112------------,1285,1285,1285,1230,1235,-50,14379600,17949711500,4845,4921.5,1240,100,1235,874400,20073474600,20073474600,6551982109,6794700,3644700,4954700,6163451400,6
2025-12-08,AKRA,AKR Corporindo Tbk.,--MO1H3TUNS000A112------------,1280,1300,1300,1260,1285,5,18256900,23445544000,4946,5120.7,1285,15300,1280,78700,20073474600,20073474600,6551982109,12814800,5091800,87,111099,1
2025-12-05,AKRA,AKR Corporindo Tbk.,--MO1H3TUNS000A112------------,1315,1305,1310,1270,1280,-35,24373700,31478283500,5936,5100.8,1280,8800,1275,507400,20073474600,20073474600,6551982109,7590500,13498900,2744700,3554386500,1
2025-12-04,AKRA,AKR Corporindo Tbk.,--MO1H3TUNS000A112------------,1235,1230,1320,1225,1315,80,35528300,45663326500,18206,5240.3,1315,318500,1310,8400,20073474600,20073474600,6551982109,6204300,3221100,35200,46464000,35
2025-12-03,AKRA,AKR Corporindo Tbk.,--MO1H3TUNS000A112------------,1240,1240,1245,1225,1235,-5,9012400,11122617500,3339,4921.5,1235,28000,1230,10200,20073474600,20073474600,6551982109,1806400,2811600,0,0,0
2025-12-02,AKRA,AKR Corporindo Tbk.,--MO1H3TUNS000A112------------,1220,1230,1255,1225,1240,20,13000100,16107322500,4422,4941.4,1245,302900,1240,271000,20073474600,20073474600,6551982109,4618300,4759500,6072500,7491176100,28
2025-12-01,AKRA,AKR Corporindo Tbk.,--MO1H3TUNS000A112------------,1240,1250,1250,1220,1220,-20,12547300,15389156000,3473,4861.7,1225,1100,1220,1090100,20073474600,20073474600,6551982109,3191900,4647700,3464186,4256704660,24
2025-11-28,AKRA,AKR Corporindo Tbk.,--MO1S3TUNS000A112------------,1240,1245,1260,1230,1240,0,7621300,9493914000,2204,4941.4,1240,535200,1235,42500,20073474600,20073474600,6551982109,2792100,2901300,0,0,0
2025-11-27,AKRA,AKR Corporindo Tbk.,--MO1S3TUNS000A112------------,1270,1275,1275,1225,1240,-30,18917600,23437996500,4934,4941.4,1245,150000,1240,34500,20073474600,20073474600,6551982109,4085100,1998200,0,0,0
2025-11-26,AKRA,AKR Corporindo Tbk.,--MO1S3TUNS000A112------------,1260,1275,1275,1245,1270,10,6796200,8577361000,2329,5061.0,1270,319700,1265,21800,20073474600,20073474600,6551982109,2253100,829300,189700,238832300,1
2025-11-25,AKRA,AKR Corporindo Tbk.,--MO1S3TUNS000A112------------,1260,1260,1270,1230,1260,0,9304000,11650316000,3371,5021.1,1265,4600,1260,124800,20073474600,20073474600,6551982109,3374000,3232600,0,0,0
2025-11-24,AKRA,AKR Corporindo Tbk.,--MO1S3TUNS000A112------------,1290,1325,1325,1260,1260,-30,21042500,26772541500,5039,5021.1,1265,18300,1260,384000,20073474600,20073474600,6551982109,12548500,4800500,0,0,0
2025-11-22,AKRA,AKR Corporindo Tbk.,--MO1H3TUNS200A112------------,1255,1300,1315,1235,1260,5,39440500,49984628000,11156,5021.1,1265,22200,1260,900,20073474600,20073474600,6551982109,22458000,6576900,0,0,0
2025-11-21,AKRA,AKR Corporindo Tbk.,--MO1S3TUNS000A112------------,1275,1280,1300,1275,1290,15,10733100,13811445000,2881,5140.7,1290,348200,1285,32500,20073474600,20073474600,6551982109,3929400,2374500,2746000,3789480000,1
2025-11-20,AKRA,AKR Corporindo Tbk.,--MO1S3TUNS000A112------------,1340,1345,1355,1265,1275,-65,38891400,50754707500,10786,5080.9,1280,83400,1275,218600,20073474600,20073474600,6551982109,10691300,9901600,0,0,0
2025-11-19,AKRA,AKR Corporindo Tbk.,--MO1S3TUNS000A112------------,1345,1345,1355,1305,1340,-5,35019100,46838053000,10291,5339.9,1340,98200,1335,251500,20073474600,20073474600,6551982109,9883000,4582200,96,129120,1
2025-11-18,AKRA,AKR Corporindo Tbk.,--MO1S3TUNS000A112------------,1275,1275,1360,1260,1345,70,82461500,109144792500,16861,5359.8,1345,2062300,1340,62900,20073474600,20073474600,6551982109,26035400,18568000,0,0,0
2025-11-17,AKRA,AKR Corporindo Tbk.,--MO1S3TUNS000A112------------,1230,1230,1430,1220,1275,45,32981600,42939786500,6630,5080.9,1275,214400,1270,45400,20073474600,20073474600,6551982109,5082100,5947500,0,0,0
2025-11-14,AKRA,AKR Corporindo Tbk.,--MO1S3TUNS000A112------------,1240,1245,1250,1220,1230,-10,9916900,12222613000,2113,4901.6,1235,19100,1230,11200,20073474600,20073474600,6551982109,2842100,4053100,0,0,0
2025-11-13,AKRA,AKR Corporindo Tbk.,--MO1S3TUNS000A112------------,1255,1255,1255,1235,1240,-15,6951900,8653361500,2901,4941.4,1245,12800,1240,408600,20073474600,20073474600,6551982109,3424200,4108300,0,0,0
2025-11-12,AKRA,AKR Corporindo Tbk.,--MO1S3TUNS000A112------------,1225,1225,1260,1225,1255,30,16520200,20587554000,4332,5001.2,1255,122000,1250,153400,20073474600,20073474600,6551982109,2274200,9427800,10635,13358875,3
2025-11-11,AKRA,AKR Corporindo Tbk.,--MO1S3TUNS000A112------------,1210,1220,1240,1210,1225,15,13260000,16323174000,3857,4881.6,1225,31900,1220,144400,20073474600,20073474600,6551982109,3995100,10878800,0,0,0
2025-11-10,AKRA,AKR Corporindo Tbk.,--MO1S3TUNS000A112------------,1250,1250,1250,1210,1210,-40,19988600,24406534000,4531,4821.9,1215,20000,1210,1290600,20073474600,20073474600,6551982109,7862000,4932900,0,0,0
2025-11-07,AKRA,AKR Corporindo Tbk.,--MO1S3TUNS000A112------------,1245,1250,1255,1235,1250,5,9832800,12218333500,2565,4981.3,1250,192700,1245,13900,20073474600,20073474600,6551982109,3654800,2585100,0,0,0
2025-11-06,AKRA,AKR Corporindo Tbk.,--MO1S3TUNS000A112------------,1235,1235,1260,1230,1245,10,16070600,20045632500,5923,4961.3,1250,369600,1245,100,20073474600,20073474600,6551982109,4642000,6784000,0,0,0
2025-11-05,AKRA,AKR Corporindo Tbk.,--MO1S3TUNS000A112------------,1270,1270,1270,1220,1235,-35,36271600,44913405500,10084,4921.5,1240,45300,1235,531500,20073474600,20073474600,6551982109,18123500,6065800,12,15240,1
2025-11-04,AKRA,AKR Corporindo Tbk.,--MO1S3TUNS000A112------------,1250,1255,1270,1240,1270,20,30699300,38704802500,10163,5061.0,1270,418100,1265,1700,20073474600,20073474600,6551982109,14697700,9866100,211686,266090580,5
2025-11-03,AKRA,AKR Corporindo Tbk.,--MO1S3TUNS000A112------------,1220,1220,1270,1215,1250,30,50402400,63224236000,12038,4981.3,1255,7100,1250,453500,20073474600,20073474600,6551982109,11681100,22617100,238035,291619880,8
2025-10-31,AKRA,AKR Corporindo Tbk.,--MO1XDTUNS000A112------------,1205,1205,1235,1200,1220,15,44720900,54568448500,15342,4861.7,1225,106900,1220,156800,20073474600,20073474600,6551982109,8686300,24516100,206,250620,4
2025-10-30,AKRA,AKR Corporindo Tbk.,--MO1XDTUNS000A112------------,1220,1220,1250,1200,1205,-15,49401600,60147640500,9284,4801.9,1210,843000,1205,181000,20073474600,20073474600,6551982109,10204200,27072700,22823533,27470816623,32
2025-10-29,AKRA,AKR Corporindo Tbk.,--MO1XDTUNS000A112------------,1210,1200,1240,1200,1220,10,41887600,51002268500,12852,4861.7,1225,130800,1220,10700,20073474600,20073474600,6551982109,18433700,19010400,322400,390104000,1
2025-10-28,AKRA,AKR Corporindo Tbk.,--MO1XDTUNS000A112------------,1215,1230,1230,1190,1210,-5,27306900,33095024500,4811,4821.9,1210,13000,1205,430500,20073474600,20073474600,6551982109,19590500,12423500,358200,439869600,1
2025-10-27,AKRA,AKR Corporindo Tbk.,--MO1XDTUNS000A112------------,1210,1230,1260,1210,1215,5,70441000,86639836500,12063,4841.8,1225,2500,1215,844300,20073474600,20073474600,6551982109,35317400,41101200,398086,482879850,3
2025-10-24,AKRA,AKR Corporindo Tbk.,--MO1XDTUNS000A112------------,1115,1150,1235,1150,1210,95,124769100,150494513500,21136,4821.9,1215,133400,1210,335900,20073474600,20073474600,6551982109,31612200,59770900,1726100,2055220300,16
2025-10-23,AKRA,AKR Corporindo Tbk.,--MO1XDTUNS000A112------------,1095,1105,1130,1095,1115,20,23455400,26234988000,4193,4443.3,1120,84700,1115,1604800,20073474600,20073474600,6551982109,7267900,9950000,891300,987821300,3
2025-10-22,AKRA,AKR Corporindo Tbk.,--MO1XDTUNS000A112------------,1130,1135,1145,1095,1095,-35,21046600,23296396500,5921,4363.6,1100,14800,1095,676700,20073474600,20073474600,6551982109,8138000,4573200,545900,619050600,1
2025-10-21,AKRA,AKR Corporindo Tbk.,--MO1XDTUNS000A112------------,1090,1090,1140,1090,1130,40,35361500,39546148500,10349,4503.1,1130,9700,1125,219600,20073474600,20073474600,6551982109,8242100,18416800,5366630,6010251400,29
2025-10-20,AKRA,AKR Corporindo Tbk.,--MO1XDTUNS000A112------------,1070,1075,1100,1075,1090,20,8629500,9394446500,3138,4343.7,1090,969000,1085,495800,20073474600,20073474600,6551982109,2656400,3752900,674000,723202000,1
2025-10-17,AKRA,AKR Corporindo Tbk.,--MO1XDTUNS000A112------------,1085,1085,1090,1065,1070,-15,10922600,11738858500,3153,4264.0,1075,125900,1070,194200,20073474600,20073474600,6551982109,5773500,3693000,748900,807314200,1
2025-10-16,AKRA,AKR Corporindo Tbk.,--MO1XDTUNS000A112------------,1065,1100,1110,1070,1085,20,30891200,33798529500,5625,4323.7,1090,7700,1085,5400,20073474600,20073474600,6551982109,6579400,21977800,832355,900605545,5
2025-10-15,AKRA,AKR Corporindo Tbk.,--MO1XDTUNS000A112------------,1075,1090,1100,1065,1065,-10,101285100,108281188500,6284,4244.0,1075,2500,1065,9045700,20073474600,20073474600,6551982109,88395000,89990500,2622211,2797123715,5
2025-10-14,AKRA,AKR Corporindo Tbk.,--MO1XDTUNS000A112------------,1090,1090,1105,1065,1075,-15,31616400,34293886500,8161,4283.9,1080,71100,1075,163700,20073474600,20073474600,6551982109,3934900,16562600,1173900,1276029300,1
2025-10-13,AKRA,AKR Corporindo Tbk.,--MO1XDTUNS000A112------------,1105,1100,1110,1085,1090,-15,23584400,25831329000,6877,4343.7,1090,77300,1085,697200,20073474600,20073474600,6551982109,1101000,5957700,1141500,1262499000,1
2025-10-10,AKRA,AKR Corporindo Tbk.,--MO1XDTUNS000A112------------,1130,1120,1130,1105,1105,-25,14320900,15929278500,7110,4403.4,1110,5400,1105,961500,20073474600,20073474600,6551982109,2844400,722400,3742300,4978006800,2
2025-10-09,AKRA,AKR Corporindo Tbk.,--MO1XDTUNS000A112------------,1125,1130,1140,1110,1130,5,13713100,15387586000,6081,4503.1,1130,1203600,1120,46900,20073474600,20073474600,6551982109,2783200,3807600,0,0,0
2025-10-08,AKRA,AKR Corporindo Tbk.,--MO1XDTUNS000A112------------,1130,1130,1150,1120,1125,-5,15336000,17309726000,7574,4483.1,1130,15000,1125,365600,20073474600,20073474600,6551982109,6640300,6070300,0,0,0
2025-10-07,AKRA,AKR Corporindo Tbk.,--MO1XDTUNS000A112------------,1115,1125,1145,1115,1130,15,26040700,29380828500,6277,4503.1,1130,558400,1125,13200,20073474600,20073474600,6551982109,4460500,13126200,0,0,0
2025-10-06,AKRA,AKR Corporindo Tbk.,--MO1XDTUNS000A112------------,1135,1135,1145,1115,1115,-20,19125000,21543119500,4627,4443.3,1125,246500,1115,1396400,20073474600,20073474600,6551982109,4459100,8338700,0,0,0
2025-10-03,AKRA,AKR Corporindo Tbk.,--MO1XDTUNS000A112------------,1115,1115,1150,1115,1135,20,15598700,17675934500,5338,4523.0,1140,248600,1135,30900,20073474600,20073474600,6551982109,4136700,4390600,0,0,0
2025-10-02,AKRA,AKR Corporindo Tbk.,--MO1XDTUNS000A112------------,1135,1140,1155,1115,1115,-20,29380300,33264347500,7515,4443.3,1125,3400,1115,289400,20073474600,20073474600,6551982109,7181700,5702000,0,0,0
2025-10-01,AKRA,AKR Corporindo Tbk.,--MO1XDTUNS000A112------------,1210,1225,1225,1130,1135,-75,48348900,56353851500,14467,4523.0,1140,82800,1135,360300,20073474600,20073474600,6551982109,19693800,3363700,500,577500,1
2025-09-30,AKRA,AKR Corporindo Tbk.,--MO1XDTUNS000A112------------,1215,1215,1225,1205,1210,-5,12765000,15480449000,5273,4821.9,1215,4000,1210,512900,20073474600,20073474600,6533915982,4841200,6497600,0,0,0
2025-09-29,AKRA,AKR Corporindo Tbk.,--MO1XDTUNS000A112------------,1235,1245,1250,1205,1215,-20,15003300,18418912500,5750,4841.8,1220,24800,1215,168600,20073474600,20073474600,6533915982,4524900,6620400,0,0,0
2025-09-26,AKRA,AKR Corporindo Tbk.,--MO1XDTUNS000A112------------,1220,1230,1235,1205,1235,15,13158100,16077901000,4039,4921.5,1235,421400,1230,1100,20073474600,20073474600,6533915982,6721000,6482800,705200,863870000,5
2025-09-25,AKRA,AKR Corporindo Tbk.,--MO1XDTUNS000A112------------,1210,1220,1250,1210,1220,10,28450800,34944805000,6810,4861.7,1225,42100,1220,96400,20073474600,20073474600,6533915982,5050100,15461000,0,0,0
2025-09-24,AKRA,AKR Corporindo Tbk.,--MO1XDTUNS000A112------------,1210,1215,1220,1205,1210,0,16063200,19469080000,3370,4821.9,1210,105500,1205,922100,20073474600,20073474600,6533915982,2872700,5903000,2349500,2847534000,4
2025-09-23,AKRA,AKR Corporindo Tbk.,--MO1XDTUNS000A112------------,1200,1205,1220,1195,1210,10,16056000,19407556000,3923,4821.9,1215,894800,1210,646500,20073474600,20073474600,6533915982,4783300,7154300,275000,332475000,4
2025-09-22,AKRA,AKR Corporindo Tbk.,--MO1XDTUNS000A112------------,1225,1220,1230,1195,1200,-25,20733300,24994766500,7637,4782.0,1205,141100,1200,508500,20073474600,20073474600,6533915982,13111400,8555200,3221000,3885595300,7
2025-09-19,AKRA,AKR Corporindo Tbk.,--MO1XDTUNS000A112------------,1240,1240,1245,1205,1225,-15,11234400,13662491500,4719,4881.6,1225,136600,1220,4500,20073474600,20073474600,6533915982,5259800,4828100,2017500,2470941500,2
2025-09-18,AKRA,AKR Corporindo Tbk.,--MO1XDTUNS000A112------------,1245,1250,1250,1230,1240,-5,9346300,11562559000,3808,4941.4,1240,31700,1235,64300,20073474600,20073474600,6533915982,3311700,4798700,0,0,0
2025-09-17,AKRA,AKR Corporindo Tbk.,--MO1XDTUNS000A112------------,1240,1255,1260,1235,1245,5,16849100,20988059500,5005,4961.3,1245,166600,1240,25500,20073474600,20073474600,6533915982,4972000,6719500,450091,553613295,2
2025-09-16,AKRA,AKR Corporindo Tbk.,--MO1XDTUNS000A112------------,1200,1205,1260,1195,1240,40,39184100,48254640000,8753,4941.4,1245,1084000,1240,108400,20073474600,20073474600,6533915982,6483700,23546700,1026500,1272199650,6
2025-09-15,AKRA,AKR Corporindo Tbk.,--MO1XDTUNS000A112------------,1205,1210,1220,1195,1200,-5,16661800,20043160000,6958,4782.0,1205,16300,1200,196100,20073474600,20073474600,6533915982,5175800,5863800,0,0,0
2025-09-12,AKRA,AKR Corporindo Tbk.,--MO1XDTUNS000A112------------,1220,1230,1230,1205,1205,-15,10286500,12481493500,3658,4801.9,1210,5200,1205,1135300,20073474600,20073474600,6533915982,5894100,3251400,0,0,0
2025-09-11,AKRA,AKR Corporindo Tbk.,--MO1XDTUNS000A112------------,1230,1250,1250,1220,1220,-10,9479600,11658903500,3867,4861.7,1225,10700,1220,376300,20073474600,20073474600,6533915982,6017200,4203600,0,0,0
2025-09-10,AKRA,AKR Corporindo Tbk.,--MO1XDTUNS000A112------------,1220,1220,1235,1200,1230,10,9468200,11559800000,3631,4901.6,1235,305400,1230,130900,20073474600,20073474600,6533915982,5412600,4375800,0,0,0
2025-09-09,AKRA,AKR Corporindo Tbk.,--MO1XDTUNS000A112------------,1220,1220,1235,1200,1220,0,9571700,11594883500,3328,4861.7,1220,260000,1215,5000,20073474600,20073474600,6533915982,4668700,5772500,0,0,0
2025-09-08,AKRA,AKR Corporindo Tbk.,--MO1XDTUNS000A112------------,1230,1235,1245,1215,1220,-10,16725500,20558305500,3847,4861.7,1225,6900,1220,972700,20073474600,20073474600,6533915982,6161700,10939000,0,0,0
2025-09-04,AKRA,AKR Corporindo Tbk.,--MO1XDTUNS000A112------------,1235,1240,1255,1215,1230,-5,18458100,22882280500,5191,4901.6,1230,112400,1225,48000,20073474600,20073474600,6533915982,2521200,9809800,0,0,0
2025-09-03,AKRA,AKR Corporindo Tbk.,--MO1XDTUNS000A112------------,1200,1210,1240,1205,1235,35,20502900,25181301000,4534,4921.5,1240,840900,1235,131000,20073474600,20073474600,6533915982,5648200,12365700,0,0,0
2025-09-02,AKRA,AKR Corporindo Tbk.,--MO1XDTUNS000A112------------,1190,1195,1210,1190,1200,10,13499000,16178784500,3557,4782.0,1200,135500,1195,699500,20073474600,20073474600,6533915982,5329900,6644800,24000,28580000,3
2025-09-01,AKRA,AKR Corporindo Tbk.,--MO1XDTUNS000A112------------,1195,1150,1200,1135,1190,-5,25919200,30655824000,8203,4742.2,1190,19100,1185,1200,20073474600,20073474600,6533915982,8644300,17850500,68,78200,1
2025-08-29,AKRA,AKR Corporindo Tbk.,--MO1XDTUNS000A112------------,1225,1220,1220,1175,1195,-30,25836300,30897259500,6329,4762.1,1200,149900,1195,32100,20073474600,20073474600,6533915982,14978200,9166600,3000,3540000,1
2025-08-28,AKRA,AKR Corporindo Tbk.,--MO1XDTUNS000A112------------,1215,1215,1230,1200,1225,10,29688600,36094767500,12430,4881.6,1225,260700,1220,104100,20073474600,20073474600,6533915982,12627000,21333900,0,0,0
2025-08-27,AKRA,AKR Corporindo Tbk.,--MO1XDTUNS000A112------------,1225,1225,1230,1200,1215,-10,21191100,25618265000,8397,4841.8,1215,283200,1210,42600,20073474600,20073474600,6533915982,13217300,7100900,0,0,0
2025-08-26,AKRA,AKR Corporindo Tbk.,XDMO1XDTUNS000A112------------,1250,1260,1270,1225,1225,-25,22037000,27151888500,4018,4881.6,1225,43100,1220,1031600,20073474600,20073474600,6533915982,20111400,13607600,0,0,0
2025-08-25,AKRA,AKR Corporindo Tbk.,XDMO1XDTUNS000A112------------,1230,1250,1260,1235,1250,20,19749600,24703541500,5451,4981.3,1255,630600,1250,225600,20073474600,20073474600,6533915982,7133700,14713300,0,0,0
2025-08-22,AKRA,AKR Corporindo Tbk.,XDMO1XDTUNS000A112------------,1225,1235,1245,1220,1230,5,12616000,15560499500,4087,4901.6,1235,44500,1230,89500,20073474600,20073474600,6533915982,3652900,6464200,100,123000,1
2025-08-21,AKRA,AKR Corporindo Tbk.,XDMO1XDTUNS000A112------------,1230,1230,1255,1220,1225,-5,19274600,23821920000,4198,4881.6,1225,157300,1220,471900,20073474600,20073474600,6533915982,4532400,9265700,68,83640,1
2025-08-20,AKRA,AKR Corporindo Tbk.,XDMO1XDTUNS000A112------------,1220,1215,1235,1195,1230,10,43491000,52780950500,12887,4901.6,1235,16900,1230,428500,20073474600,20073474600,6533915982,29326000,22650400,74,89910,1
2025-08-19,AKRA,AKR Corporindo Tbk.,XDMO1XDTUNS000A112------------,1260,1260,1260,1210,1220,-40,32554500,40049072000,8002,4861.7,1225,4200,1220,627200,20073474600,20073474600,6533915982,24307100,10446900,87,109620,1
2025-08-15,AKRA,AKR Corporindo Tbk.,XDMO1XDTUNS000A112------------,1255,1255,1300,1255,1260,5,36936400,47228254500,8371,5021.1,1265,39400,1260,164300,20073474600,20073474600,6533915982,3947900,23270300,4261074,5423195870,4
2025-08-14,AKRA,AKR Corporindo Tbk.,XDMO1XDTUNS000A112------------,1280,1280,1280,1255,1255,-25,13887400,17527029000,4576,5001.2,1260,8800,1255,90100,20073474600,20073474600,6533915982,3870200,3352500,218,279040,3
2025-08-13,AKRA,AKR Corporindo Tbk.,XDMO1XDTUNS000A112------------,1260,1285,1285,1255,1280,20,12972700,16518332500,4636,5100.8,1280,25600,1275,357000,20073474600,20073474600,6533915982,1232400,6662000,144814,186204890,4
2025-08-12,AKRA,AKR Corporindo Tbk.,XDMO1XDTUNS000A112------------,1285,1285,1290,1260,1260,-25,15845200,20097245500,7132,5021.1,1260,66600,1255,716500,20073474600,20073474600,6533915982,2497300,5339300,7092,9008220,4
2025-08-11,AKRA,AKR Corporindo Tbk.,XDMO1XDTUNS000A112------------,1305,1305,1310,1280,1285,-20,7210100,9316648500,3585,5120.7,1290,35400,1285,43000,20073474600,20073474600,6533915982,3009200,2113800,0,0,0
2025-08-08,AKRA,AKR Corporindo Tbk.,XDMO1XDTUNS000A112------------,1305,1310,1310,1265,1305,0,11756500,15227161000,2661,5200.4,1305,354800,1300,40300,20073474600,20073474600,6533915982,5998000,2567700,0,0,0
2025-08-07,AKRA,AKR Corporindo Tbk.,--MO1XDTUNS000A112------------,1270,1275,1315,1265,1305,35,29576100,38333290500,6363,5200.4,1310,520200,1305,61700,20073474600,20073474600,6533915982,3446200,7469700,48,61440,2
2025-08-06,AKRA,AKR Corporindo Tbk.,--MO1XDTUNS000A112------------,1315,1265,1280,1255,1270,-45,24092200,30566372500,7157,5061.0,1275,239900,1270,639000,20073474600,20073474600,6533915982,3978600,4407000,0,0,0
2025-08-05,AKRA,AKR Corporindo Tbk.,CDMO1XDTUNS000A112------------,1295,1310,1340,1300,1315,20,41352100,54445533500,9846,5240.3,1320,338100,1315,211400,20073474600,20073474600,6533915982,5125000,22280700,0,0,0
2025-08-04,AKRA,AKR Corporindo Tbk.,CDMO1XDTUNS000A112------------,1325,1335,1335,1290,1295,-30,34302800,44719348500,11873,5160.6,1300,5000,1295,258300,20073474600,20073474600,6533915982,9301500,20179400,818000,1083850000,1
2025-08-01,AKRA,AKR Corporindo Tbk.,CDMO1XDTUNS000A112------------,1340,1345,1350,1320,1325,-15,21339200,28413296500,6431,5280.1,1330,321700,1325,48500,20073474600,20073474600,6533915982,7190300,7997000,46950331,23428492210,64
2025-07-31,AKRA,AKR Corporindo Tbk.,CDMO1XDTUNS000A112------------,1325,1330,1345,1315,1340,15,34690600,46323880500,5140,5339.9,1345,1559300,1340,985300,20073474600,20073474600,6533915982,12170900,25463200,28,37520,1
2025-07-30,AKRA,AKR Corporindo Tbk.,CDMO1XDTUNS000A112------------,1345,1345,1350,1310,1325,-20,25241900,33433500500,10609,5280.1,1325,176900,1320,43400,20073474600,20073474600,6533915982,7387100,10284400,4000,5300000,1
2025-07-29,AKRA,AKR Corporindo Tbk.,CDMO1XDTUNS000A112------------,1320,1330,1365,1320,1345,25,68257700,91464170000,15169,5359.8,1345,346900,1340,98700,20073474600,20073474600,6533915982,13920200,31001600,0,0,0
2025-07-28,AKRA,AKR Corporindo Tbk.,--MO1XDTUNS000A112------------,1240,1250,1330,1240,1320,80,59236400,77332560500,17560,5260.2,1320,224100,1315,83600,20073474600,20073474600,6533915982,17212700,24783800,150000,205800000,1
2025-07-25,AKRA,AKR Corporindo Tbk.,--MO1XDTUNS000A112------------,1240,1250,1250,1220,1240,0,10994500,13569413000,3698,4941.4,1240,106100,1235,59800,20073474600,20073474600,6533915982,1853500,7852500,0,0,0
2025-07-24,AKRA,AKR Corporindo Tbk.,--MO1XDTUNS000A112------------,1260,1260,1270,1105,1240,-20,49255900,59824275000,7877,4941.4,1240,5800,1235,110900,20073474600,20073474600,6533915982,10026300,21638700,0,0,0
2025-07-23,AKRA,AKR Corporindo Tbk.,--MO1XDTUNS000A112------------,1220,1220,1260,1220,1260,40,20850200,25960780000,4551,5021.1,1265,639800,1260,424100,20073474600,20073474600,6533915982,4612600,7130100,11504300,14327332000,36
2025-07-22,AKRA,AKR Corporindo Tbk.,--MO1XDTUNS000A112------------,1215,1220,1235,1215,1220,5,11997100,14676312500,2952,4861.7,1225,98800,1220,520700,20073474600,20073474600,6533915982,1438100,6675000,5000147,6115180326,11
2025-07-21,AKRA,AKR Corporindo Tbk.,--MO1XDTUNS000A112------------,1190,1210,1215,1200,1215,25,11720600,14191674500,2849,4841.8,1215,101400,1210,26900,20073474600,20073474600,6533915982,4403500,7272800,0,0,0
2025-07-18,AKRA,AKR Corporindo Tbk.,--MO1XDTUNS000A112------------,1215,1215,1215,1185,1190,-25,19848100,23765161000,5550,4742.2,1195,5200,1190,820100,20073474600,20073474600,6533915982,14051600,6363000,0,0,0
2025-07-17,AKRA,AKR Corporindo Tbk.,--MO1XDTUNS000A112------------,1220,1220,1225,1200,1215,-5,7532800,9136943500,2839,4841.8,1215,17200,1210,271200,20073474600,20073474600,6533915982,4649800,1618000,0,0,0
2025-07-16,AKRA,AKR Corporindo Tbk.,--MO1XDTUNS000A112------------,1240,1260,1265,1205,1220,-20,18628400,22995251500,6961,4861.7,1225,818700,1220,62500,20073474600,20073474600,6533915982,12724900,2012100,0,0,0
2025-07-15,AKRA,AKR Corporindo Tbk.,--MO1XDTUNS000A112------------,1215,1220,1255,1215,1240,25,17562800,21761087000,4718,4941.4,1245,13600,1240,7100,20073474600,20073474600,6533915982,8097300,7823100,0,0,0
2025-07-14,AKRA,AKR Corporindo Tbk.,--MO1XDTUNS000A112------------,1190,1200,1230,1195,1215,25,22878900,27701236500,5900,4841.8,1215,1404200,1210,354000,20073474600,20073474600,6533915982,8250300,11154500,0,0,0
2025-07-11,AKRA,AKR Corporindo Tbk.,--MO1XDTUNS000A112------------,1170,1170,1200,1170,1190,20,17852600,21214571000,3377,4742.2,1190,11100,1185,137600,20073474600,20073474600,6533915982,7483600,7836500,2500078,2975092508,9
2025-07-10,AKRA,AKR Corporindo Tbk.,--MO1XDTUNS000A112------------,1155,1160,1180,1155,1170,15,10611900,12433503000,2108,4662.5,1170,1200,1165,442400,20073474600,20073474600,6533915982,7155600,7983100,0,0,0
2025-07-09,AKRA,AKR Corporindo Tbk.,--MO1XDTUNS000A112------------,1160,1160,1175,1155,1155,-5,8542000,9927145500,3944,4602.7,1160,108900,1155,891100,20073474600,20073474600,6533915982,4997200,3640800,11560743,13433583205,5
2025-07-08,AKRA,AKR Corporindo Tbk.,--MO1XDTUNS000A112------------,1170,1175,1190,1160,1160,-10,12607700,14771768500,4315,4622.6,1165,2500,1160,334100,20073474600,20073474600,6533915982,7207100,4603500,878700,1028079000,1
2025-07-07,AKRA,AKR Corporindo Tbk.,--MO1XDTUNS000A112------------,1190,1190,1190,1130,1170,-20,17320400,20012608500,5012,4662.5,1170,344800,1165,55400,20073474600,20073474600,6533915982,4818400,6934100,0,0,0
2025-07-04,AKRA,AKR Corporindo Tbk.,--MO1XDTUNS000A112------------,1180,1180,1200,1170,1190,10,3302500,3894331500,2272,4742.2,1190,177200,1185,400,20073474600,20073474600,6533915982,1289800,2126900,0,0,0
2025-07-03,AKRA,AKR Corporindo Tbk.,--MO1XDTUNS000A112------------,1165,1180,1190,1160,1180,15,27687500,32515488500,4956,4702.3,1185,68200,1180,35400,20073474600,20073474600,6533915982,19144500,5152600,2000034,2344040120,2
2025-07-02,AKRA,AKR Corporindo Tbk.,--MO1XDTUNS000A112------------,1170,1180,1185,1160,1165,-5,7495700,8747510000,2944,4642.5,1165,14600,1160,29800,20073474600,20073474600,6533915982,4705100,3345300,0,0,0
2025-07-01,AKRA,AKR Corporindo Tbk.,--MO1XDTUNS000A112------------,1160,1175,1185,1160,1170,10,6450400,7551610500,2057,4662.5,1170,671200,1165,149100,20073474600,20073474600,6533915982,2183400,1534900,204000,236680000,3
2025-06-30,AKRA,AKR Corporindo Tbk.,--MO1XDTUNS000A112------------,1190,1200,1210,1160,1160,-30,14031500,16513066000,4526,4622.6,1170,4100,1160,94000,20073474600,20073474600,6549974762,6839000,5719000,138,165468,3
2025-06-26,AKRA,AKR Corporindo Tbk.,--MO1XDTUNS000A112------------,1155,1155,1195,1150,1190,35,13652800,16001182000,4064,4742.2,1195,94700,1190,10700,20073474600,20073474600,6549974762,7040900,4898700,20,23400,1
2025-06-25,AKRA,AKR Corporindo Tbk.,--MO1XDTUNS000A112------------,1210,1230,1235,1155,1155,-55,29321300,34942283000,6565,4602.7,1160,27300,1155,134400,20073474600,20073474600,6549974762,15498100,17768600,200,236000,1
2025-06-24,AKRA,AKR Corporindo Tbk.,--MO1XDTUNS000A112------------,1260,1200,1255,1200,1210,-50,30056900,36707809500,7540,4821.9,1215,91700,1210,765600,20073474600,20073474600,6549974762,20033800,4737000,673400,882154000,5
2025-06-23,AKRA,AKR Corporindo Tbk.,--MO1XDTUNS000A112------------,1215,1250,1305,1250,1260,45,63994800,81468133000,8886,5021.1,1260,178000,1255,283500,20073474600,20073474600,6549974762,36735400,14905700,6047220,7696318300,7
2025-06-20,AKRA,AKR Corporindo Tbk.,--MO1XDTUNS000A112------------,1275,1270,1275,1215,1215,-60,74805100,91656792500,4399,4841.8,1230,45200,1215,10800,20073474600,20073474600,6549974762,59638800,46347200,82,99630,1
2025-06-19,AKRA,AKR Corporindo Tbk.,--MO1XDTUNS000A112------------,1305,1325,1325,1255,1275,-30,25798500,32899028500,4386,5080.9,1280,90000,1275,491400,20073474600,20073474600,6549974762,14315400,6699300,8242000,10463766000,6
2025-06-18,AKRA,AKR Corporindo Tbk.,--MO1XDTUNS000A112------------,1295,1315,1345,1300,1305,10,29404400,38692431500,4918,5200.4,1310,10000,1305,271300,20073474600,20073474600,6549974762,15472700,6393300,6322600,8323204400,5
2025-06-17,AKRA,AKR Corporindo Tbk.,--MO1XDTUNS000A112------------,1280,1280,1295,1260,1295,15,14556900,18550665000,4488,5160.6,1295,394800,1280,1800,20073474600,20073474600,6549974762,7254800,7265100,56,72520,1
2025-06-16,AKRA,AKR Corporindo Tbk.,--MO1XDTUNS000A112------------,1315,1345,1370,1275,1280,-35,37928300,50273014000,9761,5100.8,1280,140700,1275,545200,20073474600,20073474600,6549974762,17779200,3752200,56,71680,1
2025-06-13,AKRA,AKR Corporindo Tbk.,--MO1XDTUNS000A112------------,1285,1315,1350,1315,1315,30,40347700,53650387500,9034,5240.3,1315,12400,1310,602800,20073474600,20073474600,6549974762,15605900,7378700,1467000,1951110000,1
2025-06-12,AKRA,AKR Corporindo Tbk.,--MO1XDTUNS000A112------------,1250,1270,1300,1265,1285,35,30722400,39461607500,7299,5120.7,1285,115100,1280,159300,20073474600,20073474600,6549974762,16513000,7884700,0,0,0
2025-06-11,AKRA,AKR Corporindo Tbk.,--MO1XDTUNS000A112------------,1220,1220,1250,1215,1250,30,19813000,24444721000,4863,4981.3,1250,705300,1245,13700,20073474600,20073474600,6549974762,7755700,10066900,463100,575170200,5
2025-06-10,AKRA,AKR Corporindo Tbk.,--MO1XDTUNS000A112------------,1210,1210,1255,1200,1220,10,42485200,51869137500,7570,4861.7,1220,100,1215,71900,20073474600,20073474600,6549974762,21350400,15887600,25027500,30674819900,40
2025-06-05,AKRA,AKR Corporindo Tbk.,--MO1XDTUNS000A112------------,1235,1230,1235,1200,1210,-25,13396700,16277915000,3571,4821.9,1210,364600,1205,263600,20073474600,20073474600,6549974762,6415800,7035700,255600,312574000,2
2025-06-04,AKRA,AKR Corporindo Tbk.,--MO1XDTUNS000A112------------,1265,1265,1270,1235,1235,-30,16382100,20370480000,3866,4921.5,1240,16700,1235,49800,20073474600,20073474600,6549974762,12028600,2226800,0,0,0
2025-06-03,AKRA,AKR Corporindo Tbk.,--MO1XDTUNS000A112------------,1235,1245,1265,1215,1265,30,22336000,27884193500,4407,5041.0,1270,161300,1265,696100,20073474600,20073474600,6549974762,11782000,2637100,64,80960,1
2025-06-02,AKRA,AKR Corporindo Tbk.,XDMO1XDTUNS000A112------------,1275,1275,1280,1205,1235,-40,18308900,22504449000,7110,4921.5,1235,663600,1230,28100,20073474600,20073474600,6549974762,8560600,4457100,59,73160,1
2025-05-28,AKRA,AKR Corporindo Tbk.,XDMO1XDTUNS000A112------------,1290,1300,1305,1275,1275,-15,19460200,25042047500,4018,5080.9,1285,13700,1275,932900,20073474600,20073474600,6549974762,10793600,12691800,0,0,0
2025-05-27,AKRA,AKR Corporindo Tbk.,XDMO1XDTUNS000A112------------,1295,1305,1305,1285,1290,-5,9273300,11981364500,2826,5140.7,1295,15800,1290,68900,20073474600,20073474600,6549974762,4567400,4758400,0,0,0
2025-05-26,AKRA,AKR Corporindo Tbk.,XDMO1XDTUNS000A112------------,1300,1315,1315,1270,1295,-5,16582300,21312325000,3898,5160.6,1300,57400,1295,10100,20073474600,20073474600,6549974762,3731800,8320000,0,0,0
2025-05-23,AKRA,AKR Corporindo Tbk.,XDMO1XDTUNS000A112------------,1340,1355,1360,1300,1300,-40,24634700,32444396500,4275,5180.5,1305,7700,1300,385200,20073474600,20073474600,6549974762,6813500,2521400,5841300,7821500700,3
2025-05-22,AKRA,AKR Corporindo Tbk.,XDMO1XDTUNS000A112------------,1375,1375,1380,1245,1340,-35,44031200,58445074000,7403,5339.9,1345,103300,1340,99600,20073474600,20073474600,6549974762,22384000,5907200,9557800,12798992300,5
2025-05-21,AKRA,AKR Corporindo Tbk.,XDMO1XDTUNS000A112------------,1270,1280,1375,1275,1375,105,79062900,104822686500,8476,5479.4,1380,304400,1375,599000,20073474600,20073474600,6549974762,11138900,23940300,169,221013,3
2025-05-20,AKRA,AKR Corporindo Tbk.,XDMO1XDTUNS000A112------------,1270,1270,1300,1265,1270,0,11316900,14510913500,2658,5061.0,1275,148000,1270,11100,20073474600,20073474600,6549974762,3254600,3558300,0,0,0
2025-05-19,AKRA,AKR Corporindo Tbk.,XDMO1XDTUNS000A112------------,1275,1280,1305,1265,1270,-5,29643700,37984390000,3633,5061.0,1275,52100,1270,106700,20073474600,20073474600,6549974762,6568000,2176700,86,109435,2
2025-05-16,AKRA,AKR Corporindo Tbk.,XDMO1XDTUNS000A112------------,1250,1265,1285,1245,1275,25,16234900,20638036000,3075,5080.9,1280,114300,1275,71400,20073474600,20073474600,6549974762,2492800,5277000,42169,53595770,3
2025-05-15,AKRA,AKR Corporindo Tbk.,XDMO1XDTUNS000A112------------,1255,1265,1265,1245,1250,-5,6869900,8598971000,2071,4981.3,1255,1150100,1250,142500,20073474600,20073474600,6549974762,2588300,2271100,790000,987500000,1
2025-05-14,AKRA,AKR Corporindo Tbk.,XDMO1XDTUNS000A112------------,1245,1245,1290,1245,1255,10,12681700,16036919500,3120,5001.2,1260,37700,1255,1181400,20073474600,20073474600,6549974762,1792000,7753100,87600,110551200,5
2025-05-09,AKRA,AKR Corporindo Tbk.,--MO1XDTUNS000A112------------,1240,1255,1280,1235,1245,5,13151300,16470041000,3501,4961.3,1245,581200,1240,154000,20073474600,20073474600,6549974762,4791100,4011500,0,0,0
2025-05-08,AKRA,AKR Corporindo Tbk.,--MO1XDTUNS000A112------------,1290,1250,1265,1235,1240,-50,21267800,26530400000,3578,4941.4,1245,21000,1240,40600,20073474600,20073474600,6549974762,8855300,12270200,6327516,7890412484,9
2025-05-07,AKRA,AKR Corporindo Tbk.,CDMO1XDTUNS000A112------------,1270,1275,1310,1265,1290,20,51677100,66433799500,13707,5140.7,1295,15000,1290,380400,20073474600,20073474600,6549974762,27962600,16755400,14468,17079244,2
2025-05-06,AKRA,AKR Corporindo Tbk.,CDMO1XDTUNS000A112------------,1270,1275,1280,1235,1270,0,35014300,44055821500,5882,5061.0,1270,10300,1265,41700,20073474600,20073474600,6549974762,8259200,15064600,1664686,2124137140,10
2025-05-05,AKRA,AKR Corporindo Tbk.,CDMO1XDTUNS000A112------------,1245,1250,1300,1250,1270,25,25617600,32821253500,4515,5061.0,1275,3100,1270,448100,20073474600,20073474600,6549974762,4387800,12037700,4500,5755500,1
2025-05-02,AKRA,AKR Corporindo Tbk.,CDMO1XDTUNS000A112------------,1260,1260,1275,1230,1245,-15,12944500,16144475500,3303,4961.3,1250,98500,1245,79800,20073474600,20073474600,6549974762,3582900,6148400,25593,32240984,10
2025-04-30,AKRA,AKR Corporindo Tbk.,--MO1XDTUNS000A112------------,1240,1245,1295,1245,1260,20,27856200,35556443000,4907,5021.1,1270,11700,1260,269600,20073474600,20073474600,6549974762,10986500,11429300,700100,894727348,3
2025-04-29,AKRA,AKR Corporindo Tbk.,--MO1XDTUNS000A112------------,1200,1205,1250,1185,1240,40,31709500,38781405500,4562,4941.4,1245,23600,1240,251300,20073474600,20073474600,6549974762,7790300,15014100,313350,383786400,3
2025-04-28,AKRA,AKR Corporindo Tbk.,--MO1XDTUNS000A112------------,1185,1185,1225,1180,1200,15,14284900,17279245000,3786,4782.0,1205,9800,1200,475000,20073474600,20073474600,6549974762,3406600,7806400,0,0,0
2025-04-25,AKRA,AKR Corporindo Tbk.,--MO1XDTUNS000A112------------,1195,1200,1215,1160,1185,-10,17807500,21242034500,5126,4722.2,1185,286500,1180,44700,20073474600,20073474600,6549974762,6399700,4055800,167,200477,4
2025-04-24,AKRA,AKR Corporindo Tbk.,--MO1XDTUNS000A112------------,1135,1135,1210,1125,1195,60,37037500,43776482000,5457,4762.1,1200,494400,1195,151400,20073474600,20073474600,6549974762,12865300,12107300,6780700,7913076900,13
2025-04-23,AKRA,AKR Corporindo Tbk.,--MO1XDTUNS000A112------------,1105,1115,1155,1115,1135,30,25700100,29126849000,4397,4523.0,1135,79400,1130,63100,20073474600,20073474600,6549974762,9106300,4473700,0,0,0
2025-04-22,AKRA,AKR Corporindo Tbk.,--MO1XDTUNS000A112------------,1075,1075,1110,1075,1105,30,8977800,9889465000,2907,4403.4,1110,418700,1105,4100,20073474600,20073474600,6549974762,1359900,4143200,0,0,0
2025-04-21,AKRA,AKR Corporindo Tbk.,--MO1XDTUNS000A112------------,1050,1060,1120,1050,1075,25,20406600,22250338000,5251,4283.9,1080,64700,1075,120900,20073474600,20073474600,6549974762,5021600,10672800,0,0,0
2025-04-17,AKRA,AKR Corporindo Tbk.,--MO1XDTUNS000A112------------,1045,1045,1060,1035,1050,5,29713300,31131589500,5324,4184.3,1055,12000,1050,23700,20073474600,20073474600,6549974762,16742500,10857700,7041900,7168540700,10
2025-04-16,AKRA,AKR Corporindo Tbk.,--MO1XDTUNS000A112------------,1050,1050,1070,1035,1045,-5,43250200,45531105500,6233,4164.3,1045,13400,1040,367900,20073474600,20073474600,6549974762,27811300,18818700,6910794,7277068909,3
2025-04-15,AKRA,AKR Corporindo Tbk.,--MO1XDTUNS000A112------------,1075,1075,1095,1050,1050,-25,38244900,41022577500,9939,4184.3,1060,2400,1050,300300,20073474600,20073474600,6549974762,24513600,19432300,11000003,11770003210,10
2025-04-14,AKRA,AKR Corporindo Tbk.,--MO1XDTUNS000A112------------,1050,1050,1110,1050,1075,25,42021900,45286019000,8674,4283.9,1075,69800,1070,39800,20073474600,20073474600,6549974762,26137800,22661300,5891159,6303538950,3
2025-04-11,AKRA,AKR Corporindo Tbk.,--MO1XDTUNS000A112------------,1100,1095,1100,1035,1050,-50,44561600,47335338500,9306,4184.3,1050,500,1045,252200,20073474600,20073474600,6549974762,36678500,26105100,73,76973,2
2025-04-10,AKRA,AKR Corporindo Tbk.,--MO1XDTUNS000A112------------,900,960,1125,960,1100,200,54694300,57315126000,10668,4383.5,1100,2000,1095,35800,20073474600,20073474600,6549974762,17505600,27969700,42,38346,1
2025-04-09,AKRA,AKR Corporindo Tbk.,--MO1XDTUNS000A112------------,970,970,990,890,900,-70,28171900,25919888500,7727,3586.5,905,109400,900,179500,20073474600,20073474600,6549974762,17722100,5561400,250038,225036594,2
2025-04-08,AKRA,AKR Corporindo Tbk.,--MO1XDTUNS000A112------------,1095,980,990,945,970,-125,35624800,34365254000,7926,3865.5,975,28500,970,394100,20073474600,20073474600,6549974762,23166300,9300900,0,0,0
2025-03-27,AKRA,AKR Corporindo Tbk.,--MO1XDTUNS000A112------------,1105,1105,1120,1085,1095,-10,14647900,16112465000,3635,4363.6,1100,20100,1095,226500,20073474600,20073474600,6598151101,3535400,6552400,38,42522,1
2025-03-26,AKRA,AKR Corporindo Tbk.,--MO1XDTUNS000A112------------,1135,1135,1155,1105,1105,-30,21919200,24571826000,5690,4403.4,1110,119000,1105,1885100,20073474600,20073474600,6598151101,11614600,1001900,79,90376,1
2025-03-25,AKRA,AKR Corporindo Tbk.,--MO1XDTUNS000A112------------,1095,1095,1240,1060,1135,40,39599000,45383014500,9563,4523.0,1140,28200,1135,5200,20073474600,20073474600,6598151101,12754100,4318400,303600,350961600,4
2025-03-24,AKRA,AKR Corporindo Tbk.,--MO1XDTUNS000A112------------,1100,1105,1110,1050,1095,-5,17113500,18357636500,4901,4363.6,1095,179000,1090,100,20073474600,20073474600,6598151101,8288200,5019300,0,0,0
2025-03-21,AKRA,AKR Corporindo Tbk.,--MO1XDTUNS000A112------------,1100,1110,1130,1100,1100,0,13009500,14429901500,2412,4383.5,1105,12700,1100,756800,20073474600,20073474600,6598151101,8544400,6007500,1890224,2079246880,2
2025-03-20,AKRA,AKR Corporindo Tbk.,--MO1XDTUNS000A112------------,1095,1100,1135,1100,1100,5,12106900,13513466000,3386,4383.5,1105,2000,1100,671700,20073474600,20073474600,6598151101,4858100,2786800,0,0,0
2025-03-19,AKRA,AKR Corporindo Tbk.,--MO1XDTUNS000A112------------,1085,1100,1125,1075,1095,10,11023700,12146443000,3969,4363.6,1105,300,1095,232000,20073474600,20073474600,6598151101,3248600,1787700,4500000,4959000000,7
2025-03-18,AKRA,AKR Corporindo Tbk.,--MO1XDTUNS000A112------------,1125,1130,1145,1075,1085,-40,22122500,24262122000,6826,4323.7,1090,14800,1085,303600,20073474600,20073474600,6598151101,7775500,3866300,4761100,5160271300,2
2025-03-17,AKRA,AKR Corporindo Tbk.,--MO1XDTUNS000A112------------,1140,1145,1145,1110,1125,-15,10410200,11733928000,2922,4483.1,1125,8000,1120,204700,20073474600,20073474600,6598151101,2984100,1087100,0,0,0
2025-03-14,AKRA,AKR Corporindo Tbk.,--MO1XDTUNS000A112------------,1175,1185,1190,1115,1140,-35,24900600,28516600500,5936,4542.9,1140,22700,1135,16100,20073474600,20073474600,6598151101,3748200,4508900,1700000,1938000000,9
2025-03-13,AKRA,AKR Corporindo Tbk.,--MO1XDTUNS000A112------------,1305,1320,1320,1165,1175,-130,29324100,36401033000,9634,4682.4,1180,18400,1175,167200,20073474600,20073474600,6598151101,5178900,10657200,76,89300,1
2025-03-12,AKRA,AKR Corporindo Tbk.,--MO1XDTUNS000A112------------,1280,1285,1320,1285,1305,25,14964100,19567484500,3203,5200.4,1310,74700,1305,10800,20073474600,20073474600,6598151101,6777800,7363900,3228200,4225297500,13
2025-03-11,AKRA,AKR Corporindo Tbk.,--MO1XDTUNS000A112------------,1290,1280,1305,1270,1280,-10,11118400,14274382500,2672,5100.8,1285,1000,1280,1521100,20073474600,20073474600,6598151101,7867100,5609000,0,0,0
2025-03-10,AKRA,AKR Corporindo Tbk.,--MO1XDTUNS000A112------------,1305,1300,1315,1265,1290,-15,18780900,24100043500,4525,5140.7,1290,961600,1285,23700,20073474600,20073474600,6598151101,7023200,12069300,24540100,31401134500,5
2025-03-07,AKRA,AKR Corporindo Tbk.,--MO1XDTUNS000A112------------,1280,1285,1330,1285,1305,25,19320300,25243523000,3544,5200.4,1315,111100,1305,4800,20073474600,20073474600,6598151101,5164100,5156900,84,108864,1
2025-03-06,AKRA,AKR Corporindo Tbk.,--MO1XDTUNS000A112------------,1205,1205,1295,1205,1280,75,16652000,21217116000,4469,5100.8,1285,59100,1280,2299300,20073474600,20073474600,6598151101,2519000,10303000,870000,1112730000,1
2025-03-05,AKRA,AKR Corporindo Tbk.,--MO1XDTUNS000A112------------,1210,1210,1230,1195,1205,-5,26585700,32338270500,3703,4801.9,1210,3100,1205,42500,20073474600,20073474600,6598151101,23148600,18807900,0,0,0
2025-03-04,AKRA,AKR Corporindo Tbk.,--MO1XDTUNS000A112------------,1235,1245,1250,1160,1210,-25,18755400,22520645000,4849,4821.9,1215,135800,1210,4300,20073474600,20073474600,6598151101,6127400,7002300,0,0,0
2025-03-03,AKRA,AKR Corporindo Tbk.,--MO1XDTUNS000A112------------,1240,1250,1265,1210,1235,-5,14419900,17889468500,3662,4921.5,1240,10200,1235,45300,20073474600,20073474600,6598151101,3193700,2091700,37,45214,1
2025-02-28,AKRA,AKR Corporindo Tbk.,--MO1XDTUNS200A112------------,1310,1315,1325,1240,1240,-70,68456200,86896147500,7851,4941.4,1250,600,1240,789900,20073474600,20073474600,6598151101,45035400,48341000,1833131,2361064965,6
2025-02-27,AKRA,AKR Corporindo Tbk.,--MO1XDTUNS200A112------------,1205,1220,1330,1220,1310,105,106148000,138115372000,25225,5220.4,1310,63400,1305,43800,20073474600,20073474600,6598151101,37135300,32975800,12,15960,1
2025-02-26,AKRA,AKR Corporindo Tbk.,--MO1XDTUNS200A112------------,1200,1200,1220,1200,1205,5,6508500,7869844500,2308,4801.9,1210,20600,1205,57800,20073474600,20073474600,6598151101,1969900,2737500,2454600,2967611400,3
2025-02-25,AKRA,AKR Corporindo Tbk.,--MO1XDTUNS200A112------------,1215,1220,1225,1195,1200,-15,6982800,8387026500,3233,4782.0,1205,105300,1200,26800,20073474600,20073474600,6598151101,2244900,5366800,3242651,3894423800,5
2025-02-24,AKRA,AKR Corporindo Tbk.,--MO1XDTUNS200A112------------,1230,1235,1235,1215,1215,-15,6739900,8232691000,4557,4841.8,1220,2500,1215,2900,20073474600,20073474600,6598151101,4241200,3094800,0,0,0
2025-02-21,AKRA,AKR Corporindo Tbk.,--MO1XDTUNS200A112------------,1235,1235,1240,1210,1230,-5,6012600,7373918500,3387,4901.6,1230,97400,1225,7900,20073474600,20073474600,6598151101,2614100,3137000,0,0,0
2025-02-20,AKRA,AKR Corporindo Tbk.,--MO1XDTUNS200A112------------,1205,1210,1250,1200,1235,30,14590200,17939977500,4688,4921.5,1240,92800,1235,1700,20073474600,20073474600,6598151101,3782300,2591600,3958000,4789180000,5
2025-02-19,AKRA,AKR Corporindo Tbk.,--MO1XDTUNS200A112------------,1200,1215,1235,1190,1205,5,19535200,23668923000,6974,4801.9,1210,126100,1205,52200,20073474600,20073474600,6598151101,4560000,9672500,0,0,0
2025-02-18,AKRA,AKR Corporindo Tbk.,--MO1XDTUNS200A112------------,1115,1115,1215,1115,1200,85,34916000,40904517000,6450,4782.0,1205,167300,1200,17600,20073474600,20073474600,6598151101,12656400,13598100,5450800,6410140800,3
2025-02-17,AKRA,AKR Corporindo Tbk.,--MO1XDTUNS200A112------------,1110,1100,1125,1100,1115,5,8150500,9046566500,1753,4443.3,1120,96600,1115,4592700,20073474600,20073474600,6598151101,3417400,3294800,0,0,0
2025-02-14,AKRA,AKR Corporindo Tbk.,--MO1XDTUNS200A112------------,1105,1105,1110,1090,1110,5,6777300,7489170000,1437,4423.4,1115,41100,1110,5886500,20073474600,20073474600,6598151101,3016400,2666500,0,0,0
2025-02-13,AKRA,AKR Corporindo Tbk.,--MO1XDTUNS200A112------------,1105,1110,1115,1100,1105,0,12541000,13849240000,1106,4403.4,1110,162700,1105,1622200,20073474600,20073474600,6598151101,10736500,3817200,80,88400,1
2025-02-12,AKRA,AKR Corporindo Tbk.,--MO1XDTUNS200A112------------,1105,1105,1110,1095,1105,0,20398900,22479981500,1698,4403.4,1105,1160400,1100,2233100,20073474600,20073474600,6598151101,18299100,8504600,0,0,0
2025-02-11,AKRA,AKR Corporindo Tbk.,--MO1XDTUNS200A112------------,1105,1105,1120,1090,1105,0,12066800,13300132000,1691,4403.4,1105,2001600,1100,200,20073474600,20073474600,6598151101,9515000,5170600,2500053,2752558305,3
2025-02-10,AKRA,AKR Corporindo Tbk.,--MO1XDTUNS200A112------------,1130,1125,1125,1080,1105,-25,18296800,20148083500,3492,4403.4,1105,100100,1100,4500,20073474600,20073474600,6598151101,16052900,5994800,15000000,16443464800,2
2025-02-07,AKRA,AKR Corporindo Tbk.,--MO1XDTUNS200A112------------,1125,1125,1140,1080,1130,5,10178800,11346792000,2870,4503.1,1130,248400,1125,3003200,20073474600,20073474600,6598151101,5202000,3583400,0,0,0
2025-02-06,AKRA,AKR Corporindo Tbk.,--MO1XDTUNS200A112------------,1125,1120,1125,1095,1125,0,8697200,9657820500,2582,4483.1,1125,140700,1120,200,20073474600,20073474600,6598151101,4986200,3894200,9424200,10413741000,4
2025-02-05,AKRA,AKR Corporindo Tbk.,--MO1XDTUNS200A112------------,1105,1155,1155,1110,1125,20,7284600,8159702000,1949,4483.1,1125,117600,1120,1100,20073474600,20073474600,6598151101,3786200,3817100,10,11210,1
2025-02-04,AKRA,AKR Corporindo Tbk.,--MO1XDTMNS200A112------------,1095,1100,1115,1090,1105,10,19037800,20934384000,3462,4403.4,1110,205400,1105,10900,20073474600,20073474600,6598151101,7822400,7885000,34102325,37478455325,6
2025-02-03,AKRA,AKR Corporindo Tbk.,--MO1XDTMNS200A112------------,1110,1110,1115,1075,1095,-15,17601300,19213960500,5937,4363.6,1100,30600,1090,62000,20073474600,20073474600,6598151101,4222000,6411100,3134754,3423152262,14
2025-01-31,AKRA,AKR Corporindo Tbk.,--MO1XDTMNS200A112------------,1120,1120,1130,1085,1110,-10,15260000,16888051500,3139,4423.4,1110,151700,1105,53000,20073474600,20073474600,6598151101,3956200,5985300,1639093,1806281230,2
2025-01-30,AKRA,AKR Corporindo Tbk.,--MO1XDTMNS200A112------------,1190,1190,1190,1105,1120,-70,22731900,25458688500,6979,4463.2,1125,56300,1120,42900,20073474600,20073474600,6598151101,5201900,4770400,4,4460,1
2025-01-24,AKRA,AKR Corporindo Tbk.,--MO1XDTMNS200A112------------,1230,1235,1235,1180,1190,-40,8745500,10526253500,2847,4742.2,1195,3300,1190,21200,20073474600,20073474600,6598151101,4729700,3483300,20957000,25495214400,5
2025-01-23,AKRA,AKR Corporindo Tbk.,--MO1XDTMNS200A112------------,1230,1235,1260,1230,1230,0,14115700,17538033000,3532,4901.6,1235,21600,1230,57100,20073474600,20073474600,6598151101,9539200,8263700,35,43785,1
2025-01-22,AKRA,AKR Corporindo Tbk.,--MO1XDTMNS200A112------------,1245,1245,1250,1225,1230,-15,21429600,26556955000,3859,4901.6,1235,2900,1230,4900,20073474600,20073474600,6598151101,13497200,14078600,3805100,4712705300,10
2025-01-21,AKRA,AKR Corporindo Tbk.,--MO1XDTMNS200A112------------,1250,1255,1270,1230,1245,-5,12795900,16005436500,5331,4961.3,1250,33400,1245,98500,20073474600,20073474600,6598151101,6490700,3923900,5000036,6250045000,2
2025-01-20,AKRA,AKR Corporindo Tbk.,--MO1XDTMNS200A112------------,1200,1205,1270,1200,1250,50,15922100,19765655500,2346,4981.3,1250,62100,1245,29100,20073474600,20073474600,6598151101,3862200,564500,20000,30000000,1
2025-01-17,AKRA,AKR Corporindo Tbk.,--MO1XDTMNS200A112------------,1200,1215,1215,1200,1200,0,13736400,16494092500,2919,4782.0,1205,52700,1200,759200,20073474600,20073474600,6598151101,5317500,7886600,0,0,0
2025-01-16,AKRA,AKR Corporindo Tbk.,--MO1XDTMNS200A112------------,1220,1225,1230,1200,1200,-20,10048300,12185157000,1776,4782.0,1205,7500,1200,686700,20073474600,20073474600,6598151101,3778900,1392400,195056,234067200,2
2025-01-15,AKRA,AKR Corporindo Tbk.,--MO1XDTMNS200A112------------,1210,1210,1225,1200,1220,10,9454600,11475436500,2383,4861.7,1220,124600,1215,38800,20073474600,20073474600,6598151101,5568300,4179000,0,0,0
2025-01-14,AKRA,AKR Corporindo Tbk.,--MO1XDTMNS200A112------------,1170,1175,1225,1175,1210,40,30809000,37142663500,4018,4821.9,1210,56200,1205,13400,20073474600,20073474600,6598151101,12122500,8473800,21381000,25723543000,3
2025-01-13,AKRA,AKR Corporindo Tbk.,--MO1XDTMNS200A112------------,1200,1200,1225,1170,1170,-30,21845100,25994052000,4417,4662.5,1175,13100,1170,47800,20073474600,20073474600,6598151101,7580900,5080900,7,8190,2
2025-01-10,AKRA,AKR Corporindo Tbk.,--MO1XDTMNS200A112------------,1175,1195,1200,1150,1200,25,19095000,22493453500,3387,4782.0,1200,515800,1195,500,20073474600,20073474600,6598151101,7340700,12788000,0,0,0
2025-01-09,AKRA,AKR Corporindo Tbk.,--MO1XDTMNS200A112------------,1170,1170,1210,1125,1175,5,39594900,46740488500,7916,4682.4,1175,208500,1170,180700,20073474600,20073474600,6598151101,11090200,16223400,143,167565,2
2025-01-08,AKRA,AKR Corporindo Tbk.,--MO1XDTMNS200A112------------,1100,1100,1200,1075,1170,70,27246700,30941617500,10485,4662.5,1175,151900,1170,1878300,20073474600,20073474600,6598151101,12212300,10056100,3000000,3444000000,30
2025-01-07,AKRA,AKR Corporindo Tbk.,--MO1XDTMNS200A112------------,1045,1045,1100,1030,1100,55,25083900,26862996500,6255,4383.5,1100,113200,1095,16900,20073474600,20073474600,6598151101,6230200,7677000,6874000,7305326600,41
2025-01-06,AKRA,AKR Corporindo Tbk.,--MO1XDTMNS200A112------------,1125,1125,1125,1045,1045,-80,31499500,33776634000,8819,4164.3,1050,52700,1045,69900,20073474600,20073474600,6598151101,16320600,4068000,0,0,0
2025-01-03,AKRA,AKR Corporindo Tbk.,--MO1XDTMNS200A112------------,1155,1155,1165,1125,1125,-30,10465700,11902200000,2478,4483.1,1130,19400,1125,233100,20073474600,20073474600,6598151101,6837200,2503900,0,0,0
2025-01-02,AKRA,AKR Corporindo Tbk.,--MO1XDTMNS200A112------------,1120,1135,1155,1125,1155,35,8611700,9855710000,1920,4602.7,1155,280600,1150,84900,20073474600,20073474600,6598151101,4842400,3830200,0,0,0
2024-12-30,AKRA,AKR Corporindo Tbk.,--MO1XDTMNS200A112------------,1120,1135,1140,1075,1120,0,23803000,26300366000,4974,4463.2,1120,64900,1115,20600,20073474600,20073474600,6696511127,6432200,12121700,10841900,11887633200,2
2024-12-27,AKRA,AKR Corporindo Tbk.,--MO1XDTMNS200A112------------,1120,1120,1140,1115,1120,0,8081800,9105696500,1637,4463.2,1125,48100,1120,90400,20073474600,20073474600,6696511127,3344400,3960500,23148084,26073038920,6
2024-12-24,AKRA,AKR Corporindo Tbk.,--MO1XDTMNS200A112------------,1130,1140,1145,1115,1120,-10,9323900,10530147500,2387,4463.2,1125,9500,1120,455700,20073474600,20073474600,6696511127,5430900,3208500,7855300,8892199600,1
2024-12-23,AKRA,AKR Corporindo Tbk.,--MO1XDTMNS200A112------------,1140,1130,1165,1120,1130,-10,11855900,13428477500,2497,4503.1,1130,127500,1125,140100,20073474600,20073474600,6696511127,6829700,3367000,0,0,0
2024-12-20,AKRA,AKR Corporindo Tbk.,--MO1XDTMNS200A112------------,1120,1120,1165,1115,1140,20,34868800,40043211500,3202,4542.9,1150,2400,1140,137000,20073474600,20073474600,6696511127,26114800,17900100,0,0,0
2024-12-19,AKRA,AKR Corporindo Tbk.,--MO1XDTMNS200A112------------,1170,1165,1165,1115,1120,-50,17013800,19222399500,3281,4463.2,1130,207600,1120,500,20073474600,20073474600,6696511127,8666300,4185800,1136000,1280000000,2
2024-12-18,AKRA,AKR Corporindo Tbk.,--MO1XDTMNS200A112------------,1225,1225,1235,1155,1170,-55,24012100,28311856000,11361,4662.5,1170,1300,1165,151400,20073474600,20073474600,6696511127,4746800,3623600,0,0,0
2024-12-17,AKRA,AKR Corporindo Tbk.,--MO1XDTMNS200A112------------,1280,1280,1280,1220,1225,-55,10926800,13466257500,3964,4881.6,1230,45400,1225,80600,20073474600,20073474600,6696511127,4835400,1028800,44,53900,1
2024-12-16,AKRA,AKR Corporindo Tbk.,--MO1XDTMNS200A112------------,1315,1315,1315,1275,1280,-35,9572400,12285407000,2058,5100.8,1280,311100,1275,257600,20073474600,20073474600,6696511127,3547500,299400,0,0,0
2024-12-13,AKRA,AKR Corporindo Tbk.,--MO1XDTMNS200A112------------,1335,1340,1340,1310,1315,-20,2378500,3143429000,1044,5240.3,1320,1100,1315,25400,20073474600,20073474600,6696511127,997900,83900,0,0,0
2024-12-12,AKRA,AKR Corporindo Tbk.,--MO1XDTMNS200A112------------,1335,1340,1355,1325,1335,0,12145100,16386626000,2444,5320.0,1340,5200,1335,761300,20073474600,20073474600,6696511127,2461800,1483600,1380300,1862024700,1
2024-12-11,AKRA,AKR Corporindo Tbk.,--MO1XDTMNS200A112------------,1355,1350,1355,1330,1335,-20,8953300,12001055000,2751,5320.0,1335,63100,1330,143400,20073474600,20073474600,6696511127,2137800,163300,1996914,2707815300,2
2024-12-10,AKRA,AKR Corporindo Tbk.,--MO1XDTMNS200A112------------,1345,1345,1370,1340,1355,10,20212300,27405424000,3821,5399.7,1355,306900,1350,25900,20073474600,20073474600,6696511127,746400,5722700,128,173440,2
2024-12-09,AKRA,AKR Corporindo Tbk.,--MO1XDTMNS200A112------------,1320,1320,1345,1310,1345,25,11416100,15186886500,6039,5359.8,1345,392500,1340,48000,20073474600,20073474600,6696511127,3650200,469200,172,230890,3
2024-12-06,AKRA,AKR Corporindo Tbk.,--MO1XDTMNS200A112------------,1315,1310,1325,1295,1320,5,7469600,9780782500,3190,5260.2,1320,457400,1315,10100,20073474600,20073474600,6696511127,2314500,1170700,0,0,0
2024-12-05,AKRA,AKR Corporindo Tbk.,--MO1XDTMNS200A112------------,1270,1270,1330,1255,1315,45,20916400,27104837000,3555,5240.3,1315,22400,1310,34500,20073474600,20073474600,6696511127,5373500,6781800,0,0,0
2024-12-04,AKRA,AKR Corporindo Tbk.,--MO1XDTMNS200A112------------,1225,1230,1280,1230,1270,45,14029000,17756419500,3157,5061.0,1275,21200,1270,246800,20073474600,20073474600,6696511127,2866500,8496300,0,0,0
2024-12-03,AKRA,AKR Corporindo Tbk.,--MO1XDTMNS200A112------------,1225,1225,1225,1210,1225,0,9081300,11075404500,2270,4881.6,1225,143900,1220,59300,20073474600,20073474600,6696511127,2275000,2640100,1570264,1911011800,2
2024-12-02,AKRA,AKR Corporindo Tbk.,--MO1XDTMNS200A112------------,1230,1230,1245,1215,1225,-5,6943300,8513867000,2104,4881.6,1225,40300,1220,17300,20073474600,20073474600,6696511127,1607000,413900,98,120252,4
2024-11-29,AKRA,AKR Corporindo Tbk.,--SO1XDTMNS200A112------------,1225,1240,1240,1215,1230,5,10050900,12319630500,1789,4901.6,1230,536400,1225,134400,20073474600,20073474600,6696511127,1717900,2100700,0,0,0
2024-11-28,AKRA,AKR Corporindo Tbk.,--SO1XDTMNS200A112------------,1230,1230,1240,1210,1225,-5,9779700,11959103000,3610,4881.6,1225,74800,1220,89500,20073474600,20073474600,6696511127,1294500,2577900,0,0,0
2024-11-26,AKRA,AKR Corporindo Tbk.,--SO1XDTMNS200A112------------,1265,1265,1270,1225,1230,-35,20033500,24933345000,6962,4901.6,1235,527800,1230,61900,20073474600,20073474600,6696511127,4774700,619000,80,101200,1
2024-11-25,AKRA,AKR Corporindo Tbk.,--SO1XDTMNS200A112------------,1305,1305,1325,1265,1265,-40,31557000,40470831500,6865,5041.0,1270,17100,1265,992500,20073474600,20073474600,6696511127,13805700,4891700,218,286610,4
2024-11-22,AKRA,AKR Corporindo Tbk.,--SO1XDTMNS200A112------------,1305,1305,1315,1295,1305,0,8139900,10616111500,2297,5200.4,1305,226700,1300,299800,20073474600,20073474600,6696511127,2392300,890100,0,0,0
2024-11-21,AKRA,AKR Corporindo Tbk.,--SO1XDTMNS200A112------------,1330,1340,1350,1300,1305,-25,11152300,14701942000,2797,5200.4,1305,4600,1300,1162500,20073474600,20073474600,6696511127,2952400,1513500,13027200,17059654800,2
2024-11-20,AKRA,AKR Corporindo Tbk.,--SO1XDTMNS200A112------------,1310,1315,1340,1310,1330,20,4283100,5683342500,1401,5300.1,1335,40800,1330,145700,20073474600,20073474600,6696511127,831000,344300,3085300,4112704900,1
2024-11-19,AKRA,AKR Corporindo Tbk.,--SO1XDTMNS200A112------------,1340,1340,1355,1305,1310,-30,8430600,11159783500,2483,5220.4,1315,3200,1310,168700,20073474600,20073474600,6696511127,1124700,492200,0,0,0
2024-11-18,AKRA,AKR Corporindo Tbk.,--SO1XDTMNS200A112------------,1300,1300,1345,1295,1340,40,6494500,8576020000,1728,5339.9,1340,163200,1330,11200,20073474600,20073474600,6696511127,431300,2798200,0,0,0
2024-11-15,AKRA,AKR Corporindo Tbk.,--SO1XDTMNS200A112------------,1350,1350,1350,1295,1300,-50,23204000,30290120000,5526,5180.5,1305,6500,1300,465100,20073474600,20073474600,6696511127,8884000,3867500,4390138,5707179590,3
2024-11-14,AKRA,AKR Corporindo Tbk.,--SO1XDTMNS200A112------------,1370,1370,1370,1340,1350,-20,4379000,5917767000,1981,5379.8,1350,22000,1345,315200,20073474600,20073474600,6696511127,1004100,1053700,6057200,8177220000,2
2024-11-13,AKRA,AKR Corporindo Tbk.,--SO1XDTMNS200A112------------,1350,1350,1385,1350,1370,20,12322900,16919988000,2466,5459.5,1375,68400,1370,16100,20073474600,20073474600,6696511127,4316800,286600,362,490458,3
2024-11-12,AKRA,AKR Corporindo Tbk.,--SO1XDTMNS200A112------------,1380,1370,1370,1335,1350,-30,10596000,14353042500,2504,5379.8,1350,14200,1345,369800,20073474600,20073474600,6696511127,5963800,806200,301110,406498500,2
2024-11-11,AKRA,AKR Corporindo Tbk.,--SO1XDTMNS200A112------------,1375,1380,1380,1320,1380,5,11115600,15021607500,3451,5499.3,1380,813400,1370,100,20073474600,20073474600,6696511127,5453700,2822700,300,396000,1
2024-11-08,AKRA,AKR Corporindo Tbk.,--SO1XDTMNS200A112------------,1310,1310,1395,1300,1375,65,18680300,25139336500,3139,5479.4,1375,234500,1370,39900,20073474600,20073474600,6696511127,3994800,1458000,0,0,0
2024-11-07,AKRA,AKR Corporindo Tbk.,--SO1XDTMNS200A112------------,1340,1340,1340,1300,1310,-30,22193100,29032005500,4222,5220.4,1315,185000,1310,25900,20073474600,20073474600,6696511127,17974200,5964200,0,0,0
2024-11-06,AKRA,AKR Corporindo Tbk.,--SO1XDTMNS200A112------------,1360,1370,1370,1325,1340,-20,10084500,13592399000,2714,5339.9,1340,342800,1335,13000,20073474600,20073474600,6696511127,2834400,2245200,54,73440,1
2024-11-05,AKRA,AKR Corporindo Tbk.,--SO1XDTMNS200A112------------,1300,1300,1375,1300,1360,60,18635900,25161511500,3948,5419.6,1360,48100,1355,310800,20073474600,20073474600,6696511127,5440400,6333200,0,0,0
2024-11-04,AKRA,AKR Corporindo Tbk.,--SO1XDTMNS200A112------------,1350,1350,1355,1295,1300,-50,28039500,36689377500,6509,5180.5,1305,5400,1300,6146400,20073474600,20073474600,6696511127,6622600,5901500,59,76700,1
2024-11-01,AKRA,AKR Corporindo Tbk.,--SO1XDTMNS200A112------------,1350,1360,1390,1335,1350,0,11986500,16215355000,3739,5379.8,1350,296100,1345,297500,20073474600,20073474600,6696511127,2413600,2891500,690,932145,8
2024-10-31,AKRA,AKR Corporindo Tbk.,--SO1XDTMNS200A112------------,1395,1395,1400,1350,1350,-45,20612300,28208574000,4115,5379.8,1355,78000,1350,15273000,20073474600,20073474600,6696511127,4956700,6087600,130,179000,2
2024-10-30,AKRA,AKR Corporindo Tbk.,--SO1XDTMNS200A112------------,1350,1350,1405,1345,1395,45,28664900,39407276500,4857,5559.1,1395,12900,1390,1977000,20073474600,20073474600,6696511127,4356900,3181400,3759800,5244921000,1
2024-10-29,AKRA,AKR Corporindo Tbk.,--SO1XDTMNS200A112------------,1360,1360,1370,1325,1350,-10,39414800,52794904500,9847,5379.8,1355,8800,1350,139100,20073474600,20073474600,6696511127,19243300,9830100,2967011,3958060729,3
2024-10-28,AKRA,AKR Corporindo Tbk.,--SO1XDTMNS200A112------------,1410,1400,1400,1360,1360,-50,30299600,41650643500,8236,5419.6,1365,117500,1360,363200,20073474600,20073474600,6696511127,9276600,2218800,93,126480,1
2024-10-25,AKRA,AKR Corporindo Tbk.,--SO1XDTMNS200A112------------,1420,1420,1425,1405,1410,-10,16167000,22811295000,5126,5618.9,1415,271800,1405,1994700,20073474600,20073474600,6696511127,5602400,2920700,4560700,6450135400,5
2024-10-24,AKRA,AKR Corporindo Tbk.,--SO1XDTMNS200A112------------,1440,1440,1445,1415,1420,-20,25511300,36276414500,7347,5658.7,1425,41800,1420,343000,20073474600,20073474600,6696511127,8500300,4849800,0,0,0
2024-10-23,AKRA,AKR Corporindo Tbk.,--SO1XDTMNS200A112------------,1450,1450,1455,1435,1440,-10,20374000,29379494000,5290,5738.4,1445,200,1440,1316400,20073474600,20073474600,6696511127,6441300,5243600,30200,43785000,2
2024-10-22,AKRA,AKR Corporindo Tbk.,--SO1XDTMNS200A112------------,1445,1455,1460,1445,1450,5,11212400,16261837500,2892,5778.3,1450,258300,1445,1184400,20073474600,20073474600,6696511127,2135500,924500,20000,28900000,2
2024-10-21,AKRA,AKR Corporindo Tbk.,--SO1XDTMNS200A112------------,1445,1445,1460,1440,1445,0,18463700,26706750500,3956,5758.3,1450,3351400,1445,580200,20073474600,20073474600,6696511127,3661700,1854900,80300,116429000,5
2024-10-18,AKRA,AKR Corporindo Tbk.,--SO1XDTMNS200A112------------,1490,1490,1495,1445,1445,-45,32732500,47664237500,9364,5758.3,1450,8100,1445,2262800,20073474600,20073474600,6696511127,6950200,1890300,80000,117600000,4
2024-10-17,AKRA,AKR Corporindo Tbk.,--SO1XDTMNS200A112------------,1500,1490,1500,1470,1490,-10,33232900,49603181500,4195,5937.7,1490,68100,1485,348600,20073474600,20073474600,6696511127,9539300,16901200,15016000,22326800000,10
2024-10-16,AKRA,AKR Corporindo Tbk.,--SO1XDTMNS200A112------------,1460,1460,1500,1440,1500,40,87830300,129320995500,9886,5977.5,1500,10670100,1470,100,20073474600,20073474600,6696511127,48514700,57536700,1840962,2757842235,7
2024-10-15,AKRA,AKR Corporindo Tbk.,--SO1XDTMNS200A112------------,1535,1535,1535,1460,1460,-75,76281500,112516768000,15504,5818.1,1460,1233200,1455,2115800,20073474600,20073474600,6696511127,14035100,19443900,2907509,4263904480,8
2024-10-14,AKRA,AKR Corporindo Tbk.,--SO1XDTMNS200A112------------,1540,1540,1550,1535,1535,-5,16921100,26059849500,3009,6117.0,1535,64600,1530,183200,20073474600,20073474600,6696511127,3461000,12689100,80024,123636960,5
2024-10-11,AKRA,AKR Corporindo Tbk.,--SO1XDTMNS200A112------------,1545,1555,1555,1525,1540,-5,26540700,40908848000,5680,6136.9,1545,50900,1540,6900,20073474600,20073474600,6696511127,3629300,12642000,80000,123200000,4
2024-10-10,AKRA,AKR Corporindo Tbk.,--SO1XDTMNS200A112------------,1525,1525,1545,1520,1545,20,24932700,38278503500,4488,6156.9,1545,762100,1540,101400,20073474600,20073474600,6696511127,5528300,14164600,0,0,0
2024-10-09,AKRA,AKR Corporindo Tbk.,--SO1XDTMNS200A112------------,1545,1545,1560,1510,1525,-20,13382500,20417761500,4015,6077.1,1530,115000,1525,543400,20073474600,20073474600,6696511127,2100400,4072700,4196947,6455338705,8
2024-10-08,AKRA,AKR Corporindo Tbk.,--SO1XDTMNS200A112------------,1615,1625,1635,1530,1545,-70,47830700,75079460000,14254,6156.9,1560,258300,1545,231400,20073474600,20073474600,6696511127,7354300,13455600,80000,129600000,4
2024-10-07,AKRA,AKR Corporindo Tbk.,--SO1XDTMNS200A112------------,1615,1620,1650,1605,1615,0,39757900,64901178000,8561,6435.8,1615,152800,1610,566100,20073474600,20073474600,6696511127,9033200,26954600,15212620,24799411755,11
2024-10-04,AKRA,AKR Corporindo Tbk.,--SO1XDTMNS200A112------------,1595,1605,1625,1600,1615,20,38957200,62908265500,4438,6435.8,1620,473300,1615,3500,20073474600,20073474600,6696511127,15241200,19962000,4548300,7343362700,11
2024-10-03,AKRA,AKR Corporindo Tbk.,--SO1XDTMNS200A112------------,1580,1585,1605,1580,1595,15,30228600,48154269500,4410,6356.1,1600,454700,1595,22100,20073474600,20073474600,6696511127,6021700,10694200,80000,126800000,4
2024-10-02,AKRA,AKR Corporindo Tbk.,--SO1XDTMNS200A112------------,1550,1570,1590,1565,1580,30,51032700,80391265500,9307,6296.3,1585,2457500,1580,565300,20073474600,20073474600,6696511127,12027200,8375800,80010,125615700,5
2024-10-01,AKRA,AKR Corporindo Tbk.,--SO1XDTMNS200A112------------,1550,1550,1560,1535,1550,0,18501400,28594378500,3520,6176.8,1555,1037400,1550,3100,20073474600,20073474600,6696511127,6341600,14008800,660,1004700,2
2024-09-30,AKRA,AKR Corporindo Tbk.,--SO1XDTMNS200A112------------,1550,1550,1560,1535,1550,0,41433100,63952666500,3827,6176.8,1550,57300,1545,15700,20073474600,20073474600,6989583856,27400000,29009300,7580608,11676724400,8
2024-09-27,AKRA,AKR Corporindo Tbk.,--SO1XDTMNS200A112------------,1525,1530,1560,1525,1550,25,21847000,33788592500,4166,6176.8,1550,101100,1545,106200,20073474600,20073474600,6989583856,10219800,10145800,3481300,5392589700,8
2024-09-26,AKRA,AKR Corporindo Tbk.,--SO1XDTMNS200A112------------,1530,1520,1535,1505,1525,-5,17326300,26402112500,3721,6077.1,1530,121800,1525,4940600,20073474600,20073474600,6989583856,6362100,7043700,35174579,47133950475,2
2024-09-25,AKRA,AKR Corporindo Tbk.,--SO1XDTMNS200A112------------,1560,1565,1570,1530,1530,-30,25501400,39361243500,6418,6097.1,1535,31100,1530,142900,20073474600,20073474600,6989583856,13568000,9357200,36630104,50467411296,7
2024-09-24,AKRA,AKR Corporindo Tbk.,--SO1XDTMNS200A112------------,1520,1520,1570,1520,1560,40,73483600,114175656000,11450,6216.6,1565,1599800,1560,230000,20073474600,20073474600,6989583856,24856200,27822100,45580075,64337517000,12
2024-09-23,AKRA,AKR Corporindo Tbk.,--SO1XDTMNS200A112------------,1495,1495,1525,1485,1520,25,36891300,55837624500,4584,6057.2,1520,539800,1515,140200,20073474600,20073474600,6989583856,9998400,13860900,482868,603463360,6
2024-09-20,AKRA,AKR Corporindo Tbk.,--SO1XDTMNS200A112------------,1470,1465,1495,1455,1495,25,25744400,38056277000,3399,5957.6,1495,344800,1490,16900,20073474600,20073474600,6989583856,11719700,13953000,80000,116800000,4
2024-09-19,AKRA,AKR Corporindo Tbk.,--SO1XDTMNS200A112------------,1465,1465,1475,1460,1470,5,13725400,20173054500,1320,5858.0,1475,110900,1470,255500,20073474600,20073474600,6989583856,4187600,7918400,80000,117600000,4
2024-09-18,AKRA,AKR Corporindo Tbk.,--SO1XDTMNS200A112------------,1480,1490,1490,1465,1465,-15,16032600,23643767000,2194,5838.0,1470,13300,1465,182800,20073474600,20073474600,6989583856,7126200,12448800,80000,117600000,4
2024-09-17,AKRA,AKR Corporindo Tbk.,--SO1XDTMNS200A112------------,1470,1470,1490,1445,1480,10,21005700,31069237500,4498,5897.8,1485,131000,1480,70900,20073474600,20073474600,6989583856,7103000,12114100,1074069,1226812120,6
2024-09-13,AKRA,AKR Corporindo Tbk.,--SO1XDTMNS200A112------------,1470,1480,1485,1455,1470,0,25941500,38123654000,3376,5858.0,1470,620600,1465,20000,20073474600,20073474600,6989583856,11979900,10109200,1935457,2841810990,7
2024-09-12,AKRA,AKR Corporindo Tbk.,--SO1XDTMNS200A112------------,1430,1445,1480,1440,1470,40,31056100,45410310500,3680,5858.0,1475,604500,1470,58800,20073474600,20073474600,6989583856,7187300,18470500,946000,1387463400,9
2024-09-11,AKRA,AKR Corporindo Tbk.,--SO1XDTMNS200A112------------,1435,1435,1455,1425,1430,-5,30513300,43973471000,3584,5698.6,1445,15600,1430,448500,20073474600,20073474600,6989583856,18627500,5592100,80012,114817160,5
2024-09-10,AKRA,AKR Corporindo Tbk.,--SO1XDTMNS200A112------------,1410,1415,1450,1415,1435,25,28906400,41468633500,3380,5718.5,1440,10200,1435,662900,20073474600,20073474600,6989583856,17055700,8908600,60075,85007250,3
2024-09-09,AKRA,AKR Corporindo Tbk.,--SO1XDTMNS200A112------------,1420,1420,1425,1400,1410,-10,37903200,53594217500,5849,5618.9,1415,16800,1410,318300,20073474600,20073474600,6989583856,30875600,17148300,60000,84600000,2
2024-09-06,AKRA,AKR Corporindo Tbk.,--SO1XDTMNS200A112------------,1435,1430,1435,1420,1420,-15,25575900,36407913000,4008,5658.7,1420,1000,1415,1174800,20073474600,20073474600,6989583856,18375600,1540900,5280000,7529220000,3
2024-09-05,AKRA,AKR Corporindo Tbk.,--SO1XDTMNS200A112------------,1435,1435,1435,1415,1435,0,28611500,40797395500,4592,5718.5,1435,171300,1430,20600,20073474600,20073474600,6989583856,13052500,8799900,12188300,17402397300,8
2024-09-04,AKRA,AKR Corporindo Tbk.,--SO1XDTMNS200A112------------,1475,1450,1455,1410,1435,-40,69195400,99094421000,11279,5718.5,1435,102000,1430,2700,20073474600,20073474600,6989583856,26888000,9103300,1285461,1839827145,3
2024-09-03,AKRA,AKR Corporindo Tbk.,--SO1XDTMNS200A112------------,1495,1495,1495,1455,1475,-20,23480400,34517843000,4036,5877.9,1475,575200,1470,100,20073474600,20073474600,6989583856,13698000,6557800,557882,822877180,2
2024-09-02,AKRA,AKR Corporindo Tbk.,--SO1XDTMNS200A112------------,1495,1495,1500,1475,1495,0,12960800,19235631000,2684,5957.6,1495,70400,1485,200,20073474600,20073474600,6989583856,5615600,3786800,585430,875217668,4
2024-08-30,AKRA,AKR Corporindo Tbk.,--SO1XDTMNS000A112------------,1480,1485,1500,1475,1495,15,14752800,21988529000,2301,5957.6,1495,1408800,1485,900,20073474600,20073474600,6989583856,6011400,10425000,6843000,10196070000,5
2024-08-29,AKRA,AKR Corporindo Tbk.,--SO1XDTMNS000A112------------,1505,1515,1515,1465,1480,-25,17757000,26245324500,4206,5897.8,1485,132600,1480,5400,20073474600,20073474600,6989583856,4208300,77800,3015000,4456170000,1
2024-08-28,AKRA,AKR Corporindo Tbk.,--SO1XDTMNS000A112------------,1485,1490,1510,1480,1505,20,14552500,21857200000,2876,5997.4,1510,356900,1505,129700,20073474600,20073474600,6989583856,2122200,1823700,0,0,0
2024-08-27,AKRA,AKR Corporindo Tbk.,--SO1XDTMNS000A112------------,1470,1470,1485,1470,1485,15,16105800,23801987000,4332,5917.7,1490,995400,1485,25700,20073474600,20073474600,6989583856,7975900,9344300,5750000,8487000000,2
2024-08-26,AKRA,AKR Corporindo Tbk.,--SO1XDTMNS000A112------------,1450,1455,1470,1450,1470,20,11643900,17015488000,2717,5858.0,1475,52100,1470,98900,20073474600,20073474600,6989583856,3029100,512900,34,49980,1
2024-08-23,AKRA,AKR Corporindo Tbk.,--SO1XDTMNS000A112------------,1460,1465,1485,1445,1450,-10,25527400,37324285500,5044,5778.3,1455,6000,1450,39500,20073474600,20073474600,6989583856,4708200,4428000,23612400,34461601700,3
2024-08-22,AKRA,AKR Corporindo Tbk.,XDSO1XDTMNS000A112------------,1500,1485,1500,1460,1460,-40,23827500,35192266500,5823,5818.1,1465,85100,1460,1790200,20073474600,20073474600,6989583856,7306200,700200,3425044,5045089240,2
2024-08-21,AKRA,AKR Corporindo Tbk.,XDSO1XDTMNS000A112------------,1510,1510,1510,1485,1500,-10,31377200,46971760000,3945,5977.5,1500,70800,1495,1600,20073474600,20073474600,6989583856,6232200,1131400,21984057,32826559375,8
2024-08-20,AKRA,AKR Corporindo Tbk.,XDSO1XDTMNS000A112------------,1505,1505,1510,1490,1510,5,29192200,43835313000,4150,6017.4,1510,168100,1505,2300,20073474600,20073474600,6989583856,8605500,15987500,6150000,9243875000,7
2024-08-19,AKRA,AKR Corporindo Tbk.,XDSO1XDTMNS000A112------------,1515,1520,1520,1490,1505,-10,14164300,21245994500,2987,5997.4,1510,353400,1505,180600,20073474600,20073474600,6989583856,9872000,3429600,9000000,13473000000,1
2024-08-16,AKRA,AKR Corporindo Tbk.,XDSO1XDTMNS000A112------------,1520,1530,1530,1510,1515,-5,9495000,14397791500,2111,6037.3,1520,118300,1515,651900,20073474600,20073474600,6989583856,3993900,3126200,5414700,8208685200,1
2024-08-15,AKRA,AKR Corporindo Tbk.,XDSO1XDTMNS000A112------------,1485,1490,1540,1490,1540,55,43755500,66662879000,5872,6136.9,1540,1499300,1535,5800,20073474600,20073474600,6989583856,9828300,32490800,0,0,0
2024-08-14,AKRA,AKR Corporindo Tbk.,XDSO1XDTMNS000A112------------,1485,1490,1540,1490,1540,55,43755500,66662879000,5872,6136.9,1540,1499300,1535,5800,20073474600,20073474600,6989583856,9828300,32490800,0,0,0
2024-08-13,AKRA,AKR Corporindo Tbk.,XDSO1XDTMNS000A112------------,1485,1485,1495,1465,1485,0,19820000,29419638000,3634,5917.7,1490,279700,1485,35500,20073474600,20073474600,6989583856,15210800,5498100,78,115830,1
2024-08-12,AKRA,AKR Corporindo Tbk.,XDSO1XDTMNS000A112------------,1450,1460,1495,1450,1485,35,20080600,29683591500,3384,5917.7,1485,33800,1480,201300,20073474600,20073474600,6989583856,6783700,7105500,0,0,0
2024-08-09,AKRA,AKR Corporindo Tbk.,XDSO1XDTMNS000A112------------,1420,1425,1465,1425,1450,30,25551400,37040135500,3943,5778.3,1455,7000,1450,50400,20073474600,20073474600,6989583856,7318700,9485200,42,60900,1
2024-08-08,AKRA,AKR Corporindo Tbk.,XDSO1XDTMNS000A112------------,1440,1435,1435,1415,1420,-20,14812500,21030502500,3868,5658.7,1425,76800,1420,2245700,20073474600,20073474600,6989583856,11485600,4119000,61,86620,1
2024-08-07,AKRA,AKR Corporindo Tbk.,XDSO1XDTMNS000A112------------,1405,1410,1445,1410,1440,35,36490300,52088121500,5594,5738.4,1440,559600,1435,116000,20073474600,20073474600,6989583856,21942400,24126900,1766575,2512070025,2
2024-08-06,AKRA,AKR Corporindo Tbk.,--SO1XDTMNS000A112------------,1405,1420,1425,1395,1405,0,36130900,50947126000,6219,5598.9,1405,18700,1400,1361700,20073474600,20073474600,6989583856,25366200,12294100,2197100,3097911000,1
2024-08-05,AKRA,AKR Corporindo Tbk.,--SO1XDTMNS000A112------------,1525,1480,1485,1390,1405,-120,76682000,110293435500,16989,5598.9,1405,667800,1400,335900,20073474600,20073474600,6989583856,52186800,14998500,0,0,0
2024-08-02,AKRA,AKR Corporindo Tbk.,CDSO1XDTMNS000A112------------,1520,1520,1535,1510,1525,5,44466400,67691112500,5792,6077.1,1530,482900,1525,3140500,20073474600,20073474600,6989583856,21908300,8312700,46,70150,1
2024-08-01,AKRA,AKR Corporindo Tbk.,CDSO1XDTMNS000A112------------,1515,1520,1525,1505,1520,5,43081000,65329712000,7597,6057.2,1520,1043500,1515,662200,20073474600,20073474600,6989583856,27880200,11095500,16350408,8866967779,64
2024-07-31,AKRA,AKR Corporindo Tbk.,CDSO1XDTMNS000A112------------,1530,1520,1525,1505,1525,-5,46187300,70022050000,7037,6077.1,1525,520100,1520,39900,20073474600,20073474600,6989583856,31147700,22789600,55,83270,1
2024-07-30,AKRA,AKR Corporindo Tbk.,CDSO1XDTMNS000A112------------,1530,1520,1525,1505,1525,-5,46187300,70022050000,7037,6077.1,1525,520100,1520,39900,20073474600,20073474600,6989583856,31147700,22789600,55,83270,1
2024-07-27,AKRA,AKR Corporindo Tbk.,--SO1XDTMNS000A112------------,1510,1515,1555,1505,1555,45,56522600,86641845500,7592,6196.7,1560,1254900,1555,108100,20073474600,20073474600,6989583856,23822800,37840300,5800000,8937800000,1
2024-07-26,AKRA,AKR Corporindo Tbk.,--SO1XDTMNS000A112------------,1510,1515,1555,1505,1555,45,56522600,86641845500,7592,6196.7,1560,1254900,1555,108100,20073474600,20073474600,6989583856,23822800,37840300,5800000,8937800000,1
2024-07-25,AKRA,AKR Corporindo Tbk.,--SO1XDTMNS000A112------------,1505,1505,1520,1500,1510,5,30671700,46278597500,7740,6017.4,1515,159100,1510,20200,20073474600,20073474600,6989583856,8236000,13953900,0,0,0
2024-07-24,AKRA,AKR Corporindo Tbk.,--SO1XDTMNS000A112------------,1505,1505,1510,1500,1505,0,17161700,25827831000,3827,5997.4,1510,360900,1505,15100,20073474600,20073474600,6989583856,10619000,11286200,0,0,0
2024-07-23,AKRA,AKR Corporindo Tbk.,--SO1XDTMNS000A112------------,1510,1510,1515,1500,1505,-5,14435800,21759996000,3929,5997.4,1510,71300,1505,1443100,20073474600,20073474600,6989583856,7485000,8500500,40,60200,1
2024-07-22,AKRA,AKR Corporindo Tbk.,--SO1XDTMNS000A112------------,1515,1515,1520,1505,1510,-5,22977900,34755504500,9168,6017.4,1515,144600,1510,60600,20073474600,20073474600,6989583856,13050300,9497200,5814935,8821256430,2
2024-07-19,AKRA,AKR Corporindo Tbk.,--SO1XDTMNS000A112------------,1520,1520,1525,1505,1515,-5,23974400,36255090000,7527,6037.3,1520,624200,1515,59800,20073474600,20073474600,6989583856,8070600,16464300,34041304,51742781260,34
2024-07-18,AKRA,AKR Corporindo Tbk.,--SO1XDTMNS000A112------------,1505,1510,1525,1505,1520,15,24084000,36536680000,9757,6057.2,1520,1053600,1515,962100,20073474600,20073474600,6989583856,4528100,5736300,5767500,8751242500,3
2024-07-17,AKRA,AKR Corporindo Tbk.,--SO1XDTMNS000A112------------,1505,1510,1510,1500,1505,0,9934200,14951701500,4362,5997.4,1505,206400,1500,2433400,20073474600,20073474600,6989583856,2085300,5954800,0,0,0
2024-07-16,AKRA,AKR Corporindo Tbk.,--SO1XDTMNS000A112------------,1505,1510,1530,1495,1505,0,40727000,61560084000,7555,5997.4,1510,397400,1505,95800,20073474600,20073474600,6989583856,8535600,8638400,2009192,3005752060,3
2024-07-12,AKRA,AKR Corporindo Tbk.,--SO1XDTMNS000A112------------,1505,1505,1520,1485,1500,-5,62642200,93981623000,6948,5977.5,1500,560900,1495,180200,20073474600,20073474600,6989583856,42903600,32773300,12372800,18720046400,58
2024-07-11,AKRA,AKR Corporindo Tbk.,--SO1XDTMNS000A112------------,1510,1515,1520,1505,1505,-5,39302500,59319892000,10170,5997.4,1510,85900,1505,2777800,20073474600,20073474600,6989583856,21594500,17138600,24712767,37268924270,62
2024-07-10,AKRA,AKR Corporindo Tbk.,--SO1XDTMNS000A112------------,1500,1500,1520,1500,1510,10,47426100,71516095000,10100,6017.4,1510,107900,1505,1383800,20073474600,20073474600,6989583856,23895800,27437100,38000000,57114000000,60
2024-07-09,AKRA,AKR Corporindo Tbk.,--SO1XDTMNS000A112------------,1515,1515,1520,1490,1500,-15,70559200,106082894500,8426,5977.5,1505,171500,1500,78300,20073474600,20073474600,6989583856,37311300,15391200,10000142,15080213000,4
2024-07-08,AKRA,AKR Corporindo Tbk.,--SO1XDTMNS000A112------------,1565,1565,1565,1480,1515,-50,116960300,176594203000,17767,6037.3,1515,745500,1510,78000,20073474600,20073474600,6989583856,38896900,43387200,4125000,6282995000,104
2024-07-05,AKRA,AKR Corporindo Tbk.,--SO1XDTMNS000A112------------,1580,1580,1580,1550,1565,-15,42352900,66223520500,5951,6236.6,1565,1066400,1560,326400,20073474600,20073474600,6989583856,16947600,8249200,0,0,0
2024-07-04,AKRA,AKR Corporindo Tbk.,--SO1XDTMNS000A112------------,1595,1600,1605,1570,1590,-5,24992500,39449076000,5325,6336.2,1590,36500,1585,47100,20073474600,20073474600,6989583856,8156500,5213000,2255300,3562884500,38
2024-07-03,AKRA,AKR Corporindo Tbk.,--SO1XDTMNS000A112------------,1595,1600,1605,1570,1590,-5,24992500,39449076000,5325,6336.2,1590,36500,1585,47100,20073474600,20073474600,6989583856,8156500,5213000,2255300,3562884500,38
2024-07-02,AKRA,AKR Corporindo Tbk.,--SO1XDTMNS000A112------------,1600,1605,1610,1585,1595,-5,22875200,36454694500,2998,6356.1,1600,335300,1595,1600,20073474600,20073474600,6989583856,5891100,9091700,14,22680,1
2024-07-01,AKRA,AKR Corporindo Tbk.,--SO1XDTMNS000A112------------,1620,1620,1620,1580,1600,-20,39977300,63826670500,5442,6376.0,1600,1368200,1595,75600,20073474600,20073474600,6989583856,15590700,15484000,6606129,10545817360,83
2024-06-28,AKRA,AKR Corporindo Tbk.,--SO1XDXMNS000A112------------,1640,1640,1650,1630,1645,5,14086000,23106609000,1965,6555.4,1645,3018200,1640,500,20073474600,20073474600,7156193695,7160000,9700700,1767375,2896728075,4
2024-06-27,AKRA,AKR Corporindo Tbk.,--SO1XDXMNS000A112------------,1635,1635,1650,1620,1640,5,13892700,22751823000,2373,6535.4,1645,3339700,1640,86400,20073474600,20073474600,7156193695,7376100,6583700,20000,33160000,1
2024-06-26,AKRA,AKR Corporindo Tbk.,--SO1XDXMNS000A112------------,1630,1635,1635,1610,1635,5,9270000,15091652500,1947,6515.5,1635,7900,1625,2700,20073474600,20073474600,7156193695,4431900,698700,3024575,4927033125,2
2024-06-25,AKRA,AKR Corporindo Tbk.,--SO1XDXMNS000A112------------,1630,1635,1635,1610,1635,5,9270000,15091652500,1947,6515.5,1635,7900,1625,2700,20073474600,20073474600,7156193695,4431900,698700,3024575,4927033125,2
2024-06-24,AKRA,AKR Corporindo Tbk.,--SO1XDXMNS000A112------------,1580,1580,1640,1565,1630,50,30591000,49492305000,5133,6495.6,1630,32800,1625,62800,20073474600,20073474600,7156193695,11875000,19714700,88,138600,1
2024-06-21,AKRA,AKR Corporindo Tbk.,--SO1XDXMNS000A112------------,1565,1565,1580,1560,1580,15,10846200,17092500500,1232,6296.3,1580,469000,1575,2000,20073474600,20073474600,7156193695,6748100,4462200,0,0,0
2024-06-20,AKRA,AKR Corporindo Tbk.,--SO1XDXMNS000A112------------,1580,1580,1585,1530,1565,-15,18016700,28185974500,3080,6236.6,1565,6400,1560,234500,20073474600,20073474600,7156193695,11091000,6047200,1645300,2593319400,2
2024-06-19,AKRA,AKR Corporindo Tbk.,--SO1XDXMNS000A112------------,1570,1570,1590,1565,1580,10,13150600,20769248000,2046,6296.3,1585,73900,1580,15000,20073474600,20073474600,7156193695,9678300,7503400,0,0,0
2024-06-14,AKRA,AKR Corporindo Tbk.,--SO1XDXMNS000A112------------,1590,1585,1595,1565,1570,-20,34268800,53945644000,3655,6256.5,1575,57900,1570,499600,20073474600,20073474600,7156193695,31680600,14261900,198,313106,5
2024-06-13,AKRA,AKR Corporindo Tbk.,--SO1XDXMNS000A112------------,1590,1590,1595,1575,1590,0,8741800,13879542000,1187,6336.2,1595,145300,1590,10100,20073474600,20073474600,7156193695,4484800,3510200,76,120840,3
2024-06-12,AKRA,AKR Corporindo Tbk.,--SO1XDXMNS000A112------------,1605,1625,1625,1570,1590,-15,33004100,52291179000,5888,6336.2,1590,50600,1585,100,20073474600,20073474600,7156193695,16280900,19093400,707200,1117626000,11
2024-06-11,AKRA,AKR Corporindo Tbk.,--SO1XDXMNS000A112------------,1620,1630,1640,1595,1605,-15,13570300,21872317000,3024,6396.0,1610,35400,1605,20700,20073474600,20073474600,7156193695,8756800,5979300,110,178840,2
2024-06-10,AKRA,AKR Corporindo Tbk.,--SO1XDXMNS000A112------------,1600,1600,1640,1600,1620,20,14436500,23471704500,3415,6455.7,1620,300,1615,182200,20073474600,20073474600,7156193695,5454900,5051900,5049,8002665,1
2024-06-07,AKRA,AKR Corporindo Tbk.,--SO1XDXMNS000A112------------,1590,1590,1605,1575,1600,10,5301400,8459117500,1559,6376.0,1605,87700,1600,252800,20073474600,20073474600,7156193695,2661400,1490900,5049,8002665,1
2024-06-06,AKRA,AKR Corporindo Tbk.,--SO1XDXMNS000A112------------,1570,1590,1590,1570,1590,20,4920800,7790113500,2115,6336.2,1590,25500,1580,8300,20073474600,20073474600,7156193695,2411900,934900,187,296152,4
2024-06-05,AKRA,AKR Corporindo Tbk.,--SO1XDXMNS000A112------------,1600,1595,1595,1565,1570,-30,11679700,18387936500,2818,6256.5,1575,500,1570,1166000,20073474600,20073474600,7156193695,5360000,4087800,2887000,4545229000,13
2024-06-04,AKRA,AKR Corporindo Tbk.,--SO1XDXMNS000A112------------,1605,1605,1615,1580,1600,-5,26482200,42270260000,3341,6376.0,1600,231500,1590,4900,20073474600,20073474600,7156193695,19676100,11562700,2500081,3992629519,4
2024-06-03,AKRA,AKR Corporindo Tbk.,XDSO1XDXMNS000A112------------,1600,1600,1615,1585,1605,5,38926500,62327255000,4187,6396.0,1605,52200,1600,1659800,20073474600,20073474600,7156193695,21534600,25200900,70,112015,2
2024-05-31,AKRA,AKR Corporindo Tbk.,XDSO1XDXMNS000A112------------,1625,1625,1630,1595,1600,-25,52085700,83701516500,5750,6376.0,1610,2600,1600,7098400,20073474600,20073474600,7156193695,35088900,32016100,136,218875,2
2024-05-30,AKRA,AKR Corporindo Tbk.,XDSO1XDXMNS000A112------------,1650,1650,1675,1615,1625,-25,24260800,39616138000,6323,6475.7,1625,1777100,1620,17700,20073474600,20073474600,7156193695,13599000,3045300,0,0,0
2024-05-29,AKRA,AKR Corporindo Tbk.,XDSO1XDXMNS000A112------------,1580,1585,1670,1580,1650,70,38063800,62070513000,6781,6575.3,1655,10700,1650,43700,20073474600,20073474600,7156193695,15527700,14909300,4896300,8083791300,1
2024-05-28,AKRA,AKR Corporindo Tbk.,XDSO1XDXMNS000A112------------,1580,1580,1585,1560,1580,0,33149900,52318547000,7509,6296.3,1580,102900,1575,760100,20073474600,20073474600,7156193695,15299900,16430500,68,107440,3
2024-05-27,AKRA,AKR Corporindo Tbk.,XDSO1XDXMNS000A112------------,1595,1590,1590,1565,1580,-15,11663200,18421052000,3685,6296.3,1580,10000,1575,32100,20073474600,20073474600,7156193695,8350300,5315500,3886900,6129641300,2
2024-05-22,AKRA,AKR Corporindo Tbk.,XDSO1XDXMNS000A112------------,1570,1575,1600,1565,1595,25,21673100,34499366000,4447,6356.1,1595,11333100,1590,75800,20073474600,20073474600,7156193695,13207700,9093900,27400,43703000,1
2024-05-21,AKRA,AKR Corporindo Tbk.,XDSO1XDXMNS000A112------------,1610,1615,1620,1565,1570,-40,25935800,41199725000,5836,6256.5,1580,106300,1570,37600,20073474600,20073474600,7156193695,18894000,13925000,2000000,3174000000,1
2024-05-20,AKRA,AKR Corporindo Tbk.,XDSO1XDXMNS000A112------------,1580,1585,1610,1585,1610,30,20667200,33096905500,5594,6415.9,1610,359900,1605,91700,20073474600,20073474600,7156193695,10194000,8664800,7000000,11218000000,2
2024-05-17,AKRA,AKR Corporindo Tbk.,XDSO1XDXMNS000A112------------,1580,1580,1580,1545,1580,0,45137600,70527654000,6181,6296.3,1580,506100,1575,781000,20073474600,20073474600,7156193695,19165200,30145700,10061500,15713206800,6
2024-05-16,AKRA,AKR Corporindo Tbk.,XDSO1XDXMNS000A112------------,1625,1625,1625,1570,1580,-45,38036500,60620209000,7754,6296.3,1580,98700,1575,48500,20073474600,20073474600,7156193695,28101500,13137700,17730500,28262795700,6
2024-05-15,AKRA,AKR Corporindo Tbk.,XDSO1XDXMNS000A112------------,1635,1635,1635,1600,1625,-10,29325100,47735437000,4051,6475.7,1625,11000,1620,61400,20073474600,20073474600,7156193695,16377400,20525700,6740210,10949802100,5
2024-05-14,AKRA,AKR Corporindo Tbk.,--SO1XDXMNS000A112------------,1650,1645,1650,1615,1635,-15,37598100,61559800500,5811,6515.5,1635,3600,1630,2300,20073474600,20073474600,7156193695,27280400,22363900,300900,491971500,6
2024-05-13,AKRA,AKR Corporindo Tbk.,--SO1XDXMNS000A112------------,1660,1625,1660,1610,1650,-10,29132900,47762410500,3525,6575.3,1650,27400,1645,400,20073474600,20073474600,7156193695,22276600,16759800,65,107250,1
2024-05-08,AKRA,AKR Corporindo Tbk.,CDSO1XDXMNS000A112------------,1660,1660,1670,1630,1660,0,24326100,40340429000,4742,6615.1,1670,52600,1660,200,20073474600,20073474600,7156193695,16385100,14541100,2831771,4695076460,2
2024-05-07,AKRA,AKR Corporindo Tbk.,CDSO1XDXMNS000A112------------,1680,1685,1685,1640,1660,-20,42058600,69863053500,5612,6615.1,1665,11000,1660,99200,20073474600,20073474600,7156193695,38043100,12138500,10070620,16636669950,7
2024-05-06,AKRA,AKR Corporindo Tbk.,CDSO1XDXMNS000A112------------,1650,1675,1695,1650,1680,30,25738900,43286225500,5817,6694.8,1685,320500,1680,2549100,20073474600,20073474600,7156193695,15121600,10918600,8273513,13934456720,8
2024-05-03,AKRA,AKR Corporindo Tbk.,CDSO1XDXMNS000A112------------,1650,1650,1665,1635,1650,0,25979800,42690414500,3882,6575.3,1650,455400,1640,23700,20073474600,20073474600,7156193695,12810100,13580800,2460800,4038172800,3
2024-05-02,AKRA,AKR Corporindo Tbk.,--SO1XDXMNS000A112------------,1675,1675,1675,1625,1650,-25,31920000,52556346000,5027,6575.3,1655,124000,1650,666500,20073474600,20073474600,7156193695,23629500,17884400,212,348872,3
2024-04-30,AKRA,AKR Corporindo Tbk.,--SO1XDXMNS000A112------------,1650,1650,1700,1645,1675,25,39874500,66776577000,4695,6674.9,1680,100,1675,2265400,20073474600,20073474600,7156193695,24373500,25460600,63062,104809850,4
2024-04-29,AKRA,AKR Corporindo Tbk.,--SO1XDXMNS000A112------------,1600,1630,1655,1580,1650,50,49231200,80845018500,4702,6575.3,1655,5100,1650,2751600,20073474600,20073474600,7156193695,35197200,34190200,38,62440,2
2024-04-26,AKRA,AKR Corporindo Tbk.,--SO1XDXMNS000A112------------,1735,1730,1730,1570,1600,-135,51436000,84374193500,8683,6376.0,1605,3000,1600,5099400,20073474600,20073474600,7156193695,30844000,22201900,1618600,2599590200,2
2024-04-25,AKRA,AKR Corporindo Tbk.,--SO1XDXMNS000A112------------,1790,1785,1785,1700,1735,-55,29677200,51661973500,4551,6914.0,1735,289000,1730,111000,20073474600,20073474600,7156193695,13073300,12461300,0,0,0
2024-04-24,AKRA,AKR Corporindo Tbk.,--SO1XDXMNS000A112------------,1800,1805,1810,1785,1790,-10,9951800,17857963500,2803,7133.2,1795,19100,1790,79100,20073474600,20073474600,7156193695,7109400,8073900,60,107780,2
2024-04-23,AKRA,AKR Corporindo Tbk.,--SO1XDXMNS000A112------------,1795,1800,1825,1780,1800,5,19361600,34874017500,3010,7173.0,1800,6200,1795,66300,20073474600,20073474600,7156193695,13351300,12232100,223,402419,4
2024-04-22,AKRA,AKR Corporindo Tbk.,--SO1XDXMNS000A112------------,1845,1850,1850,1770,1795,-50,28934700,52501524000,8310,7153.1,1800,43300,1795,11900,20073474600,20073474600,7156193695,9257900,17501900,2556400,4616858400,2
2024-04-19,AKRA,AKR Corporindo Tbk.,--SO1XDXMNS000A112------------,1850,1855,1860,1830,1845,-5,30275300,55808635500,4562,7352.4,1845,71400,1840,4500,20073474600,20073474600,7156193695,14067000,17610200,0,0,0
2024-04-18,AKRA,AKR Corporindo Tbk.,--SO1XDXMNS000A112------------,1795,1780,1860,1765,1850,55,74643800,136655324000,8456,7372.3,1850,1707500,1845,27100,20073474600,20073474600,7156193695,31950500,62951700,73200,130881600,1
2024-04-17,AKRA,AKR Corporindo Tbk.,--SO1XDXMNS000A112------------,1815,1820,1845,1760,1795,-20,33121500,59304716000,6583,7153.1,1795,100,1790,15700,20073474600,20073474600,7156193695,9522700,19149500,308304,503173698,3
2024-04-06,AKRA,AKR Corporindo Tbk.,--SO1XDXMNS000A112------------,1770,1770,1770,1725,1735,-35,16681800,28960702500,3227,6914.0,1740,494000,1735,200,20073474600,20073474600,7156193695,3079700,5894600,0,0,0
2024-04-05,AKRA,AKR Corporindo Tbk.,--SO1XDXMNS000A112------------,1770,1770,1770,1725,1735,-35,16681800,28960702500,3227,6914.0,1740,494000,1735,200,20073474600,20073474600,7156193695,3079700,5894600,0,0,0
2024-04-04,AKRA,AKR Corporindo Tbk.,--SO1XDXMNS000A112------------,1775,1785,1785,1755,1770,-5,18912700,33441493000,2612,7053.5,1770,139200,1765,53900,20073474600,20073474600,7156193695,5897600,7097200,833800,1474122700,12
2024-04-03,AKRA,AKR Corporindo Tbk.,--SO1XDXMNS000A112------------,1790,1790,1805,1765,1775,-15,21815700,39142970500,5439,7073.4,1790,31400,1775,168800,20073474600,20073474600,7156193695,12190600,12253000,221600,397772000,1
2024-04-02,AKRA,AKR Corporindo Tbk.,--SO1XDXMNS000A112------------,1710,1715,1790,1715,1790,80,46450500,81734089000,6493,7133.2,1790,735500,1785,10200,20073474600,20073474600,7156193695,8446900,22081200,50,89000,1
2024-04-01,AKRA,AKR Corporindo Tbk.,--SO1XDXMNS000A112------------,1720,1700,1710,1690,1710,-10,20971800,35686457500,2643,6814.4,1710,223700,1700,1200,20073474600,20073474600,7156193695,9037900,11619200,1108278,1892938200,3
2024-03-28,AKRA,AKR Corporindo Tbk.,--SO1XDXMNS000A112------------,1700,1705,1720,1690,1720,20,20960500,35777984000,2518,6854.2,1720,3145800,1715,1000,20073474600,20073474600,7294700670,5537400,12601800,58,99760,1
2024-03-27,AKRA,AKR Corporindo Tbk.,--SO1XDXMNS000A112------------,1725,1725,1725,1655,1700,-25,61247600,102790303000,8640,6774.5,1700,938100,1695,900,20073474600,20073474600,7294700670,19047900,33868900,941000,1567565000,3
2024-03-26,AKRA,AKR Corporindo Tbk.,--SO1XDXMNS000A112------------,1735,1745,1745,1715,1725,-10,41254600,71217722500,6361,6874.2,1725,1599200,1720,163800,20073474600,20073474600,7294700670,27396600,21595900,14739700,25424295400,5
2024-03-22,AKRA,AKR Corporindo Tbk.,--SO1XDXMNS000A112------------,1775,1770,1770,1675,1700,-75,67408500,115480492000,11313,6774.5,1705,1200,1700,254500,20073474600,20073474600,7294700670,14017900,28789900,18976100,32837264900,15
2024-03-21,AKRA,AKR Corporindo Tbk.,--SO1XDXMNS000A112------------,1795,1800,1825,1760,1775,-20,36692800,65448197500,4877,7073.4,1775,116500,1770,18800,20073474600,20073474600,7294700670,9737200,15070900,40139600,72912569200,11
2024-03-20,AKRA,AKR Corporindo Tbk.,--SO1XDXMNS000A112------------,1785,1785,1795,1780,1795,10,7949300,14217638000,1735,7153.1,1795,714500,1790,100100,20073474600,20073474600,7294700670,2714900,5164700,130,232650,2
2024-03-19,AKRA,AKR Corporindo Tbk.,--SO1XDXMNS000A112------------,1755,1760,1785,1760,1785,30,29797900,52733227000,2977,7113.3,1785,534400,1780,6000,20073474600,20073474600,7294700670,6294600,17929300,980010,1730577650,4
2024-03-18,AKRA,AKR Corporindo Tbk.,--SO1XDXMNS000A112------------,1750,1750,1775,1750,1755,5,29844600,52564490500,3364,6993.7,1760,700,1755,34400,20073474600,20073474600,7294700670,11405000,23626800,10000,17650000,1
2024-03-15,AKRA,AKR Corporindo Tbk.,--SO1XDXMNS000A112------------,1750,1750,1770,1745,1750,0,33497400,58743658500,3061,6973.8,1755,100,1750,200,20073474600,20073474600,7294700670,19797400,28588200,364590,641677500,3
2024-03-14,AKRA,AKR Corporindo Tbk.,--SO1XDXMNS000A112------------,1750,1755,1770,1735,1750,0,28332500,49617104000,3364,6973.8,1755,11000,1750,20000,20073474600,20073474600,7294700670,9161500,23146500,14,24500,1
2024-03-13,AKRA,AKR Corporindo Tbk.,--SO1XDXMNS000A112------------,1750,1750,1775,1750,1750,0,25094900,44088433000,3371,6973.8,1755,136200,1750,2637200,20073474600,20073474600,7294700670,11396700,18680900,833900,1465162300,1
2024-03-08,AKRA,AKR Corporindo Tbk.,--SO1XDXMNS000A112------------,1785,1785,1790,1750,1750,-35,17107700,30211077000,1919,6973.8,1760,10300,1750,402400,20073474600,20073474600,7294700670,6504600,5580500,2519500,4472112500,4
2024-03-07,AKRA,AKR Corporindo Tbk.,--SO1XDXMNS000A112------------,1790,1790,1795,1750,1785,-5,17969900,32041962500,3653,7113.3,1790,58300,1780,43700,20073474600,20073474600,7294700670,11299000,4529500,8,14280,1
2024-03-06,AKRA,AKR Corporindo Tbk.,--SO1XDXMNS000A112------------,1790,1790,1810,1770,1790,0,41290100,74160641000,2772,7133.2,1790,402400,1785,24100,20073474600,20073474600,7294700670,16870900,4923200,36500000,66055000000,5
2024-03-05,AKRA,AKR Corporindo Tbk.,--SO1XDXMNS000A112------------,1750,1750,1795,1720,1790,40,28450100,50660456500,4406,7133.2,1795,932300,1790,3100,20073474600,20073474600,7294700670,12744800,12491200,90,161050,2
2024-03-04,AKRA,AKR Corporindo Tbk.,--SO1XDXMNS000A112------------,1750,1760,1775,1745,1750,0,25838900,45286751500,3386,6973.8,1750,74600,1745,617100,20073474600,20073474600,7294700670,21652500,8806000,0,0,0
2024-03-01,AKRA,AKR Corporindo Tbk.,--SO1XDXMNS000A112------------,1700,1700,1775,1700,1750,50,56670000,99233060500,6912,6973.8,1755,676700,1750,1001400,20073474600,20073474600,7294700670,29004500,25088300,5716028,9442248636,10
2024-02-29,AKRA,AKR Corporindo Tbk.,--SO1XDXMNS000A112------------,1670,1675,1745,1655,1700,30,111858900,191648749500,9402,6774.5,1705,32900,1700,9360500,20073474600,20073474600,7294700670,67408200,45216200,4031070,6910945170,42
2024-02-28,AKRA,AKR Corporindo Tbk.,--SO1XDXMNS000A112------------,1620,1635,1670,1615,1655,35,47246800,77830203500,5012,6595.2,1660,27600,1655,195200,20073474600,20073474600,7294700670,25680700,16864100,19356300,31744114400,60
2024-02-27,AKRA,AKR Corporindo Tbk.,--SO1XDXMNS000A112------------,1620,1635,1670,1615,1655,35,47246800,77830203500,5012,6595.2,1660,27600,1655,195200,20073474600,20073474600,7294700670,25680700,16864100,19356300,31744114400,60
2024-02-26,AKRA,AKR Corporindo Tbk.,--SO1XDXMNS000A112------------,1630,1630,1630,1605,1620,-10,19059900,30877980000,3459,6455.7,1620,107700,1610,156800,20073474600,20073474600,7294700670,14988300,7650900,22700140,36769252225,117
2024-02-23,AKRA,AKR Corporindo Tbk.,--SO1XDXMNS000A112------------,1630,1630,1630,1610,1630,0,12938100,20987157500,1568,6495.6,1630,418300,1620,300,20073474600,20073474600,7294700670,9668200,6629100,85391400,137926864000,143
2024-02-22,AKRA,AKR Corporindo Tbk.,--SO1XDXMNS000A112------------,1620,1620,1635,1610,1630,10,17176000,27940338000,3249,6495.6,1630,482600,1625,3000,20073474600,20073474600,7294700670,11402200,10197000,7007900,11391487200,4
2024-02-21,AKRA,AKR Corporindo Tbk.,--SO1XDXMNS000A112------------,1615,1625,1625,1610,1620,5,15786600,25522303500,1763,6455.7,1620,10300,1610,13000,20073474600,20073474600,7294700670,10050600,10921400,1500000,2418000000,1
2024-02-20,AKRA,AKR Corporindo Tbk.,--SO1XDXMNS000A112------------,1620,1620,1630,1610,1615,-5,15396400,24965984500,2369,6435.8,1620,4600,1615,128100,20073474600,20073474600,7294700670,9634200,13553800,360670,584285050,4
2024-02-19,AKRA,AKR Corporindo Tbk.,--SO1XDXMNS000A112------------,1625,1625,1630,1605,1620,-5,14713800,23797086500,1934,6455.7,1620,400,1610,64000,20073474600,20073474600,7294700670,7753500,8471100,7893600,12752323200,2
2024-02-16,AKRA,AKR Corporindo Tbk.,--SO1XDXMNS000A112------------,1640,1640,1645,1600,1625,-15,30025900,48509840500,3100,6475.7,1625,76100,1620,2100,20073474600,20073474600,7294700670,12898400,14915800,44147734,71099989650,11
2024-02-15,AKRA,AKR Corporindo Tbk.,--SO1XDXMNS000A112------------,1635,1625,1650,1620,1640,5,42268900,69277372500,3511,6535.4,1645,55100,1640,25700,20073474600,20073474600,7294700670,28255200,26761600,28581758,46755681120,7
2024-02-13,AKRA,AKR Corporindo Tbk.,--SO1XDXMNS000A112------------,1620,1630,1650,1620,1630,10,15631900,25498747000,2099,6495.6,1635,21500,1630,35200,20073474600,20073474600,7294700670,7447200,8992200,748500,1220055000,2
2024-02-12,AKRA,AKR Corporindo Tbk.,--SO1XDXMNS000A112------------,1620,1630,1650,1620,1630,10,15631900,25498747000,2099,6495.6,1635,21500,1630,35200,20073474600,20073474600,7294700670,7447200,8992200,748500,1220055000,2
2024-02-07,AKRA,AKR Corporindo Tbk.,--SO1XDXMNS000A112------------,1630,1630,1640,1610,1620,-10,9688700,15717398500,2087,6455.7,1625,20000,1620,200,20073474600,20073474600,7294700670,5774200,1843800,1871530,3036309800,7
2024-02-06,AKRA,AKR Corporindo Tbk.,--SO1XDXMNS000A112------------,1605,1620,1645,1605,1630,25,20643800,33629532000,2976,6495.6,1635,8700,1630,74700,20073474600,20073474600,7294700670,8348300,6843700,0,0,0
2024-02-05,AKRA,AKR Corporindo Tbk.,--SO1XDXMNS000A112------------,1590,1600,1615,1585,1605,15,24985800,40086113500,1665,6396.0,1610,32300,1605,71700,20073474600,20073474600,7294700670,12217000,17170900,1288555,2061688000,2
2024-02-02,AKRA,AKR Corporindo Tbk.,--SO1XDXMBS000A112------------,1610,1620,1625,1590,1590,-20,31878300,51051924500,3540,6336.2,1600,10100,1590,12000,20073474600,20073474600,7294700670,24447200,20036700,413521,661634430,5
2024-02-01,AKRA,AKR Corporindo Tbk.,--SO1XKXMBS000A112------------,1635,1635,1650,1610,1620,-15,32066600,51986821000,2807,6455.7,1620,49100,1615,13300,20073474600,20073474600,7294700670,23610900,13333600,3500084,5677136080,10
2024-01-31,AKRA,AKR Corporindo Tbk.,--SO1XKXMBS000A112------------,1635,1635,1650,1610,1620,-15,32066600,51986821000,2807,6455.7,1620,49100,1615,13300,20073474600,20073474600,7294700670,23610900,13333600,3500084,5677136080,10
2024-01-30,AKRA,AKR Corporindo Tbk.,--SO1XKXMBS000A112------------,1635,1635,1650,1605,1635,0,24423800,39798657000,3672,6515.5,1635,23500,1630,15000,20073474600,20073474600,7294700670,19507300,9474000,0,0,0
2024-01-29,AKRA,AKR Corporindo Tbk.,--SO1XKXMBS000A112------------,1680,1690,1690,1625,1635,-45,40945300,67428011000,5753,6515.5,1640,8500,1635,106800,20073474600,20073474600,7294700670,23644300,9194300,11726800,19287086000,16
2024-01-26,AKRA,AKR Corporindo Tbk.,--SO1XKXMBS000A112------------,1650,1665,1695,1665,1680,30,30956100,51933634000,4727,6694.8,1680,27800,1675,35100,20073474600,20073474600,7294700670,13443100,10969100,700100,1176168000,2
2024-01-25,AKRA,AKR Corporindo Tbk.,--SO1XKXMBS000A112------------,1650,1650,1660,1620,1650,0,20692400,33981902500,2089,6575.3,1655,5300,1650,1901500,20073474600,20073474600,7294700670,13267400,8499900,9020100,14691665000,27
2024-01-24,AKRA,AKR Corporindo Tbk.,--SO1XKXMBS000A112------------,1650,1665,1665,1635,1650,0,11708900,19341920500,2239,6575.3,1655,46400,1650,200,20073474600,20073474600,7294700670,7279500,5986200,10907000,18015543000,29
2024-01-23,AKRA,AKR Corporindo Tbk.,--SO1XKXMBS000A112------------,1635,1645,1670,1630,1650,15,33771800,55554637000,4838,6575.3,1655,55700,1650,65900,20073474600,20073474600,7294700670,23588300,11153500,0,0,0
2024-01-22,AKRA,AKR Corporindo Tbk.,--SO1XKXMBS000A112------------,1625,1625,1665,1620,1635,10,44882500,73915332000,7084,6515.5,1645,210600,1635,35900,20073474600,20073474600,7294700670,25907000,16814200,200050,329082500,2
2024-01-19,AKRA,AKR Corporindo Tbk.,--SO1XKXMBS000A112------------,1610,1600,1640,1595,1625,15,24248800,39457702500,8121,6475.7,1630,199700,1625,17200,20073474600,20073474600,7294700670,12591000,5026600,5092658,8270934630,16
2024-01-18,AKRA,AKR Corporindo Tbk.,--SO1XKXMBS000A112------------,1610,1600,1620,1580,1610,0,20247200,32419825500,2756,6415.9,1610,6000,1605,24100,20073474600,20073474600,7294700670,12687200,8558300,3421462,5485537120,16
2024-01-17,AKRA,AKR Corporindo Tbk.,--SO1XKXMBS000A112------------,1580,1600,1640,1595,1610,30,49950600,80423446500,6603,6415.9,1615,23200,1610,80900,20073474600,20073474600,7294700670,14188900,30723200,20000000,32100000000,1
2024-01-16,AKRA,AKR Corporindo Tbk.,--SO1XKXMBS000A112------------,1565,1570,1645,1560,1580,15,47221300,75839480500,7013,6296.3,1580,263500,1575,199000,20073474600,20073474600,7294700670,16343500,22240600,520000,853320000,1
2024-01-15,AKRA,AKR Corporindo Tbk.,--SO1XKXMBS000A112------------,1560,1560,1580,1560,1565,5,15449000,24217313000,2508,6236.6,1565,3848800,1560,79300,20073474600,20073474600,7294700670,9306700,6191400,17414100,27324965200,6
2024-01-12,AKRA,AKR Corporindo Tbk.,--SO1XKXMBS000A112------------,1545,1555,1570,1550,1560,15,14347100,22394266000,1978,6216.6,1560,130700,1555,500,20073474600,20073474600,7294700670,2909800,6144700,0,0,0
2024-01-11,AKRA,AKR Corporindo Tbk.,--SO1XKXMBS000A112------------,1565,1560,1560,1540,1545,-20,11928400,18472717000,1933,6156.9,1550,153100,1545,324700,20073474600,20073474600,7294700670,9383200,4850800,10040600,15545648800,2
2024-01-10,AKRA,AKR Corporindo Tbk.,--SO1XKXMBS000A112------------,1550,1565,1575,1540,1565,15,19032600,29639261000,2488,6236.6,1565,6900,1560,62200,20073474600,20073474600,7294700670,12151100,9543100,334600,521976000,1
2024-01-09,AKRA,AKR Corporindo Tbk.,--SO1XKXMBS000A112------------,1550,1550,1555,1525,1550,0,20394800,31482917500,2664,6176.8,1550,17134100,1545,43000,20073474600,20073474600,7294700670,6194300,13057600,436900,673262900,1
2024-01-08,AKRA,AKR Corporindo Tbk.,--SO1XKXMBS000A112------------,1565,1570,1585,1540,1550,-15,30316100,47204775500,3169,6176.8,1555,17100,1550,16500,20073474600,20073474600,7294700670,15377100,24165100,713500,1111633000,1
2024-01-05,AKRA,AKR Corporindo Tbk.,--SO1XKXMBS000A112------------,1580,1580,1585,1555,1565,-15,22261800,34973987500,4350,6236.6,1570,68600,1565,575800,20073474600,20073474600,7294700670,5703300,15281000,1835212,2883117980,2
2024-01-04,AKRA,AKR Corporindo Tbk.,--SO1XKXMBS000A112------------,1515,1515,1615,1500,1580,65,61948300,97803296000,10703,6296.3,1580,28700,1575,3004800,20073474600,20073474600,7294700670,14690800,36524100,0,0,0
2024-01-03,AKRA,AKR Corporindo Tbk.,--SO1XKXMBS000A112------------,1500,1500,1525,1485,1515,15,25552200,38662067000,5892,6037.3,1515,37000,1510,24900,20073474600,20073474600,7294700670,5444700,22369500,92,138080,2
2024-01-02,AKRA,AKR Corporindo Tbk.,--SO1XKXMBS000A112------------,1475,1480,1500,1475,1500,25,19729600,29487354500,2687,5977.5,1500,2025300,1495,19900,20073474600,20073474600,7294700670,4453400,14507700,90,134550,1
2023-12-29,AKRA,AKR Corporindo Tbk.,--SO1XKXMBS000A112------------,1445,1450,1490,1435,1475,30,34881900,51412434000,3328,5877.9,1475,724300,1470,199600,20073474600,20073474600,7395068043,15536200,27175100,3402,6088900,2
2023-12-28,AKRA,AKR Corporindo Tbk.,--SO1XKXMBS000A112------------,1445,1445,1455,1425,1445,0,12812800,18474961500,1937,5758.3,1445,99900,1440,1500,20073474600,20073474600,7395068043,6057300,7897500,0,0,0
2023-12-27,AKRA,AKR Corporindo Tbk.,--SO1XKXMBS000A112------------,1450,1450,1455,1415,1445,-5,23186700,33474991500,3467,5758.3,1450,15100,1445,2630900,20073474600,20073474600,7395068043,13290700,9416300,3678700,5311793500,3
2023-12-22,AKRA,AKR Corporindo Tbk.,--SO1XKXMBS000A112------------,1435,1435,1450,1425,1450,15,8475500,12237265500,1772,5778.3,1450,27700,1445,26800,20073474600,20073474600,7395068043,4112200,3198700,507100,751768500,3
2023-12-21,AKRA,AKR Corporindo Tbk.,--SO1XKXMBS000A112------------,1450,1450,1450,1415,1435,-15,10587200,15085076500,3119,5718.5,1435,147300,1430,10300,20073474600,20073474600,7395068043,2504600,1968900,9468000,13619126000,11
2023-12-20,AKRA,AKR Corporindo Tbk.,--SO1XKXMBS000A112------------,1450,1455,1470,1435,1450,0,4958300,7191104500,1590,5778.3,1450,70000,1445,100,20073474600,20073474600,7395068043,2327000,2213100,35857400,43201714000,12
2023-12-19,AKRA,AKR Corporindo Tbk.,--SO1XKXMBS000A112------------,1440,1460,1465,1445,1450,10,16786700,24413676500,3011,5778.3,1455,1500,1450,24600,20073474600,20073474600,7395068043,10211900,10283900,10,14500,1
2023-12-18,AKRA,AKR Corporindo Tbk.,--SO1XKXMBS000A112------------,1465,1465,1475,1435,1440,-25,13052600,18937204500,6931,5738.4,1450,5000,1440,11400,20073474600,20073474600,7395068043,5567700,8052300,6814942,7842615080,3
2023-12-15,AKRA,AKR Corporindo Tbk.,--SO1XKXMBS000A112------------,1450,1460,1465,1440,1465,15,11478200,16707351000,2711,5838.0,1465,613600,1460,1500,20073474600,20073474600,7395068043,6624800,7247000,3007252,4323208180,16
2023-12-14,AKRA,AKR Corporindo Tbk.,--SO1XKXMBS000A112------------,1400,1405,1460,1395,1450,50,39750600,57118458500,4123,5778.3,1455,130500,1450,921600,20073474600,20073474600,7395068043,12462900,20446900,5102200,7325877600,15
2023-12-13,AKRA,AKR Corporindo Tbk.,--SO1XKXMBS000A112------------,1400,1415,1415,1385,1400,0,7185000,10084165500,3201,5579.0,1405,8900,1400,2355000,20073474600,20073474600,7395068043,4907000,2458100,0,0,0
2023-12-12,AKRA,AKR Corporindo Tbk.,--SO1XKXMBS000A112------------,1400,1400,1425,1400,1400,0,16966300,23928837500,3889,5579.0,1405,300,1400,1315300,20073474600,20073474600,7395068043,10411300,8010500,96,134400,1
2023-12-11,AKRA,AKR Corporindo Tbk.,--SO1XKXMBS000A112------------,1395,1400,1415,1380,1400,5,20048500,28063173500,3698,5579.0,1405,85000,1400,23300,20073474600,20073474600,7395068043,8157500,1994100,33,46167,2
2023-12-08,AKRA,AKR Corporindo Tbk.,--SO1XKXMBS000A112------------,1335,1340,1405,1340,1395,60,46031900,63260181500,5256,5559.1,1395,825400,1390,2100,20073474600,20073474600,7395068043,7931600,15216600,10000000,13838000000,88
2023-12-07,AKRA,AKR Corporindo Tbk.,--SO1XKXMBS000A112------------,1400,1395,1395,1330,1335,-65,52791100,71250811500,6302,5320.0,1340,306000,1335,827600,20073474600,20073474600,7395068043,8395900,5666200,12902700,17558749500,110
2023-12-06,AKRA,AKR Corporindo Tbk.,--SO1XKXMBS000A112------------,1405,1410,1410,1380,1400,-5,25699400,35725111000,6340,5579.0,1400,149100,1390,6200,20073474600,20073474600,7395068043,12375400,1365900,5466600,7593458700,10
2023-12-05,AKRA,AKR Corporindo Tbk.,--SO1XKXMBS000A112------------,1405,1405,1405,1380,1405,0,17370700,24221367000,3370,5598.9,1405,183100,1400,12700,20073474600,20073474600,7395068043,7208600,2279600,6047140,8437318600,17
2023-12-04,AKRA,AKR Corporindo Tbk.,--SO1XKXMBS000A112------------,1435,1430,1435,1385,1405,-30,39968900,56077772000,6452,5598.9,1410,145000,1405,85200,20073474600,20073474600,7395068043,17480400,4569100,13739315,19246122000,30
2023-12-01,AKRA,AKR Corporindo Tbk.,--SO1XKXMBS000A112------------,1435,1435,1450,1430,1435,0,11839500,17023278500,4282,5718.5,1440,300,1435,37300,20073474600,20073474600,7395068043,8007000,1602800,28753,50985260,3
2023-11-30,AKRA,AKR Corporindo Tbk.,--SO1XKXMBS000A112------------,1445,1440,1450,1430,1435,-10,22778300,32757059500,5042,5718.5,1435,119200,1430,1025900,20073474600,20073474600,7395068043,12198300,6385000,6000,8669000,4
2023-11-29,AKRA,AKR Corporindo Tbk.,--SO1XKXMBS000A112------------,1430,1435,1460,1435,1445,15,15331500,22212367500,2455,5758.3,1445,101100,1440,372400,20073474600,20073474600,7395068043,6728400,7204200,598695,865712695,4
2023-11-28,AKRA,AKR Corporindo Tbk.,--SO1XKXMBS000A112------------,1440,1440,1450,1420,1430,-10,14789400,21230301000,3683,5698.6,1435,1000,1430,713300,20073474600,20073474600,7395068043,13574200,3122300,50,72000,1
2023-11-27,AKRA,AKR Corporindo Tbk.,--SO1XKXMBS000A112------------,1450,1450,1460,1440,1440,-10,2957100,4272253000,1760,5738.4,1445,5000,1440,200000,20073474600,20073474600,7395068043,2020500,298600,25290,36569700,2
2023-11-24,AKRA,AKR Corporindo Tbk.,--SO1XKXMBS000A112------------,1450,1450,1460,1440,1450,0,3788700,5488139000,1348,5778.3,1455,33000,1450,105900,20073474600,20073474600,7395068043,1191100,398100,14369,20835050,3
2023-11-23,AKRA,AKR Corporindo Tbk.,--SO1XKXMBS000A112------------,1460,1460,1460,1435,1450,-10,11927300,17209120000,2102,5778.3,1450,214700,1440,30200,20073474600,20073474600,7395068043,5006500,315200,0,0,0
2023-11-22,AKRA,AKR Corporindo Tbk.,XDSO1XKXMBS000A112------------,1455,1455,1465,1445,1460,5,2385500,3473547000,874,5818.1,1465,316900,1460,15300,20073474600,20073474600,7395068043,688500,455600,207,301185,4
2023-11-21,AKRA,AKR Corporindo Tbk.,XDSO1XKXMBS000A112------------,1460,1470,1470,1435,1455,-5,13208500,19098564000,2822,5798.2,1460,297700,1455,171000,20073474600,20073474600,7395068043,9629300,4583100,0,0,0
2023-11-20,AKRA,AKR Corporindo Tbk.,XDSO1XKXMBS000A112------------,1430,1435,1460,1435,1460,30,8876000,12897712000,1442,5818.1,1465,653500,1460,296600,20073474600,20073474600,7395068043,1719900,4548400,0,0,0
2023-11-17,AKRA,AKR Corporindo Tbk.,XDSO1XKXMBS000A112------------,1455,1450,1455,1425,1430,-25,16970700,24364232500,3897,5698.6,1435,27800,1430,676700,20073474600,20073474600,7395068043,7393300,6016300,2824568,4049607236,3
2023-11-16,AKRA,AKR Corporindo Tbk.,XDSO1XKXMBS000A112------------,1465,1465,1475,1445,1455,-10,11483100,16692627000,2770,5798.2,1455,3000,1450,21500,20073474600,20073474600,7395068043,4619100,5329900,0,0,0
2023-11-15,AKRA,AKR Corporindo Tbk.,XDSO1XKXMBS000A112------------,1455,1465,1485,1465,1465,10,8905800,13138060000,1950,5838.0,1470,1300,1465,66200,20073474600,20073474600,7395068043,3296600,3958600,56,82040,1
2023-11-14,AKRA,AKR Corporindo Tbk.,XDSO1XKXMBS000A112------------,1455,1460,1465,1450,1455,0,4506100,6571146500,1617,5798.2,1460,29800,1455,203300,20073474600,20073474600,7395068043,2438900,2823500,36891400,53935226800,1
2023-11-13,AKRA,AKR Corporindo Tbk.,XDSO1XKXMBS000A112------------,1435,1440,1460,1440,1455,20,5963400,8647722500,2328,5798.2,1455,315600,1450,633300,20073474600,20073474600,7395068043,443700,3301600,0,0,0
2023-11-10,AKRA,AKR Corporindo Tbk.,XDSO1XKXMBS000A112------------,1475,1475,1475,1435,1435,-40,17471800,25162690000,7483,5718.5,1440,67600,1435,2060900,20073474600,20073474600,7395068043,6500800,1595500,11300,16667500,1
2023-11-09,AKRA,AKR Corporindo Tbk.,XDSO1XKXMBS000A112------------,1475,1475,1495,1465,1475,0,5519600,8152523500,2486,5877.9,1475,3106500,1470,279600,20073474600,20073474600,7395068043,2846600,795400,11900,17552500,1
2023-11-08,AKRA,AKR Corporindo Tbk.,XDSO1XKXMBS000A112------------,1490,1490,1500,1460,1475,-15,13831300,20400430000,4544,5877.9,1480,13200,1475,91200,20073474600,20073474600,7395068043,7693400,417400,6036037,8903154575,2
2023-11-07,AKRA,AKR Corporindo Tbk.,XDSO1XKXMBS000A112------------,1505,1505,1515,1485,1490,-15,10785400,16158880000,2578,5937.7,1490,90300,1485,172400,20073474600,20073474600,7395068043,4957700,1746700,28,41720,1
2023-11-06,AKRA,AKR Corporindo Tbk.,--SO1XKXMBS000A112------------,1475,1500,1515,1480,1505,30,17383400,25989553000,2649,5997.4,1505,16400,1500,29100,20073474600,20073474600,7395068043,6350100,2005100,31189,46719520,2
2023-11-03,AKRA,AKR Corporindo Tbk.,--SO1XKXMBS000A112------------,1475,1465,1500,1450,1475,0,25459300,37635697500,5734,5877.9,1475,42300,1470,490200,20073474600,20073474600,7395068043,15710300,8861500,18900,27877500,1
2023-11-02,AKRA,AKR Corporindo Tbk.,CDSO1XKXMBS000A112------------,1505,1505,1540,1475,1475,-30,27258800,41072486500,4812,5877.9,1480,7400,1475,341400,20073474600,20073474600,7395068043,10529300,1743300,2848268,4274393100,30
2023-11-01,AKRA,AKR Corporindo Tbk.,CDSO1XKXMBS000A112------------,1490,1490,1515,1475,1505,15,30492600,45718749500,6582,5997.4,1505,119500,1500,20700,20073474600,20073474600,7395068043,11741700,12041900,275,413174,5
2023-10-31,AKRA,AKR Corporindo Tbk.,CDSO1XKXMBS000A112------------,1450,1460,1495,1445,1490,40,33516800,49390375500,6688,5937.7,1490,219900,1485,54600,20073474600,20073474600,7395068043,18042300,16687300,187097,273537770,6
2023-10-30,AKRA,AKR Corporindo Tbk.,CDSO1XKXMBS000A112------------,1440,1450,1470,1445,1450,10,23490000,34295652000,5802,5778.3,1455,85500,1450,195100,20073474600,20073474600,7395068043,13245500,9725400,94,137240,1
2023-10-27,AKRA,AKR Corporindo Tbk.,CDSO1XKXMBS000A112------------,1435,1435,1460,1420,1440,5,27582200,39955008000,4388,5738.4,1455,295700,1440,235200,20073474600,20073474600,7395068043,18633900,17806800,16125200,23394691000,14
2023-10-26,AKRA,AKR Corporindo Tbk.,--SO1XKXMBS000A112------------,1440,1445,1455,1415,1435,-5,57202300,81812632000,10186,5718.5,1435,918000,1430,2000,20073474600,20073474600,7395068043,46787100,15911300,7823954,11289965460,11
2023-10-25,AKRA,AKR Corporindo Tbk.,--SO1XKXMBS000A112------------,1460,1450,1465,1425,1440,-20,58138300,84017245500,8455,5738.4,1440,342900,1435,505900,20073474600,20073474600,7395068043,41818200,17356800,80205200,112848716400,1
2023-10-24,AKRA,AKR Corporindo Tbk.,--SO1XKXMBS000A112------------,1450,1450,1475,1400,1460,10,34390900,49915828500,5020,5818.1,1465,6000,1460,58400,20073474600,20073474600,7395068043,23979100,6552900,15955600,23170176000,7
2023-10-23,AKRA,AKR Corporindo Tbk.,--SO1XKXMBS000A112------------,1455,1455,1460,1430,1450,-5,17338100,25053558000,4771,5778.3,1455,71200,1450,63100,20073474600,20073474600,7395068043,7494700,7677000,2500100,3622644000,2
2023-10-20,AKRA,AKR Corporindo Tbk.,--SO1XKXMBS000A112------------,1440,1450,1465,1435,1455,15,20551200,29792871000,3714,5798.2,1455,18200,1450,83000,20073474600,20073474600,7395068043,12843000,2618400,15307900,22216663900,3
2023-10-19,AKRA,AKR Corporindo Tbk.,--SO1XKXMBS000A112------------,1440,1440,1480,1430,1440,0,44708700,64601803000,5629,5738.4,1445,9000,1435,105300,20073474600,20073474600,7395068043,30020900,11639400,29803600,43107184000,3
2023-10-18,AKRA,AKR Corporindo Tbk.,--SO1XKXMBS000A112------------,1440,1440,1455,1430,1440,0,127002000,182927914000,5198,5738.4,1445,11700,1440,182600,20073474600,20073474600,7395068043,107700800,77124600,34670572,49667223980,101
2023-10-17,AKRA,AKR Corporindo Tbk.,--SO1XKXMBS000A112------------,1445,1450,1455,1425,1440,-5,31657200,45701178000,5082,5738.4,1445,20500,1440,93000,20073474600,20073474600,7395068043,22565000,6141800,161000,231840000,1
2023-10-16,AKRA,AKR Corporindo Tbk.,--SO1XKXMBS000A112------------,1460,1485,1490,1440,1445,-15,21321900,31164010500,3973,5758.3,1450,12500,1445,100600,20073474600,20073474600,7395068043,9462000,7362800,0,0,0
2023-10-13,AKRA,AKR Corporindo Tbk.,--SO1XKXMBS000A112------------,1445,1455,1475,1450,1460,15,12721200,18587597000,3542,5818.1,1465,390300,1460,175700,20073474600,20073474600,7395068043,7463600,7060500,1149965,1703532650,6
2023-10-12,AKRA,AKR Corporindo Tbk.,--SO1XKXMBS000A112------------,1455,1455,1465,1435,1445,-10,11776300,17033123000,3092,5758.3,1450,231900,1445,755400,20073474600,20073474600,7395068043,5222800,6334200,185700,268336500,1
2023-10-11,AKRA,AKR Corporindo Tbk.,--SO1XKXMBS000A112------------,1460,1460,1475,1440,1455,-5,54585900,79565794500,6890,5798.2,1460,2500,1455,1000,20073474600,20073474600,7395068043,48631200,41290200,3850058,5601834300,4
2023-10-10,AKRA,AKR Corporindo Tbk.,--SO1XKXMBS000A112------------,1490,1500,1510,1455,1460,-30,29784300,43945554000,4877,5818.1,1465,4300,1460,2721500,20073474600,20073474600,7395068043,14838000,10272500,523100,753064000,2
2023-10-09,AKRA,AKR Corporindo Tbk.,--SO1XKXMBS000A112------------,1420,1475,1495,1450,1490,70,68316600,100602135500,7872,5937.7,1490,202600,1485,48700,20073474600,20073474600,7395068043,27190100,18397300,31993800,45111258000,1
2023-10-06,AKRA,AKR Corporindo Tbk.,--SO1XKXMBS000A112------------,1405,1405,1420,1395,1420,15,24624700,34627088500,5023,5658.7,1420,190600,1415,282300,20073474600,20073474600,7395068043,16469800,13644800,133,188860,2
2023-10-05,AKRA,AKR Corporindo Tbk.,--SO1XKXMBS000A112------------,1410,1400,1415,1360,1405,-5,37200200,51964041000,5711,5598.9,1405,169400,1400,334300,20073474600,20073474600,7395068043,24055900,14618200,335400,511485000,1
2023-10-04,AKRA,AKR Corporindo Tbk.,--SO1XKXMBS000A112------------,1430,1430,1435,1400,1410,-20,33221000,46940478000,6949,5618.9,1415,50500,1410,3690500,20073474600,20073474600,7395068043,17621700,13515500,622742,878066010,2
2023-10-03,AKRA,AKR Corporindo Tbk.,--SO1XKXMBS000A112------------,1515,1500,1500,1425,1430,-85,68709200,99786958000,9549,5698.6,1435,41100,1430,158000,20073474600,20073474600,7395068043,37591200,21378900,897600,1283653000,2
2023-10-02,AKRA,AKR Corporindo Tbk.,--SO1XKXMBS000A112------------,1545,1545,1550,1510,1515,-30,27063700,41125409000,4072,6037.3,1520,155200,1515,408000,20073474600,20073474600,7395068043,10709500,14242400,687655,1041800963,4
2023-09-29,AKRA,AKR Corporindo Tbk.,--SO1XKXMBS000A112------------,1520,1550,1560,1525,1545,25,47749800,73771779500,6728,6156.9,1545,696800,1540,71200,20073474600,20073474600,7445251729,18651500,12031500,1283291,1983649945,6
2023-09-27,AKRA,AKR Corporindo Tbk.,--SO1XKXMBS000A112------------,1460,1465,1525,1460,1520,60,49922200,75175375000,7981,6057.2,1525,1121500,1520,2464700,20073474600,20073474600,7445251729,9384100,22283100,1249300,1898936000,1
2023-09-26,AKRA,AKR Corporindo Tbk.,--SO1XKXMBS000A112------------,1460,1465,1470,1450,1460,0,17872100,26080379000,3409,5818.1,1460,3826300,1455,21800,20073474600,20073474600,7445251729,7590200,10759800,2447000,3534878500,4
2023-09-25,AKRA,AKR Corporindo Tbk.,--SO1XKXMBS000A112------------,1475,1485,1490,1455,1460,-15,9488900,13938109500,2927,5818.1,1465,56400,1460,153500,20073474600,20073474600,7445251729,1346000,166800,1439200,2103422000,3
2023-09-22,AKRA,AKR Corporindo Tbk.,--SO1XKXMBS000A112------------,1450,1455,1485,1450,1475,25,12754400,18792925000,3612,5877.9,1480,801200,1475,4100,20073474600,20073474600,7445251729,4464000,3789300,11447709,16863183150,11
2023-09-21,AKRA,AKR Corporindo Tbk.,--SO1XKXMBS000A112------------,1460,1460,1465,1440,1450,-10,19940600,28940719500,4231,5778.3,1455,320200,1450,66200,20073474600,20073474600,7445251729,8274300,2962700,31065500,36613778500,7
2023-09-20,AKRA,AKR Corporindo Tbk.,--SO1XKXMBS000A112------------,1475,1475,1495,1460,1460,-15,20318800,29980371000,4900,5818.1,1465,46000,1460,445600,20073474600,20073474600,7445251729,8027700,6765500,997071,1455723660,3
2023-09-19,AKRA,AKR Corporindo Tbk.,--SO1XKXMBS000A112------------,1475,1490,1490,1465,1475,0,26265500,38704279000,3446,5877.9,1480,147200,1475,56700,20073474600,20073474600,7445251729,9916700,12113400,25456,38131800,21
2023-09-18,AKRA,AKR Corporindo Tbk.,--SO1XKXMBS000A112------------,1485,1490,1525,1475,1475,-10,34227500,51314823000,17061,5877.9,1490,22600,1475,698600,20073474600,20073474600,7445251729,14933300,2596600,2723900,4080402200,68
2023-09-15,AKRA,AKR Corporindo Tbk.,--SO1XKXMBS000A112------------,1470,1490,1500,1475,1485,15,22157800,32942861500,10100,5917.7,1490,2600700,1485,109700,20073474600,20073474600,7445251729,9260100,6732300,11141348,13099111780,7
2023-09-14,AKRA,AKR Corporindo Tbk.,--SO1XKXMBS000A112------------,1475,1475,1495,1465,1470,-5,35708000,52745632500,7836,5858.0,1475,7000,1470,118300,20073474600,20073474600,7445251729,21715100,8862900,1310098,1929774310,48
2023-09-13,AKRA,AKR Corporindo Tbk.,--SO1XKXMBS000A112------------,1440,1450,1485,1445,1475,35,50875000,74508720500,7700,5877.9,1480,219000,1475,340700,20073474600,20073474600,7445251729,29442200,11656100,164,240170,4
2023-09-12,AKRA,AKR Corporindo Tbk.,--SO1XKXMBS000A112------------,1460,1460,1475,1440,1440,-20,41382500,60085998500,6738,5738.4,1445,7900,1440,28500,20073474600,20073474600,7445251729,19917500,11834100,2960800,4305238400,2
2023-09-11,AKRA,AKR Corporindo Tbk.,--SO1XKXMBS000A112------------,1445,1445,1470,1430,1460,15,30106700,43592472000,4189,5818.1,1460,274900,1455,735600,20073474600,20073474600,7445251729,7863100,6564600,4824242,6966326490,93
2023-09-08,AKRA,AKR Corporindo Tbk.,--SO1XKXMBS000A112------------,1475,1475,1475,1425,1445,-30,52029400,75027233500,11755,5758.3,1445,75400,1440,125700,20073474600,20073474600,7445251729,20052900,14731600,2357600,2886876100,5
2023-09-07,AKRA,AKR Corporindo Tbk.,--SO1XKXMBS000A112------------,1495,1500,1515,1475,1475,-20,35367900,52644371000,8850,5877.9,1480,5500,1475,974200,20073474600,20073474600,7445251729,7602900,15503100,0,0,0
2023-09-06,AKRA,AKR Corporindo Tbk.,--SO1XKXMBS000A112------------,1465,1470,1535,1470,1495,30,90661800,136566895500,9901,5957.6,1500,269300,1495,876600,20073474600,20073474600,7445251729,20580500,41606400,14622433,21986454508,95
2023-09-05,AKRA,AKR Corporindo Tbk.,--SO1XKXMBS000A112------------,1530,1530,1535,1455,1465,-65,73571900,108837972500,8231,5838.0,1465,3000,1460,1346300,20073474600,20073474600,7445251729,28713600,28550200,4838879,6945868115,3
2023-09-04,AKRA,AKR Corporindo Tbk.,--SO1XKXMBS000A112------------,1495,1505,1555,1480,1530,35,75683600,115053163000,10576,6097.1,1530,110300,1525,82800,20073474600,20073474600,7445251729,14137400,34227600,742400,1138524000,3
2023-09-01,AKRA,AKR Corporindo Tbk.,--SO1XKXMBS000A112------------,1400,1410,1495,1405,1495,95,119685200,174071095500,29801,5957.6,1495,2160400,1490,40100,20073474600,20073474600,7445251729,25813700,41077100,15052720,22516462760,3
2023-08-31,AKRA,AKR Corporindo Tbk.,--SO1XKXMBS000A112------------,1390,1395,1415,1375,1400,10,57617300,80449244500,15278,5579.0,1400,575600,1395,158700,20073474600,20073474600,7445251729,21604500,6603700,3933,6754160,3
2023-08-30,AKRA,AKR Corporindo Tbk.,--SO1XKXMBS000A112------------,1355,1365,1400,1360,1390,35,64146800,89014224500,14908,5539.2,1395,998000,1390,979900,20073474600,20073474600,7445251729,13823300,12478200,0,0,0
2023-08-29,AKRA,AKR Corporindo Tbk.,--SO1XKXMBS000A112------------,1325,1325,1360,1305,1355,30,43057400,57686348000,8046,5399.7,1360,2550600,1355,2529600,20073474600,20073474600,7445251729,13116500,6080100,342500,464116500,2
2023-08-28,AKRA,AKR Corporindo Tbk.,--SO1XKXMBS000A112------------,1315,1325,1330,1315,1325,10,27767300,36733945500,4672,5280.1,1325,83200,1320,1200,20073474600,20073474600,7445251729,10069600,2949200,372200,493165000,1
2023-08-25,AKRA,AKR Corporindo Tbk.,--SO1XKXMBS000A112------------,1320,1325,1325,1300,1315,-5,21826500,28689665000,3436,5240.3,1320,387400,1315,1926400,20073474600,20073474600,7445251729,14364800,2113000,1522100,1841741000,4
2023-08-24,AKRA,AKR Corporindo Tbk.,XDSO1XKXMBS000A112------------,1315,1315,1330,1315,1320,5,33301100,44025431500,2968,5260.2,1325,38800,1320,4029100,20073474600,20073474600,7445251729,9677600,9659500,947500,1195053000,2
2023-08-23,AKRA,AKR Corporindo Tbk.,XDSO1XKXMBS000A112------------,1315,1320,1325,1310,1315,0,22452000,29590257000,4059,5240.3,1320,125900,1315,460600,20073474600,20073474600,7445251729,10012900,2694400,7970600,9599829500,5
2023-08-22,AKRA,AKR Corporindo Tbk.,XDSO1XKXMBS000A112------------,1290,1280,1330,1280,1315,25,38212400,50155780000,5632,5240.3,1320,25500,1315,165200,20073474600,20073474600,7445251729,11369200,21009500,1082452,1386283420,3
2023-08-21,AKRA,AKR Corporindo Tbk.,XDSO1XKXMBS000A112------------,1300,1300,1310,1280,1290,-10,16886400,21815406500,3679,5140.7,1295,15000,1290,22700,20073474600,20073474600,7445251729,6822800,4529900,249900,322371000,1
2023-08-18,AKRA,AKR Corporindo Tbk.,XDSO1XKXMBS000A112------------,1310,1310,1315,1285,1300,-10,17056300,22097519000,4197,5180.5,1305,263600,1300,66100,20073474600,20073474600,7445251729,13063800,6425100,3200900,4024130800,3
2023-08-16,AKRA,AKR Corporindo Tbk.,XDSO1XKXMBS000A112------------,1305,1310,1315,1295,1310,5,11635400,15190171500,3459,5220.4,1310,86300,1305,110900,20073474600,20073474600,7445251729,4503800,3142800,819712,968900880,2
2023-08-15,AKRA,AKR Corporindo Tbk.,XDSO1XKXMBS000A112------------,1285,1290,1315,1270,1305,20,42864800,55760120500,5930,5200.4,1310,118200,1305,187900,20073474600,20073474600,7445251729,25873700,13067700,244776,319431540,3
2023-08-14,AKRA,AKR Corporindo Tbk.,XDSO1XKXMBS000A112------------,1260,1260,1290,1255,1285,25,38783700,49498930500,6730,5120.7,1290,68000,1285,71800,20073474600,20073474600,7445251729,25555900,8345300,4291437,5494233175,34
2023-08-11,AKRA,AKR Corporindo Tbk.,XDSO1XKXMBS000A112------------,1285,1285,1290,1260,1260,-25,33624800,42675502500,16703,5021.1,1265,12800,1260,2043200,20073474600,20073474600,7445251729,24720400,7907800,10532512,13312148700,5
2023-08-10,AKRA,AKR Corporindo Tbk.,XDSO1XKXMBS000A112------------,1275,1275,1300,1275,1285,10,37789400,48567849500,15166,5120.7,1290,540500,1285,323700,20073474600,20073474600,7445251729,23470100,9113800,3675200,4690025900,8
2023-08-09,AKRA,AKR Corporindo Tbk.,XDSO1XKXMBS000A112------------,1280,1280,1280,1255,1275,-5,53615100,67835512500,13761,5080.9,1275,131200,1270,199100,20073474600,20073474600,7445251729,29856300,17471600,847487,1063807550,5
2023-08-08,AKRA,AKR Corporindo Tbk.,XDSO1XKXMBS000A112------------,1300,1300,1310,1275,1280,-20,60225400,77547699500,15270,5100.8,1285,37100,1280,253200,20073474600,20073474600,7445251729,41579200,7532500,165900,212352000,1
2023-08-07,AKRA,AKR Corporindo Tbk.,--SO1XKXMBS000A112------------,1315,1320,1325,1295,1300,-15,28619800,37321617500,5906,5180.5,1305,558400,1300,522900,20073474600,20073474600,7445251729,21534900,2602300,80,104950,3
2023-08-04,AKRA,AKR Corporindo Tbk.,--SO1XKXMBS000A112------------,1330,1300,1325,1285,1315,-15,62885800,82409151000,6371,5240.3,1320,400800,1315,2062100,20073474600,20073474600,7445251729,28859500,18835200,5612305,7037390250,3
2023-08-03,AKRA,AKR Corporindo Tbk.,CDSO1XKXMBS000A112------------,1330,1330,1345,1325,1330,0,73360700,97808431500,12674,5300.1,1335,101300,1330,773700,20073474600,20073474600,7445251729,28624100,17654600,9275825,11972284050,30
2023-08-02,AKRA,AKR Corporindo Tbk.,CDSO1XKXM4S000A112------------,1295,1300,1335,1295,1330,35,69258800,91078882000,7711,5300.1,1335,800400,1330,2900,20073474600,20073474600,7445251729,35519700,9501800,2310898,3078919190,14
2023-08-01,AKRA,AKR Corporindo Tbk.,CDSO1XKXM4S000A112------------,1385,1380,1380,1295,1295,-90,108698000,143894568500,16800,5160.6,1300,33500,1295,1132400,20073474600,20073474600,7445251729,38486700,15038200,78136,101202587,12
2023-07-31,AKRA,AKR Corporindo Tbk.,CDSO1X3XM4S000A112------------,1400,1400,1400,1340,1385,-15,109935100,150717097500,15645,5519.2,1385,1070300,1380,2300,20073474600,20073474600,7445251729,69219200,32767400,4757298,6588743730,5
2023-07-28,AKRA,AKR Corporindo Tbk.,CDSO1X3XM4S000A112------------,1430,1430,1435,1390,1400,-30,53228600,75035043000,7423,5579.0,1400,53100,1395,292300,20073474600,20073474600,7445251729,42828000,23153700,761628,1066279200,2
2023-07-27,AKRA,AKR Corporindo Tbk.,--SO1X3XM4S000A112------------,1405,1415,1445,1415,1430,25,70343600,100992434500,7762,5698.6,1430,401800,1425,880200,20073474600,20073474600,7445251729,26741900,46717400,1200,1686000,1
2023-07-26,AKRA,AKR Corporindo Tbk.,--SO1X3XM4S000A112------------,1375,1395,1420,1380,1405,30,61792600,87013218000,8163,5598.9,1410,471800,1405,734500,20073474600,20073474600,7445251729,17840400,29537200,4382400,6173219200,2
2023-07-25,AKRA,AKR Corporindo Tbk.,--SO1X3XM4S000A112------------,1365,1375,1400,1370,1375,10,36543200,50578528000,5574,5479.4,1380,199900,1375,382900,20073474600,20073474600,7445251729,16082300,7378300,884056,1001649056,2
2023-07-24,AKRA,AKR Corporindo Tbk.,--SO1X3XM4S000A112------------,1375,1375,1385,1355,1365,-10,30930300,42230376000,5779,5439.5,1365,313200,1360,263700,20073474600,20073474600,7445251729,12566700,8095500,0,0,0
2023-07-21,AKRA,AKR Corporindo Tbk.,--SO1X3XM4S000A112------------,1390,1395,1400,1365,1375,-15,22961200,31663318000,5405,5479.4,1380,169300,1375,141600,20073474600,20073474600,7445251729,6658300,6621400,1604134,2228393232,4
2023-07-20,AKRA,AKR Corporindo Tbk.,--SO1X3XM4S000A112------------,1390,1395,1405,1385,1390,0,18576100,25876685500,4009,5539.2,1395,9500,1390,217000,20073474600,20073474600,7445251729,13234200,9525900,0,0,0
2023-07-18,AKRA,AKR Corporindo Tbk.,--SO1X3XM4S000A112------------,1410,1410,1420,1385,1390,-20,23053700,32301449000,3753,5539.2,1395,93500,1390,178100,20073474600,20073474600,7445251729,8562500,11110800,2900,4089000,1
2023-07-17,AKRA,AKR Corporindo Tbk.,--SO1X3XM4S000A112------------,1415,1425,1430,1410,1410,-5,12080300,17112068000,3187,5618.9,1415,10800,1410,158200,20073474600,20073474600,7445251729,6695500,2278900,0,0,0
2023-07-14,AKRA,AKR Corporindo Tbk.,--SO1X3XM4S000A112------------,1455,1455,1460,1410,1415,-40,35578800,50615975500,5750,5638.8,1415,79100,1410,2523000,20073474600,20073474600,7445251729,25521500,12923700,937712,1312799480,5
2023-07-13,AKRA,AKR Corporindo Tbk.,--SO1X3XM4S000A112------------,1450,1455,1470,1445,1455,5,27229500,39642696000,2712,5798.2,1455,9300,1450,30100,20073474600,20073474600,7445251729,23139400,14883800,8,11712,1
2023-07-12,AKRA,AKR Corporindo Tbk.,--SO1X3XM4S000A112------------,1470,1475,1485,1445,1450,-20,24522800,35855222000,4399,5778.3,1455,195000,1450,3938100,20073474600,20073474600,7445251729,14536600,12063500,11,16302,1
2023-07-11,AKRA,AKR Corporindo Tbk.,--SO1X3XM4S000A112------------,1450,1460,1480,1450,1470,20,20738700,30410258000,3689,5858.0,1475,226300,1470,58400,20073474600,20073474600,7445251729,8141600,12871500,0,0,0
2023-07-10,AKRA,AKR Corporindo Tbk.,--SO1X3XM4S000A112------------,1450,1455,1470,1445,1450,0,18010100,26153885500,3858,5778.3,1450,82700,1445,239800,20073474600,20073474600,7445251729,6926500,11027000,77,112035,1
2023-07-07,AKRA,AKR Corporindo Tbk.,--SO1X3XM4S000A112------------,1435,1445,1460,1435,1450,15,19490100,28253416500,5423,5778.3,1455,209700,1450,612700,20073474600,20073474600,7445251729,1437000,10985100,100,144500,2
2023-07-06,AKRA,AKR Corporindo Tbk.,--SO1X3XM4S000A112------------,1400,1410,1440,1405,1435,35,23647700,33749365000,4810,5718.5,1440,943700,1435,807400,20073474600,20073474600,7445251729,3330600,13691200,9,12915,1
2023-07-05,AKRA,AKR Corporindo Tbk.,--SO1X3XM4S000A112------------,1400,1400,1415,1385,1400,0,42293400,59205350000,4506,5579.0,1405,42600,1400,276400,20073474600,20073474600,7445251729,6736700,21595800,250000,350750000,1
2023-07-04,AKRA,AKR Corporindo Tbk.,--SO1X3XM4S000A112------------,1405,1405,1420,1400,1400,-5,17572400,24693794500,6014,5579.0,1405,30300,1400,2154700,20073474600,20073474600,7445251729,6413000,9592100,1357936,1905145500,6
2023-07-03,AKRA,AKR Corporindo Tbk.,--SO1X3XM4S000A112------------,1420,1420,1420,1365,1405,-15,57731900,80212156000,5591,5598.9,1405,278800,1400,41300,20073474600,20073474600,7445251729,29605200,35806300,1900171,2630238380,4
2023-06-27,AKRA,AKR Corporindo Tbk.,--SO1X3XM4S000A112------------,1490,1490,1500,1395,1420,-70,75944000,108562605500,9391,5658.7,1420,1536900,1405,1900,20073474600,20073474600,7443244382,29080900,13737200,7515534,11145537160,2
2023-06-26,AKRA,AKR Corporindo Tbk.,--SO1X3XM4S000A112------------,1495,1505,1510,1470,1490,-5,30438700,45167183500,3508,5937.7,1495,15000,1490,13800,20073474600,20073474600,7443244382,13250200,9914300,8551500,12810147000,1
2023-06-23,AKRA,AKR Corporindo Tbk.,--SO1X3XM4S000A112------------,1515,1500,1525,1490,1495,-20,39830800,60094693500,4335,5957.6,1500,53800,1495,495600,20073474600,20073474600,7443244382,21193800,12847500,9464445,13779227500,6
2023-06-22,AKRA,AKR Corporindo Tbk.,--SO1X3XM4S000A112------------,1500,1500,1530,1495,1515,15,41557200,62786528000,2788,6037.3,1515,176900,1510,19300,20073474600,20073474600,7443244382,19883400,13796100,56,84392,1
2023-06-21,AKRA,AKR Corporindo Tbk.,--SO1X3XM4S000A112------------,1505,1505,1515,1480,1500,-5,37513800,56456137500,5462,5977.5,1505,63300,1500,215900,20073474600,20073474600,7443244382,15574200,15298800,0,0,0
2023-06-20,AKRA,AKR Corporindo Tbk.,--SO1X3XM4S000A112------------,1445,1455,1535,1455,1505,60,91565500,137923647000,9285,5997.4,1505,851200,1500,79900,20073474600,20073474600,7443244382,21199600,42995600,13107606,19761064630,30
2023-06-19,AKRA,AKR Corporindo Tbk.,--SO1X3XM4S000A112------------,1450,1450,1450,1425,1445,-5,25292500,36345096500,3454,5758.3,1445,118500,1440,800,20073474600,20073474600,7443244382,8611800,7303600,9842200,14126772000,6
2023-06-16,AKRA,AKR Corporindo Tbk.,--SO1X3XM4S000A112------------,1465,1465,1495,1450,1450,-15,30024500,44234277000,3862,5778.3,1455,124700,1450,415800,20073474600,20073474600,7443244382,11157000,9621500,2075800,3039397000,3
2023-06-15,AKRA,AKR Corporindo Tbk.,--SO1X3XM4S000A112------------,1470,1475,1490,1460,1465,-5,25794000,38048002500,3578,5838.0,1465,114400,1460,281800,20073474600,20073474600,7443244382,7254700,6870400,0,0,0
2023-06-14,AKRA,AKR Corporindo Tbk.,--SO1X3XM4S000A112------------,1425,1430,1485,1425,1470,45,46565100,67949216000,6458,5858.0,1470,483500,1465,717900,20073474600,20073474600,7443244382,12175000,28945800,6400000,9375200000,4
2023-06-13,AKRA,AKR Corporindo Tbk.,--SO1X3XM4S000A112------------,1440,1450,1450,1415,1425,-15,26702900,38142610500,5328,5678.6,1430,225600,1425,64300,20073474600,20073474600,7443244382,12314500,2680000,9000062,12817088350,3
2023-06-12,AKRA,AKR Corporindo Tbk.,--SO1X3XM4S000A112------------,1405,1410,1450,1405,1440,35,48498100,69450528500,8363,5738.4,1445,41800,1440,413100,20073474600,20073474600,7443244382,13799000,19137700,22741799,32802397080,8
2023-06-09,AKRA,AKR Corporindo Tbk.,--SO1X3XM4S000A112------------,1390,1390,1410,1380,1405,15,27677700,38492413500,3710,5598.9,1410,418200,1405,61300,20073474600,20073474600,7443244382,10645400,11759800,18973400,26368026000,4
2023-06-08,AKRA,AKR Corporindo Tbk.,--SO1X3XM4S000A112------------,1415,1415,1425,1380,1390,-25,33983800,47437628500,4077,5539.2,1395,7100,1390,183500,20073474600,20073474600,7443244382,19218000,9506800,64535500,89974754400,16
2023-06-07,AKRA,AKR Corporindo Tbk.,--SO1X3XM4S000A112------------,1405,1415,1440,1405,1415,10,70569100,100353754000,8799,5638.8,1420,48500,1415,111000,20073474600,20073474600,7443244382,35626300,28110200,8748200,12446938800,2
2023-06-06,AKRA,AKR Corporindo Tbk.,--SO1X3XM4S000A112------------,1360,1350,1410,1350,1405,45,41295700,57202558500,4404,5598.9,1410,176300,1405,1490900,20073474600,20073474600,7443244382,6331700,19952600,10000025,13848034425,3
2023-06-05,AKRA,AKR Corporindo Tbk.,--SO1X3XM4S000A112------------,1365,1380,1395,1350,1360,-5,40429900,55409468500,5563,5419.6,1365,2200,1360,24700,20073474600,20073474600,7443244382,19406900,11741700,13048,22004040,4
2023-05-31,AKRA,AKR Corporindo Tbk.,XDSO1X3XM4S000A112------------,1395,1400,1405,1365,1365,-30,50032500,69256480500,4207,5439.5,1380,3000,1365,4581300,20073474600,20073474600,7443244382,28465500,20212400,156,216900,3
2023-05-30,AKRA,AKR Corporindo Tbk.,XDSO1X3XM4S000A112------------,1375,1380,1400,1375,1395,20,30098600,41828138000,4262,5559.1,1395,322400,1390,25500,20073474600,20073474600,7443244382,7223000,9053900,2510728,3492422760,11
2023-05-29,AKRA,AKR Corporindo Tbk.,XDSO1X3XM4S000A112------------,1365,1365,1385,1365,1375,10,23981600,32939194000,2452,5479.4,1380,67900,1375,46600,20073474600,20073474600,7443244382,7118500,6439200,54,74520,1
2023-05-26,AKRA,AKR Corporindo Tbk.,XDSO1X3XM4S000A112------------,1365,1360,1385,1360,1365,0,34875200,47966144500,4046,5439.5,1365,7700,1360,363200,20073474600,20073474600,7443244382,12997300,8159200,1415432,1932064916,6
2023-05-25,AKRA,AKR Corporindo Tbk.,XDSO1X3XM4S000A112------------,1365,1365,1385,1360,1365,0,35666000,48881411500,4527,5439.5,1370,71400,1365,13000,20073474600,20073474600,7443244382,17829300,11130000,88,120648,1
2023-05-24,AKRA,AKR Corporindo Tbk.,XDSO1X3XM4S000A112------------,1365,1365,1370,1350,1365,0,39129500,53136477000,5564,5439.5,1365,505100,1360,25700,20073474600,20073474600,7443244382,12557300,19126300,67700,92410500,4
2023-05-23,AKRA,AKR Corporindo Tbk.,XDSO1X3XM4S000A112------------,1355,1360,1370,1345,1365,10,31073800,42233267000,3589,5439.5,1370,525700,1365,115500,20073474600,20073474600,7443244382,11085000,15568000,128668,174442820,4
2023-05-22,AKRA,AKR Corporindo Tbk.,XDSO1X3XM4S000A112------------,1345,1350,1365,1340,1355,10,45375200,61374362000,4961,5399.7,1360,526200,1355,5639100,20073474600,20073474600,7443244382,13021000,21037900,19968,26857504,2
2023-05-19,AKRA,AKR Corporindo Tbk.,XDSO1X3XM4S000A112------------,1325,1330,1355,1310,1345,20,57580000,77350745500,4694,5359.8,1345,2197900,1340,316800,20073474600,20073474600,7443244382,6944300,29648400,80,106400,1
2023-05-17,AKRA,AKR Corporindo Tbk.,XDSO1X3XM4S000A112------------,1300,1300,1330,1280,1325,25,51236100,67390628500,5100,5280.1,1325,3047400,1320,144100,20073474600,20073474600,7443244382,12721400,21439900,3564683,4695239181,9
2023-05-16,AKRA,AKR Corporindo Tbk.,XDSO1X3XM4S000A112------------,1380,1385,1390,1295,1300,-80,83531000,110984904000,11179,5180.5,1300,1624600,1295,529000,20073474600,20073474600,7443244382,35153800,20210900,524350,692194050,3
2023-05-15,AKRA,AKR Corporindo Tbk.,XDSO1X3XM4S000A112------------,1370,1370,1395,1335,1380,10,50124200,68497165000,5912,5499.3,1380,847600,1375,384300,20073474600,20073474600,7443244382,20351400,8293200,73888,101300240,3
2023-05-12,AKRA,AKR Corporindo Tbk.,XDSO1X3XM4S000A112------------,1385,1395,1400,1340,1370,-15,43636100,59514902000,7207,5459.5,1375,165100,1370,180000,20073474600,20073474600,7443244382,11918500,8318200,38447,53249095,3
2023-05-11,AKRA,AKR Corporindo Tbk.,--SO1X3XM4S000A112------------,1400,1400,1420,1360,1385,-15,81332200,112573732000,9370,5519.2,1390,58100,1385,277300,20073474600,20073474600,7443244382,51797800,28770700,5886200,8143873200,4
2023-05-10,AKRA,AKR Corporindo Tbk.,--SO1X3XM4S000A112------------,1505,1485,1485,1400,1400,-105,84316600,120710912000,10345,5579.0,1405,100,1400,188300,20073474600,20073474600,7443244382,56129600,23220500,108239,157646380,5
2023-05-09,AKRA,AKR Corporindo Tbk.,CDSO1X3XM4S000A112------------,1505,1505,1515,1475,1505,0,47191700,70585731500,4477,5997.4,1510,78800,1505,1190800,20073474600,20073474600,7443244382,29590600,20785800,3768000,5607225892,6
2023-05-08,AKRA,AKR Corporindo Tbk.,CDSO1X3XM4S000A112------------,1505,1510,1515,1475,1505,0,39020300,58176074000,5210,5997.4,1510,118600,1505,1894600,20073474600,20073474600,7443244382,10371500,16662700,96496,143779424,2
2023-05-05,AKRA,AKR Corporindo Tbk.,CDSO1X3XM4S000A112------------,1550,1550,1550,1495,1505,-45,38964400,59388547500,5349,5997.4,1505,248900,1500,322200,20073474600,20073474600,7443244382,14174600,15830900,968600,1470730000,2
2023-05-04,AKRA,AKR Corporindo Tbk.,CDSO1X3XM4S000A112------------,1565,1565,1575,1535,1550,-15,47852700,74529903500,4061,6176.8,1555,21800,1550,142200,20073474600,20073474600,7443244382,28516700,19585000,39,60450,1
2023-05-03,AKRA,AKR Corporindo Tbk.,CDSO1X3XM4S000A112------------,1605,1605,1605,1515,1565,-40,56016200,86798366000,7502,6236.6,1570,4500,1565,941000,20073474600,20073474600,7443244382,24360400,14392900,76075,122095125,5
2023-05-02,AKRA,AKR Corporindo Tbk.,--SO1X3XM4S000A112------------,1620,1620,1625,1600,1605,-15,26226800,42230202500,3294,6396.0,1610,21700,1605,66900,20073474600,20073474600,7443244382,6755300,7406500,18210,29476302,4
2023-04-28,AKRA,AKR Corporindo Tbk.,--SO1X3XM4S000A112------------,1615,1620,1655,1615,1620,5,37151600,60521246000,4027,6455.7,1625,1353800,1620,1066700,20073474600,20073474600,7443244382,13364400,13959200,1171811,1905775935,6
2023-04-27,AKRA,AKR Corporindo Tbk.,--SO1X3XM4S000A112------------,1625,1625,1670,1610,1615,-10,60224300,98491511000,6791,6435.8,1620,12700,1615,5843300,20073474600,20073474600,7443244382,17269600,33905400,16700,27137500,1
2023-04-26,AKRA,AKR Corporindo Tbk.,--SO1X3XM4S000A112------------,1615,1615,1625,1565,1625,10,68489500,109176825500,8043,6475.7,1630,196600,1625,31400,20073474600,20073474600,7443244382,38717800,36164700,9721414,15542185060,7
2023-04-18,AKRA,AKR Corporindo Tbk.,--SO1X3XM4S000A112------------,1585,1585,1630,1585,1615,30,49452400,79679741500,7528,6435.8,1615,30400,1610,16100,20073474600,20073474600,7443244382,23115100,27774300,285134,460776162,3
2023-04-17,AKRA,AKR Corporindo Tbk.,--SO1X3XM4S000A112------------,1595,1580,1635,1560,1585,-10,43282200,68457239500,4212,6316.3,1590,2700,1585,649000,20073474600,20073474600,7443244382,14768300,18292900,4912205,7744416900,12
2023-04-14,AKRA,AKR Corporindo Tbk.,--SO1X3XM4S000A112------------,1575,1585,1610,1580,1595,20,32832300,52346109000,3051,6356.1,1595,590400,1590,7400,20073474600,20073474600,7443244382,10161000,19662300,5562418,8872057410,5
2023-04-13,AKRA,AKR Corporindo Tbk.,--SO1X3XM4S000A112------------,1580,1580,1605,1575,1575,-5,31685800,50326282000,3614,6276.4,1585,27000,1575,214800,20073474600,20073474600,7443244382,14490700,17428600,959437,1524249675,6
2023-04-12,AKRA,AKR Corporindo Tbk.,--SO1X3XM4S000A112------------,1595,1595,1625,1580,1580,-15,28569300,45713871500,3916,6296.3,1585,7100,1580,18700,20073474600,20073474600,7443244382,9119800,9024000,0,0,0
2023-04-11,AKRA,AKR Corporindo Tbk.,--SO1X3XM4S000A112------------,1580,1580,1595,1570,1595,15,24415400,38593517500,3434,6356.1,1595,275000,1590,3800,20073474600,20073474600,7443244382,8647300,8201000,0,0,0
2023-04-10,AKRA,AKR Corporindo Tbk.,--SO1X3XM4S000A112------------,1575,1575,1585,1565,1580,5,27352000,43111824000,3088,6296.3,1580,58800,1575,1500,20073474600,20073474600,7443244382,8686700,13738100,1225856,1918173480,6
2023-04-06,AKRA,AKR Corporindo Tbk.,--SO1X3XM4S000A112------------,1550,1550,1595,1550,1575,25,31005000,48860197000,4208,6276.4,1575,1071300,1570,5000,20073474600,20073474600,7443244382,4557300,15551200,150,236184,2
2023-04-05,AKRA,AKR Corporindo Tbk.,--SO1X3XM4S000A112------------,1565,1565,1580,1545,1550,-15,43712000,67978287000,5827,6176.8,1555,202400,1550,316900,20073474600,20073474600,7443244382,16946800,21839300,8890,13910475,4
2023-04-04,AKRA,AKR Corporindo Tbk.,--SO1X3XM4S000A112------------,1555,1565,1570,1545,1565,10,37922300,58932574000,2988,6236.6,1565,113600,1550,144400,20073474600,20073474600,7443244382,12463600,21523400,2122500,3289875000,3
2023-04-03,AKRA,AKR Corporindo Tbk.,--SO1X3XM4S000A112------------,1550,1565,1590,1540,1555,5,36171100,56465215000,3343,6196.7,1560,287000,1550,18000,20073474600,20073474600,7443244382,8078600,15908200,168,263080,2
2023-03-31,AKRA,AKR Corporindo Tbk.,--MO1X3XM4S000A112------------,1575,1580,1590,1550,1550,-25,42712800,66883855500,5002,6176.8,1560,6300,1550,835000,20073474600,20073474600,7445251729,14432900,18146600,3542500,5574302600,11
2023-03-30,AKRA,AKR Corporindo Tbk.,--MO1X3XM4S000A112------------,1615,1625,1625,1545,1575,-40,43440400,68955139500,8707,6276.4,1575,218000,1570,3215400,20073474600,20073474600,7445251729,19338200,15342300,2482300,3976000000,3
2023-03-29,AKRA,AKR Corporindo Tbk.,--MO1X3XM4S000A112------------,1540,1540,1650,1535,1615,75,53825800,85459775000,6199,6435.8,1620,1095900,1615,19400,20073474600,20073474600,7445251729,9755700,13883600,1173990,1863178450,4
2023-03-28,AKRA,AKR Corporindo Tbk.,--MO1X3XM4S000A112------------,1540,1540,1575,1525,1540,0,39220200,60481956000,4325,6136.9,1545,130400,1540,504200,20073474600,20073474600,7445251729,12231200,22298700,78,120120,1
2023-03-27,AKRA,AKR Corporindo Tbk.,--MO1X3XM4S000A112------------,1540,1540,1540,1505,1540,0,48295700,73734552000,4475,6136.9,1540,3452600,1535,21000,20073474600,20073474600,7445251729,18512600,30766800,1080,1660800,2
2023-03-24,AKRA,AKR Corporindo Tbk.,--MO1X3XM4S000A112------------,1425,1445,1615,1440,1540,115,148094500,224249373500,14214,6136.9,1540,2446700,1535,883800,20073474600,20073474600,7445251729,43461400,98373700,4899600,7307283000,8
2023-03-21,AKRA,AKR Corporindo Tbk.,--MO1X3XM4S000A112------------,1405,1410,1430,1405,1425,20,21675300,30773780000,2647,5678.6,1425,6532700,1420,6000,20073474600,20073474600,7445251729,6628200,6729400,485300,688982000,2
2023-03-20,AKRA,AKR Corporindo Tbk.,--MO1X3XM4S000A112------------,1385,1380,1410,1380,1405,20,22353900,31232194500,2670,5598.9,1410,611500,1405,91400,20073474600,20073474600,7445251729,2523700,10081800,0,0,0
2023-03-17,AKRA,AKR Corporindo Tbk.,--MO1X3XM4S000A112------------,1355,1355,1390,1340,1385,30,34738000,47452275500,3238,5519.2,1390,313400,1385,37800,20073474600,20073474600,7445251729,10430700,14301500,0,0,0
2023-03-16,AKRA,AKR Corporindo Tbk.,--MO1X3XM4S000A112------------,1400,1395,1400,1315,1355,-45,49486200,67102172000,4793,5399.7,1355,1245000,1350,14800,20073474600,20073474600,7445251729,15181200,20971500,4854000,6741751200,7
2023-03-15,AKRA,AKR Corporindo Tbk.,--MO1X3XM4S000A112------------,1395,1385,1410,1380,1400,5,25128300,35010455500,1980,5579.0,1400,487200,1395,45000,20073474600,20073474600,7445251729,10765300,9898000,172732,243337445,4
2023-03-14,AKRA,AKR Corporindo Tbk.,--MO1X3XM4S000A112------------,1390,1390,1400,1355,1395,5,28080800,38857833500,2563,5559.1,1395,589600,1370,3000,20073474600,20073474600,7445251729,7294300,11972200,165,228370,3
2023-03-13,AKRA,AKR Corporindo Tbk.,--MO1X3XM4S000A112------------,1385,1385,1395,1375,1390,5,28338600,39283551000,3191,5539.2,1390,444900,1385,11700,20073474600,20073474600,7445251729,9698900,15899500,82,113980,1
2023-03-10,AKRA,AKR Corporindo Tbk.,--MO1X3XM4S000A112------------,1405,1400,1400,1355,1385,-20,37570600,51771119000,3597,5519.2,1385,395400,1380,200,20073474600,20073474600,7445251729,13472100,10721300,39182,55049070,2
2023-03-09,AKRA,AKR Corporindo Tbk.,--MO1X3XM4S000A112------------,1390,1390,1415,1375,1405,15,30346000,42175999000,3044,5598.9,1405,279200,1400,113300,20073474600,20073474600,7445251729,14520200,11845300,19500,27105000,1
2023-03-08,AKRA,AKR Corporindo Tbk.,--MO1X3XM4S000A112------------,1405,1405,1420,1385,1390,-15,20501600,28671209000,1999,5539.2,1390,261500,1385,162600,20073474600,20073474600,7445251729,4484200,6071300,668142,938738818,5
2023-03-07,AKRA,AKR Corporindo Tbk.,--MO1X3XM4S000A112------------,1390,1385,1420,1385,1405,15,23253400,32586988000,1833,5598.9,1405,134700,1395,83000,20073474600,20073474600,7445251729,7988100,7786900,4117465,5846082530,6
2023-03-06,AKRA,AKR Corporindo Tbk.,--MO1X3XM4S000A112------------,1420,1430,1435,1385,1390,-30,23575500,33374778000,2325,5539.2,1390,377200,1385,1027900,20073474600,20073474600,7445251729,7936900,3120800,4559700,6476528000,6
2023-03-03,AKRA,AKR Corporindo Tbk.,--MO1X3XM4S000A112------------,1445,1450,1470,1415,1420,-25,33605600,48589577500,8880,5658.7,1425,27100,1420,441000,20073474600,20073474600,7445251729,10587600,1964400,5333200,7631613700,25
2023-03-02,AKRA,AKR Corporindo Tbk.,--MO1X3XM4S000A112------------,1405,1410,1450,1410,1445,40,44822600,64193005000,5216,5758.3,1445,1100,1440,97700,20073474600,20073474600,7445251729,4877400,17389400,75237,106310365,4
2023-03-01,AKRA,AKR Corporindo Tbk.,--MO1X3XM4S000A112------------,1385,1390,1420,1385,1405,20,31898300,44896952000,3862,5598.9,1410,3427700,1405,424600,20073474600,20073474600,7445251729,7097600,16016300,230,321410,6
2023-02-28,AKRA,AKR Corporindo Tbk.,--MO1X3XM4S000A112------------,1385,1385,1420,1360,1385,0,58681900,81856249500,8329,5519.2,1385,13500,1380,100100,20073474600,20073474600,7445251729,30602400,29988400,1221944,1692392440,4
2023-02-27,AKRA,AKR Corporindo Tbk.,--MO1X3XM4S000A112------------,1400,1400,1400,1375,1385,-15,38629600,53627438500,3317,5519.2,1390,128100,1385,233100,20073474600,20073474600,7445251729,14975200,1291200,18835,26368475,3
2023-02-24,AKRA,AKR Corporindo Tbk.,--MO1X3XM4S000A112------------,1345,1350,1410,1345,1400,55,72773300,100559552000,8910,5579.0,1400,578500,1395,1007700,20073474600,20073474600,7445251729,20438200,31332000,89400,120243000,5
2023-02-23,AKRA,AKR Corporindo Tbk.,--MO1X3XM4S000A112------------,1315,1315,1365,1315,1345,30,34072300,45747732000,4640,5359.8,1350,102000,1345,1365600,20073474600,20073474600,7445251729,2455600,13986400,4114891,5329468885,8
2023-02-22,AKRA,AKR Corporindo Tbk.,--MO1X3XM4S000A112------------,1320,1320,1330,1310,1315,-5,26616900,35104464000,2813,5240.3,1320,93000,1315,11511800,20073474600,20073474600,7445251729,11954300,12707500,421100,554252000,2
2023-02-21,AKRA,AKR Corporindo Tbk.,--MO1X3XM4S000A112------------,1310,1310,1335,1305,1320,10,26283800,34666556500,3272,5260.2,1325,98700,1320,276400,20073474600,20073474600,7445251729,5904700,5206900,0,0,0
2023-02-20,AKRA,AKR Corporindo Tbk.,--MO1X3XM4S000A112------------,1320,1320,1325,1305,1310,-10,14775200,19432642000,2231,5220.4,1310,81300,1305,852400,20073474600,20073474600,7445251729,3738200,1289100,0,0,0
2023-02-17,AKRA,AKR Corporindo Tbk.,--MO1X3XM4S000A112------------,1330,1330,1330,1300,1320,-10,27129500,35720375000,4135,5260.2,1325,74200,1320,1070800,20073474600,20073474600,7445251729,1225200,6760500,43166,57410120,5
2023-02-16,AKRA,AKR Corporindo Tbk.,--MO1X3XM4S000A112------------,1340,1360,1360,1325,1330,-10,28932600,38565052500,2992,5300.1,1330,25900,1325,203200,20073474600,20073474600,7445251729,15333800,11762000,18800,25192000,1
2023-02-15,AKRA,AKR Corporindo Tbk.,--MO1X3XM4S000A112------------,1355,1355,1365,1315,1340,-15,32708600,43750284000,4493,5339.9,1340,1198000,1335,700,20073474600,20073474600,7445251729,12153900,10222900,11082700,14752504000,4
2023-02-14,AKRA,AKR Corporindo Tbk.,--MO1X3XM4S000A112------------,1300,1300,1360,1300,1355,55,47042100,62788548500,5196,5399.7,1355,38100,1350,109600,20073474600,20073474600,7445251729,5026400,21679400,48,65040,1
2023-02-13,AKRA,AKR Corporindo Tbk.,--MO1X3XM4S000A112------------,1310,1315,1325,1300,1300,-10,29602800,38839393500,3645,5180.5,1305,12700,1300,760700,20073474600,20073474600,7445251729,13856000,4335400,7378105,9652167470,6
2023-02-10,AKRA,AKR Corporindo Tbk.,--MO1X3XM4S000A112------------,1280,1280,1315,1265,1310,30,39029300,50479272000,4965,5220.4,1315,377900,1310,15700,20073474600,20073474600,7445251729,8735400,11000300,27092,34680175,5
2023-02-09,AKRA,AKR Corporindo Tbk.,--MO1X3XM4S000A112------------,1300,1300,1305,1265,1280,-20,45426200,58459406500,7726,5100.8,1280,683500,1275,100,20073474600,20073474600,7445251729,16344000,15362400,1196900,1520372000,3
2023-02-08,AKRA,AKR Corporindo Tbk.,--MO1X3XM4S000A112------------,1325,1325,1340,1290,1300,-25,44815800,58812059500,8131,5180.5,1305,110500,1300,95900,20073474600,20073474600,7445251729,17606300,7581100,0,0,0
2023-02-07,AKRA,AKR Corporindo Tbk.,--MO1X3XM4S000A112------------,1315,1330,1330,1305,1325,10,36469600,48034757000,4689,5280.1,1325,536600,1320,70500,20073474600,20073474600,7445251729,12919000,14594000,0,0,0
2023-02-03,AKRA,AKR Corporindo Tbk.,--MO1X3XM4S000A112------------,1425,1420,1420,1335,1355,-70,48643500,66570878000,6652,5399.7,1355,100,1350,104800,20073474600,20073474600,7445251729,25949100,9935100,1922519,2697086695,7
2023-02-02,AKRA,AKR Corporindo Tbk.,--MO1X3XM4G000A112------------,1370,1380,1425,1365,1425,55,50421500,70113108500,5971,5678.6,1425,1058200,1420,5000,20073474600,20073474600,7445251729,17556700,33686100,2399723,3061569275,3
2023-02-01,AKRA,AKR Corporindo Tbk.,--MO1X3XM4G000A112------------,1310,1320,1390,1315,1370,60,44301000,59704392500,6389,5459.5,1375,241800,1370,25000,20073474600,20073474600,7445251729,6689200,17586300,500161,683717277,4
2023-01-31,AKRA,AKR Corporindo Tbk.,--M-1V3XM4G000A112------------,1345,0,1345,1310,1310,-35,74629800,98703404000,6667,5220.4,1325,11000,1310,2783900,20073474600,20073474600,7445251729,32068400,36605600,270,354660,4
2023-01-30,AKRA,AKR Corporindo Tbk.,--M-1V3XM4G000A112------------,1390,0,1400,1345,1345,-45,25329900,34797390500,3929,5359.8,1350,10900,1345,702200,20073474600,20073474600,7445251729,5850300,1873700,13182,18320520,2
2023-01-27,AKRA,AKR Corporindo Tbk.,--M-1V3XM4G000A112------------,1400,0,1420,1375,1390,-10,27287500,38075721500,3338,5539.2,1390,202600,1385,30300,20073474600,20073474600,7445251729,7258300,4694300,2255664,3154331075,9
2023-01-26,AKRA,AKR Corporindo Tbk.,--M-1V3XM4G000A112------------,1350,0,1420,1350,1400,50,59482100,83076965000,6165,5579.0,1400,278600,1395,141700,20073474600,20073474600,7445251729,10924700,24059500,5571,7826925,3
2023-01-25,AKRA,AKR Corporindo Tbk.,--M-1V3XM4G000A112------------,1350,0,1360,1335,1350,0,20326200,27371392500,1878,5379.8,1355,120000,1350,3282400,20073474600,20073474600,7445251729,833100,1561800,1072094,1450481100,6
2023-01-24,AKRA,AKR Corporindo Tbk.,--M-1V3XM4G000A112------------,1325,0,1360,1320,1350,25,25072900,33616536500,2604,5379.8,1355,206000,1350,363000,20073474600,20073474600,7445251729,977600,6366400,0,0,0
2023-01-20,AKRA,AKR Corporindo Tbk.,--M-1V3XM4G000A112------------,1305,0,1325,1295,1325,20,22374300,29371345500,1990,5280.1,1325,475900,1320,420000,20073474600,20073474600,7445251729,1732200,10042600,0,0,0
2023-01-19,AKRA,AKR Corporindo Tbk.,--M-1V3XM4G000A112------------,1300,0,1315,1280,1305,5,24245900,31375309500,2256,5200.4,1310,388400,1305,59700,20073474600,20073474600,7445251729,2455400,6757300,4112045,5398099850,2
2023-01-18,AKRA,AKR Corporindo Tbk.,--M-1V3XM4G000A112------------,1330,0,1330,1295,1300,-30,27708700,36285480000,3372,5180.5,1305,292400,1300,86700,20073474600,20073474600,7445251729,10180900,2790300,15287,20329625,3
2023-01-17,AKRA,AKR Corporindo Tbk.,--M-1V3XM4G000A112------------,1310,0,1330,1290,1330,20,29257200,38383543500,3485,5300.1,1330,680900,1325,3800,20073474600,20073474600,7445251729,2271900,6903600,16877082,21929302060,15
2023-01-16,AKRA,AKR Corporindo Tbk.,--M-1V3XM4G000A112------------,1315,0,1325,1310,1310,-5,18582300,24496039500,2028,5220.4,1315,445800,1310,42900,20073474600,20073474600,7445251729,1878600,690100,2892300,3803374500,3
2023-01-13,AKRA,AKR Corporindo Tbk.,--M-1V3XM4G000A112------------,1320,0,1325,1290,1315,-5,29313900,38457449500,3395,5240.3,1315,241400,1310,24900,20073474600,20073474600,7445251729,10180700,905300,36500,52576000,3
2023-01-12,AKRA,AKR Corporindo Tbk.,--M-1V3XM4G000A112------------,1260,0,1325,1250,1320,60,42254400,55089811500,6183,5260.2,1320,406900,1315,31900,20073474600,20073474600,7445251729,10403100,11633900,100,125500,1
2023-01-11,AKRA,AKR Corporindo Tbk.,--M-1V3XM4G000A112------------,1255,0,1290,1240,1260,5,47927800,60736611500,4130,5021.1,1265,500,1260,8100,20073474600,20073474600,7445251729,24567400,29515900,23,29210,1
2023-01-10,AKRA,AKR Corporindo Tbk.,--M-1V3XM4G000A112------------,1265,0,1270,1215,1255,-10,47427000,58792463500,4693,5001.2,1260,25100,1255,6300,20073474600,20073474600,7445251729,23809900,14479300,2796900,3465801600,5
2023-01-09,AKRA,AKR Corporindo Tbk.,--M-1V3XM4G000A112------------,1270,0,1275,1235,1265,-5,35777400,44925813000,3596,5041.0,1265,152900,1260,300,20073474600,20073474600,7445251729,12275700,4351700,5056805,6375296125,7
2023-01-06,AKRA,AKR Corporindo Tbk.,--M-1V3XM4G000A112------------,1230,0,1290,1215,1270,40,36566800,46526658500,4968,5061.0,1275,50800,1270,1865400,20073474600,20073474600,7445251729,13510500,10327000,6620200,8319794600,8
2023-01-05,AKRA,AKR Corporindo Tbk.,--M-1V3XM4G000A112------------,1290,0,1305,1200,1230,-60,60622100,75991999500,10660,4901.6,1230,221500,1220,10000,20073474600,20073474600,7445251729,16216300,25293000,11489231,13927690130,19
2023-01-04,AKRA,AKR Corporindo Tbk.,--M-1V3XM4G000A112------------,1350,0,1365,1275,1290,-60,44439200,59113664500,5630,5140.7,1290,13800,1285,73100,20073474600,20073474600,7445251729,11914400,3963100,0,0,0
2023-01-03,AKRA,AKR Corporindo Tbk.,--M-1V3XM4G000A112------------,1385,0,1410,1350,1350,-35,32365800,44566347500,3351,5379.8,1355,28500,1350,1707500,20073474600,20073474600,7445251729,6460700,4526200,0,0,0
2023-01-02,AKRA,AKR Corporindo Tbk.,--M-1V3XM4G000A112------------,1400,0,1405,1375,1385,-15,15364300,21305428500,1626,5519.2,1390,10000,1385,84100,20073474600,20073474600,7445251729,135300,1447600,32,44480,1
2022-12-30,AKRA,AKR Corporindo Tbk.,--M-1V3XM4G000A112------------,1405,0,1430,1400,1400,-5,28218100,39824409000,2181,5579.0,1405,250500,1400,795100,20073474600,20073474600,7453281119,9700800,4426100,0,0,0
2022-12-29,AKRA,AKR Corporindo Tbk.,--M-1V3XM4G000A112------------,1420,0,1420,1395,1405,-15,19919700,28101999500,1862,5598.9,1405,71500,1400,21800,20073474600,20073474600,7453281119,2452400,3831000,82,114800,1
2022-12-28,AKRA,AKR Corporindo Tbk.,--M-1V3XM4G000A112------------,1380,0,1420,1375,1420,40,30710400,43064340000,3541,5658.7,1420,1369400,1400,300,20073474600,20073474600,7453281119,3991100,11543000,467200,651744000,2
2022-12-27,AKRA,AKR Corporindo Tbk.,--M-1V3XM4G000A112------------,1395,0,1400,1380,1380,-15,16537100,23040216500,1447,5499.3,1385,8000,1380,3900,20073474600,20073474600,7453281119,2609100,3015900,0,0,0
2022-12-26,AKRA,AKR Corporindo Tbk.,--M-1V3XM4G000A112------------,1400,0,1410,1385,1395,-5,11998000,16728512000,841,5559.1,1395,3383900,1390,10100,20073474600,20073474600,7453281119,683200,864500,19600,27440000,1
2022-12-23,AKRA,AKR Corporindo Tbk.,--M-1V3XM4G000A112------------,1400,0,1405,1380,1400,0,19255000,26813976500,2199,5579.0,1400,379800,1385,12800,20073474600,20073474600,7453281119,5689600,7471100,166828,233559200,5
2022-12-22,AKRA,AKR Corporindo Tbk.,--M-1V3XM4G000A112------------,1370,0,1410,1370,1400,30,28183000,39131021000,2912,5579.0,1400,139100,1395,50700,20073474600,20073474600,7453281119,3454500,15860400,67482,92448700,3
2022-12-21,AKRA,AKR Corporindo Tbk.,--M-1V3XM4G000A112------------,1355,0,1380,1340,1370,15,24147500,32923849000,2269,5459.5,1370,636900,1365,900,20073474600,20073474600,7453281119,6698200,11423900,510582,696756560,3
2022-12-20,AKRA,AKR Corporindo Tbk.,--M-1V3XM4G000A112------------,1340,0,1370,1330,1355,15,25102100,33921388000,3298,5399.7,1360,873000,1355,112000,20073474600,20073474600,7453281119,4759400,10726600,0,0,0
2022-12-19,AKRA,AKR Corporindo Tbk.,--M-1V3XM4G000A112------------,1380,0,1375,1315,1340,-40,48820900,65609037500,5026,5339.9,1345,168700,1340,3638500,20073474600,20073474600,7453281119,30096800,13336100,0,0,0
2022-12-16,AKRA,AKR Corporindo Tbk.,--M-1V3XM4G000A112------------,1420,0,1420,1365,1380,-40,34237500,47576001000,3294,5499.3,1380,454700,1375,199500,20073474600,20073474600,7453281119,19155400,10831300,911660,1294554800,5
2022-12-15,AKRA,AKR Corporindo Tbk.,--M-1V3XM4G000A112------------,1420,0,1430,1400,1420,0,24417900,34397245000,2109,5658.7,1420,1637500,1415,100,20073474600,20073474600,7453281119,7028100,10505000,3741900,5273243800,7
2022-12-14,AKRA,AKR Corporindo Tbk.,--M-1V3XM4G000A112------------,1430,0,1445,1415,1420,-10,18369500,26271315500,2695,5658.7,1420,4300,1415,428100,20073474600,20073474600,7453281119,3143600,4002300,0,0,0
2022-12-13,AKRA,AKR Corporindo Tbk.,--M-1V3XM4G000A112------------,1380,0,1440,1380,1430,50,37882700,53524781000,5019,5698.6,1435,102600,1430,232500,20073474600,20073474600,7453281119,5802900,18655800,30,41850,1
2022-12-12,AKRA,AKR Corporindo Tbk.,--M-1V3XM4G000A112------------,1360,0,1385,1355,1380,20,33309700,45582062000,3219,5499.3,1385,403700,1380,1848400,20073474600,20073474600,7453281119,14199500,9820000,0,0,0
2022-12-09,AKRA,AKR Corporindo Tbk.,--M-1V3XM4G000A112------------,1360,0,1370,1335,1360,0,35887700,48662555000,2957,5419.6,1365,38400,1360,2456200,20073474600,20073474600,7453281119,19321600,2842000,3447400,4644435600,4
2022-12-08,AKRA,AKR Corporindo Tbk.,--M-1V3XM4G000A112------------,1375,0,1375,1340,1360,-15,45969700,62229718500,3426,5419.6,1365,22700,1360,95100,20073474600,20073474600,7453281119,27719900,19235300,28285,38889325,3
2022-12-07,AKRA,AKR Corporindo Tbk.,--M-1V3XM4G000A112------------,1360,0,1375,1330,1375,15,43877600,59230243000,4548,5479.4,1375,325100,1370,61100,20073474600,20073474600,7453281119,23070700,18337100,4088500,5515477800,3
2022-12-06,AKRA,AKR Corporindo Tbk.,--M-1V3XM4G000A112------------,1400,0,1395,1325,1360,-40,63193500,85326045500,6374,5419.6,1360,209100,1355,17300,20073474600,20073474600,7453281119,34286500,27100200,6283584,8460581295,4
2022-12-05,AKRA,AKR Corporindo Tbk.,--M-1V3XM4G000A112------------,1450,0,1455,1400,1400,-50,73472200,104243050500,8742,5579.0,1405,118700,1400,128600,20073474600,20073474600,7453281119,55019500,19931100,5015291,7104670585,39
2022-12-02,AKRA,AKR Corporindo Tbk.,--M-1V3XM4G000A112------------,1440,0,1455,1425,1450,10,34447300,49530052500,4772,5778.3,1450,1248500,1445,100,20073474600,20073474600,7453281119,13013900,11058600,5673572,8208287220,18
2022-12-01,AKRA,AKR Corporindo Tbk.,--M-1V3XM4G000A112------------,1385,0,1465,1385,1440,55,76730600,110634944500,9537,5738.4,1440,36500,1435,1422900,20073474600,20073474600,7453281119,20396500,38509000,6741557,9612683198,18
2022-11-30,AKRA,AKR Corporindo Tbk.,--M-1MAXM4G000A112------------,1390,0,1405,1360,1385,-5,68135400,94623725500,8140,5519.2,1390,103400,1385,64900,20073474600,20073474600,7453281119,30124200,15709600,419658,572948750,3
2022-11-29,AKRA,AKR Corporindo Tbk.,--M-1MAXM4G000A112------------,1370,0,1395,1365,1390,20,41985300,57923092000,4009,5539.2,1390,236800,1385,37300,20073474600,20073474600,7453281119,18482400,23727300,10023,13731395,2
2022-11-28,AKRA,AKR Corporindo Tbk.,--M-1MAXM4G000A112------------,1360,0,1370,1345,1370,10,29010700,39379697000,3033,5459.5,1370,352100,1365,900,20073474600,20073474600,7453281119,8663300,10888600,291400,396304000,3
2022-11-25,AKRA,AKR Corporindo Tbk.,--M-1MAXM4G000A112------------,1365,0,1365,1340,1360,-5,28450200,38415749000,3523,5419.6,1360,760100,1355,900,20073474600,20073474600,7453281119,11291200,9676800,2141100,2889167900,8
2022-11-24,AKRA,AKR Corporindo Tbk.,--M-1MAXM4G000A112------------,1390,0,1395,1365,1365,-25,23190800,31992539500,3382,5439.5,1365,337800,1360,704000,20073474600,20073474600,7453281119,7568800,4818900,384500,528905000,2
2022-11-23,AKRA,AKR Corporindo Tbk.,--M-1MAXM4G000A112------------,1390,0,1400,1375,1390,0,25433900,35350901000,3169,5539.2,1390,40400,1385,387900,20073474600,20073474600,7453281119,7309900,6793400,90800,126212000,2
2022-11-22,AKRA,AKR Corporindo Tbk.,--M-1MAXM4G000A112------------,1400,0,1420,1365,1390,-10,45258400,62929292500,7248,5539.2,1390,158100,1385,68000,20073474600,20073474600,7453281119,18943200,16757000,1256500,1729419200,2
2022-11-21,AKRA,AKR Corporindo Tbk.,--M-1MAXM4G000A112------------,1365,0,1400,1350,1400,35,44802400,61698546500,5049,5579.0,1400,1209100,1395,24200,20073474600,20073474600,7453281119,18349800,15128900,0,0,0
2022-11-18,AKRA,AKR Corporindo Tbk.,--M-1MAXM4G000A112------------,1350,0,1380,1325,1365,15,42408300,57251141000,5897,5439.5,1365,321100,1350,600,20073474600,20073474600,7453281119,16322100,16996700,38461,51921435,4
2022-11-17,AKRA,AKR Corporindo Tbk.,--M-1MAXM4G000A112------------,1405,0,1410,1310,1350,-55,86561800,116052563500,10463,5379.8,1350,503300,1345,250600,20073474600,20073474600,7453281119,52926800,25754400,0,0,0
2022-11-16,AKRA,AKR Corporindo Tbk.,--M-1MAXM4G000A112------------,1420,0,1430,1385,1405,-15,38998400,54815767000,5725,5598.9,1405,3845500,1400,120400,20073474600,20073474600,7453281119,20019500,11235100,8757900,12321127500,4
2022-11-15,AKRA,AKR Corporindo Tbk.,--M-1MAXM4G000A112------------,1385,0,1435,1365,1420,35,58094500,81947355000,6910,5658.7,1420,970900,1415,87600,20073474600,20073474600,7453281119,16792800,10185600,542400,791904000,2
2022-11-14,AKRA,AKR Corporindo Tbk.,--M-1MAXM4G000A112------------,1480,0,1480,1385,1385,-95,68785600,97516459000,12382,5519.2,1390,191000,1385,4036100,20073474600,20073474600,7453281119,31370700,8360700,610482,858952520,3
2022-11-11,AKRA,AKR Corporindo Tbk.,--M-1MAXM4G000A112------------,1460,0,1485,1440,1480,20,53201600,77815358500,5979,5897.8,1480,5500,1475,270600,20073474600,20073474600,7453281119,22406000,5328900,5423200,7972104000,4
2022-11-10,AKRA,AKR Corporindo Tbk.,--M-1MAXM4G000A112------------,1470,0,1470,1430,1460,-10,31584100,45757488000,3891,5818.1,1460,409900,1450,2500,20073474600,20073474600,7453281119,8620900,11434800,25000,36175000,1
2022-11-09,AKRA,AKR Corporindo Tbk.,--M-1MAXM4G000A112------------,1470,0,1490,1445,1470,0,38085200,55833000500,5426,5858.0,1470,133400,1465,6600,20073474600,20073474600,7453281119,10175000,11925200,100,151500,1
2022-11-08,AKRA,AKR Corporindo Tbk.,--M-1MAXM4G000A112------------,1495,0,1510,1460,1470,-25,39888300,59288448500,5546,5858.0,1475,53100,1470,100300,20073474600,20073474600,7453281119,13424800,13101500,7600,11362000,1
2022-11-07,AKRA,AKR Corporindo Tbk.,--M-1MAXM4G000A112------------,1515,0,1540,1490,1495,-20,33854800,50790821500,4542,5957.6,1500,93500,1495,911000,20073474600,20073474600,7453281119,12927900,5999900,235888,353831560,4
2022-11-04,AKRA,AKR Corporindo Tbk.,--M-1MAXM4G000A112------------,1550,0,1555,1475,1515,-35,55487800,83730152000,7961,6037.3,1520,66500,1515,2944300,20073474600,20073474600,7453281119,17368900,5795300,967200,1485912900,5
2022-11-03,AKRA,AKR Corporindo Tbk.,--M-1MAXM4G000A112------------,1495,0,1580,1495,1550,55,70401800,108524644000,8161,6176.8,1555,28300,1550,238500,20073474600,20073474600,7453281119,12676000,40325400,0,0,0
2022-11-02,AKRA,AKR Corporindo Tbk.,--M-1MAXM4G000A112------------,1455,0,1500,1460,1495,40,54731000,81273582000,6484,5957.6,1495,421900,1490,22700,20073474600,20073474600,7453281119,12001100,24341300,3420265,4976489475,5
2022-11-01,AKRA,AKR Corporindo Tbk.,--M-1MAXM4G000A112------------,1560,0,1560,1455,1455,-105,104179400,154766674500,14034,5798.2,1460,48500,1455,1073900,20073474600,20073474600,7453281119,30231500,31189900,562808,877980104,3
2022-10-31,AKRA,AKR Corporindo Tbk.,--M-18AXM4G000A112------------,1445,0,1560,1445,1560,115,72240700,108401951000,9017,6216.6,1560,843500,1555,10000,20073474600,20073474600,7453281119,15441100,35718300,90,140400,1
2022-10-28,AKRA,AKR Corporindo Tbk.,--M-18AXM46000A112------------,1425,0,1445,1415,1445,20,45469100,64932503000,4652,5758.3,1445,451300,1435,18400,20073474600,20073474600,7453281119,6269000,26254500,10993000,15703943000,2
2022-10-27,AKRA,AKR Corporindo Tbk.,--M-18AXM46000A112------------,1395,0,1465,1385,1425,30,96580300,137929804000,8991,5678.6,1425,1495000,1420,216300,20073474600,20073474600,7453281119,24403500,60603900,5222694,7264382625,4
2022-10-26,AKRA,AKR Corporindo Tbk.,--M-18AXM46000A112------------,1360,0,1395,1345,1395,35,89012200,121237612500,7951,5559.1,1395,245900,1390,900,20073474600,20073474600,7453281119,30295600,39053700,619139,842648257,2
2022-10-25,AKRA,AKR Corporindo Tbk.,--M-18AXM46000A112------------,1450,0,1485,1350,1360,-90,112451600,158397879000,10498,5419.6,1370,100,1360,899000,20073474600,20073474600,7453281119,22105900,21462600,974281,1348159500,5
2022-10-24,AKRA,AKR Corporindo Tbk.,--M-18AXM46000A112------------,1435,0,1485,1435,1450,15,74242400,108557215500,4508,5778.3,1450,73700,1445,618100,20073474600,20073474600,7453281119,12432500,14076100,499700,727896800,2
2022-10-21,AKRA,AKR Corporindo Tbk.,--M-18AXM46000A112------------,1450,0,1455,1435,1435,-15,34692800,50159341500,3514,5718.5,1445,250100,1435,33900,20073474600,20073474600,7453281119,10467200,10358900,11704816,16981121600,3
2022-10-20,AKRA,AKR Corporindo Tbk.,--M-18AXM46000A112------------,1450,0,1495,1435,1450,0,89974800,131268756500,5084,5778.3,1450,2177000,1445,1100,20073474600,20073474600,7453281119,34532000,44780200,6849410,10041044500,3
2022-10-19,AKRA,AKR Corporindo Tbk.,--M-18AXM46000A112------------,1440,0,1480,1435,1450,10,70532000,102507440500,5713,5778.3,1450,115500,1445,1000,20073474600,20073474600,7453281119,32474200,22514200,0,0,0
2022-10-18,AKRA,AKR Corporindo Tbk.,--M-18AXM46000A112------------,1410,0,1440,1405,1440,30,83976600,119587721000,4538,5738.4,1440,276700,1435,250400,20073474600,20073474600,7453281119,47974300,34758500,0,0,0
2022-10-17,AKRA,AKR Corporindo Tbk.,--M-18AXM46000A112------------,1440,0,1430,1390,1410,-30,44307500,62429860500,4334,5618.9,1420,100,1410,266800,20073474600,20073474600,7453281119,27090600,10842400,6046900,8544879400,2
2022-10-14,AKRA,AKR Corporindo Tbk.,--M-18AXM46000A112------------,1410,0,1445,1410,1440,30,53647500,76770243000,5061,5738.4,1440,1191400,1435,84900,20073474600,20073474600,7453281119,15201100,12408300,775912,1105506400,5
2022-10-13,AKRA,AKR Corporindo Tbk.,--M-18AXM46000A112------------,1450,0,1460,1400,1410,-40,51663700,73282971500,7391,5618.9,1415,164600,1410,778700,20073474600,20073474600,7453281119,30689100,13100500,352100,499982000,1
2022-10-12,AKRA,AKR Corporindo Tbk.,--M-18AXM46000A112------------,1410,0,1450,1375,1450,40,59097000,83388955500,4423,5778.3,1450,439800,1445,1200,20073474600,20073474600,7453281119,32001600,29576900,465131,654909950,3
2022-10-11,AKRA,AKR Corporindo Tbk.,--M-18AXM46000A112------------,1330,0,1420,1330,1410,80,51924300,71935754500,5265,5618.9,1410,315200,1405,15400,20073474600,20073474600,7453281119,8122400,26935000,0,0,0
2022-10-10,AKRA,AKR Corporindo Tbk.,--M-18AXM46000A112------------,1365,0,1370,1330,1330,-35,37876100,51047702000,3983,5300.1,1330,139200,1325,2039300,20073474600,20073474600,7453281119,9762700,6499300,371700,499936500,1
2022-10-07,AKRA,AKR Corporindo Tbk.,--M-18AXM46000A112------------,1405,0,1405,1355,1365,-40,41152600,56461115000,5538,5439.5,1370,72000,1365,741000,20073474600,20073474600,7453281119,14708300,12628100,2807542,3851947330,2
2022-10-06,AKRA,AKR Corporindo Tbk.,--M-18AXM46000A112------------,1415,0,1475,1405,1405,-10,54404500,78079173000,8582,5598.9,1415,18200,1405,1616100,20073474600,20073474600,7453281119,14968900,24569400,0,0,0
2022-10-05,AKRA,AKR Corporindo Tbk.,--M-18AXM46000A112------------,1405,0,1430,1405,1415,10,65511100,92705634500,10152,5638.8,1415,1390900,1410,2700,20073474600,20073474600,7453281119,21579200,30550300,18814600,26611031500,14
2022-10-04,AKRA,AKR Corporindo Tbk.,--M-18AXM46000A112------------,1345,0,1415,1355,1405,60,76605100,106848361500,15894,5598.9,1405,147900,1400,3741800,20073474600,20073474600,7453281119,27104100,22224300,959050,1305027700,4
2022-10-03,AKRA,AKR Corporindo Tbk.,--M-18AXM46000A112------------,1350,0,1350,1325,1345,-5,22738700,30433991000,3645,5359.8,1345,80400,1340,770000,20073474600,20073474600,7453281119,3072100,8255700,2000000,2664000000,1
2022-09-30,AKRA,AKR Corporindo Tbk.,--M-18AXM46000A112------------,1330,0,1355,1310,1350,20,56082000,75087073000,5393,5379.8,1350,849800,1345,579800,20073474600,20073474600,7491420721,12077400,17741400,13972900,18747587900,3
2022-09-29,AKRA,AKR Corporindo Tbk.,--M-18AXM46000A112------------,1340,0,1355,1320,1330,-10,29870300,39960040500,3562,5300.1,1330,255300,1325,217900,20073474600,20073474600,7491420721,6814100,8534900,65,87100,1
2022-09-28,AKRA,AKR Corporindo Tbk.,--M-18AXM46000A112------------,1375,0,1370,1330,1340,-35,62772100,84375920500,5731,5339.9,1345,223100,1340,1945300,20073474600,20073474600,7491420721,24837100,18063700,5000000,6700000000,1
2022-09-27,AKRA,AKR Corporindo Tbk.,--M-18AXM46000A112------------,1305,0,1375,1275,1375,70,59745300,79925396000,6321,5479.4,1375,584900,1370,13200,20073474600,20073474600,7491420721,15455400,22842900,2567624,3386290790,5
2022-09-26,AKRA,AKR Corporindo Tbk.,--M-18AXM46000A112------------,1400,0,1390,1305,1305,-95,71151700,93788171500,10079,5200.4,1305,180400,0,0,20073474600,20073474600,7491420721,19735600,25878300,16814919,23403892735,4
2022-09-23,AKRA,AKR Corporindo Tbk.,--M-18AXM46000A112------------,1455,0,1450,1375,1400,-55,69496400,97089069500,5834,5579.0,1400,1873800,1395,47100,20073474600,20073474600,7491420721,43796900,10377200,18868000,26577713400,9
2022-09-22,AKRA,AKR Corporindo Tbk.,--M-18AXM46000A112------------,1420,0,1455,1400,1455,35,37769900,53664145000,3780,5798.2,1455,2293400,1430,76900,20073474600,20073474600,7491420721,14453700,17301500,2269500,3199995000,1
2022-09-21,AKRA,AKR Corporindo Tbk.,--M-18AXM46000A112------------,1425,0,1430,1405,1420,-5,38394700,54441701000,3659,5658.7,1420,23400,1415,43300,20073474600,20073474600,7491420721,14791900,23172400,1610000,2278150000,2
2022-09-20,AKRA,AKR Corporindo Tbk.,--M-18AXM46000A112------------,1405,0,1445,1390,1425,20,66656000,94308556500,6961,5678.6,1435,19500,1425,28300,20073474600,20073474600,7491420721,26412400,31302300,40,57000,1
2022-09-19,AKRA,AKR Corporindo Tbk.,--M-18AXM46000A112------------,1345,0,1455,1315,1405,60,99646200,138239241000,9070,5598.9,1405,248200,1400,28100,20073474600,20073474600,7491420721,46805000,29994900,6455400,8912266700,4
2022-09-16,AKRA,AKR Corporindo Tbk.,--M-18AXM46000A112------------,1410,0,1405,1320,1345,-65,82745900,112315880500,7780,5359.8,1345,36500,1340,1160600,20073474600,20073474600,7491420721,43334700,44847800,2475200,3443247000,3
2022-09-15,AKRA,AKR Corporindo Tbk.,--M-18AXM46000A112------------,1375,0,1445,1370,1410,35,114329200,161000815000,12687,5618.9,1415,2600,1410,3647300,20073474600,20073474600,7491420721,47328200,20236600,1756900,2383776800,4
2022-09-14,AKRA,AKR Corporindo Tbk.,--M-18AXM46000A112------------,1255,0,1380,1205,1375,120,152853400,200495506000,20269,5479.4,1380,3903600,1375,11700,20073474600,20073474600,7491420721,40856300,34496000,16414273,20972348477,83
2022-09-13,AKRA,AKR Corporindo Tbk.,--M-18AXM46000A112------------,1205,0,1260,1205,1255,50,71376500,88621357500,12054,5001.2,1260,945600,1255,4738500,20073474600,20073474600,7491420721,6174200,30774900,19575808,24256756440,95
2022-09-12,AKRA,AKR Corporindo Tbk.,--M-18AXM46000A112------------,1200,0,1210,1190,1205,5,36936200,44304761000,4129,4801.9,1210,431600,1205,917800,20073474600,20073474600,7491420721,8920600,7074800,170046,204225200,2
2022-09-09,AKRA,AKR Corporindo Tbk.,--M-18AXM46000A112------------,1195,0,1200,1165,1200,5,31917300,37677154500,3310,4782.0,1200,1116200,1190,50200,20073474600,20073474600,7491420721,10749200,9984500,1587200,1888073600,2
2022-09-08,AKRA,AKR Corporindo Tbk.,--M-18AXM46000A112------------,1200,0,1210,1175,1195,-5,39797600,47343827500,3446,4762.1,1195,648100,1190,90600,20073474600,20073474600,7491420721,21686200,17410200,1083300,1299960000,1
2022-09-07,AKRA,AKR Corporindo Tbk.,--M-18AXM46000A112------------,1210,0,1230,1185,1200,-10,52493700,62667216000,4833,4782.0,1200,2813900,1195,12300,20073474600,20073474600,7491420721,22528600,29338300,45800,55326400,1
2022-09-06,AKRA,AKR Corporindo Tbk.,--M-18AXM46000A112------------,1195,0,1220,1190,1210,15,62111000,75016048000,7260,4821.9,1210,1124200,1205,573500,20073474600,20073474600,7491420721,15869800,14023200,768100,927108700,2
2022-09-05,AKRA,AKR Corporindo Tbk.,--M-18AXM46000A112------------,1150,0,1205,1140,1195,45,87239000,103740350500,9577,4762.1,1200,846600,1195,585600,20073474600,20073474600,7491420721,34850100,39379800,6391300,7572715100,7
2022-09-02,AKRA,AKR Corporindo Tbk.,--M-18AXM46000A112------------,1180,0,1190,1140,1150,-30,45353700,52566173500,6870,4582.8,1150,312000,1145,150500,20073474600,20073474600,7491420721,23675600,6320700,97,111550,1
2022-09-01,AKRA,AKR Corporindo Tbk.,--M-18AXM46000A112------------,1200,0,1200,1170,1180,-20,27703000,32738529500,3214,4702.3,1180,10667800,1175,279700,20073474600,20073474600,7491420721,16887400,4562100,29662967,35002301395,2
2022-08-31,AKRA,AKR Corporindo Tbk.,--M-18AXM46000A112------------,1220,0,1235,1165,1200,-20,97112200,115353690000,9957,4782.0,1200,21025700,1195,208900,20073474600,20073474600,7491420721,36934000,50358000,1249004,1470077800,2
2022-08-30,AKRA,AKR Corporindo Tbk.,--M-18AXM46000A112------------,1210,0,1255,1205,1220,10,95381600,117707062500,10397,4861.7,1220,493700,1215,23200,20073474600,20073474600,7491420721,31258700,51078400,60000,73500000,1
2022-08-29,AKRA,AKR Corporindo Tbk.,--M-18AXM46000A112------------,1230,0,1220,1175,1210,-20,49174000,59161488000,9095,4821.9,1210,25154800,1205,216800,20073474600,20073474600,7491420721,9398300,13310900,4885000,5910850000,12
2022-08-26,AKRA,AKR Corporindo Tbk.,--M-18AXM46000A112------------,1210,0,1240,1200,1230,20,63232900,77251210000,8719,4901.6,1230,1962200,1225,57400,20073474600,20073474600,7491420721,5164300,18116000,6594400,7968560000,23
2022-08-25,AKRA,AKR Corporindo Tbk.,--M-18AXM46000A112------------,1215,0,1220,1190,1210,-5,33122400,39819211000,3647,4821.9,1210,465900,1205,10800,20073474600,20073474600,7491420721,7753500,3711400,0,0,0
2022-08-24,AKRA,AKR Corporindo Tbk.,XDM-18AXM46000A112------------,1215,0,1240,1195,1215,0,48516400,58833510500,7223,4841.8,1215,207800,1210,124400,20073474600,20073474600,7491420721,10936500,13892100,692400,831267000,2
2022-08-23,AKRA,AKR Corporindo Tbk.,XDM-18AXM46000A112------------,1170,0,1225,1165,1215,45,60971200,74008038500,10098,4841.8,1215,216700,1210,1719900,20073474600,20073474600,7491420721,16289900,8402200,5542000,6757157400,5
2022-08-22,AKRA,AKR Corporindo Tbk.,XDM-18AXM46000A112------------,1185,0,1205,1150,1170,-15,46134500,54507456500,2985,4662.5,1175,46300,1170,1111200,20073474600,20073474600,7491420721,12339700,20423400,7678300,9172075100,5
2022-08-19,AKRA,AKR Corporindo Tbk.,XDM-18AXM46000A112------------,1160,0,1200,1155,1185,25,36456300,43137577000,3189,4722.2,1190,201800,1185,1002700,20073474600,20073474600,7491420721,12617500,18162200,3947300,4578868000,2
2022-08-18,AKRA,AKR Corporindo Tbk.,XDM-18AXM46000A112------------,1165,0,1165,1140,1160,-5,23617600,27194906000,2520,4622.6,1165,99700,1160,675300,20073474600,20073474600,7491420721,6644800,6519400,8929714,10292225440,6
2022-08-16,AKRA,AKR Corporindo Tbk.,XDM-18AXM46000A112------------,1185,0,1185,1150,1165,-20,35350200,41124940500,3644,4642.5,1165,91400,1160,5800,20073474600,20073474600,7491420721,11576900,14185200,867300,1006200500,2
2022-08-15,AKRA,AKR Corporindo Tbk.,XDM-18AXM46000A112------------,1190,0,1200,1170,1185,-5,27509800,32543622500,3625,4722.2,1185,1346900,1180,400,20073474600,20073474600,7491420721,8088500,4762800,0,0,0
2022-08-12,AKRA,AKR Corporindo Tbk.,XDM-18AXM46000A112------------,1215,0,1230,1180,1190,-25,32358800,38925249000,4108,4742.2,1190,4952400,1185,288000,20073474600,20073474600,7491420721,8620500,7532500,441300,529906500,3
2022-08-11,AKRA,AKR Corporindo Tbk.,XDM-18AXM46000A112------------,1180,0,1220,1185,1215,35,38994900,46870080000,3378,4841.8,1215,5803000,1210,25000,20073474600,20073474600,7491420721,13287700,18615200,2800,3304000,1
2022-08-10,AKRA,AKR Corporindo Tbk.,XDM-18AXM46000A112------------,1210,0,1245,1175,1180,-30,53351800,64146350500,6855,4702.3,1180,1427200,1175,1009300,20073474600,20073474600,7491420721,20256700,12748300,1559400,1867148000,7
2022-08-09,AKRA,AKR Corporindo Tbk.,XDM-18AXM46000A112------------,1180,0,1215,1165,1210,30,40936900,48984682000,4890,4821.9,1210,289700,1205,431700,20073474600,20073474600,7491420721,7055700,15351200,57100,67639000,3
2022-08-08,AKRA,AKR Corporindo Tbk.,XDM-18AXM46000A112------------,1200,0,1220,1175,1180,-20,33410900,39744168000,3358,4702.3,1185,100100,1180,1451600,20073474600,20073474600,7491420721,6440900,16555600,420100,499919000,1
2022-08-05,AKRA,AKR Corporindo Tbk.,--M-18AXM46000A112------------,1265,0,1285,1190,1200,-65,49862600,60554274000,7848,4782.0,1205,42400,1200,863700,20073474600,20073474600,7491420721,7016200,18471000,7824800,9507712000,13
2022-08-04,AKRA,AKR Corporindo Tbk.,--M-18AXM46000A112------------,1285,0,1285,1250,1265,-20,37542200,47593626000,5261,5041.0,1265,3062500,1260,583600,20073474600,20073474600,7491420721,18027600,11647500,2273400,2883405000,16
2022-08-03,AKRA,AKR Corporindo Tbk.,CDM-18AXM46000A112------------,1250,0,1290,1220,1285,35,84575300,106617596000,11459,5120.7,1285,37300,1280,27700,20073474600,20073474600,7491420721,29305800,47547200,728520,856304400,3
2022-08-02,AKRA,AKR Corporindo Tbk.,CDM-18AXM86000A112------------,1260,0,1260,1225,1250,-10,52798600,65921414500,5161,4981.3,1250,57900,1245,585700,20073474600,20073474600,7491420721,12303200,33862400,10491065,13120907100,27
2022-08-01,AKRA,AKR Corporindo Tbk.,CDM-18AXM86000A112------------,1250,0,1275,1225,1260,10,40768600,50674569000,6857,5021.1,1260,403400,1245,282700,20073474600,20073474600,7491420721,11170400,10619900,5324,6654856,2
2022-07-29,AKRA,AKR Corporindo Tbk.,CDM-18GXM86000A112------------,1160,0,1250,1160,1250,90,64516400,77807949000,7411,4981.3,1250,2075400,1245,1300,20073474600,20073474600,7491420721,11162300,22033900,3730,4329500,2
2022-07-28,AKRA,AKR Corporindo Tbk.,CDM-18GXM86000A112------------,1105,0,1185,1110,1160,55,88032700,101468301500,12670,4622.6,1170,3700,1160,1327800,20073474600,20073474600,7491420721,33561700,23511400,500,552500,1
2022-07-27,AKRA,AKR Corporindo Tbk.,CDM-18GXM86000A112------------,1080,0,1120,1070,1105,25,82598400,90941618000,9380,4403.4,1110,1004300,1105,310400,20073474600,20073474600,7491420721,19903700,33442800,474300,522106200,2
2022-07-26,AKRA,AKR Corporindo Tbk.,CDM-18GXM86000A112------------,1095,0,1150,1080,1080,-15,70922500,78598580500,9320,4303.8,1085,51900,1080,2190100,20073474600,20073474600,7491420721,19077000,11336600,400000,438000000,1
2022-07-25,AKRA,AKR Corporindo Tbk.,--M-18GXM86000A112------------,1080,0,1115,1070,1095,15,52071300,56975857500,4768,4363.6,1100,40500,1095,32000,20073474600,20073474600,7491420721,22759200,6209700,921600,999936000,1
2022-07-22,AKRA,AKR Corporindo Tbk.,--M-18GXM86000A112------------,1100,0,1105,1070,1080,-20,26551600,28652960500,3220,4303.8,1080,6660200,1075,294800,20073474600,20073474600,7491420721,10526400,4407200,4179600,3005132400,1
2022-07-21,AKRA,AKR Corporindo Tbk.,--M-18GXM86000A112------------,1095,0,1105,1080,1100,5,29637500,32579537000,2996,4383.5,1100,69800,1095,1425000,20073474600,20073474600,7491420721,12795700,8537400,0,0,0
2022-07-20,AKRA,AKR Corporindo Tbk.,--M-18GXM86000A112------------,1100,0,1130,1090,1095,-5,60235600,67093063500,6738,4363.6,1095,3152100,1090,816900,20073474600,20073474600,7491420721,25455600,22748200,0,0,0
2022-07-19,AKRA,AKR Corporindo Tbk.,--M-18GXM86000A112------------,1015,0,1105,1020,1100,85,66057900,71028295500,7211,4383.5,1100,1828000,1095,848700,20073474600,20073474600,7491420721,20492800,34468300,3296700,3585933600,2
2022-07-18,AKRA,AKR Corporindo Tbk.,--M-18GXM86000A112------------,1015,0,1065,1015,1015,0,46160000,47943764000,5776,4044.8,1030,90600,1015,1234300,20073474600,20073474600,7491420721,21646400,12464000,6224200,6317563000,2
2022-07-15,AKRA,AKR Corporindo Tbk.,--M-18GXM86000A112------------,1040,0,1050,995,1015,-25,38186500,38953481000,3765,4044.8,1020,7900,1015,600,20073474600,20073474600,7491420721,17717200,11216500,6343971,6439130565,2
2022-07-14,AKRA,AKR Corporindo Tbk.,--M-18GXM86000A112------------,1050,0,1050,1010,1040,-10,51816800,53419457500,3883,4144.4,1040,403400,1035,20000,20073474600,20073474600,7491420721,32847800,14933400,4975600,5287990000,2
2022-07-13,AKRA,AKR Corporindo Tbk.,--M-18GXM86000A112------------,1065,0,1075,1040,1050,-15,33515600,35553198500,3664,4184.3,1050,118000,1045,181000,20073474600,20073474600,7491420721,17581700,14082700,11920690,12564726300,3
2022-07-12,AKRA,AKR Corporindo Tbk.,--M-18GXM86000A112------------,1070,0,1090,1060,1065,-5,59044200,63252358000,3907,4244.0,1070,86200,1065,6886400,20073474600,20073474600,7491420721,34388200,39385300,1800000,1891800000,2
2022-07-11,AKRA,AKR Corporindo Tbk.,--M-18GXM86000A112------------,1020,0,1075,1020,1070,50,50319100,53234116500,5262,4264.0,1075,337100,1070,40800,20073474600,20073474600,7491420721,14502500,26835800,3850107,3861662336,3
2022-07-08,AKRA,AKR Corporindo Tbk.,--M-18GXM86000A112------------,960,0,1045,960,1020,60,71285900,71739119000,6273,4064.7,1020,2161200,1015,96900,20073474600,20073474600,7491420721,37840600,35177100,0,0,0
2022-07-07,AKRA,AKR Corporindo Tbk.,--M-18GXM86000A112------------,950,0,980,950,960,10,50142400,48403118500,6347,3825.6,965,286400,960,108400,20073474600,20073474600,7491420721,30185900,20754500,10990300,10282882000,4
2022-07-06,AKRA,AKR Corporindo Tbk.,--M-18GXM86000A112------------,935,0,955,925,950,15,56499400,53111177500,4334,3785.8,955,605800,950,167100,20073474600,20073474600,7491420721,35627200,32507700,11198300,10518885500,15
2022-07-05,AKRA,AKR Corporindo Tbk.,--M-18GXM86000A112------------,900,0,955,900,935,35,60767000,56980386000,4518,3726.0,940,52500,935,119700,20073474600,20073474600,7491420721,39573300,18352900,5900,6549000,1
2022-07-04,AKRA,AKR Corporindo Tbk.,--M-18GXM86000A112------------,960,0,1005,895,900,-60,79415600,73298684500,6150,3586.5,900,3091200,895,1563300,20073474600,20073474600,7491420721,56406000,41698900,121,122165,2
2022-07-01,AKRA,AKR Corporindo Tbk.,--M-18GXM86000A112------------,1030,0,1035,960,960,-70,60917000,59976364500,6248,3825.6,960,897800,0,0,20073474600,20073474600,7491420721,12851900,22907400,149,151094,3
2022-06-30,AKRA,AKR Corporindo Tbk.,--M-18GXM86000A112------------,1035,0,1050,1025,1030,-5,49683300,51569418500,4026,4104.6,1030,6823900,1025,266800,20073474600,20073474600,7503464805,28535800,31267100,4,4160,1
2022-06-29,AKRA,AKR Corporindo Tbk.,--M-18GXM86000A112------------,1055,0,1060,1035,1035,-20,40150200,41946929000,4025,4124.5,1035,189600,1030,934300,20073474600,20073474600,7503464805,23925400,7737200,80,83600,1
2022-06-28,AKRA,AKR Corporindo Tbk.,--M-18GXM86000A112------------,1070,0,1080,1050,1055,-15,63052800,66851989500,4288,4204.2,1060,12600,1055,1507200,20073474600,20073474600,7503464805,49469200,20755500,0,0,0
2022-06-27,AKRA,AKR Corporindo Tbk.,--M-18GXM86000A112------------,1060,0,1090,1060,1070,10,41977400,44940465000,3285,4264.0,1070,7391200,1065,1389200,20073474600,20073474600,7503464805,26106400,10796500,467200,499904000,1
2022-06-24,AKRA,AKR Corporindo Tbk.,--M-18GXM86000A112------------,1065,0,1080,1055,1060,-5,54941100,58860759500,3087,4224.1,1065,1400,1060,1556100,20073474600,20073474600,7503464805,40416300,18628500,19672800,21045949000,33
2022-06-23,AKRA,AKR Corporindo Tbk.,--M-18GXM86000A112------------,1065,0,1095,1040,1065,0,57625300,61800402500,4285,4244.0,1065,314100,1060,31200,20073474600,20073474600,7503464805,20946800,16885700,25915500,28035416600,108
2022-06-22,AKRA,AKR Corporindo Tbk.,--M-18GXM86000A112------------,1075,0,1115,1065,1065,-10,79758400,87063053500,7123,4244.0,1075,6700,1065,2718700,20073474600,20073474600,7503464805,55106300,29438400,2104232,2316050232,4
2022-06-21,AKRA,AKR Corporindo Tbk.,--M-18GXM86000A112------------,1050,0,1100,1035,1075,25,80862700,86444591500,5699,4283.9,1080,8400,1075,5208200,20073474600,20073474600,7503464805,30329800,31176200,290370,304883600,2
2022-06-20,AKRA,AKR Corporindo Tbk.,--M-18GXM86000A112------------,1105,0,1115,1035,1050,-55,64086100,67600926000,5565,4184.3,1055,514300,1050,12500,20073474600,20073474600,7503464805,26789100,15394600,70,77000,1
2022-06-17,AKRA,AKR Corporindo Tbk.,--M-18GXM86000A112------------,1165,0,1165,1105,1105,-60,36642800,41300926000,4708,4403.4,1110,65700,1105,1088700,20073474600,20073474600,7503464805,9393100,2920100,3130980,3599060600,6
2022-06-16,AKRA,AKR Corporindo Tbk.,--M-18GXM86000A112------------,1180,0,1200,1165,1165,-15,30085900,35485886000,3411,4642.5,1165,127300,1160,1000400,20073474600,20073474600,7503464805,10588700,2225300,11200,13216000,1
2022-06-15,AKRA,AKR Corporindo Tbk.,--M-18GXM86000A112------------,1155,0,1195,1145,1180,25,78054200,91184542500,15273,4702.3,1185,645800,1180,335300,20073474600,20073474600,7503464805,49989300,20234300,50000,59250000,1
2022-06-14,AKRA,AKR Corporindo Tbk.,--M-18GXM86000A112------------,1160,0,1185,1125,1155,-5,62367700,71867762500,6664,4602.7,1160,5900,1155,275600,20073474600,20073474600,7503464805,37435100,11278200,1,1155,1
2022-06-13,AKRA,AKR Corporindo Tbk.,--M-18GXM86000A112------------,1195,0,1195,1150,1160,-35,43999100,51120701000,5619,4622.6,1165,76000,1160,362200,20073474600,20073474600,7503464805,22080000,3577900,0,0,0
2022-06-10,AKRA,AKR Corporindo Tbk.,--M-18GXM86000A112------------,1170,0,1195,1140,1195,25,52572300,61347601500,6640,4762.1,1195,2829700,1180,11000,20073474600,20073474600,7503464805,28533600,11893600,2784100,3244692400,29
2022-06-09,AKRA,AKR Corporindo Tbk.,--M-18GXM86000A112------------,1105,0,1215,1110,1170,65,108808500,127342832500,11334,4662.5,1170,6091700,1165,48200,20073474600,20073474600,7503464805,43939100,14891200,2272279,2660833595,30
2022-06-08,AKRA,AKR Corporindo Tbk.,--M-18GXM86000A112------------,1105,0,1120,1080,1105,0,30524400,33532643000,3177,4403.4,1105,884200,1100,130000,20073474600,20073474600,7503464805,12864300,6560000,300,331500,1
2022-06-07,AKRA,AKR Corporindo Tbk.,--M-18GXM86000A112------------,1115,0,1125,1095,1105,-10,31244100,34599741500,3473,4403.4,1105,842600,1100,362200,20073474600,20073474600,7503464805,13615200,3732900,0,0,0
2022-06-06,AKRA,AKR Corporindo Tbk.,--M-18GXM86000A112------------,1070,0,1115,1060,1115,45,48171700,53000633500,5507,4443.3,1115,503400,1110,126500,20073474600,20073474600,7503464805,10523900,9657500,4767400,5233688000,4
2022-06-03,AKRA,AKR Corporindo Tbk.,--M-18GXM86000A112------------,1070,0,1095,1055,1070,0,31683700,33959887000,4091,4264.0,1070,1339800,1065,249800,20073474600,20073474600,7503464805,10986800,5533100,156000,166920000,1
2022-06-02,AKRA,AKR Corporindo Tbk.,XDM-18GXM86000A112------------,1120,0,1140,1070,1070,-50,41944900,45780244000,6888,4264.0,1075,54000,1070,2955700,20073474600,20073474600,7503464805,13481300,8512200,9000,10040000,2
2022-05-31,AKRA,AKR Corporindo Tbk.,XDM-18GXM86000A112------------,1035,0,1140,1035,1120,85,95013900,104240761500,12414,4463.2,1120,1406500,1115,12200,20073474600,20073474600,7503464805,15701000,31439500,633100,697286500,2
2022-05-30,AKRA,AKR Corporindo Tbk.,XDM-18GXM86000A112------------,1015,0,1035,1010,1035,20,13847200,14166902000,2028,4124.5,1035,506000,1030,320000,20073474600,20073474600,7503464805,1114300,2930300,150000,153600000,1
2022-05-27,AKRA,AKR Corporindo Tbk.,XDM-18GXM86000A112------------,1020,0,1040,1010,1015,-5,40662200,41472115500,3565,4044.8,1025,45300,1015,958200,20073474600,20073474600,7503464805,11711400,13375200,723200,740103000,5
2022-05-25,AKRA,AKR Corporindo Tbk.,XDM-18GXM86000A112------------,1005,0,1030,1000,1020,15,24504200,24920071500,2801,4064.7,1020,310600,1015,10700,20073474600,20073474600,7503464805,2916500,6415800,985100,1004730000,2
2022-05-24,AKRA,AKR Corporindo Tbk.,XDM-18GXM86000A112------------,1005,0,1035,975,1005,0,53213500,53217049000,6096,4004.9,1010,7700,1005,356200,20073474600,20073474600,7503464805,13641000,13056500,30,29550,1
2022-05-23,AKRA,AKR Corporindo Tbk.,XDM-18GXM86000A112------------,1025,0,1040,1005,1005,-20,25995800,26531265000,3240,4004.9,1010,18100,1005,1667900,20073474600,20073474600,7503464805,8758500,3980800,460821,472341525,4
2022-05-20,AKRA,AKR Corporindo Tbk.,XDM-18GXM86000A112------------,1050,0,1065,1025,1025,-25,27245400,28252570000,3464,4084.6,1030,900,1025,1828800,20073474600,20073474600,7503464805,11680800,2618000,41900200,43409985000,4
2022-05-19,AKRA,AKR Corporindo Tbk.,--M-18GXM86000A112------------,1020,0,1055,1000,1050,30,56516600,58546080000,5135,4184.3,1050,1423300,1045,26500,20073474600,20073474600,7503464805,21783400,33243200,2591100,2645513100,1
2022-05-18,AKRA,AKR Corporindo Tbk.,--M-18GXM86000A112------------,1020,0,1040,1010,1020,0,46341800,47471862000,4065,4064.7,1020,764500,1015,1610500,20073474600,20073474600,7503464805,26474300,9360700,4346700,4476115000,3
2022-05-17,AKRA,AKR Corporindo Tbk.,CDM-18GXM86000A112------------,1005,0,1050,995,1020,15,50164200,51177793500,4850,4064.7,1025,20000,1020,721600,20073474600,20073474600,7503464805,23654300,19506300,379100,380995500,1
2022-05-13,AKRA,AKR Corporindo Tbk.,CDM-18GXM86000A112------------,1020,0,1040,995,1005,-15,34423200,34975887000,5582,4004.9,1010,27000,1005,265300,20073474600,20073474600,7503464805,12844500,11059800,26889,27426335,2
2022-05-12,AKRA,AKR Corporindo Tbk.,CDM-18GXM86000A112------------,1090,0,1095,1015,1020,-70,36844300,38530880500,5436,4064.7,1020,413300,1015,44000,20073474600,20073474600,7503464805,9623500,5019600,1739704,1843859110,22
2022-05-11,AKRA,AKR Corporindo Tbk.,CDM-18GXM86000A112------------,1085,0,1120,1085,1090,5,45509200,50366988500,5038,4343.7,1090,303700,1085,241400,20073474600,20073474600,7503464805,15013300,20701100,11480,12459895,4
2022-05-10,AKRA,AKR Corporindo Tbk.,CDM-18GXM86000A112------------,1085,0,1090,1040,1085,0,57415900,60806282000,6197,4323.7,1090,890800,1085,388000,20073474600,20073474600,7503464805,23138800,22852000,12545300,14183540300,15
2022-05-09,AKRA,AKR Corporindo Tbk.,--M-18GXM86000A112------------,1070,0,1095,1030,1085,15,83339700,89293749000,10123,4323.7,1085,817400,1080,1700,20073474600,20073474600,7503464805,24394300,36912400,307200,328704619,11
2022-04-28,AKRA,AKR Corporindo Tbk.,--M-18GXM86000A112------------,995,0,1080,990,1070,75,72419200,75109015000,8193,4264.0,1070,721900,1065,4700,20073474600,20073474600,7503464805,8330500,21644100,5000015,6200015000,2
2022-04-27,AKRA,AKR Corporindo Tbk.,--M-18GXM86000A112------------,1020,0,1030,990,995,-25,39950700,39964977500,6269,3965.1,995,1626700,990,728400,20073474600,20073474600,7503464805,21149000,4406700,202800,206856000,6
2022-04-26,AKRA,AKR Corporindo Tbk.,--M-18GXM86000A112------------,980,0,1020,960,1020,40,68812900,68186627500,6553,4064.7,1025,1225900,1020,1554000,20073474600,20073474600,7503464805,24443400,30465900,581095,511374525,2
2022-04-25,AKRA,AKR Corporindo Tbk.,--M-18GXM86000A112------------,985,0,990,945,980,-5,55912200,53869156000,7462,3905.3,980,591400,975,13400,20073474600,20073474600,7503464805,10704400,8521700,70,67550,1
2022-04-22,AKRA,AKR Corporindo Tbk.,--M-18GXM86000A112------------,1025,0,1030,970,985,-40,65342100,64900532500,9252,3925.2,985,735900,980,69300,20073474600,20073474600,7503464805,18102400,14993100,80400,82410000,1
2022-04-21,AKRA,AKR Corporindo Tbk.,--M-18GXM86000A112------------,935,0,1035,935,1025,90,126072100,126691758000,14550,4084.6,1025,641100,1020,151700,20073474600,20073474600,7503464805,25665900,49334100,68,69020,1
2022-04-20,AKRA,AKR Corporindo Tbk.,--M-18GXM86000A112------------,950,0,960,930,935,-15,49442400,46663250000,5402,3726.0,940,1800,935,7213700,20073474600,20073474600,7503464805,10162100,20772300,70,66710,1
2022-04-19,AKRA,AKR Corporindo Tbk.,--M-18GXM86000A112------------,940,0,955,940,950,10,40073200,37977231000,5480,3785.8,955,690700,950,210300,20073474600,20073474600,7503464805,2443900,12973800,86700,81498000,1
2022-04-18,AKRA,AKR Corporindo Tbk.,--M-18GXM86000A112------------,930,0,945,930,940,10,29336500,27563155000,3491,3745.9,945,1899700,940,2920600,20073474600,20073474600,7503464805,868100,13587500,21200,19716000,1
2022-04-14,AKRA,AKR Corporindo Tbk.,--M-18GXM86000A112------------,930,0,950,920,930,0,34298500,32125894500,5062,3706.1,935,14700,930,130500,20073474600,20073474600,7503464805,1641800,19284200,0,0,0
2022-04-13,AKRA,AKR Corporindo Tbk.,--M-18GXM86000A112------------,910,0,935,910,930,20,37161300,34443806500,6322,3706.1,935,3023000,930,1291000,20073474600,20073474600,7503464805,2443800,14253100,417035,386590850,2
2022-04-12,AKRA,AKR Corporindo Tbk.,--M-18GXM86000A112------------,920,0,930,865,910,-10,73935000,66435202500,6981,3626.4,915,153400,910,11206000,20073474600,20073474600,7503464805,26302200,27307200,0,0,0
2022-04-11,AKRA,AKR Corporindo Tbk.,--M-18GXM86000A112------------,920,0,955,920,920,0,45709700,42662305000,5471,3666.2,925,62200,920,710300,20073474600,20073474600,7503464805,6776600,6057000,0,0,0
2022-04-08,AKRA,AKR Corporindo Tbk.,--M-18GXM86000A112------------,920,0,930,910,920,0,24739400,22764127500,3475,3666.2,925,290200,920,15647800,20073474600,20073474600,7503464805,6155800,6934100,9247415,8510869200,3
2022-04-07,AKRA,AKR Corporindo Tbk.,--M-18GXM86000A112------------,925,0,935,915,920,-5,54430700,50162218000,3566,3666.2,920,697800,915,1783000,20073474600,20073474600,7503464805,28042500,34921800,149,137580,2
2022-04-06,AKRA,AKR Corporindo Tbk.,--M-18GXM86000A112------------,930,0,935,910,925,-5,44264100,40746282000,3875,3686.1,925,934100,920,46800,20073474600,20073474600,7503464805,15063600,21651800,574300,522849000,2
2022-04-05,AKRA,AKR Corporindo Tbk.,--M-18GXM86000A112------------,915,0,930,910,930,15,35040900,32248305500,3356,3706.1,930,704500,925,281100,20073474600,20073474600,7503464805,13646500,16784800,565000,522313500,2
2022-04-04,AKRA,AKR Corporindo Tbk.,--M-18GXM86000A112------------,925,0,935,915,915,-10,32665300,30127497000,4662,3646.3,920,111800,915,210700,20073474600,20073474600,7503464805,11902300,13839200,1035049,950804835,4
2022-04-01,AKRA,AKR Corporindo Tbk.,--M-18GXM86000A112------------,910,0,925,900,925,15,37699500,34585701000,3439,3686.1,925,961600,920,29400,20073474600,20073474600,7503464805,12519800,21621900,12100,12705000,1
2022-03-31,AKRA,AKR Corporindo Tbk.,--M-18GXM86000A112------------,900,0,930,890,910,10,49376600,45260632500,4453,3626.4,915,671600,910,30200,20073474600,20073474600,12533877540,12544500,22721600,7794025,7121345750,4
2022-03-30,AKRA,AKR Corporindo Tbk.,--M-18GXM86000A112------------,930,0,945,895,900,-30,74360200,68289706000,6127,3586.5,905,298700,900,25143400,20073474600,20073474600,12533877540,14217200,33649500,573000,511689000,1
2022-03-29,AKRA,AKR Corporindo Tbk.,--M-18GXM86000A112------------,960,0,970,925,930,-30,47345500,45011262000,5665,3706.1,930,127800,925,841700,20073474600,20073474600,12533877540,8416800,16067200,3800400,3579976800,1
2022-03-28,AKRA,AKR Corporindo Tbk.,--M-18GXM86000A112------------,920,0,965,920,960,40,103223800,98056138000,8560,3825.6,960,260300,955,28500,20073474600,20073474600,12533877540,38065500,58329200,0,0,0
2022-03-25,AKRA,AKR Corporindo Tbk.,--M-18GXM86000A112------------,880,0,930,880,920,40,83629800,76730641000,7161,3666.2,920,14500,915,103400,20073474600,20073474600,12533877540,15276200,55045800,14242700,13063681000,4
2022-03-24,AKRA,AKR Corporindo Tbk.,--M-18GXM86000A112------------,885,0,890,875,880,-5,61951100,54613250000,5591,3506.8,885,159600,880,8658600,20073474600,20073474600,12533877540,21958700,37927200,84,73920,1
2022-03-23,AKRA,AKR Corporindo Tbk.,--M-18GXM86000A112------------,830,0,900,830,885,55,133403500,116760710500,9872,3526.7,890,170000,885,2226500,20073474600,20073474600,12533877540,16121700,59533100,0,0,0
2022-03-22,AKRA,AKR Corporindo Tbk.,--M-18GXM86000A112------------,830,0,840,825,830,0,35585100,29674254000,3039,3307.6,835,311600,830,1356100,20073474600,20073474600,12533877540,4880500,14436300,12800,12160000,1
2022-03-21,AKRA,AKR Corporindo Tbk.,--M-18GXM86000A112------------,835,0,845,820,830,-5,36079500,29872497000,5167,3307.6,835,1128600,830,1109900,20073474600,20073474600,12533877540,17341800,19172300,748800,711360000,1
2022-03-18,AKRA,AKR Corporindo Tbk.,--M-18GXM86000A112------------,810,0,840,810,835,25,59580100,49308656500,5958,3327.5,835,1599500,830,1303300,20073474600,20073474600,12533877540,11999100,23515200,0,0,0
2022-03-17,AKRA,AKR Corporindo Tbk.,--M-18GXM86000A112------------,805,0,810,795,810,5,33031700,26538152000,2688,3227.9,810,1093300,805,2031300,20073474600,20073474600,12533877540,10382900,14322100,0,0,0
2022-03-16,AKRA,AKR Corporindo Tbk.,--M-18GXM86000A112------------,800,0,815,795,805,5,35947700,28954895000,3627,3207.9,810,825100,805,1812900,20073474600,20073474600,12533877540,9294700,16774900,78100,74195000,1
2022-03-15,AKRA,AKR Corporindo Tbk.,--M-18GXM86000A112------------,795,0,805,785,800,5,45982100,36535077000,4799,3188.0,800,2305900,795,5295000,20073474600,20073474600,12533877540,15382600,23948400,265200,251940000,1
2022-03-14,AKRA,AKR Corporindo Tbk.,--M-18GXM86000A112------------,795,0,800,790,795,0,50421400,40093906500,3567,3168.1,800,1278300,795,3020100,20073474600,20073474600,12533877540,15883700,32021500,636000,510708000,1
2022-03-11,AKRA,AKR Corporindo Tbk.,--M-18GXM86000A112------------,795,0,800,785,795,0,47823000,37958993500,3528,3168.1,800,1677800,795,2347300,20073474600,20073474600,12533877540,6569700,31515000,85400,77714000,2
2022-03-10,AKRA,AKR Corporindo Tbk.,--M-18GXM86000A112------------,810,0,810,775,795,-15,61076900,48139168500,6040,3168.1,800,2009800,795,2857400,20073474600,20073474600,12533877540,17966400,26914900,0,0,0
2022-03-09,AKRA,AKR Corporindo Tbk.,--M-18GXM86000A112------------,795,0,810,795,810,15,79072200,63454989000,5473,3227.9,815,2450300,810,4753200,20073474600,20073474600,12533877540,21329100,48466300,75000,63375000,1
2022-03-08,AKRA,AKR Corporindo Tbk.,--M-18GXM86000A112------------,795,0,815,790,795,0,90921800,72772302000,8341,3168.1,800,507900,795,2503500,20073474600,20073474600,12533877540,30754500,56388300,741000,574380500,2
2022-03-07,AKRA,AKR Corporindo Tbk.,--M-18GXM86000A112------------,755,0,795,755,795,40,102891200,80264041500,8963,3168.1,800,3164500,795,1357100,20073474600,20073474600,12533877540,22525200,46560400,12100,11011000,1
2022-03-04,AKRA,AKR Corporindo Tbk.,--M-18GXM86000A112------------,750,0,765,745,755,5,50572700,38165466000,5324,3008.7,760,1395100,755,543300,20073474600,20073474600,12533877540,16082900,22679500,100000,75500000,1
2022-03-02,AKRA,AKR Corporindo Tbk.,--M-18GXM86000A112------------,740,0,765,740,750,10,54995300,41316534500,5833,2988.8,755,394800,750,680400,20073474600,20073474600,12533877540,7526100,15503400,734200,558685200,3
2022-03-01,AKRA,AKR Corporindo Tbk.,--M-18GXM86000A112------------,755,0,765,725,740,-15,80765600,60113558000,8916,2948.9,740,283900,735,637500,20073474600,20073474600,12533877540,44611600,32649700,17818,15575518,3
2022-02-25,AKRA,AKR Corporindo Tbk.,--M-18GXM86000A112------------,785,0,800,750,755,-30,63179900,48234092000,6492,3008.7,760,188800,755,177500,20073474600,20073474600,12533877540,24480000,5516800,122192,113709460,6
2022-02-24,AKRA,AKR Corporindo Tbk.,--M-18GXM86000A112------------,740,0,795,735,785,45,102093200,78123307000,10984,3128.2,790,1516100,785,297400,20073474600,20073474600,12533877540,15133100,30904500,0,0,0
2022-02-23,AKRA,AKR Corporindo Tbk.,--M-18GXM86000A112------------,735,0,745,725,740,5,28548900,21009844000,2315,2948.9,740,293800,735,331300,20073474600,20073474600,12533877540,10948700,3938600,184800,166320000,2
2022-02-22,AKRA,AKR Corporindo Tbk.,--M-18GXM86000A112------------,745,0,755,725,735,-10,39824400,29341170500,3923,2929.0,740,2558000,735,376200,20073474600,20073474600,12533877540,11079200,10759000,0,0,0
2022-02-21,AKRA,AKR Corporindo Tbk.,--M-18GXM86000A112------------,740,0,750,735,745,5,32153600,23963440000,3548,2968.8,750,1421900,745,563700,20073474600,20073474600,12533877540,7345200,21299800,700000,522900000,1
2022-02-18,AKRA,AKR Corporindo Tbk.,--M-18GXM86000A112------------,730,0,745,720,740,10,31359400,23047434500,3319,2948.9,740,455200,735,525900,20073474600,20073474600,12533877540,6819400,11179800,10098300,7488470000,3
2022-02-17,AKRA,AKR Corporindo Tbk.,--M-18GXM86000A112------------,725,0,735,715,730,5,47084800,34175061500,3893,2909.1,730,1508800,725,470800,20073474600,20073474600,12533877540,15408000,22226900,0,0,0
2022-02-16,AKRA,AKR Corporindo Tbk.,--M-18GXM86000A112------------,695,0,725,700,725,30,67665500,48456557000,5197,2889.1,725,2770600,720,862000,20073474600,20073474600,12533877540,22916300,39723500,1223050,884711000,3
2022-02-15,AKRA,AKR Corporindo Tbk.,--M-18GXM86000A112------------,695,0,715,690,695,0,55356500,38773028500,3947,2769.6,700,383600,695,3780300,20073474600,20073474600,12533877540,25390100,21896500,1970000,1379000000,2
2022-02-14,AKRA,AKR Corporindo Tbk.,--M-18GXM86000A112------------,700,0,710,685,695,-5,55864300,38809467000,5253,2769.6,695,2506800,690,893600,20073474600,20073474600,12533877540,20852500,21715400,0,0,0
2022-02-11,AKRA,AKR Corporindo Tbk.,--M-18GXM86000A112------------,705,0,710,690,700,-5,46451300,32461798500,5423,2789.5,700,546500,695,642100,20073474600,20073474600,12533877540,13331800,13764500,83400,75060000,4
2022-02-10,AKRA,AKR Corporindo Tbk.,--M-18GXM86000A112------------,735,0,740,705,705,-30,74260400,53124355000,8984,2809.4,710,118600,705,5457100,20073474600,20073474600,12533877540,41220800,21774300,2515800,1807640000,2
2022-02-09,AKRA,AKR Corporindo Tbk.,--M-18GXM86000A112------------,750,0,755,730,735,-15,28552100,21042658500,3707,2929.0,735,93600,730,1592000,20073474600,20073474600,12533877540,9774500,3859300,546847,473094647,7
2022-02-08,AKRA,AKR Corporindo Tbk.,--M-18GXM86000A112------------,755,0,765,740,750,-5,55295100,41585671000,4080,2988.8,750,377700,745,9000,20073474600,20073474600,12533877540,6268600,11444100,9063083,6826682250,17
2022-02-07,AKRA,AKR Corporindo Tbk.,--M-18GXM86000A112------------,720,0,765,720,755,35,50333100,37754736000,5121,3008.7,760,1022400,755,843300,20073474600,20073474600,12533877540,8001400,19466000,0,0,0
2022-02-04,AKRA,AKR Corporindo Tbk.,--M-18GXM86000A112------------,725,0,735,715,720,-5,20368000,14696038500,2006,2869.2,725,101700,720,315600,20073474600,20073474600,12533877540,10353000,2834000,913120,698272000,6
2022-02-03,AKRA,AKR Corporindo Tbk.,--M-18GXM86000A112------------,725,0,740,715,725,0,32630600,23734575000,3325,2889.1,725,743700,720,350300,20073474600,20073474600,12533877540,10321600,8636200,106100,95490000,2
2022-02-02,AKRA,AKR Corporindo Tbk.,--M-18GXM86000A112------------,730,0,740,710,725,-5,40492600,29387889000,3605,2889.1,730,56200,725,684200,20073474600,20073474600,12533877540,11861600,4777500,92761,83455973,4
2022-01-31,AKRA,AKR Corporindo Tbk.,--MO1HGXM86000A112------------,735,740,745,720,730,-5,40034900,29122365500,3602,2909.1,730,2103900,725,907900,20073474600,20073474600,12533877540,24049900,9922600,2606795,1896381040,9
2022-01-28,AKRA,AKR Corporindo Tbk.,--MO1HGXM86000A112------------,710,710,740,705,735,25,61168000,44366272500,4023,2929.0,740,599400,735,64600,20073474600,20073474600,12533877540,32310100,15759400,16788400,12239245800,8
2022-01-27,AKRA,AKR Corporindo Tbk.,--MO1HGXM86000A112------------,730,735,740,700,710,-20,64734600,46074672500,5405,2829.4,710,46300,705,447100,20073474600,20073474600,12533877540,23790800,26152200,0,0,0
2022-01-26,AKRA,AKR Corporindo Tbk.,--MO1HGXM86000A112------------,775,775,780,725,730,-45,104943500,77163460000,9811,2909.1,735,33300,730,3328600,20073474600,20073474600,12533877540,50563500,35816000,10000145,7270109100,3
2022-01-25,AKRA,AKR Corporindo Tbk.,--MO1HGXM86000A112------------,795,795,800,770,775,-20,34220900,26802240500,4508,3088.4,775,150300,770,187500,20073474600,20073474600,12533877540,9605400,15104200,83,65985,1
2022-01-24,AKRA,AKR Corporindo Tbk.,--MO1HGXM86000A112------------,800,800,810,785,795,-5,29427100,23420786500,3465,3168.1,795,437000,790,149300,20073474600,20073474600,12533877540,7596200,7732600,0,0,0
2022-01-21,AKRA,AKR Corporindo Tbk.,SSMO1HGXM86000A112------------,755,760,800,760,800,45,39832800,31222955500,4278,3188.0,800,13400,795,383300,20073474600,20073474600,12533877540,5996100,14253500,1538750,1108961250,2
2022-01-20,AKRA,AKR Corporindo Tbk.,SSMO1HGXM86000A112------------,785,785,785,750,755,-30,44564900,33939154000,4488,3008.7,760,87900,755,321900,20073474600,20073474600,12533877540,14891200,7958000,0,0,0
2022-01-19,AKRA,AKR Corporindo Tbk.,SSMO1HGXM86000A112------------,810,805,805,780,785,-25,32961200,26204709000,4330,3128.2,790,722600,785,18000,20073474600,20073474600,12533877540,13339800,6690000,88800,84536000,2
2022-01-18,AKRA,AKR Corporindo Tbk.,SSMO1HGXM86000A112------------,810,815,820,800,810,0,29622700,23918378500,2620,3227.9,810,499200,805,300900,20073474600,20073474600,12533877540,8541000,3289900,21300,20235000,1
2022-01-17,AKRA,AKR Corporindo Tbk.,SSMO1HGXM86000A112------------,825,830,840,800,810,-15,31193100,25389496500,3546,3227.9,815,516800,810,120700,20073474600,20073474600,12533877540,11165200,2295200,123100,99095500,1
2022-01-14,AKRA,AKR Corporindo Tbk.,SSMO1HGXM86000A112------------,845,845,845,820,825,-20,23765300,19751651000,2913,3287.6,830,93600,825,588600,20073474600,20073474600,12533877540,4012600,1670800,0,0,0
2022-01-13,AKRA,AKR Corporindo Tbk.,SSMO1HGXM86000A112------------,820,820,845,820,845,25,40531000,33608655000,3384,3367.3,845,948500,840,169500,20073474600,20073474600,12533877540,5975500,9724700,96,81120,1
2022-01-12,AKRA,AKR Corporindo Tbk.,SSMO1HGXM86000A112------------,840,840,845,795,820,-20,45678700,37152061000,6045,3267.7,820,359500,815,369400,20073474600,20073474600,12533877540,6143200,4570400,0,0,0
2022-01-11,AKRA,AKR Corporindo Tbk.,SSMO1HGXM86000A112------------,4300,4300,4370,4180,4200,-100,15102000,64675950000,4164,3347.4,4210,7500,4200,208100,4014694920,4014694920,2506775508,1574200,2872000,49,205800,1
2022-01-10,AKRA,AKR Corporindo Tbk.,SSMO1HGXM86000A112------------,4290,4310,4410,4230,4300,10,15172900,65741065000,3725,3427.1,4310,11000,4300,487200,4014694920,4014694920,2506775508,916400,2068500,0,0,0
2022-01-07,AKRA,AKR Corporindo Tbk.,SSMO1HGXM86000A112------------,4160,4180,4340,4180,4290,130,20763400,89151050000,5774,3419.1,4300,76500,4290,272200,4014694920,4014694920,2506775508,814100,6971200,72,300960,1
2022-01-06,AKRA,AKR Corporindo Tbk.,--MO1HGXM86000A112------------,4120,4120,4190,4120,4160,40,6579900,27292557000,1963,3315.5,4160,50400,4150,32000,4014694920,4014694920,2506775508,597600,1888600,4800,23040000,2
2022-01-05,AKRA,AKR Corporindo Tbk.,--MO1HGXM86000A112------------,4200,4190,4200,4120,4120,-80,4993000,20800236000,1282,3283.6,4130,35600,4120,213100,4014694920,4014694920,2506775508,346500,735200,5200,25220000,1
2022-01-04,AKRA,AKR Corporindo Tbk.,--MO1HGXM86000A112------------,4360,4360,4360,4180,4200,-160,11802500,50393817000,3384,3347.4,4200,271600,4190,38600,4014694920,4014694920,2506775508,2532900,708300,8,34520,1
2022-01-03,AKRA,AKR Corporindo Tbk.,--MO1HGXM86000A112------------,4110,4110,4380,4100,4360,250,12962800,54383505000,2623,3474.9,4360,238000,4350,27400,4014694920,4014694920,2506775508,1777400,4104200,2120060,10712046780,3
2021-12-30,AKRA,AKR Corporindo Tbk.,--MO1HGXM86000A112------------,4090,4090,4140,4070,4110,20,8633300,35574437000,863,3275.7,4110,6700,4100,54100,4014694920,4014694920,3261136684,527900,314200,2005000,10223500000,3
2021-12-29,AKRA,AKR Corporindo Tbk.,--MO1HGXM86000A112------------,4120,4140,4150,4090,4090,-30,7797800,32152790000,876,3259.7,4110,52300,4090,23700,4014694920,4014694920,3261136684,978200,1080700,0,0,0
2021-12-28,AKRA,AKR Corporindo Tbk.,--MO1HGXM86000A112------------,4080,4100,4130,4080,4120,40,5587400,22932807000,672,3283.6,4120,234900,4110,59100,4014694920,4014694920,3261136684,113800,344400,49,201880,1
2021-12-27,AKRA,AKR Corporindo Tbk.,--MO1HGXM86000A112------------,4080,4080,4110,4070,4080,0,4753600,19412671000,734,3251.7,4080,41000,4070,86500,4014694920,4014694920,3261136684,87700,419300,0,0,0
2021-12-24,AKRA,AKR Corporindo Tbk.,--MO1HGXM86000A112------------,4110,4110,4110,4060,4080,-30,5173900,21131703000,1128,3251.7,4090,17800,4080,51400,4014694920,4014694920,3261136684,418700,239800,0,0,0
2021-12-23,AKRA,AKR Corporindo Tbk.,--MO1HGXM86000A112------------,4030,4030,4150,4030,4110,80,10149000,41561585000,2377,3275.7,4110,121800,4100,10400,4014694920,4014694920,3261136684,747900,148700,85,342550,1
2021-12-22,AKRA,AKR Corporindo Tbk.,--MO1HGXM86000A112------------,4220,4240,4250,4030,4030,-190,10720300,44111057000,4753,3211.9,4040,34300,4030,69900,4014694920,4014694920,3261136684,3048300,400100,3000,12660000,1
2021-12-21,AKRA,AKR Corporindo Tbk.,--MO1HGXM86000A112------------,4400,4420,4450,4210,4220,-180,9500000,40828962000,3556,3363.3,4220,571300,4210,169200,4014694920,4014694920,3261136684,3893600,181500,163400,718960000,1
2021-12-20,AKRA,AKR Corporindo Tbk.,--MO1HGXM86000A112------------,4300,4300,4430,4210,4400,100,13116800,56382345000,3312,3506.8,4400,92600,4390,13200,4014694920,4014694920,3261136684,3280600,775800,72,307512,1
2021-12-17,AKRA,AKR Corporindo Tbk.,--MO1HGXM80000A112------------,4220,4260,4310,4230,4300,80,7247700,31027893000,1307,3427.1,4300,196300,4280,1100,4014694920,4014694920,3261136684,875300,1516900,0,0,0
2021-12-16,AKRA,AKR Corporindo Tbk.,--MO1HGXM80000A112------------,4250,4270,4350,4220,4220,-30,12473900,53837939000,2772,3363.3,4260,9000,4220,126700,4014694920,4014694920,3261136684,1033500,2202700,17600,74800000,1
2021-12-15,AKRA,AKR Corporindo Tbk.,--MO1HGXM80000A112------------,4230,4230,4280,4180,4250,20,4674200,19734038000,1257,3387.2,4260,4700,4250,114500,4014694920,4014694920,3261136684,960100,961000,60200,254646000,1
2021-12-14,AKRA,AKR Corporindo Tbk.,--MO1HGXM80000A112------------,4250,4250,4320,4180,4230,-20,3664100,15521743000,1165,3371.3,4240,15300,4230,900,4014694920,4014694920,3261136684,305200,698500,2600,11050000,1
2021-12-13,AKRA,AKR Corporindo Tbk.,--MO1HGXM80000A112------------,4290,4290,4320,4250,4250,-40,3405500,14589389000,812,3387.2,4250,25800,4240,16500,4014694920,4014694920,3261136684,191300,471500,0,0,0
2021-12-10,AKRA,AKR Corporindo Tbk.,--MO1HGXM80000A112------------,4330,4350,4350,4250,4290,-40,2368000,10186004000,979,3419.1,4290,31700,4260,76200,4014694920,4014694920,3261136684,156800,84400,5319800,23087534000,4
2021-12-09,AKRA,AKR Corporindo Tbk.,--MO1HGXM80000A112------------,4290,4290,4340,4290,4330,40,4967000,21413556000,1990,3451.0,4340,192800,4330,61300,4014694920,4014694920,3261136684,180700,1015900,5500040,23760172000,2
2021-12-08,AKRA,AKR Corporindo Tbk.,--MO1HGXM80000A112------------,4260,4260,4330,4220,4290,30,14804400,63530494000,3326,3419.1,4290,31300,4280,29100,4014694920,4014694920,3261136684,878600,2290600,576000,2474298000,3
2021-12-07,AKRA,AKR Corporindo Tbk.,--MO1HGXM80000A112------------,4190,4210,4260,4200,4260,70,2776100,11737282000,1229,3395.2,4260,190700,4230,1700,4014694920,4014694920,3261136684,297900,528300,2700,11313000,1
2021-12-06,AKRA,AKR Corporindo Tbk.,--MO1HGXM80000A112------------,4190,4190,4230,4170,4190,0,2594200,10875022000,1056,3339.4,4200,17600,4190,1400,4014694920,4014694920,3261136684,187500,1025500,0,0,0
2021-12-03,AKRA,AKR Corporindo Tbk.,--MO1HGXM80000A112------------,4130,4150,4210,4110,4190,60,4969700,20706444000,1163,3339.4,4200,188300,4190,2200,4014694920,4014694920,3261136684,365800,482900,3274900,13623905000,2
2021-12-02,AKRA,AKR Corporindo Tbk.,--MO1HGXM80000A112------------,4190,4190,4190,4090,4130,-60,16907100,69903540000,2664,3291.6,4140,4200,4130,54300,4014694920,4014694920,3261136684,1426700,621200,0,0,0
2021-12-01,AKRA,AKR Corporindo Tbk.,--MO1HGXM80000A112------------,3970,3970,4190,3950,4190,220,18718000,76779830000,4524,3339.4,4200,237000,4190,18200,4014694920,4014694920,3261136684,1561000,3577500,93,381021,1
2021-11-30,AKRA,AKR Corporindo Tbk.,--MO1H7XM80000A112------------,3990,3990,4030,3950,3970,-20,12068800,48183636000,2721,3164.1,3980,15100,3970,114400,4014694920,4014694920,3261136684,3973000,3451800,3121,12452370,2
2021-11-29,AKRA,AKR Corporindo Tbk.,--MO1H7XM80000A112------------,4130,4100,4100,3970,3990,-140,18142700,72693573000,5582,3180.0,4000,29500,3990,24000,4014694920,4014694920,3261136684,7467200,1237200,600000,2479200000,1
2021-11-26,AKRA,AKR Corporindo Tbk.,--MO1H7XM80000A112------------,4170,4140,4210,4050,4130,-40,12022000,49681397000,3399,3291.6,4130,8600,4120,4500,4014694920,4014694920,3261136684,3482000,4595900,27000,113734000,5
2021-11-25,AKRA,AKR Corporindo Tbk.,--MO1H7XM80000A112------------,4300,4310,4310,4150,4170,-130,12895900,54201415000,3855,3323.5,4180,1200,4170,12800,4014694920,4014694920,3261136684,3200100,391500,677600,2913680000,1
2021-11-24,AKRA,AKR Corporindo Tbk.,--MO1H7XM80000A112------------,4170,4170,4360,4170,4300,130,24844800,107128797000,5004,3427.1,4300,42900,4290,25400,4014694920,4014694920,3261136684,1222900,5266600,2111500,9125903000,1
2021-11-23,AKRA,AKR Corporindo Tbk.,--MO1H7XM80000A112------------,4090,4090,4190,4060,4170,80,9665700,39910310000,2271,3323.5,4180,24300,4170,11800,4014694920,4014694920,3261136684,542800,1889700,40800,166872000,2
2021-11-22,AKRA,AKR Corporindo Tbk.,--MO1H7XM80000A112------------,4180,4180,4190,3950,4090,-90,17234000,69582527000,5597,3259.7,4100,138100,4090,114000,4014694920,4014694920,3261136684,4106500,1404100,0,0,0
2021-11-19,AKRA,AKR Corporindo Tbk.,--MO1H7XM80000A112------------,4210,4210,4220,4160,4180,-30,13161900,55107021000,3279,3331.4,4190,3100,4180,123700,4014694920,4014694920,3261136684,2057200,651900,335700,1403824200,12
2021-11-18,AKRA,AKR Corporindo Tbk.,--MO1H7XM80000A112------------,4300,4300,4350,4190,4210,-90,7962100,33896377000,3256,3355.4,4220,5000,4210,14700,4014694920,4014694920,3261136684,2176200,296800,0,0,0
2021-11-17,AKRA,AKR Corporindo Tbk.,--MO1H7XM80000A112------------,4400,4420,4430,4300,4300,-100,14197600,61665559000,3310,3427.1,4310,29200,4300,139600,4014694920,4014694920,3261136684,3177200,642900,0,0,0
2021-11-16,AKRA,AKR Corporindo Tbk.,--MO1H7XM80000A112------------,4330,4330,4400,4310,4400,70,14915300,65022835000,3217,3506.8,4410,30700,4400,31300,4014694920,4014694920,3261136684,2436500,3621200,227700,999603000,1
2021-11-15,AKRA,AKR Corporindo Tbk.,--MO1H7XM80000A112------------,4330,4330,4370,4270,4330,0,13302900,57310494000,2368,3451.0,4330,564500,4300,10500,4014694920,4014694920,3261136684,2321000,1383500,1139500,4949988000,1
2021-11-12,AKRA,AKR Corporindo Tbk.,--MO1H7XM80000A112------------,4370,4380,4400,4330,4330,-40,7695200,33549825000,2307,3451.0,4340,100,4330,4400,4014694920,4014694920,3261136684,2592400,1714700,14400,62928000,3
2021-11-11,AKRA,AKR Corporindo Tbk.,--MO1H7XM80000A112------------,4410,4450,4470,4370,4370,-40,16289900,71989527000,2892,3482.9,4370,42900,4360,108600,4014694920,4014694920,3261136684,1372000,868400,114100,499758000,1
2021-11-10,AKRA,AKR Corporindo Tbk.,--MO1H7XM80000A112------------,4340,4350,4440,4350,4410,70,13904800,61174759000,2569,3514.8,4410,80200,4400,14500,4014694920,4014694920,3261136684,455600,1127600,5800,25027000,2
2021-11-09,AKRA,AKR Corporindo Tbk.,--MO1H7XM80000A112------------,4290,4310,4420,4310,4340,50,16402500,71613842000,4781,3459.0,4350,2500,4340,66200,4014694920,4014694920,3261136684,3611200,4521700,1546796,6734028160,3
2021-11-08,AKRA,AKR Corporindo Tbk.,--MO1H7XM80000A112------------,4150,4170,4290,4170,4290,140,17808800,75246171000,2458,3419.1,4290,56300,4280,31800,4014694920,4014694920,3261136684,1858900,2019000,26200,110040000,1
2021-11-05,AKRA,AKR Corporindo Tbk.,--MO1H7XM80000A112------------,4200,4230,4280,4150,4150,-50,10603400,44609540000,2086,3307.5,4170,20000,4150,1146200,4014694920,4014694920,3261136684,447400,2669700,15075,63312800,5
2021-11-04,AKRA,AKR Corporindo Tbk.,--MO1H7XM80000A112------------,4180,4190,4250,4180,4200,20,8785500,36877738000,2585,3347.4,4210,1200,4200,73000,4014694920,4014694920,3261136684,1299500,2887300,119300,499867000,1
2021-11-03,AKRA,AKR Corporindo Tbk.,--MO1H7XM80000A112------------,4220,4220,4240,4160,4180,-40,10904700,45672433000,2807,3331.4,4190,4200,4180,132000,4014694920,4014694920,3261136684,3557500,5164400,2300700,9640434000,5
2021-11-02,AKRA,AKR Corporindo Tbk.,--MO1H7XM80000A112------------,4200,4220,4230,4170,4220,20,10272300,43219197000,1956,3363.3,4220,6700,4210,4300,4014694920,4014694920,3261136684,2361100,3373900,1962900,8307517000,3
2021-11-01,AKRA,AKR Corporindo Tbk.,--MO1H7XM80000A112------------,4270,4270,4290,4150,4200,-70,7614100,32082821000,2688,3347.4,4210,61300,4200,12200,4014694920,4014694920,3261136684,1038900,1367800,118785,500084170,2
2021-10-29,AKRA,AKR Corporindo Tbk.,--MO1H7XM80000A112------------,4230,4250,4300,4230,4270,40,11491500,48902967000,3420,3403.2,4270,67400,4260,500,4014694920,4014694920,3261136684,4699800,3637100,96,407712,1
2021-10-28,AKRA,AKR Corporindo Tbk.,--MO1H7XM80000A112------------,4460,4400,4420,4180,4230,-230,15165300,64912577000,5735,3371.3,4240,9100,4230,43300,4014694920,4014694920,3261136684,5850300,5698800,655,2908650,2
2021-10-27,AKRA,AKR Corporindo Tbk.,--MO1H7XM80000A112------------,4650,4650,4670,4410,4460,-190,13447600,60694054000,4431,3554.6,4460,147200,4450,27700,4014694920,4014694920,3261136684,3679500,3005200,0,0,0
2021-10-26,AKRA,AKR Corporindo Tbk.,--MO1H7XM80000A112------------,4690,4690,4720,4620,4650,-40,7059600,32988387000,2044,3706.0,4650,365800,4640,10400,4014694920,4014694920,3261136684,2416500,3357400,0,0,0
2021-10-25,AKRA,AKR Corporindo Tbk.,--MO1H7XM80000A112------------,4660,4700,4720,4660,4690,30,13621300,63952500000,3612,3737.9,4690,319100,4680,8400,4014694920,4014694920,3261136684,2408300,5580900,200000,940400000,1
2021-10-22,AKRA,AKR Corporindo Tbk.,--MO1H7XM80000A112------------,4420,4450,4720,4450,4660,240,21246600,97964811000,4988,3714.0,4660,21500,4650,25600,4014694920,4014694920,3261136684,5062200,10832300,1700,7616000,1
2021-10-21,AKRA,AKR Corporindo Tbk.,--MO1H7XM80000A112------------,4370,4340,4500,4340,4420,50,22850200,100908187000,4508,3522.7,4450,135000,4420,465100,4014694920,4014694920,3261136684,8593000,15930900,1693500,7497124500,1
2021-10-19,AKRA,AKR Corporindo Tbk.,--MO1H7XM80000A112------------,4390,4410,4420,4350,4370,-20,7484200,32830842000,2120,3482.9,4370,513900,4360,84200,4014694920,4014694920,3261136684,1366700,2158400,33,144210,1
2021-10-18,AKRA,AKR Corporindo Tbk.,--MO1H7XM80000A112------------,4280,4280,4420,4280,4390,110,13003700,56911042000,2709,3498.8,4390,1013900,4380,95400,4014694920,4014694920,3261136684,3748700,7014600,187600,822970000,2
2021-10-15,AKRA,AKR Corporindo Tbk.,--MO1H7XM80000A112------------,4340,4340,4360,4270,4280,-60,11115800,47930948000,2427,3411.1,4290,9300,4280,10900,4014694920,4014694920,3261136684,1439900,1566200,0,0,0
2021-10-14,AKRA,AKR Corporindo Tbk.,--MO1H7XM80000A112------------,4330,4340,4440,4290,4340,10,10242900,44733161000,2304,3459.0,4340,109000,4320,16000,4014694920,4014694920,3261136684,656500,2770900,0,0,0
2021-10-13,AKRA,AKR Corporindo Tbk.,--MO1H7XM80000A112------------,4410,4410,4410,4310,4330,-80,10730000,46599607000,2426,3451.0,4340,31800,4330,290600,4014694920,4014694920,3261136684,2178500,2627200,867200,3600439200,2
2021-10-12,AKRA,AKR Corporindo Tbk.,--MO1H7XM80000A112------------,4410,4410,4410,4330,4410,0,13316100,58430256000,2483,3514.8,4410,491600,4390,200,4014694920,4014694920,3261136684,2109100,5494600,16,70560,1
2021-10-08,AKRA,AKR Corporindo Tbk.,--MO1H7XM80000A112------------,4140,4180,4400,4170,4400,260,20202900,87195571000,4007,3506.8,4400,4892400,4390,5300,4014694920,4014694920,3261136684,1243900,7467800,0,0,0
2021-10-07,AKRA,AKR Corporindo Tbk.,--MO1H7XM80000A112------------,4380,4380,4470,4090,4140,-240,13947900,59933017000,4588,3299.6,4150,2200,4140,267900,4014694920,4014694920,3261136684,4259800,5246700,10000,42000000,1
2021-10-06,AKRA,AKR Corporindo Tbk.,--MO1H7XM80000A112------------,4410,4430,4450,4340,4380,-30,6335700,27749240000,2186,3490.8,4380,131900,4370,2100,4014694920,4014694920,3261136684,1993800,2858300,229800,999630000,2
2021-10-05,AKRA,AKR Corporindo Tbk.,--MO1H7XM80000A112------------,4450,4450,4490,4390,4410,-40,5890800,26065782000,3433,3514.8,4410,175200,4400,7000,4014694920,4014694920,3261136684,3529800,2752500,1319900,5826782000,6
2021-10-04,AKRA,AKR Corporindo Tbk.,--MO1H7XM80000A112------------,4340,4350,4450,4280,4450,110,5599700,24529126000,3044,3546.6,4450,10900,4440,59400,4014694920,4014694920,3261136684,1304000,1033500,200,840000,1
2021-10-01,AKRA,AKR Corporindo Tbk.,--MO1H7XM80000A112------------,4360,4360,4370,4280,4340,-20,4835800,20891705000,1976,3459.0,4340,600,4330,23300,4014694920,4014694920,3261136684,638600,1399100,273900,1189116500,5
2021-09-30,AKRA,AKR Corporindo Tbk.,--MO1H7XM80000A112------------,4150,4160,4360,4150,4360,210,12732700,54184145000,6625,3474.9,4360,103400,4350,53200,4014694920,4014694920,4014694920,2116600,4310000,117000,499590000,1
2021-09-29,AKRA,AKR Corporindo Tbk.,--MO1H7XM80000A112------------,4070,4000,4150,4000,4150,80,8978000,36518318000,2875,3307.5,4160,100300,4150,133000,4014694920,4014694920,4014694920,2277400,5257000,1449978,5892607870,4
2021-09-28,AKRA,AKR Corporindo Tbk.,--MO1S7XM80000A112------------,4130,4130,4170,3980,4070,-60,13374600,54604061000,3024,3243.8,4070,1163300,4020,5000,4014694920,4014694920,4014694920,6260500,5851300,2505730,10248827600,3
2021-09-27,AKRA,AKR Corporindo Tbk.,--MO1S7XM80000A112------------,4130,4140,4200,4100,4130,0,5494500,22716396000,2915,3291.6,4130,46100,4120,1500,4014694920,4014694920,4014694920,1823700,4005300,773600,3202892400,2
2021-09-24,AKRA,AKR Corporindo Tbk.,--MO1S7XM80000A112------------,4100,4120,4240,4080,4130,30,13046200,54376079000,4455,3291.6,4130,1519100,4120,200,4014694920,4014694920,4014694920,3627400,8256200,0,0,0
2021-09-23,AKRA,AKR Corporindo Tbk.,--MO1S7XM80000A112------------,3990,4020,4120,4020,4100,110,10115000,41284715000,3793,3267.7,4110,69800,4100,480700,4014694920,4014694920,4014694920,640500,6389400,0,0,0
2021-09-22,AKRA,AKR Corporindo Tbk.,--MO1S7XM80000A112------------,3870,3910,4050,3890,3990,120,10808200,43120432000,4051,3180.0,4000,54600,3990,6700,4014694920,4014694920,4014694920,829000,6139200,124000,499720000,1
2021-09-21,AKRA,AKR Corporindo Tbk.,--MO1S7XM80000A112------------,3860,3850,3900,3800,3870,10,3655400,14161452000,1848,3084.4,3870,469700,3860,1500,4014694920,4014694920,4014694920,400100,2012200,6185500,23999740000,1
2021-09-20,AKRA,AKR Corporindo Tbk.,--MO1S7XM80000A112------------,3880,3900,3900,3830,3860,-20,1917600,7386425000,801,3076.4,3860,159200,3850,400,4014694920,4014694920,4014694920,355000,1573900,0,0,0
2021-09-17,AKRA,AKR Corporindo Tbk.,--MO1S7XM80000A112------------,3900,3900,3900,3850,3880,-20,7295600,28238683000,1484,3092.3,3880,73800,3870,1100,4014694920,4014694920,4014694920,3324600,5797100,316864,1229432560,3
2021-09-16,AKRA,AKR Corporindo Tbk.,--MO1S7XM80000A112------------,3860,3860,3920,3860,3900,40,1665300,6483953000,857,3108.3,3900,1554800,3890,97900,4014694920,4014694920,4014694920,111100,885200,3939700,15261464500,3
2021-09-15,AKRA,AKR Corporindo Tbk.,--MO1S7XM80000A112------------,3900,3900,3900,3820,3860,-40,1955800,7525691000,923,3076.4,3860,26400,3850,37900,4014694920,4014694920,4014694920,1165900,1045000,2796900,10709317200,2
2021-09-14,AKRA,AKR Corporindo Tbk.,--MO1S7XM80000A112------------,3780,3790,3920,3790,3900,120,8245300,31881349000,2464,3108.3,3900,89700,3890,6800,4014694920,4014694920,4014694920,1726800,3640400,129800,499730000,1
2021-09-13,AKRA,AKR Corporindo Tbk.,--MO1S7XM80000A112------------,3740,3740,3780,3730,3780,40,2041300,7679228000,889,3012.6,3780,22300,3770,1200,4014694920,4014694920,4014694920,499600,1667400,10100,37925500,1
2021-09-10,AKRA,AKR Corporindo Tbk.,--MO1S7XM80000A112------------,3770,3770,3770,3730,3740,-30,1881200,7045447000,835,2980.8,3740,23800,3730,37500,4014694920,4014694920,4014694920,504000,463600,799964,2999865000,3
2021-09-09,AKRA,AKR Corporindo Tbk.,--MO1S7XM80000A112------------,3660,3650,3790,3640,3770,110,9422000,35319645000,4064,3004.7,3770,63500,3760,77700,4014694920,4014694920,4014694920,529200,5707400,113,418184,2
2021-09-08,AKRA,AKR Corporindo Tbk.,--MO1S7XM80000A112------------,3890,3880,3900,3640,3660,-230,13973000,51974668000,5244,2917.0,3660,30600,3650,284000,4014694920,4014694920,4014694920,4688800,3053400,283700,1049690000,2
2021-09-07,AKRA,AKR Corporindo Tbk.,--MO1S7XM80000A112------------,3890,3940,3940,3850,3890,0,5869600,22858467000,1750,3100.3,3890,11100,3880,2400,4014694920,4014694920,4014694920,1082300,4011800,128500,499865000,1
2021-09-06,AKRA,AKR Corporindo Tbk.,--MO1S7XM80000A112------------,3840,3860,3960,3830,3890,50,8770300,34109107000,3392,3100.3,3890,199400,3880,8200,4014694920,4014694920,4014694920,3269800,4755900,7000,26985000,1
2021-09-03,AKRA,AKR Corporindo Tbk.,--MO1S7XM80000A112------------,3850,3880,3880,3800,3840,-10,4655100,17861650000,1060,3060.5,3840,105300,3830,71100,4014694920,4014694920,4014694920,1956300,2064700,2441400,9421070400,2
2021-09-02,AKRA,AKR Corporindo Tbk.,--MO1S7XM80000A112------------,3870,3870,3900,3820,3850,-20,4126600,15946299000,1658,3068.4,3850,1300,3830,5600,4014694920,4014694920,4014694920,1082600,1932200,1340729,5189962220,2
2021-09-01,AKRA,AKR Corporindo Tbk.,--MO1S7XM80000A112------------,3890,3900,3900,3840,3870,-20,4477500,17298814000,1436,3084.4,3880,1100,3870,195800,4014694920,4014694920,4014694920,1560100,2911100,20,77800,1
2021-08-31,AKRA,AKR Corporindo Tbk.,--MO1S7XM80000A112------------,3850,3900,3940,3850,3890,40,9120900,35326538000,2358,3100.3,3890,174100,3880,127700,4014694920,4014694920,4014694920,2448900,6143900,129131,499737590,2
2021-08-30,AKRA,AKR Corporindo Tbk.,--MO1S7XM80000A112------------,3810,3840,3890,3810,3850,40,11150700,43003325000,3958,3068.4,3860,40700,3850,164700,4014694920,4014694920,4014694920,4181700,5340100,46,177100,1
2021-08-27,AKRA,AKR Corporindo Tbk.,--MO1S7XM80000A112------------,3720,3720,3840,3700,3810,90,8411500,31853912000,2159,3036.6,3820,4300,3810,118000,4014694920,4014694920,4014694920,757500,1923500,516600,1931200000,3
2021-08-26,AKRA,AKR Corporindo Tbk.,XDMO1S7XM80000A112------------,3750,3780,3780,3670,3720,-30,6980100,26059906000,2310,2964.8,3730,37900,3720,2000,4014694920,4014694920,4014694920,172700,2243200,333300,1249875000,2
2021-08-25,AKRA,AKR Corporindo Tbk.,XDMO1S7XM80000A112------------,3850,3840,3840,3720,3750,-100,5801200,21847965000,1856,2988.7,3750,28800,3740,1600,4014694920,4014694920,4014694920,2184700,777500,389600,1499960000,1
2021-08-24,AKRA,AKR Corporindo Tbk.,XDMO1S7XM80000A112------------,3830,3860,3890,3790,3850,20,8369300,32124631000,3066,3068.4,3850,55000,3840,1500,4014694920,4014694920,4014694920,3039700,3578800,137500,524200000,3
2021-08-23,AKRA,AKR Corporindo Tbk.,XDMO1S7XM80000A112------------,3640,3700,3830,3650,3830,190,16710700,62683565000,3628,3052.5,3840,87900,3830,82900,4014694920,4014694920,4014694920,2806800,6208200,1691600,5999539000,2
2021-08-20,AKRA,AKR Corporindo Tbk.,XDMO1S7XM80000A112------------,3600,3600,3650,3590,3640,40,9595600,34837635000,1708,2901.1,3650,84300,3640,13800,4014694920,4014694920,4014694920,900700,3676200,138800,499680000,1
2021-08-19,AKRA,AKR Corporindo Tbk.,XDMO1S7XM80000A112------------,3690,3690,3700,3570,3600,-90,15902700,57537828000,3735,2869.2,3600,40800,3590,4100,4014694920,4014694920,4014694920,4061800,9490600,1922704,7102014820,5
2021-08-18,AKRA,AKR Corporindo Tbk.,XDMO1S7XM80000A112------------,3700,3700,3830,3660,3690,-10,16001400,59567107000,3662,2940.9,3690,28000,3680,16300,4014694920,4014694920,4014694920,5102500,10001800,16,59680,1
2021-08-16,AKRA,AKR Corporindo Tbk.,XDMO1S7XM80000A112------------,3720,3760,3760,3630,3700,-20,11056700,40711000000,3627,2948.9,3700,1119900,3690,4500,4014694920,4014694920,4014694920,2450300,3775600,0,0,0
2021-08-13,AKRA,AKR Corporindo Tbk.,XDMO1S7XM80000A112------------,3540,3560,3740,3560,3720,180,21439200,78850974000,5144,2964.8,3720,425900,3710,3300,4014694920,4014694920,4014694920,1434200,10514300,282600,1000438000,2
2021-08-12,AKRA,AKR Corporindo Tbk.,XDMO1S7XM80000A112------------,3500,3520,3570,3480,3540,40,7797900,27376333000,2008,2821.4,3540,249000,3510,83400,4014694920,4014694920,4014694920,935100,3072500,429700,1499796200,2
2021-08-10,AKRA,AKR Corporindo Tbk.,XDMO1S7XM80000A112------------,3450,3450,3500,3400,3500,50,9338600,32208730000,1652,2789.5,3510,81000,3500,178900,4014694920,4014694920,4014694920,608900,2970000,143266,499998340,1
2021-08-09,AKRA,AKR Corporindo Tbk.,XDMO1S7XM80000A112------------,3480,3470,3480,3420,3450,-30,3707300,12781674000,1101,2749.6,3460,12200,3450,66900,4014694920,4014694920,4014694920,775300,1645500,144927,499998150,1
2021-08-06,AKRA,AKR Corporindo Tbk.,XDMO1S7XM80000A112------------,3450,3490,3490,3430,3480,30,1938200,6712012000,1157,2773.5,3480,10500,3460,5500,4014694920,4014694920,4014694920,755900,938200,1155489,4000304006,3
2021-08-05,AKRA,AKR Corporindo Tbk.,--MO1S7XM80000A112------------,3550,3550,3550,3450,3450,-100,5187500,18002793000,2095,2749.6,3460,4900,3450,36300,4014694920,4014694920,4014694920,2165000,2083100,742479,2600163714,4
2021-08-04,AKRA,AKR Corporindo Tbk.,--MO1S7XM80000A112------------,3550,3500,3550,3490,3550,0,5173400,18203091000,1510,2829.3,3550,90700,3520,500,4014694920,4014694920,4014694920,1045400,1544100,0,0,0
2021-08-03,AKRA,AKR Corporindo Tbk.,CDMO1S7XM80000A112------------,3530,3530,3580,3470,3550,20,5534400,19573842000,2408,2829.3,3550,5300,3540,53500,4014694920,4014694920,4014694920,419100,1367900,1135073,3999997252,3
2021-08-02,AKRA,AKR Corporindo Tbk.,CDMO1S7XM80000A112------------,3600,3610,3690,3430,3530,-70,10113800,35770718000,4471,2813.4,3530,164800,3520,100,4014694920,4014694920,4014694920,2498500,693900,188,665080,3
2021-07-30,AKRA,AKR Corporindo Tbk.,CDMO1S7XM80000A112------------,3590,3600,3630,3540,3600,10,7983900,28526041000,2568,2869.2,3610,85100,3590,5000,4014694920,4014694920,4014694920,3027200,2492100,223961,800214273,2
2021-07-29,AKRA,AKR Corporindo Tbk.,CDMO1S7XM80000A112------------,3530,3540,3610,3540,3590,60,14211200,50914344000,3489,2861.2,3590,79200,3580,700,4014694920,4014694920,4014694920,6571900,7980600,22,77660,1
2021-07-28,AKRA,AKR Corporindo Tbk.,CDMO1S7XM80000A112------------,3560,3560,3560,3510,3530,-30,5251300,18537789000,1844,2813.4,3540,162500,3530,227800,4014694920,4014694920,4014694920,421300,3315800,141683,499999307,1
2021-07-27,AKRA,AKR Corporindo Tbk.,--MO1S7XM80000A112------------,3510,3560,3630,3550,3560,50,17527000,62993798000,4970,2837.3,3570,6100,3560,6600,4014694920,4014694920,4014694920,2242800,10597100,0,0,0
2021-07-26,AKRA,AKR Corporindo Tbk.,--MO1S7XM80000A112------------,3500,3510,3570,3460,3510,10,9206900,32315620000,3311,2797.5,3520,47900,3510,35500,4014694920,4014694920,4014694920,2736700,4640000,70000,244650000,1
2021-07-23,AKRA,AKR Corporindo Tbk.,--MO1S7XM80000A112------------,3400,3410,3540,3410,3500,100,17051400,59514246000,4730,2789.5,3510,37600,3500,191800,4014694920,4014694920,4014694920,1921200,8163900,470550,1623229700,35
2021-07-22,AKRA,AKR Corporindo Tbk.,--MO1S7XM80000A112------------,3330,3380,3480,3360,3400,70,12923900,44317536000,4010,2709.8,3400,1561300,3390,157500,4014694920,4014694920,4014694920,1647400,6147300,1287600,4415023800,4
2021-07-21,AKRA,AKR Corporindo Tbk.,--MO1S7XM80000A112------------,3460,3460,3490,3300,3330,-130,10312600,34807466000,3786,2654.0,3340,45700,3330,90200,4014694920,4014694920,4014694920,1548100,3236100,0,0,0
2021-07-19,AKRA,AKR Corporindo Tbk.,--MO1S7XM80000A112------------,3340,3340,3520,3340,3460,120,29825500,103640412000,10427,2757.6,3460,65800,3450,163400,4014694920,4014694920,4014694920,2168200,10032000,2913309,10120198775,4
2021-07-16,AKRA,AKR Corporindo Tbk.,--MO1S7XM80000A112------------,3040,3060,3360,3060,3340,300,26830800,86923637000,7394,2662.0,3350,343000,3340,253300,4014694920,4014694920,4014694920,1875300,7476000,0,0,0
2021-07-15,AKRA,AKR Corporindo Tbk.,--MO1S7XM80000A112------------,3040,3040,3060,3030,3040,0,2283500,6944683000,713,2422.9,3050,13800,3040,48600,4014694920,4014694920,4014694920,633500,1334000,0,0,0
2021-07-14,AKRA,AKR Corporindo Tbk.,--MO1S7XM80000A112------------,3060,3050,3070,3000,3040,-20,4995600,15160645000,1949,2422.9,3050,32200,3040,603800,4014694920,4014694920,4014694920,963000,2699100,0,0,0
2021-07-13,AKRA,AKR Corporindo Tbk.,--MO1S7XM80000A112------------,3050,3080,3080,3050,3060,10,5103100,15640423000,1461,2438.8,3060,1500,3050,26000,4014694920,4014694920,4014694920,1382400,2390800,0,0,0
2021-07-12,AKRA,AKR Corporindo Tbk.,--MO1S7XM80000A112------------,3090,3090,3130,3050,3050,-40,4934500,15112737000,1889,2430.8,3050,279200,3040,245000,4014694920,4014694920,4014694920,1730700,144500,0,0,0
2021-07-09,AKRA,AKR Corporindo Tbk.,--MO1S7XM80000A112------------,3110,3130,3140,3080,3090,-20,6344600,19676958000,1632,2462.7,3090,733000,3080,59900,4014694920,4014694920,4014694920,119900,892400,71,221194,2
2021-07-08,AKRA,AKR Corporindo Tbk.,--MO1S7XM80000A112------------,3130,3130,3160,3100,3110,-20,5876500,18309846000,1478,2478.7,3110,226900,3100,184000,4014694920,4014694920,4014694920,3101200,1018800,62,193750,1
2021-07-07,AKRA,AKR Corporindo Tbk.,--MO1S7XM80000A112------------,3190,3190,3210,3130,3130,-60,4531700,14339957000,1258,2494.6,3130,203300,3120,151200,4014694920,4014694920,4014694920,2707400,1740600,0,0,0
2021-07-06,AKRA,AKR Corporindo Tbk.,--MO1S7XM80000A112------------,3050,3060,3200,3060,3190,140,9375100,29623490000,2686,2542.4,3190,242800,3180,1100,4014694920,4014694920,4014694920,2057700,3781000,2,6360,1
2021-07-05,AKRA,AKR Corporindo Tbk.,--MO1S7XM80000A112------------,3130,3150,3150,3030,3050,-80,5396800,16578358000,2407,2430.8,3060,10000,3050,17400,4014694920,4014694920,4014694920,2078000,1209700,0,0,0
2021-07-02,AKRA,AKR Corporindo Tbk.,--MO1S7XM80000A112------------,3160,3170,3190,3110,3130,-30,6364300,19947754000,1298,2494.6,3140,35500,3130,545800,4014694920,4014694920,4014694920,2056100,2301900,0,0,0
2021-07-01,AKRA,AKR Corporindo Tbk.,--MO1S7XM80000A112------------,3150,3150,3160,3100,3160,10,6993600,21895984000,1672,2518.5,3160,41800,3150,100,4014694920,4014694920,4014694920,2174200,1324600,1,3134,1
2021-06-30,AKRA,AKR Corporindo Tbk.,--MO1X7XM80000A112------------,3090,3090,3150,3080,3150,60,6734700,20961899000,1646,2510.5,3150,311300,3140,1500,4014694920,4014694920,4014694920,2265100,2139000,1,3112,1
2021-06-29,AKRA,AKR Corporindo Tbk.,--MO1X7XM80000A112------------,3050,3040,3090,3030,3090,40,5113900,15733051000,1227,2462.7,3100,156400,3090,42100,4014694920,4014694920,4014694920,507700,847100,20,60600,1
2021-06-28,AKRA,AKR Corporindo Tbk.,--MO1X7XM80000A112------------,3060,3060,3100,3020,3050,-10,2770900,8488592000,1448,2430.8,3050,35200,3040,70200,4014694920,4014694920,4014694920,1187000,1004400,152,466440,3
2021-06-25,AKRA,AKR Corporindo Tbk.,--MO1X7XM80000A112------------,3050,3050,3080,3020,3060,10,3594800,10964562000,912,2438.8,3060,3000,3050,2000,4014694920,4014694920,4014694920,1804500,138100,0,0,0
2021-06-24,AKRA,AKR Corporindo Tbk.,--MO1X7XM80000A112------------,3090,0,3110,3020,3050,-40,2308800,7040587000,1095,2430.8,3060,41100,3050,2900,4014694920,4014694920,4014694920,1342700,435500,0,0,0
2021-06-23,AKRA,AKR Corporindo Tbk.,--MO1X7XM80000A112------------,3130,3140,3140,3090,3090,-40,2146700,6668312000,765,2462.7,3100,10000,3090,6100,4014694920,4014694920,4014694920,922400,381400,0,0,0
2021-06-22,AKRA,AKR Corporindo Tbk.,--MO1X7XM80000A112------------,3080,3100,3170,3090,3130,50,2124300,6640931000,1063,2494.6,3130,147100,3120,26800,4014694920,4014694920,4014694920,833300,642900,0,0,0
2021-06-21,AKRA,AKR Corporindo Tbk.,--MO1X7XM80000A112------------,3130,3100,3100,2980,3080,-50,4293300,13109983000,1429,2454.8,3090,10700,3080,398600,4014694920,4014694920,4014694920,2145300,711800,0,0,0
2021-06-18,AKRA,AKR Corporindo Tbk.,--MO1X7XM80000A112------------,3150,3140,3170,3010,3130,-20,7670500,23739305000,2654,2494.6,3130,694100,3120,3200,4014694920,4014694920,4014694920,4644300,762800,28,88480,1
2021-06-17,AKRA,AKR Corporindo Tbk.,--MO1X7XM80000A112------------,3220,3210,3210,3150,3150,-70,4485100,14228847000,1454,2510.5,3170,275800,3150,59400,4014694920,4014694920,4014694920,2201900,690800,0,0,0
2021-06-16,AKRA,AKR Corporindo Tbk.,--MO1X7XM80000A112------------,3230,3230,3230,3190,3220,-10,1975000,6333765000,708,2566.3,3220,206600,3210,500,4014694920,4014694920,4014694920,758500,1142500,84,269640,1
2021-06-15,AKRA,AKR Corporindo Tbk.,--MO1X7XM80000A112------------,3200,3200,3230,3170,3230,30,2607400,8322154000,1168,2574.3,3230,336600,3220,500,4014694920,4014694920,4014694920,470000,1573100,0,0,0
2021-06-14,AKRA,AKR Corporindo Tbk.,--MO1X7XM80000A112------------,3200,3210,3230,3180,3200,0,2983700,9581760000,789,2550.4,3210,37500,3200,21400,4014694920,4014694920,4014694920,91200,1102800,0,0,0
2021-06-11,AKRA,AKR Corporindo Tbk.,--MO1X7XM80000A112------------,3220,3230,3240,3170,3200,-20,3810400,12187648000,1817,2550.4,3200,1500,3190,8900,4014694920,4014694920,4014694920,335000,1169500,0,0,0
2021-06-10,AKRA,AKR Corporindo Tbk.,--MO1X7XM80000A112------------,3160,3170,3230,3150,3220,60,4532000,14530799000,1540,2566.3,3220,244000,3200,100600,4014694920,4014694920,4014694920,483200,1056500,490060,1565722000,3
2021-06-09,AKRA,AKR Corporindo Tbk.,--MO1X7XM80000A112------------,3240,3250,3260,3150,3160,-80,7184400,22828114000,2976,2518.5,3180,5800,3160,167900,4014694920,4014694920,4014694920,2285800,1297200,59,186440,1
2021-06-08,AKRA,AKR Corporindo Tbk.,--MO1X7XM80000A112------------,3310,3310,3310,3180,3240,-70,4191200,13509336000,1488,2582.3,3240,117100,3220,20600,4014694920,4014694920,4014694920,817000,1564700,0,0,0
2021-06-07,AKRA,AKR Corporindo Tbk.,--MO1X7XM80000A112------------,3270,3270,3330,3240,3310,40,4524800,14940942000,1423,2638.1,3310,104500,3300,11800,4014694920,4014694920,4014694920,201800,1644900,0,0,0
2021-06-04,AKRA,AKR Corporindo Tbk.,XDMO1X7XM80000A112------------,3340,3340,3340,3220,3270,-70,6550600,21328703000,1860,2606.2,3270,149700,3260,43700,4014694920,4014694920,4014694920,3089200,1612000,0,0,0
2021-06-03,AKRA,AKR Corporindo Tbk.,XDMO1X7XM80000A112------------,3330,3330,3350,3290,3340,10,3268400,10891092000,1961,2662.0,3350,278200,3340,473100,4014694920,4014694920,4014694920,337000,406700,7616000,25071872000,1
2021-06-02,AKRA,AKR Corporindo Tbk.,XDMO1X7XM80000A112------------,3240,3270,3330,3260,3330,90,8561100,28192413000,2142,2654.0,3330,296900,3320,33200,4014694920,4014694920,4014694920,528300,2850400,0,0,0
2021-05-31,AKRA,AKR Corporindo Tbk.,XDMO1X7XM80000A112------------,3240,3240,3260,3220,3240,0,2873300,9309032000,737,2582.3,3250,164500,3240,661500,4014694920,4014694920,4014694920,400900,116900,0,0,0
2021-05-28,AKRA,AKR Corporindo Tbk.,XDMO1X7XM80000A112------------,3220,3220,3250,3200,3240,20,4962300,15991424000,1014,2582.3,3240,97900,3230,1500,4014694920,4014694920,4014694920,980700,1297400,64600,208141200,1
2021-05-27,AKRA,AKR Corporindo Tbk.,XDMO1X7XM80000A112------------,3220,3220,3250,3180,3220,0,8167900,26362636000,2383,2566.3,3230,84300,3220,1283900,4014694920,4014694920,4014694920,5449300,3248900,98706,320794308,2
2021-05-25,AKRA,AKR Corporindo Tbk.,XDMO1X7XM80000A112------------,3110,3110,3230,3110,3220,110,5783900,18387734000,1969,2566.3,3230,170200,3220,1500,4014694920,4014694920,4014694920,1829200,1712900,1710654,5385459540,4
2021-05-24,AKRA,AKR Corporindo Tbk.,XDMO1X7XM80000A112------------,3120,3120,3150,3050,3110,-10,4461100,13830838000,1481,2478.7,3120,77400,3110,293900,4014694920,4014694920,4014694920,882400,1407700,613500,1933138500,2
2021-05-22,AKRA,AKR Corporindo Tbk.,XDMO1X7XM80000A112------------,3120,0,0,0,3120,0,0,0,0,2486.6,0,0,0,0,4014694920,4014694920,4014694920,0,0,0,0,0
2021-05-21,AKRA,AKR Corporindo Tbk.,XDMO1X7XM80000A112------------,3140,3150,3180,3120,3120,-20,3482400,10952839000,1329,2486.6,3150,50300,3120,60600,4014694920,4014694920,4014694920,1564700,1192400,218,682080,3
2021-05-20,AKRA,AKR Corporindo Tbk.,XDMO1X7XM80000A112------------,3140,3120,3170,3120,3140,0,3953600,12436664000,934,2502.6,3150,136100,3140,64100,4014694920,4014694920,4014694920,857400,1163900,0,0,0
2021-05-19,AKRA,AKR Corporindo Tbk.,XDMO1X7XM80000A112------------,3170,3150,3170,3120,3140,-30,2671000,8416549000,1136,2502.6,3150,21800,3140,620700,4014694920,4014694920,4014694920,810600,773300,0,0,0
2021-05-18,AKRA,AKR Corporindo Tbk.,XDMO1X7XM80000A112------------,3130,3130,3180,3110,3170,40,3220400,10102572000,1336,2526.5,3180,82700,3170,1778700,4014694920,4014694920,4014694920,561500,730100,0,0,0
2021-05-17,AKRA,AKR Corporindo Tbk.,--MO1X7XM80000A112------------,3220,3210,3230,3120,3130,-90,7546200,23932932000,3538,2494.6,3150,16400,3130,33300,4014694920,4014694920,4014694920,2749300,2558200,32,102080,1
2021-05-11,AKRA,AKR Corporindo Tbk.,--MO1X7XM80000A112------------,3290,3230,3240,3190,3220,-70,7121700,22874274000,3307,2566.3,3220,900,3210,9900,4014694920,4014694920,4014694920,330500,551500,4064,12286720,2
2021-05-10,AKRA,AKR Corporindo Tbk.,CDMO1X7XM80000A112------------,3240,3250,3310,3230,3290,50,6474500,21267908000,2483,2622.1,3300,135500,3290,442500,4014694920,4014694920,4014694920,244300,1224900,0,0,0
2021-05-07,AKRA,AKR Corporindo Tbk.,CDMO1X7XM80000A112------------,3370,3370,3380,3230,3240,-130,6922500,22653819000,2943,2582.3,3250,10200,3240,52600,4014694920,4014694920,4014694920,2204500,1093500,40,130400,1
2021-05-06,AKRA,AKR Corporindo Tbk.,CDMO1X7XM80000A112------------,3340,3340,3370,3310,3370,30,5221600,17443187000,2220,2685.9,3370,219200,3360,38600,4014694920,4014694920,4014694920,1287300,449300,189300,631694100,2
2021-05-05,AKRA,AKR Corporindo Tbk.,CDMO1X7XM80000A112------------,3250,3290,3350,3250,3340,90,7073700,23361464000,2348,2662.0,3340,445600,3330,22000,4014694920,4014694920,4014694920,868200,375800,443500,1455123500,2
2021-05-04,AKRA,AKR Corporindo Tbk.,--MO1X7XM80000A112------------,3270,3250,3270,3230,3250,-20,3691700,12005927000,1091,2590.2,3260,176500,3250,254300,4014694920,4014694920,4014694920,1127900,252100,500000,1620000000,1
2021-05-03,AKRA,AKR Corporindo Tbk.,--MO1X7XM80000A112------------,3270,3270,3290,3180,3270,0,6636900,21433753000,2552,2606.2,3280,309000,3270,199700,4014694920,4014694920,4014694920,1584600,935800,89,287420,2
2021-04-30,AKRA,AKR Corporindo Tbk.,--MO1X7XM80000A112------------,3240,3280,3300,3240,3270,30,9920000,32462479000,2708,2606.2,3280,44000,3270,223100,4014694920,4014694920,4014694920,2191300,4547100,0,0,0
2021-04-29,AKRA,AKR Corporindo Tbk.,--MO1X7XM80000A112------------,3150,3180,3260,3170,3240,90,6535700,21059432000,2306,2582.3,3250,82600,3240,105200,4014694920,4014694920,4014694920,929000,1851600,95,307800,1
2021-04-28,AKRA,AKR Corporindo Tbk.,--MO1X7XM80000A112------------,3190,3190,3200,3140,3150,-40,5046500,15965770000,1489,2510.5,3160,34700,3150,22100,4014694920,4014694920,4014694920,927900,1433200,0,0,0
2021-04-27,AKRA,AKR Corporindo Tbk.,--MO1X7XM80000A112------------,3220,3220,3230,3170,3190,-30,3891300,12393466000,1827,2542.4,3190,23300,3180,48500,4014694920,4014694920,4014694920,826200,898300,0,0,0
2021-04-26,AKRA,AKR Corporindo Tbk.,--MO1X7XM80000A112------------,3250,3280,3310,3200,3220,-30,7995300,25931018000,2767,2566.3,3230,51800,3220,263900,4014694920,4014694920,4014694920,1726100,1248800,0,0,0
2021-04-23,AKRA,AKR Corporindo Tbk.,--MO1X7XM80000A112------------,3110,3130,3270,3110,3250,140,21785200,69851845000,4633,2590.2,3250,67900,3240,126200,4014694920,4014694920,4014694920,5036100,5461000,0,0,0
2021-04-22,AKRA,AKR Corporindo Tbk.,--MO1X7XM80000A112------------,3120,3130,3150,3100,3110,-10,4643000,14494617000,1254,2478.7,3120,135900,3110,162800,4014694920,4014694920,4014694920,797300,399700,0,0,0
2021-04-21,AKRA,AKR Corporindo Tbk.,--MO1X7XM80000A112------------,3140,3120,3150,3110,3120,-20,4728700,14789097000,1344,2486.6,3130,11700,3120,335400,4014694920,4014694920,4014694920,508900,987200,0,0,0
2021-04-20,AKRA,AKR Corporindo Tbk.,--MO1X7XM80000A112------------,3160,3150,3180,3110,3140,-20,5429300,17060223000,1533,2502.6,3140,159700,3130,50400,4014694920,4014694920,4014694920,1107800,1976400,0,0,0
2021-04-19,AKRA,AKR Corporindo Tbk.,--MO1X7XM80000A112------------,3130,3230,3230,3150,3160,30,5536900,17608345000,1667,2518.5,3170,123600,3160,13400,4014694920,4014694920,4014694920,696900,716600,36200,116521000,2
2021-04-16,AKRA,AKR Corporindo Tbk.,--MO1X7XM80000A112------------,3140,3140,3170,3110,3130,-10,5309100,16588082000,2163,2494.6,3140,41200,3130,231400,4014694920,4014694920,4014694920,1504300,1151800,11,34584,1
2021-04-15,AKRA,AKR Corporindo Tbk.,--MO1X7XM80000A112------------,3170,3200,3210,3130,3140,-30,2751600,8701034000,1526,2502.6,3150,19700,3140,68900,4014694920,4014694920,4014694920,1465600,638300,12,38040,1
2021-04-14,AKRA,AKR Corporindo Tbk.,--MO1X7XM80000A112------------,3110,3120,3180,3090,3170,60,6070400,19110725000,2121,2526.5,3170,37300,3160,231700,4014694920,4014694920,4014694920,2862900,685700,241540,759884200,3
2021-04-13,AKRA,AKR Corporindo Tbk.,--MO1X7XM80000A112------------,3130,3130,3170,3080,3110,-20,4764800,14814410000,2106,2478.7,3110,113300,3100,277000,4014694920,4014694920,4014694920,1621900,1130100,28,87360,1
2021-04-12,AKRA,AKR Corporindo Tbk.,--MO1X7XM80000A112------------,3230,3250,3250,3120,3130,-100,8392900,26534670000,3116,2494.6,3140,124200,3130,300,4014694920,4014694920,4014694920,1690200,1272000,0,0,0
2021-04-09,AKRA,AKR Corporindo Tbk.,--MO1X7XM80000A112------------,3260,3270,3290,3230,3230,-30,5256100,17065799000,2124,2574.3,3230,56200,3220,314600,4014694920,4014694920,4014694920,933100,947200,0,0,0
2021-04-08,AKRA,AKR Corporindo Tbk.,--MO1X7XM80000A112------------,3240,3260,3320,3240,3260,20,12812400,41845568000,2867,2598.2,3270,5100,3260,83300,4014694920,4014694920,4014694920,1479300,667900,0,0,0
2021-04-07,AKRA,AKR Corporindo Tbk.,--MO1X7XM80000A112------------,3240,3250,3260,3220,3240,0,18927900,61378485000,1787,2582.3,3250,9800,3240,349900,4014694920,4014694920,4014694920,1711900,572700,0,0,0
2021-04-06,AKRA,AKR Corporindo Tbk.,--MO1X7XM80000A112------------,3220,3250,3250,3200,3240,20,7690800,24729904000,1671,2582.3,3250,168700,3240,73700,4014694920,4014694920,4014694920,925100,744500,0,0,0
2021-04-05,AKRA,AKR Corporindo Tbk.,--MO1X7XM80000A112------------,3210,3230,3250,3170,3220,10,7639700,24521630000,1846,2566.3,3230,52900,3220,259300,4014694920,4014694920,4014694920,1240400,909500,0,0,0
2021-04-01,AKRA,AKR Corporindo Tbk.,--MO1X7XM80000A112------------,3220,3280,3300,3190,3210,-10,11556800,37193305000,2335,2558.4,3210,12500,3200,261300,4014694920,4014694920,4014694920,2090400,369200,0,0,0
2021-03-31,AKRA,AKR Corporindo Tbk.,--MO1X7XM80000A112------------,3190,3160,3280,3160,3220,30,22101900,71132401000,3917,2566.3,3230,65200,3220,129500,4014694920,4014694920,4014694920,6096800,4620900,240,768400,5
2021-03-30,AKRA,AKR Corporindo Tbk.,--MO1X7XM80000A112------------,3270,3270,3300,3170,3190,-80,21768100,69908340000,5306,2542.4,3200,30200,3190,316600,4014694920,4014694920,4014694920,7203600,4566000,6266328,21026931540,11
2021-03-29,AKRA,AKR Corporindo Tbk.,--MO1X7XM80000A112------------,3380,3400,3420,3270,3270,-110,17135400,57356455000,5073,2606.2,3270,47700,3260,116700,4014694920,4014694920,4014694920,5225700,2430800,0,0,0
2021-03-26,AKRA,AKR Corporindo Tbk.,--MO1X7XM80000A112------------,3260,3290,3380,3290,3380,120,17360900,58272630000,4569,2693.8,3390,205700,3380,304800,4014694920,4014694920,4014694920,1486400,3185800,0,0,0
2021-03-25,AKRA,AKR Corporindo Tbk.,--MO1X7XM80000A112------------,3230,3280,3360,3210,3260,30,17556600,57713657000,5205,2598.2,3270,99200,3260,1300,4014694920,4014694920,4014694920,2811400,2194700,28,90720,1
2021-03-24,AKRA,AKR Corporindo Tbk.,--MO1X7XM80000A112------------,3320,3290,3290,3210,3230,-90,13328600,43386712000,3156,2574.3,3230,14600,3220,93000,4014694920,4014694920,4014694920,933600,1636700,0,0,0
2021-03-23,AKRA,AKR Corporindo Tbk.,--MO1X7XM80000A112------------,3370,3370,3400,3280,3320,-50,14539300,48688956000,3809,2646.0,3320,39800,3310,102300,4014694920,4014694920,4014694920,2509600,1092200,28,92960,1
2021-03-22,AKRA,AKR Corporindo Tbk.,--MO1X7XM80000A112------------,3380,3390,3430,3370,3370,-10,12298700,41870235000,3091,2685.9,3380,96900,3370,37300,4014694920,4014694920,4014694920,2963400,1179200,28,95760,1
2021-03-19,AKRA,AKR Corporindo Tbk.,--MO1X7XM80000A112------------,3370,3350,3410,3340,3380,10,12638300,42845728000,2635,2693.8,3380,17600,3370,205000,4014694920,4014694920,4014694920,2840300,1400800,120,405876,3
2021-03-18,AKRA,AKR Corporindo Tbk.,--MO1X7XM80000A112------------,3380,3400,3440,3340,3370,-10,16783400,56798259000,4778,2685.9,3380,23900,3370,245000,4014694920,4014694920,4014694920,6450800,1907400,80,272800,1
2021-03-17,AKRA,AKR Corporindo Tbk.,--MO1X7XM80000A112------------,3490,3490,3510,3370,3380,-110,14080100,48224448000,5072,2693.8,3390,24100,3380,610800,4014694920,4014694920,4014694920,4033600,1813000,0,0,0
2021-03-16,AKRA,AKR Corporindo Tbk.,--MO1X7XM80000A112------------,3590,3600,3610,3470,3490,-100,13382200,47417134000,4001,2781.5,3500,27000,3490,149600,4014694920,4014694920,4014694920,3794300,806400,0,0,0
2021-03-15,AKRA,AKR Corporindo Tbk.,--MO1X7XM80000A112------------,3590,3610,3660,3570,3590,0,16771600,60789047000,2407,2861.2,3600,50200,3590,68300,4014694920,4014694920,4014694920,1327800,1115100,0,0,0
2021-03-12,AKRA,AKR Corporindo Tbk.,--MO1X7XM80000A112------------,3570,3630,3640,3580,3590,20,16604300,59647079000,2510,2861.2,3590,480100,3580,77100,4014694920,4014694920,4014694920,3498100,2677500,0,0,0
2021-03-10,AKRA,AKR Corporindo Tbk.,--MO1X7XM80000A112------------,3640,3630,3670,3540,3570,-70,34759900,125485233000,5708,2845.3,3570,19300,3560,10400,4014694920,4014694920,4014694920,7461100,4628300,15000,50850000,1
2021-03-09,AKRA,AKR Corporindo Tbk.,--MO1X7XM80000A112------------,3720,3740,3770,3610,3640,-80,36295400,133975091000,6061,2901.1,3650,10100,3640,123400,4014694920,4014694920,4014694920,5696300,2809800,0,0,0
2021-03-08,AKRA,AKR Corporindo Tbk.,--MO1X7XM80000A112------------,3400,3470,3740,3450,3720,320,61019700,221983763000,14114,2964.8,3720,606700,3710,370100,4014694920,4014694920,4014694920,9436600,17907300,953500,3537248000,4
2021-03-05,AKRA,AKR Corporindo Tbk.,--MO1X7XM80000A112------------,3380,3350,3460,3340,3400,20,30435300,103639948000,3248,2709.8,3410,182200,3400,1222100,4014694920,4014694920,4014694920,3581000,6752900,0,0,0
2021-03-04,AKRA,AKR Corporindo Tbk.,--MO1X7XM80000A112------------,3380,3370,3450,3330,3380,0,27024400,91874179000,3184,2693.8,3380,175500,3370,4400,4014694920,4014694920,4014694920,5908900,11680400,2111300,7178420000,6
2021-03-03,AKRA,AKR Corporindo Tbk.,--MO1X7XM80000A112------------,3340,3330,3440,3280,3380,40,24997600,83890599000,3315,2693.8,3380,7500,3370,9900,4014694920,4014694920,4014694920,2852300,7524100,0,0,0
2021-03-02,AKRA,AKR Corporindo Tbk.,--MO1X7XM80000A112------------,3380,3390,3400,3320,3340,-40,7767400,25979772000,1780,2662.0,3340,132500,3330,12700,4014694920,4014694920,4014694920,1850100,988700,0,0,0
2021-03-01,AKRA,AKR Corporindo Tbk.,--MO1X7XM80000A112------------,3370,3370,3380,3270,3380,10,22816400,75617235000,4007,2693.8,3380,32200,3370,3000,4014694920,4014694920,4014694920,3706500,6334400,102,344360,2
2021-02-26,AKRA,AKR Corporindo Tbk.,--MO1X7XM80000A112------------,3430,3370,3400,3280,3370,-60,20497300,68746955000,3751,2685.9,3370,172500,3360,800,4014694920,4014694920,4014694920,3738900,8236500,168,565248,2
2021-02-25,AKRA,AKR Corporindo Tbk.,--MO1X7XM80000A112------------,3330,3380,3430,3360,3430,100,23185100,78777379000,3359,2733.7,3440,124300,3430,28100,4014694920,4014694920,4014694920,3735000,7798400,51200,171475200,2
2021-02-24,AKRA,AKR Corporindo Tbk.,--MO1X7XM80000A112------------,3470,3470,3470,3310,3330,-140,19405100,65417933000,4770,2654.0,3340,1300,3330,49000,4014694920,4014694920,4014694920,4472800,5742400,3300000,11220000000,1
2021-02-23,AKRA,AKR Corporindo Tbk.,--MO1X7XM80000A112------------,3450,3470,3520,3460,3470,20,33393100,116699038000,3131,2765.6,3480,60400,3470,40900,4014694920,4014694920,4014694920,3901200,2616700,107,372490,2
2021-02-22,AKRA,AKR Corporindo Tbk.,--MO1X7XM80000A112------------,3470,3490,3500,3440,3450,-20,14687600,50940626000,2124,2749.6,3460,50800,3450,7483200,4014694920,4014694920,4014694920,1737200,2378600,3465000,12023550000,1
2021-02-19,AKRA,AKR Corporindo Tbk.,--MO1X7XM80000A112------------,3460,3440,3470,3390,3470,10,17240300,59307641000,2345,2765.6,3480,109400,3470,68500,4014694920,4014694920,4014694920,1134700,3914800,56,190400,1
2021-02-18,AKRA,AKR Corporindo Tbk.,--MO1X7XM80000A112------------,3470,3500,3510,3440,3460,-10,26302500,91252137000,2990,2757.6,3460,19600,3450,8800,4014694920,4014694920,4014694920,2725800,2315000,0,0,0
2021-02-17,AKRA,AKR Corporindo Tbk.,--MO1X7XM80000A112------------,3450,3450,3490,3400,3470,20,23905100,82785428000,4240,2765.6,3470,42500,3460,180400,4014694920,4014694920,4014694920,1073900,7829700,847200,2933853600,1
2021-02-16,AKRA,AKR Corporindo Tbk.,--MO1X7XM80000A112------------,3390,3420,3550,3400,3450,60,25686000,89346575000,6015,2749.6,3460,216500,3450,2132700,4014694920,4014694920,4014694920,1449600,2520400,0,0,0
2021-02-15,AKRA,AKR Corporindo Tbk.,--MO1X7XM80000A112------------,3320,3390,3430,3350,3390,70,20483100,69187228000,4063,2701.8,3400,35100,3390,121000,4014694920,4014694920,4014694920,670600,2132100,0,0,0
2021-02-11,AKRA,AKR Corporindo Tbk.,--MO1X7XM80000A112------------,3290,3310,3330,3260,3320,30,21723800,71640450000,2733,2646.0,3320,153900,3310,15900,4014694920,4014694920,4014694920,2286400,1882300,4,13320,1
2021-02-10,AKRA,AKR Corporindo Tbk.,--MO1X7XM80000A112------------,3250,3250,3330,3210,3290,40,28613600,93482608000,3926,2622.1,3300,95300,3290,33800,4014694920,4014694920,4014694920,2809900,2570600,1238000,4251050000,2
2021-02-09,AKRA,AKR Corporindo Tbk.,--MO1X7XM80000A112------------,3380,3400,3420,3190,3250,-130,35010600,115226107000,8326,2590.2,3260,7600,3250,85300,4014694920,4014694920,4014694920,9348500,9376000,0,0,0
2021-02-08,AKRA,AKR Corporindo Tbk.,--MO1X7XM80000A112------------,3500,3520,3540,3370,3380,-120,21595800,73983454000,7138,2693.8,3390,520800,3380,233000,4014694920,4014694920,4014694920,1781400,1443600,46,155480,1
2021-02-05,AKRA,AKR Corporindo Tbk.,--MO1X7XM80000A112------------,3410,3410,3540,3410,3500,90,30432200,105790439000,8870,2789.5,3500,1411700,3490,16600,4014694920,4014694920,4014694920,1600000,15246300,20,69600,1
2021-02-04,AKRA,AKR Corporindo Tbk.,--MO1X7XM80000A112------------,3370,3400,3450,3390,3410,40,27077300,92445736000,7353,2717.8,3420,430000,3410,177000,4014694920,4014694920,4014694920,1816200,14800200,8,26960,1
2021-02-03,AKRA,AKR Corporindo Tbk.,--MO1X7XM80000A112------------,3240,3250,3370,3220,3370,130,39506800,130583090000,10362,2685.9,3370,237900,3360,65900,4014694920,4014694920,4014694920,2752600,12801900,358400,1189529600,1
2021-02-02,AKRA,AKR Corporindo Tbk.,--MO1X7XM40000A112------------,3000,3050,3240,3020,3240,240,45878600,144884361000,9699,2582.3,3250,689900,3240,89200,4014694920,4014694920,4014694920,5253000,23458200,93,283650,1
2021-02-01,AKRA,AKR Corporindo Tbk.,--MO1X7XM40000A112------------,2840,2930,3030,2810,3000,160,25369000,73436736000,4061,2391.0,3010,100100,3000,11318800,4014694920,4014694920,4014694920,5469200,7136700,87,248298,1
2021-01-29,AKRA,AKR Corporindo Tbk.,--MO1X3XM40000A112------------,2810,2850,2940,2770,2840,30,24514300,69576488000,4348,2263.5,2840,19600,2830,60800,4014694920,4014694920,4014694920,4840100,8953000,5052,14497680,2
2021-01-28,AKRA,AKR Corporindo Tbk.,--MO1X3XM40000A112------------,2980,2980,2980,2780,2810,-170,28290800,81490377000,5398,2239.6,2810,884100,2800,54000,4014694920,4014694920,4014694920,7233100,5022300,0,0,0
2021-01-27,AKRA,AKR Corporindo Tbk.,--MO1X3XM40000A112------------,2940,2960,3050,2900,2980,40,31076300,92511492000,5752,2375.1,2990,77400,2980,473100,4014694920,4014694920,4014694920,6440900,6224800,0,0,0
2021-01-26,AKRA,AKR Corporindo Tbk.,--MO1X3XM40000A112------------,3050,3050,3060,2860,2940,-110,35954000,107077087000,7840,2343.2,2950,80800,2940,130400,4014694920,4014694920,4014694920,6195700,6870200,500000,1503700000,2
2021-01-25,AKRA,AKR Corporindo Tbk.,--MO1X3XM40000A112------------,3130,3130,3130,3010,3050,-80,18077600,55321227000,4478,2430.8,3050,50800,3040,48400,4014694920,4014694920,4014694920,2099300,3397200,140,434520,2
2021-01-22,AKRA,AKR Corporindo Tbk.,--MO1X3XM4000091--------------,3290,3290,3300,3100,3130,-160,27337200,86761966000,7216,2494.6,3140,19800,3130,21100,4014694920,4014694920,4014694920,732700,2699800,0,0,0
2021-01-21,AKRA,AKR Corporindo Tbk.,--MO1X3XM4000091--------------,3320,3340,3380,3260,3290,-30,20829300,68777507000,4124,2622.1,3300,165100,3290,26400,4014694920,4014694920,4014694920,3031100,3186800,582,1932240,2
2021-01-20,AKRA,AKR Corporindo Tbk.,--MO1X3XM4000091--------------,3260,3270,3330,3220,3320,60,18495200,60623472000,3609,2646.0,3320,121100,3310,89800,4014694920,4014694920,4014694920,2357100,1524800,67,223110,1
2021-01-19,AKRA,AKR Corporindo Tbk.,--MO1X3XM4000091--------------,3220,3200,3370,3140,3260,40,31924300,104263887000,7292,2598.2,3270,3500,3260,244700,4014694920,4014694920,4014694920,2299300,6667400,0,0,0
2021-01-18,AKRA,AKR Corporindo Tbk.,--MO1X3XM4000091--------------,3260,3250,3260,3200,3220,-40,17950900,58082356000,3426,2566.3,3230,20300,3220,116200,4014694920,4014694920,4014694920,698800,1110000,33,107580,1
2021-01-15,AKRA,AKR Corporindo Tbk.,--MO1X3XM4000091--------------,3340,3330,3330,3210,3260,-80,18890000,61761689000,4664,2598.2,3270,46800,3260,134600,4014694920,4014694920,4014694920,2197100,3356300,2000000,6576000000,1
2021-01-14,AKRA,AKR Corporindo Tbk.,--MO1X3XM4000091--------------,3340,3360,3370,3310,3340,0,17602100,58815162000,2795,2662.0,3340,62000,3330,67100,4014694920,4014694920,4014694920,396200,4369800,0,0,0
2021-01-13,AKRA,AKR Corporindo Tbk.,--MO1X3XM4000091--------------,3310,3400,3400,3300,3340,30,15825200,52865729000,2869,2662.0,3350,187500,3340,8600,4014694920,4014694920,4014694920,1694400,3284400,44,147136,1
2021-01-12,AKRA,AKR Corporindo Tbk.,--MO1X3XM4000091--------------,3370,3370,3400,3270,3310,-60,15786000,52621086000,3984,2638.1,3320,105600,3310,389200,4014694920,4014694920,4014694920,1876500,1588400,1200,3480000,1
2021-01-11,AKRA,AKR Corporindo Tbk.,--MO1X3XM4000091--------------,3390,3400,3490,3360,3370,-20,47271200,161995369000,6644,2685.9,3380,89000,3370,347100,4014694920,4014694920,4014694920,372100,5083400,0,0,0
2021-01-08,AKRA,AKR Corporindo Tbk.,--MO1X3XM4000091--------------,3410,3440,3460,3380,3390,-20,36246600,123846693000,5992,2701.8,3390,3000,3380,661600,4014694920,4014694920,4014694920,1216800,548300,0,0,0
2021-01-07,AKRA,AKR Corporindo Tbk.,--MO1X3XM4000091--------------,3180,3220,3420,3210,3410,230,58899600,196003458000,8718,2717.8,3410,8200,3400,54400,4014694920,4014694920,4014694920,1868000,13996500,625600,2113902400,1
2021-01-06,AKRA,AKR Corporindo Tbk.,--MO1X3XM4000091--------------,3230,3280,3330,3140,3180,-50,33896800,110090924000,4493,2534.5,3190,95500,3180,79000,4014694920,4014694920,4014694920,1052100,1587300,88000,280632000,1
2021-01-05,AKRA,AKR Corporindo Tbk.,--MO1X3XM4000091--------------,3270,3240,3270,3190,3230,-40,42044400,135971859000,4205,2574.3,3240,15600,3230,23800,4014694920,4014694920,4014694920,1535000,951900,47091,149494840,3
2021-01-04,AKRA,AKR Corporindo Tbk.,--MO1X3XM4000091--------------,3180,3200,3280,3060,3270,90,21822800,69252852000,4012,2606.2,3270,66700,3260,50800,4014694920,4014694920,4014694920,2177000,3754800,4110057,22255179379,4
2020-12-30,AKRA,AKR Corporindo Tbk.,--MO1X3XM4000091--------------,3270,3280,3290,3160,3180,-90,15320500,49493493000,2724,2534.5,3190,20600,3180,203300,4014694920,4014694920,4014694920,1053400,1323800,4000000,22000000000,1
2020-12-29,AKRA,AKR Corporindo Tbk.,--MO1X3XM4000091--------------,3310,3370,3380,3250,3270,-40,16945400,56108050000,3040,2606.2,3280,12600,3270,32500,4014694920,4014694920,4014694920,4583200,1275200,20000,114000000,1
2020-12-28,AKRA,AKR Corporindo Tbk.,--MO1X3XM4000091--------------,3240,3240,3360,3170,3310,70,30344000,99166035000,3976,2638.1,3320,60200,3310,107500,4014694920,4014694920,4014694920,1916400,3095100,300000,984000000,1
2020-12-23,AKRA,AKR Corporindo Tbk.,--MO1X3XM4000091--------------,3310,3330,3380,3110,3240,-70,26242700,84881591000,5763,2582.3,3250,3200,3240,27800,4014694920,4014694920,4014694920,3303600,2742900,0,0,0
2020-12-22,AKRA,AKR Corporindo Tbk.,--MO1X3XM4000091--------------,3540,3550,3560,3300,3310,-230,46833300,160072593000,9034,2638.1,3320,63500,3310,1331900,4014694920,4014694920,4014694920,9560700,4857600,10000000,35000000000,1
2020-12-21,AKRA,AKR Corporindo Tbk.,--MO1X3XM4000091--------------,3370,3380,3550,3380,3540,170,50857600,177156730000,7604,2821.4,3540,244600,3530,55700,4014694920,4014694920,4014694920,1979600,7739400,0,0,0
2020-12-18,AKRA,AKR Corporindo Tbk.,--MO1X3XM4000091--------------,3380,3400,3430,3340,3370,-10,33586100,113551195000,5451,2685.9,3380,204700,3370,106100,4014694920,4014694920,4014694920,3456000,1366800,0,0,0
2020-12-17,AKRA,AKR Corporindo Tbk.,--MO1X3XM4000091--------------,3280,3290,3600,3290,3380,100,87728500,299348942000,14960,2693.8,3390,900,3380,743700,4014694920,4014694920,4014694920,5025200,8191200,0,0,0
2020-12-16,AKRA,AKR Corporindo Tbk.,--MO1X3XM4000091--------------,3280,3300,3320,3270,3280,0,34801900,114714457000,4424,2614.1,3290,79600,3280,107000,4014694920,4014694920,4014694920,3043800,2053600,1050405,3466336400,2
2020-12-15,AKRA,AKR Corporindo Tbk.,--MO1X3XM4000091--------------,3290,3280,3290,3190,3280,-10,29230400,94844730000,5144,2614.1,3290,205300,3280,63600,4014694920,4014694920,4014694920,1872800,3694400,39,127920,1
2020-12-14,AKRA,AKR Corporindo Tbk.,--MO1X3XM4000091--------------,3320,3340,3350,3290,3290,-30,26612200,88424088000,3982,2622.1,3300,86200,3290,172400,4014694920,4014694920,4014694920,1763100,1111900,490000,1633470000,5
2020-12-11,AKRA,AKR Corporindo Tbk.,--MO1X3XM0000091--------------,3300,3350,3350,3320,3320,20,25227000,84073801000,3958,2646.0,3330,49400,3320,834600,4014694920,4014694920,4014694920,4089700,6328500,64,210752,1
2020-12-10,AKRA,AKR Corporindo Tbk.,--MO1X3XM0000091--------------,3310,3330,3350,3230,3300,-10,32368500,106758380000,6395,2630.1,3310,274600,3300,27500,4014694920,4014694920,4014694920,8439200,3970300,4005500,13217919000,2
2020-12-08,AKRA,AKR Corporindo Tbk.,--MO1X3XM0000091--------------,3400,3400,3420,3270,3310,-90,29649900,98927860000,6990,2638.1,3320,14300,3310,255400,4014694920,4014694920,4014694920,10055000,3413800,246200,846424000,2
2020-12-07,AKRA,AKR Corporindo Tbk.,--MO1X3XM0000091--------------,3110,3140,3430,3130,3400,290,58986800,191474955000,10164,2709.8,3400,2001200,3390,280800,4014694920,4014694920,4014694920,4528900,7734300,321300,1042618500,1
2020-12-04,AKRA,AKR Corporindo Tbk.,--MO1X3XM0000091--------------,3090,3090,3120,3020,3110,20,35202100,107964928000,5932,2478.7,3120,987900,3110,206900,4014694920,4014694920,4014694920,3257400,7667500,296400,920784000,5
2020-12-03,AKRA,AKR Corporindo Tbk.,--MO1X3XM0000091--------------,3070,3080,3100,3060,3090,20,42375400,130464407000,5063,2462.7,3090,575300,3080,769800,4014694920,4014694920,4014694920,1498900,7875600,0,0,0
2020-12-02,AKRA,AKR Corporindo Tbk.,--MO1X3XM0000091--------------,2990,3050,3090,3010,3070,80,53472500,163248445000,7861,2446.8,3070,392000,3060,943700,4014694920,4014694920,4014694920,2358700,7573300,831539,2509166170,9
2020-12-01,AKRA,AKR Corporindo Tbk.,--MO1X3XM0000091--------------,2910,2940,3030,2850,2990,80,60677400,179959617000,11529,2383.0,3000,543500,2990,9900,4014694920,4014694920,4014694920,5703400,5157800,32,94880,1
2020-11-30,AKRA,AKR Corporindo Tbk.,--MO1X3XM0000091--------------,2900,2950,3130,2800,2910,10,138559100,412144386000,22874,2319.3,2920,245900,2910,110200,4014694920,4014694920,4014694920,34552100,23462000,960092,2830977720,4
2020-11-27,AKRA,AKR Corporindo Tbk.,--MO1X3XM0000091--------------,2900,2920,2930,2890,2900,0,47401500,137601503000,4742,2311.3,2910,190100,2900,296900,4014694920,4014694920,4014694920,28010200,6205100,0,0,0
2020-11-26,AKRA,AKR Corporindo Tbk.,--MO1X3XM0000091--------------,2900,2920,2940,2880,2900,0,34432600,100012977000,3057,2311.3,2900,1748800,2890,587500,4014694920,4014694920,4014694920,14871200,5451500,10241300,29947497000,3
2020-11-25,AKRA,AKR Corporindo Tbk.,--MO1X3XM0000091--------------,2930,2980,2990,2890,2900,-30,37550100,110166273000,4727,2311.3,2900,126600,2890,348200,4014694920,4014694920,4014694920,12421500,6735800,9779500,28092296000,2
2020-11-24,AKRA,AKR Corporindo Tbk.,--MO1X3XM0000091--------------,2940,2960,2990,2930,2930,-10,46258700,136822806000,4140,2335.2,2930,975700,2920,826200,4014694920,4014694920,4014694920,17524000,4834800,0,0,0
2020-11-23,AKRA,AKR Corporindo Tbk.,--MO1X3XM0000091--------------,2950,2960,2970,2920,2940,-10,31557300,93253510000,4021,2343.2,2950,180000,2940,369900,4014694920,4014694920,4014694920,12672700,4269300,0,0,0
2020-11-20,AKRA,AKR Corporindo Tbk.,--MO1X3XM0000091--------------,2910,2930,3010,2930,2950,40,47230200,140561348000,5902,2351.1,2950,80700,2940,897200,4014694920,4014694920,4014694920,14958700,12714200,35369998,103944448860,3
2020-11-19,AKRA,AKR Corporindo Tbk.,--MO1X3XM0000091--------------,2810,2810,2910,2790,2910,100,41721500,118389906000,4428,2319.3,2920,341300,2910,305200,4014694920,4014694920,4014694920,1816100,1892400,0,0,0
2020-11-18,AKRA,AKR Corporindo Tbk.,--MO1X3XM0000091--------------,2850,2850,2850,2790,2810,-40,24459000,69051228000,3280,2239.6,2810,276400,2800,533500,4014694920,4014694920,4014694920,5291700,677800,100000,282000000,1
2020-11-17,AKRA,AKR Corporindo Tbk.,--MO1X3XM0000091--------------,2850,2880,2900,2840,2850,0,22420600,64195665000,2958,2271.4,2850,1247900,2840,350000,4014694920,4014694920,4014694920,418900,4195900,3276677,9359589050,3
2020-11-16,AKRA,AKR Corporindo Tbk.,--MO1X3XM0000091--------------,2820,2850,2890,2830,2850,30,20094100,57502165000,2630,2271.4,2850,1639700,2840,54800,4014694920,4014694920,4014694920,636300,2813000,0,0,0
2020-11-13,AKRA,AKR Corporindo Tbk.,--MO1X3XM0000091--------------,2820,2820,2840,2780,2820,0,15873500,44569584000,1930,2247.5,2820,1226000,2810,290000,4014694920,4014694920,4014694920,286000,348600,56,157360,1
2020-11-12,AKRA,AKR Corporindo Tbk.,--MO1X3XM0000091--------------,2860,2860,2880,2790,2820,-40,12165300,34602981000,2261,2247.5,2820,51300,2810,2200,4014694920,4014694920,4014694920,705800,526300,0,0,0
2020-11-11,AKRA,AKR Corporindo Tbk.,--MO1X3XM0000091--------------,2840,2860,2920,2840,2860,20,47925400,138680841000,5284,2279.4,2870,221200,2860,5300,4014694920,4014694920,4014694920,1029600,5166300,14205,43892400,2
2020-11-10,AKRA,AKR Corporindo Tbk.,--MO1X3XM0000091--------------,2710,2760,2850,2750,2840,130,34092000,96130365000,5141,2263.5,2850,489300,2840,1785300,4014694920,4014694920,4014694920,770100,9204700,0,0,0
2020-11-09,AKRA,AKR Corporindo Tbk.,--MO1X3XM0000091--------------,2720,2750,2770,2670,2710,-10,17487800,47586086000,2772,2159.9,2720,99800,2710,12400,4014694920,4014694920,4014694920,684000,1168500,64,166400,1
2020-11-06,AKRA,AKR Corporindo Tbk.,--MO1X3XM0000091--------------,2600,2630,2720,2610,2720,120,19748000,52555842000,4484,2167.8,2720,150900,2710,20500,4014694920,4014694920,4014694920,563000,2528400,314200,847578000,2
2020-11-05,AKRA,AKR Corporindo Tbk.,--MO1X3XM0000091--------------,2570,2590,2610,2570,2600,30,17597900,45693169000,2443,2072.2,2610,333500,2600,1274700,4014694920,4014694920,4014694920,5212500,3917300,0,0,0
2020-11-04,AKRA,AKR Corporindo Tbk.,--MO1X3XM0000091--------------,2590,2590,2610,2570,2570,-20,14001800,36314938000,1321,2048.3,2570,1649000,2560,130000,4014694920,4014694920,4014694920,3645700,376600,0,0,0
2020-11-03,AKRA,AKR Corporindo Tbk.,--MO1X3XM0000091--------------,2610,2630,2640,2570,2590,-20,12552300,32731528000,1835,2064.2,2590,1013000,2580,465700,4014694920,4014694920,4014694920,3302200,765600,0,0,0
2020-11-02,AKRA,AKR Corporindo Tbk.,--MO1X3XM0000091--------------,2680,2670,2670,2600,2610,-70,13666200,35983198000,2985,2080.2,2620,116200,2610,73500,4014694920,4014694920,4014694920,5373500,1762700,14256,44025020,4
2020-10-27,AKRA,AKR Corporindo Tbk.,--MO1S3XM0000091--------------,2640,2660,2730,2660,2680,40,23409900,63237234000,3328,2136.0,2680,106400,2670,340300,4014694920,4014694920,4014694920,1801200,3129600,42,113694,1
2020-10-26,AKRA,AKR Corporindo Tbk.,--MO1S3XM0000091--------------,2630,2620,2660,2610,2640,10,10766000,28386327000,1928,2104.1,2650,41400,2640,634100,4014694920,4014694920,4014694920,2228200,975700,0,0,0
2020-10-23,AKRA,AKR Corporindo Tbk.,--MO1S3XM0000091--------------,2620,2650,2660,2620,2630,10,12614800,33292247000,1740,2096.1,2630,655200,2620,229200,4014694920,4014694920,4014694920,1235100,954200,8,21144,1
2020-10-22,AKRA,AKR Corporindo Tbk.,--MO1S3XM0000091--------------,2650,2650,2680,2610,2620,-30,11506900,30623952000,1571,2088.1,2630,11000,2620,113600,4014694920,4014694920,4014694920,2338900,2570300,884700,2324304000,2
2020-10-21,AKRA,AKR Corporindo Tbk.,--MO1S3XM0000091--------------,2680,2690,2700,2650,2650,-30,11127400,29858688000,1231,2112.0,2660,4500,2650,143300,4014694920,4014694920,4014694920,1425300,947100,81,216999,1
2020-10-20,AKRA,AKR Corporindo Tbk.,--MO1S3XM0000091--------------,2680,2670,2710,2610,2680,0,16460500,43935974000,1871,2136.0,2690,53100,2670,74200,4014694920,4014694920,4014694920,1935000,953800,0,0,0
2020-10-19,AKRA,AKR Corporindo Tbk.,--MO1S3XM0000091--------------,2680,2680,2740,2670,2680,0,12890000,34789672000,2009,2136.0,2690,58500,2680,30700,4014694920,4014694920,4014694920,1305200,847500,92600,253862000,2
2020-10-16,AKRA,AKR Corporindo Tbk.,--MO1S3XM0000091--------------,2680,2680,2710,2650,2680,0,12491200,33510531000,1404,2136.0,2690,37900,2680,7200,4014694920,4014694920,4014694920,1137900,949700,0,0,0
2020-10-15,AKRA,AKR Corporindo Tbk.,--MO1S3XM0000091--------------,2710,2730,2740,2670,2680,-30,16156700,43648089000,1992,2136.0,2680,1400,2670,142500,4014694920,4014694920,4014694920,2072200,2761600,0,0,0
2020-10-14,AKRA,AKR Corporindo Tbk.,--MO1S3XM0000091--------------,2650,2650,2730,2650,2710,60,15966900,43002105000,2491,2159.9,2720,33200,2710,47200,4014694920,4014694920,4014694920,1923200,1583900,0,0,0
2020-10-13,AKRA,AKR Corporindo Tbk.,--MO1S3XM0000091--------------,2640,2650,2660,2610,2650,10,13428900,35392113000,1499,2112.0,2660,84600,2650,38700,4014694920,4014694920,4014694920,2227900,625600,0,0,0
2020-10-12,AKRA,AKR Corporindo Tbk.,--MO1S3XM0000091--------------,2620,2620,2670,2620,2640,20,14094400,37308290000,1665,2104.1,2640,479200,2630,76300,4014694920,4014694920,4014694920,1676300,886800,13200,40788000,1
2020-10-09,AKRA,AKR Corporindo Tbk.,--MO1S3XM0000091--------------,2610,2610,2640,2600,2620,10,11797600,30878860000,1349,2088.1,2630,231900,2620,118300,4014694920,4014694920,4014694920,1500000,1071900,100060,262156600,2
2020-10-08,AKRA,AKR Corporindo Tbk.,--MO1S3XM0000091--------------,2600,2640,2640,2600,2610,10,10256800,26832035000,981,2080.2,2620,52000,2610,20800,4014694920,4014694920,4014694920,1578700,412700,680000,1776350000,2
2020-10-07,AKRA,AKR Corporindo Tbk.,--MO1S3XM0000091--------------,2660,2670,2680,2600,2600,-60,11719600,30772979000,1491,2072.2,2610,9100,2600,236400,4014694920,4014694920,4014694920,881800,118600,3,7842,1
2020-10-06,AKRA,AKR Corporindo Tbk.,--MO1S3XM0000091--------------,2610,2650,2690,2650,2660,50,14193100,37788352000,1657,2120.0,2670,177600,2660,248700,4014694920,4014694920,4014694920,198900,416700,13200,40788000,1
2020-10-05,AKRA,AKR Corporindo Tbk.,--MO1S3XM0000091--------------,2570,2600,2610,2550,2610,40,11643200,30068530000,1127,2080.2,2620,114100,2610,15200,4014694920,4014694920,4014694920,245500,174300,0,0,0
2020-10-02,AKRA,AKR Corporindo Tbk.,--MO1S3XM0000091--------------,2610,2620,2620,2530,2570,-40,11456000,29727527000,868,2048.3,2580,5600,2570,23800,4014694920,4014694920,4014694920,121400,297600,13400,41406000,1
2020-10-01,AKRA,AKR Corporindo Tbk.,--MO1S3XM0000091--------------,2550,2570,2620,2550,2610,60,11878200,30455227000,1300,2080.2,2620,104700,2610,448400,4014694920,4014694920,4014694920,290100,876100,0,0,0
2020-09-30,AKRA,AKR Corporindo Tbk.,--MO1S3XM0000091--------------,2530,2510,2570,2480,2550,20,14864900,37683229000,1208,2032.3,2550,52100,2540,1700,4014694920,4014694920,4014694920,1650100,336500,2940000,7408800000,2
2020-09-29,AKRA,AKR Corporindo Tbk.,--MO1S3XM0000091--------------,2600,2590,2630,2530,2530,-70,14422200,37179820000,1506,2016.4,2530,587300,2520,143400,4014694920,4014694920,4014694920,3748500,1598100,52,132080,1
2020-09-28,AKRA,AKR Corporindo Tbk.,--MO1S3XM0000091--------------,2610,2640,2650,2590,2600,-10,9635700,25253881000,1566,2072.2,2600,343900,2590,35800,4014694920,4014694920,4014694920,865600,396000,13400,40870000,1
2020-09-25,AKRA,AKR Corporindo Tbk.,--MO1S3XM0000091--------------,2510,2520,2630,2520,2610,100,14480600,37060289000,1785,2080.2,2620,22400,2610,893400,4014694920,4014694920,4014694920,952100,123500,0,0,0
2020-09-24,AKRA,AKR Corporindo Tbk.,--MO1S3XM0000091--------------,2550,2510,2550,2450,2510,-40,16934200,42619338000,1975,2000.5,2510,302400,2500,149400,4014694920,4014694920,4014694920,398100,1017400,24800,71540000,2
2020-09-23,AKRA,AKR Corporindo Tbk.,--MO1S3XM0000091--------------,2590,2640,2650,2500,2550,-40,10355000,26997510000,1535,2032.3,2560,66200,2550,334800,4014694920,4014694920,4014694920,239000,984400,0,0,0
2020-09-22,AKRA,AKR Corporindo Tbk.,--MO1S3XM0000091--------------,2660,2600,2630,2540,2590,-70,13249100,34293666000,1792,2064.2,2590,190500,2580,178300,4014694920,4014694920,4014694920,1830900,314300,353359,912054760,5
2020-09-21,AKRA,AKR Corporindo Tbk.,--MO1S3XM0000091--------------,2740,2740,2820,2640,2660,-80,16896600,46363674000,2383,2120.0,2660,212900,2650,30900,4014694920,4014694920,4014694920,2101500,772400,0,0,0
2020-09-18,AKRA,AKR Corporindo Tbk.,--MO1S3XM0000091--------------,2700,2720,2750,2700,2740,40,11516000,31424570000,1277,2183.8,2740,33200,2730,6600,4014694920,4014694920,4014694920,263700,442000,14800,44992000,1
2020-09-17,AKRA,AKR Corporindo Tbk.,--MO1S3XM0000091--------------,2780,2810,2810,2680,2700,-80,15082700,41521766000,2145,2151.9,2710,35500,2700,23300,4014694920,4014694920,4014694920,2859900,36700,0,0,0
2020-09-16,AKRA,AKR Corporindo Tbk.,--MO1S3XM0000091--------------,2740,2750,2790,2740,2780,40,18087000,49979925000,1662,2215.7,2780,48400,2770,2900,4014694920,4014694920,4014694920,897200,254100,0,0,0
2020-09-15,AKRA,AKR Corporindo Tbk.,--MO1S3XM0000091--------------,2840,2850,2860,2720,2740,-100,13751700,38593932000,2313,2183.8,2750,5000,2740,400,4014694920,4014694920,4014694920,3922600,1039000,40000,109400000,1
2020-09-14,AKRA,AKR Corporindo Tbk.,--MO1S3XM0000091--------------,2750,2770,2850,2770,2840,90,14216300,39957343000,1601,2263.5,2840,20000,2830,4000,4014694920,4014694920,4014694920,105500,375900,14800,44992000,1
2020-09-11,AKRA,AKR Corporindo Tbk.,--MO1S3XM0000091--------------,2640,2470,2790,2470,2750,110,16700000,44424515000,2361,2191.7,2750,46000,2740,88200,4014694920,4014694920,4014694920,905000,495900,0,0,0
2020-09-10,AKRA,AKR Corporindo Tbk.,--MO1S3XM0000091--------------,2830,2790,2790,2640,2640,-190,14307000,38457024000,2735,2104.1,2650,71900,2640,8900,4014694920,4014694920,4014694920,67800,979000,0,0,0
2020-09-09,AKRA,AKR Corporindo Tbk.,--MO1S3XM0000091--------------,2850,2800,2850,2780,2830,-20,17651300,49871242000,2382,2255.5,2830,781000,2820,439300,4014694920,4014694920,4014694920,656400,3661600,0,0,0
2020-09-08,AKRA,AKR Corporindo Tbk.,--MO1S3XM0000091--------------,2850,2850,2860,2810,2850,0,13882800,39404741000,1562,2271.4,2850,93800,2840,1600,4014694920,4014694920,4014694920,1289700,780800,14800,44696000,1
2020-09-07,AKRA,AKR Corporindo Tbk.,--MO1S3XM0000091--------------,2850,2820,2880,2780,2850,0,21967900,62021488000,2622,2271.4,2850,1205500,2840,233700,4014694920,4014694920,4014694920,1395700,95500,50054,138251092,2
2020-09-04,AKRA,AKR Corporindo Tbk.,--M-1S3XM0000091--------------,2860,0,2920,2750,2850,-10,32359000,91362033000,3636,2271.4,2860,36300,2850,111700,4014694920,4014694920,4014694920,2185200,415400,14817,44744620,2
2020-09-03,AKRA,AKR Corporindo Tbk.,--M-1S3XM0000091--------------,2960,0,2960,2820,2860,-100,24143800,69408133000,4096,2279.4,2870,188400,2860,125800,4014694920,4014694920,4014694920,7039500,257100,0,0,0
2020-09-02,AKRA,AKR Corporindo Tbk.,--M-1S3XM0000091--------------,2950,0,2980,2930,2960,10,16424800,48560118000,1819,2359.1,2960,4560500,2950,136700,4014694920,4014694920,4014694920,1513600,2000,1850000,5335400000,1
2020-09-01,AKRA,AKR Corporindo Tbk.,--M-1S3XM0000091--------------,2900,0,3010,2890,2950,50,32515800,95780667000,4949,2351.1,2950,519700,2940,74700,4014694920,4014694920,4014694920,6453400,2644900,88,256080,1
2020-08-31,AKRA,AKR Corporindo Tbk.,--M-1S3XM0000091--------------,2870,0,2920,2860,2900,30,15111300,43722878000,2275,2311.3,2900,1427300,2890,34600,4014694920,4014694920,4014694920,5304000,1535200,1246500,3614902500,2
2020-08-28,AKRA,AKR Corporindo Tbk.,--M-1S3XM0000091--------------,2950,0,2970,2860,2870,-80,26656200,77100277000,2737,2287.4,2880,7000,2870,379400,4014694920,4014694920,4014694920,4056000,41200,0,0,0
2020-08-27,AKRA,AKR Corporindo Tbk.,--M-1S3XM0000091--------------,3030,0,3040,2930,2950,-80,18912100,56307903000,2998,2351.1,2950,758500,2940,44000,4014694920,4014694920,4014694920,4176500,215000,0,0,0
2020-08-26,AKRA,AKR Corporindo Tbk.,--M-1S3XM0000091--------------,3060,0,3110,3010,3030,-30,22639100,69571546000,3166,2414.9,3030,1044500,3020,141600,4014694920,4014694920,4014694920,1198700,1331000,1300,3900000,1
2020-08-25,AKRA,AKR Corporindo Tbk.,XDM-1S3XM0000091--------------,2930,0,3070,2940,3060,130,36880800,111435063000,6575,2438.8,3060,87800,3050,119500,4014694920,4014694920,4014694920,315000,629400,440000,1341280000,2
2020-08-24,AKRA,AKR Corporindo Tbk.,XDM-1S3XM0000091--------------,2830,0,2950,2810,2930,100,26569800,76294312000,3900,2335.2,2940,240800,2930,102700,4014694920,4014694920,4014694920,1100500,251400,0,0,0
2020-08-19,AKRA,AKR Corporindo Tbk.,XDM-1S3XM0000091--------------,2840,0,2860,2800,2830,-10,11024300,31201814000,1684,2255.5,2830,65200,2820,500,4014694920,4014694920,4014694920,510700,56100,27,76410,1
2020-08-18,AKRA,AKR Corporindo Tbk.,XDM-1S3XM0000091--------------,2810,0,2840,2810,2840,30,11375100,32190500000,1373,2263.5,2850,275100,2840,150100,4014694920,4014694920,4014694920,278500,318500,0,0,0
2020-08-14,AKRA,AKR Corporindo Tbk.,XDM-1S3XM0000091--------------,2840,0,2860,2810,2810,-30,13112800,37254263000,1304,2239.6,2820,6600,2810,67800,4014694920,4014694920,4014694920,277400,159900,0,0,0
2020-08-13,AKRA,AKR Corporindo Tbk.,XDM-1S3XM0000091--------------,2860,0,2960,2810,2840,-20,14778400,42869666000,2045,2263.5,2840,180000,2820,56900,4014694920,4014694920,4014694920,690200,1202300,4400,12399200,1
2020-08-12,AKRA,AKR Corporindo Tbk.,XDM-1S3XM0000091--------------,2870,0,2900,2820,2860,-10,19839100,56673913000,2594,2279.4,2860,1028700,2850,229200,4014694920,4014694920,4014694920,800600,55700,0,0,0
2020-08-11,AKRA,AKR Corporindo Tbk.,XDM-1S3XM0000091--------------,2780,0,2960,2790,2870,90,46139800,133157879000,6250,2287.4,2880,590400,2870,207700,4014694920,4014694920,4014694920,615400,986200,0,0,0
2020-08-10,AKRA,AKR Corporindo Tbk.,XDM-1S3XM0000091--------------,2770,0,2790,2740,2780,10,14084900,38958989000,1639,2215.7,2790,56900,2780,23200,4014694920,4014694920,4014694920,3445100,335600,83,229910,1
2020-08-07,AKRA,AKR Corporindo Tbk.,XDM-1S3XM0000091--------------,2780,0,2830,2750,2770,-10,13688000,38285870000,1409,2207.7,2780,37800,2770,247000,4014694920,4014694920,4014694920,1718500,453000,359200,1005760000,2
2020-08-06,AKRA,AKR Corporindo Tbk.,--M-1S3XM0000091--------------,2770,0,2830,2770,2780,10,24529700,68787596000,2282,2215.7,2790,33100,2780,51200,4014694920,4014694920,4014694920,7348600,681200,0,0,0
2020-08-05,AKRA,AKR Corporindo Tbk.,--M-1S3XM0000091--------------,2800,0,2810,2710,2770,-30,32024800,88569034000,2539,2207.7,2780,158300,2770,100700,4014694920,4014694920,4014694920,9725200,603400,55000,152350000,1
2020-08-04,AKRA,AKR Corporindo Tbk.,CDM-1S3XM0000091--------------,2780,0,2830,2740,2800,20,14891100,41662157000,1777,2231.6,2810,14500,2800,2000,4014694920,4014694920,4014694920,2352300,392800,0,0,0
2020-08-03,AKRA,AKR Corporindo Tbk.,CDM-1S3XM0000091--------------,2880,0,2900,2720,2780,-100,15945100,44460415000,2731,2215.7,2790,29800,2780,47300,4014694920,4014694920,4014694920,1804600,2114300,90,249984,2
2020-07-30,AKRA,AKR Corporindo Tbk.,CDM-1S3XM0000091--------------,2850,0,2930,2850,2880,30,32917500,94802823000,4525,2295.4,2890,36600,2880,278200,4014694920,4014694920,4014694920,857500,519300,684850,1951824000,3
2020-07-29,AKRA,AKR Corporindo Tbk.,CDM-1S3XM0000091--------------,2820,0,2890,2800,2850,30,18767800,53364225000,2976,2271.4,2850,21500,2840,119600,4014694920,4014694920,4014694920,765700,1586600,5426700,15449008000,14
2020-07-28,AKRA,AKR Corporindo Tbk.,CDM-1S3XM0000091--------------,2850,0,2890,2810,2820,-30,27726200,78968099000,4587,2247.5,2820,23700,2810,568600,4014694920,4014694920,4014694920,3672500,4907500,190000,547000000,2
2020-07-27,AKRA,AKR Corporindo Tbk.,--M-1S3XM0000091--------------,2640,0,2890,2660,2850,210,43813300,122397268000,7354,2271.4,2850,900,2840,284400,4014694920,4014694920,4014694920,972300,1367900,189454,544371900,8
2020-07-24,AKRA,AKR Corporindo Tbk.,--M-1S3XM0000091--------------,2720,0,2730,2610,2640,-80,14638900,39015895000,2018,2104.1,2650,27500,2640,247300,4014694920,4014694920,4014694920,1054100,336700,0,0,0
2020-07-23,AKRA,AKR Corporindo Tbk.,--M-1S3XM0000091--------------,2700,0,2740,2650,2720,20,27719700,74904854000,4892,2167.8,2720,818800,2710,100,4014694920,4014694920,4014694920,1779100,175200,28,76160,1
2020-07-22,AKRA,AKR Corporindo Tbk.,--M-1S3XM0000091--------------,2490,0,2730,2500,2700,210,49695900,131525076000,8807,2151.9,2700,99200,2690,136300,4014694920,4014694920,4014694920,356500,3014900,28,69720,1
2020-07-21,AKRA,AKR Corporindo Tbk.,--M-1S3XM0000091--------------,2460,0,2500,2470,2490,30,9905100,24633179000,1286,1984.5,2500,493000,2490,19700,4014694920,4014694920,4014694920,122900,0,0,0,0
2020-07-20,AKRA,AKR Corporindo Tbk.,--M-1S3XM0000091--------------,2480,0,2490,2430,2460,-20,10061300,24797677000,1122,1960.6,2470,67000,2460,234600,4014694920,4014694920,4014694920,1333900,1400,3949900,9732553600,1
2020-07-17,AKRA,AKR Corporindo Tbk.,--M-1S3XM0000091--------------,2480,0,2500,2440,2480,0,10884100,26931227000,1458,1976.6,2480,74900,2470,188600,4014694920,4014694920,4014694920,510300,82000,0,0,0
2020-07-16,AKRA,AKR Corporindo Tbk.,--M-1S3XM0000091--------------,2480,0,2500,2460,2480,0,11472700,28518974000,1195,1976.6,2490,86700,2480,600,4014694920,4014694920,4014694920,266900,174800,0,0,0
2020-07-15,AKRA,AKR Corporindo Tbk.,--M-1S3XM0000091--------------,2450,0,2510,2470,2480,30,13940900,34767870000,1828,1976.6,2480,511600,2470,109300,4014694920,4014694920,4014694920,234700,988600,0,0,0
2020-07-14,AKRA,AKR Corporindo Tbk.,--M-1S3XM0000091--------------,2460,0,2490,2420,2450,-10,11643400,28734231000,1474,1952.6,2460,26900,2450,207200,4014694920,4014694920,4014694920,225700,330600,0,0,0
2020-07-13,AKRA,AKR Corporindo Tbk.,--M-1S3XM0000091--------------,2420,0,2470,2400,2460,40,14139200,34589648000,1604,1960.6,2470,173500,2460,143700,4014694920,4014694920,4014694920,561000,512200,189,466440,3
2020-07-10,AKRA,AKR Corporindo Tbk.,--M-1S3XM0000091--------------,2480,0,2520,2400,2420,-60,18537500,45778050000,2864,1928.7,2430,51400,2420,139100,4014694920,4014694920,4014694920,801200,216300,0,0,0
2020-07-09,AKRA,AKR Corporindo Tbk.,--M-1S3XM0000091--------------,2490,0,2530,2450,2480,-10,13228600,33077161000,1391,1976.6,2480,21700,2470,20000,4014694920,4014694920,4014694920,682700,377400,0,0,0
2020-07-08,AKRA,AKR Corporindo Tbk.,--M-1S3XM0000091--------------,2490,0,2520,2480,2490,0,12530100,31308311000,1200,1984.5,2500,64300,2490,214900,4014694920,4014694920,4014694920,97100,300800,0,0,0
2020-07-07,AKRA,AKR Corporindo Tbk.,--M-1S3XM0000091--------------,2500,0,2570,2450,2490,-10,15605600,39346648000,2396,1984.5,2490,56500,2480,91500,4014694920,4014694920,4014694920,658200,192300,0,0,0
2020-07-06,AKRA,AKR Corporindo Tbk.,--M-1S3XM0000091--------------,2490,0,2510,2440,2500,10,14579800,36182033000,1263,1992.5,2500,2176400,2480,56100,4014694920,4014694920,4014694920,73700,28800,80,196800,1
2020-07-03,AKRA,AKR Corporindo Tbk.,--M9XX-1,2480,0,2510,2470,2490,10,14219500,35416758000,1538,1984.5,2490,833300,2480,92900,4014694920,4014694920,4014694920,58800,311200,0,0,0
2020-07-02,AKRA,AKR Corporindo Tbk.,--M9XX-1,2480,0,2510,2450,2480,0,12067100,29995240000,1629,1976.6,2480,25700,2470,126600,4014694920,4014694920,4014694920,977300,166400,0,0,0
2020-07-01,AKRA,AKR Corporindo Tbk.,--M9XX-1,2540,0,2550,2450,2480,-60,10960200,27328352000,2191,1976.6,2490,314000,2480,89100,4014694920,4014694920,4014694920,2052300,400,7311,18642390,3
2020-06-30,AKRA,AKR Corporindo Tbk.,--M9XX-1,2490,0,2570,2500,2540,50,13282700,33767196000,1688,2024.4,2540,592200,2520,4500,4014694920,4014694920,4014694920,470600,1414900,5221000,13000290000,2
2020-06-29,AKRA,AKR Corporindo Tbk.,--M9XX-1,2530,0,2540,2480,2490,-40,14715100,37056367000,1265,1984.5,2490,32200,2480,161400,4014694920,4014694920,4014694920,879000,666600,8000,20240000,2
2020-06-26,AKRA,AKR Corporindo Tbk.,--M9XX-1,2500,0,2570,2490,2530,30,13967500,35317530000,1565,2016.4,2530,109500,2520,35500,4014694920,4014694920,4014694920,549600,180500,58,146740,1
2020-06-25,AKRA,AKR Corporindo Tbk.,--M9XX-1,2600,0,2600,2500,2500,-100,12722300,32275385000,1503,1992.5,2510,110100,2500,828400,4014694920,4014694920,4014694920,709300,127400,72,180000,1
2020-06-24,AKRA,AKR Corporindo Tbk.,--M9XX-1,2510,0,2630,2500,2600,90,26223700,67511296000,3031,2072.2,2600,421100,2590,208000,4014694920,4014694920,4014694920,2178400,3453200,0,0,0
2020-06-23,AKRA,AKR Corporindo Tbk.,--M9XX-1,2530,0,2570,2490,2510,-20,17593800,44789514000,1697,2000.5,2520,2000,2510,9900,4014694920,4014694920,4014694920,1554400,574100,0,0,0
2020-06-22,AKRA,AKR Corporindo Tbk.,--M9XX-1,2590,0,2600,2520,2530,-60,18479400,46941736000,1905,2016.4,2540,284000,2530,1098000,4014694920,4014694920,4014694920,780100,64300,266,690634,3
2020-06-19,AKRA,AKR Corporindo Tbk.,--M9XX-1,2540,0,2670,2560,2590,50,35103100,92444800000,5032,2064.2,2590,309800,2580,344300,4014694920,4014694920,4014694920,2732100,4318500,59,149624,1
2020-06-18,AKRA,AKR Corporindo Tbk.,--M9XX-1,2570,0,2570,2480,2540,-30,24009800,60599737000,2558,2024.4,2550,61700,2540,1600,4014694920,4014694920,4014694920,818200,1130000,0,0,0
2020-06-17,AKRA,AKR Corporindo Tbk.,--M9XX-1,2580,0,2600,2520,2570,-10,29819700,76172666000,2675,2048.3,2580,105900,2570,86400,4014694920,4014694920,4014694920,233500,831800,1529700,3916032000,1
2020-06-16,AKRA,AKR Corporindo Tbk.,--M9XX-1,2360,0,2580,2380,2580,220,16201600,40242046000,2698,2056.3,2590,528100,2580,56800,4014694920,4014694920,4014694920,415300,1102600,0,0,0
2020-06-15,AKRA,AKR Corporindo Tbk.,--M9XX-1,2410,0,2460,2320,2360,-50,12394200,29871282000,1430,1880.9,2360,23600,2350,102500,4014694920,4014694920,4014694920,469900,1448300,0,0,0
2020-06-12,AKRA,AKR Corporindo Tbk.,--M9XX-1,2310,0,2410,2160,2410,100,18684800,42360279000,2801,1920.8,2410,31200,2400,10800,4014694920,4014694920,4014694920,4187000,40000,300058,690126440,2
2020-06-11,AKRA,AKR Corporindo Tbk.,--M9XX-1,2350,0,2350,2200,2310,-40,18203400,41571196000,2280,1841.1,2320,27000,2310,266200,4014694920,4014694920,4014694920,4183600,357000,0,0,0
2020-06-10,AKRA,AKR Corporindo Tbk.,XDM9XX-1,2520,0,2520,2350,2350,-170,25251300,60629870000,3608,1872.9,2350,396800,0,0,4014694920,4014694920,4014694920,3755300,1082000,2000000,4800000000,1
2020-06-09,AKRA,AKR Corporindo Tbk.,XDM9XX-1,2640,0,2700,2510,2520,-120,21363100,56125239000,4703,2008.4,2530,6100,2520,805700,4014694920,4014694920,4014694920,4605400,159700,0,0,0
2020-06-08,AKRA,AKR Corporindo Tbk.,XDM9XX-1,2450,0,2670,2470,2640,190,36015600,91990287000,4756,2104.1,2640,2700000,2630,11300,4014694920,4014694920,4014694920,10388200,1570100,0,0,0
2020-06-05,AKRA,AKR Corporindo Tbk.,XDM9XX-1,2430,0,2470,2410,2450,20,15211700,37099775000,1470,1952.6,2450,609300,2440,37900,4014694920,4014694920,4014694920,4496200,611500,2057718,5000260780,3
2020-06-04,AKRA,AKR Corporindo Tbk.,XDM9XX-1,2450,0,2530,2390,2430,-20,12591400,31154486000,1756,1936.7,2430,1047400,2420,13800,4014694920,4014694920,4014694920,1877800,1560100,2376336,5820296480,3
2020-06-03,AKRA,AKR Corporindo Tbk.,XDM9XX-1,2440,0,2520,2440,2450,10,14111500,34773869000,2147,1952.6,2450,2426100,2440,103900,4014694920,4014694920,4014694920,5794100,3112300,158700,391989000,1
2020-06-02,AKRA,AKR Corporindo Tbk.,XDM9XX-1,2350,0,2460,2330,2440,90,20468000,49606144000,1712,1944.7,2440,1001300,2420,25100,4014694920,4014694920,4014694920,3824700,5072900,5430000,12760500000,2
2020-05-29,AKRA,AKR Corporindo Tbk.,XDM9XX-1,2470,0,2470,2350,2350,-120,14923300,35781911000,1380,1872.9,2350,1459200,2340,38100,4014694920,4014694920,4014694920,3004500,1480300,0,0,0
2020-05-28,AKRA,AKR Corporindo Tbk.,XDM9XX-1,2420,0,2490,2390,2470,50,12938800,31859480000,1233,1968.6,2470,436000,2460,7700,4014694920,4014694920,4014694920,761800,1097400,2805900,6866337000,3
2020-05-27,AKRA,AKR Corporindo Tbk.,XDM9XX-1,2380,0,2450,2380,2420,40,16499300,39860087000,2288,1928.7,2420,1323200,2410,11100,4014694920,4014694920,4014694920,623400,148900,976218,2372208840,3
2020-05-26,AKRA,AKR Corporindo Tbk.,XDM9XX-1,2210,0,2390,2210,2380,170,17870400,40888575000,1837,1896.9,2390,82300,2380,24000,4014694920,4014694920,4014694920,108500,580300,2180000,4992200000,1
2020-05-20,AKRA,AKR Corporindo Tbk.,XDM9XX-1,2280,0,2350,2160,2210,-70,15253800,33554374000,2328,1761.4,2220,40200,2210,722400,4014694920,4014694920,4014694920,377000,57500,0,0,0
2020-05-19,AKRA,AKR Corporindo Tbk.,XDM9XX-1,2240,0,2380,2250,2280,40,13706600,32145163000,2777,1817.2,2280,92500,2270,12100,4014694920,4014694920,4014694920,1955200,10000,0,0,0
2020-05-18,AKRA,AKR Corporindo Tbk.,XDM9XX-1,2240,0,2300,2170,2240,0,13179800,29834981000,1550,1785.3,2250,27400,2240,80400,4014694920,4014694920,4014694920,393000,141400,0,0,0
2020-05-15,AKRA,AKR Corporindo Tbk.,XDM9XX-1,2250,0,2320,2130,2240,-10,3261300,7262431000,1775,1785.3,2250,4500,2240,53200,4014694920,4014694920,4014694920,1417600,510800,75,168000,1
2020-05-14,AKRA,AKR Corporindo Tbk.,--M9XX-1,2380,0,2430,2230,2250,-130,13242700,31083776000,1813,1793.2,2260,9800,2250,49900,4014694920,4014694920,4014694920,3819800,456500,9240000,21991200000,5
2020-05-13,AKRA,AKR Corporindo Tbk.,--M9XX-1,2460,0,2430,2310,2380,-80,12078600,28797629000,1300,1896.9,2390,60300,2380,364000,4014694920,4014694920,4014694920,593700,313100,0,0,0
2020-05-12,AKRA,AKR Corporindo Tbk.,CDM9XX-1,2520,0,2590,2410,2460,-60,17309800,43827599000,2612,1960.6,2460,94900,2450,3500,4014694920,4014694920,4014694920,441000,415500,5341200,13178436900,4
2020-05-11,AKRA,AKR Corporindo Tbk.,CDM9XX-1,2480,0,2600,2480,2520,40,18659300,46992928000,2021,2008.4,2580,56800,2520,694000,4014694920,4014694920,4014694920,1976400,246200,200000,499400000,1
2020-05-08,AKRA,AKR Corporindo Tbk.,CDM9XX-1,2450,0,2520,2330,2480,30,24175400,59396380000,2880,1976.6,2490,112300,2480,25000,4014694920,4014694920,4014694920,812400,519600,21600,52478100,2
2020-05-06,AKRA,AKR Corporindo Tbk.,--M9XX-1,2340,0,2460,2340,2450,110,24993500,60440476000,3475,1952.6,2450,1102900,2440,63800,4014694920,4014694920,4014694920,1860000,1885300,0,0,0
2020-05-05,AKRA,AKR Corporindo Tbk.,--M9XX-1,2280,0,2400,2300,2340,60,16129400,38102553000,2531,1865.0,2350,16800,2340,134500,4014694920,4014694920,4014694920,2900300,1720300,50000,112000000,1
2020-05-04,AKRA,AKR Corporindo Tbk.,--M9XX-1,2400,0,2350,2240,2280,-120,19949400,45497262000,3198,1817.2,2280,2214700,2250,500,4014694920,4014694920,4014694920,4408400,729000,98,225850,2
2020-04-30,AKRA,AKR Corporindo Tbk.,--M9XX-1,2240,0,2410,2250,2400,160,35483400,83324154000,5797,1912.8,2400,280700,2390,23900,4014694920,4014694920,4014694920,9899100,726300,88,198264,1
2020-04-29,AKRA,AKR Corporindo Tbk.,--M9XX-1,2270,0,2330,2170,2240,-30,21433100,47669123000,3329,1785.3,2240,900,2230,100,4014694920,4014694920,4014694920,2385200,378000,630000,1392300000,1
2020-04-28,AKRA,AKR Corporindo Tbk.,--M9XX-1,2050,0,2370,2050,2270,220,29169400,65210816000,4798,1809.2,2270,272800,2260,35000,4014694920,4014694920,4014694920,1270500,1024200,18,37620,1
2020-04-27,AKRA,AKR Corporindo Tbk.,--M9XX-1,2030,0,2080,1995,2050,20,10860100,22163620500,854,1633.8,2060,16000,2050,1100,4014694920,4014694920,4014694920,1046100,53200,73,148628,1
2020-04-24,AKRA,AKR Corporindo Tbk.,--M9XX-1,2140,0,2200,1995,2030,-110,18824800,39033488000,2356,1617.9,2040,235800,2030,2900,4014694920,4014694920,4014694920,4454300,5407900,1210000,2602780000,2
2020-04-23,AKRA,AKR Corporindo Tbk.,--M9XX-1,2070,0,2250,2050,2140,70,33228000,72121129000,5166,1705.6,2140,161000,2130,80600,4014694920,4014694920,4014694920,5052900,3680800,75300,161863960,4
2020-04-22,AKRA,AKR Corporindo Tbk.,--M9XX-1,1775,0,2070,1695,2070,295,37717400,71702824000,4882,1649.8,2080,243700,2070,2038200,4014694920,4014694920,4014694920,4518800,2675500,50,103000,1
2020-04-21,AKRA,AKR Corporindo Tbk.,--M9XX-1,1865,0,1865,1760,1775,-90,18528900,33515958000,2385,1414.7,1775,20900,1770,25000,4014694920,4014694920,4014694920,566200,3095200,59,106495,1
2020-04-20,AKRA,AKR Corporindo Tbk.,--M9XX-1,1880,0,1915,1830,1865,-15,20178400,38048400500,1559,1486.4,1870,20000,1865,5800,4014694920,4014694920,4014694920,4764400,1807900,0,0,0
2020-04-17,AKRA,AKR Corporindo Tbk.,--M9XX-1,1835,0,1895,1835,1880,45,19060700,35624382000,3118,1498.4,1880,647100,1875,500,4014694920,4014694920,4014694920,5446800,1465400,95,178190,2
2020-04-16,AKRA,AKR Corporindo Tbk.,--M9XX-1,1930,0,1965,1810,1835,-95,11839300,22162111000,2679,1462.5,1835,12800,1825,1000,4014694920,4014694920,4014694920,2577700,1684300,0,0,0
2020-04-15,AKRA,AKR Corporindo Tbk.,--M9XX-1,2060,0,2100,1920,1930,-130,18731300,37891754000,2273,1538.2,1940,15800,1930,52600,4014694920,4014694920,4014694920,1828100,1572800,39900,92568000,1
2020-04-14,AKRA,AKR Corporindo Tbk.,--M9XX-1,2020,0,2090,2000,2060,40,24529400,50144813000,2791,1641.8,2060,397000,2050,118200,4014694920,4014694920,4014694920,7244400,1010300,3500000,7070000000,1
2020-04-13,AKRA,AKR Corporindo Tbk.,--M9XX-1,1970,0,2050,1920,2020,50,25378300,51064596000,2072,1609.9,2040,228600,2020,22700,4014694920,4014694920,4014694920,4372800,5457500,139,278460,2
2020-04-09,AKRA,AKR Corporindo Tbk.,--M9XX-1,2000,0,2050,1890,1970,-30,18382400,35913536500,2564,1570.1,1970,710500,1965,100,4014694920,4014694920,4014694920,4292300,964100,0,0,0
2020-04-08,AKRA,AKR Corporindo Tbk.,--M9XX-1,2150,0,2150,2000,2000,-150,12553900,25449824000,2124,1594.0,2000,2425500,0,0,4014694920,4014694920,4014694920,3512200,1368000,93,199950,1
2020-04-07,AKRA,AKR Corporindo Tbk.,--M9XX-1,2150,0,2320,2070,2150,0,33630500,73797011000,3685,1713.5,2150,365700,2140,76400,4014694920,4014694920,4014694920,6694800,5417300,600009,1219820259,2
2020-04-06,AKRA,AKR Corporindo Tbk.,--M9XX-1,1965,0,2150,1960,2150,185,32776700,68148487500,3435,1713.5,2160,23100,2150,1583000,4014694920,4014694920,4014694920,8349300,1217600,8,16240,1
2020-04-03,AKRA,AKR Corporindo Tbk.,--M9XX-1,1920,0,1985,1910,1965,45,22102400,43377178500,2211,1566.1,1965,7941900,1960,103500,4014694920,4014694920,4014694920,4962700,1923100,72,141552,1
2020-04-02,AKRA,AKR Corporindo Tbk.,--M9XX-1,1930,0,1920,1850,1920,-10,18298200,34510614500,2234,1530.2,1920,1307800,1890,111400,4014694920,4014694920,4014694920,4442000,422000,0,0,0
2020-04-01,AKRA,AKR Corporindo Tbk.,--M9XX-1,1975,0,1975,1895,1930,-45,17696800,34312626000,1443,1538.2,1930,227100,1925,8300,4014694920,4014694920,4014694920,2983900,558000,13158460,25264243280,2
2020-03-31,AKRA,AKR Corporindo Tbk.,--M9XX-1,1920,0,1985,1860,1975,55,9839600,18871743500,1516,1574.1,1975,53800,1905,11600,4014694920,4014694920,4014694920,2822200,1666200,13158466,25264255600,2
2020-03-30,AKRA,AKR Corporindo Tbk.,--M9XX-1,2060,0,2060,1920,1920,-140,3097700,5948595000,507,1530.2,1920,183300,0,0,4014694920,4014694920,4014694920,1494500,681600,21,40320,1
2020-03-27,AKRA,AKR Corporindo Tbk.,--M9XX-1,1900,0,2100,1900,2060,160,8830400,17838552000,1955,1641.8,2060,61000,2040,100,4014694920,4014694920,4014694920,1426200,1694600,2890000,9999400000,1
2020-03-26,AKRA,AKR Corporindo Tbk.,--M9XX-1,1725,0,1900,1660,1900,175,21395600,39276062500,2230,1514.3,1900,131200,1860,800,4014694920,4014694920,4014694920,1638400,2229500,2890000,9999400000,1
2020-03-24,AKRA,AKR Corporindo Tbk.,--M9XX-1,1495,0,1725,1405,1725,230,9873500,16093137500,3054,1374.8,1725,481100,1695,500,4014694920,4014694920,4014694920,1026600,788500,64,96640,1
2020-03-23,AKRA,AKR Corporindo Tbk.,--M9XX-1,1600,0,1590,1490,1495,-105,8650900,12997601000,1148,1191.5,1495,1872700,1490,2000,4014694920,4014694920,4014694920,1662500,19100,0,0,0
2020-03-20,AKRA,AKR Corporindo Tbk.,--M9XX-1,1700,0,1650,1585,1600,-100,16498900,26354489000,2831,1275.2,1600,4207800,1595,92400,4014694920,4014694920,4014694920,2350000,1754900,114592,179567320,3
2020-03-19,AKRA,AKR Corporindo Tbk.,--M9XX-1,1595,0,1700,1485,1700,105,17406800,27266423500,1314,1354.9,1700,2105000,0,0,4014694920,4014694920,4014694920,6665600,986700,0,0,0
2020-03-18,AKRA,AKR Corporindo Tbk.,--M9XX-1,1700,0,1705,1585,1595,-105,16035700,25797702500,2612,1271.2,1595,2852500,1585,1000,4014694920,4014694920,4014694920,1422200,5287100,0,0,0
2020-03-17,AKRA,AKR Corporindo Tbk.,--M9XX-1,1680,0,1705,1565,1700,20,29696000,48085792500,3105,1354.9,1700,4707000,1565,11800,4014694920,4014694920,4014694920,12921300,9166100,0,0,0
2020-03-16,AKRA,AKR Corporindo Tbk.,--M9XX-1,1805,0,1925,1680,1680,-125,16162700,27832441500,3288,1339.0,1680,3446200,0,0,4014694920,4014694920,4014694920,657500,8752500,7500000,15000000000,2
2020-03-13,AKRA,AKR Corporindo Tbk.,--M9XX-1,1850,0,1820,1725,1805,-45,18790200,32884756500,3211,1438.6,1805,21300,1800,28500,4014694920,4014694920,4014694920,3932300,11215300,0,0,0
2020-03-12,AKRA,AKR Corporindo Tbk.,--M9XXO1,2000,1890,1930,1805,1850,-150,6145300,11545278500,2371,1474.4,1850,48200,1840,2200,4014694920,4014694920,4014694920,701400,2548600,1000,1800000,1
2020-03-11,AKRA,AKR Corporindo Tbk.,--M9XXO1,2170,2170,2200,1970,2000,-170,6534400,13295657000,2227,1594.0,2000,37200,1985,100,4014694920,4014694920,4014694920,324200,1695100,230000,500200000,2
2020-03-10,AKRA,AKR Corporindo Tbk.,--M9XXO1,2270,2220,2300,2150,2170,-100,8165100,18035630000,2703,1729.5,2170,19700,2160,72200,4014694920,4014694920,4014694920,1405000,574600,315000,684750000,2
2020-03-09,AKRA,AKR Corporindo Tbk.,--M9XXO1,2430,2210,2380,2120,2270,-160,8659800,19231685000,2228,1809.2,2270,152700,2170,200,4014694920,4014694920,4014694920,2022600,575700,0,0,0
2020-03-06,AKRA,AKR Corporindo Tbk.,--M9XXO1,2540,2530,2530,2420,2430,-110,5043200,12330591000,1990,1936.7,2430,82200,2420,14300,4014694920,4014694920,4014694920,707200,403200,0,0,0
2020-03-05,AKRA,AKR Corporindo Tbk.,--M9XXO1,2540,2570,2650,2530,2540,0,10267400,26300939000,2285,2024.4,2550,15000,2540,94700,4014694920,4014694920,4014694920,161900,1723400,0,0,0
2020-03-04,AKRA,AKR Corporindo Tbk.,--M9XXO1,2550,2530,2620,2460,2540,-10,11182500,28369542000,3726,2024.4,2550,756000,2540,64600,4014694920,4014694920,4014694920,1715200,1195600,108,275160,2
2020-03-03,AKRA,AKR Corporindo Tbk.,--M9XXO1,2550,2630,2640,2530,2550,0,7506900,19285024000,1422,2032.3,2550,56500,2540,10000,4014694920,4014694920,4014694920,1311500,889600,5091,13484689,2
2020-03-02,AKRA,AKR Corporindo Tbk.,--S9XXO1,2650,2620,2680,2510,2550,-100,4207300,10868514000,2249,2032.3,2550,64900,2530,2300,4014694920,4014694920,4014694920,527300,116200,0,0,0
2020-02-28,AKRA,AKR Corporindo Tbk.,--S9XXO1,2750,2670,2670,2390,2650,-100,5628100,14606382000,1850,2112.0,2650,73000,2630,39800,4014694920,4014694920,4014694920,868000,1574300,9,22860,1
2020-02-27,AKRA,AKR Corporindo Tbk.,--S9XXO1,2890,2840,2860,2680,2750,-140,6914300,18987282000,2510,2191.7,2750,154000,2720,20100,4014694920,4014694920,4014694920,2791800,679400,23,62790,1
2020-02-26,AKRA,AKR Corporindo Tbk.,--S9XXO1,2970,2920,2960,2850,2890,-80,5193400,15073080000,1438,2303.3,2890,58800,2870,7900,4014694920,4014694920,4014694920,288000,178200,2302046,3684594320,3
2020-02-25,AKRA,AKR Corporindo Tbk.,--S9XXO1,2990,2940,2990,2920,2970,-20,2812200,8326870000,1231,2367.1,2970,788400,2960,15800,4014694920,4014694920,4014694920,1254500,1578000,23,67850,1
2020-02-24,AKRA,AKR Corporindo Tbk.,--S9XXO1,3050,2920,3010,2920,2990,-60,5936800,17609236000,1687,2383.0,2990,807500,2950,22300,4014694920,4014694920,4014694920,2103000,661500,3370000,12334200000,1
2020-02-21,AKRA,AKR Corporindo Tbk.,--S9XXO1,3060,3080,3080,2970,3050,-10,5227800,15822668000,1439,2430.8,3050,906200,3000,4700,4014694920,4014694920,4014694920,880200,242000,23,69690,1
2020-02-20,AKRA,AKR Corporindo Tbk.,--S9XXO1,3040,3060,3110,3040,3060,20,10880900,33415710000,1217,2438.8,3060,654700,3050,11900,4014694920,4014694920,4014694920,2178800,672400,0,0,0
2020-02-19,AKRA,AKR Corporindo Tbk.,--S9XXO1,3100,3100,3110,3000,3040,-60,9008300,27649054000,1970,2422.9,3040,131700,3030,36800,4014694920,4014694920,4014694920,677300,71900,2960400,8955210000,1
2020-02-18,AKRA,AKR Corporindo Tbk.,--S9XXO1,3070,3060,3130,3040,3100,30,11141500,34509227000,1596,2470.7,3100,1251600,3090,90300,4014694920,4014694920,4014694920,1338200,393000,0,0,0
2020-02-17,AKRA,AKR Corporindo Tbk.,--S9XXO1,3040,3040,3070,3000,3070,30,2205600,6687393000,889,2446.8,3070,260300,3020,55600,4014694920,4014694920,4014694920,482200,73800,0,0,0
2020-02-14,AKRA,AKR Corporindo Tbk.,--S9XXO1,3050,3030,3050,2940,3040,-10,4716400,14170069000,1301,2422.9,3040,974900,3020,2000,4014694920,4014694920,4014694920,514200,164800,0,0,0
2020-02-13,AKRA,AKR Corporindo Tbk.,--S9XXO1,3120,3120,3120,3020,3050,-70,2385500,7320949000,1060,2430.8,3060,82300,3050,400,4014694920,4014694920,4014694920,370500,4200,47304,147582580,3
2020-02-12,AKRA,AKR Corporindo Tbk.,--S9XXO1,3250,3250,3250,3080,3120,-130,12619400,39957740000,2504,2486.6,3120,119100,3110,26500,4014694920,4014694920,4014694920,4129500,288000,0,0,0
2020-02-11,AKRA,AKR Corporindo Tbk.,--S9XXO1,3290,3320,3320,3220,3250,-40,11223300,36433419000,1155,2590.2,3260,17600,3250,13700,4014694920,4014694920,4014694920,1060500,1160700,0,0,0
2020-02-10,AKRA,AKR Corporindo Tbk.,--S9XXO1,3400,3350,3360,3220,3290,-110,14475300,47446599000,2466,2622.1,3290,23600,3280,6200,4014694920,4014694920,4014694920,1902900,115000,23,74750,1
2020-02-07,AKRA,AKR Corporindo Tbk.,--S9XXO1,3310,3310,3430,3280,3400,90,14479900,48611631000,2673,2709.8,3400,80700,3390,69000,4014694920,4014694920,4014694920,1145200,170800,0,0,0
2020-02-06,AKRA,AKR Corporindo Tbk.,--S9XXO1,3230,3210,3310,3210,3310,80,13999200,45837096000,1459,2638.1,3320,100200,3310,200,4014694920,4014694920,4014694920,902600,1039200,565000,1831200000,14
2020-02-05,AKRA,AKR Corporindo Tbk.,--S9XXO1,3200,3230,3250,3170,3230,30,15749800,50567671000,1962,2574.3,3230,922700,3200,45300,4014694920,4014694920,4014694920,1274400,435900,50400,161280000,1
2020-02-04,AKRA,AKR Corporindo Tbk.,--S9XXO1,3160,3220,3250,3150,3200,40,16155000,51379915000,2274,2550.4,3200,470300,3190,100,4014694920,4014694920,4014694920,2697700,131000,95000,229900000,3
2020-02-03,AKRA,AKR Corporindo Tbk.,--S9XXO1,3310,3290,3290,3150,3160,-150,12260900,39389983000,2695,2518.5,3170,42100,3160,57400,4014694920,4014694920,4014694920,1284700,195700,23,74980,1
2020-01-31,AKRA,AKR Corporindo Tbk.,--S9XXO1,3340,3340,3380,3310,3310,-30,16638500,55728712000,1328,2638.1,3310,1040800,3300,194500,4014694920,4014694920,4014694920,1199800,115500,54,178740,2
2020-01-30,AKRA,AKR Corporindo Tbk.,--S9XXO1,3400,3400,3430,3320,3340,-60,12981300,43866270000,1439,2662.0,3350,96600,3340,23800,4014694920,4014694920,4014694920,997900,358300,9537000,32998020000,3
2020-01-29,AKRA,AKR Corporindo Tbk.,--S9XXO1,3460,3480,3480,3360,3400,-60,7961500,27134215000,1772,2709.8,3410,1400,3400,1046600,4014694920,4014694920,4014694920,871700,86100,17440000,67096810000,2
2020-01-28,AKRA,AKR Corporindo Tbk.,--S9XXO1,3420,3400,3500,3250,3460,40,13782300,46528567000,2256,2757.6,3460,26200,3450,28800,4014694920,4014694920,4014694920,772000,46200,0,0,0
2020-01-27,AKRA,AKR Corporindo Tbk.,--S9XXO1,3490,3490,3500,3410,3420,-70,8637400,29675714000,1974,2725.7,3420,366600,3410,40500,4014694920,4014694920,4014694920,258500,344200,65255,221717750,3
2020-01-24,AKRA,AKR Corporindo Tbk.,--S9XXO1,3380,3390,3540,3390,3490,110,17967600,61991121000,2688,2781.5,3490,289700,3480,91900,4014694920,4014694920,4014694920,3101400,264300,550000,1896500000,5
2020-01-23,AKRA,AKR Corporindo Tbk.,--S9XXO1,3390,3400,3410,3370,3380,-10,9104500,30816511000,840,2693.8,3390,400,3380,611200,4014694920,4014694920,4014694920,1102900,899400,56300,191296000,5
2020-01-22,AKRA,AKR Corporindo Tbk.,--S9XXO1,3370,3370,3440,3360,3390,20,15113500,51172864000,1790,2701.8,3400,222500,3390,618800,4014694920,4014694920,4014694920,2405500,588500,650000,2214500000,2
2020-01-21,AKRA,AKR Corporindo Tbk.,--S9XXO1,3400,3420,3420,3360,3370,-30,6713700,22695741000,1115,2685.9,3370,240700,3360,138900,4014694920,4014694920,4014694920,980800,945100,72400,249780000,1
2020-01-20,AKRA,AKR Corporindo Tbk.,--S9XXO1,3430,3430,3460,3370,3400,-30,14499600,49433153000,1566,2709.8,3410,6000,3400,3400,4014694920,4014694920,4014694920,692600,748100,16,54880,1
2020-01-17,AKRA,AKR Corporindo Tbk.,--S9XXO1,3470,3490,3520,3430,3430,-40,13033700,44979322000,1863,2733.7,3440,10200,3430,203100,4014694920,4014694920,4014694920,266300,690700,157,541730,3
2020-01-16,AKRA,AKR Corporindo Tbk.,--S9XXO1,3500,3500,3520,3450,3470,-30,18129000,63357040000,1790,2765.6,3490,5700,3470,140400,4014694920,4014694920,4014694920,746200,375700,5000000,17500000000,1
2020-01-15,AKRA,AKR Corporindo Tbk.,--S9XXO1,3540,3540,3620,3450,3500,-40,16968900,60119526000,3371,2789.5,3500,10200,3490,5700,4014694920,4014694920,4014694920,5042000,872700,0,0,0
2020-01-14,AKRA,AKR Corporindo Tbk.,--S9XXO1,3600,3600,3620,3520,3540,-60,9316500,33202865000,2062,2821.4,3550,2500,3540,25100,4014694920,4014694920,4014694920,2720000,1455100,0,0,0
2020-01-13,AKRA,AKR Corporindo Tbk.,--S9XXO1,3610,3620,3620,3570,3600,-10,13598600,48820457000,1593,2869.2,3600,50500,3590,7500,4014694920,4014694920,4014694920,145500,219100,2334500,8374652700,3
2020-01-10,AKRA,AKR Corporindo Tbk.,--S9XXO1,3600,3620,3650,3600,3610,10,7654800,27719818000,1909,2877.2,3610,88800,3600,32100,4014694920,4014694920,4014694920,1569000,291800,74,267140,1
2020-01-09,AKRA,AKR Corporindo Tbk.,--S9XXO1,3560,3580,3630,3570,3600,40,11330200,40864192000,2076,2869.2,3610,158700,3600,59300,4014694920,4014694920,4014694920,4210300,1402700,104,374400,2
2020-01-08,AKRA,AKR Corporindo Tbk.,--S9XXO1,3530,3500,3580,3490,3560,30,13627700,48444852000,2154,2837.3,3560,1072800,3550,9300,4014694920,4014694920,4014694920,6185500,749700,2065,7289515,3
2020-01-07,AKRA,AKR Corporindo Tbk.,--S9XXO1,3640,3690,3700,3490,3530,-110,17326000,61307850000,3127,2813.4,3530,22200,3520,13800,4014694920,4014694920,4014694920,6254500,1201800,0,0,0
2020-01-06,AKRA,AKR Corporindo Tbk.,--S9XXO1,3790,3790,3790,3640,3640,-150,12554400,46342468000,2213,2901.1,3640,247000,3630,43000,4014694920,4014694920,4014694920,1888700,794700,0,0,0
2020-01-03,AKRA,AKR Corporindo Tbk.,--S9XXO1,3900,3900,3930,3780,3790,-110,7915400,30669651000,1647,3020.6,3800,1000,3790,61100,4014694920,4014694920,4014694920,484000,660300,0,0,0
2020-01-02,AKRA,AKR Corporindo Tbk.,--S9XXO1,3950,3950,3990,3850,3900,-50,10907300,42598817000,1763,3108.3,3910,22600,3900,3600,4014694920,4014694920,4014694920,854100,719700,82,319870,2
