Date,Ticker,Name,Remarks,Previous,Open,High,Low,Close,Change,Volume,Value,Frequency,IndexIndividual,Offer,OfferVolume,Bid,BidVolume,ListedShares,TradebleShares,WeightForIndex,ForeignSell,ForeignBuy,NonRegularVolume,NonRegularValue,NonRegularFrequency
2026-03-09,ATIC,Anabatic Technologies Tbk.,--UO2135000000I121------------,560,560,560,505,520,-40,238700,121848500,90,74.3,520,2200,510,100000,2315361355,2315361355,248438273,2600,0,0,0,0
2026-03-06,ATIC,Anabatic Technologies Tbk.,--UO2135000000I121------------,565,0,575,505,560,-5,185100,99489500,45,80.0,560,800,545,10500,2315361355,2315361355,248438273,23300,49700,0,0,0
2026-03-05,ATIC,Anabatic Technologies Tbk.,--UO2135000000I121------------,555,0,605,555,565,10,61200,35032000,64,80.7,575,85000,565,11600,2315361355,2315361355,248438273,4300,0,0,0,0
2026-03-04,ATIC,Anabatic Technologies Tbk.,--UO2135000000I121------------,580,0,600,550,555,-25,266200,151453000,101,79.3,560,500,555,11200,2315361355,2315361355,248438273,76400,1300,0,0,0
2026-03-03,ATIC,Anabatic Technologies Tbk.,--UO2135000000I121------------,595,595,600,565,580,-15,200300,115994000,98,82.9,580,11800,575,400,2315361355,2315361355,248438273,16100,0,0,0,0
2026-03-02,ATIC,Anabatic Technologies Tbk.,--UO2135000000I121------------,600,585,600,565,595,-5,345200,199450000,136,85.0,595,17100,590,4000,2315361355,2315361355,248438273,5800,10500,0,0,0
2026-02-27,ATIC,Anabatic Technologies Tbk.,--UO2135000000I121------------,590,590,630,580,600,10,287200,170689000,183,85.7,615,900,600,23400,2315361355,2315361355,248438273,1500,0,0,0,0
2026-02-26,ATIC,Anabatic Technologies Tbk.,--UO2135000000I121------------,615,0,615,590,590,-25,316300,190209000,144,84.3,590,72200,585,107700,2315361355,2315361355,248438273,18900,0,0,0,0
2026-02-25,ATIC,Anabatic Technologies Tbk.,--UO2135000000I121------------,620,0,625,600,615,-5,266500,161327500,133,87.9,615,17300,605,10000,2315361355,2315361355,248438273,1400,100,0,0,0
2026-02-24,ATIC,Anabatic Technologies Tbk.,--UO2135000000I121------------,625,625,640,610,620,-5,211500,131330500,193,88.6,620,5200,610,100400,2315361355,2315361355,248438273,38400,0,0,0,0
2026-02-23,ATIC,Anabatic Technologies Tbk.,--UO2135000000I121------------,630,635,640,620,625,-5,814700,510515000,310,89.3,625,600,620,18600,2315361355,2315361355,248438273,28700,50100,0,0,0
2026-02-20,ATIC,Anabatic Technologies Tbk.,--UO2135000000I121------------,645,0,660,625,630,-15,188800,119699500,100,90.0,635,1000,630,9400,2315361355,2315361355,248438273,900,0,0,0,0
2026-02-19,ATIC,Anabatic Technologies Tbk.,--UO2135000000I121------------,640,640,660,630,645,5,357400,229193500,133,92.1,645,21400,635,18700,2315361355,2315361355,248438273,29500,42300,0,0,0
2026-02-18,ATIC,Anabatic Technologies Tbk.,--UO2135000000I121------------,650,650,655,640,640,-10,443900,287813500,150,91.4,640,17800,635,12900,2315361355,2315361355,248438273,29700,203000,0,0,0
2026-02-13,ATIC,Anabatic Technologies Tbk.,--UO2135000000I121------------,650,650,670,630,650,0,282800,184591500,132,92.9,650,140000,645,200,2315361355,2315361355,248438273,20400,0,0,0,0
2026-02-12,ATIC,Anabatic Technologies Tbk.,--UO2135000000I121------------,645,690,695,650,650,5,1084500,724336000,355,92.9,660,100,650,17100,2315361355,2315361355,248438273,170100,63700,0,0,0
2026-02-11,ATIC,Anabatic Technologies Tbk.,--UO2135000000I121------------,635,650,750,645,645,10,3453400,2377213000,1063,92.1,655,5900,645,34100,2315361355,2315361355,248438273,481300,121300,0,0,0
2026-02-10,ATIC,Anabatic Technologies Tbk.,--UO2135000000I121------------,590,590,640,590,635,45,189100,115818000,168,90.7,635,103600,630,1800,2315361355,2315361355,248438273,27200,14900,0,0,0
2026-02-09,ATIC,Anabatic Technologies Tbk.,--UO2135000000I121------------,580,580,595,570,590,10,25200,14512000,44,84.3,590,1400,585,500,2315361355,2315361355,248438273,3100,0,0,0,0
2026-02-06,ATIC,Anabatic Technologies Tbk.,--UO2135000000I121------------,600,600,610,570,580,-20,110500,64397500,97,82.9,580,6500,575,1100,2315361355,2315361355,248438273,2300,0,0,0,0
2026-02-05,ATIC,Anabatic Technologies Tbk.,--UO2135000000I121------------,610,610,625,600,600,-10,621500,375863000,113,85.7,610,6100,600,5300,2315361355,2315361355,248438273,4600,114400,0,0,0
2026-02-04,ATIC,Anabatic Technologies Tbk.,--UO2135000000I121------------,585,0,650,585,610,25,294700,186086000,111,87.1,615,8000,610,1500,2315361355,2315361355,248438273,2700,29500,0,0,0
2026-02-03,ATIC,Anabatic Technologies Tbk.,--UO2130000000I121------------,560,560,615,550,585,25,152500,85930500,84,83.6,610,400,585,1200,2315361355,2315361355,248438273,3000,0,0,0,0
2026-02-02,ATIC,Anabatic Technologies Tbk.,--UO2130000000I121------------,625,625,625,540,560,-65,337600,190880000,130,80.0,560,10700,555,35100,2315361355,2315361355,248438273,12900,110000,0,0,0
2026-01-30,ATIC,Anabatic Technologies Tbk.,--UO2130000000I121------------,600,0,665,595,625,25,225100,139385000,157,89.3,625,10800,600,70700,2315361355,2315361355,248438273,6700,200,0,0,0
2026-01-29,ATIC,Anabatic Technologies Tbk.,--UO2130000000I121------------,600,595,645,510,600,0,1426700,775334500,358,85.7,600,19400,585,6000,2315361355,2315361355,248438273,4100,86100,0,0,0
2026-01-28,ATIC,Anabatic Technologies Tbk.,--UO2130000000I121------------,650,650,650,590,600,-50,808900,494742000,309,85.7,600,3400,595,40000,2315361355,2315361355,248438273,3300,38900,0,0,0
2026-01-27,ATIC,Anabatic Technologies Tbk.,--UO2130000000I121------------,685,0,675,630,650,-35,897000,586229500,264,92.9,650,14100,645,33700,2315361355,2315361355,248438273,50700,0,0,0,0
2026-01-26,ATIC,Anabatic Technologies Tbk.,--UO2130000000I121------------,675,690,700,670,685,10,201300,137486500,140,97.9,690,10100,685,1400,2315361355,2315361355,248438273,18100,0,0,0,0
2026-01-23,ATIC,Anabatic Technologies Tbk.,--UO2130000000I121------------,695,0,720,650,675,-20,559100,382938000,228,96.4,680,1000,675,2100,2315361355,2315361355,248438273,31500,40800,0,0,0
2026-01-22,ATIC,Anabatic Technologies Tbk.,--UO2130000000I121------------,695,730,730,690,695,0,334700,235462500,201,99.3,700,3600,695,83300,2315361355,2315361355,248438273,23700,0,0,0,0
2026-01-21,ATIC,Anabatic Technologies Tbk.,--UO2130000000I121------------,710,710,720,680,695,-15,524500,364362500,278,99.3,705,4200,690,9200,2315361355,2315361355,248438273,59100,17400,0,0,0
2026-01-20,ATIC,Anabatic Technologies Tbk.,--UO2130000000I121------------,710,710,730,700,710,0,339700,241798000,214,101.4,710,9200,705,31800,2315361355,2315361355,248438273,16200,0,0,0,0
2026-01-19,ATIC,Anabatic Technologies Tbk.,--UO2130000000I121------------,710,720,735,700,710,0,515800,368556000,292,101.4,710,15100,705,15100,2315361355,2315361355,248438273,32600,200,0,0,0
2026-01-15,ATIC,Anabatic Technologies Tbk.,--UO2130000000I121------------,720,720,745,700,710,-10,450900,320025500,232,101.4,710,8700,700,1600,2315361355,2315361355,248438273,19000,0,0,0,0
2026-01-14,ATIC,Anabatic Technologies Tbk.,--UO2130000000I121------------,680,685,750,680,720,40,946800,687526000,560,102.9,720,3800,715,100,2315361355,2315361355,248438273,78500,40800,0,0,0
2026-01-13,ATIC,Anabatic Technologies Tbk.,--UO2130000000I121------------,700,0,720,680,680,-20,769100,533855000,324,97.1,700,28700,680,22100,2315361355,2315361355,248438273,300,119300,0,0,0
2026-01-12,ATIC,Anabatic Technologies Tbk.,--UO2130000000I121------------,710,695,710,675,700,-10,662000,458768000,318,100.0,700,30600,685,3000,2315361355,2315361355,248438273,171900,154300,0,0,0
2026-01-09,ATIC,Anabatic Technologies Tbk.,--UO2130000000I121------------,710,700,715,680,710,0,838000,581733000,362,101.4,710,16000,700,400,2315361355,2315361355,248438273,19200,98500,0,0,0
2026-01-08,ATIC,Anabatic Technologies Tbk.,--UO2130000000I121------------,750,750,775,705,710,-40,1640500,1213811000,693,101.4,710,5700,705,24600,2315361355,2315361355,248438273,332800,148100,0,0,0
2026-01-07,ATIC,Anabatic Technologies Tbk.,--UO2130000000I121------------,670,695,755,665,750,80,2515900,1790733500,790,107.1,750,33800,745,900,2315361355,2315361355,248438273,45200,221100,0,0,0
2026-01-06,ATIC,Anabatic Technologies Tbk.,--UO2130000000I121------------,690,690,690,650,670,-20,954600,635619000,377,95.7,670,18200,665,50000,2315361355,2315361355,248438273,60800,2200,0,0,0
2026-01-05,ATIC,Anabatic Technologies Tbk.,--UO2130000000I121------------,645,645,690,630,690,45,1214100,792058500,504,98.6,690,12600,685,10000,2315361355,2315361355,248438273,8000,269500,0,0,0
2026-01-02,ATIC,Anabatic Technologies Tbk.,--UO2130000000I121------------,645,650,665,635,645,0,496700,321600000,256,92.1,655,13200,645,6000,2315361355,2315361355,248438273,24000,57400,0,0,0
2025-12-30,ATIC,Anabatic Technologies Tbk.,--UO2130000000I121------------,640,640,655,630,645,5,163200,104410000,169,92.1,645,27100,635,23800,2315361355,2315361355,248438273,5800,35500,0,0,0
2025-12-29,ATIC,Anabatic Technologies Tbk.,--UO2130000000I121------------,635,635,655,620,640,5,412400,264706000,316,91.4,650,1000,640,20900,2315361355,2315361355,248438273,5000,0,0,0,0
2025-12-24,ATIC,Anabatic Technologies Tbk.,--UO2130000000I121------------,660,660,665,615,635,-25,351700,222193500,264,90.7,645,31400,630,33500,2315361355,2315361355,248438273,54800,0,0,0,0
2025-12-23,ATIC,Anabatic Technologies Tbk.,--UO2130000000I121------------,665,700,700,650,660,-5,235700,155782500,117,94.3,660,38000,655,59700,2315361355,2315361355,248438273,99800,0,0,0,0
2025-12-22,ATIC,Anabatic Technologies Tbk.,--UO2130000000I121------------,655,675,680,655,665,10,328200,218285000,178,95.0,665,6400,660,52700,2315361355,2315361355,248438273,5100,22600,0,0,0
2025-12-19,ATIC,Anabatic Technologies Tbk.,--UO2130000000I121------------,695,700,705,645,655,-40,1029000,683582500,344,93.6,655,100,650,54900,2315361355,2315361355,248438273,17800,16100,0,0,0
2025-12-18,ATIC,Anabatic Technologies Tbk.,--UO2130000000I121------------,715,735,735,680,695,-20,1373000,962608000,518,99.3,695,1100,690,119600,2315361355,2315361355,248438273,296100,53700,0,0,0
2025-12-17,ATIC,Anabatic Technologies Tbk.,--UO2130000000I121------------,675,685,750,675,715,40,2669800,1885393500,1080,102.1,715,151500,710,1900,2315361355,2315361355,248438273,307100,14500,0,0,0
2025-12-16,ATIC,Anabatic Technologies Tbk.,--UO2130000000I121------------,650,660,685,640,675,25,1461700,979024500,531,96.4,680,182000,670,218800,2315361355,2315361355,248438273,214100,0,0,0,0
2025-12-15,ATIC,Anabatic Technologies Tbk.,--UO2130000000I121------------,645,650,655,620,650,5,737100,469865500,292,92.9,650,4300,640,27900,2315361355,2315361355,248438273,72000,147500,0,0,0
2025-12-12,ATIC,Anabatic Technologies Tbk.,--UO2130000000I121------------,665,680,705,645,645,-20,1210900,813216000,609,92.1,655,100,645,3600,2315361355,2315361355,248438273,126200,22200,0,0,0
2025-12-11,ATIC,Anabatic Technologies Tbk.,--UO2130000000I121------------,630,640,710,640,665,35,3019600,2025215500,1336,95.0,665,42400,660,4300,2315361355,2315361355,248438273,42300,122200,0,0,0
2025-12-10,ATIC,Anabatic Technologies Tbk.,--UO2130000000I121------------,620,625,650,615,630,10,2031500,1273201000,344,90.0,630,3900,625,20300,2315361355,2315361355,248438273,32800,75700,0,0,0
2025-12-09,ATIC,Anabatic Technologies Tbk.,--UO2130000000I121------------,610,0,635,605,620,10,468800,287897500,247,88.6,625,15500,620,2800,2315361355,2315361355,248438273,22500,14800,0,0,0
2025-12-08,ATIC,Anabatic Technologies Tbk.,--UO2130000000I121------------,610,615,620,605,610,0,531900,323929500,286,87.1,610,15700,605,11600,2315361355,2315361355,248438273,17400,27000,0,0,0
2025-12-05,ATIC,Anabatic Technologies Tbk.,--UO2130000000I121------------,610,625,625,605,610,0,528900,325187500,187,87.1,615,28900,610,25100,2315361355,2315361355,248438273,14000,24200,0,0,0
2025-12-04,ATIC,Anabatic Technologies Tbk.,--UO2130000000I121------------,635,635,650,585,610,-25,1404300,860010500,530,87.1,615,200,610,26600,2315361355,2315361355,248438273,23900,157300,0,0,0
2025-12-03,ATIC,Anabatic Technologies Tbk.,--UO2130000000I121------------,630,655,670,610,635,5,676100,433178000,393,90.7,635,600,630,10600,2315361355,2315361355,248438273,66000,16000,0,0,0
2025-12-02,ATIC,Anabatic Technologies Tbk.,--UO2130000000I121------------,650,650,660,595,630,-20,591200,370237000,399,90.0,630,5300,625,2100,2315361355,2315361355,248438273,63200,88100,0,0,0
2025-12-01,ATIC,Anabatic Technologies Tbk.,--UO2130000000I121------------,705,715,725,600,650,-55,4424400,2786255500,1398,92.9,650,1800,645,500,2315361355,2315361355,248438273,303000,303400,0,0,0
2025-11-28,ATIC,Anabatic Technologies Tbk.,--UO2130000000I121------------,700,735,750,690,705,5,261800,185942000,230,100.7,710,108800,705,15900,2315361355,2315361355,248438273,73600,12700,0,0,0
2025-11-27,ATIC,Anabatic Technologies Tbk.,--UO2130000000I121------------,740,760,770,695,700,-40,780400,567177500,353,100.0,700,400,695,7100,2315361355,2315361355,248438273,180500,54900,0,0,0
2025-11-26,ATIC,Anabatic Technologies Tbk.,--UO2130000000I121------------,715,725,745,685,740,25,901500,639316000,429,105.7,745,14300,740,91700,2315361355,2315361355,248438273,120400,142800,0,0,0
2025-11-25,ATIC,Anabatic Technologies Tbk.,--UO2130000000I121------------,730,730,735,695,715,-15,608700,431621500,297,102.1,730,500,715,10000,2315361355,2315361355,248438273,59400,137500,0,0,0
2025-11-24,ATIC,Anabatic Technologies Tbk.,--UO2130000000I121------------,710,700,815,665,730,20,4137500,3118689000,1953,104.3,735,1200,730,10000,2315361355,2315361355,248438273,193100,267900,0,0,0
2025-11-22,ATIC,Anabatic Technologies Tbk.,--UO2135000000I121------------,560,560,560,505,520,-40,238700,121848500,90,74.3,520,2200,510,100000,2315361355,2315361355,248438273,2600,0,0,0,0
2025-11-21,ATIC,Anabatic Technologies Tbk.,--UO2130000000I121------------,620,615,715,610,710,90,2058200,1383592500,802,101.4,710,39000,700,100,2315361355,2315361355,248438273,153500,2200,0,0,0
2025-11-20,ATIC,Anabatic Technologies Tbk.,--UO2130000000I121------------,635,630,630,605,620,-15,417900,256657500,248,88.6,620,17800,615,2000,2315361355,2315361355,248438273,2800,9100,0,0,0
2025-11-19,ATIC,Anabatic Technologies Tbk.,--UO2130000000I121------------,645,0,650,600,635,-10,1022200,631383000,322,90.7,635,57700,630,43800,2315361355,2315361355,248438273,5300,2900,0,0,0
2025-11-18,ATIC,Anabatic Technologies Tbk.,--UO2130000000I121------------,645,645,665,630,645,0,282000,180079000,216,92.1,645,39000,630,20400,2315361355,2315361355,248438273,3300,13900,0,0,0
2025-11-17,ATIC,Anabatic Technologies Tbk.,--UO2130000000I121------------,660,660,670,630,645,-15,836100,537726500,407,92.1,645,3800,640,200,2315361355,2315361355,248438273,18200,6100,0,0,0
2025-11-14,ATIC,Anabatic Technologies Tbk.,--UO2130000000I121------------,675,670,670,635,660,-15,641500,414695000,396,94.3,660,33400,655,8000,2315361355,2315361355,248438273,17600,9700,0,0,0
2025-11-13,ATIC,Anabatic Technologies Tbk.,--UO2130000000I121------------,660,665,705,640,675,15,1647400,1089692000,649,96.4,675,13100,670,200,2315361355,2315361355,248438273,4700,11100,0,0,0
2025-11-12,ATIC,Anabatic Technologies Tbk.,--UO2130000000I121------------,705,700,705,635,660,-45,2332300,1556027500,729,94.3,665,100,660,6500,2315361355,2315361355,248438273,3100,164900,0,0,0
2025-11-11,ATIC,Anabatic Technologies Tbk.,--UO2130000000I121------------,725,720,720,685,705,-20,1297100,905339000,681,100.7,710,19700,705,21500,2315361355,2315361355,248438273,1400,106300,0,0,0
2025-11-10,ATIC,Anabatic Technologies Tbk.,--UO2130000000I121------------,720,760,780,695,725,5,3253400,2346720000,1337,103.6,725,34500,715,1900,2315361355,2315361355,248438273,82300,55500,0,0,0
2025-11-07,ATIC,Anabatic Technologies Tbk.,--UO2130000000I121------------,700,700,830,615,720,20,7239200,5230450500,3719,102.9,720,66800,715,3000,2315361355,2315361355,248438273,554100,364600,0,0,0
2025-11-06,ATIC,Anabatic Technologies Tbk.,--UO2130000000I121------------,820,825,835,700,700,-120,3571400,2551239000,2017,100.0,700,382700,0,0,2315361355,2315361355,248438273,31900,419300,0,0,0
2025-11-05,ATIC,Anabatic Technologies Tbk.,--UO2130000000I121------------,780,790,935,790,820,40,17194700,14596102500,6086,117.1,825,80000,820,279000,2315361355,2315361355,248438273,746500,669200,0,0,0
2025-11-04,ATIC,Anabatic Technologies Tbk.,--UO2130000000I121------------,625,690,780,660,780,155,12071100,9137926500,3933,111.4,0,0,780,308200,2315361355,2315361355,248438273,725300,491900,0,0,0
2025-11-03,ATIC,Anabatic Technologies Tbk.,--UO2130000000I121------------,500,490,625,464,625,125,8696100,5149382300,2252,89.3,0,0,625,215500,2315361355,2315361355,248438273,646100,626600,0,0,0
2025-10-31,ATIC,Anabatic Technologies Tbk.,--UO2130000000I121------------,438,464,545,462,500,62,6898200,3546741900,2613,71.4,505,4800,500,1500,2315361355,2315361355,248438273,419900,368800,0,0,0
2025-10-30,ATIC,Anabatic Technologies Tbk.,--UO2130000000I121------------,432,0,440,432,438,6,134900,59003600,50,62.6,440,94200,438,16300,2315361355,2315361355,248438273,0,1600,0,0,0
2025-10-29,ATIC,Anabatic Technologies Tbk.,--UO2130000000I121------------,434,440,444,430,432,-2,267900,117134600,80,61.7,436,15300,432,26400,2315361355,2315361355,248438273,700,20300,0,0,0
2025-10-28,ATIC,Anabatic Technologies Tbk.,--UO2130000000I121------------,428,432,440,426,434,6,228200,98727600,77,62.0,440,47900,434,638200,2315361355,2315361355,248438273,0,3100,0,0,0
2025-10-27,ATIC,Anabatic Technologies Tbk.,--UO2130000000I121------------,438,438,440,412,428,-10,354800,151284800,98,61.1,432,600,428,1900,2315361355,2315361355,248438273,22300,45400,0,0,0
2025-10-24,ATIC,Anabatic Technologies Tbk.,--UO2130000000I121------------,434,0,440,432,438,4,353000,152981200,43,62.6,438,241300,434,100500,2315361355,2315361355,248438273,0,3300,0,0,0
2025-10-23,ATIC,Anabatic Technologies Tbk.,--UO2130000000I121------------,434,434,440,428,434,0,342400,148389200,75,62.0,436,38700,434,53000,2315361355,2315361355,248438273,1800,0,0,0,0
2025-10-22,ATIC,Anabatic Technologies Tbk.,--UO2130000000I121------------,426,0,436,422,434,8,136000,58151400,59,62.0,434,1900,428,6200,2315361355,2315361355,248438273,0,1300,0,0,0
2025-10-21,ATIC,Anabatic Technologies Tbk.,--UO2130000000I121------------,420,0,430,420,426,6,140400,59543400,54,60.9,426,108800,424,60800,2315361355,2315361355,248438273,0,4100,0,0,0
2025-10-20,ATIC,Anabatic Technologies Tbk.,--UO2130000000I121------------,420,420,426,418,420,0,247000,103774000,73,60.0,428,900,420,62600,2315361355,2315361355,248438273,0,11900,0,0,0
2025-10-17,ATIC,Anabatic Technologies Tbk.,--UO2130000000I121------------,430,0,432,420,420,-10,350900,148810200,103,60.0,424,13700,420,102200,2315361355,2315361355,248438273,10000,700,0,0,0
2025-10-16,ATIC,Anabatic Technologies Tbk.,--UO2130000000I121------------,434,440,440,420,430,-4,328500,139483800,128,61.4,432,5500,430,10600,2315361355,2315361355,248438273,112200,1700,0,0,0
2025-10-15,ATIC,Anabatic Technologies Tbk.,--UO2130000000I121------------,430,430,436,422,434,4,696300,297678200,80,62.0,434,26300,428,8400,2315361355,2315361355,248438273,500,0,0,0,0
2025-10-14,ATIC,Anabatic Technologies Tbk.,--UO2130000000I121------------,440,440,440,426,430,-10,347000,150115000,113,61.4,434,69800,430,14100,2315361355,2315361355,248438273,0,2000,0,0,0
2025-10-13,ATIC,Anabatic Technologies Tbk.,--UO2130000000I121------------,438,438,440,432,440,2,325400,141830600,93,62.9,440,42800,436,13300,2315361355,2315361355,248438273,1200,57000,0,0,0
2025-10-10,ATIC,Anabatic Technologies Tbk.,--UO2130000000I121------------,436,0,444,426,438,2,734200,319607400,75,62.6,440,114800,438,4800,2315361355,2315361355,248438273,32100,112200,0,0,0
2025-10-09,ATIC,Anabatic Technologies Tbk.,--UO2130000000I121------------,432,434,438,428,436,4,170000,73792800,73,62.3,438,35900,436,15700,2315361355,2315361355,248438273,2400,31400,0,0,0
2025-10-08,ATIC,Anabatic Technologies Tbk.,--UO2130000000I121------------,428,430,438,424,432,4,463900,199813600,96,61.7,432,9500,428,11500,2315361355,2315361355,248438273,32100,3200,0,0,0
2025-10-07,ATIC,Anabatic Technologies Tbk.,--UO2130000000I121------------,432,432,442,428,428,-4,410000,178063000,97,61.1,434,900,428,118400,2315361355,2315361355,248438273,300,0,0,0,0
2025-10-06,ATIC,Anabatic Technologies Tbk.,--UO2130000000I121------------,432,432,436,428,432,0,342900,147768000,71,61.7,434,6200,432,38500,2315361355,2315361355,248438273,0,39200,0,0,0
2025-10-03,ATIC,Anabatic Technologies Tbk.,--UO2130000000I121------------,432,434,442,424,432,0,517400,223217800,108,61.7,436,1600,432,1500,2315361355,2315361355,248438273,11300,13100,0,0,0
2025-10-02,ATIC,Anabatic Technologies Tbk.,--UO2130000000I121------------,426,0,436,420,432,6,396200,170938400,91,61.7,434,500,432,14900,2315361355,2315361355,248438273,1200,43100,0,0,0
2025-10-01,ATIC,Anabatic Technologies Tbk.,--UO2130000000I121------------,432,438,442,424,426,-6,417300,179028200,95,60.9,432,1000,426,16700,2315361355,2315361355,248438273,0,9600,0,0,0
2025-09-30,ATIC,Anabatic Technologies Tbk.,--UO2130000000I121------------,428,434,442,430,432,4,368700,161129800,100,61.7,436,16200,432,1700,2315361355,2315361355,248438273,39900,45600,0,0,0
2025-09-29,ATIC,Anabatic Technologies Tbk.,--UO2130000000I121------------,436,436,440,426,428,-8,223500,96096000,113,61.1,434,58400,428,14200,2315361355,2315361355,248438273,0,29700,0,0,0
2025-09-26,ATIC,Anabatic Technologies Tbk.,--UO2130000000I121------------,438,438,448,430,436,-2,112900,48854600,42,62.3,436,28000,434,2400,2315361355,2315361355,248438273,0,3800,0,0,0
2025-09-25,ATIC,Anabatic Technologies Tbk.,--UO2130000000I121------------,438,0,440,426,438,0,343100,147756400,93,62.6,438,300,436,100,2315361355,2315361355,248438273,5600,42500,0,0,0
2025-09-24,ATIC,Anabatic Technologies Tbk.,--UO2130000000I121------------,436,0,440,426,438,2,259700,112240600,89,62.6,440,14800,438,4400,2315361355,2315361355,248438273,13000,5200,0,0,0
2025-09-23,ATIC,Anabatic Technologies Tbk.,--UO2130000000I121------------,448,450,450,436,436,-12,527000,231698600,114,62.3,446,30000,436,152100,2315361355,2315361355,248438273,16000,81100,0,0,0
2025-09-22,ATIC,Anabatic Technologies Tbk.,--UO2130000000I121------------,448,448,452,438,448,0,457600,203288200,105,64.0,448,81300,442,700,2315361355,2315361355,248438273,47300,61400,0,0,0
2025-09-19,ATIC,Anabatic Technologies Tbk.,--UO2130000000I121------------,440,442,452,440,448,8,335500,149630000,93,64.0,448,8200,440,4900,2315361355,2315361355,248438273,0,31600,0,0,0
2025-09-18,ATIC,Anabatic Technologies Tbk.,--UO2130000000I121------------,458,460,460,436,440,-18,532200,235013000,169,62.9,450,25900,440,3900,2315361355,2315361355,248438273,29000,0,0,0,0
2025-09-17,ATIC,Anabatic Technologies Tbk.,--UO2130000000I121------------,454,0,464,446,458,4,413000,187855000,98,65.4,458,9700,456,200,2315361355,2315361355,248438273,30300,15300,0,0,0
2025-09-16,ATIC,Anabatic Technologies Tbk.,--UO2130000000I121------------,454,454,468,442,454,0,232000,104911400,109,64.9,454,46200,448,1000,2315361355,2315361355,248438273,31900,0,0,0,0
2025-09-15,ATIC,Anabatic Technologies Tbk.,--UO2130000000I121------------,446,450,460,446,454,8,431400,194582400,127,64.9,454,77900,452,2500,2315361355,2315361355,248438273,0,28400,0,0,0
2025-09-12,ATIC,Anabatic Technologies Tbk.,--UO2130000000I121------------,440,0,446,432,446,6,135600,59944600,48,63.7,446,23100,442,500,2315361355,2315361355,248438273,0,15400,0,0,0
2025-09-11,ATIC,Anabatic Technologies Tbk.,--UO2130000000I121------------,436,446,446,434,440,4,280000,123063600,56,62.9,440,77800,438,2200,2315361355,2315361355,248438273,6400,29100,0,0,0
2025-09-10,ATIC,Anabatic Technologies Tbk.,--UO2130000000I121------------,442,442,450,434,436,-6,176000,77893400,78,62.3,444,19200,436,19600,2315361355,2315361355,248438273,0,200,0,0,0
2025-09-09,ATIC,Anabatic Technologies Tbk.,--UO2130000000I121------------,446,454,454,426,442,-4,495800,216724200,101,63.1,442,48500,440,20100,2315361355,2315361355,248438273,84400,39100,0,0,0
2025-09-08,ATIC,Anabatic Technologies Tbk.,--UO2130000000I121------------,458,458,470,444,446,-12,381500,171101000,150,63.7,452,1800,446,2700,2315361355,2315361355,248438273,5600,8800,0,0,0
2025-09-04,ATIC,Anabatic Technologies Tbk.,--UO2130000000I121------------,444,448,462,438,458,14,402000,180609400,217,65.4,458,17700,452,100,2315361355,2315361355,248438273,1900,700,0,0,0
2025-09-03,ATIC,Anabatic Technologies Tbk.,--UO2130000000I121------------,438,442,448,434,444,6,719600,317276800,193,63.4,444,31800,438,100,2315361355,2315361355,248438273,0,12100,0,0,0
2025-09-02,ATIC,Anabatic Technologies Tbk.,--UO2130000000I121------------,434,0,448,434,438,4,294500,129196000,138,62.6,438,17600,436,46400,2315361355,2315361355,248438273,0,34200,0,0,0
2025-09-01,ATIC,Anabatic Technologies Tbk.,--UO2130000000I121------------,438,422,448,418,434,-4,761900,326404600,141,62.0,434,9800,432,100,2315361355,2315361355,248438273,114400,132600,0,0,0
2025-08-29,ATIC,Anabatic Technologies Tbk.,--UO2130000000I121------------,450,460,460,406,438,-12,1084300,465285200,282,62.6,438,100,428,13800,2315361355,2315361355,248438273,29300,139600,0,0,0
2025-08-28,ATIC,Anabatic Technologies Tbk.,--UO2130000000I121------------,400,402,500,400,450,50,4695800,2138029400,1378,64.3,450,162400,448,300,2315361355,2315361355,248438273,268600,293300,0,0,0
2025-08-27,ATIC,Anabatic Technologies Tbk.,--UO2130000000I121------------,406,406,412,396,400,-6,543400,219624800,144,57.1,400,17300,398,401200,2315361355,2315361355,248438273,46900,6000,0,0,0
2025-08-26,ATIC,Anabatic Technologies Tbk.,--UO2130000000I121------------,400,402,406,398,406,6,378300,151566800,108,58.0,402,200,400,100,2315361355,2315361355,248438273,0,11200,0,0,0
2025-08-25,ATIC,Anabatic Technologies Tbk.,--UO2130000000I121------------,398,400,406,396,400,2,398100,159360600,85,57.1,402,2200,400,9500,2315361355,2315361355,248438273,0,0,0,0,0
2025-08-22,ATIC,Anabatic Technologies Tbk.,--UO2130000000I121------------,404,406,406,390,398,-6,507200,201596400,140,56.9,400,59100,398,2800,2315361355,2315361355,248438273,0,800,0,0,0
2025-08-21,ATIC,Anabatic Technologies Tbk.,--UO2130000000I121------------,396,0,406,394,404,8,323500,129616000,134,57.7,404,15500,402,3700,2315361355,2315361355,248438273,0,1800,0,0,0
2025-08-20,ATIC,Anabatic Technologies Tbk.,--UO2130000000I121------------,400,0,406,396,396,-4,543700,217637400,124,56.6,402,15600,396,129900,2315361355,2315361355,248438273,0,4700,0,0,0
2025-08-19,ATIC,Anabatic Technologies Tbk.,--UO2130000000I121------------,400,400,408,390,400,0,321100,127357400,92,57.1,400,49700,396,30900,2315361355,2315361355,248438273,12300,12800,0,0,0
2025-08-15,ATIC,Anabatic Technologies Tbk.,--UO2130000000I121------------,402,402,410,394,400,-2,482600,192763400,132,57.1,400,8000,394,64100,2315361355,2315361355,248438273,300,200,0,0,0
2025-08-14,ATIC,Anabatic Technologies Tbk.,--UO2130000000I121------------,406,404,404,394,402,-4,238400,95154200,82,57.4,402,95500,400,16400,2315361355,2315361355,248438273,0,1300,0,0,0
2025-08-13,ATIC,Anabatic Technologies Tbk.,--UO2130000000I121------------,406,406,410,398,406,0,285600,115421400,122,58.0,406,11600,398,35100,2315361355,2315361355,248438273,0,800,0,0,0
2025-08-12,ATIC,Anabatic Technologies Tbk.,--UO2130000000I121------------,404,406,410,398,406,2,378600,152882200,143,58.0,408,48600,406,22200,2315361355,2315361355,248438273,0,200,0,0,0
2025-08-11,ATIC,Anabatic Technologies Tbk.,--UO2130000000I121------------,396,0,406,394,404,8,176400,70514000,114,57.7,404,10700,402,1600,2315361355,2315361355,248438273,3300,12100,0,0,0
2025-08-08,ATIC,Anabatic Technologies Tbk.,--UO2130000000I121------------,396,396,398,390,396,0,123100,48447200,67,56.6,396,400,394,500,2315361355,2315361355,248438273,0,14600,0,0,0
2025-08-07,ATIC,Anabatic Technologies Tbk.,--UO2130000000I121------------,396,0,402,394,396,0,58300,23153400,52,56.6,396,400,394,54700,2315361355,2315361355,248438273,0,200,0,0,0
2025-08-06,ATIC,Anabatic Technologies Tbk.,--UO2130000000I121------------,402,400,400,392,396,-6,152100,60017800,101,56.6,398,8900,396,100,2315361355,2315361355,248438273,13900,30100,0,0,0
2025-08-05,ATIC,Anabatic Technologies Tbk.,--UO2130000000I121------------,402,402,404,394,402,0,498600,197909600,80,57.4,402,115200,396,500,2315361355,2315361355,248438273,16300,40800,0,0,0
2025-08-04,ATIC,Anabatic Technologies Tbk.,--UO2130000000I121------------,410,412,414,392,402,-8,226800,91363200,135,57.4,402,8100,400,100,2315361355,2315361355,248438273,17800,16000,0,0,0
2025-08-01,ATIC,Anabatic Technologies Tbk.,--UO2130000000I121------------,398,400,414,384,410,12,623100,249746000,344,58.6,410,30000,406,1000,2315361355,2315361355,248438273,31400,25600,0,0,0
2025-07-31,ATIC,Anabatic Technologies Tbk.,--UO2130000000I121------------,390,390,412,384,398,8,974200,390356800,297,56.9,398,400,396,500,2315361355,2315361355,248438273,105500,115000,0,0,0
2025-07-30,ATIC,Anabatic Technologies Tbk.,--UO2130000000I121------------,386,0,390,380,390,4,212500,81778200,71,55.7,390,10200,382,500,2315361355,2315361355,248438273,42500,78600,0,0,0
2025-07-29,ATIC,Anabatic Technologies Tbk.,--UO2130000000I121------------,386,386,392,382,386,0,157900,60955400,65,55.1,390,2500,386,300,2315361355,2315361355,248438273,10000,11100,0,0,0
2025-07-28,ATIC,Anabatic Technologies Tbk.,--UO2130000000I121------------,394,394,396,384,386,-8,107500,41647600,70,55.1,386,55500,384,17500,2315361355,2315361355,248438273,5200,11300,0,0,0
2025-07-25,ATIC,Anabatic Technologies Tbk.,--UO2130000000I121------------,386,0,394,382,394,8,61700,24020000,33,56.3,396,2200,394,2000,2315361355,2315361355,248438273,5100,0,0,0,0
2025-07-24,ATIC,Anabatic Technologies Tbk.,--UO2130000000I121------------,390,388,396,386,386,-4,275300,107850400,100,55.1,390,70500,386,5500,2315361355,2315361355,248438273,0,17600,0,0,0
2025-07-23,ATIC,Anabatic Technologies Tbk.,--UO2130000000I121------------,382,384,396,380,390,8,296500,114539800,109,55.7,390,100,386,30100,2315361355,2315361355,248438273,31500,46700,0,0,0
2025-07-22,ATIC,Anabatic Technologies Tbk.,--UO2130000000I121------------,380,380,386,378,382,2,269000,102300200,57,54.6,382,200,380,70700,2315361355,2315361355,248438273,0,0,0,0,0
2025-07-21,ATIC,Anabatic Technologies Tbk.,--UO2130000000I121------------,382,380,380,376,380,-2,300400,113529400,55,54.3,380,25700,378,4500,2315361355,2315361355,248438273,0,11700,0,0,0
2025-07-18,ATIC,Anabatic Technologies Tbk.,--UO2130000000I121------------,382,382,382,370,382,0,108300,40847800,43,54.6,382,53000,380,6000,2315361355,2315361355,248438273,0,0,0,0,0
2025-07-17,ATIC,Anabatic Technologies Tbk.,--UO2130000000I121------------,376,378,386,368,382,6,479400,181006000,113,54.6,382,37900,378,29400,2315361355,2315361355,248438273,9000,11700,0,0,0
2025-07-16,ATIC,Anabatic Technologies Tbk.,--UO2130000000I121------------,380,0,378,372,376,-4,228600,85729600,81,53.7,376,69700,374,33600,2315361355,2315361355,248438273,0,700,0,0,0
2025-07-15,ATIC,Anabatic Technologies Tbk.,--UO2130000000I121------------,380,0,384,374,380,0,156100,59032200,62,54.3,380,27100,378,5200,2315361355,2315361355,248438273,0,12200,0,0,0
2025-07-14,ATIC,Anabatic Technologies Tbk.,--UO2130000000I121------------,382,384,384,374,380,-2,349200,132329400,79,54.3,382,23600,376,800,2315361355,2315361355,248438273,17600,0,0,0,0
2025-07-11,ATIC,Anabatic Technologies Tbk.,--UO2130000000I121------------,384,384,386,380,382,-2,64300,24503800,36,54.6,382,18000,380,52200,2315361355,2315361355,248438273,0,100,0,0,0
2025-07-10,ATIC,Anabatic Technologies Tbk.,--UO2130000000I121------------,386,0,390,378,384,-2,241700,92627800,66,54.9,386,2100,384,79000,2315361355,2315361355,248438273,6400,20100,0,0,0
2025-07-09,ATIC,Anabatic Technologies Tbk.,--UO2130000000I121------------,386,0,386,380,386,0,114000,43423600,35,55.1,386,9900,382,9200,2315361355,2315361355,248438273,400,26000,0,0,0
2025-07-08,ATIC,Anabatic Technologies Tbk.,--UO2130000000I121------------,382,0,386,378,386,4,127400,48312000,46,55.1,386,100,382,1200,2315361355,2315361355,248438273,0,0,0,0,0
2025-07-07,ATIC,Anabatic Technologies Tbk.,--UO2130000000I121------------,382,382,390,374,382,0,74900,28403800,50,54.6,382,9700,376,20000,2315361355,2315361355,248438273,1800,0,0,0,0
2025-07-04,ATIC,Anabatic Technologies Tbk.,--UO2130000000I121------------,384,388,388,382,382,-2,52200,20032400,27,54.6,384,9700,382,1700,2315361355,2315361355,248438273,100,0,0,0,0
2025-07-03,ATIC,Anabatic Technologies Tbk.,--UO2130000000I121------------,384,0,390,384,384,0,157300,60957200,23,54.9,388,41500,384,10000,2315361355,2315361355,248438273,0,0,0,0,0
2025-07-02,ATIC,Anabatic Technologies Tbk.,--UO2130000000I121------------,390,0,388,378,384,-6,106300,40872200,59,54.9,388,9900,384,200,2315361355,2315361355,248438273,15100,6100,0,0,0
2025-07-01,ATIC,Anabatic Technologies Tbk.,--UO2130000000I121------------,394,0,396,384,390,-4,77300,29989200,37,55.7,390,249900,388,5000,2315361355,2315361355,248438273,7500,9500,0,0,0
2025-06-30,ATIC,Anabatic Technologies Tbk.,--UO2130000000I121------------,394,388,396,388,394,0,105100,41007600,40,56.3,396,33900,394,700,2315361355,2315361355,226905413,0,0,0,0,0
2025-06-26,ATIC,Anabatic Technologies Tbk.,--UO2130000000I121------------,386,0,396,382,394,8,112800,43572600,52,56.3,394,10700,386,2000,2315361355,2315361355,226905413,1800,0,0,0,0
2025-06-25,ATIC,Anabatic Technologies Tbk.,--UO2130000000I121------------,388,388,398,384,386,-2,176800,68372600,51,55.1,390,100000,384,1000,2315361355,2315361355,226905413,40900,0,0,0,0
2025-06-24,ATIC,Anabatic Technologies Tbk.,--UO2130000000I121------------,392,0,396,388,388,-4,50700,19761200,19,55.4,392,143200,388,3400,2315361355,2315361355,226905413,5000,0,0,0,0
2025-06-23,ATIC,Anabatic Technologies Tbk.,--UO2130000000I121------------,388,386,396,384,392,4,127500,49229400,36,56.0,392,25200,388,10100,2315361355,2315361355,226905413,9900,4800,0,0,0
2025-06-20,ATIC,Anabatic Technologies Tbk.,--UO2130000000I121------------,388,0,388,386,388,0,142300,55177400,17,55.4,392,2100,388,10200,2315361355,2315361355,226905413,0,0,0,0,0
2025-06-19,ATIC,Anabatic Technologies Tbk.,--UO2130000000I121------------,396,396,396,386,388,-8,146100,57043000,55,55.4,390,168200,388,29900,2315361355,2315361355,226905413,28200,6000,0,0,0
2025-06-18,ATIC,Anabatic Technologies Tbk.,--UO2130000000I121------------,394,0,396,390,396,2,32300,12687400,26,56.6,396,2000,392,5000,2315361355,2315361355,226905413,0,0,0,0,0
2025-06-17,ATIC,Anabatic Technologies Tbk.,--UO2130000000I121------------,390,0,398,388,394,4,307800,120705000,59,56.3,396,1000,394,329800,2315361355,2315361355,226905413,0,1500,0,0,0
2025-06-16,ATIC,Anabatic Technologies Tbk.,--UO2130000000I121------------,400,400,400,384,390,-10,380300,147375600,112,55.7,390,17400,388,30700,2315361355,2315361355,226905413,4000,0,0,0,0
2025-06-13,ATIC,Anabatic Technologies Tbk.,--UO2130000000I121------------,392,0,402,388,400,8,165300,64481400,47,57.1,400,37000,392,100,2315361355,2315361355,226905413,0,15200,0,0,0
2025-06-12,ATIC,Anabatic Technologies Tbk.,--UO2130000000I121------------,392,0,392,388,392,0,73500,28754200,43,56.0,394,400,392,3100,2315361355,2315361355,226905413,0,5900,0,0,0
2025-06-11,ATIC,Anabatic Technologies Tbk.,--UO2130000000I121------------,390,0,408,390,392,2,136900,53774400,64,56.0,398,100,392,1900,2315361355,2315361355,226905413,0,8500,0,0,0
2025-06-10,ATIC,Anabatic Technologies Tbk.,--UO2130000000I121------------,394,394,400,386,390,-4,168900,65839600,71,55.7,396,200,390,6600,2315361355,2315361355,226905413,0,11900,0,0,0
2025-06-05,ATIC,Anabatic Technologies Tbk.,--UO2130000000I121------------,400,0,400,392,394,-6,97000,38245800,43,56.3,394,36500,392,9000,2315361355,2315361355,226905413,0,500,0,0,0
2025-06-04,ATIC,Anabatic Technologies Tbk.,--UO2130000000I121------------,392,0,408,386,400,8,394200,155362600,96,57.1,404,4500,400,5000,2315361355,2315361355,226905413,0,12200,0,0,0
2025-06-03,ATIC,Anabatic Technologies Tbk.,--UO2130000000I121------------,392,390,394,386,392,0,154300,60034000,68,56.0,392,12000,390,2700,2315361355,2315361355,226905413,0,12900,0,0,0
2025-06-02,ATIC,Anabatic Technologies Tbk.,--UO2130000000I121------------,394,394,394,386,392,-2,328800,127795400,128,56.0,392,9000,390,3000,2315361355,2315361355,226905413,29000,12700,0,0,0
2025-05-28,ATIC,Anabatic Technologies Tbk.,--UO2130000000I121------------,394,394,396,392,394,0,36900,14529600,38,56.3,394,700,392,200,2315361355,2315361355,226905413,1600,200,0,0,0
2025-05-27,ATIC,Anabatic Technologies Tbk.,--UO2130000000I121------------,388,388,394,388,394,6,38600,15140600,51,56.3,394,185300,390,1000,2315361355,2315361355,226905413,0,400,0,0,0
2025-05-26,ATIC,Anabatic Technologies Tbk.,--UO2130000000I121------------,396,394,400,378,388,-8,151500,59284600,77,55.4,394,32200,388,119300,2315361355,2315361355,226905413,0,14900,0,0,0
2025-05-23,ATIC,Anabatic Technologies Tbk.,--UO2130000000I121------------,396,0,400,390,396,0,148200,58542200,64,56.6,396,29000,392,20900,2315361355,2315361355,226905413,24000,11600,0,0,0
2025-05-22,ATIC,Anabatic Technologies Tbk.,--UO2130000000I121------------,394,0,398,390,396,2,143800,56190200,30,56.6,396,10900,394,1600,2315361355,2315361355,226905413,1500,400,0,0,0
2025-05-21,ATIC,Anabatic Technologies Tbk.,--UO2130000000I121------------,396,0,402,390,394,-2,450500,176933000,128,56.3,396,138200,394,100,2315361355,2315361355,226905413,22700,12000,0,0,0
2025-05-20,ATIC,Anabatic Technologies Tbk.,--UO2130000000I121------------,400,0,410,396,396,-4,97400,38897000,68,56.6,398,2800,396,43100,2315361355,2315361355,226905413,0,400,0,0,0
2025-05-19,ATIC,Anabatic Technologies Tbk.,--UO2130000000I121------------,392,0,400,394,400,8,41300,16319800,44,57.1,400,8900,398,9500,2315361355,2315361355,226905413,0,400,0,0,0
2025-05-16,ATIC,Anabatic Technologies Tbk.,--UO2130000000I121------------,400,0,406,390,392,-8,590600,233838400,159,56.0,398,10000,392,7900,2315361355,2315361355,226905413,0,16100,0,0,0
2025-05-15,ATIC,Anabatic Technologies Tbk.,--UO2130000000I121------------,406,0,406,398,400,-6,111500,44615400,59,57.1,404,100,400,4600,2315361355,2315361355,226905413,0,400,0,0,0
2025-05-14,ATIC,Anabatic Technologies Tbk.,--UO2130000000I121------------,406,406,406,392,406,0,528700,210424400,130,58.0,406,17100,402,1000,2315361355,2315361355,226905413,0,15300,0,0,0
2025-05-09,ATIC,Anabatic Technologies Tbk.,--UO2130000000I121------------,400,400,408,400,406,6,296700,119725400,45,58.0,406,100,402,33700,2315361355,2315361355,226905413,0,1000,0,0,0
2025-05-08,ATIC,Anabatic Technologies Tbk.,--UO2130000000I121------------,406,0,408,400,400,-6,265400,106944600,94,57.1,402,5100,400,100000,2315361355,2315361355,226905413,0,1700,0,0,0
2025-05-07,ATIC,Anabatic Technologies Tbk.,--UO2130000000I121------------,410,410,416,402,406,-4,176200,71580800,92,58.0,406,11900,404,21100,2315361355,2315361355,226905413,0,900,0,0,0
2025-05-06,ATIC,Anabatic Technologies Tbk.,--UO2130000000I121------------,406,0,428,402,410,4,781400,319248400,122,58.6,410,109700,406,900,2315361355,2315361355,226905413,1600,2900,0,0,0
2025-05-05,ATIC,Anabatic Technologies Tbk.,--UO2130000000I121------------,404,0,408,402,406,2,161700,65437000,57,58.0,408,5000,406,200,2315361355,2315361355,226905413,0,4400,0,0,0
2025-05-02,ATIC,Anabatic Technologies Tbk.,--UO2130000000I121------------,404,0,408,400,404,0,112400,45204800,78,57.7,404,20800,402,200,2315361355,2315361355,226905413,0,7000,0,0,0
2025-04-30,ATIC,Anabatic Technologies Tbk.,--UO2130000000I121------------,404,0,408,402,404,0,476400,192237600,67,57.7,404,121100,402,23400,2315361355,2315361355,226905413,0,1600,0,0,0
2025-04-29,ATIC,Anabatic Technologies Tbk.,--UO2130000000I121------------,408,408,412,400,404,-4,471400,189858600,119,57.7,404,406500,400,44100,2315361355,2315361355,226905413,0,7300,0,0,0
2025-04-28,ATIC,Anabatic Technologies Tbk.,--UO2130000000I121------------,410,410,414,402,408,-2,226500,92537600,82,58.3,408,195000,404,1100,2315361355,2315361355,226905413,800,6900,0,0,0
2025-04-25,ATIC,Anabatic Technologies Tbk.,--UO2130000000I121------------,406,0,410,402,410,4,184000,74283200,53,58.6,406,1000,404,10000,2315361355,2315361355,226905413,0,7500,0,0,0
2025-04-24,ATIC,Anabatic Technologies Tbk.,--UO2130000000I121------------,404,0,412,406,406,2,49100,20003400,46,58.0,408,14100,406,33200,2315361355,2315361355,226905413,100,0,0,0,0
2025-04-23,ATIC,Anabatic Technologies Tbk.,--UO2130000000I121------------,412,0,408,404,404,-8,93500,37812800,49,57.7,406,7600,404,32900,2315361355,2315361355,226905413,300,0,0,0,0
2025-04-22,ATIC,Anabatic Technologies Tbk.,--UO2130000000I121------------,412,0,412,404,412,0,146400,59610400,37,58.9,412,5900,410,200,2315361355,2315361355,226905413,0,200,0,0,0
2025-04-21,ATIC,Anabatic Technologies Tbk.,--UO2130000000I121------------,412,0,414,406,412,0,105200,42848800,45,58.9,414,200,406,10300,2315361355,2315361355,226905413,3100,0,0,0,0
2025-04-17,ATIC,Anabatic Technologies Tbk.,--UO2130000000I121------------,418,0,418,408,412,-6,78300,32193000,44,58.9,414,21400,412,500,2315361355,2315361355,226905413,4900,0,0,0,0
2025-04-16,ATIC,Anabatic Technologies Tbk.,--UO2130000000I121------------,416,0,418,410,418,2,41600,17145400,40,59.7,418,8500,412,2800,2315361355,2315361355,226905413,0,0,0,0,0
2025-04-15,ATIC,Anabatic Technologies Tbk.,--UO2130000000I121------------,430,430,430,410,416,-14,110500,45688800,58,59.4,416,3500,414,2600,2315361355,2315361355,226905413,1200,46900,0,0,0
2025-04-14,ATIC,Anabatic Technologies Tbk.,--UO2130000000I121------------,432,432,436,408,430,-2,118600,49672000,91,61.4,428,5000,422,200,2315361355,2315361355,226905413,1100,21400,0,0,0
2025-04-11,ATIC,Anabatic Technologies Tbk.,--UO2130000000I121------------,422,0,450,412,432,10,177700,76036200,76,61.7,432,900,420,600,2315361355,2315361355,226905413,1500,0,0,0,0
2025-04-10,ATIC,Anabatic Technologies Tbk.,--UO2130000000I121------------,412,0,438,406,422,10,76900,31867200,64,60.3,422,100,420,53500,2315361355,2315361355,226905413,4600,39100,0,0,0
2025-04-09,ATIC,Anabatic Technologies Tbk.,--UO2130000000I121------------,414,416,422,410,412,-2,109300,45269400,53,58.9,434,10000,412,400,2315361355,2315361355,226905413,17200,33600,0,0,0
2025-04-08,ATIC,Anabatic Technologies Tbk.,--UO2130000000I121------------,460,416,426,414,414,-46,121000,50442000,94,59.1,416,200,414,2100,2315361355,2315361355,226905413,500,0,0,0,0
2025-03-27,ATIC,Anabatic Technologies Tbk.,--UO2130000000I121------------,406,0,498,404,460,54,307300,141468400,148,65.7,460,16900,456,100,2315361355,2315361355,226905413,42000,13400,0,0,0
2025-03-26,ATIC,Anabatic Technologies Tbk.,--UO2130000000I121------------,406,400,416,400,406,0,97500,40267600,67,58.0,410,104100,406,800,2315361355,2315361355,226905413,11700,3300,504603,176611050,1
2025-03-25,ATIC,Anabatic Technologies Tbk.,--UO2130000000I121------------,406,0,420,402,406,0,86300,35064200,74,58.0,406,100,404,13700,2315361355,2315361355,226905413,5000,9900,514797,180178950,2
2025-03-24,ATIC,Anabatic Technologies Tbk.,--UO2130000000I121------------,412,414,426,406,406,-6,272400,112187600,103,58.0,410,10000,406,600,2315361355,2315361355,226905413,5200,1500,0,0,0
2025-03-21,ATIC,Anabatic Technologies Tbk.,--UO2130000000I121------------,426,426,444,412,412,-14,252800,106032600,136,58.9,414,1000,412,15400,2315361355,2315361355,226905413,0,6300,500000,277500000,1
2025-03-20,ATIC,Anabatic Technologies Tbk.,--UO2130000000I121------------,462,0,480,422,426,-36,263300,114739600,119,60.9,426,19100,424,5000,2315361355,2315361355,226905413,9200,1300,0,0,0
2025-03-19,ATIC,Anabatic Technologies Tbk.,--UO2130000000I121------------,446,0,468,434,462,16,192100,86835800,121,66.0,464,177900,456,800,2315361355,2315361355,226905413,7300,4800,0,0,0
2025-03-18,ATIC,Anabatic Technologies Tbk.,--UO2130000000I121------------,450,500,515,428,446,-4,433500,193648400,210,63.7,446,12200,436,5400,2315361355,2315361355,226905413,27400,10400,1276400,603588000,2
2025-03-17,ATIC,Anabatic Technologies Tbk.,--UO2130000000I121------------,460,464,464,436,450,-10,710400,314951400,175,64.3,450,100,444,100,2315361355,2315361355,226905413,10400,93200,0,0,0
2025-03-14,ATIC,Anabatic Technologies Tbk.,--UO2130000000I121------------,466,0,472,454,460,-6,152800,70902200,103,65.7,460,1300,456,2200,2315361355,2315361355,226905413,6800,10900,0,0,0
2025-03-13,ATIC,Anabatic Technologies Tbk.,--UO2130000000I121------------,480,0,490,466,466,-14,560200,264136400,144,66.6,470,900,466,3600,2315361355,2315361355,226905413,38800,0,429600,180432000,1
2025-03-12,ATIC,Anabatic Technologies Tbk.,--UO2130000000I121------------,482,0,496,470,480,-2,112700,53524600,88,68.6,480,198800,478,1500,2315361355,2315361355,226905413,0,600,0,0,0
2025-03-11,ATIC,Anabatic Technologies Tbk.,--UO2130000000I121------------,488,496,496,462,482,-6,107500,51436000,103,68.9,484,4500,482,100,2315361355,2315361355,226905413,100,4700,1060500,457131000,2
2025-03-10,ATIC,Anabatic Technologies Tbk.,--UO2130000000I121------------,515,0,515,480,488,-27,363100,176876400,245,69.7,490,100,488,1000,2315361355,2315361355,226905413,100,27800,0,0,0
2025-03-07,ATIC,Anabatic Technologies Tbk.,--UO2130000000I121------------,520,525,525,492,515,-5,609100,304067000,265,73.6,515,27900,510,100,2315361355,2315361355,226905413,16000,80800,0,0,0
2025-03-06,ATIC,Anabatic Technologies Tbk.,--UO2130000000I121------------,555,555,590,500,520,-35,1030700,541658000,492,74.3,520,42000,515,21700,2315361355,2315361355,226905413,10300,41800,232300,104535000,1
2025-03-05,ATIC,Anabatic Technologies Tbk.,--UO2130000000I121------------,580,0,615,525,555,-25,521200,290371000,449,79.3,555,311900,540,1300,2315361355,2315361355,226905413,0,600,500000,277500000,1
2025-03-04,ATIC,Anabatic Technologies Tbk.,--UO2130000000I121------------,580,580,615,550,580,0,419100,243785000,340,82.9,585,1800,580,9300,2315361355,2315361355,226905413,100,0,0,0,0
2025-03-03,ATIC,Anabatic Technologies Tbk.,--UO2130000000I121------------,590,600,620,555,580,-10,563300,322180500,318,82.9,580,61600,575,1500,2315361355,2315361355,226905413,22800,18200,0,0,0
2025-02-28,ATIC,Anabatic Technologies Tbk.,--UO2130000000I121------------,645,0,640,565,590,-55,267100,161847500,209,84.3,590,1400,585,900,2315361355,2315361355,226905413,5500,14200,500000,277500000,1
2025-02-27,ATIC,Anabatic Technologies Tbk.,--UO2130000000I121------------,655,670,690,610,645,-10,977800,643713500,536,92.1,650,6500,640,5900,2315361355,2315361355,226905413,107200,129300,0,0,0
2025-02-26,ATIC,Anabatic Technologies Tbk.,--UO2130000000I121------------,635,640,750,585,655,20,1600400,1049473500,1190,93.6,660,3200,655,2600,2315361355,2315361355,226905413,138000,157400,0,0,0
2025-02-25,ATIC,Anabatic Technologies Tbk.,--UO2130000000I121------------,670,710,825,625,635,-35,5390800,3885069000,2400,90.7,650,11000,635,14100,2315361355,2315361355,226905413,339500,349000,500000,278500000,1
2025-02-24,ATIC,Anabatic Technologies Tbk.,--UO2130000000I121------------,540,570,675,560,670,130,5036000,3302645000,1915,95.7,670,639200,665,24500,2315361355,2315361355,226905413,197200,235900,0,0,0
2025-02-21,ATIC,Anabatic Technologies Tbk.,--UO2130000000I121------------,450,480,560,480,540,90,2536700,1389432900,1042,77.1,545,13400,540,52900,2315361355,2315361355,226905413,80800,39000,0,0,0
2025-02-20,ATIC,Anabatic Technologies Tbk.,--UO2130000000I121------------,492,492,505,434,450,-42,1430500,654849400,601,64.3,452,500,450,261800,2315361355,2315361355,226905413,23200,68400,0,0,0
2025-02-19,ATIC,Anabatic Technologies Tbk.,--UO2130000000I121------------,406,0,505,404,492,86,2591100,1269537100,1124,70.3,494,86800,492,115800,2315361355,2315361355,226905413,123600,53200,0,0,0
2025-02-18,ATIC,Anabatic Technologies Tbk.,--UO2130000000I121------------,418,0,424,400,406,-12,73600,29767000,44,58.0,416,6000,406,100,2315361355,2315361355,226905413,0,6600,0,0,0
2025-02-17,ATIC,Anabatic Technologies Tbk.,--UO2130000000I121------------,416,0,426,416,418,2,730700,306790800,37,59.7,418,900,416,78300,2315361355,2315361355,226905413,0,2000,0,0,0
2025-02-14,ATIC,Anabatic Technologies Tbk.,--UO2130000000I121------------,422,0,422,414,416,-6,92400,38272600,19,59.4,416,23200,414,6100,2315361355,2315361355,226905413,0,2000,0,0,0
2025-02-13,ATIC,Anabatic Technologies Tbk.,--UO2130000000I121------------,418,0,422,418,422,4,180900,75771600,26,60.3,422,47100,420,58000,2315361355,2315361355,226905413,0,1600,0,0,0
2025-02-12,ATIC,Anabatic Technologies Tbk.,--UO2130000000I121------------,408,0,420,414,418,10,382000,159522200,54,59.7,420,30500,418,50200,2315361355,2315361355,226905413,0,0,0,0,0
2025-02-11,ATIC,Anabatic Technologies Tbk.,--UO2130000000I121------------,414,0,410,400,408,-6,161600,65948800,24,58.3,410,5000,408,74100,2315361355,2315361355,226905413,0,100,0,0,0
2025-02-10,ATIC,Anabatic Technologies Tbk.,--UO2130000000I121------------,412,0,414,408,414,2,48100,19678800,15,59.1,414,12900,410,181600,2315361355,2315361355,226905413,0,13200,0,0,0
2025-02-07,ATIC,Anabatic Technologies Tbk.,--UO2130000000I121------------,412,414,414,408,412,0,978700,402185200,43,58.9,412,10400,410,200100,2315361355,2315361355,226905413,0,800,0,0,0
2025-02-06,ATIC,Anabatic Technologies Tbk.,--UO2130000000I121------------,408,0,414,400,412,4,355700,146034400,52,58.9,414,25000,412,43800,2315361355,2315361355,226905413,1100,0,0,0,0
2025-02-05,ATIC,Anabatic Technologies Tbk.,--UO2130000000I121------------,404,0,416,392,408,4,164600,66625000,50,58.3,408,300,406,78600,2315361355,2315361355,226905413,0,500,0,0,0
2025-02-04,ATIC,Anabatic Technologies Tbk.,--UO2130000000I121------------,396,0,416,400,404,8,210600,85517600,33,57.7,410,14000,404,98700,2315361355,2315361355,226905413,4700,5600,0,0,0
2025-02-03,ATIC,Anabatic Technologies Tbk.,--UO2130000000I121------------,406,0,402,396,396,-10,98600,39399200,28,56.6,396,3000,394,5000,2315361355,2315361355,226905413,0,4800,0,0,0
2025-01-31,ATIC,Anabatic Technologies Tbk.,--UO2130000000I121------------,404,0,408,400,406,2,103600,41698200,24,58.0,408,18900,406,72400,2315361355,2315361355,226905413,0,2900,0,0,0
2025-01-30,ATIC,Anabatic Technologies Tbk.,--UO2130000000I121------------,410,0,410,404,404,-6,162600,65985000,24,57.7,408,36500,404,62400,2315361355,2315361355,226905413,6300,0,0,0,0
2025-01-24,ATIC,Anabatic Technologies Tbk.,--UO2130000000I121------------,406,420,420,404,410,4,131300,53250000,16,58.6,410,6400,404,70600,2315361355,2315361355,226905413,0,0,0,0,0
2025-01-23,ATIC,Anabatic Technologies Tbk.,--UO2130000000I121------------,404,404,418,400,406,2,180700,73520000,32,58.0,410,500,406,11400,2315361355,2315361355,226905413,300,100,0,0,0
2025-01-22,ATIC,Anabatic Technologies Tbk.,--UO2130000000I121------------,410,0,408,388,404,-6,281600,112916400,57,57.7,408,600,404,46300,2315361355,2315361355,226905413,4000,9600,0,0,0
2025-01-21,ATIC,Anabatic Technologies Tbk.,--UO2130000000I121------------,416,0,420,406,410,-6,117400,48100600,29,58.6,414,100,408,12000,2315361355,2315361355,226905413,10100,0,0,0,0
2025-01-20,ATIC,Anabatic Technologies Tbk.,--UO2130000000I121------------,412,0,416,400,416,4,219600,89346800,45,59.4,416,10100,410,3000,2315361355,2315361355,226905413,2500,100,0,0,0
2025-01-17,ATIC,Anabatic Technologies Tbk.,--UO2130000000I121------------,410,416,416,400,412,2,158900,64735800,26,58.9,412,300,408,97700,2315361355,2315361355,226905413,3500,5100,0,0,0
2025-01-16,ATIC,Anabatic Technologies Tbk.,--UO2130000000I121------------,400,0,414,392,410,10,1286300,519936400,51,58.6,410,33600,408,47000,2315361355,2315361355,226905413,0,1000,0,0,0
2025-01-15,ATIC,Anabatic Technologies Tbk.,--UO2130000000I121------------,400,400,402,398,400,0,48500,19385200,14,57.1,408,10000,398,7600,2315361355,2315361355,226905413,0,0,0,0,0
2025-01-14,ATIC,Anabatic Technologies Tbk.,--UO2130000000I121------------,388,0,416,390,400,12,579400,235422000,111,57.1,402,46600,400,498100,2315361355,2315361355,226905413,400,9700,0,0,0
2025-01-13,ATIC,Anabatic Technologies Tbk.,--UO2130000000I121------------,402,400,410,388,388,-14,1683200,679222200,118,55.4,396,50900,388,16300,2315361355,2315361355,226905413,2100,11100,0,0,0
2025-01-10,ATIC,Anabatic Technologies Tbk.,--UO2130000000I121------------,410,410,418,400,402,-8,244300,100191800,39,57.4,410,10900,404,1000,2315361355,2315361355,226905413,20800,26000,0,0,0
2025-01-09,ATIC,Anabatic Technologies Tbk.,--UO2130000000I121------------,408,0,420,392,410,2,2822800,1138516000,144,58.6,412,200,410,3600,2315361355,2315361355,226905413,33500,9100,0,0,0
2025-01-08,ATIC,Anabatic Technologies Tbk.,--UO2130000000I121------------,388,0,420,386,408,20,2615300,1047891000,194,58.3,408,14600,404,400,2315361355,2315361355,226905413,23400,11900,0,0,0
2025-01-07,ATIC,Anabatic Technologies Tbk.,--UO2130000000I121------------,390,0,416,388,388,-2,369100,148987000,77,55.4,390,83900,388,1300,2315361355,2315361355,226905413,23600,25800,0,0,0
2025-01-06,ATIC,Anabatic Technologies Tbk.,--UO2130000000I121------------,382,0,412,382,390,8,1268400,505990400,205,55.7,394,5000,390,72100,2315361355,2315361355,226905413,21600,3700,0,0,0
2025-01-03,ATIC,Anabatic Technologies Tbk.,--UO2130000000I121------------,378,0,382,370,382,4,27200,10311800,16,54.6,382,28200,376,10000,2315361355,2315361355,226905413,0,10400,0,0,0
2025-01-02,ATIC,Anabatic Technologies Tbk.,--UO2130000000I121------------,374,0,390,376,378,4,26100,10023000,16,54.0,382,400,376,12200,2315361355,2315361355,226905413,0,0,0,0,0
2024-12-30,ATIC,Anabatic Technologies Tbk.,--UO2130000000I121------------,376,0,382,368,374,-2,41000,15447800,23,53.4,378,5000,376,9400,2315361355,2315361355,332717427,0,3700,0,0,0
2024-12-27,ATIC,Anabatic Technologies Tbk.,--UO2130000000I121------------,370,400,416,374,376,6,727900,290823600,167,53.7,384,4300,376,7700,2315361355,2315361355,332717427,12000,0,0,0,0
2024-12-24,ATIC,Anabatic Technologies Tbk.,--UO2130000000I121------------,354,0,408,354,370,16,715900,279258800,148,52.9,370,7100,368,3000,2315361355,2315361355,332717427,20400,0,0,0,0
2024-12-23,ATIC,Anabatic Technologies Tbk.,--UO2130000000I121------------,360,0,360,354,354,-6,46500,16581400,20,50.6,358,300,354,200,2315361355,2315361355,332717427,0,0,0,0,0
2024-12-20,ATIC,Anabatic Technologies Tbk.,--UO2130000000I121------------,360,0,360,360,360,0,800,288000,2,51.4,360,30900,354,1100,2315361355,2315361355,332717427,0,0,0,0,0
2024-12-19,ATIC,Anabatic Technologies Tbk.,--UO2130000000I121------------,358,0,368,354,360,2,67500,24379400,22,51.4,360,13100,356,300,2315361355,2315361355,332717427,1300,0,0,0,0
2024-12-18,ATIC,Anabatic Technologies Tbk.,--UO2130000000I121------------,362,0,362,358,358,-4,30600,10961000,20,51.1,362,2000,358,600,2315361355,2315361355,332717427,2100,0,0,0,0
2024-12-17,ATIC,Anabatic Technologies Tbk.,--UO2130000000I121------------,368,368,368,360,362,-6,62900,22952000,32,51.7,362,13900,360,2600,2315361355,2315361355,332717427,18800,0,0,0,0
2024-12-16,ATIC,Anabatic Technologies Tbk.,--UO2130000000I121------------,366,0,400,352,368,2,241800,92375200,99,52.6,372,500,368,10500,2315361355,2315361355,332717427,14200,0,0,0,0
2024-12-13,ATIC,Anabatic Technologies Tbk.,--UO2130000000I121------------,366,0,366,358,366,0,10400,3782600,18,52.3,366,21900,364,1000,2315361355,2315361355,332717427,0,0,0,0,0
2024-12-12,ATIC,Anabatic Technologies Tbk.,--UO2130000000I121------------,368,368,376,362,366,-2,23700,8744800,16,52.3,366,63500,362,14200,2315361355,2315361355,332717427,3100,0,0,0,0
2024-12-11,ATIC,Anabatic Technologies Tbk.,--UO2130000000I121------------,360,0,368,360,368,8,59200,21522600,23,52.6,370,1900,364,200,2315361355,2315361355,332717427,3600,0,0,0,0
2024-12-10,ATIC,Anabatic Technologies Tbk.,--UO2130000000I121------------,366,372,372,356,360,-6,101200,36488000,55,51.4,360,13500,358,8700,2315361355,2315361355,332717427,27000,0,0,0,0
2024-12-09,ATIC,Anabatic Technologies Tbk.,--UO2130000000I121------------,372,372,372,366,366,-6,51700,19064800,30,52.3,368,7500,366,11200,2315361355,2315361355,332717427,2200,0,0,0,0
2024-12-06,ATIC,Anabatic Technologies Tbk.,--U-2130000000I121------------,380,0,380,366,372,-8,77600,28856000,33,53.1,372,26400,370,52600,2315361355,2315361355,332717427,8400,0,0,0,0
2024-12-05,ATIC,Anabatic Technologies Tbk.,--U-2130000000I121------------,380,0,382,328,380,0,375900,134776000,125,54.3,380,5200,374,1700,2315361355,2315361355,332717427,1000,13100,0,0,0
2024-12-04,ATIC,Anabatic Technologies Tbk.,--U-2130000000I121------------,380,0,380,376,380,0,68800,25996400,23,54.3,380,400,378,2300,2315361355,2315361355,332717427,9500,600,0,0,0
2024-12-03,ATIC,Anabatic Technologies Tbk.,--U-2130000000I121------------,384,0,380,376,380,-4,27800,10509200,8,54.3,380,23900,378,20600,2315361355,2315361355,332717427,0,1400,0,0,0
2024-12-02,ATIC,Anabatic Technologies Tbk.,--U-2130000000I121------------,378,0,384,376,384,6,30700,11632000,20,54.9,390,10000,378,700,2315361355,2315361355,332717427,0,0,0,0,0
2024-11-29,ATIC,Anabatic Technologies Tbk.,--U-2100000000I121------------,384,0,384,376,378,-6,89800,33982000,16,54.0,378,7800,376,46000,2315361355,2315361355,332717427,0,0,0,0,0
2024-11-28,ATIC,Anabatic Technologies Tbk.,--U-2100000000I121------------,378,0,390,376,384,6,67200,25529400,10,54.9,384,1100,382,2000,2315361355,2315361355,332717427,0,9500,0,0,0
2024-11-26,ATIC,Anabatic Technologies Tbk.,--U-2100000000I121------------,380,0,388,374,378,-2,89100,33543800,16,54.0,382,1000,376,19100,2315361355,2315361355,332717427,25400,3100,0,0,0
2024-11-25,ATIC,Anabatic Technologies Tbk.,--U-2100000000I121------------,380,0,380,376,380,0,112900,42555200,27,54.3,380,13400,378,51100,2315361355,2315361355,332717427,4400,0,0,0,0
2024-11-22,ATIC,Anabatic Technologies Tbk.,--U-2100000000I121------------,380,0,382,378,380,0,50200,19002400,11,54.3,390,1000,380,12300,2315361355,2315361355,332717427,100,0,0,0,0
2024-11-21,ATIC,Anabatic Technologies Tbk.,--U-2100000000I121------------,384,0,384,378,380,-4,38700,14704800,14,54.3,390,10000,380,1000,2315361355,2315361355,332717427,0,0,0,0,0
2024-11-20,ATIC,Anabatic Technologies Tbk.,--U-2100000000I121------------,394,0,394,384,384,-10,67200,26033400,24,54.9,386,46300,384,2700,2315361355,2315361355,332717427,0,0,0,0,0
2024-11-19,ATIC,Anabatic Technologies Tbk.,--U-2100000000I121------------,376,0,400,376,394,18,62100,23592000,22,56.3,392,6000,384,11100,2315361355,2315361355,332717427,2500,0,0,0,0
2024-11-18,ATIC,Anabatic Technologies Tbk.,--U-2100000000I121------------,376,0,376,370,376,0,63500,23839200,18,53.7,380,500,376,3500,2315361355,2315361355,332717427,3800,0,0,0,0
2024-11-15,ATIC,Anabatic Technologies Tbk.,--U-2100000000I121------------,378,0,378,376,376,-2,15500,5858800,6,53.7,378,25000,376,10900,2315361355,2315361355,332717427,100,0,0,0,0
2024-11-14,ATIC,Anabatic Technologies Tbk.,--U-2100000000I121------------,378,0,378,378,378,0,28200,10659600,7,54.0,380,10000,378,13600,2315361355,2315361355,332717427,200,0,0,0,0
2024-11-13,ATIC,Anabatic Technologies Tbk.,--U-2100000000I121------------,378,0,384,372,378,0,79500,30290800,11,54.0,380,4600,378,10500,2315361355,2315361355,332717427,0,0,0,0,0
2024-11-12,ATIC,Anabatic Technologies Tbk.,--U-2100000000I121------------,380,0,380,372,378,-2,61100,22950400,27,54.0,380,40300,378,1000,2315361355,2315361355,332717427,10000,6200,0,0,0
2024-11-11,ATIC,Anabatic Technologies Tbk.,--U-2100000000I121------------,386,0,398,378,380,-6,80700,30836800,31,54.3,380,42900,378,11200,2315361355,2315361355,332717427,15000,500,0,0,0
2024-11-08,ATIC,Anabatic Technologies Tbk.,--U-2100000000I121------------,382,0,398,380,386,4,65600,25036800,24,55.1,388,1300,382,500,2315361355,2315361355,332717427,600,0,0,0,0
2024-11-07,ATIC,Anabatic Technologies Tbk.,--U-2100000000I121------------,382,0,382,378,382,0,124400,47451800,25,54.6,382,17900,378,6500,2315361355,2315361355,332717427,0,17600,0,0,0
2024-11-06,ATIC,Anabatic Technologies Tbk.,--U-2100000000I121------------,384,0,384,382,382,-2,99000,37880800,25,54.6,400,20300,382,100,2315361355,2315361355,332717427,0,8800,0,0,0
2024-11-05,ATIC,Anabatic Technologies Tbk.,--U-2100000000I121------------,390,0,390,384,384,-6,111500,43105200,36,54.9,384,2000,382,20200,2315361355,2315361355,332717427,100,0,0,0,0
2024-11-04,ATIC,Anabatic Technologies Tbk.,--U-2100000000I121------------,394,0,394,390,390,-4,60300,23652000,19,55.7,394,86000,390,500,2315361355,2315361355,332717427,200,12600,0,0,0
2024-11-01,ATIC,Anabatic Technologies Tbk.,--U-2100000000I121------------,398,0,402,392,394,-4,80000,31565400,19,56.3,396,27300,392,154900,2315361355,2315361355,332717427,5900,19700,0,0,0
2024-10-31,ATIC,Anabatic Technologies Tbk.,--U-2100000000I121------------,400,0,402,392,398,-2,147600,58494800,27,56.9,398,48000,396,1100,2315361355,2315361355,332717427,7000,10500,0,0,0
2024-10-30,ATIC,Anabatic Technologies Tbk.,--U-2100000000I121------------,394,0,400,394,400,6,56100,22158600,11,57.1,400,7400,396,88700,2315361355,2315361355,332717427,100,0,0,0,0
2024-10-29,ATIC,Anabatic Technologies Tbk.,--U-2100000000I121------------,394,0,398,392,394,0,31800,12535600,11,56.3,396,25000,394,400,2315361355,2315361355,332717427,100,0,0,0,0
2024-10-28,ATIC,Anabatic Technologies Tbk.,--U-2100000000I121------------,394,0,396,392,394,0,44800,17654400,15,56.3,396,19500,394,2700,2315361355,2315361355,332717427,200,13800,0,0,0
2024-10-25,ATIC,Anabatic Technologies Tbk.,--U-2100000000I121------------,396,0,396,394,394,-2,73600,29058200,18,56.3,400,7500,394,2900,2315361355,2315361355,332717427,4900,5500,0,0,0
2024-10-24,ATIC,Anabatic Technologies Tbk.,--U-2100000000I121------------,400,0,400,396,396,-4,86400,34286800,18,56.6,400,53600,396,2500,2315361355,2315361355,332717427,100,0,0,0,0
2024-10-23,ATIC,Anabatic Technologies Tbk.,--U-2100000000I121------------,400,0,400,398,400,0,43300,17270000,6,57.1,400,106400,396,800,2315361355,2315361355,332717427,0,0,0,0,0
2024-10-22,ATIC,Anabatic Technologies Tbk.,--U-2100000000I121------------,398,0,400,396,400,2,106100,42250200,14,57.1,400,81200,396,1100,2315361355,2315361355,332717427,18000,0,0,0,0
2024-10-21,ATIC,Anabatic Technologies Tbk.,--U-2100000000I121------------,400,0,400,394,398,-2,57800,22914200,21,56.9,400,98400,398,49400,2315361355,2315361355,332717427,1900,0,0,0,0
2024-10-18,ATIC,Anabatic Technologies Tbk.,--U-2100000000I121------------,398,0,400,394,400,2,45100,17850200,25,57.1,400,53400,394,114400,2315361355,2315361355,332717427,0,100,0,0,0
2024-10-17,ATIC,Anabatic Technologies Tbk.,--U-2100000000I121------------,404,0,408,394,398,-6,128700,51341200,55,56.9,400,28500,398,7300,2315361355,2315361355,332717427,7000,0,0,0,0
2024-10-16,ATIC,Anabatic Technologies Tbk.,--U-2100000000I121------------,402,0,500,396,404,2,585600,240306000,313,57.7,408,1500,398,100,2315361355,2315361355,332717427,50000,6300,0,0,0
2024-10-15,ATIC,Anabatic Technologies Tbk.,--U-2100000000I121------------,400,0,402,396,402,2,40200,16094600,8,57.4,402,20600,398,200,2315361355,2315361355,332717427,0,0,0,0,0
2024-10-14,ATIC,Anabatic Technologies Tbk.,--U-2100000000I121------------,402,0,406,398,400,-2,152300,60871600,15,57.1,400,23200,398,16500,2315361355,2315361355,332717427,0,6800,0,0,0
2024-10-11,ATIC,Anabatic Technologies Tbk.,--U-2100000000I121------------,396,0,406,396,402,6,159300,63768800,16,57.4,406,30300,402,67800,2315361355,2315361355,332717427,1100,0,0,0,0
2024-10-10,ATIC,Anabatic Technologies Tbk.,--U-2100000000I121------------,402,0,400,396,396,-6,60500,24012400,13,56.6,402,300,396,132200,2315361355,2315361355,332717427,0,0,0,0,0
2024-10-09,ATIC,Anabatic Technologies Tbk.,--U-2100000000I121------------,400,0,402,398,402,2,129000,51551400,11,57.4,402,134300,398,49000,2315361355,2315361355,332717427,0,700,0,0,0
2024-10-08,ATIC,Anabatic Technologies Tbk.,--U-2100000000I121------------,402,0,410,398,400,-2,31800,12732600,21,57.1,400,10000,398,4800,2315361355,2315361355,332717427,0,100,0,0,0
2024-10-07,ATIC,Anabatic Technologies Tbk.,--U-2100000000I121------------,400,0,420,400,402,2,63900,25821400,23,57.4,410,25000,402,100,2315361355,2315361355,332717427,0,0,0,0,0
2024-10-04,ATIC,Anabatic Technologies Tbk.,--U-2100000000I121------------,400,0,402,398,400,0,32500,12947800,11,57.1,400,10000,398,40000,2315361355,2315361355,332717427,0,100,0,0,0
2024-10-03,ATIC,Anabatic Technologies Tbk.,--U-2100000000I121------------,404,0,404,398,400,-4,28400,11391400,20,57.1,408,400,398,205500,2315361355,2315361355,332717427,0,0,0,0,0
2024-10-02,ATIC,Anabatic Technologies Tbk.,--U-2100000000I121------------,402,0,404,400,404,2,70800,28354400,20,57.7,414,900,402,6800,2315361355,2315361355,332717427,0,1000,0,0,0
2024-10-01,ATIC,Anabatic Technologies Tbk.,--U-2100000000I121------------,406,0,412,398,402,-4,61700,24691000,24,57.4,408,3200,402,2000,2315361355,2315361355,332717427,0,1400,0,0,0
2024-09-30,ATIC,Anabatic Technologies Tbk.,--U-2100000000I121------------,400,0,412,400,406,6,39400,15815800,15,58.0,406,5400,400,5500,2315361355,2315361355,333180499,0,15200,0,0,0
2024-09-27,ATIC,Anabatic Technologies Tbk.,--U-2100000000I121------------,402,0,400,396,400,-2,91200,36423600,21,57.1,408,18000,400,6500,2315361355,2315361355,333180499,0,0,0,0,0
2024-09-26,ATIC,Anabatic Technologies Tbk.,--U-2100000000I121------------,404,0,404,398,402,-2,139800,55820600,28,57.4,402,49700,398,77000,2315361355,2315361355,333180499,0,2300,0,0,0
2024-09-25,ATIC,Anabatic Technologies Tbk.,--U-2100000000I121------------,408,0,412,400,404,-4,78300,31633400,41,57.7,406,49400,404,15200,2315361355,2315361355,333180499,7400,4900,0,0,0
2024-09-24,ATIC,Anabatic Technologies Tbk.,--U-2100000000I121------------,410,0,426,404,408,-2,879500,367967400,47,58.3,410,500,408,8900,2315361355,2315361355,333180499,6600,0,0,0,0
2024-09-23,ATIC,Anabatic Technologies Tbk.,--U-2100000000I121------------,412,0,410,402,410,-2,155800,63271800,25,58.6,408,2700,404,18300,2315361355,2315361355,333180499,59000,51100,0,0,0
2024-09-20,ATIC,Anabatic Technologies Tbk.,--U-2100000000I121------------,408,0,412,400,412,4,590500,239801800,75,58.9,410,37200,404,100,2315361355,2315361355,333180499,0,1600,0,0,0
2024-09-19,ATIC,Anabatic Technologies Tbk.,--U-2100000000I121------------,410,0,410,402,408,-2,46600,18794200,27,58.3,406,1500,404,1600,2315361355,2315361355,333180499,0,1200,0,0,0
2024-09-18,ATIC,Anabatic Technologies Tbk.,--U-2100000000I121------------,410,0,412,394,410,0,76500,30842200,34,58.6,408,10500,400,11500,2315361355,2315361355,333180499,0,9700,0,0,0
2024-09-17,ATIC,Anabatic Technologies Tbk.,--U-2100000000I121------------,422,0,422,402,410,-12,73800,30312000,32,58.6,406,13000,404,300,2315361355,2315361355,333180499,0,0,0,0,0
2024-09-13,ATIC,Anabatic Technologies Tbk.,--U-2100000000I121------------,422,0,426,400,422,0,170700,70377600,55,60.3,422,22300,416,1000,2315361355,2315361355,333180499,7500,8100,0,0,0
2024-09-12,ATIC,Anabatic Technologies Tbk.,--U-2100000000I121------------,402,0,426,396,422,20,442000,184450000,136,60.3,422,23300,404,500,2315361355,2315361355,333180499,1600,0,0,0,0
2024-09-11,ATIC,Anabatic Technologies Tbk.,--U-2100000000I121------------,406,0,408,394,402,-4,71500,28528200,44,57.4,400,49000,398,1000,2315361355,2315361355,333180499,0,9600,0,0,0
2024-09-10,ATIC,Anabatic Technologies Tbk.,--U-2100000000I121------------,418,0,426,404,406,-12,76700,31417800,40,58.0,410,9200,406,7900,2315361355,2315361355,333180499,10300,4500,0,0,0
2024-09-09,ATIC,Anabatic Technologies Tbk.,--U-2100000000I121------------,430,0,430,418,418,-12,37400,15743800,28,59.7,418,8600,416,500,2315361355,2315361355,333180499,24000,0,0,0,0
2024-09-06,ATIC,Anabatic Technologies Tbk.,--U-2100000000I121------------,430,0,430,422,430,0,88100,37633200,28,61.4,428,100,422,2000,2315361355,2315361355,333180499,0,0,0,0,0
2024-09-05,ATIC,Anabatic Technologies Tbk.,--U-2100000000I121------------,436,0,436,426,430,-6,49300,21180600,31,61.4,430,7700,428,300,2315361355,2315361355,333180499,0,1300,0,0,0
2024-09-04,ATIC,Anabatic Technologies Tbk.,--U-2100000000I121------------,442,0,436,426,436,-6,47400,20394800,32,62.3,436,1900,428,25400,2315361355,2315361355,333180499,2000,9800,0,0,0
2024-09-03,ATIC,Anabatic Technologies Tbk.,--U-2100000000I121------------,436,0,442,430,442,6,190900,83519600,115,63.1,440,7800,432,500,2315361355,2315361355,333180499,3600,0,0,0,0
2024-09-02,ATIC,Anabatic Technologies Tbk.,--U-2100000000I121------------,410,0,440,398,436,26,412800,176547400,128,62.3,438,4500,436,500,2315361355,2315361355,333180499,0,51800,0,0,0
2024-08-30,ATIC,Anabatic Technologies Tbk.,--U-2100000000I121------------,410,0,426,398,410,0,777200,325876600,128,58.6,412,100,410,800,2315361355,2315361355,333180499,40800,38200,0,0,0
2024-08-29,ATIC,Anabatic Technologies Tbk.,--U-2100000000I121------------,404,0,418,398,410,6,586900,240603600,152,58.6,410,9800,400,600,2315361355,2315361355,333180499,0,100,0,0,0
2024-08-28,ATIC,Anabatic Technologies Tbk.,--U-2100000000I121------------,400,0,420,400,404,4,325000,132484800,88,57.7,404,9800,398,9700,2315361355,2315361355,333180499,16200,6700,0,0,0
2024-08-27,ATIC,Anabatic Technologies Tbk.,--U-2100000000I121------------,398,0,402,386,400,2,443200,177061000,62,57.1,400,2500,388,11900,2315361355,2315361355,333180499,1700,300,0,0,0
2024-08-26,ATIC,Anabatic Technologies Tbk.,--U-2100000000I121------------,398,0,400,382,398,0,184900,73809200,51,56.9,398,5800,388,1900,2315361355,2315361355,333180499,0,100,0,0,0
2024-08-23,ATIC,Anabatic Technologies Tbk.,--U-2100000000I121------------,398,0,400,384,398,0,370400,147253200,38,56.9,398,33400,390,1000,2315361355,2315361355,333180499,0,9700,0,0,0
2024-08-22,ATIC,Anabatic Technologies Tbk.,--U-2100000000I121------------,392,0,400,380,398,6,311800,123006000,76,56.9,398,9400,386,1600,2315361355,2315361355,333180499,9600,1000,0,0,0
2024-08-21,ATIC,Anabatic Technologies Tbk.,--U-2100000000I121------------,384,0,392,376,392,8,148600,57719800,35,56.0,392,58800,378,1000,2315361355,2315361355,333180499,0,9100,0,0,0
2024-08-20,ATIC,Anabatic Technologies Tbk.,--U-2100000000I121------------,378,0,384,378,384,6,46200,17545800,22,54.9,386,7900,376,2100,2315361355,2315361355,333180499,9100,1200,0,0,0
2024-08-19,ATIC,Anabatic Technologies Tbk.,--U-2100000000I121------------,390,0,390,376,378,-12,116000,44184000,81,54.0,386,75100,378,2900,2315361355,2315361355,333180499,0,3100,0,0,0
2024-08-16,ATIC,Anabatic Technologies Tbk.,--U-2100000000I121------------,390,0,394,374,390,0,1254300,470044400,91,55.7,390,208800,378,7000,2315361355,2315361355,333180499,0,300,0,0,0
2024-08-15,ATIC,Anabatic Technologies Tbk.,--U-2100000000I121------------,368,0,392,368,376,8,117700,44857000,82,53.7,378,100,376,10500,2315361355,2315361355,333180499,2500,600,0,0,0
2024-08-14,ATIC,Anabatic Technologies Tbk.,--U-2100000000I121------------,368,0,392,368,376,8,117700,44857000,82,53.7,378,100,376,10500,2315361355,2315361355,333180499,2500,600,0,0,0
2024-08-13,ATIC,Anabatic Technologies Tbk.,--U-2100000000I121------------,368,0,380,364,368,0,456100,167237400,53,52.6,368,1900,366,11100,2315361355,2315361355,333180499,0,2200,0,0,0
2024-08-12,ATIC,Anabatic Technologies Tbk.,--U-2100000000I121------------,360,0,390,358,368,8,165100,62194800,48,52.6,380,2400,368,18700,2315361355,2315361355,333180499,0,0,0,0,0
2024-08-09,ATIC,Anabatic Technologies Tbk.,--U-2100000000I121------------,364,0,360,346,360,-4,112500,39224800,27,51.4,360,3300,348,154700,2315361355,2315361355,333180499,2100,13900,0,0,0
2024-08-08,ATIC,Anabatic Technologies Tbk.,--U-2100000000I121------------,348,0,370,342,364,16,107000,37694800,32,52.0,360,800,350,3300,2315361355,2315361355,333180499,11800,0,0,0,0
2024-08-07,ATIC,Anabatic Technologies Tbk.,--U-2100000000I121------------,338,0,352,338,348,10,49400,16918600,22,49.7,348,3000,338,10700,2315361355,2315361355,333180499,0,0,16752700,5360864000,1
2024-08-06,ATIC,Anabatic Technologies Tbk.,--U-2100000000I121------------,338,0,350,336,338,0,80300,27352800,17,48.3,344,26400,338,7400,2315361355,2315361355,333180499,500,0,0,0,0
2024-08-05,ATIC,Anabatic Technologies Tbk.,--U-2100000000I121------------,352,0,354,338,338,-14,75900,25849600,24,48.3,348,10000,338,6400,2315361355,2315361355,333180499,3400,3600,669800,225052800,1
2024-08-02,ATIC,Anabatic Technologies Tbk.,--U-2100000000I121------------,336,0,354,336,352,16,95700,32854000,44,50.3,350,200,342,11100,2315361355,2315361355,333180499,0,100,0,0,0
2024-08-01,ATIC,Anabatic Technologies Tbk.,--U-2100000000I121------------,336,0,344,336,336,0,114500,38834400,25,48.0,344,6300,338,1100,2315361355,2315361355,333180499,0,0,38900,13226000,1
2024-07-31,ATIC,Anabatic Technologies Tbk.,--U-2100000000I121------------,330,0,342,330,338,8,83400,27990000,24,48.3,340,900,338,44200,2315361355,2315361355,333180499,200,0,0,0,0
2024-07-30,ATIC,Anabatic Technologies Tbk.,--U-2100000000I121------------,330,0,342,330,338,8,83400,27990000,24,48.3,340,900,338,44200,2315361355,2315361355,333180499,200,0,0,0,0
2024-07-27,ATIC,Anabatic Technologies Tbk.,--U-2100000000I121------------,332,0,352,332,344,12,177100,60713800,67,49.1,344,6900,342,30000,2315361355,2315361355,333180499,4400,7300,0,0,0
2024-07-26,ATIC,Anabatic Technologies Tbk.,--U-2100000000I121------------,332,0,352,332,344,12,177100,60713800,67,49.1,344,6900,342,30000,2315361355,2315361355,333180499,4400,7300,0,0,0
2024-07-25,ATIC,Anabatic Technologies Tbk.,--U-2100000000I121------------,336,0,336,332,332,-4,64700,21583000,17,47.4,336,500,332,6700,2315361355,2315361355,333180499,200,0,0,0,0
2024-07-24,ATIC,Anabatic Technologies Tbk.,--U-2100000000I121------------,338,0,338,336,336,-2,42600,14397600,18,48.0,340,5800,338,1000,2315361355,2315361355,333180499,100,0,0,0,0
2024-07-23,ATIC,Anabatic Technologies Tbk.,--U-2100000000I121------------,340,0,340,338,338,-2,55800,18948200,22,48.3,338,1400,336,12000,2315361355,2315361355,333180499,0,0,0,0,0
2024-07-22,ATIC,Anabatic Technologies Tbk.,--U-2100000000I121------------,346,0,344,338,340,-6,69800,23867800,16,48.6,342,16200,340,17600,2315361355,2315361355,333180499,2400,3200,0,0,0
2024-07-19,ATIC,Anabatic Technologies Tbk.,--U-2100000000I121------------,342,0,346,336,346,4,29700,10093400,10,49.4,344,3600,338,200,2315361355,2315361355,333180499,0,10000,0,0,0
2024-07-18,ATIC,Anabatic Technologies Tbk.,--U-2100000000I121------------,336,0,342,336,342,6,30900,10441600,21,48.9,342,4600,336,12900,2315361355,2315361355,333180499,0,400,0,0,0
2024-07-17,ATIC,Anabatic Technologies Tbk.,--U-2100000000I121------------,340,0,350,334,336,-4,46000,15624200,31,48.0,344,1900,334,13000,2315361355,2315361355,333180499,0,0,0,0,0
2024-07-16,ATIC,Anabatic Technologies Tbk.,--U-2100000000I121------------,340,0,340,332,340,0,172400,58491200,21,48.6,340,300,334,5000,2315361355,2315361355,333180499,0,2900,0,0,0
2024-07-12,ATIC,Anabatic Technologies Tbk.,--U-2100000000I121------------,334,0,344,328,330,-4,49900,16592200,14,47.1,334,5000,330,21500,2315361355,2315361355,333180499,100,0,0,0,0
2024-07-11,ATIC,Anabatic Technologies Tbk.,--U-2100000000I121------------,336,0,334,334,334,-2,27400,9151600,6,47.7,344,2000,336,200,2315361355,2315361355,333180499,0,24000,0,0,0
2024-07-10,ATIC,Anabatic Technologies Tbk.,--U-2100000000I121------------,346,0,346,332,336,-10,56100,19204200,31,48.0,342,100,336,400,2315361355,2315361355,333180499,0,6900,0,0,0
2024-07-09,ATIC,Anabatic Technologies Tbk.,--U-2100000000I121------------,324,0,350,324,346,22,209200,70687000,57,49.4,346,38900,340,54400,2315361355,2315361355,333180499,45000,13200,0,0,0
2024-07-08,ATIC,Anabatic Technologies Tbk.,--U-2100000000I121------------,322,0,324,322,324,2,55100,17798800,18,46.3,326,1200,324,9600,2315361355,2315361355,333180499,0,0,0,0,0
2024-07-05,ATIC,Anabatic Technologies Tbk.,--U-2100000000I121------------,324,0,326,320,322,-2,111700,36066400,32,46.0,324,100,322,5000,2315361355,2315361355,333180499,0,33400,0,0,0
2024-07-04,ATIC,Anabatic Technologies Tbk.,--U-2100000000I121------------,320,0,328,318,320,0,50500,16106200,36,45.7,320,6100,318,14700,2315361355,2315361355,333180499,15500,2400,0,0,0
2024-07-03,ATIC,Anabatic Technologies Tbk.,--U-2100000000I121------------,320,0,328,318,320,0,50500,16106200,36,45.7,320,6100,318,14700,2315361355,2315361355,333180499,15500,2400,0,0,0
2024-07-02,ATIC,Anabatic Technologies Tbk.,--U-2100000000I121------------,322,0,338,316,320,-2,84600,27148000,29,45.7,330,4200,320,400,2315361355,2315361355,333180499,10100,9900,0,0,0
2024-07-01,ATIC,Anabatic Technologies Tbk.,--U-2100000000I121------------,322,0,326,308,322,0,87600,27971800,61,46.0,322,200,318,4200,2315361355,2315361355,333180499,12600,0,0,0,0
2024-06-28,ATIC,Anabatic Technologies Tbk.,--U-2100000000I121------------,344,0,344,340,340,-4,38700,13245800,24,48.6,344,11100,340,2200,2315361355,2315361355,333180499,3500,0,0,0,0
2024-06-27,ATIC,Anabatic Technologies Tbk.,--U-2100000000I121------------,350,0,358,340,344,-6,105000,36193200,36,49.1,346,25000,344,9500,2315361355,2315361355,333180499,2900,0,0,0,0
2024-06-26,ATIC,Anabatic Technologies Tbk.,--U-2100000000I121------------,348,0,350,346,350,2,61600,21482400,12,50.0,350,24000,348,1000,2315361355,2315361355,333180499,5700,6900,0,0,0
2024-06-25,ATIC,Anabatic Technologies Tbk.,--U-2100000000I121------------,348,0,350,346,350,2,61600,21482400,12,50.0,350,24000,348,1000,2315361355,2315361355,333180499,5700,6900,0,0,0
2024-06-24,ATIC,Anabatic Technologies Tbk.,--U-2100000000I121------------,346,0,362,346,348,2,6400,2253400,9,49.7,352,25000,348,3500,2315361355,2315361355,333180499,0,0,0,0,0
2024-06-21,ATIC,Anabatic Technologies Tbk.,--U-2100000000I121------------,346,0,346,344,346,0,30600,10587200,21,49.4,364,100,346,300,2315361355,2315361355,333180499,0,5700,0,0,0
2024-06-20,ATIC,Anabatic Technologies Tbk.,--U-2100000000I121------------,346,0,346,342,346,0,111900,38640600,20,49.4,346,1300,344,3700,2315361355,2315361355,333180499,16300,0,0,0,0
2024-06-19,ATIC,Anabatic Technologies Tbk.,--U-2100000000I121------------,350,0,362,346,346,-4,42200,14735600,26,49.4,350,24600,346,12000,2315361355,2315361355,333180499,3700,0,0,0,0
2024-06-14,ATIC,Anabatic Technologies Tbk.,--U-2100000000I121------------,348,0,350,348,350,2,57800,20176000,11,50.0,352,31000,350,600,2315361355,2315361355,333180499,3300,13900,0,0,0
2024-06-13,ATIC,Anabatic Technologies Tbk.,--U-2100000000I121------------,350,0,352,348,348,-2,89400,31265000,19,49.7,350,24100,348,18200,2315361355,2315361355,333180499,22000,0,0,0,0
2024-06-12,ATIC,Anabatic Technologies Tbk.,--U-2100000000I121------------,354,0,352,350,350,-4,15800,5561400,7,50.0,354,25800,350,49900,2315361355,2315361355,333180499,100,0,0,0,0
2024-06-11,ATIC,Anabatic Technologies Tbk.,--U-2100000000I121------------,352,0,354,352,354,2,28200,9926800,13,50.6,358,12000,352,7000,2315361355,2315361355,333180499,200,0,0,0,0
2024-06-10,ATIC,Anabatic Technologies Tbk.,--U-2100000000I121------------,362,0,366,352,352,-10,118400,42069200,31,50.3,362,10300,352,21500,2315361355,2315361355,333180499,14300,13900,0,0,0
2024-06-07,ATIC,Anabatic Technologies Tbk.,--U-2100000000I121------------,360,0,388,360,362,2,68700,25112800,31,51.7,362,5000,360,1200,2315361355,2315361355,333180499,12100,0,0,0,0
2024-06-06,ATIC,Anabatic Technologies Tbk.,--U-2100000000I121------------,356,0,364,356,360,4,41000,14606200,26,51.4,362,4900,358,100,2315361355,2315361355,333180499,3700,0,0,0,0
2024-06-05,ATIC,Anabatic Technologies Tbk.,--U-2100000000I121------------,356,0,364,356,356,0,60600,21588000,16,50.9,358,100,356,44400,2315361355,2315361355,333180499,3200,0,0,0,0
2024-06-04,ATIC,Anabatic Technologies Tbk.,--U-2100000000I121------------,358,0,358,356,356,-2,41900,14971600,8,50.9,358,22400,356,40000,2315361355,2315361355,333180499,3600,0,0,0,0
2024-06-03,ATIC,Anabatic Technologies Tbk.,--U-2100000000I121------------,360,0,368,356,358,-2,76000,27059800,15,51.1,366,7300,358,7300,2315361355,2315361355,333180499,300,0,0,0,0
2024-05-31,ATIC,Anabatic Technologies Tbk.,--U-2100000000I121------------,360,0,360,358,360,0,28300,10186200,9,51.4,370,10000,360,300,2315361355,2315361355,333180499,200,0,0,0,0
2024-05-30,ATIC,Anabatic Technologies Tbk.,--U-1100000000I121------------,358,0,364,358,360,2,36200,12975800,19,51.4,362,1700,360,300,2315361355,2315361355,333180499,2200,0,0,0,0
2024-05-29,ATIC,Anabatic Technologies Tbk.,--U-1100000000I121------------,360,0,360,358,358,-2,122200,43933400,27,51.1,360,24400,358,12000,2315361355,2315361355,333180499,3500,0,0,0,0
2024-05-28,ATIC,Anabatic Technologies Tbk.,--U-1100000000I121------------,362,0,362,360,360,-2,47600,17188400,18,51.4,362,37100,360,38900,2315361355,2315361355,333180499,4500,0,0,0,0
2024-05-27,ATIC,Anabatic Technologies Tbk.,--U-1100000000I121------------,366,0,366,362,362,-4,107900,39309400,29,51.7,366,19500,362,60300,2315361355,2315361355,333180499,3400,3900,0,0,0
2024-05-22,ATIC,Anabatic Technologies Tbk.,--U-1100000000I121------------,362,0,366,360,366,4,61900,22422200,14,52.3,378,2000,364,14100,2315361355,2315361355,333180499,0,0,0,0,0
2024-05-21,ATIC,Anabatic Technologies Tbk.,--U-1100000000I121------------,364,0,364,362,362,-2,24600,8931000,23,51.7,364,47400,362,6400,2315361355,2315361355,333180499,0,0,0,0,0
2024-05-20,ATIC,Anabatic Technologies Tbk.,--U-1100000000I121------------,368,0,368,364,364,-4,103700,37923800,30,52.0,376,3800,364,42500,2315361355,2315361355,333180499,0,0,0,0,0
2024-05-17,ATIC,Anabatic Technologies Tbk.,--U-1100000000I121------------,368,0,374,366,368,0,80600,29663800,30,52.6,372,1600,366,14900,2315361355,2315361355,333180499,2400,29300,0,0,0
2024-05-16,ATIC,Anabatic Technologies Tbk.,--U-1100000000I121------------,362,0,378,362,368,6,63400,23459400,17,52.6,370,15400,368,3000,2315361355,2315361355,333180499,2100,0,0,0,0
2024-05-15,ATIC,Anabatic Technologies Tbk.,--U-1100000000I121------------,368,0,368,360,362,-6,47900,17526400,20,51.7,366,2500,362,19500,2315361355,2315361355,333180499,1700,0,0,0,0
2024-05-14,ATIC,Anabatic Technologies Tbk.,--U-1100000000I121------------,368,0,370,368,368,0,9900,3657000,7,52.6,370,43200,368,24200,2315361355,2315361355,333180499,0,0,0,0,0
2024-05-13,ATIC,Anabatic Technologies Tbk.,--U-1100000000I121------------,376,0,376,368,368,-8,55300,20551600,19,52.6,368,40100,366,500,2315361355,2315361355,333180499,6800,0,0,0,0
2024-05-08,ATIC,Anabatic Technologies Tbk.,--U-1100000000I121------------,378,0,378,370,376,-2,20100,7492200,12,53.7,376,2800,374,17300,2315361355,2315361355,333180499,1100,0,0,0,0
2024-05-07,ATIC,Anabatic Technologies Tbk.,--U-1100000000I121------------,376,0,378,376,378,2,60600,22805600,12,54.0,378,4000,374,18000,2315361355,2315361355,333180499,0,5000,0,0,0
2024-05-06,ATIC,Anabatic Technologies Tbk.,--U-1100000000I121------------,380,0,378,372,376,-4,29000,10902600,17,53.7,378,10000,376,4200,2315361355,2315361355,333180499,5000,0,0,0,0
2024-05-03,ATIC,Anabatic Technologies Tbk.,--U-1100000000I121------------,384,0,384,376,380,-4,31500,11904400,15,54.3,380,8800,378,100,2315361355,2315361355,333180499,8600,0,0,0,0
2024-05-02,ATIC,Anabatic Technologies Tbk.,--U-1100000000I121------------,386,0,388,376,384,-2,48600,18468400,24,54.9,384,1800,376,10100,2315361355,2315361355,333180499,13900,0,0,0,0
2024-04-30,ATIC,Anabatic Technologies Tbk.,--U-1100000000I121------------,378,0,386,378,386,8,32100,12168600,9,55.1,386,1900,380,1300,2315361355,2315361355,333180499,0,0,0,0,0
2024-04-29,ATIC,Anabatic Technologies Tbk.,--U-1100000000I121------------,380,0,380,378,378,-2,52700,19923400,12,54.0,380,12300,378,5200,2315361355,2315361355,333180499,0,1400,0,0,0
2024-04-26,ATIC,Anabatic Technologies Tbk.,--U-1100000000I121------------,378,0,396,370,380,2,39900,15114000,12,54.3,394,1000,380,5800,2315361355,2315361355,333180499,0,0,0,0,0
2024-04-25,ATIC,Anabatic Technologies Tbk.,--U-1100000000I121------------,378,0,380,372,378,0,2900,1095800,4,54.0,378,14300,372,8500,2315361355,2315361355,333180499,0,0,0,0,0
2024-04-24,ATIC,Anabatic Technologies Tbk.,--U-1100000000I121------------,376,0,378,368,378,2,55500,20775600,19,54.0,378,24900,372,2000,2315361355,2315361355,333180499,4100,2100,0,0,0
2024-04-23,ATIC,Anabatic Technologies Tbk.,--U-1100000000I121------------,376,0,378,376,376,0,17800,6700200,5,53.7,378,800,376,2100,2315361355,2315361355,333180499,0,0,0,0,0
2024-04-22,ATIC,Anabatic Technologies Tbk.,--U-1100000000I121------------,378,0,378,372,376,-2,12200,4606800,6,53.7,378,9500,376,3700,2315361355,2315361355,333180499,0,0,0,0,0
2024-04-19,ATIC,Anabatic Technologies Tbk.,--U-1100000000I121------------,378,0,378,370,378,0,31300,11658600,15,54.0,378,9200,370,2500,2315361355,2315361355,333180499,2000,0,0,0,0
2024-04-18,ATIC,Anabatic Technologies Tbk.,--U-1100000000I121------------,376,0,378,376,378,2,6700,2526400,15,54.0,378,5100,376,200,2315361355,2315361355,333180499,1000,0,0,0,0
2024-04-17,ATIC,Anabatic Technologies Tbk.,--U-1100000000I121------------,386,0,382,368,376,-10,111900,41595600,53,53.7,376,9400,368,39400,2315361355,2315361355,333180499,4000,4300,0,0,0
2024-04-06,ATIC,Anabatic Technologies Tbk.,--U-1100000000I121------------,394,0,396,370,394,0,5800,2223600,15,56.3,392,900,376,1300,2315361355,2315361355,333180499,0,0,0,0,0
2024-04-05,ATIC,Anabatic Technologies Tbk.,--U-1100000000I121------------,394,0,396,370,394,0,5800,2223600,15,56.3,392,900,376,1300,2315361355,2315361355,333180499,0,0,0,0,0
2024-04-04,ATIC,Anabatic Technologies Tbk.,--U-1100000000I121------------,386,0,396,386,394,8,73800,28782200,43,56.3,394,12700,388,500,2315361355,2315361355,333180499,18000,0,0,0,0
2024-04-03,ATIC,Anabatic Technologies Tbk.,--U-1100000000I121------------,376,0,390,374,386,10,33600,12802000,23,55.1,386,20700,378,100,2315361355,2315361355,333180499,0,4200,0,0,0
2024-04-02,ATIC,Anabatic Technologies Tbk.,--U-1100000000I121------------,364,0,384,370,376,12,73600,27748800,51,53.7,376,13100,374,13200,2315361355,2315361355,333180499,900,18700,0,0,0
2024-04-01,ATIC,Anabatic Technologies Tbk.,--U-1100000000I121------------,378,0,450,352,364,-14,1063600,430038000,553,52.0,364,100,362,2600,2315361355,2315361355,333180499,37300,10100,0,0,0
2024-03-28,ATIC,Anabatic Technologies Tbk.,--U-1100000000I121------------,372,0,384,372,378,6,37500,14281400,17,54.0,378,12400,376,2100,2315361355,2315361355,335032788,800,0,0,0,0
2024-03-27,ATIC,Anabatic Technologies Tbk.,--U-1100000000I121------------,384,0,382,370,372,-12,36800,13712800,22,53.1,378,2700,370,9200,2315361355,2315361355,335032788,2900,0,0,0,0
2024-03-26,ATIC,Anabatic Technologies Tbk.,--U-1100000000I121------------,380,0,384,378,384,4,17200,6507000,12,54.9,382,5000,378,1300,2315361355,2315361355,335032788,0,0,0,0,0
2024-03-22,ATIC,Anabatic Technologies Tbk.,--U-1100000000I121------------,380,0,378,378,378,-2,4300,1625400,5,54.0,380,15500,378,400,2315361355,2315361355,335032788,0,0,0,0,0
2024-03-21,ATIC,Anabatic Technologies Tbk.,--U-1100000000I121------------,370,0,380,372,380,10,27700,10397800,8,54.3,380,21800,374,10000,2315361355,2315361355,335032788,0,0,0,0,0
2024-03-20,ATIC,Anabatic Technologies Tbk.,--U-1100000000I121------------,370,0,370,368,370,0,25100,9286000,11,52.9,378,100,370,2000,2315361355,2315361355,335032788,0,0,0,0,0
2024-03-19,ATIC,Anabatic Technologies Tbk.,--U-1100000000I121------------,374,0,380,366,370,-4,46500,17136600,21,52.9,372,5600,366,7100,2315361355,2315361355,335032788,5500,1800,0,0,0
2024-03-18,ATIC,Anabatic Technologies Tbk.,--U-1100000000I121------------,374,0,376,370,374,0,43900,16443000,21,53.4,374,21500,372,3500,2315361355,2315361355,335032788,100,0,0,0,0
2024-03-15,ATIC,Anabatic Technologies Tbk.,--U-1100000000I121------------,376,0,376,372,374,-2,19600,7353200,14,53.4,376,9600,374,2600,2315361355,2315361355,335032788,100,0,0,0,0
2024-03-14,ATIC,Anabatic Technologies Tbk.,--U-1100000000I121------------,374,0,386,374,376,2,23100,8668800,17,53.7,376,4000,374,7600,2315361355,2315361355,335032788,0,2000,0,0,0
2024-03-13,ATIC,Anabatic Technologies Tbk.,--U-1100000000I121------------,374,0,388,374,374,0,32900,12550000,14,53.4,386,200,374,2200,2315361355,2315361355,335032788,100,0,0,0,0
2024-03-08,ATIC,Anabatic Technologies Tbk.,--U-1100000000I121------------,374,0,390,374,374,0,60900,23482600,24,53.4,390,13200,374,8800,2315361355,2315361355,335032788,4000,0,0,0,0
2024-03-07,ATIC,Anabatic Technologies Tbk.,--U-1100000000I121------------,378,0,378,372,374,-4,22600,8472400,20,53.4,380,10000,374,10400,2315361355,2315361355,335032788,1100,3500,0,0,0
2024-03-06,ATIC,Anabatic Technologies Tbk.,--U-1100000000I121------------,382,0,390,368,378,-4,101500,38323200,46,54.0,378,400,376,2800,2315361355,2315361355,335032788,6000,5200,0,0,0
2024-03-05,ATIC,Anabatic Technologies Tbk.,--U-1100000000I121------------,382,0,382,380,382,0,8600,3280600,10,54.6,384,20000,382,200,2315361355,2315361355,335032788,1000,0,0,0,0
2024-03-04,ATIC,Anabatic Technologies Tbk.,--U-1100000000I121------------,380,0,382,380,382,2,10200,3882600,15,54.6,382,18100,380,8900,2315361355,2315361355,335032788,0,1200,0,0,0
2024-03-01,ATIC,Anabatic Technologies Tbk.,--U-1100000000I121------------,384,0,390,380,380,-4,6500,2499200,6,54.3,390,3800,380,3800,2315361355,2315361355,335032788,0,0,0,0,0
2024-02-29,ATIC,Anabatic Technologies Tbk.,--U-1100000000I121------------,388,0,388,380,384,-4,21900,8365000,17,54.9,384,3900,382,19500,2315361355,2315361355,335032788,0,1000,0,0,0
2024-02-28,ATIC,Anabatic Technologies Tbk.,--U-1100000000I121------------,390,0,398,390,390,0,23600,9226400,12,55.7,390,7300,388,2700,2315361355,2315361355,335032788,0,0,0,0,0
2024-02-27,ATIC,Anabatic Technologies Tbk.,--U-1100000000I121------------,390,0,398,390,390,0,23600,9226400,12,55.7,390,7300,388,2700,2315361355,2315361355,335032788,0,0,0,0,0
2024-02-26,ATIC,Anabatic Technologies Tbk.,--U-1100000000I121------------,388,0,394,386,390,2,75800,29600800,28,55.7,390,8400,388,3200,2315361355,2315361355,335032788,11900,2200,0,0,0
2024-02-23,ATIC,Anabatic Technologies Tbk.,--U-1100000000I121------------,382,0,402,384,388,6,48600,18975400,27,55.4,392,7500,388,3100,2315361355,2315361355,335032788,3600,9700,0,0,0
2024-02-22,ATIC,Anabatic Technologies Tbk.,--U-1100000000I121------------,398,0,398,382,382,-16,106100,41324600,56,54.6,392,10000,384,1700,2315361355,2315361355,335032788,17600,7800,0,0,0
2024-02-21,ATIC,Anabatic Technologies Tbk.,--U-1100000000I121------------,412,0,412,398,398,-14,64000,25701000,35,56.9,400,8000,398,5000,2315361355,2315361355,335032788,9400,0,0,0,0
2024-02-20,ATIC,Anabatic Technologies Tbk.,--U-1100000000I121------------,406,0,440,400,412,6,464000,190928600,110,58.9,412,17600,410,10000,2315361355,2315361355,335032788,8200,3900,0,0,0
2024-02-19,ATIC,Anabatic Technologies Tbk.,--U-1100000000I121------------,404,0,410,396,406,2,205700,83220400,72,58.0,406,3000,404,4200,2315361355,2315361355,335032788,2000,0,0,0,0
2024-02-16,ATIC,Anabatic Technologies Tbk.,--U-1100000000I121------------,394,0,418,394,404,10,7200,2942400,17,57.7,404,2400,398,500,2315361355,2315361355,335032788,0,0,0,0,0
2024-02-15,ATIC,Anabatic Technologies Tbk.,--U-1100000000I121------------,400,0,400,392,394,-6,42700,16915400,11,56.3,402,2400,394,25900,2315361355,2315361355,335032788,100,14900,0,0,0
2024-02-13,ATIC,Anabatic Technologies Tbk.,--U-1100000000I121------------,400,0,400,392,396,-4,18700,7407200,26,56.6,398,1500,394,1000,2315361355,2315361355,335032788,2500,1800,0,0,0
2024-02-12,ATIC,Anabatic Technologies Tbk.,--U-1100000000I121------------,400,0,400,392,396,-4,18700,7407200,26,56.6,398,1500,394,1000,2315361355,2315361355,335032788,2500,1800,0,0,0
2024-02-07,ATIC,Anabatic Technologies Tbk.,--U-1100000000I121------------,394,0,412,394,400,6,180200,72577200,69,57.1,400,2400,396,9300,2315361355,2315361355,335032788,2900,9800,0,0,0
2024-02-06,ATIC,Anabatic Technologies Tbk.,--U-1100000000I121------------,398,0,396,390,394,-4,14100,5528000,12,56.3,396,19800,390,13000,2315361355,2315361355,335032788,1700,0,0,0,0
2024-02-05,ATIC,Anabatic Technologies Tbk.,--U-1100000000I121------------,392,0,400,392,398,6,2800,1116800,5,56.9,400,18700,396,600,2315361355,2315361355,335032788,0,0,0,0,0
2024-02-02,ATIC,Anabatic Technologies Tbk.,--U-1100000000I121------------,392,0,392,392,392,0,5000,1960000,4,56.0,392,25500,390,3100,2315361355,2315361355,335032788,0,0,0,0,0
2024-02-01,ATIC,Anabatic Technologies Tbk.,--U-1100000000I121------------,400,0,400,392,392,-8,4200,1669800,8,56.0,404,200,392,1800,2315361355,2315361355,335032788,2200,0,0,0,0
2024-01-31,ATIC,Anabatic Technologies Tbk.,--U-1100000000I121------------,400,0,400,392,392,-8,4200,1669800,8,56.0,404,200,392,1800,2315361355,2315361355,335032788,2200,0,0,0,0
2024-01-30,ATIC,Anabatic Technologies Tbk.,--U-1100000000I121------------,404,0,404,400,400,-4,5700,2282000,10,57.1,398,300,396,400,2315361355,2315361355,335032788,1400,0,0,0,0
2024-01-29,ATIC,Anabatic Technologies Tbk.,--U-1100000000I121------------,396,0,408,392,404,8,11600,4606400,18,57.7,406,3900,404,400,2315361355,2315361355,335032788,0,3900,0,0,0
2024-01-26,ATIC,Anabatic Technologies Tbk.,--U-1100000000I121------------,394,0,400,392,396,2,11800,4662600,17,56.6,396,6300,392,1200,2315361355,2315361355,335032788,0,1000,0,0,0
2024-01-25,ATIC,Anabatic Technologies Tbk.,--U-1100000000I121------------,396,0,410,394,394,-2,27200,10777800,16,56.3,396,900,394,600,2315361355,2315361355,335032788,100,0,0,0,0
2024-01-24,ATIC,Anabatic Technologies Tbk.,--U-1100000000I121------------,404,0,400,390,396,-8,13300,5296200,12,56.6,404,20600,396,2400,2315361355,2315361355,335032788,0,2800,0,0,0
2024-01-23,ATIC,Anabatic Technologies Tbk.,--U-1100000000I121------------,404,0,408,400,404,0,24600,9892600,25,57.7,404,2700,400,900,2315361355,2315361355,335032788,3700,0,0,0,0
2024-01-22,ATIC,Anabatic Technologies Tbk.,--U-1100000000I121------------,394,0,420,392,404,10,26600,10854800,32,57.7,404,3000,402,800,2315361355,2315361355,335032788,1000,1600,0,0,0
2024-01-19,ATIC,Anabatic Technologies Tbk.,--U-1100000000I121------------,394,0,420,388,394,0,27800,11227800,38,56.3,406,10000,394,6000,2315361355,2315361355,335032788,4500,0,0,0,0
2024-01-18,ATIC,Anabatic Technologies Tbk.,--U-1100000000I121------------,396,0,410,390,394,-2,32800,12860800,31,56.3,394,2500,388,2700,2315361355,2315361355,335032788,1700,2900,0,0,0
2024-01-17,ATIC,Anabatic Technologies Tbk.,--U-1100000000I121------------,400,0,408,394,396,-4,21200,8414200,25,56.6,398,1500,394,2100,2315361355,2315361355,335032788,900,0,0,0,0
2024-01-16,ATIC,Anabatic Technologies Tbk.,--U-1100000000I121------------,398,0,410,400,400,2,14100,5684400,29,57.1,400,300,398,2500,2315361355,2315361355,335032788,1100,400,0,0,0
2024-01-15,ATIC,Anabatic Technologies Tbk.,--U-1100000000I121------------,402,0,400,390,398,-4,41800,16672000,19,56.9,398,21200,396,1500,2315361355,2315361355,335032788,5800,0,0,0,0
2024-01-12,ATIC,Anabatic Technologies Tbk.,--U-1100000000I121------------,400,0,408,396,402,2,26700,10720600,22,57.4,408,900,396,200,2315361355,2315361355,335032788,0,0,0,0,0
2024-01-11,ATIC,Anabatic Technologies Tbk.,--U-1100000000I121------------,418,0,420,394,400,-18,136400,55422200,98,57.1,408,5000,396,2100,2315361355,2315361355,335032788,0,0,0,0,0
2024-01-10,ATIC,Anabatic Technologies Tbk.,--U-1100000000I121------------,386,0,458,384,418,32,679800,283892000,458,59.7,418,6900,416,2500,2315361355,2315361355,335032788,27700,33500,0,0,0
2024-01-09,ATIC,Anabatic Technologies Tbk.,--U-1100000000I121------------,412,0,410,370,386,-26,263300,102497800,104,55.1,386,2700,384,10100,2315361355,2315361355,335032788,10000,25900,0,0,0
2024-01-08,ATIC,Anabatic Technologies Tbk.,--U-1100000000I121------------,426,0,420,400,412,-14,85900,35119800,61,58.9,412,25200,406,2100,2315361355,2315361355,335032788,0,10900,0,0,0
2024-01-05,ATIC,Anabatic Technologies Tbk.,--U-1100000000I121------------,450,0,452,404,426,-24,242000,103348600,109,60.9,426,400,414,500,2315361355,2315361355,335032788,4200,30200,0,0,0
2024-01-04,ATIC,Anabatic Technologies Tbk.,--U-1100000000I121------------,460,0,450,442,450,-10,214300,95724800,66,64.3,450,54100,448,16900,2315361355,2315361355,335032788,0,20000,0,0,0
2024-01-03,ATIC,Anabatic Technologies Tbk.,--U-1100000000I121------------,478,0,478,444,460,-18,240400,109525200,98,65.7,460,249300,454,4000,2315361355,2315361355,335032788,600,36500,0,0,0
2024-01-02,ATIC,Anabatic Technologies Tbk.,--U-1100000000I121------------,500,0,510,462,478,-22,255600,123523500,140,68.3,478,282200,466,1900,2315361355,2315361355,335032788,11700,43100,0,0,0
2023-12-29,ATIC,Anabatic Technologies Tbk.,--U-1100000000I121------------,496,0,565,450,500,4,3422700,1751598100,1386,71.4,500,31400,498,1500,2315361355,2315361355,335264324,99000,94500,0,0,0
2023-12-28,ATIC,Anabatic Technologies Tbk.,--U-1100000000I121------------,498,0,515,464,496,-2,1348700,661098900,738,70.9,496,87300,494,500,2315361355,2315361355,335264324,70300,67700,0,0,0
2023-12-27,ATIC,Anabatic Technologies Tbk.,--U-1100000000I121------------,416,0,520,418,498,82,6333100,3015746200,2950,71.1,500,217400,498,109700,2315361355,2315361355,335264324,190200,202100,0,0,0
2023-12-22,ATIC,Anabatic Technologies Tbk.,--U-1100000000I121------------,360,0,450,360,416,56,4348400,1809976200,1583,59.4,418,5000,416,229900,2315361355,2315361355,335264324,126900,136200,0,0,0
2023-12-21,ATIC,Anabatic Technologies Tbk.,--U-1100000000I121------------,360,0,378,360,360,0,273300,100237000,57,51.4,372,15000,360,68000,2315361355,2315361355,335264324,3900,0,0,0,0
2023-12-20,ATIC,Anabatic Technologies Tbk.,--U-1100000000I121------------,358,0,360,352,360,2,73500,26089400,22,51.4,362,14800,356,7800,2315361355,2315361355,335264324,1300,2200,0,0,0
2023-12-19,ATIC,Anabatic Technologies Tbk.,--U-1100000000I121------------,362,0,362,354,358,-4,1200,428800,6,51.1,362,8800,358,1500,2315361355,2315361355,335264324,0,0,0,0,0
2023-12-18,ATIC,Anabatic Technologies Tbk.,--U-1100000000I121------------,352,0,362,354,362,10,41600,14843800,26,51.7,360,1000,356,1800,2315361355,2315361355,335264324,1200,0,0,0,0
2023-12-15,ATIC,Anabatic Technologies Tbk.,--U-1100000000I121------------,354,0,370,352,352,-2,31800,11733600,6,50.3,368,2000,352,16800,2315361355,2315361355,335264324,0,0,0,0,0
2023-12-14,ATIC,Anabatic Technologies Tbk.,--U-1100000000I121------------,364,0,370,354,354,-10,53400,19704800,21,50.6,368,6300,354,18000,2315361355,2315361355,335264324,15400,0,0,0,0
2023-12-13,ATIC,Anabatic Technologies Tbk.,--U-1100000000I121------------,352,0,364,352,364,12,3700,1310600,8,52.0,364,15900,356,300,2315361355,2315361355,335264324,0,0,0,0,0
2023-12-12,ATIC,Anabatic Technologies Tbk.,--U-1100000000I121------------,356,0,370,352,352,-4,180300,65039600,31,50.3,354,39400,350,24200,2315361355,2315361355,335264324,5100,0,0,0,0
2023-12-11,ATIC,Anabatic Technologies Tbk.,--U-1100000000I121------------,358,0,360,354,356,-2,14000,4969400,8,50.9,356,5900,354,3000,2315361355,2315361355,335264324,0,1500,0,0,0
2023-12-08,ATIC,Anabatic Technologies Tbk.,--U-1100000000I121------------,360,0,360,358,358,-2,16100,5793000,11,51.1,360,400,358,3500,2315361355,2315361355,335264324,1000,2400,0,0,0
2023-12-07,ATIC,Anabatic Technologies Tbk.,--U-1100000000I121------------,360,0,360,360,360,0,28400,10224000,6,51.4,360,44300,358,5000,2315361355,2315361355,335264324,0,0,0,0,0
2023-12-06,ATIC,Anabatic Technologies Tbk.,--U-1100000000I121------------,366,0,374,360,360,-6,44500,16326600,15,51.4,372,5500,360,12200,2315361355,2315361355,335264324,0,13400,0,0,0
2023-12-05,ATIC,Anabatic Technologies Tbk.,--U-1100000000I121------------,374,0,376,364,366,-8,28100,10293600,10,52.3,366,17100,364,8200,2315361355,2315361355,335264324,2500,3000,0,0,0
2023-12-04,ATIC,Anabatic Technologies Tbk.,--U-1100000000I121------------,360,0,378,360,374,14,44600,16734800,16,53.4,372,1900,370,1000,2315361355,2315361355,335264324,19300,2400,0,0,0
2023-12-01,ATIC,Anabatic Technologies Tbk.,--U-1100000000I121------------,370,0,378,360,360,-10,48900,17914400,24,51.4,366,1900,362,800,2315361355,2315361355,335264324,0,6300,0,0,0
2023-11-30,ATIC,Anabatic Technologies Tbk.,--U-1130000000I121------------,368,0,372,360,370,2,34300,12556200,22,52.9,370,4100,360,92100,2315361355,2315361355,335264324,0,13100,0,0,0
2023-11-29,ATIC,Anabatic Technologies Tbk.,--U-1130000000I121------------,360,0,368,360,368,8,52700,19208800,28,52.6,370,2400,368,7600,2315361355,2315361355,335264324,0,6100,0,0,0
2023-11-28,ATIC,Anabatic Technologies Tbk.,--U-1130000000I121------------,362,0,372,360,360,-2,83200,30277800,28,51.4,366,3500,362,3000,2315361355,2315361355,335264324,0,10300,0,0,0
2023-11-27,ATIC,Anabatic Technologies Tbk.,--U-1130000000I121------------,358,0,370,354,362,4,30000,11011600,21,51.7,368,41200,362,5200,2315361355,2315361355,335264324,0,900,0,0,0
2023-11-24,ATIC,Anabatic Technologies Tbk.,--U-1130000000I121------------,358,0,380,358,358,0,114000,42070400,44,51.1,374,2900,360,10000,2315361355,2315361355,335264324,18900,5000,0,0,0
2023-11-23,ATIC,Anabatic Technologies Tbk.,--U-1130000000I121------------,350,0,360,354,358,8,49300,17616200,22,51.1,358,32000,356,3900,2315361355,2315361355,335264324,0,2000,0,0,0
2023-11-22,ATIC,Anabatic Technologies Tbk.,--U-1130000000I121------------,350,0,352,350,350,0,300,105400,3,50.0,356,100,350,61000,2315361355,2315361355,335264324,0,0,0,0,0
2023-11-21,ATIC,Anabatic Technologies Tbk.,--U-1130000000I121------------,352,0,352,350,350,-2,2300,805600,3,50.0,358,100,350,43900,2315361355,2315361355,335264324,0,0,0,0,0
2023-11-20,ATIC,Anabatic Technologies Tbk.,--U-1130000000I121------------,358,0,358,352,352,-6,7600,2675800,6,50.3,360,3500,352,9100,2315361355,2315361355,335264324,0,1300,0,0,0
2023-11-17,ATIC,Anabatic Technologies Tbk.,--U-1130000000I121------------,352,0,360,358,358,6,23700,8529000,11,51.1,358,8700,356,6000,2315361355,2315361355,335264324,0,1100,0,0,0
2023-11-16,ATIC,Anabatic Technologies Tbk.,--U-1130000000I121------------,356,0,352,350,352,-4,13400,4693200,10,50.3,358,200,352,8900,2315361355,2315361355,335264324,0,0,0,0,0
2023-11-15,ATIC,Anabatic Technologies Tbk.,--U-1130000000I121------------,358,0,358,350,356,-2,7800,2757400,9,50.9,358,3200,356,6600,2315361355,2315361355,335264324,0,0,0,0,0
2023-11-14,ATIC,Anabatic Technologies Tbk.,--U-1130000000I121------------,358,0,358,350,358,0,34500,12093400,7,51.1,358,11800,350,118700,2315361355,2315361355,335264324,0,100,0,0,0
2023-11-13,ATIC,Anabatic Technologies Tbk.,--U-1130000000I121------------,360,0,362,350,358,-2,44700,15795600,16,51.1,358,6600,352,17500,2315361355,2315361355,335264324,0,1600,0,0,0
2023-11-10,ATIC,Anabatic Technologies Tbk.,--U-1130000000I121------------,352,0,360,350,360,8,14300,5120000,7,51.4,360,1400,354,8500,2315361355,2315361355,335264324,0,0,0,0,0
2023-11-09,ATIC,Anabatic Technologies Tbk.,--U-1130000000I121------------,366,0,366,352,352,-14,302100,106946600,39,50.3,360,500,352,13600,2315361355,2315361355,335264324,0,3300,0,0,0
2023-11-08,ATIC,Anabatic Technologies Tbk.,--U-1130000000I121------------,350,0,410,350,366,16,137400,50710200,97,52.3,366,2200,356,4700,2315361355,2315361355,335264324,3600,3000,0,0,0
2023-11-07,ATIC,Anabatic Technologies Tbk.,--U-1130000000I121------------,350,0,356,342,350,0,16900,5887000,11,50.0,354,500,342,2700,2315361355,2315361355,335264324,200,0,0,0,0
2023-11-06,ATIC,Anabatic Technologies Tbk.,--U-1130000000I121------------,348,0,358,350,350,2,8700,3045800,8,50.0,356,500,348,12600,2315361355,2315361355,335264324,0,0,0,0,0
2023-11-03,ATIC,Anabatic Technologies Tbk.,--U-1130000000I121------------,354,0,356,348,348,-6,4000,1396200,8,49.7,354,900,348,2800,2315361355,2315361355,335264324,0,0,0,0,0
2023-11-02,ATIC,Anabatic Technologies Tbk.,--U-1130000000I121------------,348,0,354,342,354,6,51300,17889800,13,50.6,354,21200,346,10000,2315361355,2315361355,335264324,0,8800,0,0,0
2023-11-01,ATIC,Anabatic Technologies Tbk.,--U-1130000000I121------------,350,0,350,344,348,-2,112300,39063600,15,49.7,348,1400,344,6900,2315361355,2315361355,335264324,94500,100,0,0,0
2023-10-31,ATIC,Anabatic Technologies Tbk.,--U-1130000000I121------------,342,0,350,342,350,8,8600,3001800,12,50.0,350,20000,346,700,2315361355,2315361355,335264324,0,0,0,0,0
2023-10-30,ATIC,Anabatic Technologies Tbk.,--U-1130000000I121------------,342,0,350,338,342,0,36400,12592600,18,48.9,348,4100,342,9000,2315361355,2315361355,335264324,0,9200,0,0,0
2023-10-27,ATIC,Anabatic Technologies Tbk.,--U-1130000000I121------------,346,0,358,342,342,-4,12900,4433200,11,48.9,350,1100,342,2100,2315361355,2315361355,335264324,1000,0,0,0,0
2023-10-26,ATIC,Anabatic Technologies Tbk.,--U-1130000000I121------------,348,0,346,346,346,-2,2500,865000,3,49.4,350,2000,344,2700,2315361355,2315361355,335264324,0,0,0,0,0
2023-10-25,ATIC,Anabatic Technologies Tbk.,--U-1130000000I121------------,348,0,348,344,348,0,14100,4905400,9,49.7,350,10000,348,2500,2315361355,2315361355,335264324,0,200,0,0,0
2023-10-24,ATIC,Anabatic Technologies Tbk.,--U-1130000000I121------------,344,0,348,344,348,4,29400,10217600,23,49.7,350,700,348,3600,2315361355,2315361355,335264324,0,5300,0,0,0
2023-10-23,ATIC,Anabatic Technologies Tbk.,--U-1130000000I121------------,342,0,354,342,344,2,11200,3873400,8,49.1,354,1400,342,19200,2315361355,2315361355,335264324,0,800,0,0,0
2023-10-20,ATIC,Anabatic Technologies Tbk.,--U-1130000000I121------------,338,0,348,334,342,4,175000,59497600,34,48.9,348,2100,340,2000,2315361355,2315361355,335264324,40600,1100,0,0,0
2023-10-19,ATIC,Anabatic Technologies Tbk.,--U-1130000000I121------------,352,0,356,338,338,-14,184600,63344800,79,48.3,344,2900,338,6100,2315361355,2315361355,335264324,6100,200,0,0,0
2023-10-18,ATIC,Anabatic Technologies Tbk.,--U-1130000000I121------------,350,0,354,350,352,2,101200,35614400,17,50.3,354,400,352,200,2315361355,2315361355,335264324,0,1400,0,0,0
2023-10-17,ATIC,Anabatic Technologies Tbk.,--U-1130000000I121------------,350,0,350,350,350,0,458000,160300000,13,50.0,354,1000,350,4500,2315361355,2315361355,335264324,0,0,0,0,0
2023-10-16,ATIC,Anabatic Technologies Tbk.,--U-1130000000I121------------,350,0,350,350,350,0,3200,1120000,8,50.0,358,16000,350,2100,2315361355,2315361355,335264324,1000,0,0,0,0
2023-10-13,ATIC,Anabatic Technologies Tbk.,--U-1130000000I121------------,350,0,350,350,350,0,22500,7875000,21,50.0,356,6000,350,1400,2315361355,2315361355,335264324,0,0,0,0,0
2023-10-12,ATIC,Anabatic Technologies Tbk.,--U-1130000000I121------------,354,0,360,350,350,-4,24100,8627200,14,50.0,358,900,350,6300,2315361355,2315361355,335264324,0,0,0,0,0
2023-10-11,ATIC,Anabatic Technologies Tbk.,--U-1130000000I121------------,354,0,354,354,354,0,3000,1062000,5,50.6,358,3900,354,2800,2315361355,2315361355,335264324,0,0,0,0,0
2023-10-10,ATIC,Anabatic Technologies Tbk.,--U-1130000000I121------------,354,0,354,350,354,0,14900,5256200,8,50.6,354,2600,350,16300,2315361355,2315361355,335264324,0,1700,0,0,0
2023-10-09,ATIC,Anabatic Technologies Tbk.,--U-1130000000I121------------,356,0,354,350,354,-2,36300,12726800,14,50.6,356,32200,354,1000,2315361355,2315361355,335264324,0,100,0,0,0
2023-10-06,ATIC,Anabatic Technologies Tbk.,--U-1130000000I121------------,350,0,356,352,356,6,24200,8529400,8,50.9,356,25200,352,1500,2315361355,2315361355,335264324,0,100,0,0,0
2023-10-05,ATIC,Anabatic Technologies Tbk.,--U-1130000000I121------------,352,0,360,342,350,-2,128400,44779800,25,50.0,356,10300,348,10000,2315361355,2315361355,335264324,1500,100,0,0,0
2023-10-04,ATIC,Anabatic Technologies Tbk.,--U-1130000000I121------------,360,0,360,352,352,-8,20400,7227200,16,50.3,362,10000,352,3700,2315361355,2315361355,335264324,1500,0,0,0,0
2023-10-03,ATIC,Anabatic Technologies Tbk.,--U-1130000000I121------------,358,0,360,350,360,2,19200,6857400,17,51.4,364,37800,350,5400,2315361355,2315361355,335264324,4700,0,0,0,0
2023-10-02,ATIC,Anabatic Technologies Tbk.,--U-1130000000I121------------,354,0,358,352,358,4,55700,19652600,15,51.1,358,4400,354,7000,2315361355,2315361355,335264324,0,1600,0,0,0
2023-09-29,ATIC,Anabatic Technologies Tbk.,--U-1130000000I121------------,352,0,362,352,354,2,1300,460800,4,50.6,360,16000,354,10000,2315361355,2315361355,335264324,0,0,0,0,0
2023-09-27,ATIC,Anabatic Technologies Tbk.,--U-1130000000I121------------,354,0,364,352,352,-2,8400,2968600,9,50.3,360,900,352,12300,2315361355,2315361355,335264324,0,0,0,0,0
2023-09-26,ATIC,Anabatic Technologies Tbk.,--U-1130000000I121------------,354,0,366,354,354,0,32700,11710000,13,50.6,364,10000,354,6500,2315361355,2315361355,335264324,0,0,0,0,0
2023-09-25,ATIC,Anabatic Technologies Tbk.,--U-1130000000I121------------,352,0,364,352,354,2,4700,1661800,8,50.6,364,55800,354,20000,2315361355,2315361355,335264324,0,0,0,0,0
2023-09-22,ATIC,Anabatic Technologies Tbk.,--U-1130000000I121------------,356,0,356,352,352,-4,102500,36178600,12,50.3,360,13200,352,29200,2315361355,2315361355,335264324,0,0,0,0,0
2023-09-21,ATIC,Anabatic Technologies Tbk.,--U-1130000000I121------------,356,0,366,356,356,0,4000,1435800,7,50.9,362,900,356,3400,2315361355,2315361355,335264324,0,0,0,0,0
2023-09-20,ATIC,Anabatic Technologies Tbk.,--U-1130000000I121------------,360,0,366,356,356,-4,15200,5433800,15,50.9,364,20000,356,20700,2315361355,2315361355,335264324,0,0,0,0,0
2023-09-19,ATIC,Anabatic Technologies Tbk.,--U-1130000000I121------------,356,0,364,360,360,4,800,288400,3,51.4,360,13400,354,3000,2315361355,2315361355,335264324,0,0,0,0,0
2023-09-18,ATIC,Anabatic Technologies Tbk.,--U-1130000000I121------------,354,0,358,354,356,2,4800,1707600,11,50.9,356,9800,354,16300,2315361355,2315361355,335264324,0,600,0,0,0
2023-09-15,ATIC,Anabatic Technologies Tbk.,--U-1130000000I121------------,356,0,360,354,354,-2,13700,4915200,22,50.6,360,26600,354,59800,2315361355,2315361355,335264324,0,1000,0,0,0
2023-09-14,ATIC,Anabatic Technologies Tbk.,--U-1130000000I121------------,352,0,358,350,356,4,19900,7022800,9,50.9,358,1100,354,59500,2315361355,2315361355,335264324,0,1600,0,0,0
2023-09-13,ATIC,Anabatic Technologies Tbk.,--U-1130000000I121------------,350,0,360,352,352,2,33900,12037600,16,50.3,360,11100,352,1300,2315361355,2315361355,335264324,0,0,0,0,0
2023-09-12,ATIC,Anabatic Technologies Tbk.,--U-1130000000I121------------,358,0,360,350,350,-8,39300,13908200,19,50.0,358,3900,350,102000,2315361355,2315361355,335264324,0,0,0,0,0
2023-09-11,ATIC,Anabatic Technologies Tbk.,--U-1130000000I121------------,356,0,360,352,358,2,54600,19254800,13,51.1,358,20600,356,100,2315361355,2315361355,335264324,0,100,0,0,0
2023-09-08,ATIC,Anabatic Technologies Tbk.,--U-1130000000I121------------,348,0,366,348,356,8,339800,121308400,38,50.9,354,8600,352,25000,2315361355,2315361355,335264324,0,100,0,0,0
2023-09-07,ATIC,Anabatic Technologies Tbk.,--U-1130000000I121------------,350,0,350,348,348,-2,15400,5369800,6,49.7,350,4600,348,7900,2315361355,2315361355,335264324,0,0,0,0,0
2023-09-06,ATIC,Anabatic Technologies Tbk.,--U-1130000000I121------------,350,0,360,342,350,0,106000,36796600,37,50.0,356,10000,346,9700,2315361355,2315361355,335264324,500,1800,0,0,0
2023-09-05,ATIC,Anabatic Technologies Tbk.,--U-1130000000I121------------,350,0,352,340,350,0,138800,47998800,45,50.0,352,470000,350,1300,2315361355,2315361355,335264324,800,10200,0,0,0
2023-09-04,ATIC,Anabatic Technologies Tbk.,--U-1130000000I121------------,346,0,350,342,350,4,38600,13320800,29,50.0,350,482700,348,17800,2315361355,2315361355,335264324,0,2600,0,0,0
2023-09-01,ATIC,Anabatic Technologies Tbk.,--U-1130000000I121------------,350,0,350,346,346,-4,19500,6783000,6,49.4,348,1800,346,5800,2315361355,2315361355,335264324,5300,0,0,0,0
2023-08-31,ATIC,Anabatic Technologies Tbk.,--U-1130000000I121------------,350,0,350,346,350,0,70300,24549000,9,50.0,354,900,346,16300,2315361355,2315361355,335264324,0,1300,0,0,0
2023-08-30,ATIC,Anabatic Technologies Tbk.,--U-1130000000I121------------,350,0,350,346,350,0,12900,4469800,15,50.0,352,1400,348,300,2315361355,2315361355,335264324,0,1200,0,0,0
2023-08-29,ATIC,Anabatic Technologies Tbk.,--U-1130000000I121------------,340,0,350,340,350,10,27600,9633200,15,50.0,350,11900,344,800,2315361355,2315361355,335264324,0,400,0,0,0
2023-08-28,ATIC,Anabatic Technologies Tbk.,--U-1130000000I121------------,348,0,350,332,340,-8,105600,36084400,49,48.6,350,5300,340,10300,2315361355,2315361355,335264324,8700,11100,0,0,0
2023-08-25,ATIC,Anabatic Technologies Tbk.,--U-1130000000I121------------,348,0,354,346,348,0,8500,2956600,12,49.7,354,23600,348,7400,2315361355,2315361355,335264324,2900,0,0,0,0
2023-08-24,ATIC,Anabatic Technologies Tbk.,--U-1130000000I121------------,346,0,358,344,348,2,14200,4897800,10,49.7,356,100,346,12400,2315361355,2315361355,335264324,500,2400,0,0,0
2023-08-23,ATIC,Anabatic Technologies Tbk.,--U-1130000000I121------------,350,0,356,346,346,-4,24200,8388200,12,49.4,356,500,346,100,2315361355,2315361355,335264324,0,900,0,0,0
2023-08-22,ATIC,Anabatic Technologies Tbk.,--U-1130000000I121------------,352,0,364,348,350,-2,41900,14770400,30,50.0,350,476900,348,30600,2315361355,2315361355,335264324,200,0,0,0,0
2023-08-21,ATIC,Anabatic Technologies Tbk.,--U-1130000000I121------------,350,0,356,342,352,2,12000,4262200,13,50.3,356,100,352,500,2315361355,2315361355,335264324,0,0,0,0,0
2023-08-18,ATIC,Anabatic Technologies Tbk.,--U-1130000000I121------------,350,0,350,350,350,0,1300,455000,1,50.0,350,900,344,1500,2315361355,2315361355,335264324,0,0,0,0,0
2023-08-16,ATIC,Anabatic Technologies Tbk.,--U-1130000000I121------------,350,0,350,340,350,0,29500,10108800,31,50.0,352,900,350,500,2315361355,2315361355,335264324,1200,1000,0,0,0
2023-08-15,ATIC,Anabatic Technologies Tbk.,--U-1130000000I121------------,352,0,358,342,350,-2,14500,5034200,21,50.0,352,1000,342,1700,2315361355,2315361355,335264324,0,0,0,0,0
2023-08-14,ATIC,Anabatic Technologies Tbk.,--U-1130000000I121------------,360,0,360,352,352,-8,5000,1777800,9,50.3,358,20000,350,1000,2315361355,2315361355,335264324,0,0,0,0,0
2023-08-11,ATIC,Anabatic Technologies Tbk.,--U-1130000000I121------------,352,0,360,344,360,8,30200,10576200,24,51.4,360,29500,344,2600,2315361355,2315361355,335264324,0,100,0,0,0
2023-08-10,ATIC,Anabatic Technologies Tbk.,--U-1130000000I121------------,352,0,356,352,352,0,2300,810400,4,50.3,352,25400,350,100,2315361355,2315361355,335264324,0,0,0,0,0
2023-08-09,ATIC,Anabatic Technologies Tbk.,--U-1130000000I121------------,352,0,352,350,352,0,900,316400,4,50.3,352,20300,350,2000,2315361355,2315361355,335264324,0,200,0,0,0
2023-08-08,ATIC,Anabatic Technologies Tbk.,--U-1130000000I121------------,356,0,360,350,352,-4,3100,1093200,8,50.3,358,100,352,500,2315361355,2315361355,335264324,0,0,0,0,0
2023-08-07,ATIC,Anabatic Technologies Tbk.,--U-1130000000I121------------,340,0,356,342,356,16,11200,3943000,18,50.9,356,69500,350,4100,2315361355,2315361355,335264324,3000,0,0,0,0
2023-08-04,ATIC,Anabatic Technologies Tbk.,--U-1130000000I121------------,340,0,352,338,340,0,40900,13956000,21,48.6,350,900,340,300,2315361355,2315361355,335264324,0,1000,0,0,0
2023-08-03,ATIC,Anabatic Technologies Tbk.,--U-1130000000I121------------,350,0,362,338,340,-10,27400,9455400,24,48.6,352,100,340,12300,2315361355,2315361355,335264324,3500,0,0,0,0
2023-08-02,ATIC,Anabatic Technologies Tbk.,--U-1130000000I121------------,344,0,350,350,350,6,2400,840000,2,50.0,350,3200,348,3700,2315361355,2315361355,335264324,0,1400,0,0,0
2023-08-01,ATIC,Anabatic Technologies Tbk.,--U-1130000000I121------------,350,0,360,344,344,-6,13000,4491600,21,49.1,356,2000,344,4800,2315361355,2315361355,335264324,3700,1100,0,0,0
2023-07-31,ATIC,Anabatic Technologies Tbk.,--U-1130000000I121------------,356,0,354,350,350,-6,3300,1167400,10,50.0,360,400,350,3600,2315361355,2315361355,335264324,1100,0,0,0,0
2023-07-28,ATIC,Anabatic Technologies Tbk.,--U-1130000000I121------------,346,0,360,356,356,10,2700,961600,3,50.9,358,1700,350,200,2315361355,2315361355,335264324,2500,0,0,0,0
2023-07-27,ATIC,Anabatic Technologies Tbk.,--U-1130000000I121------------,354,0,360,346,346,-8,21800,7620000,25,49.4,358,600,346,20200,2315361355,2315361355,335264324,0,9000,0,0,0
2023-07-26,ATIC,Anabatic Technologies Tbk.,--U-1130000000I121------------,364,0,360,354,354,-10,9500,3369200,14,50.6,354,4400,352,1000,2315361355,2315361355,335264324,1000,0,0,0,0
2023-07-25,ATIC,Anabatic Technologies Tbk.,--U-1130000000I121------------,356,0,366,364,364,8,700,255000,3,52.0,362,5000,356,200,2315361355,2315361355,335264324,0,0,0,0,0
2023-07-24,ATIC,Anabatic Technologies Tbk.,--U-1130000000I121------------,360,0,356,356,356,-4,37600,13385600,17,50.9,356,9200,352,600,2315361355,2315361355,335264324,0,1400,0,0,0
2023-07-21,ATIC,Anabatic Technologies Tbk.,--U-1130000000I121------------,360,0,366,360,360,0,4100,1484400,10,51.4,360,10000,358,300,2315361355,2315361355,335264324,0,0,0,0,0
2023-07-20,ATIC,Anabatic Technologies Tbk.,--U-1130000000I121------------,358,0,366,346,360,2,6400,2298800,11,51.4,360,12300,358,100,2315361355,2315361355,335264324,0,0,0,0,0
2023-07-18,ATIC,Anabatic Technologies Tbk.,--U-1130000000I121------------,366,0,370,356,358,-8,22400,8073400,14,51.1,364,100,358,100,2315361355,2315361355,335264324,800,0,0,0,0
2023-07-17,ATIC,Anabatic Technologies Tbk.,--U-1130000000I121------------,366,0,368,358,366,0,15900,5724600,9,52.3,368,3500,366,100,2315361355,2315361355,335264324,0,0,0,0,0
2023-07-14,ATIC,Anabatic Technologies Tbk.,--U-1130000000I121------------,370,0,370,356,366,-4,9700,3474800,11,52.3,364,2700,360,1000,2315361355,2315361355,335264324,0,800,0,0,0
2023-07-13,ATIC,Anabatic Technologies Tbk.,--U-1130000000I121------------,354,0,376,356,370,16,38900,14343800,35,52.9,370,9200,356,10300,2315361355,2315361355,335264324,1900,0,0,0,0
2023-07-12,ATIC,Anabatic Technologies Tbk.,--U-1130000000I121------------,352,0,360,350,354,2,12900,4619800,12,50.6,360,511600,354,6400,2315361355,2315361355,335264324,0,0,0,0,0
2023-07-11,ATIC,Anabatic Technologies Tbk.,--U-1130000000I121------------,350,0,366,352,352,2,15500,5500800,13,50.3,354,200,352,9700,2315361355,2315361355,335264324,3500,0,0,0,0
2023-07-10,ATIC,Anabatic Technologies Tbk.,--U-1130000000I121------------,348,0,380,348,350,2,50100,18359800,41,50.0,358,2600,352,100,2315361355,2315361355,335264324,1000,0,0,0,0
2023-07-07,ATIC,Anabatic Technologies Tbk.,--U-1130000000I121------------,348,0,354,348,348,0,214100,74926000,22,49.7,352,1600,348,1000,2315361355,2315361355,335264324,0,6400,0,0,0
2023-07-06,ATIC,Anabatic Technologies Tbk.,--U-1130000000I121------------,348,0,352,346,348,0,9100,3162000,11,49.7,352,8700,350,800,2315361355,2315361355,335264324,0,0,0,0,0
2023-07-05,ATIC,Anabatic Technologies Tbk.,--U-1130000000I121------------,354,0,352,348,348,-6,25900,9104000,13,49.7,350,3000,348,5000,2315361355,2315361355,335264324,3000,0,0,0,0
2023-07-04,ATIC,Anabatic Technologies Tbk.,--U-1130000000I121------------,342,0,354,344,354,12,18400,6408600,17,50.6,354,100,348,2000,2315361355,2315361355,335264324,0,3000,0,0,0
2023-07-03,ATIC,Anabatic Technologies Tbk.,--U-1130000000I121------------,350,0,354,338,342,-8,14600,5077200,22,48.9,350,12400,344,1200,2315361355,2315361355,335264324,0,0,0,0,0
2023-06-27,ATIC,Anabatic Technologies Tbk.,--U-1130000000I121------------,344,0,354,340,350,6,9000,3066400,13,50.0,350,14500,340,200,2315361355,2315361355,335264324,0,0,0,0,0
2023-06-26,ATIC,Anabatic Technologies Tbk.,--U-1130000000I121------------,334,0,346,332,344,10,32700,11151200,16,49.1,344,2400,338,4300,2315361355,2315361355,335264324,0,0,0,0,0
2023-06-23,ATIC,Anabatic Technologies Tbk.,--U-1130000000I121------------,340,0,342,334,334,-6,19600,6637800,19,47.7,338,1000,334,100,2315361355,2315361355,335264324,3200,0,0,0,0
2023-06-22,ATIC,Anabatic Technologies Tbk.,--U-1130000000I121------------,334,0,340,334,340,6,2100,710000,7,48.6,340,12500,336,2000,2315361355,2315361355,335264324,0,0,0,0,0
2023-06-21,ATIC,Anabatic Technologies Tbk.,--U-1130000000I121------------,338,0,336,334,334,-4,2500,839800,10,47.7,340,1200,334,10400,2315361355,2315361355,335264324,0,0,0,0,0
2023-06-20,ATIC,Anabatic Technologies Tbk.,--U-1130000000I121------------,338,0,346,336,338,0,17700,5990600,15,48.3,338,38000,336,9100,2315361355,2315361355,335264324,0,2000,0,0,0
2023-06-19,ATIC,Anabatic Technologies Tbk.,--U-1130000000I121------------,344,0,348,332,338,-6,16100,5457400,25,48.3,342,200,338,1900,2315361355,2315361355,335264324,0,1200,0,0,0
2023-06-16,ATIC,Anabatic Technologies Tbk.,--U-1130000000I121------------,350,0,344,342,344,-6,20100,6899600,9,49.1,348,1000,344,900,2315361355,2315361355,335264324,11900,0,0,0,0
2023-06-15,ATIC,Anabatic Technologies Tbk.,--U-1130000000I121------------,350,0,350,342,350,0,11300,3942400,6,50.0,348,7400,346,300,2315361355,2315361355,335264324,7300,0,0,0,0
2023-06-14,ATIC,Anabatic Technologies Tbk.,--U-1130000000I121------------,346,0,350,346,350,4,15600,5458800,7,50.0,350,34200,346,700,2315361355,2315361355,335264324,200,0,0,0,0
2023-06-13,ATIC,Anabatic Technologies Tbk.,--U-1130000000I121------------,348,0,354,338,346,-2,114500,39707600,48,49.4,350,600,344,15300,2315361355,2315361355,335264324,5300,0,0,0,0
2023-06-12,ATIC,Anabatic Technologies Tbk.,--U-1130000000I121------------,350,0,352,344,348,-2,4300,1491600,7,49.7,348,2200,344,500,2315361355,2315361355,335264324,1000,0,0,0,0
2023-06-09,ATIC,Anabatic Technologies Tbk.,--U-1130000000I121------------,344,0,350,342,350,6,4300,1477800,7,50.0,352,2400,342,1200,2315361355,2315361355,335264324,0,0,0,0,0
2023-06-08,ATIC,Anabatic Technologies Tbk.,--U-1130000000I121------------,342,0,344,340,344,2,26700,9175800,7,49.1,348,19000,340,1100,2315361355,2315361355,335264324,2200,0,0,0,0
2023-06-07,ATIC,Anabatic Technologies Tbk.,--U-1130000000I121------------,344,0,344,340,342,-2,21800,7442200,17,48.9,348,65600,342,500,2315361355,2315361355,335264324,0,5700,0,0,0
2023-06-06,ATIC,Anabatic Technologies Tbk.,--U-1130000000I121------------,350,0,354,344,344,-6,17800,6170800,16,49.1,350,12500,344,20000,2315361355,2315361355,335264324,0,0,0,0,0
2023-06-05,ATIC,Anabatic Technologies Tbk.,--U-1130000000I121------------,348,0,350,344,350,2,59100,20344000,26,50.0,350,1100,342,3000,2315361355,2315361355,335264324,0,2800,0,0,0
2023-05-31,ATIC,Anabatic Technologies Tbk.,--U-1100000000I121------------,348,0,354,344,348,0,11600,4072000,11,49.7,354,7600,346,1000,2315361355,2315361355,335264324,0,0,0,0,0
2023-05-30,ATIC,Anabatic Technologies Tbk.,--U-1100000000I121------------,346,0,356,344,348,2,23300,8077400,25,49.7,354,6000,344,100,2315361355,2315361355,335264324,0,0,0,0,0
2023-05-29,ATIC,Anabatic Technologies Tbk.,--U-1100000000I121------------,348,0,346,344,346,-2,4600,1591000,12,49.4,346,2600,344,1700,2315361355,2315361355,335264324,0,0,0,0,0
2023-05-26,ATIC,Anabatic Technologies Tbk.,--U-1100000000I121------------,352,0,352,348,348,-4,1300,452800,7,49.7,348,4400,346,500,2315361355,2315361355,335264324,0,0,0,0,0
2023-05-25,ATIC,Anabatic Technologies Tbk.,--U-1100000000I121------------,344,0,352,340,352,8,20200,6975600,16,50.3,352,900,344,400,2315361355,2315361355,335264324,900,900,0,0,0
2023-05-24,ATIC,Anabatic Technologies Tbk.,--U-1100000000I121------------,344,0,356,344,344,0,3900,1350000,4,49.1,356,4300,344,2800,2315361355,2315361355,335264324,0,0,0,0,0
2023-05-23,ATIC,Anabatic Technologies Tbk.,--U-1100000000I121------------,350,0,344,344,344,-6,3200,1100800,2,49.1,356,3500,350,100,2315361355,2315361355,335264324,700,0,0,0,0
2023-05-22,ATIC,Anabatic Technologies Tbk.,--U-1100000000I121------------,350,0,350,344,350,0,12700,4421000,16,50.0,350,22000,342,4500,2315361355,2315361355,335264324,8700,700,0,0,0
2023-05-19,ATIC,Anabatic Technologies Tbk.,--U-1100000000I121------------,350,0,354,346,350,0,14500,5064400,16,50.0,350,1000,344,1000,2315361355,2315361355,335264324,0,0,0,0,0
2023-05-17,ATIC,Anabatic Technologies Tbk.,--U-1100000000I121------------,344,0,366,346,350,6,7300,2598600,18,50.0,350,4200,346,5000,2315361355,2315361355,335264324,0,0,500,172000,2
2023-05-16,ATIC,Anabatic Technologies Tbk.,--U-1100000000I121------------,354,0,358,344,344,-10,19500,6801200,28,49.1,354,3400,344,14100,2315361355,2315361355,335264324,0,0,0,0,0
2023-05-15,ATIC,Anabatic Technologies Tbk.,--U-1100000000I121------------,356,0,356,346,354,-2,3800,1336000,16,50.6,354,600,348,100,2315361355,2315361355,335264324,0,0,0,0,0
2023-05-12,ATIC,Anabatic Technologies Tbk.,--U-1100000000I121------------,360,0,360,352,356,-4,11400,4077200,14,50.9,356,900,352,1000,2315361355,2315361355,335264324,0,0,0,0,0
2023-05-11,ATIC,Anabatic Technologies Tbk.,--U-1100000000I121------------,362,0,368,346,360,-2,32200,11252800,16,51.4,360,9500,344,400,2315361355,2315361355,335264324,0,0,0,0,0
2023-05-10,ATIC,Anabatic Technologies Tbk.,--U-1100000000I121------------,360,0,362,348,362,2,27100,9615600,20,51.7,362,2900,350,39000,2315361355,2315361355,335264324,13600,0,0,0,0
2023-05-09,ATIC,Anabatic Technologies Tbk.,--U-1100000000I121------------,362,0,362,354,360,-2,12900,4645200,9,51.4,360,600,354,1400,2315361355,2315361355,335264324,1000,0,0,0,0
2023-05-08,ATIC,Anabatic Technologies Tbk.,--U-1100000000I121------------,348,0,364,348,362,14,8500,3041600,20,51.7,362,5100,354,900,2315361355,2315361355,335264324,2500,0,0,0,0
2023-05-05,ATIC,Anabatic Technologies Tbk.,--U-1100000000I121------------,366,0,366,346,348,-18,73400,25840400,33,49.7,352,10000,348,11900,2315361355,2315361355,335264324,700,0,0,0,0
2023-05-04,ATIC,Anabatic Technologies Tbk.,--U-1100000000I121------------,354,0,370,348,366,12,21400,7494600,12,52.3,366,6000,352,22900,2315361355,2315361355,335264324,0,0,0,0,0
2023-05-03,ATIC,Anabatic Technologies Tbk.,--U-1100000000I121------------,354,0,370,354,354,0,45300,16244000,20,50.6,360,5700,354,2000,2315361355,2315361355,335264324,0,1900,0,0,0
2023-05-02,ATIC,Anabatic Technologies Tbk.,--U-1100000000I121------------,360,0,368,354,354,-6,5300,1893200,9,50.6,360,1300,354,27800,2315361355,2315361355,335264324,0,0,0,0,0
2023-04-28,ATIC,Anabatic Technologies Tbk.,--U-1100000000I121------------,360,0,360,358,360,0,4500,1619000,7,51.4,360,7300,358,3700,2315361355,2315361355,335264324,0,0,0,0,0
2023-04-27,ATIC,Anabatic Technologies Tbk.,--U-1100000000I121------------,358,0,366,356,360,2,35000,12532600,15,51.4,366,1800,358,10100,2315361355,2315361355,335264324,0,2300,0,0,0
2023-04-26,ATIC,Anabatic Technologies Tbk.,--U-1100000000I121------------,354,0,370,354,358,4,39900,14467800,38,51.1,358,7200,356,1600,2315361355,2315361355,335264324,1200,0,0,0,0
2023-04-18,ATIC,Anabatic Technologies Tbk.,--U-1100000000I121------------,368,0,368,348,354,-14,56200,20128600,42,50.6,368,800,354,11800,2315361355,2315361355,335264324,7100,0,0,0,0
2023-04-17,ATIC,Anabatic Technologies Tbk.,--U-1100000000I121------------,368,0,370,358,368,0,23300,8438800,21,52.6,368,20200,360,1800,2315361355,2315361355,335264324,0,2800,0,0,0
2023-04-14,ATIC,Anabatic Technologies Tbk.,--U-1100000000I121------------,360,0,368,358,368,8,34900,12529400,23,52.6,368,3000,358,10500,2315361355,2315361355,335264324,0,2200,0,0,0
2023-04-13,ATIC,Anabatic Technologies Tbk.,--U-1100000000I121------------,378,0,378,358,360,-18,68500,24869000,36,51.4,372,3600,360,9400,2315361355,2315361355,335264324,700,0,0,0,0
2023-04-12,ATIC,Anabatic Technologies Tbk.,--U-1100000000I121------------,376,0,378,370,378,2,5800,2170200,26,54.0,378,16100,370,2800,2315361355,2315361355,335264324,0,0,0,0,0
2023-04-11,ATIC,Anabatic Technologies Tbk.,--U-1100000000I121------------,370,0,380,370,376,6,11600,4302800,12,53.7,376,21400,370,5700,2315361355,2315361355,335264324,0,0,0,0,0
2023-04-10,ATIC,Anabatic Technologies Tbk.,--U-1100000000I121------------,374,0,380,370,370,-4,94000,35362000,25,52.9,370,3200,368,3200,2315361355,2315361355,335264324,0,0,0,0,0
2023-04-06,ATIC,Anabatic Technologies Tbk.,--U-1100000000I121------------,372,0,376,372,374,2,48400,18117200,18,53.4,374,13300,372,2600,2315361355,2315361355,335264324,9200,0,0,0,0
2023-04-05,ATIC,Anabatic Technologies Tbk.,--U-1100000000I121------------,362,0,378,364,372,10,28500,10608400,37,53.1,372,9900,364,8500,2315361355,2315361355,335264324,0,800,0,0,0
2023-04-04,ATIC,Anabatic Technologies Tbk.,--U-1100000000I121------------,360,0,402,360,362,2,3525900,1337477200,329,51.7,374,100,366,4400,2315361355,2315361355,335264324,6200,3300,0,0,0
2023-04-03,ATIC,Anabatic Technologies Tbk.,--U-1100000000I121------------,360,0,382,358,360,0,1952800,724790000,118,51.4,374,11000,360,6000,2315361355,2315361355,335264324,7900,16800,0,0,0
2023-03-31,ATIC,Anabatic Technologies Tbk.,--U-1100000000I121------------,374,0,384,360,360,-14,2704100,1009742600,168,51.4,372,27400,362,1400,2315361355,2315361355,335958933,0,0,0,0,0
2023-03-30,ATIC,Anabatic Technologies Tbk.,--U-1100000000I121------------,370,0,380,370,374,4,48100,18116200,23,53.4,376,9000,370,600,2315361355,2315361355,335958933,7500,0,0,0,0
2023-03-29,ATIC,Anabatic Technologies Tbk.,--U-1100000000I121------------,368,0,376,362,370,2,111300,41065600,28,52.9,370,500,362,3100,2315361355,2315361355,335958933,0,0,0,0,0
2023-03-28,ATIC,Anabatic Technologies Tbk.,--U-1100000000I121------------,362,0,372,358,368,6,94600,34510800,22,52.6,368,9900,358,9800,2315361355,2315361355,335958933,1500,0,0,0,0
2023-03-27,ATIC,Anabatic Technologies Tbk.,--U-1100000000I121------------,352,0,364,352,362,10,15200,5455000,14,51.7,362,900,352,6900,2315361355,2315361355,335958933,0,0,0,0,0
2023-03-24,ATIC,Anabatic Technologies Tbk.,--U-1100000000I121------------,366,0,372,342,352,-14,232200,80440200,56,50.3,366,5100,352,2400,2315361355,2315361355,335958933,0,15400,0,0,0
2023-03-21,ATIC,Anabatic Technologies Tbk.,--U-1100000000I121------------,366,0,366,358,366,0,20000,7314600,10,52.3,370,10100,354,500,2315361355,2315361355,335958933,0,0,0,0,0
2023-03-20,ATIC,Anabatic Technologies Tbk.,--U-1100000000I121------------,360,0,368,350,366,6,150200,53505400,42,52.3,366,7800,350,9500,2315361355,2315361355,335958933,0,0,0,0,0
2023-03-17,ATIC,Anabatic Technologies Tbk.,--U-1100000000I121------------,356,0,360,348,360,4,33100,11824000,17,51.4,358,400,350,3100,2315361355,2315361355,335958933,0,0,0,0,0
2023-03-16,ATIC,Anabatic Technologies Tbk.,--U-1100000000I121------------,360,0,370,356,356,-4,5300,1894800,13,50.9,360,12600,356,1500,2315361355,2315361355,335958933,0,0,0,0,0
2023-03-15,ATIC,Anabatic Technologies Tbk.,--U-1100000000I121------------,362,0,362,356,360,-2,18900,6785000,15,51.4,360,100,358,2000,2315361355,2315361355,335958933,0,0,0,0,0
2023-03-14,ATIC,Anabatic Technologies Tbk.,--U-1100000000I121------------,364,0,364,362,362,-2,8300,3006200,7,51.7,362,10600,360,300,2315361355,2315361355,335958933,0,0,0,0,0
2023-03-13,ATIC,Anabatic Technologies Tbk.,--U-1100000000I121------------,366,0,370,364,364,-2,16200,5948400,19,52.0,364,9700,360,500,2315361355,2315361355,335958933,0,0,0,0,0
2023-03-10,ATIC,Anabatic Technologies Tbk.,--U-1100000000I121------------,374,0,374,364,366,-8,2200,809000,9,52.3,370,1000,364,6300,2315361355,2315361355,335958933,0,0,0,0,0
2023-03-09,ATIC,Anabatic Technologies Tbk.,--U-1100000000I121------------,370,0,374,366,374,4,800,295400,7,53.4,374,3600,366,3000,2315361355,2315361355,335958933,0,0,0,0,0
2023-03-08,ATIC,Anabatic Technologies Tbk.,--U-1100000000I121------------,372,0,376,368,370,-2,1700,629800,11,52.9,370,2700,368,500,2315361355,2315361355,335958933,0,0,0,0,0
2023-03-07,ATIC,Anabatic Technologies Tbk.,--U-1100000000I121------------,372,0,372,372,372,0,100,37200,1,53.1,372,39900,370,300,2315361355,2315361355,335958933,0,0,0,0,0
2023-03-06,ATIC,Anabatic Technologies Tbk.,--U-1100000000I121------------,368,0,372,364,372,4,17800,6490000,9,53.1,372,20200,370,100,2315361355,2315361355,335958933,0,0,0,0,0
2023-03-03,ATIC,Anabatic Technologies Tbk.,--U-1100000000I121------------,370,0,378,368,368,-2,17600,6523200,17,52.6,376,300,368,2800,2315361355,2315361355,335958933,0,0,0,0,0
2023-03-02,ATIC,Anabatic Technologies Tbk.,--U-1100000000I121------------,370,0,378,364,370,0,3300,1220000,15,52.9,370,7900,368,2900,2315361355,2315361355,335958933,0,0,0,0,0
2023-03-01,ATIC,Anabatic Technologies Tbk.,--U-1100000000I121------------,370,0,378,370,370,0,7100,2655800,17,52.9,376,800,370,14500,2315361355,2315361355,335958933,0,0,0,0,0
2023-02-28,ATIC,Anabatic Technologies Tbk.,--U-1100000000I121------------,372,0,372,370,370,-2,31200,11559400,13,52.9,372,9100,370,4900,2315361355,2315361355,335958933,0,0,0,0,0
2023-02-27,ATIC,Anabatic Technologies Tbk.,--U-1100000000I121------------,378,0,378,372,372,-6,25100,9390000,13,53.1,372,13000,370,29400,2315361355,2315361355,335958933,0,0,0,0,0
2023-02-24,ATIC,Anabatic Technologies Tbk.,--U-1100000000I121------------,370,0,378,370,378,8,6400,2393600,14,54.0,378,2900,376,1000,2315361355,2315361355,335958933,0,0,0,0,0
2023-02-23,ATIC,Anabatic Technologies Tbk.,--U-1100000000I121------------,370,0,380,370,370,0,17700,6623400,13,52.9,378,500,370,26500,2315361355,2315361355,335958933,0,0,0,0,0
2023-02-22,ATIC,Anabatic Technologies Tbk.,--U-1100000000I121------------,374,0,382,370,370,-4,48100,18301600,18,52.9,374,2700,370,21100,2315361355,2315361355,335958933,0,0,0,0,0
2023-02-21,ATIC,Anabatic Technologies Tbk.,--U-1100000000I121------------,382,0,382,370,374,-8,11200,4172200,11,53.4,380,53300,374,200,2315361355,2315361355,335958933,0,0,0,0,0
2023-02-20,ATIC,Anabatic Technologies Tbk.,--U-1100000000I121------------,374,0,382,374,382,8,16500,6248400,16,54.6,382,211500,374,1400,2315361355,2315361355,335958933,0,0,0,0,0
2023-02-17,ATIC,Anabatic Technologies Tbk.,--U-1100000000I121------------,372,0,382,372,374,2,6100,2310400,13,53.4,380,14800,372,1700,2315361355,2315361355,335958933,0,0,0,0,0
2023-02-16,ATIC,Anabatic Technologies Tbk.,--U-1100000000I121------------,382,0,380,370,372,-10,18500,6951000,19,53.1,380,33000,372,800,2315361355,2315361355,335958933,0,0,0,0,0
2023-02-15,ATIC,Anabatic Technologies Tbk.,--U-1100000000I121------------,380,0,386,376,382,2,50800,19368800,27,54.6,380,2200,376,1100,2315361355,2315361355,335958933,0,0,0,0,0
2023-02-14,ATIC,Anabatic Technologies Tbk.,--U-1100000000I121------------,370,0,380,370,380,10,15200,5666200,19,54.3,380,13600,370,32500,2315361355,2315361355,335958933,0,0,0,0,0
2023-02-13,ATIC,Anabatic Technologies Tbk.,--U-1100000000I121------------,372,0,378,370,370,-2,62000,23310200,22,52.9,376,10000,370,6100,2315361355,2315361355,335958933,0,0,0,0,0
2023-02-10,ATIC,Anabatic Technologies Tbk.,--U-1100000000I121------------,370,0,380,368,372,2,16000,5947600,29,53.1,372,400,370,27100,2315361355,2315361355,335958933,0,0,0,0,0
2023-02-09,ATIC,Anabatic Technologies Tbk.,--U-1100000000I121------------,370,0,378,370,370,0,8000,3018000,11,52.9,376,7400,370,2100,2315361355,2315361355,335958933,0,100,0,0,0
2023-02-08,ATIC,Anabatic Technologies Tbk.,--U-1100000000I121------------,378,0,382,370,370,-8,20500,7724200,21,52.9,378,400,370,5800,2315361355,2315361355,335958933,0,0,0,0,0
2023-02-07,ATIC,Anabatic Technologies Tbk.,--U-1100000000I121------------,380,0,380,368,378,-2,33800,12528800,15,54.0,378,15800,368,4800,2315361355,2315361355,335958933,0,0,0,0,0
2023-02-03,ATIC,Anabatic Technologies Tbk.,--U-1100000000I121------------,376,0,376,372,374,-2,19100,7132000,13,53.4,374,5800,372,200,2315361355,2315361355,335958933,0,0,0,0,0
2023-02-02,ATIC,Anabatic Technologies Tbk.,--U-1100000000I121------------,370,0,382,364,376,6,77700,28901400,27,53.7,376,7200,368,1000,2315361355,2315361355,335958933,0,0,0,0,0
2023-02-01,ATIC,Anabatic Technologies Tbk.,--U-1100000000I121------------,370,0,370,360,370,0,63400,23024000,39,52.9,370,10800,362,300,2315361355,2315361355,335958933,0,0,0,0,0
2023-01-31,ATIC,Anabatic Technologies Tbk.,--U-1100000000I121------------,366,0,370,362,370,4,11100,4087400,15,52.9,370,5500,366,900,2315361355,2315361355,335958933,0,0,0,0,0
2023-01-30,ATIC,Anabatic Technologies Tbk.,--U-1100000000I121------------,368,0,368,346,366,-2,95100,33473400,67,52.3,366,8800,358,16000,2315361355,2315361355,335958933,0,0,0,0,0
2023-01-27,ATIC,Anabatic Technologies Tbk.,--U-1100000000I121------------,370,0,370,366,368,-2,58400,21463000,44,52.6,370,29900,368,3100,2315361355,2315361355,335958933,0,0,0,0,0
2023-01-26,ATIC,Anabatic Technologies Tbk.,--U-1100000000I121------------,370,0,370,368,370,0,11100,4105000,14,52.9,372,17300,370,500,2315361355,2315361355,335958933,0,0,0,0,0
2023-01-25,ATIC,Anabatic Technologies Tbk.,--U-1100000000I121------------,376,0,376,368,370,-6,69300,25684400,55,52.9,370,17300,368,17000,2315361355,2315361355,335958933,0,0,0,0,0
2023-01-24,ATIC,Anabatic Technologies Tbk.,--U-1100000000I121------------,376,0,380,374,376,0,60900,22888000,30,53.7,378,72100,376,400,2315361355,2315361355,335958933,0,0,0,0,0
2023-01-20,ATIC,Anabatic Technologies Tbk.,--U-1100000000I121------------,380,0,380,376,376,-4,9200,3462800,15,53.7,376,11700,374,6800,2315361355,2315361355,335958933,0,0,0,0,0
2023-01-19,ATIC,Anabatic Technologies Tbk.,--U-1100000000I121------------,382,0,388,376,380,-2,57700,21741000,14,54.3,380,50000,378,3900,2315361355,2315361355,335958933,0,0,0,0,0
2023-01-18,ATIC,Anabatic Technologies Tbk.,--U-1100000000I121------------,382,0,382,382,382,0,3600,1375200,2,54.6,384,32800,378,1000,2315361355,2315361355,335958933,0,0,0,0,0
2023-01-17,ATIC,Anabatic Technologies Tbk.,--U-1100000000I121------------,388,0,388,380,382,-6,13700,5292200,18,54.6,388,1000,382,9500,2315361355,2315361355,335958933,0,0,0,0,0
2023-01-16,ATIC,Anabatic Technologies Tbk.,--U-1100000000I121------------,388,0,390,374,388,0,20400,7833000,30,55.4,390,19100,388,2900,2315361355,2315361355,335958933,0,0,0,0,0
2023-01-13,ATIC,Anabatic Technologies Tbk.,--U-1100000000I121------------,376,0,396,372,388,12,17100,6492000,23,55.4,386,2800,380,100,2315361355,2315361355,335958933,0,0,0,0,0
2023-01-12,ATIC,Anabatic Technologies Tbk.,--U-1100000000I121------------,374,0,392,374,376,2,8100,3078400,15,53.7,386,21400,376,2500,2315361355,2315361355,335958933,0,0,0,0,0
2023-01-11,ATIC,Anabatic Technologies Tbk.,--U-1100000000I121------------,376,0,392,374,374,-2,41000,15666200,21,53.4,388,4900,378,6000,2315361355,2315361355,335958933,0,0,0,0,0
2023-01-10,ATIC,Anabatic Technologies Tbk.,--U-1100000000I121------------,386,0,394,376,376,-10,32700,12477000,28,53.7,390,1900,376,13900,2315361355,2315361355,335958933,0,0,0,0,0
2023-01-09,ATIC,Anabatic Technologies Tbk.,--U-1100000000I121------------,386,0,386,380,386,0,9700,3717200,13,55.1,386,15400,380,5700,2315361355,2315361355,335958933,0,0,0,0,0
2023-01-06,ATIC,Anabatic Technologies Tbk.,--U-1100000000I121------------,388,0,388,382,386,-2,10600,4071800,14,55.1,394,200,386,300,2315361355,2315361355,335958933,0,0,0,0,0
2023-01-05,ATIC,Anabatic Technologies Tbk.,--U-1100000000I121------------,398,0,400,388,388,-10,588500,229486600,33,55.4,400,129600,388,1700,2315361355,2315361355,335958933,500000,0,0,0,0
2023-01-04,ATIC,Anabatic Technologies Tbk.,--U-1100000000I121------------,384,0,398,390,398,14,39100,15386600,30,56.9,400,16400,390,129100,2315361355,2315361355,335958933,0,0,0,0,0
2023-01-03,ATIC,Anabatic Technologies Tbk.,--U-1100000000I121------------,378,0,384,376,384,6,6900,2611800,8,54.9,384,1000,378,14500,2315361355,2315361355,335958933,0,0,0,0,0
2023-01-02,ATIC,Anabatic Technologies Tbk.,--U-1100000000I121------------,392,0,390,378,378,-14,10900,4145200,18,54.0,380,100,378,3500,2315361355,2315361355,335958933,0,0,0,0,0
2022-12-30,ATIC,Anabatic Technologies Tbk.,--U-1100000000I121------------,382,0,392,380,392,10,500,191400,5,56.0,392,53000,382,100,2315361355,2315361355,335958933,0,0,0,0,0
2022-12-29,ATIC,Anabatic Technologies Tbk.,--U-1100000000I121------------,380,0,394,382,382,2,13700,5373400,11,54.6,390,100,382,9100,2315361355,2315361355,335958933,0,0,0,0,0
2022-12-28,ATIC,Anabatic Technologies Tbk.,--U-1100000000I121------------,384,0,398,380,380,-4,17600,6757200,23,54.3,394,100,380,10900,2315361355,2315361355,335958933,0,0,0,0,0
2022-12-27,ATIC,Anabatic Technologies Tbk.,--U-1100000000I121------------,384,0,384,384,384,0,14200,5452800,8,54.9,398,6100,384,400,2315361355,2315361355,335958933,0,0,0,0,0
2022-12-26,ATIC,Anabatic Technologies Tbk.,--U-1100000000I121------------,390,0,398,378,384,-6,11600,4433400,11,54.9,396,100,384,1000,2315361355,2315361355,335958933,0,0,0,0,0
2022-12-23,ATIC,Anabatic Technologies Tbk.,--U-1100000000I121------------,390,0,390,390,390,0,6500,2535000,8,55.7,400,33600,388,1000,2315361355,2315361355,335958933,0,0,0,0,0
2022-12-22,ATIC,Anabatic Technologies Tbk.,--U-1100000000I121------------,390,0,400,390,390,0,4100,1631400,12,55.7,390,4900,388,1300,2315361355,2315361355,335958933,0,0,0,0,0
2022-12-21,ATIC,Anabatic Technologies Tbk.,--U-1100000000I121------------,394,0,394,390,390,-4,10200,3993200,21,55.7,390,100,380,5500,2315361355,2315361355,335958933,0,0,0,0,0
2022-12-20,ATIC,Anabatic Technologies Tbk.,--U-1100000000I121------------,396,0,394,382,394,-2,400,156400,4,56.3,394,20100,384,200,2315361355,2315361355,335958933,0,0,0,0,0
2022-12-19,ATIC,Anabatic Technologies Tbk.,--U-1100000000I121------------,396,0,396,380,396,0,6900,2667600,12,56.6,394,100,386,6300,2315361355,2315361355,335958933,0,0,0,0,0
2022-12-16,ATIC,Anabatic Technologies Tbk.,--U-1100000000I121------------,382,0,400,386,396,14,8700,3473000,15,56.6,396,9600,386,3600,2315361355,2315361355,335958933,0,0,0,0,0
2022-12-15,ATIC,Anabatic Technologies Tbk.,--U-1100000000I121------------,402,0,384,382,382,-20,2000,764200,2,54.6,400,10100,384,2200,2315361355,2315361355,335958933,0,0,0,0,0
2022-12-14,ATIC,Anabatic Technologies Tbk.,--U-1100000000I121------------,402,0,0,0,402,0,0,0,0,57.4,398,4200,384,2100,2315361355,2315361355,335958933,0,0,0,0,0
2022-12-13,ATIC,Anabatic Technologies Tbk.,--U-1100000000I121------------,392,0,402,382,402,10,10200,3940400,17,57.4,400,10000,392,600,2315361355,2315361355,335958933,0,0,0,0,0
2022-12-12,ATIC,Anabatic Technologies Tbk.,--U-1100000000I121------------,388,0,392,390,392,4,15200,5936400,9,56.0,398,100,390,100,2315361355,2315361355,335958933,0,0,0,0,0
2022-12-09,ATIC,Anabatic Technologies Tbk.,--U-1100000000I121------------,390,0,398,388,388,-2,54800,21331000,20,55.4,390,6100,388,400,2315361355,2315361355,335958933,0,0,0,0,0
2022-12-08,ATIC,Anabatic Technologies Tbk.,--U-1100000000I121------------,400,0,400,390,390,-10,7600,2974000,14,55.7,398,1000,388,12700,2315361355,2315361355,335958933,0,0,0,0,0
2022-12-07,ATIC,Anabatic Technologies Tbk.,--U-1100000000I121------------,402,0,400,390,400,-2,27400,10722800,27,57.1,400,5700,390,7200,2315361355,2315361355,335958933,0,0,0,0,0
2022-12-06,ATIC,Anabatic Technologies Tbk.,--U-1100000000I121------------,396,0,404,396,402,6,33400,13259400,29,57.4,402,10300,396,2600,2315361355,2315361355,335958933,0,19400,0,0,0
2022-12-05,ATIC,Anabatic Technologies Tbk.,--U-1100000000I121------------,400,0,398,396,396,-4,14300,5672800,14,56.6,396,5600,394,5000,2315361355,2315361355,335958933,0,0,0,0,0
2022-12-02,ATIC,Anabatic Technologies Tbk.,--U-1100000000I121------------,400,0,400,394,400,0,61400,24538400,11,57.1,398,100,394,14100,2315361355,2315361355,335958933,0,0,0,0,0
2022-12-01,ATIC,Anabatic Technologies Tbk.,--U-1100000000I121------------,400,0,400,394,400,0,17700,7066400,20,57.1,400,7200,398,1100,2315361355,2315361355,335958933,0,0,0,0,0
2022-11-30,ATIC,Anabatic Technologies Tbk.,--U-1100000000I121------------,392,0,400,392,400,8,36800,14712800,17,57.1,400,4700,392,9700,2315361355,2315361355,335958933,0,0,0,0,0
2022-11-29,ATIC,Anabatic Technologies Tbk.,--U-1100000000I121------------,390,0,394,392,392,2,38100,14936400,8,56.0,398,63500,394,1000,2315361355,2315361355,335958933,0,0,0,0,0
2022-11-28,ATIC,Anabatic Technologies Tbk.,--U-1100000000I121------------,390,0,394,386,390,0,287900,112245800,41,55.7,392,36400,390,5100,2315361355,2315361355,335958933,0,0,0,0,0
2022-11-25,ATIC,Anabatic Technologies Tbk.,--U-1100000000I121------------,392,0,392,386,390,-2,66800,25935400,46,55.7,390,400,388,12800,2315361355,2315361355,335958933,100,0,0,0,0
2022-11-24,ATIC,Anabatic Technologies Tbk.,--U-1100000000I121------------,394,0,394,392,392,-2,117800,46349800,31,56.0,392,36500,390,4900,2315361355,2315361355,335958933,0,0,0,0,0
2022-11-23,ATIC,Anabatic Technologies Tbk.,--U-1100000000I121------------,400,0,400,394,394,-6,30800,12232200,24,56.3,396,5100,394,4900,2315361355,2315361355,335958933,0,0,0,0,0
2022-11-22,ATIC,Anabatic Technologies Tbk.,--U-1100000000I121------------,406,0,400,398,400,-6,4300,1718000,9,57.1,404,1000,400,1900,2315361355,2315361355,335958933,0,0,0,0,0
2022-11-21,ATIC,Anabatic Technologies Tbk.,--U-1100000000I121------------,400,0,406,400,406,6,1200,485400,5,58.0,406,68400,400,13500,2315361355,2315361355,335958933,0,0,0,0,0
2022-11-18,ATIC,Anabatic Technologies Tbk.,--U-1100000000I121------------,406,0,410,400,400,-6,20200,8144200,24,57.1,406,1000,400,2900,2315361355,2315361355,335958933,0,0,0,0,0
2022-11-17,ATIC,Anabatic Technologies Tbk.,--U-1100000000I121------------,392,0,426,392,406,14,99200,40765400,57,58.0,406,8300,402,15800,2315361355,2315361355,335958933,0,0,0,0,0
2022-11-16,ATIC,Anabatic Technologies Tbk.,--U-1100000000I121------------,404,0,404,390,392,-12,49500,19563800,43,56.0,402,1500,394,2000,2315361355,2315361355,335958933,0,0,0,0,0
2022-11-15,ATIC,Anabatic Technologies Tbk.,--U-1100000000I121------------,398,0,406,394,404,6,38000,15270600,26,57.7,404,51800,396,15300,2315361355,2315361355,335958933,0,0,0,0,0
2022-11-14,ATIC,Anabatic Technologies Tbk.,--U-1100000000I121------------,400,0,406,394,398,-2,32500,13079200,37,56.9,406,30100,398,1600,2315361355,2315361355,335958933,0,0,0,0,0
2022-11-11,ATIC,Anabatic Technologies Tbk.,--U-1100000000I121------------,394,0,406,400,400,6,11400,4592200,18,57.1,402,13400,400,7500,2315361355,2315361355,335958933,0,100,0,0,0
2022-11-10,ATIC,Anabatic Technologies Tbk.,--U-1100000000I121------------,400,0,406,394,394,-6,6500,2565200,13,56.3,396,200,394,1100,2315361355,2315361355,335958933,0,0,0,0,0
2022-11-09,ATIC,Anabatic Technologies Tbk.,--U-1100000000I121------------,402,0,406,390,400,-2,28200,11185400,20,57.1,404,1000,394,300,2315361355,2315361355,335958933,0,0,0,0,0
2022-11-08,ATIC,Anabatic Technologies Tbk.,--U-1100000000I121------------,404,0,404,394,402,-2,8400,3376400,10,57.4,402,8200,394,3100,2315361355,2315361355,335958933,0,0,0,0,0
2022-11-07,ATIC,Anabatic Technologies Tbk.,--U-1100000000I121------------,400,0,404,400,404,4,18700,7492800,14,57.7,404,8100,392,1100,2315361355,2315361355,335958933,0,0,0,0,0
2022-11-04,ATIC,Anabatic Technologies Tbk.,--U-1100000000I121------------,400,0,400,392,400,0,46800,18594200,10,57.1,400,10300,396,200,2315361355,2315361355,335958933,0,0,0,0,0
2022-11-03,ATIC,Anabatic Technologies Tbk.,--U-1100000000I121------------,404,0,400,394,400,-4,17900,7081200,16,57.1,400,29000,396,100,2315361355,2315361355,335958933,0,0,0,0,0
2022-11-02,ATIC,Anabatic Technologies Tbk.,--U-1100000000I121------------,398,0,404,396,404,6,38600,15535400,24,57.7,404,33800,398,600,2315361355,2315361355,335958933,0,0,0,0,0
2022-11-01,ATIC,Anabatic Technologies Tbk.,--U-1100000000I121------------,396,0,404,392,398,2,25600,10138400,20,56.9,402,6000,396,600,2315361355,2315361355,335958933,0,0,0,0,0
2022-10-31,ATIC,Anabatic Technologies Tbk.,--U-1100000000I121------------,392,0,396,392,396,4,23000,9071000,16,56.6,396,10700,392,5500,2315361355,2315361355,335958933,0,0,0,0,0
2022-10-28,ATIC,Anabatic Technologies Tbk.,--U-1100000000I121------------,396,0,396,390,392,-4,22000,8620200,28,56.0,392,7500,390,200,2315361355,2315361355,335958933,0,0,0,0,0
2022-10-27,ATIC,Anabatic Technologies Tbk.,--U-1100000000I121------------,392,0,398,390,396,4,90400,35505200,30,56.6,398,5000,392,300,2315361355,2315361355,335958933,0,0,0,0,0
2022-10-26,ATIC,Anabatic Technologies Tbk.,--U-1100000000I121------------,396,0,404,392,392,-4,15900,6320800,11,56.0,400,14000,392,12900,2315361355,2315361355,335958933,0,0,0,0,0
2022-10-25,ATIC,Anabatic Technologies Tbk.,--U-1100000000I121------------,392,0,402,392,396,4,12500,4949000,19,56.6,394,9500,392,1200,2315361355,2315361355,335958933,0,0,0,0,0
2022-10-24,ATIC,Anabatic Technologies Tbk.,--U-1100000000I121------------,390,0,404,390,392,2,23900,9368400,22,56.0,392,6200,390,1100,2315361355,2315361355,335958933,0,0,0,0,0
2022-10-21,ATIC,Anabatic Technologies Tbk.,--U-1100000000I121------------,386,0,402,390,390,4,65100,26005800,30,55.7,400,900,390,200,2315361355,2315361355,335958933,0,0,0,0,0
2022-10-20,ATIC,Anabatic Technologies Tbk.,--U-1100000000I121------------,376,0,386,376,386,10,6300,2406600,27,55.1,388,2100,386,1500,2315361355,2315361355,335958933,0,0,0,0,0
2022-10-19,ATIC,Anabatic Technologies Tbk.,--U-1100000000I121------------,382,0,394,372,376,-6,34500,13072000,32,53.7,390,1900,376,2200,2315361355,2315361355,335958933,0,0,0,0,0
2022-10-18,ATIC,Anabatic Technologies Tbk.,--U-1100000000I121------------,390,0,390,380,382,-8,24300,9334000,50,54.6,392,2000,382,1700,2315361355,2315361355,335958933,0,0,0,0,0
2022-10-17,ATIC,Anabatic Technologies Tbk.,--U-1100000000I121------------,386,0,400,390,390,4,21500,8549000,30,55.7,394,500,392,100,2315361355,2315361355,335958933,0,0,0,0,0
2022-10-14,ATIC,Anabatic Technologies Tbk.,--U-1100000000I121------------,400,0,408,386,386,-14,26900,10638000,50,55.1,392,1200,384,51600,2315361355,2315361355,335958933,300,0,0,0,0
2022-10-13,ATIC,Anabatic Technologies Tbk.,--U-1100000000I121------------,396,0,412,396,400,4,10400,4170600,30,57.1,400,12300,396,2400,2315361355,2315361355,335958933,0,200,0,0,0
2022-10-12,ATIC,Anabatic Technologies Tbk.,--U-1100000000I121------------,412,0,412,394,396,-16,60200,24071600,49,56.6,406,1000,396,12700,2315361355,2315361355,335958933,0,100,0,0,0
2022-10-11,ATIC,Anabatic Technologies Tbk.,--U-1100000000I121------------,412,0,412,410,412,0,1900,782600,9,58.9,412,16400,410,2300,2315361355,2315361355,335958933,0,0,0,0,0
2022-10-10,ATIC,Anabatic Technologies Tbk.,--U-1100000000I121------------,410,0,416,410,412,2,29200,11989200,21,58.9,412,9000,410,100,2315361355,2315361355,335958933,0,0,0,0,0
2022-10-07,ATIC,Anabatic Technologies Tbk.,--U-1100000000I121------------,402,0,410,402,410,8,94600,38767600,16,58.6,410,18600,404,1000,2315361355,2315361355,335958933,0,0,0,0,0
2022-10-06,ATIC,Anabatic Technologies Tbk.,--U-1100000000I121------------,404,0,404,402,402,-2,9500,3834000,8,57.4,408,1300,402,14500,2315361355,2315361355,335958933,0,0,0,0,0
2022-10-05,ATIC,Anabatic Technologies Tbk.,--U-1100000000I121------------,406,0,410,404,404,-2,18800,7666400,15,57.7,404,100,402,1500,2315361355,2315361355,335958933,0,0,0,0,0
2022-10-04,ATIC,Anabatic Technologies Tbk.,--U-1100000000I121------------,406,0,410,406,406,0,3900,1584600,6,58.0,410,28100,406,5100,2315361355,2315361355,335958933,0,0,0,0,0
2022-10-03,ATIC,Anabatic Technologies Tbk.,--U-1100000000I121------------,404,0,416,404,406,2,19300,7876600,26,58.0,406,7000,404,16000,2315361355,2315361355,335958933,0,0,0,0,0
2022-09-30,ATIC,Anabatic Technologies Tbk.,--U-1100000000I121------------,404,0,406,396,404,0,20700,8324200,30,57.7,404,1000,396,44600,2315361355,2315361355,335958933,0,0,0,0,0
2022-09-29,ATIC,Anabatic Technologies Tbk.,--U-1100000000I121------------,404,0,420,404,404,0,52400,21590400,41,57.7,404,100,402,500,2315361355,2315361355,335958933,400,0,0,0,0
2022-09-28,ATIC,Anabatic Technologies Tbk.,--U-1100000000I121------------,400,0,408,400,404,4,9700,3920400,22,57.7,408,2400,404,6100,2315361355,2315361355,335958933,0,0,0,0,0
2022-09-27,ATIC,Anabatic Technologies Tbk.,--U-1100000000I121------------,402,0,414,398,400,-2,65200,26117400,44,57.1,408,3600,398,12700,2315361355,2315361355,335958933,0,100,0,0,0
2022-09-26,ATIC,Anabatic Technologies Tbk.,--U-1100000000I121------------,414,0,412,402,402,-12,58000,23415000,49,57.4,410,2000,402,2400,2315361355,2315361355,335958933,0,0,0,0,0
2022-09-23,ATIC,Anabatic Technologies Tbk.,--U-1100000000I121------------,416,0,418,410,414,-2,33700,13887600,40,59.1,416,17000,410,100,2315361355,2315361355,335958933,0,0,0,0,0
2022-09-22,ATIC,Anabatic Technologies Tbk.,--U-1100000000I121------------,418,0,418,400,416,-2,53600,21791400,61,59.4,416,11300,408,18100,2315361355,2315361355,335958933,0,0,0,0,0
2022-09-21,ATIC,Anabatic Technologies Tbk.,--U-1100000000I121------------,412,0,418,406,418,6,102700,42213200,61,59.7,416,1000,406,5100,2315361355,2315361355,335958933,0,0,0,0,0
2022-09-20,ATIC,Anabatic Technologies Tbk.,--U-1100000000I121------------,418,0,418,412,412,-6,25800,10701600,36,58.9,416,14300,412,1400,2315361355,2315361355,335958933,0,0,0,0,0
2022-09-19,ATIC,Anabatic Technologies Tbk.,--U-1100000000I121------------,420,0,424,418,418,-2,32200,13526800,37,59.7,420,2700,418,900,2315361355,2315361355,335958933,0,0,0,0,0
2022-09-16,ATIC,Anabatic Technologies Tbk.,--U-1100000000I121------------,428,0,426,410,420,-8,66500,27870400,49,60.0,424,12600,420,6300,2315361355,2315361355,335958933,0,0,0,0,0
2022-09-15,ATIC,Anabatic Technologies Tbk.,--U-1100000000I121------------,420,0,428,418,428,8,40800,17315400,40,61.1,428,26400,418,4600,2315361355,2315361355,335958933,0,0,0,0,0
2022-09-14,ATIC,Anabatic Technologies Tbk.,--U-1100000000I121------------,416,0,424,416,420,4,31900,13352000,35,60.0,420,16900,418,300,2315361355,2315361355,335958933,0,0,0,0,0
2022-09-13,ATIC,Anabatic Technologies Tbk.,--U-1100000000I121------------,424,0,426,414,416,-8,113100,47347200,85,59.4,424,600,416,14900,2315361355,2315361355,335958933,0,0,0,0,0
2022-09-12,ATIC,Anabatic Technologies Tbk.,--U-1100000000I121------------,424,0,424,416,424,0,71900,30358400,39,60.6,430,16200,422,1500,2315361355,2315361355,335958933,0,0,0,0,0
2022-09-09,ATIC,Anabatic Technologies Tbk.,--U-1100000000I121------------,424,0,424,414,424,0,16300,6892400,24,60.6,426,600,424,200,2315361355,2315361355,335958933,0,0,0,0,0
2022-09-08,ATIC,Anabatic Technologies Tbk.,--U-1100000000I121------------,420,0,430,420,424,4,93600,39774800,42,60.6,424,4400,420,6400,2315361355,2315361355,335958933,0,0,0,0,0
2022-09-07,ATIC,Anabatic Technologies Tbk.,--U-1100000000I121------------,416,0,424,412,420,4,92300,38556000,96,60.0,424,39600,420,2400,2315361355,2315361355,335958933,0,0,0,0,0
2022-09-06,ATIC,Anabatic Technologies Tbk.,--U-1100000000I121------------,418,0,420,410,416,-2,83300,34642200,45,59.4,420,53000,416,4000,2315361355,2315361355,335958933,0,0,0,0,0
2022-09-05,ATIC,Anabatic Technologies Tbk.,--U-1100000000I121------------,414,0,422,412,418,4,16100,6688200,35,59.7,418,11800,414,2500,2315361355,2315361355,335958933,0,0,0,0,0
2022-09-02,ATIC,Anabatic Technologies Tbk.,--U-1100000000I121------------,414,0,426,412,414,0,21900,9109000,35,59.1,418,900,414,2300,2315361355,2315361355,335958933,0,0,0,0,0
2022-09-01,ATIC,Anabatic Technologies Tbk.,--U-1100000000I121------------,414,0,420,410,414,0,221200,91509000,39,59.1,418,1000,412,7000,2315361355,2315361355,335958933,0,0,0,0,0
2022-08-31,ATIC,Anabatic Technologies Tbk.,--U-1100000000I121------------,412,0,414,408,414,2,40900,16807400,29,59.1,416,100,414,1700,2315361355,2315361355,335958933,0,0,0,0,0
2022-08-30,ATIC,Anabatic Technologies Tbk.,--U-1100000000I121------------,414,0,418,410,412,-2,75500,31237200,55,58.9,414,5700,412,500,2315361355,2315361355,335958933,3400,0,0,0,0
2022-08-29,ATIC,Anabatic Technologies Tbk.,--U-1100000000I121------------,410,0,416,400,414,4,82800,33638600,63,59.1,416,8100,414,42500,2315361355,2315361355,335958933,0,0,0,0,0
2022-08-26,ATIC,Anabatic Technologies Tbk.,--U-1100000000I121------------,404,0,416,400,410,6,66000,26732600,64,58.6,410,2400,406,100,2315361355,2315361355,335958933,0,0,0,0,0
2022-08-25,ATIC,Anabatic Technologies Tbk.,--U-1100000000I121------------,412,0,412,402,404,-8,80400,32705600,68,57.7,408,2300,404,5200,2315361355,2315361355,335958933,0,0,0,0,0
2022-08-24,ATIC,Anabatic Technologies Tbk.,--U-1100000000I121------------,410,0,430,408,412,2,45400,18893200,71,58.9,412,11400,410,15100,2315361355,2315361355,335958933,0,0,0,0,0
2022-08-23,ATIC,Anabatic Technologies Tbk.,--U-1100000000I121------------,420,0,420,406,410,-10,84600,35042200,90,58.6,412,6500,410,17900,2315361355,2315361355,335958933,0,0,0,0,0
2022-08-22,ATIC,Anabatic Technologies Tbk.,--U-1100000000I121------------,428,0,438,420,420,-8,108700,46324000,111,60.0,420,2400,418,2500,2315361355,2315361355,335958933,16000,0,0,0,0
2022-08-19,ATIC,Anabatic Technologies Tbk.,--U-1100000000I121------------,438,0,440,416,428,-10,136500,57522200,128,61.1,428,16300,422,500,2315361355,2315361355,335958933,200,0,0,0,0
2022-08-18,ATIC,Anabatic Technologies Tbk.,--U-1100000000I121------------,440,0,464,436,438,-2,154200,68870200,126,62.6,442,4900,438,1700,2315361355,2315361355,335958933,10000,8300,0,0,0
2022-08-16,ATIC,Anabatic Technologies Tbk.,--U-1100000000I121------------,440,0,472,434,440,0,249000,112267800,196,62.9,448,56800,440,1800,2315361355,2315361355,335958933,0,100,0,0,0
2022-08-15,ATIC,Anabatic Technologies Tbk.,--U-1100000000I121------------,434,0,444,430,440,6,188600,82581400,145,62.9,442,15400,440,300,2315361355,2315361355,335958933,400,10000,0,0,0
2022-08-12,ATIC,Anabatic Technologies Tbk.,--U-1100000000I121------------,428,0,444,428,434,6,256800,112813400,98,62.0,434,6000,430,3600,2315361355,2315361355,335958933,100,11200,0,0,0
2022-08-11,ATIC,Anabatic Technologies Tbk.,--U-1100000000I121------------,426,0,440,422,428,2,47100,20010400,72,61.1,428,3500,424,2600,2315361355,2315361355,335958933,0,0,0,0,0
2022-08-10,ATIC,Anabatic Technologies Tbk.,--U-1100000000I121------------,432,0,434,414,426,-6,140700,59244800,86,60.9,426,9300,424,100,2315361355,2315361355,335958933,0,0,0,0,0
2022-08-09,ATIC,Anabatic Technologies Tbk.,--U-1100000000I121------------,400,0,432,400,432,32,685500,287162000,331,61.7,432,3500,430,200,2315361355,2315361355,335958933,0,500,0,0,0
2022-08-08,ATIC,Anabatic Technologies Tbk.,--U-1100000000I121------------,390,0,402,390,400,10,335700,132966200,100,57.1,402,20700,400,21100,2315361355,2315361355,335958933,0,0,0,0,0
2022-08-05,ATIC,Anabatic Technologies Tbk.,--U-1100000000I121------------,384,0,396,386,390,6,61600,24110600,49,55.7,394,2000,392,300,2315361355,2315361355,335958933,0,0,0,0,0
2022-08-04,ATIC,Anabatic Technologies Tbk.,--U-1100000000I121------------,384,0,390,382,384,0,15400,5927800,29,54.9,386,3000,384,1700,2315361355,2315361355,335958933,0,0,0,0,0
2022-08-03,ATIC,Anabatic Technologies Tbk.,--U-1100000000I121------------,390,0,388,380,384,-6,10600,4084600,22,54.9,384,1300,382,2300,2315361355,2315361355,335958933,0,0,0,0,0
2022-08-02,ATIC,Anabatic Technologies Tbk.,--U-1105000000I121------------,390,0,396,380,390,0,56700,21885200,63,55.7,390,6500,388,100,2315361355,2315361355,335958933,0,0,0,0,0
2022-08-01,ATIC,Anabatic Technologies Tbk.,--U-1105000000I121------------,400,0,400,384,390,-10,25900,10148800,52,55.7,392,200,390,100,2315361355,2315361355,335958933,0,0,0,0,0
2022-07-29,ATIC,Anabatic Technologies Tbk.,--U-1105000000I121------------,366,0,402,366,400,34,419400,159648400,254,57.1,400,36300,396,1000,2315361355,2315361355,335958933,0,0,0,0,0
2022-07-28,ATIC,Anabatic Technologies Tbk.,--U-1105000000I121------------,362,0,372,362,366,4,25700,9408800,39,52.3,366,3100,362,9300,2315361355,2315361355,335958933,0,0,0,0,0
2022-07-27,ATIC,Anabatic Technologies Tbk.,--U-1105000000I121------------,362,0,364,358,362,0,49300,17788200,28,51.7,362,4500,358,9700,2315361355,2315361355,335958933,3900,0,0,0,0
2022-07-26,ATIC,Anabatic Technologies Tbk.,--U-1105000000I121------------,366,0,378,354,362,-4,64700,23224200,65,51.7,362,700,360,200,2315361355,2315361355,335958933,600,0,0,0,0
2022-07-25,ATIC,Anabatic Technologies Tbk.,--U-1105000000I121------------,366,0,370,360,366,0,65600,23674000,25,52.3,368,800,362,500,2315361355,2315361355,335958933,0,0,0,0,0
2022-07-22,ATIC,Anabatic Technologies Tbk.,--U-1105000000I121------------,372,0,378,352,366,-6,90400,32872400,91,52.3,372,2000,362,100,2315361355,2315361355,335958933,0,100,0,0,0
2022-07-21,ATIC,Anabatic Technologies Tbk.,--U-1105000000I121------------,364,0,378,358,372,8,98900,36546600,67,53.1,372,10800,370,59100,2315361355,2315361355,335958933,0,4500,0,0,0
2022-07-20,ATIC,Anabatic Technologies Tbk.,--U-1105000000I121------------,350,0,370,350,364,14,192300,68811600,94,52.0,370,2700,364,600,2315361355,2315361355,335958933,0,0,0,0,0
2022-07-19,ATIC,Anabatic Technologies Tbk.,--U-1105000000I121------------,362,0,360,346,350,-12,60200,21086600,67,50.0,358,800,350,29000,2315361355,2315361355,335958933,0,0,0,0,0
2022-07-18,ATIC,Anabatic Technologies Tbk.,--U-1105000000I121------------,362,0,362,362,362,0,1700,615400,11,51.7,362,12900,356,1000,2315361355,2315361355,335958933,0,0,0,0,0
2022-07-15,ATIC,Anabatic Technologies Tbk.,--U-1105000000I121------------,366,0,372,350,362,-4,34200,12201000,52,51.7,364,800,362,400,2315361355,2315361355,335958933,0,0,0,0,0
2022-07-14,ATIC,Anabatic Technologies Tbk.,--U-1105000000I121------------,372,0,372,366,366,-6,150300,55531600,25,52.3,366,8200,360,5000,2315361355,2315361355,335958933,0,200,0,0,0
2022-07-13,ATIC,Anabatic Technologies Tbk.,--U-1105000000I121------------,384,0,384,364,372,-12,23700,8778800,22,53.1,372,21800,370,700,2315361355,2315361355,335958933,0,0,0,0,0
2022-07-12,ATIC,Anabatic Technologies Tbk.,--U-1105000000I121------------,376,0,398,362,384,8,86900,32238000,59,54.9,384,12400,370,100,2315361355,2315361355,335958933,0,0,0,0,0
2022-07-11,ATIC,Anabatic Technologies Tbk.,--U-1105000000I121------------,362,0,388,362,376,14,32000,11698600,38,53.7,374,500,372,100,2315361355,2315361355,335958933,0,0,0,0,0
2022-07-08,ATIC,Anabatic Technologies Tbk.,--U-1105000000I121------------,368,0,368,348,362,-6,24900,8748600,26,51.7,364,600,362,2200,2315361355,2315361355,335958933,0,0,0,0,0
2022-07-07,ATIC,Anabatic Technologies Tbk.,--U-1105000000I121------------,368,0,376,358,368,0,50800,18471200,78,52.6,368,41000,366,100,2315361355,2315361355,335958933,0,0,0,0,0
2022-07-06,ATIC,Anabatic Technologies Tbk.,--U-1105000000I121------------,380,0,376,366,368,-12,66700,24547200,55,52.6,370,2000,368,300,2315361355,2315361355,335958933,0,0,0,0,0
2022-07-05,ATIC,Anabatic Technologies Tbk.,--U-1105000000I121------------,384,0,400,368,380,-4,68500,25892400,50,54.3,382,2200,380,100,2315361355,2315361355,335958933,0,0,0,0,0
2022-07-04,ATIC,Anabatic Technologies Tbk.,--U-1105000000I121------------,394,0,398,368,384,-10,108300,40835000,112,54.9,384,2800,376,11300,2315361355,2315361355,335958933,0,0,0,0,0
2022-07-01,ATIC,Anabatic Technologies Tbk.,--U-1105000000I121---L--------,380,0,430,380,394,14,497900,199003800,323,56.3,396,4700,394,19500,2315361355,2315361355,335958933,200,0,0,0,0
2022-06-30,ATIC,Anabatic Technologies Tbk.,--U-1105000000I121---L--------,368,0,380,364,380,12,77800,28868600,40,54.3,380,31000,364,20100,2315361355,2315361355,335958933,0,0,0,0,0
2022-06-29,ATIC,Anabatic Technologies Tbk.,--U-1105000000I121---L--------,368,0,378,366,368,0,49200,18140200,37,52.6,376,200,368,1000,2315361355,2315361355,335958933,0,200,0,0,0
2022-06-28,ATIC,Anabatic Technologies Tbk.,--U-1105000000I121---L--------,366,0,368,366,368,2,34000,12447400,50,52.6,370,2000,366,2100,2315361355,2315361355,335958933,0,0,0,0,0
2022-06-27,ATIC,Anabatic Technologies Tbk.,--U-1105000000I121---L--------,390,0,390,364,366,-24,369800,136545200,218,52.3,372,1500,366,700,2315361355,2315361355,335958933,0,0,0,0,0
2022-06-24,ATIC,Anabatic Technologies Tbk.,--U-1105000000I121---L--------,404,0,404,378,390,-14,224600,86848000,145,55.7,390,16200,386,1000,2315361355,2315361355,335958933,0,0,0,0,0
2022-06-23,ATIC,Anabatic Technologies Tbk.,--U-1105000000I121---L--------,408,0,408,402,404,-4,3900,1576800,10,57.7,404,500,402,14800,2315361355,2315361355,335958933,0,0,0,0,0
2022-06-22,ATIC,Anabatic Technologies Tbk.,--U-1105000000I121---L--------,408,0,414,400,408,0,73800,29797200,50,58.3,408,300,402,2300,2315361355,2315361355,335958933,0,0,0,0,0
2022-06-21,ATIC,Anabatic Technologies Tbk.,--U-1105000000I121---L--------,406,0,448,404,408,2,28300,11654600,67,58.3,418,2000,408,900,2315361355,2315361355,335958933,0,0,0,0,0
2022-06-20,ATIC,Anabatic Technologies Tbk.,--U-1105000000I121---L--------,402,0,414,402,406,4,13700,5580600,38,58.0,408,1000,406,600,2315361355,2315361355,335958933,0,0,0,0,0
2022-06-17,ATIC,Anabatic Technologies Tbk.,--U-1105000000I121---L--------,408,0,408,396,402,-6,121700,48618600,73,57.4,402,11500,396,900,2315361355,2315361355,335958933,0,0,0,0,0
2022-06-16,ATIC,Anabatic Technologies Tbk.,--U-1105000000I121---L--------,426,0,426,402,408,-18,119100,48905800,113,58.3,410,50100,408,2900,2315361355,2315361355,335958933,300,0,0,0,0
2022-06-15,ATIC,Anabatic Technologies Tbk.,--U-1105000000I121---L--------,438,0,438,424,426,-12,9700,4149200,23,60.9,426,4300,424,2800,2315361355,2315361355,335958933,0,0,0,0,0
2022-06-14,ATIC,Anabatic Technologies Tbk.,--U-1105000000I121---L--------,434,0,448,424,438,4,6900,3026000,15,62.6,436,37200,428,1400,2315361355,2315361355,335958933,0,0,0,0,0
2022-06-13,ATIC,Anabatic Technologies Tbk.,--U-1105000000I121---L--------,440,0,440,420,434,-6,20600,8844600,36,62.0,432,500,428,27800,2315361355,2315361355,335958933,0,0,0,0,0
2022-06-10,ATIC,Anabatic Technologies Tbk.,--U-1105000000I121---L--------,434,0,440,418,440,6,41000,17810000,46,62.9,440,115200,438,100,2315361355,2315361355,335958933,0,0,0,0,0
2022-06-09,ATIC,Anabatic Technologies Tbk.,--U-1105000000I121---L--------,432,0,442,432,434,2,158800,69343600,45,62.0,440,39600,434,2800,2315361355,2315361355,335958933,0,0,0,0,0
2022-06-08,ATIC,Anabatic Technologies Tbk.,--U-1105000000I121---L--------,438,0,448,432,432,-6,145800,63673000,30,61.7,446,13000,430,1200,2315361355,2315361355,335958933,0,0,0,0,0
2022-06-07,ATIC,Anabatic Technologies Tbk.,--U-1105000000I121---L--------,430,0,446,428,438,8,72900,31697800,51,62.6,440,300,436,47300,2315361355,2315361355,335958933,0,0,0,0,0
2022-06-06,ATIC,Anabatic Technologies Tbk.,--U-1105000000I121---L--------,430,0,448,420,430,0,76600,32867400,48,61.4,438,1000,430,1000,2315361355,2315361355,335958933,0,0,0,0,0
2022-06-03,ATIC,Anabatic Technologies Tbk.,--U-1105000000I121---L--------,426,0,438,420,430,4,39500,16794600,29,61.4,430,2800,424,400,2315361355,2315361355,335958933,9000,0,0,0,0
2022-06-02,ATIC,Anabatic Technologies Tbk.,--U-1105000000I121------------,438,0,438,410,426,-12,87700,37166800,96,60.9,430,1000,426,5800,2315361355,2315361355,335958933,1000,0,0,0,0
2022-05-31,ATIC,Anabatic Technologies Tbk.,--U-1105000000I121------------,428,0,440,428,438,10,124200,54122400,65,62.6,438,62200,436,6800,2315361355,2315361355,335958933,0,0,0,0,0
2022-05-30,ATIC,Anabatic Technologies Tbk.,--U-1105000000I121---L--------,428,0,440,404,428,0,109500,46303400,89,61.1,434,4000,428,10500,2315361355,2315361355,335958933,0,10000,0,0,0
2022-05-27,ATIC,Anabatic Technologies Tbk.,--U-1105000000I121---L--------,408,0,492,402,428,20,264500,115416000,256,61.1,434,1000,428,1600,2315361355,2315361355,335958933,0,0,0,0,0
2022-05-25,ATIC,Anabatic Technologies Tbk.,--U-1105000000I121---L--------,402,0,410,402,408,6,44200,17880000,33,58.3,406,10300,402,10100,2315361355,2315361355,335958933,0,0,0,0,0
2022-05-24,ATIC,Anabatic Technologies Tbk.,--U-1105000000I121---L--------,404,0,404,400,402,-2,125000,50079200,49,57.4,404,11600,402,6700,2315361355,2315361355,335958933,0,0,0,0,0
2022-05-23,ATIC,Anabatic Technologies Tbk.,--U-1105000000I121---L--------,406,0,406,400,404,-2,24800,9973400,35,57.7,404,1100,402,100,2315361355,2315361355,335958933,0,0,0,0,0
2022-05-20,ATIC,Anabatic Technologies Tbk.,--U-1105000000I121---L--------,400,0,406,400,406,6,136800,54798800,45,58.0,408,3800,404,100,2315361355,2315361355,335958933,0,100,0,0,0
2022-05-19,ATIC,Anabatic Technologies Tbk.,--U-1105000000I121---L--------,406,0,410,398,400,-6,52900,21212200,66,57.1,402,700,400,700,2315361355,2315361355,335958933,0,0,0,0,0
2022-05-18,ATIC,Anabatic Technologies Tbk.,--U-1105000000I121---L--------,398,0,416,398,406,8,48400,19434000,70,58.0,406,1700,402,1200,2315361355,2315361355,335958933,0,0,0,0,0
2022-05-17,ATIC,Anabatic Technologies Tbk.,--U-1105000000I121---L--------,394,0,404,390,398,4,78200,30809600,64,56.9,404,27800,398,2600,2315361355,2315361355,335958933,0,0,0,0,0
2022-05-13,ATIC,Anabatic Technologies Tbk.,--U-1105000000I121---L--------,394,0,400,368,394,0,227300,84746800,142,56.3,394,32700,392,100,2315361355,2315361355,335958933,0,0,0,0,0
2022-05-12,ATIC,Anabatic Technologies Tbk.,--U-1105000000I121---L--------,420,0,420,392,394,-26,347800,138031800,179,56.3,394,10400,392,1600,2315361355,2315361355,335958933,0,0,0,0,0
2022-05-11,ATIC,Anabatic Technologies Tbk.,--U-1105000000I121---L--------,450,0,440,420,420,-30,352500,148244600,147,60.0,420,28800,0,0,2315361355,2315361355,335958933,0,0,0,0,0
2022-05-10,ATIC,Anabatic Technologies Tbk.,--U-1105000000I121------------,450,0,460,450,450,0,35700,16224000,48,64.3,454,21000,452,5200,2315361355,2315361355,335958933,0,0,0,0,0
2022-05-09,ATIC,Anabatic Technologies Tbk.,--U-1105000000I121------------,470,0,470,450,450,-20,49100,22421800,86,64.3,450,3100,448,50300,2315361355,2315361355,335958933,0,0,0,0,0
2022-04-28,ATIC,Anabatic Technologies Tbk.,--U-1105000000I121------------,466,0,472,464,470,4,71800,33703600,52,67.1,470,26900,466,100,2315361355,2315361355,335958933,0,100,0,0,0
2022-04-27,ATIC,Anabatic Technologies Tbk.,--U-1105000000I121------------,464,0,470,464,466,2,40400,18865400,33,66.6,466,47800,464,57500,2315361355,2315361355,335958933,0,100,0,0,0
2022-04-26,ATIC,Anabatic Technologies Tbk.,--U-1105000000I121------------,466,0,474,462,464,-2,36500,16970600,46,66.3,466,13900,464,22800,2315361355,2315361355,335958933,0,0,0,0,0
2022-04-25,ATIC,Anabatic Technologies Tbk.,--U-1105000000I121------------,474,0,470,460,466,-8,88400,40965400,59,66.6,466,6900,464,200,2315361355,2315361355,335958933,0,0,0,0,0
2022-04-22,ATIC,Anabatic Technologies Tbk.,--U-1105000000I121------------,470,0,478,470,474,4,21000,9917200,29,67.7,474,8900,470,310300,2315361355,2315361355,335958933,0,0,0,0,0
2022-04-21,ATIC,Anabatic Technologies Tbk.,--U-1105000000I121------------,472,0,472,470,470,-2,128400,60432000,51,67.1,472,21500,470,229800,2315361355,2315361355,335958933,0,0,0,0,0
2022-04-20,ATIC,Anabatic Technologies Tbk.,--U-1105000000I121------------,476,0,476,462,472,-4,137300,64379600,104,67.4,472,400,470,223800,2315361355,2315361355,335958933,0,0,0,0,0
2022-04-19,ATIC,Anabatic Technologies Tbk.,--U-1105000000I121------------,480,0,480,474,476,-4,39000,18541800,50,68.0,478,14400,474,18400,2315361355,2315361355,335958933,0,0,0,0,0
2022-04-18,ATIC,Anabatic Technologies Tbk.,--U-1105000000I121------------,478,0,486,478,480,2,43200,20929800,41,68.6,480,15200,478,204000,2315361355,2315361355,335958933,0,0,0,0,0
2022-04-14,ATIC,Anabatic Technologies Tbk.,--U-1105000000I121------------,486,0,486,474,478,-8,142900,68537400,92,68.3,478,21700,476,100,2315361355,2315361355,335958933,0,0,0,0,0
2022-04-13,ATIC,Anabatic Technologies Tbk.,--U-1105000000I121------------,490,0,490,482,486,-4,38200,18555800,25,69.4,486,20600,484,5200,2315361355,2315361355,335958933,0,0,0,0,0
2022-04-12,ATIC,Anabatic Technologies Tbk.,--U-1105000000I121------------,496,0,496,482,490,-6,59800,29142000,75,70.0,492,4800,488,112800,2315361355,2315361355,335958933,0,0,0,0,0
2022-04-11,ATIC,Anabatic Technologies Tbk.,--U-1105000000I121------------,500,0,500,480,496,-4,408800,199841200,107,70.9,498,27000,496,7300,2315361355,2315361355,335958933,0,0,0,0,0
2022-04-08,ATIC,Anabatic Technologies Tbk.,--U-1105000000I121------------,500,0,505,496,500,0,54200,27006900,62,71.4,505,200,500,16100,2315361355,2315361355,335958933,0,0,0,0,0
2022-04-07,ATIC,Anabatic Technologies Tbk.,--U-1105000000I121------------,505,0,505,496,500,-5,47400,23658200,51,71.4,510,7700,500,6900,2315361355,2315361355,335958933,0,0,0,0,0
2022-04-06,ATIC,Anabatic Technologies Tbk.,--U-1105000000I121------------,510,0,510,498,505,-5,75300,37699200,91,72.1,500,2000,498,25800,2315361355,2315361355,335958933,0,0,0,0,0
2022-04-05,ATIC,Anabatic Technologies Tbk.,--U-1105000000I121------------,505,0,510,505,510,5,41400,20919500,39,72.9,510,56800,505,8000,2315361355,2315361355,335958933,10000,0,0,0,0
2022-04-04,ATIC,Anabatic Technologies Tbk.,--U-1105000000I121------------,505,0,510,500,505,0,43300,21803500,71,72.1,510,8800,505,11400,2315361355,2315361355,335958933,0,0,0,0,0
2022-04-01,ATIC,Anabatic Technologies Tbk.,--U-1105000000I121------------,505,0,510,500,505,0,13400,6763500,34,72.1,505,15000,500,360700,2315361355,2315361355,335958933,0,0,0,0,0
2022-03-31,ATIC,Anabatic Technologies Tbk.,--U-1105000000I121------------,505,0,515,500,505,0,41300,20741500,43,72.1,510,14000,505,100,2315361355,2315361355,1127580980,0,0,0,0,0
2022-03-30,ATIC,Anabatic Technologies Tbk.,--U-1105000000I121------------,510,0,515,505,505,-5,32500,16505000,39,72.1,510,20500,505,5400,2315361355,2315361355,1127580980,0,0,0,0,0
2022-03-29,ATIC,Anabatic Technologies Tbk.,--U-1105000000I121------------,515,0,520,500,510,-5,83300,42276000,55,72.9,515,4400,510,1200,2315361355,2315361355,1127580980,0,0,0,0,0
2022-03-28,ATIC,Anabatic Technologies Tbk.,--U-1105000000I121------------,505,0,520,500,515,10,78900,40016000,63,73.6,515,9800,510,111200,2315361355,2315361355,1127580980,0,0,0,0,0
2022-03-25,ATIC,Anabatic Technologies Tbk.,--U-1105000000I121------------,515,0,520,505,505,-10,42900,21861000,52,72.1,515,7600,505,64800,2315361355,2315361355,1127580980,0,0,0,0,0
2022-03-24,ATIC,Anabatic Technologies Tbk.,--U-1105000000I121------------,515,0,550,500,515,0,164600,84593500,126,73.6,515,10400,505,15100,2315361355,2315361355,1127580980,0,0,0,0,0
2022-03-23,ATIC,Anabatic Technologies Tbk.,--U-1105000000I121------------,510,0,540,510,515,5,73100,38452500,85,73.6,520,700,515,3200,2315361355,2315361355,1127580980,6000,0,0,0,0
2022-03-22,ATIC,Anabatic Technologies Tbk.,--U-1105000000I121------------,530,0,540,505,510,-20,281400,144238000,183,72.9,510,400,505,25700,2315361355,2315361355,1127580980,0,1000,0,0,0
2022-03-21,ATIC,Anabatic Technologies Tbk.,--U-1105000000I121------------,560,0,570,525,530,-30,581500,311828500,328,75.7,540,10700,530,21500,2315361355,2315361355,1127580980,0,3000,0,0,0
2022-03-18,ATIC,Anabatic Technologies Tbk.,--U-1105000000I121------------,488,0,585,488,560,72,1281000,721568200,1029,80.0,570,4600,560,83200,2315361355,2315361355,1127580980,17000,19000,0,0,0
2022-03-17,ATIC,Anabatic Technologies Tbk.,--U-1105000000I121------------,470,0,510,470,488,18,170400,83645800,224,69.7,490,100,488,1700,2315361355,2315361355,1127580980,0,0,0,0,0
2022-03-16,ATIC,Anabatic Technologies Tbk.,--U-1105000000I121------------,488,0,488,464,470,-18,120500,57280200,97,67.1,484,300,470,100,2315361355,2315361355,1127580980,0,0,0,0,0
2022-03-15,ATIC,Anabatic Technologies Tbk.,--U-1105000000I121------------,488,0,496,474,488,0,30400,14802000,45,69.7,488,21200,478,3400,2315361355,2315361355,1127580980,0,0,0,0,0
2022-03-14,ATIC,Anabatic Technologies Tbk.,--U-1105000000I121------------,492,0,496,486,488,-4,42900,21033200,50,69.7,488,4100,486,14900,2315361355,2315361355,1127580980,0,0,0,0,0
2022-03-11,ATIC,Anabatic Technologies Tbk.,--U-1105000000I121------------,490,0,496,486,492,2,17100,8417200,44,70.3,492,4000,490,2000,2315361355,2315361355,1127580980,0,0,0,0,0
2022-03-10,ATIC,Anabatic Technologies Tbk.,--U-1105000000I121------------,480,0,500,478,490,10,39300,19021400,79,70.0,490,2000,488,1200,2315361355,2315361355,1127580980,0,0,0,0,0
2022-03-09,ATIC,Anabatic Technologies Tbk.,--U-1105000000I121------------,470,0,480,460,480,10,46700,21781800,50,68.6,480,11100,470,6400,2315361355,2315361355,1127580980,0,0,0,0,0
2022-03-08,ATIC,Anabatic Technologies Tbk.,--U-1105000000I121------------,480,0,480,462,470,-10,147900,69630800,93,67.1,480,40300,470,15800,2315361355,2315361355,1127580980,0,0,0,0,0
2022-03-07,ATIC,Anabatic Technologies Tbk.,--U-1105000000I121------------,505,0,510,472,480,-25,268000,129158000,218,68.6,482,14600,480,15900,2315361355,2315361355,1127580980,0,0,0,0,0
2022-03-04,ATIC,Anabatic Technologies Tbk.,--U-1105000000I121------------,540,0,545,505,505,-35,475100,242708500,250,72.1,510,30600,0,0,2315361355,2315361355,1127580980,0,0,0,0,0
2022-03-02,ATIC,Anabatic Technologies Tbk.,--U-1105000000I121------------,560,0,560,530,540,-20,77900,42033500,81,77.1,545,6100,540,9600,2315361355,2315361355,1127580980,0,0,0,0,0
2022-03-01,ATIC,Anabatic Technologies Tbk.,--U-1105000000I121------------,550,0,560,535,560,10,208000,114526500,100,80.0,560,44000,555,200,2315361355,2315361355,1127580980,0,0,0,0,0
2022-02-25,ATIC,Anabatic Technologies Tbk.,--U-1105000000I121------------,555,0,555,540,550,-5,128800,70582500,110,78.6,555,10600,550,7600,2315361355,2315361355,1127580980,0,0,0,0,0
2022-02-24,ATIC,Anabatic Technologies Tbk.,--U-1105000000I121------------,585,0,595,545,555,-30,569200,317029500,245,79.3,560,100,550,1900,2315361355,2315361355,1127580980,0,0,0,0,0
2022-02-23,ATIC,Anabatic Technologies Tbk.,--U-1105000000I121------------,600,0,600,575,585,-15,286200,166352500,156,83.6,590,2600,585,44100,2315361355,2315361355,1127580980,0,10000,500,362500,1
2022-02-22,ATIC,Anabatic Technologies Tbk.,--U-1105000000I121------------,595,0,605,585,600,5,117300,69499500,103,85.7,595,21500,590,10200,2315361355,2315361355,1127580980,0,0,0,0,0
2022-02-21,ATIC,Anabatic Technologies Tbk.,--U-1105000000I121------------,595,0,600,585,595,0,206800,122723000,97,85.0,600,103200,595,20100,2315361355,2315361355,1127580980,0,0,0,0,0
2022-02-18,ATIC,Anabatic Technologies Tbk.,--U-1105000000I121------------,600,0,605,590,595,-5,222300,131802500,119,85.0,595,17600,590,79900,2315361355,2315361355,1127580980,0,0,0,0,0
2022-02-17,ATIC,Anabatic Technologies Tbk.,--U-1105000000I121------------,600,0,605,590,600,0,126700,75512000,88,85.7,600,40400,595,48400,2315361355,2315361355,1127580980,0,0,0,0,0
2022-02-16,ATIC,Anabatic Technologies Tbk.,--U-1105000000I121------------,600,0,605,585,600,0,355900,209917000,213,85.7,600,5900,595,10600,2315361355,2315361355,1127580980,0,0,0,0,0
2022-02-15,ATIC,Anabatic Technologies Tbk.,--U-1105000000I121------------,615,0,630,595,600,-15,1020600,614540500,242,85.7,600,168800,595,52900,2315361355,2315361355,1127580980,8600,0,0,0,0
2022-02-14,ATIC,Anabatic Technologies Tbk.,--U-1105000000I121------------,610,0,630,610,615,5,56600,35070000,78,87.9,620,500,615,11500,2315361355,2315361355,1127580980,0,0,0,0,0
2022-02-11,ATIC,Anabatic Technologies Tbk.,--U-1105000000I121------------,625,0,640,610,610,-15,108500,66899500,83,87.1,620,1300,610,200700,2315361355,2315361355,1127580980,0,8600,0,0,0
2022-02-10,ATIC,Anabatic Technologies Tbk.,--U-1105000000I121------------,630,0,645,625,625,-5,106100,67120000,111,89.3,630,2400,625,1000,2315361355,2315361355,1127580980,0,0,0,0,0
2022-02-09,ATIC,Anabatic Technologies Tbk.,--U-1105000000I121------------,620,0,630,610,630,10,362600,225383500,159,90.0,635,3200,630,1200,2315361355,2315361355,1127580980,0,159000,0,0,0
2022-02-08,ATIC,Anabatic Technologies Tbk.,--U-1105000000I121------------,610,0,620,605,620,10,142400,87224500,213,88.6,620,50300,615,10000,2315361355,2315361355,1127580980,0,0,0,0,0
2022-02-07,ATIC,Anabatic Technologies Tbk.,--U-1105000000I121------------,615,0,620,605,610,-5,150500,91434000,96,87.1,610,62700,605,139600,2315361355,2315361355,1127580980,16100,0,0,0,0
2022-02-04,ATIC,Anabatic Technologies Tbk.,--U-1105000000I121------------,610,0,615,600,615,5,81300,49430500,103,87.9,615,7600,610,9000,2315361355,2315361355,1127580980,0,0,0,0,0
2022-02-03,ATIC,Anabatic Technologies Tbk.,--U-1105000000I121------------,620,0,625,610,610,-10,68900,42336500,61,87.1,620,4900,610,31900,2315361355,2315361355,1127580980,0,0,0,0,0
2022-02-02,ATIC,Anabatic Technologies Tbk.,--U-1105000000I121------------,610,0,625,610,620,10,159900,97727000,86,88.6,620,119300,610,71100,2315361355,2315361355,1127580980,0,0,0,0,0
2022-01-31,ATIC,Anabatic Technologies Tbk.,--U-1105000000I121------------,620,0,625,605,610,-10,69500,42552000,82,87.1,615,2400,610,76500,2315361355,2315361355,1127580980,0,0,0,0,0
2022-01-28,ATIC,Anabatic Technologies Tbk.,--U-1105000000I121------------,610,0,625,605,620,10,284000,174492500,141,88.6,620,68600,605,64000,2315361355,2315361355,1127580980,0,0,0,0,0
2022-01-27,ATIC,Anabatic Technologies Tbk.,--U-1105000000I121------------,610,0,630,600,610,0,327000,199108000,160,87.1,620,60300,605,119800,2315361355,2315361355,1127580980,0,0,0,0,0
2022-01-26,ATIC,Anabatic Technologies Tbk.,--U-1105000000I121------------,620,0,640,610,610,-10,115700,71744500,108,87.1,615,1300,610,62200,2315361355,2315361355,1127580980,0,0,0,0,0
2022-01-25,ATIC,Anabatic Technologies Tbk.,--U-1105000000I121------------,610,0,665,610,620,10,335700,212163000,216,88.6,630,2300,620,2100,2315361355,2315361355,1127580980,0,0,0,0,0
2022-01-24,ATIC,Anabatic Technologies Tbk.,--U-1105000000I121------------,615,0,620,600,610,-5,272600,166043500,157,87.1,615,18000,610,44600,2315361355,2315361355,1127580980,0,0,0,0,0
2022-01-21,ATIC,Anabatic Technologies Tbk.,--U-1105000000I121------------,625,0,625,610,615,-10,149800,92141000,120,87.9,620,100,610,237100,2315361355,2315361355,1127580980,0,0,0,0,0
2022-01-20,ATIC,Anabatic Technologies Tbk.,--U-1105000000I121------------,630,0,630,605,625,-5,164100,100915500,136,89.3,630,12000,625,500,2315361355,2315361355,1127580980,0,10700,0,0,0
2022-01-19,ATIC,Anabatic Technologies Tbk.,--U-1105000000I121------------,630,0,640,610,630,0,511000,316730500,221,90.0,630,46000,620,1000,2315361355,2315361355,1127580980,82500,0,0,0,0
2022-01-18,ATIC,Anabatic Technologies Tbk.,--U-1105000000I121------------,645,0,660,615,630,-15,521400,329539000,233,90.0,630,27500,625,12100,2315361355,2315361355,1127580980,0,42400,0,0,0
2022-01-17,ATIC,Anabatic Technologies Tbk.,--U-1105000000I121------------,640,0,655,640,645,5,206300,133443500,137,92.1,645,10000,640,16200,2315361355,2315361355,1127580980,3600,0,0,0,0
2022-01-14,ATIC,Anabatic Technologies Tbk.,--U-1105000000I121------------,640,0,660,640,640,0,178500,115080500,184,91.4,645,5000,640,28100,2315361355,2315361355,1127580980,500,0,0,0,0
2022-01-13,ATIC,Anabatic Technologies Tbk.,--U-1105000000I121------------,650,0,670,640,640,-10,456100,296814500,232,91.4,655,5600,640,62900,2315361355,2315361355,1127580980,400,0,0,0,0
2022-01-12,ATIC,Anabatic Technologies Tbk.,--U-1105000000I121------------,665,0,670,650,650,-15,321400,211182500,192,92.9,650,700,645,85900,2315361355,2315361355,1127580980,0,25000,0,0,0
2022-01-11,ATIC,Anabatic Technologies Tbk.,--U-1105000000I121------------,645,0,685,645,665,20,758900,501563000,425,95.0,665,7700,660,1800,2315361355,2315361355,1127580980,0,70700,0,0,0
2022-01-10,ATIC,Anabatic Technologies Tbk.,--U-1105000000I121------------,670,0,680,640,645,-25,1322400,857997500,596,92.1,650,1500,640,145300,2315361355,2315361355,1127580980,0,0,0,0,0
2022-01-07,ATIC,Anabatic Technologies Tbk.,--U-1105000000I121------------,670,0,730,660,670,0,1379800,948310000,753,95.7,680,96100,670,9900,2315361355,2315361355,1127580980,0,0,0,0,0
2022-01-06,ATIC,Anabatic Technologies Tbk.,--U-1105000000I121------------,705,0,705,660,670,-35,1814200,1205380500,670,95.7,675,20000,665,10600,2315361355,2315361355,1127580980,0,200000,0,0,0
2022-01-05,ATIC,Anabatic Technologies Tbk.,--U-1105000000I121------------,730,0,730,695,705,-25,542600,383266500,330,100.7,705,35500,700,14000,2315361355,2315361355,1127580980,0,80000,0,0,0
2022-01-04,ATIC,Anabatic Technologies Tbk.,--U-1105000000I121------------,745,0,755,705,730,-15,695800,509074500,529,104.3,730,24500,725,300,2315361355,2315361355,1127580980,1900,0,0,0,0
2022-01-03,ATIC,Anabatic Technologies Tbk.,--U-1105000000I121------------,800,0,885,745,745,-55,4726500,3650693500,1915,106.4,745,20700,0,0,2315361355,2315361355,1127580980,100,7500,0,0,0
2021-12-30,ATIC,Anabatic Technologies Tbk.,--U-1105000000I121------------,640,0,800,640,800,160,7292000,5547354500,3083,114.3,0,0,800,1786700,2315361355,2315361355,1721471167,180800,2300,0,0,0
2021-12-29,ATIC,Anabatic Technologies Tbk.,--U-1105000000I121------------,680,0,680,635,640,-40,798700,515433000,415,91.4,655,5800,640,8200,2315361355,2315361355,1721471167,0,0,0,0,0
2021-12-28,ATIC,Anabatic Technologies Tbk.,--U-1105000000I121------------,710,0,730,680,680,-30,555800,382175500,370,97.1,680,1900,675,40400,2315361355,2315361355,1721471167,0,2300,0,0,0
2021-12-27,ATIC,Anabatic Technologies Tbk.,--U-1105000000I121------------,655,0,740,670,710,55,2477900,1754255000,1365,101.4,715,11500,710,36600,2315361355,2315361355,1721471167,10500,0,0,0,0
2021-12-24,ATIC,Anabatic Technologies Tbk.,--U-1105000000I121------------,665,0,680,635,655,-10,580200,376458000,344,93.6,665,700,655,9700,2315361355,2315361355,1721471167,0,15500,0,0,0
2021-12-23,ATIC,Anabatic Technologies Tbk.,--U-1105000000I121------------,710,0,770,665,665,-45,2132900,1510269000,1101,95.0,665,72600,0,0,2315361355,2315361355,1721471167,0,0,0,0,0
2021-12-22,ATIC,Anabatic Technologies Tbk.,--U-1105000000I121------------,710,0,715,665,710,0,1695600,1161482500,789,101.4,710,76700,705,1000,2315361355,2315361355,1721471167,0,47200,0,0,0
2021-12-21,ATIC,Anabatic Technologies Tbk.,--U-1105000000I121------------,760,0,940,710,710,-50,14555700,11977540000,6063,101.4,710,187100,0,0,2315361355,2315361355,1721471167,1000,1000,0,0,0
2021-12-20,ATIC,Anabatic Technologies Tbk.,--U-1105000000I121------------,610,0,760,660,760,150,4832200,3541875500,2036,108.6,0,0,760,2134400,2315361355,2315361355,1721471167,49200,0,0,0,0
2021-12-17,ATIC,Anabatic Technologies Tbk.,--U-1105000000I121------------,605,0,610,600,610,5,63800,38695000,60,87.1,615,6700,605,23700,2315361355,2315361355,1721471167,0,0,0,0,0
2021-12-16,ATIC,Anabatic Technologies Tbk.,--U-1105000000I121------------,610,0,620,600,605,-5,117100,70504500,90,86.4,610,16800,605,3000,2315361355,2315361355,1721471167,0,0,0,0,0
2021-12-15,ATIC,Anabatic Technologies Tbk.,--U-1105000000I121------------,605,0,620,605,610,5,92200,56373500,88,87.1,615,4300,610,1200,2315361355,2315361355,1721471167,0,100,0,0,0
2021-12-14,ATIC,Anabatic Technologies Tbk.,--U-1105000000I121------------,630,0,645,600,605,-25,199800,121896000,173,86.4,615,2000,605,9800,2315361355,2315361355,1721471167,0,32000,0,0,0
2021-12-13,ATIC,Anabatic Technologies Tbk.,--U-1105000000I121------------,610,0,630,610,630,20,160200,99941500,108,90.0,635,18500,630,1600,2315361355,2315361355,1721471167,0,0,0,0,0
2021-12-10,ATIC,Anabatic Technologies Tbk.,--U-1105000000I121------------,610,0,620,595,610,0,157900,95594500,149,87.1,615,2100,610,75900,2315361355,2315361355,1721471167,0,0,0,0,0
2021-12-09,ATIC,Anabatic Technologies Tbk.,--U-1105000000I121------------,625,0,630,600,610,-15,107000,65531500,129,87.1,620,14600,610,4500,2315361355,2315361355,1721471167,0,0,0,0,0
2021-12-08,ATIC,Anabatic Technologies Tbk.,--U-1105000000I121------------,620,0,635,585,625,5,543000,330797000,240,89.3,625,13000,615,1600,2315361355,2315361355,1721471167,12300,0,0,0,0
2021-12-07,ATIC,Anabatic Technologies Tbk.,--U-1105000000I121------------,615,0,640,615,620,5,193000,120050000,160,88.6,630,5800,620,88500,2315361355,2315361355,1721471167,0,3700,0,0,0
2021-12-06,ATIC,Anabatic Technologies Tbk.,--U-1105000000I121------------,655,0,655,615,615,-40,419400,261293000,305,87.9,615,6100,610,341100,2315361355,2315361355,1721471167,0,8600,0,0,0
2021-12-03,ATIC,Anabatic Technologies Tbk.,--U-1105000000I121------------,695,0,710,650,655,-40,486400,321597000,275,93.6,670,17500,655,20800,2315361355,2315361355,1721471167,0,61200,0,0,0
2021-12-02,ATIC,Anabatic Technologies Tbk.,--U-1105000000I121------------,690,0,715,675,695,5,330000,227174000,202,99.3,700,2700,695,199000,2315361355,2315361355,1721471167,0,24300,0,0,0
2021-12-01,ATIC,Anabatic Technologies Tbk.,--U-1105000000I121------------,740,0,750,690,690,-50,1096600,779850000,549,98.6,695,13800,690,184500,2315361355,2315361355,1721471167,0,31800,0,0,0
2021-11-30,ATIC,Anabatic Technologies Tbk.,--U-1105000000I121------------,675,0,795,675,740,65,4961200,3716647000,2337,105.7,740,106600,735,3600,2315361355,2315361355,1721471167,0,0,0,0,0
2021-11-29,ATIC,Anabatic Technologies Tbk.,--U-1105000000I121------------,630,0,695,625,675,45,898000,590558500,289,96.4,675,10400,670,500,2315361355,2315361355,1721471167,0,215200,0,0,0
2021-11-26,ATIC,Anabatic Technologies Tbk.,--U-1105000000I121------------,635,0,635,620,630,-5,221900,139479500,139,90.0,635,36700,630,86900,2315361355,2315361355,1721471167,0,0,0,0,0
2021-11-25,ATIC,Anabatic Technologies Tbk.,--U-1105000000I121------------,635,0,650,625,635,0,226000,143791000,121,90.7,635,63000,630,1200,2315361355,2315361355,1721471167,0,0,0,0,0
2021-11-24,ATIC,Anabatic Technologies Tbk.,--U-1105000000I121------------,635,0,640,630,635,0,184700,117286000,50,90.7,635,5800,630,38800,2315361355,2315361355,1721471167,0,0,0,0,0
2021-11-23,ATIC,Anabatic Technologies Tbk.,--U-1105000000I121------------,635,0,645,625,635,0,161200,102154500,95,90.7,640,121400,635,92900,2315361355,2315361355,1721471167,0,0,0,0,0
2021-11-22,ATIC,Anabatic Technologies Tbk.,--U-1105000000I121------------,625,0,645,615,635,10,268000,170173000,158,90.7,635,1400,630,500,2315361355,2315361355,1721471167,0,0,0,0,0
2021-11-19,ATIC,Anabatic Technologies Tbk.,--U-1105000000I121------------,620,0,630,615,625,5,120100,75169500,135,89.3,630,42800,625,6000,2315361355,2315361355,1721471167,0,0,0,0,0
2021-11-18,ATIC,Anabatic Technologies Tbk.,--U-1105000000I121------------,615,0,630,605,620,5,334200,206194000,126,88.6,625,22400,615,1800,2315361355,2315361355,1721471167,0,233000,0,0,0
2021-11-17,ATIC,Anabatic Technologies Tbk.,--U-1105000000I121------------,620,0,625,610,615,-5,76800,47145000,81,87.9,615,81900,610,38800,2315361355,2315361355,1721471167,0,0,0,0,0
2021-11-16,ATIC,Anabatic Technologies Tbk.,--U-1105000000I121------------,615,0,620,600,620,5,142100,87425000,93,88.6,625,45100,620,800,2315361355,2315361355,1721471167,0,75000,0,0,0
2021-11-15,ATIC,Anabatic Technologies Tbk.,--U-1105000000I121------------,615,0,625,610,615,0,220000,135197000,107,87.9,615,37200,610,10800,2315361355,2315361355,1721471167,0,0,0,0,0
2021-11-12,ATIC,Anabatic Technologies Tbk.,--U-1105000000I121------------,625,0,630,610,615,-10,105300,65034500,96,87.9,620,40600,615,800,2315361355,2315361355,1721471167,0,0,0,0,0
2021-11-11,ATIC,Anabatic Technologies Tbk.,--U-1105000000I121------------,615,0,625,610,625,10,134500,83361500,94,89.3,630,21400,620,4200,2315361355,2315361355,1721471167,0,0,0,0,0
2021-11-10,ATIC,Anabatic Technologies Tbk.,--U-1105000000I121------------,625,0,625,605,615,-10,263500,161663500,189,87.9,620,18600,615,9400,2315361355,2315361355,1721471167,0,0,0,0,0
2021-11-09,ATIC,Anabatic Technologies Tbk.,--U-1105000000I121------------,615,0,640,615,625,10,536200,333823500,211,89.3,625,12100,620,18600,2315361355,2315361355,1721471167,0,0,0,0,0
2021-11-08,ATIC,Anabatic Technologies Tbk.,--U-1105000000I121------------,620,0,625,610,615,-5,111800,68886000,82,87.9,620,33400,615,38700,2315361355,2315361355,1721471167,0,0,0,0,0
2021-11-05,ATIC,Anabatic Technologies Tbk.,--U-1105000000I121------------,615,0,640,610,620,5,290600,181472500,169,88.6,620,44000,615,17100,2315361355,2315361355,1721471167,0,0,0,0,0
2021-11-04,ATIC,Anabatic Technologies Tbk.,--U-1105000000I121------------,615,0,620,605,615,0,100700,61564000,94,87.9,615,12700,610,3000,2315361355,2315361355,1721471167,0,0,0,0,0
2021-11-03,ATIC,Anabatic Technologies Tbk.,--U-1105000000I121------------,620,0,620,595,615,-5,377700,228281000,223,87.9,615,2900,605,2300,2315361355,2315361355,1721471167,0,0,0,0,0
2021-11-02,ATIC,Anabatic Technologies Tbk.,--U-1105000000I121------------,625,0,635,615,620,-5,107000,66589500,97,88.6,620,7700,615,12700,2315361355,2315361355,1721471167,0,0,0,0,0
2021-11-01,ATIC,Anabatic Technologies Tbk.,--U-1105000000I121------------,635,0,640,615,625,-10,334700,209390500,241,89.3,625,1900,620,42700,2315361355,2315361355,1721471167,0,0,0,0,0
2021-10-29,ATIC,Anabatic Technologies Tbk.,--U-1105000000I121------------,640,0,640,625,635,-5,163300,103068500,158,90.7,640,17800,635,100,2315361355,2315361355,1721471167,0,0,0,0,0
2021-10-28,ATIC,Anabatic Technologies Tbk.,--U-1105000000I121------------,640,0,660,620,640,0,380300,241864000,200,91.4,640,6200,630,4000,2315361355,2315361355,1721471167,0,1000,0,0,0
2021-10-27,ATIC,Anabatic Technologies Tbk.,--U-1105000000I121------------,635,0,665,625,640,5,414000,267216000,224,91.4,640,7200,635,57600,2315361355,2315361355,1721471167,0,0,0,0,0
2021-10-26,ATIC,Anabatic Technologies Tbk.,--U-1105000000I121------------,640,0,650,635,635,-5,176000,112453500,116,90.7,640,4800,635,22900,2315361355,2315361355,1721471167,0,0,0,0,0
2021-10-25,ATIC,Anabatic Technologies Tbk.,--U-1105000000I121------------,635,0,650,620,640,5,450100,288138000,342,91.4,640,28100,635,21200,2315361355,2315361355,1721471167,0,0,0,0,0
2021-10-22,ATIC,Anabatic Technologies Tbk.,--U-1105000000I121------------,635,0,650,615,635,0,429300,273876000,276,90.7,635,1000,630,12800,2315361355,2315361355,1721471167,0,0,0,0,0
2021-10-21,ATIC,Anabatic Technologies Tbk.,--U-1105000000I121------------,635,0,645,625,635,0,199200,126337000,112,90.7,640,500,635,84700,2315361355,2315361355,1721471167,0,0,0,0,0
2021-10-19,ATIC,Anabatic Technologies Tbk.,--U-1105000000I121------------,630,0,655,620,635,5,147300,92875500,126,90.7,640,4100,635,36500,2315361355,2315361355,1721471167,0,0,0,0,0
2021-10-18,ATIC,Anabatic Technologies Tbk.,--U-1105000000I121------------,630,0,640,620,630,0,163600,102877000,137,90.0,630,6100,625,73100,2315361355,2315361355,1721471167,0,0,0,0,0
2021-10-15,ATIC,Anabatic Technologies Tbk.,--U-1105000000I121------------,625,0,640,620,630,5,135900,85427500,72,90.0,630,26300,625,6100,2315361355,2315361355,1721471167,0,0,0,0,0
2021-10-14,ATIC,Anabatic Technologies Tbk.,--U-1105000000I121------------,625,0,640,620,625,0,276900,173106500,87,89.3,630,27400,625,11100,2315361355,2315361355,1721471167,0,0,0,0,0
2021-10-13,ATIC,Anabatic Technologies Tbk.,--U-1105000000I121------------,640,0,640,620,625,-15,130500,81827500,99,89.3,630,2100,625,11900,2315361355,2315361355,1721471167,0,0,0,0,0
2021-10-12,ATIC,Anabatic Technologies Tbk.,--U-1105000000I121------------,630,0,670,625,640,10,215000,137402000,147,91.4,640,97500,635,200,2315361355,2315361355,1721471167,0,100,0,0,0
2021-10-08,ATIC,Anabatic Technologies Tbk.,--U-1105000000I121------------,645,0,665,620,630,-15,335700,213378500,214,90.0,640,12000,630,34800,2315361355,2315361355,1721471167,0,0,0,0,0
2021-10-07,ATIC,Anabatic Technologies Tbk.,--U-1105000000I121------------,595,0,670,595,645,50,714900,455997500,500,92.1,650,41500,640,3100,2315361355,2315361355,1721471167,0,0,0,0,0
2021-10-06,ATIC,Anabatic Technologies Tbk.,--U-1105000000I121------------,625,0,625,585,595,-30,502200,299276500,338,85.0,610,5500,595,71100,2315361355,2315361355,1721471167,0,0,0,0,0
2021-10-05,ATIC,Anabatic Technologies Tbk.,--U-1105000000I121------------,655,0,655,615,625,-30,587200,368233500,284,89.3,625,10000,620,14200,2315361355,2315361355,1721471167,1600,0,0,0,0
2021-10-04,ATIC,Anabatic Technologies Tbk.,--U-1105000000I121------------,665,0,675,640,655,-10,267500,175015500,184,93.6,660,19600,655,200,2315361355,2315361355,1721471167,0,0,0,0,0
2021-10-01,ATIC,Anabatic Technologies Tbk.,--U-1105000000I121------------,670,0,675,660,665,-5,142400,94824000,92,95.0,670,88400,665,11200,2315361355,2315361355,1721471167,0,0,0,0,0
2021-09-30,ATIC,Anabatic Technologies Tbk.,--U-1105000000I121------------,660,0,675,660,670,10,303400,202849000,127,95.7,670,22200,665,11700,2315361355,2315361355,2315361355,700,0,0,0,0
2021-09-29,ATIC,Anabatic Technologies Tbk.,--U-1105000000I121------------,675,0,695,645,660,-15,377300,248181500,200,94.3,660,22300,655,3000,2315361355,2315361355,2315361355,100,0,0,0,0
2021-09-28,ATIC,Anabatic Technologies Tbk.,--U-1105000000I121------------,690,0,695,670,675,-15,398700,269197000,275,96.4,675,26100,670,3800,2315361355,2315361355,2315361355,100,0,0,0,0
2021-09-27,ATIC,Anabatic Technologies Tbk.,--U-1105000000I121------------,700,0,700,685,690,-10,139100,96081500,129,98.6,695,3000,690,900,2315361355,2315361355,2315361355,0,0,0,0,0
2021-09-24,ATIC,Anabatic Technologies Tbk.,--U-1105000000I121------------,705,0,710,690,700,-5,234200,164033500,133,100.0,700,1000,695,9700,2315361355,2315361355,2315361355,1400,0,0,0,0
2021-09-23,ATIC,Anabatic Technologies Tbk.,--U-1105000000I121------------,700,0,715,695,705,5,249300,174791000,152,100.7,705,20100,695,70700,2315361355,2315361355,2315361355,0,0,0,0,0
2021-09-22,ATIC,Anabatic Technologies Tbk.,--U-1105000000I121------------,700,0,710,695,700,0,421400,293975000,157,100.0,700,2800,695,171000,2315361355,2315361355,2315361355,0,0,0,0,0
2021-09-21,ATIC,Anabatic Technologies Tbk.,--U-1105000000I121------------,705,0,720,680,700,-5,249900,174507500,157,100.0,710,20700,705,100,2315361355,2315361355,2315361355,1400,0,0,0,0
2021-09-20,ATIC,Anabatic Technologies Tbk.,--U-1105000000I121------------,720,0,720,700,705,-15,262200,185035500,154,100.7,705,300,700,71600,2315361355,2315361355,2315361355,700,0,0,0,0
2021-09-17,ATIC,Anabatic Technologies Tbk.,--U-1105000000I121------------,720,0,730,710,720,0,254900,182504000,105,102.9,720,43300,715,19600,2315361355,2315361355,2315361355,0,0,0,0,0
2021-09-16,ATIC,Anabatic Technologies Tbk.,--U-1105000000I121------------,720,0,730,710,720,0,342000,245775500,161,102.9,720,2300,715,55700,2315361355,2315361355,2315361355,0,0,0,0,0
2021-09-15,ATIC,Anabatic Technologies Tbk.,--U-1105000000I121------------,720,0,735,710,720,0,506200,368052500,232,102.9,725,300,720,36000,2315361355,2315361355,2315361355,0,0,0,0,0
2021-09-14,ATIC,Anabatic Technologies Tbk.,--U-1105000000I121------------,710,0,740,710,720,10,518500,374395500,272,102.9,720,12800,715,13600,2315361355,2315361355,2315361355,0,0,0,0,0
2021-09-13,ATIC,Anabatic Technologies Tbk.,--U-1105000000I121------------,715,0,725,690,710,-5,683900,482178000,322,101.4,715,61500,710,1600,2315361355,2315361355,2315361355,0,0,0,0,0
2021-09-10,ATIC,Anabatic Technologies Tbk.,--U-1105000000I121------------,735,0,750,700,715,-20,977200,701386500,455,102.1,715,17600,710,5100,2315361355,2315361355,2315361355,0,0,0,0,0
2021-09-09,ATIC,Anabatic Technologies Tbk.,--U-1105000000I121------------,735,0,770,730,735,0,327600,243207500,265,105.0,745,24600,735,8900,2315361355,2315361355,2315361355,0,0,0,0,0
2021-09-08,ATIC,Anabatic Technologies Tbk.,--U-1105000000I121------------,765,0,780,735,735,-30,786100,589749500,348,105.0,745,10000,735,57300,2315361355,2315361355,2315361355,0,200,0,0,0
2021-09-07,ATIC,Anabatic Technologies Tbk.,--U-1105000000I121------------,780,0,790,735,765,-15,862000,658744000,402,109.3,770,8000,765,10700,2315361355,2315361355,2315361355,0,0,0,0,0
2021-09-06,ATIC,Anabatic Technologies Tbk.,--U-1105000000I121------------,785,0,805,775,780,-5,774000,603488500,342,111.4,780,14000,775,17100,2315361355,2315361355,2315361355,0,200,0,0,0
2021-09-03,ATIC,Anabatic Technologies Tbk.,--U-1105000000I121------------,785,0,800,775,785,0,685500,537834000,253,112.1,785,68400,780,766800,2315361355,2315361355,2315361355,0,500,0,0,0
2021-09-02,ATIC,Anabatic Technologies Tbk.,--U-1105000000I121------------,795,0,815,785,785,-10,595200,470719500,300,112.1,790,26900,785,9100,2315361355,2315361355,2315361355,200,0,0,0,0
2021-09-01,ATIC,Anabatic Technologies Tbk.,--U-1105000000I121------------,810,0,810,790,795,-15,684700,546724000,358,113.6,795,9800,790,76300,2315361355,2315361355,2315361355,700,0,0,0,0
2021-08-31,ATIC,Anabatic Technologies Tbk.,--U-1105000000I121------------,810,0,820,805,810,0,178100,144203500,162,115.7,810,5100,805,50900,2315361355,2315361355,2315361355,0,0,0,0,0
2021-08-30,ATIC,Anabatic Technologies Tbk.,--U-1105000000I121------------,805,0,830,805,810,5,303000,245435500,222,115.7,810,31700,805,18100,2315361355,2315361355,2315361355,0,0,0,0,0
2021-08-27,ATIC,Anabatic Technologies Tbk.,--U-1105000000I121------------,805,0,820,795,805,0,703200,568828000,293,115.0,810,35600,805,5700,2315361355,2315361355,2315361355,4200,109000,0,0,0
2021-08-26,ATIC,Anabatic Technologies Tbk.,--U-1105000000I121------------,815,0,825,800,805,-10,539600,435030000,276,115.0,810,13000,805,9600,2315361355,2315361355,2315361355,1800,0,0,0,0
2021-08-25,ATIC,Anabatic Technologies Tbk.,--U-1105000000I121------------,815,0,840,800,815,0,524900,428387500,348,116.4,820,16000,815,11000,2315361355,2315361355,2315361355,11800,0,0,0,0
2021-08-24,ATIC,Anabatic Technologies Tbk.,--U-1105000000I121------------,840,0,870,810,815,-25,1070800,903614000,597,116.4,815,3200,810,8300,2315361355,2315361355,2315361355,31900,30300,0,0,0
2021-08-23,ATIC,Anabatic Technologies Tbk.,--U-1105000000I121------------,810,0,850,810,840,30,853200,707804500,460,120.0,845,12600,840,4800,2315361355,2315361355,2315361355,8900,43700,0,0,0
2021-08-20,ATIC,Anabatic Technologies Tbk.,--U-1105000000I121------------,790,0,835,780,810,20,556900,450571000,385,115.7,815,6100,810,131400,2315361355,2315361355,2315361355,100,0,0,0,0
2021-08-19,ATIC,Anabatic Technologies Tbk.,--U-1105000000I121------------,820,0,840,770,790,-30,1283800,1036895000,731,112.9,790,2600,785,35600,2315361355,2315361355,2315361355,14100,2300,0,0,0
2021-08-18,ATIC,Anabatic Technologies Tbk.,--U-1105000000I121------------,860,0,860,800,820,-40,1624500,1329815500,780,117.1,820,13600,815,49300,2315361355,2315361355,2315361355,25500,29600,0,0,0
2021-08-16,ATIC,Anabatic Technologies Tbk.,--U-1105000000I121------------,895,0,910,840,860,-35,2250400,1934515000,937,122.9,870,9500,860,48700,2315361355,2315361355,2315361355,49000,82500,0,0,0
2021-08-13,ATIC,Anabatic Technologies Tbk.,--U-1105000000I121------------,920,0,940,895,895,-25,1443100,1312902500,791,127.9,900,10200,895,96100,2315361355,2315361355,2315361355,41100,40000,0,0,0
2021-08-12,ATIC,Anabatic Technologies Tbk.,--U-1105000000I121------------,905,0,955,905,920,15,3830700,3577390000,1521,131.4,925,14800,920,49000,2315361355,2315361355,2315361355,91200,143300,0,0,0
2021-08-10,ATIC,Anabatic Technologies Tbk.,--U-1105000000I121------------,905,0,945,885,905,0,1983700,1808448000,965,129.3,910,71200,905,128900,2315361355,2315361355,2315361355,0,0,0,0,0
2021-08-09,ATIC,Anabatic Technologies Tbk.,--U-1105000000I121------------,885,0,950,880,905,20,2500400,2269361500,1357,129.3,910,7700,905,800,2315361355,2315361355,2315361355,0,2800,0,0,0
2021-08-06,ATIC,Anabatic Technologies Tbk.,--U-1105000000I121------------,910,0,925,850,885,-25,2799300,2450791000,1418,126.4,890,47700,885,343200,2315361355,2315361355,2315361355,0,0,0,0,0
2021-08-05,ATIC,Anabatic Technologies Tbk.,--U-1105000000I121------------,955,0,1005,905,910,-45,6957800,6688797000,2758,130.0,910,42900,905,23000,2315361355,2315361355,2315361355,20400,20300,0,0,0
2021-08-04,ATIC,Anabatic Technologies Tbk.,--U-1105000000I121------------,855,0,1010,860,955,100,10789600,10104971000,4010,136.4,960,24800,955,14400,2315361355,2315361355,2315361355,0,143400,0,0,0
2021-08-03,ATIC,Anabatic Technologies Tbk.,--U-1105000000I121------------,800,0,875,800,855,55,2096600,1757667000,1107,122.1,860,35900,855,2000,2315361355,2315361355,2315361355,0,17000,0,0,0
2021-08-02,ATIC,Anabatic Technologies Tbk.,--U-1105000000I121------------,830,0,855,785,800,-30,1456200,1185336500,671,114.3,820,1400,800,300,2315361355,2315361355,2315361355,800,0,0,0,0
2021-07-30,ATIC,Anabatic Technologies Tbk.,--U-1105000000I121------------,840,0,870,820,830,-10,1084800,915212000,689,118.6,835,2600,830,19000,2315361355,2315361355,2315361355,0,0,0,0,0
2021-07-29,ATIC,Anabatic Technologies Tbk.,--U-1105000000I121------------,885,0,910,825,840,-45,1258000,1063632500,754,120.0,845,10800,840,2100,2315361355,2315361355,2315361355,0,0,0,0,0
2021-07-28,ATIC,Anabatic Technologies Tbk.,--U-1105000000I121------------,950,0,960,885,885,-65,3220600,2898843000,1537,126.4,885,43600,0,0,2315361355,2315361355,2315361355,0,3900,0,0,0
2021-07-27,ATIC,Anabatic Technologies Tbk.,--U-1105000000I121------------,965,0,990,930,950,-15,2447200,2330873500,1289,135.7,950,150900,945,6100,2315361355,2315361355,2315361355,0,0,0,0,0
2021-07-26,ATIC,Anabatic Technologies Tbk.,--U-1105000000I121------------,940,0,1045,940,965,25,8473000,8273667000,3605,137.9,965,849900,960,10000,2315361355,2315361355,2315361355,0,1800,0,0,0
2021-07-23,ATIC,Anabatic Technologies Tbk.,--U-1105000000I121------------,950,0,1185,890,940,-10,20667600,21258826000,7229,134.3,945,2500,940,89500,2315361355,2315361355,2315361355,0,0,0,0,0
2021-07-22,ATIC,Anabatic Technologies Tbk.,--U-1105000000I121------------,1020,0,1025,950,950,-70,3356100,3209118500,1372,135.7,950,545400,0,0,2315361355,2315361355,2315361355,0,1200,0,0,0
2021-07-21,ATIC,Anabatic Technologies Tbk.,--U-1105000000I121------------,1095,0,1095,1020,1020,-75,608600,625410500,417,145.7,1020,606800,0,0,2315361355,2315361355,2315361355,0,0,0,0,0
2021-07-19,ATIC,Anabatic Technologies Tbk.,--U-1105000000I121------------,1175,0,1375,1095,1095,-80,3481800,3944417000,1189,156.4,1095,1015100,0,0,2315361355,2315361355,2315361355,0,0,0,0,0
2021-07-16,ATIC,Anabatic Technologies Tbk.,--U-1105000000I121------------,1255,0,1255,1170,1175,-80,815900,960956000,583,167.9,1190,11400,1170,14400,2315361355,2315361355,2315361355,0,500,0,0,0
2021-07-15,ATIC,Anabatic Technologies Tbk.,--U-1105000000I121------------,1345,0,1300,1255,1255,-90,272500,342642500,190,179.3,1255,158800,0,0,2315361355,2315361355,2315361355,0,0,0,0,0
2021-07-14,ATIC,Anabatic Technologies Tbk.,--U-1105000000I121------------,1445,0,1445,1345,1345,-100,357000,484852500,245,192.1,1345,400800,0,0,2315361355,2315361355,2315361355,0,500,0,0,0
2021-07-13,ATIC,Anabatic Technologies Tbk.,--U-1105000000I121------------,1495,0,1495,1395,1445,-50,530800,756144500,350,206.4,1445,54400,1400,500,2315361355,2315361355,2315361355,0,0,0,0,0
2021-07-12,ATIC,Anabatic Technologies Tbk.,--U-1105000000I121------------,1480,0,1505,1400,1495,15,586200,837851500,407,213.6,1495,110600,1480,300,2315361355,2315361355,2315361355,4800,10600,0,0,0
2021-07-09,ATIC,Anabatic Technologies Tbk.,--U-1105000000I121------------,1515,0,1545,1410,1480,-35,836900,1217228500,520,211.4,1480,16600,1440,10000,2315361355,2315361355,2315361355,0,1100,0,0,0
2021-07-08,ATIC,Anabatic Technologies Tbk.,--U-1105000000I121------------,1500,0,1600,1490,1515,15,1091700,1660501500,791,216.4,1515,19800,1490,10400,2315361355,2315361355,2315361355,0,1300,0,0,0
2021-07-07,ATIC,Anabatic Technologies Tbk.,--U-1105000000I121------------,1480,0,1680,1380,1500,20,3353100,5007863000,2273,214.3,1505,10000,1500,58300,2315361355,2315361355,2315361355,0,0,0,0,0
2021-07-06,ATIC,Anabatic Technologies Tbk.,--U-1105000000I121------------,1590,0,1480,1480,1480,-110,218200,322936000,126,211.4,1480,1296500,0,0,2315361355,2315361355,2315361355,0,0,0,0,0
2021-07-05,ATIC,Anabatic Technologies Tbk.,--U-1105000000I121------------,1705,0,1705,1590,1590,-115,801200,1286478000,612,227.1,1590,1152200,0,0,2315361355,2315361355,2315361355,0,2600,0,0,0
2021-07-02,ATIC,Anabatic Technologies Tbk.,--U-1105000000I121------------,1830,0,1850,1705,1705,-125,1104800,1894563000,470,243.6,1705,721100,0,0,2315361355,2315361355,2315361355,0,600,0,0,0
2021-07-01,ATIC,Anabatic Technologies Tbk.,--U-1105000000I121------------,1965,0,2150,1830,1830,-135,7210300,13662377500,4183,261.4,1830,102600,0,0,2315361355,2315361355,2315361355,8000,14300,0,0,0
2021-06-30,ATIC,Anabatic Technologies Tbk.,--U-1105000000I121------------,2110,0,1965,1965,1965,-145,44200,86853000,79,280.7,1965,1873000,0,0,2315361355,2315361355,2315361355,0,0,0,0,0
2021-06-29,ATIC,Anabatic Technologies Tbk.,--U-1105000000I121------------,2260,0,2260,2110,2110,-150,122000,258964000,117,301.4,2110,2664000,0,0,2315361355,2315361355,2315361355,0,0,0,0,0
2021-06-28,ATIC,Anabatic Technologies Tbk.,--U-1105000000I121------------,2260,0,0,0,2260,0,0,0,0,322.9,0,0,0,0,2315361355,2315361355,2315361355,0,0,0,0,0
2021-06-25,ATIC,Anabatic Technologies Tbk.,--U-1105000000I121------------,2260,0,0,0,2260,0,0,0,0,322.9,0,0,0,0,2315361355,2315361355,2315361355,0,0,0,0,0
2021-06-24,ATIC,Anabatic Technologies Tbk.,--U-1105000000I121------------,2260,0,0,0,2260,0,0,0,0,322.9,0,0,0,0,2315361355,2315361355,2315361355,0,0,0,0,0
2021-06-23,ATIC,Anabatic Technologies Tbk.,--U-1105000000I121------------,2260,0,0,0,2260,0,0,0,0,322.9,0,0,0,0,2315361355,2315361355,2315361355,0,0,0,0,0
2021-06-22,ATIC,Anabatic Technologies Tbk.,--U-1105000000I121------------,1810,0,2260,1810,2260,450,1711000,3803527000,1337,322.9,0,0,2260,202900,2315361355,2315361355,2315361355,0,0,0,0,0
2021-06-21,ATIC,Anabatic Technologies Tbk.,--U-1105000000I121------------,1810,0,0,0,1810,0,0,0,0,258.6,0,0,0,0,2315361355,2315361355,2315361355,0,0,0,0,0
2021-06-18,ATIC,Anabatic Technologies Tbk.,--U-1105000000I121------------,1450,0,1810,1450,1810,360,1627700,2802781500,1186,258.6,0,0,1810,525400,2315361355,2315361355,2315361355,1000,27100,0,0,0
2021-06-17,ATIC,Anabatic Technologies Tbk.,--U-1105000000I121------------,1160,0,1450,1195,1450,290,1111700,1581163500,784,207.1,0,0,1450,1147400,2315361355,2315361355,2315361355,3000,3100,600,831000,1
2021-06-16,ATIC,Anabatic Technologies Tbk.,--U-1105000000I121------------,930,0,1160,950,1160,230,2002800,2291394500,1107,165.7,0,0,1160,490200,2315361355,2315361355,2315361355,3000,5000,0,0,0
2021-06-15,ATIC,Anabatic Technologies Tbk.,--U-1105000000I121------------,745,0,930,735,930,185,855300,770122500,638,132.9,0,0,930,182400,2315361355,2315361355,2315361355,15000,17000,0,0,0
2021-06-14,ATIC,Anabatic Technologies Tbk.,--U-1105000000I121------------,745,0,750,715,745,0,26500,19454000,33,106.4,745,2400,725,200,2315361355,2315361355,2315361355,0,0,0,0,0
2021-06-11,ATIC,Anabatic Technologies Tbk.,--U-1105000000I121------------,730,0,765,745,745,15,51800,38709000,42,106.4,750,11300,745,200,2315361355,2315361355,2315361355,0,0,0,0,0
2021-06-10,ATIC,Anabatic Technologies Tbk.,--U-1105000000I121------------,725,0,740,725,730,5,9000,6592500,22,104.3,740,5100,730,3600,2315361355,2315361355,2315361355,0,0,0,0,0
2021-06-09,ATIC,Anabatic Technologies Tbk.,--U-1105000000I121------------,735,0,735,705,725,-10,13100,9416500,18,103.6,740,200,725,5700,2315361355,2315361355,2315361355,0,0,0,0,0
2021-06-08,ATIC,Anabatic Technologies Tbk.,--U-1105000000I121------------,710,0,740,700,735,25,34300,25211000,34,105.0,735,6100,715,1200,2315361355,2315361355,2315361355,0,0,0,0,0
2021-06-07,ATIC,Anabatic Technologies Tbk.,--U-1105000000I121------------,725,0,735,705,710,-15,9100,6655500,21,101.4,725,100,710,5000,2315361355,2315361355,2315361355,0,0,0,0,0
2021-06-04,ATIC,Anabatic Technologies Tbk.,--U-1105000000I121------------,740,0,735,700,725,-15,5900,4269500,15,103.6,725,1600,705,2400,2315361355,2315361355,2315361355,0,0,0,0,0
2021-06-03,ATIC,Anabatic Technologies Tbk.,--U-1105000000I121------------,715,0,750,700,740,25,10700,7690000,18,105.7,735,4800,710,300,2315361355,2315361355,2315361355,0,0,0,0,0
2021-06-02,ATIC,Anabatic Technologies Tbk.,--U-1105000000I121------------,700,0,715,715,715,15,7200,5148000,14,102.1,750,5500,715,4300,2315361355,2315361355,2315361355,0,0,0,0,0
2021-05-31,ATIC,Anabatic Technologies Tbk.,--U-1105000000I121------------,700,0,700,700,700,0,100,70000,1,100.0,715,4000,700,20600,2315361355,2315361355,2315361355,0,0,0,0,0
2021-05-28,ATIC,Anabatic Technologies Tbk.,--U-1105000000I121------------,715,0,715,700,700,-15,14000,9965000,5,100.0,715,4500,700,3600,2315361355,2315361355,2315361355,0,0,0,0,0
2021-05-27,ATIC,Anabatic Technologies Tbk.,--U-1105000000I121------------,715,0,715,715,715,0,1100,786500,3,102.1,715,25700,700,3500,2315361355,2315361355,2315361355,0,0,0,0,0
2021-05-25,ATIC,Anabatic Technologies Tbk.,--U-1105000000I121------------,700,0,715,700,715,15,400,282000,4,102.1,715,5200,695,4100,2315361355,2315361355,2315361355,0,0,0,0,0
2021-05-24,ATIC,Anabatic Technologies Tbk.,--U-1105000000I121------------,715,0,720,695,700,-15,3400,2394000,13,100.0,705,100,700,2500,2315361355,2315361355,2315361355,0,0,0,0,0
2021-05-22,ATIC,Anabatic Technologies Tbk.,--U-1105000000I121------------,715,0,0,0,715,0,0,0,0,102.1,0,0,0,0,2315361355,2315361355,2315361355,0,0,0,0,0
2021-05-21,ATIC,Anabatic Technologies Tbk.,--U-1105000000I121------------,720,0,750,670,715,-5,7300,5086500,20,102.1,715,3400,700,100,2315361355,2315361355,2315361355,0,0,0,0,0
2021-05-20,ATIC,Anabatic Technologies Tbk.,--U-1105000000I121------------,750,0,760,700,720,-30,17400,12751500,34,102.9,720,5300,0,0,2315361355,2315361355,2315361355,0,0,0,0,0
2021-05-19,ATIC,Anabatic Technologies Tbk.,--U-1105000000I121------------,705,0,750,705,750,45,110700,78070500,10,107.1,750,6500,705,200,2315361355,2315361355,2315361355,0,0,0,0,0
2021-05-18,ATIC,Anabatic Technologies Tbk.,--U-1105000000I121------------,700,0,705,695,705,5,5700,4011500,7,100.7,710,96000,705,25300,2315361355,2315361355,2315361355,0,0,0,0,0
2021-05-17,ATIC,Anabatic Technologies Tbk.,--U-1105000000I121------------,715,0,715,700,700,-15,7900,5542000,10,100.0,705,3800,700,2600,2315361355,2315361355,2315361355,0,0,0,0,0
2021-05-11,ATIC,Anabatic Technologies Tbk.,--U-1105000000I121------------,710,0,720,715,715,5,89800,64209500,26,102.1,715,81200,710,300,2315361355,2315361355,2315361355,0,0,0,0,0
2021-05-10,ATIC,Anabatic Technologies Tbk.,--U-1105000000I121------------,700,0,710,700,710,10,3000,2129000,5,101.4,715,100,710,3900,2315361355,2315361355,2315361355,0,0,0,0,0
2021-05-07,ATIC,Anabatic Technologies Tbk.,--U-1105000000I121------------,705,0,705,700,700,-5,3200,2255500,8,100.0,715,100,700,8400,2315361355,2315361355,2315361355,0,0,0,0,0
2021-05-06,ATIC,Anabatic Technologies Tbk.,--U-1105000000I121------------,710,0,710,705,705,-5,5000,3530000,6,100.7,710,700,705,4500,2315361355,2315361355,2315361355,0,0,0,0,0
2021-05-05,ATIC,Anabatic Technologies Tbk.,--U-1105000000I121------------,700,0,715,700,710,10,5100,3603000,12,101.4,715,4700,710,1600,2315361355,2315361355,2315361355,0,0,0,0,0
2021-05-04,ATIC,Anabatic Technologies Tbk.,--U-1105000000I121------------,700,0,700,670,700,0,25200,17229000,21,100.0,705,500,700,7000,2315361355,2315361355,2315361355,0,0,0,0,0
2021-05-03,ATIC,Anabatic Technologies Tbk.,--U-1105000000I121------------,700,0,705,700,700,0,2600,1820500,6,100.0,710,3900,700,3000,2315361355,2315361355,2315361355,0,0,0,0,0
2021-04-30,ATIC,Anabatic Technologies Tbk.,--U-1105000000I121------------,710,0,700,700,700,-10,400,280000,2,100.0,710,7300,700,2400,2315361355,2315361355,2315361355,0,0,0,0,0
2021-04-29,ATIC,Anabatic Technologies Tbk.,--U-1105000000I121------------,710,0,0,0,710,0,0,0,0,101.4,710,9800,690,4400,2315361355,2315361355,2315361355,0,0,0,0,0
2021-04-28,ATIC,Anabatic Technologies Tbk.,--U-1105000000I121------------,685,0,710,710,710,25,200,142000,1,101.4,700,1000,685,2200,2315361355,2315361355,2315361355,0,0,0,0,0
2021-04-27,ATIC,Anabatic Technologies Tbk.,--U-1105000000I121------------,685,0,685,675,685,0,10200,6936000,9,97.9,705,3100,685,7400,2315361355,2315361355,2315361355,0,0,0,0,0
2021-04-26,ATIC,Anabatic Technologies Tbk.,--U-1105000000I121------------,705,0,705,685,685,-20,1500,1034500,3,97.9,705,200,685,10300,2315361355,2315361355,2315361355,0,0,0,0,0
2021-04-23,ATIC,Anabatic Technologies Tbk.,--U-1105000000I121------------,705,0,705,705,705,0,200,141000,2,100.7,700,100,690,600,2315361355,2315361355,2315361355,0,0,0,0,0
2021-04-22,ATIC,Anabatic Technologies Tbk.,--U-1105000000I121------------,695,0,705,690,705,10,7200,5031000,8,100.7,715,3600,705,2200,2315361355,2315361355,2315361355,0,0,0,0,0
2021-04-21,ATIC,Anabatic Technologies Tbk.,--U-1105000000I121------------,700,0,695,695,695,-5,7300,5073500,11,99.3,715,2500,695,2600,2315361355,2315361355,2315361355,0,0,0,0,0
2021-04-20,ATIC,Anabatic Technologies Tbk.,--U-1105000000I121------------,710,0,710,700,700,-10,9100,6371000,11,100.0,710,900,700,300,2315361355,2315361355,2315361355,0,0,0,0,0
2021-04-19,ATIC,Anabatic Technologies Tbk.,--U-1105000000I121------------,715,0,715,710,710,-5,3800,2710500,6,101.4,715,6900,700,6500,2315361355,2315361355,2315361355,0,0,0,0,0
2021-04-16,ATIC,Anabatic Technologies Tbk.,--U-1105000000I121------------,695,0,715,695,715,20,13100,9279500,8,102.1,730,2700,705,2800,2315361355,2315361355,2315361355,0,0,0,0,0
2021-04-15,ATIC,Anabatic Technologies Tbk.,--U-1105000000I121------------,720,0,695,695,695,-25,7200,5004000,7,99.3,720,2500,695,15800,2315361355,2315361355,2315361355,0,0,0,0,0
2021-04-14,ATIC,Anabatic Technologies Tbk.,--U-1105000000I121------------,725,0,720,720,720,-5,2600,1872000,5,102.9,725,1000,700,200,2315361355,2315361355,2315361355,0,0,0,0,0
2021-04-13,ATIC,Anabatic Technologies Tbk.,--U-1105000000I121------------,700,0,725,695,725,25,3000,2136000,7,103.6,725,400,695,900,2315361355,2315361355,2315361355,0,0,0,0,0
2021-04-12,ATIC,Anabatic Technologies Tbk.,--U-1105000000I121------------,700,0,730,700,700,0,4500,3213000,10,100.0,720,100,700,2200,2315361355,2315361355,2315361355,0,0,0,0,0
2021-04-09,ATIC,Anabatic Technologies Tbk.,--U-1105000000I121------------,700,0,700,700,700,0,800,560000,4,100.0,725,500,700,1800,2315361355,2315361355,2315361355,0,0,0,0,0
2021-04-08,ATIC,Anabatic Technologies Tbk.,--U-1105000000I121------------,700,0,700,700,700,0,2600,1820000,10,100.0,725,100,700,600,2315361355,2315361355,2315361355,0,0,0,0,0
2021-04-07,ATIC,Anabatic Technologies Tbk.,--U-1105000000I121------------,685,0,700,685,700,15,4200,2938000,9,100.0,725,100,705,100,2315361355,2315361355,2315361355,0,0,0,0,0
2021-04-06,ATIC,Anabatic Technologies Tbk.,--U-1105000000I121------------,700,0,730,685,685,-15,2600,1796000,5,97.9,730,5600,685,2500,2315361355,2315361355,2315361355,0,0,0,0,0
2021-04-05,ATIC,Anabatic Technologies Tbk.,--U-1105000000I121------------,705,0,700,685,700,-5,1800,1241500,7,100.0,700,100,690,1900,2315361355,2315361355,2315361355,0,0,0,0,0
2021-04-01,ATIC,Anabatic Technologies Tbk.,--U-1105000000I121------------,710,0,710,685,705,-5,1800,1267500,9,100.7,715,100,705,2500,2315361355,2315361355,2315361355,0,0,0,0,0
2021-03-31,ATIC,Anabatic Technologies Tbk.,--U-1105000000I121------------,705,0,725,680,710,5,39500,28341500,28,101.4,720,2500,700,10000,2315361355,2315361355,2315361355,0,0,0,0,0
2021-03-30,ATIC,Anabatic Technologies Tbk.,--U-1105000000I121------------,705,0,705,695,705,0,36200,25340000,26,100.7,710,2500,705,1000,2315361355,2315361355,2315361355,0,0,0,0,0
2021-03-29,ATIC,Anabatic Technologies Tbk.,--U-1105000000I121------------,665,0,795,665,705,40,131700,94215500,145,100.7,710,300,705,300,2315361355,2315361355,2315361355,0,0,0,0,0
2021-03-26,ATIC,Anabatic Technologies Tbk.,--U-1105000000I121------------,710,0,885,665,665,-45,635600,486232500,210,95.0,730,14500,665,17300,2315361355,2315361355,2315361355,0,0,0,0,0
2021-03-25,ATIC,Anabatic Technologies Tbk.,--U-1105000000I121------------,710,0,715,705,710,0,4400,3105000,6,101.4,715,6400,710,4400,2315361355,2315361355,2315361355,0,0,0,0,0
2021-03-24,ATIC,Anabatic Technologies Tbk.,--U-1105000000I121------------,710,0,720,700,710,0,6400,4552500,16,101.4,715,2900,710,2600,2315361355,2315361355,2315361355,0,0,0,0,0
2021-03-23,ATIC,Anabatic Technologies Tbk.,--U-1105000000I121------------,705,0,710,705,710,5,16700,11808500,17,101.4,720,4500,710,2000,2315361355,2315361355,2315361355,0,0,0,0,0
2021-03-22,ATIC,Anabatic Technologies Tbk.,--U-1105000000I121------------,705,0,705,705,705,0,500,352500,1,100.7,715,8700,705,55300,2315361355,2315361355,2315361355,0,0,0,0,0
2021-03-19,ATIC,Anabatic Technologies Tbk.,--U-1105000000I121------------,710,0,710,705,705,-5,4700,3316000,4,100.7,710,900,705,5200,2315361355,2315361355,2315361355,0,0,0,0,0
2021-03-18,ATIC,Anabatic Technologies Tbk.,--U-1105000000I121------------,715,0,710,700,710,-5,4600,3256500,9,101.4,715,200,710,100,2315361355,2315361355,2315361355,0,0,0,0,0
2021-03-17,ATIC,Anabatic Technologies Tbk.,--U-1105000000I121------------,700,0,715,700,715,15,2100,1471500,6,102.1,725,5100,700,500,2315361355,2315361355,2315361355,0,0,0,0,0
2021-03-16,ATIC,Anabatic Technologies Tbk.,--U-1105000000I121------------,700,0,700,695,700,0,14600,10219500,10,100.0,720,100,700,4400,2315361355,2315361355,2315361355,0,0,0,0,0
2021-03-15,ATIC,Anabatic Technologies Tbk.,--U-1105000000I121------------,715,0,715,700,700,-15,6600,4669000,16,100.0,715,100,700,2000,2315361355,2315361355,2315361355,0,0,0,0,0
2021-03-12,ATIC,Anabatic Technologies Tbk.,--U-1105000000I121------------,705,0,725,685,715,10,12400,8766500,13,102.1,710,100,690,800,2315361355,2315361355,2315361355,0,0,0,0,0
2021-03-10,ATIC,Anabatic Technologies Tbk.,--U-1105000000I121------------,700,0,705,690,705,5,4200,2910500,4,100.7,710,4000,690,4000,2315361355,2315361355,2315361355,0,0,0,0,0
2021-03-09,ATIC,Anabatic Technologies Tbk.,--U-1105000000I121------------,705,0,705,685,700,-5,48300,33544500,44,100.0,700,200,685,8900,2315361355,2315361355,2315361355,0,0,0,0,0
2021-03-08,ATIC,Anabatic Technologies Tbk.,--U-1105000000I121------------,695,0,725,685,705,10,30600,21991000,39,100.7,705,900,700,200,2315361355,2315361355,2315361355,0,0,0,0,0
2021-03-05,ATIC,Anabatic Technologies Tbk.,--U-1105000000I121------------,725,0,725,685,695,-30,1400,971500,7,99.3,720,1500,695,600,2315361355,2315361355,2315361355,0,0,0,0,0
2021-03-04,ATIC,Anabatic Technologies Tbk.,--U-1105000000I121------------,695,0,725,690,725,30,9600,6671000,21,103.6,720,2200,690,1700,2315361355,2315361355,2315361355,0,0,0,0,0
2021-03-03,ATIC,Anabatic Technologies Tbk.,--U-1105000000I121------------,695,0,695,690,695,0,10000,6933000,14,99.3,720,200,695,4800,2315361355,2315361355,2315361355,0,0,0,0,0
2021-03-02,ATIC,Anabatic Technologies Tbk.,--U-1105000000I121------------,700,0,730,695,695,-5,9100,6405500,26,99.3,725,500,695,1000,2315361355,2315361355,2315361355,0,0,0,0,0
2021-03-01,ATIC,Anabatic Technologies Tbk.,--U-1105000000I121------------,740,0,740,700,700,-40,33900,23840000,41,100.0,720,500,700,800,2315361355,2315361355,2315361355,0,0,0,0,0
2021-02-26,ATIC,Anabatic Technologies Tbk.,--U-1105000000I121------------,710,0,750,705,740,30,15800,11358000,31,105.7,745,11700,740,1800,2315361355,2315361355,2315361355,0,0,0,0,0
2021-02-25,ATIC,Anabatic Technologies Tbk.,--U-1105000000I121------------,740,0,790,695,710,-30,23400,16853000,49,101.4,730,100,705,5300,2315361355,2315361355,2315361355,0,0,0,0,0
2021-02-24,ATIC,Anabatic Technologies Tbk.,--U-1105000000I121------------,735,0,800,725,740,5,23300,17496000,47,105.7,740,1900,735,400,2315361355,2315361355,2315361355,0,0,0,0,0
2021-02-23,ATIC,Anabatic Technologies Tbk.,--U-1105000000I121------------,750,0,805,705,735,-15,48200,35491000,94,105.0,755,100,735,20600,2315361355,2315361355,2315361355,0,0,0,0,0
2021-02-22,ATIC,Anabatic Technologies Tbk.,--U-1105000000I121------------,805,0,805,750,750,-55,64800,49168500,91,107.1,750,800,0,0,2315361355,2315361355,2315361355,0,0,0,0,0
2021-02-19,ATIC,Anabatic Technologies Tbk.,--U-1105000000I121------------,720,0,900,705,805,85,217000,174726500,351,115.0,805,4100,790,1100,2315361355,2315361355,2315361355,0,0,0,0,0
2021-02-18,ATIC,Anabatic Technologies Tbk.,--U-1105000000I121------------,675,0,720,670,720,45,800,543000,5,102.9,720,2400,675,300,2315361355,2315361355,2315361355,0,0,0,0,0
2021-02-17,ATIC,Anabatic Technologies Tbk.,--U-1105000000I121------------,700,0,695,675,675,-25,20100,13753500,28,96.4,700,300,675,8000,2315361355,2315361355,2315361355,0,0,0,0,0
2021-02-16,ATIC,Anabatic Technologies Tbk.,--U-1105000000I121------------,700,0,700,700,700,0,200,140000,2,100.0,700,200,695,100,2315361355,2315361355,2315361355,0,0,0,0,0
2021-02-15,ATIC,Anabatic Technologies Tbk.,--U-1105000000I121------------,700,0,720,700,700,0,10500,7491000,29,100.0,710,100,695,200,2315361355,2315361355,2315361355,0,0,0,0,0
2021-02-11,ATIC,Anabatic Technologies Tbk.,--U-1105000000I121------------,710,0,710,700,700,-10,4700,3293000,16,100.0,700,1900,695,1000,2315361355,2315361355,2315361355,0,0,0,0,0
2021-02-10,ATIC,Anabatic Technologies Tbk.,--U-1105000000I121------------,725,0,725,710,710,-15,12200,8711500,27,101.4,710,1600,700,100,2315361355,2315361355,2315361355,0,0,0,0,0
2021-02-09,ATIC,Anabatic Technologies Tbk.,--U-1105000000I121------------,655,0,745,640,725,70,12900,9254000,34,103.6,715,600,660,1700,2315361355,2315361355,2315361355,0,0,0,0,0
2021-02-08,ATIC,Anabatic Technologies Tbk.,--U-1105000000I121------------,670,0,665,640,655,-15,8700,5711500,22,93.6,655,100,640,600,2315361355,2315361355,2315361355,0,0,0,0,0
2021-02-05,ATIC,Anabatic Technologies Tbk.,--U-1105000000I121------------,680,0,675,635,670,-10,9500,6194000,21,95.7,660,100,645,100,2315361355,2315361355,2315361355,0,0,0,0,0
2021-02-04,ATIC,Anabatic Technologies Tbk.,--U-1105000000I121------------,690,0,690,645,680,-10,10900,7142000,17,97.1,675,2600,655,1100,2315361355,2315361355,2315361355,0,0,0,0,0
2021-02-03,ATIC,Anabatic Technologies Tbk.,--U-1105000000I121------------,700,0,690,660,690,-10,10500,7171000,16,98.6,700,1400,670,59300,2315361355,2315361355,2315361355,0,0,0,0,0
2021-02-02,ATIC,Anabatic Technologies Tbk.,--U-1105000000I121------------,695,0,700,660,700,5,2700,1851000,14,100.0,695,5000,660,200,2315361355,2315361355,2315361355,0,0,0,0,0
2021-02-01,ATIC,Anabatic Technologies Tbk.,--U-1105000000I121------------,655,0,700,650,695,40,12200,8401000,27,99.3,695,3800,655,100,2315361355,2315361355,2315361355,0,0,0,0,0
2021-01-29,ATIC,Anabatic Technologies Tbk.,--U-1105000000I121------------,700,0,700,655,655,-45,9200,6281000,26,93.6,695,100,655,900,2315361355,2315361355,2315361355,200,0,0,0,0
2021-01-28,ATIC,Anabatic Technologies Tbk.,--U-1105000000I121------------,680,0,775,680,700,20,4800,3368000,21,100.0,700,2400,680,200,2315361355,2315361355,2315361355,0,0,0,0,0
2021-01-27,ATIC,Anabatic Technologies Tbk.,--U-1105000000I121------------,680,0,685,635,680,0,20500,13098500,24,97.1,670,5000,0,0,2315361355,2315361355,2315361355,0,0,0,0,0
2021-01-26,ATIC,Anabatic Technologies Tbk.,--U-1105000000I121------------,730,0,730,680,680,-50,2200,1515000,9,97.1,690,100,680,6300,2315361355,2315361355,2315361355,0,0,0,0,0
2021-01-25,ATIC,Anabatic Technologies Tbk.,--U-1105000000I121------------,760,0,740,710,730,-30,22900,16272500,26,104.3,730,800,0,0,2315361355,2315361355,2315361355,0,0,0,0,0
2021-01-22,ATIC,Anabatic Technologies Tbk.,--U-110500000097--------------,815,0,810,760,760,-55,6300,4793000,17,108.6,760,13600,0,0,2315361355,2315361355,2315361355,0,0,0,0,0
2021-01-21,ATIC,Anabatic Technologies Tbk.,--U-110500000097--------------,840,0,835,785,815,-25,10400,8256500,26,116.4,800,1100,0,0,2315361355,2315361355,2315361355,0,0,0,0,0
2021-01-20,ATIC,Anabatic Technologies Tbk.,--U-110500000097--------------,850,0,840,795,840,-10,24600,19561500,16,120.0,840,13000,795,40900,2315361355,2315361355,2315361355,0,0,0,0,0
2021-01-19,ATIC,Anabatic Technologies Tbk.,--U-110500000097--------------,865,0,870,805,850,-15,29400,23928500,42,121.4,850,11900,805,8900,2315361355,2315361355,2315361355,0,0,0,0,0
2021-01-18,ATIC,Anabatic Technologies Tbk.,--U-110500000097--------------,930,0,920,865,865,-65,31200,27058500,29,123.6,865,21300,0,0,2315361355,2315361355,2315361355,0,0,0,0,0
2021-01-15,ATIC,Anabatic Technologies Tbk.,--U-110500000097--------------,930,0,930,865,930,0,43500,38979500,49,132.9,920,2000,865,6800,2315361355,2315361355,2315361355,0,0,0,0,0
2021-01-14,ATIC,Anabatic Technologies Tbk.,--U-110500000097--------------,1000,0,1005,930,930,-70,49900,46531500,50,132.9,930,35200,0,0,2315361355,2315361355,2315361355,0,100,0,0,0
2021-01-13,ATIC,Anabatic Technologies Tbk.,--U-110500000097--------------,1075,0,1080,1000,1000,-75,165300,170502500,113,142.9,1005,9000,1000,200,2315361355,2315361355,2315361355,0,100,0,0,0
2021-01-12,ATIC,Anabatic Technologies Tbk.,--U-110500000097--------------,1065,0,1175,995,1075,10,241800,262266000,187,153.6,1075,32400,1020,1200,2315361355,2315361355,2315361355,10100,0,0,0,0
2021-01-11,ATIC,Anabatic Technologies Tbk.,--U-110500000097--------------,855,0,1065,885,1065,210,413500,432831500,217,152.1,0,0,1065,22300,2315361355,2315361355,2315361355,0,10100,0,0,0
2021-01-08,ATIC,Anabatic Technologies Tbk.,--U-110500000097--------------,685,0,855,850,855,170,159000,135933000,60,122.1,0,0,855,100600,2315361355,2315361355,2315361355,0,0,0,0,0
2021-01-07,ATIC,Anabatic Technologies Tbk.,--U-110500000097--------------,550,0,685,580,685,135,98600,66443000,78,97.9,0,0,685,149300,2315361355,2315361355,2315361355,0,0,0,0,0
2021-01-06,ATIC,Anabatic Technologies Tbk.,--U-110500000097--------------,550,0,550,550,550,0,3900,2145000,3,78.6,550,6200,525,100,2315361355,2315361355,2315361355,0,0,0,0,0
2021-01-05,ATIC,Anabatic Technologies Tbk.,--U-110500000097--------------,545,0,550,550,550,5,3300,1815000,10,78.6,550,1500,545,200,2315361355,2315361355,2315361355,0,0,0,0,0
2021-01-04,ATIC,Anabatic Technologies Tbk.,--U-110500000097--------------,575,0,565,535,545,-30,17100,9341500,26,77.9,550,800,545,7400,2315361355,2315361355,2315361355,0,0,0,0,0
2020-12-30,ATIC,Anabatic Technologies Tbk.,--U-110500000097--------------,600,0,600,575,575,-25,5200,3065000,15,82.1,575,600,565,100,2315361355,2315361355,2315361355,0,0,0,0,0
2020-12-29,ATIC,Anabatic Technologies Tbk.,--U-110500000097--------------,570,0,650,570,600,30,1000,605000,6,85.7,600,1100,575,200,2315361355,2315361355,2315361355,0,0,0,0,0
2020-12-28,ATIC,Anabatic Technologies Tbk.,--U-110500000097--------------,565,0,570,570,570,5,600,342000,1,81.4,650,2100,570,1700,2315361355,2315361355,2315361355,0,0,0,0,0
2020-12-23,ATIC,Anabatic Technologies Tbk.,--U-110500000097--------------,575,0,565,565,565,-10,100,56500,1,80.7,640,8400,570,2400,2315361355,2315361355,2315361355,0,0,0,0,0
2020-12-22,ATIC,Anabatic Technologies Tbk.,--U-110500000097--------------,570,0,575,570,575,5,600,344500,3,82.1,640,9500,575,11400,2315361355,2315361355,2315361355,0,0,0,0,0
2020-12-21,ATIC,Anabatic Technologies Tbk.,--U-110500000097--------------,590,0,690,560,570,-20,6900,4408000,12,81.4,670,700,570,6400,2315361355,2315361355,2315361355,0,0,0,0,0
2020-12-18,ATIC,Anabatic Technologies Tbk.,--U-110500000097--------------,590,0,0,0,590,0,0,0,0,84.3,640,500,590,200,2315361355,2315361355,2315361355,0,0,0,0,0
2020-12-17,ATIC,Anabatic Technologies Tbk.,--U-110500000097--------------,590,0,590,590,590,0,100,59000,1,84.3,650,1000,590,2600,2315361355,2315361355,2315361355,0,0,0,0,0
2020-12-16,ATIC,Anabatic Technologies Tbk.,--U-110500000097--------------,585,0,590,585,590,5,400,235500,2,84.3,590,300,585,26300,2315361355,2315361355,2315361355,0,0,0,0,0
2020-12-15,ATIC,Anabatic Technologies Tbk.,--U-110500000097--------------,580,0,585,580,585,5,1900,1107500,5,83.6,630,500,585,800,2315361355,2315361355,2315361355,0,0,0,0,0
2020-12-14,ATIC,Anabatic Technologies Tbk.,--U-110500000097--------------,610,0,695,580,580,-30,6200,3940500,15,82.9,630,100,580,10900,2315361355,2315361355,2315361355,0,0,0,0,0
2020-12-11,ATIC,Anabatic Technologies Tbk.,--U-110500000097--------------,610,0,610,570,610,0,4700,2748500,10,87.1,605,1000,580,10000,2315361355,2315361355,2315361355,0,0,0,0,0
2020-12-10,ATIC,Anabatic Technologies Tbk.,--U-110500000097--------------,610,0,610,605,610,0,5000,3048000,8,87.1,610,5400,605,600,2315361355,2315361355,2315361355,0,0,0,0,0
2020-12-08,ATIC,Anabatic Technologies Tbk.,--U-110500000097--------------,605,0,610,605,610,5,17100,10384000,9,87.1,660,500,610,3700,2315361355,2315361355,2315361355,0,0,0,0,0
2020-12-07,ATIC,Anabatic Technologies Tbk.,--U-110500000097--------------,650,0,700,605,605,-45,3600,2358000,16,86.4,665,700,625,400,2315361355,2315361355,2315361355,0,0,0,0,0
2020-12-04,ATIC,Anabatic Technologies Tbk.,--U-110500000097--------------,650,0,0,0,650,0,0,0,0,92.9,640,500,610,1100,2315361355,2315361355,2315361355,0,0,0,0,0
2020-12-03,ATIC,Anabatic Technologies Tbk.,--U-110500000097--------------,665,0,660,620,650,-15,2200,1390000,9,92.9,650,7100,630,6900,2315361355,2315361355,2315361355,0,0,0,0,0
2020-12-02,ATIC,Anabatic Technologies Tbk.,--U-110500000097--------------,605,0,755,650,665,60,11400,7626500,13,95.0,665,7900,610,11600,2315361355,2315361355,2315361355,0,0,0,0,0
2020-12-01,ATIC,Anabatic Technologies Tbk.,--U-110500000097--------------,645,0,645,600,605,-40,2900,1761000,7,86.4,640,1600,605,7700,2315361355,2315361355,2315361355,0,0,0,0,0
2020-11-30,ATIC,Anabatic Technologies Tbk.,--U-110500000097--------------,690,0,690,645,645,-45,5400,3510000,12,92.1,645,20700,0,0,2315361355,2315361355,2315361355,0,0,0,0,0
2020-11-27,ATIC,Anabatic Technologies Tbk.,--U-110500000097--------------,590,0,695,590,690,100,13200,7933500,10,98.6,650,100,590,6800,2315361355,2315361355,2315361355,0,0,0,0,0
2020-11-26,ATIC,Anabatic Technologies Tbk.,--U-110500000097--------------,610,0,595,575,590,-20,300,176000,3,84.3,640,100,600,2400,2315361355,2315361355,2315361355,0,0,0,0,0
2020-11-25,ATIC,Anabatic Technologies Tbk.,--U-110500000097--------------,610,0,610,610,610,0,900,549000,4,87.1,695,600,610,4300,2315361355,2315361355,2315361355,0,0,0,0,0
2020-11-24,ATIC,Anabatic Technologies Tbk.,--U-110500000097--------------,610,0,610,610,610,0,2200,1342000,2,87.1,685,10000,610,1300,2315361355,2315361355,2315361355,0,0,0,0,0
2020-11-23,ATIC,Anabatic Technologies Tbk.,--U-110500000097--------------,605,0,610,605,610,5,500,304000,5,87.1,650,7600,610,1100,2315361355,2315361355,2315361355,0,0,0,0,0
2020-11-20,ATIC,Anabatic Technologies Tbk.,--U-110500000097--------------,605,0,605,605,605,0,800,484000,3,86.4,610,100,605,2900,2315361355,2315361355,2315361355,0,0,0,0,0
2020-11-19,ATIC,Anabatic Technologies Tbk.,--U-110500000097--------------,650,0,650,605,605,-45,300,190500,3,86.4,635,10000,605,18200,2315361355,2315361355,2315361355,0,0,0,0,0
2020-11-18,ATIC,Anabatic Technologies Tbk.,--U-110500000097--------------,620,0,660,620,650,30,1200,751000,5,92.9,645,100,620,200,2315361355,2315361355,2315361355,0,0,0,0,0
2020-11-17,ATIC,Anabatic Technologies Tbk.,--U-110500000097--------------,640,0,620,600,620,-20,700,428000,7,88.6,685,30000,615,2000,2315361355,2315361355,2315361355,0,0,0,0,0
2020-11-16,ATIC,Anabatic Technologies Tbk.,--U-110500000097--------------,645,0,695,600,640,-5,3100,2037500,10,91.4,640,2600,605,2000,2315361355,2315361355,2315361355,0,0,0,0,0
2020-11-13,ATIC,Anabatic Technologies Tbk.,--U-110500000097--------------,590,0,690,555,645,55,13200,8346500,19,92.1,640,400,565,1700,2315361355,2315361355,2315361355,0,0,0,0,0
2020-11-12,ATIC,Anabatic Technologies Tbk.,--U-110500000097--------------,630,0,620,590,590,-40,1800,1071000,5,84.3,615,600,590,3900,2315361355,2315361355,2315361355,0,0,0,0,0
2020-11-11,ATIC,Anabatic Technologies Tbk.,--U-110500000097--------------,585,0,635,585,630,45,7000,4353000,23,90.0,630,1500,595,100,2315361355,2315361355,2315361355,0,0,0,0,0
2020-11-10,ATIC,Anabatic Technologies Tbk.,--U-110500000097--------------,615,0,585,580,585,-30,400,233000,4,83.6,625,100,585,9900,2315361355,2315361355,2315361355,0,0,0,0,0
2020-11-09,ATIC,Anabatic Technologies Tbk.,--U-110500000097--------------,635,0,635,600,615,-20,3500,2157000,15,87.9,635,200,605,1000,2315361355,2315361355,2315361355,0,0,0,0,0
2020-11-06,ATIC,Anabatic Technologies Tbk.,--U-110500000097--------------,680,0,635,635,635,-45,16000,10160000,24,90.7,635,1700,0,0,2315361355,2315361355,2315361355,0,0,0,0,0
2020-11-05,ATIC,Anabatic Technologies Tbk.,--U-110500000097--------------,695,0,695,670,680,-15,5500,3740500,10,97.1,670,1100,0,0,2315361355,2315361355,2315361355,0,0,0,0,0
2020-11-04,ATIC,Anabatic Technologies Tbk.,--U-110500000097--------------,575,0,715,615,695,120,2000,1360000,10,99.3,670,2200,540,2000,2315361355,2315361355,2315361355,0,0,0,0,0
2020-11-03,ATIC,Anabatic Technologies Tbk.,--U-110500000097--------------,615,0,575,575,575,-40,4200,2415000,10,82.1,575,6200,0,0,2315361355,2315361355,2315361355,0,0,0,0,0
2020-11-02,ATIC,Anabatic Technologies Tbk.,--U-110500000097--------------,615,0,665,615,615,0,1700,1050500,3,87.9,610,1600,0,0,2315361355,2315361355,2315361355,0,0,0,0,0
2020-10-27,ATIC,Anabatic Technologies Tbk.,--U-110500000097--------------,550,0,635,550,615,65,14000,8400500,15,87.9,600,1500,555,200,2315361355,2315361355,2315361355,0,0,0,0,0
2020-10-26,ATIC,Anabatic Technologies Tbk.,--U-110500000097--------------,585,0,580,545,550,-35,12300,6829000,15,78.6,585,100,550,3000,2315361355,2315361355,2315361355,0,0,0,0,0
2020-10-23,ATIC,Anabatic Technologies Tbk.,--U-110500000097--------------,625,0,675,585,585,-40,13200,8110500,8,83.6,615,200,585,10100,2315361355,2315361355,2315361355,0,0,0,0,0
2020-10-22,ATIC,Anabatic Technologies Tbk.,--U-110500000097--------------,550,0,625,550,625,75,2200,1229500,6,89.3,620,1600,555,100,2315361355,2315361355,2315361355,0,0,0,0,0
2020-10-21,ATIC,Anabatic Technologies Tbk.,--U-110500000097--------------,550,0,0,0,550,0,0,0,0,78.6,590,400,555,500,2315361355,2315361355,2315361355,0,0,0,0,0
2020-10-20,ATIC,Anabatic Technologies Tbk.,--U-110500000097--------------,545,0,560,550,550,5,1000,556500,4,78.6,590,200,550,3500,2315361355,2315361355,2315361355,0,0,0,0,0
2020-10-19,ATIC,Anabatic Technologies Tbk.,--U-110500000097--------------,545,0,0,0,545,0,0,0,0,77.9,660,500,555,2300,2315361355,2315361355,2315361355,0,0,0,0,0
2020-10-16,ATIC,Anabatic Technologies Tbk.,--U-110500000097--------------,565,0,545,545,545,-20,100,54500,1,77.9,625,300,565,1200,2315361355,2315361355,2315361355,0,0,0,0,0
2020-10-15,ATIC,Anabatic Technologies Tbk.,--U-110500000097--------------,590,0,565,565,565,-25,1200,678000,4,80.7,625,700,565,2300,2315361355,2315361355,2315361355,0,0,0,0,0
2020-10-14,ATIC,Anabatic Technologies Tbk.,--U-110500000097--------------,630,0,590,590,590,-40,100,59000,1,84.3,625,1000,590,300,2315361355,2315361355,2315361355,0,0,0,0,0
2020-10-13,ATIC,Anabatic Technologies Tbk.,--U-110500000097--------------,645,0,630,600,630,-15,11600,7305000,10,90.0,630,800,600,4800,2315361355,2315361355,2315361355,0,0,0,0,0
2020-10-12,ATIC,Anabatic Technologies Tbk.,--U-110500000097--------------,560,0,645,645,645,85,100,64500,1,92.1,640,2700,570,100,2315361355,2315361355,2315361355,0,0,0,0,0
2020-10-09,ATIC,Anabatic Technologies Tbk.,--U-110500000097--------------,550,0,625,560,560,10,5900,3310500,10,80.0,600,100,535,500,2315361355,2315361355,2315361355,0,0,0,0,0
2020-10-08,ATIC,Anabatic Technologies Tbk.,--U-110500000097--------------,555,0,675,525,550,-5,10900,6770000,21,78.6,575,200,550,1200,2315361355,2315361355,2315361355,0,0,0,0,0
2020-10-07,ATIC,Anabatic Technologies Tbk.,--U-110500000097--------------,550,0,555,555,555,5,1000,555000,3,79.3,585,1000,560,1200,2315361355,2315361355,2315361355,0,0,0,0,0
2020-10-06,ATIC,Anabatic Technologies Tbk.,--U-110500000097--------------,580,0,670,550,550,-30,3500,2205000,10,78.6,615,1000,560,1200,2315361355,2315361355,2315361355,0,0,0,0,0
2020-10-05,ATIC,Anabatic Technologies Tbk.,--U-110500000097--------------,565,0,580,535,580,15,4000,2196500,9,82.9,580,1100,555,3500,2315361355,2315361355,2315361355,0,0,0,0,0
2020-10-02,ATIC,Anabatic Technologies Tbk.,--U-110500000097--------------,565,0,565,565,565,0,700,395500,4,80.7,640,14100,565,300,2315361355,2315361355,2315361355,0,0,0,0,0
2020-10-01,ATIC,Anabatic Technologies Tbk.,--U-110500000097--------------,580,0,565,545,565,-15,3100,1747500,3,80.7,635,10000,565,7200,2315361355,2315361355,2315361355,0,0,0,0,0
2020-09-30,ATIC,Anabatic Technologies Tbk.,--U-110500000097--------------,620,0,620,580,580,-40,800,469000,5,82.9,585,100,0,0,2315361355,2315361355,2315361355,0,0,0,0,0
2020-09-29,ATIC,Anabatic Technologies Tbk.,--U-110500000097--------------,580,0,675,580,620,40,15800,9920000,17,88.6,630,200,620,3300,2315361355,2315361355,2315361355,0,0,0,0,0
2020-09-28,ATIC,Anabatic Technologies Tbk.,--U-110500000097--------------,560,0,580,525,580,20,9600,5108500,12,82.9,575,2500,560,100,2315361355,2315361355,2315361355,0,0,0,0,0
2020-09-25,ATIC,Anabatic Technologies Tbk.,--U-110500000097--------------,600,0,570,560,560,-40,6700,3787500,10,80.0,560,5200,0,0,2315361355,2315361355,2315361355,0,0,0,0,0
2020-09-24,ATIC,Anabatic Technologies Tbk.,--U-110500000097--------------,640,0,650,600,600,-40,2700,1636000,9,85.7,600,1200,0,0,2315361355,2315361355,2315361355,0,0,0,0,0
2020-09-23,ATIC,Anabatic Technologies Tbk.,--U-110500000097-----L--------,595,0,650,630,640,45,1000,640000,5,91.4,635,100,605,100,2315361355,2315361355,2315361355,0,0,0,0,0
2020-09-22,ATIC,Anabatic Technologies Tbk.,--U-110500000097-----L--------,635,0,635,595,595,-40,400,250000,2,85.0,595,4100,0,0,2315361355,2315361355,2315361355,0,0,0,0,0
2020-09-21,ATIC,Anabatic Technologies Tbk.,--U-110500000097-----L--------,545,0,680,530,635,90,4400,2443500,12,90.7,635,4300,535,500,2315361355,2315361355,2315361355,0,0,0,0,0
2020-09-18,ATIC,Anabatic Technologies Tbk.,--U-110500000097-----L--------,585,0,575,545,545,-40,1800,987000,6,77.9,575,8300,555,100,2315361355,2315361355,2315361355,0,0,0,0,0
2020-09-17,ATIC,Anabatic Technologies Tbk.,--U-110500000097-----L--------,585,0,585,545,585,0,300,171500,2,83.6,585,10300,560,100,2315361355,2315361355,2315361355,0,0,0,0,0
2020-09-16,ATIC,Anabatic Technologies Tbk.,--U-110500000097-----L--------,625,0,590,585,585,-40,3900,2290000,8,83.6,585,1700,0,0,2315361355,2315361355,2315361355,0,0,0,0,0
2020-09-15,ATIC,Anabatic Technologies Tbk.,--U-110500000097-----L--------,625,0,0,0,625,0,0,0,0,89.3,585,8600,0,0,2315361355,2315361355,2315361355,0,0,0,0,0
2020-09-14,ATIC,Anabatic Technologies Tbk.,--U-110500000097-----L--------,640,0,660,625,625,-15,1300,816500,6,89.3,625,3500,0,0,2315361355,2315361355,2315361355,0,0,0,0,0
2020-09-11,ATIC,Anabatic Technologies Tbk.,--U-110500000097-----L--------,660,0,640,640,640,-20,100,64000,1,91.4,630,1800,0,0,2315361355,2315361355,2315361355,0,0,0,0,0
2020-09-10,ATIC,Anabatic Technologies Tbk.,--U-110500000097-----L--------,660,0,660,660,660,0,100,66000,1,94.3,615,3500,0,0,2315361355,2315361355,2315361355,0,0,0,0,0
2020-09-09,ATIC,Anabatic Technologies Tbk.,--U-110500000097-----L--------,660,0,660,660,660,0,100,66000,1,94.3,640,2900,0,0,2315361355,2315361355,2315361355,0,0,0,0,0
2020-09-08,ATIC,Anabatic Technologies Tbk.,--U-110500000097-----L--------,630,0,680,660,660,30,400,266000,3,94.3,645,100,595,100,2315361355,2315361355,2315361355,0,0,0,0,0
2020-09-07,ATIC,Anabatic Technologies Tbk.,--U-110500000097-----L--------,595,0,630,555,630,35,3500,1972000,6,90.0,630,2100,560,33700,2315361355,2315361355,2315361355,0,0,0,0,0
2020-09-04,ATIC,Anabatic Technologies Tbk.,--U-110500000097-----L--------,635,0,635,595,595,-40,2100,1329500,6,85.0,635,2100,600,2300,2315361355,2315361355,2315361355,0,0,0,0,0
2020-09-03,ATIC,Anabatic Technologies Tbk.,--U-110500000097-----L--------,555,0,635,525,635,80,8000,5062500,12,90.7,635,2900,590,50200,2315361355,2315361355,2315361355,2100,0,0,0,0
2020-09-02,ATIC,Anabatic Technologies Tbk.,--U-110500000097-----L--------,590,0,590,555,555,-35,800,465000,4,79.3,630,200,560,2300,2315361355,2315361355,2315361355,0,100,0,0,0
2020-09-01,ATIC,Anabatic Technologies Tbk.,--U-110500000097--------------,630,0,630,590,590,-40,600,374000,2,84.3,630,1200,0,0,2315361355,2315361355,2315361355,0,0,0,0,0
2020-08-31,ATIC,Anabatic Technologies Tbk.,--U-110500000097--------------,630,0,630,595,630,0,300,182000,3,90.0,645,5500,595,2300,2315361355,2315361355,2315361355,0,0,0,0,0
2020-08-28,ATIC,Anabatic Technologies Tbk.,--U-110500000097--------------,675,0,680,630,630,-45,2600,1655500,5,90.0,670,500,630,100,2315361355,2315361355,2315361355,200,2200,0,0,0
2020-08-27,ATIC,Anabatic Technologies Tbk.,--U-110500000097--------------,670,0,700,630,675,5,6400,4196000,11,96.4,660,2100,655,100,2315361355,2315361355,2315361355,0,0,0,0,0
2020-08-26,ATIC,Anabatic Technologies Tbk.,--U-110500000097--------------,660,0,695,670,670,10,2700,1822000,6,95.7,670,6800,650,1600,2315361355,2315361355,2315361355,0,0,0,0,0
2020-08-25,ATIC,Anabatic Technologies Tbk.,--U-110500000097--------------,530,0,660,560,660,130,3400,2219500,10,94.3,660,9400,570,1000,2315361355,2315361355,2315361355,100,0,0,0,0
2020-08-24,ATIC,Anabatic Technologies Tbk.,--U-110500000097--------------,560,0,530,530,530,-30,100,53000,1,75.7,640,100,560,3300,2315361355,2315361355,2315361355,0,0,0,0,0
2020-08-19,ATIC,Anabatic Technologies Tbk.,--U-110500000097--------------,560,0,560,530,560,0,200,109000,2,80.0,615,100,540,2300,2315361355,2315361355,2315361355,0,0,0,0,0
2020-08-18,ATIC,Anabatic Technologies Tbk.,--U-110500000097--------------,560,0,560,560,560,0,100,56000,1,80.0,625,100,590,100,2315361355,2315361355,2315361355,0,0,0,0,0
2020-08-14,ATIC,Anabatic Technologies Tbk.,--U-110500000097--------------,600,0,600,560,560,-40,10000,5616500,11,80.0,615,200,560,6700,2315361355,2315361355,2315361355,0,0,0,0,0
2020-08-13,ATIC,Anabatic Technologies Tbk.,--U-110500000097--------------,605,0,600,600,600,-5,100,60000,1,85.7,655,100,600,500,2315361355,2315361355,2315361355,0,0,0,0,0
2020-08-12,ATIC,Anabatic Technologies Tbk.,--U-110500000097--------------,645,0,605,605,605,-40,100,60500,1,86.4,665,100,610,1200,2315361355,2315361355,2315361355,0,100,0,0,0
2020-08-11,ATIC,Anabatic Technologies Tbk.,--U-110500000097--------------,690,0,650,645,645,-45,900,581500,6,92.1,685,100,645,600,2315361355,2315361355,2315361355,0,0,0,0,0
2020-08-10,ATIC,Anabatic Technologies Tbk.,--U-110500000097--------------,575,0,690,570,690,115,3300,2166000,6,98.6,690,3900,590,100,2315361355,2315361355,2315361355,0,0,0,0,0
2020-08-07,ATIC,Anabatic Technologies Tbk.,--U-110500000097--------------,610,0,575,575,575,-35,100,57500,1,82.1,685,5000,585,30000,2315361355,2315361355,2315361355,0,0,0,0,0
2020-08-06,ATIC,Anabatic Technologies Tbk.,--U-110500000097-----L--------,655,0,615,610,610,-45,2200,1349000,5,87.1,665,1000,610,1000,2315361355,2315361355,2315361355,0,0,0,0,0
2020-08-05,ATIC,Anabatic Technologies Tbk.,--U-110500000097-----L--------,700,0,700,655,655,-45,7600,4982500,6,93.6,655,1300,0,0,2315361355,2315361355,2315361355,0,500,0,0,0
2020-08-04,ATIC,Anabatic Technologies Tbk.,--U-110500000097--------------,610,0,700,570,700,90,9100,5281500,12,100.0,685,100,680,200,2315361355,2315361355,2315361355,0,0,0,0,0
2020-08-03,ATIC,Anabatic Technologies Tbk.,--U-110500000097--------------,615,0,610,610,610,-5,100,61000,1,87.1,690,1200,610,200,2315361355,2315361355,2315361355,0,0,0,0,0
2020-07-30,ATIC,Anabatic Technologies Tbk.,--U-110500000097--------------,655,0,615,615,615,-40,100,61500,1,87.9,680,1200,615,1900,2315361355,2315361355,2315361355,0,0,0,0,0
2020-07-29,ATIC,Anabatic Technologies Tbk.,--U-110500000097--------------,690,0,690,655,655,-35,2100,1410500,4,93.6,680,100,0,0,2315361355,2315361355,2315361355,0,0,0,0,0
2020-07-28,ATIC,Anabatic Technologies Tbk.,--U-110500000097--------------,605,0,690,690,690,85,100,69000,1,98.6,690,5100,600,100,2315361355,2315361355,2315361355,0,0,0,0,0
2020-07-27,ATIC,Anabatic Technologies Tbk.,--U-110500000097--------------,650,0,605,605,605,-45,100,60500,1,86.4,675,100,605,2700,2315361355,2315361355,2315361355,0,0,0,0,0
2020-07-24,ATIC,Anabatic Technologies Tbk.,--U-110500000097--------------,650,0,0,0,650,0,0,0,0,92.9,675,100,615,100,2315361355,2315361355,2315361355,0,0,0,0,0
2020-07-23,ATIC,Anabatic Technologies Tbk.,--U-110500000097--------------,650,0,0,0,650,0,0,0,0,92.9,650,10000,615,200,2315361355,2315361355,2315361355,0,0,0,0,0
2020-07-22,ATIC,Anabatic Technologies Tbk.,--U-110500000097--------------,665,0,650,620,650,-15,300,192000,3,92.9,650,2800,630,100,2315361355,2315361355,2315361355,0,0,0,0,0
2020-07-21,ATIC,Anabatic Technologies Tbk.,--U-110500000097--------------,700,0,665,655,665,-35,800,531000,4,95.0,700,600,665,200,2315361355,2315361355,2315361355,0,0,0,0,0
2020-07-20,ATIC,Anabatic Technologies Tbk.,--U-110500000097--------------,710,0,710,700,700,-10,200,141000,2,100.0,700,400,665,100,2315361355,2315361355,2315361355,0,0,0,0,0
2020-07-17,ATIC,Anabatic Technologies Tbk.,--U-110500000097--------------,660,0,710,700,710,50,1200,842000,5,101.4,700,600,620,1200,2315361355,2315361355,2315361355,0,0,0,0,0
2020-07-16,ATIC,Anabatic Technologies Tbk.,--U-110500000097--------------,690,0,660,660,660,-30,1000,660000,4,94.3,710,2900,660,1100,2315361355,2315361355,2315361355,0,0,0,0,0
2020-07-15,ATIC,Anabatic Technologies Tbk.,--U-110500000097--------------,740,0,690,690,690,-50,700,483000,3,98.6,720,300,0,0,2315361355,2315361355,2315361355,0,0,0,0,0
2020-07-14,ATIC,Anabatic Technologies Tbk.,--U-110500000097--------------,740,0,0,0,740,0,0,0,0,105.7,740,4900,690,100,2315361355,2315361355,2315361355,0,0,0,0,0
2020-07-13,ATIC,Anabatic Technologies Tbk.,--U-110500000097--------------,665,0,740,670,740,75,700,479000,6,105.7,735,200,670,900,2315361355,2315361355,2315361355,0,0,0,0,0
2020-07-10,ATIC,Anabatic Technologies Tbk.,--U-110500000097--------------,710,0,665,665,665,-45,6800,4522000,12,95.0,700,3000,0,0,2315361355,2315361355,2315361355,0,0,0,0,0
2020-07-09,ATIC,Anabatic Technologies Tbk.,--U-110500000097--------------,755,0,880,710,710,-45,1800,1510000,5,101.4,710,100,705,1100,2315361355,2315361355,2315361355,0,0,0,0,0
2020-07-08,ATIC,Anabatic Technologies Tbk.,--U-110500000097--------------,810,0,755,755,755,-55,100,75500,1,107.9,755,8500,0,0,2315361355,2315361355,2315361355,0,0,0,0,0
2020-07-07,ATIC,Anabatic Technologies Tbk.,--U-110500000097--------------,870,0,810,810,810,-60,100,81000,1,115.7,810,10900,0,0,2315361355,2315361355,2315361355,0,0,0,0,0
2020-07-06,ATIC,Anabatic Technologies Tbk.,--U-110500000097--------------,870,0,0,0,870,0,0,0,0,124.3,810,6300,0,0,2315361355,2315361355,2315361355,0,0,0,0,0
2020-07-03,ATIC,Anabatic Technologies Tbk.,--U9---1,870,0,0,0,870,0,0,0,0,124.3,810,4600,0,0,2315361355,2315361355,2315361355,0,0,0,0,0
2020-07-02,ATIC,Anabatic Technologies Tbk.,--U9---1,870,0,0,0,870,0,0,0,0,124.3,810,2700,0,0,2315361355,2315361355,2315361355,0,0,0,0,0
2020-07-01,ATIC,Anabatic Technologies Tbk.,--U9---1,870,0,0,0,870,0,0,0,0,124.3,810,8700,0,0,2315361355,2315361355,2315361355,0,0,0,0,0
2020-06-30,ATIC,Anabatic Technologies Tbk.,--U9---1,870,0,0,0,870,0,0,0,0,124.3,860,1900,0,0,2315361355,2315361355,2315361355,0,0,0,0,0
2020-06-29,ATIC,Anabatic Technologies Tbk.,--U9---1,870,0,0,0,870,0,0,0,0,124.3,855,200,0,0,2315361355,2315361355,2315361355,0,0,0,0,0
2020-06-26,ATIC,Anabatic Technologies Tbk.,--U9---1,870,0,0,0,870,0,0,0,0,124.3,850,1800,0,0,2315361355,2315361355,2315361355,0,0,0,0,0
2020-06-25,ATIC,Anabatic Technologies Tbk.,--U9---1,875,0,875,870,870,-5,200,174500,2,124.3,860,1900,0,0,2315361355,2315361355,2315361355,0,0,0,0,0
2020-06-24,ATIC,Anabatic Technologies Tbk.,--U9---1,800,0,875,875,875,75,100,87500,1,125.0,820,6100,745,100,2315361355,2315361355,2315361355,0,0,0,0,0
2020-06-23,ATIC,Anabatic Technologies Tbk.,--U9---1,800,0,0,0,800,0,0,0,0,114.3,780,1800,0,0,2315361355,2315361355,2315361355,0,0,0,0,0
2020-06-22,ATIC,Anabatic Technologies Tbk.,--U9---1,770,0,875,800,800,30,300,253500,3,114.3,790,1700,0,0,2315361355,2315361355,2315361355,0,0,0,0,0
2020-06-19,ATIC,Anabatic Technologies Tbk.,--U9---1,780,0,830,770,770,-10,200,160000,2,110.0,770,7000,0,0,2315361355,2315361355,2315361355,0,0,0,0,0
2020-06-18,ATIC,Anabatic Technologies Tbk.,--U9---1,680,0,845,780,780,100,500,398500,5,111.4,780,6200,775,100,2315361355,2315361355,2315361355,0,0,0,0,0
2020-06-17,ATIC,Anabatic Technologies Tbk.,--U9---1,680,0,680,680,680,0,200,136000,2,97.1,675,5500,635,100,2315361355,2315361355,2315361355,0,0,0,0,0
2020-06-16,ATIC,Anabatic Technologies Tbk.,--U9---1,730,0,700,680,680,-50,5500,3742000,5,97.1,680,6700,0,0,2315361355,2315361355,2315361355,0,0,0,0,0
2020-06-15,ATIC,Anabatic Technologies Tbk.,--U9---1,770,0,730,730,730,-40,200,146000,2,104.3,720,10000,0,0,2315361355,2315361355,2315361355,0,0,0,0,0
2020-06-12,ATIC,Anabatic Technologies Tbk.,--U9---1,770,0,770,770,770,0,300,231000,3,110.0,720,100,0,0,2315361355,2315361355,2315361355,0,0,0,0,0
2020-06-11,ATIC,Anabatic Technologies Tbk.,--U9---1,785,0,785,770,770,-15,4800,3697500,4,110.0,770,4300,0,0,2315361355,2315361355,2315361355,0,0,0,0,0
2020-06-10,ATIC,Anabatic Technologies Tbk.,--U9---1,670,0,800,630,785,115,6500,4394500,11,112.1,785,15400,660,100,2315361355,2315361355,2315361355,0,0,0,0,0
2020-06-09,ATIC,Anabatic Technologies Tbk.,--U9---1,720,0,670,670,670,-50,100,67000,1,95.7,830,1900,680,100,2315361355,2315361355,2315361355,0,0,0,0,0
2020-06-08,ATIC,Anabatic Technologies Tbk.,--U9---1,750,0,720,700,720,-30,1100,790000,2,102.9,720,300,700,200,2315361355,2315361355,2315361355,0,0,0,0,0
2020-06-05,ATIC,Anabatic Technologies Tbk.,--U9---1,770,0,750,750,750,-20,3300,2475000,2,107.1,815,200,750,6800,2315361355,2315361355,2315361355,0,0,0,0,0
2020-06-04,ATIC,Anabatic Technologies Tbk.,--U9---1,770,0,0,0,770,0,0,0,0,110.0,815,3300,720,1000,2315361355,2315361355,2315361355,0,0,0,0,0
2020-06-03,ATIC,Anabatic Technologies Tbk.,--U9---1,825,0,825,770,770,-55,200,159500,2,110.0,820,100,0,0,2315361355,2315361355,2315361355,0,0,0,0,0
2020-06-02,ATIC,Anabatic Technologies Tbk.,--U9---1,830,0,825,775,825,-5,11700,9073500,13,117.9,820,1100,775,200,2315361355,2315361355,2315361355,100,0,0,0,0
2020-05-29,ATIC,Anabatic Technologies Tbk.,--U9---1,830,0,830,830,830,0,100,83000,1,118.6,775,3500,0,0,2315361355,2315361355,2315361355,0,0,0,0,0
2020-05-28,ATIC,Anabatic Technologies Tbk.,--U9---1,830,0,0,0,830,0,0,0,0,118.6,775,3300,0,0,2315361355,2315361355,2315361355,0,0,0,0,0
2020-05-27,ATIC,Anabatic Technologies Tbk.,--U9---1,800,0,850,745,830,30,500,391500,5,118.6,820,2900,745,400,2315361355,2315361355,2315361355,200,0,0,0,0
2020-05-26,ATIC,Anabatic Technologies Tbk.,--U9---1,750,0,800,800,800,50,100,80000,1,114.3,700,2800,0,0,2315361355,2315361355,2315361355,0,0,0,0,0
2020-05-20,ATIC,Anabatic Technologies Tbk.,--U9---1,700,0,750,750,750,50,100,75000,1,107.1,730,2900,0,0,2315361355,2315361355,2315361355,100,0,0,0,0
2020-05-19,ATIC,Anabatic Technologies Tbk.,--U9---1,630,0,730,600,700,70,3200,1949000,6,100.0,700,2700,0,0,2315361355,2315361355,2315361355,200,0,0,0,0
2020-05-18,ATIC,Anabatic Technologies Tbk.,--U9---1,630,0,630,630,630,0,100,63000,1,90.0,785,400,630,100,2315361355,2315361355,2315361355,0,0,0,0,0
2020-05-15,ATIC,Anabatic Technologies Tbk.,--U9---1,630,0,0,0,630,0,0,0,0,90.0,750,500,600,2200,2315361355,2315361355,2315361355,0,0,0,0,0
2020-05-14,ATIC,Anabatic Technologies Tbk.,--U9---1,630,0,0,0,630,0,0,0,0,90.0,630,3000,610,400,2315361355,2315361355,2315361355,0,0,0,0,0
2020-05-13,ATIC,Anabatic Technologies Tbk.,--U9---1,670,0,630,630,630,-40,400,252000,2,90.0,750,500,630,101200,2315361355,2315361355,2315361355,0,0,0,0,0
2020-05-12,ATIC,Anabatic Technologies Tbk.,--U9---1,670,0,0,0,670,0,0,0,0,95.7,735,500,645,100,2315361355,2315361355,2315361355,0,0,0,0,0
2020-05-11,ATIC,Anabatic Technologies Tbk.,--U9---1,670,0,0,0,670,0,0,0,0,95.7,750,3500,660,500,2315361355,2315361355,2315361355,0,0,0,0,0
2020-05-08,ATIC,Anabatic Technologies Tbk.,--U9---1,670,0,0,0,670,0,0,0,0,95.7,700,3000,0,0,2315361355,2315361355,2315361355,0,0,0,0,0
2020-05-06,ATIC,Anabatic Technologies Tbk.,--U9---1,670,0,0,0,670,0,0,0,0,95.7,700,3000,625,11100,2315361355,2315361355,2315361355,0,0,0,0,0
2020-05-05,ATIC,Anabatic Technologies Tbk.,--U9---1,670,0,0,0,670,0,0,0,0,95.7,715,700,0,0,2315361355,2315361355,2315361355,0,0,0,0,0
2020-05-04,ATIC,Anabatic Technologies Tbk.,--U9---1,720,0,670,670,670,-50,700,469000,2,95.7,710,3000,0,0,2315361355,2315361355,2315361355,0,600,0,0,0
2020-04-30,ATIC,Anabatic Technologies Tbk.,--U9---1,720,0,0,0,720,0,0,0,0,102.9,710,5800,670,100,2315361355,2315361355,2315361355,0,0,0,0,0
2020-04-29,ATIC,Anabatic Technologies Tbk.,--U9---1,720,0,0,0,720,0,0,0,0,102.9,815,3000,0,0,2315361355,2315361355,2315361355,0,0,0,0,0
2020-04-28,ATIC,Anabatic Technologies Tbk.,--U9---1,720,0,0,0,720,0,0,0,0,102.9,820,4000,0,0,2315361355,2315361355,2315361355,0,0,0,0,0
2020-04-27,ATIC,Anabatic Technologies Tbk.,--U9---1,720,0,0,0,720,0,0,0,0,102.9,845,10000,0,0,2315361355,2315361355,2315361355,0,0,0,0,0
2020-04-24,ATIC,Anabatic Technologies Tbk.,--U9---1,720,0,0,0,720,0,0,0,0,102.9,800,3000,0,0,2315361355,2315361355,2315361355,0,0,0,0,0
2020-04-23,ATIC,Anabatic Technologies Tbk.,--U9---1,720,0,0,0,720,0,0,0,0,102.9,720,3000,0,0,2315361355,2315361355,2315361355,0,0,0,0,0
2020-04-22,ATIC,Anabatic Technologies Tbk.,--U9---1,720,0,0,0,720,0,0,0,0,102.9,795,10700,0,0,2315361355,2315361355,2315361355,0,0,0,0,0
2020-04-21,ATIC,Anabatic Technologies Tbk.,--U9---1,720,0,0,0,720,0,0,0,0,102.9,720,4100,0,0,2315361355,2315361355,2315361355,0,0,0,0,0
2020-04-20,ATIC,Anabatic Technologies Tbk.,--U9---1,720,0,0,0,720,0,0,0,0,102.9,895,3000,0,0,2315361355,2315361355,2315361355,0,0,0,0,0
2020-04-17,ATIC,Anabatic Technologies Tbk.,--U9---1,720,0,0,0,720,0,0,0,0,102.9,700,300,0,0,2315361355,2315361355,2315361355,0,0,0,0,0
2020-04-16,ATIC,Anabatic Technologies Tbk.,--U9---1,720,0,0,0,720,0,0,0,0,102.9,700,1500,0,0,2315361355,2315361355,2315361355,0,0,0,0,0
2020-04-15,ATIC,Anabatic Technologies Tbk.,--U9---1,720,0,0,0,720,0,0,0,0,102.9,770,700,670,100,2315361355,2315361355,2315361355,0,0,0,0,0
2020-04-14,ATIC,Anabatic Technologies Tbk.,--U9---1,720,0,0,0,720,0,0,0,0,102.9,770,100,0,0,2315361355,2315361355,2315361355,0,0,0,0,0
2020-04-13,ATIC,Anabatic Technologies Tbk.,--U9---1,700,0,720,700,720,20,400,284000,2,102.9,720,1500,655,100,2315361355,2315361355,2315361355,0,0,0,0,0
2020-04-09,ATIC,Anabatic Technologies Tbk.,--U9---1,670,0,700,670,700,30,2700,1824000,3,100.0,700,9500,625,100,2315361355,2315361355,2315361355,0,0,0,0,0
2020-04-08,ATIC,Anabatic Technologies Tbk.,--U9---1,670,0,0,0,670,0,0,0,0,95.7,670,1000,0,0,2315361355,2315361355,2315361355,0,0,0,0,0
2020-04-07,ATIC,Anabatic Technologies Tbk.,--U9---1,720,0,720,670,670,-50,600,427000,2,95.7,720,2000,680,500,2315361355,2315361355,2315361355,0,0,0,0,0
2020-04-06,ATIC,Anabatic Technologies Tbk.,--U9---1,720,0,0,0,720,0,0,0,0,102.9,700,200,670,100,2315361355,2315361355,2315361355,0,0,0,0,0
2020-04-03,ATIC,Anabatic Technologies Tbk.,--U9---1,720,0,0,0,720,0,0,0,0,102.9,720,3300,0,0,2315361355,2315361355,2315361355,0,0,0,0,0
2020-04-02,ATIC,Anabatic Technologies Tbk.,--U9---1,720,0,0,0,720,0,0,0,0,102.9,700,200,0,0,2315361355,2315361355,2315361355,0,0,0,0,0
2020-04-01,ATIC,Anabatic Technologies Tbk.,--U9---1,720,0,0,0,720,0,0,0,0,102.9,700,200,0,0,2315361355,2315361355,2315361355,0,0,0,0,0
2020-03-31,ATIC,Anabatic Technologies Tbk.,--U9---1,720,0,720,720,720,0,2500,1800000,3,102.9,730,3700,670,100,2315361355,2315361355,2315361355,0,0,0,0,0
2020-03-30,ATIC,Anabatic Technologies Tbk.,--U9---1,720,0,0,0,720,0,0,0,0,102.9,720,1200,0,0,2315361355,2315361355,2315361355,0,0,0,0,0
2020-03-27,ATIC,Anabatic Technologies Tbk.,--U9---1,655,0,725,610,720,65,5900,4046500,11,102.9,720,600,700,100,2315361355,2315361355,2315361355,0,0,0,0,0
2020-03-26,ATIC,Anabatic Technologies Tbk.,--U9---1,700,0,655,655,655,-45,200,131000,2,93.6,680,300,655,100,2315361355,2315361355,2315361355,0,0,0,0,0
2020-03-24,ATIC,Anabatic Technologies Tbk.,--U9---1,700,0,0,0,700,0,0,0,0,100.0,700,400,0,0,2315361355,2315361355,2315361355,0,0,0,0,0
2020-03-23,ATIC,Anabatic Technologies Tbk.,--U9---1,700,0,0,0,700,0,0,0,0,100.0,700,1900,0,0,2315361355,2315361355,2315361355,0,0,0,0,0
2020-03-20,ATIC,Anabatic Technologies Tbk.,--U9---1,700,0,700,700,700,0,100,70000,1,100.0,700,11000,0,0,2315361355,2315361355,2315361355,0,0,0,0,0
2020-03-19,ATIC,Anabatic Technologies Tbk.,--U9---1,700,0,0,0,700,0,0,0,0,100.0,710,300,0,0,2315361355,2315361355,2315361355,0,0,0,0,0
2020-03-18,ATIC,Anabatic Technologies Tbk.,--U9---1,700,0,0,0,700,0,0,0,0,100.0,700,200,0,0,2315361355,2315361355,2315361355,0,0,0,0,0
2020-03-17,ATIC,Anabatic Technologies Tbk.,--U9---1,700,0,0,0,700,0,0,0,0,100.0,700,1200,0,0,2315361355,2315361355,2315361355,0,0,0,0,0
2020-03-16,ATIC,Anabatic Technologies Tbk.,--U9---1,700,0,0,0,700,0,0,0,0,100.0,695,200,0,0,2315361355,2315361355,2315361355,0,0,0,0,0
2020-03-13,ATIC,Anabatic Technologies Tbk.,--U9---1,700,0,0,0,700,0,0,0,0,100.0,680,200,0,0,2315361355,2315361355,2315361355,0,0,0,0,0
2020-03-12,ATIC,Anabatic Technologies Tbk.,--U9---1,700,0,0,0,700,0,0,0,0,100.0,700,200,0,0,2315361355,2315361355,2315361355,0,0,0,0,0
2020-03-11,ATIC,Anabatic Technologies Tbk.,--U9---1,720,0,700,700,700,-20,200,140000,1,100.0,700,400,0,0,2315361355,2315361355,2315361355,0,0,0,0,0
2020-03-10,ATIC,Anabatic Technologies Tbk.,--U9---1,650,0,720,720,720,70,1800,1296000,5,102.9,720,2200,590,400,2315361355,2315361355,2315361355,0,0,0,0,0
2020-03-09,ATIC,Anabatic Technologies Tbk.,--U9---1,705,0,650,650,650,-55,200,130000,2,92.9,650,1500,580,200,2315361355,2315361355,2315361355,0,0,0,0,0
2020-03-06,ATIC,Anabatic Technologies Tbk.,--U9---1,705,0,0,0,705,0,0,0,0,100.7,700,400,560,200,2315361355,2315361355,2315361355,0,0,0,0,0
2020-03-05,ATIC,Anabatic Technologies Tbk.,--U9---1,705,0,0,0,705,0,0,0,0,100.7,700,700,530,200,2315361355,2315361355,2315361355,0,0,0,0,0
2020-03-04,ATIC,Anabatic Technologies Tbk.,--U9---1,675,0,705,660,705,30,900,612000,4,100.7,705,4800,700,1000,2315361355,2315361355,2315361355,0,0,0,0,0
2020-03-03,ATIC,Anabatic Technologies Tbk.,--U9---1,675,0,0,0,675,0,0,0,0,96.4,650,200,600,300,2315361355,2315361355,2315361355,0,0,0,0,0
2020-03-02,ATIC,Anabatic Technologies Tbk.,--U9---1,675,0,0,0,675,0,0,0,0,96.4,670,5000,510,200,2315361355,2315361355,2315361355,0,0,0,0,0
2020-02-28,ATIC,Anabatic Technologies Tbk.,--U9---1,675,0,0,0,675,0,0,0,0,96.4,650,100,515,100,2315361355,2315361355,2315361355,0,0,0,0,0
2020-02-27,ATIC,Anabatic Technologies Tbk.,--U9---1,630,0,675,620,675,45,3400,2185000,4,96.4,665,10000,580,100,2315361355,2315361355,2315361355,0,0,0,0,0
2020-02-26,ATIC,Anabatic Technologies Tbk.,--U9---1,600,0,680,630,630,30,900,592000,3,90.0,665,5000,630,100,2315361355,2315361355,2315361355,0,0,0,0,0
2020-02-25,ATIC,Anabatic Technologies Tbk.,--U9---1,600,0,0,0,600,0,0,0,0,85.7,645,200,0,0,2315361355,2315361355,2315361355,0,0,0,0,0
2020-02-24,ATIC,Anabatic Technologies Tbk.,--U9---1,600,0,0,0,600,0,0,0,0,85.7,600,1900,560,100,2315361355,2315361355,2315361355,0,0,0,0,0
2020-02-21,ATIC,Anabatic Technologies Tbk.,--U9---1,650,0,600,600,600,-50,700,420000,3,85.7,615,200,600,100,2315361355,2315361355,2315361355,0,0,735500,514850000,1
2020-02-20,ATIC,Anabatic Technologies Tbk.,--U9---1,650,0,0,0,650,0,0,0,0,92.9,650,600,570,300,2315361355,2315361355,2315361355,0,0,0,0,0
2020-02-19,ATIC,Anabatic Technologies Tbk.,--U9---1,650,0,0,0,650,0,0,0,0,92.9,650,700,500,10000,2315361355,2315361355,2315361355,0,0,0,0,0
2020-02-18,ATIC,Anabatic Technologies Tbk.,--U9---1,650,0,0,0,650,0,0,0,0,92.9,650,400,520,200,2315361355,2315361355,2315361355,0,0,0,0,0
2020-02-17,ATIC,Anabatic Technologies Tbk.,--U9---1,650,0,650,650,650,0,400,260000,1,92.9,650,400,600,100,2315361355,2315361355,2315361355,0,0,0,0,0
2020-02-14,ATIC,Anabatic Technologies Tbk.,--U9---1,605,0,690,605,650,45,8400,5188500,6,92.9,700,5000,600,100,2315361355,2315361355,2315361355,0,0,0,0,0
2020-02-13,ATIC,Anabatic Technologies Tbk.,--U9---1,685,0,605,605,605,-80,500,302500,2,86.4,605,200,590,500,2315361355,2315361355,2315361355,0,0,0,0,0
2020-02-12,ATIC,Anabatic Technologies Tbk.,--U9---1,685,0,0,0,685,0,0,0,0,97.9,645,500,590,400,2315361355,2315361355,2315361355,0,0,0,0,0
2020-02-11,ATIC,Anabatic Technologies Tbk.,--U9---1,690,0,685,685,685,-5,200,137000,1,97.9,665,100,540,10000,2315361355,2315361355,2315361355,0,0,0,0,0
2020-02-10,ATIC,Anabatic Technologies Tbk.,--U9---1,650,0,690,685,690,40,200,137500,2,98.6,690,1100,0,0,2315361355,2315361355,2315361355,0,0,0,0,0
2020-02-07,ATIC,Anabatic Technologies Tbk.,--U9---1,650,0,0,0,650,0,0,0,0,92.9,685,100,492,100,2315361355,2315361355,2315361355,0,0,0,0,0
2020-02-06,ATIC,Anabatic Technologies Tbk.,--U9---1,685,0,650,650,650,-35,1000,650000,2,92.9,650,200,590,500,2315361355,2315361355,2315361355,0,0,0,0,0
2020-02-05,ATIC,Anabatic Technologies Tbk.,--U9---1,685,0,0,0,685,0,0,0,0,97.9,650,200,570,800,2315361355,2315361355,2315361355,0,0,0,0,0
2020-02-04,ATIC,Anabatic Technologies Tbk.,--U9---1,685,0,0,0,685,0,0,0,0,97.9,685,1700,560,600,2315361355,2315361355,2315361355,0,0,0,0,0
2020-02-03,ATIC,Anabatic Technologies Tbk.,--U9---1,700,0,850,685,685,-15,400,296500,4,97.9,700,1300,600,200,2315361355,2315361355,2315361355,0,0,0,0,0
2020-01-31,ATIC,Anabatic Technologies Tbk.,--U9---1,700,0,700,650,700,0,1200,830000,2,100.0,700,900,610,2100,2315361355,2315361355,2315361355,0,0,0,0,0
2020-01-30,ATIC,Anabatic Technologies Tbk.,--U9---1,700,0,0,0,700,0,0,0,0,100.0,700,1700,540,100,2315361355,2315361355,2315361355,0,0,0,0,0
2020-01-29,ATIC,Anabatic Technologies Tbk.,--U9---1,700,0,0,0,700,0,0,0,0,100.0,690,1100,530,700,2315361355,2315361355,2315361355,0,0,0,0,0
2020-01-28,ATIC,Anabatic Technologies Tbk.,--U9---1,710,0,700,700,700,-10,100,70000,1,100.0,700,100,540,100,2315361355,2315361355,2315361355,0,0,0,0,0
2020-01-27,ATIC,Anabatic Technologies Tbk.,--U9---1,710,0,0,0,710,0,0,0,0,101.4,700,1100,540,200,2315361355,2315361355,2315361355,0,0,0,0,0
2020-01-24,ATIC,Anabatic Technologies Tbk.,--U9---1,710,0,0,0,710,0,0,0,0,101.4,680,200,540,1100,2315361355,2315361355,2315361355,0,0,0,0,0
2020-01-23,ATIC,Anabatic Technologies Tbk.,--U9---1,710,0,0,0,710,0,0,0,0,101.4,700,1300,535,200,2315361355,2315361355,2315361355,0,0,0,0,0
2020-01-22,ATIC,Anabatic Technologies Tbk.,--U9---1,710,0,0,0,710,0,0,0,0,101.4,705,1200,535,100,2315361355,2315361355,2315361355,0,0,0,0,0
2020-01-21,ATIC,Anabatic Technologies Tbk.,--U9---1,710,0,0,0,710,0,0,0,0,101.4,700,1300,535,100,2315361355,2315361355,2315361355,0,0,0,0,0
2020-01-20,ATIC,Anabatic Technologies Tbk.,--U9---1,710,0,710,710,710,0,400,284000,1,101.4,700,1100,545,200,2315361355,2315361355,2315361355,0,0,0,0,0
2020-01-17,ATIC,Anabatic Technologies Tbk.,--U9---1,710,0,0,0,710,0,0,0,0,101.4,700,1300,545,100,2315361355,2315361355,2315361355,0,0,0,0,0
2020-01-16,ATIC,Anabatic Technologies Tbk.,--U9---1,710,0,0,0,710,0,0,0,0,101.4,700,3200,0,0,2315361355,2315361355,2315361355,0,0,0,0,0
2020-01-15,ATIC,Anabatic Technologies Tbk.,--U9---1,710,0,0,0,710,0,0,0,0,101.4,700,1300,560,100,2315361355,2315361355,2315361355,0,0,0,0,0
2020-01-14,ATIC,Anabatic Technologies Tbk.,--U9---1,710,0,0,0,710,0,0,0,0,101.4,700,1000,555,2000,2315361355,2315361355,2315361355,0,0,0,0,0
2020-01-13,ATIC,Anabatic Technologies Tbk.,--U9---1,710,0,710,710,710,0,200,142000,1,101.4,710,3800,555,2000,2315361355,2315361355,2315361355,0,0,0,0,0
2020-01-10,ATIC,Anabatic Technologies Tbk.,--U9---1,710,0,0,0,710,0,0,0,0,101.4,700,1100,580,500,2315361355,2315361355,2315361355,0,0,0,0,0
2020-01-09,ATIC,Anabatic Technologies Tbk.,--U9---1,735,0,710,710,710,-25,100,71000,1,101.4,710,1200,565,5200,2315361355,2315361355,2315361355,0,0,0,0,0
2020-01-08,ATIC,Anabatic Technologies Tbk.,--U9---1,615,0,745,590,735,120,300,207000,3,105.0,720,100,625,100,2315361355,2315361355,2315361355,0,0,0,0,0
2020-01-07,ATIC,Anabatic Technologies Tbk.,--U9---1,615,0,0,0,615,0,0,0,0,87.9,625,400,570,1200,2315361355,2315361355,2315361355,0,0,0,0,0
2020-01-06,ATIC,Anabatic Technologies Tbk.,--U9---1,615,0,615,615,615,0,2000,1230000,1,87.9,610,5800,555,100,2315361355,2315361355,2315361355,0,0,0,0,0
2020-01-03,ATIC,Anabatic Technologies Tbk.,--U9---1,640,0,615,610,615,-25,300,183500,2,87.9,640,10000,615,1600,2315361355,2315361355,2315361355,0,0,0,0,0
2020-01-02,ATIC,Anabatic Technologies Tbk.,--U9---1,640,0,0,0,640,0,0,0,0,91.4,650,10000,640,400,2315361355,2315361355,2315361355,0,0,0,0,0
