Date,Ticker,Name,Remarks,Previous,Open,High,Low,Close,Change,Volume,Value,Frequency,IndexIndividual,Offer,OfferVolume,Bid,BidVolume,ListedShares,TradebleShares,WeightForIndex,ForeignSell,ForeignBuy,NonRegularVolume,NonRegularValue,NonRegularFrequency
2026-03-12,INTA,Intraco Penta Tbk.,--U-4100000000C141-E---------X,81,0,81,78,80,-1,1015200,81910300,83,56.4,80,81900,79,150500,3343935022,3343935022,948005579,0,0,0,0,0
2026-03-11,INTA,Intraco Penta Tbk.,--U-4100000000C141-E---------X,79,0,85,79,81,2,1663300,140077700,94,57.1,81,406800,80,13000,3343935022,3343935022,948005579,0,0,0,0,0
2026-03-10,INTA,Intraco Penta Tbk.,--U-4100000000C141-E---------X,80,0,82,75,79,-1,1899000,149471600,137,55.7,79,83500,78,172300,3343935022,3343935022,948005579,0,0,0,0,0
2026-03-09,INTA,Intraco Penta Tbk.,--U-4100000000C141-E---------X,88,0,80,80,80,-8,4329000,346320000,106,56.4,80,1638500,0,0,3343935022,3343935022,948005579,0,0,0,0,0
2026-03-06,INTA,Intraco Penta Tbk.,--U-4100000000C141-E---------X,90,0,89,86,88,-2,1013300,89388500,77,62.0,88,106900,86,708500,3343935022,3343935022,948005579,0,0,0,0,0
2026-03-05,INTA,Intraco Penta Tbk.,--U-4100000000C141-E---------X,86,0,92,86,90,4,1690900,148467000,128,63.4,90,126700,86,666200,3343935022,3343935022,948005579,0,0,0,0,0
2026-03-04,INTA,Intraco Penta Tbk.,--U-4100000000C141-E---------X,95,0,90,86,86,-9,2674000,231591300,180,60.6,87,39900,86,16198200,3343935022,3343935022,948005579,0,0,0,0,0
2026-03-03,INTA,Intraco Penta Tbk.,--U-4100000000C141-E---------X,90,0,98,81,95,5,5940500,558188500,181,67.0,95,687700,91,1000,3343935022,3343935022,948005579,0,0,0,0,0
2026-03-02,INTA,Intraco Penta Tbk.,--U-4100000000C141-E---------X,99,0,90,90,90,-9,4137200,372348000,195,63.4,90,1666100,0,0,3343935022,3343935022,948005579,0,0,0,0,0
2026-02-27,INTA,Intraco Penta Tbk.,--U-4100000000C141-E---------X,96,0,100,93,99,3,2613100,255763600,126,69.8,99,272600,97,5000,3343935022,3343935022,948005579,0,0,0,0,0
2026-02-26,INTA,Intraco Penta Tbk.,--U-4100000000C141-E---------X,96,0,99,96,96,0,2540400,248754400,160,67.7,98,641600,95,1300,3343935022,3343935022,948005579,0,0,0,0,0
2026-02-25,INTA,Intraco Penta Tbk.,--U-4100000000C141-E---------X,93,0,97,95,96,3,2108500,202001800,134,67.7,97,70700,96,224700,3343935022,3343935022,948005579,0,0,0,0,0
2026-02-24,INTA,Intraco Penta Tbk.,--U-4100000000C141-E---------X,103,0,98,93,93,-10,11363300,1073127900,358,65.6,96,12600,93,400,3343935022,3343935022,948005579,0,0,0,0,0
2026-02-23,INTA,Intraco Penta Tbk.,--U-4100000000C141-E---------X,114,0,125,103,103,-11,7625400,849436200,294,72.6,110,500000,103,379600,3343935022,3343935022,948005579,0,0,0,0,0
2026-02-20,INTA,Intraco Penta Tbk.,--U-4100000000C141-E---------X,115,0,115,110,114,-1,2437200,276727700,115,80.4,114,39000,113,51900,3343935022,3343935022,948005579,0,0,0,0,0
2026-02-19,INTA,Intraco Penta Tbk.,--U-4100000000C141-E---------X,115,0,115,104,115,0,13589900,1479353500,285,81.1,115,533300,111,10000,3343935022,3343935022,948005579,0,0,0,0,0
2026-02-18,INTA,Intraco Penta Tbk.,--U-4100000000C141-E---------X,112,0,119,111,115,3,6366400,721755800,202,81.1,115,541600,114,1431900,3343935022,3343935022,948005579,0,0,0,0,0
2026-02-13,INTA,Intraco Penta Tbk.,--U-4100000000C141-E---------X,124,0,136,112,112,-12,8526400,979806400,340,79.0,112,1265100,0,0,3343935022,3343935022,948005579,0,0,0,0,0
2026-02-12,INTA,Intraco Penta Tbk.,--U-4100000000C141-E---------X,113,0,124,124,124,11,1916000,237584000,84,87.4,0,0,124,62429500,3343935022,3343935022,948005579,0,0,0,0,0
2026-02-11,INTA,Intraco Penta Tbk.,--U-4100000000C141-E---------X,103,0,113,113,113,10,547200,61833600,49,79.7,0,0,113,32492300,3343935022,3343935022,948005579,0,0,0,0,0
2026-02-10,INTA,Intraco Penta Tbk.,--U-4100000000C141-E---------X,94,0,103,103,103,9,3190700,328642100,66,72.6,0,0,103,15126700,3343935022,3343935022,948005579,0,0,0,0,0
2026-02-09,INTA,Intraco Penta Tbk.,--U-4100000000C141-E---------X,86,0,94,80,94,8,6008200,543797600,234,66.3,0,0,94,870500,3343935022,3343935022,948005579,0,0,0,0,0
2026-02-06,INTA,Intraco Penta Tbk.,--U-4100000000C141-E---------X,86,0,86,86,86,0,2948500,253571000,178,60.6,86,1483200,84,6000,3343935022,3343935022,948005579,0,0,0,0,0
2026-02-05,INTA,Intraco Penta Tbk.,--U-4100000000C141-E---------X,95,0,103,86,86,-9,11633900,1044314700,304,60.6,95,22100,86,1385500,3343935022,3343935022,948005579,0,0,0,0,0
2026-02-04,INTA,Intraco Penta Tbk.,--U-4100000000C141-E---------X,103,0,113,93,95,-8,26897400,2845657800,390,67.0,98,3500,95,238200,3343935022,3343935022,948005579,0,0,0,0,0
2026-02-03,INTA,Intraco Penta Tbk.,--U-4100000000C141-E---------X,114,0,103,103,103,-11,23453300,2415689900,371,72.6,113,2500,103,6527200,3343935022,3343935022,948005579,0,0,0,0,0
2026-02-02,INTA,Intraco Penta Tbk.,--U-4100000000C141-E---------X,126,0,114,114,114,-12,2032500,231705000,139,80.4,114,7788900,0,0,3343935022,3343935022,948005579,0,0,0,0,0
2026-01-30,INTA,Intraco Penta Tbk.,--U-4100000000C141-E---------X,140,0,154,126,126,-14,8856500,1257282600,348,88.8,150,1400,126,22003900,3343935022,3343935022,948005579,0,0,0,0,0
2026-01-29,INTA,Intraco Penta Tbk.,--U-4100000000C141-E---------X,155,0,140,140,140,-15,3876200,542668000,182,98.7,140,7737000,0,0,3343935022,3343935022,948005579,0,0,0,0,0
2026-01-28,INTA,Intraco Penta Tbk.,--U-4100000000C141-E---------X,172,0,155,155,155,-17,13331900,2066444500,262,109.3,155,17053000,0,0,3343935022,3343935022,948005579,0,0,0,0,0
2026-01-27,INTA,Intraco Penta Tbk.,--U-4100000000C141-E---------X,157,0,172,172,172,15,3580400,615828800,162,121.2,0,0,172,36818000,3343935022,3343935022,948005579,0,0,145000,24940000,1
2026-01-26,INTA,Intraco Penta Tbk.,--U-4100000000C141-E---------X,143,0,157,157,157,14,4373100,686576700,183,110.7,0,0,157,44242200,3343935022,3343935022,948005579,0,0,0,0,0
2026-01-23,INTA,Intraco Penta Tbk.,--U-4100000000C141-E---------X,132,0,143,119,143,11,50981200,6407386700,962,100.8,144,2100,143,14473400,3343935022,3343935022,948005579,0,0,0,0,0
2026-01-22,INTA,Intraco Penta Tbk.,--U-4100000000C141-E---------X,146,0,132,132,132,-14,8067900,1064962800,186,93.0,132,24072500,0,0,3343935022,3343935022,948005579,0,0,0,0,0
2026-01-21,INTA,Intraco Penta Tbk.,--U-4100000000C141-E---------X,162,0,146,146,146,-16,2535300,370153800,199,102.9,146,26092900,0,0,3343935022,3343935022,948005579,0,0,0,0,0
2026-01-20,INTA,Intraco Penta Tbk.,--U-4100000000C141-E---------X,179,0,162,162,162,-17,5982600,969181200,338,114.2,162,24408900,0,0,3343935022,3343935022,948005579,0,0,0,0,0
2026-01-19,INTA,Intraco Penta Tbk.,--U-4100000000C141-E---------X,198,0,179,179,179,-19,11152000,1996208000,370,126.2,179,26942000,0,0,3343935022,3343935022,948005579,0,2000000,0,0,0
2026-01-15,INTA,Intraco Penta Tbk.,--U-4100000000C141-E---------X,220,0,198,198,198,-22,27363200,5417913600,885,139.6,198,21085800,0,0,3343935022,3343935022,948005579,0,2000000,0,0,0
2026-01-14,INTA,Intraco Penta Tbk.,--U-4100000000C141-E---------X,200,0,220,220,220,20,7226200,1589764000,167,155.1,0,0,220,42277700,3343935022,3343935022,948005579,0,0,15204700,3060268000,3
2026-01-13,INTA,Intraco Penta Tbk.,--U-4100000000C141-E---------X,182,0,200,200,200,18,9019300,1803860000,109,141.0,0,0,200,42735400,3343935022,3343935022,948005579,0,0,0,0,0
2026-01-12,INTA,Intraco Penta Tbk.,--U-4100000000C141-E---------X,166,0,182,182,182,16,1803800,328291600,100,128.3,0,0,182,44444500,3343935022,3343935022,948005579,0,0,377000,81320000,2
2026-01-09,INTA,Intraco Penta Tbk.,--U-4100000000C141-E---------X,151,0,166,166,166,15,1398500,232151000,94,117.0,0,0,166,50156200,3343935022,3343935022,948005579,0,0,0,0,0
2026-01-08,INTA,Intraco Penta Tbk.,--U-4100000000C141-E---------X,138,0,151,151,151,13,536000,80936000,83,106.4,0,0,151,58244400,3343935022,3343935022,948005579,0,0,215000,42400000,2
2026-01-07,INTA,Intraco Penta Tbk.,--U-4100000000C141-E---------X,126,0,138,138,138,12,932000,128616000,69,97.3,0,0,138,48964200,3343935022,3343935022,948005579,0,0,18000,2880000,1
2026-01-06,INTA,Intraco Penta Tbk.,--U-4100000000C141-E---------X,115,0,126,126,126,11,1243700,156706200,92,88.8,0,0,126,70341600,3343935022,3343935022,948005579,0,0,275700,37068500,3
2026-01-05,INTA,Intraco Penta Tbk.,--U-4100000000C141-E---------X,115,0,0,0,115,0,0,0,0,81.1,0,0,0,0,3343935022,3343935022,948005579,0,0,8400,1092000,1
2026-01-02,INTA,Intraco Penta Tbk.,--U-4100000000C141-E---------X,115,0,0,0,115,0,0,0,0,81.1,0,0,0,0,3343935022,3343935022,948005579,0,0,69400,11159000,3
2025-12-30,INTA,Intraco Penta Tbk.,--U-4100000000C141-E---------X,115,0,0,0,115,0,0,0,0,81.1,0,0,0,0,3343935022,3343935022,948005579,0,0,8391300,987423000,4
2025-12-29,INTA,Intraco Penta Tbk.,--U-4100000000C141-E---------X,115,0,0,0,115,0,0,0,0,81.1,0,0,0,0,3343935022,3343935022,948005579,0,0,296800,49520000,3
2025-12-24,INTA,Intraco Penta Tbk.,--U-4100000000C141-E---------X,115,0,0,0,115,0,0,0,0,81.1,0,0,0,0,3343935022,3343935022,948005579,0,0,0,0,0
2025-12-23,INTA,Intraco Penta Tbk.,--U-4100000000C141-E---------X,115,0,0,0,115,0,0,0,0,81.1,0,0,0,0,3343935022,3343935022,948005579,0,0,12400,1488000,1
2025-12-22,INTA,Intraco Penta Tbk.,--U-4100000000C141-E---------X,115,0,0,0,115,0,0,0,0,81.1,0,0,0,0,3343935022,3343935022,948005579,0,0,414900,65169000,5
2025-12-19,INTA,Intraco Penta Tbk.,--U-4100000000C141-E---------X,115,0,0,0,115,0,0,0,0,81.1,0,0,0,0,3343935022,3343935022,948005579,0,0,100000,16000000,1
2025-12-18,INTA,Intraco Penta Tbk.,--U-4100000000C141-E---------X,115,0,0,0,115,0,0,0,0,81.1,0,0,0,0,3343935022,3343935022,948005579,0,0,140000,27850000,2
2025-12-17,INTA,Intraco Penta Tbk.,--U-4100000000C141-E---------X,115,0,0,0,115,0,0,0,0,81.1,0,0,0,0,3343935022,3343935022,948005579,0,0,8600,1634000,1
2025-12-16,INTA,Intraco Penta Tbk.,--U-4100000000C141-E---------X,115,0,0,0,115,0,0,0,0,81.1,0,0,0,0,3343935022,3343935022,948005579,0,0,0,0,0
2025-12-15,INTA,Intraco Penta Tbk.,--U-4100000000C141-E---------X,115,0,0,0,115,0,0,0,0,81.1,0,0,0,0,3343935022,3343935022,948005579,0,0,0,0,0
2025-12-12,INTA,Intraco Penta Tbk.,--U-4100000000C141-E---------X,115,0,0,0,115,0,0,0,0,81.1,0,0,0,0,3343935022,3343935022,948005579,0,0,3316700,381420500,1
2025-12-11,INTA,Intraco Penta Tbk.,--U-4100000000C141-E---------X,105,0,115,115,115,10,50576700,5816320500,988,81.1,0,0,115,7689200,3343935022,3343935022,948005579,0,0,0,0,0
2025-12-10,INTA,Intraco Penta Tbk.,--U-4100000000C141-E---------X,105,0,0,0,105,0,0,0,0,74.0,0,0,0,0,3343935022,3343935022,948005579,0,0,37065500,3335895000,1
2025-12-09,INTA,Intraco Penta Tbk.,--U-4100000000C141-E---------X,96,0,105,105,105,9,24028900,2523034500,345,74.0,0,0,105,38694500,3343935022,3343935022,948005579,0,0,0,0,0
2025-12-08,INTA,Intraco Penta Tbk.,--U-4100000000C141-E---------X,88,0,96,96,96,8,22001600,2112153600,240,67.7,0,0,96,26148800,3343935022,3343935022,948005579,0,0,0,0,0
2025-12-05,INTA,Intraco Penta Tbk.,--U-4100000000C141-E---------X,80,0,88,88,88,8,35991800,3167278400,401,62.0,0,0,88,11208700,3343935022,3343935022,948005579,0,0,0,0,0
2025-12-04,INTA,Intraco Penta Tbk.,--U-4100000000C141-E---------X,73,0,80,80,80,7,26780300,2142424000,300,56.4,0,0,80,12608200,3343935022,3343935022,948005579,0,0,0,0,0
2025-12-03,INTA,Intraco Penta Tbk.,--U-4100000000C141-E---------X,67,0,73,62,73,6,19133600,1327260300,517,51.5,0,0,73,1369500,3343935022,3343935022,948005579,0,0,0,0,0
2025-12-02,INTA,Intraco Penta Tbk.,--U-4100000000C141-E---------X,74,0,76,67,67,-7,26333000,1873854300,655,47.2,67,6816800,0,0,3343935022,3343935022,948005579,0,0,0,0,0
2025-12-01,INTA,Intraco Penta Tbk.,--U-4100000000C141-E---------X,74,0,81,74,74,0,24132000,1906310100,712,52.2,81,1194600,74,1877100,3343935022,3343935022,948005579,0,0,0,0,0
2025-11-28,INTA,Intraco Penta Tbk.,--U-4100000000C141-E---------X,68,0,74,74,74,6,2162800,160047200,69,52.2,0,0,74,7222900,3343935022,3343935022,948005579,0,0,0,0,0
2025-11-27,INTA,Intraco Penta Tbk.,--U-4100000000C141-E---------X,62,0,68,68,68,6,2175900,147961200,66,47.9,0,0,68,7694900,3343935022,3343935022,948005579,0,0,0,0,0
2025-11-26,INTA,Intraco Penta Tbk.,--U-4100000000C141-E---------X,57,0,62,62,62,5,1077300,66792600,57,43.7,0,0,62,13224400,3343935022,3343935022,948005579,0,0,500000,37000000,1
2025-11-25,INTA,Intraco Penta Tbk.,--U-4100000000C141-E---------X,52,0,57,57,57,5,2611900,148878300,78,40.2,0,0,57,9581400,3343935022,3343935022,948005579,0,0,0,0,0
2025-11-24,INTA,Intraco Penta Tbk.,--U-4100000000C141-E---------X,48,0,52,52,52,4,4185800,217661600,120,36.7,0,0,52,2702800,3343935022,3343935022,948005579,0,0,32335500,15165349500,1
2025-11-22,INTA,Intraco Penta Tbk.,--U-4100000000C141-E---------X,88,0,80,80,80,-8,4329000,346320000,106,56.4,80,1638500,0,0,3343935022,3343935022,948005579,0,0,0,0,0
2025-11-21,INTA,Intraco Penta Tbk.,--U-4100000000C141-E---------X,44,0,48,48,48,4,2700400,129619200,119,33.8,0,0,48,989500,3343935022,3343935022,948005579,0,0,0,0,0
2025-11-20,INTA,Intraco Penta Tbk.,--U-4100000000C141-E---------X,40,0,44,44,44,4,1956000,86064000,124,31.0,0,0,44,87300,3343935022,3343935022,948005579,0,0,0,0,0
2025-11-19,INTA,Intraco Penta Tbk.,--U-4100000000C141-E---------X,39,0,42,39,40,1,676400,26946300,66,28.2,41,5000,40,1234700,3343935022,3343935022,948005579,0,0,45,1890,1
2025-11-18,INTA,Intraco Penta Tbk.,--U-4100000000C141-E---------X,40,0,44,39,39,-1,901500,36880500,55,27.5,41,55500,39,1010600,3343935022,3343935022,948005579,0,0,0,0,0
2025-11-17,INTA,Intraco Penta Tbk.,--U-4100000000C141-E---------X,42,0,41,40,40,-2,1016000,40750400,52,28.2,41,60300,40,978700,3343935022,3343935022,948005579,0,0,0,0,0
2025-11-14,INTA,Intraco Penta Tbk.,--U-4100000000C141-E---------X,45,0,45,42,42,-3,2025300,90483000,59,29.6,42,4400,41,94500,3343935022,3343935022,948005579,0,0,0,0,0
2025-11-13,INTA,Intraco Penta Tbk.,--U-4100000000C141-E---------X,44,0,48,45,45,1,1020600,47709300,105,31.7,45,1068600,44,620200,3343935022,3343935022,948005579,0,0,0,0,0
2025-11-12,INTA,Intraco Penta Tbk.,--U-4100000000C141-E---------X,40,0,44,36,44,4,4151900,171724000,104,31.0,0,0,44,1461000,3343935022,3343935022,948005579,0,0,0,0,0
2025-11-11,INTA,Intraco Penta Tbk.,--U-4100000000C141-E---------X,39,0,40,39,40,1,1370100,54529500,52,28.2,41,33400,40,6520900,3343935022,3343935022,948005579,0,0,0,0,0
2025-11-10,INTA,Intraco Penta Tbk.,--U-4100000000C141-E---------X,38,0,39,39,39,1,1415600,55208400,65,27.5,39,20600,38,118000,3343935022,3343935022,948005579,0,0,0,0,0
2025-11-07,INTA,Intraco Penta Tbk.,--U-4100000000C141-E---------X,38,0,38,38,38,0,447900,17020200,41,26.8,39,43500,38,408900,3343935022,3343935022,948005579,0,0,0,0,0
2025-11-06,INTA,Intraco Penta Tbk.,--U-4100000000C141-E---------X,40,0,38,38,38,-2,609600,23164800,48,26.8,39,100,38,520200,3343935022,3343935022,948005579,0,0,0,0,0
2025-11-05,INTA,Intraco Penta Tbk.,--U-4100000000C141-E---------X,39,0,42,39,40,1,776000,31087000,90,28.2,42,756000,40,107400,3343935022,3343935022,948005579,0,0,0,0,0
2025-11-04,INTA,Intraco Penta Tbk.,--U-4100000000C141-E---------X,40,0,40,38,39,-1,655900,25529500,50,27.5,40,33100,39,1763200,3343935022,3343935022,948005579,0,0,0,0,0
2025-11-03,INTA,Intraco Penta Tbk.,--U-4100000000C141-E---------X,42,0,43,40,40,-2,1118300,46518300,52,28.2,42,3900,40,236600,3343935022,3343935022,948005579,0,0,0,0,0
2025-10-31,INTA,Intraco Penta Tbk.,--U-4100000000C141-E---------X,43,0,43,42,42,-1,592900,25408300,42,29.6,43,1100500,42,45800,3343935022,3343935022,948005579,0,0,0,0,0
2025-10-30,INTA,Intraco Penta Tbk.,--U-4100000000C141-E---------X,43,0,43,42,43,0,404900,17348500,29,30.3,43,196600,42,60900,3343935022,3343935022,948005579,0,0,0,0,0
2025-10-29,INTA,Intraco Penta Tbk.,--U-4100000000C141-E---------X,42,0,43,41,43,1,754600,31527400,51,30.3,43,467000,42,8100,3343935022,3343935022,948005579,0,0,0,0,0
2025-10-28,INTA,Intraco Penta Tbk.,--U-4100000000C141-E---------X,42,0,42,42,42,0,616000,25872000,24,29.6,43,30000,42,1470700,3343935022,3343935022,948005579,0,0,0,0,0
2025-10-27,INTA,Intraco Penta Tbk.,--U-4100000000C141-E---------X,43,0,43,42,42,-1,681800,29260900,48,29.6,43,1506700,42,134500,3343935022,3343935022,948005579,0,0,0,0,0
2025-10-24,INTA,Intraco Penta Tbk.,--U-4100000000C141-E---------X,41,0,44,43,43,2,1771300,77914100,51,30.3,43,726800,42,20500,3343935022,3343935022,948005579,0,0,0,0,0
2025-10-23,INTA,Intraco Penta Tbk.,--U-4100000000C141-E---------X,45,0,41,41,41,-4,1101100,45145100,69,28.9,42,5000,41,738200,3343935022,3343935022,948005579,0,0,0,0,0
2025-10-22,INTA,Intraco Penta Tbk.,--U-4100000000C141-E---------X,41,0,45,38,45,4,1215700,50289800,124,31.7,45,50800,40,333300,3343935022,3343935022,948005579,0,0,0,0,0
2025-10-21,INTA,Intraco Penta Tbk.,--U-4100000000C141-E---------X,43,0,42,41,41,-2,1844900,76012600,87,28.9,41,1032000,40,55500,3343935022,3343935022,948005579,0,0,0,0,0
2025-10-20,INTA,Intraco Penta Tbk.,--U-4100000000C141-E---------X,46,0,49,43,43,-3,1677700,73711900,105,30.3,46,168400,43,880800,3343935022,3343935022,948005579,0,0,0,0,0
2025-10-17,INTA,Intraco Penta Tbk.,--U-4100000000C141-E---------X,45,0,48,46,46,1,1223700,56708800,83,32.4,46,108800,45,189800,3343935022,3343935022,948005579,0,0,0,0,0
2025-10-16,INTA,Intraco Penta Tbk.,--U-4100000000C141-E---------X,41,0,45,42,45,4,2179100,97021500,115,31.7,0,0,45,2271300,3343935022,3343935022,948005579,0,0,0,0,0
2025-10-15,INTA,Intraco Penta Tbk.,--U-4100000000C141-E---------X,45,0,41,41,41,-4,3696100,151540100,136,28.9,42,2000,41,1165700,3343935022,3343935022,948005579,0,0,0,0,0
2025-10-14,INTA,Intraco Penta Tbk.,--U-4100000000C141-E---------X,50,0,55,45,45,-5,16271100,842747300,350,31.7,50,52800,45,300000,3343935022,3343935022,948005579,0,0,0,0,0
2025-10-13,INTA,Intraco Penta Tbk.,--U-4100000000C141-E---------X,46,0,50,50,50,4,4984300,249215000,135,35.2,0,0,50,13633700,3343935022,3343935022,948005579,0,0,0,0,0
2025-10-10,INTA,Intraco Penta Tbk.,--U-4100000000C141-E---------X,42,0,46,46,46,4,5600200,257609200,116,32.4,0,0,46,6262400,3343935022,3343935022,948005579,0,0,0,0,0
2025-10-09,INTA,Intraco Penta Tbk.,--U-4100000000C141-E---------X,39,0,42,42,42,3,2935800,123303600,81,29.6,0,0,42,18122800,3343935022,3343935022,948005579,0,0,0,0,0
2025-10-08,INTA,Intraco Penta Tbk.,--U-4100000000C141-E---------X,36,0,39,39,39,3,2190600,85433400,92,27.5,0,0,39,8979000,3343935022,3343935022,948005579,0,0,0,0,0
2025-10-07,INTA,Intraco Penta Tbk.,--U-4100000000C141-E---------X,33,0,36,30,36,3,16067900,506533200,300,25.4,36,2460800,33,1000,3343935022,3343935022,948005579,0,0,0,0,0
2025-10-06,INTA,Intraco Penta Tbk.,--U-4100000000C141-E---------X,36,0,33,33,33,-3,2099200,69273600,112,23.3,33,13192500,0,0,3343935022,3343935022,948005579,0,0,0,0,0
2025-10-03,INTA,Intraco Penta Tbk.,--U-4100000000C141-E---------X,39,0,36,36,36,-3,5733300,206398800,118,25.4,36,11413200,0,0,3343935022,3343935022,948005579,0,0,0,0,0
2025-10-02,INTA,Intraco Penta Tbk.,--U-4100000000C141-E---------X,43,0,39,39,39,-4,5035500,196384500,181,27.5,39,13601300,0,0,3343935022,3343935022,948005579,0,0,0,0,0
2025-10-01,INTA,Intraco Penta Tbk.,--U-4100000000C141-E---------X,47,0,43,43,43,-4,11366300,488750900,261,30.3,43,11072700,0,0,3343935022,3343935022,948005579,0,0,0,0,0
2025-09-30,INTA,Intraco Penta Tbk.,--U-4100000000C141-E---------X,52,0,47,47,47,-5,5314800,249795600,149,33.1,47,9430800,0,0,3343935022,3343935022,948005579,0,0,0,0,0
2025-09-29,INTA,Intraco Penta Tbk.,--U-4100000000C141-E---------X,57,0,52,52,52,-5,6855500,356486000,222,36.7,52,7269800,0,0,3343935022,3343935022,948005579,0,0,0,0,0
2025-09-26,INTA,Intraco Penta Tbk.,--U-4100000000C141-E---------X,52,0,57,57,57,5,6506300,370859100,155,40.2,0,0,57,5958700,3343935022,3343935022,948005579,0,0,0,0,0
2025-09-25,INTA,Intraco Penta Tbk.,--U-4100000000C141-E---------X,48,0,52,52,52,4,11783800,612757600,313,36.7,0,0,52,6311000,3343935022,3343935022,948005579,0,0,0,0,0
2025-09-24,INTA,Intraco Penta Tbk.,--U-4100000000C141-E---------X,44,0,48,48,48,4,2094500,100536000,86,33.8,0,0,48,16724400,3343935022,3343935022,948005579,0,0,0,0,0
2025-09-23,INTA,Intraco Penta Tbk.,--U-4100000000C141-E---------X,40,0,44,44,44,4,2213400,97389600,81,31.0,0,0,44,17495700,3343935022,3343935022,948005579,0,0,0,0,0
2025-09-22,INTA,Intraco Penta Tbk.,--U-4100000000C141-E---------X,37,0,40,40,40,3,5093800,203752000,88,28.2,0,0,40,17416900,3343935022,3343935022,948005579,0,0,0,0,0
2025-09-19,INTA,Intraco Penta Tbk.,--U-4100000000C141-E---------X,34,0,37,37,37,3,549700,20338900,37,26.1,0,0,37,37012100,3343935022,3343935022,948005579,0,0,0,0,0
2025-09-18,INTA,Intraco Penta Tbk.,--U-4100000000C141-E---------X,31,0,34,34,34,3,3746100,127367400,111,24.0,0,0,34,8200300,3343935022,3343935022,948005579,0,0,0,0,0
2025-09-17,INTA,Intraco Penta Tbk.,--U-4100000000C141-E---------X,29,0,31,31,31,2,687200,21303200,42,21.9,0,0,31,11283400,3343935022,3343935022,948005579,0,0,0,0,0
2025-09-16,INTA,Intraco Penta Tbk.,--U-4100000000C141-E---------X,27,0,29,29,29,2,1335800,38738200,51,20.4,0,0,29,14854800,3343935022,3343935022,948005579,0,0,0,0,0
2025-09-15,INTA,Intraco Penta Tbk.,--U-4100000000C141-E---------X,25,0,27,27,27,2,9244600,249604200,176,19.0,0,0,27,9661300,3343935022,3343935022,948005579,0,0,0,0,0
2025-09-12,INTA,Intraco Penta Tbk.,--U-4100000000C141-E---------X,23,0,25,25,25,2,4213000,105325000,180,17.6,0,0,25,1865900,3343935022,3343935022,948005579,0,0,0,0,0
2025-09-11,INTA,Intraco Penta Tbk.,--U-4100000000C141-E---------X,23,0,25,23,23,0,3691600,87500400,161,16.2,24,188800,23,14500,3343935022,3343935022,948005579,0,26000,0,0,0
2025-09-10,INTA,Intraco Penta Tbk.,--U-4100000000C141-E---------X,23,0,23,22,23,0,5807400,130536500,148,16.2,24,731200,23,53100,3343935022,3343935022,948005579,0,0,0,0,0
2025-09-09,INTA,Intraco Penta Tbk.,--U-4100000000C141-E---------X,25,0,24,23,23,-2,8391200,197569500,212,16.2,24,1521500,23,2034900,3343935022,3343935022,948005579,0,0,0,0,0
2025-09-08,INTA,Intraco Penta Tbk.,--U-4100000000C141-E---------X,23,0,25,25,25,2,7887000,197175000,206,17.6,25,626200,24,35600,3343935022,3343935022,948005579,0,0,4100000,94300000,1
2025-09-04,INTA,Intraco Penta Tbk.,--U-4100000000C141-E---------X,21,0,23,22,23,2,14843000,329874600,196,16.2,0,0,23,24800,3343935022,3343935022,948005579,4434100,0,65,1430,1
2025-09-03,INTA,Intraco Penta Tbk.,--U-4100000000C141-E---------X,21,0,21,21,21,0,7411400,155639400,189,14.8,22,4864300,20,706400,3343935022,3343935022,948005579,0,0,0,0,0
2025-09-02,INTA,Intraco Penta Tbk.,--U-4100000000C141-E---------X,22,0,22,20,21,-1,16223800,332115000,320,14.8,22,4523400,21,808200,3343935022,3343935022,948005579,0,0,0,0,0
2025-09-01,INTA,Intraco Penta Tbk.,--U-4100000000C141-E---------X,24,0,22,22,22,-2,3312800,72881600,143,15.5,22,14262300,0,0,3343935022,3343935022,948005579,0,0,0,0,0
2025-08-29,INTA,Intraco Penta Tbk.,--U-4100000000C141-E---------X,26,0,28,24,24,-2,9003600,232379600,183,16.9,24,1160400,0,0,3343935022,3343935022,948005579,0,0,0,0,0
2025-08-28,INTA,Intraco Penta Tbk.,--U-4100000000C141-E---------X,24,0,26,26,26,2,14286800,371456800,129,18.3,0,0,26,8783600,3343935022,3343935022,948005579,0,3000000,0,0,0
2025-08-27,INTA,Intraco Penta Tbk.,--U-4100000000C141-E---------X,22,0,24,24,24,2,3158900,75813600,68,16.9,0,0,24,10837600,3343935022,3343935022,948005579,0,428000,0,0,0
2025-08-26,INTA,Intraco Penta Tbk.,--U-4100000000C141-E---------X,20,0,22,22,22,2,1688200,37140400,46,15.5,0,0,22,9483000,3343935022,3343935022,948005579,0,0,0,0,0
2025-08-25,INTA,Intraco Penta Tbk.,--U-4100000000C141-E---------X,19,0,20,20,20,1,1373400,27468000,44,14.1,0,0,20,10836400,3343935022,3343935022,948005579,0,0,0,0,0
2025-08-22,INTA,Intraco Penta Tbk.,--U-4100000000C141-E---------X,18,0,19,19,19,1,6635800,126080200,130,13.4,0,0,19,10817200,3343935022,3343935022,948005579,0,0,0,0,0
2025-08-21,INTA,Intraco Penta Tbk.,--U-4100000000C141-E---------X,17,0,18,18,18,1,2640600,47530800,61,12.7,0,0,18,6501900,3343935022,3343935022,948005579,0,0,0,0,0
2025-08-20,INTA,Intraco Penta Tbk.,--U-4100000000C141-E---------X,16,0,17,16,17,1,5134800,86959200,87,12.0,0,0,17,3333600,3343935022,3343935022,948005579,0,0,0,0,0
2025-08-19,INTA,Intraco Penta Tbk.,--U-4100000000C141-E---------X,15,0,16,16,16,1,3032400,48518400,90,11.3,16,2080000,15,514800,3343935022,3343935022,948005579,0,0,0,0,0
2025-08-15,INTA,Intraco Penta Tbk.,--U-4100000000C141-E---------X,14,0,15,14,15,1,2861200,41098600,49,10.6,0,0,15,250000,3343935022,3343935022,948005579,0,0,0,0,0
2025-08-14,INTA,Intraco Penta Tbk.,--U-4100000000C141-E---------X,13,0,14,13,14,1,5711800,76661800,55,9.9,0,0,14,1327600,3343935022,3343935022,948005579,0,0,0,0,0
2025-08-13,INTA,Intraco Penta Tbk.,--U-4100000000C141-E---------X,13,0,13,13,13,0,6501200,84515600,73,9.2,13,917000,12,2854000,3343935022,3343935022,948005579,0,0,0,0,0
2025-08-12,INTA,Intraco Penta Tbk.,--U-4100000000C141-E---------X,13,0,13,12,13,0,852000,10226100,29,9.2,13,3803100,12,5673700,3343935022,3343935022,948005579,0,0,0,0,0
2025-08-11,INTA,Intraco Penta Tbk.,--U-4100000000C141-E---------X,13,0,13,13,13,0,700800,9110400,26,9.2,13,4373600,12,2031000,3343935022,3343935022,948005579,0,0,0,0,0
2025-08-08,INTA,Intraco Penta Tbk.,--U-4100000000C141-E---------X,13,0,13,13,13,0,200500,2606500,15,9.2,13,4491600,12,1570600,3343935022,3343935022,948005579,0,0,0,0,0
2025-08-07,INTA,Intraco Penta Tbk.,--U-4100000000C141-E---------X,13,0,13,13,13,0,454900,5913700,28,9.2,13,1873500,12,2323800,3343935022,3343935022,948005579,0,0,0,0,0
2025-08-06,INTA,Intraco Penta Tbk.,--U-4100000000C141-E---------X,12,0,13,13,13,1,5950800,77360400,23,9.2,0,0,13,1803300,3343935022,3343935022,948005579,0,0,0,0,0
2025-08-05,INTA,Intraco Penta Tbk.,--U-4100000000C141-E---------X,13,0,13,12,12,-1,2439400,30664600,50,8.5,13,2329900,12,2647900,3343935022,3343935022,948005579,0,0,0,0,0
2025-08-04,INTA,Intraco Penta Tbk.,--U-4100000000C141-E---------X,14,0,14,13,13,-1,1265000,16825100,39,9.2,13,2682600,0,0,3343935022,3343935022,948005579,0,0,0,0,0
2025-08-01,INTA,Intraco Penta Tbk.,--U-4100000000C141-E---------X,13,0,14,13,14,1,675500,8911000,33,9.9,14,4972400,13,91200,3343935022,3343935022,948005579,0,0,0,0,0
2025-07-31,INTA,Intraco Penta Tbk.,--U-4100000000C141-E---------X,13,0,13,13,13,0,5273700,68558100,49,9.2,14,1235400,13,4793100,3343935022,3343935022,948005579,0,0,0,0,0
2025-07-30,INTA,Intraco Penta Tbk.,--U-4100000000C141-E---------X,12,0,13,12,13,1,4371200,56700600,42,9.2,13,2644900,12,810300,3343935022,3343935022,948005579,0,0,0,0,0
2025-07-29,INTA,Intraco Penta Tbk.,--U-4100000000C141-E---------X,12,0,12,12,12,0,187400,2248800,13,8.5,13,5329300,12,3613100,3343935022,3343935022,948005579,0,0,44107450,529289400,1
2025-07-28,INTA,Intraco Penta Tbk.,--U-4100000000C141-E---------X,13,0,13,12,12,-1,198100,2406000,17,8.5,13,4504600,12,3964100,3343935022,3343935022,948005579,0,0,0,0,0
2025-07-25,INTA,Intraco Penta Tbk.,--U-4100000000C141-E---------X,13,0,13,13,13,0,525700,6834100,15,9.2,13,2004000,12,862500,3343935022,3343935022,948005579,0,0,0,0,0
2025-07-24,INTA,Intraco Penta Tbk.,--U-4100000000C141-E---------X,13,0,13,13,13,0,260800,3390400,13,9.2,13,2733400,12,1352100,3343935022,3343935022,948005579,0,0,0,0,0
2025-07-23,INTA,Intraco Penta Tbk.,--U-4100000000C141-E---------X,12,0,13,12,13,1,2088200,25093700,17,9.2,13,3308600,12,392400,3343935022,3343935022,948005579,0,0,0,0,0
2025-07-22,INTA,Intraco Penta Tbk.,--U-4100000000C141-E---------X,13,0,12,12,12,-1,2928600,35143200,39,8.5,13,1870800,12,982100,3343935022,3343935022,948005579,0,0,0,0,0
2025-07-21,INTA,Intraco Penta Tbk.,--U-4100000000C141-E---------X,13,0,13,13,13,0,414800,5392400,19,9.2,13,2345600,12,1168200,3343935022,3343935022,948005579,0,0,0,0,0
2025-07-18,INTA,Intraco Penta Tbk.,--U-4100000000C141-E---------X,12,0,13,12,13,1,1974600,24169800,44,9.2,13,2171500,12,1000700,3343935022,3343935022,948005579,0,0,0,0,0
2025-07-17,INTA,Intraco Penta Tbk.,--U-4100000000C141-E---------X,13,0,13,12,12,-1,105600,1371800,11,8.5,13,1895900,12,550600,3343935022,3343935022,948005579,0,0,800000,10400000,1
2025-07-16,INTA,Intraco Penta Tbk.,--U-4100000000C141-E---------X,13,0,13,13,13,0,3098400,40279200,27,9.2,13,833400,12,338400,3343935022,3343935022,948005579,0,0,0,0,0
2025-07-15,INTA,Intraco Penta Tbk.,--U-4100000000C141-E---------X,13,0,13,13,13,0,1087400,14136200,31,9.2,14,1138100,13,2522300,3343935022,3343935022,948005579,250000,0,0,0,0
2025-07-14,INTA,Intraco Penta Tbk.,--U-4100000000C141-E---------X,12,0,13,12,13,1,6249100,78952000,77,9.2,0,0,13,550000,3343935022,3343935022,948005579,0,0,0,0,0
2025-07-11,INTA,Intraco Penta Tbk.,--U-4100000000C141-E---------X,12,0,12,11,12,0,391500,4324500,17,8.5,12,1661200,11,1112000,3343935022,3343935022,948005579,0,0,0,0,0
2025-07-10,INTA,Intraco Penta Tbk.,--U-4100000000C141-E---------X,12,0,12,11,12,0,1573700,17363400,30,8.5,12,1989500,11,1501000,3343935022,3343935022,948005579,0,0,0,0,0
2025-07-09,INTA,Intraco Penta Tbk.,--U-4100000000C141-E---------X,12,0,12,12,12,0,29000,348000,11,8.5,12,519500,11,1209300,3343935022,3343935022,948005579,0,0,100,1200,1
2025-07-08,INTA,Intraco Penta Tbk.,--U-4100000000C141-E---------X,12,0,12,12,12,0,12300,147600,6,8.5,12,1494900,11,1287000,3343935022,3343935022,948005579,0,0,0,0,0
2025-07-07,INTA,Intraco Penta Tbk.,--U-4100000000C141-E---------X,12,0,12,11,12,0,213500,2561300,13,8.5,12,1483600,11,1501900,3343935022,3343935022,948005579,0,0,0,0,0
2025-07-04,INTA,Intraco Penta Tbk.,--U-4100000000C141-E---------X,12,0,12,12,12,0,948400,11380800,33,8.5,13,888900,12,16500,3343935022,3343935022,948005579,0,0,0,0,0
2025-07-03,INTA,Intraco Penta Tbk.,--U-4100000000C141-E---------X,12,0,12,12,12,0,209900,2518800,10,8.5,12,656300,11,76600,3343935022,3343935022,948005579,0,0,0,0,0
2025-07-02,INTA,Intraco Penta Tbk.,--U-4100000000C141-E---------X,11,0,12,11,12,1,50900,561100,11,8.5,12,1306300,11,181500,3343935022,3343935022,948005579,0,0,0,0,0
2025-07-01,INTA,Intraco Penta Tbk.,--U-4100000000C141-E---------X,11,0,11,11,11,0,175300,1928300,21,7.8,11,7300,10,3786400,3343935022,3343935022,948005579,0,0,0,0,0
2025-06-30,INTA,Intraco Penta Tbk.,--U-4100000000C141-E---------X,11,0,11,11,11,0,977400,10751400,24,7.8,11,769200,10,3242400,3343935022,3343935022,948005579,0,0,0,0,0
2025-06-26,INTA,Intraco Penta Tbk.,--U-4100000000C141-E---------X,11,0,11,10,11,0,2206300,22496700,45,7.8,11,2051200,10,5151600,3343935022,3343935022,948005579,0,0,0,0,0
2025-06-25,INTA,Intraco Penta Tbk.,--U-4100000000C141-E---------X,12,0,12,11,11,-1,2217700,24426200,43,7.8,11,114900,0,0,3343935022,3343935022,948005579,0,0,0,0,0
2025-06-24,INTA,Intraco Penta Tbk.,--U-4100000000C141-E---------X,12,0,12,12,12,0,267300,3207600,18,8.5,12,57600,11,1366900,3343935022,3343935022,948005579,0,0,0,0,0
2025-06-23,INTA,Intraco Penta Tbk.,--U-4100000000C141-E---------X,12,0,12,12,12,0,735400,8824800,11,8.5,12,674900,11,1151600,3343935022,3343935022,948005579,0,0,0,0,0
2025-06-20,INTA,Intraco Penta Tbk.,--U-4100000000C141-E---------X,12,0,12,12,12,0,434400,5212800,27,8.5,13,473000,12,21000,3343935022,3343935022,948005579,0,0,0,0,0
2025-06-19,INTA,Intraco Penta Tbk.,--U-4100000000C141-E---------X,12,0,12,12,12,0,134500,1614000,14,8.5,12,442200,11,938100,3343935022,3343935022,948005579,0,0,0,0,0
2025-06-18,INTA,Intraco Penta Tbk.,--U-4100000000C141-E---------X,12,0,12,12,12,0,168300,2019600,10,8.5,13,1442100,12,638300,3343935022,3343935022,948005579,0,0,0,0,0
2025-06-17,INTA,Intraco Penta Tbk.,--U-4100000000C141-E---------X,12,0,12,12,12,0,2732200,32786400,39,8.5,13,990400,11,2992200,3343935022,3343935022,948005579,0,0,0,0,0
2025-06-16,INTA,Intraco Penta Tbk.,--U-4100000000C141-E---------X,12,0,12,12,12,0,2540200,30482400,46,8.5,12,2204000,11,2072100,3343935022,3343935022,948005579,0,0,0,0,0
2025-06-13,INTA,Intraco Penta Tbk.,--U-4100000000C141-E---------X,12,0,12,12,12,0,181100,2173200,15,8.5,13,1413900,12,1148800,3343935022,3343935022,948005579,0,0,0,0,0
2025-06-12,INTA,Intraco Penta Tbk.,--U-4100000000C141-E---------X,12,0,13,12,12,0,1147100,13791400,34,8.5,13,338000,12,174200,3343935022,3343935022,948005579,0,0,0,0,0
2025-06-11,INTA,Intraco Penta Tbk.,--U-4100000000C141-E---------X,13,0,13,12,12,-1,98100,1269300,17,8.5,13,1322300,12,903500,3343935022,3343935022,948005579,0,0,0,0,0
2025-06-10,INTA,Intraco Penta Tbk.,--U-4100000000C141-E---------X,13,0,13,13,13,0,118600,1541800,22,9.2,13,211800,12,1235500,3343935022,3343935022,948005579,0,0,0,0,0
2025-06-05,INTA,Intraco Penta Tbk.,--U-4100000000C141-E---------X,12,0,13,13,13,1,132700,1725100,19,9.2,13,1344200,12,642400,3343935022,3343935022,948005579,0,0,0,0,0
2025-06-04,INTA,Intraco Penta Tbk.,--U-4100000000C141-E---------X,13,0,13,12,12,-1,300800,3622800,26,8.5,13,471600,12,878900,3343935022,3343935022,948005579,0,0,0,0,0
2025-06-03,INTA,Intraco Penta Tbk.,--U-4100000000C141-E---------X,13,0,13,13,13,0,76200,990600,20,9.2,13,2317100,12,469400,3343935022,3343935022,948005579,0,0,0,0,0
2025-06-02,INTA,Intraco Penta Tbk.,--U-4100000000C141-E---------X,14,0,13,13,13,-1,336500,4374500,25,9.2,13,3024000,0,0,3343935022,3343935022,948005579,0,0,0,0,0
2025-05-28,INTA,Intraco Penta Tbk.,--U-4100000000C141-E---------X,13,0,14,13,14,1,312100,4221900,23,9.9,14,1282800,13,814400,3343935022,3343935022,948005579,0,0,0,0,0
2025-05-27,INTA,Intraco Penta Tbk.,--U-4100000000C141-E---------X,14,0,14,13,13,-1,911400,12178500,35,9.2,14,1325100,13,171300,3343935022,3343935022,948005579,0,0,0,0,0
2025-05-26,INTA,Intraco Penta Tbk.,--U-4100000000C141-E---------X,14,0,14,14,14,0,489600,6854400,28,9.9,14,1037400,13,626000,3343935022,3343935022,948005579,0,0,0,0,0
2025-05-23,INTA,Intraco Penta Tbk.,--U-4100000000C141-E---------X,15,0,15,14,14,-1,3146300,44384500,68,9.9,14,1082000,0,0,3343935022,3343935022,948005579,0,0,0,0,0
2025-05-22,INTA,Intraco Penta Tbk.,--U-4100000000C141-E---------X,15,0,15,15,15,0,1479700,22195500,64,10.6,16,1234600,15,2900,3343935022,3343935022,948005579,0,0,0,0,0
2025-05-21,INTA,Intraco Penta Tbk.,--U-4100000000C141-E---------X,14,0,15,14,15,1,1363300,20284900,59,10.6,0,0,15,300700,3343935022,3343935022,948005579,0,0,0,0,0
2025-05-20,INTA,Intraco Penta Tbk.,--U-4100000000C141-E---------X,13,0,14,13,14,1,5327700,70252500,112,9.9,0,0,14,2712700,3343935022,3343935022,948005579,0,0,0,0,0
2025-05-19,INTA,Intraco Penta Tbk.,--U-4100000000C141-E---------X,12,0,13,12,13,1,887900,10677900,44,9.2,13,4166600,12,108500,3343935022,3343935022,948005579,0,0,0,0,0
2025-05-16,INTA,Intraco Penta Tbk.,--U-4100000000C141-E---------X,12,0,12,12,12,0,1612400,19348800,26,8.5,12,3906300,11,733000,3343935022,3343935022,948005579,0,0,0,0,0
2025-05-15,INTA,Intraco Penta Tbk.,--U-4100000000C141-E---------X,11,0,12,12,12,1,1406600,16879200,37,8.5,12,2350200,11,215300,3343935022,3343935022,948005579,0,0,0,0,0
2025-05-14,INTA,Intraco Penta Tbk.,--U-4100000000C141-E---------X,11,0,11,11,11,0,337000,3707000,33,7.8,11,1215900,10,3803700,3343935022,3343935022,948005579,0,0,0,0,0
2025-05-09,INTA,Intraco Penta Tbk.,--U-4100000000C141-E---------X,11,0,11,11,11,0,84500,929500,19,7.8,12,648700,11,105300,3343935022,3343935022,948005579,0,0,0,0,0
2025-05-08,INTA,Intraco Penta Tbk.,--U-4100000000C141-E---------X,11,0,12,11,11,0,469600,5228400,28,7.8,12,6570000,11,26000,3343935022,3343935022,948005579,0,0,0,0,0
2025-05-07,INTA,Intraco Penta Tbk.,--U-4100000000C141-E---------X,11,0,11,11,11,0,3498700,38485700,26,7.8,11,3267900,10,2438000,3343935022,3343935022,948005579,0,0,0,0,0
2025-05-06,INTA,Intraco Penta Tbk.,--U-4100000000C141-E---------X,12,0,12,11,11,-1,3166000,36229500,57,7.8,12,7037200,11,6500,3343935022,3343935022,948005579,0,0,0,0,0
2025-05-05,INTA,Intraco Penta Tbk.,--U-4100000000C141-E---------X,12,0,12,12,12,0,35600,427200,9,8.5,12,181600,11,3009100,3343935022,3343935022,948005579,0,0,0,0,0
2025-05-02,INTA,Intraco Penta Tbk.,--U-4100000000C141-E---------X,12,0,12,12,12,0,347100,4165200,12,8.5,12,5104700,11,893100,3343935022,3343935022,948005579,0,0,0,0,0
2025-04-30,INTA,Intraco Penta Tbk.,--U-4100000000C141-E---------X,12,0,12,12,12,0,56500,678000,15,8.5,12,139400,11,832900,3343935022,3343935022,948005579,0,0,0,0,0
2025-04-29,INTA,Intraco Penta Tbk.,--U-4100000000C141-E---------X,12,0,12,11,12,0,278500,3101900,17,8.5,12,129200,11,2669000,3343935022,3343935022,948005579,0,0,0,0,0
2025-04-28,INTA,Intraco Penta Tbk.,--U-4100000000C141-E---------X,12,0,12,11,12,0,603500,7005700,18,8.5,12,5442500,11,813000,3343935022,3343935022,948005579,0,0,0,0,0
2025-04-25,INTA,Intraco Penta Tbk.,--U-4100000000C141-E---------X,12,0,12,12,12,0,258000,3096000,10,8.5,12,5195700,11,707700,3343935022,3343935022,948005579,0,0,0,0,0
2025-04-24,INTA,Intraco Penta Tbk.,--U-4100000000C141-E---------X,11,0,12,11,12,1,265600,3119000,17,8.5,12,219900,11,583600,3343935022,3343935022,948005579,0,0,0,0,0
2025-04-23,INTA,Intraco Penta Tbk.,--U-4100000000C141-E---------X,11,0,11,11,11,0,590300,6493300,10,7.8,12,920200,11,652800,3343935022,3343935022,948005579,0,0,0,0,0
2025-04-22,INTA,Intraco Penta Tbk.,--U-4100000000C141-E---------X,12,0,12,11,11,-1,141100,1652600,13,7.8,12,759800,11,2241600,3343935022,3343935022,948005579,0,0,0,0,0
2025-04-21,INTA,Intraco Penta Tbk.,--U-4100000000C141-E---------X,12,0,12,12,12,0,324600,3895200,12,8.5,12,1145200,11,775000,3343935022,3343935022,948005579,0,0,0,0,0
2025-04-17,INTA,Intraco Penta Tbk.,--U-4100000000C141-E---------X,12,0,12,12,12,0,14500,174000,5,8.5,12,6451600,11,2223000,3343935022,3343935022,948005579,0,0,0,0,0
2025-04-16,INTA,Intraco Penta Tbk.,--U-4100000000C141-E---------X,12,0,12,12,12,0,86600,1039200,8,8.5,12,1572200,11,1894000,3343935022,3343935022,948005579,0,0,0,0,0
2025-04-15,INTA,Intraco Penta Tbk.,--U-4100000000C141-E---------X,12,0,12,12,12,0,454700,5456400,13,8.5,12,1098500,11,2628400,3343935022,3343935022,948005579,0,0,0,0,0
2025-04-14,INTA,Intraco Penta Tbk.,--U-4100000000C141-E---------X,11,0,12,11,12,1,1016800,11779400,32,8.5,12,6250500,11,267600,3343935022,3343935022,948005579,0,0,0,0,0
2025-04-11,INTA,Intraco Penta Tbk.,--U-4100000000C141-E---------X,10,0,11,10,11,1,418200,4299100,16,7.8,11,513200,10,10377900,3343935022,3343935022,948005579,0,0,0,0,0
2025-04-10,INTA,Intraco Penta Tbk.,--U-4100000000C141-E---------X,10,0,10,10,10,0,487300,4873000,27,7.0,10,4891700,9,1606900,3343935022,3343935022,948005579,0,0,0,0,0
2025-04-09,INTA,Intraco Penta Tbk.,--U-4100000000C141-E---------X,11,0,10,10,10,-1,1109900,11099000,32,7.0,11,275800,10,100,3343935022,3343935022,948005579,0,0,0,0,0
2025-04-08,INTA,Intraco Penta Tbk.,--U-4100000000C141-E---------X,12,0,11,11,11,-1,494100,5435100,15,7.8,11,140000,0,0,3343935022,3343935022,948005579,0,0,0,0,0
2025-03-27,INTA,Intraco Penta Tbk.,--U-4100000000C141-E---------X,11,0,12,11,12,1,1109900,13219700,48,8.5,12,6033800,11,738300,3343935022,3343935022,948005579,0,0,0,0,0
2025-03-26,INTA,Intraco Penta Tbk.,--U-4100000000C141-E---------X,11,0,12,11,11,0,1069600,12056200,43,7.8,12,5533100,10,640700,3343935022,3343935022,948005579,0,0,0,0,0
2025-03-25,INTA,Intraco Penta Tbk.,--U-4100000000C141-E---------X,11,0,11,11,11,0,13400,147400,6,7.8,12,702000,11,17400,3343935022,3343935022,948005579,0,0,78253950,38413668150,2
2025-03-24,INTA,Intraco Penta Tbk.,--U-4100000000C141-E---------X,12,0,12,11,11,-1,64800,714600,16,7.8,12,1148900,11,7300,3343935022,3343935022,948005579,0,0,0,0,0
2025-03-21,INTA,Intraco Penta Tbk.,--U-4100000000C141-E---------X,11,0,12,11,12,1,395500,4740500,16,8.5,12,6479800,11,107600,3343935022,3343935022,948005579,0,0,0,0,0
2025-03-20,INTA,Intraco Penta Tbk.,--U-4100000000C141-E---------X,11,0,11,11,11,0,312400,3436400,7,7.8,11,158600,10,288800,3343935022,3343935022,948005579,0,0,0,0,0
2025-03-19,INTA,Intraco Penta Tbk.,--U-4100000000C141-E---------X,11,0,11,11,11,0,229500,2524500,11,7.8,11,149000,10,243100,3343935022,3343935022,948005579,0,0,0,0,0
2025-03-18,INTA,Intraco Penta Tbk.,--U-4100000000C141-E---------X,11,0,11,11,11,0,235200,2587200,13,7.8,12,391800,10,341100,3343935022,3343935022,948005579,0,0,0,0,0
2025-03-17,INTA,Intraco Penta Tbk.,--U-4100000000C141-E---------X,11,0,11,11,11,0,99900,1098900,10,7.8,11,177500,10,446500,3343935022,3343935022,948005579,0,0,0,0,0
2025-03-14,INTA,Intraco Penta Tbk.,--U-4100000000C141-E---------X,11,0,11,11,11,0,878800,9666800,28,7.8,12,1319200,11,76900,3343935022,3343935022,948005579,0,0,0,0,0
2025-03-13,INTA,Intraco Penta Tbk.,--U-4100000000C141-E---------X,11,0,11,11,11,0,591200,6503200,11,7.8,11,100800,10,905900,3343935022,3343935022,948005579,0,0,0,0,0
2025-03-12,INTA,Intraco Penta Tbk.,--U-4100000000C141-E---------X,11,0,11,10,11,0,212000,2232000,22,7.8,11,4918600,10,1771300,3343935022,3343935022,948005579,0,0,0,0,0
2025-03-11,INTA,Intraco Penta Tbk.,--U-4100000000C141-E---------X,11,0,11,11,11,0,1526000,16786000,14,7.8,11,6320400,10,696200,3343935022,3343935022,948005579,0,0,0,0,0
2025-03-10,INTA,Intraco Penta Tbk.,--U-4100000000C141-E---------X,11,0,11,11,11,0,108100,1189100,5,7.8,11,1567700,10,764100,3343935022,3343935022,948005579,0,0,0,0,0
2025-03-07,INTA,Intraco Penta Tbk.,--U-4100000000C141-E---------X,11,0,11,11,11,0,168300,1851300,10,7.8,11,6132100,10,872800,3343935022,3343935022,948005579,0,0,0,0,0
2025-03-06,INTA,Intraco Penta Tbk.,--U-4100000000C141-E---------X,11,0,11,11,11,0,1022700,11249700,15,7.8,11,6566100,10,3398300,3343935022,3343935022,948005579,0,0,0,0,0
2025-03-05,INTA,Intraco Penta Tbk.,--U-4100000000C141-E---------X,11,0,11,11,11,0,119400,1313400,14,7.8,11,6703000,10,719800,3343935022,3343935022,948005579,0,0,0,0,0
2025-03-04,INTA,Intraco Penta Tbk.,--U-4100000000C141-E---------X,11,0,11,10,11,0,122600,1346800,10,7.8,11,1710300,10,1857500,3343935022,3343935022,948005579,0,0,0,0,0
2025-03-03,INTA,Intraco Penta Tbk.,--U-4100000000C141-E---------X,11,0,11,10,11,0,82600,907500,10,7.8,11,1267400,10,5596500,3343935022,3343935022,948005579,0,0,0,0,0
2025-02-28,INTA,Intraco Penta Tbk.,--U-4100000000C141-E---------X,11,0,11,11,11,0,508400,5592400,7,7.8,11,5868000,10,267900,3343935022,3343935022,948005579,0,0,0,0,0
2025-02-27,INTA,Intraco Penta Tbk.,--U-4100000000C141-E---------X,11,0,11,11,11,0,491600,5407600,12,7.8,11,5958600,10,456100,3343935022,3343935022,948005579,0,0,0,0,0
2025-02-26,INTA,Intraco Penta Tbk.,--U-4100000000C141-E---------X,11,0,11,11,11,0,597300,6570300,12,7.8,11,6258800,10,1388900,3343935022,3343935022,948005579,0,0,0,0,0
2025-02-25,INTA,Intraco Penta Tbk.,--U-4100000000C141-E---------X,11,0,11,11,11,0,246500,2711500,23,7.8,11,155100,10,753800,3343935022,3343935022,948005579,0,0,0,0,0
2025-02-24,INTA,Intraco Penta Tbk.,--U-4100000000C141-E---------X,11,0,11,11,11,0,53600,589600,10,7.8,12,359000,11,5132600,3343935022,3343935022,948005579,0,0,0,0,0
2025-02-21,INTA,Intraco Penta Tbk.,--U-4100000000C141-E---------X,12,0,11,11,11,-1,290400,3194400,17,7.8,12,1082200,11,1052500,3343935022,3343935022,948005579,0,0,0,0,0
2025-02-20,INTA,Intraco Penta Tbk.,--U-4100000000C141-E---------X,12,0,12,12,12,0,158100,1897200,10,8.5,12,8112000,11,108500,3343935022,3343935022,948005579,0,0,0,0,0
2025-02-19,INTA,Intraco Penta Tbk.,--U-4100000000C141-E---------X,11,0,12,12,12,1,100700,1208400,9,8.5,12,1806400,11,5242500,3343935022,3343935022,948005579,0,0,0,0,0
2025-02-18,INTA,Intraco Penta Tbk.,--U-4100000000C141-E---------X,11,0,11,11,11,0,409400,4503400,20,7.8,12,648900,11,4932500,3343935022,3343935022,948005579,0,0,0,0,0
2025-02-17,INTA,Intraco Penta Tbk.,--U-4100000000C141-E---------X,12,0,12,11,11,-1,235600,2598100,20,7.8,12,537900,11,8735300,3343935022,3343935022,948005579,0,0,0,0,0
2025-02-14,INTA,Intraco Penta Tbk.,--U-4100000000C141-E---------X,12,0,12,12,12,0,72900,874800,10,8.5,12,475800,11,354000,3343935022,3343935022,948005579,0,0,0,0,0
2025-02-13,INTA,Intraco Penta Tbk.,--U-4100000000C141-E---------X,12,0,12,12,12,0,79200,950400,10,8.5,12,429800,11,7904600,3343935022,3343935022,948005579,0,0,0,0,0
2025-02-12,INTA,Intraco Penta Tbk.,--U-4100000000C141-E---------X,12,0,12,12,12,0,516700,6200400,19,8.5,12,143400,11,1814000,3343935022,3343935022,948005579,0,0,0,0,0
2025-02-11,INTA,Intraco Penta Tbk.,--U-4100000000C141-E---------X,12,0,12,11,12,0,736000,8145700,14,8.5,12,477800,11,106200,3343935022,3343935022,948005579,0,0,0,0,0
2025-02-10,INTA,Intraco Penta Tbk.,--U-4100000000C141-E---------X,11,0,12,10,12,1,4392500,44097300,34,8.5,12,377200,11,5092600,3343935022,3343935022,948005579,0,0,0,0,0
2025-02-07,INTA,Intraco Penta Tbk.,--U-4100000000C141-E---------X,12,0,13,11,11,-1,1664800,18612800,43,7.8,13,622000,11,3004400,3343935022,3343935022,948005579,0,0,0,0,0
2025-02-06,INTA,Intraco Penta Tbk.,--U-4100000000C141-E---------X,12,0,12,12,12,0,306900,3682800,12,8.5,13,598500,12,152000,3343935022,3343935022,948005579,0,0,0,0,0
2025-02-05,INTA,Intraco Penta Tbk.,--U-4100000000C141-E---------X,13,0,12,12,12,-1,1034900,12418800,55,8.5,13,85500,12,2800,3343935022,3343935022,948005579,0,0,0,0,0
2025-02-04,INTA,Intraco Penta Tbk.,--U-4100000000C141-E---------X,13,0,13,13,13,0,25900,336700,10,9.2,13,25000,12,646500,3343935022,3343935022,948005579,0,0,0,0,0
2025-02-03,INTA,Intraco Penta Tbk.,--U-4100000000C141-E---------X,13,0,13,13,13,0,332700,4325100,17,9.2,13,710500,12,588400,3343935022,3343935022,948005579,0,0,0,0,0
2025-01-31,INTA,Intraco Penta Tbk.,--U-4100000000C141-E---------X,13,0,13,13,13,0,322300,4189900,16,9.2,14,852800,13,94200,3343935022,3343935022,948005579,0,0,45570400,16131921600,1
2025-01-30,INTA,Intraco Penta Tbk.,--U-4100000000C141-E---------X,14,0,14,13,13,-1,167200,2201400,11,9.2,14,971000,13,71400,3343935022,3343935022,948005579,0,0,0,0,0
2025-01-24,INTA,Intraco Penta Tbk.,--U-4100000000C141-E---------X,14,0,14,14,14,0,116100,1625400,20,9.9,14,7740200,13,272500,3343935022,3343935022,948005579,0,0,0,0,0
2025-01-23,INTA,Intraco Penta Tbk.,--U-4100000000C141-E---------X,13,0,14,13,14,1,113600,1488700,15,9.9,14,874200,13,27900,3343935022,3343935022,948005579,0,0,0,0,0
2025-01-22,INTA,Intraco Penta Tbk.,--U-4100000000C141-E---------X,13,0,13,13,13,0,597700,7770100,14,9.2,13,451000,12,746200,3343935022,3343935022,948005579,0,0,0,0,0
2025-01-21,INTA,Intraco Penta Tbk.,--U-4100000000C141-E---------X,13,0,13,13,13,0,450300,5853900,30,9.2,13,6878500,12,371800,3343935022,3343935022,948005579,0,0,0,0,0
2025-01-20,INTA,Intraco Penta Tbk.,--U-4100000000C141-E---------X,13,0,13,13,13,0,751300,9766900,36,9.2,13,16000,12,593200,3343935022,3343935022,948005579,0,0,0,0,0
2025-01-17,INTA,Intraco Penta Tbk.,--U-4100000000C141-E---------X,13,0,13,13,13,0,1047600,13618800,23,9.2,13,307700,12,1095700,3343935022,3343935022,948005579,0,0,0,0,0
2025-01-16,INTA,Intraco Penta Tbk.,--U-4100000000C141-E---------X,14,0,13,13,13,-1,1684300,21895900,47,9.2,14,1272600,13,1800,3343935022,3343935022,948005579,0,0,0,0,0
2025-01-15,INTA,Intraco Penta Tbk.,--U-4100000000C141-E---------X,15,0,15,14,14,-1,1439000,21034700,50,9.9,14,627400,0,0,3343935022,3343935022,948005579,0,0,0,0,0
2025-01-14,INTA,Intraco Penta Tbk.,--U-4100000000C141-E---------X,14,0,15,15,15,1,2009500,30142500,51,10.6,15,161095200,14,135300,3343935022,3343935022,948005579,0,0,0,0,0
2025-01-13,INTA,Intraco Penta Tbk.,--U-4100000000C141-E---------X,13,0,14,14,14,1,643500,9009000,22,9.9,0,0,14,2325800,3343935022,3343935022,948005579,0,0,0,0,0
2025-01-10,INTA,Intraco Penta Tbk.,--U-4100000000C141-E---------X,13,0,13,12,13,0,3755400,46523500,74,9.2,13,6700,12,1290500,3343935022,3343935022,948005579,0,0,0,0,0
2025-01-09,INTA,Intraco Penta Tbk.,--U-4100000000C141-E---------X,14,0,13,13,13,-1,2160700,28089100,62,9.2,13,3782100,0,0,3343935022,3343935022,948005579,0,0,0,0,0
2025-01-08,INTA,Intraco Penta Tbk.,--U-4100000000C141-E---------X,15,0,14,14,14,-1,642600,8996400,30,9.9,14,3713900,0,0,3343935022,3343935022,948005579,0,0,0,0,0
2025-01-07,INTA,Intraco Penta Tbk.,--U-4100000000C141-E---------X,14,0,15,15,15,1,5414900,81223500,81,10.6,15,160803800,14,20800,3343935022,3343935022,948005579,0,0,0,0,0
2025-01-06,INTA,Intraco Penta Tbk.,--U-4100000000C141-E---------X,13,0,14,14,14,1,950000,13300000,40,9.9,14,22700,13,379400,3343935022,3343935022,948005579,0,0,0,0,0
2025-01-03,INTA,Intraco Penta Tbk.,--U-4100000000C141-E---------X,12,0,13,13,13,1,3365900,43756700,39,9.2,0,0,13,2399800,3343935022,3343935022,948005579,0,0,0,0,0
2025-01-02,INTA,Intraco Penta Tbk.,--U-4100000000C141-E---------X,12,0,13,12,12,0,1220100,15761300,26,8.5,13,2092100,12,229300,3343935022,3343935022,948005579,0,0,0,0,0
2024-12-30,INTA,Intraco Penta Tbk.,--U-4100000000C141-E---------X,12,0,12,12,12,0,204200,2450400,15,8.5,13,2389900,12,783300,3343935022,3343935022,1203482214,0,0,0,0,0
2024-12-27,INTA,Intraco Penta Tbk.,--U-4100000000C141-E---------X,13,0,13,12,12,-1,80100,964600,11,8.5,13,3342800,12,294500,3343935022,3343935022,1203482214,0,0,0,0,0
2024-12-24,INTA,Intraco Penta Tbk.,--U-4100000000C141-E---------X,13,0,13,13,13,0,296700,3857100,13,9.2,13,3498100,12,462800,3343935022,3343935022,1203482214,0,0,0,0,0
2024-12-23,INTA,Intraco Penta Tbk.,--U-4100000000C141-E---------X,13,0,13,12,13,0,281100,3395200,20,9.2,13,3925100,12,73900,3343935022,3343935022,1203482214,0,0,0,0,0
2024-12-20,INTA,Intraco Penta Tbk.,--U-4100000000C141-E---------X,12,0,13,12,13,1,2725800,34463600,35,9.2,13,527200,12,128600,3343935022,3343935022,1203482214,0,0,0,0,0
2024-12-19,INTA,Intraco Penta Tbk.,--U-4100000000C141-E---------X,12,0,12,12,12,0,189000,2268000,7,8.5,12,1190400,11,19963200,3343935022,3343935022,1203482214,0,0,0,0,0
2024-12-18,INTA,Intraco Penta Tbk.,--U-4100000000C141-E---------X,12,0,12,12,12,0,445100,5341200,22,8.5,12,301700,11,5943500,3343935022,3343935022,1203482214,0,0,0,0,0
2024-12-17,INTA,Intraco Penta Tbk.,--U-4100000000C141-E---------X,12,0,12,11,12,0,222900,2511200,12,8.5,12,226100,11,10048800,3343935022,3343935022,1203482214,0,0,0,0,0
2024-12-16,INTA,Intraco Penta Tbk.,--U-4100000000C141-E---------X,12,0,12,11,12,0,1053500,11591500,17,8.5,12,140400,11,30925100,3343935022,3343935022,1203482214,0,0,0,0,0
2024-12-13,INTA,Intraco Penta Tbk.,--U-4100000000C141-E---------X,13,0,14,12,12,-1,3533500,47432300,66,8.5,12,750000,0,0,3343935022,3343935022,1203482214,0,0,0,0,0
2024-12-12,INTA,Intraco Penta Tbk.,--U-4100000000C141-E---------X,12,0,13,13,13,1,2025000,26325000,39,9.2,0,0,13,50000000,3343935022,3343935022,1203482214,0,0,0,0,0
2024-12-11,INTA,Intraco Penta Tbk.,--U-4100000000C141-E---------X,12,0,12,12,12,0,1576900,18922800,22,8.5,12,19600,11,5372600,3343935022,3343935022,1203482214,0,0,0,0,0
2024-12-10,INTA,Intraco Penta Tbk.,--U-4100000000C141-E---------X,11,0,12,11,12,1,1238700,13983400,22,8.5,12,34700,11,602300,3343935022,3343935022,1203482214,0,0,0,0,0
2024-12-09,INTA,Intraco Penta Tbk.,--U-4100000000C141-E---------X,12,0,12,11,11,-1,1545900,17064900,51,7.8,12,1139200,11,440200,3343935022,3343935022,1203482214,0,0,0,0,0
2024-12-06,INTA,Intraco Penta Tbk.,--U-4100000000C141-E---------X,12,0,12,12,12,0,1501600,18019200,22,8.5,13,495600,12,98900,3343935022,3343935022,1203482214,0,0,0,0,0
2024-12-05,INTA,Intraco Penta Tbk.,--U-4100000000C141-E---------X,12,0,12,12,12,0,119000,1428000,10,8.5,12,1031400,11,425800,3343935022,3343935022,1203482214,0,0,0,0,0
2024-12-04,INTA,Intraco Penta Tbk.,--U-4100000000C141-E---------X,12,0,12,12,12,0,5101400,61216800,19,8.5,13,852800,12,51700,3343935022,3343935022,1203482214,0,0,0,0,0
2024-12-03,INTA,Intraco Penta Tbk.,--U-4100000000C141-E---------X,12,0,12,12,12,0,72200,866400,15,8.5,12,349300,11,9629600,3343935022,3343935022,1203482214,0,0,0,0,0
2024-12-02,INTA,Intraco Penta Tbk.,--U-4100000000C141-E---------X,11,0,12,11,12,1,89200,991200,9,8.5,12,563000,11,442300,3343935022,3343935022,1203482214,0,0,0,0,0
2024-11-29,INTA,Intraco Penta Tbk.,--U-4100000000C141-E---------X,11,0,11,11,11,0,285500,3140500,25,7.8,12,380700,11,500000,3343935022,3343935022,1203482214,0,0,0,0,0
2024-11-28,INTA,Intraco Penta Tbk.,--U-4100000000C141-E---------X,12,0,12,11,11,-1,107400,1275800,13,7.8,13,377100,11,194700,3343935022,3343935022,1203482214,0,0,0,0,0
2024-11-26,INTA,Intraco Penta Tbk.,--U-4100000000C141-E---------X,12,0,12,12,12,0,99600,1195200,16,8.5,13,412100,12,13000,3343935022,3343935022,1203482214,0,0,0,0,0
2024-11-25,INTA,Intraco Penta Tbk.,--U-4100000000C141-E---------X,13,0,13,12,12,-1,1607500,20893500,13,8.5,13,314600,12,35900,3343935022,3343935022,1203482214,0,0,0,0,0
2024-11-22,INTA,Intraco Penta Tbk.,--U-4100000000C141-E---------X,13,0,13,13,13,0,79600,1034800,11,9.2,13,2028700,12,40000,3343935022,3343935022,1203482214,0,0,0,0,0
2024-11-21,INTA,Intraco Penta Tbk.,--U-4100000000C141-E---------X,13,0,13,13,13,0,103300,1342900,13,9.2,13,1947100,12,131100,3343935022,3343935022,1203482214,0,0,0,0,0
2024-11-20,INTA,Intraco Penta Tbk.,--U-4100000000C141-E---------X,13,0,13,13,13,0,172400,2241200,13,9.2,13,2013700,12,1031100,3343935022,3343935022,1203482214,0,0,0,0,0
2024-11-19,INTA,Intraco Penta Tbk.,--U-4100000000C141-E---------X,12,0,13,12,13,1,27000,333600,10,9.2,13,2239700,12,89900,3343935022,3343935022,1203482214,0,0,0,0,0
2024-11-18,INTA,Intraco Penta Tbk.,--U-4100000000C141-E---------X,12,0,13,12,12,0,120700,1531200,11,8.5,13,2897000,12,142700,3343935022,3343935022,1203482214,0,0,0,0,0
2024-11-15,INTA,Intraco Penta Tbk.,--U-4100000000C141-E---------X,12,0,12,12,12,0,1620500,19446000,26,8.5,12,7313300,11,138500,3343935022,3343935022,1203482214,0,0,0,0,0
2024-11-14,INTA,Intraco Penta Tbk.,--U-4100000000C141-E---------X,12,0,12,11,12,0,10300,113600,3,8.5,12,324900,11,147000,3343935022,3343935022,1203482214,0,0,0,0,0
2024-11-13,INTA,Intraco Penta Tbk.,--U-4100000000C141-E---------X,11,0,12,11,12,1,1020000,11340000,10,8.5,12,290700,11,1759500,3343935022,3343935022,1203482214,0,0,3000,33000,1
2024-11-12,INTA,Intraco Penta Tbk.,--U-4100000000C141-E---------X,11,0,12,11,11,0,620100,6826600,28,7.8,0,0,11,3500,3343935022,3343935022,1203482214,0,0,0,0,0
2024-11-11,INTA,Intraco Penta Tbk.,--U-4100000000C141-E---------X,12,0,12,11,11,-1,59400,702100,13,7.8,12,300,11,298200,3343935022,3343935022,1203482214,0,0,1500000,30000000,3
2024-11-08,INTA,Intraco Penta Tbk.,--U-4100000000C141-E---------X,11,0,12,12,12,1,1445900,17350800,40,8.5,0,0,12,14400,3343935022,3343935022,1203482214,0,0,3000,33000,1
2024-11-07,INTA,Intraco Penta Tbk.,--U-4100000000C141-E---------X,10,0,11,10,11,1,312500,3334300,26,7.8,11,161600,10,5278400,3343935022,3343935022,1203482214,0,0,0,0,0
2024-11-06,INTA,Intraco Penta Tbk.,--U-4100000000C141-E---------X,11,0,11,10,10,-1,3740300,39891300,51,7.0,11,7325700,10,43400,3343935022,3343935022,1203482214,0,0,0,0,0
2024-11-05,INTA,Intraco Penta Tbk.,--U-4100000000C141-E---------X,12,0,11,11,11,-1,4609900,50708900,51,7.8,12,382000,11,48700,3343935022,3343935022,1203482214,0,0,0,0,0
2024-11-04,INTA,Intraco Penta Tbk.,--U-4100000000C141-E---------X,13,0,12,12,12,-1,1000000,12000000,31,8.5,12,4687100,0,0,3343935022,3343935022,1203482214,0,0,0,0,0
2024-11-01,INTA,Intraco Penta Tbk.,--U-4100000000C141-E---------X,13,0,13,13,13,0,156200,2030600,19,9.2,13,9895200,12,503500,3343935022,3343935022,1203482214,0,0,0,0,0
2024-10-31,INTA,Intraco Penta Tbk.,--U-4100000000C141-E---------X,12,0,13,12,13,1,637600,7902000,21,9.2,13,1689500,12,65000,3343935022,3343935022,1203482214,0,0,0,0,0
2024-10-30,INTA,Intraco Penta Tbk.,--U-4100000000C141-E---------X,13,0,13,12,12,-1,1432600,17551300,50,8.5,12,7622400,0,0,3343935022,3343935022,1203482214,0,0,0,0,0
2024-10-29,INTA,Intraco Penta Tbk.,--U-4100000000C141-E---------X,14,0,14,13,13,-1,537900,7018700,36,9.2,13,893400,0,0,3343935022,3343935022,1203482214,0,0,0,0,0
2024-10-28,INTA,Intraco Penta Tbk.,--U-4100000000C141-E---------X,15,0,15,14,14,-1,939000,13151300,40,9.9,14,3333200,0,0,3343935022,3343935022,1203482214,0,0,3800,57000,1
2024-10-25,INTA,Intraco Penta Tbk.,--U-4100000000C141-E---------X,15,0,15,14,15,0,977000,14081400,33,10.6,16,262000,15,10000,3343935022,3343935022,1203482214,0,0,31900,319000,1
2024-10-24,INTA,Intraco Penta Tbk.,--U-4100000000C141-E---------X,16,0,15,15,15,-1,1444800,21672000,37,10.6,15,1162400,0,0,3343935022,3343935022,1203482214,0,0,0,0,0
2024-10-23,INTA,Intraco Penta Tbk.,--U-4100000000C141-E---------X,16,0,16,15,16,0,79300,1258800,10,11.3,16,7506200,15,177800,3343935022,3343935022,1203482214,0,0,1900,30400,1
2024-10-22,INTA,Intraco Penta Tbk.,--U-4100000000C141-E---------X,16,0,16,15,16,0,4208000,65470100,40,11.3,16,271500,15,5000,3343935022,3343935022,1203482214,0,0,0,0,0
2024-10-21,INTA,Intraco Penta Tbk.,--U-4100000000C141-E---------X,16,0,16,15,16,0,272100,4341900,18,11.3,16,6975700,15,487600,3343935022,3343935022,1203482214,0,0,0,0,0
2024-10-18,INTA,Intraco Penta Tbk.,--U-4100000000C141-E---------X,16,0,16,16,16,0,2538100,40609600,20,11.3,16,215020600,15,82300,3343935022,3343935022,1203482214,0,0,4500,72000,1
2024-10-17,INTA,Intraco Penta Tbk.,--U-4100000000C141-E---------X,16,0,16,15,16,0,196900,3100400,21,11.3,16,469600,15,55400,3343935022,3343935022,1203482214,0,0,0,0,0
2024-10-16,INTA,Intraco Penta Tbk.,--U-4100000000C141-E---------X,15,0,16,16,16,1,803700,12859200,14,11.3,16,235849400,15,100400,3343935022,3343935022,1203482214,0,0,0,0,0
2024-10-15,INTA,Intraco Penta Tbk.,--U-4100000000C141-E---------X,16,0,16,15,15,-1,1061900,15942000,49,10.6,16,196375300,15,62300,3343935022,3343935022,1203482214,0,0,0,0,0
2024-10-14,INTA,Intraco Penta Tbk.,--U-4100000000C141-E---------X,17,0,16,16,16,-1,6906500,110504000,51,11.3,16,247100,0,0,3343935022,3343935022,1203482214,0,0,0,0,0
2024-10-11,INTA,Intraco Penta Tbk.,--U-4100000000C141-E---------X,18,0,17,17,17,-1,717800,12202600,37,12.0,17,115700,0,0,3343935022,3343935022,1203482214,0,0,0,0,0
2024-10-10,INTA,Intraco Penta Tbk.,--U-4100000000C141-E---------X,17,0,18,16,18,1,1624100,27958400,49,12.7,18,2100,17,724600,3343935022,3343935022,1203482214,0,0,2000,34000,1
2024-10-09,INTA,Intraco Penta Tbk.,--U-4100000000C141-E---------X,18,0,17,17,17,-1,6019500,102331500,49,12.0,17,567800,0,0,3343935022,3343935022,1203482214,0,0,0,0,0
2024-10-08,INTA,Intraco Penta Tbk.,--U-4100000000C141-E---------X,19,0,19,18,18,-1,2141100,38635700,59,12.7,19,2104400,0,0,3343935022,3343935022,1203482214,0,0,0,0,0
2024-10-07,INTA,Intraco Penta Tbk.,--U-4100000000C141-E---------X,18,0,19,18,19,1,1609100,29426100,28,13.4,0,0,19,18600,3343935022,3343935022,1203482214,0,0,3345000,76935000,1
2024-10-04,INTA,Intraco Penta Tbk.,--U-4100000000C141-E---------X,20,0,19,18,18,-2,2131400,38421600,51,12.7,18,551500,0,0,3343935022,3343935022,1203482214,0,0,2000,44000,1
2024-10-03,INTA,Intraco Penta Tbk.,--U-4100000000C141-E---------X,20,0,20,20,20,0,9500,190000,3,14.1,20,1707100,19,7000,3343935022,3343935022,1203482214,0,0,0,0,0
2024-10-02,INTA,Intraco Penta Tbk.,--U-4100000000C141-E---------X,20,0,21,20,20,0,427000,8920100,28,14.1,21,1150800,20,71800,3343935022,3343935022,1203482214,0,0,0,0,0
2024-10-01,INTA,Intraco Penta Tbk.,--U-4100000000C141-E---------X,19,0,20,20,20,1,875100,17502000,15,14.1,0,0,20,642400,3343935022,3343935022,1203482214,0,0,0,0,0
2024-09-30,INTA,Intraco Penta Tbk.,--U-4100000000C141-E---------X,18,0,19,18,19,1,1847800,35052100,29,13.4,0,0,19,587200,3343935022,3343935022,1203482214,0,0,5948100,113013900,1
2024-09-27,INTA,Intraco Penta Tbk.,--U-4100000000C141-E---------X,20,0,18,18,18,-2,4606000,82908000,46,12.7,18,7925500,0,0,3343935022,3343935022,1203482214,0,0,901600,18032000,1
2024-09-26,INTA,Intraco Penta Tbk.,--U-4100000000C141-E---------X,22,0,20,20,20,-2,745800,14916000,35,14.1,20,3040900,0,0,3343935022,3343935022,1203482214,0,0,0,0,0
2024-09-25,INTA,Intraco Penta Tbk.,--U-4100000000C141-E---------X,24,0,22,22,22,-2,3350400,73708800,52,15.5,22,44800,0,0,3343935022,3343935022,1203482214,0,0,1000,26000,1
2024-09-24,INTA,Intraco Penta Tbk.,--U-4100000000C141-E---------X,26,0,26,24,24,-2,1990000,48090800,32,16.9,24,7210200,0,0,3343935022,3343935022,1203482214,0,0,0,0,0
2024-09-23,INTA,Intraco Penta Tbk.,--U-4100000000C141-E---------X,24,0,26,26,26,2,4736300,123143800,62,18.3,0,0,26,12383400,3343935022,3343935022,1203482214,0,0,0,0,0
2024-09-20,INTA,Intraco Penta Tbk.,--U-4100000000C141-E---------X,23,0,24,23,24,1,4477400,103416200,51,16.9,24,10000,23,13900,3343935022,3343935022,1203482214,0,0,0,0,0
2024-09-19,INTA,Intraco Penta Tbk.,--U-4100000000C141-E---------X,21,0,23,19,23,2,20422600,402970200,155,16.2,23,3342800,21,30000,3343935022,3343935022,1203482214,0,0,500,10000,1
2024-09-18,INTA,Intraco Penta Tbk.,--U-4100000000C141-E---------X,23,0,21,21,21,-2,5799700,121793700,50,14.8,21,6328100,0,0,3343935022,3343935022,1203482214,0,0,0,0,0
2024-09-17,INTA,Intraco Penta Tbk.,--U-4100000000C141-E---------X,25,0,23,23,23,-2,4838300,111280900,50,16.2,23,5951600,0,0,3343935022,3343935022,1203482214,0,0,0,0,0
2024-09-13,INTA,Intraco Penta Tbk.,--U-4100000000C141-E---------X,27,0,25,25,25,-2,10552000,263800000,112,17.6,25,9426000,0,0,3343935022,3343935022,1203482214,0,0,0,0,0
2024-09-12,INTA,Intraco Penta Tbk.,--U-4100000000C141-E---------X,30,0,33,27,27,-3,6958900,214971900,160,19.0,27,16141400,0,0,3343935022,3343935022,1203482214,0,0,78475900,2589704700,1
2024-09-11,INTA,Intraco Penta Tbk.,--U-4100000000C141-E---------X,28,0,30,30,30,2,241000,7230000,18,21.1,0,0,30,6967600,3343935022,3343935022,1203482214,0,0,0,0,0
2024-09-10,INTA,Intraco Penta Tbk.,--U-4100000000C141-E---------X,26,0,28,28,28,2,2065700,57839600,35,19.7,0,0,28,11516300,3343935022,3343935022,1203482214,0,0,0,0,0
2024-09-09,INTA,Intraco Penta Tbk.,--U-4100000000C141-E---------X,24,0,26,26,26,2,495200,12875200,18,18.3,0,0,26,7826000,3343935022,3343935022,1203482214,0,0,0,0,0
2024-09-06,INTA,Intraco Penta Tbk.,--U-4100000000C141-E---------X,22,0,24,24,24,2,83400,2001600,17,16.9,0,0,24,10102200,3343935022,3343935022,1203482214,0,0,0,0,0
2024-09-05,INTA,Intraco Penta Tbk.,--U-4100000000C141-E---------X,20,0,22,21,22,2,4032500,84911100,75,15.5,0,0,22,3097700,3343935022,3343935022,1203482214,0,0,0,0,0
2024-09-04,INTA,Intraco Penta Tbk.,--U-4100000000C141-E---------X,19,0,20,20,20,1,4607500,92150000,26,14.1,0,0,20,23069100,3343935022,3343935022,1203482214,0,0,0,0,0
2024-09-03,INTA,Intraco Penta Tbk.,--U-4100000000C141-E---------X,18,0,19,19,19,1,1106800,21029200,19,13.4,0,0,19,7594800,3343935022,3343935022,1203482214,0,0,0,0,0
2024-09-02,INTA,Intraco Penta Tbk.,--U-4100000000C141-E---------X,17,0,18,18,18,1,1783500,32103000,32,12.7,0,0,18,7788500,3343935022,3343935022,1203482214,0,0,0,0,0
2024-08-30,INTA,Intraco Penta Tbk.,--U-4100000000C141-E---------X,16,0,17,17,17,1,1066900,18137300,11,12.0,0,0,17,10789900,3343935022,3343935022,1203482214,0,0,0,0,0
2024-08-29,INTA,Intraco Penta Tbk.,--U-4100000000C141-E---------X,15,0,16,16,16,1,1233100,19729600,17,11.3,0,0,16,15272400,3343935022,3343935022,1203482214,0,0,0,0,0
2024-08-28,INTA,Intraco Penta Tbk.,--U-4100000000C141-E---------X,14,0,15,15,15,1,136800,2052000,11,10.6,0,0,15,32998700,3343935022,3343935022,1203482214,0,0,315645350,4734680250,6
2024-08-27,INTA,Intraco Penta Tbk.,--U-4100000000C141-E---------X,13,0,14,14,14,1,77500,1085000,10,9.9,0,0,14,56452800,3343935022,3343935022,1203482214,0,0,0,0,0
2024-08-26,INTA,Intraco Penta Tbk.,--U-4100000000C141-E---------X,12,0,13,13,13,1,160400,2085200,13,9.2,0,0,13,32043700,3343935022,3343935022,1203482214,0,0,0,0,0
2024-08-23,INTA,Intraco Penta Tbk.,--U-4100000000C141-E---------X,11,0,12,12,12,1,220300,2643600,17,8.5,0,0,12,32801900,3343935022,3343935022,1203482214,0,0,0,0,0
2024-08-22,INTA,Intraco Penta Tbk.,--U-4100000000C141-E---------X,10,0,11,11,11,1,1544600,16990600,14,7.8,0,0,11,17880900,3343935022,3343935022,1203482214,0,0,0,0,0
2024-08-21,INTA,Intraco Penta Tbk.,--U-4100000000C141-E---------X,9,0,10,10,10,1,139700,1397000,12,7.0,0,0,10,11159400,3343935022,3343935022,1203482214,0,0,0,0,0
2024-08-20,INTA,Intraco Penta Tbk.,--U-4100000000C141-E---------X,8,0,9,9,9,1,2584800,23263200,26,6.3,0,0,9,13548000,3343935022,3343935022,1203482214,0,0,0,0,0
2024-08-19,INTA,Intraco Penta Tbk.,--U-4100000000C141-E---------X,7,0,8,8,8,1,2103900,16831200,19,5.6,0,0,8,5321700,3343935022,3343935022,1203482214,0,0,0,0,0
2024-08-16,INTA,Intraco Penta Tbk.,--U-4100000000C141-E---------X,7,0,7,7,7,0,7043200,49302400,32,4.9,8,238500,7,14868900,3343935022,3343935022,1203482214,0,0,0,0,0
2024-08-15,INTA,Intraco Penta Tbk.,--U-4100000000C141-E---------X,8,0,8,7,7,-1,7617400,53326500,59,4.9,7,2375100,0,0,3343935022,3343935022,1203482214,0,0,0,0,0
2024-08-14,INTA,Intraco Penta Tbk.,--U-4100000000C141-E---------X,8,0,8,7,7,-1,7617400,53326500,59,4.9,7,2375100,0,0,3343935022,3343935022,1203482214,0,0,0,0,0
2024-08-13,INTA,Intraco Penta Tbk.,--U-4100000000C141-E---------X,8,0,8,7,8,0,574200,4593500,15,5.6,8,8431600,7,3575600,3343935022,3343935022,1203482214,0,0,2000,18000,1
2024-08-12,INTA,Intraco Penta Tbk.,--U-4100000000C141-E---------X,8,0,8,8,8,0,2585100,20680800,22,5.6,8,18529200,7,5933600,3343935022,3343935022,1203482214,0,0,0,0,0
2024-08-09,INTA,Intraco Penta Tbk.,--U-4100000000C141-E---------X,8,0,8,8,8,0,3529700,28237600,41,5.6,8,7800400,7,3444200,3343935022,3343935022,1203482214,0,0,0,0,0
2024-08-08,INTA,Intraco Penta Tbk.,--U-4100000000C141-E---------X,9,0,8,8,8,-1,4517000,36136000,35,5.6,8,720400,0,0,3343935022,3343935022,1203482214,0,0,0,0,0
2024-08-07,INTA,Intraco Penta Tbk.,--U-4100000000C141-E---------X,9,0,9,9,9,0,162400,1461600,14,6.3,9,7619900,8,4755900,3343935022,3343935022,1203482214,0,0,0,0,0
2024-08-06,INTA,Intraco Penta Tbk.,--U-4100000000C141-E---------X,9,0,9,9,9,0,7444200,66997800,42,6.3,9,8609700,8,427800,3343935022,3343935022,1203482214,0,0,0,0,0
2024-08-05,INTA,Intraco Penta Tbk.,--U-4100000000C141-E---------X,8,0,9,9,9,1,5080700,45726300,60,6.3,0,0,9,34500,3343935022,3343935022,1203482214,0,0,0,0,0
2024-08-02,INTA,Intraco Penta Tbk.,--U-4100000000C141-E---------X,7,0,8,8,8,1,2325800,18606400,37,5.6,0,0,8,8085200,3343935022,3343935022,1203482214,0,0,0,0,0
2024-08-01,INTA,Intraco Penta Tbk.,--U-4100000000C141-E---------X,6,0,7,7,7,1,4231200,29618400,52,4.9,7,500000,6,903700,3343935022,3343935022,1203482214,0,0,0,0,0
2024-07-31,INTA,Intraco Penta Tbk.,--U-4100000000C141-E---------X,8,0,9,7,7,-1,5634000,39938400,65,4.9,7,12482700,0,0,3343935022,3343935022,1203482214,0,0,0,0,0
2024-07-30,INTA,Intraco Penta Tbk.,--U-4100000000C141-E---------X,8,0,9,7,7,-1,5634000,39938400,65,4.9,7,12482700,0,0,3343935022,3343935022,1203482214,0,0,0,0,0
2024-07-27,INTA,Intraco Penta Tbk.,--U-4100000000C141-E---------X,7,0,7,7,7,0,3364700,23552900,35,4.9,7,12113500,6,1266700,3343935022,3343935022,1203482214,0,0,0,0,0
2024-07-26,INTA,Intraco Penta Tbk.,--U-4100000000C141-E---------X,7,0,7,7,7,0,3364700,23552900,35,4.9,7,12113500,6,1266700,3343935022,3343935022,1203482214,0,0,0,0,0
2024-07-25,INTA,Intraco Penta Tbk.,--U-4100000000C141-E---------X,7,0,8,7,7,0,2734500,19727300,81,4.9,7,12345600,6,1151800,3343935022,3343935022,1203482214,0,0,0,0,0
2024-07-24,INTA,Intraco Penta Tbk.,--U-4100000000C141-E---------X,6,0,7,7,7,1,1009400,7065800,32,4.9,0,0,7,5482900,3343935022,3343935022,1203482214,0,0,0,0,0
2024-07-23,INTA,Intraco Penta Tbk.,--U-4100000000C141-E---------X,5,0,6,6,6,1,724500,4347000,25,4.2,0,0,6,9928800,3343935022,3343935022,1203482214,0,0,0,0,0
2024-07-22,INTA,Intraco Penta Tbk.,--U-4100000000C141-E---------X,4,0,5,4,5,1,5755400,26502500,81,3.5,0,0,5,2991800,3343935022,3343935022,1203482214,0,0,0,0,0
2024-07-19,INTA,Intraco Penta Tbk.,--U-4100000000C141-E---------X,4,0,4,4,4,0,19162900,76651600,130,2.8,4,101500,3,25915200,3343935022,3343935022,1203482214,0,0,0,0,0
2024-07-18,INTA,Intraco Penta Tbk.,--U-4100000000C141-E---------X,5,0,4,4,4,-1,19437000,77748000,201,2.8,5,1385700,4,100900,3343935022,3343935022,1203482214,0,0,0,0,0
2024-07-17,INTA,Intraco Penta Tbk.,--U-4100000000C141-E---------X,6,0,5,5,5,-1,9758100,48790500,106,3.5,5,2000100,0,0,3343935022,3343935022,1203482214,0,0,0,0,0
2024-07-16,INTA,Intraco Penta Tbk.,--U-4100000000C141-E---------X,7,0,6,6,6,-1,7739700,46438200,44,4.2,6,158327300,0,0,3343935022,3343935022,1203482214,0,0,0,0,0
2024-07-12,INTA,Intraco Penta Tbk.,--U-4100000000C141-E---------X,9,0,8,8,8,-1,370700,2965600,19,5.6,8,20125200,0,0,3343935022,3343935022,1203482214,0,0,0,0,0
2024-07-11,INTA,Intraco Penta Tbk.,--U-4100000000C141-E---------X,9,0,9,9,9,0,246700,2220300,12,6.3,9,19926500,8,464800,3343935022,3343935022,1203482214,0,0,0,0,0
2024-07-10,INTA,Intraco Penta Tbk.,--U-4100000000C141-E---------X,9,0,9,9,9,0,69400,624600,12,6.3,10,15447200,9,122200,3343935022,3343935022,1203482214,0,0,0,0,0
2024-07-09,INTA,Intraco Penta Tbk.,--U-4100000000C141-E---------X,9,0,9,9,9,0,267400,2406600,12,6.3,10,120300,9,416000,3343935022,3343935022,1203482214,0,0,0,0,0
2024-07-08,INTA,Intraco Penta Tbk.,--U-4100000000C141-E---------X,8,0,9,8,9,1,82900,668800,14,6.3,9,589000,8,32900,3343935022,3343935022,1203482214,0,0,0,0,0
2024-07-05,INTA,Intraco Penta Tbk.,--U-4100000000C141-E---------X,8,0,8,8,8,0,18200,145600,4,5.6,9,19500,8,28800,3343935022,3343935022,1203482214,0,0,0,0,0
2024-07-04,INTA,Intraco Penta Tbk.,--U-4100000000C141-E---------X,9,0,8,8,8,-1,2295000,18360000,25,5.6,8,20134100,0,0,3343935022,3343935022,1203482214,0,0,0,0,0
2024-07-03,INTA,Intraco Penta Tbk.,--U-4100000000C141-E---------X,9,0,8,8,8,-1,2295000,18360000,25,5.6,8,20134100,0,0,3343935022,3343935022,1203482214,0,0,0,0,0
2024-07-02,INTA,Intraco Penta Tbk.,--U-4100000000C141-E---------X,9,0,9,9,9,0,33000,297000,12,6.3,10,15348600,9,191900,3343935022,3343935022,1203482214,0,0,0,0,0
2024-07-01,INTA,Intraco Penta Tbk.,--U-4100000000C141-E---------X,10,0,9,9,9,-1,2400,21600,7,6.3,10,15358500,9,287500,3343935022,3343935022,1203482214,0,0,0,0,0
2024-06-28,INTA,Intraco Penta Tbk.,--U-4100000000C141-E---------X,9,0,10,10,10,1,2853400,28534000,10,7.0,10,16951100,9,2000,3343935022,3343935022,1203482214,0,0,0,0,0
2024-06-27,INTA,Intraco Penta Tbk.,--U-4100000000C141-E---------X,9,0,9,9,9,0,6100,54900,5,6.3,9,16200,8,240100,3343935022,3343935022,1203482214,0,0,0,0,0
2024-06-26,INTA,Intraco Penta Tbk.,--U-4100000000C141-E---------X,9,0,0,0,9,0,0,0,0,6.3,10,19239800,9,15800,3343935022,3343935022,1203482214,0,0,0,0,0
2024-06-25,INTA,Intraco Penta Tbk.,--U-4100000000C141-E---------X,9,0,0,0,9,0,0,0,0,6.3,10,19239800,9,15800,3343935022,3343935022,1203482214,0,0,0,0,0
2024-06-24,INTA,Intraco Penta Tbk.,--U-4100000000C141-E---------X,9,0,9,9,9,0,16800,151200,3,6.3,10,19246500,9,119300,3343935022,3343935022,1203482214,0,0,0,0,0
2024-06-21,INTA,Intraco Penta Tbk.,--U-4100000000C141-E---------X,9,0,9,9,9,0,537000,4833000,11,6.3,10,19262800,9,203800,3343935022,3343935022,1203482214,0,0,0,0,0
2024-06-20,INTA,Intraco Penta Tbk.,--U-4100000000C141-E---------X,9,0,9,9,9,0,91900,827100,7,6.3,10,19794300,9,95400,3343935022,3343935022,1203482214,0,0,0,0,0
2024-06-19,INTA,Intraco Penta Tbk.,--U-4100000000C141-E---------X,10,0,9,9,9,-1,490800,4417200,13,6.3,9,29100,0,0,3343935022,3343935022,1203482214,0,0,0,0,0
2024-06-14,INTA,Intraco Penta Tbk.,--U-4100000000C141-E---------X,10,0,10,10,10,0,255000,2550000,9,7.0,10,19771100,9,102000,3343935022,3343935022,1203482214,0,0,0,0,0
2024-06-13,INTA,Intraco Penta Tbk.,--U-4100000000C141-E---------X,10,0,10,10,10,0,94700,947000,11,7.0,10,20011200,9,161800,3343935022,3343935022,1203482214,0,0,0,0,0
2024-06-12,INTA,Intraco Penta Tbk.,--U-4100000000C141-E---------X,9,0,10,10,10,1,951200,9512000,18,7.0,10,19708900,9,127600,3343935022,3343935022,1203482214,0,0,0,0,0
2024-06-11,INTA,Intraco Penta Tbk.,--U-4100000000C141-E---------X,8,0,9,8,9,1,1261700,10161600,15,6.3,0,0,9,279200,3343935022,3343935022,1203482214,0,0,0,0,0
2024-06-10,INTA,Intraco Penta Tbk.,--U-4100000000C141-E---------X,8,0,8,8,8,0,115900,927200,7,5.6,8,1846000,7,430100,3343935022,3343935022,1203482214,0,0,0,0,0
2024-06-07,INTA,Intraco Penta Tbk.,--U-4100000000C141-E---------X,8,0,0,0,8,0,0,0,0,5.6,8,915800,7,384400,3343935022,3343935022,1203482214,0,0,0,0,0
2024-06-06,INTA,Intraco Penta Tbk.,--U-4100000000C141-E---------X,8,0,8,8,8,0,43300,346400,6,5.6,8,1140600,7,252300,3343935022,3343935022,1203482214,0,0,0,0,0
2024-06-05,INTA,Intraco Penta Tbk.,--U-4100000000C141-E---------X,8,0,8,7,8,0,110600,870800,10,5.6,8,993600,7,375800,3343935022,3343935022,1203482214,0,0,0,0,0
2024-06-04,INTA,Intraco Penta Tbk.,--U-4100000000C141-E---------X,8,0,8,8,8,0,167800,1342400,9,5.6,8,1031400,7,351800,3343935022,3343935022,1203482214,0,0,0,0,0
2024-06-03,INTA,Intraco Penta Tbk.,--U-4100000000C141-E---------X,8,0,8,8,8,0,678600,5428800,10,5.6,8,1178200,7,325600,3343935022,3343935022,1203482214,0,0,0,0,0
2024-05-31,INTA,Intraco Penta Tbk.,--U-4100000000C141-E---------X,9,0,9,8,8,-1,101200,910600,3,5.6,9,514600,8,2498700,3343935022,3343935022,1203482214,0,0,0,0,0
2024-05-30,INTA,Intraco Penta Tbk.,--U-4100000000C141-E---------X,9,0,9,9,9,0,536300,4826700,10,6.3,9,1960300,8,3320000,3343935022,3343935022,1203482214,0,0,0,0,0
2024-05-29,INTA,Intraco Penta Tbk.,--U-4100000000C141-E---------X,9,0,9,9,9,0,132800,1195200,5,6.3,10,20380400,9,382900,3343935022,3343935022,1203482214,0,0,0,0,0
2024-05-28,INTA,Intraco Penta Tbk.,--U-4100000000C141-E---------X,9,0,9,9,9,0,144300,1298700,7,6.3,10,20381500,9,663300,3343935022,3343935022,1203482214,0,0,0,0,0
2024-05-27,INTA,Intraco Penta Tbk.,--U-4100000000C141-E---------X,9,0,9,9,9,0,21600,194400,5,6.3,10,20949300,9,540700,3343935022,3343935022,1203482214,0,0,0,0,0
2024-05-22,INTA,Intraco Penta Tbk.,--U-4100000000C141-E---------X,9,0,9,9,9,0,900,8100,3,6.3,10,20403700,9,47200,3343935022,3343935022,1203482214,0,0,0,0,0
2024-05-21,INTA,Intraco Penta Tbk.,--U-4100000000C141-E---------X,9,0,9,9,9,0,10300,92700,3,6.3,10,20379200,9,228500,3343935022,3343935022,1203482214,0,0,0,0,0
2024-05-20,INTA,Intraco Penta Tbk.,--U-4100000000C141-E---------X,9,0,9,9,9,0,35000,315000,7,6.3,10,20913400,9,64800,3343935022,3343935022,1203482214,0,0,0,0,0
2024-05-17,INTA,Intraco Penta Tbk.,--U-4100000000C141-E---------X,9,0,9,9,9,0,500,4500,2,6.3,10,20378200,9,143000,3343935022,3343935022,1203482214,0,0,0,0,0
2024-05-16,INTA,Intraco Penta Tbk.,--U-4100000000C141-E---------X,9,0,9,9,9,0,596700,5370300,8,6.3,10,20382100,9,477100,3343935022,3343935022,1203482214,0,0,0,0,0
2024-05-15,INTA,Intraco Penta Tbk.,--U-4100000000C141-E---------X,9,0,9,9,9,0,25500,229500,7,6.3,9,656000,8,333200,3343935022,3343935022,1203482214,0,0,0,0,0
2024-05-14,INTA,Intraco Penta Tbk.,--U-4100000000C141-E---------X,9,0,9,9,9,0,52800,475200,6,6.3,9,612700,8,235000,3343935022,3343935022,1203482214,0,0,0,0,0
2024-05-13,INTA,Intraco Penta Tbk.,--U-4100000000C141-E---------X,10,0,9,9,9,-1,622100,5598900,18,6.3,10,20467100,9,3645300,3343935022,3343935022,1203482214,0,0,0,0,0
2024-05-08,INTA,Intraco Penta Tbk.,--U-4100000000C141-E---------X,10,0,10,10,10,0,712800,7128000,15,7.0,10,20548800,9,220000,3343935022,3343935022,1203482214,0,0,0,0,0
2024-05-07,INTA,Intraco Penta Tbk.,--U-4100000000C141-E---------X,10,0,10,10,10,0,1451700,14517000,19,7.0,10,21101900,9,5504400,3343935022,3343935022,1203482214,0,0,0,0,0
2024-05-06,INTA,Intraco Penta Tbk.,--U-4100000000C141-E---------X,9,0,10,9,10,1,758200,7566500,29,7.0,10,22118500,9,798800,3343935022,3343935022,1203482214,0,0,0,0,0
2024-05-03,INTA,Intraco Penta Tbk.,--U-4100000000C141-E---------X,9,0,9,8,9,0,1756300,14119700,31,6.3,9,96000,8,700400,3343935022,3343935022,1203482214,0,0,0,0,0
2024-05-02,INTA,Intraco Penta Tbk.,--U-4100000000C141-E---------X,10,0,10,9,9,-1,902900,8927700,26,6.3,10,22583600,9,262100,3343935022,3343935022,1203482214,99800,0,0,0,0
2024-04-30,INTA,Intraco Penta Tbk.,--U-4100000000C141-E---------X,11,0,10,10,10,-1,952600,9526000,15,7.0,10,25012600,0,0,3343935022,3343935022,1203482214,0,0,0,0,0
2024-04-29,INTA,Intraco Penta Tbk.,--U-4100000000C141-E---------X,12,0,11,11,11,-1,489200,5381200,15,7.8,11,26034500,0,0,3343935022,3343935022,1203482214,0,0,0,0,0
2024-04-26,INTA,Intraco Penta Tbk.,--U-4100000000C141-E---------X,13,0,12,12,12,-1,2518500,30222000,16,8.5,12,24714200,0,0,3343935022,3343935022,1203482214,0,0,0,0,0
2024-04-25,INTA,Intraco Penta Tbk.,--U-4100000000C141-E---------X,14,0,13,13,13,-1,297000,3861000,7,9.2,13,29241100,0,0,3343935022,3343935022,1203482214,0,0,0,0,0
2024-04-24,INTA,Intraco Penta Tbk.,--U-4100000000C141-E---------X,15,0,14,14,14,-1,345100,4831400,9,9.9,14,28782600,0,0,3343935022,3343935022,1203482214,0,0,12684400,697642000,1
2024-04-23,INTA,Intraco Penta Tbk.,--U-4100000000C141-E---------X,16,0,15,15,15,-1,100000,1500000,1,10.6,15,29039400,0,0,3343935022,3343935022,1203482214,0,0,0,0,0
2024-04-22,INTA,Intraco Penta Tbk.,--U-4100000000C141-E---------X,17,0,16,16,16,-1,24000,384000,7,11.3,16,29001100,0,0,3343935022,3343935022,1203482214,0,0,0,0,0
2024-04-19,INTA,Intraco Penta Tbk.,--U-4100000000C141-E---------X,18,0,17,17,17,-1,1400,23800,5,12.0,17,27905600,0,0,3343935022,3343935022,1203482214,0,0,0,0,0
2024-04-18,INTA,Intraco Penta Tbk.,--U-4100000000C141-E---------X,20,0,18,18,18,-2,15500,279000,4,12.7,18,29432700,0,0,3343935022,3343935022,1203482214,0,0,0,0,0
2024-04-17,INTA,Intraco Penta Tbk.,--U-4100000000C141-E---------X,22,0,20,20,20,-2,2200,44000,4,14.1,20,29372100,0,0,3343935022,3343935022,1203482214,0,0,0,0,0
2024-04-06,INTA,Intraco Penta Tbk.,--U-4100000000C141-E---------X,26,0,24,24,24,-2,44200,1060800,4,16.9,24,29597700,0,0,3343935022,3343935022,1203482214,0,0,0,0,0
2024-04-05,INTA,Intraco Penta Tbk.,--U-4100000000C141-E---------X,26,0,24,24,24,-2,44200,1060800,4,16.9,24,29597700,0,0,3343935022,3343935022,1203482214,0,0,0,0,0
2024-04-04,INTA,Intraco Penta Tbk.,--U-4100000000C141-E---------X,28,0,26,26,26,-2,13000,338000,2,18.3,26,29519100,0,0,3343935022,3343935022,1203482214,0,0,0,0,0
2024-04-03,INTA,Intraco Penta Tbk.,--U-4100000000C141-E---------X,31,0,28,28,28,-3,81000,2268000,5,19.7,28,29748100,0,0,3343935022,3343935022,1203482214,0,0,0,0,0
2024-04-02,INTA,Intraco Penta Tbk.,--U-4100000000C141-E---------X,34,0,31,31,31,-3,61100,1894100,5,21.9,31,30137000,0,0,3343935022,3343935022,1203482214,0,0,0,0,0
2024-04-01,INTA,Intraco Penta Tbk.,--U-4100000000C141-E---------X,37,0,34,34,34,-3,38300,1302200,5,24.0,34,30335300,0,0,3343935022,3343935022,1203482214,0,0,0,0,0
2024-03-28,INTA,Intraco Penta Tbk.,--U-4100000000C141-E---------X,41,0,37,37,37,-4,1000,37000,1,26.1,37,30582500,0,0,3343935022,3343935022,1203482214,0,0,0,0,0
2024-03-27,INTA,Intraco Penta Tbk.,--U-4100000000C141-E---------X,45,0,41,41,41,-4,1000,41000,1,28.9,41,30831100,0,0,3343935022,3343935022,1203482214,0,0,0,0,0
2024-03-26,INTA,Intraco Penta Tbk.,--U-4100000000C141-E---------X,50,0,45,45,45,-5,1000,45000,1,31.7,45,1850100,0,0,3343935022,3343935022,1203482214,0,0,0,0,0
2024-03-22,INTA,Intraco Penta Tbk.,--U-4100000000C141-E---------X,50,0,50,50,50,0,800,40000,1,35.2,50,30929500,0,0,3343935022,3343935022,1203482214,0,0,0,0,0
2024-03-21,INTA,Intraco Penta Tbk.,--U-4100000000C141-E---------X,50,0,50,50,50,0,10000,500000,1,35.2,50,30732900,0,0,3343935022,3343935022,1203482214,0,0,0,0,0
2024-03-20,INTA,Intraco Penta Tbk.,--U-4100000000C141-E---------X,50,0,50,50,50,0,200,10000,1,35.2,50,31126100,0,0,3343935022,3343935022,1203482214,0,0,0,0,0
2024-03-19,INTA,Intraco Penta Tbk.,--U-4100000000C141-E---------X,50,0,0,0,50,0,0,0,0,35.2,50,30981300,0,0,3343935022,3343935022,1203482214,0,0,0,0,0
2024-03-18,INTA,Intraco Penta Tbk.,--U-4100000000C141-E---------X,50,0,0,0,50,0,0,0,0,35.2,50,31794700,0,0,3343935022,3343935022,1203482214,0,0,0,0,0
2024-03-15,INTA,Intraco Penta Tbk.,--U-4100000000C141-E---------X,50,0,0,0,50,0,0,0,0,35.2,50,30907000,0,0,3343935022,3343935022,1203482214,0,0,0,0,0
2024-03-14,INTA,Intraco Penta Tbk.,--U-4100000000C141-E---------X,50,0,0,0,50,0,0,0,0,35.2,50,30902800,0,0,3343935022,3343935022,1203482214,0,0,0,0,0
2024-03-13,INTA,Intraco Penta Tbk.,--U-4100000000C141-E---------X,50,0,0,0,50,0,0,0,0,35.2,50,30927600,0,0,3343935022,3343935022,1203482214,0,0,0,0,0
2024-03-08,INTA,Intraco Penta Tbk.,--U-4100000000C141-E---------X,50,0,0,0,50,0,0,0,0,35.2,50,30788500,0,0,3343935022,3343935022,1203482214,0,0,0,0,0
2024-03-07,INTA,Intraco Penta Tbk.,--U-4100000000C141-E---------X,50,0,0,0,50,0,0,0,0,35.2,50,31220300,0,0,3343935022,3343935022,1203482214,0,0,0,0,0
2024-03-06,INTA,Intraco Penta Tbk.,--U-4100000000C141-E---------X,50,0,0,0,50,0,0,0,0,35.2,50,30984700,0,0,3343935022,3343935022,1203482214,0,0,0,0,0
2024-03-05,INTA,Intraco Penta Tbk.,--U-4100000000C141-E---------X,50,0,0,0,50,0,0,0,0,35.2,50,3861100,0,0,3343935022,3343935022,1203482214,0,0,0,0,0
2024-03-04,INTA,Intraco Penta Tbk.,--U-4100000000C141-E---------X,50,0,50,50,50,0,500,25000,1,35.2,50,4204900,0,0,3343935022,3343935022,1203482214,0,0,0,0,0
2024-03-01,INTA,Intraco Penta Tbk.,--U-4100000000C141-E---------X,50,0,0,0,50,0,0,0,0,35.2,50,3765600,0,0,3343935022,3343935022,1203482214,0,0,0,0,0
2024-02-29,INTA,Intraco Penta Tbk.,--U-4100000000C141-E---------X,50,0,50,50,50,0,2000,100000,4,35.2,50,4094800,0,0,3343935022,3343935022,1203482214,0,0,0,0,0
2024-02-28,INTA,Intraco Penta Tbk.,--U-4100000000C141-E---------X,50,0,0,0,50,0,0,0,0,35.2,50,4210000,0,0,3343935022,3343935022,1203482214,0,0,0,0,0
2024-02-27,INTA,Intraco Penta Tbk.,--U-4100000000C141-E---------X,50,0,0,0,50,0,0,0,0,35.2,50,4210000,0,0,3343935022,3343935022,1203482214,0,0,0,0,0
2024-02-26,INTA,Intraco Penta Tbk.,--U-4100000000C141-E---------X,50,0,0,0,50,0,0,0,0,35.2,50,4264000,0,0,3343935022,3343935022,1203482214,0,0,0,0,0
2024-02-23,INTA,Intraco Penta Tbk.,--U-4100000000C141-E---------X,50,0,0,0,50,0,0,0,0,35.2,50,4114700,0,0,3343935022,3343935022,1203482214,0,0,0,0,0
2024-02-22,INTA,Intraco Penta Tbk.,--U-4100000000C141-E---------X,50,0,50,50,50,0,5000,250000,1,35.2,50,4169500,0,0,3343935022,3343935022,1203482214,0,0,0,0,0
2024-02-21,INTA,Intraco Penta Tbk.,--U-4100000000C141-E---------X,50,0,0,0,50,0,0,0,0,35.2,50,5164500,0,0,3343935022,3343935022,1203482214,0,0,0,0,0
2024-02-20,INTA,Intraco Penta Tbk.,--U-4100000000C141-E---------X,50,0,0,0,50,0,0,0,0,35.2,50,4165300,0,0,3343935022,3343935022,1203482214,0,0,0,0,0
2024-02-19,INTA,Intraco Penta Tbk.,--U-4100000000C141-E---------X,50,0,50,50,50,0,200,10000,1,35.2,50,4167800,0,0,3343935022,3343935022,1203482214,0,0,0,0,0
2024-02-16,INTA,Intraco Penta Tbk.,--U-4100000000C141-E---------X,50,0,0,0,50,0,0,0,0,35.2,50,4165800,0,0,3343935022,3343935022,1203482214,0,0,0,0,0
2024-02-15,INTA,Intraco Penta Tbk.,--U-4100000000C141-E---------X,50,0,50,50,50,0,2000,100000,1,35.2,50,4489300,0,0,3343935022,3343935022,1203482214,0,0,0,0,0
2024-02-13,INTA,Intraco Penta Tbk.,--U-4100000000C141-E---------X,50,0,0,0,50,0,0,0,0,35.2,50,4265300,0,0,3343935022,3343935022,1203482214,0,0,0,0,0
2024-02-12,INTA,Intraco Penta Tbk.,--U-4100000000C141-E---------X,50,0,0,0,50,0,0,0,0,35.2,50,4265300,0,0,3343935022,3343935022,1203482214,0,0,0,0,0
2024-02-07,INTA,Intraco Penta Tbk.,--U-4100000000C141-E---------X,50,0,0,0,50,0,0,0,0,35.2,50,3996400,0,0,3343935022,3343935022,1203482214,0,0,0,0,0
2024-02-06,INTA,Intraco Penta Tbk.,--U-4100000000C141-E---------X,50,0,50,50,50,0,200,10000,1,35.2,50,4187200,0,0,3343935022,3343935022,1203482214,0,0,0,0,0
2024-02-05,INTA,Intraco Penta Tbk.,--U-4100000000C141-E---------X,50,0,50,50,50,0,1000,50000,1,35.2,50,4124900,0,0,3343935022,3343935022,1203482214,0,0,0,0,0
2024-02-02,INTA,Intraco Penta Tbk.,--U-4100000000C141-E---------X,50,0,0,0,50,0,0,0,0,35.2,50,4018300,0,0,3343935022,3343935022,1203482214,0,0,0,0,0
2024-02-01,INTA,Intraco Penta Tbk.,--U-4100000000C141-E---------X,50,0,0,0,50,0,0,0,0,35.2,50,4015600,0,0,3343935022,3343935022,1203482214,0,0,0,0,0
2024-01-31,INTA,Intraco Penta Tbk.,--U-4100000000C141-E---------X,50,0,0,0,50,0,0,0,0,35.2,50,4015600,0,0,3343935022,3343935022,1203482214,0,0,0,0,0
2024-01-30,INTA,Intraco Penta Tbk.,--U-4100000000C141-E---------X,50,0,50,50,50,0,100,5000,1,35.2,50,4164500,0,0,3343935022,3343935022,1203482214,0,0,0,0,0
2024-01-29,INTA,Intraco Penta Tbk.,--U-4100000000C141-E---------X,50,0,0,0,50,0,0,0,0,35.2,50,3003000,0,0,3343935022,3343935022,1203482214,0,0,1281100,25622000,1
2024-01-26,INTA,Intraco Penta Tbk.,--U-4100000000C141-E---------X,50,0,0,0,50,0,0,0,0,35.2,50,4230100,0,0,3343935022,3343935022,1203482214,0,0,0,0,0
2024-01-25,INTA,Intraco Penta Tbk.,--U-4100000000C141-E---------X,50,0,0,0,50,0,0,0,0,35.2,50,4182300,0,0,3343935022,3343935022,1203482214,0,0,0,0,0
2024-01-24,INTA,Intraco Penta Tbk.,--U-4100000000C141-E---------X,50,0,0,0,50,0,0,0,0,35.2,50,4224800,0,0,3343935022,3343935022,1203482214,0,0,0,0,0
2024-01-23,INTA,Intraco Penta Tbk.,--U-4100000000C141-E---------X,50,0,0,0,50,0,0,0,0,35.2,50,4248400,0,0,3343935022,3343935022,1203482214,0,0,0,0,0
2024-01-22,INTA,Intraco Penta Tbk.,--U-4100000000C141-E---------X,50,0,0,0,50,0,0,0,0,35.2,50,4166600,0,0,3343935022,3343935022,1203482214,0,0,0,0,0
2024-01-19,INTA,Intraco Penta Tbk.,--U-4100000000C141-E---------X,50,0,0,0,50,0,0,0,0,35.2,50,4259600,0,0,3343935022,3343935022,1203482214,0,0,0,0,0
2024-01-18,INTA,Intraco Penta Tbk.,--U-4100000000C141-E---------X,50,0,50,50,50,0,100,5000,1,35.2,50,5192800,0,0,3343935022,3343935022,1203482214,0,0,0,0,0
2024-01-17,INTA,Intraco Penta Tbk.,--U-4100000000C141-E---------X,50,0,0,0,50,0,0,0,0,35.2,50,4298300,0,0,3343935022,3343935022,1203482214,0,0,0,0,0
2024-01-16,INTA,Intraco Penta Tbk.,--U-4100000000C141-E---------X,50,0,0,0,50,0,0,0,0,35.2,50,4284600,0,0,3343935022,3343935022,1203482214,0,0,0,0,0
2024-01-15,INTA,Intraco Penta Tbk.,--U-4100000000C141-E---------X,50,0,0,0,50,0,0,0,0,35.2,50,4179500,0,0,3343935022,3343935022,1203482214,0,0,0,0,0
2024-01-12,INTA,Intraco Penta Tbk.,--U-4100000000C141-E---------X,50,0,0,0,50,0,0,0,0,35.2,50,4104600,0,0,3343935022,3343935022,1203482214,0,0,0,0,0
2024-01-11,INTA,Intraco Penta Tbk.,--U-4100000000C141-E---------X,50,0,0,0,50,0,0,0,0,35.2,50,4145400,0,0,3343935022,3343935022,1203482214,0,0,0,0,0
2024-01-10,INTA,Intraco Penta Tbk.,--U-4100000000C141-E---------X,50,0,0,0,50,0,0,0,0,35.2,50,4215500,0,0,3343935022,3343935022,1203482214,0,0,8080600,404030000,1
2024-01-09,INTA,Intraco Penta Tbk.,--U-4100000000C141-E---------X,50,0,50,50,50,0,1000,50000,1,35.2,50,4272500,0,0,3343935022,3343935022,1203482214,0,0,0,0,0
2024-01-08,INTA,Intraco Penta Tbk.,--U-4100000000C141-E---------X,50,0,50,50,50,0,200,10000,2,35.2,50,5203600,0,0,3343935022,3343935022,1203482214,0,0,0,0,0
2024-01-05,INTA,Intraco Penta Tbk.,--U-4100000000C141-E---------X,50,0,50,50,50,0,124200,6210000,8,35.2,50,4120900,0,0,3343935022,3343935022,1203482214,0,0,0,0,0
2024-01-04,INTA,Intraco Penta Tbk.,--U-4100000000C141-E---------X,50,0,50,50,50,0,2200,110000,2,35.2,50,4200600,0,0,3343935022,3343935022,1203482214,0,0,0,0,0
2024-01-03,INTA,Intraco Penta Tbk.,--U-4100000000C141-E---------X,50,0,50,50,50,0,24900,1245000,7,35.2,50,4349600,0,0,3343935022,3343935022,1203482214,0,0,0,0,0
2024-01-02,INTA,Intraco Penta Tbk.,--U-4100000000C141-E---------X,50,0,50,50,50,0,113200,5660000,2,35.2,50,4126300,0,0,3343935022,3343935022,1203482214,0,0,0,0,0
2023-12-29,INTA,Intraco Penta Tbk.,--U-4100000000C141-E---------X,50,0,0,0,50,0,0,0,0,35.2,50,4189700,0,0,3343935022,3343935022,1203482214,0,0,8080600,404030000,1
2023-12-28,INTA,Intraco Penta Tbk.,--U-4100000000C141-E---------X,50,0,50,50,50,0,100,5000,1,35.2,50,4420400,0,0,3343935022,3343935022,1203482214,0,0,0,0,0
2023-12-27,INTA,Intraco Penta Tbk.,--U-4100000000C141-E---------X,50,0,50,50,50,0,50000,2500000,1,35.2,50,4275600,0,0,3343935022,3343935022,1203482214,0,0,0,0,0
2023-12-22,INTA,Intraco Penta Tbk.,--U-4100000000C141-E---------X,50,0,0,0,50,0,0,0,0,35.2,50,4361200,0,0,3343935022,3343935022,1203482214,0,0,0,0,0
2023-12-21,INTA,Intraco Penta Tbk.,--U-4100000000C141-E---------X,50,0,50,50,50,0,100,5000,1,35.2,50,4351100,0,0,3343935022,3343935022,1203482214,0,0,0,0,0
2023-12-20,INTA,Intraco Penta Tbk.,--U-4100000000C141-E---------X,50,0,0,0,50,0,0,0,0,35.2,50,4192600,0,0,3343935022,3343935022,1203482214,0,0,0,0,0
2023-12-19,INTA,Intraco Penta Tbk.,--U-4100000000C141-E---------X,50,0,50,50,50,0,100,5000,1,35.2,50,4523500,0,0,3343935022,3343935022,1203482214,0,0,0,0,0
2023-12-18,INTA,Intraco Penta Tbk.,--U-4100000000C141-E---------X,50,0,0,0,50,0,0,0,0,35.2,50,4546400,0,0,3343935022,3343935022,1203482214,0,0,50000,2500000,1
2023-12-15,INTA,Intraco Penta Tbk.,--U-4100000000C141-E---------X,50,0,0,0,50,0,0,0,0,35.2,50,4252600,0,0,3343935022,3343935022,1203482214,0,0,0,0,0
2023-12-14,INTA,Intraco Penta Tbk.,--U-4100000000C141-E---------X,50,0,0,0,50,0,0,0,0,35.2,50,4479400,0,0,3343935022,3343935022,1203482214,0,0,0,0,0
2023-12-13,INTA,Intraco Penta Tbk.,--U-4100000000C141-E---------X,50,0,50,50,50,0,700,35000,1,35.2,50,4451500,0,0,3343935022,3343935022,1203482214,0,0,0,0,0
2023-12-12,INTA,Intraco Penta Tbk.,--U-4100000000C141-E---------X,50,0,0,0,50,0,0,0,0,35.2,50,4539900,0,0,3343935022,3343935022,1203482214,0,0,0,0,0
2023-12-11,INTA,Intraco Penta Tbk.,--U-4100000000C141-E---------X,50,0,0,0,50,0,0,0,0,35.2,50,4557700,0,0,3343935022,3343935022,1203482214,0,0,0,0,0
2023-12-08,INTA,Intraco Penta Tbk.,--U-4100000000C141-E---------X,50,0,50,50,50,0,1000,50000,1,35.2,50,4166200,0,0,3343935022,3343935022,1203482214,0,0,0,0,0
2023-12-07,INTA,Intraco Penta Tbk.,--U-4100000000C141-E---------X,50,0,0,0,50,0,0,0,0,35.2,50,4448300,0,0,3343935022,3343935022,1203482214,0,0,0,0,0
2023-12-06,INTA,Intraco Penta Tbk.,--U-4100000000C141-E---------X,50,0,0,0,50,0,0,0,0,35.2,50,4398100,0,0,3343935022,3343935022,1203482214,0,0,600000,30000000,1
2023-12-05,INTA,Intraco Penta Tbk.,--U-4100000000C141-E---------X,50,0,0,0,50,0,0,0,0,35.2,50,4483900,0,0,3343935022,3343935022,1203482214,0,0,0,0,0
2023-12-04,INTA,Intraco Penta Tbk.,--U-4100000000C141-E---------X,50,0,0,0,50,0,0,0,0,35.2,50,4927900,0,0,3343935022,3343935022,1203482214,0,0,0,0,0
2023-12-01,INTA,Intraco Penta Tbk.,--U-4100000000C141-E---------X,50,0,50,50,50,0,100,5000,1,35.2,50,4469800,0,0,3343935022,3343935022,1203482214,0,0,0,0,0
2023-11-30,INTA,Intraco Penta Tbk.,--U-4100000000C141-E---------X,50,0,0,0,50,0,0,0,0,35.2,50,4493800,0,0,3343935022,3343935022,1203482214,0,0,0,0,0
2023-11-29,INTA,Intraco Penta Tbk.,--U-4100000000C141-E---------X,50,0,50,50,50,0,2000,100000,1,35.2,50,4608500,0,0,3343935022,3343935022,1203482214,0,0,0,0,0
2023-11-28,INTA,Intraco Penta Tbk.,--U-4100000000C141-E---------X,50,0,0,0,50,0,0,0,0,35.2,50,4594600,0,0,3343935022,3343935022,1203482214,0,0,0,0,0
2023-11-27,INTA,Intraco Penta Tbk.,--U-4100000000C141-E---------X,50,0,0,0,50,0,0,0,0,35.2,50,4664300,0,0,3343935022,3343935022,1203482214,0,0,0,0,0
2023-11-24,INTA,Intraco Penta Tbk.,--U-4100000000C141-E---------X,50,0,0,0,50,0,0,0,0,35.2,50,4544000,0,0,3343935022,3343935022,1203482214,0,0,0,0,0
2023-11-23,INTA,Intraco Penta Tbk.,--U-4100000000C141-E---------X,50,0,0,0,50,0,0,0,0,35.2,50,4494500,0,0,3343935022,3343935022,1203482214,0,0,0,0,0
2023-11-22,INTA,Intraco Penta Tbk.,--U-4100000000C141-E---------X,50,0,50,50,50,0,1200,60000,1,35.2,50,4544400,0,0,3343935022,3343935022,1203482214,0,0,0,0,0
2023-11-21,INTA,Intraco Penta Tbk.,--U-4100000000C141-E---------X,50,0,0,0,50,0,0,0,0,35.2,50,4499800,0,0,3343935022,3343935022,1203482214,0,0,0,0,0
2023-11-20,INTA,Intraco Penta Tbk.,--U-4100000000C141-E---------X,50,0,50,50,50,0,400,20000,1,35.2,50,4399800,0,0,3343935022,3343935022,1203482214,0,0,0,0,0
2023-11-17,INTA,Intraco Penta Tbk.,--U-4100000000C141-E---------X,50,0,50,50,50,0,4500,225000,1,35.2,50,4380800,0,0,3343935022,3343935022,1203482214,0,0,0,0,0
2023-11-16,INTA,Intraco Penta Tbk.,--U-4100000000C141-E---------X,50,0,0,0,50,0,0,0,0,35.2,50,5451000,0,0,3343935022,3343935022,1203482214,0,0,0,0,0
2023-11-15,INTA,Intraco Penta Tbk.,--U-4100000000C141-E---------X,50,0,0,0,50,0,0,0,0,35.2,50,4503300,0,0,3343935022,3343935022,1203482214,0,0,0,0,0
2023-11-14,INTA,Intraco Penta Tbk.,--U-4100000000C141-E---------X,50,0,0,0,50,0,0,0,0,35.2,50,4684600,0,0,3343935022,3343935022,1203482214,0,0,0,0,0
2023-11-13,INTA,Intraco Penta Tbk.,--U-4100000000C141-E---------X,50,0,50,50,50,0,2000,100000,1,35.2,50,4954200,0,0,3343935022,3343935022,1203482214,0,0,0,0,0
2023-11-10,INTA,Intraco Penta Tbk.,--U-4100000000C141-E---------X,50,0,50,50,50,0,5000,250000,1,35.2,50,4594300,0,0,3343935022,3343935022,1203482214,0,0,0,0,0
2023-11-09,INTA,Intraco Penta Tbk.,--U-4100000000C141-E---------X,50,0,50,50,50,0,5600,280000,3,35.2,50,4415400,0,0,3343935022,3343935022,1203482214,0,0,3500000,175000000,1
2023-11-08,INTA,Intraco Penta Tbk.,--U-4100000000C141-E---------X,50,0,0,0,50,0,0,0,0,35.2,50,4366500,0,0,3343935022,3343935022,1203482214,0,0,0,0,0
2023-11-07,INTA,Intraco Penta Tbk.,--U-4100000000C141-E---------X,50,0,0,0,50,0,0,0,0,35.2,50,4421300,0,0,3343935022,3343935022,1203482214,0,0,0,0,0
2023-11-06,INTA,Intraco Penta Tbk.,--U-4100000000C141-E---------X,50,0,0,0,50,0,0,0,0,35.2,50,4485700,0,0,3343935022,3343935022,1203482214,0,0,0,0,0
2023-11-03,INTA,Intraco Penta Tbk.,--U-4100000000C141-E---------X,50,0,50,50,50,0,100,5000,1,35.2,50,4413800,0,0,3343935022,3343935022,1203482214,0,0,0,0,0
2023-11-02,INTA,Intraco Penta Tbk.,--U-4100000000C141-E---------X,50,0,50,50,50,0,500,25000,1,35.2,50,4444700,0,0,3343935022,3343935022,1203482214,0,0,0,0,0
2023-11-01,INTA,Intraco Penta Tbk.,--U-4100000000C141-E---------X,50,0,50,50,50,0,600,30000,1,35.2,50,4494000,0,0,3343935022,3343935022,1203482214,0,0,0,0,0
2023-10-31,INTA,Intraco Penta Tbk.,--U-4100000000C141-E---------X,50,0,50,50,50,0,5200,260000,4,35.2,50,4741900,0,0,3343935022,3343935022,1203482214,0,0,0,0,0
2023-10-30,INTA,Intraco Penta Tbk.,--U-4100000000C141-E---------X,50,0,50,50,50,0,200,10000,2,35.2,50,5567100,0,0,3343935022,3343935022,1203482214,0,0,0,0,0
2023-10-27,INTA,Intraco Penta Tbk.,--U-4100000000C141-E---------X,50,0,50,50,50,0,100,5000,1,35.2,50,4600700,0,0,3343935022,3343935022,1203482214,0,0,0,0,0
2023-10-26,INTA,Intraco Penta Tbk.,--U-4100000000C141-E---------X,50,0,0,0,50,0,0,0,0,35.2,50,4917000,0,0,3343935022,3343935022,1203482214,0,0,0,0,0
2023-10-25,INTA,Intraco Penta Tbk.,--U-4100000000C141-E---------X,50,0,0,0,50,0,0,0,0,35.2,50,4632900,0,0,3343935022,3343935022,1203482214,0,0,0,0,0
2023-10-24,INTA,Intraco Penta Tbk.,--U-4100000000C141-E---------X,50,0,0,0,50,0,0,0,0,35.2,50,4444600,0,0,3343935022,3343935022,1203482214,0,0,0,0,0
2023-10-23,INTA,Intraco Penta Tbk.,--U-4100000000C141-E---------X,50,0,50,50,50,0,2600,130000,2,35.2,50,4563900,0,0,3343935022,3343935022,1203482214,0,0,0,0,0
2023-10-20,INTA,Intraco Penta Tbk.,--U-4100000000C141-E---------X,50,0,0,0,50,0,0,0,0,35.2,50,4409200,0,0,3343935022,3343935022,1203482214,0,0,0,0,0
2023-10-19,INTA,Intraco Penta Tbk.,--U-4100000000C141-E---------X,50,0,0,0,50,0,0,0,0,35.2,50,4794300,0,0,3343935022,3343935022,1203482214,0,0,0,0,0
2023-10-18,INTA,Intraco Penta Tbk.,--U-4100000000C141-E---------X,50,0,0,0,50,0,0,0,0,35.2,50,4385000,0,0,3343935022,3343935022,1203482214,0,0,0,0,0
2023-10-17,INTA,Intraco Penta Tbk.,--U-4100000000C141-E---------X,50,0,50,50,50,0,100,5000,1,35.2,50,4431300,0,0,3343935022,3343935022,1203482214,0,0,0,0,0
2023-10-16,INTA,Intraco Penta Tbk.,--U-4100000000C141-E---------X,50,0,50,50,50,0,51700,2585000,1,35.2,50,3942900,0,0,3343935022,3343935022,1203482214,0,0,0,0,0
2023-10-13,INTA,Intraco Penta Tbk.,--U-4100000000C141-E---------X,50,0,50,50,50,0,1100,55000,7,35.2,50,4398500,0,0,3343935022,3343935022,1203482214,0,0,0,0,0
2023-10-12,INTA,Intraco Penta Tbk.,--U-4100000000C141-E---------X,50,0,50,50,50,0,1000,50000,1,35.2,50,5357700,0,0,3343935022,3343935022,1203482214,0,0,0,0,0
2023-10-11,INTA,Intraco Penta Tbk.,--U-4100000000C141-E---------X,50,0,50,50,50,0,1000,50000,1,35.2,50,4345400,0,0,3343935022,3343935022,1203482214,0,0,0,0,0
2023-10-10,INTA,Intraco Penta Tbk.,--U-4100000000C141-E---------X,50,0,50,50,50,0,11000,550000,2,35.2,50,4721500,0,0,3343935022,3343935022,1203482214,0,0,0,0,0
2023-10-09,INTA,Intraco Penta Tbk.,--U-4100000000C141-E---------X,50,0,0,0,50,0,0,0,0,35.2,50,4585200,0,0,3343935022,3343935022,1203482214,0,0,0,0,0
2023-10-06,INTA,Intraco Penta Tbk.,--U-4100000000C141-E---------X,50,0,0,0,50,0,0,0,0,35.2,50,4558100,0,0,3343935022,3343935022,1203482214,0,0,0,0,0
2023-10-05,INTA,Intraco Penta Tbk.,--U-4100000000C141-E---------X,50,0,50,50,50,0,900,45000,2,35.2,50,4476700,0,0,3343935022,3343935022,1203482214,0,0,0,0,0
2023-10-04,INTA,Intraco Penta Tbk.,--U-4100000000C141-E---------X,50,0,50,50,50,0,200,10000,2,35.2,50,4595900,0,0,3343935022,3343935022,1203482214,0,0,0,0,0
2023-10-03,INTA,Intraco Penta Tbk.,--U-4100000000C141-E---------X,50,0,50,50,50,0,100,5000,1,35.2,50,4847400,0,0,3343935022,3343935022,1203482214,0,0,0,0,0
2023-10-02,INTA,Intraco Penta Tbk.,--U-4100000000C141-E---------X,50,0,50,50,50,0,100,5000,1,35.2,50,4502300,0,0,3343935022,3343935022,1203482214,0,0,0,0,0
2023-09-29,INTA,Intraco Penta Tbk.,--U-4100000000C141-E---------X,50,0,50,50,50,0,1100,55000,2,35.2,50,4308300,0,0,3343935022,3343935022,1203482214,0,0,0,0,0
2023-09-27,INTA,Intraco Penta Tbk.,--U-4100000000C141-E---------X,50,0,0,0,50,0,0,0,0,35.2,50,4461400,0,0,3343935022,3343935022,1203482214,0,0,0,0,0
2023-09-26,INTA,Intraco Penta Tbk.,--U-4100000000C141-E---------X,50,0,50,50,50,0,200,10000,1,35.2,50,4460700,0,0,3343935022,3343935022,1203482214,0,0,0,0,0
2023-09-25,INTA,Intraco Penta Tbk.,--U-4100000000C141-E---------X,50,0,50,50,50,0,1100,55000,3,35.2,50,2942500,0,0,3343935022,3343935022,1203482214,0,0,1282100,25642000,1
2023-09-22,INTA,Intraco Penta Tbk.,--U-4100000000C141-E---------X,50,0,50,50,50,0,800,40000,3,35.2,50,2999800,0,0,3343935022,3343935022,1203482214,0,0,0,0,0
2023-09-21,INTA,Intraco Penta Tbk.,--U-4100000000C141-E---------X,50,0,0,0,50,0,0,0,0,35.2,50,2739200,0,0,3343935022,3343935022,1203482214,0,0,0,0,0
2023-09-20,INTA,Intraco Penta Tbk.,--U-4100000000C141-E---------X,50,0,50,50,50,0,100,5000,1,35.2,50,2931000,0,0,3343935022,3343935022,1203482214,0,0,0,0,0
2023-09-19,INTA,Intraco Penta Tbk.,--U-4100000000C141-E---------X,50,0,50,50,50,0,1000,50000,2,35.2,50,408800,0,0,3343935022,3343935022,1203482214,0,0,0,0,0
2023-09-18,INTA,Intraco Penta Tbk.,--U-4100000000C141-E---------X,50,0,50,50,50,0,51200,2560000,6,35.2,50,423600,0,0,3343935022,3343935022,1203482214,0,0,0,0,0
2023-09-15,INTA,Intraco Penta Tbk.,--U-4100000000C141-E---------X,50,0,50,50,50,0,1600,80000,3,35.2,50,481500,0,0,3343935022,3343935022,1203482214,0,0,0,0,0
2023-09-14,INTA,Intraco Penta Tbk.,--U-4100000000C141-E---------X,50,0,50,50,50,0,127300,6365000,17,35.2,50,410400,0,0,3343935022,3343935022,1203482214,0,0,0,0,0
2023-09-13,INTA,Intraco Penta Tbk.,--U-4100000000C141-E---------X,54,0,54,50,50,-4,709200,36003000,57,35.2,50,497000,0,0,3343935022,3343935022,1203482214,0,0,0,0,0
2023-09-12,INTA,Intraco Penta Tbk.,--U-4100000000C141-E---------X,50,0,55,50,54,4,1184200,60560800,56,38.1,54,368000,53,88800,3343935022,3343935022,1203482214,0,0,0,0,0
2023-09-11,INTA,Intraco Penta Tbk.,--U-4100000000C141-E---------X,50,0,0,0,50,0,0,0,0,35.2,50,594100,0,0,3343935022,3343935022,1203482214,0,0,0,0,0
2023-09-08,INTA,Intraco Penta Tbk.,--U-4100000000C141-E---------X,50,0,0,0,50,0,0,0,0,35.2,50,572400,0,0,3343935022,3343935022,1203482214,0,0,0,0,0
2023-09-07,INTA,Intraco Penta Tbk.,--U-4100000000C141-E---------X,50,0,50,50,50,0,1800,90000,6,35.2,50,888300,0,0,3343935022,3343935022,1203482214,0,0,0,0,0
2023-09-06,INTA,Intraco Penta Tbk.,--U-4100000000C141-E---------X,50,0,0,0,50,0,0,0,0,35.2,50,877900,0,0,3343935022,3343935022,1203482214,0,0,0,0,0
2023-09-05,INTA,Intraco Penta Tbk.,--U-4100000000C141-E---------X,50,0,50,50,50,0,700,35000,1,35.2,50,428500,0,0,3343935022,3343935022,1203482214,0,0,0,0,0
2023-09-04,INTA,Intraco Penta Tbk.,--U-4100000000C141-E---------X,50,0,50,50,50,0,200,10000,1,35.2,50,760300,0,0,3343935022,3343935022,1203482214,0,0,0,0,0
2023-09-01,INTA,Intraco Penta Tbk.,--U-4100000000C141-E---------X,50,0,50,50,50,0,15000,750000,1,35.2,50,1481500,0,0,3343935022,3343935022,1203482214,0,0,0,0,0
2023-08-31,INTA,Intraco Penta Tbk.,--U-4100000000C141-E---------X,50,0,0,0,50,0,0,0,0,35.2,50,1522600,0,0,3343935022,3343935022,1203482214,0,0,0,0,0
2023-08-30,INTA,Intraco Penta Tbk.,--U-4100000000C141-E---------X,50,0,50,50,50,0,12200,610000,3,35.2,50,1377300,0,0,3343935022,3343935022,1203482214,0,0,0,0,0
2023-08-29,INTA,Intraco Penta Tbk.,--U-4100000000C141-E---------X,50,0,50,50,50,0,2700,135000,2,35.2,50,1590900,0,0,3343935022,3343935022,1203482214,0,0,0,0,0
2023-08-28,INTA,Intraco Penta Tbk.,--U-4100000000C141-E---------X,50,0,50,50,50,0,100,5000,1,35.2,50,1484900,0,0,3343935022,3343935022,1203482214,0,0,0,0,0
2023-08-25,INTA,Intraco Penta Tbk.,--U-4100000000C141-E---------X,50,0,0,0,50,0,0,0,0,35.2,50,1701100,0,0,3343935022,3343935022,1203482214,0,0,0,0,0
2023-08-24,INTA,Intraco Penta Tbk.,--U-4100000000C141-E---------X,50,0,50,50,50,0,600,30000,3,35.2,50,1634300,0,0,3343935022,3343935022,1203482214,0,0,0,0,0
2023-08-23,INTA,Intraco Penta Tbk.,--U-4100000000C141-E---------X,50,0,50,50,50,0,100,5000,1,35.2,50,1657200,0,0,3343935022,3343935022,1203482214,0,0,0,0,0
2023-08-22,INTA,Intraco Penta Tbk.,--U-4100000000C141-E---------X,50,0,50,50,50,0,200,10000,1,35.2,50,1729300,0,0,3343935022,3343935022,1203482214,0,0,0,0,0
2023-08-21,INTA,Intraco Penta Tbk.,--U-4100000000C141-E---------X,50,0,0,0,50,0,0,0,0,35.2,50,2108100,0,0,3343935022,3343935022,1203482214,0,0,0,0,0
2023-08-18,INTA,Intraco Penta Tbk.,--U-4100000000C141-E---------X,50,0,0,0,50,0,0,0,0,35.2,50,1559700,0,0,3343935022,3343935022,1203482214,0,0,0,0,0
2023-08-16,INTA,Intraco Penta Tbk.,--U-4100000000C141-E---------X,50,0,50,50,50,0,5200,260000,2,35.2,50,2122500,0,0,3343935022,3343935022,1203482214,0,0,0,0,0
2023-08-15,INTA,Intraco Penta Tbk.,--U-4100000000C141-E---------X,50,0,50,50,50,0,1200,60000,7,35.2,50,1699900,0,0,3343935022,3343935022,1203482214,0,0,0,0,0
2023-08-14,INTA,Intraco Penta Tbk.,--U-4100000000C141-E---------X,50,0,50,50,50,0,100,5000,1,35.2,50,1532200,0,0,3343935022,3343935022,1203482214,0,0,0,0,0
2023-08-11,INTA,Intraco Penta Tbk.,--U-4100000000C141-E---------X,50,0,0,0,50,0,0,0,0,35.2,50,2615600,0,0,3343935022,3343935022,1203482214,0,0,0,0,0
2023-08-10,INTA,Intraco Penta Tbk.,--U-4100000000C141-E---------X,50,0,0,0,50,0,0,0,0,35.2,50,1523400,0,0,3343935022,3343935022,1203482214,0,0,0,0,0
2023-08-09,INTA,Intraco Penta Tbk.,--U-4100000000C141-E---------X,50,0,50,50,50,0,200,10000,1,35.2,50,1210000,0,0,3343935022,3343935022,1203482214,200,0,0,0,0
2023-08-08,INTA,Intraco Penta Tbk.,--U-4100000000C141-E---------X,50,0,50,50,50,0,400,20000,1,35.2,50,2083500,0,0,3343935022,3343935022,1203482214,0,0,0,0,0
2023-08-07,INTA,Intraco Penta Tbk.,--U-4100000000C141-E---------X,50,0,50,50,50,0,6100,305000,3,35.2,50,1427000,0,0,3343935022,3343935022,1203482214,0,0,0,0,0
2023-08-04,INTA,Intraco Penta Tbk.,--U-4100000000C141-E---------X,50,0,50,50,50,0,200,10000,1,35.2,50,1459800,0,0,3343935022,3343935022,1203482214,0,0,0,0,0
2023-08-03,INTA,Intraco Penta Tbk.,--U-4100000000C141-E---------X,50,0,0,0,50,0,0,0,0,35.2,50,1437700,0,0,3343935022,3343935022,1203482214,0,0,0,0,0
2023-08-02,INTA,Intraco Penta Tbk.,--U-4100000000C141-E---------X,50,0,50,50,50,0,200,10000,1,35.2,50,2641200,0,0,3343935022,3343935022,1203482214,0,0,0,0,0
2023-08-01,INTA,Intraco Penta Tbk.,--U-4100000000C141-E---------X,50,0,0,0,50,0,0,0,0,35.2,50,1502000,0,0,3343935022,3343935022,1203482214,0,0,0,0,0
2023-07-31,INTA,Intraco Penta Tbk.,--U-4100000000C141-E---------X,50,0,50,50,50,0,100,5000,1,35.2,50,1193600,0,0,3343935022,3343935022,1203482214,0,0,0,0,0
2023-07-28,INTA,Intraco Penta Tbk.,--U-4100000000C141-E---------X,50,0,50,50,50,0,3400,170000,4,35.2,50,1118000,0,0,3343935022,3343935022,1203482214,0,0,0,0,0
2023-07-27,INTA,Intraco Penta Tbk.,--U-4100000000C141-E---------X,50,0,50,50,50,0,2300,115000,3,35.2,50,1517100,0,0,3343935022,3343935022,1203482214,0,0,0,0,0
2023-07-26,INTA,Intraco Penta Tbk.,--U-4100000000C141-E---------X,50,0,50,50,50,0,3800,190000,3,35.2,50,1191600,0,0,3343935022,3343935022,1203482214,0,0,0,0,0
2023-07-25,INTA,Intraco Penta Tbk.,--U-4100000000C141-E---------X,50,0,50,50,50,0,2600,130000,5,35.2,50,1362700,0,0,3343935022,3343935022,1203482214,0,0,0,0,0
2023-07-24,INTA,Intraco Penta Tbk.,--U-4100000000C141-E---------X,50,0,50,50,50,0,3800,190000,3,35.2,50,1745000,0,0,3343935022,3343935022,1203482214,0,0,0,0,0
2023-07-21,INTA,Intraco Penta Tbk.,--U-4100000000C141-E---------X,50,0,50,50,50,0,3400,170000,4,35.2,50,1630000,0,0,3343935022,3343935022,1203482214,0,0,0,0,0
2023-07-20,INTA,Intraco Penta Tbk.,--U-4100000000C141-E---------X,50,0,50,50,50,0,400,20000,2,35.2,50,1526100,0,0,3343935022,3343935022,1203482214,0,0,0,0,0
2023-07-18,INTA,Intraco Penta Tbk.,--U-4100000000C141-E---------X,50,0,50,50,50,0,2100,105000,2,35.2,50,1438500,0,0,3343935022,3343935022,1203482214,0,0,0,0,0
2023-07-17,INTA,Intraco Penta Tbk.,--U-4100000000C141-E---------X,50,0,50,50,50,0,51500,2575000,4,35.2,50,1500600,0,0,3343935022,3343935022,1203482214,0,0,0,0,0
2023-07-14,INTA,Intraco Penta Tbk.,--U-4100000000C141-E---------X,50,0,50,50,50,0,1000,50000,1,35.2,50,1249000,0,0,3343935022,3343935022,1203482214,0,0,0,0,0
2023-07-13,INTA,Intraco Penta Tbk.,--U-4100000000C141-E---------X,50,0,0,0,50,0,0,0,0,35.2,50,1778200,0,0,3343935022,3343935022,1203482214,0,0,0,0,0
2023-07-12,INTA,Intraco Penta Tbk.,--U-4100000000C141-E---------X,50,0,50,50,50,0,206500,10325000,7,35.2,50,1498000,0,0,3343935022,3343935022,1203482214,0,0,0,0,0
2023-07-11,INTA,Intraco Penta Tbk.,--U-4100000000C141-E---------X,50,0,50,50,50,0,10000,500000,1,35.2,50,1665000,0,0,3343935022,3343935022,1203482214,0,0,0,0,0
2023-07-10,INTA,Intraco Penta Tbk.,--U-4100000000C141-E---------X,50,0,50,50,50,0,4400,220000,5,35.2,50,1441900,0,0,3343935022,3343935022,1203482214,0,0,0,0,0
2023-07-07,INTA,Intraco Penta Tbk.,--U-4100000000C141-E---------X,50,0,50,50,50,0,2300,115000,2,35.2,50,1726600,0,0,3343935022,3343935022,1203482214,0,0,0,0,0
2023-07-06,INTA,Intraco Penta Tbk.,--U-4100000000C141-E---------X,50,0,50,50,50,0,83300,4165000,8,35.2,50,1710400,0,0,3343935022,3343935022,1203482214,0,80000,0,0,0
2023-07-05,INTA,Intraco Penta Tbk.,--U-4100000000C141-E---------X,50,0,50,50,50,0,200,10000,2,35.2,50,1680800,0,0,3343935022,3343935022,1203482214,0,0,0,0,0
2023-07-04,INTA,Intraco Penta Tbk.,--U-4100000000C141-E---------X,50,0,50,50,50,0,100,5000,1,35.2,50,1774000,0,0,3343935022,3343935022,1203482214,0,0,0,0,0
2023-07-03,INTA,Intraco Penta Tbk.,--U-4100000000C141-E---------X,50,0,50,50,50,0,27700,1385000,4,35.2,50,1774000,0,0,3343935022,3343935022,1203482214,0,0,0,0,0
2023-06-27,INTA,Intraco Penta Tbk.,--U-4100000000C141-E---------X,50,0,50,50,50,0,105300,5265000,5,35.2,50,1794100,0,0,3343935022,3343935022,1203482214,0,0,0,0,0
2023-06-26,INTA,Intraco Penta Tbk.,--U-4100000000C141-E---------X,50,0,50,50,50,0,500,25000,2,35.2,50,2121500,0,0,3343935022,3343935022,1203482214,0,0,0,0,0
2023-06-23,INTA,Intraco Penta Tbk.,--U-4100000000C141-E---------X,50,0,50,50,50,0,2100,105000,4,35.2,50,958900,0,0,3343935022,3343935022,1203482214,0,0,0,0,0
2023-06-22,INTA,Intraco Penta Tbk.,--U-4100000000C141-E---------X,50,0,50,50,50,0,1200,60000,3,35.2,50,953300,0,0,3343935022,3343935022,1203482214,0,0,0,0,0
2023-06-21,INTA,Intraco Penta Tbk.,--U-4100000000C141-E---------X,50,0,50,50,50,0,10000,500000,1,35.2,50,1051000,0,0,3343935022,3343935022,1203482214,0,0,0,0,0
2023-06-20,INTA,Intraco Penta Tbk.,--U-4100000000C141-E---------X,50,0,0,0,50,0,0,0,0,35.2,50,927800,0,0,3343935022,3343935022,1203482214,0,0,0,0,0
2023-06-19,INTA,Intraco Penta Tbk.,--U-4100000000C141-E---------X,50,0,50,50,50,0,1200,60000,3,35.2,50,724200,0,0,3343935022,3343935022,1203482214,0,0,0,0,0
2023-06-16,INTA,Intraco Penta Tbk.,--U-4100000000C141-E---------X,50,0,50,50,50,0,6200,310000,5,35.2,50,486800,0,0,3343935022,3343935022,1203482214,0,0,0,0,0
2023-06-15,INTA,Intraco Penta Tbk.,--U-4100000000C141-E---------X,50,0,50,50,50,0,800,40000,2,35.2,50,992300,0,0,3343935022,3343935022,1203482214,0,0,0,0,0
2023-06-14,INTA,Intraco Penta Tbk.,--U-4100000000C141-E---------X,50,0,50,50,50,0,102200,5110000,6,35.2,50,1240000,0,0,3343935022,3343935022,1203482214,0,0,0,0,0
2023-06-13,INTA,Intraco Penta Tbk.,--U-4100000000C141-E---------X,50,0,50,50,50,0,1700,85000,5,35.2,50,939000,0,0,3343935022,3343935022,1203482214,0,0,0,0,0
2023-06-12,INTA,Intraco Penta Tbk.,--U-4100000000C141-E---------X,50,0,50,50,50,0,1500,75000,9,35.2,50,812100,0,0,3343935022,3343935022,1203482214,0,0,0,0,0
2023-06-09,INTA,Intraco Penta Tbk.,--U-2100000000C141-E---------X,50,0,50,50,50,0,22200,1110000,11,35.2,50,632900,0,0,3343935022,3343935022,1203482214,0,0,0,0,0
2023-06-08,INTA,Intraco Penta Tbk.,--U-2100000000C141-E---------X,50,0,50,50,50,0,1100,55000,5,35.2,50,361900,0,0,3343935022,3343935022,1203482214,0,0,0,0,0
2023-06-07,INTA,Intraco Penta Tbk.,--U-2100000000C141-E---------X,50,0,50,50,50,0,2300,115000,7,35.2,50,601400,0,0,3343935022,3343935022,1203482214,0,0,0,0,0
2023-06-06,INTA,Intraco Penta Tbk.,--U-2100000000C141-E---------X,50,0,50,50,50,0,1200,60000,3,35.2,50,226200,0,0,3343935022,3343935022,1203482214,0,0,0,0,0
2023-06-05,INTA,Intraco Penta Tbk.,--U-2100000000C141-E---------X,50,0,51,50,50,0,620100,31008700,29,35.2,50,7361100,0,0,3343935022,3343935022,1203482214,0,0,0,0,0
2023-05-31,INTA,Intraco Penta Tbk.,--U-2100000000C141-E---------X,50,0,50,50,50,0,300,15000,2,35.2,50,913600,0,0,3343935022,3343935022,1203482214,0,0,0,0,0
2023-05-30,INTA,Intraco Penta Tbk.,--U-2100000000C141-E---------X,50,0,50,50,50,0,1000,50000,4,35.2,50,2025500,0,0,3343935022,3343935022,1203482214,0,0,0,0,0
2023-05-29,INTA,Intraco Penta Tbk.,--U-2100000000C141-E---------X,50,0,50,50,50,0,101000,5050000,2,35.2,50,1856500,0,0,3343935022,3343935022,1203482214,0,0,0,0,0
2023-05-26,INTA,Intraco Penta Tbk.,--U-2100000000C141-E---------X,50,0,50,50,50,0,600,30000,5,35.2,50,2065900,0,0,3343935022,3343935022,1203482214,0,0,0,0,0
2023-05-25,INTA,Intraco Penta Tbk.,--U-2100000000C141-E---------X,50,0,50,50,50,0,300,15000,2,35.2,50,2054800,0,0,3343935022,3343935022,1203482214,0,0,0,0,0
2023-05-24,INTA,Intraco Penta Tbk.,--U-2100000000C141-E---------X,50,0,50,50,50,0,3400,170000,4,35.2,50,2108200,0,0,3343935022,3343935022,1203482214,0,0,0,0,0
2023-05-23,INTA,Intraco Penta Tbk.,--U-2100000000C141-E---------X,50,0,50,50,50,0,10700,535000,5,35.2,50,2314300,0,0,3343935022,3343935022,1203482214,0,0,0,0,0
2023-05-22,INTA,Intraco Penta Tbk.,--U-2100000000C141-E---------X,50,0,50,50,50,0,301900,15095000,15,35.2,50,1576800,0,0,3343935022,3343935022,1203482214,0,0,0,0,0
2023-05-19,INTA,Intraco Penta Tbk.,--U-2100000000C141-E---------X,50,0,50,50,50,0,100500,5025000,6,35.2,50,1838200,0,0,3343935022,3343935022,1203482214,0,0,0,0,0
2023-05-17,INTA,Intraco Penta Tbk.,--U-2100000000C141-E---------X,50,0,50,50,50,0,157600,7880000,4,35.2,50,1428000,0,0,3343935022,3343935022,1203482214,0,0,0,0,0
2023-05-16,INTA,Intraco Penta Tbk.,--U-2100000000C141-E---------X,50,0,50,50,50,0,42000,2100000,6,35.2,50,1858500,0,0,3343935022,3343935022,1203482214,0,0,0,0,0
2023-05-15,INTA,Intraco Penta Tbk.,--U-2100000000C141-E---------X,50,0,50,50,50,0,260000,13000000,16,35.2,50,1774800,0,0,3343935022,3343935022,1203482214,0,0,0,0,0
2023-05-12,INTA,Intraco Penta Tbk.,--U-2100000000C141-E---------X,50,0,50,50,50,0,3900,195000,6,35.2,50,853700,0,0,3343935022,3343935022,1203482214,0,0,0,0,0
2023-05-11,INTA,Intraco Penta Tbk.,--U-2100000000C141-E---------X,50,0,50,50,50,0,10500,525000,5,35.2,50,2098300,0,0,3343935022,3343935022,1203482214,0,10000,0,0,0
2023-05-10,INTA,Intraco Penta Tbk.,--U-2100000000C141-E---------X,50,0,50,50,50,0,19000,950000,12,35.2,50,750500,0,0,3343935022,3343935022,1203482214,0,10000,0,0,0
2023-05-09,INTA,Intraco Penta Tbk.,--U-2100000000C141-E---------X,50,0,50,50,50,0,2100,105000,9,35.2,50,875400,0,0,3343935022,3343935022,1203482214,0,0,0,0,0
2023-05-08,INTA,Intraco Penta Tbk.,--U-2100000000C141-E---------X,50,0,50,50,50,0,57000,2850000,8,35.2,50,1062200,0,0,3343935022,3343935022,1203482214,0,0,0,0,0
2023-05-05,INTA,Intraco Penta Tbk.,--U-2100000000C141-E---------X,50,0,50,50,50,0,2200,110000,3,35.2,50,616800,0,0,3343935022,3343935022,1203482214,0,0,0,0,0
2023-05-04,INTA,Intraco Penta Tbk.,--U-2100000000C141-E---------X,50,0,50,50,50,0,33600,1680000,8,35.2,50,2289200,0,0,3343935022,3343935022,1203482214,0,0,0,0,0
2023-05-03,INTA,Intraco Penta Tbk.,--U-2100000000C141-E---------X,52,0,54,50,50,-2,715900,35858600,43,35.2,50,1642000,0,0,3343935022,3343935022,1203482214,0,0,0,0,0
2023-05-02,INTA,Intraco Penta Tbk.,--U-2100000000C141-E---------X,50,0,54,50,52,2,904400,46331000,105,36.7,52,14200,50,87100,3343935022,3343935022,1203482214,0,0,0,0,0
2023-04-28,INTA,Intraco Penta Tbk.,--U-2100000000C141-E---------X,50,0,51,50,50,0,112600,5631800,30,35.2,50,13000,0,0,3343935022,3343935022,1203482214,0,0,0,0,0
2023-04-27,INTA,Intraco Penta Tbk.,--U-2100000000C141-E---------X,50,0,54,50,50,0,526800,26413000,149,35.2,50,11500,0,0,3343935022,3343935022,1203482214,500,0,0,0,0
2023-04-26,INTA,Intraco Penta Tbk.,--U-2100000000C141-E---------X,50,0,50,50,50,0,13300,665000,6,35.2,50,240500,0,0,3343935022,3343935022,1203482214,0,0,0,0,0
2023-04-18,INTA,Intraco Penta Tbk.,--U-2100000000C141-E---------X,51,0,55,50,50,-1,762200,38154200,63,35.2,50,238000,0,0,3343935022,3343935022,1203482214,0,0,0,0,0
2023-04-17,INTA,Intraco Penta Tbk.,--U-2100000000C141-E---------X,50,0,55,50,51,1,927200,46819600,128,36.0,52,4000,51,469600,3343935022,3343935022,1203482214,22500,0,0,0,0
2023-04-14,INTA,Intraco Penta Tbk.,--U-2100000000C141-E---------X,51,0,50,50,50,-1,342200,17110000,24,35.2,50,723100,0,0,3343935022,3343935022,1203482214,0,0,0,0,0
2023-04-13,INTA,Intraco Penta Tbk.,--U-2100000000C141-E---------X,54,0,51,51,51,-3,165400,8435400,11,36.0,51,441200,0,0,3343935022,3343935022,1203482214,0,0,0,0,0
2023-04-12,INTA,Intraco Penta Tbk.,--U-2100000000C141-E---------X,57,0,54,54,54,-3,52300,2824200,68,38.1,54,1423100,0,0,3343935022,3343935022,1203482214,0,0,0,0,0
2023-04-11,INTA,Intraco Penta Tbk.,--U-2100000000C141-E---------X,61,0,57,57,57,-4,27300,1556100,16,40.2,57,1007600,0,0,3343935022,3343935022,1203482214,0,0,0,0,0
2023-04-10,INTA,Intraco Penta Tbk.,--U-2100000000C141-E---------X,65,0,61,61,61,-4,25400,1549400,12,43.0,61,2832900,0,0,3343935022,3343935022,1203482214,0,0,0,0,0
2023-04-06,INTA,Intraco Penta Tbk.,--U-2100000000C141-E---------X,69,0,65,65,65,-4,10700,695500,32,45.8,65,2075800,0,0,3343935022,3343935022,1203482214,0,0,0,0,0
2023-04-05,INTA,Intraco Penta Tbk.,--U-2100000000C141-E---------X,74,0,70,69,69,-5,10800,750400,58,48.6,69,362400,0,0,3343935022,3343935022,1203482214,0,0,0,0,0
2023-04-04,INTA,Intraco Penta Tbk.,--U-2100000000C141-E---------X,74,0,0,0,74,0,0,0,0,52.2,0,0,0,0,3343935022,3343935022,1203482214,0,0,0,0,0
2023-04-03,INTA,Intraco Penta Tbk.,--U-2100000000C141-ED--------X,74,0,0,0,74,0,0,0,0,52.2,0,0,0,0,3343935022,3343935022,1203482214,0,0,0,0,0
2023-03-31,INTA,Intraco Penta Tbk.,--U-2100000000C141-ED--------X,74,0,0,0,74,0,0,0,0,52.2,0,0,0,0,3343935022,3343935022,1203482214,0,0,0,0,0
2023-03-30,INTA,Intraco Penta Tbk.,--U-2100000000C141-ED--------X,74,0,0,0,74,0,0,0,0,52.2,0,0,0,0,3343935022,3343935022,1203482214,0,0,0,0,0
2023-03-29,INTA,Intraco Penta Tbk.,--U-2100000000C141-ED--------X,74,0,0,0,74,0,0,0,0,52.2,0,0,0,0,3343935022,3343935022,1203482214,0,0,0,0,0
2023-03-28,INTA,Intraco Penta Tbk.,--U-2100000000C141-ED--------X,74,0,0,0,74,0,0,0,0,52.2,0,0,0,0,3343935022,3343935022,1203482214,0,0,0,0,0
2023-03-27,INTA,Intraco Penta Tbk.,--U-2100000000C141-ED--------X,74,0,0,0,74,0,0,0,0,52.2,0,0,0,0,3343935022,3343935022,1203482214,0,0,0,0,0
2023-03-24,INTA,Intraco Penta Tbk.,--U-2100000000C141-ED--------X,74,0,0,0,74,0,0,0,0,52.2,0,0,0,0,3343935022,3343935022,1203482214,0,0,0,0,0
2023-03-21,INTA,Intraco Penta Tbk.,--U-2100000000C141-ED--------X,74,0,0,0,74,0,0,0,0,52.2,0,0,0,0,3343935022,3343935022,1203482214,0,0,0,0,0
2023-03-20,INTA,Intraco Penta Tbk.,--U-2100000000C141-ED--------X,74,0,0,0,74,0,0,0,0,52.2,0,0,0,0,3343935022,3343935022,1203482214,0,0,0,0,0
2023-03-17,INTA,Intraco Penta Tbk.,--U-2100000000C141-ED--------X,74,0,0,0,74,0,0,0,0,52.2,0,0,0,0,3343935022,3343935022,1203482214,0,0,0,0,0
2023-03-16,INTA,Intraco Penta Tbk.,--U-2100000000C141-ED--------X,74,0,0,0,74,0,0,0,0,52.2,0,0,0,0,3343935022,3343935022,1203482214,0,0,0,0,0
2023-03-15,INTA,Intraco Penta Tbk.,--U-2100000000C141-ED--------X,74,0,0,0,74,0,0,0,0,52.2,0,0,0,0,3343935022,3343935022,1203482214,0,0,0,0,0
2023-03-14,INTA,Intraco Penta Tbk.,--U-2100000000C141-ED--------X,74,0,0,0,74,0,0,0,0,52.2,0,0,0,0,3343935022,3343935022,1203482214,0,0,0,0,0
2023-03-13,INTA,Intraco Penta Tbk.,--U-2100000000C141-ED--------X,74,0,0,0,74,0,0,0,0,52.2,0,0,0,0,3343935022,3343935022,1203482214,0,0,0,0,0
2023-03-10,INTA,Intraco Penta Tbk.,--U-2100000000C141-ED--------X,74,0,0,0,74,0,0,0,0,52.2,0,0,0,0,3343935022,3343935022,1203482214,0,0,0,0,0
2023-03-09,INTA,Intraco Penta Tbk.,--U-2100000000C141-ED--------X,74,0,0,0,74,0,0,0,0,52.2,0,0,0,0,3343935022,3343935022,1203482214,0,0,0,0,0
2023-03-08,INTA,Intraco Penta Tbk.,--U-2100000000C141-ED--------X,74,0,0,0,74,0,0,0,0,52.2,0,0,0,0,3343935022,3343935022,1203482214,0,0,0,0,0
2023-03-07,INTA,Intraco Penta Tbk.,--U-2100000000C141-ED--------X,74,0,0,0,74,0,0,0,0,52.2,0,0,0,0,3343935022,3343935022,1203482214,0,0,0,0,0
2023-03-06,INTA,Intraco Penta Tbk.,--U-2100000000C141-ED--------X,74,0,0,0,74,0,0,0,0,52.2,0,0,0,0,3343935022,3343935022,1203482214,0,0,0,0,0
2023-03-03,INTA,Intraco Penta Tbk.,--U-2100000000C141-ED--------X,74,0,0,0,74,0,0,0,0,52.2,0,0,0,0,3343935022,3343935022,1203482214,0,0,0,0,0
2023-03-02,INTA,Intraco Penta Tbk.,--U-2100000000C141-ED--------X,74,0,0,0,74,0,0,0,0,52.2,0,0,0,0,3343935022,3343935022,1203482214,0,0,0,0,0
2023-03-01,INTA,Intraco Penta Tbk.,--U-2100000000C141-ED--------X,74,0,0,0,74,0,0,0,0,52.2,0,0,0,0,3343935022,3343935022,1203482214,0,0,0,0,0
2023-02-28,INTA,Intraco Penta Tbk.,--U-2100000000C141-ED--------X,74,0,0,0,74,0,0,0,0,52.2,0,0,0,0,3343935022,3343935022,1203482214,0,0,0,0,0
2023-02-27,INTA,Intraco Penta Tbk.,--U-2100000000C141-ED--------X,74,0,0,0,74,0,0,0,0,52.2,0,0,0,0,3343935022,3343935022,1203482214,0,0,0,0,0
2023-02-24,INTA,Intraco Penta Tbk.,--U-2100000000C141-ED--------X,74,0,0,0,74,0,0,0,0,52.2,0,0,0,0,3343935022,3343935022,1203482214,0,0,0,0,0
2023-02-23,INTA,Intraco Penta Tbk.,--U-2100000000C141-ED--------X,74,0,0,0,74,0,0,0,0,52.2,0,0,0,0,3343935022,3343935022,1203482214,0,0,0,0,0
2023-02-22,INTA,Intraco Penta Tbk.,--U-2100000000C141-ED--------X,74,0,0,0,74,0,0,0,0,52.2,0,0,0,0,3343935022,3343935022,1203482214,0,0,0,0,0
2023-02-21,INTA,Intraco Penta Tbk.,--U-2100000000C141-ED--------X,74,0,0,0,74,0,0,0,0,52.2,0,0,0,0,3343935022,3343935022,1203482214,0,0,0,0,0
2023-02-20,INTA,Intraco Penta Tbk.,--U-2100000000C141-ED--------X,74,0,0,0,74,0,0,0,0,52.2,0,0,0,0,3343935022,3343935022,1203482214,0,0,0,0,0
2023-02-17,INTA,Intraco Penta Tbk.,--U-2100000000C141-ED--------X,74,0,0,0,74,0,0,0,0,52.2,0,0,0,0,3343935022,3343935022,1203482214,0,0,0,0,0
2023-02-16,INTA,Intraco Penta Tbk.,--U-2100000000C141-ED--------X,74,0,0,0,74,0,0,0,0,52.2,0,0,0,0,3343935022,3343935022,1203482214,0,0,0,0,0
2023-02-15,INTA,Intraco Penta Tbk.,--U-2100000000C141-ED--------X,74,0,0,0,74,0,0,0,0,52.2,0,0,0,0,3343935022,3343935022,1203482214,0,0,0,0,0
2023-02-14,INTA,Intraco Penta Tbk.,--U-2100000000C141-ED--------X,74,0,0,0,74,0,0,0,0,52.2,0,0,0,0,3343935022,3343935022,1203482214,0,0,0,0,0
2023-02-13,INTA,Intraco Penta Tbk.,--U-2100000000C141-ED--------X,74,0,0,0,74,0,0,0,0,52.2,0,0,0,0,3343935022,3343935022,1203482214,0,0,0,0,0
2023-02-10,INTA,Intraco Penta Tbk.,--U-2100000000C141-ED--------X,74,0,0,0,74,0,0,0,0,52.2,0,0,0,0,3343935022,3343935022,1203482214,0,0,0,0,0
2023-02-09,INTA,Intraco Penta Tbk.,--U-2100000000C141-ED--------X,74,0,0,0,74,0,0,0,0,52.2,0,0,0,0,3343935022,3343935022,1203482214,0,0,0,0,0
2023-02-08,INTA,Intraco Penta Tbk.,--U-2100000000C141-ED--------X,74,0,0,0,74,0,0,0,0,52.2,0,0,0,0,3343935022,3343935022,1203482214,0,0,0,0,0
2023-02-07,INTA,Intraco Penta Tbk.,--U-2100000000C141-ED--------X,74,0,0,0,74,0,0,0,0,52.2,0,0,0,0,3343935022,3343935022,1203482214,0,0,0,0,0
2023-02-03,INTA,Intraco Penta Tbk.,--U-2100000000C141-ED--------X,74,0,0,0,74,0,0,0,0,52.2,0,0,0,0,3343935022,3343935022,1203482214,0,0,0,0,0
2023-02-02,INTA,Intraco Penta Tbk.,--U-2100000000C141-ED--------X,74,0,0,0,74,0,0,0,0,52.2,0,0,0,0,3343935022,3343935022,1203482214,0,0,0,0,0
2023-02-01,INTA,Intraco Penta Tbk.,--U-2100000000C141-ED--------X,74,0,0,0,74,0,0,0,0,52.2,0,0,0,0,3343935022,3343935022,1203482214,0,0,0,0,0
2023-01-31,INTA,Intraco Penta Tbk.,--U-2100000000C141-ED--------X,74,0,0,0,74,0,0,0,0,52.2,0,0,0,0,3343935022,3343935022,1203482214,0,0,0,0,0
2023-01-30,INTA,Intraco Penta Tbk.,--U-2100000000C141-ED--------X,74,0,0,0,74,0,0,0,0,52.2,0,0,0,0,3343935022,3343935022,1203482214,0,0,0,0,0
2023-01-27,INTA,Intraco Penta Tbk.,--U-2100000000C141-ED--------X,74,0,0,0,74,0,0,0,0,52.2,0,0,0,0,3343935022,3343935022,1203482214,0,0,0,0,0
2023-01-26,INTA,Intraco Penta Tbk.,--U-2100000000C141-ED--------X,74,0,0,0,74,0,0,0,0,52.2,0,0,0,0,3343935022,3343935022,1203482214,0,0,0,0,0
2023-01-25,INTA,Intraco Penta Tbk.,--U-2100000000C141-ED--------X,74,0,0,0,74,0,0,0,0,52.2,0,0,0,0,3343935022,3343935022,1203482214,0,0,0,0,0
2023-01-24,INTA,Intraco Penta Tbk.,--U-2100000000C141-ED--------X,74,0,0,0,74,0,0,0,0,52.2,0,0,0,0,3343935022,3343935022,1203482214,0,0,0,0,0
2023-01-20,INTA,Intraco Penta Tbk.,--U-2100000000C141-ED--------X,74,0,0,0,74,0,0,0,0,52.2,0,0,0,0,3343935022,3343935022,1203482214,0,0,0,0,0
2023-01-19,INTA,Intraco Penta Tbk.,--U-2100000000C141-ED--------X,74,0,0,0,74,0,0,0,0,52.2,0,0,0,0,3343935022,3343935022,1203482214,0,0,0,0,0
2023-01-18,INTA,Intraco Penta Tbk.,--U-2100000000C141-ED--------X,74,0,0,0,74,0,0,0,0,52.2,0,0,0,0,3343935022,3343935022,1203482214,0,0,0,0,0
2023-01-17,INTA,Intraco Penta Tbk.,--U-2100000000C141-ED--------X,74,0,0,0,74,0,0,0,0,52.2,0,0,0,0,3343935022,3343935022,1203482214,0,0,0,0,0
2023-01-16,INTA,Intraco Penta Tbk.,--U-2100000000C141-ED--------X,74,0,0,0,74,0,0,0,0,52.2,0,0,0,0,3343935022,3343935022,1203482214,0,0,0,0,0
2023-01-13,INTA,Intraco Penta Tbk.,--U-2100000000C141-ED--------X,74,0,0,0,74,0,0,0,0,52.2,0,0,0,0,3343935022,3343935022,1203482214,0,0,0,0,0
2023-01-12,INTA,Intraco Penta Tbk.,--U-2100000000C141-ED--------X,74,0,0,0,74,0,0,0,0,52.2,0,0,0,0,3343935022,3343935022,1203482214,0,0,0,0,0
2023-01-11,INTA,Intraco Penta Tbk.,--U-2100000000C141-ED--------X,74,0,0,0,74,0,0,0,0,52.2,0,0,0,0,3343935022,3343935022,1203482214,0,0,0,0,0
2023-01-10,INTA,Intraco Penta Tbk.,--U-2100000000C141-ED--------X,74,0,0,0,74,0,0,0,0,52.2,0,0,0,0,3343935022,3343935022,1203482214,0,0,0,0,0
2023-01-09,INTA,Intraco Penta Tbk.,--U-2100000000C141-ED--------X,74,0,0,0,74,0,0,0,0,52.2,0,0,0,0,3343935022,3343935022,1203482214,0,0,0,0,0
2023-01-06,INTA,Intraco Penta Tbk.,--U-2100000000C141-ED--------X,74,0,0,0,74,0,0,0,0,52.2,0,0,0,0,3343935022,3343935022,1203482214,0,0,0,0,0
2023-01-05,INTA,Intraco Penta Tbk.,--U-2100000000C141-ED--------X,74,0,0,0,74,0,0,0,0,52.2,0,0,0,0,3343935022,3343935022,1203482214,0,0,0,0,0
2023-01-04,INTA,Intraco Penta Tbk.,--U-2100000000C141-ED--------X,74,0,0,0,74,0,0,0,0,52.2,0,0,0,0,3343935022,3343935022,1203482214,0,0,0,0,0
2023-01-03,INTA,Intraco Penta Tbk.,--U-2100000000C141-ED--------X,74,0,0,0,74,0,0,0,0,52.2,0,0,0,0,3343935022,3343935022,1203482214,0,0,0,0,0
2023-01-02,INTA,Intraco Penta Tbk.,--U-2100000000C141-ED--------X,74,0,0,0,74,0,0,0,0,52.2,0,0,0,0,3343935022,3343935022,1203482214,0,0,0,0,0
2022-12-30,INTA,Intraco Penta Tbk.,--U-2100000000C141-ED--------X,74,0,0,0,74,0,0,0,0,52.2,0,0,0,0,3343935022,3343935022,1203482214,0,0,0,0,0
2022-12-29,INTA,Intraco Penta Tbk.,--U-2100000000C141-ED--------X,74,0,0,0,74,0,0,0,0,52.2,0,0,0,0,3343935022,3343935022,1203482214,0,0,0,0,0
2022-12-28,INTA,Intraco Penta Tbk.,--U-2100000000C141-ED--------X,74,0,0,0,74,0,0,0,0,52.2,0,0,0,0,3343935022,3343935022,1203482214,0,0,0,0,0
2022-12-27,INTA,Intraco Penta Tbk.,--U-2100000000C141-ED--------X,74,0,0,0,74,0,0,0,0,52.2,0,0,0,0,3343935022,3343935022,1203482214,0,0,0,0,0
2022-12-26,INTA,Intraco Penta Tbk.,--U-2100000000C141-ED--------X,74,0,0,0,74,0,0,0,0,52.2,0,0,0,0,3343935022,3343935022,1203482214,0,0,0,0,0
2022-12-23,INTA,Intraco Penta Tbk.,--U-2100000000C141-ED--------X,74,0,0,0,74,0,0,0,0,52.2,0,0,0,0,3343935022,3343935022,1203482214,0,0,0,0,0
2022-12-22,INTA,Intraco Penta Tbk.,--U-2100000000C141-ED--------X,74,0,0,0,74,0,0,0,0,52.2,0,0,0,0,3343935022,3343935022,1203482214,0,0,0,0,0
2022-12-21,INTA,Intraco Penta Tbk.,--U-2100000000C141-ED--------X,74,0,0,0,74,0,0,0,0,52.2,0,0,0,0,3343935022,3343935022,1203482214,0,0,0,0,0
2022-12-20,INTA,Intraco Penta Tbk.,--U-2100000000C141-ED--------X,74,0,0,0,74,0,0,0,0,52.2,0,0,0,0,3343935022,3343935022,1203482214,0,0,0,0,0
2022-12-19,INTA,Intraco Penta Tbk.,--U-2100000000C141-ED--------X,74,0,0,0,74,0,0,0,0,52.2,0,0,0,0,3343935022,3343935022,1203482214,0,0,0,0,0
2022-12-16,INTA,Intraco Penta Tbk.,--U-2100000000C141-ED--------X,74,0,0,0,74,0,0,0,0,52.2,0,0,0,0,3343935022,3343935022,1203482214,0,0,0,0,0
2022-12-15,INTA,Intraco Penta Tbk.,--U-2100000000C141-ED--------X,74,0,0,0,74,0,0,0,0,52.2,0,0,0,0,3343935022,3343935022,1203482214,0,0,0,0,0
2022-12-14,INTA,Intraco Penta Tbk.,--U-2100000000C141-ED--------X,74,0,0,0,74,0,0,0,0,52.2,0,0,0,0,3343935022,3343935022,1203482214,0,0,0,0,0
2022-12-13,INTA,Intraco Penta Tbk.,--U-2100000000C141-ED--------X,74,0,0,0,74,0,0,0,0,52.2,0,0,0,0,3343935022,3343935022,1203482214,0,0,0,0,0
2022-12-12,INTA,Intraco Penta Tbk.,--U-2100000000C141-ED--------X,74,0,0,0,74,0,0,0,0,52.2,0,0,0,0,3343935022,3343935022,1203482214,0,0,0,0,0
2022-12-09,INTA,Intraco Penta Tbk.,--U-2100000000C141-ED--------X,74,0,0,0,74,0,0,0,0,52.2,0,0,0,0,3343935022,3343935022,1203482214,0,0,0,0,0
2022-12-08,INTA,Intraco Penta Tbk.,--U-2100000000C141-ED--------X,74,0,0,0,74,0,0,0,0,52.2,0,0,0,0,3343935022,3343935022,1203482214,0,0,0,0,0
2022-12-07,INTA,Intraco Penta Tbk.,--U-2100000000C141-ED--------X,74,0,0,0,74,0,0,0,0,52.2,0,0,0,0,3343935022,3343935022,1203482214,0,0,0,0,0
2022-12-06,INTA,Intraco Penta Tbk.,--U-2100000000C141-ED--------X,74,0,0,0,74,0,0,0,0,52.2,0,0,0,0,3343935022,3343935022,1203482214,0,0,0,0,0
2022-12-05,INTA,Intraco Penta Tbk.,--U-2100000000C141-ED--------X,74,0,0,0,74,0,0,0,0,52.2,0,0,0,0,3343935022,3343935022,1203482214,0,0,0,0,0
2022-12-02,INTA,Intraco Penta Tbk.,--U-2100000000C141-ED--------X,74,0,0,0,74,0,0,0,0,52.2,0,0,0,0,3343935022,3343935022,1203482214,0,0,0,0,0
2022-12-01,INTA,Intraco Penta Tbk.,--U-2100000000C141-ED--------X,74,0,0,0,74,0,0,0,0,52.2,0,0,0,0,3343935022,3343935022,1203482214,0,0,0,0,0
2022-11-30,INTA,Intraco Penta Tbk.,--U-2100000000C141-ED--------X,74,0,0,0,74,0,0,0,0,52.2,0,0,0,0,3343935022,3343935022,1203482214,0,0,0,0,0
2022-11-29,INTA,Intraco Penta Tbk.,--U-2100000000C141-ED--------X,74,0,0,0,74,0,0,0,0,52.2,0,0,0,0,3343935022,3343935022,1203482214,0,0,0,0,0
2022-11-28,INTA,Intraco Penta Tbk.,--U-2100000000C141-ED--------X,74,0,0,0,74,0,0,0,0,52.2,0,0,0,0,3343935022,3343935022,1203482214,0,0,0,0,0
2022-11-25,INTA,Intraco Penta Tbk.,--U-2100000000C141-ED--------X,74,0,0,0,74,0,0,0,0,52.2,0,0,0,0,3343935022,3343935022,1203482214,0,0,0,0,0
2022-11-24,INTA,Intraco Penta Tbk.,--U-2100000000C141-ED--------X,74,0,0,0,74,0,0,0,0,52.2,0,0,0,0,3343935022,3343935022,1203482214,0,0,0,0,0
2022-11-23,INTA,Intraco Penta Tbk.,--U-2100000000C141-ED--------X,74,0,0,0,74,0,0,0,0,52.2,0,0,0,0,3343935022,3343935022,1203482214,0,0,0,0,0
2022-11-22,INTA,Intraco Penta Tbk.,--U-2100000000C141-ED--------X,74,0,0,0,74,0,0,0,0,52.2,0,0,0,0,3343935022,3343935022,1203482214,0,0,0,0,0
2022-11-21,INTA,Intraco Penta Tbk.,--U-2100000000C141-ED--------X,74,0,0,0,74,0,0,0,0,52.2,0,0,0,0,3343935022,3343935022,1203482214,0,0,0,0,0
2022-11-18,INTA,Intraco Penta Tbk.,--U-2100000000C141-ED--------X,74,0,0,0,74,0,0,0,0,52.2,0,0,0,0,3343935022,3343935022,1203482214,0,0,0,0,0
2022-11-17,INTA,Intraco Penta Tbk.,--U-2100000000C141-ED--------X,74,0,0,0,74,0,0,0,0,52.2,0,0,0,0,3343935022,3343935022,1203482214,0,0,0,0,0
2022-11-16,INTA,Intraco Penta Tbk.,--U-2100000000C141-ED--------X,74,0,0,0,74,0,0,0,0,52.2,0,0,0,0,3343935022,3343935022,1203482214,0,0,0,0,0
2022-11-15,INTA,Intraco Penta Tbk.,--U-2100000000C141-ED--------X,74,0,0,0,74,0,0,0,0,52.2,0,0,0,0,3343935022,3343935022,1203482214,0,0,0,0,0
2022-11-14,INTA,Intraco Penta Tbk.,--U-2100000000C141-ED--------X,74,0,0,0,74,0,0,0,0,52.2,0,0,0,0,3343935022,3343935022,1203482214,0,0,0,0,0
2022-11-11,INTA,Intraco Penta Tbk.,--U-2100000000C141-ED--------X,74,0,0,0,74,0,0,0,0,52.2,0,0,0,0,3343935022,3343935022,1203482214,0,0,0,0,0
2022-11-10,INTA,Intraco Penta Tbk.,--U-2100000000C141-ED--------X,74,0,0,0,74,0,0,0,0,52.2,0,0,0,0,3343935022,3343935022,1203482214,0,0,0,0,0
2022-11-09,INTA,Intraco Penta Tbk.,--U-2100000000C141-ED--------X,74,0,0,0,74,0,0,0,0,52.2,0,0,0,0,3343935022,3343935022,1203482214,0,0,0,0,0
2022-11-08,INTA,Intraco Penta Tbk.,--U-2100000000C141-ED--------X,74,0,0,0,74,0,0,0,0,52.2,0,0,0,0,3343935022,3343935022,1203482214,0,0,0,0,0
2022-11-07,INTA,Intraco Penta Tbk.,--U-2100000000C141-ED--------X,74,0,0,0,74,0,0,0,0,52.2,0,0,0,0,3343935022,3343935022,1203482214,0,0,0,0,0
2022-11-04,INTA,Intraco Penta Tbk.,--U-2100000000C141-ED--------X,74,0,0,0,74,0,0,0,0,52.2,0,0,0,0,3343935022,3343935022,1203482214,0,0,0,0,0
2022-11-03,INTA,Intraco Penta Tbk.,--U-2100000000C141-ED--------X,74,0,0,0,74,0,0,0,0,52.2,0,0,0,0,3343935022,3343935022,1203482214,0,0,0,0,0
2022-11-02,INTA,Intraco Penta Tbk.,--U-2100000000C141-ED--------X,74,0,0,0,74,0,0,0,0,52.2,0,0,0,0,3343935022,3343935022,1203482214,0,0,0,0,0
2022-11-01,INTA,Intraco Penta Tbk.,--U-2100000000C141-ED--------X,74,0,0,0,74,0,0,0,0,52.2,0,0,0,0,3343935022,3343935022,1203482214,0,0,0,0,0
2022-10-31,INTA,Intraco Penta Tbk.,--U-2100000000C141-ED--------X,74,0,0,0,74,0,0,0,0,52.2,0,0,0,0,3343935022,3343935022,1203482214,0,0,0,0,0
2022-10-28,INTA,Intraco Penta Tbk.,--U-2100000000C141-ED--------X,74,0,0,0,74,0,0,0,0,52.2,0,0,0,0,3343935022,3343935022,1203482214,0,0,0,0,0
2022-10-27,INTA,Intraco Penta Tbk.,--U-2100000000C141-ED--------X,74,0,0,0,74,0,0,0,0,52.2,0,0,0,0,3343935022,3343935022,1203482214,0,0,0,0,0
2022-10-26,INTA,Intraco Penta Tbk.,--U-2100000000C141-ED--------X,74,0,0,0,74,0,0,0,0,52.2,0,0,0,0,3343935022,3343935022,1203482214,0,0,0,0,0
2022-10-25,INTA,Intraco Penta Tbk.,--U-2100000000C141-ED--------X,74,0,0,0,74,0,0,0,0,52.2,0,0,0,0,3343935022,3343935022,1203482214,0,0,0,0,0
2022-10-24,INTA,Intraco Penta Tbk.,--U-2100000000C141-ED--------X,74,0,0,0,74,0,0,0,0,52.2,0,0,0,0,3343935022,3343935022,1203482214,0,0,0,0,0
2022-10-21,INTA,Intraco Penta Tbk.,--U-2100000000C141-ED--------X,74,0,0,0,74,0,0,0,0,52.2,0,0,0,0,3343935022,3343935022,1203482214,0,0,0,0,0
2022-10-20,INTA,Intraco Penta Tbk.,--U-2100000000C141-ED--------X,74,0,0,0,74,0,0,0,0,52.2,0,0,0,0,3343935022,3343935022,1203482214,0,0,0,0,0
2022-10-19,INTA,Intraco Penta Tbk.,--U-2100000000C141-ED--------X,74,0,0,0,74,0,0,0,0,52.2,0,0,0,0,3343935022,3343935022,1203482214,0,0,0,0,0
2022-10-18,INTA,Intraco Penta Tbk.,--U-2100000000C141-ED--------X,74,0,0,0,74,0,0,0,0,52.2,0,0,0,0,3343935022,3343935022,1203482214,0,0,0,0,0
2022-10-17,INTA,Intraco Penta Tbk.,--U-2100000000C141-ED--------X,74,0,0,0,74,0,0,0,0,52.2,0,0,0,0,3343935022,3343935022,1203482214,0,0,0,0,0
2022-10-14,INTA,Intraco Penta Tbk.,--U-2100000000C141-ED--------X,74,0,0,0,74,0,0,0,0,52.2,0,0,0,0,3343935022,3343935022,1203482214,0,0,0,0,0
2022-10-13,INTA,Intraco Penta Tbk.,--U-2100000000C141-ED--------X,74,0,0,0,74,0,0,0,0,52.2,0,0,0,0,3343935022,3343935022,1203482214,0,0,0,0,0
2022-10-12,INTA,Intraco Penta Tbk.,--U-2100000000C141-ED--------X,74,0,0,0,74,0,0,0,0,52.2,0,0,0,0,3343935022,3343935022,1203482214,0,0,0,0,0
2022-10-11,INTA,Intraco Penta Tbk.,--U-2100000000C141-ED--------X,74,0,0,0,74,0,0,0,0,52.2,0,0,0,0,3343935022,3343935022,1203482214,0,0,0,0,0
2022-10-10,INTA,Intraco Penta Tbk.,--U-2100000000C141-ED--------X,74,0,0,0,74,0,0,0,0,52.2,0,0,0,0,3343935022,3343935022,1203482214,0,0,0,0,0
2022-10-07,INTA,Intraco Penta Tbk.,--U-2100000000C141-ED--------X,74,0,0,0,74,0,0,0,0,52.2,0,0,0,0,3343935022,3343935022,1203482214,0,0,0,0,0
2022-10-06,INTA,Intraco Penta Tbk.,--U-2100000000C141-ED--------X,74,0,0,0,74,0,0,0,0,52.2,0,0,0,0,3343935022,3343935022,1203482214,0,0,0,0,0
2022-10-05,INTA,Intraco Penta Tbk.,--U-2100000000C141-ED--------X,74,0,0,0,74,0,0,0,0,52.2,0,0,0,0,3343935022,3343935022,1203482214,0,0,0,0,0
2022-10-04,INTA,Intraco Penta Tbk.,--U-2100000000C141-ED--------X,74,0,0,0,74,0,0,0,0,52.2,0,0,0,0,3343935022,3343935022,1203482214,0,0,0,0,0
2022-10-03,INTA,Intraco Penta Tbk.,--U-2100000000C141-ED--------X,74,0,0,0,74,0,0,0,0,52.2,0,0,0,0,3343935022,3343935022,1203482214,0,0,0,0,0
2022-09-30,INTA,Intraco Penta Tbk.,--U-2100000000C141-ED--------X,74,0,0,0,74,0,0,0,0,52.2,0,0,0,0,3343935022,3343935022,1095807507,0,0,0,0,0
2022-09-29,INTA,Intraco Penta Tbk.,--U-2100000000C141-ED--------X,74,0,0,0,74,0,0,0,0,52.2,0,0,0,0,3343935022,3343935022,1095807507,0,0,0,0,0
2022-09-28,INTA,Intraco Penta Tbk.,--U-2100000000C141-ED--------X,74,0,0,0,74,0,0,0,0,52.2,0,0,0,0,3343935022,3343935022,1095807507,0,0,0,0,0
2022-09-27,INTA,Intraco Penta Tbk.,--U-2100000000C141-ED--------X,74,0,0,0,74,0,0,0,0,52.2,0,0,0,0,3343935022,3343935022,1095807507,0,0,0,0,0
2022-09-26,INTA,Intraco Penta Tbk.,--U-2100000000C141-ED--------X,74,0,0,0,74,0,0,0,0,52.2,0,0,0,0,3343935022,3343935022,1095807507,0,0,0,0,0
2022-09-23,INTA,Intraco Penta Tbk.,--U-2100000000C141-ED--------X,74,0,0,0,74,0,0,0,0,52.2,0,0,0,0,3343935022,3343935022,1095807507,0,0,0,0,0
2022-09-22,INTA,Intraco Penta Tbk.,--U-2100000000C141-ED--------X,74,0,0,0,74,0,0,0,0,52.2,0,0,0,0,3343935022,3343935022,1095807507,0,0,0,0,0
2022-09-21,INTA,Intraco Penta Tbk.,--U-2100000000C141-ED--------X,74,0,0,0,74,0,0,0,0,52.2,0,0,0,0,3343935022,3343935022,1095807507,0,0,0,0,0
2022-09-20,INTA,Intraco Penta Tbk.,--U-2100000000C141-ED--------X,74,0,0,0,74,0,0,0,0,52.2,0,0,0,0,3343935022,3343935022,1095807507,0,0,0,0,0
2022-09-19,INTA,Intraco Penta Tbk.,--U-2100000000C141-ED--------X,74,0,0,0,74,0,0,0,0,52.2,0,0,0,0,3343935022,3343935022,1095807507,0,0,0,0,0
2022-09-16,INTA,Intraco Penta Tbk.,--U-2100000000C141-ED--------X,74,0,0,0,74,0,0,0,0,52.2,0,0,0,0,3343935022,3343935022,1095807507,0,0,0,0,0
2022-09-15,INTA,Intraco Penta Tbk.,--U-2100000000C141-ED--------X,74,0,0,0,74,0,0,0,0,52.2,0,0,0,0,3343935022,3343935022,1095807507,0,0,0,0,0
2022-09-14,INTA,Intraco Penta Tbk.,--U-2100000000C141-ED--------X,74,0,0,0,74,0,0,0,0,52.2,0,0,0,0,3343935022,3343935022,1095807507,0,0,0,0,0
2022-09-13,INTA,Intraco Penta Tbk.,--U-2100000000C141-ED--------X,74,0,0,0,74,0,0,0,0,52.2,0,0,0,0,3343935022,3343935022,1095807507,0,0,0,0,0
2022-09-12,INTA,Intraco Penta Tbk.,--U-2100000000C141-ED--------X,74,0,0,0,74,0,0,0,0,52.2,0,0,0,0,3343935022,3343935022,1095807507,0,0,0,0,0
2022-09-09,INTA,Intraco Penta Tbk.,--U-2100000000C141-ED--------X,74,0,0,0,74,0,0,0,0,52.2,0,0,0,0,3343935022,3343935022,1095807507,0,0,0,0,0
2022-09-08,INTA,Intraco Penta Tbk.,--U-2100000000C141-ED--------X,74,0,0,0,74,0,0,0,0,52.2,0,0,0,0,3343935022,3343935022,1095807507,0,0,0,0,0
2022-09-07,INTA,Intraco Penta Tbk.,--U-2100000000C141-ED--------X,74,0,0,0,74,0,0,0,0,52.2,0,0,0,0,3343935022,3343935022,1095807507,0,0,0,0,0
2022-09-06,INTA,Intraco Penta Tbk.,--U-2100000000C141-ED--------X,74,0,0,0,74,0,0,0,0,52.2,0,0,0,0,3343935022,3343935022,1095807507,0,0,0,0,0
2022-09-05,INTA,Intraco Penta Tbk.,--U-2100000000C141-ED--------X,74,0,0,0,74,0,0,0,0,52.2,0,0,0,0,3343935022,3343935022,1095807507,0,0,0,0,0
2022-09-02,INTA,Intraco Penta Tbk.,--U-2100000000C141-ED--------X,74,0,0,0,74,0,0,0,0,52.2,0,0,0,0,3343935022,3343935022,1095807507,0,0,0,0,0
2022-09-01,INTA,Intraco Penta Tbk.,--U-2100000000C141-ED--------X,74,0,0,0,74,0,0,0,0,52.2,0,0,0,0,3343935022,3343935022,1095807507,0,0,0,0,0
2022-08-31,INTA,Intraco Penta Tbk.,--U-2100000000C141-ED--------X,74,0,0,0,74,0,0,0,0,52.2,0,0,0,0,3343935022,3343935022,1095807507,0,0,0,0,0
2022-08-30,INTA,Intraco Penta Tbk.,--U-2100000000C141-ED--------X,74,0,0,0,74,0,0,0,0,52.2,0,0,0,0,3343935022,3343935022,1095807507,0,0,0,0,0
2022-08-29,INTA,Intraco Penta Tbk.,--U-2100000000C141-ED--------X,74,0,0,0,74,0,0,0,0,52.2,0,0,0,0,3343935022,3343935022,1095807507,0,0,0,0,0
2022-08-26,INTA,Intraco Penta Tbk.,--U-2100000000C141-ED--------X,74,0,0,0,74,0,0,0,0,52.2,0,0,0,0,3343935022,3343935022,1095807507,0,0,0,0,0
2022-08-25,INTA,Intraco Penta Tbk.,--U-2100000000C141-ED--------X,74,0,0,0,74,0,0,0,0,52.2,0,0,0,0,3343935022,3343935022,1095807507,0,0,0,0,0
2022-08-24,INTA,Intraco Penta Tbk.,--U-2100000000C141-ED--------X,74,0,0,0,74,0,0,0,0,52.2,0,0,0,0,3343935022,3343935022,1095807507,0,0,0,0,0
2022-08-23,INTA,Intraco Penta Tbk.,--U-2100000000C141-ED--------X,74,0,0,0,74,0,0,0,0,52.2,0,0,0,0,3343935022,3343935022,1095807507,0,0,0,0,0
2022-08-22,INTA,Intraco Penta Tbk.,--U-2100000000C141-ED--------X,74,0,0,0,74,0,0,0,0,52.2,0,0,0,0,3343935022,3343935022,1095807507,0,0,0,0,0
2022-08-19,INTA,Intraco Penta Tbk.,--U-2100000000C141-ED--------X,74,0,0,0,74,0,0,0,0,52.2,0,0,0,0,3343935022,3343935022,1095807507,0,0,0,0,0
2022-08-18,INTA,Intraco Penta Tbk.,--U-2100000000C141-ED--------X,74,0,0,0,74,0,0,0,0,52.2,0,0,0,0,3343935022,3343935022,1095807507,0,0,0,0,0
2022-08-16,INTA,Intraco Penta Tbk.,--U-2100000000C141-ED--------X,74,0,0,0,74,0,0,0,0,52.2,0,0,0,0,3343935022,3343935022,1095807507,0,0,0,0,0
2022-08-15,INTA,Intraco Penta Tbk.,--U-2100000000C141-ED--------X,74,0,0,0,74,0,0,0,0,52.2,0,0,0,0,3343935022,3343935022,1095807507,0,0,0,0,0
2022-08-12,INTA,Intraco Penta Tbk.,--U-2100000000C141-ED--------X,74,0,0,0,74,0,0,0,0,52.2,0,0,0,0,3343935022,3343935022,1095807507,0,0,0,0,0
2022-08-11,INTA,Intraco Penta Tbk.,--U-2100000000C141-ED--------X,74,0,0,0,74,0,0,0,0,52.2,0,0,0,0,3343935022,3343935022,1095807507,0,0,0,0,0
2022-08-10,INTA,Intraco Penta Tbk.,--U-2100000000C141-ED---Q----X,74,0,0,0,74,0,0,0,0,52.2,0,0,0,0,3343935022,3343935022,1095807507,0,0,0,0,0
2022-08-09,INTA,Intraco Penta Tbk.,--U-2100000000C141-ED---Q----X,74,0,0,0,74,0,0,0,0,52.2,0,0,0,0,3343935022,3343935022,1095807507,0,0,0,0,0
2022-08-08,INTA,Intraco Penta Tbk.,--U-2100000000C141-ED---Q----X,74,0,0,0,74,0,0,0,0,52.2,0,0,0,0,3343935022,3343935022,1095807507,0,0,0,0,0
2022-08-05,INTA,Intraco Penta Tbk.,--U-2100000000C141-ED---Q----X,74,0,0,0,74,0,0,0,0,52.2,0,0,0,0,3343935022,3343935022,1095807507,0,0,0,0,0
2022-08-04,INTA,Intraco Penta Tbk.,--U-2100000000C141-ED---Q----X,74,0,0,0,74,0,0,0,0,52.2,0,0,0,0,3343935022,3343935022,1095807507,0,0,0,0,0
2022-08-03,INTA,Intraco Penta Tbk.,--U-2100000000C141-ED---Q----X,74,0,0,0,74,0,0,0,0,52.2,0,0,0,0,3343935022,3343935022,1095807507,0,0,0,0,0
2022-08-02,INTA,Intraco Penta Tbk.,--U-2100000000C141-ED---Q----X,74,0,0,0,74,0,0,0,0,52.2,0,0,0,0,3343935022,3343935022,1095807507,0,0,0,0,0
2022-08-01,INTA,Intraco Penta Tbk.,--U-2100000000C141-ED---Q----X,74,0,0,0,74,0,0,0,0,52.2,0,0,0,0,3343935022,3343935022,1095807507,0,0,0,0,0
2022-07-29,INTA,Intraco Penta Tbk.,--U-2100000000C141-ED---Q----X,74,0,0,0,74,0,0,0,0,52.2,0,0,0,0,3343935022,3343935022,1095807507,0,0,0,0,0
2022-07-28,INTA,Intraco Penta Tbk.,--U-2100000000C141-ED---Q----X,74,0,0,0,74,0,0,0,0,52.2,0,0,0,0,3343935022,3343935022,1095807507,0,0,0,0,0
2022-07-27,INTA,Intraco Penta Tbk.,--U-2100000000C141-ED---Q----X,74,0,0,0,74,0,0,0,0,52.2,0,0,0,0,3343935022,3343935022,1095807507,0,0,0,0,0
2022-07-26,INTA,Intraco Penta Tbk.,--U-2100000000C141-ED---Q----X,74,0,0,0,74,0,0,0,0,52.2,0,0,0,0,3343935022,3343935022,1095807507,0,0,0,0,0
2022-07-25,INTA,Intraco Penta Tbk.,--U-2100000000C141-ED---Q----X,74,0,0,0,74,0,0,0,0,52.2,0,0,0,0,3343935022,3343935022,1095807507,0,0,0,0,0
2022-07-22,INTA,Intraco Penta Tbk.,--U-2100000000C141-ED---Q----X,74,0,0,0,74,0,0,0,0,52.2,0,0,0,0,3343935022,3343935022,1095807507,0,0,0,0,0
2022-07-21,INTA,Intraco Penta Tbk.,--U-2100000000C141-ED---Q----X,74,0,0,0,74,0,0,0,0,52.2,0,0,0,0,3343935022,3343935022,1095807507,0,0,0,0,0
2022-07-20,INTA,Intraco Penta Tbk.,--U-2100000000C141-ED---Q----X,74,0,0,0,74,0,0,0,0,52.2,0,0,0,0,3343935022,3343935022,1095807507,0,0,0,0,0
2022-07-19,INTA,Intraco Penta Tbk.,--U-2100000000C141-ED---Q----X,74,0,0,0,74,0,0,0,0,52.2,0,0,0,0,3343935022,3343935022,1095807507,0,0,0,0,0
2022-07-18,INTA,Intraco Penta Tbk.,--U-2100000000C141-ED---Q----X,74,0,0,0,74,0,0,0,0,52.2,0,0,0,0,3343935022,3343935022,1095807507,0,0,0,0,0
2022-07-15,INTA,Intraco Penta Tbk.,--U-2100000000C141-ED---Q----X,74,0,0,0,74,0,0,0,0,52.2,0,0,0,0,3343935022,3343935022,1095807507,0,0,0,0,0
2022-07-14,INTA,Intraco Penta Tbk.,--U-2100000000C141-ED---Q----X,74,0,0,0,74,0,0,0,0,52.2,0,0,0,0,3343935022,3343935022,1095807507,0,0,0,0,0
2022-07-13,INTA,Intraco Penta Tbk.,--U-2100000000C141-ED---Q----X,74,0,0,0,74,0,0,0,0,52.2,0,0,0,0,3343935022,3343935022,1095807507,0,0,0,0,0
2022-07-12,INTA,Intraco Penta Tbk.,--U-2100000000C141-ED---Q----X,74,0,0,0,74,0,0,0,0,52.2,0,0,0,0,3343935022,3343935022,1095807507,0,0,0,0,0
2022-07-11,INTA,Intraco Penta Tbk.,--U-2100000000C141-ED---Q----X,74,0,0,0,74,0,0,0,0,52.2,0,0,0,0,3343935022,3343935022,1095807507,0,0,0,0,0
2022-07-08,INTA,Intraco Penta Tbk.,--U-2100000000C141-ED---Q----X,74,0,0,0,74,0,0,0,0,52.2,0,0,0,0,3343935022,3343935022,1095807507,0,0,0,0,0
2022-07-07,INTA,Intraco Penta Tbk.,--U-2100000000C141-ED---Q----X,74,0,0,0,74,0,0,0,0,52.2,0,0,0,0,3343935022,3343935022,1095807507,0,0,0,0,0
2022-07-06,INTA,Intraco Penta Tbk.,--U-2100000000C141-ED---Q----X,74,0,0,0,74,0,0,0,0,52.2,0,0,0,0,3343935022,3343935022,1095807507,0,0,0,0,0
2022-07-05,INTA,Intraco Penta Tbk.,--U-2100000000C141-ED---Q----X,74,0,0,0,74,0,0,0,0,52.2,0,0,0,0,3343935022,3343935022,1095807507,0,0,0,0,0
2022-07-04,INTA,Intraco Penta Tbk.,--U-2100000000C141-ED---Q----X,74,0,0,0,74,0,0,0,0,52.2,0,0,0,0,3343935022,3343935022,1095807507,0,0,0,0,0
2022-07-01,INTA,Intraco Penta Tbk.,--U-2100000000C141-EDL--Q----X,74,0,0,0,74,0,0,0,0,52.2,0,0,0,0,3343935022,3343935022,1095807507,0,0,0,0,0
2022-06-30,INTA,Intraco Penta Tbk.,--U-2100000000C141-EDL--Q----X,74,0,0,0,74,0,0,0,0,52.2,0,0,0,0,3343935022,3343935022,1064374518,0,0,0,0,0
2022-06-29,INTA,Intraco Penta Tbk.,--U-2100000000C141-EDL--Q----X,74,0,0,0,74,0,0,0,0,52.2,0,0,0,0,3343935022,3343935022,1064374518,0,0,0,0,0
2022-06-28,INTA,Intraco Penta Tbk.,--U-2100000000C141-EDL--Q----X,74,0,0,0,74,0,0,0,0,52.2,0,0,0,0,3343935022,3343935022,1064374518,0,0,0,0,0
2022-06-27,INTA,Intraco Penta Tbk.,--U-2100000000C141-EDL--Q----X,74,0,0,0,74,0,0,0,0,52.2,0,0,0,0,3343935022,3343935022,1064374518,0,0,0,0,0
2022-06-24,INTA,Intraco Penta Tbk.,--U-2100000000C141-EDL--Q----X,74,0,0,0,74,0,0,0,0,52.2,0,0,0,0,3343935022,3343935022,1064374518,0,0,0,0,0
2022-06-23,INTA,Intraco Penta Tbk.,--U-2100000000C141-EDL--Q----X,74,0,0,0,74,0,0,0,0,52.2,0,0,0,0,3343935022,3343935022,1064374518,0,0,0,0,0
2022-06-22,INTA,Intraco Penta Tbk.,--U-2100000000C141-EDL--Q----X,74,0,0,0,74,0,0,0,0,52.2,0,0,0,0,3343935022,3343935022,1064374518,0,0,0,0,0
2022-06-21,INTA,Intraco Penta Tbk.,--U-2100000000C141-EDL--Q----X,74,0,0,0,74,0,0,0,0,52.2,0,0,0,0,3343935022,3343935022,1064374518,0,0,0,0,0
2022-06-20,INTA,Intraco Penta Tbk.,--U-2100000000C141-EDL--Q----X,74,0,0,0,74,0,0,0,0,52.2,0,0,0,0,3343935022,3343935022,1064374518,0,0,0,0,0
2022-06-17,INTA,Intraco Penta Tbk.,--U-2100000000C141-EDL--Q----X,74,0,0,0,74,0,0,0,0,52.2,0,0,0,0,3343935022,3343935022,1064374518,0,0,0,0,0
2022-06-16,INTA,Intraco Penta Tbk.,--U-2100000000C141-EDL--Q----X,74,0,0,0,74,0,0,0,0,52.2,0,0,0,0,3343935022,3343935022,1064374518,0,0,0,0,0
2022-06-15,INTA,Intraco Penta Tbk.,--U-2100000000C141-EDL--Q----X,74,0,0,0,74,0,0,0,0,52.2,0,0,0,0,3343935022,3343935022,1064374518,0,0,0,0,0
2022-06-14,INTA,Intraco Penta Tbk.,--U-2100000000C141-EDL--Q----X,74,0,0,0,74,0,0,0,0,52.2,0,0,0,0,3343935022,3343935022,1064374518,0,0,0,0,0
2022-06-13,INTA,Intraco Penta Tbk.,--U-2100000000C141-EDL--Q----X,74,0,0,0,74,0,0,0,0,52.2,0,0,0,0,3343935022,3343935022,1064374518,0,0,0,0,0
2022-06-10,INTA,Intraco Penta Tbk.,--U-2100000000C141-EDL--Q----X,74,0,0,0,74,0,0,0,0,52.2,0,0,0,0,3343935022,3343935022,1064374518,0,0,0,0,0
2022-06-09,INTA,Intraco Penta Tbk.,--U-2100000000C141-EDL--Q----X,74,0,0,0,74,0,0,0,0,52.2,0,0,0,0,3343935022,3343935022,1064374518,0,0,0,0,0
2022-06-08,INTA,Intraco Penta Tbk.,--U-2100000000C141-EDL--Q----X,74,0,0,0,74,0,0,0,0,52.2,0,0,0,0,3343935022,3343935022,1064374518,0,0,0,0,0
2022-06-07,INTA,Intraco Penta Tbk.,--U-2100000000C141-EDL--Q----X,74,0,0,0,74,0,0,0,0,52.2,0,0,0,0,3343935022,3343935022,1064374518,0,0,0,0,0
2022-06-06,INTA,Intraco Penta Tbk.,--U-2100000000C141-EDL--Q----X,74,0,0,0,74,0,0,0,0,52.2,0,0,0,0,3343935022,3343935022,1064374518,0,0,0,0,0
2022-06-03,INTA,Intraco Penta Tbk.,--U-2100000000C141-EDL--Q----X,73,0,75,73,74,1,470100,34911300,79,52.2,0,0,0,0,3343935022,3343935022,1064374518,0,5800,0,0,0
2022-06-02,INTA,Intraco Penta Tbk.,--U-2100000000C141-EDL--Q----X,71,0,73,70,73,2,570800,40503200,94,51.5,73,33500,71,500,3343935022,3343935022,1064374518,3200,200,0,0,0
2022-05-31,INTA,Intraco Penta Tbk.,--U-2100000000C141-EDL--Q----X,69,0,75,69,71,2,3069800,226524600,257,50.0,72,41700,71,22600,3343935022,3343935022,1064374518,0,14600,0,0,0
2022-05-30,INTA,Intraco Penta Tbk.,--U-2100000000C141-EDL--Q----X,63,0,69,66,69,6,753800,51837000,77,48.6,0,0,69,1622900,3343935022,3343935022,1064374518,300,0,0,0,0
2022-05-27,INTA,Intraco Penta Tbk.,--U-2100000000C141-EDL--Q----X,58,0,63,59,63,5,1281600,79977800,118,44.4,0,0,63,2996000,3343935022,3343935022,1064374518,100,700,0,0,0
2022-05-25,INTA,Intraco Penta Tbk.,--U-2100000000C141-EDL--Q----X,56,0,58,56,58,2,87400,4949700,107,40.9,58,39000,56,312700,3343935022,3343935022,1064374518,0,100,0,0,0
2022-05-24,INTA,Intraco Penta Tbk.,--U-2100000000C141-EDL--Q----X,58,0,60,56,56,-2,756900,42669200,87,39.5,57,40000,56,3400,3343935022,3343935022,1064374518,200,1000,0,0,0
2022-05-23,INTA,Intraco Penta Tbk.,--U-2100000000C141-EDL--Q----X,60,0,61,58,58,-2,132900,7789100,28,40.9,60,69500,58,79900,3343935022,3343935022,1064374518,0,0,0,0,0
2022-05-20,INTA,Intraco Penta Tbk.,--U-2100000000C141-EDL--Q----X,60,0,61,58,60,0,99100,5958000,28,42.3,61,63500,60,600,3343935022,3343935022,1064374518,0,0,0,0,0
2022-05-19,INTA,Intraco Penta Tbk.,--U-2100000000C141-EDL--Q----X,59,0,61,58,60,1,328500,19422500,63,42.3,60,33700,59,400,3343935022,3343935022,1064374518,4400,0,0,0,0
2022-05-18,INTA,Intraco Penta Tbk.,--U-2100000000C141-EDL--Q----X,57,0,60,58,59,2,260100,15343700,80,41.6,60,77100,59,94900,3343935022,3343935022,1064374518,0,0,0,0,0
2022-05-17,INTA,Intraco Penta Tbk.,--U-2100000000C141-EDL--Q----X,61,0,63,57,57,-4,544800,31524900,85,40.2,62,22800,57,277400,3343935022,3343935022,1064374518,0,100,0,0,0
2022-05-13,INTA,Intraco Penta Tbk.,--U-2100000000C141-EDL--Q----X,64,0,65,60,61,-3,623900,38379500,134,43.0,63,30000,61,17300,3343935022,3343935022,1064374518,1500,300,0,0,0
2022-05-12,INTA,Intraco Penta Tbk.,--U-2100000000C141-EDL--Q----X,68,0,67,64,64,-4,654400,42122000,59,45.1,67,93500,64,149700,3343935022,3343935022,1064374518,300,700,0,0,0
2022-05-11,INTA,Intraco Penta Tbk.,--U-2100000000C141-EDL--Q----X,68,0,68,66,68,0,91500,6122400,33,47.9,68,50200,67,15500,3343935022,3343935022,1064374518,0,7100,0,0,0
2022-05-10,INTA,Intraco Penta Tbk.,--U-2100000000C141-ED---Q----X,68,0,68,66,68,0,134400,8929200,40,47.9,68,51200,66,77700,3343935022,3343935022,1064374518,0,400,0,0,0
2022-05-09,INTA,Intraco Penta Tbk.,--U-2100000000C141-ED---Q----X,70,0,72,68,68,-2,314800,22059900,50,47.9,70,2000,68,75700,3343935022,3343935022,1064374518,500,0,0,0,0
2022-04-28,INTA,Intraco Penta Tbk.,--U-2100000000C141-ED---Q----X,66,0,71,66,70,4,1089900,75038700,99,49.3,70,100,69,46500,3343935022,3343935022,1064374518,0,0,0,0,0
2022-04-27,INTA,Intraco Penta Tbk.,--U-2100000000C141-ED---Q----X,67,0,68,64,66,-1,690100,44815700,63,46.5,67,59500,65,242800,3343935022,3343935022,1064374518,0,0,0,0,0
2022-04-26,INTA,Intraco Penta Tbk.,--U-2100000000C141-ED---Q----X,71,0,72,67,67,-4,1385000,93193800,122,47.2,68,100,67,1408400,3343935022,3343935022,1064374518,0,0,0,0,0
2022-04-25,INTA,Intraco Penta Tbk.,--U-2100000000C141-ED---Q----X,71,0,73,67,71,0,1515100,102380200,129,50.0,71,39700,70,24900,3343935022,3343935022,1064374518,0,0,0,0,0
2022-04-22,INTA,Intraco Penta Tbk.,--U-2100000000C141-ED---Q----X,76,0,77,71,71,-5,103586700,7811023600,353,50.0,72,4700,0,0,3343935022,3343935022,1064374518,0,0,0,0,0
2022-04-21,INTA,Intraco Penta Tbk.,--U-2100000000C141-ED---Q----X,75,0,77,74,76,1,4876600,366657500,432,53.6,76,91700,75,198900,3343935022,3343935022,1064374518,0,0,0,0,0
2022-04-20,INTA,Intraco Penta Tbk.,--U-2100000000C141-ED---Q----X,75,0,76,73,75,0,7026200,526968600,502,52.9,76,444500,75,214600,3343935022,3343935022,1064374518,0,0,0,0,0
2022-04-19,INTA,Intraco Penta Tbk.,--U-2100000000C141-ED---Q----X,70,0,76,70,75,5,16740400,1232944600,1198,52.9,76,429600,75,83100,3343935022,3343935022,1064374518,0,0,0,0,0
2022-04-18,INTA,Intraco Penta Tbk.,--U-2100000000C141-ED---Q----X,67,0,70,66,70,3,13666300,916996500,1278,49.3,71,420300,70,106400,3343935022,3343935022,1064374518,0,0,0,0,0
2022-04-14,INTA,Intraco Penta Tbk.,--U-2100000000C141-ED---Q----X,63,0,69,62,67,4,27428400,1754859600,1870,47.2,68,81000,67,7770400,3343935022,3343935022,1064374518,0,0,0,0,0
2022-04-13,INTA,Intraco Penta Tbk.,--U-2100000000C141-ED---Q----X,67,0,68,63,63,-4,26282800,1694690700,1342,44.4,63,463300,0,0,3343935022,3343935022,1064374518,0,0,0,0,0
2022-04-12,INTA,Intraco Penta Tbk.,--U-2100000000C141-ED---Q----X,70,0,70,66,67,-3,22709900,1538447300,1419,47.2,68,1358000,67,81800,3343935022,3343935022,1064374518,0,0,0,0,0
2022-04-11,INTA,Intraco Penta Tbk.,--U-2100000000C141-ED---Q----X,74,0,75,69,70,-4,31959300,2256328600,1745,49.3,71,188100,70,1151400,3343935022,3343935022,1064374518,0,400,0,0,0
2022-04-08,INTA,Intraco Penta Tbk.,--U-2100000000C141-ED---Q----X,75,0,76,74,74,-1,29573700,2223583900,1858,52.2,76,908100,74,229100,3343935022,3343935022,1064374518,0,0,0,0,0
2022-04-07,INTA,Intraco Penta Tbk.,--U-2100000000C141-ED---Q----X,77,0,79,75,75,-2,36080700,2778297900,2387,52.9,76,6000,75,201000,3343935022,3343935022,1064374518,0,1400,0,0,0
2022-04-06,INTA,Intraco Penta Tbk.,--U-2100000000C141-ED---Q----X,78,0,79,75,77,-1,34608500,2653882600,2157,54.3,78,389100,77,151600,3343935022,3343935022,1064374518,0,0,0,0,0
2022-04-05,INTA,Intraco Penta Tbk.,--U-2100000000C141-ED---Q----X,80,0,81,75,78,-2,37843800,2942999400,2688,55.0,79,49400,78,976400,3343935022,3343935022,1064374518,0,0,0,0,0
2022-04-04,INTA,Intraco Penta Tbk.,--U-2100000000C141-ED---Q----X,80,0,88,75,80,0,38533100,3099853000,3431,56.4,81,88000,80,11400,3343935022,3343935022,1064374518,84300,84300,0,0,0
2022-04-01,INTA,Intraco Penta Tbk.,--U-2100000000C141-ED---Q----X,73,0,80,73,80,7,48941700,3772817200,4155,56.4,0,0,80,1252500,3343935022,3343935022,1064374518,0,1000,0,0,0
2022-03-31,INTA,Intraco Penta Tbk.,--U-2100000000C141-ED---Q----X,69,0,75,68,73,4,48047800,3401694900,3677,51.5,73,28900,72,22000,3343935022,3343935022,1976265598,0,0,0,0,0
2022-03-30,INTA,Intraco Penta Tbk.,--U-2100000000C141-ED---Q----X,65,0,69,65,69,4,35444500,2367161900,3118,48.6,69,330600,68,339100,3343935022,3343935022,1976265598,0,0,0,0,0
2022-03-29,INTA,Intraco Penta Tbk.,--U-2100000000C141-ED---Q----X,66,0,71,64,65,-1,49104800,3292098800,3666,45.8,66,176300,65,4066200,3343935022,3343935022,1976265598,0,0,0,0,0
2022-03-28,INTA,Intraco Penta Tbk.,--U-2100000000C141-ED---Q----X,64,0,66,61,66,2,53741900,3412198800,4069,46.5,67,192600,66,215000,3343935022,3343935022,1976265598,0,0,0,0,0
2022-03-25,INTA,Intraco Penta Tbk.,--U-2100000000C141-ED---Q----X,64,0,67,61,64,0,30174600,1929074900,2171,45.1,65,122000,64,1078100,3343935022,3343935022,1976265598,0,200,0,0,0
2022-03-24,INTA,Intraco Penta Tbk.,--U-2100000000C141-ED---Q----X,61,0,67,61,64,3,28893900,1833888800,1903,45.1,64,26300,62,786000,3343935022,3343935022,1976265598,0,500,0,0,0
2022-03-23,INTA,Intraco Penta Tbk.,--U-2100000000C141-ED---Q----X,64,0,68,60,61,-3,30771800,1954740800,2417,43.0,61,60900,60,252000,3343935022,3343935022,1976265598,0,0,0,0,0
2022-03-22,INTA,Intraco Penta Tbk.,--U-2100000000C141-ED---Q----X,65,0,65,61,64,-1,17906000,1138922200,1545,45.1,65,131200,64,71600,3343935022,3343935022,1976265598,0,0,0,0,0
2022-03-21,INTA,Intraco Penta Tbk.,--U-2100000000C141-ED---Q----X,69,0,73,65,65,-4,29364100,2027153200,2673,45.8,65,129900,0,0,3343935022,3343935022,1976265598,0,0,0,0,0
2022-03-18,INTA,Intraco Penta Tbk.,--U-2100000000C141-ED---Q----X,72,0,78,69,69,-3,19694700,1448261500,2711,48.6,70,110900,69,31500,3343935022,3343935022,1976265598,0,0,0,0,0
2022-03-17,INTA,Intraco Penta Tbk.,--U-2100000000C141-ED---Q----X,66,0,72,66,72,6,15871900,1112634700,1700,50.8,0,0,72,1628900,3343935022,3343935022,1976265598,0,0,0,0,0
2022-03-16,INTA,Intraco Penta Tbk.,--U-2100000000C141-ED---Q----X,60,0,66,60,66,6,42239500,2718105900,3177,46.5,66,1075000,65,112100,3343935022,3343935022,1976265598,0,0,0,0,0
2022-03-15,INTA,Intraco Penta Tbk.,--U-2100000000C141-ED---Q----X,59,0,62,58,60,1,29255500,1754382300,3324,42.3,62,75900,60,31400,3343935022,3343935022,1976265598,0,0,0,0,0
2022-03-14,INTA,Intraco Penta Tbk.,--U-2100000000C141-ED---Q----X,59,0,63,58,59,0,2473800,149274600,318,41.6,59,73100,58,220900,3343935022,3343935022,1976265598,0,0,0,0,0
2022-03-11,INTA,Intraco Penta Tbk.,--U-2100000000C141-ED---Q----X,59,0,59,58,59,0,20300,1187800,11,41.6,59,87900,58,283300,3343935022,3343935022,1976265598,0,0,0,0,0
2022-03-10,INTA,Intraco Penta Tbk.,--U-2100000000C141-ED---Q----X,59,0,60,58,59,0,29800,1760300,18,41.6,59,98400,58,84600,3343935022,3343935022,1976265598,0,0,0,0,0
2022-03-09,INTA,Intraco Penta Tbk.,--U-2100000000C141-ED---Q----X,58,0,61,58,59,1,42700,2528500,28,41.6,60,19200,59,22000,3343935022,3343935022,1976265598,0,0,0,0,0
2022-03-08,INTA,Intraco Penta Tbk.,--U-2100000000C141-ED---Q----X,58,0,59,58,58,0,135500,7879200,14,40.9,59,72300,58,103000,3343935022,3343935022,1976265598,0,0,0,0,0
2022-03-07,INTA,Intraco Penta Tbk.,--U-2100000000C141-ED---Q----X,58,0,60,57,58,0,157100,9092600,37,40.9,59,22200,58,11400,3343935022,3343935022,1976265598,0,0,68965400,3999993200,2
2022-03-04,INTA,Intraco Penta Tbk.,--U-2100000000C141-ED---Q----X,60,0,60,58,58,-2,241800,14212800,30,40.9,60,80600,58,136200,3343935022,3343935022,1976265598,0,0,0,0,0
2022-03-02,INTA,Intraco Penta Tbk.,--U-2100000000C141-ED---Q----X,60,0,60,58,60,0,105100,6264800,68,42.3,60,25800,59,90000,3343935022,3343935022,1976265598,0,0,0,0,0
2022-03-01,INTA,Intraco Penta Tbk.,--U-2100000000C141-ED---Q----X,59,0,60,58,60,1,112300,6690100,46,42.3,60,27100,58,28500,3343935022,3343935022,1976265598,0,0,0,0,0
2022-02-25,INTA,Intraco Penta Tbk.,--U-2100000000C141-ED---Q----X,60,0,59,58,59,-1,133100,7776400,25,41.6,59,4400,58,251900,3343935022,3343935022,1976265598,0,0,35000,2030000,1
2022-02-24,INTA,Intraco Penta Tbk.,--U-2100000000C141-ED---Q----X,59,0,60,58,60,1,116500,6866200,35,42.3,60,80400,58,332600,3343935022,3343935022,1976265598,0,0,0,0,0
2022-02-23,INTA,Intraco Penta Tbk.,--U-2100000000C141-ED---Q----X,59,0,62,59,59,0,423300,25267100,129,41.6,60,89200,59,5100,3343935022,3343935022,1976265598,0,0,0,0,0
2022-02-22,INTA,Intraco Penta Tbk.,--U-2100000000C141-ED---Q----X,58,0,60,58,59,1,401700,23846800,69,41.6,60,7000,59,10200,3343935022,3343935022,1976265598,0,0,0,0,0
2022-02-21,INTA,Intraco Penta Tbk.,--U-2100000000C141-ED---Q----X,60,0,62,58,58,-2,1493800,89023000,118,40.9,61,14300,58,301900,3343935022,3343935022,1976265598,0,0,0,0,0
2022-02-18,INTA,Intraco Penta Tbk.,--U-2100000000C141-ED---Q----X,59,0,60,58,60,1,434800,26052500,57,42.3,61,26400,60,116500,3343935022,3343935022,1976265598,0,0,0,0,0
2022-02-17,INTA,Intraco Penta Tbk.,--U-2100000000C141-ED---Q----X,58,0,60,58,59,1,135800,7949300,40,41.6,59,25400,58,131700,3343935022,3343935022,1976265598,0,0,0,0,0
2022-02-16,INTA,Intraco Penta Tbk.,--U-2100000000C141-ED---Q----X,58,0,59,58,58,0,132600,7732500,51,40.9,59,6100,58,113300,3343935022,3343935022,1976265598,0,0,0,0,0
2022-02-15,INTA,Intraco Penta Tbk.,--U-2100000000C141-ED---Q----X,58,0,63,57,58,0,1184700,71355400,198,40.9,59,100,58,317900,3343935022,3343935022,1976265598,0,0,0,0,0
2022-02-14,INTA,Intraco Penta Tbk.,--U-2100000000C141-ED---Q----X,62,0,62,58,58,-4,265700,15641000,83,40.9,62,5600,58,176800,3343935022,3343935022,1976265598,0,0,0,0,0
2022-02-11,INTA,Intraco Penta Tbk.,--U-2100000000C141-ED---Q----X,58,0,63,58,62,4,458600,27820400,124,43.7,62,8300,61,1000,3343935022,3343935022,1976265598,0,0,0,0,0
2022-02-10,INTA,Intraco Penta Tbk.,--U-2100000000C141-ED--------X,58,0,60,58,58,0,473800,27606200,77,40.9,60,6400,58,18100,3343935022,3343935022,1976265598,0,0,0,0,0
2022-02-09,INTA,Intraco Penta Tbk.,--U-2100000000C141-ED--------X,61,0,63,58,58,-3,928200,54493000,144,40.9,59,22000,58,87200,3343935022,3343935022,1976265598,0,0,0,0,0
2022-02-08,INTA,Intraco Penta Tbk.,--U-2100000000C141-ED--------X,60,0,62,60,61,1,115600,7094700,42,43.0,62,166900,61,10600,3343935022,3343935022,1976265598,0,0,0,0,0
2022-02-07,INTA,Intraco Penta Tbk.,--U-2100000000C141-ED--------X,61,0,61,59,60,-1,199700,11988300,27,42.3,62,190600,60,69300,3343935022,3343935022,1976265598,0,0,0,0,0
2022-02-04,INTA,Intraco Penta Tbk.,--U-2100000000C141-ED--------X,61,0,61,59,61,0,122200,7253800,48,43.0,61,8700,60,100,3343935022,3343935022,1976265598,0,0,0,0,0
2022-02-03,INTA,Intraco Penta Tbk.,--U-2100000000C141-ED--------X,61,0,62,60,61,0,13600,828000,13,43.0,61,9200,60,8200,3343935022,3343935022,1976265598,0,0,0,0,0
2022-02-02,INTA,Intraco Penta Tbk.,--U-2100000000C141-ED--------X,61,0,62,60,61,0,152800,9187200,28,43.0,62,6200,61,24900,3343935022,3343935022,1976265598,0,0,0,0,0
2022-01-31,INTA,Intraco Penta Tbk.,--U-2100000000C141-ED--------X,61,0,63,61,61,0,85100,5265100,52,43.0,63,22900,61,12400,3343935022,3343935022,1976265598,0,0,4603800,290039400,1
2022-01-28,INTA,Intraco Penta Tbk.,--U-2100000000C141-ED--------X,60,0,62,60,61,1,32100,1937400,14,43.0,62,130200,61,3300,3343935022,3343935022,1976265598,0,0,0,0,0
2022-01-27,INTA,Intraco Penta Tbk.,--U-2100000000C141-ED--------X,61,0,62,60,60,-1,10000,608500,21,42.3,62,30400,60,35000,3343935022,3343935022,1976265598,0,0,0,0,0
2022-01-26,INTA,Intraco Penta Tbk.,--U-2100000000C141-ED--------X,60,0,62,60,61,1,23800,1448900,31,43.0,62,20600,61,3800,3343935022,3343935022,1976265598,0,0,0,0,0
2022-01-25,INTA,Intraco Penta Tbk.,--U-2100000000C141-ED--------X,58,0,61,58,60,2,209800,12568300,53,42.3,61,108700,60,247500,3343935022,3343935022,1976265598,0,0,0,0,0
2022-01-24,INTA,Intraco Penta Tbk.,--U-2100000000C141-ED--------X,62,0,64,58,58,-4,705600,41653400,169,40.9,59,63300,58,120700,3343935022,3343935022,1976265598,0,0,0,0,0
2022-01-21,INTA,Intraco Penta Tbk.,--U-2100000000C141-ED--------X,65,0,67,61,62,-3,342200,21180800,126,43.7,64,24100,62,77000,3343935022,3343935022,1976265598,0,0,0,0,0
2022-01-20,INTA,Intraco Penta Tbk.,--U-2100000000C141-ED--------X,66,0,66,65,65,-1,31100,2021900,9,45.8,66,21300,65,2800,3343935022,3343935022,1976265598,0,0,0,0,0
2022-01-19,INTA,Intraco Penta Tbk.,--U-2100000000C141-ED--------X,65,0,66,63,66,1,93300,5933500,33,46.5,66,8800,65,1300,3343935022,3343935022,1976265598,0,0,0,0,0
2022-01-18,INTA,Intraco Penta Tbk.,--U-2100000000C141-ED--------X,63,0,65,62,65,2,89200,5785700,47,45.8,66,35100,65,15800,3343935022,3343935022,1976265598,0,0,0,0,0
2022-01-17,INTA,Intraco Penta Tbk.,--U-2100000000C141-ED--------X,64,0,66,62,63,-1,132300,8421600,57,44.4,65,4100,62,25800,3343935022,3343935022,1976265598,0,0,0,0,0
2022-01-14,INTA,Intraco Penta Tbk.,--U-2100000000C141-ED--------X,64,0,67,60,64,0,313700,19770000,122,45.1,64,300,61,29500,3343935022,3343935022,1976265598,0,0,0,0,0
2022-01-13,INTA,Intraco Penta Tbk.,--U-2100000000C141-ED--------X,68,0,70,64,64,-4,466900,30462200,144,45.1,66,1200,64,173500,3343935022,3343935022,1976265598,0,0,0,0,0
2022-01-12,INTA,Intraco Penta Tbk.,--U-2100000000C141-ED--------X,68,0,70,68,68,0,54600,3726200,27,47.9,69,4500,68,22600,3343935022,3343935022,1976265598,0,0,0,0,0
2022-01-11,INTA,Intraco Penta Tbk.,--U-2100000000C141-ED--------X,72,0,73,68,68,-4,51500,3646600,64,47.9,71,600,68,139700,3343935022,3343935022,1976265598,0,0,0,0,0
2022-01-10,INTA,Intraco Penta Tbk.,--U-2100000000C141-ED--------X,68,0,72,65,72,4,297400,20291400,109,50.8,72,398200,65,80600,3343935022,3343935022,1976265598,0,0,0,0,0
2022-01-07,INTA,Intraco Penta Tbk.,--U-2100000000C141-ED--------X,70,0,73,66,68,-2,528900,36242000,128,47.9,70,55900,68,47200,3343935022,3343935022,1976265598,0,0,0,0,0
2022-01-06,INTA,Intraco Penta Tbk.,--U-2100000000C141-ED--------X,69,0,72,69,70,1,173700,12369100,80,49.3,71,8400,70,45000,3343935022,3343935022,1976265598,0,0,0,0,0
2022-01-05,INTA,Intraco Penta Tbk.,--U-2100000000C141-ED--------X,69,0,74,67,69,0,380300,26764000,135,48.6,70,12700,68,6600,3343935022,3343935022,1976265598,0,0,0,0,0
2022-01-04,INTA,Intraco Penta Tbk.,--U-2100000000C141-ED--------X,64,0,69,64,69,5,231200,15455600,132,48.6,69,105500,67,34800,3343935022,3343935022,1976265598,0,0,0,0,0
2022-01-03,INTA,Intraco Penta Tbk.,--U-2100000000C141-ED--------X,68,0,74,64,64,-4,772200,51088300,210,45.1,65,3200,64,758100,3343935022,3343935022,1976265598,200,0,0,0,0
2021-12-30,INTA,Intraco Penta Tbk.,--U-2100000000C141-ED--------X,69,0,72,67,68,-1,1086400,74629100,181,47.9,68,55600,67,106200,3343935022,3343935022,2574495573,0,200,0,0,0
2021-12-29,INTA,Intraco Penta Tbk.,--U-2100000000C141-ED--------X,74,0,81,69,69,-5,3861900,284514500,600,48.6,70,12000,69,672000,3343935022,3343935022,2574495573,0,0,0,0,0
2021-12-28,INTA,Intraco Penta Tbk.,--U-2100000000C141-ED--------X,68,0,74,68,74,6,1838500,134818000,337,52.2,0,0,74,500,3343935022,3343935022,2574495573,0,0,0,0,0
2021-12-27,INTA,Intraco Penta Tbk.,--U-2100000000C141-ED--------X,73,0,75,68,68,-5,1112000,78023900,212,47.9,70,76800,68,184400,3343935022,3343935022,2574495573,0,0,0,0,0
2021-12-24,INTA,Intraco Penta Tbk.,--U-2100000000C141-ED--------X,76,0,79,73,73,-3,618300,46104400,133,51.5,73,100,72,53500,3343935022,3343935022,2574495573,0,0,0,0,0
2021-12-23,INTA,Intraco Penta Tbk.,--U-2100000000C141-ED--------X,79,0,82,75,76,-3,727100,55883400,175,53.6,76,4900,75,81800,3343935022,3343935022,2574495573,0,0,0,0,0
2021-12-22,INTA,Intraco Penta Tbk.,--U-2100000000C141-ED--------X,81,0,89,78,79,-2,750200,60787200,284,55.7,79,59400,78,47300,3343935022,3343935022,2574495573,0,0,0,0,0
2021-12-21,INTA,Intraco Penta Tbk.,--U-2100000000C141-ED--------X,84,0,87,81,81,-3,201700,16548700,84,57.1,82,16300,81,20000,3343935022,3343935022,2574495573,0,0,0,0,0
2021-12-20,INTA,Intraco Penta Tbk.,--U-2100000000C141-ED--------X,87,0,89,83,84,-3,251600,21382800,86,59.2,85,54400,83,81400,3343935022,3343935022,2574495573,0,0,0,0,0
2021-12-17,INTA,Intraco Penta Tbk.,--U-2100000000C141-ED--------X,91,0,91,87,87,-4,54800,4816700,55,61.3,87,25400,86,52400,3343935022,3343935022,2574495573,0,0,0,0,0
2021-12-16,INTA,Intraco Penta Tbk.,--U-2100000000C141-ED--------X,93,0,93,90,91,-2,27400,2496200,29,64.1,93,8200,91,227900,3343935022,3343935022,2574495573,0,0,0,0,0
2021-12-15,INTA,Intraco Penta Tbk.,--U-2100000000C141-ED--------X,99,0,101,93,93,-6,321300,30165100,105,65.6,93,10400,0,0,3343935022,3343935022,2574495573,0,0,0,0,0
2021-12-14,INTA,Intraco Penta Tbk.,--U-2100000000C141-ED--------X,105,0,107,98,99,-6,303100,30174000,126,69.8,100,34900,98,101300,3343935022,3343935022,2574495573,0,0,0,0,0
2021-12-13,INTA,Intraco Penta Tbk.,--U-2100000000C141-ED--------X,110,0,111,104,105,-5,291500,31047100,103,74.0,105,13500,104,31600,3343935022,3343935022,2574495573,0,0,0,0,0
2021-12-10,INTA,Intraco Penta Tbk.,--U-2100000000C141-ED--------X,118,0,120,110,110,-8,254100,28439200,165,77.5,111,13700,110,46200,3343935022,3343935022,2574495573,0,0,0,0,0
2021-12-09,INTA,Intraco Penta Tbk.,--U-2100000000C141-ED--------X,126,0,128,118,118,-8,229800,27715500,144,83.2,118,30200,0,0,3343935022,3343935022,2574495573,0,0,0,0,0
2021-12-08,INTA,Intraco Penta Tbk.,--U-2100000000C141-ED--------X,135,0,134,126,126,-9,195000,24602000,106,88.8,126,4300,0,0,3343935022,3343935022,2574495573,0,0,0,0,0
2021-12-07,INTA,Intraco Penta Tbk.,--U-2100000000C141-ED--------X,135,0,135,133,135,0,44400,5991800,19,95.2,137,19200,135,8200,3343935022,3343935022,2574495573,0,0,0,0,0
2021-12-06,INTA,Intraco Penta Tbk.,--U-2100000000C141-ED--------X,135,0,136,133,135,0,321400,43679800,185,95.2,136,26000,135,9300,3343935022,3343935022,2574495573,0,0,0,0,0
2021-12-03,INTA,Intraco Penta Tbk.,--U-2100000000C141-ED--------X,138,0,140,135,135,-3,1094100,151199500,550,95.2,138,34100,135,9300,3343935022,3343935022,2574495573,0,0,51650000,7076050000,1
2021-12-02,INTA,Intraco Penta Tbk.,--U-2100000000C141-ED--------X,135,0,140,132,138,3,1477600,201057100,1001,97.3,138,45000,137,33400,3343935022,3343935022,2574495573,0,0,0,0,0
2021-12-01,INTA,Intraco Penta Tbk.,--U-2100000000C141-ED--------X,131,0,135,128,135,4,156300,20814000,71,95.2,136,8600,132,20000,3343935022,3343935022,2574495573,0,0,0,0,0
2021-11-30,INTA,Intraco Penta Tbk.,--U-2100000000C141-ED--------X,125,0,131,124,131,6,122000,15727200,89,92.3,132,10100,130,4800,3343935022,3343935022,2574495573,0,0,0,0,0
2021-11-29,INTA,Intraco Penta Tbk.,--U-2100000000C141-ED--------X,134,0,137,125,125,-9,196200,24974000,133,88.1,125,18900,0,0,3343935022,3343935022,2574495573,0,0,0,0,0
2021-11-26,INTA,Intraco Penta Tbk.,--U-2100000000C141-ED--------X,140,0,139,134,134,-6,128300,17311100,26,94.5,138,1000,134,6100,3343935022,3343935022,2574495573,0,0,0,0,0
2021-11-25,INTA,Intraco Penta Tbk.,--U-2100000000C141-ED--------X,140,0,147,132,140,0,272800,37351700,83,98.7,142,8100,140,300,3343935022,3343935022,2574495573,0,0,0,0,0
2021-11-24,INTA,Intraco Penta Tbk.,--U-2100000000C141-ED--------X,139,0,140,132,140,1,150700,20681200,56,98.7,140,50700,139,4600,3343935022,3343935022,2574495573,0,0,0,0,0
2021-11-23,INTA,Intraco Penta Tbk.,--U-2100000000C141-ED--------X,138,0,139,131,139,1,101300,13867100,67,98.0,140,102700,139,88100,3343935022,3343935022,2574495573,0,0,0,0,0
2021-11-22,INTA,Intraco Penta Tbk.,--U-2100000000C141-ED--------X,135,0,138,128,138,3,173500,23678300,35,97.3,138,300,135,200,3343935022,3343935022,2574495573,0,0,0,0,0
2021-11-19,INTA,Intraco Penta Tbk.,--U-2100000000C141-ED--------X,132,0,136,126,135,3,433300,57894300,65,95.2,136,30000,135,10000,3343935022,3343935022,2574495573,0,0,27000000,3564000000,1
2021-11-18,INTA,Intraco Penta Tbk.,--U-2100000000C141-ED--------X,132,0,133,126,132,0,93000,12083100,36,93.0,133,11000,132,3900,3343935022,3343935022,2574495573,0,0,0,0,0
2021-11-17,INTA,Intraco Penta Tbk.,--U-2100000000C141-ED--------X,132,0,135,126,132,0,209500,27339500,58,93.0,135,11100,132,45300,3343935022,3343935022,2574495573,0,0,0,0,0
2021-11-16,INTA,Intraco Penta Tbk.,--U-2100000000C141-ED--------X,132,0,138,123,132,0,243900,30945500,74,93.0,132,23700,131,7100,3343935022,3343935022,2574495573,0,0,0,0,0
2021-11-15,INTA,Intraco Penta Tbk.,--U-2100000000C141-ED--------X,132,0,138,125,132,0,42000,5297400,25,93.0,126,23800,125,11900,3343935022,3343935022,2574495573,0,0,0,0,0
2021-11-12,INTA,Intraco Penta Tbk.,--U-2100000000C141-ED--------X,132,0,134,125,132,0,24600,3210300,27,93.0,132,700,131,10100,3343935022,3343935022,2574495573,0,0,0,0,0
2021-11-11,INTA,Intraco Penta Tbk.,--U-2100000000C141-ED--------X,132,0,132,123,132,0,123100,15820100,57,93.0,133,13400,131,8100,3343935022,3343935022,2574495573,0,0,0,0,0
2021-11-10,INTA,Intraco Penta Tbk.,--U-2100000000C141-ED--------X,132,0,132,127,132,0,55300,7240100,25,93.0,134,9000,128,100,3343935022,3343935022,2574495573,0,0,121830000,15594240000,2
2021-11-09,INTA,Intraco Penta Tbk.,--U-2100000000C141-ED--------X,128,0,132,121,132,4,119100,15497100,66,93.0,132,600,130,3700,3343935022,3343935022,2574495573,0,0,0,0,0
2021-11-08,INTA,Intraco Penta Tbk.,--U-2100000000C141-ED--------X,128,0,130,120,128,0,309400,38940000,112,90.2,128,119800,127,8900,3343935022,3343935022,2574495573,0,0,0,0,0
2021-11-05,INTA,Intraco Penta Tbk.,--U-2100000000C141-ED--------X,128,0,136,120,128,0,711700,87214300,215,90.2,128,1600,127,6300,3343935022,3343935022,2574495573,0,0,0,0,0
2021-11-04,INTA,Intraco Penta Tbk.,--U-2100000000C141-ED--------X,134,0,142,126,128,-6,226200,30194800,88,90.2,127,3900,126,10600,3343935022,3343935022,2574495573,0,0,0,0,0
2021-11-03,INTA,Intraco Penta Tbk.,--U-2100000000C141-ED--------X,144,0,148,134,134,-10,250800,34343600,56,94.5,140,53500,134,33200,3343935022,3343935022,2574495573,0,0,0,0,0
2021-11-02,INTA,Intraco Penta Tbk.,--U-2100000000C141-ED--------X,145,0,148,135,144,-1,253200,35453300,76,101.5,144,80000,137,700,3343935022,3343935022,2574495573,0,0,0,0,0
2021-11-01,INTA,Intraco Penta Tbk.,--U-2100000000C141-ED--------X,142,0,156,142,145,3,435600,64931100,141,102.2,148,1500,145,51700,3343935022,3343935022,2574495573,0,0,0,0,0
2021-10-29,INTA,Intraco Penta Tbk.,--U-2100000000C141-ED--------X,135,0,142,129,142,7,799300,108754800,138,100.1,142,78400,140,175400,3343935022,3343935022,2574495573,0,0,0,0,0
2021-10-28,INTA,Intraco Penta Tbk.,--U-2100000000C141-ED--------X,131,0,144,122,135,4,1036000,138561500,249,95.2,135,51500,132,2500,3343935022,3343935022,2574495573,0,0,0,0,0
2021-10-27,INTA,Intraco Penta Tbk.,--U-2100000000C141-ED--------X,129,0,139,129,131,2,301900,40111000,123,92.3,131,70200,130,1900,3343935022,3343935022,2574495573,0,0,0,0,0
2021-10-26,INTA,Intraco Penta Tbk.,--U-2100000000C141-ED--------X,128,0,134,125,129,1,899900,116897600,196,90.9,131,19500,129,701700,3343935022,3343935022,2574495573,0,0,0,0,0
2021-10-25,INTA,Intraco Penta Tbk.,--U-2100000000C141-ED--------X,118,0,128,112,128,10,693400,83641000,258,90.2,128,66000,123,3500,3343935022,3343935022,2574495573,0,0,0,0,0
2021-10-22,INTA,Intraco Penta Tbk.,--U-2100000000C141-ED--------X,108,0,118,108,118,10,710800,83039100,223,83.2,0,0,118,23800,3343935022,3343935022,2574495573,0,0,0,0,0
2021-10-21,INTA,Intraco Penta Tbk.,--U-2100000000C141-ED--------X,108,0,118,105,108,0,2789700,320050100,452,76.1,108,79600,105,9700,3343935022,3343935022,2574495573,0,0,0,0,0
2021-10-19,INTA,Intraco Penta Tbk.,--U-2100000000C141-ED--------X,99,0,108,96,108,9,544600,57865100,182,76.1,0,0,108,748100,3343935022,3343935022,2574495573,0,0,0,0,0
2021-10-18,INTA,Intraco Penta Tbk.,--U-2100000000C141-ED--------X,99,0,100,97,99,0,95300,9423100,41,69.8,99,19300,96,9000,3343935022,3343935022,2574495573,0,0,0,0,0
2021-10-15,INTA,Intraco Penta Tbk.,--U-2100000000C141-ED--------X,97,0,101,97,99,2,147500,14546800,64,69.8,100,2800,99,8500,3343935022,3343935022,2574495573,0,0,0,0,0
2021-10-14,INTA,Intraco Penta Tbk.,--U-2100000000C141-ED--------X,97,0,100,91,97,0,1288700,122253900,159,68.4,98,11900,97,258300,3343935022,3343935022,2574495573,0,0,0,0,0
2021-10-13,INTA,Intraco Penta Tbk.,--U-2100000000C141-ED--------X,94,0,99,91,97,3,461300,43415700,160,68.4,97,4200,96,100,3343935022,3343935022,2574495573,0,0,0,0,0
2021-10-12,INTA,Intraco Penta Tbk.,--U-2100000000C141-ED--------X,92,0,94,86,94,2,897100,80467000,220,66.3,95,32600,94,64200,3343935022,3343935022,2574495573,0,0,0,0,0
2021-10-08,INTA,Intraco Penta Tbk.,--U-2100000000C141-ED--------X,85,0,89,81,89,4,504700,44007200,62,62.7,89,189900,88,1100,3343935022,3343935022,2574495573,0,0,0,0,0
2021-10-07,INTA,Intraco Penta Tbk.,--U-2100000000C141-ED--------X,84,0,85,81,85,1,34900,2912100,32,59.9,85,12200,83,3300,3343935022,3343935022,2574495573,0,0,0,0,0
2021-10-06,INTA,Intraco Penta Tbk.,--U-2100000000C141-ED--------X,81,0,86,80,84,3,97100,8047900,50,59.2,84,16300,81,49000,3343935022,3343935022,2574495573,0,0,134628800,10904932800,3
2021-10-05,INTA,Intraco Penta Tbk.,--U-2100000000C141-ED--------X,83,0,89,81,81,-2,198800,16311500,42,57.1,83,100,81,20200,3343935022,3343935022,2574495573,60000,0,0,0,0
2021-10-04,INTA,Intraco Penta Tbk.,--U-2100000000C141-ED--------X,83,0,83,80,83,0,254200,20846600,47,58.5,83,70000,82,20000,3343935022,3343935022,2574495573,0,0,0,0,0
2021-10-01,INTA,Intraco Penta Tbk.,--U-2100000000C141-ED--------X,89,0,88,83,83,-6,324000,27157100,82,58.5,85,16400,83,368100,3343935022,3343935022,2574495573,0,60000,0,0,0
2021-09-30,INTA,Intraco Penta Tbk.,--U-2100000000C141-ED--------X,81,0,89,80,89,8,382700,33788300,40,62.7,89,95700,81,100,3343935022,3343935022,3343935022,0,0,0,0,0
2021-09-29,INTA,Intraco Penta Tbk.,--U-2100000000C141-ED--------X,82,0,82,80,81,-1,94400,7596400,38,57.1,81,110200,80,14000,3343935022,3343935022,3343935022,0,0,0,0,0
2021-09-28,INTA,Intraco Penta Tbk.,--U-2100000000C141-ED--------X,81,0,82,80,82,1,157800,12746100,44,57.8,82,8900,81,5100,3343935022,3343935022,3343935022,0,0,0,0,0
2021-09-27,INTA,Intraco Penta Tbk.,--U-2100000000C141-ED--------X,81,0,84,79,81,0,346800,28106600,63,57.1,81,17900,80,3000,3343935022,3343935022,3343935022,0,0,0,0,0
2021-09-24,INTA,Intraco Penta Tbk.,--U-2100000000C141-ED--------X,78,0,82,78,81,3,779200,62539100,127,57.1,81,55800,80,140800,3343935022,3343935022,3343935022,0,0,0,0,0
2021-09-23,INTA,Intraco Penta Tbk.,--U-2100000000C141-ED--------X,80,0,88,78,78,-2,3111400,251157900,400,55.0,78,76200,77,30200,3343935022,3343935022,3343935022,0,0,0,0,0
2021-09-22,INTA,Intraco Penta Tbk.,--U-2100000000C141-ED--------X,80,0,88,80,80,0,986200,83575500,151,56.4,81,31900,80,31500,3343935022,3343935022,3343935022,0,0,0,0,0
2021-09-21,INTA,Intraco Penta Tbk.,--U-2100000000C141-ED--------X,85,0,86,80,80,-5,274000,22068700,49,56.4,86,23600,80,109200,3343935022,3343935022,3343935022,0,0,0,0,0
2021-09-20,INTA,Intraco Penta Tbk.,--U-2100000000C141-ED--------X,86,0,88,82,85,-1,44200,3694700,49,59.9,85,1500,84,12400,3343935022,3343935022,3343935022,0,0,0,0,0
2021-09-17,INTA,Intraco Penta Tbk.,--U-2100000000C141-ED--------X,81,0,87,83,86,5,219100,18674900,72,60.6,86,67900,83,2600,3343935022,3343935022,3343935022,0,0,0,0,0
2021-09-16,INTA,Intraco Penta Tbk.,--U-2100000000C141-ED--------X,85,0,88,81,81,-4,318000,26181400,82,57.1,82,44300,81,200,3343935022,3343935022,3343935022,0,0,0,0,0
2021-09-15,INTA,Intraco Penta Tbk.,--U-2100000000C141-ED--------X,89,0,89,85,85,-4,549300,46835100,46,59.9,88,1100,84,6000,3343935022,3343935022,3343935022,0,0,0,0,0
2021-09-14,INTA,Intraco Penta Tbk.,--U-2100000000C141-ED--------X,85,0,90,84,89,4,146100,12536600,66,62.7,89,14200,87,5300,3343935022,3343935022,3343935022,0,0,0,0,0
2021-09-13,INTA,Intraco Penta Tbk.,--U-2100000000C141-ED--------X,90,0,93,85,85,-5,323200,28270000,60,59.9,92,4000,85,67000,3343935022,3343935022,3343935022,0,0,0,0,0
2021-09-10,INTA,Intraco Penta Tbk.,--U-2100000000C141-ED--------X,92,0,96,90,90,-2,99400,9384500,40,63.4,91,5600,89,11500,3343935022,3343935022,3343935022,0,0,0,0,0
2021-09-09,INTA,Intraco Penta Tbk.,--U-2100000000C141-ED--------X,86,0,92,86,92,6,79200,6924300,28,64.9,92,38000,89,89400,3343935022,3343935022,3343935022,0,0,0,0,0
2021-09-08,INTA,Intraco Penta Tbk.,--U-2100000000C141-ED--------X,86,0,88,86,86,0,31200,2707600,28,60.6,90,6500,86,25200,3343935022,3343935022,3343935022,0,0,0,0,0
2021-09-07,INTA,Intraco Penta Tbk.,--U-2100000000C141-ED--------X,88,0,93,84,86,-2,100400,8619200,40,60.6,90,3800,86,59100,3343935022,3343935022,3343935022,0,0,0,0,0
2021-09-06,INTA,Intraco Penta Tbk.,--U-2100000000C141-ED--------X,88,0,95,88,88,0,930800,83887300,163,62.0,92,35300,88,2000,3343935022,3343935022,3343935022,0,0,0,0,0
2021-09-03,INTA,Intraco Penta Tbk.,--U-2100000000C141-ED--------X,81,0,88,78,88,7,127000,10853400,84,62.0,89,9500,88,3800,3343935022,3343935022,3343935022,0,0,0,0,0
2021-09-02,INTA,Intraco Penta Tbk.,--U-2100000000C141-ED--------X,85,0,86,81,81,-4,95900,7943800,67,57.1,84,2800,81,1300,3343935022,3343935022,3343935022,0,0,0,0,0
2021-09-01,INTA,Intraco Penta Tbk.,--U-2100000000C141-ED--------X,86,0,86,83,85,-1,93000,7826500,74,59.9,85,2800,84,1800,3343935022,3343935022,3343935022,0,0,0,0,0
2021-08-31,INTA,Intraco Penta Tbk.,--U-2100000000C141-ED--------X,92,0,101,86,86,-6,1319900,126208600,388,60.6,87,30200,86,61800,3343935022,3343935022,3343935022,0,0,0,0,0
2021-08-30,INTA,Intraco Penta Tbk.,--U-2100000000C141-ED--------X,84,0,92,84,92,8,59000,5240900,55,64.9,0,0,92,48700,3343935022,3343935022,3343935022,0,0,0,0,0
2021-08-27,INTA,Intraco Penta Tbk.,--U-2100000000C141-ED--------X,84,0,86,80,84,0,18500,1555000,31,59.2,84,400,83,1000,3343935022,3343935022,3343935022,0,0,0,0,0
2021-08-26,INTA,Intraco Penta Tbk.,--U-2100000000C141-ED--------X,84,0,86,83,84,0,68600,5721400,43,59.2,85,1600,84,41700,3343935022,3343935022,3343935022,0,0,0,0,0
2021-08-25,INTA,Intraco Penta Tbk.,--U-2100000000C141-ED--------X,90,0,91,84,84,-6,176800,15214100,103,59.2,84,17800,0,0,3343935022,3343935022,3343935022,0,0,0,0,0
2021-08-24,INTA,Intraco Penta Tbk.,--U-2100000000C141-ED--------X,90,0,99,84,90,0,332000,29888900,172,63.4,90,800,89,500,3343935022,3343935022,3343935022,0,0,0,0,0
2021-08-23,INTA,Intraco Penta Tbk.,--U-2100000000C141-ED--------X,94,0,103,90,90,-4,241200,23597500,125,63.4,91,4500,90,11600,3343935022,3343935022,3343935022,0,0,0,0,0
2021-08-20,INTA,Intraco Penta Tbk.,--U-2100000000C141-ED--------X,86,0,94,87,94,8,164100,15312100,57,66.3,0,0,94,91600,3343935022,3343935022,3343935022,0,0,0,0,0
2021-08-19,INTA,Intraco Penta Tbk.,--U-2100000000C141-ED--------X,81,0,87,76,86,5,57300,4567200,49,60.6,86,76200,85,100,3343935022,3343935022,3343935022,0,0,0,0,0
2021-08-18,INTA,Intraco Penta Tbk.,--U-2100000000C141-ED--------X,87,0,95,81,81,-6,230800,19740000,136,57.1,84,200,81,102000,3343935022,3343935022,3343935022,0,0,0,0,0
2021-08-16,INTA,Intraco Penta Tbk.,--U-2100000000C141-ED--------X,91,0,100,87,87,-4,135500,12860900,115,61.3,91,1800,87,20400,3343935022,3343935022,3343935022,0,0,0,0,0
2021-08-13,INTA,Intraco Penta Tbk.,--U-2100000000C141-ED--------X,97,0,98,91,91,-6,308300,28654400,285,64.1,92,13100,91,78700,3343935022,3343935022,3343935022,0,0,0,0,0
2021-08-12,INTA,Intraco Penta Tbk.,--U-2100000000C141-ED--------X,97,0,104,92,97,0,62300,5886100,50,68.4,98,2400,95,2000,3343935022,3343935022,3343935022,0,0,0,0,0
2021-08-10,INTA,Intraco Penta Tbk.,--U-2100000000C141-ED--------X,101,0,110,97,97,-4,91500,9397700,61,68.4,98,5800,97,70500,3343935022,3343935022,3343935022,0,0,0,0,0
2021-08-09,INTA,Intraco Penta Tbk.,--U-2100000000C141-ED--------X,101,0,107,100,101,0,33200,3441900,38,71.2,106,300,101,1000,3343935022,3343935022,3343935022,0,0,0,0,0
2021-08-06,INTA,Intraco Penta Tbk.,--U-2100000000C141-ED--------X,107,0,117,100,101,-6,920100,97041000,282,71.2,101,17000,100,39300,3343935022,3343935022,3343935022,0,0,0,0,0
2021-08-05,INTA,Intraco Penta Tbk.,--U-2100000000C141-ED--------X,114,0,114,107,107,-7,256500,27842100,94,75.4,109,9100,107,88900,3343935022,3343935022,3343935022,0,0,0,0,0
2021-08-04,INTA,Intraco Penta Tbk.,--U-2100000000C141-ED--------X,119,0,128,112,114,-5,525500,62512000,157,80.4,114,6700,112,21100,3343935022,3343935022,3343935022,0,0,0,0,0
2021-08-03,INTA,Intraco Penta Tbk.,--U-2100000000C141-ED--------X,127,0,139,119,119,-8,205500,24951100,82,83.9,120,25900,119,37700,3343935022,3343935022,3343935022,0,0,0,0,0
2021-08-02,INTA,Intraco Penta Tbk.,--U-2100000000C141-ED--------X,132,0,132,125,127,-5,52600,6752400,45,89.5,129,5500,127,1600,3343935022,3343935022,3343935022,0,0,0,0,0
2021-07-30,INTA,Intraco Penta Tbk.,--U-2100000000C141-ED--------X,129,0,132,130,132,3,10000,1317200,11,93.0,132,600,130,4100,3343935022,3343935022,3343935022,0,0,0,0,0
2021-07-29,INTA,Intraco Penta Tbk.,--U-2100000000C141-ED--------X,135,0,136,129,129,-6,12600,1647600,30,90.9,129,8200,127,7400,3343935022,3343935022,3343935022,0,0,0,0,0
2021-07-28,INTA,Intraco Penta Tbk.,--U-2100000000C141-ED--------X,129,0,136,129,135,6,21500,2898600,21,95.2,136,14800,130,2400,3343935022,3343935022,3343935022,0,0,0,0,0
2021-07-27,INTA,Intraco Penta Tbk.,--U-2100000000C141-ED--------X,138,0,150,129,129,-9,216500,29020100,74,90.9,132,1700,129,91600,3343935022,3343935022,3343935022,0,0,0,0,0
2021-07-26,INTA,Intraco Penta Tbk.,--U-2100000000C141-ED--------X,146,0,146,138,138,-8,50800,7097400,46,97.3,139,11100,138,1300,3343935022,3343935022,3343935022,0,0,0,0,0
2021-07-23,INTA,Intraco Penta Tbk.,--U-2100000000C141-ED--------X,146,0,146,141,146,0,40900,5865200,40,102.9,146,600,141,1000,3343935022,3343935022,3343935022,0,0,0,0,0
2021-07-22,INTA,Intraco Penta Tbk.,--U-2100000000C141-ED--------X,147,0,147,139,146,-1,83300,11846200,45,102.9,146,6300,145,10000,3343935022,3343935022,3343935022,0,0,0,0,0
2021-07-21,INTA,Intraco Penta Tbk.,--U-2100000000C141-ED--------X,143,0,150,138,147,4,37200,5292700,39,103.6,147,200,146,100,3343935022,3343935022,3343935022,0,0,0,0,0
2021-07-19,INTA,Intraco Penta Tbk.,--U-2100000000C141-ED--------X,152,0,159,142,143,-9,153100,21920800,88,100.8,148,900,143,1600,3343935022,3343935022,3343935022,0,0,0,0,0
2021-07-16,INTA,Intraco Penta Tbk.,--U-2100000000C141-ED---------,158,0,169,152,152,-6,24400,3915500,11,107.1,158,12000,151,900,3343935022,3343935022,3343935022,0,0,0,0,0
2021-07-15,INTA,Intraco Penta Tbk.,--U-2100000000C141-ED---------,158,0,158,147,158,0,37400,5598600,30,111.4,159,500,155,5700,3343935022,3343935022,3343935022,0,0,0,0,0
2021-07-14,INTA,Intraco Penta Tbk.,--U-2100000000C141-ED---------,158,0,158,152,158,0,400,62600,3,111.4,158,2300,152,600,3343935022,3343935022,3343935022,0,0,0,0,0
2021-07-13,INTA,Intraco Penta Tbk.,--U-2100000000C141-ED---------,158,0,158,151,158,0,4300,669400,10,111.4,160,600,151,1900,3343935022,3343935022,3343935022,0,0,0,0,0
2021-07-12,INTA,Intraco Penta Tbk.,--U-2100000000C141-ED---------,153,0,158,150,158,5,53400,8057900,18,111.4,165,26000,148,700,3343935022,3343935022,3343935022,0,0,0,0,0
2021-07-09,INTA,Intraco Penta Tbk.,--U-2100000000C141-ED---------,153,0,153,146,153,0,51100,7817600,12,107.9,153,49000,151,600,3343935022,3343935022,3343935022,0,0,0,0,0
2021-07-08,INTA,Intraco Penta Tbk.,--U-2100000000C141-ED---------,153,0,169,153,153,0,119700,18566600,44,107.9,154,6800,152,3400,3343935022,3343935022,3343935022,0,0,0,0,0
2021-07-07,INTA,Intraco Penta Tbk.,--U-2100000000C141-ED---------,161,0,175,153,153,-8,165200,26778100,52,107.9,163,4900,153,5500,3343935022,3343935022,3343935022,0,0,0,0,0
2021-07-06,INTA,Intraco Penta Tbk.,--U-2100000000C141-ED---------,173,0,173,161,161,-12,90900,14769200,29,113.5,162,22500,161,12900,3343935022,3343935022,3343935022,0,0,0,0,0
2021-07-05,INTA,Intraco Penta Tbk.,--U-2100000000C141-ED---------,173,0,173,164,173,0,22200,3839700,12,122.0,173,43400,164,15100,3343935022,3343935022,3343935022,0,0,0,0,0
2021-07-02,INTA,Intraco Penta Tbk.,--U-2100000000C141-EDL--------,173,0,173,173,173,0,100,17300,1,122.0,173,34100,164,8700,3343935022,3343935022,3343935022,0,0,0,0,0
2021-07-01,INTA,Intraco Penta Tbk.,--U-2100000000C141-ED---------,175,0,175,167,173,-2,21300,3637500,11,122.0,173,11600,168,200,3343935022,3343935022,3343935022,0,0,0,0,0
2021-06-30,INTA,Intraco Penta Tbk.,--U-2100000000C141-ED---------,165,0,175,165,175,10,25400,4415000,12,123.4,175,18900,165,800,3343935022,3343935022,3343935022,0,0,0,0,0
2021-06-29,INTA,Intraco Penta Tbk.,--U-2100000000C141-ED---------,165,0,165,155,165,0,800,131000,2,116.3,177,200,163,500,3343935022,3343935022,3343935022,0,0,0,0,0
2021-06-28,INTA,Intraco Penta Tbk.,--U-2100000000C141-ED---------,165,0,165,158,165,0,300,48800,3,116.3,172,1500,158,13000,3343935022,3343935022,3343935022,0,0,40465500,6676807500,2
2021-06-25,INTA,Intraco Penta Tbk.,--U-2100000000C141-ED---------,170,0,179,159,165,-5,177100,28653000,73,116.3,165,5600,160,100,3343935022,3343935022,3343935022,0,0,0,0,0
2021-06-24,INTA,Intraco Penta Tbk.,--U-2100000000C141-ED---------,170,0,170,165,170,0,1300,220000,3,119.8,180,29900,166,1500,3343935022,3343935022,3343935022,0,0,0,0,0
2021-06-23,INTA,Intraco Penta Tbk.,--U-2100000000C141-ED---------,179,0,183,170,170,-9,181600,32018000,39,119.8,176,300,170,30000,3343935022,3343935022,3343935022,0,0,0,0,0
2021-06-22,INTA,Intraco Penta Tbk.,--U-2100000000C141-ED---------,179,0,179,170,179,0,35800,6352000,20,126.2,180,54400,171,5500,3343935022,3343935022,3343935022,0,0,0,0,0
2021-06-21,INTA,Intraco Penta Tbk.,--U-2100000000C141-ED---------,176,0,179,169,179,3,50900,9073500,16,126.2,179,2100,169,1000,3343935022,3343935022,3343935022,0,0,0,0,0
2021-06-18,INTA,Intraco Penta Tbk.,--U-2100000000C141-ED---------,180,0,178,169,176,-4,87800,15184100,23,124.1,176,3000,169,21900,3343935022,3343935022,3343935022,0,0,0,0,0
2021-06-17,INTA,Intraco Penta Tbk.,--U-2100000000C141-ED---------,162,0,180,154,180,18,85700,15174900,31,126.9,180,121700,154,200,3343935022,3343935022,3343935022,0,0,0,0,0
2021-06-16,INTA,Intraco Penta Tbk.,--U-2100000000C141-ED---------,162,0,162,162,162,0,496400,80416800,3,114.2,170,42500,159,2900,3343935022,3343935022,3343935022,0,0,0,0,0
2021-06-15,INTA,Intraco Penta Tbk.,--U-2100000000C141-ED---------,171,0,169,162,162,-9,15200,2478400,14,114.2,169,4100,162,15000,3343935022,3343935022,3343935022,0,0,0,0,0
2021-06-14,INTA,Intraco Penta Tbk.,--U-2100000000C141-ED---------,171,0,171,165,171,0,1100,187500,5,120.5,174,1400,166,1000,3343935022,3343935022,3343935022,0,0,0,0,0
2021-06-11,INTA,Intraco Penta Tbk.,--U-2100000000C141-ED---------,172,0,172,166,171,-1,13100,2205500,12,120.5,171,24700,166,2200,3343935022,3343935022,3343935022,0,0,0,0,0
2021-06-10,INTA,Intraco Penta Tbk.,--U-2100000000C141-ED---------,168,0,172,172,172,4,500,86000,1,121.2,172,4500,164,6100,3343935022,3343935022,3343935022,0,0,0,0,0
2021-06-09,INTA,Intraco Penta Tbk.,--U-2100000000C141-ED---------,168,0,168,162,168,0,254400,42738600,26,118.4,169,900,163,20000,3343935022,3343935022,3343935022,0,0,90760000,15247680000,1
2021-06-08,INTA,Intraco Penta Tbk.,--U-2100000000C141-ED---------,160,0,170,159,168,8,8600,1448300,12,118.4,168,5600,163,2000,3343935022,3343935022,3343935022,0,0,0,0,0
2021-06-07,INTA,Intraco Penta Tbk.,--U-2100000000C141-ED---------,170,0,176,160,160,-10,46600,7465900,23,112.8,171,300,160,22500,3343935022,3343935022,3343935022,0,0,0,0,0
2021-06-04,INTA,Intraco Penta Tbk.,--U-2100000000C141-ED---------,170,0,170,169,170,0,2800,474700,8,119.8,174,1500,170,600,3343935022,3343935022,3343935022,0,0,0,0,0
2021-06-03,INTA,Intraco Penta Tbk.,--U-2100000000C141-ED---------,179,0,179,170,170,-9,34800,6004500,35,119.8,179,25400,170,14500,3343935022,3343935022,3343935022,0,0,0,0,0
2021-06-02,INTA,Intraco Penta Tbk.,--U-2100000000C141-E----------,180,0,179,169,179,-1,184000,32172000,37,126.2,179,71900,169,24000,3343935022,3343935022,3343935022,0,0,0,0,0
2021-05-31,INTA,Intraco Penta Tbk.,--U-2100000000C141-E----------,166,0,180,162,180,14,707600,118238400,55,126.9,180,70900,163,2000,3343935022,3343935022,3343935022,0,0,0,0,0
2021-05-28,INTA,Intraco Penta Tbk.,--U-2100000000C141-E----------,157,0,170,159,166,9,96900,16201400,18,117.0,166,52600,161,100,3343935022,3343935022,3343935022,0,0,0,0,0
2021-05-27,INTA,Intraco Penta Tbk.,--U-2100000000C141-E----------,161,0,161,157,157,-4,1500,239500,3,110.7,160,11300,157,200,3343935022,3343935022,3343935022,0,0,0,0,0
2021-05-25,INTA,Intraco Penta Tbk.,--U-2100000000C141-E----------,165,0,162,159,161,-4,3000,482600,4,113.5,161,2200,159,100,3343935022,3343935022,3343935022,0,0,0,0,0
2021-05-24,INTA,Intraco Penta Tbk.,--U-2100000000C141-E----------,160,0,165,154,165,5,51900,8558000,18,116.3,165,17200,159,9900,3343935022,3343935022,3343935022,0,0,0,0,0
2021-05-22,INTA,Intraco Penta Tbk.,--U-2100000000C141-E----------,160,0,0,0,160,0,0,0,0,112.8,0,0,0,0,3343935022,3343935022,3343935022,0,0,0,0,0
2021-05-21,INTA,Intraco Penta Tbk.,--U-2100000000C141-E----------,161,0,161,154,160,-1,15300,2419300,16,112.8,160,6500,153,1300,3343935022,3343935022,3343935022,0,0,0,0,0
2021-05-20,INTA,Intraco Penta Tbk.,--U-2100000000C141-E----------,150,0,161,150,161,11,2300,367200,5,113.5,161,13700,149,500,3343935022,3343935022,3343935022,0,0,0,0,0
2021-05-19,INTA,Intraco Penta Tbk.,--U-2100000000C141-E----------,150,0,150,150,150,0,148700,22305000,1,105.7,153,400,150,5300,3343935022,3343935022,3343935022,0,0,0,0,0
2021-05-18,INTA,Intraco Penta Tbk.,--U-2100000000C141-E----------,150,0,150,149,150,0,18200,2721800,5,105.7,150,148700,149,3700,3343935022,3343935022,3343935022,0,0,0,0,0
2021-05-17,INTA,Intraco Penta Tbk.,--U-2100000000C141-E----------,154,0,154,150,150,-4,6200,942900,12,105.7,153,158700,149,1900,3343935022,3343935022,3343935022,0,0,0,0,0
2021-05-11,INTA,Intraco Penta Tbk.,--U-2100000000C141-E----------,163,0,160,154,154,-9,117500,18205400,34,108.6,155,162200,154,13400,3343935022,3343935022,3343935022,0,0,0,0,0
2021-05-10,INTA,Intraco Penta Tbk.,--U-2100000000C141-E----------,163,0,163,158,163,0,17300,2818800,10,114.9,163,249700,158,6500,3343935022,3343935022,3343935022,0,0,0,0,0
2021-05-07,INTA,Intraco Penta Tbk.,--U-2100000000C141-E----------,163,0,163,158,163,0,1100,175800,2,114.9,168,20000,158,3200,3343935022,3343935022,3343935022,0,0,0,0,0
2021-05-06,INTA,Intraco Penta Tbk.,--U-2100000000C141-E----------,163,0,163,163,163,0,100,16300,1,114.9,163,1100,160,100,3343935022,3343935022,3343935022,0,0,0,0,0
2021-05-05,INTA,Intraco Penta Tbk.,--U-2100000000C141-E----------,163,0,163,161,163,0,16800,2705800,5,114.9,163,5100,158,1000,3343935022,3343935022,3343935022,0,0,0,0,0
2021-05-04,INTA,Intraco Penta Tbk.,--U-2100000000C141-E----------,163,0,163,158,163,0,13100,2120200,7,114.9,163,13100,158,12100,3343935022,3343935022,3343935022,0,0,0,0,0
2021-05-03,INTA,Intraco Penta Tbk.,--U-2100000000C141-E----------,165,0,166,154,163,-2,197100,30971300,25,114.9,163,21500,157,1100,3343935022,3343935022,3343935022,0,0,0,0,0
2021-04-30,INTA,Intraco Penta Tbk.,--U-2100000000C141-E----------,170,0,170,165,165,-5,21400,3533000,7,116.3,166,2000,165,44400,3343935022,3343935022,3343935022,0,0,0,0,0
2021-04-29,INTA,Intraco Penta Tbk.,--U-2100000000C141-E----------,170,0,170,165,170,0,52600,8837000,9,119.8,170,42500,166,2000,3343935022,3343935022,3343935022,0,0,0,0,0
2021-04-28,INTA,Intraco Penta Tbk.,--U-2100000000C141-E----------,170,0,170,160,170,0,56200,9382500,27,119.8,170,11000,161,5000,3343935022,3343935022,3343935022,0,0,0,0,0
2021-04-27,INTA,Intraco Penta Tbk.,--U-2100000000C141-E----------,165,0,170,159,170,5,31500,5343900,13,119.8,170,1000,159,31400,3343935022,3343935022,3343935022,0,0,0,0,0
2021-04-26,INTA,Intraco Penta Tbk.,--U-2100000000C141-E----------,161,0,165,158,165,4,173500,28009500,9,116.3,165,500,159,300,3343935022,3343935022,3343935022,0,0,0,0,0
2021-04-23,INTA,Intraco Penta Tbk.,--U-2100000000C141-E----------,161,0,161,161,161,0,3200,515200,4,113.5,166,700,161,900,3343935022,3343935022,3343935022,0,0,0,0,0
2021-04-22,INTA,Intraco Penta Tbk.,--U-2100000000C141-E----------,161,0,166,159,161,0,11500,1869800,10,113.5,166,50900,161,2000,3343935022,3343935022,3343935022,0,0,0,0,0
2021-04-21,INTA,Intraco Penta Tbk.,--U-2100000000C141-E----------,170,0,170,161,161,-9,10100,1650100,13,113.5,169,300,160,300,3343935022,3343935022,3343935022,0,0,0,0,0
2021-04-20,INTA,Intraco Penta Tbk.,--U-2100000000C141-E----------,170,0,170,166,170,0,800,134800,4,119.8,170,100,166,1900,3343935022,3343935022,3343935022,0,0,0,0,0
2021-04-19,INTA,Intraco Penta Tbk.,--U-2100000000C141-E----------,170,0,170,170,170,0,47500,8075000,9,119.8,169,100,166,3000,3343935022,3343935022,3343935022,0,0,0,0,0
2021-04-16,INTA,Intraco Penta Tbk.,--U-2100000000C141-E----------,172,0,170,170,170,-2,111100,18887000,13,119.8,170,1100,164,5000,3343935022,3343935022,3343935022,0,0,0,0,0
2021-04-15,INTA,Intraco Penta Tbk.,--U-2100000000C141-E----------,158,0,172,158,172,14,24500,4069800,8,121.2,172,26100,152,2000,3343935022,3343935022,3343935022,0,0,0,0,0
2021-04-14,INTA,Intraco Penta Tbk.,--U-2100000000C141-E----------,156,0,165,156,158,2,10800,1720200,9,111.4,158,52300,156,2700,3343935022,3343935022,3343935022,0,0,0,0,0
2021-04-13,INTA,Intraco Penta Tbk.,--U-2100000000C141-E----------,155,0,159,155,156,1,2500,391100,6,110.0,157,3300,155,1400,3343935022,3343935022,3343935022,0,0,0,0,0
2021-04-12,INTA,Intraco Penta Tbk.,--U-2100000000C141-E----------,156,0,156,151,155,-1,2500,389000,6,109.3,169,2000,151,1300,3343935022,3343935022,3343935022,0,0,0,0,0
2021-04-09,INTA,Intraco Penta Tbk.,--U-2100000000C141-E----------,164,0,170,154,156,-8,36900,5774700,17,110.0,158,100,156,800,3343935022,3343935022,3343935022,0,0,0,0,0
2021-04-08,INTA,Intraco Penta Tbk.,--U-2100000000C141-E----------,167,0,167,156,164,-3,104200,16872900,46,115.6,164,2900,160,102300,3343935022,3343935022,3343935022,0,0,0,0,0
2021-04-07,INTA,Intraco Penta Tbk.,--U-2100000000C141-E----------,159,0,167,154,167,8,161400,26801700,34,117.7,167,8600,152,5000,3343935022,3343935022,3343935022,0,0,0,0,0
2021-04-06,INTA,Intraco Penta Tbk.,--U-2100000000C141-E----------,159,0,164,151,159,0,20200,3211900,6,112.1,159,1000,151,4800,3343935022,3343935022,3343935022,0,0,0,0,0
2021-04-05,INTA,Intraco Penta Tbk.,--U-2100000000C141-E----------,160,0,163,150,159,-1,38900,6132500,18,112.1,159,13800,153,800,3343935022,3343935022,3343935022,0,0,0,0,0
2021-04-01,INTA,Intraco Penta Tbk.,--U-2100000000C141-E----------,160,0,160,149,160,0,123300,19000200,29,112.8,160,20000,150,1500,3343935022,3343935022,3343935022,0,0,0,0,0
2021-03-31,INTA,Intraco Penta Tbk.,--U-2100000000C141-E----------,155,0,160,150,160,5,20200,3230400,24,112.8,160,40000,150,3900,3343935022,3343935022,3343935022,0,0,0,0,0
2021-03-30,INTA,Intraco Penta Tbk.,--U-2100000000C141-E----------,149,0,155,148,155,6,64500,9987000,22,109.3,159,700,143,100,3343935022,3343935022,3343935022,0,0,0,0,0
2021-03-29,INTA,Intraco Penta Tbk.,--U-2100000000C141-E----------,144,0,149,140,149,5,8700,1294700,8,105.0,149,8100,142,3100,3343935022,3343935022,3343935022,0,0,0,0,0
2021-03-26,INTA,Intraco Penta Tbk.,--U-2100000000C141-E----------,140,0,144,140,144,4,1600,224800,2,101.5,147,5000,140,23000,3343935022,3343935022,3343935022,0,0,0,0,0
2021-03-25,INTA,Intraco Penta Tbk.,--U-2100000000C141-E----------,147,0,157,140,140,-7,32700,4652200,15,98.7,149,10200,141,300,3343935022,3343935022,3343935022,0,0,0,0,0
2021-03-24,INTA,Intraco Penta Tbk.,--U-2100000000C141-E----------,143,0,147,140,147,4,13100,1841000,13,103.6,147,11000,140,10600,3343935022,3343935022,3343935022,0,0,0,0,0
2021-03-23,INTA,Intraco Penta Tbk.,--U-2100000000C141-E----------,144,0,149,143,143,-1,238900,34174500,34,100.8,143,6000,141,100,3343935022,3343935022,3343935022,0,0,0,0,0
2021-03-22,INTA,Intraco Penta Tbk.,--U-2100000000C141-E----------,150,0,155,144,144,-6,39500,5762900,30,101.5,153,25900,144,55200,3343935022,3343935022,3343935022,0,0,0,0,0
2021-03-19,INTA,Intraco Penta Tbk.,--U-2100000000C141-E----------,150,0,160,149,150,0,82000,12372900,50,105.7,155,200,150,99000,3343935022,3343935022,3343935022,0,0,0,0,0
2021-03-18,INTA,Intraco Penta Tbk.,--U-2100000000C141-E----------,147,0,150,147,150,3,9700,1440900,7,105.7,150,25900,147,33400,3343935022,3343935022,3343935022,0,0,0,0,0
2021-03-17,INTA,Intraco Penta Tbk.,--U-2100000000C141-E----------,148,0,148,147,147,-1,29800,4383500,15,103.6,149,500,147,12500,3343935022,3343935022,3343935022,0,0,0,0,0
2021-03-16,INTA,Intraco Penta Tbk.,--U-2100000000C141-E----------,149,0,149,147,148,-1,41200,6103000,15,104.3,149,15800,147,2500,3343935022,3343935022,3343935022,0,0,0,0,0
2021-03-15,INTA,Intraco Penta Tbk.,--U-2100000000C141-E----------,149,0,149,148,149,0,41700,6212100,24,105.0,149,54600,148,16100,3343935022,3343935022,3343935022,0,0,0,0,0
2021-03-12,INTA,Intraco Penta Tbk.,--U-2100000000C141-E----------,159,0,165,148,149,-10,461000,68329200,117,105.0,148,231400,0,0,3343935022,3343935022,3343935022,0,0,0,0,0
2021-03-10,INTA,Intraco Penta Tbk.,--U-2100000000C141-E----------,159,0,0,0,159,0,0,0,0,112.1,160,300,157,700,3343935022,3343935022,3343935022,0,0,0,0,0
2021-03-09,INTA,Intraco Penta Tbk.,--U-2100000000C141-E----------,159,0,160,149,159,0,3700,589800,8,112.1,164,2000,159,3000,3343935022,3343935022,3343935022,0,0,0,0,0
2021-03-08,INTA,Intraco Penta Tbk.,--U-2100000000C141-E----------,168,0,167,159,159,-9,24100,3834700,13,112.1,165,200,159,5000,3343935022,3343935022,3343935022,0,0,0,0,0
2021-03-05,INTA,Intraco Penta Tbk.,--U-2100000000C141-E----------,169,0,168,158,168,-1,18800,3031400,24,118.4,169,128100,161,1800,3343935022,3343935022,3343935022,0,0,0,0,0
2021-03-04,INTA,Intraco Penta Tbk.,--U-2100000000C141-E----------,169,0,169,164,169,0,13700,2281000,16,119.1,170,2100,166,200,3343935022,3343935022,3343935022,0,0,0,0,0
2021-03-03,INTA,Intraco Penta Tbk.,--U-2100000000C141-E----------,177,0,177,169,169,-8,23200,3930400,23,119.1,169,6400,168,7000,3343935022,3343935022,3343935022,0,0,0,0,0
2021-03-02,INTA,Intraco Penta Tbk.,--U-2100000000C141-E----------,174,0,177,166,177,3,93100,16154200,27,124.8,177,33700,165,8500,3343935022,3343935022,3343935022,0,0,0,0,0
2021-03-01,INTA,Intraco Penta Tbk.,--U-2100000000C141-E----------,176,0,176,174,174,-2,14900,2600700,8,122.7,174,3500,167,400,3343935022,3343935022,3343935022,0,0,0,0,0
2021-02-26,INTA,Intraco Penta Tbk.,--U-2100000000C141-E----------,167,0,176,160,176,9,127400,22268300,24,124.1,176,64500,161,11000,3343935022,3343935022,3343935022,0,0,0,0,0
2021-02-25,INTA,Intraco Penta Tbk.,--U-2100000000C141-E----------,168,0,168,159,167,-1,41400,6792700,29,117.7,166,7400,161,400,3343935022,3343935022,3343935022,0,0,0,0,0
2021-02-24,INTA,Intraco Penta Tbk.,--U-2100000000C141-E----------,160,0,177,150,168,8,57900,9290400,53,118.4,168,25600,155,500,3343935022,3343935022,3343935022,0,0,0,0,0
2021-02-23,INTA,Intraco Penta Tbk.,--U-2100000000C141-E----------,157,0,160,148,160,3,59800,9510400,28,112.8,160,42700,156,600,3343935022,3343935022,3343935022,0,0,0,0,0
2021-02-22,INTA,Intraco Penta Tbk.,--U-2100000000C141-E----------,160,0,160,149,157,-3,128000,19398400,59,110.7,157,7300,150,2000,3343935022,3343935022,3343935022,0,0,0,0,0
2021-02-19,INTA,Intraco Penta Tbk.,--U-2100000000C141-E----------,153,0,160,146,160,7,86700,13695900,27,112.8,164,67100,153,1100,3343935022,3343935022,3343935022,0,0,0,0,0
2021-02-18,INTA,Intraco Penta Tbk.,--U-2100000000C141-E----------,153,0,155,152,153,0,29100,4467700,22,107.9,153,2100,152,11300,3343935022,3343935022,3343935022,0,0,0,0,0
2021-02-17,INTA,Intraco Penta Tbk.,--U-2100000000C141-E----------,161,0,161,153,153,-8,25600,3940100,24,107.9,154,1400,153,1900,3343935022,3343935022,3343935022,0,0,1800000,289800000,1
2021-02-16,INTA,Intraco Penta Tbk.,--U-2100000000C141-E----------,160,0,163,153,161,1,7300,1160300,22,113.5,161,600,154,1500,3343935022,3343935022,3343935022,0,0,0,0,0
2021-02-15,INTA,Intraco Penta Tbk.,--U-2100000000C141-E----------,163,0,165,155,160,-3,70500,11215200,35,112.8,165,1800,160,5600,3343935022,3343935022,3343935022,0,0,0,0,0
2021-02-11,INTA,Intraco Penta Tbk.,--U-2100000000C141-E----------,170,0,170,161,163,-7,36100,5902700,64,114.9,163,5900,162,19100,3343935022,3343935022,3343935022,0,0,0,0,0
2021-02-10,INTA,Intraco Penta Tbk.,--U-2100000000C141-E----------,169,0,170,160,170,1,67800,11249900,46,119.8,170,2500,161,29600,3343935022,3343935022,3343935022,0,0,0,0,0
2021-02-09,INTA,Intraco Penta Tbk.,--U-2100000000C141-E----------,156,0,169,152,169,13,76900,12223800,53,119.1,169,30400,156,25000,3343935022,3343935022,3343935022,0,0,40,3000,1
2021-02-08,INTA,Intraco Penta Tbk.,--U-2100000000C141-E----------,167,0,197,156,156,-11,363700,59695400,152,110.0,159,700,156,76600,3343935022,3343935022,3343935022,0,0,0,0,0
2021-02-05,INTA,Intraco Penta Tbk.,--U-2100000000C141-E----------,179,0,182,167,167,-12,164500,27670200,59,117.7,178,15000,0,0,3343935022,3343935022,3343935022,0,0,0,0,0
2021-02-04,INTA,Intraco Penta Tbk.,--U-2100000000C141-E----------,162,0,200,151,179,17,188600,31573200,123,126.2,179,1000,177,5000,3343935022,3343935022,3343935022,0,0,0,0,0
2021-02-03,INTA,Intraco Penta Tbk.,--U-2100000000C141-E----------,169,0,172,160,162,-7,50921100,8630211600,67,114.2,169,50000,162,36200,3343935022,3343935022,3343935022,0,0,0,0,0
2021-02-02,INTA,Intraco Penta Tbk.,--U-2100000000C141-E----------,169,0,175,168,169,0,38204300,6523016800,54,119.1,169,1100,168,2300,3343935022,3343935022,3343935022,0,0,0,0,0
2021-02-01,INTA,Intraco Penta Tbk.,--U-2100000000C141-E----------,170,0,170,162,169,-1,5950700,1005656300,23,119.1,170,15600,169,12100,3343935022,3343935022,3343935022,0,0,0,0,0
2021-01-29,INTA,Intraco Penta Tbk.,--U-2100000000C141-E----------,174,0,172,162,170,-4,5967000,1013883600,40,119.8,172,1300,164,1000,3343935022,3343935022,3343935022,0,0,0,0,0
2021-01-28,INTA,Intraco Penta Tbk.,--U-2100000000C141-E----------,175,0,175,174,174,-1,5775600,1004980000,25,122.7,175,14600,174,1300,3343935022,3343935022,3343935022,0,0,0,0,0
2021-01-27,INTA,Intraco Penta Tbk.,--U-2100000000C141-E----------,180,0,184,175,175,-5,5632700,1008204600,33,123.4,180,18000,175,53000,3343935022,3343935022,3343935022,0,0,39106000,6999974000,1
2021-01-26,INTA,Intraco Penta Tbk.,--U-2100000000C141-E----------,185,0,185,178,180,-5,52000,9375800,20,126.9,185,5500,180,19000,3343935022,3343935022,3343935022,0,0,0,0,0
2021-01-25,INTA,Intraco Penta Tbk.,--U-2100000000C141-E----------,193,0,193,182,185,-8,27500,5087200,33,130.4,190,48200,185,46500,3343935022,3343935022,3343935022,0,0,0,0,0
2021-01-22,INTA,Intraco Penta Tbk.,--U-210000000091---E----------,196,0,194,190,193,-3,132100,25612400,12,136.0,193,3900,190,10400,3343935022,3343935022,3343935022,0,0,0,0,0
2021-01-21,INTA,Intraco Penta Tbk.,--U-210000000091---E----------,197,0,197,191,196,-1,1300,255300,5,138.2,194,2000,192,1700,3343935022,3343935022,3343935022,0,0,0,0,0
2021-01-20,INTA,Intraco Penta Tbk.,--U-210000000091---E----------,199,0,199,186,197,-2,72200,13996800,34,138.9,197,17200,190,28300,3343935022,3343935022,3343935022,0,0,0,0,0
2021-01-19,INTA,Intraco Penta Tbk.,--U-210000000091---E----------,193,0,199,185,199,6,393100,75897800,66,140.3,199,55600,186,4100,3343935022,3343935022,3343935022,0,0,0,0,0
2021-01-18,INTA,Intraco Penta Tbk.,--U-210000000091---E----------,193,0,193,188,193,0,880800,167247100,132,136.0,194,84000,190,1800,3343935022,3343935022,3343935022,0,0,19764400,3775000400,1
2021-01-15,INTA,Intraco Penta Tbk.,--U-210000000091---E----------,196,0,195,193,193,-3,263600,51029700,79,136.0,194,57100,193,2000,3343935022,3343935022,3343935022,0,0,2806600,544480400,2
2021-01-14,INTA,Intraco Penta Tbk.,--U-210000000091---E----------,194,0,196,193,196,2,453800,88295000,96,138.2,196,500,193,184600,3343935022,3343935022,3343935022,0,0,0,0,0
2021-01-13,INTA,Intraco Penta Tbk.,--U-210000000091---E----------,198,0,198,194,194,-4,798500,156408100,135,136.8,197,236400,194,105900,3343935022,3343935022,3343935022,0,0,0,0,0
2021-01-12,INTA,Intraco Penta Tbk.,--U-210000000091---E----------,196,0,198,195,198,2,1711800,334375100,201,139.6,198,282100,195,193600,3343935022,3343935022,3343935022,0,0,0,0,0
2021-01-11,INTA,Intraco Penta Tbk.,--U-210000000091---E----------,200,0,202,196,196,-4,2517800,500228300,221,138.2,196,139300,195,410800,3343935022,3343935022,3343935022,350000,0,0,0,0
2021-01-08,INTA,Intraco Penta Tbk.,--U-210000000091---E----------,198,0,202,197,200,2,3770300,751585900,357,141.0,202,138300,200,61200,3343935022,3343935022,3343935022,0,350000,0,0,0
2021-01-07,INTA,Intraco Penta Tbk.,--U-210000000091---E----------,198,0,200,196,198,0,1569700,311952200,197,139.6,198,44600,197,187600,3343935022,3343935022,3343935022,0,0,0,0,0
2021-01-06,INTA,Intraco Penta Tbk.,--U-210000000091---E----------,199,0,204,198,198,-1,4100,812800,9,139.6,204,100,198,1100,3343935022,3343935022,3343935022,0,0,0,0,0
2021-01-05,INTA,Intraco Penta Tbk.,--U-210000000091---E----------,193,0,200,196,199,6,2600,514600,10,140.3,204,2200,199,100,3343935022,3343935022,3343935022,0,0,0,0,0
2021-01-04,INTA,Intraco Penta Tbk.,--U-210000000091---E----------,190,0,193,193,193,3,100,19300,1,136.0,198,1600,194,1000,3343935022,3343935022,3343935022,0,0,0,0,0
2020-12-30,INTA,Intraco Penta Tbk.,--U-210000000091---E----------,200,0,202,190,190,-10,822200,159302000,38,133.9,202,200,190,67700,3343935022,3343935022,3343935022,0,0,0,0,0
2020-12-29,INTA,Intraco Penta Tbk.,--U-210000000091---E----------,200,0,206,200,200,0,65700,13209000,34,141.0,200,26000,198,600,3343935022,3343935022,3343935022,0,0,0,0,0
2020-12-28,INTA,Intraco Penta Tbk.,--U-210000000091---E----------,197,0,206,197,200,3,200100,40240100,40,141.0,206,24500,200,6200,3343935022,3343935022,3343935022,0,0,41872700,8291510800,2
2020-12-23,INTA,Intraco Penta Tbk.,--U-210000000091---E----------,200,0,212,197,197,-3,10500,2098300,13,138.9,200,100,197,6900,3343935022,3343935022,3343935022,0,0,0,0,0
2020-12-22,INTA,Intraco Penta Tbk.,--U-210000000091---E----------,200,0,208,199,200,0,20300,4060300,53,141.0,200,87700,199,1300,3343935022,3343935022,3343935022,0,0,0,0,0
2020-12-21,INTA,Intraco Penta Tbk.,--U-210000000091---E----------,202,0,208,200,200,-2,3300,661600,5,141.0,208,3300,200,51500,3343935022,3343935022,3343935022,0,0,0,0,0
2020-12-18,INTA,Intraco Penta Tbk.,--U-210000000091---E----------,200,0,210,198,202,2,6900,1386000,15,142.4,202,4000,198,61200,3343935022,3343935022,3343935022,0,0,0,0,0
2020-12-17,INTA,Intraco Penta Tbk.,--U-210000000091---E----------,208,0,208,198,200,-8,10500,2112400,14,141.0,206,600,200,96600,3343935022,3343935022,3343935022,0,0,0,0,0
2020-12-16,INTA,Intraco Penta Tbk.,--U-210000000091---E----------,208,0,208,208,208,0,14100,2932800,8,146.6,210,5000,208,14500,3343935022,3343935022,3343935022,0,0,0,0,0
2020-12-15,INTA,Intraco Penta Tbk.,--U-210000000091---E----------,202,0,208,202,208,6,16800,3439200,12,146.6,208,13800,206,2700,3343935022,3343935022,3343935022,0,0,0,0,0
2020-12-14,INTA,Intraco Penta Tbk.,--U-210000000091---E----------,210,0,208,200,202,-8,23900,4852600,18,142.4,202,816000,200,81900,3343935022,3343935022,3343935022,0,0,0,0,0
2020-12-11,INTA,Intraco Penta Tbk.,--U-210000000091---E----------,208,0,212,210,210,2,4300,908200,7,148.0,212,102500,210,5800,3343935022,3343935022,3343935022,0,0,0,0,0
2020-12-10,INTA,Intraco Penta Tbk.,--U-210000000091---E----------,208,0,210,208,208,0,70600,14784800,6,146.6,210,25100,208,5400,3343935022,3343935022,3343935022,0,0,0,0,0
2020-12-08,INTA,Intraco Penta Tbk.,--U-210000000091---E----------,210,0,208,200,208,-2,94500,19225000,17,146.6,208,33700,200,3600,3343935022,3343935022,3343935022,0,0,0,0,0
2020-12-07,INTA,Intraco Penta Tbk.,--U-210000000091---E----------,200,0,210,191,210,10,81700,17125900,5,148.0,210,23200,196,100,3343935022,3343935022,3343935022,0,0,0,0,0
2020-12-04,INTA,Intraco Penta Tbk.,--U-210000000091---E----------,200,0,200,196,200,0,21200,4232000,5,141.0,210,100000,196,1000,3343935022,3343935022,3343935022,0,0,0,0,0
2020-12-03,INTA,Intraco Penta Tbk.,--U-210000000091---E----------,202,0,200,200,200,-2,55500,11100000,6,141.0,210,115000,200,12400,3343935022,3343935022,3343935022,0,0,0,0,0
2020-12-02,INTA,Intraco Penta Tbk.,--U-210000000091---E----------,200,0,204,202,202,2,479900,97874400,23,142.4,204,50000,202,46900,3343935022,3343935022,3343935022,0,0,0,0,0
2020-12-01,INTA,Intraco Penta Tbk.,--U-210000000091---E----------,194,0,200,200,200,6,9600,1920000,2,141.0,208,9600,200,40700,3343935022,3343935022,3343935022,0,0,0,0,0
2020-11-30,INTA,Intraco Penta Tbk.,--U-210000000091---E----------,200,0,220,194,194,-6,444200,91849600,33,136.8,220,18200,193,400,3343935022,3343935022,3343935022,0,0,0,0,0
2020-11-27,INTA,Intraco Penta Tbk.,--U-210000000091---E----------,197,0,200,198,200,3,18600,3717300,12,141.0,200,86200,199,55200,3343935022,3343935022,3343935022,0,0,0,0,0
2020-11-26,INTA,Intraco Penta Tbk.,--U-210000000091---E----------,208,0,260,197,197,-11,64000,12956700,50,138.9,197,2500,196,1400,3343935022,3343935022,3343935022,0,0,0,0,0
2020-11-25,INTA,Intraco Penta Tbk.,--U-210000000091---E----------,218,0,208,206,208,-10,200,41400,2,146.6,210,100,208,2100,3343935022,3343935022,3343935022,0,0,0,0,0
2020-11-24,INTA,Intraco Penta Tbk.,--U-210000000091---E----------,218,0,0,0,218,0,0,0,0,153.7,238,100,216,2500,3343935022,3343935022,3343935022,0,0,0,0,0
2020-11-23,INTA,Intraco Penta Tbk.,--U-210000000091---E----------,218,0,224,218,218,0,39000,8514000,10,153.7,224,2900,212,300,3343935022,3343935022,3343935022,0,0,0,0,0
2020-11-20,INTA,Intraco Penta Tbk.,--U-210000000091---E----------,232,0,218,218,218,-14,100,21800,1,153.7,232,4800,224,2000,3343935022,3343935022,3343935022,0,0,0,0,0
2020-11-19,INTA,Intraco Penta Tbk.,--U-210000000091---E----------,236,0,234,220,232,-4,115700,27068200,7,163.5,232,15000,224,3200,3343935022,3343935022,3343935022,0,0,0,0,0
2020-11-18,INTA,Intraco Penta Tbk.,--U-210000000091---E----------,240,0,236,224,236,-4,41200,9510000,22,166.4,236,500,0,0,3343935022,3343935022,3343935022,0,0,0,0,0
2020-11-17,INTA,Intraco Penta Tbk.,--U-210000000091---E----------,232,0,240,218,240,8,6100,1452600,4,169.2,240,5000,224,16100,3343935022,3343935022,3343935022,0,0,0,0,0
2020-11-16,INTA,Intraco Penta Tbk.,--U-210000000091---E----------,232,0,232,232,232,0,100,23200,1,163.5,248,2000,220,2700,3343935022,3343935022,3343935022,0,0,0,0,0
2020-11-13,INTA,Intraco Penta Tbk.,--U-210000000091---E----------,232,0,270,232,232,0,121300,28215000,50,163.5,236,4800,232,1200,3343935022,3343935022,3343935022,0,0,0,0,0
2020-11-12,INTA,Intraco Penta Tbk.,--U-210000000091---E----------,222,0,260,222,232,10,8000,1892800,20,163.5,234,500,232,3300,3343935022,3343935022,3343935022,0,0,0,0,0
2020-11-11,INTA,Intraco Penta Tbk.,--U-210000000091---E----------,222,0,258,222,222,0,23100,5224000,33,156.5,222,800,220,1000,3343935022,3343935022,3343935022,0,0,0,0,0
2020-11-10,INTA,Intraco Penta Tbk.,--U-210000000091---E----------,232,0,280,222,222,-10,11100,2505800,14,156.5,256,100,218,1200,3343935022,3343935022,3343935022,0,0,0,0,0
2020-11-09,INTA,Intraco Penta Tbk.,--U-210000000091---E----------,232,0,250,216,232,0,10500,2522000,18,163.5,232,7600,218,2100,3343935022,3343935022,3343935022,0,0,0,0,0
2020-11-06,INTA,Intraco Penta Tbk.,--U-210000000091---E----------,228,0,232,216,232,4,11700,2706200,12,163.5,236,100,228,100,3343935022,3343935022,3343935022,0,0,0,0,0
2020-11-05,INTA,Intraco Penta Tbk.,--U-210000000091---E----------,216,0,228,204,228,12,48000,10848600,21,160.7,228,6000,216,7500,3343935022,3343935022,3343935022,0,0,0,0,0
2020-11-04,INTA,Intraco Penta Tbk.,--U-210000000091---E----------,208,0,216,196,216,8,300,61200,3,152.3,216,52300,200,2200,3343935022,3343935022,3343935022,0,0,0,0,0
2020-11-03,INTA,Intraco Penta Tbk.,--U-210000000091---E----------,210,0,208,196,208,-2,174200,34428600,18,146.6,210,100,197,100,3343935022,3343935022,3343935022,0,0,0,0,0
2020-11-02,INTA,Intraco Penta Tbk.,--U-210000000091---E----------,210,0,210,198,210,0,25000,5150400,15,148.0,212,100,197,800,3343935022,3343935022,3343935022,0,0,0,0,0
2020-10-27,INTA,Intraco Penta Tbk.,--U-210000000091---E----------,208,0,210,208,210,2,3400,713800,4,148.0,208,15500,199,100,3343935022,3343935022,3343935022,0,0,0,0,0
2020-10-26,INTA,Intraco Penta Tbk.,--U-210000000091---E----------,208,0,208,196,208,0,10400,2161200,6,146.6,208,12900,196,106800,3343935022,3343935022,3343935022,0,0,0,0,0
2020-10-23,INTA,Intraco Penta Tbk.,--U-210000000091---E----------,206,0,208,198,208,2,8200,1688700,12,146.6,208,600,198,400,3343935022,3343935022,3343935022,0,0,0,0,0
2020-10-22,INTA,Intraco Penta Tbk.,--U-210000000091---E----------,206,0,206,206,206,0,1200,247200,2,145.2,206,25600,198,300,3343935022,3343935022,3343935022,0,0,0,0,0
2020-10-21,INTA,Intraco Penta Tbk.,--U-210000000091---E----------,206,0,208,200,206,0,1800,366800,5,145.2,208,77000,200,2200,3343935022,3343935022,3343935022,0,0,0,0,0
2020-10-20,INTA,Intraco Penta Tbk.,--U-210000000091---E----------,204,0,206,200,206,2,700,143200,6,145.2,206,5700,200,3500,3343935022,3343935022,3343935022,0,0,0,0,0
2020-10-19,INTA,Intraco Penta Tbk.,--U-210000000091---E----------,206,0,210,199,204,-2,10400,2154100,19,143.8,210,106000,200,200,3343935022,3343935022,3343935022,0,0,0,0,0
2020-10-16,INTA,Intraco Penta Tbk.,--U-210000000091---E----------,206,0,210,204,206,0,10500,2143600,8,145.2,206,1100,204,300,3343935022,3343935022,3343935022,0,0,0,0,0
2020-10-15,INTA,Intraco Penta Tbk.,--U-210000000091---E----------,206,0,208,202,206,0,6000,1235000,9,145.2,206,24300,204,2000,3343935022,3343935022,3343935022,0,0,0,0,0
2020-10-14,INTA,Intraco Penta Tbk.,--U-210000000091---E----------,202,0,212,202,206,4,79200,16465800,17,145.2,206,21600,202,3500,3343935022,3343935022,3343935022,0,0,0,0,0
2020-10-13,INTA,Intraco Penta Tbk.,--U-210000000091---E----------,216,0,216,202,202,-14,441000,89250400,24,142.4,202,9000,0,0,3343935022,3343935022,3343935022,0,0,0,0,0
2020-10-12,INTA,Intraco Penta Tbk.,--U-210000000091---E----------,216,0,228,210,216,0,33400,7030400,11,152.3,216,102700,210,35500,3343935022,3343935022,3343935022,0,0,87,10962,1
2020-10-09,INTA,Intraco Penta Tbk.,--U-210000000091---E----------,216,0,226,204,216,0,1800,387400,9,152.3,226,2300,208,2300,3343935022,3343935022,3343935022,0,0,0,0,0
2020-10-08,INTA,Intraco Penta Tbk.,--U-210000000091---E----------,210,0,240,202,216,6,32400,6993800,28,152.3,216,11300,210,2300,3343935022,3343935022,3343935022,0,0,0,0,0
2020-10-07,INTA,Intraco Penta Tbk.,--U-210000000091---E----------,210,0,210,200,210,0,4600,935400,7,148.0,226,100,202,3400,3343935022,3343935022,3343935022,0,0,0,0,0
2020-10-06,INTA,Intraco Penta Tbk.,--U-210000000091---E----------,210,0,230,200,210,0,4700,1043800,7,148.0,230,14600,202,2500,3343935022,3343935022,3343935022,0,0,0,0,0
2020-10-05,INTA,Intraco Penta Tbk.,--U-210000000091---E----------,208,0,210,195,210,2,300,61500,3,148.0,210,4400,208,100,3343935022,3343935022,3343935022,0,0,0,0,0
2020-10-02,INTA,Intraco Penta Tbk.,--U-210000000091---E----------,222,0,222,208,208,-14,21400,4662200,24,146.6,208,900,0,0,3343935022,3343935022,3343935022,0,0,0,0,0
2020-10-01,INTA,Intraco Penta Tbk.,--U-210000000091---E----------,238,0,238,222,222,-16,77900,17364800,26,156.5,222,20000,0,0,3343935022,3343935022,3343935022,0,0,0,0,0
2020-09-30,INTA,Intraco Penta Tbk.,--U-210000000091---E----------,236,0,240,222,238,2,4100,973600,11,167.8,240,100100,232,10900,3343935022,3343935022,3343935022,0,0,0,0,0
2020-09-29,INTA,Intraco Penta Tbk.,--U-210000000091---E----------,248,0,240,234,236,-12,47600,11253400,22,166.4,236,1800,234,4500,3343935022,3343935022,3343935022,0,0,0,0,0
2020-09-28,INTA,Intraco Penta Tbk.,--U-210000000091---E----------,248,0,250,234,248,0,17200,4179200,16,174.8,250,102800,238,20000,3343935022,3343935022,3343935022,0,0,0,0,0
2020-09-25,INTA,Intraco Penta Tbk.,--U-210000000091---E----------,240,0,248,234,248,8,59700,14675400,15,174.8,250,104500,232,1500,3343935022,3343935022,3343935022,0,0,0,0,0
2020-09-24,INTA,Intraco Penta Tbk.,--U-210000000091---E----------,240,0,240,234,240,0,2100,503400,2,169.2,240,7500,236,1200,3343935022,3343935022,3343935022,0,0,0,0,0
2020-09-23,INTA,Intraco Penta Tbk.,--U-210000000091---E----------,248,0,240,236,240,-8,20600,4943600,4,169.2,240,4500,236,400,3343935022,3343935022,3343935022,0,0,0,0,0
2020-09-22,INTA,Intraco Penta Tbk.,--U-210000000091---E----------,248,0,248,240,248,0,75400,18572400,13,174.8,250,15000,240,10900,3343935022,3343935022,3343935022,0,0,0,0,0
2020-09-21,INTA,Intraco Penta Tbk.,--U-210000000091---E----------,254,0,250,244,248,-6,42100,10431400,7,174.8,248,15100,244,1200,3343935022,3343935022,3343935022,0,0,0,0,0
2020-09-18,INTA,Intraco Penta Tbk.,--U-210000000091---E----------,254,0,254,244,254,0,9600,2437400,4,179.0,254,31700,248,100,3343935022,3343935022,3343935022,0,0,0,0,0
2020-09-17,INTA,Intraco Penta Tbk.,--U-210000000091---E----------,254,0,262,244,254,0,263900,65572600,43,179.0,254,32100,248,3300,3343935022,3343935022,3343935022,0,0,0,0,0
2020-09-16,INTA,Intraco Penta Tbk.,--U-210000000091---E----------,270,0,264,254,254,-16,175200,45265000,62,179.0,262,10000,254,15800,3343935022,3343935022,3343935022,0,0,0,0,0
2020-09-15,INTA,Intraco Penta Tbk.,--U-210000000091---E----------,274,0,270,256,270,-4,1198900,321288400,82,190.3,270,876500,262,50000,3343935022,3343935022,3343935022,0,0,0,0,0
2020-09-14,INTA,Intraco Penta Tbk.,--U-210000000091---E----------,272,0,274,270,274,2,30100,8247000,11,193.1,274,4300,264,13300,3343935022,3343935022,3343935022,0,0,0,0,0
2020-09-11,INTA,Intraco Penta Tbk.,--U-210000000091---E----------,270,0,272,254,272,2,53200,14414400,12,191.7,272,5200,254,2500,3343935022,3343935022,3343935022,0,0,0,0,0
2020-09-10,INTA,Intraco Penta Tbk.,--U-210000000091---E----------,270,0,270,264,270,0,12400,3333600,3,190.3,272,10000,264,5900,3343935022,3343935022,3343935022,0,0,0,0,0
2020-09-09,INTA,Intraco Penta Tbk.,--U-210000000091---E----------,268,0,270,260,270,2,408600,106723400,99,190.3,270,14400,260,14200,3343935022,3343935022,3343935022,0,0,0,0,0
2020-09-08,INTA,Intraco Penta Tbk.,--U-210000000091---E----------,266,0,268,264,268,2,383400,102417600,105,188.9,268,17500,266,11100,3343935022,3343935022,3343935022,0,0,0,0,0
2020-09-07,INTA,Intraco Penta Tbk.,--U-210000000091---E----------,266,0,266,262,266,0,348800,91879000,66,187.5,266,11000,262,26800,3343935022,3343935022,3343935022,0,0,0,0,0
2020-09-04,INTA,Intraco Penta Tbk.,--U-210000000091---E----------,270,0,288,262,266,-4,247700,66324600,94,187.5,268,3500,264,600,3343935022,3343935022,3343935022,0,0,0,0,0
2020-09-03,INTA,Intraco Penta Tbk.,--U-210000000091---E----------,262,0,282,254,270,8,2348500,606442400,490,190.3,280,5400,256,500,3343935022,3343935022,3343935022,0,0,0,0,0
2020-09-02,INTA,Intraco Penta Tbk.,--U-210000000091---E----------,270,0,290,256,262,-8,1384800,359596800,275,184.7,262,1000,260,41200,3343935022,3343935022,3343935022,0,0,0,0,0
2020-09-01,INTA,Intraco Penta Tbk.,--U-210000000091---E----------,264,0,270,246,270,6,34000,9044000,17,190.3,270,45000,250,200,3343935022,3343935022,3343935022,0,0,0,0,0
2020-08-31,INTA,Intraco Penta Tbk.,--U-210000000091---E----------,268,0,278,256,264,-4,57000,14832000,17,186.1,270,16200,256,1400,3343935022,3343935022,3343935022,0,0,0,0,0
2020-08-28,INTA,Intraco Penta Tbk.,--U-210000000091---E----------,270,0,278,254,268,-2,27600,7256200,10,188.9,268,4200,256,18800,3343935022,3343935022,3343935022,0,0,0,0,0
2020-08-27,INTA,Intraco Penta Tbk.,--U-210000000091---E----------,260,0,278,270,270,10,10100,2727800,2,190.3,276,100,250,15000,3343935022,3343935022,3343935022,0,0,0,0,0
2020-08-26,INTA,Intraco Penta Tbk.,--U-210000000091---E----------,270,0,278,260,260,-10,25600,6663000,13,183.3,270,10000,258,10100,3343935022,3343935022,3343935022,0,0,0,0,0
2020-08-25,INTA,Intraco Penta Tbk.,--U-210000000091---E----------,270,0,280,258,270,0,48400,12672800,19,190.3,280,7000,260,3800,3343935022,3343935022,3343935022,0,0,0,0,0
2020-08-24,INTA,Intraco Penta Tbk.,--U-210000000091---E----------,280,0,280,264,270,-10,39800,10564200,11,190.3,270,2400,266,5000,3343935022,3343935022,3343935022,0,0,0,0,0
2020-08-19,INTA,Intraco Penta Tbk.,--U-210000000091---E----------,280,0,290,262,280,0,293900,82313400,35,197.4,282,10000,264,100,3343935022,3343935022,3343935022,0,0,0,0,0
2020-08-18,INTA,Intraco Penta Tbk.,--U-210000000091---E----------,280,0,280,264,280,0,10300,2882400,6,197.4,280,30000,278,20000,3343935022,3343935022,3343935022,0,0,0,0,0
2020-08-14,INTA,Intraco Penta Tbk.,--U-210000000091---E----------,280,0,280,266,280,0,15200,4244600,6,197.4,280,10100,266,15000,3343935022,3343935022,3343935022,0,0,0,0,0
2020-08-13,INTA,Intraco Penta Tbk.,--U-210000000091---E----------,280,0,280,280,280,0,5300,1484000,3,197.4,282,5000,266,11100,3343935022,3343935022,3343935022,0,0,0,0,0
2020-08-12,INTA,Intraco Penta Tbk.,--U-210000000091---E----------,272,0,280,280,280,8,7000,1960000,3,197.4,282,5000,272,9000,3343935022,3343935022,3343935022,0,0,0,0,0
2020-08-11,INTA,Intraco Penta Tbk.,--U-210000000091---E----------,270,0,272,272,272,2,300,81600,1,191.7,288,10000,258,10100,3343935022,3343935022,3343935022,0,0,0,0,0
2020-08-10,INTA,Intraco Penta Tbk.,--U-210000000091---E----------,270,0,270,258,270,0,26500,7145600,12,190.3,272,2000,264,5900,3343935022,3343935022,3343935022,0,0,0,0,0
2020-08-07,INTA,Intraco Penta Tbk.,--U-210000000091---E----------,276,0,280,260,270,-6,8800,2377000,3,190.3,282,100,262,7000,3343935022,3343935022,3343935022,0,0,0,0,0
2020-08-06,INTA,Intraco Penta Tbk.,--U-210000000091---E----------,276,0,300,262,276,0,9700,2682600,8,194.6,298,1900,266,200,3343935022,3343935022,3343935022,0,0,0,0,0
2020-08-05,INTA,Intraco Penta Tbk.,--U-210000000091---E----------,270,0,276,254,276,6,4800,1318400,5,194.6,276,200,256,2100,3343935022,3343935022,3343935022,0,0,0,0,0
2020-08-04,INTA,Intraco Penta Tbk.,--U-210000000091---E----------,290,0,310,270,270,-20,13200,3586000,10,190.3,290,10000,270,3600,3343935022,3343935022,3343935022,0,0,0,0,0
2020-08-03,INTA,Intraco Penta Tbk.,--U-210000000091---E----------,300,0,290,280,290,-10,6100,1758000,5,204.4,290,2500,280,5300,3343935022,3343935022,3343935022,0,0,0,0,0
2020-07-30,INTA,Intraco Penta Tbk.,--U-210500000091---E----------,276,0,300,276,300,24,1084700,305296000,45,211.5,310,100,262,13700,3343935022,3343935022,3343935022,0,0,0,0,0
2020-07-29,INTA,Intraco Penta Tbk.,--U-210500000091---E----------,276,0,276,260,276,0,600,162400,3,194.6,274,200,262,2200,3343935022,3343935022,3343935022,0,0,0,0,0
2020-07-28,INTA,Intraco Penta Tbk.,--U-210500000091---E----------,276,0,0,0,276,0,0,0,0,194.6,284,200,260,1400,3343935022,3343935022,3343935022,0,0,0,0,0
2020-07-27,INTA,Intraco Penta Tbk.,--U-210500000091---E----------,290,0,290,270,276,-14,56500,15363600,14,194.6,276,7700,274,5000,3343935022,3343935022,3343935022,0,0,0,0,0
2020-07-24,INTA,Intraco Penta Tbk.,--U-210500000091---E----------,290,0,290,290,290,0,600,174000,2,204.4,296,500,274,15000,3343935022,3343935022,3343935022,0,0,109158400,35221075200,6
2020-07-23,INTA,Intraco Penta Tbk.,--U-210500000091---E----------,282,0,322,290,290,8,4600,1459800,12,204.4,320,2300,270,4400,3343935022,3343935022,3343935022,0,0,0,0,0
2020-07-22,INTA,Intraco Penta Tbk.,--U-210500000091---E----------,282,0,0,0,282,0,0,0,0,198.8,334,2000,264,200,3343935022,3343935022,3343935022,0,0,0,0,0
2020-07-21,INTA,Intraco Penta Tbk.,--U-210500000091---E----------,280,0,282,282,282,2,200,56400,2,198.8,284,15800,266,15100,3343935022,3343935022,3343935022,0,0,0,0,0
2020-07-20,INTA,Intraco Penta Tbk.,--U-210500000091---E----------,276,0,280,280,280,4,6000,1680000,6,197.4,280,11600,258,10200,3343935022,3343935022,3343935022,0,0,0,0,0
2020-07-17,INTA,Intraco Penta Tbk.,--U-210500000091---E----------,266,0,276,276,276,10,100,27600,1,194.6,274,101300,254,1000,3343935022,3343935022,3343935022,0,0,0,0,0
2020-07-16,INTA,Intraco Penta Tbk.,--U-210500000091---E----------,272,0,268,266,266,-6,28500,7598000,7,187.5,270,10000,266,700,3343935022,3343935022,3343935022,0,0,0,0,0
2020-07-15,INTA,Intraco Penta Tbk.,--U-210500000091---E----------,278,0,272,264,272,-6,24800,6704800,8,191.7,272,43800,264,2100,3343935022,3343935022,3343935022,0,0,0,0,0
2020-07-14,INTA,Intraco Penta Tbk.,--U-210500000091---E----------,276,0,278,262,278,2,20200,5613600,11,196.0,278,300,262,15500,3343935022,3343935022,3343935022,0,0,0,0,0
2020-07-13,INTA,Intraco Penta Tbk.,--U-210500000091---E----------,276,0,0,0,276,0,0,0,0,194.6,272,2500,264,15100,3343935022,3343935022,3343935022,0,0,0,0,0
2020-07-10,INTA,Intraco Penta Tbk.,--U-210500000091---E----------,276,0,0,0,276,0,0,0,0,194.6,274,2300,264,100,3343935022,3343935022,3343935022,0,0,0,0,0
2020-07-09,INTA,Intraco Penta Tbk.,--U-210500000091---E----------,276,0,280,276,276,0,700,193600,3,194.6,276,400,258,16200,3343935022,3343935022,3343935022,0,0,0,0,0
2020-07-08,INTA,Intraco Penta Tbk.,--U-210500000091---E----------,280,0,278,262,276,-4,42700,11330600,15,194.6,276,3200,266,100,3343935022,3343935022,3343935022,0,0,0,0,0
2020-07-07,INTA,Intraco Penta Tbk.,--U-210500000091---E----------,280,0,0,0,280,0,0,0,0,197.4,280,22000,266,13800,3343935022,3343935022,3343935022,0,0,0,0,0
2020-07-06,INTA,Intraco Penta Tbk.,--U-210500000091---E-L--------,280,0,280,266,280,0,5100,1426600,5,197.4,280,19200,266,3400,3343935022,3343935022,3343935022,0,0,0,0,0
2020-07-03,INTA,Intraco Penta Tbk.,--U9---2,280,0,0,0,280,0,0,0,0,197.4,280,10100,264,10000,3343935022,3343935022,3343935022,0,0,0,0,0
2020-07-02,INTA,Intraco Penta Tbk.,--U9---2,280,0,298,280,280,0,1100,318400,4,197.4,290,154600,266,2200,3343935022,3343935022,3343935022,0,0,0,0,0
2020-07-01,INTA,Intraco Penta Tbk.,--U9---2,280,0,0,0,280,0,0,0,0,197.4,280,10800,264,5500,3343935022,3343935022,3343935022,0,0,0,0,0
2020-06-30,INTA,Intraco Penta Tbk.,--U9---2,280,0,0,0,280,0,0,0,0,197.4,280,13100,266,4400,3343935022,3343935022,3343935022,0,0,37335200,10453856000,2
2020-06-29,INTA,Intraco Penta Tbk.,--U9---2,280,0,294,280,280,0,160100,46900400,9,197.4,294,4700,266,500,3343935022,3343935022,3343935022,0,0,0,0,0
2020-06-26,INTA,Intraco Penta Tbk.,--U9---2,272,0,280,280,280,8,17700,4956000,9,197.4,314,400,260,2200,3343935022,3343935022,3343935022,0,0,0,0,0
2020-06-25,INTA,Intraco Penta Tbk.,--U9---2,272,0,0,0,272,0,0,0,0,191.7,270,3600,254,8900,3343935022,3343935022,3343935022,0,0,0,0,0
2020-06-24,INTA,Intraco Penta Tbk.,--U9---2,254,0,272,272,272,18,40800,11097600,8,191.7,272,600,240,3700,3343935022,3343935022,3343935022,0,0,0,0,0
2020-06-23,INTA,Intraco Penta Tbk.,--U9---2,260,0,254,244,254,-6,1900,481400,7,179.0,254,9300,244,2900,3343935022,3343935022,3343935022,0,0,0,0,0
2020-06-22,INTA,Intraco Penta Tbk.,--U9---2,260,0,0,0,260,0,0,0,0,183.3,260,10000,252,700,3343935022,3343935022,3343935022,0,0,0,0,0
2020-06-19,INTA,Intraco Penta Tbk.,--U9---2,260,0,260,256,260,0,1700,439200,4,183.3,266,11200,256,10100,3343935022,3343935022,3343935022,0,0,0,0,0
2020-06-18,INTA,Intraco Penta Tbk.,--U9---2,254,0,260,254,260,6,32000,8230000,10,183.3,260,13000,244,10500,3343935022,3343935022,3343935022,0,0,0,0,0
2020-06-17,INTA,Intraco Penta Tbk.,--U9---2,254,0,270,254,254,0,6800,1738600,7,179.0,254,4100,246,100,3343935022,3343935022,3343935022,0,0,0,0,0
2020-06-16,INTA,Intraco Penta Tbk.,--U9---2,270,0,256,254,254,-16,9900,2524600,8,179.0,256,100,254,2600,3343935022,3343935022,3343935022,0,0,0,0,0
2020-06-15,INTA,Intraco Penta Tbk.,--U9---2,266,0,284,250,270,4,900,250800,3,190.3,270,3000,252,2400,3343935022,3343935022,3343935022,0,0,0,0,0
2020-06-12,INTA,Intraco Penta Tbk.,--U9---2,268,0,266,258,266,-2,10600,2818800,3,187.5,266,10000,250,100,3343935022,3343935022,3343935022,0,0,0,0,0
2020-06-11,INTA,Intraco Penta Tbk.,--U9---2,268,0,268,268,268,0,700,187600,1,188.9,268,14100,250,100,3340205622,3340205622,3340205622,0,0,0,0,0
2020-06-10,INTA,Intraco Penta Tbk.,--U9---2,256,0,268,246,268,12,43300,11333000,18,188.9,268,22700,246,3500,3340205622,3340205622,3340205622,0,0,2615600,669593600,1
2020-06-09,INTA,Intraco Penta Tbk.,--U9---2,256,0,258,250,256,0,63800,16281800,9,180.5,256,27700,254,300,3340205622,3340205622,3340205622,0,0,0,0,0
2020-06-08,INTA,Intraco Penta Tbk.,--U9---2,240,0,256,240,256,16,3200,812800,6,180.5,256,22000,254,9600,3340168623,3340168623,3340168623,0,0,0,0,0
2020-06-05,INTA,Intraco Penta Tbk.,--U9---2,240,0,256,240,240,0,1700,413200,13,169.2,256,22700,240,400,3340168574,3340168574,3340168574,0,0,0,0,0
2020-06-04,INTA,Intraco Penta Tbk.,--U9---2,256,0,256,240,240,-16,209200,50331600,37,169.2,256,22900,240,229300,3340168574,3340168574,3340168574,0,0,0,0,0
2020-06-03,INTA,Intraco Penta Tbk.,--U9---2,258,0,256,244,256,-2,2700,690000,6,180.5,256,30700,252,15000,3340168574,3340168574,3340168574,0,0,0,0,0
2020-06-02,INTA,Intraco Penta Tbk.,--U9---2,258,0,0,0,258,0,0,0,0,181.9,270,370800,250,1600,3340168574,3340168574,3340168574,0,0,0,0,0
2020-05-29,INTA,Intraco Penta Tbk.,--U9---2,262,0,262,246,258,-4,25100,6494600,5,181.9,262,10000,258,300,3340168574,3340168574,3340168574,0,0,0,0,0
2020-05-28,INTA,Intraco Penta Tbk.,--U9---2,262,0,262,262,262,0,30000,7860000,3,184.7,262,79100,260,8600,3340168574,3340168574,3340168574,0,0,1145000,299990000,1
2020-05-27,INTA,Intraco Penta Tbk.,--U9---2,270,0,284,254,262,-8,1000,264400,5,184.7,270,99800,254,12200,3340125574,3340125574,3340125574,0,0,0,0,0
2020-05-26,INTA,Intraco Penta Tbk.,--U9---2,270,0,270,270,270,0,11100000,2997000000,3,190.3,286,41800,256,5300,3340125574,3340125574,3340125574,0,0,35957000,9708390000,2
2020-05-20,INTA,Intraco Penta Tbk.,--U9---2,270,0,0,0,270,0,0,0,0,190.3,270,100,254,16200,3340125574,3340125574,3340125574,0,0,0,0,0
2020-05-19,INTA,Intraco Penta Tbk.,--U9---2,278,0,270,270,270,-8,1200,324000,2,190.3,270,10000,262,10000,3340125574,3340125574,3340125574,0,0,0,0,0
2020-05-18,INTA,Intraco Penta Tbk.,--U9---2,250,0,278,278,278,28,100,27800,1,196.0,276,700,240,10100,3340125574,3340125574,3340125574,0,0,0,0,0
2020-05-15,INTA,Intraco Penta Tbk.,--U9---2,266,0,308,250,250,-16,1500,409800,9,176.2,270,2300,250,600,3340125574,3340125574,3340125574,0,0,0,0,0
2020-05-14,INTA,Intraco Penta Tbk.,--U9---2,252,0,278,242,266,14,3700,978000,10,187.5,266,9500,240,20500,3340125574,3340125574,3340125574,0,0,0,0,0
2020-05-13,INTA,Intraco Penta Tbk.,--U9---2,252,0,0,0,252,0,0,0,0,177.6,260,100,250,1000,3340125574,3340125574,3340125574,0,0,0,0,0
2020-05-12,INTA,Intraco Penta Tbk.,--U9---2,242,0,258,252,252,10,11900,3010800,2,177.6,258,23000,252,25100,3339680674,3339680674,3339680674,0,0,0,0,0
2020-05-11,INTA,Intraco Penta Tbk.,--U9---2,260,0,250,242,242,-18,195000,47279600,29,170.6,242,9900,0,0,3339680674,3339680674,3339680674,0,0,0,0,0
2020-05-08,INTA,Intraco Penta Tbk.,--U9---2,260,0,260,260,260,0,100,26000,1,183.3,268,13500,246,15600,3339680674,3339680674,3339680674,0,0,0,0,0
2020-05-06,INTA,Intraco Penta Tbk.,--U9---2,262,0,260,260,260,-2,400,104000,1,183.3,274,13500,250,100,3339680674,3339680674,3339680674,0,0,0,0,0
2020-05-05,INTA,Intraco Penta Tbk.,--U9---2,280,0,270,262,262,-18,130100,34319800,27,184.7,262,12000,0,0,3339680674,3339680674,3339680674,0,0,0,0,0
2020-05-04,INTA,Intraco Penta Tbk.,--U9---2,296,0,284,276,280,-16,146400,40645400,31,197.4,280,20400,276,15000,3339680674,3339680674,3339680674,0,0,0,0,0
2020-04-30,INTA,Intraco Penta Tbk.,--U9---2,288,0,296,268,296,8,169400,48465200,36,208.7,296,14100,272,15000,3339680674,3339680674,3339680674,0,0,41830000,20036570000,2
2020-04-29,INTA,Intraco Penta Tbk.,--U9---2,298,0,292,278,288,-10,174200,48793200,22,203.0,284,12400,0,0,3339680556,3339680556,3339680556,0,0,0,0,0
2020-04-28,INTA,Intraco Penta Tbk.,--U9---2,288,0,298,272,298,10,78600,23403200,30,210.1,298,1300,270,200,3339680556,3339680556,3339680556,0,0,0,0,0
2020-04-27,INTA,Intraco Penta Tbk.,--U9---2,290,0,290,284,288,-2,5200,1497400,3,203.0,288,19600,284,200,3339680556,3339680556,3339680556,0,0,0,0,0
2020-04-24,INTA,Intraco Penta Tbk.,--U9---2,286,0,290,290,290,4,2400,696000,2,204.4,290,6600,284,300,3339680556,3339680556,3339680556,0,0,0,0,0
2020-04-23,INTA,Intraco Penta Tbk.,--U9---2,306,0,302,286,286,-20,271400,78126600,47,201.6,286,9900,0,0,3339680556,3339680556,3339680556,0,0,0,0,0
2020-04-22,INTA,Intraco Penta Tbk.,--U9---2,306,0,306,286,306,0,76600,23035000,23,215.7,306,44300,288,9600,3339680556,3339680556,3339680556,0,0,0,0,0
2020-04-21,INTA,Intraco Penta Tbk.,--U9---2,308,0,306,288,306,-2,829900,248968800,57,215.7,306,103600,288,3300,3339678837,3339678837,3339678837,0,0,20000000,8000000000,1
2020-04-20,INTA,Intraco Penta Tbk.,--U9---2,308,0,384,298,308,0,17600,5510600,20,217.1,308,15000,298,100,3339678837,3339678837,3339678837,0,0,0,0,0
2020-04-17,INTA,Intraco Penta Tbk.,--U9---2,308,0,308,288,308,0,75700,22700400,43,217.1,308,11600,288,10000,3339678837,3339678837,3339678837,0,0,0,0,0
2020-04-16,INTA,Intraco Penta Tbk.,--U9---2,308,0,308,308,308,0,100,30800,1,217.1,344,400,302,1100,3339678837,3339678837,3339678837,0,0,0,0,0
2020-04-15,INTA,Intraco Penta Tbk.,--U9---2,320,0,320,298,308,-12,95000,28884600,55,217.1,308,10000,304,1000,3339678837,3339678837,3339678837,0,0,0,0,0
2020-04-14,INTA,Intraco Penta Tbk.,--U9---2,344,0,320,320,320,-24,13600,4352000,5,225.6,340,30000,320,4900,3339678837,3339678837,3339678837,0,0,0,0,0
2020-04-13,INTA,Intraco Penta Tbk.,--U9---2,346,0,344,344,344,-2,1000,344000,2,242.5,344,6100,322,12500,3339678837,3339678837,3339678837,0,0,0,0,0
2020-04-09,INTA,Intraco Penta Tbk.,--U9---2,346,0,346,322,346,0,7700,2660200,6,243.9,346,6300,324,12300,3339678837,3339678837,3339678837,0,0,0,0,0
2020-04-08,INTA,Intraco Penta Tbk.,--U9---2,358,0,358,346,346,-12,10300,3567400,2,243.9,358,8700,338,500,3339678837,3339678837,3339678837,0,0,0,0,0
2020-04-07,INTA,Intraco Penta Tbk.,--U9---2,360,0,358,350,358,-2,7600,2703000,7,252.4,358,16100,340,1300,3339678837,3339678837,3339678837,0,0,0,0,0
2020-04-06,INTA,Intraco Penta Tbk.,--U9---2,360,0,430,360,360,0,13000,4698800,5,253.8,424,2600,358,1000,3339678837,3339678837,3339678837,0,0,0,0,0
2020-04-03,INTA,Intraco Penta Tbk.,--U9---2,378,0,360,360,360,-18,10000,3600000,1,253.8,378,10000,356,1200,3339653962,3339653962,3339653962,0,0,0,0,0
2020-04-02,INTA,Intraco Penta Tbk.,--U9---2,378,0,380,378,378,0,16500,6238000,6,266.5,390,100,352,100,3339653962,3339653962,3339653962,0,0,0,0,0
2020-04-01,INTA,Intraco Penta Tbk.,--U9---2,378,0,378,376,378,0,11500,4346000,2,266.5,378,14000,0,0,3339653962,3339653962,3339653962,0,0,66137000,24999786000,1
2020-03-31,INTA,Intraco Penta Tbk.,--U9---2,378,0,0,0,378,0,0,0,0,266.5,400,20500,0,0,3339653962,3339653962,3339653962,0,0,66137000,24999786000,1
2020-03-30,INTA,Intraco Penta Tbk.,--U9---2,328,0,378,378,378,50,4600,1738800,5,266.5,400,105000,312,1200,3339653962,3339653962,3339653962,0,0,914000,299792000,1
2020-03-27,INTA,Intraco Penta Tbk.,--U9---2,328,0,328,328,328,0,100,32800,1,231.2,336,100,328,400,3339653962,3339653962,3339653962,0,0,3991900,1904136300,1
2020-03-26,INTA,Intraco Penta Tbk.,--U9---2,328,0,348,306,328,0,18800,6155000,22,231.2,350,500,308,3300,3339653962,3339653962,3339653962,0,0,3991900,1904136300,1
2020-03-24,INTA,Intraco Penta Tbk.,--U9---2,344,0,360,320,328,-16,3700,1197800,11,231.2,328,1100,322,100,3339653962,3339653962,3339653962,0,0,0,0,0
2020-03-23,INTA,Intraco Penta Tbk.,--U9---2,368,0,344,344,344,-24,100,34400,1,242.5,366,100,344,500,3339653962,3339653962,3339653962,0,0,0,0,0
2020-03-20,INTA,Intraco Penta Tbk.,--U9---2,372,0,368,368,368,-4,500,184000,2,259.4,368,2400,350,10000,3339653962,3339653962,3339653962,0,0,0,0,0
2020-03-19,INTA,Intraco Penta Tbk.,--U9---2,400,0,400,372,372,-28,11200,4170800,9,262.2,372,2700,0,0,3339653962,3339653962,3339653962,0,0,47750000,19100000000,4
2020-03-18,INTA,Intraco Penta Tbk.,--U9---2,424,0,424,400,400,-24,53500,22356000,13,282.0,400,54100,0,0,3339653962,3339653962,3339653962,0,0,0,0,0
2020-03-17,INTA,Intraco Penta Tbk.,--U9---2,424,0,0,0,424,0,0,0,0,298.9,424,3600,396,1500,3339653962,3339653962,3339653962,0,0,0,0,0
2020-03-16,INTA,Intraco Penta Tbk.,--U9---2,432,0,424,420,424,-8,7100,3010000,2,298.9,438,3600,424,18000,3339653962,3339653962,3339653962,0,0,0,0,0
2020-03-13,INTA,Intraco Penta Tbk.,--U9---2,432,0,432,432,432,0,8700,3758400,2,304.5,432,2500,0,0,3339653962,3339653962,3339653962,0,0,0,0,0
2020-03-12,INTA,Intraco Penta Tbk.,--U9---2,450,0,432,432,432,-18,9200,3974400,4,304.5,432,5600,430,100,3339653962,3339653962,3339653962,0,0,0,0,0
2020-03-11,INTA,Intraco Penta Tbk.,--U9---2,452,0,450,430,450,-2,67900,30392600,11,317.2,450,100100,434,100,3339653962,3339653962,3339653962,0,0,0,0,0
2020-03-10,INTA,Intraco Penta Tbk.,--U9---2,450,0,452,430,452,2,100100,45243000,8,318.6,452,20000,450,2500,3339653962,3339653962,3339653962,0,0,0,0,0
2020-03-09,INTA,Intraco Penta Tbk.,--U9---2,450,0,450,436,450,0,34200,15331200,10,317.2,450,25500,404,10000,3339653962,3339653962,3339653962,0,0,0,0,0
2020-03-06,INTA,Intraco Penta Tbk.,--U9---2,450,0,452,434,450,0,18500,8289000,6,317.2,450,4500,434,7500,3339653962,3339653962,3339653962,0,0,0,0,0
2020-03-05,INTA,Intraco Penta Tbk.,--U9---2,450,0,450,436,450,0,35500,15973600,11,317.2,450,25500,438,40600,3339653962,3339653962,3339653962,0,0,0,0,0
2020-03-04,INTA,Intraco Penta Tbk.,--U9---2,448,0,454,430,450,2,14800,6654000,12,317.2,452,2500,428,700,3339653962,3339653962,3339653962,0,0,0,0,0
2020-03-03,INTA,Intraco Penta Tbk.,--U9---2,438,0,448,436,448,10,39400,17328400,7,315.8,450,16100,436,900,3339645262,3339645262,3339645262,0,0,0,0,0
2020-03-02,INTA,Intraco Penta Tbk.,--U9---2,450,0,440,436,438,-12,400,175200,3,308.8,446,2500,438,2300,3339645262,3339645262,3339645262,0,0,0,0,0
2020-02-28,INTA,Intraco Penta Tbk.,--U9---2,444,0,450,430,450,6,1100,493000,2,317.2,446,1000,398,500,3339645262,3339645262,3339645262,0,0,0,0,0
2020-02-27,INTA,Intraco Penta Tbk.,--U9---2,450,0,450,444,444,-6,58000,25798000,19,313.0,446,5000,444,8700,3339645262,3339645262,3339645262,0,0,0,0,0
2020-02-26,INTA,Intraco Penta Tbk.,--U9---2,468,0,466,436,450,-18,123100,54655000,27,317.2,452,2500,438,6600,3339645262,3339645262,3339645262,0,0,0,0,0
2020-02-25,INTA,Intraco Penta Tbk.,--U9---2,468,0,0,0,468,0,0,0,0,329.9,460,2000,450,1800,3339645262,3339645262,3339645262,0,0,0,0,0
2020-02-24,INTA,Intraco Penta Tbk.,--U9---2,460,0,468,468,468,8,500000,234000000,9,329.9,468,8100,436,100,3339645262,3339645262,3339645262,0,0,0,0,0
2020-02-21,INTA,Intraco Penta Tbk.,--U9---2,464,0,460,460,460,-4,2000,920000,3,324.3,464,1000,450,1000,3339645262,3339645262,3339645262,0,0,0,0,0
2020-02-20,INTA,Intraco Penta Tbk.,--U9---2,464,0,0,0,464,0,0,0,0,327.1,462,10000,438,300,3339645262,3339645262,3339645262,0,0,0,0,0
2020-02-19,INTA,Intraco Penta Tbk.,--U9---2,464,0,0,0,464,0,0,0,0,327.1,464,400,436,7700,3339645262,3339645262,3339645262,0,0,30172300,13999947200,2
2020-02-18,INTA,Intraco Penta Tbk.,--U9---2,464,0,0,0,464,0,0,0,0,327.1,464,60000,450,10000,3339645262,3339645262,3339645262,0,0,0,0,0
2020-02-17,INTA,Intraco Penta Tbk.,--U9---2,468,0,464,452,464,-4,8400,3856800,5,327.1,464,87900,444,5000,3339645262,3339645262,3339645262,0,0,0,0,0
2020-02-14,INTA,Intraco Penta Tbk.,--U9---2,468,0,0,0,468,0,0,0,0,329.9,464,2000,442,2000,3339645262,3339645262,3339645262,0,0,250000,117000000,1
2020-02-13,INTA,Intraco Penta Tbk.,--U9---2,470,0,468,450,468,-2,82900,38775600,8,329.9,468,50000,460,2000,3339645262,3339645262,3339645262,0,0,20000000,5000000000,1
2020-02-12,INTA,Intraco Penta Tbk.,--U9---2,464,0,470,450,470,6,25100,11727000,8,331.3,470,50000,442,3000,3339642762,3339642762,3339642762,0,0,1919400,890601600,1
2020-02-11,INTA,Intraco Penta Tbk.,--U9---2,468,0,464,446,464,-4,200,91000,2,327.1,460,100,448,25000,3339642762,3339642762,3339642762,0,0,0,0,0
2020-02-10,INTA,Intraco Penta Tbk.,--U9---2,450,0,468,438,468,18,200100,93643800,8,329.9,468,88300,438,2600,3339642762,3339642762,3339642762,0,0,0,0,0
2020-02-07,INTA,Intraco Penta Tbk.,--U9---2,450,0,0,0,450,0,0,0,0,317.2,450,10000,438,300,3339642762,3339642762,3339642762,0,0,0,0,0
2020-02-06,INTA,Intraco Penta Tbk.,--U9---2,460,0,450,450,450,-10,2500,1125000,1,317.2,468,3600,444,5000,3339642762,3339642762,3339642762,0,0,0,0,0
2020-02-05,INTA,Intraco Penta Tbk.,--U9---2,466,0,460,440,460,-6,89600,40378200,11,324.3,460,30000,440,500,3339642762,3339642762,3339642762,0,0,0,0,0
2020-02-04,INTA,Intraco Penta Tbk.,--U9---2,474,0,472,466,466,-8,400,187400,3,328.5,464,59700,446,500,3339642762,3339642762,3339642762,0,0,0,0,0
2020-02-03,INTA,Intraco Penta Tbk.,--U9---2,490,0,474,444,474,-16,183800,86196600,32,334.1,474,30000,440,100,3339642762,3339642762,3339642762,0,0,0,0,0
2020-01-31,INTA,Intraco Penta Tbk.,--U9---2,446,0,490,436,490,44,342700,165055000,23,345.4,500,52500,450,15000,3339642762,3339642762,3339642762,0,0,0,0,0
2020-01-30,INTA,Intraco Penta Tbk.,--U9---2,446,0,0,0,446,0,0,0,0,314.4,464,155000,440,1000,3339642762,3339642762,3339642762,0,0,0,0,0
2020-01-29,INTA,Intraco Penta Tbk.,--U9---2,446,0,0,0,446,0,0,0,0,314.4,464,50100,436,9300,3339642762,3339642762,3339642762,0,0,0,0,0
2020-01-28,INTA,Intraco Penta Tbk.,--U9---2,478,0,478,434,446,-32,8800,3864600,10,314.4,474,600,446,1600,3339642762,3339642762,3339642762,0,0,0,0,0
2020-01-27,INTA,Intraco Penta Tbk.,--U9---2,450,0,478,430,478,28,20655400,9144998600,34,336.9,478,250000,450,30000,3339642762,3339642762,3339642762,0,0,0,0,0
2020-01-24,INTA,Intraco Penta Tbk.,--U9---2,438,0,450,434,450,12,127400,56834400,9,317.2,450,500,434,12500,3339642762,3339642762,3339642762,0,0,0,0,0
2020-01-23,INTA,Intraco Penta Tbk.,--U9---2,450,0,450,434,438,-12,24507500,10988040800,32,308.8,450,38500,432,30000,3339638262,3339638262,3339638262,0,0,12276900,5524605000,1
2020-01-22,INTA,Intraco Penta Tbk.,--U9---2,430,0,450,412,450,20,160200,71900800,10,317.2,458,500,448,25000,3339638262,3339638262,3339638262,0,0,0,0,0
2020-01-21,INTA,Intraco Penta Tbk.,--U9---2,450,0,434,430,430,-20,215000,92870000,36,303.1,430,5000,424,500,3339638262,3339638262,3339638262,0,0,3332600,1499670000,1
2020-01-20,INTA,Intraco Penta Tbk.,--U9---2,450,0,450,430,450,0,310100,137555000,34,317.2,450,76500,448,30000,3339638262,3339638262,3339638262,0,0,0,0,0
2020-01-17,INTA,Intraco Penta Tbk.,--U9---2,450,0,450,426,450,0,349800,155434000,24,317.2,450,146500,432,100,3339638262,3339638262,3339638262,0,0,0,0,0
2020-01-16,INTA,Intraco Penta Tbk.,--U9---2,450,0,450,426,450,0,162500,72637800,9,317.2,450,133100,416,100,3339638262,3339638262,3339638262,0,0,0,0,0
2020-01-15,INTA,Intraco Penta Tbk.,--U9---2,438,0,450,410,450,12,439700,197826600,23,317.2,460,50000,440,20000,3339638262,3339638262,3339638262,0,0,0,0,0
2020-01-14,INTA,Intraco Penta Tbk.,--U9---2,432,0,438,432,438,6,37100,16207200,6,308.8,438,10200,430,100,3339638262,3339638262,3339638262,0,0,0,0,0
2020-01-13,INTA,Intraco Penta Tbk.,--U9---2,450,0,440,432,432,-18,102300,44785000,9,304.5,440,17700,342,3000,3339638262,3339638262,3339638262,0,0,0,0,0
2020-01-10,INTA,Intraco Penta Tbk.,--U9---2,450,0,0,0,450,0,0,0,0,317.2,448,50000,434,3300,3339638262,3339638262,3339638262,0,0,0,0,0
2020-01-09,INTA,Intraco Penta Tbk.,--U9---2,450,0,0,0,450,0,0,0,0,317.2,450,200100,434,3300,3339638262,3339638262,3339638262,0,0,0,0,0
2020-01-08,INTA,Intraco Penta Tbk.,--U9---2,450,0,0,0,450,0,0,0,0,317.2,450,205000,436,2300,3339638262,3339638262,3339638262,0,0,0,0,0
2020-01-07,INTA,Intraco Penta Tbk.,--U9---2,454,0,460,450,450,-4,200,91000,2,317.2,446,500,350,500,3339638262,3339638262,3339638262,0,0,0,0,0
2020-01-06,INTA,Intraco Penta Tbk.,--U9---2,440,0,454,430,454,14,154800,68802800,28,320.0,456,5000,430,1000,3339638262,3339638262,3339638262,0,0,0,0,0
2020-01-03,INTA,Intraco Penta Tbk.,--U9---2,460,0,460,436,440,-20,86900,38603200,10,310.2,460,197500,440,900,3339638262,3339638262,3339638262,0,0,0,0,0
2020-01-02,INTA,Intraco Penta Tbk.,--U9---2,498,0,496,460,460,-38,3400,1567600,6,324.3,456,1000,436,4500,3339638262,3339638262,3339638262,0,0,0,0,0
