Date,Ticker,Name,Remarks,Previous,Open,High,Low,Close,Change,Volume,Value,Frequency,IndexIndividual,Offer,OfferVolume,Bid,BidVolume,ListedShares,TradebleShares,WeightForIndex,ForeignSell,ForeignBuy,NonRegularVolume,NonRegularValue,NonRegularFrequency
2026-03-10,SMLE,Sinergi Multi Lestarindo Tbk.,--UO2130000000B111------------,139,135,144,131,142,3,8916500,1192939300,154,81.1,142,480500,136,1700,2328153048,2328153048,590652428,25500,0,0,0,0
2026-03-09,SMLE,Sinergi Multi Lestarindo Tbk.,--UO2130000000B111------------,143,140,140,125,139,-4,1031100,135715900,152,79.4,135,30000,133,100,2328153048,2328153048,590652428,66000,0,0,0,0
2026-03-06,SMLE,Sinergi Multi Lestarindo Tbk.,--UO2130000000B111------------,145,0,144,135,143,-2,1111400,153422100,168,81.7,143,95500,142,2300,2328153048,2328153048,590652428,300,0,0,0,0
2026-03-05,SMLE,Sinergi Multi Lestarindo Tbk.,--UO2130000000B111------------,139,138,151,133,145,6,2188400,301960600,252,82.9,146,8800,144,10000,2328153048,2328153048,590652428,400,0,0,0,0
2026-03-04,SMLE,Sinergi Multi Lestarindo Tbk.,--UO2130000000B111------------,148,146,146,136,139,-9,2687000,373099500,221,79.4,139,25400,137,100,2328153048,2328153048,590652428,228100,278200,0,0,0
2026-03-03,SMLE,Sinergi Multi Lestarindo Tbk.,--UO2130000000B111------------,146,146,156,145,148,2,2459900,365194800,333,84.6,148,379700,146,182400,2328153048,2328153048,590652428,57000,0,0,0,0
2026-03-02,SMLE,Sinergi Multi Lestarindo Tbk.,--UO2130000000B111------------,158,154,154,146,146,-12,2540300,373793100,253,83.4,147,315000,146,220500,2328153048,2328153048,590652428,91700,0,0,0,0
2026-02-27,SMLE,Sinergi Multi Lestarindo Tbk.,--UO2130000000B111------------,158,156,158,151,158,0,1831400,284142700,162,90.3,158,63600,153,105000,2328153048,2328153048,590652428,292800,0,0,0,0
2026-02-26,SMLE,Sinergi Multi Lestarindo Tbk.,--UO2130000000B111------------,162,160,163,155,158,-4,1396500,219777900,217,90.3,158,47600,156,4400,2328153048,2328153048,590652428,39700,0,0,0,0
2026-02-25,SMLE,Sinergi Multi Lestarindo Tbk.,--UO2130000000B111------------,161,161,164,153,162,1,1964300,306701000,229,92.6,162,280100,159,17300,2328153048,2328153048,590652428,32100,79400,0,0,0
2026-02-24,SMLE,Sinergi Multi Lestarindo Tbk.,--UO2130000000B111------------,165,165,165,160,161,-4,1061200,172270700,264,92.0,162,27100,161,136700,2328153048,2328153048,590652428,7200,0,0,0,0
2026-02-23,SMLE,Sinergi Multi Lestarindo Tbk.,--UO2130000000B111------------,160,161,170,158,165,5,2966000,484499900,605,94.3,165,157100,162,138100,2328153048,2328153048,590652428,232700,201700,0,0,0
2026-02-20,SMLE,Sinergi Multi Lestarindo Tbk.,--UO2130000000B111------------,161,162,163,159,160,-1,1551800,249413500,204,91.4,160,10900,159,31500,2328153048,2328153048,590652428,170500,0,0,0,0
2026-02-19,SMLE,Sinergi Multi Lestarindo Tbk.,--UO2130000000B111------------,165,167,170,159,161,-4,3008800,489778500,505,92.0,162,2800,160,4000,2328153048,2328153048,590652428,81900,20600,0,0,0
2026-02-18,SMLE,Sinergi Multi Lestarindo Tbk.,--UO2130000000B111------------,164,164,172,162,165,1,11785300,1964337500,361,94.3,165,48000,164,309100,2328153048,2328153048,590652428,93300,4650400,0,0,0
2026-02-13,SMLE,Sinergi Multi Lestarindo Tbk.,--UO2130000000B111------------,167,0,167,163,164,-3,1010000,166108600,171,93.7,166,7200,164,343800,2328153048,2328153048,590652428,44100,113400,0,0,0
2026-02-12,SMLE,Sinergi Multi Lestarindo Tbk.,--UO2130000000B111------------,170,170,170,165,167,-3,1034900,172328200,194,95.4,167,60100,166,66900,2328153048,2328153048,590652428,173000,57900,0,0,0
2026-02-11,SMLE,Sinergi Multi Lestarindo Tbk.,--UO2130000000B111------------,168,168,172,164,170,2,1910600,321264500,335,97.1,170,20900,169,27300,2328153048,2328153048,590652428,41300,628300,0,0,0
2026-02-10,SMLE,Sinergi Multi Lestarindo Tbk.,--UO2130000000B111------------,166,167,170,161,168,2,2229500,370027700,425,96.0,168,88300,165,16200,2328153048,2328153048,590652428,90700,705700,0,0,0
2026-02-09,SMLE,Sinergi Multi Lestarindo Tbk.,--UO2130000000B111------------,164,164,186,164,166,2,20299100,3568072000,3711,94.9,166,45700,165,179000,2328153048,2328153048,590652428,4364000,1043800,0,0,0
2026-02-06,SMLE,Sinergi Multi Lestarindo Tbk.,--UO2130000000B111------------,165,165,165,157,164,-1,4727300,755049800,193,93.7,162,37500,160,28500,2328153048,2328153048,590652428,12700,68600,0,0,0
2026-02-05,SMLE,Sinergi Multi Lestarindo Tbk.,--UO2130000000B111------------,168,170,170,156,165,-3,6630500,1077388400,340,94.3,165,100000,161,200,2328153048,2328153048,590652428,101200,12700,0,0,0
2026-02-04,SMLE,Sinergi Multi Lestarindo Tbk.,--UO2130000000B111------------,164,167,189,162,168,4,6025800,1018546600,616,96.0,169,1300,168,11000,2328153048,2328153048,590652428,211800,922800,0,0,0
2026-02-03,SMLE,Sinergi Multi Lestarindo Tbk.,--UO2130000000B111------------,160,160,170,160,164,4,900500,147777300,148,93.7,166,9900,164,182900,2328153048,2328153048,590652428,235700,399600,0,0,0
2026-02-02,SMLE,Sinergi Multi Lestarindo Tbk.,--UO2130000000B111------------,171,167,170,153,160,-11,1226900,196825100,191,91.4,161,193400,160,104100,2328153048,2328153048,590652428,196900,42500,0,0,0
2026-01-30,SMLE,Sinergi Multi Lestarindo Tbk.,--UO2130000000B111------------,170,171,175,153,171,1,3039600,516972800,328,97.7,172,43400,171,1100,2328153048,2328153048,590652428,162800,605800,0,0,0
2026-01-29,SMLE,Sinergi Multi Lestarindo Tbk.,--UO2130000000B111------------,180,182,182,153,170,-10,4577800,743638800,351,97.1,171,1000,170,53200,2328153048,2328153048,590652428,150700,1256700,0,0,0
2026-01-28,SMLE,Sinergi Multi Lestarindo Tbk.,--UO2130000000B111------------,188,186,200,168,180,-8,8791000,1597942400,952,102.9,180,33600,178,105000,2328153048,2328153048,590652428,943900,1038300,0,0,0
2026-01-27,SMLE,Sinergi Multi Lestarindo Tbk.,--UO2130000000B111------------,187,190,197,184,188,1,2972300,565078500,364,107.4,188,1000,186,16900,2328153048,2328153048,590652428,51900,82600,0,0,0
2026-01-26,SMLE,Sinergi Multi Lestarindo Tbk.,--UO2130000000B111------------,185,185,200,185,187,2,1086400,205884800,300,106.9,188,6700,187,2000,2328153048,2328153048,590652428,37400,144000,0,0,0
2026-01-23,SMLE,Sinergi Multi Lestarindo Tbk.,--UO2130000000B111------------,194,194,196,183,185,-9,3462700,652335800,422,105.7,193,8000,185,112600,2328153048,2328153048,590652428,312100,754000,0,0,0
2026-01-22,SMLE,Sinergi Multi Lestarindo Tbk.,--UO2130000000B111------------,193,197,200,192,194,1,1512200,295898200,267,110.9,195,10200,194,9000,2328153048,2328153048,590652428,105800,41100,0,0,0
2026-01-21,SMLE,Sinergi Multi Lestarindo Tbk.,--UO2130000000B111------------,202,204,204,193,193,-9,1591200,313385300,360,110.3,195,5200,193,61900,2328153048,2328153048,590652428,305500,3100,0,0,0
2026-01-20,SMLE,Sinergi Multi Lestarindo Tbk.,--UO2130000000B111------------,192,194,208,194,202,10,6430400,1289116600,906,115.4,202,5610400,200,75500,2328153048,2328153048,590652428,520000,1393400,0,0,0
2026-01-19,SMLE,Sinergi Multi Lestarindo Tbk.,--UO2130000000B111------------,194,194,208,188,192,-2,4383800,843316500,852,109.7,195,105200,192,64500,2328153048,2328153048,590652428,346500,638400,0,0,0
2026-01-15,SMLE,Sinergi Multi Lestarindo Tbk.,--UO2130000000B111------------,199,200,202,193,194,-5,3181000,621188600,684,110.9,194,500,193,70800,2328153048,2328153048,590652428,88400,110200,0,0,0
2026-01-14,SMLE,Sinergi Multi Lestarindo Tbk.,--UO2130000000B111------------,208,208,210,198,199,-9,5066500,1020869000,955,113.7,199,129500,198,262900,2328153048,2328153048,590652428,874400,216000,0,0,0
2026-01-13,SMLE,Sinergi Multi Lestarindo Tbk.,--UO2130000000B111------------,194,194,208,190,208,14,42400400,8374564100,2555,118.9,208,4148600,206,35800,2328153048,2328153048,590652428,2189700,724000,0,0,0
2026-01-12,SMLE,Sinergi Multi Lestarindo Tbk.,--UO2130000000B111------------,202,202,206,187,194,-8,9026600,1750043900,1670,110.9,194,139600,193,50500,2328153048,2328153048,590652428,750200,1457000,0,0,0
2026-01-09,SMLE,Sinergi Multi Lestarindo Tbk.,--UO2130000000B111------------,226,238,238,199,202,-24,41140000,8801656800,5370,115.4,206,20000,202,118100,2328153048,2328153048,590652428,7785500,6423100,0,0,0
2026-01-08,SMLE,Sinergi Multi Lestarindo Tbk.,--UO2130000000B111------------,168,172,226,169,226,58,110143100,23590425300,10582,129.1,0,0,226,6219200,2328153048,2328153048,590652428,11694000,8524100,0,0,0
2026-01-07,SMLE,Sinergi Multi Lestarindo Tbk.,--UO2130000000B111------------,171,171,173,166,168,-3,3439000,578261200,359,96.0,170,74800,169,900,2328153048,2328153048,590652428,426300,258800,0,0,0
2026-01-06,SMLE,Sinergi Multi Lestarindo Tbk.,--UO2130000000B111------------,171,180,180,168,171,0,2363700,403401700,330,97.7,172,53700,171,800,2328153048,2328153048,590652428,380300,95900,0,0,0
2026-01-05,SMLE,Sinergi Multi Lestarindo Tbk.,--UO2130000000B111------------,170,170,173,165,171,1,2027300,341941200,418,97.7,171,137400,170,32900,2328153048,2328153048,590652428,117800,578300,0,0,0
2026-01-02,SMLE,Sinergi Multi Lestarindo Tbk.,--UO2130000000B111------------,163,165,173,162,170,7,2645900,449608700,507,97.1,171,300,170,144800,2328153048,2328153048,590652428,188800,1251700,0,0,0
2025-12-30,SMLE,Sinergi Multi Lestarindo Tbk.,--UO2130000000B111------------,169,170,171,161,163,-6,2699200,443498000,525,93.1,165,5400,163,243300,2328153048,2328153048,591118059,953200,174900,0,0,0
2025-12-29,SMLE,Sinergi Multi Lestarindo Tbk.,--UO2130000000B111------------,161,164,171,156,169,8,4151200,684885900,559,96.6,170,10300,169,57600,2328153048,2328153048,591118059,149200,2110200,0,0,0
2025-12-24,SMLE,Sinergi Multi Lestarindo Tbk.,--UO2130000000B111------------,170,168,173,147,161,-9,10488700,1659043300,2035,92.0,161,47900,160,67600,2328153048,2328153048,591118059,1376200,2090400,125000,42000000,1
2025-12-23,SMLE,Sinergi Multi Lestarindo Tbk.,--UO2130000000B111------------,200,200,200,170,170,-30,12357400,2171046300,1564,97.1,170,1065400,0,0,2328153048,2328153048,591118059,585900,1298700,0,0,0
2025-12-22,SMLE,Sinergi Multi Lestarindo Tbk.,--UO2130000000B111------------,208,220,254,190,200,-8,5263100,1140018800,1152,114.3,200,109100,198,52300,2328153048,2328153048,591118059,1209300,804900,0,0,0
2025-12-19,SMLE,Sinergi Multi Lestarindo Tbk.,--UO2130000000B111------------,228,228,228,204,208,-20,10121200,2194283400,399,118.9,210,354800,208,9800,2328153048,2328153048,591118059,318300,294800,850000,195500000,1
2025-12-18,SMLE,Sinergi Multi Lestarindo Tbk.,--UO2130000000B111------------,230,238,238,224,228,-2,4338800,982799000,237,130.3,230,93400,228,1600,2328153048,2328153048,591118059,551500,14000,0,0,0
2025-12-17,SMLE,Sinergi Multi Lestarindo Tbk.,--UO2130000000B111------------,230,0,234,226,230,0,7865300,1808602600,299,131.4,230,300,228,140200,2328153048,2328153048,591118059,212900,227700,0,0,0
2025-12-16,SMLE,Sinergi Multi Lestarindo Tbk.,--UO2130000000B111------------,230,230,236,222,230,0,14671500,3385819200,280,131.4,230,185700,228,203400,2328153048,2328153048,591118059,324900,733900,0,0,0
2025-12-15,SMLE,Sinergi Multi Lestarindo Tbk.,--UO2130000000B111------------,242,242,258,230,230,-12,1891800,445815800,404,131.4,230,30500,228,69500,2328153048,2328153048,591118059,419500,193500,13040050,3517663100,5
2025-12-12,SMLE,Sinergi Multi Lestarindo Tbk.,--UO2130000000B111------------,264,264,264,230,242,-22,3650600,885542000,490,138.3,244,5000,242,34100,2328153048,2328153048,591118059,235500,711400,0,0,0
2025-12-11,SMLE,Sinergi Multi Lestarindo Tbk.,--UO2130000000B111------------,262,258,270,254,264,2,11905300,3093828200,320,150.9,264,74900,262,255100,2328153048,2328153048,591118059,666400,42500,0,0,0
2025-12-10,SMLE,Sinergi Multi Lestarindo Tbk.,--UO2130000000B111------------,270,270,272,258,262,-8,11178500,2947579800,273,149.7,262,946000,258,140500,2328153048,2328153048,591118059,282100,12500,0,0,0
2025-12-09,SMLE,Sinergi Multi Lestarindo Tbk.,--UO2130000000B111------------,266,264,270,240,270,4,11563300,2970706000,408,154.3,270,24400,268,1200,2328153048,2328153048,591118059,497800,451000,0,0,0
2025-12-08,SMLE,Sinergi Multi Lestarindo Tbk.,--UO2130000000B111------------,270,272,272,264,266,-4,10618100,2862102600,283,152.0,266,53800,264,246800,2328153048,2328153048,591118059,37300,405600,0,0,0
2025-12-05,SMLE,Sinergi Multi Lestarindo Tbk.,--UO2130000000B111------------,264,0,272,262,270,6,9543100,2556672400,233,154.3,270,60100,268,14900,2328153048,2328153048,591118059,0,25700,0,0,0
2025-12-04,SMLE,Sinergi Multi Lestarindo Tbk.,--UO2130000000B111------------,268,268,270,264,264,-4,8626300,2302704800,235,150.9,266,15000,264,190400,2328153048,2328153048,591118059,15800,106300,0,0,0
2025-12-03,SMLE,Sinergi Multi Lestarindo Tbk.,--UO2130000000B111------------,270,272,272,264,268,-2,17015800,4547021000,217,153.1,268,103800,264,128900,2328153048,2328153048,591118059,190800,164900,0,0,0
2025-12-02,SMLE,Sinergi Multi Lestarindo Tbk.,--UO2130000000B111------------,270,272,276,260,270,0,16500100,4411545000,381,154.3,272,963300,270,24600,2328153048,2328153048,591118059,836300,1207400,0,0,0
2025-12-01,SMLE,Sinergi Multi Lestarindo Tbk.,--UO2130000000B111------------,274,274,276,260,270,-4,15451400,4123309000,507,154.3,272,989800,270,3400,2328153048,2328153048,591118059,378400,299800,0,0,0
2025-11-28,SMLE,Sinergi Multi Lestarindo Tbk.,--UO2130000000B111------------,272,274,284,272,274,2,14437100,4003694600,655,156.6,276,22300,274,133800,2328153048,2328153048,591118059,192200,302800,0,0,0
2025-11-27,SMLE,Sinergi Multi Lestarindo Tbk.,--UO2130000000B111------------,270,272,276,258,272,2,13548800,3623055000,377,155.4,272,129400,270,781100,2328153048,2328153048,591118059,215500,303300,0,0,0
2025-11-26,SMLE,Sinergi Multi Lestarindo Tbk.,--UO2130000000B111------------,252,252,274,252,270,18,12856700,3315206600,543,154.3,272,77400,270,1050300,2328153048,2328153048,591118059,539200,1693400,0,0,0
2025-11-25,SMLE,Sinergi Multi Lestarindo Tbk.,--UO2130000000B111------------,258,262,262,248,252,-6,8006400,2028736200,279,144.0,256,173600,252,4000,2328153048,2328153048,591118059,122300,0,0,0,0
2025-11-24,SMLE,Sinergi Multi Lestarindo Tbk.,--UO2130000000B111------------,260,264,264,254,258,-2,9776700,2526754000,196,147.4,260,76500,256,500500,2328153048,2328153048,591118059,26700,482800,125000,42000000,1
2025-11-22,SMLE,Sinergi Multi Lestarindo Tbk.,--UO2130000000B111------------,143,140,140,125,139,-4,1031100,135715900,152,79.4,135,30000,133,100,2328153048,2328153048,590652428,66000,0,0,0,0
2025-11-21,SMLE,Sinergi Multi Lestarindo Tbk.,--UO2130000000B111------------,254,254,264,254,260,6,7845200,2036031600,191,148.6,260,40000,258,123300,2328153048,2328153048,591118059,9100,1599000,0,0,0
2025-11-20,SMLE,Sinergi Multi Lestarindo Tbk.,--UO2130000000B111------------,262,262,266,254,254,-8,2003000,516747000,154,145.1,260,114000,254,151800,2328153048,2328153048,591118059,39500,100,0,0,0
2025-11-19,SMLE,Sinergi Multi Lestarindo Tbk.,--UO2130000000B111------------,258,266,266,260,262,4,1535400,402570000,252,149.7,262,159300,260,501700,2328153048,2328153048,591118059,306100,28900,0,0,0
2025-11-18,SMLE,Sinergi Multi Lestarindo Tbk.,--UO2130000000B111------------,246,248,268,246,258,12,1975200,507360800,402,147.4,260,15500,256,56900,2328153048,2328153048,591118059,216900,1500,0,0,0
2025-11-17,SMLE,Sinergi Multi Lestarindo Tbk.,--UO2130000000B111------------,262,264,264,232,246,-16,5646600,1409144000,789,140.6,252,68900,246,55100,2328153048,2328153048,591118059,279200,1047300,0,0,0
2025-11-14,SMLE,Sinergi Multi Lestarindo Tbk.,--UO2130000000B111------------,306,306,324,262,262,-44,21479200,6163241800,7544,149.7,270,344600,262,85800,2328153048,2328153048,591118059,2455100,870700,0,0,0
2025-11-13,SMLE,Sinergi Multi Lestarindo Tbk.,--UO2130000000B111------------,306,306,306,296,306,0,5876800,1768341200,339,174.9,306,330300,304,20000,2328153048,2328153048,591118059,56200,142200,0,0,0
2025-11-12,SMLE,Sinergi Multi Lestarindo Tbk.,--UO2130000000B111------------,302,302,306,288,306,4,5102800,1518624800,539,174.9,306,688900,304,1500,2328153048,2328153048,591118059,184400,581200,0,0,0
2025-11-11,SMLE,Sinergi Multi Lestarindo Tbk.,--UO2130000000B111------------,300,298,302,294,302,2,2058700,612281800,194,172.6,302,163500,300,100000,2328153048,2328153048,591118059,5000,3800,0,0,0
2025-11-10,SMLE,Sinergi Multi Lestarindo Tbk.,--UO2130000000B111------------,304,304,304,294,300,-4,2951200,879916000,264,171.4,300,111300,298,1200,2328153048,2328153048,591118059,6700,2300,0,0,0
2025-11-07,SMLE,Sinergi Multi Lestarindo Tbk.,--UO2130000000B111------------,302,0,304,292,304,2,5389900,1589251200,376,173.7,304,289800,302,121200,2328153048,2328153048,591118059,117900,1106800,0,0,0
2025-11-06,SMLE,Sinergi Multi Lestarindo Tbk.,--UO2130000000B111------------,304,304,308,300,302,-2,1355900,409474600,167,172.6,302,53500,300,1004400,2328153048,2328153048,591118059,37700,408300,0,0,0
2025-11-05,SMLE,Sinergi Multi Lestarindo Tbk.,--UO2130000000B111------------,312,310,312,302,304,-8,2955600,907847800,218,173.7,306,2100,304,119400,2328153048,2328153048,591118059,29000,203700,0,0,0
2025-11-04,SMLE,Sinergi Multi Lestarindo Tbk.,--UO2130000000B111------------,310,310,316,306,312,2,3244200,1010408000,536,178.3,312,451600,310,70000,2328153048,2328153048,591118059,791700,142100,0,0,0
2025-11-03,SMLE,Sinergi Multi Lestarindo Tbk.,--UO2130000000B111------------,282,292,314,284,310,28,4316300,1294153400,876,177.1,310,68100,308,28900,2328153048,2328153048,591118059,109600,491000,0,0,0
2025-10-31,SMLE,Sinergi Multi Lestarindo Tbk.,--UO2130000000B111------------,290,292,304,282,282,-8,4896500,1416082800,287,161.1,286,16300,282,109600,2328153048,2328153048,591118059,132900,58500,0,0,0
2025-10-30,SMLE,Sinergi Multi Lestarindo Tbk.,--UO2130000000B111------------,292,292,300,288,290,-2,995700,290320200,196,165.7,290,80100,288,173100,2328153048,2328153048,591118059,1200,143200,0,0,0
2025-10-29,SMLE,Sinergi Multi Lestarindo Tbk.,--UO2130000000B111------------,290,284,310,284,292,2,2153700,630270600,523,166.9,292,57600,290,25000,2328153048,2328153048,591118059,198300,155900,0,0,0
2025-10-28,SMLE,Sinergi Multi Lestarindo Tbk.,--UO2130000000B111------------,306,306,306,278,290,-16,4600600,1319733000,909,165.7,290,109600,288,2000,2328153048,2328153048,591118059,104300,597600,0,0,0
2025-10-27,SMLE,Sinergi Multi Lestarindo Tbk.,--UO2130000000B111------------,358,360,364,306,306,-52,27920100,9121443000,6979,174.9,306,780400,0,0,2328153048,2328153048,591118059,1749300,1590400,0,0,0
2025-10-24,SMLE,Sinergi Multi Lestarindo Tbk.,--UO2130000000B111------------,330,320,360,318,358,28,28449800,9643908000,5401,204.6,360,570800,358,5492000,2328153048,2328153048,591118059,1954200,1134600,0,0,0
2025-10-23,SMLE,Sinergi Multi Lestarindo Tbk.,--UO2130000000B111------------,314,316,334,308,330,16,8149200,2624856600,1744,188.6,330,292500,328,1685600,2328153048,2328153048,591118059,1080400,1092100,0,0,0
2025-10-22,SMLE,Sinergi Multi Lestarindo Tbk.,--UO2130000000B111------------,322,322,330,310,314,-8,4012100,1266622800,504,179.4,320,6700,314,57900,2328153048,2328153048,591118059,19500,40800,0,0,0
2025-10-21,SMLE,Sinergi Multi Lestarindo Tbk.,--UO2130000000B111------------,322,338,338,308,322,0,16768600,5355584800,3064,184.0,322,10400,320,124700,2328153048,2328153048,591118059,989200,998900,0,0,0
2025-10-20,SMLE,Sinergi Multi Lestarindo Tbk.,--UO2130000000B111------------,344,342,342,308,322,-22,6473500,2063043400,827,184.0,324,4900,322,6979800,2328153048,2328153048,591118059,13700,326800,0,0,0
2025-10-17,SMLE,Sinergi Multi Lestarindo Tbk.,--UO2130000000B111------------,342,340,374,292,344,2,47307700,15737287000,7540,196.6,344,345400,342,6400,2328153048,2328153048,591118059,2309400,2218400,0,0,0
2025-10-16,SMLE,Sinergi Multi Lestarindo Tbk.,--U-4130000000B111-----------X,312,0,342,330,342,30,4732300,1599633200,508,195.4,0,0,342,105000,2328153048,2328153048,591118059,0,30000,0,0,0
2025-10-15,SMLE,Sinergi Multi Lestarindo Tbk.,--U-4130000000B111-----------X,346,0,312,312,312,-34,14651900,4571392800,463,178.3,314,1100,312,357000,2328153048,2328153048,591118059,0,0,0,0,0
2025-10-14,SMLE,Sinergi Multi Lestarindo Tbk.,--U-4130000000B111-----------X,384,0,346,346,346,-38,164600,56951600,64,197.7,346,14475900,0,0,2328153048,2328153048,591118059,0,0,0,0,0
2025-10-13,SMLE,Sinergi Multi Lestarindo Tbk.,--U-4130000000B111-----------X,426,0,384,384,384,-42,4190300,1609075200,275,219.4,384,18192200,0,0,2328153048,2328153048,591118059,0,0,0,0,0
2025-10-10,SMLE,Sinergi Multi Lestarindo Tbk.,--U-4130000000B111-----------X,388,0,426,426,426,38,3404000,1450104000,198,243.4,0,0,426,8876200,2328153048,2328153048,591118059,0,0,0,0,0
2025-10-09,SMLE,Sinergi Multi Lestarindo Tbk.,--U-4130000000B111-----------X,354,0,388,388,388,34,5015800,1946130400,204,221.7,0,0,388,6260900,2328153048,2328153048,591118059,500000,0,16625000,5388000000,4
2025-10-08,SMLE,Sinergi Multi Lestarindo Tbk.,--U-4130000000B111-----------X,322,0,354,354,354,32,8219400,2909667600,528,202.3,0,0,354,5377600,2328153048,2328153048,591118059,0,0,0,0,0
2025-10-07,SMLE,Sinergi Multi Lestarindo Tbk.,--UO2130000000B111------------,322,0,0,0,322,0,0,0,0,184.0,0,0,0,0,2328153048,2328153048,591118059,0,0,0,0,0
2025-10-06,SMLE,Sinergi Multi Lestarindo Tbk.,--UO2130000000B111------------,322,0,0,0,322,0,0,0,0,184.0,0,0,0,0,2328153048,2328153048,591118059,0,0,0,0,0
2025-10-03,SMLE,Sinergi Multi Lestarindo Tbk.,--UO2130000000B111------------,322,0,0,0,322,0,0,0,0,184.0,0,0,0,0,2328153048,2328153048,591118059,0,0,0,0,0
2025-10-02,SMLE,Sinergi Multi Lestarindo Tbk.,--UO2130000000B111------------,322,0,0,0,322,0,0,0,0,184.0,0,0,0,0,2328153048,2328153048,591118059,0,0,0,0,0
2025-10-01,SMLE,Sinergi Multi Lestarindo Tbk.,--UO2130000000B111------------,322,0,0,0,322,0,0,0,0,184.0,0,0,0,0,2328153048,2328153048,591118059,0,0,0,0,0
2025-09-30,SMLE,Sinergi Multi Lestarindo Tbk.,--UO2130000000B111------------,322,0,0,0,322,0,0,0,0,184.0,0,0,0,0,2328153048,2328153048,565741191,0,0,0,0,0
2025-09-29,SMLE,Sinergi Multi Lestarindo Tbk.,--UO2130000000B111------------,322,0,0,0,322,0,0,0,0,184.0,0,0,0,0,2328153048,2328153048,565741191,0,0,0,0,0
2025-09-26,SMLE,Sinergi Multi Lestarindo Tbk.,--UO2130000000B111------------,314,314,352,296,322,8,42888100,14045485200,7319,184.0,326,205900,322,1180000,2328153048,2328153048,565741191,2915300,3090000,0,0,0
2025-09-25,SMLE,Sinergi Multi Lestarindo Tbk.,--UO2130000000B111------------,314,0,0,0,314,0,0,0,0,179.4,0,0,0,0,2328153048,2328153048,565741191,0,0,1000,314000,1
2025-09-24,SMLE,Sinergi Multi Lestarindo Tbk.,--UO2130000000B111------------,272,278,336,264,314,42,88461100,27458773600,14303,179.4,314,808900,312,1034400,2328153048,2328153048,565741191,3784100,8004000,0,0,0
2025-09-23,SMLE,Sinergi Multi Lestarindo Tbk.,--UO2130000000B111------------,260,262,280,252,272,12,19749300,5282148600,1699,155.4,272,653900,270,68600,2328153048,2328153048,565741191,330600,981700,0,0,0
2025-09-22,SMLE,Sinergi Multi Lestarindo Tbk.,--UO2130000000B111------------,252,254,260,248,260,8,11344700,2869161400,1027,148.6,260,177600,258,1678000,2328153048,2328153048,565741191,102100,716000,0,0,0
2025-09-19,SMLE,Sinergi Multi Lestarindo Tbk.,--UO2130000000B111------------,246,246,254,242,252,6,9456900,2335520200,821,144.0,252,289100,250,5698600,2328153048,2328153048,565741191,387900,439700,0,0,0
2025-09-18,SMLE,Sinergi Multi Lestarindo Tbk.,--UO2130000000B111------------,256,258,258,228,246,-10,18334000,4459225800,2527,140.6,248,16200,246,2086800,2328153048,2328153048,565741191,1925000,2341600,0,0,0
2025-09-17,SMLE,Sinergi Multi Lestarindo Tbk.,--UO2130000000B111------------,228,260,282,240,256,28,104410400,27788359600,11489,146.3,258,20100,256,1086800,2328153048,2328153048,565741191,6825300,9340800,0,0,0
2025-09-16,SMLE,Sinergi Multi Lestarindo Tbk.,--UO2130000000B111------------,169,169,228,167,228,59,119960900,24373200200,15404,130.3,0,0,228,46036200,2328153048,2328153048,565741191,5667200,14264900,0,0,0
2025-09-15,SMLE,Sinergi Multi Lestarindo Tbk.,--UO2130000000B111------------,171,173,174,165,169,-2,17170000,2904795900,1546,96.6,170,660100,169,1660100,2328153048,2328153048,565741191,1361600,4889700,0,0,0
2025-09-12,SMLE,Sinergi Multi Lestarindo Tbk.,--UO2130000000B111------------,152,0,176,150,171,19,33785700,5628141000,2697,97.7,172,194500,171,33926000,2328153048,2328153048,565741191,558100,3460100,0,0,0
2025-09-11,SMLE,Sinergi Multi Lestarindo Tbk.,--UO2130000000B111------------,150,0,153,150,152,2,406400,61209500,76,86.9,152,58700,151,10000,2328153048,2328153048,565741191,0,177800,0,0,0
2025-09-10,SMLE,Sinergi Multi Lestarindo Tbk.,--UO2130000000B111------------,150,152,155,150,150,0,1164600,175808200,88,85.7,151,2000,150,247400,2328153048,2328153048,565741191,97700,519300,0,0,0
2025-09-09,SMLE,Sinergi Multi Lestarindo Tbk.,--UO2130000000B111------------,155,155,155,149,150,-5,3326200,501755200,191,85.7,150,148100,149,609300,2328153048,2328153048,565741191,150700,803000,0,0,0
2025-09-08,SMLE,Sinergi Multi Lestarindo Tbk.,--UO2130000000B111------------,150,148,155,148,155,5,1172900,178909900,145,88.6,155,1129100,154,100000,2328153048,2328153048,565741191,0,0,0,0,0
2025-09-04,SMLE,Sinergi Multi Lestarindo Tbk.,--UO2130000000B111------------,151,0,156,150,150,-1,598000,90409900,106,85.7,151,30300,150,42700,2328153048,2328153048,565741191,40000,0,0,0,0
2025-09-03,SMLE,Sinergi Multi Lestarindo Tbk.,--UO2130000000B111------------,148,152,153,149,151,3,752900,114035500,184,86.3,152,15200,151,26000,2328153048,2328153048,565741191,70800,0,0,0,0
2025-09-02,SMLE,Sinergi Multi Lestarindo Tbk.,--UO2130000000B111------------,144,144,156,144,148,4,2126100,317723900,232,84.6,151,3600,148,52700,2328153048,2328153048,565741191,190400,332200,0,0,0
2025-09-01,SMLE,Sinergi Multi Lestarindo Tbk.,--UO2130000000B111------------,150,141,148,131,144,-6,2337300,328302200,259,82.3,145,3600,144,43700,2328153048,2328153048,565741191,0,393300,0,0,0
2025-08-29,SMLE,Sinergi Multi Lestarindo Tbk.,--UO2130000000B111------------,154,150,154,140,150,-4,5862200,854774000,471,85.7,150,143200,147,12300,2328153048,2328153048,565741191,463300,898600,0,0,0
2025-08-28,SMLE,Sinergi Multi Lestarindo Tbk.,--UO2130000000B111------------,156,156,159,151,154,-2,3242200,498112300,215,88.0,154,187400,153,260300,2328153048,2328153048,565741191,1627600,1679900,0,0,0
2025-08-27,SMLE,Sinergi Multi Lestarindo Tbk.,--UO2130000000B111------------,154,155,159,148,156,2,6539600,1004668200,489,89.1,157,12700,156,35200,2328153048,2328153048,565741191,299500,740200,0,0,0
2025-08-26,SMLE,Sinergi Multi Lestarindo Tbk.,--UO2130000000B111------------,157,158,160,154,154,-3,4437300,696615600,506,88.0,156,279700,154,79800,2328153048,2328153048,565741191,870900,211100,0,0,0
2025-08-25,SMLE,Sinergi Multi Lestarindo Tbk.,--UO2130000000B111------------,161,161,161,157,157,-4,4253400,672608300,351,89.7,157,63200,156,174100,2328153048,2328153048,565741191,165800,401700,6451600,999998000,1
2025-08-22,SMLE,Sinergi Multi Lestarindo Tbk.,--UO2130000000B111------------,161,164,164,158,161,0,3193900,511438400,482,92.0,162,124000,161,90000,2328153048,2328153048,565741191,265600,34800,0,0,0
2025-08-21,SMLE,Sinergi Multi Lestarindo Tbk.,--UO2130000000B111------------,161,163,166,154,161,0,7355800,1168717200,950,92.0,162,98900,161,657000,2328153048,2328153048,565741191,32700,699100,0,0,0
2025-08-20,SMLE,Sinergi Multi Lestarindo Tbk.,--UO2130000000B111------------,168,170,173,158,161,-7,11299000,1830131600,1083,92.0,161,164600,160,1309900,2328153048,2328153048,565741191,0,3810000,0,0,0
2025-08-19,SMLE,Sinergi Multi Lestarindo Tbk.,--UO2130000000B111------------,161,164,180,162,168,7,33201100,5573734800,3614,96.0,168,1234500,167,1503400,2328153048,2328153048,565741191,531900,491000,0,0,0
2025-08-15,SMLE,Sinergi Multi Lestarindo Tbk.,--UO2130000000B111------------,144,150,170,147,161,17,41089600,6487381900,5117,92.0,162,520600,161,19015400,2328153048,2328153048,565741191,1962500,2002200,0,0,0
2025-08-14,SMLE,Sinergi Multi Lestarindo Tbk.,--UO2130000000B111------------,147,147,148,140,144,-3,6922400,1002568600,384,82.3,145,292700,144,1000000,2328153048,2328153048,565741191,477300,0,0,0,0
2025-08-13,SMLE,Sinergi Multi Lestarindo Tbk.,--UO2130000000B111------------,147,147,154,142,147,0,17069100,2494152600,1052,84.0,147,316400,144,12500,2328153048,2328153048,565741191,939400,220600,0,0,0
2025-08-12,SMLE,Sinergi Multi Lestarindo Tbk.,--UO2130000000B111------------,133,133,148,131,147,14,23859400,3390146900,2528,84.0,147,834400,146,818700,2328153048,2328153048,565741191,835800,1320700,0,0,0
2025-08-11,SMLE,Sinergi Multi Lestarindo Tbk.,--UO2130000000B111------------,127,127,134,127,133,6,6017800,787949100,407,76.0,133,153300,132,47600,2328153048,2328153048,565741191,50000,0,0,0,0
2025-08-08,SMLE,Sinergi Multi Lestarindo Tbk.,--UO2130000000B111------------,121,122,127,122,127,6,952700,118333600,80,72.6,127,248400,126,11100,2328153048,2328153048,565741191,0,39600,0,0,0
2025-08-07,SMLE,Sinergi Multi Lestarindo Tbk.,--UO2130000000B111------------,122,123,126,121,121,-1,396300,48552100,64,69.1,123,4500,121,328800,2328153048,2328153048,565741191,0,0,0,0,0
2025-08-06,SMLE,Sinergi Multi Lestarindo Tbk.,--UO2130000000B111------------,123,0,123,122,122,-1,195800,23916000,24,69.7,123,41400,122,85500,2328153048,2328153048,565741191,0,0,0,0,0
2025-08-05,SMLE,Sinergi Multi Lestarindo Tbk.,--UO2130000000B111------------,125,125,125,122,123,-2,270200,33269900,42,70.3,123,49100,122,375400,2328153048,2328153048,565741191,0,0,0,0,0
2025-08-04,SMLE,Sinergi Multi Lestarindo Tbk.,--UO2130000000B111------------,124,123,127,122,125,1,680700,84332000,70,71.4,125,1600,124,98200,2328153048,2328153048,565741191,0,0,0,0,0
2025-08-01,SMLE,Sinergi Multi Lestarindo Tbk.,--UO2130000000B111------------,125,127,127,123,124,-1,621400,76588900,61,70.9,124,6400,123,155600,2328153048,2328153048,565741191,0,0,0,0,0
2025-07-31,SMLE,Sinergi Multi Lestarindo Tbk.,--UO2130000000B111------------,126,0,132,123,125,-1,1437900,181380000,144,71.4,125,67000,124,96900,2328153048,2328153048,565741191,29900,0,0,0,0
2025-07-30,SMLE,Sinergi Multi Lestarindo Tbk.,--UO2130000000B111------------,123,0,126,122,126,3,1123200,140024500,118,72.0,126,200100,125,4900,2328153048,2328153048,565741191,0,0,0,0,0
2025-07-29,SMLE,Sinergi Multi Lestarindo Tbk.,--UO2130000000B111------------,124,123,123,122,123,-1,483000,59012300,64,70.3,123,39500,122,213300,2328153048,2328153048,565741191,2000,0,0,0,0
2025-07-28,SMLE,Sinergi Multi Lestarindo Tbk.,--UO2130000000B111------------,124,124,124,123,124,0,466000,57433100,55,70.9,124,460800,123,184400,2328153048,2328153048,565741191,0,0,0,0,0
2025-07-25,SMLE,Sinergi Multi Lestarindo Tbk.,--UO2130000000B111------------,124,0,125,122,124,0,747300,92109600,55,70.9,124,65800,122,224000,2328153048,2328153048,565741191,0,0,0,0,0
2025-07-24,SMLE,Sinergi Multi Lestarindo Tbk.,--UO2130000000B111------------,127,126,127,124,124,-3,1174400,147081200,78,70.9,126,208200,124,230800,2328153048,2328153048,565741191,0,0,0,0,0
2025-07-23,SMLE,Sinergi Multi Lestarindo Tbk.,--UO2130000000B111------------,124,0,127,124,127,3,814300,102280700,68,72.6,129,16000,127,185600,2328153048,2328153048,565741191,100,0,7936500,999999000,1
2025-07-22,SMLE,Sinergi Multi Lestarindo Tbk.,--UO2130000000B111------------,127,127,127,124,124,-3,604000,75529400,51,70.9,126,76600,124,608200,2328153048,2328153048,565741191,0,0,0,0,0
2025-07-21,SMLE,Sinergi Multi Lestarindo Tbk.,--UO2130000000B111------------,128,128,128,125,127,-1,1800300,226928800,127,72.6,127,130100,125,30100,2328153048,2328153048,565741191,2000,0,0,0,0
2025-07-18,SMLE,Sinergi Multi Lestarindo Tbk.,--UO2130000000B111------------,129,128,131,128,128,-1,1685300,218111400,172,73.1,130,118600,128,72200,2328153048,2328153048,565741191,0,0,0,0,0
2025-07-17,SMLE,Sinergi Multi Lestarindo Tbk.,--UO2130000000B111------------,127,127,130,126,129,2,2503100,321033200,226,73.7,130,388500,129,200,2328153048,2328153048,565741191,0,0,0,0,0
2025-07-16,SMLE,Sinergi Multi Lestarindo Tbk.,--UO2130000000B111------------,125,126,129,124,127,2,1823100,231690500,179,72.6,128,10700,127,1556500,2328153048,2328153048,565741191,0,0,0,0,0
2025-07-15,SMLE,Sinergi Multi Lestarindo Tbk.,--UO2130000000B111------------,127,125,127,123,125,-2,1248200,156086800,145,71.4,125,239100,124,9000,2328153048,2328153048,565741191,0,91900,0,0,0
2025-07-14,SMLE,Sinergi Multi Lestarindo Tbk.,--UO2130000000B111------------,122,121,127,121,127,5,2318000,287548700,174,72.6,128,70500,127,391700,2328153048,2328153048,565741191,0,35300,0,0,0
2025-07-11,SMLE,Sinergi Multi Lestarindo Tbk.,--UO2130000000B111------------,123,123,123,121,122,-1,158200,19344800,23,69.7,122,102100,121,177600,2328153048,2328153048,565741191,0,0,0,0,0
2025-07-10,SMLE,Sinergi Multi Lestarindo Tbk.,--UO2130000000B111------------,123,123,123,120,123,0,354700,43001400,39,70.3,123,135500,122,500,2328153048,2328153048,565741191,0,0,0,0,0
2025-07-09,SMLE,Sinergi Multi Lestarindo Tbk.,--UO2130000000B111------------,121,121,123,120,123,2,436600,53003900,46,70.3,123,167800,121,6700,2328153048,2328153048,565741191,0,0,0,0,0
2025-07-08,SMLE,Sinergi Multi Lestarindo Tbk.,--UO2130000000B111------------,122,0,123,120,121,-1,964600,116505100,61,69.1,121,22900,120,71600,2328153048,2328153048,565741191,0,62000,0,0,0
2025-07-07,SMLE,Sinergi Multi Lestarindo Tbk.,--UO2130000000B111------------,122,123,125,122,122,0,582400,71519400,56,69.7,122,23500,121,131100,2328153048,2328153048,565741191,108300,0,0,0,0
2025-07-04,SMLE,Sinergi Multi Lestarindo Tbk.,--UO2130000000B111------------,125,0,127,121,122,-3,789600,96812500,65,69.7,124,164100,122,1000,2328153048,2328153048,565741191,0,0,0,0,0
2025-07-03,SMLE,Sinergi Multi Lestarindo Tbk.,--UO2130000000B111------------,120,120,129,119,125,5,1594100,199215800,176,71.4,126,69800,125,2300,2328153048,2328153048,565741191,0,51800,0,0,0
2025-07-02,SMLE,Sinergi Multi Lestarindo Tbk.,--UO2130000000B111------------,123,123,124,119,120,-3,2392300,290196000,111,68.6,121,10200,120,132100,2328153048,2328153048,565741191,100,0,0,0,0
2025-07-01,SMLE,Sinergi Multi Lestarindo Tbk.,--UO2130000000B111------------,122,122,124,120,123,1,356100,43685600,42,70.3,123,173200,122,3000,2328153048,2328153048,565741191,52500,0,0,0,0
2025-06-30,SMLE,Sinergi Multi Lestarindo Tbk.,--UO2130000000B111------------,121,121,125,121,122,1,1515700,186425600,90,69.7,122,36900,121,595800,2328153048,2328153048,465630610,0,152600,0,0,0
2025-06-26,SMLE,Sinergi Multi Lestarindo Tbk.,--UO2130000000B111------------,121,121,123,121,121,0,452100,55056200,57,69.1,121,60000,120,232600,2328153048,2328153048,465630610,0,0,0,0,0
2025-06-25,SMLE,Sinergi Multi Lestarindo Tbk.,--UO2130000000B111------------,122,0,125,119,121,-1,764800,91390800,105,69.1,121,119700,120,10000,2328153048,2328153048,465630610,0,0,0,0,0
2025-06-24,SMLE,Sinergi Multi Lestarindo Tbk.,--UO2130000000B111------------,122,0,125,120,122,0,1371400,166743700,80,69.7,122,80000,121,69100,2328153048,2328153048,465630610,0,0,0,0,0
2025-06-23,SMLE,Sinergi Multi Lestarindo Tbk.,--UO2130000000B111------------,126,126,126,120,122,-4,1404600,171600000,115,69.7,122,50000,121,175000,2328153048,2328153048,465630610,42500,0,0,0,0
2025-06-20,SMLE,Sinergi Multi Lestarindo Tbk.,--UO2130000000B111------------,127,126,127,123,126,-1,1596200,200140200,92,72.0,127,235400,126,349600,2328153048,2328153048,465630610,0,78000,0,0,0
2025-06-19,SMLE,Sinergi Multi Lestarindo Tbk.,--UO2130000000B111------------,129,127,128,123,127,-2,1702300,213950900,134,72.6,127,240700,126,56600,2328153048,2328153048,465630610,0,0,0,0,0
2025-06-18,SMLE,Sinergi Multi Lestarindo Tbk.,--UO2130000000B111------------,131,0,130,127,129,-2,1087400,139655600,108,73.7,129,417300,128,15800,2328153048,2328153048,465630610,84100,0,0,0,0
2025-06-17,SMLE,Sinergi Multi Lestarindo Tbk.,--UO2130000000B111------------,131,131,131,129,131,0,709700,92255700,83,74.9,132,266600,129,113700,2328153048,2328153048,465630610,0,0,0,0,0
2025-06-16,SMLE,Sinergi Multi Lestarindo Tbk.,--UO2130000000B111------------,130,130,131,128,131,1,2988800,386608400,130,74.9,131,157800,128,264200,2328153048,2328153048,465630610,0,0,0,0,0
2025-06-13,SMLE,Sinergi Multi Lestarindo Tbk.,--UO2130000000B111------------,132,133,134,128,130,-2,2016200,264174000,237,74.3,130,119900,129,188800,2328153048,2328153048,465630610,225000,204300,0,0,0
2025-06-12,SMLE,Sinergi Multi Lestarindo Tbk.,--UO2130000000B111------------,128,128,134,125,132,4,5444300,712684500,394,75.4,133,653700,132,52600,2328153048,2328153048,465630610,0,1541300,0,0,0
2025-06-11,SMLE,Sinergi Multi Lestarindo Tbk.,--UO2130000000B111------------,126,127,128,124,128,2,1697100,214235700,154,73.1,128,318700,127,1050100,2328153048,2328153048,465630610,0,0,0,0,0
2025-06-10,SMLE,Sinergi Multi Lestarindo Tbk.,--UO2130000000B111------------,120,122,126,117,126,6,18522500,2275569300,280,72.0,127,154200,125,1055700,2328153048,2328153048,465630610,0,11050000,0,0,0
2025-06-05,SMLE,Sinergi Multi Lestarindo Tbk.,--UO2130000000B111------------,115,115,123,115,120,5,1654700,196135800,179,68.6,121,50000,120,3100,2328153048,2328153048,465630610,2100,178900,0,0,0
2025-06-04,SMLE,Sinergi Multi Lestarindo Tbk.,--UO2130000000B111------------,120,120,122,115,115,-5,1527200,179974400,134,65.7,117,100000,115,112000,2328153048,2328153048,465630610,61000,33300,0,0,0
2025-06-03,SMLE,Sinergi Multi Lestarindo Tbk.,--UO2130000000B111------------,123,123,124,120,120,-3,504900,61410900,79,68.6,121,66900,120,165200,2328153048,2328153048,465630610,0,0,0,0,0
2025-06-02,SMLE,Sinergi Multi Lestarindo Tbk.,--UO2130000000B111------------,123,122,125,118,123,0,1500600,181064200,166,70.3,123,134900,122,1500,2328153048,2328153048,465630610,0,41600,0,0,0
2025-05-28,SMLE,Sinergi Multi Lestarindo Tbk.,--UO2130000000B111------------,123,126,126,122,123,0,174300,21513100,64,70.3,124,10300,123,53800,2328153048,2328153048,465630610,0,0,0,0,0
2025-05-27,SMLE,Sinergi Multi Lestarindo Tbk.,--UO2130000000B111------------,124,124,127,122,123,-1,1501800,188513300,124,70.3,125,100,123,249800,2328153048,2328153048,465630610,0,1000000,0,0,0
2025-05-26,SMLE,Sinergi Multi Lestarindo Tbk.,--UO2130000000B111------------,126,125,128,120,124,-2,3519800,435178300,313,70.9,125,38800,124,33600,2328153048,2328153048,465630610,224600,106700,0,0,0
2025-05-23,SMLE,Sinergi Multi Lestarindo Tbk.,--UO2130000000B111------------,122,122,128,122,126,4,4444000,558102100,498,72.0,127,874300,126,48800,2328153048,2328153048,465630610,0,0,0,0,0
2025-05-22,SMLE,Sinergi Multi Lestarindo Tbk.,--UO2130000000B111------------,120,119,122,118,122,2,1731200,208488500,167,69.7,123,142100,122,15100,2328153048,2328153048,465630610,0,142600,0,0,0
2025-05-21,SMLE,Sinergi Multi Lestarindo Tbk.,--UO2130000000B111------------,119,119,120,117,120,1,1212100,143214100,91,68.6,120,547800,118,10600,2328153048,2328153048,465630610,0,300000,0,0,0
2025-05-20,SMLE,Sinergi Multi Lestarindo Tbk.,--UO2130000000B111------------,119,118,121,115,119,0,1993200,234641700,185,68.0,120,16600,119,47600,2328153048,2328153048,465630610,0,39500,0,0,0
2025-05-19,SMLE,Sinergi Multi Lestarindo Tbk.,--UO2130000000B111------------,119,120,121,117,119,0,1391100,164821300,158,68.0,119,49100,117,300,2328153048,2328153048,465630610,0,0,0,0,0
2025-05-16,SMLE,Sinergi Multi Lestarindo Tbk.,--UO2130000000B111------------,121,120,122,119,119,-2,1213000,145560000,183,68.0,120,300,119,158500,2328153048,2328153048,465630610,39900,0,0,0,0
2025-05-15,SMLE,Sinergi Multi Lestarindo Tbk.,--UO2130000000B111------------,114,115,124,114,121,7,6475500,780478900,651,69.1,121,24900,120,73700,2328153048,2328153048,465630610,695500,1273300,150000,17700000,3
2025-05-14,SMLE,Sinergi Multi Lestarindo Tbk.,--UO2130000000B111------------,116,116,119,114,114,-2,1290600,149816000,103,65.1,115,11700,114,227600,2328153048,2328153048,465630610,0,0,0,0,0
2025-05-09,SMLE,Sinergi Multi Lestarindo Tbk.,--UO2130000000B111------------,117,117,120,116,116,-1,618800,72404200,93,66.3,118,102600,116,17300,2328153048,2328153048,465630610,35700,0,30000,3510000,2
2025-05-08,SMLE,Sinergi Multi Lestarindo Tbk.,--UO2130000000B111------------,117,120,121,117,117,0,779200,92552800,84,66.9,119,92300,117,115400,2328153048,2328153048,465630610,251900,0,0,0,0
2025-05-07,SMLE,Sinergi Multi Lestarindo Tbk.,--UO2130000000B111------------,121,121,122,116,117,-4,1745500,206098400,190,66.9,117,60600,116,748100,2328153048,2328153048,465630610,63400,0,80000,9360000,3
2025-05-06,SMLE,Sinergi Multi Lestarindo Tbk.,--UO2130000000B111------------,122,123,127,120,121,-1,3375500,415842500,396,69.1,122,69500,121,168900,2328153048,2328153048,465630610,9800,0,0,0,0
2025-05-05,SMLE,Sinergi Multi Lestarindo Tbk.,--UO2130000000B111------------,114,113,122,112,122,8,29857200,3447303600,448,69.7,123,204700,122,181400,2328153048,2328153048,465630610,0,13111800,0,0,0
2025-05-02,SMLE,Sinergi Multi Lestarindo Tbk.,--UO2130000000B111------------,114,115,115,112,114,0,407600,46233800,91,65.1,114,378800,113,37300,2328153048,2328153048,465630610,0,0,0,0,0
2025-04-30,SMLE,Sinergi Multi Lestarindo Tbk.,--UO2130000000B111------------,111,112,115,112,114,3,1927400,219631100,93,65.1,115,81600,114,56000,2328153048,2328153048,465630610,0,0,112700,12735100,3
2025-04-29,SMLE,Sinergi Multi Lestarindo Tbk.,--UO2130000000B111------------,113,113,114,110,111,-2,2557800,286118800,136,63.4,113,122800,111,23500,2328153048,2328153048,465630610,0,0,0,0,0
2025-04-28,SMLE,Sinergi Multi Lestarindo Tbk.,--UO2130000000B111------------,113,113,115,112,113,0,1517100,172144800,98,64.6,114,18800,113,128900,2328153048,2328153048,465630610,0,0,0,0,0
2025-04-25,SMLE,Sinergi Multi Lestarindo Tbk.,--UO2130000000B111------------,113,114,115,113,113,0,481400,54806500,69,64.6,114,35700,113,16100,2328153048,2328153048,465630610,0,0,0,0,0
2025-04-24,SMLE,Sinergi Multi Lestarindo Tbk.,--UO2130000000B111------------,114,0,116,112,113,-1,381400,43483500,87,64.6,113,3100,112,117800,2328153048,2328153048,465630610,0,0,0,0,0
2025-04-23,SMLE,Sinergi Multi Lestarindo Tbk.,--UO2130000000B111------------,113,0,116,113,114,1,177500,20255500,60,65.1,115,116300,114,9700,2328153048,2328153048,465630610,0,0,0,0,0
2025-04-22,SMLE,Sinergi Multi Lestarindo Tbk.,--UO2130000000B111------------,116,116,116,113,113,-3,438800,49702600,87,64.6,113,33400,112,348400,2328153048,2328153048,465630610,0,0,0,0,0
2025-04-21,SMLE,Sinergi Multi Lestarindo Tbk.,--UO2130000000B111------------,112,113,116,113,116,4,949800,108344200,138,66.3,116,257600,115,83400,2328153048,2328153048,465630610,0,75800,0,0,0
2025-04-17,SMLE,Sinergi Multi Lestarindo Tbk.,--UO2130000000B111------------,109,109,113,105,112,3,1038300,114003800,105,64.0,113,124400,112,4000,2328153048,2328153048,465630610,0,0,0,0,0
2025-04-16,SMLE,Sinergi Multi Lestarindo Tbk.,--UO2130000000B111------------,107,107,115,107,109,2,2511600,278501600,394,62.3,110,61300,109,117700,2328153048,2328153048,465630610,0,0,0,0,0
2025-04-15,SMLE,Sinergi Multi Lestarindo Tbk.,--UO2130000000B111------------,105,0,109,105,107,2,533900,57423300,69,61.1,107,16100,106,22800,2328153048,2328153048,465630610,28800,0,0,0,0
2025-04-14,SMLE,Sinergi Multi Lestarindo Tbk.,--UO2130000000B111------------,107,108,108,104,105,-2,218600,23026500,80,60.0,106,75700,105,400,2328153048,2328153048,465630610,3200,0,0,0,0
2025-04-11,SMLE,Sinergi Multi Lestarindo Tbk.,--UO2130000000B111------------,107,0,108,105,107,0,539800,57237000,75,61.1,108,15200,107,18900,2328153048,2328153048,465630610,0,0,0,0,0
2025-04-10,SMLE,Sinergi Multi Lestarindo Tbk.,--UO2130000000B111------------,105,111,111,101,107,2,18919900,1993746300,134,61.1,107,14700,106,13800,2328153048,2328153048,465630610,0,9243400,0,0,0
2025-04-09,SMLE,Sinergi Multi Lestarindo Tbk.,--UO2130000000B111------------,107,108,108,101,105,-2,299800,31163100,56,60.0,105,1900,102,10000,2328153048,2328153048,465630610,46700,0,0,0,0
2025-04-08,SMLE,Sinergi Multi Lestarindo Tbk.,--UO2130000000B111------------,109,107,107,99,107,-2,1283300,129966800,112,61.1,107,77200,100,175000,2328153048,2328153048,465630610,0,713300,0,0,0
2025-03-27,SMLE,Sinergi Multi Lestarindo Tbk.,--UO2130000000B111------------,106,106,110,103,109,3,16518600,1743575000,76,62.3,109,37500,107,281500,2328153048,2328153048,465628934,0,8253100,0,0,0
2025-03-26,SMLE,Sinergi Multi Lestarindo Tbk.,--UO2130000000B111------------,107,107,107,100,106,-1,536800,56247700,99,60.6,107,8500,106,7600,2328153048,2328153048,465628934,0,0,0,0,0
2025-03-25,SMLE,Sinergi Multi Lestarindo Tbk.,--UO2130000000B111------------,107,108,111,105,107,0,519400,55889200,123,61.1,108,600,107,3300,2328153048,2328153048,465628934,0,0,0,0,0
2025-03-24,SMLE,Sinergi Multi Lestarindo Tbk.,--UO2130000000B111------------,104,0,108,102,107,3,1548300,163006700,137,61.1,108,125600,107,23500,2328153048,2328153048,465628934,0,122700,0,0,0
2025-03-21,SMLE,Sinergi Multi Lestarindo Tbk.,--UO2130000000B111------------,105,105,106,102,104,-1,1048600,108345000,68,59.4,105,33700,104,3400,2328153048,2328153048,465628934,0,0,0,0,0
2025-03-20,SMLE,Sinergi Multi Lestarindo Tbk.,--UO2130000000B111------------,102,0,105,101,105,3,814500,84285900,113,60.0,105,201800,104,9600,2328153048,2328153048,465628934,0,0,0,0,0
2025-03-19,SMLE,Sinergi Multi Lestarindo Tbk.,--UO2130000000B111------------,102,103,104,100,102,0,2835600,286314000,123,58.3,103,57400,102,5900,2328153048,2328153048,465628934,0,0,0,0,0
2025-03-18,SMLE,Sinergi Multi Lestarindo Tbk.,--UO2130000000B111------------,100,100,104,100,102,2,2197300,223776800,228,58.3,103,313000,102,100,2328153048,2328153048,465628934,0,133300,0,0,0
2025-03-17,SMLE,Sinergi Multi Lestarindo Tbk.,--UO2130000000B111------------,101,101,104,99,100,-1,2360900,240377300,185,57.1,101,25500,100,30000,2328153048,2328153048,465628934,0,56100,0,0,0
2025-03-14,SMLE,Sinergi Multi Lestarindo Tbk.,--UO2130000000B111------------,101,101,102,97,101,0,1561600,155832600,100,57.7,102,153600,101,1900,2328153048,2328153048,465628934,44400,44400,0,0,0
2025-03-13,SMLE,Sinergi Multi Lestarindo Tbk.,--UO2130000000B111------------,98,98,102,98,101,3,975900,97571200,170,57.7,101,60000,99,78500,2328153048,2328153048,465628934,0,0,0,0,0
2025-03-12,SMLE,Sinergi Multi Lestarindo Tbk.,--UO2130000000B111------------,100,100,102,98,98,-2,1078000,106911800,149,56.0,100,45000,98,334300,2328153048,2328153048,465628934,0,0,0,0,0
2025-03-11,SMLE,Sinergi Multi Lestarindo Tbk.,--UO2130000000B111------------,103,100,106,98,100,-3,3404900,345125100,395,57.1,101,28700,100,1800,2328153048,2328153048,465628934,0,0,0,0,0
2025-03-10,SMLE,Sinergi Multi Lestarindo Tbk.,--UO2130000000B111------------,106,106,107,102,103,-3,2592100,269130900,298,58.9,105,58100,103,95600,2328153048,2328153048,465628934,0,69000,0,0,0
2025-03-07,SMLE,Sinergi Multi Lestarindo Tbk.,--UO2130000000B111------------,103,102,106,99,106,3,1814300,188039500,186,60.6,107,69600,106,59100,2328153048,2328153048,465628934,0,0,0,0,0
2025-03-06,SMLE,Sinergi Multi Lestarindo Tbk.,--UO2130000000B111------------,100,100,106,94,103,3,6196200,628099700,1422,58.9,103,11800,102,26300,2328153048,2328153048,465628934,81800,51300,0,0,0
2025-03-05,SMLE,Sinergi Multi Lestarindo Tbk.,--UO2130000000B111------------,114,114,118,83,100,-14,112315800,9684837300,2672,57.1,100,70400,99,24200,2328153048,2328153048,465628934,40800,96991800,0,0,0
2025-03-04,SMLE,Sinergi Multi Lestarindo Tbk.,--UO2130000000B111------------,122,122,122,110,114,-8,5934500,680062900,917,65.1,114,30600,113,24800,2328153048,2328153048,465628934,215600,0,0,0,0
2025-03-03,SMLE,Sinergi Multi Lestarindo Tbk.,--UO2130000000B111------------,128,125,132,120,122,-6,13754100,1722150600,1395,69.7,123,159700,122,667900,2328153048,2328153048,465628934,886500,0,0,0,0
2025-02-28,SMLE,Sinergi Multi Lestarindo Tbk.,--UO2130000000B111------------,129,129,132,123,128,-1,6399000,816038800,640,73.1,128,156700,125,20300,2328153048,2328153048,465628934,124200,0,0,0,0
2025-02-27,SMLE,Sinergi Multi Lestarindo Tbk.,--UO2130000000B111------------,128,128,130,125,129,1,3405300,433071500,377,73.7,129,624500,128,158400,2328153048,2328153048,465628934,372300,0,0,0,0
2025-02-26,SMLE,Sinergi Multi Lestarindo Tbk.,--UO2130000000B111------------,123,123,128,122,128,5,1379600,172354300,250,73.1,128,303700,127,230000,2328153048,2328153048,465628934,18600,0,0,0,0
2025-02-25,SMLE,Sinergi Multi Lestarindo Tbk.,--UO2130000000B111------------,122,122,127,120,123,1,2114400,261637600,358,70.3,124,11700,123,316500,2328153048,2328153048,465628934,0,0,0,0,0
2025-02-24,SMLE,Sinergi Multi Lestarindo Tbk.,--UO2130000000B111------------,130,131,137,122,122,-8,8176700,1047514200,990,69.7,123,6000,122,320100,2328153048,2328153048,465628934,147500,0,0,0,0
2025-02-21,SMLE,Sinergi Multi Lestarindo Tbk.,--UO2130000000B111------------,125,125,131,123,130,5,5582200,710863900,675,74.3,131,84700,130,912800,2328153048,2328153048,465628934,117100,0,0,0,0
2025-02-20,SMLE,Sinergi Multi Lestarindo Tbk.,--UO2130000000B111------------,115,116,126,116,125,10,7198200,877158100,1888,71.4,125,2000,124,17100,2328153048,2328153048,465628934,0,0,0,0,0
2025-02-19,SMLE,Sinergi Multi Lestarindo Tbk.,--UO2130000000B111------------,117,118,118,115,115,-2,520600,60387800,99,65.7,116,17200,115,429200,2328153048,2328153048,465628934,0,0,0,0,0
2025-02-18,SMLE,Sinergi Multi Lestarindo Tbk.,--UO2130000000B111------------,118,118,119,115,117,-1,723500,84835100,124,66.9,117,81300,116,34200,2328153048,2328153048,465628934,40400,0,0,0,0
2025-02-17,SMLE,Sinergi Multi Lestarindo Tbk.,--UO2130000000B111------------,115,114,119,114,118,3,181900,21252600,87,67.4,118,102700,116,8900,2328153048,2328153048,465628934,27500,0,0,0,0
2025-02-14,SMLE,Sinergi Multi Lestarindo Tbk.,--UO2130000000B111------------,115,115,116,114,115,0,424800,48858100,55,65.7,116,96600,115,13100,2328153048,2328153048,465628934,0,0,0,0,0
2025-02-13,SMLE,Sinergi Multi Lestarindo Tbk.,--UO2130000000B111------------,115,117,117,114,115,0,612600,70972800,84,65.7,116,101400,115,4200,2328153048,2328153048,465628934,0,0,1885000,141375000,1
2025-02-12,SMLE,Sinergi Multi Lestarindo Tbk.,--UO2130000000B111------------,119,118,118,115,115,-4,589800,68278200,95,65.7,116,134100,115,196000,2328153048,2328153048,465628934,0,86200,0,0,0
2025-02-11,SMLE,Sinergi Multi Lestarindo Tbk.,--UO2130000000B111------------,118,118,119,114,119,1,1124000,130307500,122,68.0,119,497900,118,71300,2328153048,2328153048,465628934,3400,0,0,0,0
2025-02-10,SMLE,Sinergi Multi Lestarindo Tbk.,--UO2130000000B111------------,114,115,120,112,118,4,1555200,178633500,197,67.4,118,95300,117,335600,2328153048,2328153048,465628934,1800,3400,0,0,0
2025-02-07,SMLE,Sinergi Multi Lestarindo Tbk.,--UO2130000000B111------------,116,117,118,114,114,-2,948400,108938500,148,65.1,114,600,113,308300,2328153048,2328153048,465628934,10000,1800,0,0,0
2025-02-06,SMLE,Sinergi Multi Lestarindo Tbk.,--UO2130000000B111------------,119,121,121,116,116,-3,1678600,199295700,155,66.3,117,15700,116,105700,2328153048,2328153048,465628934,4900,5000,0,0,0
2025-02-05,SMLE,Sinergi Multi Lestarindo Tbk.,--UO2130000000B111------------,120,120,121,118,119,-1,1502400,179977400,159,68.0,121,813600,119,266000,2328153048,2328153048,465628934,6500,457100,0,0,0
2025-02-04,SMLE,Sinergi Multi Lestarindo Tbk.,--UO2130000000B111------------,114,114,120,114,120,6,3771500,441860300,320,68.6,120,20900,118,1000,2328153048,2328153048,465628934,94900,6500,0,0,0
2025-02-03,SMLE,Sinergi Multi Lestarindo Tbk.,--UO2130000000B111------------,118,120,126,113,114,-4,8393900,991702800,597,65.1,115,107000,114,71000,2328153048,2328153048,465628934,666500,83500,20637200,1589064400,2
2025-01-31,SMLE,Sinergi Multi Lestarindo Tbk.,--UO2130000000B111------------,118,118,121,115,118,0,3269500,381878400,283,67.4,118,56200,117,75200,2328153048,2328153048,465628934,1600,7500,0,0,0
2025-01-30,SMLE,Sinergi Multi Lestarindo Tbk.,--UO2130000000B111------------,117,129,129,118,118,1,1691600,208423400,273,67.4,120,86000,118,304200,2328153048,2328153048,465628934,8100,1600,0,0,0
2025-01-24,SMLE,Sinergi Multi Lestarindo Tbk.,--UO2130000000B111------------,119,121,121,116,117,-2,18555100,2173613300,310,66.9,118,33800,117,189600,2328153048,2328153048,465628934,7900,7838800,34397600,2683012800,2
2025-01-23,SMLE,Sinergi Multi Lestarindo Tbk.,--UO2130000000B111------------,120,121,121,118,119,-1,2101700,251270800,262,68.0,120,150000,119,391700,2328153048,2328153048,465628934,0,0,43079600,3360208800,2
2025-01-22,SMLE,Sinergi Multi Lestarindo Tbk.,--UO2130000000B111------------,120,121,128,117,120,0,68883600,8286806900,761,68.6,121,207900,120,53300,2328153048,2328153048,465628934,430300,32681400,0,0,0
2025-01-21,SMLE,Sinergi Multi Lestarindo Tbk.,--UO2130000000B111------------,131,134,138,116,120,-11,57709700,7502695500,3812,68.6,120,34000,119,125000,2328153048,2328153048,465628934,3235200,701600,0,0,0
2025-01-20,SMLE,Sinergi Multi Lestarindo Tbk.,--UO2130000000B111------------,113,113,136,112,131,18,26000800,3367570300,5565,74.9,132,302800,131,384300,2328153048,2328153048,465628934,894900,2612000,0,0,0
2025-01-17,SMLE,Sinergi Multi Lestarindo Tbk.,--UO2130000000B111------------,115,114,114,111,113,-2,2202600,246735400,149,64.6,114,199800,113,1700,2328153048,2328153048,465628934,0,197300,0,0,0
2025-01-16,SMLE,Sinergi Multi Lestarindo Tbk.,--UO2130000000B111------------,109,109,115,108,115,6,456100,51077600,167,65.7,115,83400,113,58800,2328153048,2328153048,465628934,13200,0,0,0,0
2025-01-15,SMLE,Sinergi Multi Lestarindo Tbk.,--UO2130000000B111------------,109,110,114,109,109,0,323900,35501900,109,62.3,111,4600,109,114700,2328153048,2328153048,465628934,0,0,0,0,0
2025-01-14,SMLE,Sinergi Multi Lestarindo Tbk.,--UO2130000000B111------------,112,112,112,109,109,-3,846300,93080000,96,62.3,110,100900,109,146000,2328153048,2328153048,465628934,0,0,0,0,0
2025-01-13,SMLE,Sinergi Multi Lestarindo Tbk.,--UO2130000000B111------------,114,115,117,111,112,-2,1077300,122210300,88,64.0,114,7000,112,188600,2328153000,2328153000,465628934,0,0,0,0,0
2025-01-10,SMLE,Sinergi Multi Lestarindo Tbk.,--UO2130000000B111------------,114,0,115,113,114,0,279700,31888200,70,65.1,115,500,114,20000,2328147379,2328147379,465628934,0,0,0,0,0
2025-01-09,SMLE,Sinergi Multi Lestarindo Tbk.,--UO2130000000B111------------,116,0,119,113,114,-2,831600,96199500,75,65.1,115,3000,114,4500,2328147379,2328147379,465628934,0,10000,0,0,0
2025-01-08,SMLE,Sinergi Multi Lestarindo Tbk.,--UO2130000000B111------------,115,0,117,115,116,1,179700,20799900,66,66.3,117,384700,116,8900,2328146269,2328146269,465628934,0,0,0,0,0
2025-01-07,SMLE,Sinergi Multi Lestarindo Tbk.,--UO2130000000B111------------,118,118,119,115,115,-3,997600,115531100,93,65.7,116,51300,115,10600,2328145919,2328145919,465628934,0,0,0,0,0
2025-01-06,SMLE,Sinergi Multi Lestarindo Tbk.,--UO2130000000B111------------,116,122,122,115,118,2,1668700,198916600,199,67.4,118,27300,117,18700,2328145919,2328145919,465628934,0,0,0,0,0
2025-01-03,SMLE,Sinergi Multi Lestarindo Tbk.,--UO2130000000B111------------,114,114,116,112,116,2,1560100,176664800,104,66.3,116,21900,115,10000,2328145819,2328145819,465628934,0,942200,0,0,0
2025-01-02,SMLE,Sinergi Multi Lestarindo Tbk.,--UO2130000000B111------------,115,0,119,112,114,-1,316500,36281000,176,65.1,114,2000,113,47600,2328145669,2328145669,465628934,100,0,0,0,0
2024-12-30,SMLE,Sinergi Multi Lestarindo Tbk.,--UO2130000000B111------------,109,110,120,107,115,6,2555900,294502300,455,65.7,115,76600,114,4300,2328145669,2328145669,405560622,100,0,0,0,0
2024-12-27,SMLE,Sinergi Multi Lestarindo Tbk.,--UO2130000000B111------------,112,112,112,109,109,-3,895700,98276600,119,62.3,110,310500,109,76000,2328145669,2328145669,405560622,100,0,0,0,0
2024-12-24,SMLE,Sinergi Multi Lestarindo Tbk.,--UO2130000000B111------------,114,114,114,110,112,-2,552000,61362100,115,64.0,112,215400,110,292000,2328145069,2328145069,405560622,100,0,0,0,0
2024-12-23,SMLE,Sinergi Multi Lestarindo Tbk.,--UO2130000000B111------------,115,115,115,111,114,-1,794600,89058400,150,65.1,114,246100,111,143800,2328144769,2328144769,405560622,200,0,0,0,0
2024-12-20,SMLE,Sinergi Multi Lestarindo Tbk.,--UO2130000000B111------------,118,116,119,112,115,-3,896300,103479300,137,65.7,115,103500,114,29700,2328144769,2328144769,405560622,106600,81500,0,0,0
2024-12-19,SMLE,Sinergi Multi Lestarindo Tbk.,--UO2130000000B111------------,118,118,138,110,118,0,12844200,1541236400,1439,67.4,118,469500,117,100000,2328144719,2328144719,405560622,960300,255400,0,0,0
2024-12-18,SMLE,Sinergi Multi Lestarindo Tbk.,--UO2130000000B111------------,120,0,120,116,118,-2,1031900,121389700,114,67.4,118,156500,117,102200,2328144669,2328144669,405560622,500,0,0,0,0
2024-12-17,SMLE,Sinergi Multi Lestarindo Tbk.,--UO2130000000B111------------,123,123,123,119,120,-3,733800,88068500,96,68.6,120,565200,119,277600,2328144569,2328144569,405560622,600,0,0,0,0
2024-12-16,SMLE,Sinergi Multi Lestarindo Tbk.,--UO2130000000B111------------,123,120,123,119,123,0,1349800,162869800,160,70.3,123,716200,122,112100,2328144569,2328144569,405560622,152200,0,0,0,0
2024-12-13,SMLE,Sinergi Multi Lestarindo Tbk.,--UO2130000000B111------------,123,0,124,119,123,0,980100,118059000,179,70.3,123,130400,122,100000,2328143467,2328143467,405560622,1100,0,0,0,0
2024-12-12,SMLE,Sinergi Multi Lestarindo Tbk.,--UO2130000000B111------------,123,123,124,121,123,0,937100,114816600,149,70.3,123,66900,122,90900,2328143464,2328143464,405560622,415400,0,0,0,0
2024-12-11,SMLE,Sinergi Multi Lestarindo Tbk.,--UO2130000000B111------------,122,123,125,122,123,1,679100,83429700,164,70.3,123,195400,122,32000,2328139864,2328139864,405560622,5900,0,0,0,0
2024-12-10,SMLE,Sinergi Multi Lestarindo Tbk.,--UO2130000000B111------------,125,125,125,121,122,-3,1204100,147317100,231,69.7,123,3700,122,89900,2328139864,2328139864,405560622,9200,13500,0,0,0
2024-12-09,SMLE,Sinergi Multi Lestarindo Tbk.,--UO2130000000B111------------,122,122,126,120,125,3,2152400,264306900,353,71.4,125,296900,124,150000,2328138664,2328138664,405560622,15500,174000,0,0,0
2024-12-06,SMLE,Sinergi Multi Lestarindo Tbk.,--U-2130000000B111------------,118,0,128,116,122,4,5162100,631568200,707,69.7,122,46300,121,213300,2328137014,2328137014,405560622,90800,714800,0,0,0
2024-12-05,SMLE,Sinergi Multi Lestarindo Tbk.,--U-2130000000B111------------,124,0,125,115,118,-6,6204400,737736700,715,67.4,118,221100,117,380500,2328136814,2328136814,405560622,7000,499000,0,0,0
2024-12-04,SMLE,Sinergi Multi Lestarindo Tbk.,--U-2130000000B111------------,139,0,137,123,124,-15,13618800,1739562200,1295,70.9,125,457200,123,270800,2328136814,2328136814,405560622,924400,745600,0,0,0
2024-12-03,SMLE,Sinergi Multi Lestarindo Tbk.,--U-2130000000B111------------,148,0,148,139,139,-9,6622400,941956300,957,79.4,139,198800,138,91400,2328136814,2328136814,405560622,382200,37000,0,0,0
2024-12-02,SMLE,Sinergi Multi Lestarindo Tbk.,--U-2130000000B111------------,147,0,148,140,148,1,6213300,893403700,705,84.6,148,188600,147,231500,2328136813,2328136813,405560622,294200,1200,0,0,0
2024-11-29,SMLE,Sinergi Multi Lestarindo Tbk.,--U-2130000000B111------------,148,0,150,142,147,-1,5663300,818936700,492,84.0,147,1119200,146,300100,2328136763,2328136763,405560622,231100,14300,0,0,0
2024-11-28,SMLE,Sinergi Multi Lestarindo Tbk.,--U-2130000000B111------------,151,0,202,143,148,-3,21420300,3164090400,1669,84.6,148,244800,147,344800,2328136613,2328136613,405560622,448700,1679600,0,0,0
2024-11-26,SMLE,Sinergi Multi Lestarindo Tbk.,--U-2130000000B111------------,150,0,154,145,151,1,13881200,2072196900,2328,86.3,151,722000,150,133200,2328136613,2328136613,405560622,183600,217200,0,0,0
2024-11-25,SMLE,Sinergi Multi Lestarindo Tbk.,--U-2130000000B111------------,147,0,155,143,150,3,32169600,4778839800,5107,85.7,150,533700,149,779600,2328136499,2328136499,405560622,244400,466600,0,0,0
2024-11-22,SMLE,Sinergi Multi Lestarindo Tbk.,--U-2130000000B111------------,140,0,149,138,147,7,19459400,2799741600,3433,84.0,147,356400,146,207000,2328136499,2328136499,405560622,15100,70600,0,0,0
2024-11-21,SMLE,Sinergi Multi Lestarindo Tbk.,--U-2130000000B111------------,144,0,150,135,140,-4,29685200,4220739200,3653,80.0,140,396300,139,800700,2328136449,2328136449,405560622,2911700,119100,0,0,0
2024-11-20,SMLE,Sinergi Multi Lestarindo Tbk.,--U-2130000000B111------------,135,0,148,132,144,9,36743200,5216988200,5643,82.3,144,86000,143,360100,2328136349,2328136349,405560622,4000,1149100,0,0,0
2024-11-19,SMLE,Sinergi Multi Lestarindo Tbk.,--U-2130000000B111------------,134,0,135,128,135,1,3269200,431523800,424,77.1,135,575400,134,302000,2328136349,2328136349,405560622,11900,741600,0,0,0
2024-11-18,SMLE,Sinergi Multi Lestarindo Tbk.,--U-2130000000B111------------,141,0,145,131,134,-7,11166500,1523813900,2838,76.6,134,203700,133,49900,2328136349,2328136349,405560622,327700,86200,0,0,0
2024-11-15,SMLE,Sinergi Multi Lestarindo Tbk.,--U-2130000000B111------------,135,0,145,132,141,6,32266500,4545910400,8670,80.6,141,572000,140,514200,2328136229,2328136229,405560622,2108800,805000,0,0,0
2024-11-14,SMLE,Sinergi Multi Lestarindo Tbk.,--U-2130000000B111------------,141,0,145,130,135,-6,29809700,4112598300,6388,77.1,135,114600,134,360000,2328136129,2328136129,405560622,2582300,663200,0,0,0
2024-11-13,SMLE,Sinergi Multi Lestarindo Tbk.,--U-2130000000B111------------,127,0,142,122,141,14,65039100,8750762100,6023,80.6,142,743100,141,5556900,2328136129,2328136129,405560622,1556300,13215400,0,0,0
2024-11-12,SMLE,Sinergi Multi Lestarindo Tbk.,--U-2130000000B111------------,123,0,127,114,127,4,8828500,1057614600,949,72.6,127,799900,126,1683600,2328135979,2328135979,405560622,938500,1335300,0,0,0
2024-11-11,SMLE,Sinergi Multi Lestarindo Tbk.,--U-2130000000B111------------,128,0,129,114,123,-5,5614900,670919900,570,70.3,123,162800,122,283900,2328135979,2328135979,405560622,156500,201800,0,0,0
2024-11-08,SMLE,Sinergi Multi Lestarindo Tbk.,--U-2130000000B111------------,122,0,129,113,128,6,12062500,1463843600,847,73.1,128,644700,126,388800,2328135979,2328135979,405560622,529500,2543800,0,0,0
2024-11-07,SMLE,Sinergi Multi Lestarindo Tbk.,--U-2130000000B111------------,127,0,129,122,122,-5,4100400,510048400,402,69.7,122,650700,121,668400,2328135979,2328135979,405560622,0,68700,0,0,0
2024-11-06,SMLE,Sinergi Multi Lestarindo Tbk.,--U-2130000000B111------------,131,0,131,126,127,-4,3015700,385445100,371,72.6,130,815500,127,65400,2328135979,2328135979,405560622,97100,100,0,0,0
2024-11-05,SMLE,Sinergi Multi Lestarindo Tbk.,--U-2130000000B111------------,137,0,137,128,131,-6,8178100,1072030200,620,74.9,131,347000,130,269800,2328135979,2328135979,405560622,376300,149100,0,0,0
2024-11-04,SMLE,Sinergi Multi Lestarindo Tbk.,--U-2130000000B111------------,136,0,140,131,137,1,10235600,1387010100,2083,78.3,137,179900,136,100000,2328135979,2328135979,405560622,852200,13700,0,0,0
2024-11-01,SMLE,Sinergi Multi Lestarindo Tbk.,--U-2130000000B111------------,130,0,136,126,136,6,44691000,5760718600,5366,77.7,136,56700,135,6782200,2328135979,2328135979,405560622,583400,32530500,0,0,0
2024-10-31,SMLE,Sinergi Multi Lestarindo Tbk.,--U-2130000000B111------------,133,0,134,125,130,-3,6617600,854741100,554,74.3,131,165000,130,165000,2328135979,2328135979,405560622,1874700,343200,0,0,0
2024-10-30,SMLE,Sinergi Multi Lestarindo Tbk.,--U-2130000000B111------------,128,0,133,122,133,5,6721100,855241100,789,76.0,133,298700,131,193800,2328135910,2328135910,405560622,260100,755600,0,0,0
2024-10-29,SMLE,Sinergi Multi Lestarindo Tbk.,--U-2130000000B111------------,131,0,133,127,128,-3,2629600,338354600,375,73.1,129,77300,128,11300,2328135910,2328135910,405560622,527700,22500,0,0,0
2024-10-28,SMLE,Sinergi Multi Lestarindo Tbk.,--U-2130000000B111------------,138,0,144,122,131,-7,25196900,3386798600,9449,74.9,131,626400,130,537300,2328135910,2328135910,405560622,1251300,1945000,0,0,0
2024-10-25,SMLE,Sinergi Multi Lestarindo Tbk.,--U-2130000000B111------------,134,0,140,135,138,4,14372400,1972325000,3733,78.9,138,378000,137,43400,2328135910,2328135910,405560622,292600,2155700,0,0,0
2024-10-24,SMLE,Sinergi Multi Lestarindo Tbk.,--U-2130000000B111------------,128,0,135,128,134,6,11925700,1575469300,759,76.6,135,293400,134,293400,2328135910,2328135910,405560622,17200,612400,0,0,0
2024-10-23,SMLE,Sinergi Multi Lestarindo Tbk.,--U-2130000000B111------------,124,0,131,118,128,4,9127100,1166650100,840,73.1,129,843200,128,334700,2328135810,2328135810,405560622,86900,171700,0,0,0
2024-10-22,SMLE,Sinergi Multi Lestarindo Tbk.,--U-2130000000B111------------,125,0,140,121,124,-1,59308600,7744418900,17159,70.9,125,570700,124,804700,2328135810,2328135810,405560622,8924600,1100300,0,0,0
2024-10-21,SMLE,Sinergi Multi Lestarindo Tbk.,--U-2130000000B111------------,118,0,125,112,125,7,11785100,1421884300,964,71.4,125,100,124,5000800,2328135760,2328135760,405560622,2301400,866200,0,0,0
2024-10-18,SMLE,Sinergi Multi Lestarindo Tbk.,--U-2130000000B111------------,119,0,124,115,118,-1,15583500,1854177500,6474,67.4,119,133000,118,186300,2328135760,2328135760,405560622,3081300,4074600,0,0,0
2024-10-17,SMLE,Sinergi Multi Lestarindo Tbk.,--U-2130000000B111------------,115,0,119,114,119,4,8473100,981164200,571,68.0,120,285800,119,50000,2328135760,2328135760,405560622,271300,2038900,0,0,0
2024-10-16,SMLE,Sinergi Multi Lestarindo Tbk.,--U-2130000000B111------------,121,0,122,101,115,-6,39251500,4436231900,2242,65.7,115,389200,114,93900,2328135560,2328135560,405560622,1329300,8589600,0,0,0
2024-10-15,SMLE,Sinergi Multi Lestarindo Tbk.,--U-2130000000B111------------,113,0,127,113,121,8,21780500,2629248100,3486,69.1,122,315700,121,273100,2328135261,2328135261,405560622,1014300,2416700,0,0,0
2024-10-14,SMLE,Sinergi Multi Lestarindo Tbk.,--U-2130000000B111------------,111,0,115,107,113,2,7051200,795538100,388,64.6,114,366900,113,311600,2328135261,2328135261,405560622,36200,1151800,0,0,0
2024-10-11,SMLE,Sinergi Multi Lestarindo Tbk.,--U-2130000000B111------------,113,0,117,111,111,-2,7749500,877401000,507,63.4,112,2385000,111,745700,2328135261,2328135261,405560622,14000,1894500,0,0,0
2024-10-10,SMLE,Sinergi Multi Lestarindo Tbk.,--U-2130000000B111------------,110,0,115,110,113,3,12035800,1356804000,614,64.6,113,260800,112,2200,2328135211,2328135211,405560622,10700,5427300,0,0,0
2024-10-09,SMLE,Sinergi Multi Lestarindo Tbk.,--U-2130000000B111------------,110,0,115,108,110,0,15500800,1723870300,4201,62.9,111,2043600,110,808400,2328135161,2328135161,405560622,737000,646600,0,0,0
2024-10-08,SMLE,Sinergi Multi Lestarindo Tbk.,--U-2130000000B111------------,103,0,111,104,110,7,23378900,2517527300,1424,62.9,111,277500,110,3564000,2328135161,2328135161,405560622,9500,2039400,0,0,0
2024-10-07,SMLE,Sinergi Multi Lestarindo Tbk.,--U-2130000000B111------------,98,0,103,94,103,5,13305800,1338606900,944,58.9,104,302000,103,233700,2328132561,2328132561,405560622,418500,2084500,0,0,0
2024-10-04,SMLE,Sinergi Multi Lestarindo Tbk.,--U-2130000000B111------------,101,0,118,97,98,-3,94732200,10106497800,21985,56.0,99,280100,98,174000,2328132561,2328132561,405560622,2935000,1039100,0,0,0
2024-10-03,SMLE,Sinergi Multi Lestarindo Tbk.,--U-2130000000B111------------,95,0,101,94,101,6,34719500,3343031100,2914,57.7,102,155300,101,3334700,2328132511,2328132511,405560622,22200,4008100,0,0,0
2024-10-02,SMLE,Sinergi Multi Lestarindo Tbk.,--U-2130000000B111------------,93,0,95,92,95,2,8262700,773801200,477,54.3,96,2278800,95,306700,2328132411,2328132411,405560622,306000,447100,0,0,0
2024-10-01,SMLE,Sinergi Multi Lestarindo Tbk.,--U-2130000000B111------------,91,0,95,90,93,2,7961100,739344600,624,53.1,94,11200,93,307000,2328132361,2328132361,405560622,121300,2229000,0,0,0
2024-09-30,SMLE,Sinergi Multi Lestarindo Tbk.,--U-2130000000B111------------,85,0,92,85,91,6,8811900,788701800,694,52.0,92,1410800,91,54400,2328132311,2328132311,404162500,17800,2921200,0,0,0
2024-09-27,SMLE,Sinergi Multi Lestarindo Tbk.,--U-2130000000B111------------,86,0,87,78,85,-1,6818300,575974300,292,48.6,86,1075400,85,200100,2328132311,2328132311,404162500,19400,1807900,0,0,0
2024-09-26,SMLE,Sinergi Multi Lestarindo Tbk.,--U-2130000000B111------------,86,0,88,86,86,0,3520200,304997300,248,49.1,86,1100,85,526900,2328132260,2328132260,404162500,24000,17800,0,0,0
2024-09-25,SMLE,Sinergi Multi Lestarindo Tbk.,--U-2130000000B111------------,86,0,89,85,86,0,6271900,546393600,534,49.1,87,274100,86,55600,2328132260,2328132260,404162500,1122500,25600,0,0,0
2024-09-24,SMLE,Sinergi Multi Lestarindo Tbk.,--U-2130000000B111------------,92,0,103,85,86,-6,47213600,4409563600,16731,49.1,88,48500,86,439300,2328132210,2328132210,404162500,5656000,1504500,0,0,0
2024-09-23,SMLE,Sinergi Multi Lestarindo Tbk.,--U-2130000000B111------------,89,0,93,89,92,3,5388100,493736200,477,52.6,92,76800,91,1030300,2328132160,2328132160,404162500,19100,706400,0,0,0
2024-09-20,SMLE,Sinergi Multi Lestarindo Tbk.,--U-2130000000B111------------,89,0,94,87,89,0,16997300,1535435800,8398,50.9,90,2417000,89,769100,2328132160,2328132160,404162500,1114600,2795000,0,0,0
2024-09-19,SMLE,Sinergi Multi Lestarindo Tbk.,--U-2130000000B111------------,88,0,92,89,89,1,5949400,535296700,690,50.9,90,1118400,89,297200,2328132086,2328132086,404162500,357200,10000,0,0,0
2024-09-18,SMLE,Sinergi Multi Lestarindo Tbk.,--U-2130000000B111------------,89,0,94,88,88,-1,11695600,1056714300,1026,50.3,89,10000,88,664600,2328132036,2328132036,404162500,884200,1159000,0,0,0
2024-09-17,SMLE,Sinergi Multi Lestarindo Tbk.,--U-2130000000B111------------,81,0,95,78,89,8,55373400,4962023700,3966,50.9,90,312100,89,454000,2328131486,2328131486,404162500,3446500,7343700,0,0,0
2024-09-13,SMLE,Sinergi Multi Lestarindo Tbk.,--U-2130000000B111------------,96,0,99,81,81,-15,68635900,6123125400,5712,46.3,82,5600,81,664400,2328131486,2328131486,404162500,5736100,2990800,0,0,0
2024-09-12,SMLE,Sinergi Multi Lestarindo Tbk.,--U-2130000000B111------------,73,0,98,73,96,23,131424600,11610323500,10685,54.9,96,3303100,95,576200,2328131386,2328131386,404162500,5073000,8286500,0,0,0
2024-09-11,SMLE,Sinergi Multi Lestarindo Tbk.,--U-2130000000B111------------,69,0,74,69,73,4,23349000,1676116100,2112,41.7,74,3473500,73,931800,2328131336,2328131336,404162500,0,0,0,0,0
2024-09-10,SMLE,Sinergi Multi Lestarindo Tbk.,--U-2130000000B111------------,67,0,71,67,69,2,10490600,723632200,790,39.4,70,519800,69,582500,2328131336,2328131336,404162500,0,0,0,0,0
2024-09-09,SMLE,Sinergi Multi Lestarindo Tbk.,--U-2130000000B111------------,65,0,68,63,67,2,4414700,290727400,287,38.3,68,7542700,67,339100,2328131336,2328131336,404162500,0,0,0,0,0
2024-09-06,SMLE,Sinergi Multi Lestarindo Tbk.,--U-2130000000B111------------,66,0,68,64,65,-1,6954600,454262200,487,37.1,66,15554200,65,173100,2328131236,2328131236,404162500,16200,630000,0,0,0
2024-09-05,SMLE,Sinergi Multi Lestarindo Tbk.,--U-2130000000B111------------,71,0,75,66,66,-5,48413100,3436721400,16560,37.7,67,343000,66,1131900,2328131133,2328131133,404162500,0,16200,0,0,0
2024-09-04,SMLE,Sinergi Multi Lestarindo Tbk.,--U-2130000000B111------------,65,0,74,64,71,6,45803500,3217598200,15504,40.6,72,1285800,70,2304300,2328131133,2328131133,404162500,0,0,0,0,0
2024-09-03,SMLE,Sinergi Multi Lestarindo Tbk.,--U-2130000000B111------------,63,0,65,62,65,2,2294000,145410500,200,37.1,65,983800,64,478500,2328129583,2328129583,404162500,0,0,0,0,0
2024-09-02,SMLE,Sinergi Multi Lestarindo Tbk.,--U-2130000000B111------------,62,0,64,62,63,1,1645500,102430100,137,36.0,63,693300,62,220500,2328129433,2328129433,404162500,0,0,0,0,0
2024-08-30,SMLE,Sinergi Multi Lestarindo Tbk.,--U-2130000000B111------------,63,0,64,62,62,-1,2356200,146428400,102,35.4,63,566300,62,1132700,2328129280,2328129280,404162500,0,1100,0,0,0
2024-08-29,SMLE,Sinergi Multi Lestarindo Tbk.,--U-2130000000B111------------,65,0,65,62,63,-2,4336200,274068400,205,36.0,63,251300,62,1316500,2328129280,465629280,404162500,0,0,0,0,0
2024-08-28,SMLE,Sinergi Multi Lestarindo Tbk.,--U-2130000000B111------------,65,0,65,63,65,0,2937800,188137500,192,37.1,65,1170300,64,379200,2328129230,465629230,404162500,0,0,0,0,0
2024-08-27,SMLE,Sinergi Multi Lestarindo Tbk.,--U-2130000000B111------------,65,0,65,64,65,0,3165800,203630200,190,37.1,65,1543000,64,1555100,2328129080,465629080,404162500,0,0,0,0,0
2024-08-26,SMLE,Sinergi Multi Lestarindo Tbk.,--U-2130000000B111------------,65,0,67,64,65,0,8535500,556766100,3560,37.1,65,2700,64,3565500,2328128930,465628930,404162500,0,0,0,0,0
2024-08-23,SMLE,Sinergi Multi Lestarindo Tbk.,--U-2130000000B111------------,64,0,67,62,65,1,25822100,1687582600,20093,37.1,66,830200,65,423400,2328128930,465628930,404162500,0,0,0,0,0
2024-08-22,SMLE,Sinergi Multi Lestarindo Tbk.,--U-2130000000B111------------,61,0,68,61,64,3,24399100,1572483900,2515,36.6,64,1117600,63,1412100,2328128930,465628930,404162500,55000,0,0,0,0
2024-08-21,SMLE,Sinergi Multi Lestarindo Tbk.,--U-2130000000B111------------,61,0,62,60,61,0,5163300,311232200,288,34.9,62,358300,61,926600,2328128930,465628930,404162500,16100,0,0,0,0
2024-08-20,SMLE,Sinergi Multi Lestarindo Tbk.,--U-2130000000B111------------,61,0,62,60,61,0,5746200,349209400,415,34.9,61,747100,60,2483400,2328128480,465628480,404162500,51000,0,0,0,0
2024-08-19,SMLE,Sinergi Multi Lestarindo Tbk.,--U-2130000000B111------------,63,0,65,60,61,-2,13641900,839810300,1170,34.9,61,231400,60,2377900,2328128480,465628480,404162500,0,67100,0,0,0
2024-08-16,SMLE,Sinergi Multi Lestarindo Tbk.,--U-2130000000B111------------,57,0,70,56,63,6,84065400,5372025900,32290,36.0,63,1741800,62,2500400,2328128480,465628480,404162500,230000,50000,0,0,0
2024-08-15,SMLE,Sinergi Multi Lestarindo Tbk.,--U-2130000000B111------------,54,0,56,54,55,1,1223000,67494200,96,31.4,56,8886000,55,907800,2328128460,465628460,404162500,0,0,0,0,0
2024-08-14,SMLE,Sinergi Multi Lestarindo Tbk.,--U-2130000000B111------------,54,0,56,54,55,1,1223000,67494200,96,31.4,56,8886000,55,907800,2328128460,465628460,404162500,0,0,0,0,0
2024-08-13,SMLE,Sinergi Multi Lestarindo Tbk.,--U-2130000000B111------------,54,0,55,54,54,0,1005700,54875100,100,30.9,55,1671400,54,586800,2328128460,465628460,404162500,0,0,0,0,0
2024-08-12,SMLE,Sinergi Multi Lestarindo Tbk.,--U-2130000000B111------------,53,0,57,53,54,1,3572100,192807300,250,30.9,54,2638800,53,1452800,2328128460,465628460,404162500,0,0,0,0,0
2024-08-09,SMLE,Sinergi Multi Lestarindo Tbk.,--U-2130000000B111------------,53,0,55,53,53,0,1764800,95058200,147,30.3,54,22800,53,901700,2328128460,465628460,404162500,0,0,0,0,0
2024-08-08,SMLE,Sinergi Multi Lestarindo Tbk.,--U-2130000000B111------------,53,0,54,52,53,0,2370000,125163100,153,30.3,54,3131600,53,1856900,2328128460,465628460,404162500,0,0,0,0,0
2024-08-07,SMLE,Sinergi Multi Lestarindo Tbk.,--U-2130000000B111------------,53,0,54,52,53,0,2134500,113395400,117,30.3,54,1493000,53,1489000,2328128410,465628410,404162500,0,0,0,0,0
2024-08-06,SMLE,Sinergi Multi Lestarindo Tbk.,--U-2130000000B111------------,51,0,54,51,53,2,2397200,126919400,271,30.3,54,1417300,53,456300,2328127559,465627559,404162500,0,0,0,0,0
2024-08-05,SMLE,Sinergi Multi Lestarindo Tbk.,--U-2130000000B111------------,55,0,56,51,51,-4,13853900,733340100,448,29.1,52,500,51,1747700,2328127559,465627559,404162500,0,0,0,0,0
2024-08-02,SMLE,Sinergi Multi Lestarindo Tbk.,--U-2130000000B111------------,59,0,60,54,55,-4,11977700,674116400,2434,31.4,56,9200,55,1052100,2328127559,465627559,404162500,0,0,0,0,0
2024-08-01,SMLE,Sinergi Multi Lestarindo Tbk.,--U-2130000000B111------------,60,0,61,57,59,-1,3533500,207474200,753,33.7,59,347100,58,1346300,2328127559,465627559,404162500,0,0,0,0,0
2024-07-31,SMLE,Sinergi Multi Lestarindo Tbk.,--U-2130000000B111------------,61,0,62,58,60,-1,3851400,231503300,203,34.3,60,2553600,58,1211200,2328127509,465627509,404162500,0,0,0,0,0
2024-07-30,SMLE,Sinergi Multi Lestarindo Tbk.,--U-2130000000B111------------,61,0,62,58,60,-1,3851400,231503300,203,34.3,60,2553600,58,1211200,2328127509,465627509,404162500,0,0,0,0,0
2024-07-27,SMLE,Sinergi Multi Lestarindo Tbk.,--U-2130000000B111------------,59,0,62,57,60,1,3162700,189299000,284,34.3,60,260500,59,609700,2328127359,465627359,404162500,1500,1400,0,0,0
2024-07-26,SMLE,Sinergi Multi Lestarindo Tbk.,--U-2130000000B111------------,59,0,62,57,60,1,3162700,189299000,284,34.3,60,260500,59,609700,2328127359,465627359,404162500,1500,1400,0,0,0
2024-07-25,SMLE,Sinergi Multi Lestarindo Tbk.,--U-2130000000B111------------,59,0,59,56,59,0,4756900,273500400,252,33.7,59,384000,58,240400,2328127309,465627309,404162500,0,2200,0,0,0
2024-07-24,SMLE,Sinergi Multi Lestarindo Tbk.,--U-2130000000B111------------,60,0,62,57,59,-1,3034300,178475000,276,33.7,59,245100,58,345000,2328126550,465626550,404162500,100,1500,0,0,0
2024-07-23,SMLE,Sinergi Multi Lestarindo Tbk.,--U-2130000000B111------------,63,0,64,58,60,-3,6339800,383567400,338,34.3,60,9700,59,338300,2328126550,465626550,404162500,0,800,0,0,0
2024-07-22,SMLE,Sinergi Multi Lestarindo Tbk.,--U-2130000000B111------------,61,0,65,61,63,2,2423500,150925300,356,36.0,63,311100,62,28700,2328126550,465626550,404162500,100,0,0,0,0
2024-07-19,SMLE,Sinergi Multi Lestarindo Tbk.,--U-2130000000B111------------,57,0,67,54,61,4,19889800,1198955300,1469,34.9,62,1300,61,237700,2328126550,465626550,404162500,5900,8000,0,0,0
2024-07-18,SMLE,Sinergi Multi Lestarindo Tbk.,--U-2130000000B111------------,62,0,62,54,57,-5,12428200,719740700,802,32.6,58,77200,57,23700,2328126450,465626450,404162500,0,128000,1000,62000,1
2024-07-17,SMLE,Sinergi Multi Lestarindo Tbk.,--U-2130000000B111------------,62,0,64,59,62,0,2371200,145523500,314,35.4,62,200,61,595600,2328126200,465626200,404162500,0,0,0,0,0
2024-07-16,SMLE,Sinergi Multi Lestarindo Tbk.,--U-2130000000B111------------,62,0,64,57,62,0,5655400,345240600,387,35.4,62,553500,61,420000,2328125000,465625000,404162500,0,0,0,0,0
2024-07-12,SMLE,Sinergi Multi Lestarindo Tbk.,--U-2130000000B111------------,66,0,68,62,65,-1,9654400,619678200,699,37.1,65,136900,64,408200,2328125000,465625000,404162500,0,0,0,0,0
2024-07-11,SMLE,Sinergi Multi Lestarindo Tbk.,--U-2130000000B111------------,68,0,68,60,66,-2,8401700,543559800,782,37.7,66,14800,65,488600,2328125000,465625000,404162500,0,0,0,0,0
2024-07-10,SMLE,Sinergi Multi Lestarindo Tbk.,--U-2130000000B111------------,68,0,70,66,68,0,7703300,519964800,594,38.9,69,583700,68,2500,2328125000,465625000,404162500,3900,0,0,0,0
2024-07-09,SMLE,Sinergi Multi Lestarindo Tbk.,--U-2130000000B111------------,65,0,68,65,68,3,9996500,666510500,768,38.9,68,1543600,67,100000,2328125000,465625000,404162500,0,100,0,0,0
2024-07-08,SMLE,Sinergi Multi Lestarindo Tbk.,--U-2130000000B111------------,63,0,72,61,65,2,26573700,1775698100,2508,37.1,66,501200,65,81600,2328125000,465625000,404162500,0,600,0,0,0
2024-07-05,SMLE,Sinergi Multi Lestarindo Tbk.,--U-2130000000B111------------,76,0,78,61,63,-13,53625500,3698231000,3800,36.0,63,314400,62,70600,2328125000,465625000,404162500,50000,100000,0,0,0
2024-07-04,SMLE,Sinergi Multi Lestarindo Tbk.,--U-2130000000B111------------,57,0,62,55,58,1,11348200,659870400,651,33.1,58,8500,57,11100,2328125000,465625000,404162500,454200,215000,0,0,0
2024-07-03,SMLE,Sinergi Multi Lestarindo Tbk.,--U-2130000000B111------------,57,0,62,55,58,1,11348200,659870400,651,33.1,58,8500,57,11100,2328125000,465625000,404162500,454200,215000,0,0,0
2024-07-02,SMLE,Sinergi Multi Lestarindo Tbk.,--U-2130000000B111------------,56,0,58,55,57,1,5101900,287125200,305,32.6,57,397800,56,418600,2328125000,465625000,404162500,72600,0,0,0,0
2024-07-01,SMLE,Sinergi Multi Lestarindo Tbk.,--U-2130000000B111------------,53,0,57,52,56,3,5475900,300870500,450,32.0,56,860900,55,11000,2328125000,465625000,404162500,158500,0,0,0,0
2024-06-28,SMLE,Sinergi Multi Lestarindo Tbk.,--U-2130000000B111------------,59,0,59,54,54,-5,12400200,687350000,735,30.9,55,591800,54,236800,2328125000,465625000,404860938,0,381600,0,0,0
2024-06-27,SMLE,Sinergi Multi Lestarindo Tbk.,--U-2130000000B111------------,61,0,62,57,59,-2,8486500,493493500,598,33.7,59,634600,58,1163400,2328125000,465625000,404860938,100,73600,0,0,0
2024-06-26,SMLE,Sinergi Multi Lestarindo Tbk.,--U-2130000000B111------------,63,0,64,59,61,-2,11559300,698917600,1303,34.9,62,286500,61,93900,2328125000,465625000,404860938,343000,19900,0,0,0
2024-06-25,SMLE,Sinergi Multi Lestarindo Tbk.,--U-2130000000B111------------,63,0,64,59,61,-2,11559300,698917600,1303,34.9,62,286500,61,93900,2328125000,465625000,404860938,343000,19900,0,0,0
2024-06-24,SMLE,Sinergi Multi Lestarindo Tbk.,--U-2130000000B111------------,53,0,68,53,63,10,61581000,3823727200,6847,36.0,64,147300,63,684700,2328125000,465625000,404860938,4505700,229600,0,0,0
2024-06-21,SMLE,Sinergi Multi Lestarindo Tbk.,--U-2130000000B111------------,53,0,54,52,53,0,1001600,53419600,129,30.3,54,515500,53,1066600,2328125000,465625000,404860938,100300,39900,0,0,0
2024-06-20,SMLE,Sinergi Multi Lestarindo Tbk.,--U-2130000000B111------------,53,0,53,52,53,0,1573300,83010200,89,30.3,53,176500,52,1035500,2328125000,465625000,404860938,68900,0,0,0,0
2024-06-19,SMLE,Sinergi Multi Lestarindo Tbk.,--U-2130000000B111------------,53,0,53,52,53,0,2185100,114059800,149,30.3,53,504500,52,2625300,2328125000,465625000,404860938,305300,5700,0,0,0
2024-06-14,SMLE,Sinergi Multi Lestarindo Tbk.,--U-2130000000B111------------,53,0,54,52,53,0,1654800,88482800,1757,30.3,53,7200,52,1096600,2328125000,465625000,404860938,249600,0,0,0,0
2024-06-13,SMLE,Sinergi Multi Lestarindo Tbk.,--U-2130000000B111------------,52,0,53,51,53,1,2119800,110704500,149,30.3,53,523700,52,485900,2328125000,465625000,404860938,348400,0,0,0,0
2024-06-12,SMLE,Sinergi Multi Lestarindo Tbk.,--U-2130000000B111------------,52,0,53,50,52,0,1635400,84770600,236,29.7,52,289800,51,5494100,2328125000,465625000,404860938,308600,0,0,0,0
2024-06-11,SMLE,Sinergi Multi Lestarindo Tbk.,--U-2130000000B111------------,51,0,52,50,52,1,4132500,209262300,391,29.7,52,77200,51,5839300,2328125000,465625000,404860938,859900,0,0,0,0
2024-06-10,SMLE,Sinergi Multi Lestarindo Tbk.,--U-2130000000B111------------,50,0,51,50,51,1,3075700,153945900,149,29.1,51,1787800,50,1635600,2328125000,465625000,404860938,447500,0,0,0,0
2024-06-07,SMLE,Sinergi Multi Lestarindo Tbk.,--U-2130000000B111------------,50,0,51,50,50,0,3149700,157652400,113,28.6,51,1366200,50,3100000,2328125000,465625000,404860938,448700,0,0,0,0
2024-06-06,SMLE,Sinergi Multi Lestarindo Tbk.,--U-2130000000B111------------,51,0,51,50,50,-1,6328100,316679100,171,28.6,51,2962800,50,5926700,2328125000,465625000,404860938,4074900,0,0,0,0
2024-06-05,SMLE,Sinergi Multi Lestarindo Tbk.,--U-2130000000B111------------,51,0,51,50,51,0,3568100,178628600,179,29.1,51,2173700,50,8855900,2328125000,465625000,404860938,689600,0,0,0,0
2024-06-04,SMLE,Sinergi Multi Lestarindo Tbk.,--U-2130000000B111------------,50,0,51,50,51,1,4687400,234691200,301,29.1,51,2532900,50,1085100,2328125000,465625000,404860938,776500,32500,0,0,0
2024-06-03,SMLE,Sinergi Multi Lestarindo Tbk.,--U-2130000000B111------------,50,0,51,50,50,0,18623900,937994200,677,28.6,51,3699600,50,106900,2328125000,465625000,404860938,4065200,0,0,0,0
2024-05-31,SMLE,Sinergi Multi Lestarindo Tbk.,--U-2130000000B111------------,60,0,61,50,50,-10,72412100,3719756100,3478,28.6,51,1572400,50,288800,2328125000,465625000,404860938,10268000,250800,0,0,0
2024-05-30,SMLE,Sinergi Multi Lestarindo Tbk.,--U-2130000000B111------------,67,0,68,58,60,-7,23761600,1479013300,11162,34.3,60,213100,59,536400,2328125000,465625000,404860938,4043500,137300,0,0,0
2024-05-29,SMLE,Sinergi Multi Lestarindo Tbk.,--U-2130000000B111------------,72,0,72,67,67,-5,8258100,571819100,1157,38.3,69,177400,67,189600,2328125000,465625000,404860938,2657300,17300,0,0,0
2024-05-28,SMLE,Sinergi Multi Lestarindo Tbk.,--U-2130000000B111------------,72,0,76,70,72,0,12908000,938042800,7592,41.1,72,53600,71,539200,2328125000,465625000,404860938,2887300,358200,0,0,0
2024-05-27,SMLE,Sinergi Multi Lestarindo Tbk.,--U-2130000000B111------------,73,0,73,65,72,-1,6120600,434159300,627,41.1,72,1318100,71,226900,2328125000,465625000,404860938,968000,1033500,0,0,0
2024-05-22,SMLE,Sinergi Multi Lestarindo Tbk.,--U-2130000000B111------------,74,0,74,70,73,-1,6859300,492304600,868,41.7,73,512500,72,103200,2328125000,465625000,404860938,2335000,318600,0,0,0
2024-05-21,SMLE,Sinergi Multi Lestarindo Tbk.,--U-2130000000B111------------,72,0,76,69,74,2,18202200,1319316500,1854,42.3,74,193400,73,278300,2328125000,465625000,404860938,5426300,2590800,0,0,0
2024-05-20,SMLE,Sinergi Multi Lestarindo Tbk.,--U-2130000000B111------------,72,0,75,70,72,0,11137600,800037000,1026,41.1,72,90300,71,500300,2328125000,465625000,404860938,976900,634800,0,0,0
2024-05-17,SMLE,Sinergi Multi Lestarindo Tbk.,--U-2130000000B111------------,79,0,79,71,72,-7,27335500,2031562500,2095,41.1,73,183000,72,25000,2328125000,465625000,404860938,5056700,1189900,0,0,0
2024-05-16,SMLE,Sinergi Multi Lestarindo Tbk.,--U-2130000000B111------------,78,0,93,74,79,1,112773800,9400748800,8498,45.1,79,411000,78,212100,2328125000,465625000,404860938,19777600,8091100,0,0,0
2024-05-15,SMLE,Sinergi Multi Lestarindo Tbk.,--U-2130000000B111------------,80,0,81,75,78,-2,12089300,943325000,1202,44.6,78,353100,77,385100,2328125000,465625000,404860938,3642800,844600,0,0,0
2024-05-14,SMLE,Sinergi Multi Lestarindo Tbk.,--U-2130000000B111------------,82,0,89,73,80,-2,45491100,3629505600,3147,45.7,81,10500,80,3685300,2328125000,465625000,404860938,8071900,7983000,0,0,0
2024-05-13,SMLE,Sinergi Multi Lestarindo Tbk.,--U-2130000000B111------------,91,0,93,81,82,-9,12126400,1013242000,2158,46.9,82,322300,81,572200,2328125000,465625000,404860938,493400,1948700,0,0,0
2024-05-08,SMLE,Sinergi Multi Lestarindo Tbk.,--U-2130000000B111------------,100,0,100,91,91,-9,13155600,1238363500,1362,52.0,91,382000,90,781600,2328125000,465625000,404860938,2724500,299900,0,0,0
2024-05-07,SMLE,Sinergi Multi Lestarindo Tbk.,--U-2130000000B111------------,98,0,102,98,100,2,3754600,376903700,507,57.1,100,1200,99,352700,2328125000,465625000,404860938,510500,309100,0,0,0
2024-05-06,SMLE,Sinergi Multi Lestarindo Tbk.,--U-2130000000B111------------,100,0,102,98,98,-2,11824200,1180230900,682,56.0,99,13200,98,295400,2328125000,465625000,404860938,1245300,288900,0,0,0
2024-05-03,SMLE,Sinergi Multi Lestarindo Tbk.,--U-2130000000B111------------,100,0,101,97,100,0,5964700,587202400,562,57.1,100,285300,98,108400,2328125000,465625000,404860938,1581400,52700,0,0,0
2024-05-02,SMLE,Sinergi Multi Lestarindo Tbk.,--U-2130000000B111------------,102,0,105,88,100,-2,33237100,3346386000,898,57.1,101,80000,100,1900,2328125000,465625000,404860938,3117200,148500,0,0,0
2024-04-30,SMLE,Sinergi Multi Lestarindo Tbk.,--U-2130000000B111------------,100,0,105,99,102,2,150679600,15342369200,2058,58.3,103,345800,102,333800,2328125000,465625000,404860938,2663200,20501100,0,0,0
2024-04-29,SMLE,Sinergi Multi Lestarindo Tbk.,--U-2130000000B111------------,129,0,130,96,100,-29,81677800,8409237600,5495,57.1,100,6500,99,42900,2328125000,465625000,404860938,19252500,5013300,0,0,0
2024-04-26,SMLE,Sinergi Multi Lestarindo Tbk.,--U-2130000000B111------------,138,0,150,127,129,-9,92124400,12739031900,3333,73.7,130,22100,128,91500,2328125000,465625000,404860938,11638900,1779100,0,0,0
2024-04-25,SMLE,Sinergi Multi Lestarindo Tbk.,--U-2130000000B111------------,138,0,140,138,138,0,13082400,1817778800,277,78.9,139,24500,138,35200,2328125000,465625000,404860938,528200,0,0,0,0
2024-04-24,SMLE,Sinergi Multi Lestarindo Tbk.,--U-2130000000B111------------,138,0,141,137,138,0,20410500,2817637200,299,78.9,139,111600,138,238000,2328125000,465625000,404860938,632100,225900,0,0,0
2024-04-23,SMLE,Sinergi Multi Lestarindo Tbk.,--U-2130000000B111------------,143,0,150,138,138,-5,26531900,3723125800,1373,78.9,139,15000,138,30400,2328125000,465625000,404860938,2952700,212500,0,0,0
2024-04-22,SMLE,Sinergi Multi Lestarindo Tbk.,--U-2130000000B111------------,139,0,146,139,143,4,19202400,2743374300,720,81.7,144,14100,143,97100,2328125000,465625000,404860938,340900,1225000,0,0,0
2024-04-19,SMLE,Sinergi Multi Lestarindo Tbk.,--U-2130000000B111------------,136,0,140,133,139,3,25257200,3498045100,505,79.4,139,200,138,37200,2328125000,465625000,404860938,764300,885100,0,0,0
2024-04-18,SMLE,Sinergi Multi Lestarindo Tbk.,--U-2130000000B111------------,142,0,145,134,136,-6,7407900,1018504900,739,77.7,137,15300,136,11800,2328125000,465625000,404860938,4067100,325600,0,0,0
2024-04-17,SMLE,Sinergi Multi Lestarindo Tbk.,--U-2130000000B111------------,138,0,144,138,142,4,28374400,3983495100,564,81.1,143,100,142,182600,2328125000,465625000,404860938,734400,3824700,0,0,0
2024-04-06,SMLE,Sinergi Multi Lestarindo Tbk.,--U-2130000000B111------------,139,0,148,139,147,8,33673300,4862582300,1335,84.0,147,657800,146,1100,2328125000,465625000,404860938,2769700,1615000,0,0,0
2024-04-05,SMLE,Sinergi Multi Lestarindo Tbk.,--U-2130000000B111------------,139,0,148,139,147,8,33673300,4862582300,1335,84.0,147,657800,146,1100,2328125000,465625000,404860938,2769700,1615000,0,0,0
2024-04-04,SMLE,Sinergi Multi Lestarindo Tbk.,--U-2130000000B111------------,131,0,141,131,139,8,56946400,7794590000,943,79.4,140,66100,139,1144900,2328125000,465625000,404860938,568100,3422500,0,0,0
2024-04-03,SMLE,Sinergi Multi Lestarindo Tbk.,--U-2130000000B111------------,132,0,136,124,131,-1,24742000,3267677300,695,74.9,132,126100,131,1251200,2328125000,465625000,404860938,4101100,1478000,0,0,0
2024-04-02,SMLE,Sinergi Multi Lestarindo Tbk.,--U-2130000000B111------------,130,0,135,130,132,2,123328500,16300413900,1223,75.4,133,60000,132,198700,2328125000,465625000,404860938,2308800,7319800,0,0,0
2024-04-01,SMLE,Sinergi Multi Lestarindo Tbk.,--U-2130000000B111------------,143,0,146,128,130,-13,37159500,5038828700,1943,74.3,131,6300,130,14404000,2328125000,465625000,404860938,8110500,4339900,0,0,0
2024-03-28,SMLE,Sinergi Multi Lestarindo Tbk.,--U-2130000000B111------------,140,0,144,132,143,3,389982900,55014364800,1633,81.7,144,407500,143,1938700,2328125000,465625000,465625000,5305200,25718200,0,0,0
2024-03-27,SMLE,Sinergi Multi Lestarindo Tbk.,--U-2130000000B111------------,160,0,165,138,140,-20,82706500,12201205500,5305,80.0,141,4500,140,40288400,2328125000,465625000,465625000,25606300,3480200,36739400,5878304000,1
2024-03-26,SMLE,Sinergi Multi Lestarindo Tbk.,--U-2130000000B111------------,153,0,162,144,160,7,114547200,18002421000,2555,91.4,161,215300,160,530700,2328125000,465625000,465625000,2122400,2967700,0,0,0
2024-03-22,SMLE,Sinergi Multi Lestarindo Tbk.,--U-2130000000B111------------,144,0,157,136,148,4,461276200,67784919600,5080,84.6,149,69800,148,166300,2328125000,465625000,465625000,4746000,51240200,500000,72000000,1
2024-03-21,SMLE,Sinergi Multi Lestarindo Tbk.,--U-2130000000B111------------,144,0,149,134,144,0,17252500,2495066900,1531,82.3,145,3300,144,280900,2328125000,465625000,465625000,1948200,1748900,9000000,1296000000,1
2024-03-20,SMLE,Sinergi Multi Lestarindo Tbk.,--U-2130000000B111------------,156,0,157,140,144,-12,23065700,3358019300,2714,82.3,145,27100,144,1500,2328125000,465625000,465625000,3386900,1251000,0,0,0
2024-03-19,SMLE,Sinergi Multi Lestarindo Tbk.,--U-2130000000B111------------,167,0,171,155,156,-11,16359900,2616373700,2345,89.1,157,76800,156,286300,2328125000,465625000,465625000,3164800,2126100,0,0,0
2024-03-18,SMLE,Sinergi Multi Lestarindo Tbk.,--U-2130000000B111------------,157,0,170,141,167,10,88270400,14394279400,3507,95.4,167,85900,166,31400,2328125000,465625000,465625000,6179500,9911200,0,0,0
2024-03-15,SMLE,Sinergi Multi Lestarindo Tbk.,--U-2130000000B111------------,184,0,188,157,157,-27,84482200,14335372000,5494,89.7,157,555800,156,522900,2328125000,465625000,465625000,28034800,6734300,0,0,0
2024-03-14,SMLE,Sinergi Multi Lestarindo Tbk.,--U-2130000000B111------------,196,0,212,184,184,-12,136497100,26880509300,6918,105.1,184,213200,183,539100,2328125000,465625000,465625000,31390900,16068000,0,0,0
2024-03-13,SMLE,Sinergi Multi Lestarindo Tbk.,--U-2130000000B111------------,214,0,220,185,196,-18,138495200,28025158400,6456,112.0,197,66700,196,2522900,2328125000,465625000,465625000,38681500,7874400,27489500,5882753000,3
2024-03-08,SMLE,Sinergi Multi Lestarindo Tbk.,--U-2130000000B111------------,210,0,218,196,214,4,230882900,48962429300,3051,122.3,216,796600,214,5928600,2328125000,465625000,465625000,4116900,16042500,0,0,0
2024-03-07,SMLE,Sinergi Multi Lestarindo Tbk.,--U-2130000000B111------------,206,0,214,206,210,4,446155700,93076586800,5192,120.0,210,668900,208,1286900,2328125000,465625000,465625000,3491700,25050100,0,0,0
2024-03-06,SMLE,Sinergi Multi Lestarindo Tbk.,--U-2130000000B111------------,218,0,220,173,206,-12,117747700,23991437100,7145,117.7,208,223700,206,2644300,2328125000,465625000,465625000,11002800,14486800,0,0,0
2024-03-05,SMLE,Sinergi Multi Lestarindo Tbk.,--U-2130000000B111------------,290,0,316,218,218,-72,279429900,76160504600,18608,124.6,218,16752600,0,0,2328125000,465625000,465625000,36629000,23897600,500000,109000000,1
2024-03-04,SMLE,Sinergi Multi Lestarindo Tbk.,--U-2130000000B111------------,262,0,292,248,290,28,307404100,85798845400,19223,165.7,292,564000,290,48674100,2328125000,465625000,465625000,13574500,15522700,11923100,3077306000,5
2024-03-01,SMLE,Sinergi Multi Lestarindo Tbk.,--U-2130000000B111------------,236,0,266,220,262,26,262844300,64591082800,16453,149.7,264,221500,262,74934400,2328125000,465625000,465625000,9088400,25895400,510000,107100000,1
2024-02-29,SMLE,Sinergi Multi Lestarindo Tbk.,--U-2130000000B111------------,204,0,236,204,236,32,254049700,54709373800,12773,134.9,238,586800,236,5529800,2328125000,465625000,465625000,3118200,27505200,0,0,0
2024-02-28,SMLE,Sinergi Multi Lestarindo Tbk.,--U-2130000000B111------------,212,0,248,212,244,32,261189500,61762379600,20751,139.4,246,1382100,244,30857000,2328125000,465625000,465625000,13253900,10911500,0,0,0
2024-02-27,SMLE,Sinergi Multi Lestarindo Tbk.,--U-2130000000B111------------,212,0,248,212,244,32,261189500,61762379600,20751,139.4,246,1382100,244,30857000,2328125000,465625000,465625000,13253900,10911500,0,0,0
2024-02-26,SMLE,Sinergi Multi Lestarindo Tbk.,--U-2130000000B111------------,171,0,214,172,212,41,254639800,49973806500,25530,121.1,214,817000,212,2357300,2328125000,465625000,465625000,17119100,22183200,0,0,0
2024-02-23,SMLE,Sinergi Multi Lestarindo Tbk.,--U-2130000000B111------------,160,0,175,155,171,11,112921100,18952225900,11390,97.7,172,45700,171,224900,2328125000,465625000,465625000,4944300,8905000,17648100,2823696000,3
2024-02-22,SMLE,Sinergi Multi Lestarindo Tbk.,--U-2130000000B111------------,163,0,166,149,160,-3,108431700,17226297700,10788,91.4,160,120900,159,828200,2328125000,465625000,465625000,4015800,6196200,5311000,849760000,1
2024-02-21,SMLE,Sinergi Multi Lestarindo Tbk.,--U-2130000000B111------------,130,0,168,130,163,33,328881500,49843883000,26553,93.1,164,494100,163,91433400,2328125000,465625000,465625000,14256600,16387800,0,0,0
2024-02-20,SMLE,Sinergi Multi Lestarindo Tbk.,--U-2130000000B111------------,122,0,136,122,130,8,116632700,15107501500,9528,74.3,131,146100,130,113174800,2328125000,465625000,465625000,5859500,1713300,0,0,0
2024-02-19,SMLE,Sinergi Multi Lestarindo Tbk.,--U-2130000000B111------------,110,0,122,109,122,12,56398600,6586588800,3285,69.7,123,89900,122,118198600,2328125000,465625000,465625000,1008200,3546500,0,0,0
2024-02-16,SMLE,Sinergi Multi Lestarindo Tbk.,--U-2130000000B111------------,107,0,111,99,110,3,18203600,1921464300,1371,62.9,110,653700,108,506400,2328125000,465625000,465625000,1891600,2054200,0,0,0
2024-02-15,SMLE,Sinergi Multi Lestarindo Tbk.,--U-2130000000B111------------,109,0,112,98,107,-2,34465800,3589099000,2711,61.1,108,3300,106,155000,2328125000,465625000,465625000,1713200,1961600,0,0,0
2024-02-13,SMLE,Sinergi Multi Lestarindo Tbk.,--U-2130000000B111------------,119,0,123,110,115,-4,29800600,3476709600,2456,65.7,116,70700,115,75700,2328125000,465625000,465625000,792100,1704200,0,0,0
2024-02-12,SMLE,Sinergi Multi Lestarindo Tbk.,--U-2130000000B111------------,119,0,123,110,115,-4,29800600,3476709600,2456,65.7,116,70700,115,75700,2328125000,465625000,465625000,792100,1704200,0,0,0
2024-02-07,SMLE,Sinergi Multi Lestarindo Tbk.,--U-2130000000B111------------,117,0,119,104,119,2,51058300,5657854100,4973,68.0,120,247700,119,1895700,2328125000,465625000,465625000,4328700,3335700,0,0,0
2024-02-06,SMLE,Sinergi Multi Lestarindo Tbk.,--U-2130000000B111------------,124,0,130,112,117,-7,59454900,6981599800,5091,66.9,117,501500,116,180400,2328125000,465625000,465625000,687500,795300,12000000,1488000000,1
2024-02-05,SMLE,Sinergi Multi Lestarindo Tbk.,--U-2130000000B111------------,125,0,151,118,124,-1,303172500,41484986500,27324,70.9,124,378300,123,1300,2328125000,465625000,465625000,12765600,12672900,0,0,0
2024-02-02,SMLE,Sinergi Multi Lestarindo Tbk.,--U-2130000000B111------------,105,0,140,105,125,20,211712200,27031170800,21163,71.4,126,366800,125,22045300,2328125000,465625000,465625000,4108700,2144400,0,0,0
2024-02-01,SMLE,Sinergi Multi Lestarindo Tbk.,--U-2130000000B111------------,113,0,121,99,104,-9,45047700,4862587300,4864,59.4,104,986900,103,322700,2328125000,465625000,465625000,347000,1372600,0,0,0
2024-01-31,SMLE,Sinergi Multi Lestarindo Tbk.,--U-2130000000B111------------,113,0,121,99,104,-9,45047700,4862587300,4864,59.4,104,986900,103,322700,2328125000,465625000,465625000,347000,1372600,0,0,0
2024-01-30,SMLE,Sinergi Multi Lestarindo Tbk.,--U-2130000000B111------------,135,0,135,111,113,-22,49144500,5835931500,5459,64.6,113,38500,112,785900,2328125000,465625000,465625000,823000,1661900,0,0,0
2024-01-29,SMLE,Sinergi Multi Lestarindo Tbk.,--U-2130000000B111------------,177,0,179,126,135,-42,87060200,12407758100,7907,77.1,135,696700,134,203900,2328125000,465625000,465625000,1771900,2457400,0,0,0
2024-01-26,SMLE,Sinergi Multi Lestarindo Tbk.,--U-2130000000B111------------,180,0,182,166,177,-3,101710700,17788527500,5596,101.1,177,5525100,176,914700,2328125000,465625000,465625000,1540800,668200,0,0,0
2024-01-25,SMLE,Sinergi Multi Lestarindo Tbk.,--U-2130000000B111------------,165,0,180,158,180,15,91979900,15828155300,6600,102.9,180,11456000,179,2277800,2328125000,465625000,465625000,2462300,1874000,0,0,0
2024-01-24,SMLE,Sinergi Multi Lestarindo Tbk.,--U-2130000000B111------------,179,0,182,165,165,-14,61907600,10769427900,2130,94.3,165,577300,164,1052400,2328125000,465625000,465625000,2382200,5778100,0,0,0
2024-01-23,SMLE,Sinergi Multi Lestarindo Tbk.,--U-2130000000B111------------,186,0,189,174,179,-7,118770900,21379613100,5690,102.3,179,4981900,178,624900,2328125000,465625000,465625000,1616200,940000,0,0,0
2024-01-22,SMLE,Sinergi Multi Lestarindo Tbk.,--U-2130000000B111------------,183,0,192,175,186,3,105424300,19403613400,7056,106.3,186,6218400,185,1564500,2328125000,465625000,465625000,1118500,1609400,0,0,0
2024-01-19,SMLE,Sinergi Multi Lestarindo Tbk.,--U-2130000000B111------------,191,0,196,182,183,-8,67759400,12709670400,4095,104.6,183,100000,182,874400,2328125000,465625000,465625000,149300,428700,0,0,0
2024-01-18,SMLE,Sinergi Multi Lestarindo Tbk.,--U-2130000000B111------------,185,0,200,182,191,6,128341900,24837765600,8086,109.1,191,4575400,190,2605700,2328125000,465625000,465625000,312600,984800,22485500,4159817500,1
2024-01-17,SMLE,Sinergi Multi Lestarindo Tbk.,--U-2130000000B111------------,183,0,189,180,185,2,46096000,8485841000,4383,105.7,185,3198200,184,1166500,2328125000,465625000,465625000,21100,80800,63000000,11529000000,1
2024-01-16,SMLE,Sinergi Multi Lestarindo Tbk.,--U-2130000000B111------------,180,0,190,176,183,3,64583800,11821923200,6474,104.6,183,3824800,182,4100800,2328125000,465625000,465625000,10600,22000,0,0,0
2024-01-15,SMLE,Sinergi Multi Lestarindo Tbk.,--U-2130000000B111------------,222,0,218,167,180,-42,180408900,31315126800,10926,102.9,180,2700500,179,5237600,2328125000,465625000,465625000,547600,274600,0,0,0
2024-01-12,SMLE,Sinergi Multi Lestarindo Tbk.,--U-2130000000B111------------,294,0,304,222,222,-72,190251100,48867876200,20745,126.9,222,26769200,0,0,2328125000,465625000,465625000,1441300,486700,0,0,0
2024-01-11,SMLE,Sinergi Multi Lestarindo Tbk.,--U-2130000000B111------------,236,0,294,208,294,58,310064400,86091433800,30834,168.0,0,0,294,126429200,2328125000,465625000,465625000,252100,2089600,57000000,16644000000,2
2024-01-10,SMLE,Sinergi Multi Lestarindo Tbk.,--U-2130000000B111------------,175,0,236,204,236,61,99518200,23242354400,10608,134.9,0,0,236,131390300,2328125000,465625000,465625000,92500,10000,21180000,4998480000,1
