Date,Ticker,Name,Remarks,Previous,Open,High,Low,Close,Change,Volume,Value,Frequency,IndexIndividual,Offer,OfferVolume,Bid,BidVolume,ListedShares,TradebleShares,WeightForIndex,ForeignSell,ForeignBuy,NonRegularVolume,NonRegularValue,NonRegularFrequency
2026-03-12,TFCO,Tifico Fiber Indonesia Tbk.,--U-4135000000E413-----------X,1045,0,0,0,1045,0,0,0,0,236.8,1045,3300,0,0,4823076400,4823076400,519445328,0,0,0,0,0
2026-03-11,TFCO,Tifico Fiber Indonesia Tbk.,--U-4135000000E413-----------X,1045,0,0,0,1045,0,0,0,0,236.8,1045,2200,0,0,4823076400,4823076400,519445328,0,0,0,0,0
2026-03-10,TFCO,Tifico Fiber Indonesia Tbk.,--U-4135000000E413-----------X,1045,0,0,0,1045,0,0,0,0,236.8,1045,3600,0,0,4823076400,4823076400,519445328,0,0,0,0,0
2026-03-09,TFCO,Tifico Fiber Indonesia Tbk.,--U-4135000000E413-----------X,1045,0,0,0,1045,0,0,0,0,236.8,945,11800,0,0,4823076400,4823076400,519445328,0,0,0,0,0
2026-03-06,TFCO,Tifico Fiber Indonesia Tbk.,--U-4135000000E413-----------X,1045,0,0,0,1045,0,0,0,0,236.8,1045,7400,0,0,4823076400,4823076400,519445328,0,0,0,0,0
2026-03-05,TFCO,Tifico Fiber Indonesia Tbk.,--U-4135000000E413-----------X,1045,0,0,0,1045,0,0,0,0,236.8,1045,3000,0,0,4823076400,4823076400,519445328,0,0,0,0,0
2026-03-04,TFCO,Tifico Fiber Indonesia Tbk.,--U-4135000000E413-----------X,1045,0,1045,1045,1045,0,500,522500,3,236.8,1005,100,0,0,4823076400,4823076400,519445328,0,0,0,0,0
2026-03-03,TFCO,Tifico Fiber Indonesia Tbk.,--U-4135000000E413-----------X,1045,0,1045,1045,1045,0,100,104500,1,236.8,1045,3700,0,0,4823076400,4823076400,519445328,0,0,0,0,0
2026-03-02,TFCO,Tifico Fiber Indonesia Tbk.,--U-4135000000E413-----------X,1045,0,1045,1045,1045,0,200,209000,2,236.8,1045,7700,0,0,4823076400,4823076400,519445328,0,0,0,0,0
2026-02-27,TFCO,Tifico Fiber Indonesia Tbk.,--U-4135000000E413-----------X,1045,0,1045,1045,1045,0,3700,3866500,13,236.8,1045,32400,0,0,4823076400,4823076400,519445328,0,100,0,0,0
2026-02-26,TFCO,Tifico Fiber Indonesia Tbk.,--U-4135000000E413-----------X,950,0,1045,950,1045,95,1100,1102000,7,236.8,0,0,950,100,4823076400,4823076400,519445328,0,0,0,0,0
2026-02-25,TFCO,Tifico Fiber Indonesia Tbk.,--U-4135000000E413-----------X,865,0,950,865,950,85,5900,5469000,6,215.3,0,0,950,600,4823076400,4823076400,519445328,0,0,0,0,0
2026-02-24,TFCO,Tifico Fiber Indonesia Tbk.,--U-4135000000E413-----------X,845,0,865,845,865,20,7200,6188000,9,196.0,0,0,850,100,4823076400,4823076400,519445328,0,0,0,0,0
2026-02-23,TFCO,Tifico Fiber Indonesia Tbk.,--U-4135000000E413-----------X,830,0,845,830,845,15,700,585500,3,191.5,0,0,850,600,4823076400,4823076400,519445328,0,0,0,0,0
2026-02-20,TFCO,Tifico Fiber Indonesia Tbk.,--U-4135000000E413-----------X,765,0,830,750,830,65,2100,1615000,6,188.1,0,0,830,1700,4823076400,4823076400,519445328,0,0,0,0,0
2026-02-19,TFCO,Tifico Fiber Indonesia Tbk.,--U-4135000000E413-----------X,845,0,845,765,765,-80,600,499000,2,173.4,845,300,765,3500,4823076400,4823076400,519445328,0,0,0,0,0
2026-02-18,TFCO,Tifico Fiber Indonesia Tbk.,--U-4135000000E413-----------X,845,0,845,845,845,0,27600,23322000,14,191.5,925,100,845,2100,4823076400,4823076400,519445328,0,0,0,0,0
2026-02-13,TFCO,Tifico Fiber Indonesia Tbk.,--U-4135000000E413-----------X,780,0,850,715,845,65,6100,4655000,10,191.5,845,700,840,10000,4823076400,4823076400,519445328,0,0,0,0,0
2026-02-12,TFCO,Tifico Fiber Indonesia Tbk.,--U-4135000000E413-----------X,850,0,880,780,780,-70,800,681000,5,176.8,850,13800,780,800,4823076400,4823076400,519445328,0,0,0,0,0
2026-02-11,TFCO,Tifico Fiber Indonesia Tbk.,--U-4135000000E413-----------X,850,0,850,790,850,0,22000,17435500,16,192.6,850,13800,790,7000,4823076400,4823076400,519445328,0,0,0,0,0
2026-02-10,TFCO,Tifico Fiber Indonesia Tbk.,--U-4135000000E413-----------X,850,0,850,850,850,0,500,425000,4,192.6,850,4600,0,0,4823076400,4823076400,519445328,0,0,0,0,0
2026-02-09,TFCO,Tifico Fiber Indonesia Tbk.,--U-4135000000E413-----------X,850,0,850,840,850,0,12000,10100000,7,192.6,845,7200,840,200,4823076400,4823076400,519445328,0,0,0,0,0
2026-02-06,TFCO,Tifico Fiber Indonesia Tbk.,--U-4135000000E413-----------X,860,0,850,780,850,-10,12200,9614000,16,192.6,850,18100,780,1100,4823076400,4823076400,519445328,0,0,0,0,0
2026-02-05,TFCO,Tifico Fiber Indonesia Tbk.,--U-4135000000E413-----------X,955,0,905,860,860,-95,19600,16870500,12,194.9,860,13500,0,0,4823076400,4823076400,519445328,0,0,0,0,0
2026-02-04,TFCO,Tifico Fiber Indonesia Tbk.,--U-4135000000E413-----------X,955,0,955,955,955,0,800,764000,6,216.4,955,15000,0,0,4823076400,4823076400,519445328,0,0,0,0,0
2026-02-03,TFCO,Tifico Fiber Indonesia Tbk.,--U-4135000000E413-----------X,955,0,955,865,955,0,19000,16952000,24,216.4,955,700,875,300,4823076400,4823076400,519445328,0,0,0,0,0
2026-02-02,TFCO,Tifico Fiber Indonesia Tbk.,--U-4135000000E413-----------X,970,0,955,955,955,-15,600,573000,4,216.4,955,19400,0,0,4823076400,4823076400,519445328,0,0,0,0,0
2026-01-30,TFCO,Tifico Fiber Indonesia Tbk.,--U-4135000000E413-----------X,945,0,970,855,970,25,56800,48951000,63,219.8,1000,300,860,8800,4823076400,4823076400,519445328,0,0,0,0,0
2026-01-29,TFCO,Tifico Fiber Indonesia Tbk.,--U-4135000000E413-----------X,1050,0,945,945,945,-105,24300,22963500,17,214.1,945,20300,0,0,4823076400,4823076400,519445328,0,0,0,0,0
2026-01-28,TFCO,Tifico Fiber Indonesia Tbk.,--U-4135000000E413-----------X,1165,0,1050,1050,1050,-115,60400,63420000,49,237.9,1050,36900,0,0,4823076400,4823076400,519445328,0,0,0,0,0
2026-01-27,TFCO,Tifico Fiber Indonesia Tbk.,--U-4135000000E413-----------X,1060,0,1165,1165,1165,105,63200,73628000,36,264.0,0,0,1165,61300,4823076400,4823076400,519445328,0,0,0,0,0
2026-01-26,TFCO,Tifico Fiber Indonesia Tbk.,--U-4135000000E413-----------X,965,0,1060,1060,1060,95,78400,83104000,50,240.2,0,0,1060,62000,4823076400,4823076400,519445328,0,0,0,0,0
2026-01-23,TFCO,Tifico Fiber Indonesia Tbk.,--U-4135000000E413-----------X,880,0,965,965,965,85,6500,6272500,13,218.7,0,0,965,110200,4823076400,4823076400,519445328,0,0,0,0,0
2026-01-22,TFCO,Tifico Fiber Indonesia Tbk.,--U-4135000000E413-----------X,800,0,880,880,880,80,3800,3344000,7,199.4,0,0,880,113000,4823076400,4823076400,519445328,0,0,0,0,0
2026-01-21,TFCO,Tifico Fiber Indonesia Tbk.,--U-4135000000E413-----------X,730,0,800,800,800,70,28000,22400000,14,181.3,0,0,800,60200,4823076400,4823076400,519445328,0,0,0,0,0
2026-01-20,TFCO,Tifico Fiber Indonesia Tbk.,--U-4135000000E413-----------X,665,0,730,730,730,65,42200,30806000,25,165.4,0,0,730,36100,4823076400,4823076400,519445328,0,0,0,0,0
2026-01-19,TFCO,Tifico Fiber Indonesia Tbk.,--U-4135000000E413-----------X,605,0,665,665,665,60,22000,14630000,9,150.7,0,0,665,125700,4823076400,4823076400,519445328,0,0,0,0,0
2026-01-15,TFCO,Tifico Fiber Indonesia Tbk.,--U-4135000000E413-----------X,550,0,605,605,605,55,1000,605000,2,137.1,0,0,605,4100,4823076400,4823076400,519445328,0,0,0,0,0
2026-01-14,TFCO,Tifico Fiber Indonesia Tbk.,--U-4135000000E413-----------X,550,0,550,550,550,0,1900,1045000,2,124.6,0,0,575,100,4823076400,4823076400,519445328,0,0,0,0,0
2026-01-13,TFCO,Tifico Fiber Indonesia Tbk.,--U-4135000000E413-----------X,550,0,0,0,550,0,0,0,0,124.6,0,0,605,200,4823076400,4823076400,519445328,0,0,0,0,0
2026-01-12,TFCO,Tifico Fiber Indonesia Tbk.,--U-4135000000E413-----------X,500,0,550,550,550,50,100,55000,1,124.6,0,0,550,7700,4823076400,4823076400,519445328,0,0,0,0,0
2026-01-09,TFCO,Tifico Fiber Indonesia Tbk.,--U-4135000000E413-----------X,500,0,0,0,500,0,0,0,0,113.3,0,0,550,100,4823076400,4823076400,519445328,0,0,0,0,0
2026-01-08,TFCO,Tifico Fiber Indonesia Tbk.,--U-4135000000E413-----------X,500,0,0,0,500,0,0,0,0,113.3,0,0,550,100,4823076400,4823076400,519445328,0,0,0,0,0
2026-01-07,TFCO,Tifico Fiber Indonesia Tbk.,--U-4135000000E413-----------X,500,0,0,0,500,0,0,0,0,113.3,0,0,550,100,4823076400,4823076400,519445328,0,0,0,0,0
2026-01-06,TFCO,Tifico Fiber Indonesia Tbk.,--U-4135000000E413-----------X,500,0,0,0,500,0,0,0,0,113.3,0,0,550,200,4823076400,4823076400,519445328,0,0,0,0,0
2026-01-05,TFCO,Tifico Fiber Indonesia Tbk.,--U-4135000000E413-----------X,500,0,0,0,500,0,0,0,0,113.3,0,0,550,300,4823076400,4823076400,519445328,0,0,0,0,0
2026-01-02,TFCO,Tifico Fiber Indonesia Tbk.,--U-4135000000E413-----------X,500,0,0,0,500,0,0,0,0,113.3,0,0,550,300,4823076400,4823076400,519445328,0,0,0,0,0
2025-12-30,TFCO,Tifico Fiber Indonesia Tbk.,--U-4135000000E413-----------X,500,0,0,0,500,0,0,0,0,113.3,0,0,550,400,4823076400,4823076400,244529973,0,0,0,0,0
2025-12-29,TFCO,Tifico Fiber Indonesia Tbk.,--U-4135000000E413-----------X,500,0,0,0,500,0,0,0,0,113.3,0,0,550,300,4823076400,4823076400,244529973,0,0,0,0,0
2025-12-24,TFCO,Tifico Fiber Indonesia Tbk.,--U-4135000000E413-----------X,500,0,0,0,500,0,0,0,0,113.3,0,0,550,300,4823076400,4823076400,244529973,0,0,0,0,0
2025-12-23,TFCO,Tifico Fiber Indonesia Tbk.,--U-4135000000E413-----------X,500,0,0,0,500,0,0,0,0,113.3,0,0,550,300,4823076400,4823076400,244529973,0,0,0,0,0
2025-12-22,TFCO,Tifico Fiber Indonesia Tbk.,--U-4135000000E413-----------X,500,0,0,0,500,0,0,0,0,113.3,0,0,550,300,4823076400,4823076400,244529973,0,0,0,0,0
2025-12-19,TFCO,Tifico Fiber Indonesia Tbk.,--U-4135000000E413-----------X,500,0,0,0,500,0,0,0,0,113.3,0,0,550,900,4823076400,4823076400,244529973,0,0,0,0,0
2025-12-18,TFCO,Tifico Fiber Indonesia Tbk.,--U-4135000000E413-----------X,500,0,0,0,500,0,0,0,0,113.3,0,0,550,900,4823076400,4823076400,244529973,0,0,0,0,0
2025-12-17,TFCO,Tifico Fiber Indonesia Tbk.,--U-4135000000E413-----------X,500,0,0,0,500,0,0,0,0,113.3,0,0,550,900,4823076400,4823076400,244529973,0,0,0,0,0
2025-12-16,TFCO,Tifico Fiber Indonesia Tbk.,--U-4135000000E413-----------X,500,0,0,0,500,0,0,0,0,113.3,0,0,550,900,4823076400,4823076400,244529973,0,0,0,0,0
2025-12-15,TFCO,Tifico Fiber Indonesia Tbk.,--U-4135000000E413-----------X,500,0,0,0,500,0,0,0,0,113.3,0,0,550,900,4823076400,4823076400,244529973,0,0,0,0,0
2025-12-12,TFCO,Tifico Fiber Indonesia Tbk.,--U-4135000000E413-----------X,500,0,0,0,500,0,0,0,0,113.3,0,0,550,300,4823076400,4823076400,244529973,0,0,0,0,0
2025-12-11,TFCO,Tifico Fiber Indonesia Tbk.,--U-4135000000E413-----------X,500,0,0,0,500,0,0,0,0,113.3,0,0,550,300,4823076400,4823076400,244529973,0,0,0,0,0
2025-12-10,TFCO,Tifico Fiber Indonesia Tbk.,--U-4135000000E413-----------X,500,0,0,0,500,0,0,0,0,113.3,0,0,550,300,4823076400,4823076400,244529973,0,0,0,0,0
2025-12-09,TFCO,Tifico Fiber Indonesia Tbk.,--U-4135000000E413-----------X,500,0,0,0,500,0,0,0,0,113.3,0,0,550,300,4823076400,4823076400,244529973,0,0,0,0,0
2025-12-08,TFCO,Tifico Fiber Indonesia Tbk.,--U-4135000000E413-----------X,500,0,0,0,500,0,0,0,0,113.3,0,0,550,300,4823076400,4823076400,244529973,0,0,0,0,0
2025-12-05,TFCO,Tifico Fiber Indonesia Tbk.,--U-4135000000E413-----------X,500,0,0,0,500,0,0,0,0,113.3,0,0,550,200,4823076400,4823076400,244529973,0,0,0,0,0
2025-12-04,TFCO,Tifico Fiber Indonesia Tbk.,--U-4135000000E413-----------X,500,0,0,0,500,0,0,0,0,113.3,0,0,500,800,4823076400,4823076400,244529973,0,0,0,0,0
2025-12-03,TFCO,Tifico Fiber Indonesia Tbk.,--U-4135000000E413-----------X,500,0,0,0,500,0,0,0,0,113.3,0,0,500,200,4823076400,4823076400,244529973,0,0,0,0,0
2025-12-02,TFCO,Tifico Fiber Indonesia Tbk.,--U-4135000000E413-----------X,500,0,0,0,500,0,0,0,0,113.3,0,0,500,600,4823076400,4823076400,244529973,0,0,0,0,0
2025-12-01,TFCO,Tifico Fiber Indonesia Tbk.,--U-4135000000E413-----------X,500,0,0,0,500,0,0,0,0,113.3,0,0,500,100,4823076400,4823076400,244529973,0,0,0,0,0
2025-11-28,TFCO,Tifico Fiber Indonesia Tbk.,--U-4135000000E413-----------X,500,0,0,0,500,0,0,0,0,113.3,0,0,500,100,4823076400,4823076400,244529973,0,0,0,0,0
2025-11-27,TFCO,Tifico Fiber Indonesia Tbk.,--U-4135000000E413-----------X,500,0,500,500,500,0,100,50000,1,113.3,0,0,498,100,4823076400,4823076400,244529973,0,0,0,0,0
2025-11-26,TFCO,Tifico Fiber Indonesia Tbk.,--U-4135000000E413-----------X,500,0,0,0,500,0,0,0,0,113.3,0,0,500,200,4823076400,4823076400,244529973,0,0,0,0,0
2025-11-25,TFCO,Tifico Fiber Indonesia Tbk.,--U-4135000000E413-----------X,500,0,0,0,500,0,0,0,0,113.3,530,1500,500,100,4823076400,4823076400,244529973,0,0,0,0,0
2025-11-24,TFCO,Tifico Fiber Indonesia Tbk.,--U-4135000000E413-----------X,500,0,0,0,500,0,0,0,0,113.3,0,0,500,100,4823076400,4823076400,244529973,0,0,0,0,0
2025-11-22,TFCO,Tifico Fiber Indonesia Tbk.,--U-4135000000E413-----------X,1045,0,0,0,1045,0,0,0,0,236.8,945,11800,0,0,4823076400,4823076400,519445328,0,0,0,0,0
2025-11-21,TFCO,Tifico Fiber Indonesia Tbk.,--U-4135000000E413-----------X,500,0,0,0,500,0,0,0,0,113.3,0,0,500,100,4823076400,4823076400,244529973,0,0,0,0,0
2025-11-20,TFCO,Tifico Fiber Indonesia Tbk.,--U-4135000000E413-----------X,500,0,0,0,500,0,0,0,0,113.3,0,0,500,200,4823076400,4823076400,244529973,0,0,0,0,0
2025-11-19,TFCO,Tifico Fiber Indonesia Tbk.,--U-4135000000E413-----------X,500,0,0,0,500,0,0,0,0,113.3,0,0,498,100,4823076400,4823076400,244529973,0,0,0,0,0
2025-11-18,TFCO,Tifico Fiber Indonesia Tbk.,--U-4135000000E413-----------X,500,0,0,0,500,0,0,0,0,113.3,0,0,500,200,4823076400,4823076400,244529973,0,0,0,0,0
2025-11-17,TFCO,Tifico Fiber Indonesia Tbk.,--U-4135000000E413-----------X,500,0,0,0,500,0,0,0,0,113.3,0,0,500,100,4823076400,4823076400,244529973,0,0,0,0,0
2025-11-14,TFCO,Tifico Fiber Indonesia Tbk.,--U-4135000000E413-----------X,500,0,0,0,500,0,0,0,0,113.3,0,0,498,100,4823076400,4823076400,244529973,0,0,0,0,0
2025-11-13,TFCO,Tifico Fiber Indonesia Tbk.,--U-4135000000E413-----------X,500,0,0,0,500,0,0,0,0,113.3,0,0,500,100,4823076400,4823076400,244529973,0,0,0,0,0
2025-11-12,TFCO,Tifico Fiber Indonesia Tbk.,--U-4135000000E413-----------X,500,0,0,0,500,0,0,0,0,113.3,0,0,500,100,4823076400,4823076400,244529973,0,0,0,0,0
2025-11-11,TFCO,Tifico Fiber Indonesia Tbk.,--U-4135000000E413-----------X,500,0,0,0,500,0,0,0,0,113.3,0,0,500,100,4823076400,4823076400,244529973,0,0,0,0,0
2025-11-10,TFCO,Tifico Fiber Indonesia Tbk.,--U-4135000000E413-----------X,500,0,0,0,500,0,0,0,0,113.3,0,0,500,200,4823076400,4823076400,244529973,0,0,0,0,0
2025-11-07,TFCO,Tifico Fiber Indonesia Tbk.,--U-4135000000E413-----------X,500,0,0,0,500,0,0,0,0,113.3,0,0,500,200,4823076400,4823076400,244529973,0,0,0,0,0
2025-11-06,TFCO,Tifico Fiber Indonesia Tbk.,--U-4135000000E413-----------X,500,0,0,0,500,0,0,0,0,113.3,0,0,500,100,4823076400,4823076400,244529973,0,0,0,0,0
2025-11-05,TFCO,Tifico Fiber Indonesia Tbk.,--U-4135000000E413-----------X,500,0,0,0,500,0,0,0,0,113.3,550,100,505,100,4823076400,4823076400,244529973,0,0,0,0,0
2025-11-04,TFCO,Tifico Fiber Indonesia Tbk.,--U-4135000000E413-----------X,500,0,0,0,500,0,0,0,0,113.3,0,0,500,200,4823076400,4823076400,244529973,0,0,0,0,0
2025-11-03,TFCO,Tifico Fiber Indonesia Tbk.,--U-4135000000E413-----------X,500,0,500,500,500,0,200,100000,2,113.3,0,0,450,10000,4823076400,4823076400,244529973,0,0,0,0,0
2025-10-31,TFCO,Tifico Fiber Indonesia Tbk.,--U-4135000000E413-----------X,500,0,0,0,500,0,0,0,0,113.3,0,0,500,4400,4823076400,4823076400,244529973,0,0,0,0,0
2025-10-30,TFCO,Tifico Fiber Indonesia Tbk.,--U-4135000000E413-----------X,500,0,0,0,500,0,0,0,0,113.3,0,0,500,200,4823076400,4823076400,244529973,0,0,0,0,0
2025-10-29,TFCO,Tifico Fiber Indonesia Tbk.,--U-4135000000E413-----------X,500,0,0,0,500,0,0,0,0,113.3,0,0,500,300,4823076400,4823076400,244529973,0,0,0,0,0
2025-10-28,TFCO,Tifico Fiber Indonesia Tbk.,--U-4135000000E413-----------X,500,0,0,0,500,0,0,0,0,113.3,0,0,500,100,4823076400,4823076400,244529973,0,0,0,0,0
2025-10-27,TFCO,Tifico Fiber Indonesia Tbk.,--U-4135000000E413-----------X,500,0,500,500,500,0,100,50000,1,113.3,0,0,550,200,4823076400,4823076400,244529973,0,0,0,0,0
2025-10-24,TFCO,Tifico Fiber Indonesia Tbk.,--U-4135000000E413-----------X,500,0,0,0,500,0,0,0,0,113.3,0,0,500,1100,4823076400,4823076400,244529973,0,0,0,0,0
2025-10-23,TFCO,Tifico Fiber Indonesia Tbk.,--U-4135000000E413-----------X,500,0,0,0,500,0,0,0,0,113.3,0,0,500,100,4823076400,4823076400,244529973,0,0,0,0,0
2025-10-22,TFCO,Tifico Fiber Indonesia Tbk.,--U-4135000000E413-----------X,500,0,0,0,500,0,0,0,0,113.3,0,0,500,100,4823076400,4823076400,244529973,0,0,60000,30000000,2
2025-10-21,TFCO,Tifico Fiber Indonesia Tbk.,--U-4135000000E413-----------X,500,0,0,0,500,0,0,0,0,113.3,520,100,500,200,4823076400,4823076400,244529973,0,0,0,0,0
2025-10-20,TFCO,Tifico Fiber Indonesia Tbk.,--U-4135000000E413-----------X,500,0,0,0,500,0,0,0,0,113.3,0,0,550,300,4823076400,4823076400,244529973,0,0,0,0,0
2025-10-17,TFCO,Tifico Fiber Indonesia Tbk.,--U-4135000000E413-----------X,500,0,500,500,500,0,100,50000,1,113.3,0,0,500,100,4823076400,4823076400,244529973,0,0,0,0,0
2025-10-16,TFCO,Tifico Fiber Indonesia Tbk.,--U-4135000000E413-----------X,500,0,0,0,500,0,0,0,0,113.3,0,0,500,200,4823076400,4823076400,244529973,0,0,0,0,0
2025-10-15,TFCO,Tifico Fiber Indonesia Tbk.,--U-4135000000E413-----------X,500,0,500,500,500,0,100,50000,1,113.3,0,0,500,100,4823076400,4823076400,244529973,0,0,0,0,0
2025-10-14,TFCO,Tifico Fiber Indonesia Tbk.,--U-4135000000E413-----------X,500,0,0,0,500,0,0,0,0,113.3,0,0,500,100,4823076400,4823076400,244529973,0,0,0,0,0
2025-10-13,TFCO,Tifico Fiber Indonesia Tbk.,--U-4135000000E413-----------X,500,0,0,0,500,0,0,0,0,113.3,0,0,500,100,4823076400,4823076400,244529973,0,0,0,0,0
2025-10-10,TFCO,Tifico Fiber Indonesia Tbk.,--U-4135000000E413-----------X,500,0,0,0,500,0,0,0,0,113.3,0,0,500,100,4823076400,4823076400,244529973,0,0,0,0,0
2025-10-09,TFCO,Tifico Fiber Indonesia Tbk.,--U-4135000000E413-----------X,500,0,0,0,500,0,0,0,0,113.3,0,0,500,200,4823076400,4823076400,244529973,0,0,0,0,0
2025-10-08,TFCO,Tifico Fiber Indonesia Tbk.,--U-4135000000E413-----------X,500,0,0,0,500,0,0,0,0,113.3,0,0,500,1200,4823076400,4823076400,244529973,0,0,0,0,0
2025-10-07,TFCO,Tifico Fiber Indonesia Tbk.,--U-4135000000E413-----------X,500,0,0,0,500,0,0,0,0,113.3,0,0,500,200,4823076400,4823076400,244529973,0,0,0,0,0
2025-10-06,TFCO,Tifico Fiber Indonesia Tbk.,--U-4135000000E413-----------X,500,0,0,0,500,0,0,0,0,113.3,0,0,510,100,4823076400,4823076400,244529973,0,0,0,0,0
2025-10-03,TFCO,Tifico Fiber Indonesia Tbk.,--U-4135000000E413-----------X,500,0,0,0,500,0,0,0,0,113.3,0,0,510,100,4823076400,4823076400,244529973,0,0,0,0,0
2025-10-02,TFCO,Tifico Fiber Indonesia Tbk.,--U-4135000000E413-----------X,500,0,0,0,500,0,0,0,0,113.3,0,0,500,100,4823076400,4823076400,244529973,0,0,0,0,0
2025-10-01,TFCO,Tifico Fiber Indonesia Tbk.,--U-4135000000E413-----------X,500,0,0,0,500,0,0,0,0,113.3,0,0,500,100,4823076400,4823076400,244529973,0,0,0,0,0
2025-09-30,TFCO,Tifico Fiber Indonesia Tbk.,--U-4135000000E413-----------X,500,0,0,0,500,0,0,0,0,113.3,0,0,498,100,4823076400,4823076400,244529973,0,0,0,0,0
2025-09-29,TFCO,Tifico Fiber Indonesia Tbk.,--U-4135000000E413-----------X,500,0,0,0,500,0,0,0,0,113.3,0,0,500,200,4823076400,4823076400,244529973,0,0,0,0,0
2025-09-26,TFCO,Tifico Fiber Indonesia Tbk.,--U-4135000000E413-----------X,500,0,0,0,500,0,0,0,0,113.3,0,0,500,300,4823076400,4823076400,244529973,0,0,0,0,0
2025-09-25,TFCO,Tifico Fiber Indonesia Tbk.,--U-4135000000E413-----------X,500,0,0,0,500,0,0,0,0,113.3,0,0,505,100,4823076400,4823076400,244529973,0,0,0,0,0
2025-09-24,TFCO,Tifico Fiber Indonesia Tbk.,--U-4135000000E413-----------X,498,0,500,500,500,2,200,100000,1,113.3,0,0,498,1200,4823076400,4823076400,244529973,0,0,0,0,0
2025-09-23,TFCO,Tifico Fiber Indonesia Tbk.,--U-4135000000E413-----------X,498,0,0,0,498,0,0,0,0,112.9,0,0,500,200,4823076400,4823076400,244529973,0,0,0,0,0
2025-09-22,TFCO,Tifico Fiber Indonesia Tbk.,--U-4135000000E413-----------X,498,0,0,0,498,0,0,0,0,112.9,0,0,500,200,4823076400,4823076400,244529973,0,0,0,0,0
2025-09-19,TFCO,Tifico Fiber Indonesia Tbk.,--U-4135000000E413-----------X,498,0,0,0,498,0,0,0,0,112.9,0,0,500,200,4823076400,4823076400,244529973,0,0,0,0,0
2025-09-18,TFCO,Tifico Fiber Indonesia Tbk.,--U-4135000000E413-----------X,498,0,0,0,498,0,0,0,0,112.9,0,0,500,200,4823076400,4823076400,244529973,0,0,0,0,0
2025-09-17,TFCO,Tifico Fiber Indonesia Tbk.,--U-4135000000E413-----------X,498,0,0,0,498,0,0,0,0,112.9,0,0,500,200,4823076400,4823076400,244529973,0,0,0,0,0
2025-09-16,TFCO,Tifico Fiber Indonesia Tbk.,--U-4135000000E413-----------X,498,0,0,0,498,0,0,0,0,112.9,0,0,500,200,4823076400,4823076400,244529973,0,0,0,0,0
2025-09-15,TFCO,Tifico Fiber Indonesia Tbk.,--U-4135000000E413-----------X,498,0,0,0,498,0,0,0,0,112.9,0,0,500,200,4823076400,4823076400,244529973,0,0,0,0,0
2025-09-12,TFCO,Tifico Fiber Indonesia Tbk.,--U-4135000000E413-----------X,498,0,0,0,498,0,0,0,0,112.9,0,0,498,300,4823076400,4823076400,244529973,0,0,0,0,0
2025-09-11,TFCO,Tifico Fiber Indonesia Tbk.,--U-4135000000E413-----------X,498,0,0,0,498,0,0,0,0,112.9,0,0,498,100,4823076400,4823076400,244529973,0,0,0,0,0
2025-09-10,TFCO,Tifico Fiber Indonesia Tbk.,--U-4135000000E413-----------X,498,0,0,0,498,0,0,0,0,112.9,0,0,498,100,4823076400,4823076400,244529973,0,0,0,0,0
2025-09-09,TFCO,Tifico Fiber Indonesia Tbk.,--U-4135000000E413-----------X,498,0,0,0,498,0,0,0,0,112.9,0,0,498,200,4823076400,4823076400,244529973,0,0,0,0,0
2025-09-08,TFCO,Tifico Fiber Indonesia Tbk.,--U-4135000000E413-----------X,498,0,0,0,498,0,0,0,0,112.9,0,0,498,400,4823076400,4823076400,244529973,0,0,0,0,0
2025-09-04,TFCO,Tifico Fiber Indonesia Tbk.,--U-4135000000E413-----------X,498,0,0,0,498,0,0,0,0,112.9,0,0,498,100,4823076400,4823076400,244529973,0,0,0,0,0
2025-09-03,TFCO,Tifico Fiber Indonesia Tbk.,--U-4135000000E413-----------X,498,0,0,0,498,0,0,0,0,112.9,0,0,0,0,4823076400,4823076400,244529973,0,0,0,0,0
2025-09-02,TFCO,Tifico Fiber Indonesia Tbk.,--U-4135000000E413-----------X,498,0,0,0,498,0,0,0,0,112.9,0,0,498,100,4823076400,4823076400,244529973,0,0,0,0,0
2025-09-01,TFCO,Tifico Fiber Indonesia Tbk.,--U-4135000000E413-----------X,498,0,0,0,498,0,0,0,0,112.9,0,0,498,100,4823076400,4823076400,244529973,0,0,0,0,0
2025-08-29,TFCO,Tifico Fiber Indonesia Tbk.,--U-4135000000E413-----------X,498,0,0,0,498,0,0,0,0,112.9,0,0,498,100,4823076400,4823076400,244529973,0,0,0,0,0
2025-08-28,TFCO,Tifico Fiber Indonesia Tbk.,--U-4135000000E413-----------X,498,0,0,0,498,0,0,0,0,112.9,0,0,498,100,4823076400,4823076400,244529973,0,0,0,0,0
2025-08-27,TFCO,Tifico Fiber Indonesia Tbk.,--U-4135000000E413-----------X,498,0,0,0,498,0,0,0,0,112.9,0,0,498,200,4823076400,4823076400,244529973,0,0,0,0,0
2025-08-26,TFCO,Tifico Fiber Indonesia Tbk.,--U-4135000000E413-----------X,498,0,498,498,498,0,100,49800,1,112.9,0,0,498,100,4823076400,4823076400,244529973,0,0,0,0,0
2025-08-25,TFCO,Tifico Fiber Indonesia Tbk.,--U-4135000000E413-----------X,498,0,0,0,498,0,0,0,0,112.9,0,0,498,400,4823076400,4823076400,244529973,0,0,0,0,0
2025-08-22,TFCO,Tifico Fiber Indonesia Tbk.,--U-4135000000E413-----------X,498,0,498,498,498,0,100,49800,1,112.9,0,0,498,100,4823076400,4823076400,244529973,0,0,0,0,0
2025-08-21,TFCO,Tifico Fiber Indonesia Tbk.,--U-4135000000E413-----------X,498,0,0,0,498,0,0,0,0,112.9,0,0,498,100,4823076400,4823076400,244529973,0,0,0,0,0
2025-08-20,TFCO,Tifico Fiber Indonesia Tbk.,--U-4135000000E413-----------X,498,0,0,0,498,0,0,0,0,112.9,0,0,498,100,4823076400,4823076400,244529973,0,0,0,0,0
2025-08-19,TFCO,Tifico Fiber Indonesia Tbk.,--U-4135000000E413-----------X,498,0,0,0,498,0,0,0,0,112.9,0,0,498,100,4823076400,4823076400,244529973,0,0,0,0,0
2025-08-15,TFCO,Tifico Fiber Indonesia Tbk.,--U-4135000000E413-----------X,498,0,0,0,498,0,0,0,0,112.9,0,0,498,100,4823076400,4823076400,244529973,0,0,0,0,0
2025-08-14,TFCO,Tifico Fiber Indonesia Tbk.,--U-4135000000E413-----------X,498,0,0,0,498,0,0,0,0,112.9,0,0,0,0,4823076400,4823076400,244529973,0,0,0,0,0
2025-08-13,TFCO,Tifico Fiber Indonesia Tbk.,--U-4135000000E413-----------X,498,0,0,0,498,0,0,0,0,112.9,0,0,0,0,4823076400,4823076400,244529973,0,0,0,0,0
2025-08-12,TFCO,Tifico Fiber Indonesia Tbk.,--U-4135000000E413-----------X,498,0,0,0,498,0,0,0,0,112.9,0,0,0,0,4823076400,4823076400,244529973,0,0,0,0,0
2025-08-11,TFCO,Tifico Fiber Indonesia Tbk.,--U-4135000000E413-----------X,498,0,0,0,498,0,0,0,0,112.9,0,0,498,5000,4823076400,4823076400,244529973,0,0,0,0,0
2025-08-08,TFCO,Tifico Fiber Indonesia Tbk.,--U-4135000000E413-----------X,498,0,0,0,498,0,0,0,0,112.9,0,0,0,0,4823076400,4823076400,244529973,0,0,0,0,0
2025-08-07,TFCO,Tifico Fiber Indonesia Tbk.,--U-4135000000E413-----------X,498,0,0,0,498,0,0,0,0,112.9,0,0,0,0,4823076400,4823076400,244529973,0,0,0,0,0
2025-08-06,TFCO,Tifico Fiber Indonesia Tbk.,--U-4135000000E413-----------X,498,0,0,0,498,0,0,0,0,112.9,0,0,0,0,4823076400,4823076400,244529973,0,0,0,0,0
2025-08-05,TFCO,Tifico Fiber Indonesia Tbk.,--U-4135000000E413-----------X,498,0,0,0,498,0,0,0,0,112.9,498,100,0,0,4823076400,4823076400,244529973,0,0,0,0,0
2025-08-04,TFCO,Tifico Fiber Indonesia Tbk.,--U-4135000000E413-----------X,498,0,0,0,498,0,0,0,0,112.9,0,0,0,0,4823076400,4823076400,244529973,0,0,0,0,0
2025-08-01,TFCO,Tifico Fiber Indonesia Tbk.,--U-4135000000E413-----------X,498,0,0,0,498,0,0,0,0,112.9,0,0,498,1000,4823076400,4823076400,244529973,0,0,0,0,0
2025-07-31,TFCO,Tifico Fiber Indonesia Tbk.,--U-4135000000E413-----------X,498,0,0,0,498,0,0,0,0,112.9,0,0,0,0,4823076400,4823076400,244529973,0,0,0,0,0
2025-07-30,TFCO,Tifico Fiber Indonesia Tbk.,--U-4135000000E413-----------X,498,0,0,0,498,0,0,0,0,112.9,0,0,0,0,4823076400,4823076400,244529973,0,0,0,0,0
2025-07-29,TFCO,Tifico Fiber Indonesia Tbk.,--U-4135000000E413-----------X,498,0,0,0,498,0,0,0,0,112.9,0,0,0,0,4823076400,4823076400,244529973,0,0,0,0,0
2025-07-28,TFCO,Tifico Fiber Indonesia Tbk.,--U-4135000000E413-----------X,498,0,0,0,498,0,0,0,0,112.9,498,100,0,0,4823076400,4823076400,244529973,0,0,0,0,0
2025-07-25,TFCO,Tifico Fiber Indonesia Tbk.,--U-4135000000E413-----------X,498,0,0,0,498,0,0,0,0,112.9,0,0,0,0,4823076400,4823076400,244529973,0,0,0,0,0
2025-07-24,TFCO,Tifico Fiber Indonesia Tbk.,--U-4135000000E413-----------X,498,0,0,0,498,0,0,0,0,112.9,0,0,0,0,4823076400,4823076400,244529973,0,0,0,0,0
2025-07-23,TFCO,Tifico Fiber Indonesia Tbk.,--U-4135000000E413-----------X,498,0,0,0,498,0,0,0,0,112.9,0,0,0,0,4823076400,4823076400,244529973,0,0,0,0,0
2025-07-22,TFCO,Tifico Fiber Indonesia Tbk.,--U-4135000000E413-----------X,498,0,0,0,498,0,0,0,0,112.9,0,0,498,100,4823076400,4823076400,244529973,0,0,0,0,0
2025-07-21,TFCO,Tifico Fiber Indonesia Tbk.,--U-4135000000E413-----------X,498,0,0,0,498,0,0,0,0,112.9,0,0,0,0,4823076400,4823076400,244529973,0,0,0,0,0
2025-07-18,TFCO,Tifico Fiber Indonesia Tbk.,--U-4135000000E413-----------X,498,0,0,0,498,0,0,0,0,112.9,0,0,0,0,4823076400,4823076400,244529973,0,0,0,0,0
2025-07-17,TFCO,Tifico Fiber Indonesia Tbk.,--U-4135000000E413-----------X,498,0,0,0,498,0,0,0,0,112.9,0,0,0,0,4823076400,4823076400,244529973,0,0,0,0,0
2025-07-16,TFCO,Tifico Fiber Indonesia Tbk.,--U-4135000000E413-----------X,498,0,0,0,498,0,0,0,0,112.9,0,0,498,600,4823076400,4823076400,244529973,0,0,0,0,0
2025-07-15,TFCO,Tifico Fiber Indonesia Tbk.,--U-4135000000E413-----------X,498,0,0,0,498,0,0,0,0,112.9,0,0,0,0,4823076400,4823076400,244529973,0,0,0,0,0
2025-07-14,TFCO,Tifico Fiber Indonesia Tbk.,--U-4135000000E413-----------X,498,0,0,0,498,0,0,0,0,112.9,0,0,0,0,4823076400,4823076400,244529973,0,0,0,0,0
2025-07-11,TFCO,Tifico Fiber Indonesia Tbk.,--U-4135000000E413-----------X,498,0,0,0,498,0,0,0,0,112.9,0,0,0,0,4823076400,4823076400,244529973,0,0,0,0,0
2025-07-10,TFCO,Tifico Fiber Indonesia Tbk.,--U-4135000000E413-----------X,498,0,0,0,498,0,0,0,0,112.9,0,0,0,0,4823076400,4823076400,244529973,0,0,0,0,0
2025-07-09,TFCO,Tifico Fiber Indonesia Tbk.,--U-4135000000E413-----------X,498,0,0,0,498,0,0,0,0,112.9,0,0,0,0,4823076400,4823076400,244529973,0,0,0,0,0
2025-07-08,TFCO,Tifico Fiber Indonesia Tbk.,--U-4135000000E413-----------X,498,0,0,0,498,0,0,0,0,112.9,0,0,0,0,4823076400,4823076400,244529973,0,0,0,0,0
2025-07-07,TFCO,Tifico Fiber Indonesia Tbk.,--U-4135000000E413-----------X,498,0,0,0,498,0,0,0,0,112.9,0,0,0,0,4823076400,4823076400,244529973,0,0,0,0,0
2025-07-04,TFCO,Tifico Fiber Indonesia Tbk.,--U-4135000000E413-----------X,498,0,0,0,498,0,0,0,0,112.9,0,0,0,0,4823076400,4823076400,244529973,0,0,0,0,0
2025-07-03,TFCO,Tifico Fiber Indonesia Tbk.,--U-4135000000E413-----------X,498,0,0,0,498,0,0,0,0,112.9,0,0,0,0,4823076400,4823076400,244529973,0,0,0,0,0
2025-07-02,TFCO,Tifico Fiber Indonesia Tbk.,--U-4135000000E413-----------X,498,0,0,0,498,0,0,0,0,112.9,0,0,450,10000,4823076400,4823076400,244529973,0,0,0,0,0
2025-07-01,TFCO,Tifico Fiber Indonesia Tbk.,--U-4135000000E413-----------X,498,0,0,0,498,0,0,0,0,112.9,0,0,0,0,4823076400,4823076400,244529973,0,0,0,0,0
2025-06-30,TFCO,Tifico Fiber Indonesia Tbk.,--U-4135000000E413-----------X,498,0,0,0,498,0,0,0,0,112.9,0,0,0,0,4823076400,4823076400,193887671,0,0,0,0,0
2025-06-26,TFCO,Tifico Fiber Indonesia Tbk.,--U-4135000000E413-----------X,498,0,0,0,498,0,0,0,0,112.9,0,0,0,0,4823076400,4823076400,193887671,0,0,0,0,0
2025-06-25,TFCO,Tifico Fiber Indonesia Tbk.,--U-4135000000E413-----------X,498,0,0,0,498,0,0,0,0,112.9,0,0,490,400,4823076400,4823076400,193887671,0,0,0,0,0
2025-06-24,TFCO,Tifico Fiber Indonesia Tbk.,--U-4135000000E413-----------X,498,0,0,0,498,0,0,0,0,112.9,0,0,0,0,4823076400,4823076400,193887671,0,0,200,99600,2
2025-06-23,TFCO,Tifico Fiber Indonesia Tbk.,--U-4135000000E413-----------X,498,0,498,498,498,0,200,99600,2,112.9,0,0,0,0,4823076400,4823076400,193887671,0,0,0,0,0
2025-06-20,TFCO,Tifico Fiber Indonesia Tbk.,--U-4135000000E413-----------X,498,0,0,0,498,0,0,0,0,112.9,0,0,450,10000,4823076400,4823076400,193887671,0,0,0,0,0
2025-06-19,TFCO,Tifico Fiber Indonesia Tbk.,--U-4135000000E413-----------X,498,0,0,0,498,0,0,0,0,112.9,0,0,450,10000,4823076400,4823076400,193887671,0,0,0,0,0
2025-06-18,TFCO,Tifico Fiber Indonesia Tbk.,--U-4135000000E413-----------X,498,0,0,0,498,0,0,0,0,112.9,0,0,450,10000,4823076400,4823076400,193887671,0,0,0,0,0
2025-06-17,TFCO,Tifico Fiber Indonesia Tbk.,--U-4135000000E413-----------X,498,0,0,0,498,0,0,0,0,112.9,0,0,450,10000,4823076400,4823076400,193887671,0,0,0,0,0
2025-06-16,TFCO,Tifico Fiber Indonesia Tbk.,--U-4135000000E413-----------X,498,0,0,0,498,0,0,0,0,112.9,0,0,450,10000,4823076400,4823076400,193887671,0,0,0,0,0
2025-06-13,TFCO,Tifico Fiber Indonesia Tbk.,--U-4135000000E413-----------X,498,0,0,0,498,0,0,0,0,112.9,0,0,450,10000,4823076400,4823076400,193887671,0,0,0,0,0
2025-06-12,TFCO,Tifico Fiber Indonesia Tbk.,--U-4135000000E413-----------X,498,0,0,0,498,0,0,0,0,112.9,0,0,450,10000,4823076400,4823076400,193887671,0,0,0,0,0
2025-06-11,TFCO,Tifico Fiber Indonesia Tbk.,--U-4135000000E413-----------X,498,0,498,498,498,0,100,49800,1,112.9,0,0,450,10000,4823076400,4823076400,193887671,0,0,0,0,0
2025-06-10,TFCO,Tifico Fiber Indonesia Tbk.,--U-4135000000E413-----------X,498,0,498,498,498,0,100,49800,1,112.9,0,0,450,10000,4823076400,4823076400,193887671,0,0,0,0,0
2025-06-05,TFCO,Tifico Fiber Indonesia Tbk.,--U-4135000000E413-----------X,498,0,0,0,498,0,0,0,0,112.9,0,0,450,10000,4823076400,4823076400,193887671,0,0,0,0,0
2025-06-04,TFCO,Tifico Fiber Indonesia Tbk.,--U-4135000000E413-----------X,498,0,0,0,498,0,0,0,0,112.9,0,0,450,10000,4823076400,4823076400,193887671,0,0,0,0,0
2025-06-03,TFCO,Tifico Fiber Indonesia Tbk.,--U-4135000000E413-----------X,498,0,498,498,498,0,300,149400,3,112.9,0,0,498,100,4823076400,4823076400,193887671,0,0,0,0,0
2025-06-02,TFCO,Tifico Fiber Indonesia Tbk.,--U-4135000000E413-----------X,498,0,498,498,498,0,100,49800,1,112.9,0,0,498,100,4823076400,4823076400,193887671,0,0,0,0,0
2025-05-28,TFCO,Tifico Fiber Indonesia Tbk.,--U-4135000000E413-----------X,498,0,0,0,498,0,0,0,0,112.9,0,0,496,100,4823076400,4823076400,193887671,0,0,0,0,0
2025-05-27,TFCO,Tifico Fiber Indonesia Tbk.,--U-4135000000E413-----------X,494,0,498,494,498,4,8400,4174000,18,112.9,0,0,498,3900,4823076400,4823076400,193887671,0,0,0,0,0
2025-05-26,TFCO,Tifico Fiber Indonesia Tbk.,--U-4135000000E413-----------X,494,0,494,494,494,0,200,98800,2,111.9,446,7300,0,0,4823076400,4823076400,193887671,0,0,0,0,0
2025-05-23,TFCO,Tifico Fiber Indonesia Tbk.,--U-4135000000E413-----------X,494,0,0,0,494,0,0,0,0,111.9,0,0,494,200,4823076400,4823076400,193887671,0,0,0,0,0
2025-05-22,TFCO,Tifico Fiber Indonesia Tbk.,--U-4135000000E413-----------X,500,0,500,494,494,-6,1000,499400,2,111.9,0,0,494,1000,4823076400,4823076400,193887671,0,0,0,0,0
2025-05-21,TFCO,Tifico Fiber Indonesia Tbk.,--U-4135000000E413-----------X,500,0,500,500,500,0,100,50000,1,113.3,0,0,500,900,4823076400,4823076400,193887671,0,0,0,0,0
2025-05-20,TFCO,Tifico Fiber Indonesia Tbk.,--U-4135000000E413-----------X,500,0,0,0,500,0,0,0,0,113.3,0,0,500,1000,4823076400,4823076400,193887671,0,0,0,0,0
2025-05-19,TFCO,Tifico Fiber Indonesia Tbk.,--U-4135000000E413-----------X,500,0,0,0,500,0,0,0,0,113.3,0,0,500,1000,4823076400,4823076400,193887671,0,0,0,0,0
2025-05-16,TFCO,Tifico Fiber Indonesia Tbk.,--U-4135000000E413-----------X,500,0,0,0,500,0,0,0,0,113.3,0,0,500,1000,4823076400,4823076400,193887671,0,0,0,0,0
2025-05-15,TFCO,Tifico Fiber Indonesia Tbk.,--U-4135000000E413-----------X,500,0,0,0,500,0,0,0,0,113.3,0,0,500,1000,4823076400,4823076400,193887671,0,0,0,0,0
2025-05-14,TFCO,Tifico Fiber Indonesia Tbk.,--U-4135000000E413-----------X,500,0,0,0,500,0,0,0,0,113.3,0,0,500,1000,4823076400,4823076400,193887671,0,0,0,0,0
2025-05-09,TFCO,Tifico Fiber Indonesia Tbk.,--U-4135000000E413-----------X,500,0,0,0,500,0,0,0,0,113.3,0,0,500,1000,4823076400,4823076400,193887671,0,0,0,0,0
2025-05-08,TFCO,Tifico Fiber Indonesia Tbk.,--U-4135000000E413-----------X,500,0,0,0,500,0,0,0,0,113.3,0,0,500,1000,4823076400,4823076400,193887671,0,0,0,0,0
2025-05-07,TFCO,Tifico Fiber Indonesia Tbk.,--U-4135000000E413-----------X,500,0,0,0,500,0,0,0,0,113.3,0,0,500,1000,4823076400,4823076400,193887671,0,0,0,0,0
2025-05-06,TFCO,Tifico Fiber Indonesia Tbk.,--U-4135000000E413-----------X,500,0,0,0,500,0,0,0,0,113.3,0,0,500,1200,4823076400,4823076400,193887671,0,0,0,0,0
2025-05-05,TFCO,Tifico Fiber Indonesia Tbk.,--U-4135000000E413-----------X,500,0,0,0,500,0,0,0,0,113.3,0,0,500,1000,4823076400,4823076400,193887671,0,0,0,0,0
2025-05-02,TFCO,Tifico Fiber Indonesia Tbk.,--U-4135000000E413-----------X,500,0,0,0,500,0,0,0,0,113.3,0,0,500,1100,4823076400,4823076400,193887671,0,0,0,0,0
2025-04-30,TFCO,Tifico Fiber Indonesia Tbk.,--U-4135000000E413-----------X,500,0,0,0,500,0,0,0,0,113.3,0,0,500,1000,4823076400,4823076400,193887671,0,0,0,0,0
2025-04-29,TFCO,Tifico Fiber Indonesia Tbk.,--U-4135000000E413-----------X,500,0,0,0,500,0,0,0,0,113.3,0,0,500,1000,4823076400,4823076400,193887671,0,0,0,0,0
2025-04-28,TFCO,Tifico Fiber Indonesia Tbk.,--U-4135000000E413-----------X,500,0,0,0,500,0,0,0,0,113.3,0,0,500,1000,4823076400,4823076400,193887671,0,0,0,0,0
2025-04-25,TFCO,Tifico Fiber Indonesia Tbk.,--U-4135000000E413-----------X,500,0,0,0,500,0,0,0,0,113.3,0,0,500,1000,4823076400,4823076400,193887671,0,0,0,0,0
2025-04-24,TFCO,Tifico Fiber Indonesia Tbk.,--U-4135000000E413-----------X,500,0,0,0,500,0,0,0,0,113.3,0,0,500,1000,4823076400,4823076400,193887671,0,0,0,0,0
2025-04-23,TFCO,Tifico Fiber Indonesia Tbk.,--U-4135000000E413-----------X,500,0,0,0,500,0,0,0,0,113.3,0,0,500,1000,4823076400,4823076400,193887671,0,0,0,0,0
2025-04-22,TFCO,Tifico Fiber Indonesia Tbk.,--U-4135000000E413-----------X,500,0,0,0,500,0,0,0,0,113.3,0,0,500,1000,4823076400,4823076400,193887671,0,0,0,0,0
2025-04-21,TFCO,Tifico Fiber Indonesia Tbk.,--U-4135000000E413-----------X,500,0,0,0,500,0,0,0,0,113.3,0,0,500,1000,4823076400,4823076400,193887671,0,0,0,0,0
2025-04-17,TFCO,Tifico Fiber Indonesia Tbk.,--U-4135000000E413-----------X,500,0,0,0,500,0,0,0,0,113.3,0,0,468,1700,4823076400,4823076400,193887671,0,0,0,0,0
2025-04-16,TFCO,Tifico Fiber Indonesia Tbk.,--U-4135000000E413-----------X,500,0,500,500,500,0,1000,500000,1,113.3,0,0,468,1700,4823076400,4823076400,193887671,0,0,0,0,0
2025-04-15,TFCO,Tifico Fiber Indonesia Tbk.,--U-4135000000E413-----------X,500,0,0,0,500,0,0,0,0,113.3,0,0,480,700,4823076400,4823076400,193887671,0,0,0,0,0
2025-04-14,TFCO,Tifico Fiber Indonesia Tbk.,--U-4135000000E413-----------X,500,0,500,500,500,0,1000,500000,1,113.3,0,0,480,700,4823076400,4823076400,193887671,0,0,0,0,0
2025-04-11,TFCO,Tifico Fiber Indonesia Tbk.,--U-4135000000E413-----------X,500,0,500,500,500,0,1000,500000,2,113.3,0,0,500,100,4823076400,4823076400,193887671,0,0,0,0,0
2025-04-10,TFCO,Tifico Fiber Indonesia Tbk.,--U-4135000000E413-----------X,500,0,0,0,500,0,0,0,0,113.3,500,1000,0,0,4823076400,4823076400,193887671,0,0,0,0,0
2025-04-09,TFCO,Tifico Fiber Indonesia Tbk.,--U-4135000000E413-----------X,500,0,0,0,500,0,0,0,0,113.3,0,0,500,400,4823076400,4823076400,193887671,0,0,0,0,0
2025-04-08,TFCO,Tifico Fiber Indonesia Tbk.,--U-4135000000E413-----------X,500,0,0,0,500,0,0,0,0,113.3,0,0,0,0,4823076400,4823076400,193887671,0,0,0,0,0
2025-03-27,TFCO,Tifico Fiber Indonesia Tbk.,--U-4135000000E413-----------X,500,0,0,0,500,0,0,0,0,113.3,0,0,0,0,4823076400,4823076400,36655381,0,0,0,0,0
2025-03-26,TFCO,Tifico Fiber Indonesia Tbk.,--U-4135000000E413-----------X,500,0,0,0,500,0,0,0,0,113.3,0,0,0,0,4823076400,4823076400,36655381,0,0,6000,3600000,1
2025-03-25,TFCO,Tifico Fiber Indonesia Tbk.,--U-4135000000E413-----------X,496,0,500,500,500,4,1000,500000,1,113.3,500,1000,0,0,4823076400,4823076400,36655381,0,0,481800,236082000,2
2025-03-24,TFCO,Tifico Fiber Indonesia Tbk.,--U-4135000000E413-----------X,496,0,0,0,496,0,0,0,0,112.4,0,0,0,0,4823076400,4823076400,36655381,0,0,600,297600,6
2025-03-21,TFCO,Tifico Fiber Indonesia Tbk.,--U-4135000000E413-----------X,496,0,0,0,496,0,0,0,0,112.4,0,0,0,0,4823076400,4823076400,36655381,0,0,0,0,0
2025-03-20,TFCO,Tifico Fiber Indonesia Tbk.,--U-4135000000E413-----------X,496,0,0,0,496,0,0,0,0,112.4,0,0,0,0,4823076400,4823076400,36655381,0,0,0,0,0
2025-03-19,TFCO,Tifico Fiber Indonesia Tbk.,--U-4135000000E413-----------X,496,0,496,496,496,0,200,99200,2,112.4,0,0,492,100,4823076400,4823076400,36655381,0,0,0,0,0
2025-03-18,TFCO,Tifico Fiber Indonesia Tbk.,--U-4135000000E413-----------X,494,0,496,496,496,2,100,49600,1,112.4,0,0,494,100,4823076400,4823076400,36655381,0,0,0,0,0
2025-03-17,TFCO,Tifico Fiber Indonesia Tbk.,--U-4135000000E413-----------X,494,0,0,0,494,0,0,0,0,111.9,0,0,0,0,4823076400,4823076400,36655381,0,0,0,0,0
2025-03-14,TFCO,Tifico Fiber Indonesia Tbk.,--U-4135000000E413-----------X,494,0,0,0,494,0,0,0,0,111.9,0,0,494,100,4823076400,4823076400,36655381,0,0,0,0,0
2025-03-13,TFCO,Tifico Fiber Indonesia Tbk.,--U-4135000000E413-----------X,494,0,0,0,494,0,0,0,0,111.9,0,0,494,100,4823076400,4823076400,36655381,0,0,0,0,0
2025-03-12,TFCO,Tifico Fiber Indonesia Tbk.,--U-4135000000E413-----------X,494,0,0,0,494,0,0,0,0,111.9,0,0,0,0,4823076400,4823076400,36655381,0,0,0,0,0
2025-03-11,TFCO,Tifico Fiber Indonesia Tbk.,--U-4135000000E413-----------X,494,0,0,0,494,0,0,0,0,111.9,0,0,468,700,4823076400,4823076400,36655381,0,0,0,0,0
2025-03-10,TFCO,Tifico Fiber Indonesia Tbk.,--U-4135000000E413-----------X,494,0,0,0,494,0,0,0,0,111.9,0,0,494,100,4823076400,4823076400,36655381,0,0,0,0,0
2025-03-07,TFCO,Tifico Fiber Indonesia Tbk.,--U-4135000000E413-----------X,494,0,0,0,494,0,0,0,0,111.9,0,0,494,100,4823076400,4823076400,36655381,0,0,0,0,0
2025-03-06,TFCO,Tifico Fiber Indonesia Tbk.,--U-4135000000E413-----------X,494,0,0,0,494,0,0,0,0,111.9,0,0,494,700,4823076400,4823076400,36655381,0,0,0,0,0
2025-03-05,TFCO,Tifico Fiber Indonesia Tbk.,--U-4135000000E413-----------X,494,0,0,0,494,0,0,0,0,111.9,0,0,494,100,4823076400,4823076400,36655381,0,0,0,0,0
2025-03-04,TFCO,Tifico Fiber Indonesia Tbk.,--U-4135000000E413-----------X,494,0,494,494,494,0,100,49400,1,111.9,0,0,494,600,4823076400,4823076400,36655381,0,0,0,0,0
2025-03-03,TFCO,Tifico Fiber Indonesia Tbk.,--U-4135000000E413-----------X,492,0,494,492,494,2,900,444400,6,111.9,0,0,494,500,4823076400,4823076400,36655381,0,0,0,0,0
2025-02-28,TFCO,Tifico Fiber Indonesia Tbk.,--U-4135000000E413-----------X,492,0,0,0,492,0,0,0,0,111.5,0,0,492,400,4823076400,4823076400,36655381,0,0,0,0,0
2025-02-27,TFCO,Tifico Fiber Indonesia Tbk.,--U-4135000000E413-----------X,492,0,0,0,492,0,0,0,0,111.5,492,500,456,1700,4823076400,4823076400,36655381,0,0,10000,4900000,1
2025-02-26,TFCO,Tifico Fiber Indonesia Tbk.,--U-4135000000E413-----------X,492,0,0,0,492,0,0,0,0,111.5,0,0,456,1700,4823076400,4823076400,36655381,0,0,0,0,0
2025-02-25,TFCO,Tifico Fiber Indonesia Tbk.,--U-4135000000E413-----------X,492,0,0,0,492,0,0,0,0,111.5,0,0,456,700,4823076400,4823076400,36655381,0,0,0,0,0
2025-02-24,TFCO,Tifico Fiber Indonesia Tbk.,--U-4135000000E413-----------X,492,0,0,0,492,0,0,0,0,111.5,0,0,456,700,4823076400,4823076400,36655381,0,0,0,0,0
2025-02-21,TFCO,Tifico Fiber Indonesia Tbk.,--U-4135000000E413-----------X,492,0,0,0,492,0,0,0,0,111.5,0,0,450,1500,4823076400,4823076400,36655381,0,0,0,0,0
2025-02-20,TFCO,Tifico Fiber Indonesia Tbk.,--U-4135000000E413-----------X,492,0,0,0,492,0,0,0,0,111.5,0,0,450,2500,4823076400,4823076400,36655381,0,0,0,0,0
2025-02-19,TFCO,Tifico Fiber Indonesia Tbk.,--U-4135000000E413-----------X,492,0,0,0,492,0,0,0,0,111.5,0,0,490,3500,4823076400,4823076400,36655381,0,0,0,0,0
2025-02-18,TFCO,Tifico Fiber Indonesia Tbk.,--U-4135000000E413-----------X,492,0,0,0,492,0,0,0,0,111.5,492,20000,490,3500,4823076400,4823076400,36655381,0,0,0,0,0
2025-02-17,TFCO,Tifico Fiber Indonesia Tbk.,--U-4135000000E413-----------X,492,0,0,0,492,0,0,0,0,111.5,0,0,490,3500,4823076400,4823076400,36655381,0,0,0,0,0
2025-02-14,TFCO,Tifico Fiber Indonesia Tbk.,--U-4135000000E413-----------X,492,0,0,0,492,0,0,0,0,111.5,0,0,490,3500,4823076400,4823076400,36655381,0,0,0,0,0
2025-02-13,TFCO,Tifico Fiber Indonesia Tbk.,--U-4135000000E413-----------X,492,0,0,0,492,0,0,0,0,111.5,0,0,0,0,4823076400,4823076400,36655381,0,0,0,0,0
2025-02-12,TFCO,Tifico Fiber Indonesia Tbk.,--U-4135000000E413-----------X,492,0,492,492,492,0,100,49200,1,111.5,0,0,0,0,4823076400,4823076400,36655381,0,0,0,0,0
2025-02-11,TFCO,Tifico Fiber Indonesia Tbk.,--U-4135000000E413-----------X,492,0,0,0,492,0,0,0,0,111.5,0,0,0,0,4823076400,4823076400,36655381,0,0,0,0,0
2025-02-10,TFCO,Tifico Fiber Indonesia Tbk.,--U-4135000000E413-----------X,492,0,0,0,492,0,0,0,0,111.5,0,0,486,100,4823076400,4823076400,36655381,0,0,0,0,0
2025-02-07,TFCO,Tifico Fiber Indonesia Tbk.,--U-4135000000E413-----------X,492,0,0,0,492,0,0,0,0,111.5,0,0,0,0,4823076400,4823076400,36655381,0,0,0,0,0
2025-02-06,TFCO,Tifico Fiber Indonesia Tbk.,--U-4135000000E413-----------X,492,0,0,0,492,0,0,0,0,111.5,0,0,0,0,4823076400,4823076400,36655381,0,0,0,0,0
2025-02-05,TFCO,Tifico Fiber Indonesia Tbk.,--U-4135000000E413-----------X,492,0,0,0,492,0,0,0,0,111.5,0,0,492,100,4823076400,4823076400,36655381,0,0,0,0,0
2025-02-04,TFCO,Tifico Fiber Indonesia Tbk.,--U-4135000000E413-----------X,492,0,0,0,492,0,0,0,0,111.5,0,0,0,0,4823076400,4823076400,36655381,0,0,0,0,0
2025-02-03,TFCO,Tifico Fiber Indonesia Tbk.,--U-4135000000E413-----------X,492,0,0,0,492,0,0,0,0,111.5,0,0,0,0,4823076400,4823076400,36655381,0,0,0,0,0
2025-01-31,TFCO,Tifico Fiber Indonesia Tbk.,--U-4135000000E413-----------X,492,0,0,0,492,0,0,0,0,111.5,0,0,492,1200,4823076400,4823076400,36655381,0,0,0,0,0
2025-01-30,TFCO,Tifico Fiber Indonesia Tbk.,--U-4135000000E413-----------X,545,0,492,492,492,-53,1000,492000,1,111.5,0,0,0,0,4823076400,4823076400,36655381,0,0,0,0,0
2025-01-24,TFCO,Tifico Fiber Indonesia Tbk.,--U-4135000000E413-----------X,545,0,0,0,545,0,0,0,0,123.5,595,100,540,1200,4823076400,4823076400,36655381,0,0,0,0,0
2025-01-23,TFCO,Tifico Fiber Indonesia Tbk.,--U-4135000000E413-----------X,590,0,545,535,545,-45,1100,589500,2,123.5,0,0,545,100,4823076400,4823076400,36655381,0,0,0,0,0
2025-01-22,TFCO,Tifico Fiber Indonesia Tbk.,--U-4135000000E413-----------X,590,0,0,0,590,0,0,0,0,133.7,0,0,590,700,4823076400,4823076400,36655381,0,0,0,0,0
2025-01-21,TFCO,Tifico Fiber Indonesia Tbk.,--U-4135000000E413-----------X,635,0,590,590,590,-45,1500,885000,1,133.7,0,0,0,0,4823076400,4823076400,36655381,0,0,0,0,0
2025-01-20,TFCO,Tifico Fiber Indonesia Tbk.,--U-4135000000E413-----------X,635,0,0,0,635,0,0,0,0,143.9,0,0,0,0,4823076400,4823076400,36655381,0,0,0,0,0
2025-01-17,TFCO,Tifico Fiber Indonesia Tbk.,--U-4135000000E413-----------X,635,0,0,0,635,0,0,0,0,143.9,0,0,0,0,4823076400,4823076400,36655381,0,0,0,0,0
2025-01-16,TFCO,Tifico Fiber Indonesia Tbk.,--U-4135000000E413-----------X,635,0,0,0,635,0,0,0,0,143.9,0,0,0,0,4823076400,4823076400,36655381,0,0,0,0,0
2025-01-15,TFCO,Tifico Fiber Indonesia Tbk.,--U-4135000000E413-----------X,635,0,0,0,635,0,0,0,0,143.9,0,0,0,0,4823076400,4823076400,36655381,0,0,0,0,0
2025-01-14,TFCO,Tifico Fiber Indonesia Tbk.,--U-4135000000E413-----------X,635,0,0,0,635,0,0,0,0,143.9,0,0,0,0,4823076400,4823076400,36655381,0,0,0,0,0
2025-01-13,TFCO,Tifico Fiber Indonesia Tbk.,--U-4135000000E413-----------X,635,0,0,0,635,0,0,0,0,143.9,0,0,0,0,4823076400,4823076400,36655381,0,0,0,0,0
2025-01-10,TFCO,Tifico Fiber Indonesia Tbk.,--U-4135000000E413-----------X,635,0,0,0,635,0,0,0,0,143.9,0,0,635,700,4823076400,4823076400,36655381,0,0,0,0,0
2025-01-09,TFCO,Tifico Fiber Indonesia Tbk.,--U-4135000000E413-----------X,635,0,0,0,635,0,0,0,0,143.9,0,0,0,0,4823076400,4823076400,36655381,0,0,0,0,0
2025-01-08,TFCO,Tifico Fiber Indonesia Tbk.,--U-4135000000E413-----------X,635,0,0,0,635,0,0,0,0,143.9,0,0,0,0,4823076400,4823076400,36655381,0,0,0,0,0
2025-01-07,TFCO,Tifico Fiber Indonesia Tbk.,--U-4135000000E413-----------X,635,0,0,0,635,0,0,0,0,143.9,0,0,0,0,4823076400,4823076400,36655381,0,0,0,0,0
2025-01-06,TFCO,Tifico Fiber Indonesia Tbk.,--U-4135000000E413-----------X,635,0,0,0,635,0,0,0,0,143.9,0,0,0,0,4823076400,4823076400,36655381,0,0,0,0,0
2025-01-03,TFCO,Tifico Fiber Indonesia Tbk.,--U-4135000000E413-----------X,635,0,0,0,635,0,0,0,0,143.9,0,0,0,0,4823076400,4823076400,36655381,0,0,0,0,0
2025-01-02,TFCO,Tifico Fiber Indonesia Tbk.,--U-4135000000E413-----------X,635,0,0,0,635,0,0,0,0,143.9,0,0,635,100,4823076400,4823076400,36655381,0,0,0,0,0
2024-12-30,TFCO,Tifico Fiber Indonesia Tbk.,--U-4135000000E413-----------X,635,0,0,0,635,0,0,0,0,143.9,0,0,0,0,4823076400,4823076400,284561508,0,0,0,0,0
2024-12-27,TFCO,Tifico Fiber Indonesia Tbk.,--U-4135000000E413-----------X,635,0,0,0,635,0,0,0,0,143.9,0,0,0,0,4823076400,4823076400,284561508,0,0,0,0,0
2024-12-24,TFCO,Tifico Fiber Indonesia Tbk.,--U-4135000000E413-----------X,635,0,0,0,635,0,0,0,0,143.9,0,0,0,0,4823076400,4823076400,284561508,0,0,0,0,0
2024-12-23,TFCO,Tifico Fiber Indonesia Tbk.,--U-4135000000E413-----------X,635,0,0,0,635,0,0,0,0,143.9,0,0,0,0,4823076400,4823076400,284561508,0,0,0,0,0
2024-12-20,TFCO,Tifico Fiber Indonesia Tbk.,--U-4135000000E413-----------X,635,0,0,0,635,0,0,0,0,143.9,670,400,635,14800,4823076400,4823076400,284561508,0,0,0,0,0
2024-12-19,TFCO,Tifico Fiber Indonesia Tbk.,--U-4135000000E413-----------X,635,0,0,0,635,0,0,0,0,143.9,0,0,635,14800,4823076400,4823076400,284561508,0,0,0,0,0
2024-12-18,TFCO,Tifico Fiber Indonesia Tbk.,--U-4135000000E413-----------X,635,0,0,0,635,0,0,0,0,143.9,0,0,635,14800,4823076400,4823076400,284561508,0,0,0,0,0
2024-12-17,TFCO,Tifico Fiber Indonesia Tbk.,--U-4135000000E413-----------X,635,0,0,0,635,0,0,0,0,143.9,0,0,635,14800,4823076400,4823076400,284561508,0,0,0,0,0
2024-12-16,TFCO,Tifico Fiber Indonesia Tbk.,--U-4135000000E413-----------X,635,0,0,0,635,0,0,0,0,143.9,0,0,635,14800,4823076400,4823076400,284561508,0,0,0,0,0
2024-12-13,TFCO,Tifico Fiber Indonesia Tbk.,--U-4135000000E413-----------X,635,0,0,0,635,0,0,0,0,143.9,0,0,635,14800,4823076400,4823076400,284561508,0,0,0,0,0
2024-12-12,TFCO,Tifico Fiber Indonesia Tbk.,--U-4135000000E413-----------X,635,0,0,0,635,0,0,0,0,143.9,0,0,635,14800,4823076400,4823076400,284561508,0,0,0,0,0
2024-12-11,TFCO,Tifico Fiber Indonesia Tbk.,--U-4135000000E413-----------X,635,0,0,0,635,0,0,0,0,143.9,0,0,635,14800,4823076400,4823076400,284561508,0,0,0,0,0
2024-12-10,TFCO,Tifico Fiber Indonesia Tbk.,--U-4135000000E413-----------X,635,0,0,0,635,0,0,0,0,143.9,0,0,635,14800,4823076400,4823076400,284561508,0,0,0,0,0
2024-12-09,TFCO,Tifico Fiber Indonesia Tbk.,--U-4135000000E413-----------X,635,0,0,0,635,0,0,0,0,143.9,0,0,635,14800,4823076400,4823076400,284561508,0,0,0,0,0
2024-12-06,TFCO,Tifico Fiber Indonesia Tbk.,--U-4135000000E413-----------X,635,0,0,0,635,0,0,0,0,143.9,0,0,635,14800,4823076400,4823076400,284561508,0,0,0,0,0
2024-12-05,TFCO,Tifico Fiber Indonesia Tbk.,--U-4135000000E413-----------X,635,0,0,0,635,0,0,0,0,143.9,0,0,635,14800,4823076400,4823076400,284561508,0,0,0,0,0
2024-12-04,TFCO,Tifico Fiber Indonesia Tbk.,--U-4135000000E413-----------X,635,0,0,0,635,0,0,0,0,143.9,0,0,635,14800,4823076400,4823076400,284561508,0,0,0,0,0
2024-12-03,TFCO,Tifico Fiber Indonesia Tbk.,--U-4135000000E413-----------X,635,0,0,0,635,0,0,0,0,143.9,0,0,635,14800,4823076400,4823076400,284561508,0,0,0,0,0
2024-12-02,TFCO,Tifico Fiber Indonesia Tbk.,--U-4135000000E413-----------X,635,0,635,635,635,0,200,127000,1,143.9,0,0,635,14800,4823076400,4823076400,284561508,0,0,0,0,0
2024-11-29,TFCO,Tifico Fiber Indonesia Tbk.,--U-4135000000E413-----------X,635,0,0,0,635,0,0,0,0,143.9,670,400,635,15000,4823076400,4823076400,284561508,0,0,0,0,0
2024-11-28,TFCO,Tifico Fiber Indonesia Tbk.,--U-4135000000E413-----------X,635,0,0,0,635,0,0,0,0,143.9,670,400,635,15000,4823076400,4823076400,284561508,0,0,0,0,0
2024-11-26,TFCO,Tifico Fiber Indonesia Tbk.,--U-4135000000E413-----------X,635,0,0,0,635,0,0,0,0,143.9,0,0,635,15000,4823076400,4823076400,284561508,0,0,0,0,0
2024-11-25,TFCO,Tifico Fiber Indonesia Tbk.,--U-4135000000E413-----------X,635,0,0,0,635,0,0,0,0,143.9,0,0,635,15000,4823076400,4823076400,284561508,0,0,0,0,0
2024-11-22,TFCO,Tifico Fiber Indonesia Tbk.,--U-4135000000E413-----------X,635,0,0,0,635,0,0,0,0,143.9,0,0,635,16000,4823076400,4823076400,284561508,0,0,0,0,0
2024-11-21,TFCO,Tifico Fiber Indonesia Tbk.,--U-4135000000E413-----------X,635,0,0,0,635,0,0,0,0,143.9,0,0,635,16200,4823076400,4823076400,284561508,0,0,0,0,0
2024-11-20,TFCO,Tifico Fiber Indonesia Tbk.,--U-4135000000E413-----------X,635,0,0,0,635,0,0,0,0,143.9,0,0,635,16500,4823076400,4823076400,284561508,0,0,0,0,0
2024-11-19,TFCO,Tifico Fiber Indonesia Tbk.,--U-4135000000E413-----------X,635,0,0,0,635,0,0,0,0,143.9,670,400,635,16000,4823076400,4823076400,284561508,0,0,0,0,0
2024-11-18,TFCO,Tifico Fiber Indonesia Tbk.,--U-4135000000E413-----------X,635,0,0,0,635,0,0,0,0,143.9,0,0,635,16000,4823076400,4823076400,284561508,0,0,0,0,0
2024-11-15,TFCO,Tifico Fiber Indonesia Tbk.,--U-4135000000E413-----------X,635,0,0,0,635,0,0,0,0,143.9,0,0,635,16100,4823076400,4823076400,284561508,0,0,0,0,0
2024-11-14,TFCO,Tifico Fiber Indonesia Tbk.,--U-4135000000E413-----------X,635,0,0,0,635,0,0,0,0,143.9,0,0,635,15600,4823076400,4823076400,284561508,0,0,0,0,0
2024-11-13,TFCO,Tifico Fiber Indonesia Tbk.,--U-4135000000E413-----------X,635,0,0,0,635,0,0,0,0,143.9,0,0,635,16100,4823076400,4823076400,284561508,0,0,0,0,0
2024-11-12,TFCO,Tifico Fiber Indonesia Tbk.,--U-4135000000E413-----------X,635,0,0,0,635,0,0,0,0,143.9,0,0,635,15100,4823076400,4823076400,284561508,0,0,0,0,0
2024-11-11,TFCO,Tifico Fiber Indonesia Tbk.,--U-4135000000E413-----------X,635,0,0,0,635,0,0,0,0,143.9,0,0,635,16900,4823076400,4823076400,284561508,0,0,0,0,0
2024-11-08,TFCO,Tifico Fiber Indonesia Tbk.,--U-4135000000E413-----------X,635,0,0,0,635,0,0,0,0,143.9,0,0,635,15100,4823076400,4823076400,284561508,0,0,0,0,0
2024-11-07,TFCO,Tifico Fiber Indonesia Tbk.,--U-4135000000E413-----------X,635,0,0,0,635,0,0,0,0,143.9,670,400,635,15500,4823076400,4823076400,284561508,0,0,0,0,0
2024-11-06,TFCO,Tifico Fiber Indonesia Tbk.,--U-4135000000E413-----------X,635,0,0,0,635,0,0,0,0,143.9,0,0,635,15900,4823076400,4823076400,284561508,0,0,0,0,0
2024-11-05,TFCO,Tifico Fiber Indonesia Tbk.,--U-4135000000E413-----------X,635,0,0,0,635,0,0,0,0,143.9,0,0,635,16200,4823076400,4823076400,284561508,0,0,0,0,0
2024-11-04,TFCO,Tifico Fiber Indonesia Tbk.,--U-4135000000E413-----------X,635,0,0,0,635,0,0,0,0,143.9,0,0,635,16200,4823076400,4823076400,284561508,0,0,0,0,0
2024-11-01,TFCO,Tifico Fiber Indonesia Tbk.,--U-4135000000E413-----------X,635,0,0,0,635,0,0,0,0,143.9,0,0,635,16200,4823076400,4823076400,284561508,0,0,0,0,0
2024-10-31,TFCO,Tifico Fiber Indonesia Tbk.,--U-4135000000E413-----------X,635,0,0,0,635,0,0,0,0,143.9,0,0,635,16200,4823076400,4823076400,284561508,0,0,0,0,0
2024-10-30,TFCO,Tifico Fiber Indonesia Tbk.,--U-4135000000E413-----------X,635,0,0,0,635,0,0,0,0,143.9,0,0,635,16300,4823076400,4823076400,284561508,0,0,0,0,0
2024-10-29,TFCO,Tifico Fiber Indonesia Tbk.,--U-4135000000E413-----------X,635,0,0,0,635,0,0,0,0,143.9,0,0,635,15700,4823076400,4823076400,284561508,0,0,0,0,0
2024-10-28,TFCO,Tifico Fiber Indonesia Tbk.,--U-4135000000E413-----------X,635,0,0,0,635,0,0,0,0,143.9,0,0,635,15800,4823076400,4823076400,284561508,0,0,0,0,0
2024-10-25,TFCO,Tifico Fiber Indonesia Tbk.,--U-4135000000E413-----------X,635,0,0,0,635,0,0,0,0,143.9,0,0,635,15700,4823076400,4823076400,284561508,0,0,0,0,0
2024-10-24,TFCO,Tifico Fiber Indonesia Tbk.,--U-4135000000E413-----------X,635,0,0,0,635,0,0,0,0,143.9,0,0,635,15700,4823076400,4823076400,284561508,0,0,0,0,0
2024-10-23,TFCO,Tifico Fiber Indonesia Tbk.,--U-4135000000E413-----------X,635,0,0,0,635,0,0,0,0,143.9,0,0,635,15700,4823076400,4823076400,284561508,0,0,0,0,0
2024-10-22,TFCO,Tifico Fiber Indonesia Tbk.,--U-4135000000E413-----------X,635,0,0,0,635,0,0,0,0,143.9,0,0,635,15700,4823076400,4823076400,284561508,0,0,0,0,0
2024-10-21,TFCO,Tifico Fiber Indonesia Tbk.,--U-4135000000E413-----------X,635,0,0,0,635,0,0,0,0,143.9,0,0,635,700,4823076400,4823076400,284561508,0,0,0,0,0
2024-10-18,TFCO,Tifico Fiber Indonesia Tbk.,--U-4135000000E413-----------X,635,0,635,635,635,0,200,127000,1,143.9,0,0,635,500,4823076400,4823076400,284561508,0,0,0,0,0
2024-10-17,TFCO,Tifico Fiber Indonesia Tbk.,--U-4135000000E413-----------X,635,0,0,0,635,0,0,0,0,143.9,0,0,635,600,4823076400,4823076400,284561508,0,0,0,0,0
2024-10-16,TFCO,Tifico Fiber Indonesia Tbk.,--U-4135000000E413-----------X,635,0,0,0,635,0,0,0,0,143.9,0,0,635,600,4823076400,4823076400,284561508,0,0,0,0,0
2024-10-15,TFCO,Tifico Fiber Indonesia Tbk.,--U-4135000000E413-----------X,635,0,0,0,635,0,0,0,0,143.9,0,0,635,100,4823076400,4823076400,284561508,0,0,0,0,0
2024-10-14,TFCO,Tifico Fiber Indonesia Tbk.,--U-4135000000E413-----------X,635,0,0,0,635,0,0,0,0,143.9,0,0,635,100,4823076400,4823076400,284561508,0,0,0,0,0
2024-10-11,TFCO,Tifico Fiber Indonesia Tbk.,--U-4135000000E413-----------X,635,0,0,0,635,0,0,0,0,143.9,0,0,635,100,4823076400,4823076400,284561508,0,0,0,0,0
2024-10-10,TFCO,Tifico Fiber Indonesia Tbk.,--U-4135000000E413-----------X,635,0,0,0,635,0,0,0,0,143.9,0,0,635,100,4823076400,4823076400,284561508,0,0,0,0,0
2024-10-09,TFCO,Tifico Fiber Indonesia Tbk.,--U-4135000000E413-----------X,635,0,0,0,635,0,0,0,0,143.9,0,0,635,100,4823076400,4823076400,284561508,0,0,0,0,0
2024-10-08,TFCO,Tifico Fiber Indonesia Tbk.,--U-4135000000E413-----------X,635,0,0,0,635,0,0,0,0,143.9,0,0,635,100,4823076400,4823076400,284561508,0,0,0,0,0
2024-10-07,TFCO,Tifico Fiber Indonesia Tbk.,--U-4135000000E413-----------X,635,0,0,0,635,0,0,0,0,143.9,0,0,635,100,4823076400,4823076400,284561508,0,0,0,0,0
2024-10-04,TFCO,Tifico Fiber Indonesia Tbk.,--U-4135000000E413-----------X,635,0,0,0,635,0,0,0,0,143.9,0,0,635,100,4823076400,4823076400,284561508,0,0,0,0,0
2024-10-03,TFCO,Tifico Fiber Indonesia Tbk.,--U-4135000000E413-----------X,635,0,0,0,635,0,0,0,0,143.9,0,0,635,20000,4823076400,4823076400,284561508,0,0,0,0,0
2024-10-02,TFCO,Tifico Fiber Indonesia Tbk.,--U-4135000000E413-----------X,635,0,0,0,635,0,0,0,0,143.9,0,0,635,20000,4823076400,4823076400,284561508,0,0,0,0,0
2024-10-01,TFCO,Tifico Fiber Indonesia Tbk.,--U-4135000000E413-----------X,635,0,0,0,635,0,0,0,0,143.9,0,0,635,20000,4823076400,4823076400,284561508,0,0,0,0,0
2024-09-30,TFCO,Tifico Fiber Indonesia Tbk.,--U-4135000000E413-----------X,635,0,635,635,635,0,100,63500,1,143.9,0,0,635,20000,4823076400,4823076400,121541525,0,0,0,0,0
2024-09-27,TFCO,Tifico Fiber Indonesia Tbk.,--U-4135000000E413-----------X,635,0,0,0,635,0,0,0,0,143.9,0,0,635,20100,4823076400,4823076400,121541525,0,0,0,0,0
2024-09-26,TFCO,Tifico Fiber Indonesia Tbk.,--U-4135000000E413-----------X,635,0,0,0,635,0,0,0,0,143.9,0,0,635,20100,4823076400,4823076400,121541525,0,0,0,0,0
2024-09-25,TFCO,Tifico Fiber Indonesia Tbk.,--U-4135000000E413-----------X,635,0,0,0,635,0,0,0,0,143.9,0,0,635,20100,4823076400,4823076400,121541525,0,0,0,0,0
2024-09-24,TFCO,Tifico Fiber Indonesia Tbk.,--U-4135000000E413-----------X,635,0,0,0,635,0,0,0,0,143.9,0,0,635,20100,4823076400,4823076400,121541525,0,0,0,0,0
2024-09-23,TFCO,Tifico Fiber Indonesia Tbk.,--U-4135000000E413-----------X,635,0,0,0,635,0,0,0,0,143.9,0,0,635,20100,4823076400,4823076400,121541525,0,0,0,0,0
2024-09-20,TFCO,Tifico Fiber Indonesia Tbk.,--U-4135000000E413-----------X,635,0,0,0,635,0,0,0,0,143.9,0,0,635,20100,4823076400,4823076400,121541525,0,0,0,0,0
2024-09-19,TFCO,Tifico Fiber Indonesia Tbk.,--U-4135000000E413-----------X,635,0,635,635,635,0,200,127000,1,143.9,0,0,635,19900,4823076400,4823076400,121541525,0,0,0,0,0
2024-09-18,TFCO,Tifico Fiber Indonesia Tbk.,--U-4135000000E413-----------X,635,0,0,0,635,0,0,0,0,143.9,0,0,635,50100,4823076400,4823076400,121541525,0,0,0,0,0
2024-09-17,TFCO,Tifico Fiber Indonesia Tbk.,--U-4135000000E413-----------X,635,0,0,0,635,0,0,0,0,143.9,0,0,635,20000,4823076400,4823076400,121541525,0,0,0,0,0
2024-09-13,TFCO,Tifico Fiber Indonesia Tbk.,--U-4135000000E413-----------X,635,0,0,0,635,0,0,0,0,143.9,0,0,635,20100,4823076400,4823076400,121541525,0,0,0,0,0
2024-09-12,TFCO,Tifico Fiber Indonesia Tbk.,--U-4135000000E413-----------X,635,0,635,635,635,0,100,63500,1,143.9,0,0,635,50100,4823076400,4823076400,121541525,0,0,0,0,0
2024-09-11,TFCO,Tifico Fiber Indonesia Tbk.,--U-4135000000E413-----------X,635,0,0,0,635,0,0,0,0,143.9,0,0,635,50000,4823076400,4823076400,121541525,0,0,0,0,0
2024-09-10,TFCO,Tifico Fiber Indonesia Tbk.,--U-4135000000E413-----------X,635,0,0,0,635,0,0,0,0,143.9,0,0,635,20100,4823076400,4823076400,121541525,0,0,0,0,0
2024-09-09,TFCO,Tifico Fiber Indonesia Tbk.,--U-4135000000E413-----------X,635,0,0,0,635,0,0,0,0,143.9,0,0,635,50100,4823076400,4823076400,121541525,0,0,0,0,0
2024-09-06,TFCO,Tifico Fiber Indonesia Tbk.,--U-4135000000E413-----------X,635,0,0,0,635,0,0,0,0,143.9,0,0,635,50100,4823076400,4823076400,121541525,0,0,0,0,0
2024-09-05,TFCO,Tifico Fiber Indonesia Tbk.,--U-4135000000E413-----------X,635,0,0,0,635,0,0,0,0,143.9,0,0,635,50100,4823076400,4823076400,121541525,0,0,0,0,0
2024-09-04,TFCO,Tifico Fiber Indonesia Tbk.,--U-4135000000E413-----------X,635,0,0,0,635,0,0,0,0,143.9,0,0,635,100,4823076400,4823076400,121541525,0,0,0,0,0
2024-09-03,TFCO,Tifico Fiber Indonesia Tbk.,--U-4135000000E413-----------X,635,0,0,0,635,0,0,0,0,143.9,0,0,635,50100,4823076400,4823076400,121541525,0,0,0,0,0
2024-09-02,TFCO,Tifico Fiber Indonesia Tbk.,--U-4135000000E413-----------X,635,0,0,0,635,0,0,0,0,143.9,0,0,635,20000,4823076400,4823076400,121541525,0,0,0,0,0
2024-08-30,TFCO,Tifico Fiber Indonesia Tbk.,--U-4135000000E413-----------X,635,0,0,0,635,0,0,0,0,143.9,0,0,635,20100,4823076400,4823076400,121541525,0,0,0,0,0
2024-08-29,TFCO,Tifico Fiber Indonesia Tbk.,--U-4135000000E413-----------X,635,0,635,635,635,0,2500,1587500,1,143.9,0,0,635,17600,4823076400,4823076400,121541525,0,0,0,0,0
2024-08-28,TFCO,Tifico Fiber Indonesia Tbk.,--U-4135000000E413-----------X,635,0,0,0,635,0,0,0,0,143.9,0,0,635,50100,4823076400,4823076400,121541525,0,0,0,0,0
2024-08-27,TFCO,Tifico Fiber Indonesia Tbk.,--U-4135000000E413-----------X,635,0,635,635,635,0,7700,4889500,1,143.9,0,0,635,42400,4823076400,4823076400,121541525,0,0,0,0,0
2024-08-26,TFCO,Tifico Fiber Indonesia Tbk.,--U-4135000000E413-----------X,635,0,0,0,635,0,0,0,0,143.9,0,0,635,50000,4823076400,4823076400,121541525,0,0,0,0,0
2024-08-23,TFCO,Tifico Fiber Indonesia Tbk.,--U-4135000000E413-----------X,635,0,0,0,635,0,0,0,0,143.9,0,0,635,50100,4823076400,4823076400,121541525,0,0,0,0,0
2024-08-22,TFCO,Tifico Fiber Indonesia Tbk.,--U-4135000000E413-----------X,635,0,0,0,635,0,0,0,0,143.9,0,0,635,100,4823076400,4823076400,121541525,0,0,0,0,0
2024-08-21,TFCO,Tifico Fiber Indonesia Tbk.,--U-4135000000E413-----------X,635,0,0,0,635,0,0,0,0,143.9,0,0,635,50100,4823076400,4823076400,121541525,0,0,0,0,0
2024-08-20,TFCO,Tifico Fiber Indonesia Tbk.,--U-4135000000E413-----------X,635,0,0,0,635,0,0,0,0,143.9,0,0,635,100,4823076400,4823076400,121541525,0,0,0,0,0
2024-08-19,TFCO,Tifico Fiber Indonesia Tbk.,--U-4135000000E413-----------X,635,0,0,0,635,0,0,0,0,143.9,0,0,635,50100,4823076400,4823076400,121541525,0,0,0,0,0
2024-08-16,TFCO,Tifico Fiber Indonesia Tbk.,--U-4135000000E413-----------X,635,0,0,0,635,0,0,0,0,143.9,0,0,635,100,4823076400,4823076400,121541525,0,0,0,0,0
2024-08-15,TFCO,Tifico Fiber Indonesia Tbk.,--U-4135000000E413-----------X,635,0,0,0,635,0,0,0,0,143.9,0,0,635,50100,4823076400,4823076400,121541525,0,0,0,0,0
2024-08-14,TFCO,Tifico Fiber Indonesia Tbk.,--U-4135000000E413-----------X,635,0,0,0,635,0,0,0,0,143.9,0,0,635,50100,4823076400,4823076400,121541525,0,0,0,0,0
2024-08-13,TFCO,Tifico Fiber Indonesia Tbk.,--U-4135000000E413-----------X,635,0,0,0,635,0,0,0,0,143.9,0,0,0,0,4823076400,4823076400,121541525,0,0,0,0,0
2024-08-12,TFCO,Tifico Fiber Indonesia Tbk.,--U-4135000000E413-----------X,635,0,0,0,635,0,0,0,0,143.9,0,0,635,100,4823076400,4823076400,121541525,0,0,0,0,0
2024-08-09,TFCO,Tifico Fiber Indonesia Tbk.,--U-4135000000E413-----------X,635,0,0,0,635,0,0,0,0,143.9,0,0,0,0,4823076400,4823076400,121541525,0,0,0,0,0
2024-08-08,TFCO,Tifico Fiber Indonesia Tbk.,--U-4135000000E413-----------X,635,0,0,0,635,0,0,0,0,143.9,0,0,0,0,4823076400,4823076400,121541525,0,0,0,0,0
2024-08-07,TFCO,Tifico Fiber Indonesia Tbk.,--U-4135000000E413-----------X,635,0,0,0,635,0,0,0,0,143.9,0,0,635,100,4823076400,4823076400,121541525,0,0,0,0,0
2024-08-06,TFCO,Tifico Fiber Indonesia Tbk.,--U-4135000000E413-----------X,635,0,0,0,635,0,0,0,0,143.9,0,0,0,0,4823076400,4823076400,121541525,0,0,0,0,0
2024-08-05,TFCO,Tifico Fiber Indonesia Tbk.,--U-4135000000E413-----------X,635,0,0,0,635,0,0,0,0,143.9,0,0,0,0,4823076400,4823076400,121541525,0,0,0,0,0
2024-08-02,TFCO,Tifico Fiber Indonesia Tbk.,--U-4135000000E413-----------X,635,0,0,0,635,0,0,0,0,143.9,0,0,0,0,4823076400,4823076400,121541525,0,0,0,0,0
2024-08-01,TFCO,Tifico Fiber Indonesia Tbk.,--U-4135000000E413-----------X,635,0,0,0,635,0,0,0,0,143.9,0,0,0,0,4823076400,4823076400,121541525,0,0,0,0,0
2024-07-31,TFCO,Tifico Fiber Indonesia Tbk.,--U-4135000000E413-----------X,635,0,0,0,635,0,0,0,0,143.9,0,0,635,100,4823076400,4823076400,121541525,0,0,0,0,0
2024-07-30,TFCO,Tifico Fiber Indonesia Tbk.,--U-4135000000E413-----------X,635,0,0,0,635,0,0,0,0,143.9,0,0,635,100,4823076400,4823076400,121541525,0,0,0,0,0
2024-07-27,TFCO,Tifico Fiber Indonesia Tbk.,--U-4135000000E413-----------X,635,0,0,0,635,0,0,0,0,143.9,0,0,635,100,4823076400,4823076400,121541525,0,0,0,0,0
2024-07-26,TFCO,Tifico Fiber Indonesia Tbk.,--U-4135000000E413-----------X,635,0,0,0,635,0,0,0,0,143.9,0,0,635,100,4823076400,4823076400,121541525,0,0,0,0,0
2024-07-25,TFCO,Tifico Fiber Indonesia Tbk.,--U-4135000000E413-----------X,635,0,0,0,635,0,0,0,0,143.9,0,0,0,0,4823076400,4823076400,121541525,0,0,0,0,0
2024-07-24,TFCO,Tifico Fiber Indonesia Tbk.,--U-4135000000E413-----------X,635,0,0,0,635,0,0,0,0,143.9,0,0,635,100,4823076400,4823076400,121541525,0,0,0,0,0
2024-07-23,TFCO,Tifico Fiber Indonesia Tbk.,--U-4135000000E413-----------X,635,0,0,0,635,0,0,0,0,143.9,0,0,635,200,4823076400,4823076400,121541525,0,0,0,0,0
2024-07-22,TFCO,Tifico Fiber Indonesia Tbk.,--U-4135000000E413-----------X,635,0,0,0,635,0,0,0,0,143.9,0,0,635,200,4823076400,4823076400,121541525,0,0,0,0,0
2024-07-19,TFCO,Tifico Fiber Indonesia Tbk.,--U-4135000000E413-----------X,635,0,0,0,635,0,0,0,0,143.9,0,0,635,200,4823076400,4823076400,121541525,0,0,0,0,0
2024-07-18,TFCO,Tifico Fiber Indonesia Tbk.,--U-4135000000E413-----------X,635,0,635,635,635,0,100,63500,1,143.9,0,0,0,0,4823076400,4823076400,121541525,0,0,0,0,0
2024-07-17,TFCO,Tifico Fiber Indonesia Tbk.,--U-4135000000E413-----------X,635,0,0,0,635,0,0,0,0,143.9,0,0,635,100,4823076400,4823076400,121541525,0,0,0,0,0
2024-07-16,TFCO,Tifico Fiber Indonesia Tbk.,--U-4135000000E413-----------X,635,0,0,0,635,0,0,0,0,143.9,0,0,635,200,4823076400,4823076400,121541525,0,0,0,0,0
2024-07-12,TFCO,Tifico Fiber Indonesia Tbk.,--U-4135000000E413-----------X,635,0,0,0,635,0,0,0,0,143.9,0,0,635,50100,4823076400,4823076400,121541525,0,0,0,0,0
2024-07-11,TFCO,Tifico Fiber Indonesia Tbk.,--U-4135000000E413-----------X,635,0,0,0,635,0,0,0,0,143.9,0,0,635,100,4823076400,4823076400,121541525,0,0,0,0,0
2024-07-10,TFCO,Tifico Fiber Indonesia Tbk.,--U-4135000000E413-----------X,635,0,0,0,635,0,0,0,0,143.9,0,0,635,50100,4823076400,4823076400,121541525,0,0,0,0,0
2024-07-09,TFCO,Tifico Fiber Indonesia Tbk.,--U-4135000000E413-----------X,635,0,0,0,635,0,0,0,0,143.9,0,0,635,50000,4823076400,4823076400,121541525,0,0,0,0,0
2024-07-08,TFCO,Tifico Fiber Indonesia Tbk.,--U-4135000000E413-----------X,635,0,0,0,635,0,0,0,0,143.9,0,0,635,50000,4823076400,4823076400,121541525,0,0,0,0,0
2024-07-05,TFCO,Tifico Fiber Indonesia Tbk.,--U-4135000000E413-----------X,635,0,0,0,635,0,0,0,0,143.9,0,0,635,50100,4823076400,4823076400,121541525,0,0,0,0,0
2024-07-04,TFCO,Tifico Fiber Indonesia Tbk.,--U-4135000000E413-----------X,635,0,0,0,635,0,0,0,0,143.9,0,0,635,50000,4823076400,4823076400,121541525,0,0,0,0,0
2024-07-03,TFCO,Tifico Fiber Indonesia Tbk.,--U-4135000000E413-----------X,635,0,0,0,635,0,0,0,0,143.9,0,0,635,50000,4823076400,4823076400,121541525,0,0,0,0,0
2024-07-02,TFCO,Tifico Fiber Indonesia Tbk.,--U-4135000000E413-----------X,635,0,0,0,635,0,0,0,0,143.9,0,0,635,50000,4823076400,4823076400,121541525,0,0,0,0,0
2024-07-01,TFCO,Tifico Fiber Indonesia Tbk.,--U-4135000000E413-----------X,635,0,635,635,635,0,100,63500,1,143.9,0,0,635,50000,4823076400,4823076400,121541525,0,0,0,0,0
2024-06-28,TFCO,Tifico Fiber Indonesia Tbk.,--U-4135000000E413-----------X,635,0,635,635,635,0,100,63500,1,143.9,695,100,635,50000,4823076400,4823076400,39549226,0,0,0,0,0
2024-06-27,TFCO,Tifico Fiber Indonesia Tbk.,--U-4135000000E413-----------X,635,0,0,0,635,0,0,0,0,143.9,695,100,635,50100,4823076400,4823076400,39549226,0,0,0,0,0
2024-06-26,TFCO,Tifico Fiber Indonesia Tbk.,--U-4135000000E413-----------X,635,0,635,635,635,0,3500,2222500,2,143.9,695,100,635,46600,4823076400,4823076400,39549226,0,0,0,0,0
2024-06-25,TFCO,Tifico Fiber Indonesia Tbk.,--U-4135000000E413-----------X,635,0,635,635,635,0,3500,2222500,2,143.9,695,100,635,46600,4823076400,4823076400,39549226,0,0,0,0,0
2024-06-24,TFCO,Tifico Fiber Indonesia Tbk.,--U-4135000000E413-----------X,635,0,0,0,635,0,0,0,0,143.9,695,100,635,50000,4823076400,4823076400,39549226,0,0,0,0,0
2024-06-21,TFCO,Tifico Fiber Indonesia Tbk.,--U-4135000000E413-----------X,635,0,0,0,635,0,0,0,0,143.9,695,100,635,50000,4823076400,4823076400,39549226,0,0,0,0,0
2024-06-20,TFCO,Tifico Fiber Indonesia Tbk.,--U-4135000000E413-----------X,635,0,0,0,635,0,0,0,0,143.9,670,3400,635,50000,4823076400,4823076400,39549226,0,0,0,0,0
2024-06-19,TFCO,Tifico Fiber Indonesia Tbk.,--U-4135000000E413-----------X,635,0,0,0,635,0,0,0,0,143.9,670,3400,635,50000,4823076400,4823076400,39549226,0,0,0,0,0
2024-06-14,TFCO,Tifico Fiber Indonesia Tbk.,--U-4135000000E413-----------X,635,0,635,635,635,0,5000,3175000,1,143.9,0,0,635,45000,4823076400,4823076400,39549226,0,0,0,0,0
2024-06-13,TFCO,Tifico Fiber Indonesia Tbk.,--U-4135000000E413-----------X,635,0,635,635,635,0,5000,3175000,1,143.9,665,5000,635,45000,4823076400,4823076400,39549226,0,0,0,0,0
2024-06-12,TFCO,Tifico Fiber Indonesia Tbk.,--U-4135000000E413-----------X,635,0,0,0,635,0,0,0,0,143.9,675,5000,635,50000,4823076400,4823076400,39549226,0,0,0,0,0
2024-06-11,TFCO,Tifico Fiber Indonesia Tbk.,--U-4135000000E413-----------X,635,0,0,0,635,0,0,0,0,143.9,675,5000,635,50000,4823076400,4823076400,39549226,0,0,0,0,0
2024-06-10,TFCO,Tifico Fiber Indonesia Tbk.,--U-4135000000E413-----------X,635,0,635,635,635,0,100,63500,1,143.9,0,0,635,50000,4823076400,4823076400,39549226,0,0,0,0,0
2024-06-07,TFCO,Tifico Fiber Indonesia Tbk.,--U-4135000000E413-----------X,645,0,635,635,635,-10,4900,3111500,1,143.9,700,38200,635,45100,4823076400,4823076400,39549226,0,0,0,0,0
2024-06-06,TFCO,Tifico Fiber Indonesia Tbk.,--U-4135000000E413-----------X,645,0,645,645,645,0,100,64500,1,146.2,645,4900,635,50000,4823076400,4823076400,39549226,0,0,0,0,0
2024-06-05,TFCO,Tifico Fiber Indonesia Tbk.,--U-4135000000E413-----------X,645,0,645,645,645,0,41000,26445000,2,146.2,700,38200,645,9000,4823076400,4823076400,39549226,0,0,0,0,0
2024-06-04,TFCO,Tifico Fiber Indonesia Tbk.,--U-4135000000E413-----------X,645,0,0,0,645,0,0,0,0,146.2,650,36000,645,50000,4823076400,4823076400,39549226,0,0,0,0,0
2024-06-03,TFCO,Tifico Fiber Indonesia Tbk.,--U-4135000000E413-----------X,645,0,645,645,645,0,5000,3225000,1,146.2,675,5000,645,45000,4823076400,4823076400,39549226,0,0,0,0,0
2024-05-31,TFCO,Tifico Fiber Indonesia Tbk.,--U-4135000000E413-----------X,645,0,645,645,645,0,5000,3225000,1,146.2,675,5000,645,45000,4823076400,4823076400,39549226,0,0,0,0,0
2024-05-30,TFCO,Tifico Fiber Indonesia Tbk.,--U-4135000000E413-----------X,645,0,0,0,645,0,0,0,0,146.2,675,5000,645,50000,4823076400,4823076400,39549226,0,0,0,0,0
2024-05-29,TFCO,Tifico Fiber Indonesia Tbk.,--U-4135000000E413-----------X,645,0,645,645,645,0,400,258000,1,146.2,675,5000,645,49600,4823076400,4823076400,39549226,0,0,0,0,0
2024-05-28,TFCO,Tifico Fiber Indonesia Tbk.,--U-4135000000E413-----------X,645,0,0,0,645,0,0,0,0,146.2,675,5000,645,50000,4823076400,4823076400,39549226,0,0,0,0,0
2024-05-27,TFCO,Tifico Fiber Indonesia Tbk.,--U-4135000000E413-----------X,645,0,0,0,645,0,0,0,0,146.2,665,300,645,50000,4823076400,4823076400,39549226,0,0,0,0,0
2024-05-22,TFCO,Tifico Fiber Indonesia Tbk.,--U-4135000000E413-----------X,645,0,645,645,645,0,5700,3676500,3,146.2,675,5000,645,44300,4823076400,4823076400,39549226,0,0,0,0,0
2024-05-21,TFCO,Tifico Fiber Indonesia Tbk.,--U-4135000000E413-----------X,645,0,0,0,645,0,0,0,0,146.2,700,38200,645,50000,4823076400,4823076400,39549226,0,0,0,0,0
2024-05-20,TFCO,Tifico Fiber Indonesia Tbk.,--U-4135000000E413-----------X,645,0,0,0,645,0,0,0,0,146.2,700,38200,645,50000,4823076400,4823076400,39549226,0,0,0,0,0
2024-05-17,TFCO,Tifico Fiber Indonesia Tbk.,--U-4135000000E413-----------X,645,0,0,0,645,0,0,0,0,146.2,700,38200,0,0,4823076400,4823076400,39549226,0,0,0,0,0
2024-05-16,TFCO,Tifico Fiber Indonesia Tbk.,--U-4135000000E413-----------X,645,0,0,0,645,0,0,0,0,146.2,600,3200,0,0,4823076400,4823076400,39549226,0,0,0,0,0
2024-05-15,TFCO,Tifico Fiber Indonesia Tbk.,--U-4135000000E413-----------X,645,0,0,0,645,0,0,0,0,146.2,600,3200,0,0,4823076400,4823076400,39549226,0,0,0,0,0
2024-05-14,TFCO,Tifico Fiber Indonesia Tbk.,--U-4135000000E413-----------X,645,0,0,0,645,0,0,0,0,146.2,600,3200,0,0,4823076400,4823076400,39549226,0,0,0,0,0
2024-05-13,TFCO,Tifico Fiber Indonesia Tbk.,--U-4135000000E413-----------X,645,0,0,0,645,0,0,0,0,146.2,595,100,0,0,4823076400,4823076400,39549226,0,0,0,0,0
2024-05-08,TFCO,Tifico Fiber Indonesia Tbk.,--U-4135000000E413-----------X,645,0,0,0,645,0,0,0,0,146.2,600,3200,0,0,4823076400,4823076400,39549226,0,0,0,0,0
2024-05-07,TFCO,Tifico Fiber Indonesia Tbk.,--U-4135000000E413-----------X,645,0,0,0,645,0,0,0,0,146.2,600,3200,0,0,4823076400,4823076400,39549226,0,0,0,0,0
2024-05-06,TFCO,Tifico Fiber Indonesia Tbk.,--U-4135000000E413-----------X,645,0,0,0,645,0,0,0,0,146.2,600,3200,0,0,4823076400,4823076400,39549226,0,0,0,0,0
2024-05-03,TFCO,Tifico Fiber Indonesia Tbk.,--U-4135000000E413-----------X,645,0,0,0,645,0,0,0,0,146.2,630,5000,0,0,4823076400,4823076400,39549226,0,0,0,0,0
2024-05-02,TFCO,Tifico Fiber Indonesia Tbk.,--U-4135000000E413-----------X,645,0,0,0,645,0,0,0,0,146.2,600,3300,0,0,4823076400,4823076400,39549226,0,0,0,0,0
2024-04-30,TFCO,Tifico Fiber Indonesia Tbk.,--U-4135000000E413-----------X,645,0,0,0,645,0,0,0,0,146.2,600,3200,0,0,4823076400,4823076400,39549226,0,0,0,0,0
2024-04-29,TFCO,Tifico Fiber Indonesia Tbk.,--U-4135000000E413-----------X,645,0,0,0,645,0,0,0,0,146.2,600,3200,0,0,4823076400,4823076400,39549226,0,0,0,0,0
2024-04-26,TFCO,Tifico Fiber Indonesia Tbk.,--U-4135000000E413-----------X,645,0,0,0,645,0,0,0,0,146.2,600,3200,0,0,4823076400,4823076400,39549226,0,0,0,0,0
2024-04-25,TFCO,Tifico Fiber Indonesia Tbk.,--U-4135000000E413-----------X,645,0,0,0,645,0,0,0,0,146.2,600,3200,0,0,4823076400,4823076400,39549226,0,0,0,0,0
2024-04-24,TFCO,Tifico Fiber Indonesia Tbk.,--U-4135000000E413-----------X,645,0,0,0,645,0,0,0,0,146.2,600,3200,0,0,4823076400,4823076400,39549226,0,0,0,0,0
2024-04-23,TFCO,Tifico Fiber Indonesia Tbk.,--U-4135000000E413-----------X,645,0,0,0,645,0,0,0,0,146.2,600,3200,0,0,4823076400,4823076400,39549226,0,0,0,0,0
2024-04-22,TFCO,Tifico Fiber Indonesia Tbk.,--U-4135000000E413-----------X,645,0,0,0,645,0,0,0,0,146.2,600,3200,0,0,4823076400,4823076400,39549226,0,0,0,0,0
2024-04-19,TFCO,Tifico Fiber Indonesia Tbk.,--U-4135000000E413-----------X,645,0,0,0,645,0,0,0,0,146.2,600,3200,0,0,4823076400,4823076400,39549226,0,0,0,0,0
2024-04-18,TFCO,Tifico Fiber Indonesia Tbk.,--U-4135000000E413-----------X,645,0,0,0,645,0,0,0,0,146.2,625,3200,0,0,4823076400,4823076400,39549226,0,0,0,0,0
2024-04-17,TFCO,Tifico Fiber Indonesia Tbk.,--U-4135000000E413-----------X,645,0,0,0,645,0,0,0,0,146.2,625,3200,0,0,4823076400,4823076400,39549226,0,0,0,0,0
2024-04-06,TFCO,Tifico Fiber Indonesia Tbk.,--U-4135000000E413-----------X,645,0,0,0,645,0,0,0,0,146.2,600,100,0,0,4823076400,4823076400,39549226,0,0,0,0,0
2024-04-05,TFCO,Tifico Fiber Indonesia Tbk.,--U-4135000000E413-----------X,645,0,0,0,645,0,0,0,0,146.2,600,100,0,0,4823076400,4823076400,39549226,0,0,0,0,0
2024-04-04,TFCO,Tifico Fiber Indonesia Tbk.,--U-4135000000E413-----------X,645,0,0,0,645,0,0,0,0,146.2,625,3200,0,0,4823076400,4823076400,39549226,0,0,0,0,0
2024-04-03,TFCO,Tifico Fiber Indonesia Tbk.,--U-4135000000E413-----------X,645,0,0,0,645,0,0,0,0,146.2,625,3200,0,0,4823076400,4823076400,39549226,0,0,0,0,0
2024-04-02,TFCO,Tifico Fiber Indonesia Tbk.,--U-4135000000E413-----------X,645,0,0,0,645,0,0,0,0,146.2,625,3200,0,0,4823076400,4823076400,39549226,0,0,0,0,0
2024-04-01,TFCO,Tifico Fiber Indonesia Tbk.,--U-4135000000E413-----------X,650,0,645,645,645,-5,100,64500,1,146.2,625,3200,0,0,4823076400,4823076400,39549226,0,0,0,0,0
2024-03-28,TFCO,Tifico Fiber Indonesia Tbk.,--U-4135000000E413-----------X,650,0,0,0,650,0,0,0,0,147.3,625,3300,0,0,4823076400,4823076400,39549226,0,0,0,0,0
2024-03-27,TFCO,Tifico Fiber Indonesia Tbk.,--U-4135000000E413-----------X,650,0,0,0,650,0,0,0,0,147.3,650,3700,0,0,4823076400,4823076400,39549226,0,0,0,0,0
2024-03-26,TFCO,Tifico Fiber Indonesia Tbk.,--U-4135000000E413-----------X,650,0,650,650,650,0,100,65000,1,147.3,650,3400,595,100,4823076400,4823076400,39549226,0,0,0,0,0
2024-03-22,TFCO,Tifico Fiber Indonesia Tbk.,--U-4135000000E413-----------X,650,0,0,0,650,0,0,0,0,147.3,650,3400,595,100,4823076400,4823076400,39549226,0,0,0,0,0
2024-03-21,TFCO,Tifico Fiber Indonesia Tbk.,--U-4135000000E413-----------X,650,0,650,650,650,0,100,65000,1,147.3,650,3400,600,100,4823076400,4823076400,39549226,0,0,0,0,0
2024-03-20,TFCO,Tifico Fiber Indonesia Tbk.,--U-4135000000E413-----------X,655,0,650,650,650,-5,200,130000,2,147.3,650,4800,0,0,4823076400,4823076400,39549226,0,0,0,0,0
2024-03-19,TFCO,Tifico Fiber Indonesia Tbk.,--U-4135000000E413-----------X,660,0,655,655,655,-5,100,65500,1,148.4,655,1500,600,1000,4823076400,4823076400,39549226,0,0,0,0,0
2024-03-18,TFCO,Tifico Fiber Indonesia Tbk.,--U-4135000000E413-----------X,665,0,660,660,660,-5,200,132000,2,149.6,650,3700,600,100,4823076400,4823076400,39549226,0,0,0,0,0
2024-03-15,TFCO,Tifico Fiber Indonesia Tbk.,--U-4135000000E413-----------X,665,0,0,0,665,0,0,0,0,150.7,650,3900,0,0,4823076400,4823076400,39549226,0,0,0,0,0
2024-03-14,TFCO,Tifico Fiber Indonesia Tbk.,--U-4135000000E413-----------X,665,0,0,0,665,0,0,0,0,150.7,650,3900,0,0,4823076400,4823076400,39549226,0,0,0,0,0
2024-03-13,TFCO,Tifico Fiber Indonesia Tbk.,--U-4135000000E413-----------X,665,0,0,0,665,0,0,0,0,150.7,665,4400,0,0,4823076400,4823076400,39549226,0,0,0,0,0
2024-03-08,TFCO,Tifico Fiber Indonesia Tbk.,--U-4135000000E413-----------X,665,0,0,0,665,0,0,0,0,150.7,650,3900,0,0,4823076400,4823076400,39549226,0,0,0,0,0
2024-03-07,TFCO,Tifico Fiber Indonesia Tbk.,--U-4135000000E413-----------X,665,0,0,0,665,0,0,0,0,150.7,650,3900,0,0,4823076400,4823076400,39549226,0,0,0,0,0
2024-03-06,TFCO,Tifico Fiber Indonesia Tbk.,--U-4135000000E413-----------X,665,0,0,0,665,0,0,0,0,150.7,650,3900,0,0,4823076400,4823076400,39549226,0,0,0,0,0
2024-03-05,TFCO,Tifico Fiber Indonesia Tbk.,--U-4135000000E413-----------X,665,0,0,0,665,0,0,0,0,150.7,650,3900,0,0,4823076400,4823076400,39549226,0,0,0,0,0
2024-03-04,TFCO,Tifico Fiber Indonesia Tbk.,--U-4135000000E413-----------X,665,0,0,0,665,0,0,0,0,150.7,650,3900,0,0,4823076400,4823076400,39549226,0,0,0,0,0
2024-03-01,TFCO,Tifico Fiber Indonesia Tbk.,--U-4135000000E413-----------X,665,0,0,0,665,0,0,0,0,150.7,665,4400,0,0,4823076400,4823076400,39549226,0,0,0,0,0
2024-02-29,TFCO,Tifico Fiber Indonesia Tbk.,--U-4135000000E413-----------X,665,0,0,0,665,0,0,0,0,150.7,665,4400,0,0,4823076400,4823076400,39549226,0,0,0,0,0
2024-02-28,TFCO,Tifico Fiber Indonesia Tbk.,--U-4135000000E413-----------X,665,0,0,0,665,0,0,0,0,150.7,665,3900,0,0,4823076400,4823076400,39549226,0,0,0,0,0
2024-02-27,TFCO,Tifico Fiber Indonesia Tbk.,--U-4135000000E413-----------X,665,0,0,0,665,0,0,0,0,150.7,665,3900,0,0,4823076400,4823076400,39549226,0,0,0,0,0
2024-02-26,TFCO,Tifico Fiber Indonesia Tbk.,--U-4135000000E413-----------X,665,0,665,665,665,0,100,66500,1,150.7,665,4400,0,0,4823076400,4823076400,39549226,0,0,0,0,0
2024-02-23,TFCO,Tifico Fiber Indonesia Tbk.,--U-4135000000E413-----------X,665,0,0,0,665,0,0,0,0,150.7,665,3900,0,0,4823076400,4823076400,39549226,0,0,0,0,0
2024-02-22,TFCO,Tifico Fiber Indonesia Tbk.,--U-4135000000E413-----------X,665,0,0,0,665,0,0,0,0,150.7,665,3900,0,0,4823076400,4823076400,39549226,0,0,0,0,0
2024-02-21,TFCO,Tifico Fiber Indonesia Tbk.,--U-4135000000E413-----------X,665,0,0,0,665,0,0,0,0,150.7,680,5000,0,0,4823076400,4823076400,39549226,0,0,0,0,0
2024-02-20,TFCO,Tifico Fiber Indonesia Tbk.,--U-4135000000E413-----------X,665,0,0,0,665,0,0,0,0,150.7,665,4000,0,0,4823076400,4823076400,39549226,0,0,0,0,0
2024-02-19,TFCO,Tifico Fiber Indonesia Tbk.,--U-4135000000E413-----------X,665,0,0,0,665,0,0,0,0,150.7,680,5000,0,0,4823076400,4823076400,39549226,0,0,0,0,0
2024-02-16,TFCO,Tifico Fiber Indonesia Tbk.,--U-4135000000E413-----------X,665,0,0,0,665,0,0,0,0,150.7,665,3900,0,0,4823076400,4823076400,39549226,0,0,0,0,0
2024-02-15,TFCO,Tifico Fiber Indonesia Tbk.,--U-4135000000E413-----------X,665,0,0,0,665,0,0,0,0,150.7,665,4300,0,0,4823076400,4823076400,39549226,0,0,0,0,0
2024-02-13,TFCO,Tifico Fiber Indonesia Tbk.,--U-4135000000E413-----------X,665,0,665,665,665,0,100,66500,1,150.7,665,4200,0,0,4823076400,4823076400,39549226,0,0,0,0,0
2024-02-12,TFCO,Tifico Fiber Indonesia Tbk.,--U-4135000000E413-----------X,665,0,665,665,665,0,100,66500,1,150.7,665,4200,0,0,4823076400,4823076400,39549226,0,0,0,0,0
2024-02-07,TFCO,Tifico Fiber Indonesia Tbk.,--U-4135000000E413-----------X,665,0,0,0,665,0,0,0,0,150.7,665,4100,0,0,4823076400,4823076400,39549226,0,0,0,0,0
2024-02-06,TFCO,Tifico Fiber Indonesia Tbk.,--U-4135000000E413-----------X,665,0,0,0,665,0,0,0,0,150.7,665,4000,0,0,4823076400,4823076400,39549226,0,0,0,0,0
2024-02-05,TFCO,Tifico Fiber Indonesia Tbk.,--U-4135000000E413-----------X,665,0,0,0,665,0,0,0,0,150.7,665,4000,0,0,4823076400,4823076400,39549226,0,0,0,0,0
2024-02-02,TFCO,Tifico Fiber Indonesia Tbk.,--U-4135000000E413-----------X,665,0,0,0,665,0,0,0,0,150.7,665,4000,0,0,4823076400,4823076400,39549226,0,0,0,0,0
2024-02-01,TFCO,Tifico Fiber Indonesia Tbk.,--U-4135000000E413-----------X,665,0,0,0,665,0,0,0,0,150.7,665,4000,0,0,4823076400,4823076400,39549226,0,0,0,0,0
2024-01-31,TFCO,Tifico Fiber Indonesia Tbk.,--U-4135000000E413-----------X,665,0,0,0,665,0,0,0,0,150.7,665,4000,0,0,4823076400,4823076400,39549226,0,0,0,0,0
2024-01-30,TFCO,Tifico Fiber Indonesia Tbk.,--U-4135000000E413-----------X,665,0,0,0,665,0,0,0,0,150.7,665,4000,0,0,4823076400,4823076400,39549226,0,0,0,0,0
2024-01-29,TFCO,Tifico Fiber Indonesia Tbk.,--U-4135000000E413-----------X,665,0,0,0,665,0,0,0,0,150.7,665,4000,0,0,4823076400,4823076400,39549226,0,0,0,0,0
2024-01-26,TFCO,Tifico Fiber Indonesia Tbk.,--U-4135000000E413-----------X,665,0,0,0,665,0,0,0,0,150.7,665,4000,0,0,4823076400,4823076400,39549226,0,0,0,0,0
2024-01-25,TFCO,Tifico Fiber Indonesia Tbk.,--U-4135000000E413-----------X,665,0,0,0,665,0,0,0,0,150.7,670,4000,0,0,4823076400,4823076400,39549226,0,0,0,0,0
2024-01-24,TFCO,Tifico Fiber Indonesia Tbk.,--U-4135000000E413-----------X,665,0,0,0,665,0,0,0,0,150.7,0,0,0,0,4823076400,4823076400,39549226,0,0,0,0,0
2024-01-23,TFCO,Tifico Fiber Indonesia Tbk.,--U-4135000000E413-----------X,665,0,0,0,665,0,0,0,0,150.7,670,4000,0,0,4823076400,4823076400,39549226,0,0,0,0,0
2024-01-22,TFCO,Tifico Fiber Indonesia Tbk.,--U-4135000000E413-----------X,665,0,0,0,665,0,0,0,0,150.7,670,4000,0,0,4823076400,4823076400,39549226,0,0,0,0,0
2024-01-19,TFCO,Tifico Fiber Indonesia Tbk.,--U-4135000000E413-----------X,665,0,0,0,665,0,0,0,0,150.7,670,4000,0,0,4823076400,4823076400,39549226,0,0,0,0,0
2024-01-18,TFCO,Tifico Fiber Indonesia Tbk.,--U-4135000000E413-----------X,665,0,0,0,665,0,0,0,0,150.7,670,4000,665,100,4823076400,4823076400,39549226,0,0,0,0,0
2024-01-17,TFCO,Tifico Fiber Indonesia Tbk.,--U-4135000000E413-----------X,665,0,0,0,665,0,0,0,0,150.7,650,300,0,0,4823076400,4823076400,39549226,0,0,0,0,0
2024-01-16,TFCO,Tifico Fiber Indonesia Tbk.,--U-4135000000E413-----------X,665,0,0,0,665,0,0,0,0,150.7,665,1700,0,0,4823076400,4823076400,39549226,0,0,0,0,0
2024-01-15,TFCO,Tifico Fiber Indonesia Tbk.,--U-4135000000E413-----------X,670,0,665,665,665,-5,400,266000,1,150.7,670,4000,665,100,4823076400,4823076400,39549226,0,0,0,0,0
2024-01-12,TFCO,Tifico Fiber Indonesia Tbk.,--U-4135000000E413-----------X,670,0,0,0,670,0,0,0,0,151.8,650,400,0,0,4823076400,4823076400,39549226,0,0,0,0,0
2024-01-11,TFCO,Tifico Fiber Indonesia Tbk.,--U-4135000000E413-----------X,670,0,0,0,670,0,0,0,0,151.8,650,600,0,0,4823076400,4823076400,39549226,0,0,0,0,0
2024-01-10,TFCO,Tifico Fiber Indonesia Tbk.,--U-4135000000E413-----------X,670,0,0,0,670,0,0,0,0,151.8,650,200,0,0,4823076400,4823076400,39549226,0,0,0,0,0
2024-01-09,TFCO,Tifico Fiber Indonesia Tbk.,--U-4135000000E413-----------X,670,0,0,0,670,0,0,0,0,151.8,670,200,655,100,4823076400,4823076400,39549226,0,0,0,0,0
2024-01-08,TFCO,Tifico Fiber Indonesia Tbk.,--U-4135000000E413-----------X,670,0,0,0,670,0,0,0,0,151.8,670,4300,640,100,4823076400,4823076400,39549226,0,0,0,0,0
2024-01-05,TFCO,Tifico Fiber Indonesia Tbk.,--U-4135000000E413-----------X,670,0,670,670,670,0,100,67000,1,151.8,670,4000,640,100,4823076400,4823076400,39549226,0,0,0,0,0
2024-01-04,TFCO,Tifico Fiber Indonesia Tbk.,--U-4135000000E413-----------X,670,0,670,670,670,0,100,67000,1,151.8,670,4100,0,0,4823076400,4823076400,39549226,0,0,0,0,0
2024-01-03,TFCO,Tifico Fiber Indonesia Tbk.,--U-4135000000E413-----------X,670,0,0,0,670,0,0,0,0,151.8,670,4200,0,0,4823076400,4823076400,39549226,0,0,0,0,0
2024-01-02,TFCO,Tifico Fiber Indonesia Tbk.,--U-4135000000E413-----------X,670,0,0,0,670,0,0,0,0,151.8,670,4600,0,0,4823076400,4823076400,39549226,0,0,0,0,0
2023-12-29,TFCO,Tifico Fiber Indonesia Tbk.,--U-4135000000E413-----------X,670,0,670,670,670,0,100,67000,1,151.8,670,4200,0,0,4823076400,4823076400,39549226,0,0,0,0,0
2023-12-28,TFCO,Tifico Fiber Indonesia Tbk.,--U-4135000000E413-----------X,670,0,0,0,670,0,0,0,0,151.8,670,4300,0,0,4823076400,4823076400,39549226,0,0,0,0,0
2023-12-27,TFCO,Tifico Fiber Indonesia Tbk.,--U-4135000000E413-----------X,670,0,0,0,670,0,0,0,0,151.8,670,4300,0,0,4823076400,4823076400,39549226,0,0,0,0,0
2023-12-22,TFCO,Tifico Fiber Indonesia Tbk.,--U-4135000000E413-----------X,670,0,0,0,670,0,0,0,0,151.8,670,4300,0,0,4823076400,4823076400,39549226,0,0,0,0,0
2023-12-21,TFCO,Tifico Fiber Indonesia Tbk.,--U-4135000000E413-----------X,670,0,0,0,670,0,0,0,0,151.8,670,4300,0,0,4823076400,4823076400,39549226,0,0,0,0,0
2023-12-20,TFCO,Tifico Fiber Indonesia Tbk.,--U-4135000000E413-----------X,670,0,670,670,670,0,100,67000,1,151.8,670,4300,0,0,4823076400,4823076400,39549226,0,0,0,0,0
2023-12-19,TFCO,Tifico Fiber Indonesia Tbk.,--U-4135000000E413-----------X,670,0,0,0,670,0,0,0,0,151.8,650,300,0,0,4823076400,4823076400,39549226,0,0,0,0,0
2023-12-18,TFCO,Tifico Fiber Indonesia Tbk.,--U-4135000000E413-----------X,670,0,670,670,670,0,100,67000,1,151.8,650,400,0,0,4823076400,4823076400,39549226,0,0,0,0,0
2023-12-15,TFCO,Tifico Fiber Indonesia Tbk.,--U-4135000000E413-----------X,670,0,0,0,670,0,0,0,0,151.8,670,4500,0,0,4823076400,4823076400,39549226,0,0,0,0,0
2023-12-14,TFCO,Tifico Fiber Indonesia Tbk.,--U-4135000000E413-----------X,670,0,0,0,670,0,0,0,0,151.8,670,4500,0,0,4823076400,4823076400,39549226,0,0,0,0,0
2023-12-13,TFCO,Tifico Fiber Indonesia Tbk.,--U-4135000000E413-----------X,670,0,0,0,670,0,0,0,0,151.8,670,4500,0,0,4823076400,4823076400,39549226,0,0,0,0,0
2023-12-12,TFCO,Tifico Fiber Indonesia Tbk.,--U-4135000000E413-----------X,670,0,0,0,670,0,0,0,0,151.8,670,4500,0,0,4823076400,4823076400,39549226,0,0,0,0,0
2023-12-11,TFCO,Tifico Fiber Indonesia Tbk.,--U-4135000000E413-----------X,670,0,0,0,670,0,0,0,0,151.8,670,4500,0,0,4823076400,4823076400,39549226,0,0,0,0,0
2023-12-08,TFCO,Tifico Fiber Indonesia Tbk.,--U-4135000000E413-----------X,670,0,0,0,670,0,0,0,0,151.8,665,100,0,0,4823076400,4823076400,39549226,0,0,0,0,0
2023-12-07,TFCO,Tifico Fiber Indonesia Tbk.,--U-4135000000E413-----------X,670,0,0,0,670,0,0,0,0,151.8,670,4700,0,0,4823076400,4823076400,39549226,0,0,0,0,0
2023-12-06,TFCO,Tifico Fiber Indonesia Tbk.,--U-4135000000E413-----------X,670,0,0,0,670,0,0,0,0,151.8,670,4500,0,0,4823076400,4823076400,39549226,0,0,0,0,0
2023-12-05,TFCO,Tifico Fiber Indonesia Tbk.,--U-4135000000E413-----------X,670,0,0,0,670,0,0,0,0,151.8,670,4700,0,0,4823076400,4823076400,39549226,0,0,0,0,0
2023-12-04,TFCO,Tifico Fiber Indonesia Tbk.,--U-4135000000E413-----------X,670,0,0,0,670,0,0,0,0,151.8,670,4500,0,0,4823076400,4823076400,39549226,0,0,0,0,0
2023-12-01,TFCO,Tifico Fiber Indonesia Tbk.,--U-4135000000E413-----------X,670,0,0,0,670,0,0,0,0,151.8,670,4500,640,100,4823076400,4823076400,39549226,0,0,0,0,0
2023-11-30,TFCO,Tifico Fiber Indonesia Tbk.,--U-4135000000E413-----------X,670,0,0,0,670,0,0,0,0,151.8,670,4500,0,0,4823076400,4823076400,39549226,0,0,0,0,0
2023-11-29,TFCO,Tifico Fiber Indonesia Tbk.,--U-4135000000E413-----------X,670,0,0,0,670,0,0,0,0,151.8,670,4500,0,0,4823076400,4823076400,39549226,0,0,0,0,0
2023-11-28,TFCO,Tifico Fiber Indonesia Tbk.,--U-4135000000E413-----------X,670,0,0,0,670,0,0,0,0,151.8,670,4500,0,0,4823076400,4823076400,39549226,0,0,0,0,0
2023-11-27,TFCO,Tifico Fiber Indonesia Tbk.,--U-4135000000E413-----------X,670,0,0,0,670,0,0,0,0,151.8,670,4500,0,0,4823076400,4823076400,39549226,0,0,0,0,0
2023-11-24,TFCO,Tifico Fiber Indonesia Tbk.,--U-4135000000E413-----------X,670,0,0,0,670,0,0,0,0,151.8,670,4500,0,0,4823076400,4823076400,39549226,0,0,0,0,0
2023-11-23,TFCO,Tifico Fiber Indonesia Tbk.,--U-4135000000E413-----------X,670,0,0,0,670,0,0,0,0,151.8,670,4500,0,0,4823076400,4823076400,39549226,0,0,0,0,0
2023-11-22,TFCO,Tifico Fiber Indonesia Tbk.,--U-4135000000E413-----------X,670,0,0,0,670,0,0,0,0,151.8,670,5900,0,0,4823076400,4823076400,39549226,0,0,0,0,0
2023-11-21,TFCO,Tifico Fiber Indonesia Tbk.,--U-4135000000E413-----------X,680,0,670,670,670,-10,300,201000,1,151.8,670,200,0,0,4823076400,4823076400,39549226,0,0,0,0,0
2023-11-20,TFCO,Tifico Fiber Indonesia Tbk.,--U-4135000000E413-----------X,680,0,0,0,680,0,0,0,0,154.1,0,0,685,300,4823076400,4823076400,39549226,0,0,0,0,0
2023-11-17,TFCO,Tifico Fiber Indonesia Tbk.,--U-4135000000E413-----------X,680,0,0,0,680,0,0,0,0,154.1,0,0,680,300,4823076400,4823076400,39549226,0,0,0,0,0
2023-11-16,TFCO,Tifico Fiber Indonesia Tbk.,--U-4135000000E413-----------X,680,0,0,0,680,0,0,0,0,154.1,0,0,0,0,4823076400,4823076400,39549226,0,0,0,0,0
2023-11-15,TFCO,Tifico Fiber Indonesia Tbk.,--U-4135000000E413-----------X,680,0,0,0,680,0,0,0,0,154.1,0,0,0,0,4823076400,4823076400,39549226,0,0,0,0,0
2023-11-14,TFCO,Tifico Fiber Indonesia Tbk.,--U-4135000000E413-----------X,680,0,0,0,680,0,0,0,0,154.1,0,0,0,0,4823076400,4823076400,39549226,0,0,0,0,0
2023-11-13,TFCO,Tifico Fiber Indonesia Tbk.,--U-4135000000E413-----------X,680,0,0,0,680,0,0,0,0,154.1,0,0,0,0,4823076400,4823076400,39549226,0,0,0,0,0
2023-11-10,TFCO,Tifico Fiber Indonesia Tbk.,--U-4135000000E413-----------X,680,0,0,0,680,0,0,0,0,154.1,0,0,0,0,4823076400,4823076400,39549226,0,0,0,0,0
2023-11-09,TFCO,Tifico Fiber Indonesia Tbk.,--U-4135000000E413-----------X,680,0,0,0,680,0,0,0,0,154.1,0,0,0,0,4823076400,4823076400,39549226,0,0,0,0,0
2023-11-08,TFCO,Tifico Fiber Indonesia Tbk.,--U-4135000000E413-----------X,680,0,0,0,680,0,0,0,0,154.1,0,0,0,0,4823076400,4823076400,39549226,0,0,0,0,0
2023-11-07,TFCO,Tifico Fiber Indonesia Tbk.,--U-4135000000E413-----------X,680,0,0,0,680,0,0,0,0,154.1,0,0,0,0,4823076400,4823076400,39549226,0,0,0,0,0
2023-11-06,TFCO,Tifico Fiber Indonesia Tbk.,--U-4135000000E413-----------X,680,0,0,0,680,0,0,0,0,154.1,680,200,0,0,4823076400,4823076400,39549226,0,0,0,0,0
2023-11-03,TFCO,Tifico Fiber Indonesia Tbk.,--U-4135000000E413-----------X,680,0,0,0,680,0,0,0,0,154.1,0,0,0,0,4823076400,4823076400,39549226,0,0,0,0,0
2023-11-02,TFCO,Tifico Fiber Indonesia Tbk.,--U-4135000000E413-----------X,680,0,0,0,680,0,0,0,0,154.1,680,1400,0,0,4823076400,4823076400,39549226,0,0,0,0,0
2023-11-01,TFCO,Tifico Fiber Indonesia Tbk.,--U-4135000000E413-----------X,680,0,0,0,680,0,0,0,0,154.1,0,0,0,0,4823076400,4823076400,39549226,0,0,0,0,0
2023-10-31,TFCO,Tifico Fiber Indonesia Tbk.,--U-4135000000E413-----------X,680,0,0,0,680,0,0,0,0,154.1,0,0,0,0,4823076400,4823076400,39549226,0,0,0,0,0
2023-10-30,TFCO,Tifico Fiber Indonesia Tbk.,--U-4135000000E413-----------X,680,0,0,0,680,0,0,0,0,154.1,0,0,0,0,4823076400,4823076400,39549226,0,0,0,0,0
2023-10-27,TFCO,Tifico Fiber Indonesia Tbk.,--U-4135000000E413-----------X,680,0,0,0,680,0,0,0,0,154.1,0,0,0,0,4823076400,4823076400,39549226,0,0,0,0,0
2023-10-26,TFCO,Tifico Fiber Indonesia Tbk.,--U-4135000000E413-----------X,680,0,0,0,680,0,0,0,0,154.1,0,0,0,0,4823076400,4823076400,39549226,0,0,0,0,0
2023-10-25,TFCO,Tifico Fiber Indonesia Tbk.,--U-4135000000E413-----------X,680,0,0,0,680,0,0,0,0,154.1,680,1400,0,0,4823076400,4823076400,39549226,0,0,0,0,0
2023-10-24,TFCO,Tifico Fiber Indonesia Tbk.,--U-4135000000E413-----------X,680,0,0,0,680,0,0,0,0,154.1,0,0,0,0,4823076400,4823076400,39549226,0,0,0,0,0
2023-10-23,TFCO,Tifico Fiber Indonesia Tbk.,--U-4135000000E413-----------X,680,0,0,0,680,0,0,0,0,154.1,680,1400,0,0,4823076400,4823076400,39549226,0,0,0,0,0
2023-10-20,TFCO,Tifico Fiber Indonesia Tbk.,--U-4135000000E413-----------X,680,0,0,0,680,0,0,0,0,154.1,0,0,0,0,4823076400,4823076400,39549226,0,0,0,0,0
2023-10-19,TFCO,Tifico Fiber Indonesia Tbk.,--U-4135000000E413-----------X,680,0,0,0,680,0,0,0,0,154.1,680,1400,0,0,4823076400,4823076400,39549226,0,0,0,0,0
2023-10-18,TFCO,Tifico Fiber Indonesia Tbk.,--U-4135000000E413-----------X,680,0,0,0,680,0,0,0,0,154.1,0,0,0,0,4823076400,4823076400,39549226,0,0,0,0,0
2023-10-17,TFCO,Tifico Fiber Indonesia Tbk.,--U-4135000000E413-----------X,680,0,0,0,680,0,0,0,0,154.1,680,1400,0,0,4823076400,4823076400,39549226,0,0,0,0,0
2023-10-16,TFCO,Tifico Fiber Indonesia Tbk.,--U-4135000000E413-----------X,680,0,0,0,680,0,0,0,0,154.1,680,1600,0,0,4823076400,4823076400,39549226,0,0,0,0,0
2023-10-13,TFCO,Tifico Fiber Indonesia Tbk.,--U-4135000000E413-----------X,680,0,0,0,680,0,0,0,0,154.1,0,0,0,0,4823076400,4823076400,39549226,0,0,0,0,0
2023-10-12,TFCO,Tifico Fiber Indonesia Tbk.,--U-4135000000E413-----------X,680,0,0,0,680,0,0,0,0,154.1,0,0,0,0,4823076400,4823076400,39549226,0,0,0,0,0
2023-10-11,TFCO,Tifico Fiber Indonesia Tbk.,--U-4135000000E413-----------X,680,0,0,0,680,0,0,0,0,154.1,0,0,0,0,4823076400,4823076400,39549226,0,0,0,0,0
2023-10-10,TFCO,Tifico Fiber Indonesia Tbk.,--U-4135000000E413-----------X,680,0,0,0,680,0,0,0,0,154.1,0,0,0,0,4823076400,4823076400,39549226,0,0,0,0,0
2023-10-09,TFCO,Tifico Fiber Indonesia Tbk.,--U-4135000000E413-----------X,680,0,0,0,680,0,0,0,0,154.1,0,0,0,0,4823076400,4823076400,39549226,0,0,0,0,0
2023-10-06,TFCO,Tifico Fiber Indonesia Tbk.,--U-4135000000E413-----------X,680,0,0,0,680,0,0,0,0,154.1,0,0,0,0,4823076400,4823076400,39549226,0,0,0,0,0
2023-10-05,TFCO,Tifico Fiber Indonesia Tbk.,--U-4135000000E413-----------X,680,0,0,0,680,0,0,0,0,154.1,680,200,0,0,4823076400,4823076400,39549226,0,0,0,0,0
2023-10-04,TFCO,Tifico Fiber Indonesia Tbk.,--U-4135000000E413-----------X,680,0,0,0,680,0,0,0,0,154.1,0,0,0,0,4823076400,4823076400,39549226,0,0,0,0,0
2023-10-03,TFCO,Tifico Fiber Indonesia Tbk.,--U-4135000000E413-----------X,680,0,0,0,680,0,0,0,0,154.1,0,0,0,0,4823076400,4823076400,39549226,0,0,0,0,0
2023-10-02,TFCO,Tifico Fiber Indonesia Tbk.,--U-4135000000E413-----------X,680,0,0,0,680,0,0,0,0,154.1,0,0,0,0,4823076400,4823076400,39549226,0,0,0,0,0
2023-09-29,TFCO,Tifico Fiber Indonesia Tbk.,--U-4135000000E413-----------X,680,0,0,0,680,0,0,0,0,154.1,680,200,0,0,4823076400,4823076400,39549226,0,0,0,0,0
2023-09-27,TFCO,Tifico Fiber Indonesia Tbk.,--U-4135000000E413-----------X,680,0,0,0,680,0,0,0,0,154.1,0,0,0,0,4823076400,4823076400,39549226,0,0,0,0,0
2023-09-26,TFCO,Tifico Fiber Indonesia Tbk.,--U-4135000000E413-----------X,680,0,0,0,680,0,0,0,0,154.1,0,0,0,0,4823076400,4823076400,39549226,0,0,0,0,0
2023-09-25,TFCO,Tifico Fiber Indonesia Tbk.,--U-4135000000E413-----------X,680,0,0,0,680,0,0,0,0,154.1,0,0,0,0,4823076400,4823076400,39549226,0,0,0,0,0
2023-09-22,TFCO,Tifico Fiber Indonesia Tbk.,--U-4135000000E413-----------X,680,0,0,0,680,0,0,0,0,154.1,0,0,0,0,4823076400,4823076400,39549226,0,0,0,0,0
2023-09-21,TFCO,Tifico Fiber Indonesia Tbk.,--U-4135000000E413-----------X,680,0,0,0,680,0,0,0,0,154.1,680,700,0,0,4823076400,4823076400,39549226,0,0,0,0,0
2023-09-20,TFCO,Tifico Fiber Indonesia Tbk.,--U-4135000000E413-----------X,680,0,0,0,680,0,0,0,0,154.1,0,0,0,0,4823076400,4823076400,39549226,0,0,0,0,0
2023-09-19,TFCO,Tifico Fiber Indonesia Tbk.,--U-4135000000E413-----------X,680,0,0,0,680,0,0,0,0,154.1,635,200,0,0,4823076400,4823076400,39549226,0,0,0,0,0
2023-09-18,TFCO,Tifico Fiber Indonesia Tbk.,--U-4135000000E413-----------X,680,0,0,0,680,0,0,0,0,154.1,635,200,0,0,4823076400,4823076400,39549226,0,0,0,0,0
2023-09-15,TFCO,Tifico Fiber Indonesia Tbk.,--U-4135000000E413-----------X,680,0,0,0,680,0,0,0,0,154.1,0,0,0,0,4823076400,4823076400,39549226,0,0,0,0,0
2023-09-14,TFCO,Tifico Fiber Indonesia Tbk.,--U-4135000000E413-----------X,680,0,0,0,680,0,0,0,0,154.1,680,200,0,0,4823076400,4823076400,39549226,0,0,0,0,0
2023-09-13,TFCO,Tifico Fiber Indonesia Tbk.,--U-4135000000E413-----------X,680,0,0,0,680,0,0,0,0,154.1,680,200,0,0,4823076400,4823076400,39549226,0,0,0,0,0
2023-09-12,TFCO,Tifico Fiber Indonesia Tbk.,--U-4135000000E413-----------X,680,0,0,0,680,0,0,0,0,154.1,635,200,0,0,4823076400,4823076400,39549226,0,0,0,0,0
2023-09-11,TFCO,Tifico Fiber Indonesia Tbk.,--U-4135000000E413-----------X,680,0,0,0,680,0,0,0,0,154.1,0,0,0,0,4823076400,4823076400,39549226,0,0,0,0,0
2023-09-08,TFCO,Tifico Fiber Indonesia Tbk.,--U-4135000000E413-----------X,680,0,680,680,680,0,100,68000,1,154.1,680,7700,635,100,4823076400,4823076400,39549226,0,0,0,0,0
2023-09-07,TFCO,Tifico Fiber Indonesia Tbk.,--U-4135000000E413-----------X,680,0,0,0,680,0,0,0,0,154.1,0,0,0,0,4823076400,4823076400,39549226,0,0,0,0,0
2023-09-06,TFCO,Tifico Fiber Indonesia Tbk.,--U-4135000000E413-----------X,680,0,0,0,680,0,0,0,0,154.1,680,27300,635,400,4823076400,4823076400,39549226,0,0,0,0,0
2023-09-05,TFCO,Tifico Fiber Indonesia Tbk.,--U-4135000000E413-----------X,680,0,0,0,680,0,0,0,0,154.1,0,0,0,0,4823076400,4823076400,39549226,0,0,0,0,0
2023-09-04,TFCO,Tifico Fiber Indonesia Tbk.,--U-4135000000E413-----------X,680,0,0,0,680,0,0,0,0,154.1,0,0,0,0,4823076400,4823076400,39549226,0,0,0,0,0
2023-09-01,TFCO,Tifico Fiber Indonesia Tbk.,--U-4135000000E413-----------X,680,0,0,0,680,0,0,0,0,154.1,0,0,0,0,4823076400,4823076400,39549226,0,0,0,0,0
2023-08-31,TFCO,Tifico Fiber Indonesia Tbk.,--U-4135000000E413-----------X,680,0,0,0,680,0,0,0,0,154.1,680,100,625,1200,4823076400,4823076400,39549226,0,0,0,0,0
2023-08-30,TFCO,Tifico Fiber Indonesia Tbk.,--U-4135000000E413-----------X,680,0,0,0,680,0,0,0,0,154.1,0,0,725,100,4823076400,4823076400,39549226,0,0,0,0,0
2023-08-29,TFCO,Tifico Fiber Indonesia Tbk.,--U-4135000000E413-----------X,680,0,0,0,680,0,0,0,0,154.1,680,3000,0,0,4823076400,4823076400,39549226,0,0,0,0,0
2023-08-28,TFCO,Tifico Fiber Indonesia Tbk.,--U-4135000000E413-----------X,680,0,0,0,680,0,0,0,0,154.1,680,100,0,0,4823076400,4823076400,39549226,0,0,0,0,0
2023-08-25,TFCO,Tifico Fiber Indonesia Tbk.,--U-4135000000E413-----------X,680,0,0,0,680,0,0,0,0,154.1,680,100,0,0,4823076400,4823076400,39549226,0,0,0,0,0
2023-08-24,TFCO,Tifico Fiber Indonesia Tbk.,--U-4135000000E413-----------X,680,0,0,0,680,0,0,0,0,154.1,725,10000,0,0,4823076400,4823076400,39549226,0,0,0,0,0
2023-08-23,TFCO,Tifico Fiber Indonesia Tbk.,--U-4135000000E413-----------X,680,0,0,0,680,0,0,0,0,154.1,680,200,0,0,4823076400,4823076400,39549226,0,0,0,0,0
2023-08-22,TFCO,Tifico Fiber Indonesia Tbk.,--U-4135000000E413-----------X,680,0,0,0,680,0,0,0,0,154.1,680,7800,0,0,4823076400,4823076400,39549226,0,0,0,0,0
2023-08-21,TFCO,Tifico Fiber Indonesia Tbk.,--U-4135000000E413-----------X,680,0,0,0,680,0,0,0,0,154.1,680,600,670,200,4823076400,4823076400,39549226,0,0,0,0,0
2023-08-18,TFCO,Tifico Fiber Indonesia Tbk.,--U-4135000000E413-----------X,680,0,0,0,680,0,0,0,0,154.1,680,500,0,0,4823076400,4823076400,39549226,0,0,0,0,0
2023-08-16,TFCO,Tifico Fiber Indonesia Tbk.,--U-4135000000E413-----------X,680,0,0,0,680,0,0,0,0,154.1,720,10000,0,0,4823076400,4823076400,39549226,0,0,0,0,0
2023-08-15,TFCO,Tifico Fiber Indonesia Tbk.,--U-4135000000E413-----------X,680,0,0,0,680,0,0,0,0,154.1,680,700,0,0,4823076400,4823076400,39549226,0,0,0,0,0
2023-08-14,TFCO,Tifico Fiber Indonesia Tbk.,--U-4135000000E413-----------X,680,0,0,0,680,0,0,0,0,154.1,680,800,0,0,4823076400,4823076400,39549226,0,0,0,0,0
2023-08-11,TFCO,Tifico Fiber Indonesia Tbk.,--U-4135000000E413-----------X,680,0,0,0,680,0,0,0,0,154.1,0,0,0,0,4823076400,4823076400,39549226,0,0,0,0,0
2023-08-10,TFCO,Tifico Fiber Indonesia Tbk.,--U-4135000000E413-----------X,680,0,0,0,680,0,0,0,0,154.1,680,600,0,0,4823076400,4823076400,39549226,0,0,0,0,0
2023-08-09,TFCO,Tifico Fiber Indonesia Tbk.,--U-4135000000E413-----------X,680,0,0,0,680,0,0,0,0,154.1,745,500,0,0,4823076400,4823076400,39549226,0,0,0,0,0
2023-08-08,TFCO,Tifico Fiber Indonesia Tbk.,--U-4135000000E413-----------X,680,0,0,0,680,0,0,0,0,154.1,745,500,0,0,4823076400,4823076400,39549226,0,0,0,0,0
2023-08-07,TFCO,Tifico Fiber Indonesia Tbk.,--U-4135000000E413-----------X,680,0,0,0,680,0,0,0,0,154.1,680,100,0,0,4823076400,4823076400,39549226,0,0,0,0,0
2023-08-04,TFCO,Tifico Fiber Indonesia Tbk.,--U-4135000000E413-----------X,680,0,0,0,680,0,0,0,0,154.1,0,0,0,0,4823076400,4823076400,39549226,0,0,0,0,0
2023-08-03,TFCO,Tifico Fiber Indonesia Tbk.,--U-4135000000E413-----------X,680,0,0,0,680,0,0,0,0,154.1,0,0,0,0,4823076400,4823076400,39549226,0,0,0,0,0
2023-08-02,TFCO,Tifico Fiber Indonesia Tbk.,--U-4135000000E413-----------X,680,0,0,0,680,0,0,0,0,154.1,0,0,680,200,4823076400,4823076400,39549226,0,0,0,0,0
2023-08-01,TFCO,Tifico Fiber Indonesia Tbk.,--U-4135000000E413-----------X,635,0,680,680,680,45,600,408000,2,154.1,680,300,0,0,4823076400,4823076400,39549226,0,0,0,0,0
2023-07-31,TFCO,Tifico Fiber Indonesia Tbk.,--U-4135000000E413-----------X,635,0,0,0,635,0,0,0,0,143.9,680,100,0,0,4823076400,4823076400,39549226,0,0,0,0,0
2023-07-28,TFCO,Tifico Fiber Indonesia Tbk.,--U-4135000000E413-----------X,635,0,0,0,635,0,0,0,0,143.9,680,100,0,0,4823076400,4823076400,39549226,0,0,0,0,0
2023-07-27,TFCO,Tifico Fiber Indonesia Tbk.,--U-4135000000E413-----------X,635,0,0,0,635,0,0,0,0,143.9,635,200,0,0,4823076400,4823076400,39549226,0,0,0,0,0
2023-07-26,TFCO,Tifico Fiber Indonesia Tbk.,--U-4135000000E413-----------X,635,0,0,0,635,0,0,0,0,143.9,635,100,0,0,4823076400,4823076400,39549226,0,0,0,0,0
2023-07-25,TFCO,Tifico Fiber Indonesia Tbk.,--U-4135000000E413-----------X,635,0,0,0,635,0,0,0,0,143.9,635,100,0,0,4823076400,4823076400,39549226,0,0,0,0,0
2023-07-24,TFCO,Tifico Fiber Indonesia Tbk.,--U-4135000000E413-----------X,635,0,0,0,635,0,0,0,0,143.9,680,100,0,0,4823076400,4823076400,39549226,0,0,0,0,0
2023-07-21,TFCO,Tifico Fiber Indonesia Tbk.,--U-4135000000E413-----------X,635,0,0,0,635,0,0,0,0,143.9,635,100,0,0,4823076400,4823076400,39549226,0,0,0,0,0
2023-07-20,TFCO,Tifico Fiber Indonesia Tbk.,--U-4135000000E413-----------X,635,0,0,0,635,0,0,0,0,143.9,635,100,0,0,4823076400,4823076400,39549226,0,0,0,0,0
2023-07-18,TFCO,Tifico Fiber Indonesia Tbk.,--U-4135000000E413-----------X,635,0,0,0,635,0,0,0,0,143.9,635,100,0,0,4823076400,4823076400,39549226,0,0,0,0,0
2023-07-17,TFCO,Tifico Fiber Indonesia Tbk.,--U-4135000000E413-----------X,635,0,0,0,635,0,0,0,0,143.9,635,100,0,0,4823076400,4823076400,39549226,0,0,0,0,0
2023-07-14,TFCO,Tifico Fiber Indonesia Tbk.,--U-4135000000E413-----------X,635,0,0,0,635,0,0,0,0,143.9,635,100,0,0,4823076400,4823076400,39549226,0,0,0,0,0
2023-07-13,TFCO,Tifico Fiber Indonesia Tbk.,--U-4135000000E413-----------X,635,0,0,0,635,0,0,0,0,143.9,680,100,0,0,4823076400,4823076400,39549226,0,0,0,0,0
2023-07-12,TFCO,Tifico Fiber Indonesia Tbk.,--U-4135000000E413-----------X,635,0,0,0,635,0,0,0,0,143.9,635,200,0,0,4823076400,4823076400,39549226,0,0,0,0,0
2023-07-11,TFCO,Tifico Fiber Indonesia Tbk.,--U-4135000000E413-----------X,635,0,0,0,635,0,0,0,0,143.9,680,900,0,0,4823076400,4823076400,39549226,0,0,0,0,0
2023-07-10,TFCO,Tifico Fiber Indonesia Tbk.,--U-4135000000E413-----------X,635,0,0,0,635,0,0,0,0,143.9,635,200,0,0,4823076400,4823076400,39549226,0,0,0,0,0
2023-07-07,TFCO,Tifico Fiber Indonesia Tbk.,--U-4135000000E413-----------X,635,0,0,0,635,0,0,0,0,143.9,680,100,0,0,4823076400,4823076400,39549226,0,0,0,0,0
2023-07-06,TFCO,Tifico Fiber Indonesia Tbk.,--U-4135000000E413-----------X,635,0,0,0,635,0,0,0,0,143.9,680,100,0,0,4823076400,4823076400,39549226,0,0,0,0,0
2023-07-05,TFCO,Tifico Fiber Indonesia Tbk.,--U-4135000000E413-----------X,635,0,0,0,635,0,0,0,0,143.9,680,100,0,0,4823076400,4823076400,39549226,0,0,0,0,0
2023-07-04,TFCO,Tifico Fiber Indonesia Tbk.,--U-4135000000E413-----------X,635,0,0,0,635,0,0,0,0,143.9,650,800,0,0,4823076400,4823076400,39549226,0,0,0,0,0
2023-07-03,TFCO,Tifico Fiber Indonesia Tbk.,--U-4135000000E413-----------X,635,0,0,0,635,0,0,0,0,143.9,635,700,0,0,4823076400,4823076400,39549226,0,0,0,0,0
2023-06-27,TFCO,Tifico Fiber Indonesia Tbk.,--U-4135000000E413-----------X,635,0,0,0,635,0,0,0,0,143.9,680,100,0,0,4823076400,4823076400,39549226,0,0,0,0,0
2023-06-26,TFCO,Tifico Fiber Indonesia Tbk.,--U-4135000000E413-----------X,635,0,0,0,635,0,0,0,0,143.9,680,100,0,0,4823076400,4823076400,39549226,0,0,0,0,0
2023-06-23,TFCO,Tifico Fiber Indonesia Tbk.,--U-4135000000E413-----------X,635,0,0,0,635,0,0,0,0,143.9,680,100,0,0,4823076400,4823076400,39549226,0,0,0,0,0
2023-06-22,TFCO,Tifico Fiber Indonesia Tbk.,--U-4135000000E413-----------X,635,0,0,0,635,0,0,0,0,143.9,680,100,0,0,4823076400,4823076400,39549226,0,0,0,0,0
2023-06-21,TFCO,Tifico Fiber Indonesia Tbk.,--U-4135000000E413-----------X,635,0,0,0,635,0,0,0,0,143.9,635,500,0,0,4823076400,4823076400,39549226,0,0,0,0,0
2023-06-20,TFCO,Tifico Fiber Indonesia Tbk.,--U-4135000000E413-----------X,635,0,0,0,635,0,0,0,0,143.9,680,100,0,0,4823076400,4823076400,39549226,0,0,0,0,0
2023-06-19,TFCO,Tifico Fiber Indonesia Tbk.,--U-4135000000E413-----------X,635,0,0,0,635,0,0,0,0,143.9,680,100,0,0,4823076400,4823076400,39549226,0,0,0,0,0
2023-06-16,TFCO,Tifico Fiber Indonesia Tbk.,--U-4135000000E413-----------X,635,0,0,0,635,0,0,0,0,143.9,650,400,0,0,4823076400,4823076400,39549226,0,0,0,0,0
2023-06-15,TFCO,Tifico Fiber Indonesia Tbk.,--U-4135000000E413-----------X,635,0,0,0,635,0,0,0,0,143.9,635,500,0,0,4823076400,4823076400,39549226,0,0,0,0,0
2023-06-14,TFCO,Tifico Fiber Indonesia Tbk.,--U-4135000000E413-----------X,635,0,0,0,635,0,0,0,0,143.9,680,100,0,0,4823076400,4823076400,39549226,0,0,0,0,0
2023-06-13,TFCO,Tifico Fiber Indonesia Tbk.,--U-4135000000E413-----------X,635,0,0,0,635,0,0,0,0,143.9,635,500,0,0,4823076400,4823076400,39549226,0,0,0,0,0
2023-06-12,TFCO,Tifico Fiber Indonesia Tbk.,--U-4135000000E413-----------X,635,0,0,0,635,0,0,0,0,143.9,635,500,0,0,4823076400,4823076400,39549226,0,0,0,0,0
2023-06-09,TFCO,Tifico Fiber Indonesia Tbk.,--U-2135000000E413-----------X,635,0,0,0,635,0,0,0,0,143.9,675,800,580,2000,4823076400,4823076400,39549226,0,0,0,0,0
2023-06-08,TFCO,Tifico Fiber Indonesia Tbk.,--U-2135000000E413-----------X,635,0,0,0,635,0,0,0,0,143.9,635,700,0,0,4823076400,4823076400,39549226,0,0,0,0,0
2023-06-07,TFCO,Tifico Fiber Indonesia Tbk.,--U-2135000000E413-----------X,645,0,635,635,635,-10,500,317500,1,143.9,650,700,0,0,4823076400,4823076400,39549226,0,0,0,0,0
2023-06-06,TFCO,Tifico Fiber Indonesia Tbk.,--U-2135000000E413-----------X,645,0,0,0,645,0,0,0,0,146.2,640,700,0,0,4823076400,4823076400,39549226,0,0,0,0,0
2023-06-05,TFCO,Tifico Fiber Indonesia Tbk.,--U-2135000000E413-----------X,650,0,645,645,645,-5,300,193500,3,146.2,645,300,0,0,4823076400,4823076400,39549226,0,0,0,0,0
2023-05-31,TFCO,Tifico Fiber Indonesia Tbk.,--U-2135000000E413-----------X,650,0,0,0,650,0,0,0,0,147.3,650,500,0,0,4823076400,4823076400,39549226,0,0,0,0,0
2023-05-30,TFCO,Tifico Fiber Indonesia Tbk.,--U-2135000000E413-----------X,650,0,0,0,650,0,0,0,0,147.3,655,800,0,0,4823076400,4823076400,39549226,0,0,0,0,0
2023-05-29,TFCO,Tifico Fiber Indonesia Tbk.,--U-2135000000E413-----------X,635,0,650,650,650,15,100,65000,1,147.3,650,700,0,0,4823076400,4823076400,39549226,0,0,0,0,0
2023-05-26,TFCO,Tifico Fiber Indonesia Tbk.,--U-2135000000E413-----------X,635,0,0,0,635,0,0,0,0,143.9,635,500,0,0,4823076400,4823076400,39549226,0,0,0,0,0
2023-05-25,TFCO,Tifico Fiber Indonesia Tbk.,--U-2135000000E413-----------X,635,0,0,0,635,0,0,0,0,143.9,650,800,595,100,4823076400,4823076400,39549226,0,0,0,0,0
2023-05-24,TFCO,Tifico Fiber Indonesia Tbk.,--U-2135000000E413-----------X,635,0,0,0,635,0,0,0,0,143.9,635,100,595,100,4823076400,4823076400,39549226,0,0,0,0,0
2023-05-23,TFCO,Tifico Fiber Indonesia Tbk.,--U-2135000000E413-----------X,635,0,0,0,635,0,0,0,0,143.9,650,800,0,0,4823076400,4823076400,39549226,0,0,0,0,0
2023-05-22,TFCO,Tifico Fiber Indonesia Tbk.,--U-2135000000E413-----------X,635,0,0,0,635,0,0,0,0,143.9,655,800,595,100,4823076400,4823076400,39549226,0,0,0,0,0
2023-05-19,TFCO,Tifico Fiber Indonesia Tbk.,--U-2135000000E413-----------X,635,0,0,0,635,0,0,0,0,143.9,665,800,0,0,4823076400,4823076400,39549226,0,0,0,0,0
2023-05-17,TFCO,Tifico Fiber Indonesia Tbk.,--U-2135000000E413-----------X,635,0,0,0,635,0,0,0,0,143.9,635,600,0,0,4823076400,4823076400,39549226,0,0,0,0,0
2023-05-16,TFCO,Tifico Fiber Indonesia Tbk.,--U-2135000000E413-----------X,635,0,0,0,635,0,0,0,0,143.9,635,500,0,0,4823076400,4823076400,39549226,0,0,0,0,0
2023-05-15,TFCO,Tifico Fiber Indonesia Tbk.,--U-2135000000E413-----------X,635,0,0,0,635,0,0,0,0,143.9,630,600,0,0,4823076400,4823076400,39549226,0,0,0,0,0
2023-05-12,TFCO,Tifico Fiber Indonesia Tbk.,--U-2135000000E413-----------X,665,0,635,635,635,-30,200,127000,2,143.9,660,800,0,0,4823076400,4823076400,39549226,0,0,0,0,0
2023-05-11,TFCO,Tifico Fiber Indonesia Tbk.,--U-2135000000E413-----------X,665,0,0,0,665,0,0,0,0,150.7,660,900,0,0,4823076400,4823076400,39549226,0,0,0,0,0
2023-05-10,TFCO,Tifico Fiber Indonesia Tbk.,--U-2135000000E413-----------X,605,0,665,665,665,60,300,199500,3,150.7,665,1600,605,100,4823076400,4823076400,39549226,0,0,0,0,0
2023-05-09,TFCO,Tifico Fiber Indonesia Tbk.,--U-2135000000E413-----------X,595,0,605,605,605,10,100,60500,1,137.1,0,0,555,500,4823076400,4823076400,39549226,0,0,0,0,0
2023-05-08,TFCO,Tifico Fiber Indonesia Tbk.,--U-2135000000E413-----------X,595,0,0,0,595,0,0,0,0,134.8,645,700,560,2000,4823076400,4823076400,39549226,0,0,0,0,0
2023-05-05,TFCO,Tifico Fiber Indonesia Tbk.,--U-2135000000E413-----------X,595,0,0,0,595,0,0,0,0,134.8,650,1500,560,2000,4823076400,4823076400,39549226,0,0,0,0,0
2023-05-04,TFCO,Tifico Fiber Indonesia Tbk.,--U-2135000000E413-----------X,595,0,0,0,595,0,0,0,0,134.8,650,1500,560,2000,4823076400,4823076400,39549226,0,0,0,0,0
2023-05-03,TFCO,Tifico Fiber Indonesia Tbk.,--U-2135000000E413-----------X,595,0,595,595,595,0,100,59500,1,134.8,650,1500,0,0,4823076400,4823076400,39549226,0,0,0,0,0
2023-05-02,TFCO,Tifico Fiber Indonesia Tbk.,--U-2135000000E413-----------X,595,0,0,0,595,0,0,0,0,134.8,650,1500,0,0,4823076400,4823076400,39549226,0,0,0,0,0
2023-04-28,TFCO,Tifico Fiber Indonesia Tbk.,--U-2135000000E413-----------X,595,0,0,0,595,0,0,0,0,134.8,650,1400,560,2000,4823076400,4823076400,39549226,0,0,0,0,0
2023-04-27,TFCO,Tifico Fiber Indonesia Tbk.,--U-2135000000E413-----------X,595,0,0,0,595,0,0,0,0,134.8,650,1400,560,2000,4823076400,4823076400,39549226,0,0,0,0,0
2023-04-26,TFCO,Tifico Fiber Indonesia Tbk.,--U-2135000000E413-----------X,595,0,0,0,595,0,0,0,0,134.8,650,700,560,2000,4823076400,4823076400,39549226,0,0,0,0,0
2023-04-18,TFCO,Tifico Fiber Indonesia Tbk.,--U-2135000000E413-----------X,595,0,0,0,595,0,0,0,0,134.8,650,700,560,2000,4823076400,4823076400,39549226,0,0,0,0,0
2023-04-17,TFCO,Tifico Fiber Indonesia Tbk.,--U-2135000000E413-----------X,595,0,0,0,595,0,0,0,0,134.8,650,700,0,0,4823076400,4823076400,39549226,0,0,0,0,0
2023-04-14,TFCO,Tifico Fiber Indonesia Tbk.,--U-2135000000E413-----------X,595,0,0,0,595,0,0,0,0,134.8,650,700,0,0,4823076400,4823076400,39549226,0,0,0,0,0
2023-04-13,TFCO,Tifico Fiber Indonesia Tbk.,--U-2135000000E413-----------X,595,0,0,0,595,0,0,0,0,134.8,0,0,0,0,4823076400,4823076400,39549226,0,0,0,0,0
2023-04-12,TFCO,Tifico Fiber Indonesia Tbk.,--U-2135000000E413-----------X,595,0,0,0,595,0,0,0,0,134.8,650,1400,0,0,4823076400,4823076400,39549226,0,0,0,0,0
2023-04-11,TFCO,Tifico Fiber Indonesia Tbk.,--U-2135000000E413-----------X,595,0,0,0,595,0,0,0,0,134.8,650,1400,595,200,4823076400,4823076400,39549226,0,0,0,0,0
2023-04-10,TFCO,Tifico Fiber Indonesia Tbk.,--U-2135000000E413-----------X,595,0,0,0,595,0,0,0,0,134.8,650,1400,0,0,4823076400,4823076400,39549226,0,0,0,0,0
2023-04-06,TFCO,Tifico Fiber Indonesia Tbk.,--U-2135000000E413-----------X,595,0,0,0,595,0,0,0,0,134.8,0,0,0,0,4823076400,4823076400,39549226,0,0,0,0,0
2023-04-05,TFCO,Tifico Fiber Indonesia Tbk.,--U-2135000000E413-----------X,595,0,0,0,595,0,0,0,0,134.8,0,0,0,0,4823076400,4823076400,39549226,0,0,0,0,0
2023-04-04,TFCO,Tifico Fiber Indonesia Tbk.,--U-2135000000E413-----------X,595,0,0,0,595,0,0,0,0,134.8,0,0,0,0,4823076400,4823076400,39549226,0,0,0,0,0
2023-04-03,TFCO,Tifico Fiber Indonesia Tbk.,--U-2135000000E413-----------X,595,0,0,0,595,0,0,0,0,134.8,0,0,0,0,4823076400,4823076400,39549226,0,0,0,0,0
2023-03-31,TFCO,Tifico Fiber Indonesia Tbk.,--U-2135000000E413-----------X,595,0,0,0,595,0,0,0,0,134.8,650,1400,0,0,4823076400,4823076400,39549226,0,0,0,0,0
2023-03-30,TFCO,Tifico Fiber Indonesia Tbk.,--U-2135000000E413-----------X,595,0,0,0,595,0,0,0,0,134.8,650,1400,0,0,4823076400,4823076400,39549226,0,0,0,0,0
2023-03-29,TFCO,Tifico Fiber Indonesia Tbk.,--U-2135000000E413-----------X,595,0,0,0,595,0,0,0,0,134.8,0,0,0,0,4823076400,4823076400,39549226,0,0,0,0,0
2023-03-28,TFCO,Tifico Fiber Indonesia Tbk.,--U-2135000000E413-----------X,595,0,0,0,595,0,0,0,0,134.8,595,100,570,1000,4823076400,4823076400,39549226,0,0,0,0,0
2023-03-27,TFCO,Tifico Fiber Indonesia Tbk.,--U-2135000000E413-----------X,615,0,595,595,595,-20,2100,1249500,2,134.8,675,800,580,2000,4823076400,4823076400,39549226,0,0,0,0,0
2023-03-24,TFCO,Tifico Fiber Indonesia Tbk.,--U-2135000000E413-----------X,615,0,615,615,615,0,100,61500,1,139.4,0,0,585,200,4823076400,4823076400,39549226,0,0,0,0,0
2023-03-21,TFCO,Tifico Fiber Indonesia Tbk.,--U-2135000000E413-----------X,660,0,615,615,615,-45,800,492000,1,139.4,720,800,615,1000,4823076400,4823076400,39549226,0,0,0,0,0
2023-03-20,TFCO,Tifico Fiber Indonesia Tbk.,--U-2135000000E413-----------X,660,0,0,0,660,0,0,0,0,149.6,715,400,0,0,4823076400,4823076400,39549226,0,0,0,0,0
2023-03-17,TFCO,Tifico Fiber Indonesia Tbk.,--U-2135000000E413-----------X,660,0,660,660,660,0,200,132000,1,149.6,725,400,615,100,4823076400,4823076400,39549226,0,0,0,0,0
2023-03-16,TFCO,Tifico Fiber Indonesia Tbk.,--U-2135000000E413-----------X,660,0,0,0,660,0,0,0,0,149.6,660,200,615,100,4823076400,4823076400,39549226,0,0,0,0,0
2023-03-15,TFCO,Tifico Fiber Indonesia Tbk.,--U-2135000000E413-----------X,660,0,660,660,660,0,300,198000,2,149.6,715,800,620,2000,4823076400,4823076400,39549226,0,0,0,0,0
2023-03-14,TFCO,Tifico Fiber Indonesia Tbk.,--U-2135000000E413-----------X,660,0,660,660,660,0,100,66000,1,149.6,660,300,0,0,4823076400,4823076400,39549226,0,0,0,0,0
2023-03-13,TFCO,Tifico Fiber Indonesia Tbk.,--U-2135000000E413-----------X,610,0,670,610,660,50,3300,2183000,6,149.6,0,0,660,1900,4823076400,4823076400,39549226,0,0,0,0,0
2023-03-10,TFCO,Tifico Fiber Indonesia Tbk.,--U-2135000000E413-----------X,610,0,610,610,610,0,100,61000,1,138.2,650,1900,590,100,4823076400,4823076400,39549226,0,0,0,0,0
2023-03-09,TFCO,Tifico Fiber Indonesia Tbk.,--U-2135000000E413-----------X,610,0,0,0,610,0,0,0,0,138.2,610,10100,595,100,4823076400,4823076400,39549226,0,0,0,0,0
2023-03-08,TFCO,Tifico Fiber Indonesia Tbk.,--U-2135000000E413-----------X,610,0,610,610,610,0,100,61000,1,138.2,650,10000,0,0,4823076400,4823076400,39549226,0,0,0,0,0
2023-03-07,TFCO,Tifico Fiber Indonesia Tbk.,--U-2135000000E413-----------X,610,0,610,610,610,0,100,61000,1,138.2,670,1900,0,0,4823076400,4823076400,39549226,0,0,0,0,0
2023-03-06,TFCO,Tifico Fiber Indonesia Tbk.,--U-2135000000E413-----------X,610,0,0,0,610,0,0,0,0,138.2,610,100,0,0,4823076400,4823076400,39549226,0,0,0,0,0
2023-03-03,TFCO,Tifico Fiber Indonesia Tbk.,--U-2135000000E413-----------X,610,0,610,610,610,0,100,61000,1,138.2,660,1900,585,2000,4823076400,4823076400,39549226,0,0,0,0,0
2023-03-02,TFCO,Tifico Fiber Indonesia Tbk.,--U-2135000000E413-----------X,610,0,0,0,610,0,0,0,0,138.2,650,1900,610,100,4823076400,4823076400,39549226,0,0,0,0,0
2023-03-01,TFCO,Tifico Fiber Indonesia Tbk.,--U-2135000000E413-----------X,610,0,610,610,610,0,100,61000,1,138.2,660,1900,615,100,4823076400,4823076400,39549226,0,0,0,0,0
2023-02-28,TFCO,Tifico Fiber Indonesia Tbk.,--U-2135000000E413-----------X,610,0,0,0,610,0,0,0,0,138.2,660,1900,570,100,4823076400,4823076400,39549226,0,0,0,0,0
2023-02-27,TFCO,Tifico Fiber Indonesia Tbk.,--U-2135000000E413-----------X,610,0,0,0,610,0,0,0,0,138.2,645,100,610,100,4823076400,4823076400,39549226,0,0,0,0,0
2023-02-24,TFCO,Tifico Fiber Indonesia Tbk.,--U-2135000000E413-----------X,610,0,0,0,610,0,0,0,0,138.2,645,100,610,300,4823076400,4823076400,39549226,0,0,0,0,0
2023-02-23,TFCO,Tifico Fiber Indonesia Tbk.,--U-2135000000E413-----------X,610,0,0,0,610,0,0,0,0,138.2,650,100,0,0,4823076400,4823076400,39549226,0,0,0,0,0
2023-02-22,TFCO,Tifico Fiber Indonesia Tbk.,--U-2135000000E413-----------X,610,0,610,610,610,0,200,122000,1,138.2,610,27300,580,100,4823076400,4823076400,39549226,200,0,0,0,0
2023-02-21,TFCO,Tifico Fiber Indonesia Tbk.,--U-2135000000E413-----------X,610,0,0,0,610,0,0,0,0,138.2,660,900,575,200,4823076400,4823076400,39549226,0,0,0,0,0
2023-02-20,TFCO,Tifico Fiber Indonesia Tbk.,--U-2135000000E413-----------X,600,0,660,610,610,10,800,511500,7,138.2,645,100,605,100,4823076400,4823076400,39549226,0,100,0,0,0
2023-02-17,TFCO,Tifico Fiber Indonesia Tbk.,--U-2135000000E413-----------X,600,0,0,0,600,0,0,0,0,136.0,640,900,560,1100,4823076400,4823076400,39549226,0,0,0,0,0
2023-02-16,TFCO,Tifico Fiber Indonesia Tbk.,--U-2135000000E413-----------X,600,0,0,0,600,0,0,0,0,136.0,650,900,560,1100,4823076400,4823076400,39549226,0,0,0,0,0
2023-02-15,TFCO,Tifico Fiber Indonesia Tbk.,--U-2135000000E413-----------X,600,0,0,0,600,0,0,0,0,136.0,0,0,660,100,4823076400,4823076400,39549226,0,0,0,0,0
2023-02-14,TFCO,Tifico Fiber Indonesia Tbk.,--U-2135000000E413-----------X,600,0,0,0,600,0,0,0,0,136.0,650,1000,0,0,4823076400,4823076400,39549226,0,0,0,0,0
2023-02-13,TFCO,Tifico Fiber Indonesia Tbk.,--U-2135000000E413-----------X,640,0,600,600,600,-40,2700,1620000,5,136.0,680,100,0,0,4823076400,4823076400,39549226,0,0,0,0,0
2023-02-10,TFCO,Tifico Fiber Indonesia Tbk.,--U-2135000000E413-----------X,640,0,0,0,640,0,0,0,0,145.0,640,200,0,0,4823076400,4823076400,39549226,0,0,0,0,0
2023-02-09,TFCO,Tifico Fiber Indonesia Tbk.,--U-2135000000E413-----------X,640,0,0,0,640,0,0,0,0,145.0,635,800,0,0,4823076400,4823076400,39549226,0,0,0,0,0
2023-02-08,TFCO,Tifico Fiber Indonesia Tbk.,--U-2135000000E413-----------X,640,0,0,0,640,0,0,0,0,145.0,640,300,0,0,4823076400,4823076400,39549226,0,0,0,0,0
2023-02-07,TFCO,Tifico Fiber Indonesia Tbk.,--U-2135000000E413-----------X,640,0,0,0,640,0,0,0,0,145.0,640,200,0,0,4823076400,4823076400,39549226,0,0,0,0,0
2023-02-03,TFCO,Tifico Fiber Indonesia Tbk.,--U-2135000000E413-----------X,665,0,0,0,665,0,0,0,0,150.7,660,1000,0,0,4823076400,4823076400,39549226,0,0,0,0,0
2023-02-02,TFCO,Tifico Fiber Indonesia Tbk.,--U-2135000000E413-----------X,665,0,0,0,665,0,0,0,0,150.7,660,500,0,0,4823076400,4823076400,39549226,0,0,0,0,0
2023-02-01,TFCO,Tifico Fiber Indonesia Tbk.,--U-2135000000E413-----------X,665,0,0,0,665,0,0,0,0,150.7,660,500,0,0,4823076400,4823076400,39549226,0,0,0,0,0
2023-01-31,TFCO,Tifico Fiber Indonesia Tbk.,--U-2135000000E413-----------X,665,0,0,0,665,0,0,0,0,150.7,660,500,0,0,4823076400,4823076400,39549226,0,0,0,0,0
2023-01-30,TFCO,Tifico Fiber Indonesia Tbk.,--U-2135000000E413-----------X,665,0,0,0,665,0,0,0,0,150.7,660,500,0,0,4823076400,4823076400,39549226,0,0,0,0,0
2023-01-27,TFCO,Tifico Fiber Indonesia Tbk.,--U-2135000000E413-----------X,665,0,0,0,665,0,0,0,0,150.7,665,200,0,0,4823076400,4823076400,39549226,0,0,0,0,0
2023-01-26,TFCO,Tifico Fiber Indonesia Tbk.,--U-2135000000E413-----------X,665,0,0,0,665,0,0,0,0,150.7,660,500,0,0,4823076400,4823076400,39549226,0,0,0,0,0
2023-01-25,TFCO,Tifico Fiber Indonesia Tbk.,--U-2135000000E413-----------X,665,0,0,0,665,0,0,0,0,150.7,660,500,0,0,4823076400,4823076400,39549226,0,0,0,0,0
2023-01-24,TFCO,Tifico Fiber Indonesia Tbk.,--U-2135000000E413-----------X,670,0,665,665,665,-5,100,66500,1,150.7,660,500,625,200,4823076400,4823076400,39549226,0,0,0,0,0
2023-01-20,TFCO,Tifico Fiber Indonesia Tbk.,--U-2135000000E413-----------X,670,0,0,0,670,0,0,0,0,151.8,665,100,625,700,4823076400,4823076400,39549226,0,0,0,0,0
2023-01-19,TFCO,Tifico Fiber Indonesia Tbk.,--U-2135000000E413-----------X,670,0,0,0,670,0,0,0,0,151.8,655,100,0,0,4823076400,4823076400,39549226,0,0,0,0,0
2023-01-18,TFCO,Tifico Fiber Indonesia Tbk.,--U-2135000000E413-----------X,670,0,0,0,670,0,0,0,0,151.8,660,400,0,0,4823076400,4823076400,39549226,0,0,0,0,0
2023-01-17,TFCO,Tifico Fiber Indonesia Tbk.,--U-2135000000E413-----------X,670,0,0,0,670,0,0,0,0,151.8,665,100,0,0,4823076400,4823076400,39549226,0,0,0,0,0
2023-01-16,TFCO,Tifico Fiber Indonesia Tbk.,--U-2135000000E413-----------X,670,0,0,0,670,0,0,0,0,151.8,660,100,0,0,4823076400,4823076400,39549226,0,0,0,0,0
2023-01-13,TFCO,Tifico Fiber Indonesia Tbk.,--U-2135000000E413-----------X,670,0,0,0,670,0,0,0,0,151.8,665,300,0,0,4823076400,4823076400,39549226,0,0,0,0,0
2023-01-12,TFCO,Tifico Fiber Indonesia Tbk.,--U-2135000000E413-----------X,670,0,0,0,670,0,0,0,0,151.8,665,100,0,0,4823076400,4823076400,39549226,0,0,0,0,0
2023-01-11,TFCO,Tifico Fiber Indonesia Tbk.,--U-2135000000E413-----------X,670,0,0,0,670,0,0,0,0,151.8,665,100,0,0,4823076400,4823076400,39549226,0,0,0,0,0
2023-01-10,TFCO,Tifico Fiber Indonesia Tbk.,--U-2135000000E413-----------X,670,0,0,0,670,0,0,0,0,151.8,665,100,0,0,4823076400,4823076400,39549226,0,0,0,0,0
2023-01-09,TFCO,Tifico Fiber Indonesia Tbk.,--U-2135000000E413-----------X,670,0,0,0,670,0,0,0,0,151.8,670,700,0,0,4823076400,4823076400,39549226,0,0,0,0,0
2023-01-06,TFCO,Tifico Fiber Indonesia Tbk.,--U-2135000000E413-----------X,670,0,0,0,670,0,0,0,0,151.8,670,700,0,0,4823076400,4823076400,39549226,0,0,0,0,0
2023-01-05,TFCO,Tifico Fiber Indonesia Tbk.,--U-2135000000E413-----------X,670,0,0,0,670,0,0,0,0,151.8,665,500,0,0,4823076400,4823076400,39549226,0,0,0,0,0
2023-01-04,TFCO,Tifico Fiber Indonesia Tbk.,--U-2135000000E413-----------X,670,0,0,0,670,0,0,0,0,151.8,655,600,0,0,4823076400,4823076400,39549226,0,0,0,0,0
2023-01-03,TFCO,Tifico Fiber Indonesia Tbk.,--U-2135000000E413-----------X,625,0,670,630,670,45,200,130000,2,151.8,650,500,600,200,4823076400,4823076400,39549226,0,0,0,0,0
2023-01-02,TFCO,Tifico Fiber Indonesia Tbk.,--U-2135000000E413-----------X,650,0,630,625,625,-25,600,375500,3,141.6,680,100,625,1300,4823076400,4823076400,39549226,0,0,0,0,0
2022-12-30,TFCO,Tifico Fiber Indonesia Tbk.,--U-2135000000E413-----------X,650,0,0,0,650,0,0,0,0,147.3,685,700,610,1000,4823076400,4823076400,39549226,0,0,0,0,0
2022-12-29,TFCO,Tifico Fiber Indonesia Tbk.,--U-2135000000E413-----------X,650,0,0,0,650,0,0,0,0,147.3,685,900,660,3000,4823076400,4823076400,39549226,0,0,0,0,0
2022-12-28,TFCO,Tifico Fiber Indonesia Tbk.,--U-2135000000E413-----------X,695,0,690,650,650,-45,700,463000,7,147.3,650,400,0,0,4823076400,4823076400,39549226,0,0,0,0,0
2022-12-27,TFCO,Tifico Fiber Indonesia Tbk.,--U-2135000000E413-----------X,655,0,695,685,695,40,300,207500,3,157.5,695,1000,610,100,4823076400,4823076400,39549226,0,0,0,0,0
2022-12-26,TFCO,Tifico Fiber Indonesia Tbk.,--U-2135000000E413-----------X,655,0,0,0,655,0,0,0,0,148.4,685,700,615,1000,4823076400,4823076400,39549226,0,0,0,0,0
2022-12-23,TFCO,Tifico Fiber Indonesia Tbk.,--U-2135000000E413-----------X,655,0,0,0,655,0,0,0,0,148.4,685,700,0,0,4823076400,4823076400,39549226,0,0,0,0,0
2022-12-22,TFCO,Tifico Fiber Indonesia Tbk.,--U-2135000000E413-----------X,655,0,0,0,655,0,0,0,0,148.4,675,700,0,0,4823076400,4823076400,39549226,0,0,0,0,0
2022-12-21,TFCO,Tifico Fiber Indonesia Tbk.,--U-2135000000E413-----------X,655,0,0,0,655,0,0,0,0,148.4,685,700,0,0,4823076400,4823076400,39549226,0,0,0,0,0
2022-12-20,TFCO,Tifico Fiber Indonesia Tbk.,--U-2135000000E413-----------X,695,0,655,655,655,-40,100,65500,1,148.4,680,100,0,0,4823076400,4823076400,39549226,0,0,0,0,0
2022-12-19,TFCO,Tifico Fiber Indonesia Tbk.,--U-2135000000E413-----------X,695,0,0,0,695,0,0,0,0,157.5,675,100,0,0,4823076400,4823076400,39549226,0,0,0,0,0
2022-12-16,TFCO,Tifico Fiber Indonesia Tbk.,--U-2135000000E413-----------X,695,0,0,0,695,0,0,0,0,157.5,665,100,0,0,4823076400,4823076400,39549226,0,0,0,0,0
2022-12-15,TFCO,Tifico Fiber Indonesia Tbk.,--U-2135000000E413-----------X,695,0,0,0,695,0,0,0,0,157.5,680,100,0,0,4823076400,4823076400,39549226,0,0,0,0,0
2022-12-14,TFCO,Tifico Fiber Indonesia Tbk.,--U-2135000000E413-----------X,695,0,0,0,695,0,0,0,0,157.5,675,100,0,0,4823076400,4823076400,39549226,0,0,4,2780,3
2022-12-13,TFCO,Tifico Fiber Indonesia Tbk.,--U-2135000000E413-----------X,695,0,0,0,695,0,0,0,0,157.5,680,200,0,0,4823076400,4823076400,39549226,0,0,0,0,0
2022-12-12,TFCO,Tifico Fiber Indonesia Tbk.,--U-2135000000E413-----------X,695,0,0,0,695,0,0,0,0,157.5,685,700,0,0,4823076400,4823076400,39549226,0,0,0,0,0
2022-12-09,TFCO,Tifico Fiber Indonesia Tbk.,--U-2135000000E413-----------X,695,0,0,0,695,0,0,0,0,157.5,675,100,0,0,4823076400,4823076400,39549226,0,0,0,0,0
2022-12-08,TFCO,Tifico Fiber Indonesia Tbk.,--U-2135000000E413-----------X,695,0,0,0,695,0,0,0,0,157.5,670,100,0,0,4823076400,4823076400,39549226,0,0,0,0,0
2022-12-07,TFCO,Tifico Fiber Indonesia Tbk.,--U-2135000000E413-----------X,695,0,0,0,695,0,0,0,0,157.5,685,700,0,0,4823076400,4823076400,39549226,0,0,0,0,0
2022-12-06,TFCO,Tifico Fiber Indonesia Tbk.,--U-2135000000E413-----------X,695,0,0,0,695,0,0,0,0,157.5,675,600,0,0,4823076400,4823076400,39549226,0,0,0,0,0
2022-12-05,TFCO,Tifico Fiber Indonesia Tbk.,--U-2135000000E413-----------X,695,0,0,0,695,0,0,0,0,157.5,675,700,0,0,4823076400,4823076400,39549226,0,0,0,0,0
2022-12-02,TFCO,Tifico Fiber Indonesia Tbk.,--U-2135000000E413-----------X,695,0,0,0,695,0,0,0,0,157.5,675,100,0,0,4823076400,4823076400,39549226,0,0,0,0,0
2022-12-01,TFCO,Tifico Fiber Indonesia Tbk.,--U-2135000000E413-----------X,660,0,695,695,695,35,100,69500,1,157.5,685,100,625,3000,4823076400,4823076400,39549226,0,0,0,0,0
2022-11-30,TFCO,Tifico Fiber Indonesia Tbk.,--U-2135000000E413-----------X,695,0,660,660,660,-35,900,594000,1,149.6,680,100,660,2100,4823076400,4823076400,39549226,0,0,0,0,0
2022-11-29,TFCO,Tifico Fiber Indonesia Tbk.,--U-2135000000E413-----------X,695,0,0,0,695,0,0,0,0,157.5,675,100,0,0,4823076400,4823076400,39549226,0,0,0,0,0
2022-11-28,TFCO,Tifico Fiber Indonesia Tbk.,--U-2135000000E413-----------X,650,0,695,610,695,45,200,130500,2,157.5,695,1200,610,1200,4823076400,4823076400,39549226,0,0,0,0,0
2022-11-25,TFCO,Tifico Fiber Indonesia Tbk.,--U-2135000000E413-----------X,650,0,0,0,650,0,0,0,0,147.3,695,1100,610,1000,4823076400,4823076400,39549226,0,0,0,0,0
2022-11-24,TFCO,Tifico Fiber Indonesia Tbk.,--U-2135000000E413-----------X,650,0,0,0,650,0,0,0,0,147.3,695,1100,605,1000,4823076400,4823076400,39549226,0,0,0,0,0
2022-11-23,TFCO,Tifico Fiber Indonesia Tbk.,--U-2135000000E413-----------X,690,0,650,650,650,-40,100,65000,1,147.3,650,300,0,0,4823076400,4823076400,39549226,0,0,0,0,0
2022-11-22,TFCO,Tifico Fiber Indonesia Tbk.,--U-2135000000E413-----------X,690,0,0,0,690,0,0,0,0,156.4,680,100,0,0,4823076400,4823076400,39549226,0,0,0,0,0
2022-11-21,TFCO,Tifico Fiber Indonesia Tbk.,--U-2135000000E413-----------X,690,0,0,0,690,0,0,0,0,156.4,690,200,650,100,4823076400,4823076400,39549226,0,0,0,0,0
2022-11-18,TFCO,Tifico Fiber Indonesia Tbk.,--U-2135000000E413-----------X,630,0,690,690,690,60,1100,759000,5,156.4,0,0,690,700,4823076400,4823076400,39549226,0,0,0,0,0
2022-11-17,TFCO,Tifico Fiber Indonesia Tbk.,--U-2135000000E413-----------X,645,0,695,630,630,-15,3800,2509000,5,142.8,650,13900,630,1000,4823076400,4823076400,39549226,0,0,0,0,0
2022-11-16,TFCO,Tifico Fiber Indonesia Tbk.,--U-2135000000E413-----------X,590,0,645,615,645,55,600,382500,6,146.2,0,0,645,12600,4823076400,4823076400,39549226,0,0,0,0,0
2022-11-15,TFCO,Tifico Fiber Indonesia Tbk.,--U-2135000000E413-----------X,570,0,590,575,590,20,200,116500,2,133.7,0,0,590,1500,4823076400,4823076400,39549226,0,0,0,0,0
2022-11-14,TFCO,Tifico Fiber Indonesia Tbk.,--U-2135000000E413-----------X,570,0,0,0,570,0,0,0,0,129.2,625,100,570,700,4823076400,4823076400,39549226,0,0,0,0,0
2022-11-11,TFCO,Tifico Fiber Indonesia Tbk.,--U-2135000000E413-----------X,550,0,570,565,570,20,700,398000,2,129.2,0,0,605,2500,4823076400,4823076400,39549226,0,0,0,0,0
2022-11-10,TFCO,Tifico Fiber Indonesia Tbk.,--U-2135000000E413-----------X,585,0,595,550,550,-35,200,114500,2,124.6,635,100,560,2500,4823076400,4823076400,39549226,0,0,0,0,0
2022-11-09,TFCO,Tifico Fiber Indonesia Tbk.,--U-2135000000E413-----------X,620,0,585,585,585,-35,100,58500,1,132.6,680,1600,600,100,4823076400,4823076400,39549226,0,0,0,0,0
2022-11-08,TFCO,Tifico Fiber Indonesia Tbk.,--U-2135000000E413-----------X,660,0,625,615,620,-40,500,309500,3,140.5,685,100,630,7000,4823076400,4823076400,39549226,0,0,0,0,0
2022-11-07,TFCO,Tifico Fiber Indonesia Tbk.,--U-2135000000E413-----------X,660,0,0,0,660,0,0,0,0,149.6,660,400,625,400,4823076400,4823076400,39549226,0,0,0,0,0
2022-11-04,TFCO,Tifico Fiber Indonesia Tbk.,--U-2135000000E413-----------X,660,0,0,0,660,0,0,0,0,149.6,690,100,615,1000,4823076400,4823076400,39549226,0,0,0,0,0
2022-11-03,TFCO,Tifico Fiber Indonesia Tbk.,--U-2135000000E413-----------X,660,0,0,0,660,0,0,0,0,149.6,670,400,625,1000,4823076400,4823076400,39549226,0,0,0,0,0
2022-11-02,TFCO,Tifico Fiber Indonesia Tbk.,--U-2135000000E413-----------X,660,0,660,660,660,0,400,264000,1,149.6,690,100,620,1000,4823076400,4823076400,39549226,0,0,0,0,0
2022-11-01,TFCO,Tifico Fiber Indonesia Tbk.,--U-2135000000E413-----------X,640,0,660,610,660,20,700,450500,4,149.6,690,100,660,2600,4823076400,4823076400,39549226,0,0,0,0,0
2022-10-31,TFCO,Tifico Fiber Indonesia Tbk.,--U-2135000000E413-----------X,640,0,0,0,640,0,0,0,0,145.0,685,100,640,100,4823076400,4823076400,39549226,0,0,0,0,0
2022-10-28,TFCO,Tifico Fiber Indonesia Tbk.,--U-2135000000E413-----------X,640,0,0,0,640,0,0,0,0,145.0,680,100,640,100,4823076400,4823076400,39549226,0,0,0,0,0
2022-10-27,TFCO,Tifico Fiber Indonesia Tbk.,--U-2135000000E413-----------X,640,0,0,0,640,0,0,0,0,145.0,680,100,615,100,4823076400,4823076400,39549226,0,0,0,0,0
2022-10-26,TFCO,Tifico Fiber Indonesia Tbk.,--U-2135000000E413-----------X,640,0,0,0,640,0,0,0,0,145.0,680,100,615,100,4823076400,4823076400,39549226,0,0,0,0,0
2022-10-25,TFCO,Tifico Fiber Indonesia Tbk.,--U-2135000000E413-----------X,640,0,650,640,640,0,5800,3762000,2,145.0,685,100,640,100,4823076400,4823076400,39549226,0,0,0,0,0
2022-10-24,TFCO,Tifico Fiber Indonesia Tbk.,--U-2135000000E413-----------X,640,0,0,0,640,0,0,0,0,145.0,680,100,650,5000,4823076400,4823076400,39549226,0,0,0,0,0
2022-10-21,TFCO,Tifico Fiber Indonesia Tbk.,--U-2135000000E413-----------X,640,0,0,0,640,0,0,0,0,145.0,685,100,650,5000,4823076400,4823076400,39549226,0,0,0,0,0
2022-10-20,TFCO,Tifico Fiber Indonesia Tbk.,--U-2135000000E413-----------X,640,0,0,0,640,0,0,0,0,145.0,685,100,650,5000,4823076400,4823076400,39549226,0,0,0,0,0
2022-10-19,TFCO,Tifico Fiber Indonesia Tbk.,--U-2135000000E413-----------X,640,0,0,0,640,0,0,0,0,145.0,685,100,650,5000,4823076400,4823076400,39549226,0,0,0,0,0
2022-10-18,TFCO,Tifico Fiber Indonesia Tbk.,--U-2135000000E413-----------X,640,0,0,0,640,0,0,0,0,145.0,685,100,650,5000,4823076400,4823076400,39549226,0,0,0,0,0
2022-10-17,TFCO,Tifico Fiber Indonesia Tbk.,--U-2135000000E413-----------X,640,0,0,0,640,0,0,0,0,145.0,690,100,650,5000,4823076400,4823076400,39549226,0,0,0,0,0
2022-10-14,TFCO,Tifico Fiber Indonesia Tbk.,--U-2135000000E413-----------X,640,0,0,0,640,0,0,0,0,145.0,690,100,645,1000,4823076400,4823076400,39549226,0,0,0,0,0
2022-10-13,TFCO,Tifico Fiber Indonesia Tbk.,--U-2135000000E413-----------X,640,0,0,0,640,0,0,0,0,145.0,695,1100,655,100,4823076400,4823076400,39549226,0,0,0,0,0
2022-10-12,TFCO,Tifico Fiber Indonesia Tbk.,--U-2135000000E413-----------X,640,0,0,0,640,0,0,0,0,145.0,695,1500,645,1000,4823076400,4823076400,39549226,0,0,0,0,0
2022-10-11,TFCO,Tifico Fiber Indonesia Tbk.,--U-2135000000E413-----------X,685,0,640,640,640,-45,4500,2880000,4,145.0,695,100,655,1000,4823076400,4823076400,39549226,0,0,0,0,0
2022-10-10,TFCO,Tifico Fiber Indonesia Tbk.,--U-2135000000E413-----------X,685,0,0,0,685,0,0,0,0,155.2,700,10000,680,5000,4823076400,4823076400,39549226,0,0,0,0,0
2022-10-07,TFCO,Tifico Fiber Indonesia Tbk.,--U-2135000000E413-----------X,685,0,0,0,685,0,0,0,0,155.2,700,5000,680,5000,4823076400,4823076400,39549226,0,0,0,0,0
2022-10-06,TFCO,Tifico Fiber Indonesia Tbk.,--U-2135000000E413-----------X,680,0,685,680,685,5,200,136500,2,155.2,730,1000,680,4700,4823076400,4823076400,39549226,0,0,0,0,0
2022-10-05,TFCO,Tifico Fiber Indonesia Tbk.,--U-2135000000E413-----------X,690,0,690,680,680,-10,100200,69136000,5,154.1,700,10000,680,4800,4823076400,4823076400,39549226,0,0,0,0,0
2022-10-04,TFCO,Tifico Fiber Indonesia Tbk.,--U-2135000000E413-----------X,690,0,690,690,690,0,600,414000,2,156.4,700,10000,690,4400,4823076400,4823076400,39549226,0,0,0,0,0
2022-10-03,TFCO,Tifico Fiber Indonesia Tbk.,--U-2135000000E413-----------X,690,0,0,0,690,0,0,0,0,156.4,700,109500,690,5000,4823076400,4823076400,39549226,0,0,0,0,0
2022-09-30,TFCO,Tifico Fiber Indonesia Tbk.,--U-2135000000E413-----------X,710,0,690,690,690,-20,400,276000,1,156.4,700,10000,690,4600,4823076400,4823076400,37619996,0,0,0,0,0
2022-09-29,TFCO,Tifico Fiber Indonesia Tbk.,--U-2135000000E413-----------X,700,0,725,710,710,10,500,358500,4,160.9,700,10000,690,5000,4823076400,4823076400,37619996,0,0,0,0,0
2022-09-28,TFCO,Tifico Fiber Indonesia Tbk.,--U-2135000000E413-----------X,700,0,0,0,700,0,0,0,0,158.6,700,10000,690,5000,4823076400,4823076400,37619996,0,0,0,0,0
2022-09-27,TFCO,Tifico Fiber Indonesia Tbk.,--U-2135000000E413-----------X,695,0,700,690,700,5,200,139000,2,158.6,700,10700,690,4900,4823076400,4823076400,37619996,0,0,0,0,0
2022-09-26,TFCO,Tifico Fiber Indonesia Tbk.,--U-2135000000E413-----------X,695,0,740,695,695,0,4200,2933500,9,157.5,700,9700,690,5000,4823076400,4823076400,37619996,0,0,0,0,0
2022-09-23,TFCO,Tifico Fiber Indonesia Tbk.,--U-2135000000E413-----------X,700,0,745,695,695,-5,10900,7646500,13,157.5,700,4500,695,2200,4823076400,4823076400,37619996,0,0,0,0,0
2022-09-22,TFCO,Tifico Fiber Indonesia Tbk.,--U-2135000000E413-----------X,700,0,0,0,700,0,0,0,0,158.6,700,10000,695,2300,4823076400,4823076400,37619996,0,0,0,0,0
2022-09-21,TFCO,Tifico Fiber Indonesia Tbk.,--U-2135000000E413-----------X,700,0,745,700,700,0,2000,1420500,9,158.6,700,8600,695,2300,4823076400,4823076400,37619996,0,0,0,0,0
2022-09-20,TFCO,Tifico Fiber Indonesia Tbk.,--U-2135000000E413-----------X,700,0,700,700,700,0,100,70000,1,158.6,700,9900,695,2300,4823076400,4823076400,37619996,0,0,0,0,0
2022-09-19,TFCO,Tifico Fiber Indonesia Tbk.,--U-2135000000E413-----------X,700,0,0,0,700,0,0,0,0,158.6,715,100,695,2300,4823076400,4823076400,37619996,0,0,0,0,0
2022-09-16,TFCO,Tifico Fiber Indonesia Tbk.,--U-2135000000E413-----------X,700,0,700,700,700,0,100,70000,1,158.6,715,100,700,1900,4823076400,4823076400,37619996,0,0,0,0,0
2022-09-15,TFCO,Tifico Fiber Indonesia Tbk.,--U-2135000000E413-----------X,695,0,700,700,700,5,8000,5600000,3,158.6,715,100,700,2000,4823076400,4823076400,37619996,0,0,0,0,0
2022-09-14,TFCO,Tifico Fiber Indonesia Tbk.,--U-2135000000E413-----------X,700,0,695,695,695,-5,200,139000,1,157.5,700,10200,695,2300,4823076400,4823076400,37619996,0,0,0,0,0
2022-09-13,TFCO,Tifico Fiber Indonesia Tbk.,--U-2135000000E413-----------X,700,0,700,700,700,0,200,140000,1,158.6,700,11500,695,2500,4823076400,4823076400,37619996,0,0,0,0,0
2022-09-12,TFCO,Tifico Fiber Indonesia Tbk.,--U-2135000000E413-----------X,700,0,0,0,700,0,0,0,0,158.6,700,11600,695,2500,4823076400,4823076400,37619996,0,0,0,0,0
2022-09-09,TFCO,Tifico Fiber Indonesia Tbk.,--U-2135000000E413-----------X,700,0,0,0,700,0,0,0,0,158.6,700,10000,690,11000,4823076400,4823076400,37619996,0,0,0,0,0
2022-09-08,TFCO,Tifico Fiber Indonesia Tbk.,--U-2135000000E413-----------X,700,0,0,0,700,0,0,0,0,158.6,715,100,695,2000,4823076400,4823076400,37619996,0,0,0,0,0
2022-09-07,TFCO,Tifico Fiber Indonesia Tbk.,--U-2135000000E413-----------X,695,0,700,695,700,5,800,557000,3,158.6,700,11400,690,5000,4823076400,4823076400,37619996,0,0,0,0,0
2022-09-06,TFCO,Tifico Fiber Indonesia Tbk.,--U-2135000000E413-----------X,700,0,695,695,695,-5,1900,1320500,1,157.5,700,10100,695,600,4823076400,4823076400,37619996,0,0,0,0,0
2022-09-05,TFCO,Tifico Fiber Indonesia Tbk.,--U-2135000000E413-----------X,700,0,700,700,700,0,600,420000,2,158.6,700,19400,695,7500,4823076400,4823076400,37619996,0,0,0,0,0
2022-09-02,TFCO,Tifico Fiber Indonesia Tbk.,--U-2135000000E413-----------X,700,0,0,0,700,0,0,0,0,158.6,700,21100,695,2500,4823076400,4823076400,37619996,0,0,0,0,0
2022-09-01,TFCO,Tifico Fiber Indonesia Tbk.,--U-2135000000E413-----------X,700,0,700,700,700,0,20000,14000000,5,158.6,700,21100,695,100,4823076400,4823076400,37619996,0,0,0,0,0
2022-08-31,TFCO,Tifico Fiber Indonesia Tbk.,--U-2135000000E413-----------X,700,0,0,0,700,0,0,0,0,158.6,715,100,700,100,4823076400,4823076400,37619996,0,0,0,0,0
2022-08-30,TFCO,Tifico Fiber Indonesia Tbk.,--U-2135000000E413-----------X,700,0,700,690,700,0,5000,3492000,2,158.6,700,15900,690,4700,4823076400,4823076400,37619996,0,0,0,0,0
2022-08-29,TFCO,Tifico Fiber Indonesia Tbk.,--U-2135000000E413-----------X,700,0,700,700,700,0,115100,80570000,38,158.6,700,300,690,9700,4823076400,4823076400,37619996,0,0,0,0,0
2022-08-26,TFCO,Tifico Fiber Indonesia Tbk.,--U-2135000000E413-----------X,700,0,700,700,700,0,11200,7840000,6,158.6,700,100,665,100,4823076400,4823076400,37619996,0,0,0,0,0
2022-08-25,TFCO,Tifico Fiber Indonesia Tbk.,--U-2135000000E413-----------X,700,0,700,670,700,0,21600,15113500,9,158.6,715,100,670,400,4823076400,4823076400,37619996,0,0,0,0,0
2022-08-24,TFCO,Tifico Fiber Indonesia Tbk.,--U-2135000000E413-----------X,680,0,700,700,700,20,100,70000,1,158.6,690,100,655,100,4823076400,4823076400,37619996,0,0,0,0,0
2022-08-23,TFCO,Tifico Fiber Indonesia Tbk.,--U-2135000000E413-----------X,680,0,0,0,680,0,0,0,0,154.1,680,100,660,100,4823076400,4823076400,37619996,0,0,0,0,0
2022-08-22,TFCO,Tifico Fiber Indonesia Tbk.,--U-2135000000E413-----------X,680,0,0,0,680,0,0,0,0,154.1,695,400,655,500,4823076400,4823076400,37619996,0,0,0,0,0
2022-08-19,TFCO,Tifico Fiber Indonesia Tbk.,--U-2135000000E413-----------X,700,0,680,680,680,-20,100,68000,1,154.1,695,400,680,100,4823076400,4823076400,37619996,0,0,0,0,0
2022-08-18,TFCO,Tifico Fiber Indonesia Tbk.,--U-2135000000E413-----------X,700,0,700,700,700,0,100,70000,1,158.6,700,9900,690,100,4823076400,4823076400,37619996,0,0,0,0,0
2022-08-16,TFCO,Tifico Fiber Indonesia Tbk.,--U-2135000000E413-----------X,700,0,0,0,700,0,0,0,0,158.6,695,400,670,100,4823076400,4823076400,37619996,0,0,0,0,0
2022-08-15,TFCO,Tifico Fiber Indonesia Tbk.,--U-2135000000E413-----------X,700,0,700,695,700,0,12500,8745500,7,158.6,700,900,695,900,4823076400,4823076400,37619996,0,0,0,0,0
2022-08-12,TFCO,Tifico Fiber Indonesia Tbk.,--U-2135000000E413-----------X,700,0,0,0,700,0,0,0,0,158.6,695,1000,670,100,4823076400,4823076400,37619996,0,0,0,0,0
2022-08-11,TFCO,Tifico Fiber Indonesia Tbk.,--U-2135000000E413-----------X,700,0,0,0,700,0,0,0,0,158.6,700,10000,670,100,4823076400,4823076400,37619996,0,0,0,0,0
2022-08-10,TFCO,Tifico Fiber Indonesia Tbk.,--U-2135000000E413-----------X,700,0,700,700,700,0,1400,980000,3,158.6,685,1900,670,5200,4823076400,4823076400,37619996,0,0,0,0,0
2022-08-09,TFCO,Tifico Fiber Indonesia Tbk.,--U-2135000000E413-----------X,690,0,700,695,700,10,10600,7412000,3,158.6,700,7000,670,100,4823076400,4823076400,37619996,0,0,0,0,0
2022-08-08,TFCO,Tifico Fiber Indonesia Tbk.,--U-2135000000E413-----------X,700,0,690,660,690,-10,700,479500,3,156.4,700,3500,670,300,4823076400,4823076400,37619996,0,0,0,0,0
2022-08-05,TFCO,Tifico Fiber Indonesia Tbk.,--U-2135000000E413-----------X,700,0,0,0,700,0,0,0,0,158.6,690,200,675,100,4823076400,4823076400,37619996,0,0,0,0,0
2022-08-04,TFCO,Tifico Fiber Indonesia Tbk.,--U-2135000000E413-----------X,700,0,0,0,700,0,0,0,0,158.6,695,100,670,100,4823076400,4823076400,37619996,0,0,0,0,0
2022-08-03,TFCO,Tifico Fiber Indonesia Tbk.,--U-2135000000E413-----------X,710,0,700,700,700,-10,5000,3500000,2,158.6,700,1700,670,300,4823076400,4823076400,37619996,0,0,0,0,0
2022-08-02,TFCO,Tifico Fiber Indonesia Tbk.,--U-2135000000E413-----------X,710,0,0,0,710,0,0,0,0,160.9,705,100,690,100,4823076400,4823076400,37619996,0,0,0,0,0
2022-08-01,TFCO,Tifico Fiber Indonesia Tbk.,--U-2135000000E413-----------X,715,0,715,710,710,-5,200,142500,2,160.9,705,100,670,100,4823076400,4823076400,37619996,0,0,0,0,0
2022-07-29,TFCO,Tifico Fiber Indonesia Tbk.,--U-2135000000E413-----------X,720,0,715,675,715,-5,200,139000,2,162.0,715,600,670,1700,4823076400,4823076400,37619996,0,0,0,0,0
2022-07-28,TFCO,Tifico Fiber Indonesia Tbk.,--U-2135000000E413-----------X,700,0,745,680,720,20,500,360500,5,163.2,745,1600,720,1300,4823076400,4823076400,37619996,0,0,0,0,0
2022-07-27,TFCO,Tifico Fiber Indonesia Tbk.,--U-2135000000E413-----------X,700,0,0,0,700,0,0,0,0,158.6,745,100,675,1000,4823076400,4823076400,37619996,0,0,0,0,0
2022-07-26,TFCO,Tifico Fiber Indonesia Tbk.,--U-2135000000E413-----------X,700,0,0,0,700,0,0,0,0,158.6,745,1700,690,100,4823076400,4823076400,37619996,0,0,0,0,0
2022-07-25,TFCO,Tifico Fiber Indonesia Tbk.,--U-2135000000E413-----------X,700,0,0,0,700,0,0,0,0,158.6,745,2200,675,2100,4823076400,4823076400,37619996,0,0,0,0,0
2022-07-22,TFCO,Tifico Fiber Indonesia Tbk.,--U-2135000000E413-----------X,710,0,700,700,700,-10,200,140000,1,158.6,725,100,700,6800,4823076400,4823076400,37619996,0,0,0,0,0
2022-07-21,TFCO,Tifico Fiber Indonesia Tbk.,--U-2135000000E413-----------X,710,0,0,0,710,0,0,0,0,160.9,725,100,680,200,4823076400,4823076400,37619996,0,0,0,0,0
2022-07-20,TFCO,Tifico Fiber Indonesia Tbk.,--U-2135000000E413-----------X,710,0,0,0,710,0,0,0,0,160.9,710,100,675,2000,4823076400,4823076400,37619996,0,0,0,0,0
2022-07-19,TFCO,Tifico Fiber Indonesia Tbk.,--U-2135000000E413-----------X,710,0,0,0,710,0,0,0,0,160.9,725,100,0,0,4823076400,4823076400,37619996,0,0,0,0,0
2022-07-18,TFCO,Tifico Fiber Indonesia Tbk.,--U-2135000000E413-----------X,710,0,0,0,710,0,0,0,0,160.9,725,100,675,100,4823076400,4823076400,37619996,0,0,0,0,0
2022-07-15,TFCO,Tifico Fiber Indonesia Tbk.,--U-2135000000E413-----------X,710,0,710,710,710,0,100,71000,1,160.9,745,100,675,100,4823076400,4823076400,37619996,0,0,0,0,0
2022-07-14,TFCO,Tifico Fiber Indonesia Tbk.,--U-2135000000E413-----------X,710,0,0,0,710,0,0,0,0,160.9,765,98300,665,1000,4823076400,4823076400,37619996,0,0,0,0,0
2022-07-13,TFCO,Tifico Fiber Indonesia Tbk.,--U-2135000000E413-----------X,710,0,0,0,710,0,0,0,0,160.9,775,3500,665,1000,4823076400,4823076400,37619996,0,0,0,0,0
2022-07-12,TFCO,Tifico Fiber Indonesia Tbk.,--U-2135000000E413-----------X,710,0,0,0,710,0,0,0,0,160.9,705,2000,685,100,4823076400,4823076400,37619996,0,0,0,0,0
2022-07-11,TFCO,Tifico Fiber Indonesia Tbk.,--U-2135000000E413-----------X,710,0,0,0,710,0,0,0,0,160.9,740,100,675,2000,4823076400,4823076400,37619996,0,0,0,0,0
2022-07-08,TFCO,Tifico Fiber Indonesia Tbk.,--U-2135000000E413-----------X,710,0,0,0,710,0,0,0,0,160.9,735,100,675,2000,4823076400,4823076400,37619996,0,0,0,0,0
2022-07-07,TFCO,Tifico Fiber Indonesia Tbk.,--U-2135000000E413-----------X,715,0,710,710,710,-5,100,71000,1,160.9,745,100,675,1000,4823076400,4823076400,37619996,0,0,0,0,0
2022-07-06,TFCO,Tifico Fiber Indonesia Tbk.,--U-2135000000E413-----------X,755,0,715,705,715,-40,1000,706000,3,162.0,735,100,705,100,4823076400,4823076400,37619996,0,0,0,0,0
2022-07-05,TFCO,Tifico Fiber Indonesia Tbk.,--U-2135000000E413-----------X,725,0,765,750,755,30,300,227000,3,171.1,745,1000,0,0,4823076400,4823076400,37619996,0,0,0,0,0
2022-07-04,TFCO,Tifico Fiber Indonesia Tbk.,--U-2135000000E413-----------X,725,0,725,675,725,0,2300,1562500,5,164.3,725,800,0,0,4823076400,4823076400,37619996,0,0,0,0,0
2022-07-01,TFCO,Tifico Fiber Indonesia Tbk.,--U-2135000000E413-----------X,725,0,0,0,725,0,0,0,0,164.3,710,10000,700,100,4823076400,4823076400,37619996,0,0,0,0,0
2022-06-30,TFCO,Tifico Fiber Indonesia Tbk.,--U-2135000000E413-----------X,725,0,0,0,725,0,0,0,0,164.3,775,1100,700,100,4823076400,4823076400,37619996,0,0,0,0,0
2022-06-29,TFCO,Tifico Fiber Indonesia Tbk.,--U-2135000000E413-----------X,725,0,0,0,725,0,0,0,0,164.3,725,500,675,1500,4823076400,4823076400,37619996,0,0,0,0,0
2022-06-28,TFCO,Tifico Fiber Indonesia Tbk.,--U-2135000000E413-----------X,725,0,0,0,725,0,0,0,0,164.3,730,500,0,0,4823076400,4823076400,37619996,0,0,0,0,0
2022-06-27,TFCO,Tifico Fiber Indonesia Tbk.,--U-2135000000E413-----------X,725,0,0,0,725,0,0,0,0,164.3,790,3000,0,0,4823076400,4823076400,37619996,0,0,0,0,0
2022-06-24,TFCO,Tifico Fiber Indonesia Tbk.,--U-2135000000E413-----------X,725,0,725,725,725,0,100,72500,1,164.3,715,2000,700,2000,4823076400,4823076400,37619996,0,0,0,0,0
2022-06-23,TFCO,Tifico Fiber Indonesia Tbk.,--U-2135000000E413-----------X,725,0,0,0,725,0,0,0,0,164.3,725,200,675,1500,4823076400,4823076400,37619996,0,0,0,0,0
2022-06-22,TFCO,Tifico Fiber Indonesia Tbk.,--U-2135000000E413-----------X,725,0,0,0,725,0,0,0,0,164.3,725,100,0,0,4823076400,4823076400,37619996,0,0,0,0,0
2022-06-21,TFCO,Tifico Fiber Indonesia Tbk.,--U-2135000000E413-----------X,745,0,725,725,725,-20,100,72500,1,164.3,740,2000,725,900,4823076400,4823076400,37619996,0,0,0,0,0
2022-06-20,TFCO,Tifico Fiber Indonesia Tbk.,--U-2135000000E413-----------X,745,0,0,0,745,0,0,0,0,168.8,745,5700,695,100,4823076400,4823076400,37619996,0,0,0,0,0
2022-06-17,TFCO,Tifico Fiber Indonesia Tbk.,--U-2135000000E413-----------X,745,0,0,0,745,0,0,0,0,168.8,745,5200,695,1500,4823076400,4823076400,37619996,0,0,0,0,0
2022-06-16,TFCO,Tifico Fiber Indonesia Tbk.,--U-2135000000E413-----------X,750,0,745,745,745,-5,100,74500,1,168.8,745,400,700,1500,4823076400,4823076400,37619996,0,0,0,0,0
2022-06-15,TFCO,Tifico Fiber Indonesia Tbk.,--U-2135000000E413-----------X,750,0,0,0,750,0,0,0,0,170.0,750,4600,700,1000,4823076400,4823076400,37619996,0,0,0,0,0
2022-06-14,TFCO,Tifico Fiber Indonesia Tbk.,--U-2135000000E413-----------X,750,0,0,0,750,0,0,0,0,170.0,745,2000,700,1500,4823076400,4823076400,37619996,0,0,0,0,0
2022-06-13,TFCO,Tifico Fiber Indonesia Tbk.,--U-2135000000E413-----------X,750,0,0,0,750,0,0,0,0,170.0,745,500,0,0,4823076400,4823076400,37619996,0,0,0,0,0
2022-06-10,TFCO,Tifico Fiber Indonesia Tbk.,--U-2135000000E413-----------X,750,0,0,0,750,0,0,0,0,170.0,745,600,710,7000,4823076400,4823076400,37619996,0,0,0,0,0
2022-06-09,TFCO,Tifico Fiber Indonesia Tbk.,--U-2135000000E413-----------X,750,0,0,0,750,0,0,0,0,170.0,745,2000,710,2000,4823076400,4823076400,37619996,0,0,0,0,0
2022-06-08,TFCO,Tifico Fiber Indonesia Tbk.,--U-2135000000E413-----------X,750,0,0,0,750,0,0,0,0,170.0,750,200,700,7300,4823076400,4823076400,37619996,0,0,0,0,0
2022-06-07,TFCO,Tifico Fiber Indonesia Tbk.,--U-2135000000E413-----------X,755,0,750,705,750,-5,2100,1556500,13,170.0,750,100,720,100,4823076400,4823076400,37619996,0,0,0,0,0
2022-06-06,TFCO,Tifico Fiber Indonesia Tbk.,--U-2135000000E413-----------X,725,0,755,675,755,30,11500,7813500,14,171.1,750,200,705,100,4823076400,4823076400,37619996,0,0,0,0,0
2022-06-03,TFCO,Tifico Fiber Indonesia Tbk.,--U-2135000000E413-----------X,775,0,730,725,725,-50,1300,944000,9,164.3,725,8700,0,0,4823076400,4823076400,37619996,0,0,0,0,0
2022-06-02,TFCO,Tifico Fiber Indonesia Tbk.,--U-2135000000E413-----------X,775,0,0,0,775,0,0,0,0,175.6,775,200,725,100,4823076400,4823076400,37619996,0,0,0,0,0
2022-05-31,TFCO,Tifico Fiber Indonesia Tbk.,--U-2135000000E413-----------X,775,0,775,725,775,0,1700,1278500,12,175.6,775,200,725,400,4823076400,4823076400,37619996,0,0,0,0,0
2022-05-30,TFCO,Tifico Fiber Indonesia Tbk.,--U-2135000000E413------------,750,0,795,750,775,25,2400,1860500,6,175.6,790,5700,710,1000,4823076400,4823076400,37619996,0,0,0,0,0
2022-05-27,TFCO,Tifico Fiber Indonesia Tbk.,--U-2135000000E413------------,750,0,0,0,750,0,0,0,0,170.0,800,5800,725,100,4823076400,4823076400,37619996,0,0,0,0,0
2022-05-25,TFCO,Tifico Fiber Indonesia Tbk.,--U-2135000000E413------------,785,0,750,740,750,-35,2100,1574000,3,170.0,780,400,740,900,4823076400,4823076400,37619996,0,0,0,0,0
2022-05-24,TFCO,Tifico Fiber Indonesia Tbk.,--U-2135000000E413------------,785,0,0,0,785,0,0,0,0,177.9,785,100,750,100,4823076400,4823076400,37619996,0,0,0,0,0
2022-05-23,TFCO,Tifico Fiber Indonesia Tbk.,--U-2135000000E413------------,785,0,0,0,785,0,0,0,0,177.9,785,1900,750,100,4823076400,4823076400,37619996,0,0,0,0,0
2022-05-20,TFCO,Tifico Fiber Indonesia Tbk.,--U-2135000000E413------------,785,0,0,0,785,0,0,0,0,177.9,795,5200,0,0,4823076400,4823076400,37619996,0,0,0,0,0
2022-05-19,TFCO,Tifico Fiber Indonesia Tbk.,--U-2135000000E413------------,785,0,0,0,785,0,0,0,0,177.9,790,400,735,100,4823076400,4823076400,37619996,0,0,0,0,0
2022-05-18,TFCO,Tifico Fiber Indonesia Tbk.,--U-2135000000E413------------,785,0,0,0,785,0,0,0,0,177.9,780,700,740,100,4823076400,4823076400,37619996,0,0,0,0,0
2022-05-17,TFCO,Tifico Fiber Indonesia Tbk.,--U-2135000000E413------------,785,0,0,0,785,0,0,0,0,177.9,780,400,740,100,4823076400,4823076400,37619996,0,0,0,0,0
2022-05-13,TFCO,Tifico Fiber Indonesia Tbk.,--U-2135000000E413------------,785,0,0,0,785,0,0,0,0,177.9,785,1500,0,0,4823076400,4823076400,37619996,0,0,0,0,0
2022-05-12,TFCO,Tifico Fiber Indonesia Tbk.,--U-2135000000E413------------,785,0,785,775,785,0,2000,1569000,4,177.9,785,1900,0,0,4823076400,4823076400,37619996,0,0,0,0,0
2022-05-11,TFCO,Tifico Fiber Indonesia Tbk.,--U-2135000000E413------------,785,0,0,0,785,0,0,0,0,177.9,775,100,735,100,4823076400,4823076400,37619996,0,0,0,0,0
2022-05-10,TFCO,Tifico Fiber Indonesia Tbk.,--U-2135000000E413------------,785,0,0,0,785,0,0,0,0,177.9,785,1000,0,0,4823076400,4823076400,37619996,0,0,0,0,0
2022-05-09,TFCO,Tifico Fiber Indonesia Tbk.,--U-2135000000E413------------,795,0,785,740,785,-10,4500,3366500,7,177.9,785,1000,740,3000,4823076400,4823076400,37619996,0,0,0,0,0
2022-04-28,TFCO,Tifico Fiber Indonesia Tbk.,--U-2135000000E413------------,795,0,795,740,795,0,2400,1843000,14,180.2,795,15400,755,100,4823076400,4823076400,37619996,0,0,0,0,0
2022-04-27,TFCO,Tifico Fiber Indonesia Tbk.,--U-2135000000E413------------,795,0,0,0,795,0,0,0,0,180.2,795,100,0,0,4823076400,4823076400,37619996,0,0,0,0,0
2022-04-26,TFCO,Tifico Fiber Indonesia Tbk.,--U-2135000000E413------------,795,0,0,0,795,0,0,0,0,180.2,795,100,745,100,4823076400,4823076400,37619996,0,0,0,0,0
2022-04-25,TFCO,Tifico Fiber Indonesia Tbk.,--U-2135000000E413------------,795,0,0,0,795,0,0,0,0,180.2,795,2800,0,0,4823076400,4823076400,37619996,0,0,0,0,0
2022-04-22,TFCO,Tifico Fiber Indonesia Tbk.,--U-2135000000E413------------,795,0,795,795,795,0,600,477000,2,180.2,800,2200,795,700,4823076400,4823076400,37619996,0,0,0,0,0
2022-04-21,TFCO,Tifico Fiber Indonesia Tbk.,--U-2135000000E413------------,765,0,795,795,795,30,100,79500,1,180.2,795,1400,740,100,4823076400,4823076400,37619996,0,0,0,0,0
2022-04-20,TFCO,Tifico Fiber Indonesia Tbk.,--U-2135000000E413------------,765,0,0,0,765,0,0,0,0,173.4,790,4800,735,100,4823076400,4823076400,37619996,0,0,0,0,0
2022-04-19,TFCO,Tifico Fiber Indonesia Tbk.,--U-2135000000E413------------,765,0,0,0,765,0,0,0,0,173.4,800,2000,725,100,4823076400,4823076400,37619996,0,0,0,0,0
2022-04-18,TFCO,Tifico Fiber Indonesia Tbk.,--U-2135000000E413------------,765,0,765,740,765,0,1600,1191000,5,173.4,765,800,740,100,4823076400,4823076400,37619996,0,0,0,0,0
2022-04-14,TFCO,Tifico Fiber Indonesia Tbk.,--U-2135000000E413------------,765,0,0,0,765,0,0,0,0,173.4,765,10000,735,100,4823076400,4823076400,37619996,0,0,0,0,0
2022-04-13,TFCO,Tifico Fiber Indonesia Tbk.,--U-2135000000E413------------,765,0,0,0,765,0,0,0,0,173.4,795,6700,735,100,4823076400,4823076400,37619996,0,0,0,0,0
2022-04-12,TFCO,Tifico Fiber Indonesia Tbk.,--U-2135000000E413------------,765,0,0,0,765,0,0,0,0,173.4,800,2500,735,100,4823076400,4823076400,37619996,0,0,0,0,0
2022-04-11,TFCO,Tifico Fiber Indonesia Tbk.,--U-2135000000E413------------,765,0,0,0,765,0,0,0,0,173.4,800,2500,750,100,4823076400,4823076400,37619996,0,0,0,0,0
2022-04-08,TFCO,Tifico Fiber Indonesia Tbk.,--U-2135000000E413------------,790,0,765,765,765,-25,200,153000,2,173.4,790,1500,765,1800,4823076400,4823076400,37619996,0,0,0,0,0
2022-04-07,TFCO,Tifico Fiber Indonesia Tbk.,--U-2135000000E413------------,775,0,790,745,790,15,1200,924500,5,179.0,765,100,740,100,4823076400,4823076400,37619996,0,0,0,0,0
2022-04-06,TFCO,Tifico Fiber Indonesia Tbk.,--U-2135000000E413------------,775,0,775,735,775,0,200,151000,2,175.6,770,100,745,100,4823076400,4823076400,37619996,0,0,0,0,0
2022-04-05,TFCO,Tifico Fiber Indonesia Tbk.,--U-2135000000E413------------,755,0,775,735,775,20,4200,3153000,8,175.6,775,1500,735,100,4823076400,4823076400,37619996,0,0,0,0,0
2022-04-04,TFCO,Tifico Fiber Indonesia Tbk.,--U-2135000000E413------------,765,0,765,715,755,-10,1900,1442000,10,171.1,760,7000,755,600,4823076400,4823076400,37619996,0,0,0,0,0
2022-04-01,TFCO,Tifico Fiber Indonesia Tbk.,--U-2135000000E413------------,765,0,765,735,765,0,1200,887000,4,173.4,760,1100,730,100,4823076400,4823076400,37619996,0,0,0,0,0
2022-03-31,TFCO,Tifico Fiber Indonesia Tbk.,--U-2135000000E413------------,765,0,800,715,765,0,6800,5219500,32,173.4,770,500,735,100,4823076400,4823076400,1951899019,0,0,3000,2295000,1
2022-03-30,TFCO,Tifico Fiber Indonesia Tbk.,--U-2135000000E413------------,765,0,765,755,765,0,1400,1059000,4,173.4,765,10300,730,100,4823076400,4823076400,1951899019,0,0,0,0,0
2022-03-29,TFCO,Tifico Fiber Indonesia Tbk.,--U-2135000000E413------------,765,0,765,715,765,0,1800,1310500,12,173.4,765,5200,730,100,4823076400,4823076400,1951899019,0,0,0,0,0
2022-03-28,TFCO,Tifico Fiber Indonesia Tbk.,--U-2135000000E413------------,750,0,800,710,765,15,13500,10371000,27,173.4,765,5600,730,100,4823076400,4823076400,1951899019,0,0,0,0,0
2022-03-25,TFCO,Tifico Fiber Indonesia Tbk.,--U-2135000000E413------------,680,0,755,655,750,70,15100,10849500,45,170.0,750,3700,705,100,4823076400,4823076400,1951899019,0,0,0,0,0
2022-03-24,TFCO,Tifico Fiber Indonesia Tbk.,--U-2135000000E413------------,730,0,705,680,680,-50,8200,5618000,24,154.1,710,100,685,900,4823076400,4823076400,1951899019,0,0,0,0,0
2022-03-23,TFCO,Tifico Fiber Indonesia Tbk.,--U-2135000000E413------------,780,0,800,730,730,-50,15300,11564500,31,165.4,740,200,730,600,4823076400,4823076400,1951899019,0,0,0,0,0
2022-03-22,TFCO,Tifico Fiber Indonesia Tbk.,--U-2135000000E413------------,660,0,800,680,780,120,22800,17437500,57,176.8,780,53800,775,200,4823076400,4823076400,1951899019,0,0,0,0,0
2022-03-21,TFCO,Tifico Fiber Indonesia Tbk.,--U-2135000000E413------------,660,0,660,660,660,0,100,66000,1,149.6,690,100,660,500,4823076400,4823076400,1951899019,0,0,0,0,0
2022-03-18,TFCO,Tifico Fiber Indonesia Tbk.,--U-2135000000E413------------,660,0,0,0,660,0,0,0,0,149.6,695,100,660,700,4823076400,4823076400,1951899019,0,0,0,0,0
2022-03-17,TFCO,Tifico Fiber Indonesia Tbk.,--U-2135000000E413------------,660,0,700,660,660,0,3600,2387500,11,149.6,700,100,660,300,4823076400,4823076400,1951899019,0,0,0,0,0
2022-03-16,TFCO,Tifico Fiber Indonesia Tbk.,--U-2135000000E413------------,660,0,725,660,660,0,1600,1068000,7,149.6,660,800,655,100,4823076400,4823076400,1951899019,0,0,0,0,0
2022-03-15,TFCO,Tifico Fiber Indonesia Tbk.,--U-2135000000E413------------,670,0,710,650,660,-10,4600,3029500,9,149.6,660,1000,655,100,4823076400,4823076400,1951899019,0,0,0,0,0
2022-03-14,TFCO,Tifico Fiber Indonesia Tbk.,--U-2135000000E413------------,715,0,710,670,670,-45,300,205000,3,151.8,670,1700,0,0,4823076400,4823076400,1951899019,0,0,0,0,0
2022-03-11,TFCO,Tifico Fiber Indonesia Tbk.,--U-2135000000E413------------,715,0,0,0,715,0,0,0,0,162.0,710,1900,0,0,4823076400,4823076400,1951899019,0,0,0,0,0
2022-03-10,TFCO,Tifico Fiber Indonesia Tbk.,--U-2135000000E413------------,725,0,725,680,715,-10,1800,1293000,9,162.0,710,900,675,600,4823076400,4823076400,1951899019,0,0,0,0,0
2022-03-09,TFCO,Tifico Fiber Indonesia Tbk.,--U-2135000000E413------------,650,0,750,650,725,75,4000,2936500,11,164.3,725,3000,720,100,4823076400,4823076400,1951899019,0,0,0,0,0
2022-03-08,TFCO,Tifico Fiber Indonesia Tbk.,--U-2135000000E413------------,650,0,655,650,650,0,8100,5275500,4,147.3,650,300,0,0,4823076400,4823076400,1951899019,0,0,0,0,0
2022-03-07,TFCO,Tifico Fiber Indonesia Tbk.,--U-2135000000E413------------,650,0,0,0,650,0,0,0,0,147.3,690,100,650,5100,4823076400,4823076400,1951899019,0,0,0,0,0
2022-03-04,TFCO,Tifico Fiber Indonesia Tbk.,--U-2135000000E413------------,670,0,650,650,650,-20,1000,650000,1,147.3,670,1000,650,4000,4823076400,4823076400,1951899019,0,0,0,0,0
2022-03-02,TFCO,Tifico Fiber Indonesia Tbk.,--U-2135000000E413------------,670,0,0,0,670,0,0,0,0,151.8,690,100,650,5200,4823076400,4823076400,1951899019,0,0,0,0,0
2022-03-01,TFCO,Tifico Fiber Indonesia Tbk.,--U-2135000000E413------------,670,0,0,0,670,0,0,0,0,151.8,670,100,650,5000,4823076400,4823076400,1951899019,0,0,0,0,0
2022-02-25,TFCO,Tifico Fiber Indonesia Tbk.,--U-2135000000E413------------,650,0,690,650,670,20,1600,1063000,9,151.8,675,100,655,100,4823076400,4823076400,1951899019,0,0,0,0,0
2022-02-24,TFCO,Tifico Fiber Indonesia Tbk.,--U-2135000000E413------------,655,0,685,650,650,-5,2500,1633000,6,147.3,685,100,650,3000,4823076400,4823076400,1951899019,0,0,0,0,0
2022-02-23,TFCO,Tifico Fiber Indonesia Tbk.,--U-2135000000E413------------,655,0,655,655,655,0,100,65500,1,148.4,655,800,650,5800,4823076400,4823076400,1951899019,0,0,0,0,0
2022-02-22,TFCO,Tifico Fiber Indonesia Tbk.,--U-2135000000E413------------,655,0,655,655,655,0,200,131000,2,148.4,690,100,655,500,4823076400,4823076400,1951899019,0,0,0,0,0
2022-02-21,TFCO,Tifico Fiber Indonesia Tbk.,--U-2135000000E413------------,655,0,710,655,655,0,2400,1588000,9,148.4,680,1700,655,5600,4823076400,4823076400,1951899019,0,0,0,0,0
2022-02-18,TFCO,Tifico Fiber Indonesia Tbk.,--U-2135000000E413------------,670,0,710,655,655,-15,400,273000,4,148.4,685,100,660,2000,4823076400,4823076400,1951899019,0,0,0,0,0
2022-02-17,TFCO,Tifico Fiber Indonesia Tbk.,--U-2135000000E413------------,670,0,0,0,670,0,0,0,0,151.8,690,100,670,400,4823076400,4823076400,1951899019,0,0,0,0,0
2022-02-16,TFCO,Tifico Fiber Indonesia Tbk.,--U-2135000000E413------------,675,0,675,670,670,-5,300,201500,2,151.8,680,100,650,5800,4823076400,4823076400,1951899019,0,0,0,0,0
2022-02-15,TFCO,Tifico Fiber Indonesia Tbk.,--U-2135000000E413------------,675,0,0,0,675,0,0,0,0,153.0,725,100,650,10000,4823076400,4823076400,1951899019,0,0,0,0,0
2022-02-14,TFCO,Tifico Fiber Indonesia Tbk.,--U-2135000000E413------------,650,0,680,675,675,25,3800,2567000,12,153.0,680,1900,675,200,4823076400,4823076400,1951899019,0,0,0,0,0
2022-02-11,TFCO,Tifico Fiber Indonesia Tbk.,--U-2135000000E413------------,650,0,650,650,650,0,1800,1170000,2,147.3,690,300,650,3300,4823076400,4823076400,1951899019,0,0,0,0,0
2022-02-10,TFCO,Tifico Fiber Indonesia Tbk.,--U-2135000000E413------------,650,0,0,0,650,0,0,0,0,147.3,680,100,650,2500,4823076400,4823076400,1951899019,0,0,0,0,0
2022-02-09,TFCO,Tifico Fiber Indonesia Tbk.,--U-2135000000E413------------,650,0,0,0,650,0,0,0,0,147.3,680,200,655,100,4823076400,4823076400,1951899019,0,0,0,0,0
2022-02-08,TFCO,Tifico Fiber Indonesia Tbk.,--U-2135000000E413------------,650,0,0,0,650,0,0,0,0,147.3,685,100,650,6000,4823076400,4823076400,1951899019,0,0,0,0,0
2022-02-07,TFCO,Tifico Fiber Indonesia Tbk.,--U-2135000000E413------------,670,0,675,650,650,-20,200,132500,2,147.3,685,100,655,200,4823076400,4823076400,1951899019,0,0,0,0,0
2022-02-04,TFCO,Tifico Fiber Indonesia Tbk.,--U-2135000000E413------------,650,0,670,655,670,20,1300,866500,7,151.8,670,100,650,5100,4823076400,4823076400,1951899019,0,0,0,0,0
2022-02-03,TFCO,Tifico Fiber Indonesia Tbk.,--U-2135000000E413------------,650,0,650,650,650,0,100,65000,1,147.3,690,100,650,5600,4823076400,4823076400,1951899019,0,0,0,0,0
2022-02-02,TFCO,Tifico Fiber Indonesia Tbk.,--U-2135000000E413------------,650,0,650,650,650,0,4400,2860000,3,147.3,690,100,650,2100,4823076400,4823076400,1951899019,0,0,0,0,0
2022-01-31,TFCO,Tifico Fiber Indonesia Tbk.,--U-2135000000E413------------,650,0,650,650,650,0,2000,1300000,1,147.3,710,100,650,3500,4823076400,4823076400,1951899019,0,0,0,0,0
2022-01-28,TFCO,Tifico Fiber Indonesia Tbk.,--U-2135000000E413------------,650,0,650,650,650,0,3600,2340000,6,147.3,690,100,650,1500,4823076400,4823076400,1951899019,0,0,0,0,0
2022-01-27,TFCO,Tifico Fiber Indonesia Tbk.,--U-2135000000E413------------,650,0,650,650,650,0,200,130000,1,147.3,695,100,650,4800,4823076400,4823076400,1951899019,0,0,0,0,0
2022-01-26,TFCO,Tifico Fiber Indonesia Tbk.,--U-2135000000E413------------,650,0,650,650,650,0,2500,1625000,1,147.3,710,100,650,2900,4823076400,4823076400,1951899019,0,0,0,0,0
2022-01-25,TFCO,Tifico Fiber Indonesia Tbk.,--U-2135000000E413------------,650,0,650,650,650,0,5000,3250000,1,147.3,685,100,650,1400,4823076400,4823076400,1951899019,0,0,0,0,0
2022-01-24,TFCO,Tifico Fiber Indonesia Tbk.,--U-2135000000E413------------,675,0,650,650,650,-25,100,65000,1,147.3,720,100,660,100,4823076400,4823076400,1951899019,0,0,0,0,0
2022-01-21,TFCO,Tifico Fiber Indonesia Tbk.,--U-2135000000E413------------,715,0,715,670,675,-40,4800,3360000,9,153.0,690,100,675,100,4823076400,4823076400,1951899019,100,0,0,0,0
2022-01-20,TFCO,Tifico Fiber Indonesia Tbk.,--U-2135000000E413------------,715,0,0,0,715,0,0,0,0,162.0,705,1200,680,100,4823076400,4823076400,1951899019,0,0,0,0,0
2022-01-19,TFCO,Tifico Fiber Indonesia Tbk.,--U-2135000000E413------------,715,0,0,0,715,0,0,0,0,162.0,710,3000,670,100,4823076400,4823076400,1951899019,0,0,0,0,0
2022-01-18,TFCO,Tifico Fiber Indonesia Tbk.,--U-2135000000E413------------,720,0,715,715,715,-5,100,71500,1,162.0,700,1300,670,100,4823076400,4823076400,1951899019,0,0,0,0,0
2022-01-17,TFCO,Tifico Fiber Indonesia Tbk.,--U-2135000000E413------------,715,0,720,710,720,5,4900,3491500,7,163.2,715,2200,675,100,4823076400,4823076400,1951899019,100,0,0,0,0
2022-01-14,TFCO,Tifico Fiber Indonesia Tbk.,--U-2135000000E413------------,690,0,715,685,715,25,2000,1377500,5,162.0,700,4500,645,900,4823076400,4823076400,1951899019,0,0,0,0,0
2022-01-13,TFCO,Tifico Fiber Indonesia Tbk.,--U-2135000000E413------------,690,0,690,690,690,0,100,69000,1,156.4,685,5500,645,500,4823076400,4823076400,1951899019,0,0,0,0,0
2022-01-12,TFCO,Tifico Fiber Indonesia Tbk.,--U-2135000000E413------------,715,0,690,665,690,-25,2900,1935000,10,156.4,685,2900,665,600,4823076400,4823076400,1951899019,0,0,0,0,0
2022-01-11,TFCO,Tifico Fiber Indonesia Tbk.,--U-2135000000E413------------,650,0,715,605,715,65,14100,8965500,17,162.0,690,5200,685,200,4823076400,4823076400,1951899019,0,0,0,0,0
2022-01-10,TFCO,Tifico Fiber Indonesia Tbk.,--U-2135000000E413------------,670,0,650,650,650,-20,400,260000,2,147.3,700,300,650,5800,4823076400,4823076400,1951899019,0,0,0,0,0
2022-01-07,TFCO,Tifico Fiber Indonesia Tbk.,--U-2135000000E413------------,690,0,670,650,670,-20,2100,1405000,2,151.8,690,2900,660,100,4823076400,4823076400,1951899019,0,0,0,0,0
2022-01-06,TFCO,Tifico Fiber Indonesia Tbk.,--U-2135000000E413------------,690,0,0,0,690,0,0,0,0,156.4,690,1200,660,3100,4823076400,4823076400,1951899019,0,0,0,0,0
2022-01-05,TFCO,Tifico Fiber Indonesia Tbk.,--U-2135000000E413------------,650,0,690,690,690,40,600,414000,3,156.4,690,1700,655,3100,4823076400,4823076400,1951899019,0,0,0,0,0
2022-01-04,TFCO,Tifico Fiber Indonesia Tbk.,--U-2135000000E413------------,665,0,690,625,650,-15,20000,12691000,23,147.3,690,2300,650,2600,4823076400,4823076400,1951899019,0,0,0,0,0
2022-01-03,TFCO,Tifico Fiber Indonesia Tbk.,--U-2135000000E413------------,710,0,675,665,665,-45,900,603500,5,150.7,695,2600,665,200,4823076400,4823076400,1951899019,0,0,0,0,0
2021-12-30,TFCO,Tifico Fiber Indonesia Tbk.,--U-2135000000E413------------,710,0,0,0,710,0,0,0,0,160.9,710,900,675,100,4823076400,4823076400,3387246556,0,0,0,0,0
2021-12-29,TFCO,Tifico Fiber Indonesia Tbk.,--U-2135000000E413------------,710,0,0,0,710,0,0,0,0,160.9,710,900,685,100,4823076400,4823076400,3387246556,0,0,0,0,0
2021-12-28,TFCO,Tifico Fiber Indonesia Tbk.,--U-2135000000E413------------,710,0,0,0,710,0,0,0,0,160.9,775,100,675,100,4823076400,4823076400,3387246556,0,0,0,0,0
2021-12-27,TFCO,Tifico Fiber Indonesia Tbk.,--U-2135000000E413------------,710,0,0,0,710,0,0,0,0,160.9,720,2500,0,0,4823076400,4823076400,3387246556,0,0,0,0,0
2021-12-24,TFCO,Tifico Fiber Indonesia Tbk.,--U-2135000000E413------------,710,0,710,710,710,0,1000,710000,2,160.9,775,200,0,0,4823076400,4823076400,3387246556,0,0,0,0,0
2021-12-23,TFCO,Tifico Fiber Indonesia Tbk.,--U-2135000000E413------------,710,0,710,710,710,0,6900,4899000,1,160.9,740,2600,710,1000,4823076400,4823076400,3387246556,0,0,0,0,0
2021-12-22,TFCO,Tifico Fiber Indonesia Tbk.,--U-2135000000E413------------,720,0,710,710,710,-10,2100,1491000,1,160.9,740,600,710,8000,4823076400,4823076400,3387246556,0,0,0,0,0
2021-12-21,TFCO,Tifico Fiber Indonesia Tbk.,--U-2135000000E413------------,720,0,720,720,720,0,2100,1512000,3,163.2,740,2600,710,10000,4823076400,4823076400,3387246556,0,0,0,0,0
2021-12-20,TFCO,Tifico Fiber Indonesia Tbk.,--U-2135000000E413------------,720,0,0,0,720,0,0,0,0,163.2,775,7900,720,2000,4823076400,4823076400,3387246556,0,0,0,0,0
2021-12-17,TFCO,Tifico Fiber Indonesia Tbk.,--U-2135000000E413------------,720,0,720,720,720,0,500,360000,1,163.2,750,6800,720,2000,4823076400,4823076400,3387246556,0,0,0,0,0
2021-12-16,TFCO,Tifico Fiber Indonesia Tbk.,--U-2135000000E413------------,725,0,720,720,720,-5,2400,1728000,4,163.2,725,1000,720,2500,4823076400,4823076400,3387246556,0,0,0,0,0
2021-12-15,TFCO,Tifico Fiber Indonesia Tbk.,--U-2135000000E413------------,720,0,750,725,725,5,1100,810500,7,164.3,750,10900,725,200,4823076400,4823076400,3387246556,0,0,0,0,0
2021-12-14,TFCO,Tifico Fiber Indonesia Tbk.,--U-2135000000E413------------,720,0,725,720,720,0,800,579000,3,163.2,725,1500,720,5000,4823076400,4823076400,3387246556,0,0,0,0,0
2021-12-13,TFCO,Tifico Fiber Indonesia Tbk.,--U-2135000000E413------------,735,0,720,720,720,-15,4800,3456000,4,163.2,735,400,720,5200,4823076400,4823076400,3387246556,0,0,0,0,0
2021-12-10,TFCO,Tifico Fiber Indonesia Tbk.,--U-2135000000E413------------,750,0,745,720,735,-15,400,294000,4,166.6,735,30000,720,9900,4823076400,4823076400,3387246556,0,0,0,0,0
2021-12-09,TFCO,Tifico Fiber Indonesia Tbk.,--U-2135000000E413------------,730,0,750,730,750,20,8800,6428000,8,170.0,750,700,730,1400,4823076400,4823076400,3387246556,0,0,0,0,0
2021-12-08,TFCO,Tifico Fiber Indonesia Tbk.,--U-2135000000E413------------,745,0,730,695,730,-15,400,285000,4,165.4,730,6300,700,100,4823076400,4823076400,3387246556,0,0,0,0,0
2021-12-07,TFCO,Tifico Fiber Indonesia Tbk.,--U-2135000000E413------------,685,0,745,685,745,60,700,491500,5,168.8,745,7400,665,900,4823076400,4823076400,3387246556,0,0,0,0,0
2021-12-06,TFCO,Tifico Fiber Indonesia Tbk.,--U-2135000000E413------------,730,0,720,685,685,-45,1600,1101500,10,155.2,720,1300,685,200,4823076400,4823076400,3387246556,0,0,0,0,0
2021-12-03,TFCO,Tifico Fiber Indonesia Tbk.,--U-2135000000E413------------,705,0,730,670,730,25,1300,907000,6,165.4,730,6500,665,3100,4823076400,4823076400,3387246556,100,0,0,0,0
2021-12-02,TFCO,Tifico Fiber Indonesia Tbk.,--U-2135000000E413------------,680,0,800,690,705,25,9300,6964000,26,159.8,740,100,690,5000,4823076400,4823076400,3387246556,0,0,0,0,0
2021-12-01,TFCO,Tifico Fiber Indonesia Tbk.,--U-2135000000E413------------,725,0,680,680,680,-45,1600,1088000,3,154.1,680,1600,675,7200,4823076400,4823076400,3387246556,0,0,0,0,0
2021-11-30,TFCO,Tifico Fiber Indonesia Tbk.,--U-2135000000E413------------,725,0,725,725,725,0,1400,1015000,6,164.3,720,2000,680,100,4823076400,4823076400,3387246556,0,0,0,0,0
2021-11-29,TFCO,Tifico Fiber Indonesia Tbk.,--U-2135000000E413------------,730,0,730,685,725,-5,900,651500,4,164.3,725,9300,690,100,4823076400,4823076400,3387246556,0,0,0,0,0
2021-11-26,TFCO,Tifico Fiber Indonesia Tbk.,--U-2135000000E413------------,735,0,785,685,730,-5,2600,1913500,13,165.4,720,3100,715,200,4823076400,4823076400,3387246556,0,0,0,0,0
2021-11-25,TFCO,Tifico Fiber Indonesia Tbk.,--U-2135000000E413------------,700,0,735,685,735,35,43200,30599500,5,166.6,725,100,685,500,4823076400,4823076400,3387246556,0,0,0,0,0
2021-11-24,TFCO,Tifico Fiber Indonesia Tbk.,--U-2135000000E413------------,670,0,735,680,700,30,16700,11890000,17,158.6,710,40100,700,9700,4823076400,4823076400,3387246556,0,0,0,0,0
2021-11-23,TFCO,Tifico Fiber Indonesia Tbk.,--U-2135000000E413------------,690,0,750,670,670,-20,15800,11016000,19,151.8,690,500,670,21200,4823076400,4823076400,3387246556,0,0,0,0,0
2021-11-22,TFCO,Tifico Fiber Indonesia Tbk.,--U-2135000000E413------------,690,0,690,690,690,0,2400,1656000,3,156.4,700,100,690,1500,4823076400,4823076400,3387246556,0,0,0,0,0
2021-11-19,TFCO,Tifico Fiber Indonesia Tbk.,--U-2135000000E413------------,740,0,740,690,690,-50,15500,10954000,18,156.4,710,57400,690,2100,4823076400,4823076400,3387246556,0,0,0,0,0
2021-11-18,TFCO,Tifico Fiber Indonesia Tbk.,--U-2135000000E413------------,700,0,745,675,740,40,6700,4778500,20,167.7,740,6500,735,200,4823076400,4823076400,3387246556,0,0,0,0,0
2021-11-17,TFCO,Tifico Fiber Indonesia Tbk.,--U-2135000000E413------------,650,0,710,650,700,50,700,466000,4,158.6,695,300,680,100,4823076400,4823076400,3387246556,0,0,0,0,0
2021-11-16,TFCO,Tifico Fiber Indonesia Tbk.,--U-2135000000E413------------,670,0,725,650,650,-20,21600,14105500,21,147.3,670,800,650,13700,4823076400,4823076400,3387246556,0,400,0,0,0
2021-11-15,TFCO,Tifico Fiber Indonesia Tbk.,--U-2135000000E413------------,675,0,675,665,670,-5,3300,2225500,7,151.8,735,200,685,100,4823076400,4823076400,3387246556,0,0,0,0,0
2021-11-12,TFCO,Tifico Fiber Indonesia Tbk.,--U-2135000000E413------------,710,0,675,675,675,-35,1600,1080000,4,153.0,705,100,675,5800,4823076400,4823076400,3387246556,0,0,0,0,0
2021-11-11,TFCO,Tifico Fiber Indonesia Tbk.,--U-2135000000E413------------,760,0,760,710,710,-50,74000,54227500,39,160.9,740,100,710,5500,4823076400,4823076400,3387246556,0,0,0,0,0
2021-11-10,TFCO,Tifico Fiber Indonesia Tbk.,--U-2135000000E413------------,815,0,815,760,760,-55,89200,69006000,39,172.2,760,69500,0,0,4823076400,4823076400,3387246556,0,0,0,0,0
2021-11-09,TFCO,Tifico Fiber Indonesia Tbk.,--U-2135000000E413------------,710,0,815,665,815,105,10900,8755500,13,184.7,815,11700,670,4500,4823076400,4823076400,3387246556,0,0,0,0,0
2021-11-08,TFCO,Tifico Fiber Indonesia Tbk.,--U-2135000000E413------------,670,0,710,665,710,40,3100,2196500,4,160.9,710,5400,675,100,4823076400,4823076400,3387246556,0,0,0,0,0
2021-11-05,TFCO,Tifico Fiber Indonesia Tbk.,--U-2135000000E413------------,690,0,700,670,670,-20,51200,35005500,141,151.8,690,500,670,500,4823076400,4823076400,3387246556,0,0,0,0,0
2021-11-04,TFCO,Tifico Fiber Indonesia Tbk.,--U-2135000000E413------------,685,0,690,685,690,5,3900,2688000,4,156.4,690,200,675,100,4823076400,4823076400,3387246556,0,0,0,0,0
2021-11-03,TFCO,Tifico Fiber Indonesia Tbk.,--U-2135000000E413------------,665,0,710,660,685,20,4700,3195500,18,155.2,690,100,660,1100,4823076400,4823076400,3387246556,0,0,0,0,0
2021-11-02,TFCO,Tifico Fiber Indonesia Tbk.,--U-2135000000E413------------,695,0,745,665,665,-30,21400,14961500,37,150.7,685,100,675,300,4823076400,4823076400,3387246556,0,0,0,0,0
2021-11-01,TFCO,Tifico Fiber Indonesia Tbk.,--U-2135000000E413------------,670,0,705,675,695,25,1000,690500,10,157.5,695,1300,655,100,4823076400,4823076400,3387246556,0,0,0,0,0
2021-10-29,TFCO,Tifico Fiber Indonesia Tbk.,--U-2135000000E413------------,670,0,0,0,670,0,0,0,0,151.8,685,1500,650,8900,4823076400,4823076400,3387246556,0,0,0,0,0
2021-10-28,TFCO,Tifico Fiber Indonesia Tbk.,--U-2135000000E413------------,665,0,670,670,670,5,300,201000,2,151.8,690,1500,670,1500,4823076400,4823076400,3387246556,0,0,0,0,0
2021-10-27,TFCO,Tifico Fiber Indonesia Tbk.,--U-2135000000E413------------,665,0,665,665,665,0,2800,1862000,6,150.7,690,100,665,400,4823076400,4823076400,3387246556,0,0,0,0,0
2021-10-26,TFCO,Tifico Fiber Indonesia Tbk.,--U-2135000000E413------------,700,0,665,665,665,-35,3400,2261000,6,150.7,695,1600,660,1100,4823076400,4823076400,3387246556,0,0,0,0,0
2021-10-25,TFCO,Tifico Fiber Indonesia Tbk.,--U-2135000000E413------------,710,0,700,700,700,-10,700,490000,3,158.6,710,1700,680,100,4823076400,4823076400,3387246556,0,0,0,0,0
2021-10-22,TFCO,Tifico Fiber Indonesia Tbk.,--U-2135000000E413------------,665,0,710,665,710,45,2900,2050000,13,160.9,710,1000,665,200,4823076400,4823076400,3387246556,0,0,0,0,0
2021-10-21,TFCO,Tifico Fiber Indonesia Tbk.,--U-2135000000E413------------,655,0,730,655,665,10,24300,17442500,56,150.7,690,300,665,1200,4823076400,4823076400,3387246556,0,0,0,0,0
2021-10-19,TFCO,Tifico Fiber Indonesia Tbk.,--U-2135000000E413------------,685,0,685,655,655,-30,2000,1348000,6,148.4,680,4000,655,5300,4823076400,4823076400,3387246556,0,0,0,0,0
2021-10-18,TFCO,Tifico Fiber Indonesia Tbk.,--U-2135000000E413------------,735,0,725,685,685,-50,7900,5581500,26,155.2,685,6500,0,0,4823076400,4823076400,3387246556,0,0,0,0,0
2021-10-15,TFCO,Tifico Fiber Indonesia Tbk.,--U-2135000000E413------------,655,0,790,660,735,80,3800,2761500,25,166.6,735,2000,660,2000,4823076400,4823076400,3387246556,0,0,0,0,0
2021-10-14,TFCO,Tifico Fiber Indonesia Tbk.,--U-2135000000E413------------,655,0,0,0,655,0,0,0,0,148.4,690,100,660,1200,4823076400,4823076400,3387246556,0,0,0,0,0
2021-10-13,TFCO,Tifico Fiber Indonesia Tbk.,--U-2135000000E413------------,650,0,695,655,655,5,700,470500,4,148.4,700,100,655,100,4823076400,4823076400,3387246556,0,0,0,0,0
2021-10-12,TFCO,Tifico Fiber Indonesia Tbk.,--U-2135000000E413------------,650,0,650,650,650,0,2400,1560000,2,147.3,695,100,650,2800,4823076400,4823076400,3387246556,0,0,0,0,0
2021-10-08,TFCO,Tifico Fiber Indonesia Tbk.,--U-2135000000E413------------,695,0,695,665,665,-30,200,136000,2,150.7,690,100,665,200,4823076400,4823076400,3387246556,0,0,0,0,0
2021-10-07,TFCO,Tifico Fiber Indonesia Tbk.,--U-2135000000E413------------,695,0,695,690,695,0,900,623500,4,157.5,690,5000,665,100,4823076400,4823076400,3387246556,0,0,0,0,0
2021-10-06,TFCO,Tifico Fiber Indonesia Tbk.,--U-2135000000E413------------,695,0,695,695,695,0,1500,1042500,2,157.5,690,100,660,100,4823076400,4823076400,3387246556,0,0,0,0,0
2021-10-05,TFCO,Tifico Fiber Indonesia Tbk.,--U-2135000000E413------------,660,0,695,660,695,35,600,408000,5,157.5,695,3600,665,100,4823076400,4823076400,3387246556,0,0,0,0,0
2021-10-04,TFCO,Tifico Fiber Indonesia Tbk.,--U-2135000000E413------------,660,0,665,660,660,0,2300,1521500,3,149.6,660,200,650,5000,4823076400,4823076400,3387246556,0,0,0,0,0
2021-10-01,TFCO,Tifico Fiber Indonesia Tbk.,--U-2135000000E413------------,660,0,0,0,660,0,0,0,0,149.6,685,100,660,1400,4823076400,4823076400,3387246556,0,0,0,0,0
2021-09-30,TFCO,Tifico Fiber Indonesia Tbk.,--U-2135000000E413------------,665,0,670,660,660,-5,3000,1986500,5,149.6,680,100,660,1100,4823076400,4823076400,4823076400,0,0,0,0,0
2021-09-29,TFCO,Tifico Fiber Indonesia Tbk.,--U-2135000000E413------------,710,0,710,665,665,-45,1000,674000,4,150.7,685,100,665,900,4823076400,4823076400,4823076400,0,0,0,0,0
2021-09-28,TFCO,Tifico Fiber Indonesia Tbk.,--U-2135000000E413------------,680,0,720,680,710,30,1200,850000,3,160.9,710,3000,680,200,4823076400,4823076400,4823076400,0,0,0,0,0
2021-09-27,TFCO,Tifico Fiber Indonesia Tbk.,--U-2135000000E413------------,680,0,680,680,680,0,100,68000,1,154.1,680,100,660,200,4823076400,4823076400,4823076400,0,0,0,0,0
2021-09-24,TFCO,Tifico Fiber Indonesia Tbk.,--U-2135000000E413------------,685,0,680,655,680,-5,1200,793500,5,154.1,700,500,660,100,4823076400,4823076400,4823076400,0,0,0,0,0
2021-09-23,TFCO,Tifico Fiber Indonesia Tbk.,--U-2135000000E413------------,685,0,690,645,685,0,13000,8521500,8,155.2,685,1300,655,1200,4823076400,4823076400,4823076400,0,0,0,0,0
2021-09-22,TFCO,Tifico Fiber Indonesia Tbk.,--U-2135000000E413------------,650,0,690,655,685,35,2300,1516500,4,155.2,685,600,655,100,4823076400,4823076400,4823076400,0,0,0,0,0
2021-09-21,TFCO,Tifico Fiber Indonesia Tbk.,--U-2135000000E413------------,660,0,720,650,650,-10,9300,6157500,17,147.3,690,100,650,8800,4823076400,4823076400,4823076400,0,0,0,0,0
2021-09-20,TFCO,Tifico Fiber Indonesia Tbk.,--U-2135000000E413------------,640,0,725,650,660,20,13000,9217500,32,149.6,695,6700,660,1400,4823076400,4823076400,4823076400,0,0,0,0,0
2021-09-17,TFCO,Tifico Fiber Indonesia Tbk.,--U-2135000000E413------------,665,0,830,640,640,-25,256300,189410000,50,145.0,660,100,645,100,4823076400,4823076400,4823076400,0,0,0,0,0
2021-09-16,TFCO,Tifico Fiber Indonesia Tbk.,--U-2135000000E413------------,665,0,0,0,665,0,0,0,0,150.7,700,3300,665,300,4823076400,4823076400,4823076400,0,0,0,0,0
2021-09-15,TFCO,Tifico Fiber Indonesia Tbk.,--U-2135000000E413------------,665,0,0,0,665,0,0,0,0,150.7,665,2500,650,5100,4823076400,4823076400,4823076400,0,0,0,0,0
2021-09-14,TFCO,Tifico Fiber Indonesia Tbk.,--U-2135000000E413------------,665,0,0,0,665,0,0,0,0,150.7,750,3000,670,200,4823076400,4823076400,4823076400,0,0,0,0,0
2021-09-13,TFCO,Tifico Fiber Indonesia Tbk.,--U-2135000000E413------------,630,0,755,650,665,35,53500,37652000,16,150.7,720,600,670,1100,4823076400,4823076400,4823076400,0,0,0,0,0
2021-09-10,TFCO,Tifico Fiber Indonesia Tbk.,--U-2135000000E413------------,665,0,660,630,630,-35,700,459000,6,142.8,660,300,625,100,4823076400,4823076400,4823076400,0,0,0,0,0
2021-09-09,TFCO,Tifico Fiber Indonesia Tbk.,--U-2135000000E413------------,665,0,0,0,665,0,0,0,0,150.7,665,3200,660,200,4823076400,4823076400,4823076400,0,0,0,0,0
2021-09-08,TFCO,Tifico Fiber Indonesia Tbk.,--U-2135000000E413------------,700,0,725,665,665,-35,1300,936500,7,150.7,725,900,660,5200,4823076400,4823076400,4823076400,0,0,0,0,0
2021-09-07,TFCO,Tifico Fiber Indonesia Tbk.,--U-2135000000E413------------,700,0,740,700,700,0,3400,2400500,10,158.6,700,3500,0,0,4823076400,4823076400,4823076400,0,0,0,0,0
2021-09-06,TFCO,Tifico Fiber Indonesia Tbk.,--U-2135000000E413------------,650,0,700,695,700,50,4500,3136000,7,158.6,745,2500,700,5700,4823076400,4823076400,4823076400,0,0,0,0,0
2021-09-03,TFCO,Tifico Fiber Indonesia Tbk.,--U-2135000000E413------------,645,0,650,650,650,5,100,65000,1,147.3,695,2000,650,14900,4823076400,4823076400,4823076400,0,0,0,0,0
2021-09-02,TFCO,Tifico Fiber Indonesia Tbk.,--U-2135000000E413------------,645,0,0,0,645,0,0,0,0,146.2,690,2500,650,100,4823076400,4823076400,4823076400,0,0,0,0,0
2021-09-01,TFCO,Tifico Fiber Indonesia Tbk.,--U-2135000000E413------------,660,0,700,645,645,-15,33600,22605000,10,146.2,700,2500,650,1100,4823076400,4823076400,4823076400,0,0,0,0,0
2021-08-31,TFCO,Tifico Fiber Indonesia Tbk.,--U-2135000000E413------------,680,0,685,660,660,-20,12900,8783000,24,149.6,680,1500,660,1300,4823076400,4823076400,4823076400,0,0,20000,13000000,1
2021-08-30,TFCO,Tifico Fiber Indonesia Tbk.,--U-2135000000E413------------,650,0,680,630,680,30,2600,1704500,13,154.1,685,2800,680,700,4823076400,4823076400,4823076400,0,0,0,0,0
2021-08-27,TFCO,Tifico Fiber Indonesia Tbk.,--U-2135000000E413------------,650,0,650,650,650,0,200,130000,2,147.3,695,200,650,9900,4823076400,4823076400,4823076400,0,0,0,0,0
2021-08-26,TFCO,Tifico Fiber Indonesia Tbk.,--U-2135000000E413------------,650,0,650,620,650,0,3400,2207000,4,147.3,685,100,635,1700,4823076400,4823076400,4823076400,0,0,0,0,0
2021-08-25,TFCO,Tifico Fiber Indonesia Tbk.,--U-2135000000E413------------,650,0,650,650,650,0,100,65000,1,147.3,695,200,650,4900,4823076400,4823076400,4823076400,0,0,0,0,0
2021-08-24,TFCO,Tifico Fiber Indonesia Tbk.,--U-2135000000E413------------,650,0,0,0,650,0,0,0,0,147.3,680,300,650,5200,4823076400,4823076400,4823076400,0,0,0,0,0
2021-08-23,TFCO,Tifico Fiber Indonesia Tbk.,--U-2135000000E413------------,645,0,650,650,650,5,5800,3770000,2,147.3,670,100,650,4200,4823076400,4823076400,4823076400,0,0,0,0,0
2021-08-20,TFCO,Tifico Fiber Indonesia Tbk.,--U-2135000000E413------------,645,0,0,0,645,0,0,0,0,146.2,675,200,620,100,4823076400,4823076400,4823076400,0,0,0,0,0
2021-08-19,TFCO,Tifico Fiber Indonesia Tbk.,--U-2135000000E413------------,650,0,650,610,645,-5,27200,17141500,12,146.2,685,200,610,1000,4823076400,4823076400,4823076400,0,0,0,0,0
2021-08-18,TFCO,Tifico Fiber Indonesia Tbk.,--U-2135000000E413------------,660,0,650,615,650,-10,300,191500,3,147.3,680,100,650,1900,4823076400,4823076400,4823076400,0,0,0,0,0
2021-08-16,TFCO,Tifico Fiber Indonesia Tbk.,--U-2135000000E413------------,660,0,660,660,660,0,600,396000,3,149.6,660,800,655,1000,4823076400,4823076400,4823076400,0,0,0,0,0
2021-08-13,TFCO,Tifico Fiber Indonesia Tbk.,--U-2135000000E413------------,650,0,660,650,660,10,2800,1836000,8,149.6,690,300,660,1000,4823076400,4823076400,4823076400,0,0,0,0,0
2021-08-12,TFCO,Tifico Fiber Indonesia Tbk.,--U-2135000000E413------------,605,0,650,645,650,45,8100,5262500,10,147.3,670,300,660,8000,4823076400,4823076400,4823076400,0,0,0,0,0
2021-08-10,TFCO,Tifico Fiber Indonesia Tbk.,--U-2135000000E413------------,610,0,680,595,605,-5,21200,13569000,37,137.1,645,500,605,700,4823076400,4823076400,4823076400,0,0,0,0,0
2021-08-09,TFCO,Tifico Fiber Indonesia Tbk.,--U-2135000000E413------------,655,0,700,610,610,-45,3500,2200000,11,138.2,640,1000,610,12100,4823076400,4823076400,4823076400,0,0,0,0,0
2021-08-06,TFCO,Tifico Fiber Indonesia Tbk.,--U-2135000000E413------------,670,0,665,625,655,-15,20700,12978000,26,148.4,640,1400,625,700,4823076400,4823076400,4823076400,0,0,0,0,0
2021-08-05,TFCO,Tifico Fiber Indonesia Tbk.,--U-2135000000E413------------,665,0,675,670,670,5,3300,2211500,6,151.8,700,800,670,18600,4823076400,4823076400,4823076400,0,0,0,0,0
2021-08-04,TFCO,Tifico Fiber Indonesia Tbk.,--U-2135000000E413------------,690,0,740,660,665,-25,2000,1338000,7,150.7,690,3900,665,200,4823076400,4823076400,4823076400,0,0,0,0,0
2021-08-03,TFCO,Tifico Fiber Indonesia Tbk.,--U-2135000000E413------------,640,0,690,600,690,50,3200,2007000,9,156.4,675,1100,630,200,4823076400,4823076400,4823076400,0,0,0,0,0
2021-08-02,TFCO,Tifico Fiber Indonesia Tbk.,--U-2135000000E413------------,640,0,0,0,640,0,0,0,0,145.0,700,100,645,1200,4823076400,4823076400,4823076400,0,0,0,0,0
2021-07-30,TFCO,Tifico Fiber Indonesia Tbk.,--U-2135000000E413------------,635,0,680,640,640,5,4400,2986500,8,145.0,680,100,625,1000,4823076400,4823076400,4823076400,0,0,0,0,0
2021-07-29,TFCO,Tifico Fiber Indonesia Tbk.,--U-2135000000E413------------,665,0,640,625,635,-30,4600,2923000,4,143.9,660,100,635,9300,4823076400,4823076400,4823076400,0,0,0,0,0
2021-07-28,TFCO,Tifico Fiber Indonesia Tbk.,--U-2135000000E413------------,665,0,700,665,665,0,2200,1526500,4,150.7,690,2800,665,100,4823076400,4823076400,4823076400,0,0,0,0,0
2021-07-27,TFCO,Tifico Fiber Indonesia Tbk.,--U-2135000000E413------------,670,0,665,665,665,-5,100,66500,1,150.7,665,1100,650,5000,4823076400,4823076400,4823076400,0,0,0,0,0
2021-07-26,TFCO,Tifico Fiber Indonesia Tbk.,--U-2135000000E413------------,655,0,670,655,670,15,200,132500,2,151.8,670,13700,655,100,4823076400,4823076400,4823076400,0,0,0,0,0
2021-07-23,TFCO,Tifico Fiber Indonesia Tbk.,--U-2135000000E413------------,660,0,655,620,655,-5,8300,5373000,10,148.4,655,4600,650,4600,4823076400,4823076400,4823076400,0,0,0,0,0
2021-07-22,TFCO,Tifico Fiber Indonesia Tbk.,--U-2135000000E413------------,660,0,660,650,660,0,25400,16513000,11,149.6,655,100,650,5500,4823076400,4823076400,4823076400,0,0,0,0,0
2021-07-21,TFCO,Tifico Fiber Indonesia Tbk.,--U-2135000000E413------------,650,0,660,610,660,10,600,380000,4,149.6,660,100,650,9800,4823076400,4823076400,4823076400,0,0,0,0,0
2021-07-19,TFCO,Tifico Fiber Indonesia Tbk.,--U-2135000000E413------------,650,0,650,650,650,0,7600,4940000,7,147.3,675,400,650,7400,4823076400,4823076400,4823076400,0,0,0,0,0
2021-07-16,TFCO,Tifico Fiber Indonesia Tbk.,--U-2135000000E413------------,620,0,650,600,650,30,9200,5619000,15,147.3,640,1000,610,300,4823076400,4823076400,4823076400,0,0,0,0,0
2021-07-15,TFCO,Tifico Fiber Indonesia Tbk.,--U-2135000000E413------------,650,0,650,610,620,-30,3700,2314000,14,140.5,645,600,620,3800,4823076400,4823076400,4823076400,0,0,0,0,0
2021-07-14,TFCO,Tifico Fiber Indonesia Tbk.,--U-2135000000E413------------,690,0,730,645,650,-40,21600,14102500,27,147.3,685,300,650,2300,4823076400,4823076400,4823076400,0,0,0,0,0
2021-07-13,TFCO,Tifico Fiber Indonesia Tbk.,--U-2135000000E413------------,690,0,695,690,690,0,5100,3525000,7,156.4,680,1100,650,1000,4823076400,4823076400,4823076400,0,0,0,0,0
2021-07-12,TFCO,Tifico Fiber Indonesia Tbk.,--U-2135000000E413------------,690,0,740,690,690,0,8400,5961000,24,156.4,735,1800,690,1000,4823076400,4823076400,4823076400,0,0,0,0,0
2021-07-09,TFCO,Tifico Fiber Indonesia Tbk.,--U-2135000000E413------------,685,0,795,690,690,5,41000,31327000,49,156.4,700,1100,690,1500,4823076400,4823076400,4823076400,0,0,0,0,0
2021-07-08,TFCO,Tifico Fiber Indonesia Tbk.,--U-2135000000E413------------,685,0,850,640,685,0,34100,26554000,67,155.2,680,6800,670,4900,4823076400,4823076400,4823076400,0,0,0,0,0
2021-07-07,TFCO,Tifico Fiber Indonesia Tbk.,--U-2135000000E413------------,685,0,685,640,685,0,1000,680500,7,155.2,685,3700,645,2800,4823076400,4823076400,4823076400,0,0,0,0,0
2021-07-06,TFCO,Tifico Fiber Indonesia Tbk.,--U-2135000000E413------------,680,0,685,635,685,5,8300,5624500,16,155.2,685,6500,655,500,4823076400,4823076400,4823076400,0,0,0,0,0
2021-07-05,TFCO,Tifico Fiber Indonesia Tbk.,--U-2135000000E413------------,680,0,700,680,680,0,2500,1704500,6,154.1,680,1300,670,100,4823076400,4823076400,4823076400,0,0,0,0,0
2021-07-02,TFCO,Tifico Fiber Indonesia Tbk.,--U-2135000000E413------------,690,0,690,680,680,-10,2100,1431000,8,154.1,680,800,670,500,4823076400,4823076400,4823076400,0,0,0,0,0
2021-07-01,TFCO,Tifico Fiber Indonesia Tbk.,--U-2135000000E413------------,690,0,745,690,690,0,25800,18307500,35,156.4,730,13000,690,500,4823076400,4823076400,4823076400,0,0,0,0,0
2021-06-30,TFCO,Tifico Fiber Indonesia Tbk.,--U-2135000000E413------------,725,0,775,675,690,-35,9300,6427500,27,156.4,700,400,675,9700,4823076400,4823076400,4823076400,0,0,0,0,0
2021-06-29,TFCO,Tifico Fiber Indonesia Tbk.,--U-2135000000E413------------,775,0,775,725,725,-50,9600,7057500,19,164.3,760,100,725,31900,4823076400,4823076400,4823076400,0,0,0,0,0
2021-06-28,TFCO,Tifico Fiber Indonesia Tbk.,--U-2135000000E413------------,675,0,800,635,775,100,30300,22610500,37,175.6,775,1400,765,9700,4823076400,4823076400,4823076400,0,0,0,0,0
2021-06-25,TFCO,Tifico Fiber Indonesia Tbk.,--U-2135000000E413------------,650,0,745,650,675,25,9200,6397000,25,153.0,720,300,675,6400,4823076400,4823076400,4823076400,0,0,0,0,0
2021-06-24,TFCO,Tifico Fiber Indonesia Tbk.,--U-2135000000E413------------,675,0,750,630,650,-25,19400,12840000,26,147.3,650,1800,645,100,4823076400,4823076400,4823076400,0,0,0,0,0
2021-06-23,TFCO,Tifico Fiber Indonesia Tbk.,--U-2135000000E413------------,725,0,800,675,675,-50,49600,36971500,90,153.0,675,2300,0,0,4823076400,4823076400,4823076400,0,0,0,0,0
2021-06-22,TFCO,Tifico Fiber Indonesia Tbk.,--U-2135000000E413------------,580,0,725,580,725,145,74500,53334500,81,164.3,0,0,725,19500,4823076400,4823076400,4823076400,3200,0,0,0,0
2021-06-21,TFCO,Tifico Fiber Indonesia Tbk.,--U-2135000000E413------------,610,0,580,575,580,-30,10600,6100000,4,131.4,680,900,580,1000,4823076400,4823076400,4823076400,0,1000,0,0,0
2021-06-18,TFCO,Tifico Fiber Indonesia Tbk.,--U-2135000000E413------------,625,0,625,610,610,-15,11400,7123500,6,138.2,730,100,610,100,4823076400,4823076400,4823076400,200,0,0,0,0
2021-06-17,TFCO,Tifico Fiber Indonesia Tbk.,--U-2135000000E413------------,630,0,635,605,625,-5,38800,24229500,42,141.6,735,1000,625,4400,4823076400,4823076400,4823076400,400,0,0,0,0
2021-06-16,TFCO,Tifico Fiber Indonesia Tbk.,--U-2135000000E413------------,625,0,780,620,630,5,90900,66676000,144,142.8,640,200,630,2500,4823076400,4823076400,4823076400,1900,1000,0,0,0
2021-06-15,TFCO,Tifico Fiber Indonesia Tbk.,--U-2135000000E413------------,665,0,665,625,625,-40,21600,13662000,15,141.6,630,10200,625,2500,4823076400,4823076400,4823076400,0,0,0,0,0
2021-06-14,TFCO,Tifico Fiber Indonesia Tbk.,--U-2135000000E413------------,710,0,710,665,665,-45,22200,14805500,31,150.7,710,800,665,9500,4823076400,4823076400,4823076400,0,400,0,0,0
2021-06-11,TFCO,Tifico Fiber Indonesia Tbk.,--U-2135000000E413------------,760,0,730,710,710,-50,13500,9702500,20,160.9,715,6500,710,200,4823076400,4823076400,4823076400,0,0,0,0,0
2021-06-10,TFCO,Tifico Fiber Indonesia Tbk.,--U-2135000000E413------------,700,0,790,655,760,60,31400,22310500,35,172.2,675,200,655,18300,4823076400,4823076400,4823076400,0,0,0,0,0
2021-06-09,TFCO,Tifico Fiber Indonesia Tbk.,--U-2135000000E413------------,750,0,700,700,700,-50,2300,1610000,4,158.6,700,14500,0,0,4823076400,4823076400,4823076400,0,0,0,0,0
2021-06-08,TFCO,Tifico Fiber Indonesia Tbk.,--U-2135000000E413------------,735,0,795,685,750,15,29600,20833500,48,170.0,745,3800,700,100,4823076400,4823076400,4823076400,0,0,0,0,0
2021-06-07,TFCO,Tifico Fiber Indonesia Tbk.,--U-2135000000E413------------,790,0,840,735,735,-55,88200,66532000,94,166.6,735,10800,0,0,4823076400,4823076400,4823076400,0,0,0,0,0
2021-06-04,TFCO,Tifico Fiber Indonesia Tbk.,--U-2135000000E413------------,635,0,790,595,790,155,199200,145493500,305,179.0,0,0,790,163700,4823076400,4823076400,4823076400,0,2300,0,0,0
2021-06-03,TFCO,Tifico Fiber Indonesia Tbk.,--U-2135000000E413------------,680,0,680,635,635,-45,28500,18122000,63,143.9,635,9900,0,0,4823076400,4823076400,4823076400,0,0,0,0,0
2021-06-02,TFCO,Tifico Fiber Indonesia Tbk.,--U-2135000000E413------------,730,0,680,680,680,-50,17300,11764000,40,154.1,680,22000,0,0,4823076400,4823076400,4823076400,0,0,0,0,0
2021-05-31,TFCO,Tifico Fiber Indonesia Tbk.,--U-2135000000E413------------,780,0,780,730,730,-50,6800,4995000,21,165.4,730,35100,0,0,4823076400,4823076400,4823076400,0,0,0,0,0
2021-05-28,TFCO,Tifico Fiber Indonesia Tbk.,--U-2135000000E413------------,780,0,830,780,780,0,20000,16364000,19,176.8,770,1300,0,0,4823076400,4823076400,4823076400,0,0,0,0,0
2021-05-27,TFCO,Tifico Fiber Indonesia Tbk.,--U-2135000000E413------------,830,0,830,775,780,-50,76100,59818500,103,176.8,780,2800,775,29300,4823076400,4823076400,4823076400,0,500,0,0,0
2021-05-25,TFCO,Tifico Fiber Indonesia Tbk.,--U-2135000000E413------------,790,0,985,735,830,40,629300,562485000,674,188.1,830,11200,760,600,4823076400,4823076400,4823076400,17500,16500,0,0,0
2021-05-24,TFCO,Tifico Fiber Indonesia Tbk.,--U-2135000000E413------------,635,0,790,595,790,155,356400,260673000,355,179.0,0,0,790,39400,4823076400,4823076400,4823076400,12000,11500,0,0,0
2021-05-22,TFCO,Tifico Fiber Indonesia Tbk.,--U-2135000000E413------------,635,0,0,0,635,0,0,0,0,143.9,0,0,0,0,4823076400,4823076400,4823076400,0,0,0,0,0
2021-05-21,TFCO,Tifico Fiber Indonesia Tbk.,--U-2135000000E413------------,510,0,635,565,635,125,77000,48551000,62,143.9,0,0,635,118900,4823076400,4823076400,4823076400,0,2000,0,0,0
2021-05-20,TFCO,Tifico Fiber Indonesia Tbk.,--U-2135000000E413------------,410,0,510,412,510,100,68600,34632700,26,115.6,0,0,510,23100,4823076400,4823076400,4823076400,0,0,0,0,0
2021-05-19,TFCO,Tifico Fiber Indonesia Tbk.,--U-2135000000E413------------,410,0,0,0,410,0,0,0,0,92.9,510,2100,412,5500,4823076400,4823076400,4823076400,0,0,0,0,0
2021-05-18,TFCO,Tifico Fiber Indonesia Tbk.,--U-2135000000E413------------,440,0,410,410,410,-30,100,41000,1,92.9,550,1000,488,3000,4823076400,4823076400,4823076400,0,0,0,0,0
2021-05-17,TFCO,Tifico Fiber Indonesia Tbk.,--U-2135000000E413------------,440,0,550,440,440,0,9800,4578400,7,99.7,0,0,442,2300,4823076400,4823076400,4823076400,0,0,0,0,0
2021-05-11,TFCO,Tifico Fiber Indonesia Tbk.,--U-2135000000E413------------,464,0,440,440,440,-24,200,88000,2,99.7,575,100,442,100000,4823076400,4823076400,4823076400,0,0,0,0,0
2021-05-10,TFCO,Tifico Fiber Indonesia Tbk.,--U-2135000000E413------------,464,0,0,0,464,0,0,0,0,105.1,580,1300,464,100,4823076400,4823076400,4823076400,0,0,0,0,0
2021-05-07,TFCO,Tifico Fiber Indonesia Tbk.,--U-2135000000E413------------,464,0,464,464,464,0,100,46400,1,105.1,560,700,466,3200,4823076400,4823076400,4823076400,0,0,0,0,0
2021-05-06,TFCO,Tifico Fiber Indonesia Tbk.,--U-2135000000E413------------,470,0,464,464,464,-6,700,324800,3,105.1,580,500,464,2000,4823076400,4823076400,4823076400,0,0,0,0,0
2021-05-05,TFCO,Tifico Fiber Indonesia Tbk.,--U-2135000000E413------------,464,0,470,470,470,6,200,94000,2,106.5,520,300,470,2100,4823076400,4823076400,4823076400,0,0,0,0,0
2021-05-04,TFCO,Tifico Fiber Indonesia Tbk.,--U-2135000000E413------------,464,0,0,0,464,0,0,0,0,105.1,520,300,466,2300,4823076400,4823076400,4823076400,0,0,0,0,0
2021-05-03,TFCO,Tifico Fiber Indonesia Tbk.,--U-2135000000E413------------,464,0,464,464,464,0,100,46400,1,105.1,580,500,468,2500,4823076400,4823076400,4823076400,0,0,0,0,0
2021-04-30,TFCO,Tifico Fiber Indonesia Tbk.,--U-2135000000E413------------,464,0,0,0,464,0,0,0,0,105.1,520,400,464,500,4823076400,4823076400,4823076400,0,0,0,0,0
2021-04-29,TFCO,Tifico Fiber Indonesia Tbk.,--U-2135000000E413------------,482,0,464,464,464,-18,200,92800,2,105.1,520,300,464,2100,4823076400,4823076400,4823076400,0,0,0,0,0
2021-04-28,TFCO,Tifico Fiber Indonesia Tbk.,--U-2135000000E413------------,482,0,482,456,482,0,200,93800,2,109.2,580,200,456,2800,4823076400,4823076400,4823076400,0,0,0,0,0
2021-04-27,TFCO,Tifico Fiber Indonesia Tbk.,--U-2135000000E413------------,482,0,482,482,482,0,300,144600,2,109.2,550,300,466,100,4823076400,4823076400,4823076400,0,0,0,0,0
2021-04-26,TFCO,Tifico Fiber Indonesia Tbk.,--U-2135000000E413------------,482,0,0,0,482,0,0,0,0,109.2,482,100,462,700,4823076400,4823076400,4823076400,0,0,0,0,0
2021-04-23,TFCO,Tifico Fiber Indonesia Tbk.,--U-2135000000E413------------,482,0,496,476,482,0,800,384600,7,109.2,580,1000,482,300,4823076400,4823076400,4823076400,0,0,0,0,0
2021-04-22,TFCO,Tifico Fiber Indonesia Tbk.,--U-2135000000E413------------,510,0,510,476,482,-28,2500,1237900,9,109.2,550,1000,482,2100,4823076400,4823076400,4823076400,0,0,0,0,0
2021-04-21,TFCO,Tifico Fiber Indonesia Tbk.,--U-2135000000E413------------,545,0,545,510,510,-35,2400,1284500,6,115.6,520,300,510,2300,4823076400,4823076400,4823076400,0,0,0,0,0
2021-04-20,TFCO,Tifico Fiber Indonesia Tbk.,--U-2135000000E413------------,545,0,545,545,545,0,3500,1907500,6,123.5,600,1200,510,100,4823076400,4823076400,4823076400,0,0,0,0,0
2021-04-19,TFCO,Tifico Fiber Indonesia Tbk.,--U-2135000000E413------------,585,0,585,545,545,-40,8200,4485000,17,123.5,545,1000,0,0,4823076400,4823076400,4823076400,0,0,0,0,0
2021-04-16,TFCO,Tifico Fiber Indonesia Tbk.,--U-2135000000E413------------,490,0,600,470,585,95,8100,4396000,33,132.6,585,1400,472,100,4823076400,4823076400,4823076400,0,0,0,0,0
2021-04-15,TFCO,Tifico Fiber Indonesia Tbk.,--U-2135000000E413------------,525,0,525,490,490,-35,4000,2008200,11,111.0,525,1300,0,0,4823076400,4823076400,4823076400,0,0,0,0,0
2021-04-14,TFCO,Tifico Fiber Indonesia Tbk.,--U-2135000000E413------------,484,0,585,476,525,41,8000,4019100,23,119.0,525,2900,452,1600,4823076400,4823076400,4823076400,0,0,0,0,0
2021-04-13,TFCO,Tifico Fiber Indonesia Tbk.,--U-2135000000E413------------,484,0,484,484,484,0,100,48400,1,109.7,484,1200,456,100,4823076400,4823076400,4823076400,0,0,0,0,0
2021-04-12,TFCO,Tifico Fiber Indonesia Tbk.,--U-2135000000E413------------,486,0,486,484,484,-2,1300,629600,6,109.7,484,100,452,2000,4823076400,4823076400,4823076400,0,0,0,0,0
2021-04-09,TFCO,Tifico Fiber Indonesia Tbk.,--U-2135000000E413------------,520,0,486,484,486,-34,5200,2517600,17,110.1,520,3500,486,100,4823076400,4823076400,4823076400,0,0,0,0,0
2021-04-08,TFCO,Tifico Fiber Indonesia Tbk.,--U-2135000000E413------------,555,0,555,520,520,-35,3400,1771500,15,117.8,520,1600,0,0,4823076400,4823076400,4823076400,0,0,0,0,0
2021-04-07,TFCO,Tifico Fiber Indonesia Tbk.,--U-2135000000E413------------,590,0,590,550,555,-35,1000,566500,9,125.8,590,4400,555,200,4823076400,4823076400,4823076400,0,0,0,0,0
2021-04-06,TFCO,Tifico Fiber Indonesia Tbk.,--U-2135000000E413------------,500,0,625,500,590,90,13400,7846000,28,133.7,610,2400,478,2100,4823076400,4823076400,4823076400,0,0,0,0,0
2021-04-05,TFCO,Tifico Fiber Indonesia Tbk.,--U-2135000000E413------------,410,0,500,492,500,90,900,446400,8,113.3,0,0,500,900,4823076400,4823076400,4823076400,0,0,0,0,0
2021-04-01,TFCO,Tifico Fiber Indonesia Tbk.,--U-2135000000E413------------,440,0,442,410,410,-30,200,85200,2,92.9,498,100,414,5500,4823076400,4823076400,4823076400,0,0,0,0,0
2021-03-31,TFCO,Tifico Fiber Indonesia Tbk.,--U-2135000000E413------------,440,0,440,440,440,0,100,44000,1,99.7,498,100,440,2400,4823076400,4823076400,4823076400,0,0,0,0,0
2021-03-30,TFCO,Tifico Fiber Indonesia Tbk.,--U-2135000000E413------------,440,0,0,0,440,0,0,0,0,99.7,540,2400,442,2300,4823076400,4823076400,4823076400,0,0,0,0,0
2021-03-29,TFCO,Tifico Fiber Indonesia Tbk.,--U-2135000000E413------------,440,0,0,0,440,0,0,0,0,99.7,510,100,442,2500,4823076400,4823076400,4823076400,0,0,0,0,0
2021-03-26,TFCO,Tifico Fiber Indonesia Tbk.,--U-2135000000E413------------,440,0,440,440,440,0,100,44000,1,99.7,550,3000,444,1000,4823076400,4823076400,4823076400,0,0,0,0,0
2021-03-25,TFCO,Tifico Fiber Indonesia Tbk.,--U-2135000000E413------------,440,0,0,0,440,0,0,0,0,99.7,540,100,442,2200,4823076400,4823076400,4823076400,0,0,0,0,0
2021-03-24,TFCO,Tifico Fiber Indonesia Tbk.,--U-2135000000E413------------,470,0,470,440,440,-30,200,91000,2,99.7,550,2900,452,3400,4823076400,4823076400,4823076400,0,0,0,0,0
2021-03-23,TFCO,Tifico Fiber Indonesia Tbk.,--U-2135000000E413------------,500,0,555,468,470,-30,2600,1333800,8,106.5,550,6400,470,800,4823076400,4823076400,4823076400,0,0,0,0,0
2021-03-22,TFCO,Tifico Fiber Indonesia Tbk.,--U-2135000000E413------------,510,0,510,490,500,-10,1000,497000,6,113.3,510,9800,500,9700,4823076400,4823076400,4823076400,0,0,0,0,0
2021-03-19,TFCO,Tifico Fiber Indonesia Tbk.,--U-2135000000E413------------,510,0,510,510,510,0,1800,918000,7,115.6,500,500,476,100,4823076400,4823076400,4823076400,0,0,0,0,0
2021-03-18,TFCO,Tifico Fiber Indonesia Tbk.,--U-2135000000E413------------,452,0,550,422,510,58,3300,1623400,11,115.6,540,3100,426,6700,4823076400,4823076400,4823076400,0,0,0,0,0
2021-03-17,TFCO,Tifico Fiber Indonesia Tbk.,--U-2135000000E413------------,452,0,452,452,452,0,100,45200,1,102.4,545,500,452,200,4823076400,4823076400,4823076400,0,0,0,0,0
2021-03-16,TFCO,Tifico Fiber Indonesia Tbk.,--U-2135000000E413------------,452,0,452,452,452,0,2500,1130000,1,102.4,470,1200,452,200,4823076400,4823076400,4823076400,0,0,0,0,0
2021-03-15,TFCO,Tifico Fiber Indonesia Tbk.,--U-2135000000E413------------,452,0,452,452,452,0,100,45200,1,102.4,500,200,454,300,4823076400,4823076400,4823076400,0,0,0,0,0
2021-03-12,TFCO,Tifico Fiber Indonesia Tbk.,--U-2135000000E413------------,452,0,500,452,452,0,1300,592400,4,102.4,500,200,452,3900,4823076400,4823076400,4823076400,0,0,0,0,0
2021-03-10,TFCO,Tifico Fiber Indonesia Tbk.,--U-2135000000E413------------,484,0,560,452,452,-32,32600,17841400,37,102.4,555,900,452,1100,4823076400,4823076400,4823076400,0,0,0,0,0
2021-03-09,TFCO,Tifico Fiber Indonesia Tbk.,--U-2135000000E413------------,520,0,484,484,484,-36,700,338800,3,109.7,540,100,0,0,4823076400,4823076400,4823076400,0,0,0,0,0
2021-03-08,TFCO,Tifico Fiber Indonesia Tbk.,--U-2135000000E413------------,520,0,0,0,520,0,0,0,0,117.8,530,100,0,0,4823076400,4823076400,4823076400,0,0,0,0,0
2021-03-05,TFCO,Tifico Fiber Indonesia Tbk.,--U-2135000000E413------------,520,0,0,0,520,0,0,0,0,117.8,520,200,486,500,4823076400,4823076400,4823076400,0,0,0,0,0
2021-03-04,TFCO,Tifico Fiber Indonesia Tbk.,--U-2135000000E413------------,520,0,0,0,520,0,0,0,0,117.8,530,100,520,100,4823076400,4823076400,4823076400,0,0,0,0,0
2021-03-03,TFCO,Tifico Fiber Indonesia Tbk.,--U-2135000000E413------------,520,0,520,520,520,0,100,52000,1,117.8,530,100,510,100,4823076400,4823076400,4823076400,0,0,0,0,0
2021-03-02,TFCO,Tifico Fiber Indonesia Tbk.,--U-2135000000E413------------,520,0,0,0,520,0,0,0,0,117.8,520,300,484,100,4823076400,4823076400,4823076400,0,0,0,0,0
2021-03-01,TFCO,Tifico Fiber Indonesia Tbk.,--U-2135000000E413------------,520,0,0,0,520,0,0,0,0,117.8,530,100,484,500,4823076400,4823076400,4823076400,0,0,0,0,0
2021-02-26,TFCO,Tifico Fiber Indonesia Tbk.,--U-2135000000E413------------,520,0,520,520,520,0,1000,520000,1,117.8,530,100,0,0,4823076400,4823076400,4823076400,0,0,0,0,0
2021-02-25,TFCO,Tifico Fiber Indonesia Tbk.,--U-2135000000E413------------,550,0,520,520,520,-30,100,52000,1,117.8,550,6500,520,100,4823076400,4823076400,4823076400,0,0,0,0,0
2021-02-24,TFCO,Tifico Fiber Indonesia Tbk.,--U-2135000000E413------------,570,0,570,550,550,-20,10500,5955000,10,124.6,550,1500,0,0,4823076400,4823076400,4823076400,0,0,0,0,0
2021-02-23,TFCO,Tifico Fiber Indonesia Tbk.,--U-2135000000E413------------,458,0,570,438,570,112,1400,746600,12,129.2,0,0,570,2800,4823076400,4823076400,4823076400,0,0,0,0,0
2021-02-22,TFCO,Tifico Fiber Indonesia Tbk.,--U-2135000000E413------------,458,0,0,0,458,0,0,0,0,103.8,0,0,460,2300,4823076400,4823076400,4823076400,0,0,0,0,0
2021-02-19,TFCO,Tifico Fiber Indonesia Tbk.,--U-2135000000E413------------,458,0,458,458,458,0,100,45800,1,103.8,0,0,458,13500,4823076400,4823076400,4823076400,0,0,0,0,0
2021-02-18,TFCO,Tifico Fiber Indonesia Tbk.,--U-2135000000E413------------,458,0,0,0,458,0,0,0,0,103.8,0,0,458,2700,4823076400,4823076400,4823076400,0,0,0,0,0
2021-02-17,TFCO,Tifico Fiber Indonesia Tbk.,--U-2135000000E413------------,458,0,458,458,458,0,200,91600,1,103.8,0,0,460,1200,4823076400,4823076400,4823076400,0,0,0,0,0
2021-02-16,TFCO,Tifico Fiber Indonesia Tbk.,--U-2135000000E413------------,458,0,458,458,458,0,100,45800,1,103.8,0,0,458,2900,4823076400,4823076400,4823076400,0,0,0,0,0
2021-02-15,TFCO,Tifico Fiber Indonesia Tbk.,--U-2135000000E413------------,458,0,458,458,458,0,2300,1053400,3,103.8,0,0,458,11800,4823076400,4823076400,4823076400,0,0,0,0,0
2021-02-11,TFCO,Tifico Fiber Indonesia Tbk.,--U-2135000000E413------------,460,0,458,440,458,-2,200,89800,2,103.8,0,0,458,100,4823076400,4823076400,4823076400,0,0,0,0,0
2021-02-10,TFCO,Tifico Fiber Indonesia Tbk.,--U-2135000000E413------------,480,0,460,450,460,-20,400,182000,3,104.2,0,0,460,600,4823076400,4823076400,4823076400,0,0,0,0,0
2021-02-09,TFCO,Tifico Fiber Indonesia Tbk.,--U-2135000000E413------------,500,0,550,480,480,-20,5500,2770500,11,108.8,550,2500,480,300,4823076400,4823076400,4823076400,0,0,0,0,0
2021-02-08,TFCO,Tifico Fiber Indonesia Tbk.,--U-2135000000E413------------,535,0,515,498,500,-35,5400,2691900,17,113.3,590,500,500,6400,4823076400,4823076400,4823076400,0,0,0,0,0
2021-02-05,TFCO,Tifico Fiber Indonesia Tbk.,--U-2135000000E413------------,430,0,535,400,535,105,68100,34332400,39,121.2,0,0,440,500,4823076400,4823076400,4823076400,0,0,0,0,0
2021-02-04,TFCO,Tifico Fiber Indonesia Tbk.,--U-2135000000E413------------,450,0,448,430,430,-20,11900,5271800,10,97.4,430,1000,0,0,4823076400,4823076400,4823076400,0,0,0,0,0
2021-02-03,TFCO,Tifico Fiber Indonesia Tbk.,--U-2135000000E413------------,452,0,452,450,450,-2,8500,3841800,3,102.0,450,200,424,1000,4823076400,4823076400,4823076400,0,0,0,0,0
2021-02-02,TFCO,Tifico Fiber Indonesia Tbk.,--U-2135000000E413------------,430,0,525,430,452,22,9400,4083700,7,102.4,450,1500,424,5000,4823076400,4823076400,4823076400,0,0,0,0,0
2021-02-01,TFCO,Tifico Fiber Indonesia Tbk.,--U-2135000000E413------------,456,0,505,426,430,-26,20100,8883300,16,97.4,460,300,0,0,4823076400,4823076400,4823076400,0,0,0,0,0
2021-01-29,TFCO,Tifico Fiber Indonesia Tbk.,--U-2135000000E413------------,456,0,456,436,456,0,8500,3710000,4,103.3,456,3400,436,100,4823076400,4823076400,4823076400,0,0,0,0,0
2021-01-28,TFCO,Tifico Fiber Indonesia Tbk.,--U-2135000000E413------------,490,0,456,456,456,-34,100,45600,1,103.3,490,5400,456,300,4823076400,4823076400,4823076400,0,0,0,0,0
2021-01-27,TFCO,Tifico Fiber Indonesia Tbk.,--U-2135000000E413------------,498,0,498,488,490,-8,8400,4100600,4,111.0,480,1300,464,400,4823076400,4823076400,4823076400,0,0,0,0,0
2021-01-26,TFCO,Tifico Fiber Indonesia Tbk.,--U-2135000000E413------------,432,0,500,412,498,66,18000,7844800,12,112.9,500,3500,498,1700,4823076400,4823076400,4823076400,0,0,0,0,0
2021-01-25,TFCO,Tifico Fiber Indonesia Tbk.,--U-2135000000E413------------,432,0,505,432,432,0,8600,3751700,7,97.9,430,6600,0,0,4823076400,4823076400,4823076400,0,0,0,0,0
2021-01-22,TFCO,Tifico Fiber Indonesia Tbk.,--U-213500000043--------------,452,0,432,430,432,-20,11100,4779600,8,97.9,474,1900,432,7500,4823076400,4823076400,4823076400,0,0,0,0,0
2021-01-21,TFCO,Tifico Fiber Indonesia Tbk.,--U-213500000043--------------,448,0,452,448,452,4,12800,5765600,4,102.4,505,700,452,200,4823076400,4823076400,4823076400,0,0,0,0,0
2021-01-20,TFCO,Tifico Fiber Indonesia Tbk.,--U-213500000043--------------,448,0,550,418,448,0,17100,7693600,16,101.5,525,2400,448,100,4823076400,4823076400,4823076400,0,0,0,0,0
2021-01-19,TFCO,Tifico Fiber Indonesia Tbk.,--U-213500000043--------------,468,0,448,448,448,-20,2400,1075200,7,101.5,448,6100,0,0,4823076400,4823076400,4823076400,0,0,0,0,0
2021-01-18,TFCO,Tifico Fiber Indonesia Tbk.,--U-213500000043--------------,500,0,500,466,468,-32,10100,4744600,9,106.1,468,7900,0,0,4823076400,4823076400,4823076400,0,0,0,0,0
2021-01-15,TFCO,Tifico Fiber Indonesia Tbk.,--U-213500000043--------------,525,0,500,498,500,-25,7600,3785000,2,113.3,500,15500,0,0,4823076400,4823076400,4823076400,0,0,0,0,0
2021-01-14,TFCO,Tifico Fiber Indonesia Tbk.,--U-213500000043--------------,545,0,540,525,525,-20,9500,5018000,4,119.0,530,3000,0,0,4823076400,4823076400,4823076400,0,0,0,0,0
2021-01-13,TFCO,Tifico Fiber Indonesia Tbk.,--U-213500000043--------------,585,0,595,545,545,-40,11200,6515000,14,123.5,545,11600,0,0,4823076400,4823076400,4823076400,0,0,0,0,0
2021-01-12,TFCO,Tifico Fiber Indonesia Tbk.,--U-213500000043--------------,470,0,585,470,585,115,12500,6907000,12,132.6,0,0,585,1100,4823076400,4823076400,4823076400,0,0,0,0,0
2021-01-11,TFCO,Tifico Fiber Indonesia Tbk.,--U-213500000043--------------,470,0,470,440,470,0,600,271000,4,106.5,438,100,0,0,4823076400,4823076400,4823076400,0,0,0,0,0
2021-01-08,TFCO,Tifico Fiber Indonesia Tbk.,--U-213500000043--------------,450,0,470,450,470,20,7200,3244000,5,106.5,470,1300,450,500,4823076400,4823076400,4823076400,0,0,0,0,0
2021-01-07,TFCO,Tifico Fiber Indonesia Tbk.,--U-213500000043--------------,450,0,450,450,450,0,300,135000,1,102.0,430,100,420,200,4823076400,4823076400,4823076400,0,0,0,0,0
2021-01-06,TFCO,Tifico Fiber Indonesia Tbk.,--U-213500000043--------------,442,0,450,442,450,8,6100,2700200,4,102.0,478,900,0,0,4823076400,4823076400,4823076400,0,0,0,0,0
2021-01-05,TFCO,Tifico Fiber Indonesia Tbk.,--U-213500000043--------------,442,0,442,442,442,0,700,309400,1,100.2,474,1200,442,11800,4823076400,4823076400,4823076400,0,0,0,0,0
2021-01-04,TFCO,Tifico Fiber Indonesia Tbk.,--U-213500000043--------------,474,0,442,442,442,-32,10900,4817800,7,100.2,474,200,442,4800,4823076400,4823076400,4823076400,0,0,0,0,0
2020-12-30,TFCO,Tifico Fiber Indonesia Tbk.,--U-213500000043--------------,476,0,474,474,474,-2,5600,2654400,1,107.4,474,100,0,0,4823076400,4823076400,4823076400,0,0,0,0,0
2020-12-29,TFCO,Tifico Fiber Indonesia Tbk.,--U-213500000043--------------,476,0,476,444,476,0,6400,3029400,4,107.9,476,5100,444,10100,4823076400,4823076400,4823076400,0,0,0,0,0
2020-12-28,TFCO,Tifico Fiber Indonesia Tbk.,--U-213500000043--------------,476,0,0,0,476,0,0,0,0,107.9,444,100,0,0,4823076400,4823076400,4823076400,0,0,0,0,0
2020-12-23,TFCO,Tifico Fiber Indonesia Tbk.,--U-213500000043--------------,478,0,476,476,476,-2,500,238000,1,107.9,476,3100,460,300,4823076400,4823076400,4823076400,0,0,0,0,0
2020-12-22,TFCO,Tifico Fiber Indonesia Tbk.,--U-213500000043--------------,478,0,0,0,478,0,0,0,0,108.3,476,700,446,1900,4823076400,4823076400,4823076400,0,0,0,0,0
2020-12-21,TFCO,Tifico Fiber Indonesia Tbk.,--U-213500000043--------------,478,0,0,0,478,0,0,0,0,108.3,476,3200,460,100,4823076400,4823076400,4823076400,0,0,0,0,0
2020-12-18,TFCO,Tifico Fiber Indonesia Tbk.,--U-213500000043--------------,478,0,0,0,478,0,0,0,0,108.3,478,1800,0,0,4823076400,4823076400,4823076400,0,0,0,0,0
2020-12-17,TFCO,Tifico Fiber Indonesia Tbk.,--U-213500000043--------------,478,0,0,0,478,0,0,0,0,108.3,470,700,0,0,4823076400,4823076400,4823076400,0,0,0,0,0
2020-12-16,TFCO,Tifico Fiber Indonesia Tbk.,--U-213500000043--------------,478,0,0,0,478,0,0,0,0,108.3,476,700,446,100,4823076400,4823076400,4823076400,0,0,0,0,0
2020-12-15,TFCO,Tifico Fiber Indonesia Tbk.,--U-213500000043--------------,486,0,480,458,478,-8,1400,651400,5,108.3,478,900,452,100,4823076400,4823076400,4823076400,0,0,0,0,0
2020-12-14,TFCO,Tifico Fiber Indonesia Tbk.,--U-213500000043--------------,486,0,0,0,486,0,0,0,0,110.1,480,2500,452,3300,4823076400,4823076400,4823076400,0,0,0,0,0
2020-12-11,TFCO,Tifico Fiber Indonesia Tbk.,--U-213500000043--------------,486,0,0,0,486,0,0,0,0,110.1,480,2500,0,0,4823076400,4823076400,4823076400,0,0,0,0,0
2020-12-10,TFCO,Tifico Fiber Indonesia Tbk.,--U-213500000043--------------,488,0,486,484,486,-2,6100,2952600,2,110.1,482,900,454,2200,4823076400,4823076400,4823076400,0,0,0,0,0
2020-12-08,TFCO,Tifico Fiber Indonesia Tbk.,--U-213500000043--------------,488,0,0,0,488,0,0,0,0,110.6,486,1100,0,0,4823076400,4823076400,4823076400,0,0,0,0,0
2020-12-07,TFCO,Tifico Fiber Indonesia Tbk.,--U-213500000043--------------,488,0,488,454,488,0,1400,639000,2,110.6,486,1100,454,9800,4823076400,4823076400,4823076400,0,0,0,0,0
2020-12-04,TFCO,Tifico Fiber Indonesia Tbk.,--U-213500000043--------------,488,0,0,0,488,0,0,0,0,110.6,486,1200,0,0,4823076400,4823076400,4823076400,0,0,0,0,0
2020-12-03,TFCO,Tifico Fiber Indonesia Tbk.,--U-213500000043--------------,488,0,0,0,488,0,0,0,0,110.6,486,1100,0,0,4823076400,4823076400,4823076400,0,0,0,0,0
2020-12-02,TFCO,Tifico Fiber Indonesia Tbk.,--U-213500000043--------------,488,0,0,0,488,0,0,0,0,110.6,486,1400,0,0,4823076400,4823076400,4823076400,0,0,0,0,0
2020-12-01,TFCO,Tifico Fiber Indonesia Tbk.,--U-213500000043--------------,488,0,0,0,488,0,0,0,0,110.6,486,1300,0,0,4823076400,4823076400,4823076400,0,0,0,0,0
2020-11-30,TFCO,Tifico Fiber Indonesia Tbk.,--U-213500000043--------------,488,0,0,0,488,0,0,0,0,110.6,486,800,454,1000,4823076400,4823076400,4823076400,0,0,0,0,0
2020-11-27,TFCO,Tifico Fiber Indonesia Tbk.,--U-213500000043--------------,490,0,500,488,488,-2,200,98800,2,110.6,488,3900,0,0,4823076400,4823076400,4823076400,0,0,0,0,0
2020-11-26,TFCO,Tifico Fiber Indonesia Tbk.,--U-213500000043--------------,470,0,490,490,490,20,100,49000,1,111.0,470,3500,0,0,4823076400,4823076400,4823076400,0,0,0,0,0
2020-11-25,TFCO,Tifico Fiber Indonesia Tbk.,--U-213500000043--------------,470,0,470,470,470,0,300,141000,1,106.5,468,2400,0,0,4823076400,4823076400,4823076400,0,0,0,0,0
2020-11-24,TFCO,Tifico Fiber Indonesia Tbk.,--U-213500000043--------------,470,0,470,470,470,0,1100,517000,4,106.5,468,2400,0,0,4823076400,4823076400,4823076400,0,0,0,0,0
2020-11-23,TFCO,Tifico Fiber Indonesia Tbk.,--U-213500000043--------------,426,0,470,426,470,44,4800,2054200,4,106.5,468,2300,428,1500,4823076400,4823076400,4823076400,0,0,0,0,0
2020-11-20,TFCO,Tifico Fiber Indonesia Tbk.,--U-213500000043--------------,454,0,426,426,426,-28,100,42600,1,96.5,480,800,470,100,4823076400,4823076400,4823076400,0,0,0,0,0
2020-11-19,TFCO,Tifico Fiber Indonesia Tbk.,--U-213500000043--------------,466,0,454,434,454,-12,12000,5294000,13,102.9,480,800,454,3600,4823076400,4823076400,4823076400,0,0,0,0,0
2020-11-18,TFCO,Tifico Fiber Indonesia Tbk.,--U-213500000043--------------,480,0,466,466,466,-14,1000,466000,1,105.6,462,200,450,1000,4823076400,4823076400,4823076400,0,0,0,0,0
2020-11-17,TFCO,Tifico Fiber Indonesia Tbk.,--U-213500000043--------------,470,0,520,470,480,10,500,247000,4,108.8,476,1300,438,2500,4823076400,4823076400,4823076400,0,0,0,0,0
2020-11-16,TFCO,Tifico Fiber Indonesia Tbk.,--U-213500000043--------------,470,0,0,0,470,0,0,0,0,106.5,456,100,0,0,4823076400,4823076400,4823076400,0,0,0,0,0
2020-11-13,TFCO,Tifico Fiber Indonesia Tbk.,--U-213500000043--------------,470,0,0,0,470,0,0,0,0,106.5,464,100,0,0,4823076400,4823076400,4823076400,0,0,0,0,0
2020-11-12,TFCO,Tifico Fiber Indonesia Tbk.,--U-213500000043--------------,450,0,470,432,470,20,2100,920400,9,106.5,470,3900,434,25000,4823076400,4823076400,4823076400,0,0,0,0,0
2020-11-11,TFCO,Tifico Fiber Indonesia Tbk.,--U-213500000043--------------,426,0,450,424,450,24,3100,1323400,10,102.0,450,900,414,3000,4823076400,4823076400,4823076400,0,0,0,0,0
2020-11-10,TFCO,Tifico Fiber Indonesia Tbk.,--U-213500000043--------------,454,0,454,426,426,-28,1800,810600,7,96.5,450,1100,426,3200,4823076400,4823076400,4823076400,0,0,0,0,0
2020-11-09,TFCO,Tifico Fiber Indonesia Tbk.,--U-213500000043--------------,484,0,482,454,454,-30,700,331000,5,102.9,482,800,454,200,4823076400,4823076400,4823076400,0,0,0,0,0
2020-11-06,TFCO,Tifico Fiber Indonesia Tbk.,--U-213500000043--------------,520,0,510,484,484,-36,2900,1406200,6,109.7,484,5000,0,0,4823076400,4823076400,4823076400,0,0,0,0,0
2020-11-05,TFCO,Tifico Fiber Indonesia Tbk.,--U-213500000043--------------,520,0,0,0,520,0,0,0,0,117.8,498,2000,0,0,4823076400,4823076400,4823076400,0,0,0,0,0
2020-11-04,TFCO,Tifico Fiber Indonesia Tbk.,--U-213500000043--------------,500,0,520,500,520,20,200,102000,2,117.8,488,2000,0,0,4823076400,4823076400,4823076400,0,0,0,0,0
2020-11-03,TFCO,Tifico Fiber Indonesia Tbk.,--U-213500000043--------------,500,0,0,0,500,0,0,0,0,113.3,498,1700,0,0,4823076400,4823076400,4823076400,0,0,0,0,0
2020-11-02,TFCO,Tifico Fiber Indonesia Tbk.,--U-213500000043--------------,480,0,520,500,500,20,300,152000,3,113.3,500,1800,0,0,4823076400,4823076400,4823076400,0,0,0,0,0
2020-10-27,TFCO,Tifico Fiber Indonesia Tbk.,--U-213500000043--------------,450,0,480,480,480,30,100,48000,1,108.8,480,2200,450,200,4823076400,4823076400,4823076400,0,0,0,0,0
2020-10-26,TFCO,Tifico Fiber Indonesia Tbk.,--U-213500000043--------------,450,0,480,450,450,0,800,363000,2,102.0,480,600,478,100,4823076400,4823076400,4823076400,0,0,0,0,0
2020-10-23,TFCO,Tifico Fiber Indonesia Tbk.,--U-213500000043--------------,470,0,470,440,450,-20,1100,494000,6,102.0,480,1400,438,6000,4823076400,4823076400,4823076400,0,0,0,0,0
2020-10-22,TFCO,Tifico Fiber Indonesia Tbk.,--U-213500000043--------------,434,0,470,404,470,36,1700,693400,4,106.5,470,1700,406,4000,4823076400,4823076400,4823076400,0,0,0,0,0
2020-10-21,TFCO,Tifico Fiber Indonesia Tbk.,--U-213500000043--------------,434,0,434,424,434,0,1100,476000,4,98.4,430,700,424,300,4823076400,4823076400,4823076400,0,0,0,0,0
2020-10-20,TFCO,Tifico Fiber Indonesia Tbk.,--U-213500000043--------------,454,0,434,426,434,-20,4100,1770200,3,98.4,454,2300,426,3900,4823076400,4823076400,4823076400,0,0,0,0,0
2020-10-19,TFCO,Tifico Fiber Indonesia Tbk.,--U-213500000043--------------,488,0,454,454,454,-34,1000,454000,1,102.9,474,100,0,0,4823076400,4823076400,4823076400,0,0,0,0,0
2020-10-16,TFCO,Tifico Fiber Indonesia Tbk.,--U-213500000043--------------,476,0,500,446,488,12,1000,455600,9,110.6,488,1900,446,1200,4823076400,4823076400,4823076400,0,0,0,0,0
2020-10-15,TFCO,Tifico Fiber Indonesia Tbk.,--U-213500000043--------------,444,0,488,444,476,32,1100,504000,6,107.9,476,1300,416,5000,4823076400,4823076400,4823076400,0,0,0,0,0
2020-10-14,TFCO,Tifico Fiber Indonesia Tbk.,--U-213500000043--------------,476,0,444,444,444,-32,3500,1554000,8,100.6,490,200,444,1700,4823076400,4823076400,4823076400,0,0,0,0,0
2020-10-13,TFCO,Tifico Fiber Indonesia Tbk.,--U-213500000043--------------,510,0,476,476,476,-34,300,142800,3,107.9,476,2700,0,0,4823076400,4823076400,4823076400,0,0,0,0,0
2020-10-12,TFCO,Tifico Fiber Indonesia Tbk.,--U-213500000043--------------,510,0,0,0,510,0,0,0,0,115.6,498,1500,0,0,4823076400,4823076400,4823076400,0,0,0,0,0
2020-10-09,TFCO,Tifico Fiber Indonesia Tbk.,--U-213500000043--------------,510,0,0,0,510,0,0,0,0,115.6,500,1400,0,0,4823076400,4823076400,4823076400,0,0,0,0,0
2020-10-08,TFCO,Tifico Fiber Indonesia Tbk.,--U-213500000043--------------,510,0,0,0,510,0,0,0,0,115.6,510,100,0,0,4823076400,4823076400,4823076400,0,0,0,0,0
2020-10-07,TFCO,Tifico Fiber Indonesia Tbk.,--U-213500000043--------------,500,0,510,510,510,10,100,51000,1,115.6,500,1400,0,0,4823076400,4823076400,4823076400,0,0,0,0,0
2020-10-06,TFCO,Tifico Fiber Indonesia Tbk.,--U-213500000043--------------,500,0,500,500,500,0,2000,1000000,1,113.3,500,1300,0,0,4823076400,4823076400,4823076400,0,0,0,0,0
2020-10-05,TFCO,Tifico Fiber Indonesia Tbk.,--U-213500000043--------------,470,0,500,450,500,30,2200,1007400,7,113.3,500,2800,450,1500,4823076400,4823076400,4823076400,0,0,0,0,0
2020-10-02,TFCO,Tifico Fiber Indonesia Tbk.,--U-213500000043--------------,505,0,505,470,470,-35,700,350000,4,106.5,505,2600,470,1000,4823076400,4823076400,4823076400,0,0,0,0,0
2020-10-01,TFCO,Tifico Fiber Indonesia Tbk.,--U-213500000043--------------,530,0,600,494,505,-25,18100,9086400,17,114.4,530,2000,0,0,4823076400,4823076400,4823076400,0,0,0,0,0
2020-09-30,TFCO,Tifico Fiber Indonesia Tbk.,--U-213500000043--------------,535,0,530,530,530,-5,5100,2703000,3,120.1,520,6000,0,0,4823076400,4823076400,4823076400,0,0,0,0,0
2020-09-29,TFCO,Tifico Fiber Indonesia Tbk.,--U-213500000043--------------,450,0,560,422,535,85,10300,4636700,11,121.2,535,6100,426,5600,4823076400,4823076400,4823076400,0,0,0,0,0
2020-09-28,TFCO,Tifico Fiber Indonesia Tbk.,--U-213500000043--------------,476,0,472,450,450,-26,3900,1837000,4,102.0,476,4800,450,9900,4823076400,4823076400,4823076400,0,0,0,0,0
2020-09-25,TFCO,Tifico Fiber Indonesia Tbk.,--U-213500000043--------------,510,0,510,476,476,-34,15900,7657600,12,107.9,476,6400,0,0,4823076400,4823076400,4823076400,0,0,0,0,0
2020-09-24,TFCO,Tifico Fiber Indonesia Tbk.,--U-213500000043--------------,545,0,510,510,510,-35,600,306000,4,115.6,510,5300,0,0,4823076400,4823076400,4823076400,0,0,0,0,0
2020-09-23,TFCO,Tifico Fiber Indonesia Tbk.,--U-213500000043--------------,545,0,545,510,545,0,4100,2177000,7,123.5,540,1000,0,0,4823076400,4823076400,4823076400,0,0,0,0,0
2020-09-22,TFCO,Tifico Fiber Indonesia Tbk.,--U-213500000043--------------,510,0,630,540,545,35,33900,18509000,30,123.5,545,200,540,13500,4823076400,4823076400,4823076400,0,0,0,0,0
2020-09-21,TFCO,Tifico Fiber Indonesia Tbk.,--U-213500000043--------------,412,0,510,390,510,98,42800,21371000,16,115.6,510,4900,402,5500,4823076400,4823076400,4823076400,0,0,0,0,0
2020-09-18,TFCO,Tifico Fiber Indonesia Tbk.,--U-213500000043--------------,330,0,412,342,412,82,3600,1427400,6,93.4,0,0,412,500,4823076400,4823076400,4823076400,0,0,0,0,0
2020-09-17,TFCO,Tifico Fiber Indonesia Tbk.,--U-213500000043--------------,330,0,334,330,330,0,800,264800,2,74.8,0,0,332,5500,4823076400,4823076400,4823076400,0,0,0,0,0
2020-09-16,TFCO,Tifico Fiber Indonesia Tbk.,--U-213500000043--------------,272,0,330,330,330,58,200,66000,1,74.8,0,0,330,15000,4823076400,4823076400,4823076400,0,0,0,0,0
2020-09-15,TFCO,Tifico Fiber Indonesia Tbk.,--U-213500000043--------------,292,0,272,272,272,-20,100,27200,1,61.6,0,0,300,10000,4823076400,4823076400,4823076400,0,0,0,0,0
2020-09-14,TFCO,Tifico Fiber Indonesia Tbk.,--U-213500000043--------------,292,0,0,0,292,0,0,0,0,66.2,0,0,294,11000,4823076400,4823076400,4823076400,0,0,0,0,0
2020-09-11,TFCO,Tifico Fiber Indonesia Tbk.,--U-213500000043--------------,284,0,292,292,292,8,1600,467200,1,66.2,0,0,290,11000,4823076400,4823076400,4823076400,0,0,0,0,0
2020-09-10,TFCO,Tifico Fiber Indonesia Tbk.,--U-213500000043--------------,302,0,304,284,284,-18,5700,1730600,3,64.4,0,0,304,5500,4823076400,4823076400,4823076400,0,0,0,0,0
2020-09-09,TFCO,Tifico Fiber Indonesia Tbk.,--U-213500000043--------------,298,0,302,302,302,4,9800,2959600,1,68.4,0,0,302,5700,4823076400,4823076400,4823076400,0,0,0,0,0
2020-09-08,TFCO,Tifico Fiber Indonesia Tbk.,--U-213500000043--------------,298,0,298,298,298,0,9800,2920400,1,67.5,0,0,298,11100,4823076400,4823076400,4823076400,0,0,0,0,0
2020-09-07,TFCO,Tifico Fiber Indonesia Tbk.,--U-213500000043--------------,296,0,298,298,298,2,9800,2920400,1,67.5,0,0,300,5500,4823076400,4823076400,4823076400,0,0,0,0,0
2020-09-04,TFCO,Tifico Fiber Indonesia Tbk.,--U-213500000043--------------,292,0,296,296,296,4,19600,5801600,2,67.1,0,0,294,11100,4823076400,4823076400,4823076400,0,0,0,0,0
2020-09-03,TFCO,Tifico Fiber Indonesia Tbk.,--U-213500000043--------------,292,0,292,276,292,0,9900,2889200,2,66.2,0,0,276,11000,4823076400,4823076400,4823076400,0,0,0,0,0
2020-09-02,TFCO,Tifico Fiber Indonesia Tbk.,--U-213500000043--------------,290,0,292,278,292,2,300,86200,2,66.2,0,0,294,100,4823076400,4823076400,4823076400,0,0,0,0,0
2020-09-01,TFCO,Tifico Fiber Indonesia Tbk.,--U-213500000043--------------,286,0,290,290,290,4,9800,2842000,1,65.7,0,0,290,11100,4823076400,4823076400,4823076400,0,0,0,0,0
2020-08-31,TFCO,Tifico Fiber Indonesia Tbk.,--U-213500000043--------------,282,0,286,284,286,4,4500,1285400,3,64.8,0,0,290,6000,4823076400,4823076400,4823076400,0,0,0,0,0
2020-08-28,TFCO,Tifico Fiber Indonesia Tbk.,--U-213500000043--------------,278,0,282,282,282,4,3700,1043400,1,63.9,0,0,282,15600,4823076400,4823076400,4823076400,0,0,0,0,0
2020-08-27,TFCO,Tifico Fiber Indonesia Tbk.,--U-213500000043--------------,278,0,0,0,278,0,0,0,0,63.0,0,0,280,11000,4823076400,4823076400,4823076400,0,0,0,0,0
2020-08-26,TFCO,Tifico Fiber Indonesia Tbk.,--U-213500000043--------------,278,0,0,0,278,0,0,0,0,63.0,0,0,262,11000,4823076400,4823076400,4823076400,0,0,0,0,0
2020-08-25,TFCO,Tifico Fiber Indonesia Tbk.,--U-213500000043--------------,278,0,0,0,278,0,0,0,0,63.0,0,0,280,15000,4823076400,4823076400,4823076400,0,0,0,0,0
2020-08-24,TFCO,Tifico Fiber Indonesia Tbk.,--U-213500000043--------------,288,0,292,278,278,-10,9900,2889400,2,63.0,0,0,290,11000,4823076400,4823076400,4823076400,0,0,0,0,0
2020-08-19,TFCO,Tifico Fiber Indonesia Tbk.,--U-213500000043--------------,286,0,288,288,288,2,9900,2851200,1,65.3,0,0,290,10000,4823076400,4823076400,4823076400,0,0,0,0,0
2020-08-18,TFCO,Tifico Fiber Indonesia Tbk.,--U-213500000043--------------,286,0,0,0,286,0,0,0,0,64.8,0,0,270,10000,4823076400,4823076400,4823076400,0,0,0,0,0
2020-08-14,TFCO,Tifico Fiber Indonesia Tbk.,--U-213500000043--------------,282,0,286,282,286,4,9700,2773800,2,64.8,0,0,286,11100,4823076400,4823076400,4823076400,0,0,0,0,0
2020-08-13,TFCO,Tifico Fiber Indonesia Tbk.,--U-213500000043--------------,282,0,282,282,282,0,100,28200,1,63.9,0,0,284,10000,4823076400,4823076400,4823076400,0,0,0,0,0
2020-08-12,TFCO,Tifico Fiber Indonesia Tbk.,--U-213500000043--------------,282,0,282,282,282,0,100,28200,1,63.9,0,0,284,10000,4823076400,4823076400,4823076400,0,0,0,0,0
2020-08-11,TFCO,Tifico Fiber Indonesia Tbk.,--U-213500000043--------------,300,0,282,282,282,-18,100,28200,1,63.9,0,0,286,100,4823076400,4823076400,4823076400,0,0,0,0,0
2020-08-10,TFCO,Tifico Fiber Indonesia Tbk.,--U-213500000043--------------,300,0,0,0,300,0,0,0,0,68.0,0,0,302,6600,4823076400,4823076400,4823076400,0,0,0,0,0
2020-08-07,TFCO,Tifico Fiber Indonesia Tbk.,--U-213500000043--------------,312,0,314,300,300,-12,300,92800,2,68.0,390,100,314,11000,4823076400,4823076400,4823076400,0,0,0,0,0
2020-08-06,TFCO,Tifico Fiber Indonesia Tbk.,--U-213500000043--------------,300,0,312,300,312,12,400,122400,2,70.7,0,0,312,6600,4823076400,4823076400,4823076400,0,0,0,0,0
2020-08-05,TFCO,Tifico Fiber Indonesia Tbk.,--U-213500000043--------------,300,0,0,0,300,0,0,0,0,68.0,0,0,282,6600,4823076400,4823076400,4823076400,0,0,0,0,0
2020-08-04,TFCO,Tifico Fiber Indonesia Tbk.,--U-213500000043--------------,300,0,0,0,300,0,0,0,0,68.0,0,0,302,6900,4823076400,4823076400,4823076400,0,0,0,0,0
2020-08-03,TFCO,Tifico Fiber Indonesia Tbk.,--U-213500000043--------------,310,0,300,300,300,-10,100,30000,1,68.0,384,100,314,100,4823076400,4823076400,4823076400,0,0,0,0,0
2020-07-30,TFCO,Tifico Fiber Indonesia Tbk.,--U-213500000043--------------,308,0,310,310,310,2,2600,806000,2,70.3,0,0,310,5000,4823076400,4823076400,4823076400,0,0,0,0,0
2020-07-29,TFCO,Tifico Fiber Indonesia Tbk.,--U-213500000043--------------,308,0,0,0,308,0,0,0,0,69.8,0,0,310,6600,4823076400,4823076400,4823076400,0,0,0,0,0
2020-07-28,TFCO,Tifico Fiber Indonesia Tbk.,--U-213500000043--------------,308,0,0,0,308,0,0,0,0,69.8,0,0,314,6600,4823076400,4823076400,4823076400,0,0,0,0,0
2020-07-27,TFCO,Tifico Fiber Indonesia Tbk.,--U-213500000043--------------,308,0,0,0,308,0,0,0,0,69.8,0,0,310,6600,4823076400,4823076400,4823076400,0,0,0,0,0
2020-07-24,TFCO,Tifico Fiber Indonesia Tbk.,--U-213500000043--------------,320,0,308,308,308,-12,100,30800,1,69.8,0,0,316,100,4823076400,4823076400,4823076400,0,0,0,0,0
2020-07-23,TFCO,Tifico Fiber Indonesia Tbk.,--U-213500000043--------------,320,0,0,0,320,0,0,0,0,72.5,0,0,320,7600,4823076400,4823076400,4823076400,0,0,0,0,0
2020-07-22,TFCO,Tifico Fiber Indonesia Tbk.,--U-213500000043--------------,320,0,0,0,320,0,0,0,0,72.5,0,0,302,6600,4823076400,4823076400,4823076400,0,0,0,0,0
2020-07-21,TFCO,Tifico Fiber Indonesia Tbk.,--U-213500000043--------------,320,0,0,0,320,0,0,0,0,72.5,0,0,302,100,4823076400,4823076400,4823076400,0,0,0,0,0
2020-07-20,TFCO,Tifico Fiber Indonesia Tbk.,--U-213500000043--------------,320,0,320,320,320,0,100,32000,1,72.5,0,0,320,6500,4823076400,4823076400,4823076400,0,0,0,0,0
2020-07-17,TFCO,Tifico Fiber Indonesia Tbk.,--U-213500000043--------------,320,0,0,0,320,0,0,0,0,72.5,0,0,320,6600,4823076400,4823076400,4823076400,0,0,0,0,0
2020-07-16,TFCO,Tifico Fiber Indonesia Tbk.,--U-213500000043--------------,338,0,320,320,320,-18,100,32000,1,72.5,0,0,326,100,4823076400,4823076400,4823076400,0,0,0,0,0
2020-07-15,TFCO,Tifico Fiber Indonesia Tbk.,--U-213500000043--------------,338,0,0,0,338,0,0,0,0,76.6,420,100,338,6600,4823076400,4823076400,4823076400,0,0,0,0,0
2020-07-14,TFCO,Tifico Fiber Indonesia Tbk.,--U-213500000043--------------,338,0,0,0,338,0,0,0,0,76.6,0,0,338,6600,4823076400,4823076400,4823076400,0,0,0,0,0
2020-07-13,TFCO,Tifico Fiber Indonesia Tbk.,--U-213500000043--------------,338,0,0,0,338,0,0,0,0,76.6,0,0,340,100,4823076400,4823076400,4823076400,0,0,0,0,0
2020-07-10,TFCO,Tifico Fiber Indonesia Tbk.,--U-213500000043--------------,358,0,338,338,338,-20,100,33800,1,76.6,0,0,338,11000,4823076400,4823076400,4823076400,0,0,0,0,0
2020-07-09,TFCO,Tifico Fiber Indonesia Tbk.,--U-213500000043--------------,358,0,0,0,358,0,0,0,0,81.1,0,0,360,6600,4823076400,4823076400,4823076400,0,0,0,0,0
2020-07-08,TFCO,Tifico Fiber Indonesia Tbk.,--U-213500000043--------------,358,0,0,0,358,0,0,0,0,81.1,0,0,340,10000,4823076400,4823076400,4823076400,0,0,0,0,0
2020-07-07,TFCO,Tifico Fiber Indonesia Tbk.,--U-213500000043--------------,358,0,0,0,358,0,0,0,0,81.1,0,0,340,11000,4823076400,4823076400,4823076400,0,0,0,0,0
2020-07-06,TFCO,Tifico Fiber Indonesia Tbk.,--U-213500000043--------------,356,0,358,350,358,2,200,70800,2,81.1,0,0,358,15400,4823076400,4823076400,4823076400,0,0,0,0,0
2020-07-03,TFCO,Tifico Fiber Indonesia Tbk.,--U4---2,356,0,356,356,356,0,200,71200,1,80.7,0,0,356,15300,4823076400,4823076400,4823076400,0,0,0,0,0
2020-07-02,TFCO,Tifico Fiber Indonesia Tbk.,--U4---2,356,0,0,0,356,0,0,0,0,80.7,0,0,356,15500,4823076400,4823076400,4823076400,0,0,0,0,0
2020-07-01,TFCO,Tifico Fiber Indonesia Tbk.,--U4---2,380,0,356,356,356,-24,100,35600,1,80.7,0,0,356,11600,4823076400,4823076400,4823076400,0,0,0,0,0
2020-06-30,TFCO,Tifico Fiber Indonesia Tbk.,--U4---2,408,0,380,380,380,-28,100,38000,1,86.1,500,600,380,8000,4823076400,4823076400,4823076400,0,0,0,0,0
2020-06-29,TFCO,Tifico Fiber Indonesia Tbk.,--U4---2,436,0,408,408,408,-28,100,40800,1,92.5,500,1000,408,5500,4823076400,4823076400,4823076400,0,0,0,0,0
2020-06-26,TFCO,Tifico Fiber Indonesia Tbk.,--U4---2,436,0,436,436,436,0,100,43600,1,98.8,480,3400,436,300,4823076400,4823076400,4823076400,0,0,0,0,0
2020-06-25,TFCO,Tifico Fiber Indonesia Tbk.,--U4---2,436,0,0,0,436,0,0,0,0,98.8,440,100,430,3300,4823076400,4823076400,4823076400,0,0,0,0,0
2020-06-24,TFCO,Tifico Fiber Indonesia Tbk.,--U4---2,436,0,0,0,436,0,0,0,0,98.8,460,100,438,3300,4823076400,4823076400,4823076400,0,0,0,0,0
2020-06-23,TFCO,Tifico Fiber Indonesia Tbk.,--U4---2,436,0,436,428,436,0,9600,4184800,2,98.8,500,1000,440,3300,4823076400,4823076400,4823076400,0,0,0,0,0
2020-06-22,TFCO,Tifico Fiber Indonesia Tbk.,--U4---2,436,0,436,436,436,0,9600,4185600,1,98.8,480,3400,438,3000,4823076400,4823076400,4823076400,0,0,0,0,0
2020-06-19,TFCO,Tifico Fiber Indonesia Tbk.,--U4---2,436,0,436,436,436,0,9600,4185600,1,98.8,470,3400,438,300,4823076400,4823076400,4823076400,0,0,0,0,0
2020-06-18,TFCO,Tifico Fiber Indonesia Tbk.,--U4---2,460,0,436,436,436,-24,100,43600,1,98.8,470,3400,430,2500,4823076400,4823076400,4823076400,0,0,0,0,0
2020-06-17,TFCO,Tifico Fiber Indonesia Tbk.,--U4---2,468,0,466,460,460,-8,700,323200,2,104.2,470,3400,448,100,4823076400,4823076400,4823076400,0,0,0,0,0
2020-06-16,TFCO,Tifico Fiber Indonesia Tbk.,--U4---2,468,0,468,466,468,0,9200,4305000,2,106.1,500,5600,468,1200,4823076400,4823076400,4823076400,0,0,0,0,0
2020-06-15,TFCO,Tifico Fiber Indonesia Tbk.,--U4---2,500,0,520,468,468,-32,6500,3232400,13,106.1,520,5000,468,200,4823076400,4823076400,4823076400,0,0,0,0,0
2020-06-12,TFCO,Tifico Fiber Indonesia Tbk.,--U4---2,500,0,500,500,500,0,100,50000,1,113.3,488,3000,0,0,4823076400,4823076400,4823076400,0,0,0,0,0
2020-06-11,TFCO,Tifico Fiber Indonesia Tbk.,--U4---2,500,0,500,470,500,0,9600,4515000,7,113.3,480,4100,0,0,4823076400,4823076400,4823076400,0,0,0,0,0
2020-06-10,TFCO,Tifico Fiber Indonesia Tbk.,--U4---2,500,0,500,500,500,0,100,50000,1,113.3,466,3300,0,0,4823076400,4823076400,4823076400,0,0,0,0,0
2020-06-09,TFCO,Tifico Fiber Indonesia Tbk.,--U4---2,500,0,500,500,500,0,100,50000,1,113.3,466,2900,0,0,4823076400,4823076400,4823076400,0,0,0,0,0
2020-06-08,TFCO,Tifico Fiber Indonesia Tbk.,--U4---2,490,0,500,500,500,10,100,50000,1,113.3,490,1000,0,0,4823076400,4823076400,4823076400,0,0,0,0,0
2020-06-05,TFCO,Tifico Fiber Indonesia Tbk.,--U4---2,470,0,490,490,490,20,100,49000,1,111.0,488,3200,486,100,4823076400,4823076400,4823076400,0,0,0,0,0
2020-06-04,TFCO,Tifico Fiber Indonesia Tbk.,--U4---2,432,0,470,432,470,38,1500,651800,3,106.5,468,3000,402,1000,4823076400,4823076400,4823076400,0,0,0,0,0
2020-06-03,TFCO,Tifico Fiber Indonesia Tbk.,--U4---2,432,0,0,0,432,0,0,0,0,97.9,470,5600,0,0,4823076400,4823076400,4823076400,0,0,0,0,0
2020-06-02,TFCO,Tifico Fiber Indonesia Tbk.,--U4---2,450,0,450,432,432,-18,2300,1011600,7,97.9,432,400,420,1000,4823076400,4823076400,4823076400,0,0,0,0,0
2020-05-29,TFCO,Tifico Fiber Indonesia Tbk.,--U4---2,476,0,460,450,450,-26,700,321000,2,102.0,450,700,0,0,4823076400,4823076400,4823076400,0,0,0,0,0
2020-05-28,TFCO,Tifico Fiber Indonesia Tbk.,--U4---2,500,0,476,466,476,-24,400,189400,2,107.9,476,5900,0,0,4823076400,4823076400,4823076400,0,0,0,0,0
2020-05-27,TFCO,Tifico Fiber Indonesia Tbk.,--U4---2,500,0,500,466,500,0,1600,752400,8,113.3,498,3700,0,0,4823076400,4823076400,4823076400,0,0,0,0,0
2020-05-26,TFCO,Tifico Fiber Indonesia Tbk.,--U4---2,478,0,500,500,500,22,100,50000,1,113.3,488,2100,460,500,4823076400,4823076400,4823076400,0,0,0,0,0
2020-05-20,TFCO,Tifico Fiber Indonesia Tbk.,--U4---2,444,0,500,444,478,34,2100,999600,7,108.3,478,2000,414,300,4823076400,4823076400,4823076400,0,0,0,0,0
2020-05-19,TFCO,Tifico Fiber Indonesia Tbk.,--U4---2,470,0,470,440,444,-26,3300,1467200,7,100.6,540,400,442,4000,4823076400,4823076400,4823076400,0,0,0,0,0
2020-05-18,TFCO,Tifico Fiber Indonesia Tbk.,--U4---2,432,0,498,402,470,38,14600,6695400,19,106.5,470,3400,406,2000,4823076400,4823076400,4823076400,0,0,0,0,0
2020-05-15,TFCO,Tifico Fiber Indonesia Tbk.,--U4---2,464,0,500,432,432,-32,7000,3340400,9,97.9,432,6800,0,0,4823076400,4823076400,4823076400,0,0,0,0,0
2020-05-14,TFCO,Tifico Fiber Indonesia Tbk.,--U4---2,374,0,464,464,464,90,100,46400,1,105.1,464,4400,462,300,4823076400,4823076400,4823076400,0,0,0,0,0
2020-05-13,TFCO,Tifico Fiber Indonesia Tbk.,--U4---2,302,0,374,374,374,72,1200,448800,4,84.8,370,100,0,0,4823076400,4823076400,4823076400,0,0,0,0,0
2020-05-12,TFCO,Tifico Fiber Indonesia Tbk.,--U4---2,242,0,302,226,302,60,13000,3166000,2,68.4,302,5000,300,100,4823076400,4823076400,4823076400,0,0,0,0,0
2020-05-11,TFCO,Tifico Fiber Indonesia Tbk.,--U4---2,242,0,0,0,242,0,0,0,0,54.8,0,0,230,6600,4823076400,4823076400,4823076400,0,0,0,0,0
2020-05-08,TFCO,Tifico Fiber Indonesia Tbk.,--U4---2,242,0,0,0,242,0,0,0,0,54.8,0,0,244,6600,4823076400,4823076400,4823076400,0,0,0,0,0
2020-05-06,TFCO,Tifico Fiber Indonesia Tbk.,--U4---2,242,0,0,0,242,0,0,0,0,54.8,0,0,250,11100,4823076400,4823076400,4823076400,0,0,0,0,0
2020-05-05,TFCO,Tifico Fiber Indonesia Tbk.,--U4---2,242,0,0,0,242,0,0,0,0,54.8,0,0,242,11000,4823076400,4823076400,4823076400,0,0,0,0,0
2020-05-04,TFCO,Tifico Fiber Indonesia Tbk.,--U4---2,242,0,0,0,242,0,0,0,0,54.8,0,0,244,10000,4823076400,4823076400,4823076400,0,0,0,0,0
2020-04-30,TFCO,Tifico Fiber Indonesia Tbk.,--U4---2,240,0,242,242,242,2,100,24200,1,54.8,0,0,242,10900,4823076400,4823076400,4823076400,0,0,0,0,0
2020-04-29,TFCO,Tifico Fiber Indonesia Tbk.,--U4---2,240,0,0,0,240,0,0,0,0,54.4,0,0,240,10000,4823076400,4823076400,4823076400,0,0,0,0,0
2020-04-28,TFCO,Tifico Fiber Indonesia Tbk.,--U4---2,240,0,0,0,240,0,0,0,0,54.4,0,0,240,10000,4823076400,4823076400,4823076400,0,0,0,0,0
2020-04-27,TFCO,Tifico Fiber Indonesia Tbk.,--U4---2,240,0,0,0,240,0,0,0,0,54.4,0,0,230,6600,4823076400,4823076400,4823076400,0,0,0,0,0
2020-04-24,TFCO,Tifico Fiber Indonesia Tbk.,--U4---2,240,0,0,0,240,0,0,0,0,54.4,0,0,226,1300,4823076400,4823076400,4823076400,0,0,0,0,0
2020-04-23,TFCO,Tifico Fiber Indonesia Tbk.,--U4---2,240,0,0,0,240,0,0,0,0,54.4,226,100,224,10000,4823076400,4823076400,4823076400,0,0,0,0,0
2020-04-22,TFCO,Tifico Fiber Indonesia Tbk.,--U4---2,240,0,0,0,240,0,0,0,0,54.4,0,0,242,6600,4823076400,4823076400,4823076400,0,0,0,0,0
2020-04-21,TFCO,Tifico Fiber Indonesia Tbk.,--U4---2,240,0,0,0,240,0,0,0,0,54.4,0,0,240,6600,4823076400,4823076400,4823076400,0,0,0,0,0
2020-04-20,TFCO,Tifico Fiber Indonesia Tbk.,--U4---2,240,0,0,0,240,0,0,0,0,54.4,0,0,224,10000,4823076400,4823076400,4823076400,0,0,0,0,0
2020-04-17,TFCO,Tifico Fiber Indonesia Tbk.,--U4---2,240,0,0,0,240,0,0,0,0,54.4,0,0,300,10000,4823076400,4823076400,4823076400,0,0,0,0,0
2020-04-16,TFCO,Tifico Fiber Indonesia Tbk.,--U4---2,240,0,0,0,240,0,0,0,0,54.4,300,10000,240,6600,4823076400,4823076400,4823076400,0,0,0,0,0
2020-04-15,TFCO,Tifico Fiber Indonesia Tbk.,--U4---2,234,0,240,234,240,6,400,94800,3,54.4,0,0,240,6400,4823076400,4823076400,4823076400,0,0,0,0,0
2020-04-14,TFCO,Tifico Fiber Indonesia Tbk.,--U4---2,232,0,234,232,234,2,200,46600,2,53.0,288,100,234,6500,4823076400,4823076400,4823076400,0,0,0,0,0
2020-04-13,TFCO,Tifico Fiber Indonesia Tbk.,--U4---2,220,0,232,232,232,12,100,23200,1,52.6,232,200,222,6600,4823076400,4823076400,4823076400,0,0,0,0,0
2020-04-09,TFCO,Tifico Fiber Indonesia Tbk.,--U4---2,220,0,0,0,220,0,0,0,0,49.9,258,100,220,3300,4823076400,4823076400,4823076400,0,0,0,0,0
2020-04-08,TFCO,Tifico Fiber Indonesia Tbk.,--U4---2,220,0,0,0,220,0,0,0,0,49.9,250,100,222,6600,4823076400,4823076400,4823076400,0,0,0,0,0
2020-04-07,TFCO,Tifico Fiber Indonesia Tbk.,--U4---2,220,0,0,0,220,0,0,0,0,49.9,232,100,222,6600,4823076400,4823076400,4823076400,0,0,0,0,0
2020-04-06,TFCO,Tifico Fiber Indonesia Tbk.,--U4---2,232,0,220,220,220,-12,100,22000,1,49.9,272,100,224,6600,4823076400,4823076400,4823076400,0,0,0,0,0
2020-04-03,TFCO,Tifico Fiber Indonesia Tbk.,--U4---2,210,0,232,232,232,22,200,46400,1,52.6,262,200,232,7400,4823076400,4823076400,4823076400,0,0,0,0,0
2020-04-02,TFCO,Tifico Fiber Indonesia Tbk.,--U4---2,210,0,0,0,210,0,0,0,0,47.6,238,200,212,6600,4823076400,4823076400,4823076400,0,0,0,0,0
2020-04-01,TFCO,Tifico Fiber Indonesia Tbk.,--U4---2,222,0,210,210,210,-12,100,21000,1,47.6,250,200,210,16200,4823076400,4823076400,4823076400,0,0,0,0,0
2020-03-31,TFCO,Tifico Fiber Indonesia Tbk.,--U4---2,236,0,222,222,222,-14,100,22200,1,50.3,248,100,226,5000,4823076400,4823076400,4823076400,0,0,0,0,0
2020-03-30,TFCO,Tifico Fiber Indonesia Tbk.,--U4---2,250,0,236,236,236,-14,100,23600,1,53.5,250,100,236,6600,4823076400,4823076400,4823076400,0,0,0,0,0
2020-03-27,TFCO,Tifico Fiber Indonesia Tbk.,--U4---2,250,0,250,236,250,0,200,48600,2,56.7,298,100,240,6600,4823076400,4823076400,4823076400,0,0,0,0,0
2020-03-26,TFCO,Tifico Fiber Indonesia Tbk.,--U4---2,266,0,250,250,250,-16,100,25000,1,56.7,298,100,252,13000,4823076400,4823076400,4823076400,0,0,0,0,0
2020-03-24,TFCO,Tifico Fiber Indonesia Tbk.,--U4---2,284,0,266,266,266,-18,100,26600,1,60.3,0,0,270,6100,4823076400,4823076400,4823076400,0,0,0,0,0
2020-03-23,TFCO,Tifico Fiber Indonesia Tbk.,--U4---2,282,0,284,284,284,2,500,142000,1,64.4,0,0,284,10500,4823076400,4823076400,4823076400,0,0,0,0,0
2020-03-20,TFCO,Tifico Fiber Indonesia Tbk.,--U4---2,302,0,282,282,282,-20,100,28200,1,63.9,0,0,284,5500,4823076400,4823076400,4823076400,0,0,0,0,0
2020-03-19,TFCO,Tifico Fiber Indonesia Tbk.,--U4---2,302,0,0,0,302,0,0,0,0,68.4,0,0,304,5500,4823076400,4823076400,4823076400,0,0,0,0,0
2020-03-18,TFCO,Tifico Fiber Indonesia Tbk.,--U4---2,302,0,302,284,302,0,1300,390800,3,68.4,0,0,302,6600,4823076400,4823076400,4823076400,0,0,0,0,0
2020-03-17,TFCO,Tifico Fiber Indonesia Tbk.,--U4---2,322,0,302,302,302,-20,100,30200,1,68.4,0,0,302,10800,4823076400,4823076400,4823076400,0,0,0,0,0
2020-03-16,TFCO,Tifico Fiber Indonesia Tbk.,--U4---2,322,0,0,0,322,0,0,0,0,73.0,0,0,324,3300,4823076400,4823076400,4823076400,0,0,0,0,0
2020-03-13,TFCO,Tifico Fiber Indonesia Tbk.,--U4---2,322,0,0,0,322,0,0,0,0,73.0,0,0,324,5500,4823076400,4823076400,4823076400,0,0,0,0,0
2020-03-12,TFCO,Tifico Fiber Indonesia Tbk.,--U4---2,322,0,322,322,322,0,500,161000,1,73.0,0,0,324,5500,4823076400,4823076400,4823076400,0,0,0,0,0
2020-03-11,TFCO,Tifico Fiber Indonesia Tbk.,--U4---2,340,0,324,320,322,-18,1300,418600,4,73.0,364,100,320,900,4823076400,4823076400,4823076400,0,0,0,0,0
2020-03-10,TFCO,Tifico Fiber Indonesia Tbk.,--U4---2,340,0,340,320,340,0,600,202000,3,77.0,0,0,340,10600,4823076400,4823076400,4823076400,0,0,0,0,0
2020-03-09,TFCO,Tifico Fiber Indonesia Tbk.,--U4---2,340,0,0,0,340,0,0,0,0,77.0,0,0,320,2900,4823076400,4823076400,4823076400,0,0,0,0,0
2020-03-06,TFCO,Tifico Fiber Indonesia Tbk.,--U4---2,340,0,0,0,340,0,0,0,0,77.0,0,0,320,1000,4823076400,4823076400,4823076400,0,0,0,0,0
2020-03-05,TFCO,Tifico Fiber Indonesia Tbk.,--U4---2,330,0,340,340,340,10,200,68000,1,77.0,0,0,340,2400,4823076400,4823076400,4823076400,0,0,0,0,0
2020-03-04,TFCO,Tifico Fiber Indonesia Tbk.,--U4---2,330,0,0,0,330,0,0,0,0,74.8,390,200,340,200,4823076400,4823076400,4823076400,0,0,0,0,0
2020-03-03,TFCO,Tifico Fiber Indonesia Tbk.,--U4---2,330,0,0,0,330,0,0,0,0,74.8,390,200,342,1000,4823076400,4823076400,4823076400,0,0,0,0,0
2020-03-02,TFCO,Tifico Fiber Indonesia Tbk.,--U4---2,362,0,330,330,330,-32,100,33000,1,74.8,0,0,332,5600,4823076400,4823076400,4823076400,0,0,0,0,0
2020-02-28,TFCO,Tifico Fiber Indonesia Tbk.,--U4---2,362,0,0,0,362,0,0,0,0,82.0,0,0,362,1600,4823076400,4823076400,4823076400,0,0,0,0,0
2020-02-27,TFCO,Tifico Fiber Indonesia Tbk.,--U4---2,362,0,0,0,362,0,0,0,0,82.0,400,200,362,1600,4823076400,4823076400,4823076400,0,0,0,0,0
2020-02-26,TFCO,Tifico Fiber Indonesia Tbk.,--U4---2,362,0,0,0,362,0,0,0,0,82.0,0,0,364,3300,4823076400,4823076400,4823076400,0,0,0,0,0
2020-02-25,TFCO,Tifico Fiber Indonesia Tbk.,--U4---2,360,0,362,362,362,2,100,36200,1,82.0,450,200,362,1600,4823076400,4823076400,4823076400,0,0,0,0,0
2020-02-24,TFCO,Tifico Fiber Indonesia Tbk.,--U4---2,360,0,0,0,360,0,0,0,0,81.6,420,500,362,2200,4823076400,4823076400,4823076400,0,0,0,0,0
2020-02-21,TFCO,Tifico Fiber Indonesia Tbk.,--U4---2,346,0,360,360,360,14,100,36000,1,81.6,428,100,364,5500,4823076400,4823076400,4823076400,0,0,0,0,0
2020-02-20,TFCO,Tifico Fiber Indonesia Tbk.,--U4---2,344,0,346,258,346,2,700,212800,6,78.4,400,100,346,3100,4823076400,4823076400,4823076400,0,0,0,0,0
2020-02-19,TFCO,Tifico Fiber Indonesia Tbk.,--U4---2,344,0,0,0,344,0,0,0,0,78.0,430,100,346,2300,4823076400,4823076400,4823076400,0,0,0,0,0
2020-02-18,TFCO,Tifico Fiber Indonesia Tbk.,--U4---2,344,0,0,0,344,0,0,0,0,78.0,398,100,344,3500,4823076400,4823076400,4823076400,0,0,0,0,0
2020-02-17,TFCO,Tifico Fiber Indonesia Tbk.,--U4---2,344,0,0,0,344,0,0,0,0,78.0,428,100,344,5500,4823076400,4823076400,4823076400,0,0,0,0,0
2020-02-14,TFCO,Tifico Fiber Indonesia Tbk.,--U4---2,344,0,0,0,344,0,0,0,0,78.0,430,400,346,2200,4823076400,4823076400,4823076400,0,0,0,0,0
2020-02-13,TFCO,Tifico Fiber Indonesia Tbk.,--U4---2,344,0,0,0,344,0,0,0,0,78.0,430,400,352,11000,4823076400,4823076400,4823076400,0,0,0,0,0
2020-02-12,TFCO,Tifico Fiber Indonesia Tbk.,--U4---2,344,0,0,0,344,0,0,0,0,78.0,430,200,350,10900,4823076400,4823076400,4823076400,0,0,0,0,0
2020-02-11,TFCO,Tifico Fiber Indonesia Tbk.,--U4---2,352,0,344,344,344,-8,100,34400,1,78.0,440,100,344,16600,4823076400,4823076400,4823076400,0,0,0,0,0
2020-02-10,TFCO,Tifico Fiber Indonesia Tbk.,--U4---2,352,0,0,0,352,0,0,0,0,79.8,400,100,356,6700,4823076400,4823076400,4823076400,0,0,0,0,0
2020-02-07,TFCO,Tifico Fiber Indonesia Tbk.,--U4---2,350,0,352,352,352,2,100,35200,1,79.8,0,0,354,17900,4823076400,4823076400,4823076400,0,0,0,0,0
2020-02-06,TFCO,Tifico Fiber Indonesia Tbk.,--U4---2,350,0,350,350,350,0,100,35000,1,79.3,0,0,370,10000,4823076400,4823076400,4823076400,0,0,0,0,0
2020-02-05,TFCO,Tifico Fiber Indonesia Tbk.,--U4---2,400,0,350,350,350,-50,100,35000,1,79.3,450,700,376,100,4823076400,4823076400,4823076400,0,0,0,0,0
2020-02-04,TFCO,Tifico Fiber Indonesia Tbk.,--U4---2,388,0,400,400,400,12,700,280000,1,90.6,450,500,400,3600,4823076400,4823076400,4823076400,0,0,0,0,0
2020-02-03,TFCO,Tifico Fiber Indonesia Tbk.,--U4---2,430,0,388,388,388,-42,100,38800,1,87.9,500,20000,432,2200,4823076400,4823076400,4823076400,0,0,0,0,0
2020-01-31,TFCO,Tifico Fiber Indonesia Tbk.,--U4---2,430,0,430,430,430,0,100,43000,1,97.4,450,700,430,1000,4823076400,4823076400,4823076400,0,0,0,0,0
2020-01-30,TFCO,Tifico Fiber Indonesia Tbk.,--U4---2,428,0,430,428,430,2,300,128800,3,97.4,480,100,430,3100,4823076400,4823076400,4823076400,0,0,0,0,0
2020-01-29,TFCO,Tifico Fiber Indonesia Tbk.,--U4---2,428,0,0,0,428,0,0,0,0,97.0,496,200,428,1000,4823076400,4823076400,4823076400,0,0,0,0,0
2020-01-28,TFCO,Tifico Fiber Indonesia Tbk.,--U4---2,424,0,428,424,428,4,1500,637200,6,97.0,496,200,428,3200,4823076400,4823076400,4823076400,0,0,0,0,0
2020-01-27,TFCO,Tifico Fiber Indonesia Tbk.,--U4---2,525,0,575,404,424,-101,2300,1069800,8,96.1,496,100,432,2200,4823076400,4823076400,4823076400,0,0,0,0,0
2020-01-24,TFCO,Tifico Fiber Indonesia Tbk.,--U4---2,700,0,700,525,525,-175,7500,4017000,20,119.0,525,1000,0,0,4823076400,4823076400,4823076400,0,0,0,0,0
2020-01-23,TFCO,Tifico Fiber Indonesia Tbk.,--U4---2,700,0,700,700,700,0,100,70000,1,158.6,680,6000,0,0,4823076400,4823076400,4823076400,0,0,0,0,0
2020-01-22,TFCO,Tifico Fiber Indonesia Tbk.,--U4---2,650,0,700,700,700,50,100,70000,1,158.6,640,5600,505,700,4823076400,4823076400,4823076400,0,0,0,0,0
2020-01-21,TFCO,Tifico Fiber Indonesia Tbk.,--U4---2,600,0,650,650,650,50,100,65000,1,147.3,640,10400,635,100,4823076400,4823076400,4823076400,0,0,0,0,0
2020-01-20,TFCO,Tifico Fiber Indonesia Tbk.,--U4---2,560,0,600,600,600,40,100,60000,1,136.0,580,5400,458,100,4823076400,4823076400,4823076400,0,0,0,0,0
2020-01-17,TFCO,Tifico Fiber Indonesia Tbk.,--U4---2,575,0,560,560,560,-15,200,112000,1,126.9,560,5400,450,100,4823076400,4823076400,4823076400,0,0,0,0,0
2020-01-16,TFCO,Tifico Fiber Indonesia Tbk.,--U4---2,575,0,600,480,575,0,5800,2984000,8,130.3,575,6100,570,100,4823076400,4823076400,4823076400,0,0,0,0,0
2020-01-15,TFCO,Tifico Fiber Indonesia Tbk.,--U4---2,490,0,585,480,575,85,10800,5529500,8,130.3,575,7400,490,3900,4823076400,4823076400,4823076400,0,0,0,0,0
2020-01-14,TFCO,Tifico Fiber Indonesia Tbk.,--U4---2,590,0,490,462,490,-100,800,379600,4,111.0,575,500,490,8200,4823076400,4823076400,4823076400,0,0,0,0,0
2020-01-13,TFCO,Tifico Fiber Indonesia Tbk.,--U4---2,610,0,660,468,590,-20,7600,4378000,15,133.7,590,1500,550,100,4823076400,4823076400,4823076400,0,0,0,0,0
2020-01-10,TFCO,Tifico Fiber Indonesia Tbk.,--U4---2,660,0,610,496,610,-50,1800,952600,8,138.2,610,3600,530,600,4823076400,4823076400,4823076400,0,0,0,0,0
2020-01-09,TFCO,Tifico Fiber Indonesia Tbk.,--U4---2,600,0,745,605,660,60,3900,2800000,8,149.6,640,600,470,2200,4823076400,4823076400,4823076400,0,0,0,0,0
2020-01-08,TFCO,Tifico Fiber Indonesia Tbk.,--U4---2,500,0,620,520,600,100,6800,4044000,13,136.0,600,7500,595,100,4823076400,4823076400,4823076400,0,0,0,0,0
2020-01-07,TFCO,Tifico Fiber Indonesia Tbk.,--U4---2,400,0,500,302,500,100,12000,3916800,12,113.3,500,5100,498,200,4823076400,4823076400,4823076400,0,0,0,0,0
2020-01-06,TFCO,Tifico Fiber Indonesia Tbk.,--U4---2,400,0,0,0,400,0,0,0,0,90.6,500,100,430,100,4823076400,4823076400,4823076400,0,0,0,0,0
2020-01-03,TFCO,Tifico Fiber Indonesia Tbk.,--U4---2,400,0,0,0,400,0,0,0,0,90.6,498,100,430,5500,4823076400,4823076400,4823076400,0,0,0,0,0
2020-01-02,TFCO,Tifico Fiber Indonesia Tbk.,--U4---2,474,0,400,384,400,-74,300,118400,2,90.6,0,0,404,100,4823076400,4823076400,4823076400,0,0,0,0,0
